qmc6308,qst,2026-05-28_21-22-17.484_Active 10 Pro
imuTimestamp,accuracy(more=better),mfield_x[uT],mfield_y[uT],mfield_z[uT]
883069199,0,12.31875,24.6375,-38.7
883069219,0,13.89375,25.125002,-38.5875
883069239,0,15.31875,25.425001,-38.9625
883069259,0,13.931251,25.125002,-37.331253
883069279,0,17.75625,25.518751,-36.318752
883069318,0,17.400002,25.312502,-36.675003
883069338,0,18.5625,26.1,-36.581253
883069358,0,15.39375,25.5375,-36.581253
883069378,0,15.750001,25.218752,-36.375
883069398,0,15.95625,25.218752,-36.393753
883069418,0,16.331251,25.425001,-36.28125
883069438,0,19.0125,25.9125,-36.28125
883069458,0,19.837502,26.41875,-36.375
883069478,0,20.493752,26.025002,-36.300003
883069498,0,19.21875,25.556252,-36.46875
883069518,0,19.050001,25.556252,-36.506252
883069538,0,18.91875,25.5375,-36.487503
883069558,0,18.91875,25.593752,-36.45
883069578,0,18.84375,25.612501,-36.43125
883069598,0,18.712502,25.593752,-36.375
883069618,0,18.375,25.556252,-36.3375
883069638,0,17.962502,25.518751,-36.28125
883069658,0,17.643751,25.48125,-36.225002
883069678,0,17.325,25.462502,-36.206253
883069698,0,16.987501,25.425001,-36.16875
883069718,0,16.725,25.3875,-36.1875
883069738,0,16.368752,25.35,-36.131252
883069758,0,15.918751,25.29375,-36.05625
883069778,0,15.431251,25.237501,-35.98125
883069798,0,15.0375,25.2,-35.925003
883069818,0,14.775001,25.143751,-35.831253
883069838,0,14.418751,25.087502,-35.775
883069858,0,13.968751,24.993752,-35.775
883069878,0,13.63125,24.91875,-35.756252
883069898,0,13.25625,24.900002,-35.737503
883069918,0,13.14375,24.88125,-35.71875
883069938,0,13.14375,24.900002,-35.737503
883069958,0,13.05,24.900002,-35.737503
883069978,0,12.937501,24.88125,-35.71875
883069998,0,12.843751,24.862501,-35.7
883070018,0,12.675,24.843752,-35.662502
883070038,0,12.58125,24.843752,-35.68125
883070058,0,12.6,24.843752,-35.71875
883070078,0,12.58125,24.843752,-35.79375
883070098,0,12.4875,24.862501,-35.8125
883070118,0,12.4875,24.88125,-35.86875
883070138,0,12.618751,24.900002,-35.98125
883070158,0,12.58125,24.900002,-36.075
883070178,0,12.525001,24.91875,-36.225002
883070198,0,12.525001,24.900002,-36.375
883070218,0,12.450001,24.900002,-36.525
883070238,0,12.356251,24.900002,-36.65625
883070258,0,12.3,24.862501,-36.787502
883070278,0,12.225,24.862501,-36.9375
883070298,0,12.093751,24.843752,-37.050003
883070318,0,11.83125,24.825,-37.125
883070338,0,11.681251,24.806252,-37.237503
883070358,0,11.606251,24.768751,-37.331253
883070378,0,11.475,24.768751,-37.425003
883070398,0,11.34375,24.750002,-37.537502
883070418,0,11.231251,24.750002,-37.612503
883070438,0,11.043751,24.750002,-37.66875
883070458,0,10.931251,24.73125,-37.6875
883070478,0,10.743751,24.73125,-37.631252
883070498,0,10.51875,24.712502,-37.55625
883070518,0,10.33125,24.675001,-37.4625
883070538,0,10.14375,24.675001,-37.425003
883070558,0,9.9375,24.675001,-37.3875
883070578,0,9.84375,24.675001,-37.350002
883070598,0,9.731251,24.675001,-37.331253
883070618,0,9.75,24.675001,-37.3875
883070638,0,9.731251,24.69375,-37.40625
883070658,0,9.6,24.73125,-37.443752
883070678,0,9.543751,24.73125,-37.443752
883070698,0,9.525001,24.712502,-37.443752
883070718,0,9.450001,24.712502,-37.443752
883070738,0,9.39375,24.712502,-37.40625
883070758,0,9.356251,24.712502,-37.36875
883070778,0,9.356251,24.712502,-37.3125
883070798,0,9.525001,24.73125,-37.256252
883070818,0,9.618751,24.768751,-37.256252
883070838,0,9.69375,24.768751,-37.162502
883070858,0,9.7875,24.7875,-37.0875
883070878,0,9.918751,24.806252,-37.068752
883070898,0,10.181251,24.843752,-37.050003
883070918,0,10.3125,24.88125,-36.956253
883070938,0,10.387501,24.88125,-36.862503
883070958,0,10.5375,24.88125,-36.787502
883070978,0,10.6125,24.91875,-36.693752
883070998,0,10.63125,24.900002,-36.581253
883071018,0,10.63125,24.900002,-36.43125
883071038,0,10.63125,24.91875,-36.35625
883071058,0,10.650001,24.91875,-36.2625
883071078,0,10.725,24.937502,-36.2625
883071098,0,10.762501,24.937502,-36.300003
883071118,0,10.837501,24.937502,-36.28125
883071138,0,10.875,24.956251,-36.300003
883071158,0,10.89375,24.937502,-36.318752
883071178,0,10.89375,24.937502,-36.2625
883071198,0,10.837501,24.91875,-36.1875
883071218,0,10.8,24.88125,-36.131252
883071238,0,10.725,24.88125,-36.05625
883071258,0,10.63125,24.862501,-36.018753
883071278,0,10.63125,24.843752,-35.98125
883071298,0,10.6875,24.843752,-35.98125
883071318,0,10.837501,24.843752,-36.0
883071338,0,10.96875,24.825,-35.943752
883071358,0,10.950001,24.806252,-35.90625
883071378,0,10.96875,24.806252,-35.850002
883071398,0,11.025001,24.825,-35.8125
883071418,0,11.08125,24.825,-35.756252
883071438,0,11.212501,24.806252,-35.7
883071458,0,11.26875,24.806252,-35.662502
883071478,0,11.325001,24.806252,-35.625
883071498,0,11.418751,24.806252,-35.60625
883071518,0,11.53125,24.825,-35.568752
883071538,0,11.7375,24.806252,-35.550003
883071558,0,11.90625,24.825,-35.5125
883071578,0,11.962501,24.825,-35.456253
883071598,0,12.056251,24.843752,-35.41875
883071618,0,12.0375,24.88125,-35.49375
883071638,0,12.1125,24.900002,-35.550003
883071658,0,12.3,24.900002,-35.625
883071678,0,12.431251,24.900002,-35.737503
883071698,0,12.4875,24.900002,-35.8125
883071718,0,12.543751,24.91875,-35.943752
883071738,0,12.50625,24.91875,-36.018753
883071758,0,12.6,24.91875,-36.15
883071778,0,12.562501,24.91875,-36.300003
883071798,0,12.4875,24.88125,-36.412502
883071818,0,12.39375,24.862501,-36.525
883071838,0,12.337501,24.88125,-36.675003
883071858,0,12.4125,24.862501,-36.80625
883071878,0,12.431251,24.88125,-36.956253
883071898,0,12.337501,24.843752,-37.068752
883071918,0,12.337501,24.806252,-37.0875
883071938,0,12.281251,24.825,-37.143753
883071958,0,12.281251,24.806252,-37.21875
883071978,0,12.337501,24.806252,-37.256252
883071998,0,12.375001,24.806252,-37.237503
883072018,0,12.375001,24.768751,-37.21875
883072038,0,12.468751,24.7875,-37.256252
883072058,0,12.450001,24.7875,-37.21875
883072078,0,12.562501,24.7875,-37.2
883072098,0,12.6,24.806252,-37.21875
883072118,0,12.750001,24.825,-37.256252
883072138,0,12.843751,24.825,-37.275
883072158,0,12.8625,24.843752,-37.21875
883072178,0,12.918751,24.825,-37.18125
883072198,0,12.993751,24.825,-37.18125
883072218,0,12.993751,24.825,-37.21875
883072238,0,13.106251,24.825,-37.21875
883072258,0,13.012501,24.806252,-37.143753
883072278,0,12.95625,24.806252,-37.0125
883072298,0,12.918751,24.7875,-36.91875
883072318,0,12.8625,24.7875,-36.84375
883072338,0,12.843751,24.768751,-36.7125
883072358,0,12.8625,24.7875,-36.6375
883072378,0,12.825001,24.768751,-36.525
883072398,0,12.8625,24.768751,-36.412502
883072418,0,12.7875,24.768751,-36.28125
883072438,0,12.76875,24.768751,-36.1875
883072458,0,12.731251,24.7875,-36.112503
883072478,0,12.825001,24.7875,-36.09375
883072498,0,12.975,24.825,-36.018753
883072518,0,13.106251,24.843752,-35.98125
883072538,0,13.106251,24.843752,-35.90625
883072558,0,13.25625,24.88125,-35.943752
883072578,0,13.218751,24.88125,-35.9625
883072598,0,13.200001,24.88125,-35.98125
883072618,0,13.14375,24.88125,-35.9625
883072638,0,13.012501,24.88125,-35.9625
883072658,0,12.918751,24.88125,-35.943752
883072678,0,12.806251,24.88125,-35.943752
883072698,0,12.750001,24.88125,-35.943752
883072718,0,12.69375,24.900002,-35.925003
883072738,0,12.543751,24.88125,-35.90625
883072758,0,12.4875,24.843752,-35.90625
883072778,0,12.262501,24.843752,-35.831253
883072798,0,12.056251,24.825,-35.79375
883072818,0,11.962501,24.7875,-35.737503
883072838,0,11.775001,24.7875,-35.662502
883072858,0,11.493751,24.750002,-35.550003
883072878,0,11.3625,24.750002,-35.5125
883072898,0,11.231251,24.750002,-35.49375
883072918,0,11.306251,24.768751,-35.5125
883072938,0,11.475,24.806252,-35.5125
883072958,0,11.8125,24.88125,-35.568752
883072978,0,12.20625,24.937502,-35.568752
883072998,0,12.4125,25.0125,-35.5875
883073018,0,12.543751,25.031252,-35.60625
883073038,0,12.58125,25.050001,-35.60625
883073058,0,12.468751,25.06875,-35.5875
883073078,0,12.4875,25.06875,-35.5875
883073098,0,12.525001,25.087502,-35.60625
883073118,0,12.525001,25.087502,-35.643753
883073138,0,12.69375,25.10625,-35.662502
883073158,0,12.918751,25.1625,-35.737503
883073178,0,13.012501,25.1625,-35.86875
883073198,0,13.087501,25.181252,-35.9625
883073218,0,13.012501,25.181252,-36.075
883073238,0,12.900001,25.125002,-36.24375
883073258,0,12.450001,25.06875,-36.300003
883073278,0,11.887501,24.975,-36.35625
883073298,0,11.55,24.91875,-36.43125
883073318,0,11.3625,24.900002,-36.487503
883073338,0,11.325001,24.862501,-36.54375
883073358,0,11.25,24.88125,-36.65625
883073378,0,11.15625,24.843752,-36.768753
883073398,0,11.025001,24.843752,-36.84375
883073418,0,10.931251,24.862501,-36.956253
883073438,0,10.8,24.843752,-37.0875
883073458,0,10.762501,24.825,-37.18125
883073478,0,10.70625,24.806252,-37.21875
883073498,0,10.650001,24.768751,-37.21875
883073518,0,10.63125,24.768751,-37.21875
883073538,0,10.59375,24.768751,-37.18125
883073558,0,10.6875,24.768751,-37.2
883073578,0,10.837501,24.750002,-37.237503
883073598,0,10.950001,24.768751,-37.29375
883073618,0,11.00625,24.7875,-37.36875
883073638,0,11.0625,24.7875,-37.443752
883073658,0,11.118751,24.768751,-37.443752
883073678,0,11.175,24.768751,-37.4625
883073698,0,11.175,24.7875,-37.537502
883073718,0,11.15625,24.768751,-37.5
883073738,0,11.1,24.768751,-37.48125
883073758,0,11.043751,24.768751,-37.443752
883073778,0,11.08125,24.768751,-37.331253
883073798,0,11.118751,24.7875,-37.237503
883073818,0,11.1,24.7875,-37.125
883073838,0,11.137501,24.7875,-37.050003
883073858,0,11.118751,24.768751,-36.956253
883073878,0,11.137501,24.7875,-36.84375
883073898,0,11.0625,24.7875,-36.7125
883073918,0,10.96875,24.768751,-36.5625
883073938,0,10.875,24.768751,-36.375
883073958,0,10.950001,24.7875,-36.300003
883073978,0,11.1,24.806252,-36.1875
883073998,0,11.19375,24.825,-36.075
883074018,0,11.231251,24.825,-35.98125
883074038,0,11.2875,24.806252,-35.8875
883074058,0,11.231251,24.825,-35.79375
883074078,0,11.231251,24.825,-35.8125
883074098,0,11.2875,24.825,-35.831253
883074118,0,11.306251,24.825,-35.831253
883074138,0,11.2875,24.825,-35.831253
883074158,0,11.3625,24.843752,-35.86875
883074178,0,11.34375,24.843752,-35.86875
883074198,0,11.4375,24.843752,-35.90625
883074218,0,11.55,24.825,-35.9625
883074238,0,11.64375,24.843752,-36.018753
883074258,0,11.625,24.825,-36.037502
883074278,0,11.606251,24.7875,-36.075
883074298,0,11.6625,24.768751,-36.131252
883074318,0,11.71875,24.768751,-36.15
883074338,0,11.75625,24.768751,-36.15
883074358,0,11.85,24.768751,-36.206253
883074378,0,11.868751,24.768751,-36.206253
883074398,0,11.868751,24.768751,-36.206253
883074418,0,11.962501,24.750002,-36.225002
883074438,0,12.0,24.768751,-36.24375
883074458,0,11.981251,24.768751,-36.206253
883074478,0,12.0,24.768751,-36.225002
883074498,0,12.01875,24.768751,-36.24375
883074518,0,12.0375,24.768751,-36.2625
883074538,0,12.093751,24.768751,-36.28125
883074558,0,12.150001,24.7875,-36.28125
883074578,0,12.1125,24.7875,-36.28125
883074598,0,12.13125,24.7875,-36.28125
883074618,0,12.20625,24.7875,-36.300003
883074638,0,12.225,24.825,-36.318752
883074658,0,12.262501,24.825,-36.412502
883074678,0,12.31875,24.825,-36.487503
883074698,0,12.31875,24.825,-36.61875
883074718,0,12.3,24.843752,-36.7125
883074738,0,12.3,24.825,-36.825
883074758,0,12.337501,24.825,-36.975002
883074778,0,12.31875,24.806252,-37.0875
883074798,0,12.3,24.7875,-37.162502
883074818,0,12.262501,24.806252,-37.21875
883074838,0,12.225,24.806252,-37.3125
883074858,0,12.187501,24.806252,-37.40625
883074878,0,12.20625,24.7875,-37.518753
883074898,0,12.13125,24.7875,-37.59375
883074918,0,12.13125,24.806252,-37.66875
883074938,0,12.150001,24.806252,-37.74375
883074958,0,12.13125,24.806252,-37.78125
883074978,0,12.13125,24.806252,-37.818752
883074998,0,12.13125,24.825,-37.800003
883075018,0,12.1125,24.806252,-37.800003
883075038,0,12.150001,24.806252,-37.78125
883075058,0,12.150001,24.806252,-37.7625
883075078,0,12.168751,24.825,-37.74375
883075098,0,12.150001,24.806252,-37.74375
883075118,0,12.168751,24.806252,-37.7625
883075138,0,12.187501,24.7875,-37.7625
883075158,0,12.20625,24.806252,-37.74375
883075178,0,12.20625,24.825,-37.74375
883075198,0,12.20625,24.806252,-37.74375
883075218,0,12.168751,24.806252,-37.74375
883075238,0,12.225,24.806252,-37.78125
883075258,0,12.225,24.806252,-37.725002
883075278,0,12.093751,24.7875,-37.706253
883075298,0,11.94375,24.768751,-37.66875
883075318,0,11.90625,24.768751,-37.631252
883075338,0,11.793751,24.750002,-37.631252
883075358,0,11.681251,24.750002,-37.59375
883075378,0,11.6625,24.750002,-37.575
883075398,0,11.625,24.768751,-37.55625
883075418,0,11.587501,24.750002,-37.537502
883075438,0,11.493751,24.750002,-37.5
883075458,0,11.400001,24.712502,-37.48125
883075478,0,11.325001,24.675001,-37.443752
883075498,0,11.26875,24.675001,-37.443752
883075518,0,11.19375,24.656252,-37.40625
883075538,0,11.043751,24.656252,-37.331253
883075558,0,10.9875,24.6375,-37.350002
883075578,0,11.043751,24.6375,-37.331253
883075598,0,11.118751,24.6375,-37.350002
883075618,0,11.15625,24.6375,-37.36875
883075638,0,11.231251,24.656252,-37.40625
883075658,0,11.175,24.656252,-37.40625
883075678,0,11.118751,24.656252,-37.36875
883075698,0,11.15625,24.656252,-37.350002
883075718,0,11.0625,24.656252,-37.350002
883075738,0,11.08125,24.656252,-37.3875
883075758,0,11.08125,24.656252,-37.3875
883075778,0,11.043751,24.69375,-37.425003
883075798,0,11.025001,24.69375,-37.425003
883075818,0,10.9875,24.69375,-37.443752
883075838,0,10.950001,24.69375,-37.48125
883075858,0,10.931251,24.69375,-37.5
883075878,0,10.89375,24.712502,-37.55625
883075898,0,10.875,24.712502,-37.59375
883075918,0,10.8,24.712502,-37.612503
883075938,0,10.8,24.73125,-37.631252
883075958,0,10.931251,24.73125,-37.6875
883075978,0,10.9875,24.768751,-37.800003
883075998,0,10.9875,24.806252,-37.85625
883076018,0,11.0625,24.825,-37.912502
883076038,0,11.08125,24.843752,-37.987503
883076058,0,11.0625,24.843752,-38.04375
883076078,0,11.08125,24.843752,-38.081253
883076098,0,11.00625,24.862501,-38.1375
883076118,0,11.00625,24.88125,-38.193752
883076138,0,11.00625,24.88125,-38.25
883076158,0,10.931251,24.900002,-38.30625
883076178,0,10.856251,24.900002,-38.30625
883076198,0,10.8,24.900002,-38.30625
883076218,0,10.743751,24.900002,-38.325
883076238,0,10.556251,24.900002,-38.325
883076258,0,10.40625,24.88125,-38.34375
883076278,0,10.275001,24.862501,-38.34375
883076298,0,10.14375,24.862501,-38.325
883076318,0,10.05,24.843752,-38.30625
883076338,0,9.993751,24.843752,-38.325
883076358,0,9.918751,24.862501,-38.287502
883076378,0,9.84375,24.843752,-38.30625
883076398,0,9.806251,24.862501,-38.30625
883076418,0,9.637501,24.862501,-38.268753
883076438,0,9.431251,24.862501,-38.23125
883076458,0,9.243751,24.843752,-38.193752
883076478,0,9.09375,24.825,-38.15625
883076498,0,8.94375,24.806252,-38.11875
883076518,0,8.83125,24.806252,-38.11875
883076538,0,8.793751,24.7875,-38.081253
883076558,0,8.7375,24.7875,-38.025
883076578,0,8.606251,24.768751,-38.006252
883076598,0,8.587501,24.750002,-37.987503
883076618,0,8.55,24.750002,-37.987503
883076638,0,8.53125,24.768751,-37.95
883076658,0,8.53125,24.768751,-37.93125
883076678,0,8.512501,24.768751,-37.93125
883076698,0,8.512501,24.750002,-37.93125
883076718,0,8.625,24.750002,-37.96875
883076738,0,8.7375,24.768751,-38.04375
883076758,0,8.90625,24.7875,-38.0625
883076778,0,8.981251,24.7875,-38.081253
883076798,0,9.0375,24.7875,-38.100002
883076818,0,9.056251,24.7875,-38.0625
883076838,0,9.075001,24.7875,-38.11875
883076858,0,9.01875,24.7875,-38.081253
883076878,0,9.075001,24.7875,-38.0625
883076898,0,8.981251,24.7875,-38.081253
883076918,0,8.94375,24.768751,-38.081253
883076938,0,8.85,24.768751,-38.0625
883076958,0,8.83125,24.750002,-38.025
883076978,0,8.90625,24.73125,-37.95
883076998,0,8.90625,24.73125,-37.912502
883077018,0,8.868751,24.712502,-37.818752
883077038,0,8.90625,24.69375,-37.725002
883077058,0,8.925,24.69375,-37.706253
883077078,0,9.01875,24.69375,-37.725002
883077098,0,9.13125,24.69375,-37.706253
883077118,0,9.243751,24.712502,-37.6875
883077138,0,9.4125,24.712502,-37.612503
883077158,0,9.65625,24.73125,-37.66875
883077178,0,9.88125,24.73125,-37.631252
883077198,0,10.087501,24.73125,-37.612503
883077218,0,10.14375,24.750002,-37.575
883077238,0,10.33125,24.73125,-37.55625
883077258,0,10.44375,24.73125,-37.55625
883077278,0,10.575001,24.73125,-37.537502
883077298,0,10.837501,24.712502,-37.518753
883077318,0,11.1,24.712502,-37.518753
883077338,0,11.306251,24.712502,-37.5
883077358,0,11.56875,24.69375,-37.443752
883077378,0,11.775001,24.69375,-37.36875
883077398,0,12.01875,24.69375,-37.3125
883077418,0,12.3,24.675001,-37.3125
883077438,0,12.50625,24.69375,-37.3125
883077458,0,12.656251,24.675001,-37.237503
883077478,0,12.76875,24.656252,-37.18125
883077498,0,12.937501,24.6375,-37.0875
883077518,0,13.312501,24.6375,-37.050003
883077538,0,13.462501,24.618752,-37.0125
883077558,0,13.650001,24.6,-36.9375
883077578,0,13.781251,24.581251,-36.84375
883077598,0,13.89375,24.581251,-36.825
883077618,0,14.137501,24.562502,-36.75
883077638,0,14.343751,24.581251,-36.75
883077658,0,14.475,24.6,-36.7125
883077678,0,14.681251,24.618752,-36.7125
883077698,0,14.793751,24.618752,-36.693752
883077718,0,14.94375,24.618752,-36.6375
883077738,0,15.1125,24.618752,-36.581253
883077758,0,15.31875,24.618752,-36.61875
883077778,0,15.543751,24.618752,-36.600002
883077798,0,15.750001,24.6375,-36.600002
883077818,0,15.843751,24.6375,-36.5625
883077838,0,16.087502,24.656252,-36.525
883077858,0,16.25625,24.675001,-36.5625
883077878,0,16.462502,24.69375,-36.5625
883077898,0,16.650002,24.69375,-36.525
883077918,0,16.7625,24.712502,-36.54375
883077938,0,16.96875,24.73125,-36.54375
883077958,0,17.19375,24.750002,-36.600002
883077978,0,17.306252,24.750002,-36.600002
883077998,0,17.4375,24.768751,-36.61875
883078018,0,17.456251,24.768751,-36.61875
883078038,0,17.475,24.750002,-36.61875
883078058,0,17.456251,24.750002,-36.581253
883078078,0,17.493752,24.768751,-36.61875
883078098,0,17.493752,24.768751,-36.6375
883078118,0,17.53125,24.7875,-36.693752
883078138,0,17.56875,24.7875,-36.768753
883078158,0,17.60625,24.825,-36.84375
883078178,0,17.550001,24.825,-36.91875
883078198,0,17.493752,24.825,-37.050003
883078218,0,17.34375,24.806252,-37.068752
883078238,0,17.15625,24.7875,-37.10625
883078258,0,16.96875,24.768751,-37.125
883078278,0,16.78125,24.750002,-37.125
883078298,0,16.575,24.73125,-37.162502
883078318,0,16.368752,24.73125,-37.18125
883078338,0,16.143751,24.750002,-37.21875
883078358,0,15.900001,24.768751,-37.237503
883078378,0,15.543751,24.750002,-37.256252
883078398,0,15.281251,24.73125,-37.29375
883078418,0,14.94375,24.69375,-37.29375
883078438,0,14.64375,24.69375,-37.29375
883078458,0,14.343751,24.675001,-37.256252
883078478,0,14.08125,24.675001,-37.29375
883078498,0,13.743751,24.656252,-37.29375
883078518,0,13.5375,24.675001,-37.331253
883078538,0,13.218751,24.69375,-37.331253
883078558,0,12.900001,24.712502,-37.29375
883078578,0,12.656251,24.712502,-37.3125
883078598,0,12.431251,24.712502,-37.331253
883078618,0,12.243751,24.712502,-37.36875
883078638,0,12.0375,24.73125,-37.443752
883078658,0,11.793751,24.73125,-37.518753
883078678,0,11.606251,24.73125,-37.575
883078698,0,11.231251,24.73125,-37.537502
883078718,0,11.00625,24.750002,-37.55625
883078738,0,10.743751,24.73125,-37.575
883078758,0,10.40625,24.73125,-37.612503
883078778,0,10.125,24.73125,-37.59375
883078798,0,9.8625,24.73125,-37.55625
883078818,0,9.543751,24.712502,-37.537502
883078838,0,9.31875,24.69375,-37.55625
883078858,0,9.0375,24.675001,-37.575
883078878,0,8.75625,24.69375,-37.612503
883078898,0,8.512501,24.675001,-37.65
883078918,0,8.2875,24.656252,-37.631252
883078938,0,8.1,24.656252,-37.59375
883078958,0,7.9500003,24.656252,-37.612503
883078978,0,7.74375,24.6375,-37.59375
883078998,0,7.6875005,24.6375,-37.631252
883079018,0,7.36875,24.6375,-37.65
883079038,0,7.1250005,24.656252,-37.65
883079058,0,6.9750004,24.6375,-37.66875
883079078,0,6.8625,24.656252,-37.706253
883079098,0,6.7500005,24.656252,-37.7625
883079118,0,6.6562505,24.656252,-37.78125
883079138,0,6.4500003,24.6375,-37.800003
883079158,0,6.39375,24.618752,-37.818752
883079178,0,6.39375,24.6375,-37.8375
883079198,0,6.3562503,24.656252,-37.85625
883079218,0,6.3187504,24.675001,-37.875
883079238,0,6.2812505,24.675001,-37.875
883079258,0,6.20625,24.656252,-37.818752
883079278,0,6.1125,24.675001,-37.800003
883079298,0,6.0,24.675001,-37.800003
883079318,0,6.01875,24.656252,-37.78125
883079338,0,6.0,24.656252,-37.74375
883079358,0,6.0375004,24.675001,-37.706253
883079378,0,6.0,24.656252,-37.6875
883079398,0,5.9625,24.675001,-37.66875
883079418,0,6.01875,24.675001,-37.65
883079438,0,6.0937505,24.69375,-37.65
883079458,0,6.0937505,24.69375,-37.631252
883079478,0,6.05625,24.675001,-37.612503
883079498,0,5.9625,24.656252,-37.55625
883079518,0,5.9437504,24.6375,-37.518753
883079538,0,5.8500004,24.618752,-37.443752
883079558,0,5.8125,24.618752,-37.443752
883079578,0,5.90625,24.618752,-37.425003
883079598,0,6.0375004,24.6375,-37.425003
883079618,0,6.24375,24.6375,-37.4625
883079638,0,6.5062504,24.656252,-37.5
883079658,0,6.7125,24.656252,-37.55625
883079678,0,6.9750004,24.656252,-37.59375
883079698,0,7.2187505,24.675001,-37.59375
883079718,0,7.4062505,24.675001,-37.612503
883079738,0,7.6687503,24.69375,-37.575
883079758,0,7.9875,24.73125,-37.575
883079778,0,8.231251,24.750002,-37.612503
883079798,0,8.55,24.750002,-37.6875
883079818,0,8.85,24.768751,-37.7625
883079838,0,9.225,24.7875,-37.875
883079858,0,9.675,24.825,-37.93125
883079878,0,10.06875,24.843752,-38.006252
883079898,0,10.462501,24.825,-38.025
883079918,0,10.81875,24.862501,-38.04375
883079938,0,11.137501,24.862501,-38.0625
883079958,0,11.45625,24.900002,-38.04375
883079978,0,11.775001,24.91875,-38.025
883079998,0,12.093751,24.937502,-38.025
883080018,0,12.31875,24.937502,-37.987503
883080038,0,12.50625,24.937502,-37.96875
883080058,0,12.712501,24.91875,-37.93125
883080078,0,12.8625,24.900002,-37.85625
883080098,0,13.031251,24.900002,-37.78125
883080118,0,13.2375,24.900002,-37.6875
883080138,0,13.425,24.900002,-37.59375
883080158,0,13.650001,24.88125,-37.537502
883080178,0,13.89375,24.862501,-37.443752
883080198,0,14.118751,24.862501,-37.36875
883080218,0,14.343751,24.843752,-37.29375
883080238,0,14.56875,24.843752,-37.21875
883080258,0,14.775001,24.825,-37.0875
883080278,0,14.981251,24.7875,-36.99375
883080298,0,15.187501,24.750002,-36.956253
883080318,0,15.543751,24.750002,-36.91875
883080338,0,15.843751,24.750002,-36.881252
883080358,0,16.125,24.750002,-36.825
883080378,0,16.5375,24.768751,-36.768753
883080398,0,16.875,24.768751,-36.7125
883080418,0,17.1375,24.768751,-36.693752
883080438,0,17.41875,24.768751,-36.65625
883080458,0,17.587502,24.7875,-36.581253
883080478,0,17.7,24.7875,-36.525
883080498,0,17.85,24.7875,-36.43125
883080518,0,17.925001,24.768751,-36.35625
883080538,0,18.0,24.7875,-36.300003
883080558,0,18.09375,24.768751,-36.300003
883080578,0,18.13125,24.768751,-36.24375
883080598,0,18.13125,24.7875,-36.1875
883080618,0,18.018751,24.768751,-36.15
883080638,0,18.018751,24.768751,-36.09375
883080658,0,17.962502,24.768751,-36.05625
883080678,0,17.8875,24.750002,-36.05625
883080698,0,17.8875,24.73125,-36.05625
883080718,0,17.79375,24.712502,-36.0
883080738,0,17.7,24.675001,-35.943752
883080758,0,17.7,24.656252,-35.90625
883080778,0,17.6625,24.675001,-35.943752
883080798,0,17.643751,24.675001,-35.98125
883080818,0,17.681252,24.656252,-36.037502
883080838,0,17.587502,24.656252,-36.09375
883080858,0,17.493752,24.656252,-36.112503
883080878,0,17.475,24.656252,-36.15
883080898,0,17.4375,24.656252,-36.1875
883080918,0,17.456251,24.675001,-36.225002
883080938,0,17.38125,24.675001,-36.300003
883080958,0,17.34375,24.69375,-36.393753
883080978,0,17.268751,24.712502,-36.43125
883080998,0,17.212502,24.750002,-36.506252
883081018,0,17.25,24.7875,-36.6375
883081038,0,17.1375,24.825,-36.75
883081058,0,16.893751,24.825,-36.84375
883081078,0,16.706251,24.843752,-36.881252
883081098,0,16.59375,24.91875,-36.9375
883081118,0,16.556252,24.975,-37.0125
883081138,0,16.40625,24.975,-37.050003
883081158,0,16.087502,25.0125,-37.10625
883081178,0,15.750001,25.0125,-37.18125
883081198,0,15.468751,25.0125,-37.256252
883081218,0,15.075001,25.0125,-37.29375
883081238,0,14.75625,25.031252,-37.36875
883081258,0,14.437501,25.031252,-37.443752
883081278,0,14.062501,25.0125,-37.5
883081298,0,13.6125,25.0125,-37.5
883081318,0,13.087501,24.975,-37.518753
883081338,0,12.712501,24.956251,-37.537502
883081358,0,12.337501,24.956251,-37.55625
883081378,0,11.94375,24.91875,-37.575
883081398,0,11.53125,24.862501,-37.59375
883081418,0,10.950001,24.825,-37.612503
883081438,0,10.556251,24.806252,-37.65
883081458,0,10.25625,24.768751,-37.706253
883081478,0,9.918751,24.750002,-37.725002
883081498,0,9.618751,24.750002,-37.725002
883081518,0,9.39375,24.750002,-37.725002
883081538,0,9.075001,24.73125,-37.706253
883081558,0,8.71875,24.712502,-37.66875
883081578,0,8.34375,24.69375,-37.6875
883081598,0,8.118751,24.69375,-37.706253
883081618,0,7.8562503,24.69375,-37.6875
883081638,0,7.5937505,24.69375,-37.6875
883081658,0,7.4062505,24.675001,-37.66875
883081678,0,7.2187505,24.675001,-37.6875
883081698,0,6.9187503,24.656252,-37.6875
883081718,0,6.6937504,24.656252,-37.66875
883081738,0,6.4500003,24.656252,-37.65
883081758,0,6.2812505,24.656252,-37.612503
883081778,0,6.1687503,24.656252,-37.612503
883081798,0,5.9625,24.6375,-37.631252
883081818,0,5.775,24.6375,-37.65
883081838,0,5.64375,24.618752,-37.66875
883081858,0,5.5875,24.618752,-37.631252
883081878,0,5.5875,24.6,-37.65
883081898,0,5.4750004,24.581251,-37.66875
883081918,0,5.4375,24.581251,-37.6875
883081938,0,5.34375,24.562502,-37.6875
883081958,0,5.26875,24.562502,-37.706253
883081978,0,5.25,24.54375,-37.6875
883081998,0,5.1937504,24.54375,-37.706253
883082018,0,5.15625,24.525002,-37.74375
883082038,0,5.2312503,24.50625,-37.78125
883082058,0,5.2125,24.487501,-37.800003
883082078,0,5.2312503,24.50625,-37.818752
883082098,0,5.2875004,24.50625,-37.78125
883082118,0,5.3250003,24.50625,-37.78125
883082138,0,5.34375,24.487501,-37.7625
883082158,0,5.34375,24.487501,-37.7625
883082178,0,5.3812504,24.50625,-37.725002
883082198,0,5.4,24.50625,-37.706253
883082218,0,5.3812504,24.487501,-37.6875
883082238,0,5.53125,24.487501,-37.65
883082258,0,5.5875,24.50625,-37.631252
883082278,0,5.6625004,24.50625,-37.66875
883082298,0,5.86875,24.525002,-37.6875
883082318,0,6.0375004,24.54375,-37.66875
883082338,0,6.1125,24.562502,-37.65
883082358,0,6.3375,24.581251,-37.65
883082378,0,6.4687505,24.562502,-37.65
883082398,0,6.6562505,24.562502,-37.6875
883082418,0,6.9,24.6,-37.66875
883082438,0,7.18125,24.6,-37.65
883082458,0,7.4625,24.618752,-37.65
883082478,0,7.7625003,24.6375,-37.66875
883082498,0,8.08125,24.656252,-37.6875
883082518,0,8.45625,24.69375,-37.74375
883082538,0,8.775001,24.712502,-37.818752
883082558,0,9.1875,24.73125,-37.8375
883082578,0,9.58125,24.768751,-37.85625
883082598,0,9.918751,24.7875,-37.85625
883082618,0,10.35,24.806252,-37.893753
883082638,0,10.743751,24.806252,-37.93125
883082658,0,11.118751,24.825,-37.93125
883082678,0,11.56875,24.843752,-37.93125
883082698,0,12.0375,24.900002,-37.912502
883082718,0,12.39375,24.91875,-37.912502
883082738,0,12.7875,24.937502,-37.93125
883082758,0,13.087501,24.937502,-37.912502
883082778,0,13.368751,24.91875,-37.8375
883082798,0,13.575001,24.900002,-37.800003
883082818,0,13.81875,24.900002,-37.706253
883082838,0,13.950001,24.88125,-37.59375
883082858,0,14.043751,24.862501,-37.5
883082878,0,14.2875,24.843752,-37.3875
883082898,0,14.493751,24.843752,-37.29375
883082918,0,14.6625,24.825,-37.2
883082938,0,14.906251,24.825,-37.0875
883082958,0,15.1125,24.806252,-36.99375
883082978,0,15.281251,24.7875,-36.9
883082998,0,15.525001,24.750002,-36.787502
883083018,0,15.731251,24.750002,-36.73125
883083038,0,15.975,24.73125,-36.65625
883083058,0,16.25625,24.750002,-36.61875
883083078,0,16.556252,24.750002,-36.581253
883083098,0,16.85625,24.768751,-36.46875
883083118,0,17.1,24.768751,-36.393753
883083138,0,17.38125,24.73125,-36.318752
883083158,0,17.681252,24.73125,-36.24375
883083178,0,17.79375,24.712502,-36.16875
883083198,0,17.98125,24.69375,-36.075
883083218,0,18.150002,24.675001,-35.98125
883083238,0,18.2625,24.656252,-35.925003
883083258,0,18.393751,24.6375,-35.86875
883083278,0,18.525002,24.6375,-35.831253
883083298,0,18.45,24.6375,-35.79375
883083318,0,18.5625,24.618752,-35.756252
883083338,0,18.5625,24.6,-35.7
883083358,0,18.487501,24.562502,-35.662502
883083378,0,18.4125,24.54375,-35.625
883083398,0,18.35625,24.525002,-35.643753
883083418,0,18.35625,24.525002,-35.662502
883083438,0,18.4125,24.54375,-35.68125
883083458,0,18.393751,24.54375,-35.756252
883083478,0,18.431252,24.562502,-35.8125
883083498,0,18.35625,24.6,-35.86875
883083518,0,18.31875,24.618752,-35.925003
883083538,0,18.28125,24.618752,-35.98125
883083558,0,18.1875,24.6375,-36.037502
883083578,0,18.09375,24.6375,-36.075
883083598,0,18.0,24.656252,-36.131252
883083618,0,17.7,24.656252,-36.1875
883083638,0,17.493752,24.675001,-36.2625
883083658,0,17.2875,24.69375,-36.318752
883083678,0,17.1375,24.73125,-36.375
883083698,0,17.1,24.750002,-36.45
883083718,0,16.96875,24.768751,-36.525
883083738,0,16.6875,24.7875,-36.5625
883083758,0,16.3875,24.7875,-36.61875
883083778,0,16.050001,24.7875,-36.693752
883083798,0,15.7875,24.806252,-36.80625
883083818,0,15.525001,24.806252,-36.9
883083838,0,15.187501,24.806252,-36.975002
883083858,0,14.85,24.825,-37.050003
883083878,0,14.437501,24.862501,-37.125
883083898,0,14.1,24.862501,-37.162502
883083918,0,13.837501,24.843752,-37.2
883083938,0,13.500001,24.825,-37.237503
883083958,0,13.218751,24.825,-37.29375
883083978,0,12.8625,24.825,-37.350002
883083998,0,12.450001,24.806252,-37.40625
883084018,0,12.075001,24.806252,-37.4625
883084038,0,11.7375,24.806252,-37.518753
883084058,0,11.512501,24.806252,-37.575
883084078,0,11.2875,24.806252,-37.612503
883084098,0,10.9875,24.806252,-37.65
883084118,0,10.70625,24.7875,-37.6875
883084138,0,10.425,24.7875,-37.74375
883084158,0,10.14375,24.7875,-37.800003
883084178,0,9.900001,24.7875,-37.875
883084198,0,9.675,24.768751,-37.93125
883084218,0,9.450001,24.768751,-37.987503
883084238,0,9.243751,24.7875,-38.04375
883084258,0,8.962501,24.7875,-38.100002
883084278,0,8.7375,24.7875,-38.15625
883084298,0,8.4375,24.7875,-38.1375
883084318,0,8.19375,24.7875,-38.15625
883084338,0,7.9875,24.768751,-38.175003
883084358,0,7.7625003,24.750002,-38.193752
883084378,0,7.4812503,24.750002,-38.193752
883084398,0,7.2375,24.73125,-38.175003
883084418,0,6.99375,24.69375,-38.11875
883084438,0,6.76875,24.675001,-38.100002
883084458,0,6.5625005,24.656252,-38.0625
883084478,0,6.3750005,24.618752,-38.025
883084498,0,6.1875005,24.6,-38.04375
883084518,0,6.01875,24.6,-38.04375
883084538,0,5.8875003,24.581251,-38.025
883084558,0,5.7562504,24.562502,-37.987503
883084578,0,5.64375,24.54375,-37.96875
883084598,0,5.55,24.525002,-37.987503
883084618,0,5.4187503,24.50625,-37.96875
883084638,0,5.34375,24.50625,-37.93125
883084658,0,5.30625,24.50625,-37.912502
883084678,0,5.34375,24.50625,-37.95
883084698,0,5.34375,24.525002,-37.96875
883084718,0,5.4750004,24.562502,-38.006252
883084738,0,5.53125,24.562502,-37.987503
883084758,0,5.5687504,24.54375,-38.006252
883084778,0,5.5687504,24.562502,-38.006252
883084798,0,5.6062503,24.562502,-38.006252
883084818,0,5.6062503,24.562502,-37.987503
883084838,0,5.6625004,24.54375,-38.025
883084858,0,5.71875,24.54375,-38.025
883084878,0,5.8125,24.562502,-38.04375
883084898,0,5.90625,24.54375,-38.04375
883084918,0,6.01875,24.54375,-38.0625
883084938,0,6.0750003,24.562502,-38.081253
883084958,0,6.15,24.54375,-38.100002
883084978,0,6.1875005,24.562502,-38.081253
883084998,0,6.3187504,24.562502,-38.081253
883085018,0,6.3750005,24.54375,-38.04375
883085038,0,6.5062504,24.562502,-38.006252
883085058,0,6.6937504,24.581251,-38.025
883085078,0,6.9375005,24.618752,-38.006252
883085098,0,7.18125,24.6375,-38.006252
883085118,0,7.425,24.656252,-38.025
883085138,0,7.6312504,24.675001,-38.025
883085158,0,7.8750005,24.69375,-38.025
883085178,0,8.1,24.69375,-38.006252
883085198,0,8.38125,24.73125,-38.025
883085218,0,8.6625,24.750002,-38.04375
883085238,0,8.981251,24.750002,-38.0625
883085258,0,9.3,24.7875,-38.081253
883085278,0,9.6,24.7875,-38.11875
883085298,0,9.8625,24.7875,-38.11875
883085318,0,10.125,24.806252,-38.11875
883085338,0,10.368751,24.806252,-38.175003
883085358,0,10.63125,24.806252,-38.15625
883085378,0,10.856251,24.806252,-38.1375
883085398,0,11.043751,24.7875,-38.081253
883085418,0,11.19375,24.7875,-38.006252
883085438,0,11.325001,24.7875,-37.96875
883085458,0,11.512501,24.7875,-37.93125
883085478,0,11.75625,24.806252,-37.875
883085498,0,11.887501,24.806252,-37.8375
883085518,0,12.075001,24.825,-37.7625
883085538,0,12.20625,24.825,-37.725002
883085558,0,12.31875,24.825,-37.65
883085578,0,12.543751,24.825,-37.59375
883085598,0,12.731251,24.825,-37.59375
883085618,0,12.88125,24.806252,-37.612503
883085638,0,13.05,24.825,-37.612503
883085658,0,13.181251,24.843752,-37.59375
883085678,0,13.35,24.862501,-37.631252
883085698,0,13.556251,24.88125,-37.65
883085718,0,13.875001,24.900002,-37.725002
883085738,0,14.156251,24.91875,-37.74375
883085758,0,14.306251,24.91875,-37.74375
883085778,0,14.325001,24.91875,-37.706253
883085798,0,14.343751,24.91875,-37.725002
883085818,0,14.306251,24.91875,-37.725002
883085838,0,14.3625,24.900002,-37.706253
883085858,0,14.343751,24.900002,-37.706253
883085878,0,14.26875,24.88125,-37.6875
883085898,0,14.156251,24.88125,-37.631252
883085918,0,14.025001,24.900002,-37.59375
883085938,0,13.856251,24.88125,-37.537502
883085958,0,13.6125,24.862501,-37.48125
883085978,0,13.406251,24.843752,-37.443752
883085998,0,13.2375,24.825,-37.425003
883086018,0,12.975,24.806252,-37.36875
883086038,0,12.76875,24.768751,-37.36875
883086058,0,12.58125,24.768751,-37.350002
883086078,0,12.468751,24.768751,-37.3875
883086098,0,12.468751,24.768751,-37.3875
883086118,0,12.431251,24.768751,-37.425003
883086138,0,12.3,24.7875,-37.48125
883086158,0,12.225,24.7875,-37.48125
883086178,0,12.13125,24.806252,-37.5
883086198,0,12.075001,24.825,-37.55625
883086218,0,12.056251,24.806252,-37.612503
883086238,0,12.075001,24.825,-37.66875
883086258,0,12.093751,24.825,-37.78125
883086278,0,12.075001,24.825,-37.7625
883086298,0,12.0,24.825,-37.818752
883086318,0,11.962501,24.843752,-37.912502
883086338,0,11.85,24.862501,-37.95
883086358,0,11.793751,24.862501,-38.006252
883086378,0,11.700001,24.88125,-38.04375
883086398,0,11.56875,24.88125,-38.081253
883086418,0,11.512501,24.88125,-38.100002
883086438,0,11.45625,24.88125,-38.11875
883086458,0,11.325001,24.88125,-38.175003
883086478,0,11.212501,24.88125,-38.23125
883086498,0,11.0625,24.862501,-38.2125
883086518,0,10.931251,24.862501,-38.2125
883086538,0,10.78125,24.862501,-38.23125
883086558,0,10.6875,24.843752,-38.193752
883086578,0,10.5375,24.843752,-38.25
883086598,0,10.40625,24.862501,-38.25
883086618,0,10.33125,24.843752,-38.2125
883086638,0,10.2375,24.843752,-38.23125
883086658,0,10.125,24.843752,-38.25
883086678,0,10.106251,24.843752,-38.268753
883086698,0,10.05,24.843752,-38.287502
883086718,0,10.012501,24.862501,-38.268753
883086738,0,9.975,24.88125,-38.268753
883086758,0,9.918751,24.862501,-38.287502
883086778,0,9.84375,24.862501,-38.268753
883086798,0,9.75,24.862501,-38.268753
883086818,0,9.65625,24.862501,-38.25
883086838,0,9.58125,24.843752,-38.23125
883086858,0,9.450001,24.843752,-38.25
883086878,0,9.39375,24.825,-38.2125
883086898,0,9.356251,24.806252,-38.175003
883086918,0,9.28125,24.825,-38.15625
883086938,0,9.3,24.825,-38.11875
883086958,0,9.28125,24.806252,-38.100002
883086978,0,9.225,24.7875,-38.100002
883086998,0,9.168751,24.750002,-38.081253
883087018,0,9.056251,24.73125,-38.100002
883087038,0,9.0,24.712502,-38.100002
883087058,0,9.0,24.69375,-38.100002
883087078,0,9.09375,24.69375,-38.1375
883087098,0,9.150001,24.675001,-38.15625
883087118,0,9.262501,24.712502,-38.193752
883087138,0,9.356251,24.712502,-38.193752
883087158,0,9.4875,24.73125,-38.2125
883087178,0,9.543751,24.73125,-38.193752
883087198,0,9.58125,24.73125,-38.175003
883087218,0,9.50625,24.73125,-38.11875
883087238,0,9.525001,24.73125,-38.1375
883087258,0,9.6,24.73125,-38.11875
883087278,0,9.675,24.750002,-38.0625
883087298,0,9.712501,24.750002,-38.0625
883087318,0,9.84375,24.73125,-38.006252
883087338,0,9.900001,24.750002,-37.96875
883087358,0,10.012501,24.750002,-37.912502
883087378,0,10.106251,24.768751,-37.85625
883087398,0,10.275001,24.768751,-37.8375
883087418,0,10.425,24.750002,-37.78125
883087438,0,10.575001,24.750002,-37.78125
883087458,0,10.725,24.750002,-37.7625
883087478,0,10.950001,24.768751,-37.7625
883087498,0,11.15625,24.768751,-37.800003
883087518,0,11.493751,24.768751,-37.8375
883087538,0,11.681251,24.7875,-37.818752
883087558,0,11.868751,24.7875,-37.800003
883087578,0,12.093751,24.7875,-37.78125
883087598,0,12.31875,24.806252,-37.74375
883087618,0,12.50625,24.806252,-37.725002
883087638,0,12.76875,24.843752,-37.74375
883087658,0,12.975,24.843752,-37.78125
883087678,0,13.25625,24.862501,-37.818752
883087698,0,13.481251,24.900002,-37.7625
883087718,0,13.70625,24.91875,-37.78125
883087738,0,13.81875,24.937502,-37.706253
883087758,0,13.89375,24.937502,-37.66875
883087778,0,13.968751,24.91875,-37.65
883087798,0,14.1,24.937502,-37.59375
883087818,0,14.175,24.91875,-37.612503
883087838,0,14.325001,24.91875,-37.575
883087858,0,14.400001,24.91875,-37.537502
883087878,0,14.475,24.900002,-37.537502
883087898,0,14.587501,24.91875,-37.5
883087918,0,14.64375,24.91875,-37.48125
883087938,0,14.681251,24.88125,-37.40625
883087958,0,14.718751,24.88125,-37.350002
883087978,0,14.625001,24.843752,-37.3125
883087998,0,14.606251,24.825,-37.256252
883088018,0,14.55,24.7875,-37.18125
883088038,0,14.64375,24.768751,-37.162502
883088058,0,14.812501,24.7875,-37.125
883088078,0,14.925,24.806252,-37.125
883088098,0,15.000001,24.7875,-37.0875
883088118,0,15.13125,24.7875,-37.03125
883088138,0,15.225,24.7875,-36.99375
883088158,0,15.356251,24.7875,-37.050003
883088178,0,15.337501,24.7875,-37.0125
883088198,0,15.3,24.768751,-37.0125
883088218,0,15.39375,24.768751,-36.975002
883088238,0,15.431251,24.7875,-36.975002
883088258,0,15.4875,24.7875,-36.99375
883088278,0,15.543751,24.7875,-36.975002
883088298,0,15.50625,24.7875,-36.99375
883088318,0,15.58125,24.7875,-37.0125
883088338,0,15.618751,24.7875,-37.050003
883088358,0,15.6,24.7875,-37.0875
883088378,0,15.562501,24.7875,-37.0875
883088398,0,15.543751,24.7875,-37.10625
883088418,0,15.4125,24.768751,-37.125
883088438,0,15.31875,24.768751,-37.125
883088458,0,15.093751,24.768751,-37.0875
883088478,0,15.075001,24.768751,-37.10625
883088498,0,14.925,24.768751,-37.143753
883088518,0,14.718751,24.750002,-37.2
883088538,0,14.625001,24.750002,-37.21875
883088558,0,14.45625,24.750002,-37.237503
883088578,0,14.325001,24.750002,-37.275
883088598,0,14.250001,24.750002,-37.3125
883088618,0,14.00625,24.750002,-37.350002
883088638,0,13.837501,24.750002,-37.40625
883088658,0,13.70625,24.768751,-37.425003
883088678,0,13.6125,24.7875,-37.4625
883088698,0,13.51875,24.806252,-37.5
883088718,0,13.51875,24.843752,-37.59375
883088738,0,13.481251,24.862501,-37.6875
883088758,0,13.44375,24.88125,-37.74375
883088778,0,13.275001,24.88125,-37.78125
883088798,0,13.1625,24.900002,-37.800003
883088818,0,12.900001,24.91875,-37.78125
883088838,0,12.637501,24.91875,-37.78125
883088858,0,12.450001,24.91875,-37.78125
883088878,0,12.225,24.937502,-37.818752
883088898,0,12.0,24.937502,-37.8375
883088918,0,11.85,24.937502,-37.85625
883088938,0,11.606251,24.937502,-37.875
883088958,0,11.3625,24.91875,-37.875
883088978,0,11.118751,24.900002,-37.85625
883088998,0,10.89375,24.900002,-37.893753
883089018,0,10.5375,24.862501,-37.8375
883089038,0,10.125,24.843752,-37.818752
883089058,0,9.900001,24.825,-37.7625
883089078,0,9.712501,24.843752,-37.78125
883089098,0,9.525001,24.825,-37.800003
883089118,0,9.543751,24.825,-37.8375
883089138,0,9.525001,24.862501,-37.875
883089158,0,9.4875,24.88125,-37.95
883089178,0,9.450001,24.88125,-37.96875
883089198,0,9.3,24.88125,-37.95
883089218,0,9.13125,24.88125,-37.96875
883089238,0,9.0375,24.88125,-37.93125
883089258,0,8.868751,24.862501,-37.93125
883089278,0,8.71875,24.862501,-37.96875
883089298,0,8.587501,24.862501,-37.95
883089318,0,8.55,24.862501,-38.006252
883089338,0,8.55,24.862501,-38.0625
883089358,0,8.493751,24.862501,-38.1375
883089378,0,8.53125,24.862501,-38.1375
883089398,0,8.55,24.862501,-38.15625
883089418,0,8.45625,24.843752,-38.15625
883089438,0,8.3625,24.825,-38.175003
883089458,0,8.212501,24.806252,-38.1375
883089478,0,8.137501,24.7875,-38.1375
883089498,0,8.118751,24.768751,-38.15625
883089518,0,8.137501,24.768751,-38.15625
883089538,0,8.118751,24.750002,-38.193752
883089558,0,8.137501,24.750002,-38.2125
883089578,0,8.137501,24.750002,-38.175003
883089598,0,8.137501,24.750002,-38.193752
883089618,0,8.15625,24.750002,-38.175003
883089638,0,8.175,24.750002,-38.15625
883089658,0,8.15625,24.73125,-38.11875
883089678,0,8.1,24.750002,-38.081253
883089698,0,8.137501,24.750002,-38.04375
883089718,0,8.231251,24.768751,-38.006252
883089738,0,8.55,24.825,-38.006252
883089758,0,8.925,24.862501,-38.025
883089778,0,9.0375,24.900002,-38.006252
883089798,0,9.1875,24.900002,-38.006252
883089818,0,9.3,24.91875,-37.96875
883089838,0,9.450001,24.937502,-37.93125
883089858,0,9.6,24.937502,-37.93125
883089878,0,9.76875,24.956251,-37.95
883089898,0,9.9375,24.975,-37.95
883089918,0,10.125,24.993752,-37.95
883089938,0,10.275001,24.975,-37.93125
883089958,0,10.5375,24.993752,-37.96875
883089978,0,10.743751,24.993752,-38.025
883089998,0,10.950001,25.0125,-38.100002
883090018,0,11.118751,24.993752,-38.081253
883090038,0,10.96875,24.956251,-38.04375
883090058,0,10.875,24.900002,-37.96875
883090078,0,11.0625,24.88125,-37.95
883090098,0,11.19375,24.88125,-37.93125
883090118,0,11.418751,24.88125,-37.95
883090138,0,11.625,24.862501,-37.93125
883090158,0,11.83125,24.843752,-37.912502
883090178,0,12.01875,24.825,-37.818752
883090198,0,12.262501,24.825,-37.74375
883090218,0,12.562501,24.825,-37.6875
883090238,0,12.843751,24.825,-37.65
883090258,0,13.06875,24.806252,-37.537502
883090278,0,13.275001,24.7875,-37.443752
883090298,0,13.387501,24.768751,-37.331253
883090318,0,13.593751,24.768751,-37.275
883090338,0,13.950001,24.768751,-37.2
883090358,0,14.156251,24.768751,-37.162502
883090378,0,14.418751,24.768751,-37.10625
883090398,0,14.718751,24.768751,-37.03125
883090418,0,14.94375,24.750002,-36.956253
883090438,0,15.225,24.768751,-36.91875
883090458,0,15.4875,24.768751,-36.862503
883090478,0,15.750001,24.768751,-36.862503
883090498,0,15.975,24.768751,-36.84375
883090518,0,16.143751,24.768751,-36.80625
883090538,0,16.35,24.768751,-36.75
883090558,0,16.556252,24.7875,-36.768753
883090578,0,16.7625,24.806252,-36.75
883090598,0,17.04375,24.825,-36.75
883090618,0,17.268751,24.806252,-36.75
883090638,0,17.475,24.806252,-36.768753
883090658,0,17.71875,24.825,-36.768753
883090678,0,17.94375,24.843752,-36.787502
883090698,0,18.13125,24.843752,-36.787502
883090718,0,18.31875,24.862501,-36.80625
883090738,0,18.50625,24.862501,-36.825
883090758,0,18.581251,24.88125,-36.84375
883090778,0,18.487501,24.88125,-36.80625
883090798,0,18.375,24.843752,-36.75
883090818,0,18.28125,24.843752,-36.73125
883090838,0,18.16875,24.825,-36.7125
883090858,0,18.13125,24.806252,-36.65625
883090878,0,18.09375,24.7875,-36.65625
883090898,0,18.0,24.768751,-36.65625
883090918,0,17.962502,24.768751,-36.65625
883090938,0,17.8125,24.768751,-36.65625
883090958,0,17.681252,24.768751,-36.65625
883090978,0,17.5125,24.750002,-36.6375
883090998,0,17.400002,24.750002,-36.65625
883091018,0,17.212502,24.750002,-36.675003
883091038,0,16.987501,24.73125,-36.675003
883091058,0,16.800001,24.73125,-36.675003
883091078,0,16.800001,24.750002,-36.75
883091098,0,16.7625,24.768751,-36.881252
883091118,0,16.706251,24.7875,-36.956253
883091138,0,16.575,24.806252,-37.050003
883091158,0,16.425001,24.825,-37.143753
883091178,0,16.275002,24.825,-37.21875
883091198,0,16.10625,24.843752,-37.29375
883091218,0,15.843751,24.843752,-37.350002
883091238,0,15.6,24.825,-37.36875
883091258,0,15.20625,24.825,-37.40625
883091278,0,14.83125,24.806252,-37.443752
883091298,0,14.437501,24.825,-37.48125
883091318,0,14.137501,24.825,-37.5
883091338,0,13.81875,24.806252,-37.5
883091358,0,13.425,24.806252,-37.55625
883091378,0,13.106251,24.768751,-37.575
883091398,0,12.731251,24.750002,-37.59375
883091418,0,12.31875,24.750002,-37.59375
883091438,0,12.01875,24.750002,-37.612503
883091458,0,11.625,24.73125,-37.631252
883091478,0,11.25,24.73125,-37.66875
883091498,0,10.931251,24.712502,-37.6875
883091518,0,10.668751,24.73125,-37.725002
883091538,0,10.44375,24.73125,-37.74375
883091558,0,10.25625,24.73125,-37.800003
883091578,0,9.9375,24.712502,-37.800003
883091598,0,9.65625,24.69375,-37.78125
883091618,0,9.28125,24.69375,-37.818752
883091638,0,9.01875,24.712502,-37.85625
883091658,0,8.925,24.712502,-37.85625
883091678,0,8.868751,24.750002,-37.85625
883091698,0,8.71875,24.768751,-37.818752
883091718,0,8.587501,24.768751,-37.818752
883091738,0,8.38125,24.7875,-37.800003
883091758,0,8.231251,24.768751,-37.800003
883091778,0,7.9687505,24.768751,-37.78125
883091798,0,7.7250004,24.768751,-37.74375
883091818,0,7.5375004,24.768751,-37.725002
883091838,0,7.3125005,24.768751,-37.7625
883091858,0,7.14375,24.750002,-37.74375
883091878,0,7.0687504,24.750002,-37.7625
883091898,0,6.9375005,24.73125,-37.818752
883091918,0,6.8812504,24.73125,-37.818752
883091938,0,6.7125,24.712502,-37.800003
883091958,0,6.525,24.69375,-37.78125
883091978,0,6.1312504,24.6375,-37.7625
883091998,0,5.90625,24.6375,-37.78125
883092018,0,5.7562504,24.618752,-37.7625
883092038,0,5.6062503,24.6,-37.78125
883092058,0,5.45625,24.6,-37.7625
883092078,0,5.49375,24.581251,-37.74375
883092098,0,5.4375,24.581251,-37.7625
883092118,0,5.34375,24.562502,-37.78125
883092138,0,5.3250003,24.54375,-37.78125
883092158,0,5.34375,24.562502,-37.78125
883092178,0,5.4,24.581251,-37.78125
883092198,0,5.4750004,24.581251,-37.800003
883092218,0,5.55,24.581251,-37.8375
883092238,0,5.64375,24.6,-37.875
883092258,0,5.7000003,24.581251,-37.912502
883092278,0,5.8875003,24.6,-37.96875
883092298,0,6.0750003,24.6,-38.006252
883092318,0,6.24375,24.618752,-38.006252
883092338,0,6.43125,24.618752,-38.025
883092358,0,6.61875,24.6375,-38.04375
883092378,0,6.76875,24.6375,-38.081253
883092398,0,6.99375,24.656252,-38.081253
883092418,0,7.1625004,24.69375,-38.100002
883092438,0,7.3875003,24.712502,-38.11875
883092458,0,7.5937505,24.712502,-38.175003
883092478,0,7.7812505,24.712502,-38.175003
883092498,0,7.9125004,24.73125,-38.1375
883092518,0,7.9875,24.73125,-38.0625
883092538,0,8.212501,24.73125,-38.04375
883092558,0,8.400001,24.73125,-38.025
883092578,0,8.587501,24.750002,-37.96875
883092598,0,8.83125,24.750002,-37.95
883092618,0,9.01875,24.750002,-37.93125
883092638,0,9.243751,24.750002,-37.893753
883092658,0,9.5625,24.768751,-37.85625
883092678,0,9.900001,24.7875,-37.875
883092698,0,10.293751,24.806252,-37.875
883092718,0,10.70625,24.825,-37.8375
883092738,0,11.1,24.843752,-37.818752
883092758,0,11.45625,24.862501,-37.818752
883092778,0,11.75625,24.862501,-37.818752
883092798,0,12.150001,24.862501,-37.818752
883092818,0,12.525001,24.88125,-37.818752
883092838,0,12.7875,24.900002,-37.800003
883092858,0,13.106251,24.900002,-37.725002
883092878,0,13.406251,24.900002,-37.725002
883092898,0,13.668751,24.88125,-37.6875
883092918,0,13.968751,24.88125,-37.65
883092938,0,14.231251,24.900002,-37.65
883092958,0,14.437501,24.88125,-37.612503
883092978,0,14.64375,24.862501,-37.55625
883092998,0,14.812501,24.843752,-37.48125
883093018,0,15.000001,24.825,-37.40625
883093038,0,15.187501,24.806252,-37.29375
883093058,0,15.431251,24.7875,-37.18125
883093078,0,15.618751,24.7875,-37.068752
883093098,0,15.750001,24.750002,-36.956253
883093118,0,16.06875,24.750002,-36.862503
883093138,0,16.331251,24.750002,-36.80625
883093158,0,16.5375,24.750002,-36.75
883093178,0,16.81875,24.73125,-36.65625
883093198,0,17.04375,24.73125,-36.581253
883093218,0,17.268751,24.712502,-36.506252
883093238,0,17.493752,24.712502,-36.412502
883093258,0,17.625,24.69375,-36.3375
883093278,0,17.775002,24.69375,-36.225002
883093298,0,17.962502,24.69375,-36.16875
883093318,0,18.112501,24.69375,-36.131252
883093338,0,18.225,24.69375,-36.112503
883093358,0,18.337502,24.69375,-36.131252
883093378,0,18.525002,24.675001,-36.112503
883093398,0,18.69375,24.69375,-36.15
883093418,0,18.75,24.675001,-36.16875
883093438,0,18.84375,24.675001,-36.16875
883093458,0,18.88125,24.675001,-36.1875
883093478,0,18.900002,24.69375,-36.206253
883093498,0,18.956251,24.712502,-36.24375
883093518,0,18.993752,24.73125,-36.28125
883093538,0,18.975,24.712502,-36.300003
883093558,0,19.0125,24.73125,-36.318752
883093578,0,19.0125,24.73125,-36.375
883093598,0,18.900002,24.73125,-36.43125
883093618,0,18.7875,24.73125,-36.46875
883093638,0,18.675001,24.750002,-36.525
883093658,0,18.5625,24.768751,-36.581253
883093678,0,18.46875,24.7875,-36.6375
883093698,0,18.31875,24.806252,-36.675003
883093718,0,18.243752,24.843752,-36.75
883093738,0,18.075,24.862501,-36.80625
883093758,0,17.8875,24.88125,-36.84375
883093778,0,17.60625,24.88125,-36.881252
883093798,0,17.38125,24.862501,-36.9
883093818,0,17.0625,24.88125,-36.91875
883093838,0,16.800001,24.88125,-36.956253
883093858,0,16.5,24.88125,-36.956253
883093878,0,16.125,24.862501,-37.0125
883093898,0,15.843751,24.862501,-37.050003
883093918,0,15.543751,24.88125,-37.10625
883093938,0,15.187501,24.88125,-37.18125
883093958,0,14.85,24.88125,-37.21875
883093978,0,14.475,24.88125,-37.21875
883093998,0,14.118751,24.88125,-37.256252
883094018,0,13.762501,24.843752,-37.3125
883094038,0,13.425,24.825,-37.350002
883094058,0,13.125001,24.843752,-37.3875
883094078,0,12.88125,24.862501,-37.443752
883094098,0,12.543751,24.862501,-37.537502
883094118,0,12.281251,24.862501,-37.612503
883094138,0,11.868751,24.843752,-37.631252
883094158,0,11.53125,24.843752,-37.725002
883094178,0,11.231251,24.843752,-37.725002
883094198,0,10.81875,24.843752,-37.7625
883094218,0,10.5,24.825,-37.7625
883094238,0,10.2375,24.7875,-37.78125
883094258,0,9.84375,24.768751,-37.78125
883094278,0,9.543751,24.768751,-37.85625
883094298,0,9.20625,24.750002,-37.893753
883094318,0,8.83125,24.73125,-37.912502
883094338,0,8.53125,24.712502,-37.893753
883094358,0,8.25,24.712502,-37.912502
883094378,0,7.9687505,24.712502,-37.893753
883094398,0,7.7250004,24.69375,-37.912502
883094418,0,7.425,24.675001,-37.93125
883094438,0,7.2937503,24.675001,-37.95
883094458,0,7.0875,24.656252,-37.96875
883094478,0,6.9375005,24.656252,-38.04375
883094498,0,6.80625,24.656252,-38.04375
883094518,0,6.6562505,24.656252,-38.0625
883094538,0,6.525,24.656252,-38.0625
883094558,0,6.43125,24.656252,-38.081253
883094578,0,6.2625003,24.6375,-38.006252
883094598,0,6.15,24.618752,-37.96875
883094618,0,5.9812503,24.6375,-37.875
883094638,0,5.86875,24.618752,-37.818752
883094658,0,5.7000003,24.6,-37.818752
883094678,0,5.625,24.6,-37.800003
883094698,0,5.53125,24.581251,-37.74375
883094718,0,5.49375,24.618752,-37.706253
883094738,0,5.4,24.618752,-37.6875
883094758,0,5.2875004,24.6375,-37.65
883094778,0,5.1375003,24.618752,-37.59375
883094798,0,5.1000004,24.618752,-37.59375
883094818,0,5.025,24.6,-37.575
883094838,0,4.96875,24.6,-37.55625
883094858,0,4.96875,24.618752,-37.537502
883094878,0,5.0062504,24.618752,-37.55625
883094898,0,5.1000004,24.6375,-37.575
883094918,0,5.25,24.6375,-37.65
883094938,0,5.25,24.656252,-37.6875
883094958,0,5.3250003,24.656252,-37.706253
883094978,0,5.34375,24.6375,-37.6875
883094998,0,5.3625,24.6375,-37.706253
883095018,0,5.4375,24.618752,-37.706253
883095038,0,5.49375,24.618752,-37.725002
883095058,0,5.64375,24.6,-37.706253
883095078,0,5.8125,24.618752,-37.66875
883095098,0,5.8875003,24.6375,-37.65
883095118,0,6.0375004,24.6375,-37.631252
883095138,0,6.1687503,24.675001,-37.612503
883095158,0,6.3375,24.656252,-37.59375
883095178,0,6.58125,24.656252,-37.631252
883095198,0,6.7500005,24.675001,-37.65
883095218,0,6.9750004,24.675001,-37.631252
883095238,0,7.2937503,24.69375,-37.631252
883095258,0,7.5375004,24.712502,-37.631252
883095278,0,7.89375,24.712502,-37.65
883095298,0,8.306251,24.750002,-37.66875
883095318,0,8.681251,24.768751,-37.706253
883095338,0,9.09375,24.7875,-37.706253
883095358,0,9.525001,24.7875,-37.74375
883095378,0,9.975,24.806252,-37.800003
883095398,0,10.425,24.806252,-37.818752
883095418,0,10.875,24.825,-37.8375
883095438,0,11.34375,24.825,-37.875
883095458,0,11.75625,24.843752,-37.875
883095478,0,12.1125,24.862501,-37.875
883095498,0,12.543751,24.862501,-37.8375
883095518,0,12.95625,24.862501,-37.818752
883095538,0,13.312501,24.862501,-37.78125
883095558,0,13.743751,24.88125,-37.7625
883095578,0,14.1,24.88125,-37.725002
883095598,0,14.418751,24.88125,-37.706253
883095618,0,14.75625,24.88125,-37.631252
883095638,0,15.1125,24.88125,-37.59375
883095658,0,15.4875,24.88125,-37.55625
883095678,0,15.843751,24.88125,-37.48125
883095698,0,16.25625,24.88125,-37.40625
883095718,0,16.6875,24.900002,-37.36875
883095738,0,17.0625,24.900002,-37.275
883095758,0,17.400002,24.900002,-37.2
883095778,0,17.643751,24.900002,-37.125
883095798,0,17.8875,24.900002,-37.068752
883095818,0,18.112501,24.88125,-36.956253
883095838,0,18.375,24.88125,-36.881252
883095858,0,18.6,24.88125,-36.80625
883095878,0,18.825,24.862501,-36.75
883095898,0,18.91875,24.825,-36.581253
883095918,0,19.050001,24.7875,-36.43125
883095938,0,19.050001,24.750002,-36.28125
883095958,0,19.087502,24.712502,-36.131252
883095978,0,19.125,24.712502,-36.0
883095998,0,19.1625,24.69375,-35.925003
883096018,0,19.181252,24.656252,-35.775
883096038,0,19.143751,24.618752,-35.68125
883096058,0,19.1625,24.6,-35.568752
883096078,0,19.237501,24.562502,-35.49375
883096098,0,19.29375,24.562502,-35.4375
883096118,0,19.368752,24.581251,-35.4375
883096138,0,19.40625,24.562502,-35.41875
883096158,0,19.44375,24.581251,-35.4
883096178,0,19.40625,24.562502,-35.4
883096198,0,19.5,24.581251,-35.49375
883096218,0,19.44375,24.6,-35.550003
883096238,0,19.5,24.6,-35.60625
883096258,0,19.3875,24.6375,-35.68125
883096278,0,19.25625,24.618752,-35.756252
883096298,0,19.1625,24.6375,-35.831253
883096318,0,18.975,24.656252,-35.8875
883096338,0,18.825,24.675001,-35.925003
883096358,0,18.65625,24.675001,-36.018753
883096378,0,18.45,24.675001,-36.075
883096398,0,18.1875,24.675001,-36.15
883096418,0,17.8875,24.675001,-36.206253
883096438,0,17.643751,24.69375,-36.28125
883096458,0,17.325,24.69375,-36.375
883096478,0,17.04375,24.712502,-36.46875
883096498,0,16.725,24.712502,-36.525
883096518,0,16.48125,24.750002,-36.6375
883096538,0,16.21875,24.750002,-36.7125
883096558,0,16.03125,24.750002,-36.825
883096578,0,15.76875,24.768751,-36.956253
883096598,0,15.450001,24.768751,-37.068752
883096618,0,15.13125,24.7875,-37.256252
883096638,0,14.887501,24.7875,-37.3875
883096658,0,14.55,24.806252,-37.5
883096678,0,14.137501,24.825,-37.59375
883096698,0,13.8,24.825,-37.65
883096718,0,13.44375,24.862501,-37.725002
883096738,0,13.087501,24.862501,-37.7625
883096758,0,12.7875,24.862501,-37.78125
883096778,0,12.356251,24.862501,-37.800003
883096798,0,11.981251,24.862501,-37.875
883096818,0,11.587501,24.88125,-37.893753
883096838,0,11.15625,24.88125,-37.912502
883096858,0,10.78125,24.88125,-37.893753
883096878,0,10.387501,24.862501,-37.912502
883096898,0,9.95625,24.843752,-37.893753
883096918,0,9.543751,24.843752,-37.893753
883096938,0,9.0,24.843752,-37.8375
883096958,0,8.6625,24.825,-37.818752
883096978,0,8.26875,24.806252,-37.800003
883096998,0,7.8187504,24.768751,-37.7625
883097018,0,7.33125,24.73125,-37.725002
883097038,0,6.80625,24.69375,-37.706253
883097058,0,6.3750005,24.656252,-37.6875
883097078,0,6.0375004,24.6375,-37.66875
883097098,0,5.68125,24.618752,-37.631252
883097118,0,5.34375,24.562502,-37.59375
883097138,0,4.9500003,24.54375,-37.612503
883097158,0,4.5750003,24.487501,-37.575
883097178,0,4.21875,24.468752,-37.537502
883097198,0,3.9375002,24.45,-37.48125
883097218,0,3.6937501,24.4125,-37.443752
883097238,0,3.45,24.393751,-37.4625
883097258,0,3.2062502,24.35625,-37.48125
883097278,0,3.075,24.35625,-37.48125
883097298,0,2.9625,24.35625,-37.537502
883097318,0,2.9437501,24.35625,-37.55625
883097338,0,2.9250002,24.337502,-37.575
883097358,0,2.8312502,24.337502,-37.59375
883097378,0,2.8125,24.337502,-37.59375
883097398,0,2.7375002,24.35625,-37.631252
883097418,0,2.625,24.35625,-37.631252
883097438,0,2.68125,24.35625,-37.631252
883097458,0,2.625,24.35625,-37.631252
883097478,0,2.625,24.375002,-37.66875
883097498,0,2.68125,24.375002,-37.66875
883097518,0,2.7,24.375002,-37.66875
883097538,0,2.8312502,24.393751,-37.66875
883097558,0,2.9250002,24.4125,-37.66875
883097578,0,3.0375001,24.431252,-37.65
883097598,0,3.2250001,24.45,-37.6875
883097618,0,3.3937502,24.468752,-37.706253
883097638,0,3.6000001,24.50625,-37.78125
883097658,0,3.7500002,24.50625,-37.78125
883097678,0,3.8625002,24.50625,-37.78125
883097698,0,4.05,24.525002,-37.74375
883097718,0,4.33125,24.54375,-37.7625
883097738,0,4.6125,24.581251,-37.800003
883097758,0,4.93125,24.618752,-37.818752
883097778,0,5.15625,24.618752,-37.800003
883097798,0,5.4187503,24.618752,-37.8375
883097818,0,5.7375,24.656252,-37.85625
883097838,0,6.01875,24.656252,-37.8375
883097858,0,6.3375,24.656252,-37.8375
883097878,0,6.6000004,24.656252,-37.85625
883097898,0,6.9,24.675001,-37.818752
883097918,0,7.2562504,24.675001,-37.818752
883097938,0,7.5937505,24.69375,-37.7625
883097958,0,8.025001,24.712502,-37.7625
883097978,0,8.4375,24.73125,-37.78125
883097998,0,8.887501,24.750002,-37.818752
883098018,0,9.375,24.750002,-37.818752
883098038,0,9.75,24.750002,-37.800003
883098058,0,10.200001,24.73125,-37.800003
883098078,0,10.78125,24.750002,-37.78125
883098098,0,11.25,24.750002,-37.78125
883098118,0,11.75625,24.768751,-37.725002
883098138,0,12.281251,24.768751,-37.706253
883098158,0,12.806251,24.7875,-37.6875
883098178,0,13.368751,24.806252,-37.631252
883098198,0,13.8,24.806252,-37.55625
883098218,0,14.231251,24.768751,-37.443752
883098238,0,14.625001,24.768751,-37.275
883098258,0,15.056251,24.750002,-37.18125
883098278,0,15.58125,24.73125,-37.03125
883098298,0,15.975,24.73125,-36.862503
883098318,0,16.35,24.712502,-36.7125
883098338,0,16.81875,24.712502,-36.54375
883098358,0,17.19375,24.712502,-36.375
883098378,0,17.56875,24.69375,-36.206253
883098398,0,18.0,24.675001,-36.018753
883098418,0,18.375,24.6375,-35.86875
883098438,0,18.73125,24.6,-35.7
883098458,0,19.087502,24.581251,-35.49375
883098478,0,19.48125,24.562502,-35.362503
883098498,0,19.85625,24.54375,-35.175003
883098518,0,20.175001,24.54375,-35.025
883098538,0,20.56875,24.525002,-34.893753
883098558,0,20.8875,24.525002,-34.725002
883098578,0,21.09375,24.525002,-34.59375
883098598,0,21.375,24.50625,-34.48125
883098618,0,21.54375,24.50625,-34.36875
883098638,0,21.675001,24.468752,-34.237503
883098658,0,21.88125,24.468752,-34.10625
883098678,0,22.06875,24.468752,-34.0125
883098698,0,22.237501,24.468752,-33.9375
883098718,0,22.368752,24.487501,-33.862503
883098738,0,22.556252,24.50625,-33.84375
883098758,0,22.63125,24.487501,-33.825
883098778,0,22.575,24.487501,-33.768753
883098798,0,22.63125,24.50625,-33.787502
883098818,0,22.6875,24.50625,-33.80625
883098838,0,22.6875,24.50625,-33.862503
883098858,0,22.706251,24.50625,-33.9375
883098878,0,22.725,24.525002,-34.0125
883098898,0,22.6875,24.525002,-34.068752
883098918,0,22.556252,24.525002,-34.10625
883098938,0,22.3875,24.525002,-34.18125
883098958,0,22.25625,24.50625,-34.256252
883098978,0,21.993752,24.50625,-34.350002
883098998,0,21.75,24.487501,-34.443752
883099018,0,21.50625,24.50625,-34.537502
883099038,0,21.075,24.487501,-34.631252
883099058,0,20.75625,24.487501,-34.74375
883099078,0,20.456251,24.468752,-34.893753
883099098,0,20.0625,24.487501,-35.0625
883099118,0,19.743752,24.487501,-35.193752
883099138,0,19.3125,24.50625,-35.381252
883099158,0,18.900002,24.525002,-35.550003
883099178,0,18.54375,24.54375,-35.7
883099198,0,18.13125,24.581251,-35.86875
883099218,0,17.7,24.618752,-36.05625
883099238,0,17.325,24.656252,-36.2625
883099258,0,16.800001,24.675001,-36.46875
883099278,0,16.331251,24.69375,-36.61875
883099298,0,15.806251,24.712502,-36.768753
883099318,0,15.31875,24.73125,-36.9375
883099338,0,14.793751,24.750002,-37.03125
883099358,0,14.156251,24.768751,-37.10625
883099378,0,13.593751,24.7875,-37.18125
883099398,0,13.06875,24.7875,-37.275
883099418,0,12.4875,24.7875,-37.3875
883099438,0,12.0,24.7875,-37.4625
883099458,0,11.38125,24.768751,-37.518753
883099478,0,10.725,24.73125,-37.55625
883099498,0,10.181251,24.69375,-37.59375
883099518,0,9.731251,24.675001,-37.65
883099538,0,9.3,24.675001,-37.706253
883099558,0,8.83125,24.675001,-37.74375
883099578,0,8.3625,24.656252,-37.818752
883099598,0,7.93125,24.6375,-37.875
883099618,0,7.4437504,24.618752,-37.93125
883099638,0,7.0687504,24.6,-38.006252
883099658,0,6.7312503,24.6,-38.0625
883099678,0,6.3375,24.6,-38.11875
883099698,0,5.9625,24.562502,-38.081253
883099718,0,5.6062503,24.54375,-38.025
883099738,0,5.15625,24.525002,-37.96875
883099758,0,4.8187504,24.487501,-37.893753
883099778,0,4.3500004,24.468752,-37.875
883099798,0,3.9750001,24.468752,-37.85625
883099818,0,3.5625002,24.45,-37.818752
883099838,0,3.16875,24.431252,-37.7625
883099858,0,2.86875,24.393751,-37.706253
883099878,0,2.5500002,24.375002,-37.65
883099898,0,2.25,24.35625,-37.59375
883099918,0,1.95,24.31875,-37.48125
883099938,0,1.66875,24.281252,-37.425003
883099958,0,1.48125,24.243752,-37.36875
883099978,0,1.2750001,24.206251,-37.331253
883099998,0,1.0125,24.206251,-37.350002
883100018,0,0.7875,24.187502,-37.331253
883100038,0,0.6,24.150002,-37.3125
883100058,0,0.45000002,24.13125,-37.3125
883100078,0,0.50625,24.13125,-37.3125
883100098,0,0.39375,24.112501,-37.331253
883100118,0,0.375,24.075,-37.350002
883100138,0,0.375,24.075,-37.350002
883100158,0,0.31875002,24.075,-37.36875
883100178,0,0.35625002,24.056252,-37.350002
883100198,0,0.35625002,24.056252,-37.350002
883100218,0,0.375,24.056252,-37.36875
883100238,0,0.50625,24.075,-37.3875
883100258,0,0.52500004,24.093752,-37.425003
883100278,0,0.65625,24.112501,-37.443752
883100298,0,0.82500005,24.112501,-37.4625
883100318,0,0.99375004,24.13125,-37.5
883100338,0,1.25625,24.16875,-37.55625
883100358,0,1.5375,24.206251,-37.55625
883100378,0,1.7812501,24.225,-37.55625
883100398,0,2.1000001,24.243752,-37.612503
883100418,0,2.325,24.281252,-37.59375
883100438,0,2.6625001,24.300001,-37.612503
883100458,0,3.0,24.31875,-37.612503
883100478,0,3.35625,24.375002,-37.631252
883100498,0,3.7875001,24.4125,-37.65
883100518,0,4.21875,24.45,-37.66875
883100538,0,4.6687503,24.487501,-37.6875
883100558,0,5.175,24.525002,-37.725002
883100578,0,5.64375,24.562502,-37.78125
883100598,0,6.1687503,24.6,-37.8375
883100618,0,6.6937504,24.6375,-37.85625
883100638,0,7.1625004,24.656252,-37.893753
883100658,0,7.6875005,24.675001,-37.912502
883100678,0,8.15625,24.69375,-37.912502
883100698,0,8.7375,24.712502,-37.8375
883100718,0,9.46875,24.750002,-37.8375
883100738,0,10.087501,24.806252,-37.818752
883100758,0,10.70625,24.825,-37.78125
883100778,0,11.26875,24.843752,-37.725002
883100798,0,11.793751,24.825,-37.6875
883100818,0,12.337501,24.825,-37.631252
883100838,0,12.8625,24.825,-37.518753
883100858,0,13.44375,24.825,-37.331253
883100878,0,14.025001,24.806252,-37.18125
883100898,0,14.55,24.806252,-37.0125
883100918,0,15.13125,24.7875,-36.862503
883100938,0,15.58125,24.768751,-36.675003
883100958,0,16.10625,24.73125,-36.487503
883100978,0,16.725,24.712502,-36.28125
883100998,0,17.175001,24.69375,-36.131252
883101018,0,17.643751,24.656252,-35.925003
883101038,0,18.13125,24.618752,-35.737503
883101058,0,18.581251,24.6,-35.550003
883101078,0,19.10625,24.581251,-35.325
883101098,0,19.743752,24.581251,-35.100002
883101118,0,20.306252,24.562502,-34.893753
883101138,0,20.79375,24.54375,-34.66875
883101158,0,21.1875,24.50625,-34.4625
883101178,0,21.54375,24.487501,-34.21875
883101198,0,21.956251,24.468752,-33.956253
883101218,0,22.275002,24.45,-33.7125
883101238,0,22.78125,24.431252,-33.506252
883101258,0,23.081251,24.4125,-33.300003
883101278,0,23.34375,24.4125,-33.16875
883101298,0,23.681252,24.393751,-32.9625
883101318,0,23.90625,24.393751,-32.850002
883101338,0,24.13125,24.35625,-32.71875
883101358,0,24.35625,24.337502,-32.5875
883101378,0,24.487501,24.337502,-32.475002
883101398,0,24.562502,24.31875,-32.381252
883101418,0,24.618752,24.31875,-32.287502
883101438,0,24.712502,24.300001,-32.23125
883101458,0,24.88125,24.31875,-32.175003
883101478,0,25.031252,24.337502,-32.15625
883101498,0,25.125002,24.337502,-32.15625
883101518,0,25.1625,24.35625,-32.175003
883101538,0,25.0125,24.35625,-32.175003
883101558,0,24.937502,24.35625,-32.2125
883101578,0,24.768751,24.375002,-32.287502
883101598,0,24.6,24.375002,-32.362503
883101618,0,24.487501,24.375002,-32.4375
883101638,0,24.31875,24.393751,-32.550003
883101658,0,24.16875,24.4125,-32.643753
883101678,0,24.0375,24.45,-32.8125
883101698,0,23.868752,24.468752,-32.943752
883101718,0,23.7,24.487501,-33.09375
883101738,0,23.53125,24.525002,-33.3375
883101758,0,23.23125,24.562502,-33.600002
883101778,0,22.875,24.562502,-33.862503
883101798,0,22.48125,24.6,-34.0875
883101818,0,22.143751,24.6,-34.350002
883101838,0,21.862501,24.656252,-34.631252
883101858,0,21.54375,24.69375,-34.912502
883101878,0,21.206251,24.712502,-35.1375
883101898,0,20.775002,24.73125,-35.4
883101918,0,20.306252,24.768751,-35.643753
883101938,0,19.875,24.806252,-35.8875
883101958,0,19.3875,24.843752,-36.15
883101978,0,18.862501,24.862501,-36.375
883101998,0,18.2625,24.88125,-36.6375
883102018,0,17.643751,24.88125,-36.881252
883102038,0,16.9125,24.88125,-37.0125
883102058,0,16.237501,24.862501,-37.143753
883102078,0,15.6,24.843752,-37.29375
883102098,0,14.887501,24.862501,-37.443752
883102118,0,14.19375,24.862501,-37.55625
883102138,0,13.5375,24.843752,-37.631252
883102158,0,12.843751,24.843752,-37.725002
883102178,0,12.187501,24.843752,-37.78125
883102198,0,11.55,24.843752,-37.818752
883102218,0,10.931251,24.825,-37.875
883102238,0,10.293751,24.806252,-37.912502
883102258,0,9.637501,24.7875,-37.93125
883102278,0,9.056251,24.750002,-37.95
883102298,0,8.475,24.712502,-37.95
883102318,0,7.93125,24.69375,-37.987503
883102338,0,7.425,24.656252,-38.025
883102358,0,6.95625,24.6375,-38.0625
883102378,0,6.4687505,24.6,-38.081253
883102398,0,6.0937505,24.581251,-38.081253
883102418,0,5.55,24.54375,-38.081253
883102438,0,5.0625,24.50625,-38.081253
883102458,0,4.6687503,24.468752,-38.006252
883102478,0,4.2562504,24.45,-38.025
883102498,0,3.8625002,24.393751,-37.987503
883102518,0,3.4125001,24.35625,-37.95
883102538,0,2.9437501,24.300001,-37.875
883102558,0,2.5125,24.2625,-37.78125
883102578,0,2.0625,24.225,-37.725002
883102598,0,1.6875001,24.206251,-37.612503
883102618,0,1.3312501,24.187502,-37.518753
883102638,0,1.03125,24.16875,-37.4625
883102658,0,0.82500005,24.150002,-37.40625
883102678,0,0.58125,24.150002,-37.350002
883102698,0,0.41250002,24.13125,-37.275
883102718,0,0.43125,24.13125,-37.275
883102738,0,0.41250002,24.150002,-37.275
883102758,0,0.31875002,24.13125,-37.29375
883102778,0,0.28125,24.112501,-37.275
883102798,0,0.22500001,24.112501,-37.29375
883102818,0,0.3,24.112501,-37.29375
883102838,0,0.43125,24.13125,-37.350002
883102858,0,0.54375005,24.150002,-37.36875
883102878,0,0.65625,24.150002,-37.40625
883102898,0,0.675,24.13125,-37.443752
883102918,0,0.75,24.13125,-37.48125
883102938,0,0.80625004,24.150002,-37.4625
883102958,0,0.88125,24.16875,-37.4625
883102978,0,1.06875,24.16875,-37.5
883102998,0,1.1812501,24.187502,-37.55625
883103018,0,1.25625,24.187502,-37.55625
883103038,0,1.40625,24.187502,-37.55625
883103058,0,1.575,24.225,-37.575
883103078,0,1.7812501,24.243752,-37.575
883103098,0,1.9875001,24.243752,-37.575
883103118,0,2.1937501,24.2625,-37.631252
883103138,0,2.4,24.300001,-37.612503
883103158,0,2.5687501,24.31875,-37.66875
883103178,0,2.8312502,24.337502,-37.631252
883103198,0,3.1875002,24.375002,-37.66875
883103218,0,3.4687502,24.4125,-37.706253
883103238,0,3.8437502,24.431252,-37.74375
883103258,0,4.1625004,24.468752,-37.7625
883103278,0,4.425,24.487501,-37.74375
883103298,0,4.7625003,24.525002,-37.74375
883103318,0,5.025,24.562502,-37.706253
883103338,0,5.2312503,24.562502,-37.66875
883103358,0,5.53125,24.562502,-37.6875
883103378,0,5.7562504,24.581251,-37.706253
883103398,0,6.15,24.618752,-37.74375
883103418,0,6.4687505,24.6375,-37.725002
883103438,0,6.80625,24.656252,-37.7625
883103458,0,7.18125,24.69375,-37.725002
883103478,0,7.4625,24.712502,-37.74375
883103498,0,7.7625003,24.69375,-37.74375
883103518,0,8.15625,24.712502,-37.74375
883103538,0,8.418751,24.712502,-37.7625
883103558,0,8.7375,24.712502,-37.7625
883103578,0,9.056251,24.750002,-37.7625
883103598,0,9.356251,24.750002,-37.78125
883103618,0,9.675,24.768751,-37.800003
883103638,0,9.993751,24.768751,-37.8375
883103658,0,10.3125,24.7875,-37.8375
883103678,0,10.668751,24.806252,-37.8375
883103698,0,10.89375,24.825,-37.818752
883103718,0,11.19375,24.862501,-37.78125
883103738,0,11.53125,24.88125,-37.7625
883103758,0,11.85,24.88125,-37.7625
883103778,0,12.13125,24.88125,-37.7625
883103798,0,12.356251,24.900002,-37.800003
883103818,0,12.525001,24.91875,-37.818752
883103838,0,12.750001,24.91875,-37.818752
883103858,0,12.900001,24.91875,-37.818752
883103878,0,13.012501,24.900002,-37.8375
883103898,0,13.106251,24.900002,-37.8375
883103918,0,13.25625,24.900002,-37.893753
883103938,0,13.387501,24.91875,-37.912502
883103958,0,13.481251,24.91875,-37.93125
883103978,0,13.5375,24.937502,-37.93125
883103998,0,13.593751,24.91875,-37.93125
883104018,0,13.593751,24.900002,-37.96875
883104038,0,13.593751,24.900002,-38.006252
883104058,0,13.462501,24.88125,-37.96875
883104078,0,13.406251,24.88125,-37.95
883104098,0,13.33125,24.88125,-37.875
883104118,0,13.181251,24.862501,-37.800003
883104138,0,13.05,24.843752,-37.74375
883104158,0,12.975,24.843752,-37.725002
883104178,0,12.900001,24.843752,-37.706253
883104198,0,12.88125,24.843752,-37.706253
883104218,0,12.76875,24.843752,-37.66875
883104238,0,12.656251,24.825,-37.631252
883104258,0,12.6,24.806252,-37.612503
883104278,0,12.58125,24.806252,-37.59375
883104298,0,12.58125,24.806252,-37.59375
883104318,0,12.543751,24.806252,-37.59375
883104338,0,12.468751,24.7875,-37.55625
883104358,0,12.58125,24.806252,-37.59375
883104378,0,12.543751,24.806252,-37.537502
883104398,0,12.58125,24.806252,-37.575
883104418,0,12.656251,24.806252,-37.59375
883104438,0,12.712501,24.825,-37.59375
883104458,0,12.750001,24.825,-37.575
883104478,0,12.806251,24.825,-37.575
883104498,0,12.750001,24.825,-37.575
883104518,0,12.7875,24.825,-37.575
883104538,0,12.8625,24.825,-37.575
883104558,0,12.88125,24.843752,-37.575
883104578,0,12.900001,24.843752,-37.575
883104598,0,12.900001,24.843752,-37.575
883104618,0,12.918751,24.843752,-37.575
883104638,0,12.937501,24.825,-37.59375
883104658,0,12.843751,24.806252,-37.59375
883104678,0,12.937501,24.825,-37.65
883104698,0,12.975,24.825,-37.6875
883104718,0,13.106251,24.843752,-37.725002
883104738,0,13.218751,24.843752,-37.7625
883104758,0,13.218751,24.843752,-37.74375
883104778,0,13.2375,24.843752,-37.725002
883104798,0,13.293751,24.843752,-37.6875
883104818,0,13.25625,24.825,-37.66875
883104838,0,13.25625,24.825,-37.631252
883104858,0,13.200001,24.806252,-37.612503
883104878,0,13.1625,24.806252,-37.612503
883104898,0,13.14375,24.806252,-37.575
883104918,0,13.14375,24.7875,-37.518753
883104938,0,13.125001,24.7875,-37.5
883104958,0,13.181251,24.7875,-37.5
883104978,0,13.181251,24.7875,-37.5
883104998,0,13.200001,24.7875,-37.518753
883105018,0,13.125001,24.768751,-37.518753
883105038,0,13.087501,24.750002,-37.537502
883105058,0,13.106251,24.768751,-37.575
883105078,0,13.125001,24.768751,-37.631252
883105098,0,13.181251,24.768751,-37.65
883105118,0,13.2375,24.768751,-37.65
883105138,0,13.2375,24.768751,-37.6875
883105158,0,13.275001,24.7875,-37.725002
883105178,0,13.275001,24.806252,-37.7625
883105198,0,13.33125,24.806252,-37.818752
883105218,0,13.33125,24.825,-37.893753
883105238,0,13.35,24.843752,-37.95
883105258,0,13.293751,24.843752,-37.987503
883105278,0,13.275001,24.843752,-38.025
883105298,0,13.2375,24.862501,-38.025
883105318,0,13.1625,24.843752,-38.006252
883105338,0,13.106251,24.843752,-38.025
883105358,0,13.05,24.843752,-38.04375
883105378,0,12.95625,24.843752,-38.0625
883105398,0,12.8625,24.862501,-38.100002
883105418,0,12.806251,24.862501,-38.1375
883105438,0,12.750001,24.862501,-38.15625
883105458,0,12.712501,24.862501,-38.11875
883105478,0,12.675,24.862501,-38.15625
883105498,0,12.4125,24.862501,-38.100002
883105518,0,12.243751,24.843752,-38.0625
883105538,0,12.0,24.843752,-37.93125
883105558,0,11.85,24.825,-37.893753
883105578,0,11.71875,24.825,-37.8375
883105598,0,11.587501,24.806252,-37.8375
883105618,0,11.493751,24.806252,-37.8375
883105638,0,11.418751,24.806252,-37.800003
883105658,0,11.38125,24.825,-37.7625
883105678,0,11.418751,24.843752,-37.7625
883105698,0,11.4375,24.843752,-37.74375
883105718,0,11.512501,24.843752,-37.74375
883105738,0,11.56875,24.862501,-37.725002
883105758,0,11.55,24.862501,-37.78125
883105778,0,11.493751,24.862501,-37.78125
883105798,0,11.606251,24.862501,-37.8375
883105818,0,11.681251,24.862501,-37.875
883105838,0,11.793751,24.862501,-37.93125
883105858,0,11.85,24.862501,-37.912502
883105878,0,11.90625,24.862501,-37.912502
883105898,0,11.85,24.862501,-37.875
883105918,0,11.775001,24.862501,-37.85625
883105938,0,11.775001,24.862501,-37.85625
883105958,0,11.71875,24.843752,-37.85625
883105978,0,11.64375,24.825,-37.8375
883105998,0,11.606251,24.806252,-37.85625
883106018,0,11.45625,24.7875,-37.8375
883106038,0,11.400001,24.768751,-37.818752
883106058,0,11.45625,24.768751,-37.78125
883106078,0,11.55,24.768751,-37.78125
883106098,0,11.64375,24.768751,-37.725002
883106118,0,11.7375,24.768751,-37.74375
883106138,0,11.7375,24.768751,-37.706253
883106158,0,11.83125,24.750002,-37.725002
883106178,0,11.83125,24.750002,-37.706253
883106198,0,12.056251,24.750002,-37.725002
883106218,0,12.20625,24.750002,-37.725002
883106238,0,12.31875,24.768751,-37.74375
883106258,0,12.4875,24.750002,-37.725002
883106278,0,12.637501,24.768751,-37.6875
883106298,0,12.731251,24.750002,-37.631252
883106318,0,12.825001,24.750002,-37.55625
883106338,0,12.8625,24.73125,-37.537502
883106358,0,12.88125,24.712502,-37.48125
883106378,0,12.900001,24.712502,-37.40625
883106398,0,12.937501,24.712502,-37.40625
883106418,0,13.012501,24.712502,-37.331253
883106438,0,13.1625,24.712502,-37.350002
883106458,0,13.275001,24.712502,-37.331253
883106478,0,13.462501,24.69375,-37.3125
883106498,0,13.51875,24.69375,-37.29375
883106518,0,13.687501,24.69375,-37.256252
883106538,0,13.837501,24.69375,-37.2
883106558,0,13.89375,24.69375,-37.21875
883106578,0,13.950001,24.675001,-37.2
883106598,0,13.931251,24.675001,-37.162502
883106618,0,14.025001,24.69375,-37.2
883106638,0,14.19375,24.712502,-37.2
883106658,0,14.26875,24.73125,-37.2
883106678,0,14.3625,24.712502,-37.2
883106698,0,14.418751,24.712502,-37.2
883106718,0,14.475,24.73125,-37.2
883106738,0,14.606251,24.750002,-37.2
883106758,0,14.64375,24.7875,-37.21875
883106778,0,14.606251,24.7875,-37.237503
883106798,0,14.64375,24.806252,-37.256252
883106818,0,14.587501,24.806252,-37.256252
883106838,0,14.55,24.825,-37.29375
883106858,0,14.531251,24.843752,-37.29375
883106878,0,14.437501,24.862501,-37.3125
883106898,0,14.493751,24.88125,-37.331253
883106918,0,14.437501,24.88125,-37.331253
883106938,0,14.306251,24.862501,-37.3125
883106958,0,14.2875,24.88125,-37.350002
883106978,0,14.19375,24.900002,-37.3875
883106998,0,14.118751,24.91875,-37.40625
883107018,0,14.025001,24.88125,-37.425003
883107038,0,13.8,24.88125,-37.425003
883107058,0,13.650001,24.862501,-37.425003
883107078,0,13.593751,24.843752,-37.443752
883107098,0,13.425,24.825,-37.4625
883107118,0,13.312501,24.825,-37.48125
883107138,0,13.200001,24.825,-37.48125
883107158,0,13.087501,24.806252,-37.537502
883107178,0,13.031251,24.806252,-37.612503
883107198,0,12.88125,24.806252,-37.66875
883107218,0,12.825001,24.806252,-37.706253
883107238,0,12.731251,24.825,-37.7625
883107258,0,12.543751,24.7875,-37.818752
883107278,0,12.4125,24.7875,-37.8375
883107298,0,12.225,24.7875,-37.85625
883107318,0,12.0375,24.806252,-37.893753
883107338,0,11.90625,24.806252,-37.93125
883107358,0,11.71875,24.806252,-37.96875
883107378,0,11.512501,24.806252,-38.006252
883107398,0,11.34375,24.806252,-38.025
883107418,0,11.0625,24.768751,-38.025
883107438,0,10.8,24.750002,-38.006252
883107458,0,10.44375,24.712502,-37.96875
883107478,0,10.1625,24.69375,-37.912502
883107498,0,9.84375,24.69375,-37.875
883107518,0,9.525001,24.69375,-37.85625
883107538,0,9.28125,24.69375,-37.8375
883107558,0,9.056251,24.69375,-37.8375
883107578,0,8.793751,24.675001,-37.800003
883107598,0,8.64375,24.656252,-37.78125
883107618,0,8.3625,24.618752,-37.74375
883107638,0,8.15625,24.6,-37.725002
883107658,0,8.025001,24.581251,-37.706253
883107678,0,7.9500003,24.6,-37.6875
883107698,0,7.8562503,24.6,-37.66875
883107718,0,7.8375,24.6375,-37.6875
883107738,0,7.8562503,24.656252,-37.7625
883107758,0,7.9687505,24.712502,-37.8375
883107778,0,7.9500003,24.712502,-37.875
883107798,0,7.9875,24.69375,-37.95
883107818,0,7.9687505,24.712502,-37.96875
883107838,0,7.9500003,24.712502,-37.987503
883107858,0,7.8750005,24.69375,-37.912502
883107878,0,7.7625003,24.69375,-37.912502
883107898,0,7.6687503,24.69375,-37.95
883107918,0,7.6875005,24.712502,-37.95
883107938,0,7.6125,24.73125,-37.93125
883107958,0,7.4812503,24.73125,-37.93125
883107978,0,7.36875,24.73125,-37.912502
883107998,0,7.3125005,24.712502,-37.93125
883108018,0,7.2562504,24.712502,-37.93125
883108038,0,7.2000003,24.69375,-37.893753
883108058,0,7.1250005,24.656252,-37.85625
883108078,0,7.1250005,24.6375,-37.818752
883108098,0,7.1062503,24.656252,-37.78125
883108118,0,7.2187505,24.618752,-37.74375
883108138,0,7.2937503,24.6375,-37.7625
883108158,0,7.51875,24.656252,-37.818752
883108178,0,7.7812505,24.69375,-37.8375
883108198,0,7.93125,24.712502,-37.85625
883108218,0,8.025001,24.69375,-37.8375
883108238,0,8.231251,24.69375,-37.875
883108258,0,8.3625,24.712502,-37.875
883108278,0,8.55,24.69375,-37.912502
883108298,0,8.75625,24.712502,-37.893753
883108318,0,8.925,24.73125,-37.93125
883108338,0,9.09375,24.73125,-37.93125
883108358,0,9.375,24.768751,-37.912502
883108378,0,9.675,24.806252,-37.893753
883108398,0,9.975,24.806252,-37.893753
883108418,0,10.200001,24.843752,-37.93125
883108438,0,10.44375,24.843752,-37.93125
883108458,0,10.70625,24.862501,-37.912502
883108478,0,11.025001,24.862501,-37.93125
883108498,0,11.38125,24.862501,-37.93125
883108518,0,11.7375,24.88125,-37.93125
883108538,0,12.0375,24.900002,-37.912502
883108558,0,12.4125,24.91875,-37.893753
883108578,0,12.712501,24.91875,-37.875
883108598,0,13.012501,24.900002,-37.818752
883108618,0,13.293751,24.900002,-37.74375
883108638,0,13.500001,24.88125,-37.65
883108658,0,13.70625,24.862501,-37.59375
883108678,0,13.931251,24.862501,-37.55625
883108698,0,14.250001,24.862501,-37.5
883108718,0,14.587501,24.862501,-37.425003
883108738,0,14.906251,24.88125,-37.36875
883108758,0,15.225,24.88125,-37.29375
883108778,0,15.431251,24.862501,-37.21875
883108798,0,15.712501,24.862501,-37.162502
883108818,0,15.975,24.862501,-37.050003
883108838,0,16.237501,24.862501,-36.99375
883108858,0,16.5,24.843752,-36.91875
883108878,0,16.78125,24.825,-36.84375
883108898,0,16.96875,24.825,-36.825
883108918,0,17.268751,24.825,-36.787502
883108938,0,17.60625,24.825,-36.768753
883108958,0,17.868752,24.825,-36.768753
883108978,0,18.075,24.825,-36.7125
883108998,0,18.225,24.825,-36.693752
883109018,0,18.4125,24.7875,-36.65625
883109038,0,18.525002,24.768751,-36.600002
883109058,0,18.581251,24.768751,-36.581253
883109078,0,18.712502,24.750002,-36.54375
883109098,0,18.768751,24.750002,-36.487503
883109118,0,18.862501,24.750002,-36.487503
883109138,0,18.975,24.73125,-36.43125
883109158,0,19.050001,24.750002,-36.412502
883109178,0,19.087502,24.750002,-36.393753
883109198,0,19.181252,24.73125,-36.35625
883109218,0,19.21875,24.750002,-36.3375
883109238,0,19.237501,24.73125,-36.318752
883109258,0,19.237501,24.712502,-36.318752
883109278,0,19.275002,24.712502,-36.3375
883109298,0,19.237501,24.69375,-36.3375
883109318,0,19.237501,24.69375,-36.35625
883109338,0,19.237501,24.69375,-36.318752
883109358,0,19.21875,24.675001,-36.225002
883109378,0,19.143751,24.675001,-36.09375
883109398,0,19.087502,24.675001,-36.037502
883109418,0,19.0125,24.675001,-35.9625
883109438,0,18.9375,24.69375,-35.925003
883109458,0,18.84375,24.712502,-35.86875
883109478,0,18.7875,24.73125,-35.831253
883109498,0,18.618752,24.73125,-35.737503
883109518,0,18.375,24.73125,-35.662502
883109538,0,18.112501,24.750002,-35.568752
883109558,0,17.868752,24.768751,-35.475002
883109578,0,17.587502,24.768751,-35.4
883109598,0,17.34375,24.768751,-35.325
883109618,0,17.025002,24.7875,-35.25
883109638,0,16.706251,24.825,-35.23125
883109658,0,16.462502,24.825,-35.30625
883109678,0,16.237501,24.843752,-35.381252
883109698,0,15.993751,24.862501,-35.456253
883109718,0,15.7875,24.88125,-35.5125
883109738,0,15.468751,24.900002,-35.568752
883109758,0,15.093751,24.88125,-35.60625
883109778,0,14.681251,24.88125,-35.60625
883109798,0,14.3625,24.900002,-35.7
883109818,0,14.1,24.91875,-35.79375
883109838,0,13.837501,24.91875,-35.850002
883109858,0,13.51875,24.937502,-35.8875
883109878,0,13.2375,24.937502,-35.943752
883109898,0,12.918751,24.956251,-36.018753
883109918,0,12.637501,24.956251,-36.09375
883109938,0,12.3,24.937502,-36.16875
883109958,0,11.962501,24.91875,-36.206253
883109978,0,11.64375,24.900002,-36.375
883109998,0,11.306251,24.88125,-36.525
883110018,0,10.89375,24.88125,-36.6375
883110038,0,10.59375,24.862501,-36.787502
883110058,0,10.3125,24.862501,-36.9375
883110078,0,10.05,24.862501,-37.125
883110098,0,9.731251,24.843752,-37.237503
883110118,0,9.4125,24.825,-37.350002
883110138,0,9.075001,24.7875,-37.48125
883110158,0,8.793751,24.768751,-37.631252
883110178,0,8.475,24.750002,-37.7625
883110198,0,8.15625,24.712502,-37.875
883110218,0,7.74375,24.675001,-37.93125
883110238,0,7.3500004,24.6375,-37.93125
883110258,0,6.9187503,24.6375,-37.95
883110278,0,6.4687505,24.6,-37.875
883110298,0,6.1125,24.54375,-37.800003
883110318,0,5.83125,24.50625,-37.78125
883110338,0,5.4750004,24.468752,-37.7625
883110358,0,5.2312503,24.431252,-37.74375
883110378,0,4.9500003,24.393751,-37.6875
883110398,0,4.7625003,24.393751,-37.65
883110418,0,4.6125,24.375002,-37.631252
883110438,0,4.51875,24.375002,-37.66875
883110458,0,4.3875003,24.375002,-37.6875
883110478,0,4.275,24.375002,-37.706253
883110498,0,4.14375,24.375002,-37.66875
883110518,0,4.18125,24.393751,-37.706253
883110538,0,4.21875,24.393751,-37.78125
883110558,0,4.2937503,24.393751,-37.875
883110578,0,4.3500004,24.4125,-37.95
883110598,0,4.3875003,24.45,-38.006252
883110618,0,4.40625,24.45,-38.025
883110638,0,4.5,24.468752,-38.04375
883110658,0,4.5375004,24.487501,-38.081253
883110678,0,4.70625,24.50625,-38.11875
883110698,0,4.7625003,24.54375,-38.15625
883110718,0,4.89375,24.562502,-38.175003
883110738,0,5.08125,24.581251,-38.175003
883110758,0,5.2312503,24.6,-38.175003
883110778,0,5.30625,24.6,-38.1375
883110798,0,5.4187503,24.581251,-38.1375
883110818,0,5.4750004,24.581251,-38.11875
883110838,0,5.6062503,24.6,-38.100002
883110858,0,5.68125,24.6,-38.081253
883110878,0,5.8125,24.6,-38.0625
883110898,0,5.9625,24.581251,-38.04375
883110918,0,6.0937505,24.6,-38.0625
883110938,0,6.2625003,24.618752,-38.04375
883110958,0,6.4687505,24.618752,-37.987503
883110978,0,6.6562505,24.6,-37.93125
883110998,0,6.9,24.6,-37.95
883111018,0,7.0312505,24.6,-37.93125
883111038,0,7.14375,24.581251,-37.912502
883111058,0,7.3500004,24.581251,-37.93125
883111078,0,7.5375004,24.618752,-37.95
883111098,0,7.7812505,24.6375,-37.912502
883111118,0,8.043751,24.656252,-37.85625
883111138,0,8.25,24.675001,-37.8375
883111158,0,8.55,24.675001,-37.818752
883111178,0,8.85,24.69375,-37.7625
883111198,0,9.1125,24.712502,-37.74375
883111218,0,9.4125,24.712502,-37.706253
883111238,0,9.712501,24.712502,-37.706253
883111258,0,10.03125,24.712502,-37.725002
883111278,0,10.3125,24.73125,-37.74375
883111298,0,10.59375,24.750002,-37.7625
883111318,0,10.89375,24.750002,-37.7625
883111338,0,11.137501,24.768751,-37.74375
883111358,0,11.4375,24.7875,-37.725002
883111378,0,11.83125,24.806252,-37.725002
883111398,0,12.187501,24.825,-37.725002
883111418,0,12.50625,24.825,-37.78125
883111438,0,12.843751,24.825,-37.800003
883111458,0,13.05,24.825,-37.7625
883111478,0,13.312501,24.806252,-37.7625
883111498,0,13.51875,24.7875,-37.706253
883111518,0,13.687501,24.806252,-37.65
883111538,0,13.856251,24.768751,-37.575
883111558,0,13.89375,24.750002,-37.518753
883111578,0,13.931251,24.73125,-37.48125
883111598,0,14.025001,24.73125,-37.425003
883111618,0,14.062501,24.712502,-37.3875
883111638,0,14.175,24.69375,-37.350002
883111658,0,14.250001,24.675001,-37.29375
883111678,0,14.2875,24.675001,-37.256252
883111698,0,14.418751,24.675001,-37.21875
883111718,0,14.512501,24.69375,-37.18125
883111738,0,14.64375,24.712502,-37.162502
883111758,0,14.793751,24.73125,-37.2
883111778,0,14.812501,24.750002,-37.21875
883111798,0,14.868751,24.768751,-37.275
883111818,0,14.906251,24.768751,-37.3125
883111838,0,14.887501,24.806252,-37.3875
883111858,0,14.94375,24.825,-37.4625
883111878,0,14.981251,24.825,-37.48125
883111898,0,14.868751,24.843752,-37.5
883111918,0,14.85,24.843752,-37.518753
883111938,0,14.7375,24.843752,-37.59375
883111958,0,14.606251,24.843752,-37.65
883111978,0,14.45625,24.843752,-37.706253
883111998,0,14.231251,24.843752,-37.800003
883112018,0,14.043751,24.825,-37.85625
883112038,0,13.725,24.806252,-37.875
883112058,0,13.387501,24.768751,-37.8375
883112078,0,13.1625,24.7875,-37.893753
883112098,0,12.825001,24.7875,-37.893753
883112118,0,12.525001,24.7875,-37.93125
883112138,0,12.243751,24.7875,-37.893753
883112158,0,11.962501,24.7875,-37.85625
883112178,0,11.700001,24.7875,-37.875
883112198,0,11.418751,24.7875,-37.912502
883112218,0,11.137501,24.7875,-37.95
883112238,0,10.856251,24.7875,-37.96875
883112258,0,10.5375,24.7875,-37.987503
883112278,0,10.25625,24.7875,-37.96875
883112298,0,9.806251,24.768751,-37.893753
883112318,0,9.337501,24.750002,-37.85625
883112338,0,8.981251,24.73125,-37.8375
883112358,0,8.6625,24.73125,-37.875
883112378,0,8.26875,24.69375,-37.8375
883112398,0,7.93125,24.656252,-37.8375
883112418,0,7.5750003,24.6375,-37.78125
883112438,0,7.275,24.6375,-37.78125
883112458,0,6.99375,24.6375,-37.800003
883112478,0,6.6937504,24.618752,-37.78125
883112498,0,6.4125004,24.581251,-37.725002
883112518,0,6.1687503,24.581251,-37.66875
883112538,0,5.8875003,24.562502,-37.612503
883112558,0,5.64375,24.54375,-37.55625
883112578,0,5.3812504,24.54375,-37.518753
883112598,0,5.3250003,24.54375,-37.55625
883112618,0,5.25,24.562502,-37.59375
883112638,0,5.15625,24.54375,-37.631252
883112658,0,5.11875,24.54375,-37.65
883112678,0,5.15625,24.54375,-37.6875
883112698,0,5.1937504,24.562502,-37.706253
883112718,0,5.30625,24.581251,-37.800003
883112738,0,5.1937504,24.581251,-37.818752
883112758,0,5.0437503,24.581251,-37.8375
883112778,0,4.9875,24.562502,-37.818752
883112798,0,4.89375,24.562502,-37.818752
883112818,0,4.8,24.54375,-37.818752
883112838,0,4.7625003,24.54375,-37.800003
883112858,0,4.6312504,24.54375,-37.800003
883112878,0,4.6312504,24.525002,-37.8375
883112898,0,4.59375,24.50625,-37.8375
883112918,0,4.59375,24.50625,-37.818752
883112938,0,4.59375,24.50625,-37.800003
883112958,0,4.55625,24.525002,-37.7625
883112978,0,4.55625,24.525002,-37.725002
883112998,0,4.59375,24.525002,-37.74375
883113018,0,4.5750003,24.525002,-37.66875
883113038,0,4.70625,24.50625,-37.706253
883113058,0,4.875,24.50625,-37.706253
883113078,0,5.0062504,24.50625,-37.7625
883113098,0,5.175,24.50625,-37.7625
883113118,0,5.26875,24.50625,-37.800003
883113138,0,5.4,24.50625,-37.818752
883113158,0,5.68125,24.525002,-37.8375
883113178,0,5.775,24.54375,-37.818752
883113198,0,5.9437504,24.54375,-37.818752
883113218,0,6.1312504,24.562502,-37.800003
883113238,0,6.2625003,24.581251,-37.78125
883113258,0,6.39375,24.562502,-37.78125
883113278,0,6.5062504,24.581251,-37.78125
883113298,0,6.6937504,24.581251,-37.74375
883113318,0,6.8437505,24.581251,-37.74375
883113338,0,6.9,24.581251,-37.725002
883113358,0,7.0687504,24.6,-37.74375
883113378,0,7.2000003,24.6,-37.7625
883113398,0,7.33125,24.618752,-37.818752
883113418,0,7.5375004,24.6375,-37.818752
883113438,0,7.74375,24.675001,-37.8375
883113458,0,7.8750005,24.675001,-37.875
883113478,0,8.08125,24.69375,-37.95
883113498,0,8.212501,24.712502,-38.006252
883113518,0,8.325001,24.712502,-38.04375
883113538,0,8.418751,24.712502,-38.0625
883113558,0,8.55,24.712502,-38.11875
883113578,0,8.625,24.712502,-38.15625
883113598,0,8.681251,24.712502,-38.193752
883113618,0,8.75625,24.712502,-38.2125
883113638,0,8.868751,24.73125,-38.2125
883113658,0,8.90625,24.73125,-38.2125
883113678,0,9.01875,24.750002,-38.193752
883113698,0,9.13125,24.768751,-38.193752
883113718,0,9.243751,24.806252,-38.25
883113738,0,9.337501,24.825,-38.287502
883113758,0,9.356251,24.843752,-38.287502
883113778,0,9.31875,24.843752,-38.30625
883113798,0,9.28125,24.825,-38.30625
883113818,0,9.243751,24.843752,-38.30625
883113838,0,9.243751,24.843752,-38.325
883113858,0,9.1875,24.843752,-38.325
883113878,0,9.13125,24.843752,-38.34375
883113898,0,9.056251,24.862501,-38.325
883113918,0,9.01875,24.862501,-38.325
883113938,0,9.0,24.843752,-38.325
883113958,0,8.925,24.843752,-38.325
883113978,0,8.75625,24.806252,-38.325
883113998,0,8.64375,24.7875,-38.362503
883114018,0,8.2875,24.750002,-38.30625
883114038,0,8.043751,24.69375,-38.23125
883114058,0,7.8187504,24.675001,-38.175003
883114078,0,7.6312504,24.656252,-38.100002
883114098,0,7.4812503,24.656252,-38.04375
883114118,0,7.3500004,24.656252,-38.006252
883114138,0,7.1625004,24.618752,-37.987503
883114158,0,7.0312505,24.618752,-37.95
883114178,0,6.9,24.6,-37.95
883114198,0,6.7875004,24.581251,-37.96875
883114218,0,6.58125,24.562502,-37.96875
883114238,0,6.4125004,24.54375,-37.987503
883114258,0,6.3,24.54375,-37.96875
883114278,0,6.1687503,24.525002,-37.987503
883114298,0,6.0,24.525002,-37.96875
883114318,0,5.9812503,24.525002,-38.006252
883114338,0,5.7937503,24.50625,-37.987503
883114358,0,5.6625004,24.487501,-37.96875
883114378,0,5.5687504,24.468752,-37.95
883114398,0,5.4187503,24.45,-37.93125
883114418,0,5.3250003,24.45,-37.93125
883114438,0,5.25,24.45,-37.93125
883114458,0,5.1375003,24.45,-37.95
883114478,0,5.08125,24.45,-37.93125
883114498,0,5.0437503,24.468752,-37.893753
883114518,0,4.96875,24.487501,-37.875
883114538,0,4.8187504,24.468752,-37.800003
883114558,0,4.6875,24.468752,-37.78125
883114578,0,4.55625,24.468752,-37.725002
883114598,0,4.5,24.487501,-37.66875
883114618,0,4.5,24.487501,-37.612503
883114638,0,4.59375,24.487501,-37.631252
883114658,0,4.6312504,24.525002,-37.631252
883114678,0,4.78125,24.54375,-37.66875
883114698,0,5.0062504,24.562502,-37.6875
883114718,0,5.15625,24.581251,-37.706253
883114738,0,5.3250003,24.6,-37.725002
883114758,0,5.4375,24.618752,-37.6875
883114778,0,5.4750004,24.618752,-37.66875
883114798,0,5.5875,24.6,-37.631252
883114818,0,5.7375,24.618752,-37.65
883114838,0,6.0,24.6375,-37.66875
883114858,0,6.1875005,24.6375,-37.65
883114878,0,6.4125004,24.656252,-37.66875
883114898,0,6.675,24.6375,-37.65
883114918,0,6.8250003,24.656252,-37.66875
883114938,0,6.95625,24.675001,-37.66875
883114958,0,7.2187505,24.675001,-37.725002
883114978,0,7.425,24.675001,-37.725002
883114998,0,7.5937505,24.675001,-37.725002
883115018,0,7.8562503,24.675001,-37.706253
883115038,0,8.08125,24.675001,-37.706253
883115058,0,8.4375,24.675001,-37.7625
883115078,0,8.85,24.69375,-37.7625
883115098,0,9.1875,24.69375,-37.78125
883115118,0,9.618751,24.69375,-37.800003
883115138,0,10.03125,24.73125,-37.818752
883115158,0,10.5,24.750002,-37.8375
883115178,0,10.950001,24.768751,-37.85625
883115198,0,11.38125,24.7875,-37.893753
883115218,0,11.94375,24.7875,-37.93125
883115238,0,12.450001,24.806252,-37.95
883115258,0,12.88125,24.825,-37.893753
883115278,0,13.33125,24.806252,-37.85625
883115298,0,13.70625,24.825,-37.818752
883115318,0,14.1,24.825,-37.78125
883115338,0,14.512501,24.862501,-37.74375
883115358,0,14.906251,24.862501,-37.66875
883115378,0,15.225,24.862501,-37.612503
883115398,0,15.6,24.862501,-37.537502
883115418,0,15.918751,24.843752,-37.4625
883115438,0,16.2,24.825,-37.3875
883115458,0,16.462502,24.7875,-37.331253
883115478,0,16.78125,24.768751,-37.237503
883115498,0,17.00625,24.768751,-37.143753
883115518,0,17.25,24.750002,-37.03125
883115538,0,17.53125,24.750002,-36.9375
883115558,0,17.75625,24.750002,-36.881252
883115578,0,17.962502,24.73125,-36.80625
883115598,0,18.16875,24.73125,-36.73125
883115618,0,18.300001,24.712502,-36.675003
883115638,0,18.431252,24.675001,-36.581253
883115658,0,18.581251,24.675001,-36.525
883115678,0,18.7875,24.675001,-36.525
883115698,0,18.91875,24.675001,-36.46875
883115718,0,19.06875,24.69375,-36.45
883115738,0,19.2,24.712502,-36.412502
883115758,0,19.3125,24.750002,-36.393753
883115778,0,19.3125,24.768751,-36.375
883115798,0,19.331251,24.768751,-36.35625
883115818,0,19.29375,24.768751,-36.3375
883115838,0,19.237501,24.768751,-36.3375
883115858,0,19.1625,24.768751,-36.300003
883115878,0,19.03125,24.768751,-36.300003
883115898,0,18.825,24.768751,-36.28125
883115918,0,18.675001,24.768751,-36.28125
883115938,0,18.46875,24.768751,-36.3375
883115958,0,18.2625,24.750002,-36.35625
883115978,0,18.018751,24.750002,-36.35625
883115998,0,17.79375,24.768751,-36.393753
883116018,0,17.493752,24.768751,-36.412502
883116038,0,17.19375,24.750002,-36.43125
883116058,0,16.893751,24.750002,-36.43125
883116078,0,16.706251,24.750002,-36.45
883116098,0,16.48125,24.750002,-36.525
883116118,0,16.275002,24.768751,-36.6375
883116138,0,16.03125,24.768751,-36.7125
883116158,0,15.8625,24.768751,-36.825
883116178,0,15.637501,24.750002,-36.881252
883116198,0,15.4125,24.750002,-36.975002
883116218,0,15.1125,24.750002,-37.050003
883116238,0,14.83125,24.750002,-37.10625
883116258,0,14.55,24.750002,-37.162502
883116278,0,14.306251,24.750002,-37.2
883116298,0,14.1,24.750002,-37.275
883116318,0,13.875001,24.750002,-37.350002
883116338,0,13.668751,24.750002,-37.425003
883116358,0,13.406251,24.73125,-37.5
883116378,0,13.125001,24.73125,-37.55625
883116398,0,12.825001,24.73125,-37.59375
883116418,0,12.4125,24.712502,-37.59375
883116438,0,12.1125,24.69375,-37.575
883116458,0,11.75625,24.712502,-37.59375
883116478,0,11.45625,24.73125,-37.631252
883116498,0,11.26875,24.750002,-37.65
883116518,0,11.08125,24.768751,-37.65
883116538,0,10.875,24.7875,-37.66875
883116558,0,10.70625,24.806252,-37.65
883116578,0,10.40625,24.806252,-37.706253
883116598,0,10.087501,24.768751,-37.74375
883116618,0,9.806251,24.750002,-37.7625
883116638,0,9.6,24.750002,-37.818752
883116658,0,9.375,24.750002,-37.8375
883116678,0,9.168751,24.73125,-37.893753
883116698,0,9.01875,24.73125,-37.93125
883116718,0,8.981251,24.768751,-37.987503
883116738,0,8.868751,24.7875,-38.081253
883116758,0,8.775001,24.768751,-38.100002
883116778,0,8.625,24.73125,-38.15625
883116798,0,8.4375,24.712502,-38.15625
883116818,0,8.25,24.69375,-38.15625
883116838,0,8.08125,24.69375,-38.193752
883116858,0,7.8375,24.675001,-38.2125
883116878,0,7.6875005,24.656252,-38.193752
883116898,0,7.4812503,24.656252,-38.15625
883116918,0,7.3500004,24.675001,-38.100002
883116938,0,7.2000003,24.656252,-38.025
883116958,0,7.1250005,24.656252,-38.04375
883116978,0,7.0125003,24.656252,-38.0625
883116998,0,6.9,24.656252,-38.0625
883117018,0,6.8250003,24.6375,-38.025
883117038,0,6.7125,24.618752,-37.987503
883117058,0,6.61875,24.6375,-37.96875
883117078,0,6.6375003,24.656252,-37.96875
883117098,0,6.61875,24.69375,-37.987503
883117118,0,6.675,24.69375,-38.025
883117138,0,6.675,24.69375,-38.025
883117158,0,6.6562505,24.69375,-38.04375
883117178,0,6.6937504,24.69375,-38.04375
883117198,0,6.7875004,24.69375,-38.04375
883117218,0,6.8250003,24.675001,-38.0625
883117238,0,6.8812504,24.675001,-38.081253
883117258,0,6.8812504,24.69375,-38.025
883117278,0,6.95625,24.675001,-37.96875
883117298,0,7.0312505,24.656252,-37.893753
883117318,0,7.14375,24.675001,-37.875
883117338,0,7.33125,24.675001,-37.875
883117358,0,7.5375004,24.675001,-37.875
883117378,0,7.6875005,24.656252,-37.893753
883117398,0,7.89375,24.6375,-37.93125
883117418,0,8.1,24.656252,-37.93125
883117438,0,8.418751,24.656252,-37.96875
883117458,0,8.793751,24.675001,-37.987503
883117478,0,9.1125,24.69375,-38.025
883117498,0,9.450001,24.73125,-38.0625
883117518,0,9.7875,24.750002,-38.100002
883117538,0,10.106251,24.768751,-38.1375
883117558,0,10.5375,24.7875,-38.175003
883117578,0,10.89375,24.806252,-38.2125
883117598,0,11.2875,24.825,-38.23125
883117618,0,11.625,24.843752,-38.23125
883117638,0,11.94375,24.843752,-38.23125
883117658,0,12.3,24.862501,-38.193752
883117678,0,12.750001,24.862501,-38.15625
883117698,0,13.1625,24.88125,-38.11875
883117718,0,13.575001,24.88125,-38.0625
883117738,0,13.89375,24.88125,-37.987503
883117758,0,14.325001,24.88125,-37.95
883117778,0,14.6625,24.88125,-37.85625
883117798,0,14.962501,24.88125,-37.78125
883117818,0,15.31875,24.843752,-37.66875
883117838,0,15.69375,24.843752,-37.537502
883117858,0,16.0125,24.825,-37.4625
883117878,0,16.368752,24.843752,-37.36875
883117898,0,16.66875,24.806252,-37.256252
883117918,0,16.987501,24.7875,-37.162502
883117938,0,17.212502,24.7875,-37.03125
883117958,0,17.41875,24.7875,-36.9375
883117978,0,17.6625,24.768751,-36.80625
883117998,0,17.868752,24.768751,-36.6375
883118018,0,18.018751,24.73125,-36.506252
883118038,0,18.225,24.712502,-36.393753
883118058,0,18.2625,24.69375,-36.225002
883118078,0,18.431252,24.675001,-36.112503
883118098,0,18.65625,24.656252,-36.018753
883118118,0,18.75,24.675001,-35.925003
883118138,0,18.806252,24.6375,-35.86875
883118158,0,18.900002,24.618752,-35.775
883118178,0,18.975,24.6,-35.71875
883118198,0,19.087502,24.6,-35.7
883118218,0,19.10625,24.6,-35.643753
883118238,0,19.21875,24.6,-35.625
883118258,0,19.275002,24.581251,-35.60625
883118278,0,19.331251,24.6,-35.643753
883118298,0,19.368752,24.581251,-35.662502
883118318,0,19.425001,24.6,-35.71875
883118338,0,19.425001,24.6,-35.775
883118358,0,19.5375,24.6,-35.86875
883118378,0,19.35,24.618752,-35.943752
883118398,0,19.181252,24.6375,-36.0
883118418,0,19.1625,24.656252,-36.05625
883118438,0,19.0125,24.675001,-36.16875
883118458,0,18.7875,24.69375,-36.2625
883118478,0,18.581251,24.73125,-36.3375
883118498,0,18.300001,24.750002,-36.393753
883118518,0,18.075,24.768751,-36.54375
883118538,0,17.775002,24.768751,-36.6375
883118558,0,17.475,24.768751,-36.787502
883118578,0,17.081251,24.7875,-36.862503
883118598,0,16.612501,24.806252,-36.99375
883118618,0,16.2,24.7875,-37.0875
883118638,0,15.656251,24.768751,-37.143753
883118658,0,15.093751,24.7875,-37.21875
883118678,0,14.793751,24.7875,-37.36875
883118698,0,14.3625,24.825,-37.4625
883118718,0,13.856251,24.825,-37.575
883118738,0,13.51875,24.825,-37.631252
883118758,0,13.14375,24.806252,-37.6875
883118778,0,12.675,24.7875,-37.7625
883118798,0,12.13125,24.768751,-37.8375
883118818,0,11.512501,24.750002,-37.85625
883118838,0,11.025001,24.712502,-37.85625
883118858,0,10.462501,24.712502,-37.85625
883118878,0,9.9375,24.69375,-37.875
883118898,0,9.50625,24.675001,-37.893753
883118918,0,9.0375,24.656252,-37.912502
883118938,0,8.6625,24.656252,-37.893753
883118958,0,8.325001,24.6375,-37.912502
883118978,0,7.8750005,24.6,-37.912502
883118998,0,7.51875,24.562502,-37.912502
883119018,0,7.0312505,24.54375,-37.85625
883119038,0,6.5625005,24.525002,-37.85625
883119058,0,6.1312504,24.487501,-37.8375
883119078,0,5.7375,24.487501,-37.818752
883119098,0,5.4375,24.468752,-37.800003
883119118,0,5.2312503,24.45,-37.78125
883119138,0,4.9125004,24.431252,-37.78125
883119158,0,4.6875,24.431252,-37.818752
883119178,0,4.425,24.431252,-37.818752
883119198,0,4.2000003,24.4125,-37.8375
883119218,0,3.9750001,24.4125,-37.8375
883119238,0,3.7875001,24.4125,-37.85625
883119258,0,3.6375,24.393751,-37.818752
883119278,0,3.54375,24.393751,-37.85625
883119298,0,3.3750002,24.393751,-37.875
883119318,0,3.3375,24.35625,-37.95
883119338,0,3.075,24.337502,-37.912502
883119358,0,2.90625,24.31875,-37.893753
883119378,0,2.775,24.300001,-37.818752
883119398,0,2.60625,24.300001,-37.818752
883119418,0,2.4375,24.281252,-37.818752
883119438,0,2.34375,24.281252,-37.800003
883119458,0,2.2125,24.2625,-37.74375
883119478,0,2.1937501,24.243752,-37.706253
883119498,0,2.11875,24.225,-37.66875
883119518,0,2.1000001,24.225,-37.65
883119538,0,2.04375,24.225,-37.66875
883119558,0,1.95,24.225,-37.65
883119578,0,1.8375001,24.206251,-37.575
883119598,0,1.81875,24.187502,-37.518753
883119618,0,1.7625,24.150002,-37.443752
883119638,0,1.8375001,24.093752,-37.425003
883119658,0,1.8750001,24.056252,-37.40625
883119678,0,1.8937501,24.0,-37.40625
883119698,0,1.8937501,23.925001,-37.3125
883119718,0,1.9125,23.85,-37.237503
883119738,0,1.95,23.75625,-37.162502
883119758,0,1.8937501,23.6625,-37.050003
883119778,0,1.725,23.550001,-36.9375
883119798,0,1.63125,23.41875,-36.80625
883119818,0,1.5,23.2875,-36.675003
883119838,0,1.40625,23.1375,-36.5625
883119858,0,1.35,22.987501,-36.43125
883119878,0,1.2375001,22.81875,-36.300003
883119898,0,1.1812501,22.6875,-36.16875
883119918,0,1.10625,22.556252,-36.075
883119938,0,1.03125,22.462502,-35.9625
883119958,0,0.95625,22.35,-35.831253
883119978,0,0.90000004,22.25625,-35.756252
883119998,0,0.93750006,22.1625,-35.737503
883120018,0,0.93750006,22.087502,-35.7
883120038,0,0.88125,22.03125,-35.662502
883120058,0,0.91875005,21.956251,-35.643753
883120078,0,1.0125,21.91875,-35.643753
883120098,0,1.03125,21.900002,-35.625
883120118,0,1.125,21.88125,-35.625
883120138,0,1.1625,21.88125,-35.5875
883120158,0,1.2,21.88125,-35.568752
883120178,0,1.2,21.88125,-35.625
883120198,0,1.21875,21.900002,-35.625
883120218,0,1.2750001,21.900002,-35.5875
883120238,0,1.3125,21.91875,-35.60625
883120258,0,1.3687501,21.9375,-35.625
883120278,0,1.44375,21.9375,-35.643753
883120298,0,1.4625001,21.956251,-35.625
883120318,0,1.5187501,21.9375,-35.625
883120338,0,1.5937501,21.956251,-35.625
883120358,0,1.6875001,21.975,-35.643753
883120378,0,1.7625,21.993752,-35.643753
883120398,0,1.8750001,22.0125,-35.68125
883120418,0,1.9312501,22.03125,-35.68125
883120438,0,2.0625,22.050001,-35.68125
883120458,0,2.15625,22.087502,-35.662502
883120478,0,2.325,22.10625,-35.662502
883120498,0,2.41875,22.143751,-35.68125
883120518,0,2.5687501,22.181252,-35.7
883120538,0,2.775,22.21875,-35.7
883120558,0,2.98125,22.25625,-35.71875
883120578,0,3.0937502,22.275002,-35.68125
883120598,0,3.2812502,22.3125,-35.625
883120618,0,3.35625,22.368752,-35.568752
883120638,0,3.4875002,22.40625,-35.550003
883120658,0,3.73125,22.44375,-35.5125
883120678,0,3.9750001,22.48125,-35.49375
883120698,0,4.21875,22.518751,-35.49375
883120718,0,4.51875,22.575,-35.49375
883120738,0,4.8562503,22.650002,-35.550003
883120758,0,5.175,22.706251,-35.568752
883120778,0,5.45625,22.743752,-35.568752
883120798,0,5.7562504,22.78125,-35.550003
883120818,0,6.0375004,22.81875,-35.550003
883120838,0,6.3,22.875,-35.53125
883120858,0,6.61875,22.9125,-35.49375
883120878,0,7.0125003,22.96875,-35.475002
883120898,0,7.2937503,23.025002,-35.475002
883120918,0,7.74375,23.081251,-35.49375
883120938,0,8.212501,23.1375,-35.475002
883120958,0,8.587501,23.19375,-35.475002
883120978,0,9.056251,23.25,-35.41875
883120998,0,9.4875,23.306252,-35.34375
883121018,0,9.900001,23.34375,-35.287502
883121038,0,10.3125,23.38125,-35.2125
883121058,0,10.725,23.41875,-35.15625
883121078,0,11.231251,23.475,-35.100002
883121098,0,11.75625,23.53125,-35.04375
883121118,0,12.243751,23.587502,-34.987503
883121138,0,12.76875,23.625,-34.912502
883121158,0,13.218751,23.681252,-34.85625
883121178,0,13.743751,23.7,-34.78125
883121198,0,14.306251,23.737501,-34.74375
883121218,0,14.75625,23.75625,-34.66875
883121238,0,15.187501,23.775002,-34.55625
883121258,0,15.618751,23.775002,-34.40625
883121278,0,15.975,23.8125,-34.331253
883121298,0,16.368752,23.831251,-34.21875
883121318,0,16.725,23.831251,-34.0875
883121338,0,17.04375,23.85,-33.975002
883121358,0,17.34375,23.868752,-33.862503
883121378,0,17.56875,23.868752,-33.7125
883121398,0,17.868752,23.868752,-33.581253
883121418,0,18.13125,23.8875,-33.45
883121438,0,18.375,23.8875,-33.375
883121458,0,18.5625,23.90625,-33.24375
883121478,0,18.7875,23.925001,-33.1875
883121498,0,19.03125,23.925001,-33.075
883121518,0,19.275002,23.962502,-33.018753
883121538,0,19.44375,23.962502,-32.943752
883121558,0,19.59375,23.98125,-32.850002
883121578,0,19.6875,23.962502,-32.756252
883121598,0,19.78125,23.98125,-32.7
883121618,0,19.893751,23.98125,-32.662502
883121638,0,19.96875,23.98125,-32.60625
883121658,0,20.0625,23.98125,-32.53125
883121678,0,20.19375,23.98125,-32.5125
883121698,0,20.212502,23.98125,-32.475002
883121718,0,20.2875,23.98125,-32.49375
883121738,0,20.306252,23.98125,-32.49375
883121758,0,20.306252,23.98125,-32.5125
883121778,0,20.175001,24.0,-32.49375
883121798,0,20.04375,24.0,-32.5125
883121818,0,19.95,23.98125,-32.5125
883121838,0,19.837502,23.98125,-32.550003
883121858,0,19.706251,23.98125,-32.643753
883121878,0,19.63125,24.0,-32.756252
883121898,0,19.44375,24.0,-32.8125
883121918,0,19.275002,24.0,-32.86875
883121938,0,19.10625,24.018751,-32.943752
883121958,0,18.9375,24.0375,-33.037502
883121978,0,18.712502,24.056252,-33.112503
883121998,0,18.50625,24.056252,-33.206253
883122018,0,18.243752,24.056252,-33.24375
883122038,0,18.0375,24.0375,-33.28125
883122058,0,17.75625,24.0375,-33.318752
883122078,0,17.643751,24.018751,-33.375
883122098,0,17.41875,24.018751,-33.393753
883122118,0,17.19375,24.018751,-33.487503
883122138,0,17.0625,24.0,-33.525
883122158,0,16.931252,24.0,-33.54375
883122178,0,16.706251,23.98125,-33.525
883122198,0,16.612501,23.98125,-33.581253
883122218,0,16.5,23.98125,-33.61875
883122238,0,16.425001,23.962502,-33.675003
883122258,0,16.35,23.94375,-33.693752
883122278,0,16.275002,23.925001,-33.73125
883122298,0,16.181252,23.90625,-33.75
883122318,0,16.125,23.90625,-33.787502
883122338,0,16.03125,23.8875,-33.80625
883122358,0,16.087502,23.90625,-33.881252
883122378,0,16.03125,23.925001,-33.9
883122398,0,16.050001,23.925001,-33.956253
883122418,0,16.0125,23.925001,-33.956253
883122438,0,15.918751,23.925001,-33.99375
883122458,0,15.88125,23.925001,-33.99375
883122478,0,15.8625,23.90625,-34.0125
883122498,0,15.8625,23.925001,-34.03125
883122518,0,15.918751,23.925001,-34.03125
883122538,0,15.7875,23.90625,-34.050003
883122558,0,15.656251,23.8875,-34.068752
883122578,0,15.525001,23.868752,-34.03125
883122598,0,15.4125,23.868752,-34.03125
883122618,0,15.356251,23.868752,-34.068752
883122638,0,15.31875,23.868752,-34.068752
883122658,0,15.243751,23.85,-34.050003
883122678,0,15.243751,23.85,-34.050003
883122698,0,15.243751,23.85,-34.050003
883122718,0,15.3,23.868752,-34.0875
883122738,0,15.39375,23.90625,-34.143753
883122758,0,15.4125,23.925001,-34.2
883122778,0,15.4875,23.925001,-34.237503
883122798,0,15.431251,23.90625,-34.29375
883122818,0,15.31875,23.8875,-34.29375
883122838,0,15.4125,23.90625,-34.29375
883122858,0,15.4875,23.925001,-34.29375
883122878,0,15.58125,23.94375,-34.350002
883122898,0,15.69375,23.94375,-34.40625
883122918,0,15.712501,23.94375,-34.425003
883122938,0,15.731251,23.925001,-34.4625
883122958,0,15.750001,23.925001,-34.537502
883122978,0,15.675,23.8875,-34.575
883122998,0,15.618751,23.868752,-34.612503
883123018,0,15.543751,23.85,-34.575
883123038,0,15.4875,23.831251,-34.575
883123058,0,15.4125,23.831251,-34.575
883123078,0,15.356251,23.85,-34.55625
883123098,0,15.375001,23.85,-34.537502
883123118,0,15.4125,23.868752,-34.575
883123138,0,15.375001,23.8875,-34.59375
883123158,0,15.375001,23.8875,-34.631252
883123178,0,15.3,23.868752,-34.66875
883123198,0,15.262501,23.868752,-34.66875
883123218,0,15.225,23.8875,-34.65
883123238,0,15.20625,23.8875,-34.65
883123258,0,15.168751,23.8875,-34.66875
883123278,0,15.168751,23.8875,-34.6875
883123298,0,15.150001,23.868752,-34.725002
883123318,0,15.150001,23.85,-34.78125
883123338,0,15.1125,23.831251,-34.78125
883123358,0,15.150001,23.831251,-34.800003
883123378,0,15.093751,23.8125,-34.818752
883123398,0,14.981251,23.79375,-34.818752
883123418,0,14.85,23.775002,-34.7625
883123438,0,14.793751,23.775002,-34.74375
883123458,0,14.681251,23.75625,-34.6875
883123478,0,14.64375,23.75625,-34.631252
883123498,0,14.531251,23.75625,-34.612503
883123518,0,14.475,23.75625,-34.59375
883123538,0,14.493751,23.775002,-34.59375
883123558,0,14.493751,23.79375,-34.537502
883123578,0,14.45625,23.79375,-34.518753
883123598,0,14.437501,23.8125,-34.518753
883123618,0,14.343751,23.8125,-34.4625
883123638,0,14.306251,23.8125,-34.425003
883123658,0,14.212501,23.79375,-34.40625
883123678,0,14.250001,23.79375,-34.425003
883123698,0,14.306251,23.79375,-34.443752
883123718,0,14.3625,23.831251,-34.48125
883123738,0,14.512501,23.85,-34.537502
883123758,0,14.587501,23.868752,-34.59375
883123778,0,14.56875,23.85,-34.65
883123798,0,14.625001,23.85,-34.6875
883123818,0,14.587501,23.831251,-34.706253
883123838,0,14.512501,23.8125,-34.74375
883123858,0,14.587501,23.831251,-34.800003
883123878,0,14.625001,23.831251,-34.8375
883123898,0,14.56875,23.8125,-34.8375
883123918,0,14.587501,23.831251,-34.893753
883123938,0,14.493751,23.831251,-34.912502
883123958,0,14.38125,23.8125,-34.93125
883123978,0,14.156251,23.79375,-34.93125
883123998,0,14.043751,23.775002,-34.95
883124018,0,13.8,23.737501,-34.96875
883124038,0,13.5375,23.7,-35.006252
883124058,0,13.33125,23.6625,-35.006252
883124078,0,13.125001,23.625,-35.025
883124098,0,12.95625,23.60625,-35.04375
883124118,0,12.825001,23.587502,-35.04375
883124138,0,12.637501,23.56875,-35.0625
883124158,0,12.375001,23.53125,-35.081253
883124178,0,12.093751,23.5125,-35.0625
883124198,0,11.90625,23.5125,-35.11875
883124218,0,11.681251,23.493752,-35.1375
883124238,0,11.53125,23.475,-35.23125
883124258,0,11.418751,23.456251,-35.287502
883124278,0,11.26875,23.4375,-35.34375
883124298,0,11.0625,23.41875,-35.4
883124318,0,10.9125,23.400002,-35.4375
883124338,0,10.70625,23.38125,-35.456253
883124358,0,10.51875,23.362501,-35.53125
883124378,0,10.368751,23.34375,-35.568752
883124398,0,10.1625,23.325,-35.625
883124418,0,9.95625,23.325,-35.68125
883124438,0,9.7875,23.325,-35.756252
883124458,0,9.450001,23.2875,-35.756252
883124478,0,9.150001,23.268751,-35.79375
883124498,0,8.793751,23.23125,-35.737503
883124518,0,8.55,23.19375,-35.756252
883124538,0,8.26875,23.19375,-35.737503
883124558,0,7.93125,23.175001,-35.71875
883124578,0,7.6687503,23.1375,-35.68125
883124598,0,7.36875,23.118752,-35.643753
883124618,0,7.0875,23.081251,-35.60625
883124638,0,6.8812504,23.0625,-35.60625
883124658,0,6.61875,23.04375,-35.568752
883124678,0,6.43125,23.025002,-35.550003
883124698,0,6.2812505,23.025002,-35.5125
883124718,0,6.1125,23.025002,-35.49375
883124738,0,5.9437504,22.987501,-35.456253
883124758,0,5.925,22.987501,-35.456253
883124778,0,5.86875,22.96875,-35.475002
883124798,0,5.86875,22.96875,-35.550003
883124818,0,5.775,22.95,-35.550003
883124838,0,5.7375,22.931252,-35.53125
883124858,0,5.625,22.9125,-35.53125
883124878,0,5.5125003,22.931252,-35.53125
883124898,0,5.49375,22.9125,-35.5125
883124918,0,5.4375,22.9125,-35.5125
883124938,0,5.3812504,22.931252,-35.49375
883124958,0,5.4187503,22.9125,-35.49375
883124978,0,5.3625,22.893751,-35.475002
883124998,0,5.30625,22.85625,-35.5125
883125018,0,5.30625,22.837502,-35.456253
883125038,0,5.26875,22.81875,-35.456253
883125058,0,5.26875,22.800001,-35.456253
883125078,0,5.30625,22.81875,-35.475002
883125098,0,5.3625,22.81875,-35.475002
883125118,0,5.45625,22.837502,-35.5125
883125138,0,5.5687504,22.85625,-35.53125
883125158,0,5.7937503,22.875,-35.568752
883125178,0,6.0,22.875,-35.643753
883125198,0,6.2250004,22.9125,-35.7
883125218,0,6.4875,22.931252,-35.737503
883125238,0,6.7312503,22.95,-35.737503
883125258,0,6.9187503,22.96875,-35.756252
883125278,0,7.1625004,23.00625,-35.79375
883125298,0,7.3875003,23.04375,-35.79375
883125318,0,7.6125,23.1,-35.831253
883125338,0,7.8750005,23.1375,-35.831253
883125358,0,8.08125,23.175001,-35.831253
883125378,0,8.2875,23.212502,-35.8125
883125398,0,8.45625,23.212502,-35.756252
883125418,0,8.681251,23.23125,-35.68125
883125438,0,8.925,23.25,-35.662502
883125458,0,9.150001,23.2875,-35.625
883125478,0,9.431251,23.306252,-35.568752
883125498,0,9.6,23.325,-35.5125
883125518,0,9.825001,23.34375,-35.49375
883125538,0,10.125,23.38125,-35.456253
883125558,0,10.40625,23.41875,-35.381252
883125578,0,10.668751,23.4375,-35.287502
883125598,0,10.9875,23.475,-35.25
883125618,0,11.325001,23.493752,-35.15625
883125638,0,11.64375,23.53125,-35.100002
883125658,0,11.981251,23.550001,-35.025
883125678,0,12.4125,23.587502,-34.96875
883125698,0,12.843751,23.643751,-34.93125
883125718,0,13.293751,23.7,-34.93125
883125738,0,13.81875,23.775002,-34.875
883125758,0,14.325001,23.8125,-34.800003
883125778,0,14.64375,23.831251,-34.706253
883125798,0,15.0375,23.85,-34.631252
883125818,0,15.356251,23.8875,-34.518753
883125838,0,15.637501,23.90625,-34.4625
883125858,0,15.993751,23.90625,-34.40625
883125878,0,16.331251,23.925001,-34.36875
883125898,0,16.5375,23.925001,-34.29375
883125918,0,16.78125,23.925001,-34.237503
883125938,0,16.95,23.94375,-34.10625
883125958,0,17.15625,23.94375,-34.0125
883125978,0,17.268751,23.94375,-33.91875
883125998,0,17.456251,23.925001,-33.80625
883126018,0,17.475,23.925001,-33.675003
883126038,0,17.4375,23.90625,-33.5625
883126058,0,17.493752,23.868752,-33.46875
883126078,0,17.6625,23.8875,-33.45
883126098,0,17.737501,23.8875,-33.412502
883126118,0,17.8875,23.8875,-33.412502
883126138,0,17.868752,23.8875,-33.35625
883126158,0,17.90625,23.90625,-33.3375
883126178,0,17.94375,23.90625,-33.28125
883126198,0,17.98125,23.90625,-33.2625
883126218,0,17.94375,23.90625,-33.225002
883126238,0,17.94375,23.90625,-33.24375
883126258,0,17.90625,23.90625,-33.225002
883126278,0,17.8875,23.925001,-33.24375
883126298,0,17.79375,23.925001,-33.28125
883126318,0,17.79375,23.90625,-33.35625
883126338,0,17.625,23.8875,-33.393753
883126358,0,17.493752,23.90625,-33.46875
883126378,0,17.362501,23.8875,-33.525
883126398,0,17.25,23.8875,-33.5625
883126418,0,17.04375,23.8875,-33.61875
883126438,0,16.9125,23.868752,-33.693752
883126458,0,16.706251,23.868752,-33.75
883126478,0,16.518751,23.85,-33.84375
883126498,0,16.331251,23.831251,-33.9375
883126518,0,16.143751,23.831251,-34.0875
883126538,0,15.900001,23.8125,-34.2
883126558,0,15.675,23.79375,-34.350002
883126578,0,15.375001,23.775002,-34.4625
883126598,0,15.13125,23.75625,-34.575
883126618,0,14.775001,23.737501,-34.65
883126638,0,14.531251,23.737501,-34.7625
883126658,0,14.175,23.737501,-34.85625
883126678,0,13.856251,23.7,-34.95
883126698,0,13.575001,23.7,-35.04375
883126718,0,13.35,23.7,-35.15625
883126738,0,13.106251,23.681252,-35.268753
883126758,0,12.7875,23.643751,-35.34375
883126778,0,12.356251,23.625,-35.381252
883126798,0,11.981251,23.625,-35.456253
883126818,0,11.625,23.587502,-35.49375
883126838,0,11.25,23.56875,-35.53125
883126858,0,10.837501,23.53125,-35.568752
883126878,0,10.481251,23.5125,-35.60625
883126898,0,10.087501,23.475,-35.662502
883126918,0,9.731251,23.41875,-35.7
883126938,0,9.337501,23.362501,-35.756252
883126958,0,9.01875,23.325,-35.8125
883126978,0,8.606251,23.268751,-35.850002
883126998,0,8.25,23.23125,-35.8875
883127018,0,7.8375,23.15625,-35.850002
883127038,0,7.3875003,23.1,-35.850002
883127058,0,7.0125003,23.04375,-35.850002
883127078,0,6.7125,22.987501,-35.8875
883127098,0,6.3375,22.95,-35.850002
883127118,0,6.01875,22.893751,-35.831253
883127138,0,5.775,22.837502,-35.831253
883127158,0,5.5687504,22.800001,-35.831253
883127178,0,5.26875,22.743752,-35.79375
883127198,0,5.0437503,22.706251,-35.775
883127218,0,4.6875,22.650002,-35.71875
883127238,0,4.4437504,22.612501,-35.68125
883127258,0,4.18125,22.556252,-35.5875
883127278,0,3.91875,22.5375,-35.53125
883127298,0,3.6000001,22.48125,-35.456253
883127318,0,3.35625,22.462502,-35.456253
883127338,0,3.1312501,22.44375,-35.4
883127358,0,2.90625,22.425001,-35.34375
883127378,0,2.6437502,22.3875,-35.287502
883127398,0,2.49375,22.35,-35.268753
883127418,0,2.30625,22.331251,-35.25
883127438,0,2.15625,22.331251,-35.25
883127458,0,2.04375,22.29375,-35.23125
883127478,0,1.9687501,22.29375,-35.2125
883127498,0,1.8375001,22.275002,-35.175003
883127518,0,1.8937501,22.29375,-35.175003
883127538,0,1.9125,22.29375,-35.175003
883127558,0,1.9312501,22.3125,-35.2125
883127578,0,2.025,22.3125,-35.23125
883127598,0,2.11875,22.3125,-35.287502
883127618,0,2.1375,22.3125,-35.287502
883127638,0,2.2687502,22.331251,-35.34375
883127658,0,2.4562502,22.35,-35.4
883127678,0,2.71875,22.368752,-35.456253
883127698,0,2.9437501,22.40625,-35.49375
883127718,0,3.1875002,22.462502,-35.550003
883127738,0,3.45,22.5,-35.5875
883127758,0,3.6937501,22.556252,-35.60625
883127778,0,3.9375002,22.575,-35.625
883127798,0,4.2375,22.612501,-35.643753
883127818,0,4.40625,22.63125,-35.7
883127838,0,4.6125,22.650002,-35.737503
883127858,0,4.8187504,22.706251,-35.737503
883127878,0,5.08125,22.743752,-35.737503
883127898,0,5.3250003,22.7625,-35.71875
883127918,0,5.6625004,22.81875,-35.71875
883127938,0,5.90625,22.837502,-35.71875
883127958,0,6.20625,22.875,-35.737503
883127978,0,6.4875,22.9125,-35.756252
883127998,0,6.80625,22.931252,-35.756252
883128018,0,7.0312505,22.95,-35.737503
883128038,0,7.2937503,22.96875,-35.737503
883128058,0,7.5375004,23.00625,-35.71875
883128078,0,7.9125004,23.04375,-35.71875
883128098,0,8.325001,23.1,-35.71875
883128118,0,8.71875,23.15625,-35.7
883128138,0,9.13125,23.212502,-35.662502
883128158,0,9.543751,23.25,-35.643753
883128178,0,9.918751,23.306252,-35.60625
883128198,0,10.33125,23.362501,-35.5875
883128218,0,10.6125,23.38125,-35.5125
883128238,0,10.9875,23.4375,-35.456253
883128258,0,11.34375,23.475,-35.34375
883128278,0,11.71875,23.53125,-35.23125
883128298,0,12.075001,23.56875,-35.11875
883128318,0,12.468751,23.60625,-34.96875
883128338,0,12.8625,23.643751,-34.8375
883128358,0,13.275001,23.681252,-34.74375
883128378,0,13.575001,23.71875,-34.66875
883128398,0,13.89375,23.75625,-34.55625
883128418,0,14.2875,23.775002,-34.48125
883128438,0,14.64375,23.79375,-34.36875
883128458,0,14.94375,23.79375,-34.256252
883128478,0,15.337501,23.8125,-34.143753
883128498,0,15.4875,23.831251,-33.975002
883128518,0,15.7875,23.868752,-33.84375
883128538,0,15.975,23.868752,-33.693752
883128558,0,16.143751,23.868752,-33.581253
883128578,0,16.35,23.8875,-33.45
883128598,0,16.48125,23.8875,-33.300003
883128618,0,16.66875,23.8875,-33.16875
883128638,0,16.893751,23.90625,-33.075
883128658,0,17.081251,23.925001,-32.98125
883128678,0,17.25,23.925001,-32.8125
883128698,0,17.325,23.94375,-32.68125
883128718,0,17.4375,23.962502,-32.568752
883128738,0,17.625,24.0,-32.475002
883128758,0,17.737501,24.018751,-32.41875
883128778,0,17.71875,24.0,-32.30625
883128798,0,17.925001,24.018751,-32.30625
883128818,0,18.018751,24.018751,-32.287502
883128838,0,18.206251,24.018751,-32.25
883128858,0,18.393751,24.018751,-32.25
883128878,0,18.525002,24.0,-32.23125
883128898,0,18.54375,23.98125,-32.25
883128918,0,18.525002,24.0,-32.325
883128938,0,18.4125,23.962502,-32.287502
883128958,0,18.337502,23.925001,-32.30625
883128978,0,18.225,23.90625,-32.41875
883128998,0,18.16875,23.8875,-32.5125
883129018,0,18.0,23.8875,-32.53125
883129038,0,17.79375,23.868752,-32.5875
883129058,0,17.75625,23.85,-32.643753
883129078,0,17.71875,23.85,-32.8125
883129098,0,17.53125,23.831251,-32.8875
883129118,0,17.475,23.831251,-33.037502
883129138,0,17.268751,23.831251,-33.16875
883129158,0,17.04375,23.831251,-33.318752
883129178,0,16.743752,23.831251,-33.46875
883129198,0,16.63125,23.85,-33.6375
883129218,0,16.40625,23.831251,-33.768753
883129238,0,16.10625,23.831251,-33.9
883129258,0,15.750001,23.8125,-33.99375
883129278,0,15.525001,23.79375,-34.0875
883129298,0,15.1125,23.775002,-34.162502
883129318,0,14.83125,23.737501,-34.275
883129338,0,14.400001,23.71875,-34.3875
883129358,0,13.9125,23.71875,-34.5
883129378,0,13.500001,23.6625,-34.55625
883129398,0,13.087501,23.625,-34.6875
883129418,0,12.6,23.587502,-34.74375
883129438,0,12.20625,23.56875,-34.818752
883129458,0,11.793751,23.53125,-34.875
883129478,0,11.38125,23.5125,-34.987503
883129498,0,10.931251,23.475,-35.025
883129518,0,10.556251,23.4375,-35.11875
883129538,0,10.200001,23.41875,-35.23125
883129558,0,9.88125,23.38125,-35.34375
883129578,0,9.46875,23.325,-35.381252
883129598,0,9.150001,23.306252,-35.475002
883129618,0,8.700001,23.23125,-35.568752
883129638,0,8.38125,23.175001,-35.643753
883129658,0,8.025001,23.1375,-35.68125
883129678,0,7.70625,23.1375,-35.737503
883129698,0,7.425,23.1,-35.737503
883129718,0,7.2000003,23.081251,-35.775
883129738,0,6.9187503,23.04375,-35.8125
883129758,0,6.61875,23.00625,-35.831253
883129778,0,6.2250004,22.95,-35.8125
883129798,0,5.8875003,22.893751,-35.8125
883129818,0,5.55,22.85625,-35.79375
883129838,0,5.2312503,22.800001,-35.775
883129858,0,4.89375,22.7625,-35.737503
883129878,0,4.5750003,22.725,-35.775
883129898,0,4.2937503,22.66875,-35.737503
883129918,0,4.0875,22.650002,-35.7
883129938,0,3.8437502,22.59375,-35.662502
883129958,0,3.6375,22.556252,-35.625
883129978,0,3.3187501,22.5,-35.5875
883129998,0,3.0375001,22.462502,-35.568752
883130018,0,2.7562501,22.3875,-35.41875
883130038,0,2.4562502,22.35,-35.25
883130058,0,2.1937501,22.3125,-35.081253
883130078,0,2.0812502,22.275002,-34.93125
883130098,0,1.9125,22.275002,-34.800003
883130118,0,1.7437501,22.237501,-34.631252
883130138,0,1.63125,22.21875,-34.518753
883130158,0,1.5,22.21875,-34.3875
883130178,0,1.4250001,22.181252,-34.237503
883130198,0,1.35,22.181252,-34.0875
883130218,0,1.2750001,22.1625,-33.9375
883130238,0,1.2750001,22.1625,-33.80625
883130258,0,1.2,22.143751,-33.65625
883130278,0,1.2750001,22.1625,-33.525
883130298,0,1.3312501,22.181252,-33.393753
883130318,0,1.3875,22.21875,-33.375
883130338,0,1.5375,22.237501,-33.35625
883130358,0,1.6875001,22.25625,-33.393753
883130378,0,1.8000001,22.275002,-33.412502
883130398,0,2.04375,22.275002,-33.412502
883130418,0,2.2125,22.3125,-33.45
883130438,0,2.41875,22.368752,-33.46875
883130458,0,2.7375002,22.40625,-33.487503
883130478,0,2.98125,22.44375,-33.506252
883130498,0,3.3000002,22.5,-33.5625
883130518,0,3.6562502,22.556252,-33.61875
883130538,0,3.9750001,22.612501,-33.7125
883130558,0,4.425,22.66875,-33.84375
883130578,0,4.78125,22.706251,-33.975002
883130598,0,5.1937504,22.7625,-34.0875
883130618,0,5.45625,22.800001,-34.162502
883130638,0,5.7562504,22.837502,-34.21875
883130658,0,6.20625,22.875,-34.275
883130678,0,6.6000004,22.931252,-34.331253
883130698,0,7.05,23.00625,-34.40625
883130718,0,7.65,23.0625,-34.5
883130738,0,8.231251,23.15625,-34.59375
883130758,0,8.775001,23.25,-34.6875
883130778,0,9.262501,23.2875,-34.74375
883130798,0,9.731251,23.34375,-34.78125
883130818,0,10.1625,23.38125,-34.800003
883130838,0,10.668751,23.4375,-34.7625
883130858,0,11.15625,23.493752,-34.706253
883130878,0,11.681251,23.550001,-34.631252
883130898,0,12.168751,23.587502,-34.575
883130918,0,12.8625,23.6625,-34.575
883130938,0,13.500001,23.737501,-34.537502
883130958,0,14.062501,23.79375,-34.48125
883130978,0,14.718751,23.8125,-34.36875
883130998,0,15.225,23.868752,-34.237503
883131018,0,15.618751,23.868752,-34.068752
883131038,0,16.050001,23.85,-33.881252
883131058,0,16.462502,23.85,-33.7125
883131078,0,17.00625,23.8875,-33.54375
883131098,0,17.550001,23.925001,-33.3375
883131118,0,18.056252,23.962502,-33.15
883131138,0,18.50625,23.98125,-32.9625
883131158,0,18.956251,24.0,-32.737503
883131178,0,19.3875,24.0,-32.5125
883131198,0,19.837502,24.018751,-32.325
883131218,0,20.175001,24.0375,-32.081253
883131238,0,20.550001,24.0375,-31.837502
883131258,0,20.831251,24.056252,-31.63125
883131278,0,21.13125,24.075,-31.462502
883131298,0,21.46875,24.075,-31.29375
883131318,0,21.806252,24.112501,-31.143751
883131338,0,22.03125,24.13125,-30.993752
883131358,0,22.275002,24.150002,-30.843752
883131378,0,22.425001,24.150002,-30.712502
883131398,0,22.59375,24.150002,-30.6
883131418,0,22.743752,24.13125,-30.487501
883131438,0,22.893751,24.13125,-30.393751
883131458,0,22.96875,24.13125,-30.31875
883131478,0,23.0625,24.150002,-30.2625
883131498,0,23.1,24.13125,-30.206251
883131518,0,23.1375,24.13125,-30.187502
883131538,0,23.1,24.112501,-30.187502
883131558,0,23.1,24.112501,-30.206251
883131578,0,22.893751,24.093752,-30.206251
883131598,0,22.706251,24.112501,-30.243752
883131618,0,22.612501,24.075,-30.243752
883131638,0,22.462502,24.056252,-30.300001
883131658,0,22.25625,24.0375,-30.35625
883131678,0,22.125,24.056252,-30.45
883131698,0,21.862501,24.056252,-30.581251
883131718,0,21.69375,24.075,-30.750002
883131738,0,21.5625,24.093752,-30.937502
883131758,0,21.337502,24.093752,-31.143751
883131778,0,20.962502,24.093752,-31.368752
883131798,0,20.625,24.093752,-31.575
883131818,0,20.268751,24.056252,-31.7625
883131838,0,19.893751,24.0375,-31.987501
883131858,0,19.462502,24.018751,-32.2125
883131878,0,19.181252,24.0,-32.456253
883131898,0,18.768751,23.98125,-32.737503
883131918,0,18.393751,23.98125,-33.037502
883131938,0,18.075,23.98125,-33.300003
883131958,0,17.775002,24.0,-33.581253
883131978,0,17.25,23.94375,-33.80625
883131998,0,16.81875,23.925001,-34.068752
883132018,0,16.181252,23.868752,-34.275
883132038,0,15.50625,23.8125,-34.48125
883132058,0,14.775001,23.75625,-34.65
883132078,0,14.156251,23.7,-34.800003
883132098,0,13.481251,23.625,-34.93125
883132118,0,12.806251,23.60625,-35.100002
883132138,0,12.1125,23.550001,-35.25
883132158,0,11.400001,23.475,-35.34375
883132178,0,10.6125,23.400002,-35.4375
883132198,0,9.900001,23.325,-35.456253
883132218,0,9.056251,23.23125,-35.456253
883132238,0,8.212501,23.1375,-35.4375
883132258,0,7.4625,23.04375,-35.456253
883132278,0,6.80625,22.96875,-35.49375
883132298,0,6.0750003,22.85625,-35.456253
883132318,0,5.45625,22.743752,-35.4375
883132338,0,4.74375,22.650002,-35.4
883132358,0,4.2375,22.575,-35.4
883132378,0,3.7125,22.5,-35.4
883132398,0,3.2062502,22.40625,-35.362503
883132418,0,2.68125,22.3125,-35.287502
883132438,0,2.25,22.237501,-35.25
883132458,0,1.8750001,22.1625,-35.25
883132478,0,1.5375,22.10625,-35.25
883132498,0,1.1625,22.0125,-35.287502
883132518,0,0.8625,21.9375,-35.30625
883132538,0,0.50625,21.862501,-35.34375
883132558,0,0.15,21.806252,-35.325
883132578,0,-0.1875,21.712502,-35.287502
883132598,0,-0.46875003,21.675001,-35.268753
883132618,0,-0.7875,21.618752,-35.25
883132638,0,-1.0125,21.5625,-35.25
883132658,0,-1.25625,21.50625,-35.2125
883132678,0,-1.40625,21.46875,-35.2125
883132698,0,-1.5562501,21.431252,-35.23125
883132718,0,-1.6125001,21.4125,-35.287502
883132738,0,-1.6875001,21.393751,-35.30625
883132758,0,-1.8000001,21.375,-35.30625
883132778,0,-1.8937501,21.337502,-35.268753
883132798,0,-2.0812502,21.31875,-35.193752
883132818,0,-2.25,21.300001,-35.15625
883132838,0,-2.2875001,21.300001,-35.11875
883132858,0,-2.3812501,21.28125,-35.100002
883132878,0,-2.41875,21.28125,-35.100002
883132898,0,-2.4,21.28125,-35.081253
883132918,0,-2.30625,21.300001,-35.0625
883132938,0,-2.2125,21.31875,-35.0625
883132958,0,-2.0625,21.35625,-35.100002
883132978,0,-1.95,21.375,-35.11875
883132998,0,-1.81875,21.4125,-35.175003
883133018,0,-1.7062501,21.431252,-35.193752
883133038,0,-1.5562501,21.46875,-35.23125
883133058,0,-1.35,21.525002,-35.2125
883133078,0,-0.99375004,21.6,-35.287502
883133098,0,-0.54375005,21.65625,-35.325
883133118,0,-0.112500004,21.73125,-35.362503
883133138,0,0.24375,21.806252,-35.41875
883133158,0,0.71250004,21.900002,-35.475002
883133178,0,1.125,21.975,-35.456253
883133198,0,1.63125,22.06875,-35.53125
883133218,0,2.0812502,22.1625,-35.568752
883133238,0,2.5500002,22.25625,-35.60625
883133258,0,2.9437501,22.331251,-35.625
883133278,0,3.3375,22.40625,-35.5875
883133298,0,3.825,22.48125,-35.53125
883133318,0,4.36875,22.575,-35.49375
883133338,0,4.8562503,22.650002,-35.456253
883133358,0,5.4375,22.743752,-35.456253
883133378,0,5.86875,22.81875,-35.381252
883133398,0,6.43125,22.9125,-35.381252
883133418,0,7.0687504,22.987501,-35.381252
883133438,0,7.7250004,23.081251,-35.34375
883133458,0,8.34375,23.15625,-35.325
883133478,0,9.01875,23.23125,-35.34375
883133498,0,9.6,23.325,-35.268753
883133518,0,10.293751,23.400002,-35.193752
883133538,0,10.9875,23.456251,-35.081253
883133558,0,11.775001,23.53125,-34.96875
883133578,0,12.525001,23.60625,-34.8375
883133598,0,13.275001,23.6625,-34.706253
883133618,0,14.00625,23.71875,-34.55625
883133638,0,14.718751,23.775002,-34.40625
883133658,0,15.337501,23.831251,-34.256252
883133678,0,16.087502,23.90625,-34.10625
883133698,0,16.743752,23.94375,-33.862503
883133718,0,17.41875,24.0,-33.65625
883133738,0,18.112501,24.0375,-33.35625
883133758,0,18.7875,24.093752,-33.09375
883133778,0,19.3875,24.112501,-32.775
883133798,0,19.96875,24.13125,-32.49375
883133818,0,20.475,24.150002,-32.2125
883133838,0,20.962502,24.16875,-31.968752
883133858,0,21.375,24.187502,-31.706251
883133878,0,21.84375,24.187502,-31.462502
883133898,0,22.2,24.225,-31.181252
883133918,0,22.59375,24.2625,-30.956251
883133938,0,23.04375,24.2625,-30.69375
883133958,0,23.4375,24.2625,-30.487501
883133978,0,23.7,24.243752,-30.243752
883133998,0,24.018751,24.2625,-30.056252
883134018,0,24.150002,24.243752,-29.831251
883134038,0,24.243752,24.243752,-29.681252
883134058,0,24.187502,24.206251,-29.437502
883134078,0,24.206251,24.187502,-29.23125
883134098,0,24.281252,24.187502,-29.062502
883134118,0,24.300001,24.206251,-28.987501
883134138,0,24.300001,24.187502,-28.85625
883134158,0,24.35625,24.16875,-28.781252
883134178,0,24.281252,24.150002,-28.725
883134198,0,24.2625,24.150002,-28.706251
883134218,0,24.093752,24.150002,-28.66875
883134238,0,23.925001,24.13125,-28.687502
883134258,0,23.8125,24.112501,-28.687502
883134278,0,23.7,24.112501,-28.743752
883134298,0,23.493752,24.093752,-28.81875
883134318,0,23.34375,24.093752,-29.00625
883134338,0,23.175001,24.075,-29.156252
883134358,0,23.15625,24.075,-29.38125
883134378,0,23.00625,24.075,-29.643751
883134398,0,22.85625,24.075,-29.94375
883134418,0,22.612501,24.0375,-30.150002
883134438,0,22.3875,24.0375,-30.4125
883134458,0,22.06875,24.0375,-30.675001
883134478,0,21.768751,24.0375,-30.975
883134498,0,21.35625,24.0,-31.25625
883134518,0,21.0,23.98125,-31.593752
883134538,0,20.53125,23.98125,-31.85625
883134558,0,20.04375,23.98125,-32.15625
883134578,0,19.59375,23.94375,-32.4375
883134598,0,19.10625,23.94375,-32.737503
883134618,0,18.487501,23.8875,-32.943752
883134638,0,17.85,23.868752,-33.1875
883134658,0,17.118752,23.831251,-33.393753
883134678,0,16.5,23.79375,-33.600002
883134698,0,15.7875,23.75625,-33.787502
883134718,0,15.13125,23.737501,-34.03125
883134738,0,14.475,23.71875,-34.256252
883134758,0,13.8,23.681252,-34.425003
883134778,0,13.087501,23.625,-34.59375
883134798,0,12.337501,23.56875,-34.706253
883134818,0,11.53125,23.475,-34.78125
883134838,0,10.743751,23.38125,-34.8375
883134858,0,9.918751,23.306252,-34.893753
883134878,0,9.075001,23.23125,-34.987503
883134898,0,8.38125,23.15625,-35.025
883134918,0,7.70625,23.1,-35.100002
883134938,0,7.05,23.025002,-35.15625
883134958,0,6.4500003,22.95,-35.193752
883134978,0,5.7562504,22.85625,-35.2125
883134998,0,5.11875,22.78125,-35.23125
883135018,0,4.55625,22.650002,-35.2125
883135038,0,3.9375002,22.556252,-35.23125
883135058,0,3.2812502,22.44375,-35.2125
883135078,0,2.68125,22.35,-35.193752
883135098,0,2.15625,22.237501,-35.193752
883135118,0,1.7437501,22.1625,-35.15625
883135138,0,1.2750001,22.087502,-35.175003
883135158,0,0.82500005,21.993752,-35.15625
883135178,0,0.41250002,21.900002,-35.11875
883135198,0,-0.075,21.825,-35.081253
883135218,0,-0.46875003,21.73125,-35.04375
883135238,0,-0.82500005,21.6375,-34.987503
883135258,0,-1.21875,21.5625,-34.96875
883135278,0,-1.5,21.50625,-34.987503
883135298,0,-1.8375001,21.431252,-34.93125
883135318,0,-2.15625,21.375,-34.875
883135338,0,-2.4,21.300001,-34.818752
883135358,0,-2.5687501,21.243752,-34.818752
883135378,0,-2.68125,21.206251,-34.818752
883135398,0,-2.79375,21.206251,-34.85625
883135418,0,-2.9437501,21.16875,-34.875
883135438,0,-3.0,21.150002,-34.912502
883135458,0,-3.0187502,21.13125,-34.95
883135478,0,-3.0187502,21.112501,-34.987503
883135498,0,-3.0187502,21.112501,-35.006252
883135518,0,-3.0,21.112501,-35.025
883135538,0,-2.9625,21.13125,-35.0625
883135558,0,-2.8500001,21.13125,-35.081253
883135578,0,-2.79375,21.150002,-35.100002
883135598,0,-2.68125,21.1875,-35.1375
883135618,0,-2.5687501,21.225,-35.175003
883135638,0,-2.4562502,21.28125,-35.175003
883135658,0,-2.2687502,21.31875,-35.175003
883135678,0,-2.0062501,21.375,-35.193752
883135698,0,-1.7812501,21.431252,-35.2125
883135718,0,-1.4250001,21.487501,-35.25
883135738,0,-1.10625,21.5625,-35.287502
883135758,0,-0.75,21.65625,-35.325
883135778,0,-0.46875003,21.73125,-35.325
883135798,0,-0.112500004,21.806252,-35.30625
883135818,0,0.1875,21.88125,-35.34375
883135838,0,0.5625,21.9375,-35.41875
883135858,0,0.99375004,22.0125,-35.456253
883135878,0,1.44375,22.10625,-35.49375
883135898,0,1.81875,22.143751,-35.49375
883135918,0,2.2687502,22.21875,-35.475002
883135938,0,2.7,22.3125,-35.475002
883135958,0,3.16875,22.40625,-35.475002
883135978,0,3.6750002,22.48125,-35.456253
883135998,0,4.2000003,22.575,-35.456253
883136018,0,4.6687503,22.650002,-35.4
883136038,0,5.2125,22.725,-35.362503
883136058,0,5.71875,22.800001,-35.325
883136078,0,6.3187504,22.875,-35.325
883136098,0,6.9,22.95,-35.325
883136118,0,7.5937505,23.04375,-35.268753
883136138,0,8.19375,23.1375,-35.15625
883136158,0,8.775001,23.212502,-35.081253
883136178,0,9.375,23.268751,-34.93125
883136198,0,10.106251,23.362501,-34.800003
883136218,0,10.78125,23.4375,-34.6875
883136238,0,11.53125,23.493752,-34.575
883136258,0,12.20625,23.56875,-34.40625
883136278,0,12.8625,23.60625,-34.237503
883136298,0,13.6125,23.643751,-33.99375
883136318,0,14.38125,23.71875,-33.768753
883136338,0,15.056251,23.737501,-33.54375
883136358,0,15.7875,23.79375,-33.300003
883136378,0,16.44375,23.831251,-33.037502
883136398,0,17.212502,23.868752,-32.775
883136418,0,17.85,23.868752,-32.49375
883136438,0,18.54375,23.90625,-32.23125
883136458,0,19.181252,23.94375,-31.931252
883136478,0,19.81875,23.98125,-31.66875
883136498,0,20.456251,24.0,-31.44375
883136518,0,21.09375,24.018751,-31.237501
883136538,0,21.6,24.0375,-30.956251
883136558,0,22.125,24.056252,-30.69375
883136578,0,22.575,24.075,-30.4125
883136598,0,23.00625,24.093752,-30.187502
883136618,0,23.38125,24.093752,-29.98125
883136638,0,23.737501,24.13125,-29.75625
883136658,0,24.075,24.13125,-29.531252
883136678,0,24.487501,24.16875,-29.362501
883136698,0,24.750002,24.187502,-29.156252
883136718,0,25.06875,24.225,-28.987501
883136738,0,25.331251,24.243752,-28.875002
883136758,0,25.612501,24.243752,-28.800001
883136778,0,25.706251,24.243752,-28.66875
883136798,0,25.81875,24.2625,-28.593752
883136818,0,25.893751,24.2625,-28.462502
883136838,0,25.95,24.2625,-28.44375
883136858,0,25.837502,24.243752,-28.406252
883136878,0,25.781252,24.225,-28.3875
883136898,0,25.518751,24.225,-28.331251
883136918,0,25.312502,24.225,-28.35
883136938,0,25.218752,24.206251,-28.368752
883136958,0,25.0125,24.206251,-28.425001
883136978,0,24.73125,24.16875,-28.462502
883136998,0,24.468752,24.16875,-28.556252
883137018,0,24.112501,24.13125,-28.687502
883137038,0,23.79375,24.112501,-28.81875
883137058,0,23.41875,24.093752,-28.968752
883137078,0,23.1,24.093752,-29.156252
883137098,0,22.66875,24.075,-29.362501
883137118,0,22.3125,24.056252,-29.587502
883137138,0,21.956251,24.0375,-29.831251
883137158,0,21.69375,24.0375,-30.150002
883137178,0,21.1875,24.0,-30.393751
883137198,0,20.868752,23.98125,-30.73125
883137218,0,20.34375,23.962502,-31.031252
883137238,0,19.743752,23.94375,-31.368752
883137258,0,19.237501,23.925001,-31.706251
883137278,0,18.675001,23.90625,-32.081253
883137298,0,18.056252,23.868752,-32.41875
883137318,0,17.4375,23.85,-32.71875
883137338,0,16.725,23.8125,-33.0
883137358,0,15.975,23.75625,-33.28125
883137378,0,15.243751,23.71875,-33.5625
883137398,0,14.512501,23.643751,-33.825
883137418,0,13.725,23.60625,-34.0875
883137438,0,12.918751,23.550001,-34.3125
883137458,0,12.056251,23.493752,-34.48125
883137478,0,11.418751,23.4375,-34.706253
883137498,0,10.575001,23.38125,-34.875
883137518,0,9.900001,23.306252,-35.04375
883137538,0,9.1875,23.23125,-35.1375
883137558,0,8.45625,23.175001,-35.25
883137578,0,7.7625003,23.081251,-35.30625
883137598,0,7.1062503,23.00625,-35.381252
883137618,0,6.3750005,22.9125,-35.456253
883137638,0,5.7375,22.81875,-35.475002
883137658,0,5.1375003,22.743752,-35.5125
883137678,0,4.6312504,22.66875,-35.53125
883137698,0,4.14375,22.612501,-35.550003
883137718,0,3.6375,22.518751,-35.53125
883137738,0,3.1312501,22.44375,-35.5125
883137758,0,2.6625001,22.35,-35.5125
883137778,0,2.15625,22.275002,-35.49375
883137798,0,1.725,22.2,-35.49375
883137818,0,1.2750001,22.087502,-35.475002
883137838,0,0.80625004,21.993752,-35.475002
883137858,0,0.3375,21.88125,-35.4375
883137878,0,-0.09375,21.806252,-35.4375
883137898,0,-0.50625,21.712502,-35.4
883137918,0,-0.84375006,21.6375,-35.4
883137938,0,-1.1625,21.581251,-35.362503
883137958,0,-1.4625001,21.50625,-35.381252
883137978,0,-1.8000001,21.431252,-35.381252
883137998,0,-2.11875,21.35625,-35.362503
883138018,0,-2.3812501,21.300001,-35.34375
883138038,0,-2.6437502,21.225,-35.30625
883138058,0,-2.8500001,21.1875,-35.268753
883138078,0,-2.9437501,21.16875,-35.268753
883138098,0,-3.075,21.13125,-35.25
883138118,0,-3.1312501,21.13125,-35.2125
883138138,0,-3.15,21.13125,-35.193752
883138158,0,-3.1312501,21.13125,-35.175003
883138178,0,-3.1125002,21.13125,-35.11875
883138198,0,-3.05625,21.13125,-35.1375
883138218,0,-2.98125,21.150002,-35.1375
883138238,0,-2.8875,21.13125,-35.15625
883138258,0,-2.8312502,21.150002,-35.11875
883138278,0,-2.71875,21.1875,-35.100002
883138298,0,-2.6625001,21.243752,-35.0625
883138318,0,-2.60625,21.28125,-35.04375
883138338,0,-2.41875,21.31875,-35.025
883138358,0,-2.2125,21.375,-35.006252
883138378,0,-1.9875001,21.4125,-35.006252
883138398,0,-1.66875,21.487501,-35.025
883138418,0,-1.40625,21.5625,-35.025
883138438,0,-1.0500001,21.618752,-35.081253
883138458,0,-0.65625,21.712502,-35.100002
883138478,0,-0.1875,21.806252,-35.15625
883138498,0,0.28125,21.900002,-35.175003
883138518,0,0.7875,21.993752,-35.193752
883138538,0,1.25625,22.10625,-35.2125
883138558,0,1.85625,22.2,-35.23125
883138578,0,2.41875,22.29375,-35.268753
883138598,0,3.0375001,22.3875,-35.30625
883138618,0,3.7687502,22.5,-35.325
883138638,0,4.4625,22.63125,-35.362503
883138658,0,5.2125,22.725,-35.4
883138678,0,6.01875,22.85625,-35.41875
883138698,0,6.7312503,22.96875,-35.4
883138718,0,7.6312504,23.081251,-35.41875
883138738,0,8.493751,23.212502,-35.4
883138758,0,9.31875,23.306252,-35.381252
883138778,0,10.106251,23.38125,-35.325
883138798,0,10.89375,23.456251,-35.193752
883138818,0,11.64375,23.53125,-35.04375
883138838,0,12.450001,23.60625,-34.912502
883138858,0,13.2375,23.7,-34.74375
883138878,0,14.118751,23.775002,-34.575
883138898,0,14.868751,23.831251,-34.331253
883138918,0,15.4875,23.868752,-34.0875
883138938,0,16.1625,23.8875,-33.787502
883138958,0,16.837502,23.94375,-33.487503
883138978,0,17.456251,23.962502,-33.1875
883138998,0,18.112501,24.0,-32.8875
883139018,0,18.6,24.0,-32.568752
883139038,0,19.087502,23.98125,-32.2125
883139058,0,19.575,24.018751,-31.85625
883139078,0,20.118752,24.0375,-31.5375
883139098,0,20.71875,24.056252,-31.218752
883139118,0,21.28125,24.093752,-30.956251
883139138,0,21.73125,24.093752,-30.6375
883139158,0,22.237501,24.093752,-30.393751
883139178,0,22.556252,24.093752,-30.093752
883139198,0,23.04375,24.093752,-29.906252
883139218,0,23.587502,24.112501,-29.681252
883139238,0,23.94375,24.112501,-29.475
883139258,0,24.206251,24.13125,-29.250002
883139278,0,24.468752,24.13125,-29.081251
883139298,0,24.69375,24.13125,-28.85625
883139318,0,24.975,24.150002,-28.706251
883139338,0,25.125002,24.150002,-28.575
883139358,0,25.29375,24.150002,-28.48125
883139378,0,25.312502,24.16875,-28.3875
883139398,0,25.35,24.16875,-28.331251
883139418,0,25.3875,24.16875,-28.25625
883139438,0,25.425001,24.16875,-28.275002
883139458,0,25.35,24.150002,-28.275002
883139478,0,25.35,24.150002,-28.312502
883139498,0,25.237501,24.16875,-28.331251
883139518,0,25.181252,24.187502,-28.406252
883139538,0,25.125002,24.16875,-28.500002
883139558,0,25.087502,24.16875,-28.650002
883139578,0,24.900002,24.150002,-28.7625
883139598,0,24.768751,24.150002,-28.931252
883139618,0,24.468752,24.150002,-29.081251
883139638,0,24.281252,24.16875,-29.268751
883139658,0,24.056252,24.150002,-29.456251
883139678,0,23.831251,24.13125,-29.643751
883139698,0,23.34375,24.112501,-29.812502
883139718,0,22.837502,24.112501,-30.018751
883139738,0,22.5375,24.150002,-30.243752
883139758,0,22.2,24.150002,-30.468752
883139778,0,21.69375,24.13125,-30.73125
883139798,0,21.1875,24.112501,-31.050001
883139818,0,20.60625,24.093752,-31.275002
883139838,0,20.04375,24.093752,-31.593752
883139858,0,19.48125,24.075,-31.837502
883139878,0,18.956251,24.075,-32.1375
883139898,0,18.337502,24.056252,-32.4
883139918,0,17.79375,24.056252,-32.662502
883139938,0,17.23125,24.0375,-32.943752
883139958,0,16.66875,24.018751,-33.206253
883139978,0,16.10625,24.0,-33.487503
883139998,0,15.731251,23.98125,-33.787502
883140018,0,15.3,23.962502,-34.0125
883140038,0,14.718751,23.90625,-34.21875
883140058,0,14.19375,23.868752,-34.425003
883140078,0,13.8,23.868752,-34.612503
883140098,0,13.44375,23.85,-34.78125
883140118,0,13.05,23.8125,-34.95
883140138,0,12.618751,23.75625,-35.0625
883140158,0,12.243751,23.737501,-35.193752
883140178,0,11.868751,23.7,-35.268753
883140198,0,11.493751,23.6625,-35.325
883140218,0,11.1,23.60625,-35.4
883140238,0,10.70625,23.56875,-35.4375
883140258,0,10.3125,23.550001,-35.41875
883140278,0,9.993751,23.5125,-35.41875
883140298,0,9.731251,23.475,-35.4375
883140318,0,9.50625,23.456251,-35.475002
883140338,0,9.262501,23.4375,-35.475002
883140358,0,9.056251,23.41875,-35.4375
883140378,0,8.85,23.400002,-35.4
883140398,0,8.625,23.41875,-35.381252
883140418,0,8.34375,23.38125,-35.34375
883140438,0,8.15625,23.38125,-35.34375
883140458,0,7.9875,23.362501,-35.34375
883140478,0,7.8750005,23.34375,-35.362503
883140498,0,7.8375,23.325,-35.4
883140518,0,7.8187504,23.325,-35.4375
883140538,0,7.7625003,23.306252,-35.4375
883140558,0,7.7625003,23.306252,-35.456253
883140578,0,7.7250004,23.306252,-35.475002
883140598,0,7.70625,23.306252,-35.4375
883140618,0,7.74375,23.306252,-35.4375
883140638,0,7.74375,23.306252,-35.456253
883140658,0,7.74375,23.2875,-35.5125
883140678,0,7.8,23.2875,-35.550003
883140698,0,7.8562503,23.268751,-35.568752
883140718,0,8.118751,23.2875,-35.625
883140738,0,8.34375,23.2875,-35.643753
883140758,0,8.475,23.325,-35.662502
883140778,0,8.55,23.34375,-35.662502
883140798,0,8.64375,23.34375,-35.643753
883140818,0,8.71875,23.34375,-35.625
883140838,0,8.85,23.362501,-35.643753
883140858,0,8.925,23.362501,-35.71875
883140878,0,9.056251,23.362501,-35.775
883140898,0,9.1125,23.38125,-35.775
883140918,0,9.1875,23.38125,-35.79375
883140938,0,9.337501,23.400002,-35.775
883140958,0,9.450001,23.400002,-35.756252
883140978,0,9.543751,23.400002,-35.775
883140998,0,9.637501,23.400002,-35.775
883141018,0,9.618751,23.41875,-35.737503
883141038,0,9.65625,23.41875,-35.71875
883141058,0,9.75,23.41875,-35.68125
883141078,0,9.900001,23.4375,-35.662502
883141098,0,10.012501,23.4375,-35.643753
883141118,0,10.181251,23.456251,-35.643753
883141138,0,10.33125,23.493752,-35.60625
883141158,0,10.5,23.53125,-35.568752
883141178,0,10.6125,23.550001,-35.49375
883141198,0,10.8,23.550001,-35.475002
883141218,0,10.9125,23.56875,-35.4375
883141238,0,11.025001,23.587502,-35.41875
883141258,0,11.137501,23.60625,-35.325
883141278,0,11.25,23.625,-35.268753
883141298,0,11.325001,23.60625,-35.2125
883141318,0,11.418751,23.625,-35.193752
883141338,0,11.4375,23.625,-35.11875
883141358,0,11.53125,23.625,-35.0625
883141378,0,11.64375,23.643751,-35.025
883141398,0,11.75625,23.6625,-35.025
883141418,0,11.8125,23.6625,-34.96875
883141438,0,11.925,23.643751,-34.95
883141458,0,12.01875,23.6625,-34.893753
883141478,0,12.13125,23.6625,-34.85625
883141498,0,12.150001,23.6625,-34.818752
883141518,0,12.150001,23.6625,-34.7625
883141538,0,12.1125,23.6625,-34.6875
883141558,0,12.168751,23.6625,-34.74375
883141578,0,12.225,23.681252,-34.725002
883141598,0,12.31875,23.7,-34.706253
883141618,0,12.431251,23.7,-34.6875
883141638,0,12.562501,23.71875,-34.725002
883141658,0,12.58125,23.71875,-34.725002
883141678,0,12.618751,23.737501,-34.725002
883141698,0,12.69375,23.737501,-34.66875
883141718,0,12.806251,23.75625,-34.6875
883141738,0,12.843751,23.79375,-34.66875
883141758,0,12.900001,23.8125,-34.706253
883141778,0,12.843751,23.8125,-34.725002
883141798,0,12.843751,23.79375,-34.74375
883141818,0,12.88125,23.79375,-34.818752
883141838,0,12.918751,23.79375,-34.893753
883141858,0,12.825001,23.79375,-34.875
883141878,0,12.750001,23.79375,-34.912502
883141898,0,12.675,23.775002,-34.912502
883141918,0,12.618751,23.75625,-34.95
883141938,0,12.468751,23.75625,-35.006252
883141958,0,12.39375,23.75625,-35.081253
883141978,0,12.262501,23.75625,-35.11875
883141998,0,12.13125,23.737501,-35.23125
883142018,0,11.90625,23.7,-35.23125
883142038,0,11.64375,23.681252,-35.268753
883142058,0,11.400001,23.643751,-35.268753
883142078,0,11.231251,23.625,-35.30625
883142098,0,11.043751,23.60625,-35.30625
883142118,0,10.875,23.587502,-35.287502
883142138,0,10.6125,23.56875,-35.268753
883142158,0,10.44375,23.550001,-35.287502
883142178,0,10.275001,23.5125,-35.325
883142198,0,10.125,23.5125,-35.4
883142218,0,9.95625,23.475,-35.4375
883142238,0,9.806251,23.456251,-35.41875
883142258,0,9.6,23.41875,-35.4375
883142278,0,9.39375,23.400002,-35.456253
883142298,0,9.168751,23.38125,-35.49375
883142318,0,9.01875,23.362501,-35.5125
883142338,0,8.887501,23.34375,-35.550003
883142358,0,8.775001,23.325,-35.60625
883142378,0,8.606251,23.2875,-35.643753
883142398,0,8.45625,23.2875,-35.68125
883142418,0,8.306251,23.268751,-35.71875
883142438,0,8.231251,23.25,-35.756252
883142458,0,8.137501,23.25,-35.79375
883142478,0,8.025001,23.25,-35.831253
883142498,0,7.8562503,23.23125,-35.8125
883142518,0,7.70625,23.23125,-35.8125
883142538,0,7.6312504,23.212502,-35.831253
883142558,0,7.55625,23.19375,-35.850002
883142578,0,7.425,23.15625,-35.850002
883142598,0,7.36875,23.1375,-35.831253
883142618,0,7.2562504,23.1375,-35.831253
883142638,0,7.18125,23.1375,-35.86875
883142658,0,7.1250005,23.1375,-35.86875
883142678,0,7.1250005,23.1375,-35.8875
883142698,0,7.0875,23.1375,-35.8875
883142718,0,7.1250005,23.15625,-35.925003
883142738,0,7.2000003,23.175001,-35.943752
883142758,0,7.2375,23.175001,-35.9625
883142778,0,7.2000003,23.15625,-35.9625
883142798,0,7.2562504,23.15625,-35.943752
883142818,0,7.2000003,23.118752,-35.943752
883142838,0,7.2000003,23.1375,-35.943752
883142858,0,7.2187505,23.15625,-35.90625
883142878,0,7.275,23.175001,-35.90625
883142898,0,7.275,23.175001,-35.8875
883142918,0,7.33125,23.175001,-35.86875
883142938,0,7.3875003,23.175001,-35.831253
883142958,0,7.4625,23.175001,-35.831253
883142978,0,7.55625,23.175001,-35.8125
883142998,0,7.6687503,23.175001,-35.831253
883143018,0,7.70625,23.19375,-35.831253
883143038,0,7.70625,23.175001,-35.8125
883143058,0,7.74375,23.15625,-35.8125
883143078,0,7.8750005,23.175001,-35.831253
883143098,0,7.9875,23.175001,-35.831253
883143118,0,8.19375,23.19375,-35.850002
883143138,0,8.306251,23.212502,-35.8125
883143158,0,8.418751,23.23125,-35.79375
883143178,0,8.55,23.23125,-35.775
883143198,0,8.75625,23.25,-35.775
883143218,0,8.925,23.268751,-35.775
883143238,0,9.1125,23.2875,-35.737503
883143258,0,9.243751,23.306252,-35.68125
883143278,0,9.431251,23.325,-35.625
883143298,0,9.69375,23.362501,-35.5875
883143318,0,9.95625,23.400002,-35.568752
883143338,0,10.21875,23.4375,-35.53125
883143358,0,10.51875,23.493752,-35.49375
883143378,0,10.762501,23.53125,-35.4375
883143398,0,11.043751,23.550001,-35.4
883143418,0,11.306251,23.587502,-35.325
883143438,0,11.625,23.625,-35.34375
883143458,0,11.90625,23.6625,-35.325
883143478,0,12.262501,23.7,-35.325
883143498,0,12.618751,23.7,-35.25
883143518,0,12.993751,23.737501,-35.2125
883143538,0,13.312501,23.75625,-35.175003
883143558,0,13.63125,23.79375,-35.1375
883143578,0,13.89375,23.8125,-35.0625
883143598,0,14.19375,23.85,-35.006252
883143618,0,14.475,23.868752,-34.93125
883143638,0,14.700001,23.868752,-34.8375
883143658,0,14.925,23.868752,-34.74375
883143678,0,15.243751,23.90625,-34.725002
883143698,0,15.450001,23.925001,-34.631252
883143718,0,15.750001,23.962502,-34.575
883143738,0,16.050001,23.98125,-34.5
883143758,0,16.331251,24.0,-34.425003
883143778,0,16.462502,24.018751,-34.331253
883143798,0,16.575,24.0375,-34.29375
883143818,0,16.650002,24.018751,-34.2
883143838,0,16.743752,24.018751,-34.125
883143858,0,16.85625,24.0,-34.10625
883143878,0,17.00625,24.0,-34.10625
883143898,0,16.987501,24.0,-34.03125
883143918,0,17.0625,24.0,-33.9375
883143938,0,17.175001,24.0,-33.9
883143958,0,17.25,24.0,-33.881252
883143978,0,17.2875,24.018751,-33.825
883143998,0,17.41875,24.018751,-33.84375
883144018,0,17.400002,24.0375,-33.80625
883144038,0,17.2875,24.018751,-33.80625
883144058,0,17.212502,23.98125,-33.80625
883144078,0,17.25,23.98125,-33.825
883144098,0,17.15625,24.0,-33.84375
883144118,0,17.118752,24.018751,-33.9
883144138,0,17.1,24.0375,-33.91875
883144158,0,17.0625,24.056252,-33.9375
883144178,0,16.9125,24.0375,-33.99375
883144198,0,16.81875,24.0375,-34.050003
883144218,0,16.612501,24.0375,-34.125
883144238,0,16.44375,24.018751,-34.21875
883144258,0,16.275002,24.018751,-34.275
883144278,0,16.06875,24.0,-34.350002
883144298,0,15.712501,23.94375,-34.350002
883144318,0,15.31875,23.8875,-34.40625
883144338,0,14.94375,23.868752,-34.425003
883144358,0,14.6625,23.85,-34.4625
883144378,0,14.26875,23.8125,-34.5
883144398,0,13.968751,23.775002,-34.575
883144418,0,13.556251,23.737501,-34.612503
883144438,0,13.181251,23.71875,-34.706253
883144458,0,12.8625,23.681252,-34.7625
883144478,0,12.50625,23.643751,-34.800003
883144498,0,12.1125,23.60625,-34.85625
883144518,0,11.8125,23.56875,-34.96875
883144538,0,11.418751,23.550001,-35.006252
883144558,0,11.1,23.5125,-35.081253
883144578,0,10.743751,23.475,-35.1375
883144598,0,10.40625,23.456251,-35.25
883144618,0,10.14375,23.4375,-35.362503
883144638,0,9.95625,23.41875,-35.456253
883144658,0,9.618751,23.400002,-35.5125
883144678,0,9.39375,23.38125,-35.5875
883144698,0,9.09375,23.362501,-35.643753
883144718,0,8.90625,23.34375,-35.71875
883144738,0,8.606251,23.325,-35.7
883144758,0,8.19375,23.268751,-35.7
883144778,0,7.8375,23.23125,-35.643753
883144798,0,7.51875,23.19375,-35.625
883144818,0,7.1062503,23.15625,-35.625
883144838,0,6.7500005,23.1,-35.625
883144858,0,6.3187504,23.0625,-35.550003
883144878,0,5.9437504,23.025002,-35.5125
883144898,0,5.7000003,22.96875,-35.5125
883144918,0,5.4187503,22.9125,-35.5125
883144938,0,5.1000004,22.85625,-35.49375
883144958,0,4.875,22.81875,-35.5125
883144978,0,4.59375,22.7625,-35.49375
883144998,0,4.3500004,22.706251,-35.456253
883145018,0,4.03125,22.650002,-35.41875
883145038,0,3.825,22.59375,-35.456253
883145058,0,3.6562502,22.575,-35.49375
883145078,0,3.5062501,22.556252,-35.568752
883145098,0,3.3937502,22.518751,-35.60625
883145118,0,3.3375,22.48125,-35.60625
883145138,0,3.24375,22.44375,-35.60625
883145158,0,3.2250001,22.44375,-35.68125
883145178,0,3.05625,22.40625,-35.662502
883145198,0,2.90625,22.40625,-35.625
883145218,0,2.8312502,22.3875,-35.568752
883145238,0,2.7562501,22.368752,-35.550003
883145258,0,2.60625,22.35,-35.49375
883145278,0,2.5687501,22.368752,-35.456253
883145298,0,2.49375,22.368752,-35.475002
883145318,0,2.53125,22.3875,-35.475002
883145338,0,2.41875,22.368752,-35.4375
883145358,0,2.4,22.3875,-35.381252
883145378,0,2.3625002,22.3875,-35.325
883145398,0,2.34375,22.40625,-35.287502
883145418,0,2.3812501,22.425001,-35.23125
883145438,0,2.4562502,22.44375,-35.23125
883145458,0,2.49375,22.462502,-35.2125
883145478,0,2.7,22.5,-35.23125
883145498,0,2.8125,22.518751,-35.2125
883145518,0,3.0,22.575,-35.23125
883145538,0,3.2625,22.612501,-35.25
883145558,0,3.5625002,22.63125,-35.325
883145578,0,3.7875001,22.66875,-35.381252
883145598,0,4.05,22.725,-35.41875
883145618,0,4.2562504,22.78125,-35.4
883145638,0,4.6875,22.81875,-35.475002
883145658,0,5.0625,22.85625,-35.53125
883145678,0,5.5125003,22.9125,-35.5875
883145698,0,5.9437504,22.95,-35.625
883145718,0,6.39375,23.00625,-35.68125
883145738,0,6.8812504,23.0625,-35.7
883145758,0,7.3875003,23.118752,-35.71875
883145778,0,7.8187504,23.175001,-35.756252
883145798,0,8.3625,23.23125,-35.8125
883145818,0,8.7375,23.2875,-35.79375
883145838,0,9.150001,23.325,-35.79375
883145858,0,9.6,23.38125,-35.737503
883145878,0,10.06875,23.41875,-35.7
883145898,0,10.462501,23.4375,-35.625
883145918,0,10.89375,23.456251,-35.568752
883145938,0,11.25,23.5125,-35.475002
883145958,0,11.6625,23.550001,-35.41875
883145978,0,12.093751,23.587502,-35.325
883145998,0,12.58125,23.643751,-35.25
883146018,0,12.95625,23.681252,-35.11875
883146038,0,13.33125,23.7,-35.006252
883146058,0,13.687501,23.71875,-34.893753
883146078,0,14.1,23.71875,-34.78125
883146098,0,14.418751,23.75625,-34.612503
883146118,0,14.868751,23.775002,-34.48125
883146138,0,15.150001,23.79375,-34.256252
883146158,0,15.4125,23.831251,-34.050003
883146178,0,15.825001,23.85,-33.862503
883146198,0,16.25625,23.868752,-33.675003
883146218,0,16.612501,23.8875,-33.487503
883146238,0,17.00625,23.90625,-33.300003
883146258,0,17.325,23.925001,-33.075
883146278,0,17.643751,23.925001,-32.90625
883146298,0,17.98125,23.925001,-32.7
883146318,0,18.225,23.94375,-32.5125
883146338,0,18.431252,23.94375,-32.25
883146358,0,18.65625,23.94375,-31.95
883146378,0,18.88125,23.962502,-31.650002
883146398,0,19.181252,23.962502,-31.406252
883146418,0,19.368752,23.962502,-31.181252
883146438,0,19.66875,23.98125,-31.0125
883146458,0,19.893751,23.98125,-30.825
883146478,0,20.0625,24.0,-30.618752
883146498,0,20.25,24.0,-30.45
883146518,0,20.4375,24.0,-30.31875
883146538,0,20.5125,24.018751,-30.150002
883146558,0,20.625,24.0,-30.018751
883146578,0,20.643751,24.018751,-29.906252
883146598,0,20.6625,24.0375,-29.812502
883146618,0,20.7,24.0375,-29.7
883146638,0,20.71875,24.075,-29.6625
883146658,0,20.681252,24.093752,-29.681252
883146678,0,20.737501,24.093752,-29.75625
883146698,0,20.587502,24.112501,-29.79375
883146718,0,20.587502,24.112501,-29.868752
883146738,0,20.79375,24.16875,-30.000002
883146758,0,20.90625,24.206251,-30.13125
883146778,0,20.681252,24.206251,-30.2625
883146798,0,20.493752,24.206251,-30.4125
883146818,0,20.325,24.206251,-30.487501
883146838,0,20.118752,24.225,-30.675001
883146858,0,19.837502,24.206251,-30.843752
883146878,0,19.650002,24.187502,-30.993752
883146898,0,19.050001,24.150002,-31.10625
883146918,0,18.69375,24.13125,-31.331251
883146938,0,18.337502,24.112501,-31.5375
883146958,0,17.94375,24.075,-31.725
883146978,0,17.4375,24.056252,-31.875002
883146998,0,17.0625,24.0375,-32.081253
883147018,0,16.5,24.0,-32.23125
883147038,0,15.69375,23.90625,-32.34375
883147058,0,14.981251,23.831251,-32.5125
883147078,0,14.493751,23.79375,-32.662502
883147098,0,13.9125,23.75625,-32.775
883147118,0,13.2375,23.7,-32.925003
883147138,0,12.675,23.643751,-33.018753
883147158,0,12.13125,23.60625,-33.112503
883147178,0,11.45625,23.550001,-33.1875
883147198,0,11.15625,23.53125,-33.318752
883147218,0,10.63125,23.475,-33.412502
883147238,0,10.06875,23.4375,-33.46875
883147258,0,9.637501,23.38125,-33.54375
883147278,0,9.168751,23.34375,-33.600002
883147298,0,8.606251,23.268751,-33.65625
883147318,0,8.137501,23.212502,-33.7125
883147338,0,7.5937505,23.15625,-33.73125
883147358,0,7.0687504,23.081251,-33.693752
883147378,0,6.5437503,23.025002,-33.675003
883147398,0,6.01875,22.96875,-33.675003
883147418,0,5.64375,22.9125,-33.675003
883147438,0,5.2312503,22.85625,-33.693752
883147458,0,4.8562503,22.78125,-33.693752
883147478,0,4.5,22.706251,-33.73125
883147498,0,3.99375,22.63125,-33.693752
883147518,0,3.6937501,22.575,-33.65625
883147538,0,3.3375,22.5,-33.6375
883147558,0,3.0,22.44375,-33.600002
883147578,0,2.6437502,22.368752,-33.54375
883147598,0,2.34375,22.3125,-33.487503
883147618,0,2.04375,22.25625,-33.43125
883147638,0,1.8375001,22.2,-33.412502
883147658,0,1.63125,22.1625,-33.43125
883147678,0,1.5187501,22.125,-33.412502
883147698,0,1.4250001,22.10625,-33.412502
883147718,0,1.3687501,22.06875,-33.412502
883147738,0,1.2750001,22.06875,-33.393753
883147758,0,1.1625,22.03125,-33.393753
883147778,0,1.06875,21.993752,-33.3375
883147798,0,1.03125,21.975,-33.318752
883147818,0,0.90000004,21.9375,-33.35625
883147838,0,0.80625004,21.91875,-33.375
883147858,0,0.69375,21.900002,-33.412502
883147878,0,0.65625,21.900002,-33.45
883147898,0,0.69375,21.88125,-33.581253
883147918,0,0.76875,21.91875,-33.693752
883147938,0,0.76875,21.91875,-33.80625
883147958,0,0.80625004,21.91875,-33.91875
883147978,0,0.63750005,21.91875,-34.0125
883147998,0,0.65625,21.900002,-34.125
883148018,0,0.6,21.88125,-34.237503
883148038,0,0.5625,21.900002,-34.350002
883148058,0,0.58125,21.91875,-34.4625
883148078,0,0.6,21.956251,-34.59375
883148098,0,0.675,21.993752,-34.6875
883148118,0,0.82500005,22.03125,-34.78125
883148138,0,0.91875005,22.06875,-34.85625
883148158,0,1.1812501,22.10625,-34.96875
883148178,0,1.3125,22.143751,-35.0625
883148198,0,1.44375,22.2,-35.100002
883148218,0,1.6500001,22.21875,-35.15625
883148238,0,1.8937501,22.275002,-35.175003
883148258,0,2.1375,22.29375,-35.175003
883148278,0,2.60625,22.368752,-35.193752
883148298,0,2.9437501,22.44375,-35.25
883148318,0,3.3937502,22.5,-35.325
883148338,0,3.825,22.556252,-35.381252
883148358,0,4.3125,22.612501,-35.456253
883148378,0,4.78125,22.66875,-35.49375
883148398,0,5.34375,22.7625,-35.550003
883148418,0,5.86875,22.837502,-35.5875
883148438,0,6.4687505,22.9125,-35.643753
883148458,0,6.95625,22.96875,-35.662502
883148478,0,7.55625,23.025002,-35.68125
883148498,0,8.118751,23.1,-35.68125
883148518,0,8.6625,23.175001,-35.643753
883148538,0,9.31875,23.23125,-35.625
883148558,0,9.95625,23.306252,-35.662502
883148578,0,10.5,23.34375,-35.662502
883148598,0,11.118751,23.41875,-35.60625
883148618,0,11.625,23.493752,-35.49375
883148638,0,12.20625,23.550001,-35.362503
883148658,0,12.731251,23.60625,-35.23125
883148678,0,13.33125,23.643751,-35.100002
883148698,0,13.89375,23.681252,-34.987503
883148718,0,14.531251,23.737501,-34.875
883148738,0,15.168751,23.79375,-34.725002
883148758,0,15.825001,23.85,-34.575
883148778,0,16.21875,23.868752,-34.350002
883148798,0,16.706251,23.90625,-34.162502
883148818,0,17.081251,23.925001,-33.9375
883148838,0,17.456251,23.962502,-33.7125
883148858,0,17.925001,23.98125,-33.43125
883148878,0,18.35625,24.018751,-33.16875
883148898,0,18.675001,24.0375,-32.8875
883148918,0,19.087502,24.0375,-32.68125
883148938,0,19.462502,24.056252,-32.475002
883148958,0,19.893751,24.075,-32.30625
883148978,0,20.23125,24.093752,-32.1375
883148998,0,20.6625,24.13125,-31.968752
883149018,0,20.85,24.112501,-31.743752
883149038,0,21.056252,24.112501,-31.593752
883149058,0,21.16875,24.112501,-31.406252
883149078,0,21.45,24.112501,-31.312502
883149098,0,21.618752,24.13125,-31.2
883149118,0,21.900002,24.150002,-31.125002
883149138,0,22.050001,24.16875,-31.050001
883149158,0,22.087502,24.187502,-30.993752
883149178,0,22.2,24.16875,-30.91875
883149198,0,22.29375,24.16875,-30.900002
883149218,0,22.25625,24.16875,-30.862501
883149238,0,22.25625,24.16875,-30.825
883149258,0,22.06875,24.16875,-30.750002
883149278,0,21.975,24.16875,-30.712502
883149298,0,21.806252,24.150002,-30.675001
883149318,0,21.712502,24.150002,-30.69375
883149338,0,21.525002,24.150002,-30.73125
883149358,0,21.393751,24.150002,-30.825
883149378,0,21.13125,24.13125,-30.843752
883149398,0,20.962502,24.13125,-30.91875
883149418,0,20.6625,24.075,-31.0125
883149438,0,20.456251,24.056252,-31.10625
883149458,0,20.25,24.0375,-31.218752
883149478,0,19.9125,24.0375,-31.406252
883149498,0,19.66875,24.018751,-31.575
883149518,0,19.462502,24.018751,-31.7625
883149538,0,19.06875,23.98125,-31.95
883149558,0,18.768751,23.962502,-32.15625
883149578,0,18.28125,23.94375,-32.325
883149598,0,17.85,23.90625,-32.5125
883149618,0,17.400002,23.8875,-32.68125
883149638,0,16.9125,23.85,-32.850002
883149658,0,16.425001,23.8125,-33.0
883149678,0,16.10625,23.79375,-33.24375
883149698,0,15.562501,23.775002,-33.45
883149718,0,15.20625,23.775002,-33.65625
883149738,0,14.7375,23.75625,-33.862503
883149758,0,14.250001,23.75625,-34.10625
883149778,0,13.762501,23.71875,-34.275
883149798,0,13.2375,23.681252,-34.40625
883149818,0,12.76875,23.643751,-34.518753
883149838,0,12.3,23.587502,-34.631252
883149858,0,11.775001,23.53125,-34.7625
883149878,0,11.4375,23.493752,-34.96875
883149898,0,10.9125,23.456251,-35.1375
883149918,0,10.5,23.41875,-35.287502
883149938,0,10.06875,23.38125,-35.4
883149958,0,9.637501,23.34375,-35.49375
883149978,0,9.1125,23.2875,-35.550003
883149998,0,8.6625,23.25,-35.60625
883150018,0,8.08125,23.19375,-35.643753
883150038,0,7.55625,23.1,-35.662502
883150058,0,6.99375,23.025002,-35.643753
883150078,0,6.58125,22.95,-35.68125
883150098,0,6.05625,22.875,-35.71875
883150118,0,5.5687504,22.800001,-35.756252
883150138,0,5.175,22.725,-35.775
883150158,0,4.70625,22.6875,-35.737503
883150178,0,4.1062503,22.612501,-35.625
883150198,0,3.61875,22.5375,-35.53125
883150218,0,3.075,22.462502,-35.4
883150238,0,2.6437502,22.3875,-35.362503
883150258,0,2.2687502,22.29375,-35.30625
883150278,0,1.9312501,22.237501,-35.25
883150298,0,1.575,22.143751,-35.193752
883150318,0,1.2750001,22.087502,-35.15625
883150338,0,0.95625,22.03125,-35.100002
883150358,0,0.71250004,21.993752,-35.0625
883150378,0,0.39375,21.956251,-35.025
883150398,0,0.20625001,21.9375,-34.987503
883150418,0,-0.01875,21.900002,-34.93125
883150438,0,-0.15,21.88125,-34.912502
883150458,0,-0.22500001,21.84375,-34.912502
883150478,0,-0.28125,21.825,-34.96875
883150498,0,-0.375,21.806252,-35.006252
883150518,0,-0.43125,21.7875,-35.025
883150538,0,-0.54375005,21.806252,-34.987503
883150558,0,-0.61875004,21.806252,-35.006252
883150578,0,-0.6,21.806252,-35.006252
883150598,0,-0.5625,21.825,-35.006252
883150618,0,-0.5625,21.84375,-34.987503
883150638,0,-0.43125,21.862501,-34.987503
883150658,0,-0.31875002,21.900002,-34.96875
883150678,0,-0.075,21.91875,-34.987503
883150698,0,0.15,21.956251,-35.006252
883150718,0,0.45000002,22.0125,-35.0625
883150738,0,0.65625,22.06875,-35.100002
883150758,0,1.0500001,22.143751,-35.175003
883150778,0,1.35,22.2,-35.193752
883150798,0,1.6500001,22.25625,-35.2125
883150818,0,1.9312501,22.29375,-35.287502
883150838,0,2.2687502,22.35,-35.34375
883150858,0,2.5125,22.40625,-35.41875
883150878,0,2.8125,22.462502,-35.456253
883150898,0,3.1875002,22.518751,-35.5125
883150918,0,3.6000001,22.575,-35.5875
883150938,0,3.9375002,22.612501,-35.643753
883150958,0,4.3125,22.6875,-35.71875
883150978,0,4.55625,22.725,-35.756252
883150998,0,4.89375,22.78125,-35.775
883151018,0,5.1937504,22.837502,-35.8125
883151038,0,5.53125,22.875,-35.79375
883151058,0,5.71875,22.9125,-35.775
883151078,0,6.0750003,22.96875,-35.79375
883151098,0,6.5625005,23.00625,-35.775
883151118,0,7.1250005,23.0625,-35.831253
883151138,0,7.55625,23.118752,-35.831253
883151158,0,8.0625,23.175001,-35.8125
883151178,0,8.475,23.23125,-35.775
883151198,0,8.90625,23.2875,-35.737503
883151218,0,9.31875,23.325,-35.68125
883151238,0,9.7875,23.400002,-35.643753
883151258,0,10.181251,23.4375,-35.568752
883151278,0,10.575001,23.475,-35.550003
883151298,0,10.9125,23.5125,-35.475002
883151318,0,11.26875,23.53125,-35.4
883151338,0,11.606251,23.550001,-35.325
883151358,0,12.01875,23.56875,-35.268753
883151378,0,12.31875,23.60625,-35.193752
883151398,0,12.637501,23.643751,-35.1375
883151418,0,12.8625,23.6625,-35.006252
883151438,0,13.1625,23.6625,-34.93125
883151458,0,13.406251,23.681252,-34.8375
883151478,0,13.668751,23.7,-34.7625
883151498,0,13.875001,23.737501,-34.706253
883151518,0,14.1,23.737501,-34.66875
883151538,0,14.325001,23.737501,-34.612503
883151558,0,14.531251,23.737501,-34.59375
883151578,0,14.6625,23.71875,-34.518753
883151598,0,14.793751,23.737501,-34.4625
883151618,0,14.812501,23.737501,-34.36875
883151638,0,14.83125,23.71875,-34.275
883151658,0,14.83125,23.71875,-34.2
883151678,0,14.906251,23.71875,-34.10625
883151698,0,14.94375,23.71875,-34.068752
883151718,0,15.0375,23.75625,-34.068752
883151738,0,15.168751,23.79375,-34.050003
883151758,0,15.3,23.831251,-34.050003
883151778,0,15.243751,23.831251,-34.03125
883151798,0,15.225,23.831251,-33.99375
883151818,0,15.187501,23.85,-33.91875
883151838,0,15.187501,23.85,-33.91875
883151858,0,15.168751,23.85,-33.881252
883151878,0,15.20625,23.868752,-33.956253
883151898,0,15.20625,23.868752,-34.03125
883151918,0,15.243751,23.8875,-34.143753
883151938,0,15.281251,23.90625,-34.256252
883151958,0,15.243751,23.90625,-34.3125
883151978,0,15.20625,23.90625,-34.36875
883151998,0,15.056251,23.8875,-34.3875
883152018,0,14.906251,23.8875,-34.40625
883152038,0,14.64375,23.85,-34.3875
883152058,0,14.2875,23.79375,-34.36875
883152078,0,14.231251,23.775002,-34.425003
883152098,0,14.062501,23.75625,-34.4625
883152118,0,13.89375,23.75625,-34.537502
883152138,0,13.668751,23.75625,-34.537502
883152158,0,13.462501,23.775002,-34.55625
883152178,0,13.33125,23.775002,-34.537502
883152198,0,13.2375,23.775002,-34.537502
883152218,0,13.05,23.75625,-34.537502
883152238,0,12.937501,23.75625,-34.55625
883152258,0,12.7875,23.75625,-34.575
883152278,0,12.675,23.737501,-34.65
883152298,0,12.637501,23.737501,-34.706253
883152318,0,12.50625,23.71875,-34.7625
883152338,0,12.431251,23.681252,-34.85625
883152358,0,12.50625,23.7,-34.987503
883152378,0,12.356251,23.71875,-35.04375
883152398,0,12.375001,23.7,-35.1375
883152418,0,12.281251,23.681252,-35.15625
883152438,0,12.187501,23.643751,-35.25
883152458,0,12.056251,23.625,-35.30625
883152478,0,12.0,23.60625,-35.4
883152498,0,11.868751,23.587502,-35.41875
883152518,0,11.7375,23.56875,-35.456253
883152538,0,11.587501,23.550001,-35.475002
883152558,0,11.53125,23.550001,-35.550003
883152578,0,11.34375,23.550001,-35.550003
883152598,0,11.175,23.53125,-35.568752
883152618,0,11.08125,23.53125,-35.568752
883152638,0,10.931251,23.53125,-35.5875
883152658,0,10.725,23.5125,-35.568752
883152678,0,10.6875,23.493752,-35.5875
883152698,0,10.481251,23.493752,-35.60625
883152718,0,10.425,23.53125,-35.662502
883152738,0,10.368751,23.550001,-35.68125
883152758,0,10.293751,23.550001,-35.68125
883152778,0,10.087501,23.550001,-35.643753
883152798,0,9.993751,23.550001,-35.662502
883152818,0,9.88125,23.53125,-35.625
883152838,0,9.675,23.493752,-35.60625
883152858,0,9.431251,23.456251,-35.550003
883152878,0,9.431251,23.456251,-35.550003
883152898,0,9.262501,23.4375,-35.550003
883152918,0,9.13125,23.4375,-35.550003
883152938,0,9.075001,23.41875,-35.5125
883152958,0,9.0,23.41875,-35.5125
883152978,0,8.8125,23.41875,-35.475002
883152998,0,8.7375,23.400002,-35.456253
883153018,0,8.625,23.38125,-35.41875
883153038,0,8.56875,23.38125,-35.4375
883153058,0,8.493751,23.362501,-35.381252
883153078,0,8.53125,23.362501,-35.41875
883153098,0,8.45625,23.325,-35.41875
883153118,0,8.475,23.34375,-35.475002
883153138,0,8.625,23.38125,-35.475002
883153158,0,8.793751,23.400002,-35.5125
883153178,0,8.700001,23.400002,-35.5125
883153198,0,8.7375,23.400002,-35.475002
883153218,0,8.6625,23.400002,-35.4375
883153238,0,8.55,23.400002,-35.41875
883153258,0,8.55,23.400002,-35.362503
883153278,0,8.493751,23.400002,-35.362503
883153298,0,8.45625,23.38125,-35.325
883153318,0,8.418751,23.362501,-35.287502
883153338,0,8.325001,23.34375,-35.25
883153358,0,8.325001,23.325,-35.25
883153378,0,8.231251,23.325,-35.2125
883153398,0,8.231251,23.325,-35.193752
883153418,0,8.212501,23.34375,-35.15625
883153438,0,8.212501,23.34375,-35.23125
883153458,0,8.212501,23.325,-35.193752
883153478,0,8.325001,23.34375,-35.23125
883153498,0,8.38125,23.325,-35.25
883153518,0,8.55,23.325,-35.287502
883153538,0,8.681251,23.34375,-35.362503
883153558,0,8.793751,23.34375,-35.41875
883153578,0,9.0,23.34375,-35.41875
883153598,0,9.09375,23.34375,-35.4375
883153618,0,9.1875,23.34375,-35.456253
883153638,0,9.3,23.34375,-35.475002
883153658,0,9.31875,23.362501,-35.475002
883153678,0,9.4875,23.38125,-35.5125
883153698,0,9.618751,23.400002,-35.53125
883153718,0,9.7875,23.400002,-35.5875
883153738,0,9.900001,23.4375,-35.568752
883153758,0,9.993751,23.456251,-35.60625
883153778,0,10.06875,23.456251,-35.60625
883153798,0,10.200001,23.493752,-35.68125
883153818,0,10.2375,23.5125,-35.71875
883153838,0,10.387501,23.53125,-35.737503
883153858,0,10.387501,23.53125,-35.71875
883153878,0,10.462501,23.550001,-35.756252
883153898,0,10.5,23.56875,-35.71875
883153918,0,10.668751,23.60625,-35.71875
