geo_rotvec,mtk,2026-06-11_17-04-59.349_Active 10 Pro
imuTimestamp,accuracy(more=better),unknown
2077231142,3,0.097448,0.078585,-0.340795,0.931765,0.0
2077231152,3,0.097429,0.078947,-0.336394,0.933334,0.0
2077231162,3,0.100366,0.076872,-0.316477,0.940138,0.0
2077231173,3,0.100685,0.079204,-0.322958,0.937702,0.0
2077231183,3,0.099466,0.082679,-0.347865,0.928579,0.0
2077231193,3,0.100433,0.083756,-0.352965,0.926451,0.0
2077231203,3,0.10017,0.083136,-0.356554,0.925161,0.0
2077231213,3,0.100375,0.082652,-0.357661,0.924755,0.0
2077231223,3,0.100265,0.081713,-0.356605,0.925257,0.0
2077231233,3,0.099235,0.082402,-0.362081,0.923179,0.0
2077231243,3,0.100543,0.081622,-0.358112,0.924653,0.0
2077231253,3,0.101077,0.080088,-0.346381,0.929187,0.0
2077231263,3,0.099748,0.081178,-0.358254,0.924723,0.0
2077231273,3,0.099003,0.082364,-0.369037,0.920448,0.0
2077231283,3,0.097649,0.082275,-0.375448,0.918005,0.0
2077231293,3,0.098725,0.082604,-0.372992,0.918861,0.0
2077231303,3,0.099933,0.082182,-0.361784,0.923239,0.0
2077231314,3,0.099816,0.083597,-0.36124,0.923338,0.0
2077231324,3,0.098302,0.083878,-0.367008,0.921197,0.0
2077231334,3,0.102177,0.076165,-0.368705,0.920768,0.0
2077231344,3,0.105569,0.069022,-0.370272,0.92032,0.0
2077231354,3,0.108502,0.062516,-0.371668,0.919881,0.0
2077231364,3,0.111113,0.056507,-0.372968,0.919432,0.0
2077231374,3,0.113398,0.051074,-0.374133,0.918997,0.0
2077231384,3,0.115416,0.046087,-0.375179,0.918583,0.0
2077231394,3,0.117196,0.041498,-0.376126,0.918189,0.0
2077231404,3,0.118796,0.037302,-0.376985,0.917811,0.0
2077231414,3,0.120202,0.033463,-0.377748,0.917462,0.0
2077231424,3,0.12152,0.029866,-0.378483,0.91711,0.0
2077231434,3,0.122785,0.026404,-0.379245,0.916733,0.0
2077231445,3,0.124007,0.023033,-0.38006,0.916322,0.0
2077231455,3,0.125153,0.019768,-0.380898,0.915894,0.0
2077231465,3,0.126083,0.016949,-0.38159,0.915535,0.0
2077231475,3,0.126861,0.014644,-0.382071,0.915266,0.0
2077231485,3,0.127493,0.01279,-0.382424,0.915059,0.0
2077231495,3,0.128025,0.011164,-0.382707,0.914887,0.0
2077231505,3,0.128523,0.009541,-0.383007,0.914711,0.0
2077231515,3,0.128987,0.008002,-0.383316,0.91453,0.0
2077231525,3,0.129351,0.006592,-0.383598,0.914372,0.0
2077231535,3,0.129634,0.005396,-0.383799,0.914255,0.0
2077231545,3,0.129976,0.004146,-0.383989,0.914133,0.0
2077231555,3,0.130316,0.002937,-0.384177,0.914011,0.0
2077231565,3,0.130594,0.001979,-0.384286,0.913928,0.0
2077231576,3,0.130841,0.001035,-0.384388,0.913851,0.0
2077231586,3,0.130951,2.11E-4,-0.384507,0.913786,0.0
2077231596,3,0.130917,-4.56E-4,-0.384628,0.91374,0.0
2077231606,3,0.130925,-0.001112,-0.384764,0.913681,0.0
2077231616,3,0.130947,-0.001691,-0.384881,0.913628,0.0
2077231626,3,0.13094,-0.002207,-0.384959,0.913594,0.0
2077231636,3,0.130914,-0.002612,-0.384991,0.913584,0.0
2077231646,3,0.130867,-0.002949,-0.384989,0.91359,0.0
2077231656,3,0.130769,-0.003088,-0.384929,0.913629,0.0
2077231666,3,0.13075,-0.003238,-0.384882,0.913651,0.0
2077231676,3,0.130686,-0.003365,-0.384845,0.913676,0.0
2077231686,3,0.130613,-0.003461,-0.38483,0.913692,0.0
2077231696,3,0.130527,-0.003658,-0.384847,0.913696,0.0
2077231706,3,0.130383,-0.003754,-0.384839,0.91372,0.0
2077231717,3,0.130221,-0.00384,-0.384819,0.913751,0.0
2077231727,3,0.130069,-0.003949,-0.384787,0.913785,0.0
2077231737,3,0.130012,-0.004175,-0.384773,0.913799,0.0
2077231747,3,0.130063,-0.004696,-0.384839,0.913761,0.0
2077231757,3,0.130175,-0.005354,-0.384972,0.913685,0.0
2077231767,3,0.130312,-0.005925,-0.385118,0.913601,0.0
2077231777,3,0.130529,-0.006533,-0.385306,0.913486,0.0
2077231787,3,0.130734,-0.006988,-0.385478,0.913381,0.0
2077231797,3,0.130868,-0.007274,-0.385593,0.913311,0.0
2077231807,3,0.130971,-0.00735,-0.385645,0.913274,0.0
2077231817,3,0.131134,-0.007455,-0.385689,0.913231,0.0
2077231827,3,0.131237,-0.007599,-0.385734,0.913196,0.0
2077231837,3,0.131274,-0.00777,-0.38582,0.913153,0.0
2077231848,3,0.131214,-0.007964,-0.385913,0.91312,0.0
2077231858,3,0.131075,-0.00811,-0.385987,0.913108,0.0
2077231868,3,0.130783,-0.007901,-0.385944,0.91317,0.0
2077231878,3,0.130494,-0.007604,-0.38592,0.913224,0.0
2077231888,3,0.130438,-0.007614,-0.386015,0.913192,0.0
2077231898,3,0.130378,-0.007507,-0.386075,0.913176,0.0
2077231908,3,0.130325,-0.00732,-0.386074,0.913185,0.0
2077231918,3,0.130301,-0.007195,-0.386076,0.913189,0.0
2077231928,3,0.130334,-0.00714,-0.386089,0.913179,0.0
2077231938,3,0.130402,-0.007151,-0.386136,0.913149,0.0
2077231948,3,0.130564,-0.007291,-0.386237,0.913082,0.0
2077231958,3,0.130752,-0.00746,-0.38634,0.913011,0.0
2077231968,3,0.130953,-0.007664,-0.386431,0.912941,0.0
2077231979,3,0.131074,-0.007653,-0.386435,0.912923,0.0
2077231989,3,0.131166,-0.007413,-0.38638,0.912935,0.0
2077231999,3,0.131268,-0.007417,-0.386423,0.912902,0.0
2077232009,3,0.13145,-0.007617,-0.386536,0.912826,0.0
2077232019,3,0.131623,-0.007842,-0.386691,0.912734,0.0
2077232029,3,0.131812,-0.008063,-0.386843,0.91264,0.0
2077232039,3,0.131957,-0.008244,-0.386955,0.91257,0.0
2077232049,3,0.132029,-0.008363,-0.387073,0.912508,0.0
2077232059,3,0.132051,-0.008492,-0.387162,0.912466,0.0
2077232069,3,0.131993,-0.00856,-0.387245,0.912439,0.0
2077232079,3,0.131892,-0.008621,-0.387319,0.912421,0.0
2077232089,3,0.131824,-0.00872,-0.387391,0.9124,0.0
2077232099,3,0.13177,-0.008732,-0.387403,0.912402,0.0
2077232110,3,0.131608,-0.008644,-0.387368,0.912442,0.0
2077232120,3,0.131286,-0.008548,-0.387348,0.912497,0.0
2077232130,3,0.13068,-0.008585,-0.387369,0.912575,0.0
2077232140,3,0.129894,-0.008944,-0.387467,0.912642,0.0
2077232150,3,0.130423,-0.009757,-0.387496,0.912546,0.0
2077232160,3,0.1314,-0.010946,-0.38755,0.912369,0.0
2077232170,3,0.131304,-0.012094,-0.387738,0.912289,0.0
2077232180,3,0.133617,-0.013751,-0.387852,0.911881,0.0
2077232190,3,0.136616,-0.015483,-0.387857,0.911407,0.0
2077232200,3,0.140303,-0.017212,-0.387802,0.910839,0.0
2077232210,3,0.144784,-0.018853,-0.387743,0.91013,0.0
2077232220,3,0.15019,-0.020469,-0.387631,0.909266,0.0
2077232230,3,0.156398,-0.022178,-0.387194,0.908365,0.0
2077232240,3,0.163207,-0.024061,-0.386388,0.907462,0.0
2077232251,3,0.170549,-0.026276,-0.385237,0.906539,0.0
2077232261,3,0.178499,-0.029088,-0.383731,0.905561,0.0
2077232271,3,0.186964,-0.032533,-0.381787,0.904557,0.0
2077232281,3,0.195993,-0.037344,-0.379523,0.903412,0.0
2077232291,3,0.205307,-0.043451,-0.376543,0.902317,0.0
2077232301,3,0.214708,-0.050881,-0.372584,0.901383,0.0
2077232311,3,0.224574,-0.05947,-0.367657,0.900476,0.0
2077232321,3,0.235082,-0.068652,-0.361819,0.899505,0.0
2077232331,3,0.246493,-0.079065,-0.355406,0.898151,0.0
2077232341,3,0.258497,-0.090212,-0.3484,0.896469,0.0
2077232351,3,0.271005,-0.102858,-0.340902,0.894293,0.0
2077232361,3,0.283982,-0.116708,-0.332763,0.891628,0.0
2077232371,3,0.297554,-0.131474,-0.323914,0.8884,0.0
2077232382,3,0.312934,-0.142236,-0.315767,0.884382,0.0
2077232392,3,0.327517,-0.158527,-0.305562,0.879905,0.0
2077232402,3,0.341901,-0.175405,-0.296397,0.874348,0.0
2077232412,3,0.355709,-0.193846,-0.28711,0.868021,0.0
2077232422,3,0.369946,-0.214174,-0.278453,0.860077,0.0
2077232432,3,0.384236,-0.234302,-0.270605,0.851021,0.0
2077232442,3,0.398091,-0.254155,-0.263828,0.841024,0.0
2077232452,3,0.41181,-0.273604,-0.258409,0.829926,0.0
2077232462,3,0.425574,-0.291148,-0.253775,0.818362,0.0
2077232472,3,0.439885,-0.30736,-0.249458,0.806102,0.0
2077232482,3,0.454764,-0.321416,-0.245538,0.793468,0.0
2077232492,3,0.470215,-0.333926,-0.242242,0.780198,0.0
2077232502,3,0.486203,-0.344347,-0.239616,0.76656,0.0
2077232513,3,0.502934,-0.353989,-0.23716,0.751999,0.0
2077232523,3,0.520144,-0.360966,-0.235108,0.73748,0.0
2077232533,3,0.537506,-0.367314,-0.233752,0.722168,0.0
2077232543,3,0.55464,-0.372685,-0.233653,0.706318,0.0
2077232553,3,0.5714,-0.376393,-0.234651,0.690483,0.0
2077232563,3,0.587617,-0.378525,-0.235905,0.675109,0.0
2077232573,3,0.602942,-0.378736,-0.237008,0.660943,0.0
2077232583,3,0.61727,-0.377688,-0.238192,0.647759,0.0
2077232593,3,0.630713,-0.375302,-0.241226,0.634947,0.0
2077232603,3,0.643442,-0.372035,-0.245849,0.622197,0.0
2077232613,3,0.655391,-0.367806,-0.251352,0.609919,0.0
2077232623,3,0.663836,-0.360881,-0.26014,0.601175,0.0
2077232633,3,0.669932,-0.357419,-0.26618,0.593792,0.0
2077232644,3,0.675613,-0.35634,-0.27004,0.586213,0.0
2077232654,3,0.681192,-0.35496,-0.274605,0.578421,0.0
2077232664,3,0.686211,-0.351049,-0.282155,0.571197,0.0
2077232674,3,0.689221,-0.347469,-0.2897,0.565961,0.0
2077232684,3,0.690229,-0.344541,-0.297169,0.56264,0.0
2077232694,3,0.689497,-0.342508,-0.304421,0.560899,0.0
2077232704,3,0.687244,-0.341692,-0.311064,0.560517,0.0
2077232714,3,0.683977,-0.342014,-0.316379,0.561342,0.0
2077232724,3,0.680323,-0.342834,-0.319753,0.563367,0.0
2077232734,3,0.676859,-0.343941,-0.321059,0.566116,0.0
2077232744,3,0.674018,-0.344414,-0.320606,0.569464,0.0
2077232754,3,0.672101,-0.344369,-0.318639,0.57285,0.0
2077232764,3,0.671154,-0.344106,-0.3153,0.575958,0.0
2077232774,3,0.671062,-0.343991,-0.31075,0.578601,0.0
2077232785,3,0.671641,-0.34384,-0.305124,0.581008,0.0
2077232795,3,0.672654,-0.343224,-0.298576,0.583595,0.0
2077232805,3,0.673946,-0.342014,-0.291119,0.586576,0.0
2077232815,3,0.675398,-0.340232,-0.283019,0.589897,0.0
2077232825,3,0.677016,-0.338742,-0.274324,0.592999,0.0
2077232835,3,0.678786,-0.337556,-0.265272,0.595764,0.0
2077232845,3,0.680566,-0.336206,-0.256217,0.598454,0.0
2077232855,3,0.682383,-0.335037,-0.246913,0.600945,0.0
2077232865,3,0.684104,-0.333506,-0.237644,0.603572,0.0
2077232875,3,0.686927,-0.329666,-0.231191,0.60498,0.0
2077232885,3,0.686409,-0.32595,-0.225478,0.609719,0.0
2077232895,3,0.687037,-0.325443,-0.217399,0.612212,0.0
2077232905,3,0.687364,-0.325291,-0.210407,0.614364,0.0
2077232916,3,0.68737,-0.325743,-0.204885,0.615982,0.0
2077232926,3,0.687112,-0.326917,-0.200594,0.61706,0.0
2077232936,3,0.686817,-0.328311,-0.197058,0.617787,0.0
2077232946,3,0.686607,-0.329717,-0.193845,0.618288,0.0
2077232956,3,0.686243,-0.33235,-0.188806,0.618842,0.0
2077232966,3,0.686341,-0.333607,-0.184718,0.61929,0.0
2077232976,3,0.68648,-0.333905,-0.181589,0.6199,0.0
2077232986,3,0.686938,-0.333777,-0.179242,0.620145,0.0
2077232996,3,0.687851,-0.333655,-0.177147,0.6198,0.0
2077233006,3,0.689221,-0.333703,-0.175052,0.618847,0.0
2077233016,3,0.690858,-0.333614,-0.172865,0.617684,0.0
2077233026,3,0.692287,-0.333301,-0.17015,0.617006,0.0
2077233036,3,0.693393,-0.332157,-0.167525,0.617099,0.0
2077233047,3,0.694103,-0.330432,-0.164579,0.618019,0.0
2077233057,3,0.694542,-0.328466,-0.161189,0.619465,0.0
2077233067,3,0.695257,-0.326776,-0.157269,0.620564,0.0
2077233077,3,0.696652,-0.325616,-0.152903,0.620701,0.0
2077233087,3,0.698746,-0.325205,-0.147694,0.619823,0.0
2077233097,3,0.700807,-0.325006,-0.141568,0.619029,0.0
2077233107,3,0.702474,-0.324688,-0.134532,0.618876,0.0
2077233117,3,0.703098,-0.323316,-0.127071,0.620461,0.0
2077233127,3,0.702441,-0.320591,-0.120011,0.624015,0.0
2077233137,3,0.700607,-0.317062,-0.113444,0.629086,0.0
2077233147,3,0.698316,-0.312963,-0.107378,0.634726,0.0
2077233157,3,0.695687,-0.308942,-0.101739,0.640486,0.0
2077233167,3,0.693385,-0.305837,-0.096021,0.645337,0.0
2077233177,3,0.691445,-0.303726,-0.089844,0.649293,0.0
2077233188,3,0.689313,-0.302127,-0.083583,0.65313,0.0
2077233283,3,0.687094,-0.301055,-0.083703,0.655942,0.0
2077233293,3,0.682975,-0.299118,-0.084212,0.661045,0.0
2077233303,3,0.679343,-0.297861,-0.084546,0.665299,0.0
2077233314,3,0.676586,-0.297247,-0.084928,0.668327,0.0
2077233324,3,0.674815,-0.297072,-0.085264,0.67015,0.0
2077233334,3,0.67368,-0.296502,-0.085783,0.671477,0.0
2077233344,3,0.672161,-0.295035,-0.086472,0.673553,0.0
2077233354,3,0.670393,-0.293097,-0.087594,0.676012,0.0
2077233364,3,0.668604,-0.291111,-0.089116,0.678439,0.0
2077233374,3,0.667161,-0.289232,-0.091102,0.680397,0.0
2077233384,3,0.666335,-0.287666,-0.093506,0.681543,0.0
2077233394,3,0.66627,-0.286612,-0.095892,0.681719,0.0
2077233404,3,0.666423,-0.285822,-0.097957,0.681607,0.0
2077233414,3,0.666532,-0.284919,-0.099941,0.681591,0.0
2077233424,3,0.666306,-0.28379,-0.10179,0.68201,0.0
2077233434,3,0.665562,-0.282465,-0.103611,0.683011,0.0
2077233444,3,0.664564,-0.281285,-0.105384,0.684197,0.0
2077233455,3,0.663677,-0.28057,-0.106739,0.685141,0.0
2077233465,3,0.662716,-0.280131,-0.107653,0.686107,0.0
2077233475,3,0.661816,-0.279955,-0.107967,0.686998,0.0
2077233485,3,0.660859,-0.280044,-0.107442,0.687965,0.0
2077233495,3,0.659201,-0.279967,-0.106289,0.689763,0.0
2077233505,3,0.65666,-0.279791,-0.104822,0.692477,0.0
2077233515,3,0.653436,-0.279725,-0.103254,0.695782,0.0
2077233525,3,0.649784,-0.279552,-0.101869,0.699466,0.0
2077233535,3,0.646417,-0.279653,-0.100619,0.702719,0.0
2077233545,3,0.643314,-0.280448,-0.099056,0.705466,0.0
2077233555,3,0.641027,-0.282373,-0.097075,0.707053,0.0
2077233565,3,0.639229,-0.285044,-0.094585,0.707947,0.0
2077233575,3,0.637559,-0.287645,-0.092061,0.708732,0.0
2077233586,3,0.635495,-0.290118,-0.089379,0.70992,0.0
2077233596,3,0.632992,-0.292213,-0.086871,0.711607,0.0
2077233606,3,0.634959,-0.296072,-0.08306,0.708708,0.0
2077233616,3,0.63684,-0.297499,-0.079485,0.706831,0.0
2077233626,3,0.640412,-0.29921,-0.074997,0.703364,0.0
2077233636,3,0.645175,-0.300084,-0.070455,0.699095,0.0
2077233646,3,0.650512,-0.299523,-0.066654,0.694749,0.0
2077233656,3,0.656155,-0.298143,-0.063632,0.690305,0.0
2077233666,3,0.662281,-0.296334,-0.061432,0.685416,0.0
2077233676,3,0.668239,-0.293953,-0.060118,0.680759,0.0
2077233686,3,0.673727,-0.29157,-0.059818,0.676386,0.0
2077233696,3,0.679163,-0.289509,-0.060243,0.671782,0.0
2077233706,3,0.684407,-0.287465,-0.061308,0.667226,0.0
2077233717,3,0.689108,-0.285897,-0.062622,0.662925,0.0
2077233727,3,0.692857,-0.284215,-0.064461,0.659556,0.0
2077233737,3,0.695135,-0.282474,-0.066812,0.65767,0.0
2077233747,3,0.695766,-0.280249,-0.070099,0.657613,0.0
2077233757,3,0.695796,-0.278151,-0.073619,0.658087,0.0
2077233767,3,0.695911,-0.27592,-0.076538,0.658572,0.0
2077233777,3,0.696203,-0.274068,-0.079005,0.658745,0.0
2077233787,3,0.696665,-0.272923,-0.081071,0.658481,0.0
2077233797,3,0.69717,-0.272621,-0.083168,0.657809,0.0
2077233807,3,0.697519,-0.273113,-0.085739,0.656905,0.0
2077233817,3,0.695279,-0.273987,-0.088578,0.658537,0.0
2077233827,3,0.693688,-0.276044,-0.090705,0.659065,0.0
2077233837,3,0.690846,-0.27869,-0.093431,0.660555,0.0
2077233848,3,0.687914,-0.281904,-0.09662,0.661791,0.0
2077233858,3,0.686,-0.285451,-0.100506,0.661678,0.0
2077233868,3,0.684655,-0.2897,-0.1047,0.660574,0.0
2077233878,3,0.684163,-0.294224,-0.109013,0.658383,0.0
2077233888,3,0.684611,-0.299054,-0.113184,0.655029,0.0
2077233898,3,0.685669,-0.303968,-0.117064,0.650965,0.0
2077233908,3,0.687251,-0.30782,-0.121355,0.646687,0.0
2077233918,3,0.686423,-0.306873,-0.129733,0.64639,0.0
2077233928,3,0.685298,-0.305654,-0.138226,0.646401,0.0
2077233938,3,0.683916,-0.30449,-0.146616,0.646565,0.0
2077233948,3,0.68706,-0.306788,-0.151666,0.640957,0.0
2077233958,3,0.690908,-0.307466,-0.157137,0.635152,0.0
2077233968,3,0.69505,-0.306487,-0.16292,0.629624,0.0
2077233978,3,0.699405,-0.303377,-0.16907,0.624666,0.0
2077233989,3,0.703785,-0.298028,-0.17531,0.62059,0.0
2077233999,3,0.707888,-0.290701,-0.180896,0.617788,0.0
2077234009,3,0.711365,-0.281081,-0.186159,0.616683,0.0
2077234019,3,0.713969,-0.269912,-0.191324,0.617081,0.0
2077234029,3,0.716054,-0.256717,-0.19704,0.618495,0.0
2077234039,3,0.717705,-0.242757,-0.202749,0.620371,0.0
2077234049,3,0.719192,-0.228405,-0.208519,0.622184,0.0
2077234059,3,0.720762,-0.215044,-0.213964,0.623278,0.0
2077234069,3,0.722267,-0.202675,-0.21922,0.623855,0.0
2077234079,3,0.724151,-0.191898,-0.223954,0.623397,0.0
2077234089,3,0.72745,-0.182247,-0.227795,0.621056,0.0
2077234099,3,0.730859,-0.173353,-0.231734,0.618136,0.0
2077234109,3,0.734412,-0.165166,-0.23576,0.614634,0.0
2077234120,3,0.738329,-0.157191,-0.239664,0.610509,0.0
2077234130,3,0.739254,-0.148915,-0.245925,0.608972,0.0
2077234140,3,0.743147,-0.14294,-0.250436,0.603806,0.0
2077234150,3,0.747622,-0.13759,-0.252843,0.598497,0.0
2077234160,3,0.752365,-0.130319,-0.254177,0.593597,0.0
2077234170,3,0.755603,-0.121288,-0.255111,0.590991,0.0
2077234180,3,0.758498,-0.109861,-0.257513,0.588469,0.0
2077234190,3,0.76092,-0.098037,-0.259388,0.586605,0.0
2077234200,3,0.762689,-0.086995,-0.260861,0.585395,0.0
2077234210,3,0.763712,-0.077006,-0.261921,0.584987,0.0
2077234220,3,0.763979,-0.06782,-0.262529,0.585503,0.0
2077234230,3,0.763827,-0.061049,-0.26222,0.586584,0.0
2077234240,3,0.763403,-0.056821,-0.261173,0.588026,0.0
2077234251,3,0.76264,-0.05468,-0.259708,0.589865,0.0
2077234261,3,0.761759,-0.05544,-0.257398,0.591941,0.0
2077234271,3,0.760838,-0.062307,-0.25328,0.594214,0.0
2077234281,3,0.75953,-0.075788,-0.248204,0.596459,0.0
2077234291,3,0.757507,-0.092019,-0.243561,0.598658,0.0
2077234301,3,0.754056,-0.106946,-0.241771,0.601255,0.0
2077234311,3,0.754544,-0.120682,-0.238512,0.599341,0.0
2077234321,3,0.752885,-0.131945,-0.234806,0.600516,0.0
2077234331,3,0.751314,-0.139215,-0.231704,0.602044,0.0
2077234341,3,0.750313,-0.143741,-0.22896,0.603278,0.0
2077234351,3,0.74891,-0.146906,-0.227841,0.604681,0.0
2077234361,3,0.747662,-0.150178,-0.228037,0.605347,0.0
2077234371,3,0.746907,-0.15375,-0.229567,0.604804,0.0
2077234382,3,0.746373,-0.157152,-0.232517,0.603461,0.0
2077234392,3,0.74567,-0.160645,-0.236825,0.601733,0.0
2077234402,3,0.74473,-0.163898,-0.242073,0.599928,0.0
2077234412,3,0.744118,-0.166077,-0.246483,0.598291,0.0
2077234422,3,0.745638,-0.168456,-0.245696,0.596053,0.0
2077234432,3,0.743872,-0.171384,-0.246047,0.597278,0.0
2077234442,3,0.744767,-0.174839,-0.247181,0.594687,0.0
2077234452,3,0.745819,-0.178028,-0.248464,0.591882,0.0
2077234462,3,0.747392,-0.180095,-0.249426,0.58886,0.0
2077234472,3,0.74956,-0.181034,-0.250174,0.585489,0.0
2077234482,3,0.751987,-0.18081,-0.251117,0.582033,0.0
2077234492,3,0.754531,-0.179836,-0.25235,0.578498,0.0
2077234502,3,0.757162,-0.178112,-0.253957,0.57488,0.0
2077234512,3,0.759911,-0.17503,-0.255521,0.571495,0.0
2077234523,3,0.762809,-0.171471,-0.256714,0.568169,0.0
2077234533,3,0.765804,-0.167671,-0.257745,0.564797,0.0
2077234543,3,0.768775,-0.163761,-0.258354,0.561621,0.0
2077234553,3,0.771665,-0.160046,-0.258252,0.558769,0.0
2077234563,3,0.774409,-0.156841,-0.257402,0.556268,0.0
2077234573,3,0.776343,-0.155129,-0.255969,0.554711,0.0
2077234583,3,0.776317,-0.157368,-0.254009,0.555017,0.0
2077234593,3,0.77376,-0.162208,-0.25279,0.557745,0.0
2077234603,3,0.769727,-0.168993,-0.25178,0.561754,0.0
2077234613,3,0.769515,-0.178371,-0.239031,0.564706,0.0
2077234623,3,0.768653,-0.201334,-0.206097,0.571103,0.0
2077234633,3,0.765254,-0.222038,-0.17422,0.57856,0.0
2077234643,3,0.759735,-0.241596,-0.143603,0.586354,0.0
2077234654,3,0.753182,-0.258825,-0.115005,0.593716,0.0
2077234664,3,0.751195,-0.267651,-0.100601,0.594934,0.0
2077234674,3,0.75295,-0.270145,-0.098646,0.591908,0.0
2077234684,3,0.753431,-0.272864,-0.096717,0.590365,0.0
2077234694,3,0.753884,-0.274667,-0.096107,0.589049,0.0
2077234704,3,0.754459,-0.275548,-0.097534,0.587666,0.0
2077234714,3,0.755142,-0.275396,-0.101574,0.586173,0.0
2077234724,3,0.755798,-0.273627,-0.108418,0.584928,0.0
2077234734,3,0.756502,-0.271166,-0.116802,0.583549,0.0
2077234744,3,0.757151,-0.268832,-0.125292,0.582025,0.0
2077234754,3,0.757907,-0.268198,-0.13362,0.579475,0.0
2077234764,3,0.759311,-0.267038,-0.143324,0.575842,0.0
2077234774,3,0.76126,-0.264601,-0.151612,0.572261,0.0
2077234785,3,0.765431,-0.259868,-0.155119,0.567909,0.0
2077234795,3,0.769962,-0.254203,-0.157489,0.563679,0.0
2077234805,3,0.774969,-0.247724,-0.159336,0.559165,0.0
2077234815,3,0.780685,-0.241243,-0.160729,0.553622,0.0
2077234825,3,0.786195,-0.236695,-0.16179,0.547444,0.0
2077234835,3,0.791031,-0.234451,-0.162321,0.541251,0.0
2077234845,3,0.795608,-0.232833,-0.16125,0.53553,0.0
2077234855,3,0.800072,-0.230847,-0.15926,0.530311,0.0
2077234865,3,0.804472,-0.227912,-0.156288,0.525788,0.0
2077234875,3,0.811173,-0.220877,-0.157455,0.51809,0.0
2077234885,3,0.81485,-0.219407,-0.150214,0.515086,0.0
2077234895,3,0.817999,-0.219082,-0.140472,0.512979,0.0
2077234905,3,0.820856,-0.219908,-0.129283,0.510999,0.0
2077234915,3,0.823819,-0.220578,-0.119653,0.50828,0.0
2077234926,3,0.827178,-0.220881,-0.114382,0.503889,0.0
2077234936,3,0.83023,-0.222042,-0.11078,0.499141,0.0
2077234946,3,0.833807,-0.224911,-0.103656,0.493391,0.0
2077234956,3,0.836725,-0.226611,-0.097349,0.488938,0.0
2077234966,3,0.838477,-0.226954,-0.093273,0.486567,0.0
2077234976,3,0.839843,-0.22629,-0.091032,0.484941,0.0
2077234986,3,0.84095,-0.22493,-0.090299,0.483792,0.0
2077234996,3,0.841929,-0.223112,-0.090989,0.4828,0.0
2077235006,3,0.842841,-0.221177,-0.092397,0.481832,0.0
2077235016,3,0.843823,-0.22065,-0.091841,0.480458,0.0
2077235026,3,0.844528,-0.220197,-0.09141,0.479508,0.0
2077235036,3,0.844891,-0.219861,-0.091212,0.479061,0.0
2077235046,3,0.84473,-0.218296,-0.093793,0.479562,0.0
2077235057,3,0.844073,-0.217561,-0.095463,0.480721,0.0
2077235067,3,0.84282,-0.217161,-0.096723,0.482844,0.0
2077235077,3,0.841311,-0.216561,-0.09823,0.485435,0.0
2077235087,3,0.839864,-0.216159,-0.099548,0.487845,0.0
2077235097,3,0.838611,-0.216135,-0.100185,0.489877,0.0
2077235107,3,0.837199,-0.216022,-0.100733,0.492224,0.0
2077235117,3,0.835621,-0.215922,-0.101494,0.494785,0.0
2077235127,3,0.834143,-0.215412,-0.102672,0.497253,0.0
2077235137,3,0.832837,-0.214863,-0.104004,0.499398,0.0
2077235147,3,0.831559,-0.214037,-0.105636,0.501535,0.0
2077235157,3,0.830053,-0.212786,-0.10794,0.504066,0.0
2077235167,3,0.828475,-0.211586,-0.110558,0.506592,0.0
2077235177,3,0.82688,-0.210903,-0.112556,0.509037,0.0
2077235188,3,0.825141,-0.210902,-0.113473,0.51165,0.0
2077235198,3,0.822969,-0.21111,-0.113943,0.514947,0.0
2077235208,3,0.820846,-0.211212,-0.114423,0.518177,0.0
2077235218,3,0.819517,-0.210941,-0.115178,0.52022,0.0
2077235228,3,0.818199,-0.210279,-0.116199,0.522331,0.0
2077235238,3,0.817868,-0.209835,-0.117328,0.522775,0.0
2077235248,3,0.817929,-0.209978,-0.117713,0.522536,0.0
2077235258,3,0.817698,-0.210552,-0.117593,0.522693,0.0
2077235268,3,0.817486,-0.210957,-0.117947,0.522782,0.0
2077235278,3,0.817821,-0.2112,-0.118352,0.522068,0.0
2077235288,3,0.818978,-0.211867,-0.118063,0.520045,0.0
2077235298,3,0.819673,-0.21246,-0.118216,0.518671,0.0
2077235308,3,0.820318,-0.21334,-0.117595,0.517431,0.0
2077235319,3,0.820248,-0.214581,-0.116284,0.517324,0.0
2077235329,3,0.819887,-0.216031,-0.114874,0.517608,0.0
2077235339,3,0.819732,-0.217338,-0.113845,0.517534,0.0
2077235349,3,0.819815,-0.218264,-0.113465,0.517096,0.0
2077235359,3,0.819895,-0.218752,-0.113633,0.516727,0.0
2077235369,3,0.819843,-0.219176,-0.113864,0.516577,0.0
2077235379,3,0.819603,-0.21948,-0.114323,0.516728,0.0
2077235389,3,0.819338,-0.2196,-0.115053,0.516936,0.0
2077235399,3,0.818965,-0.219801,-0.115733,0.517289,0.0
2077235409,3,0.818634,-0.219886,-0.116447,0.517617,0.0
2077235419,3,0.818279,-0.220089,-0.117095,0.517946,0.0
2077235429,3,0.817971,-0.220166,-0.117939,0.518207,0.0
2077235439,3,0.817617,-0.220351,-0.118625,0.518531,0.0
2077235449,3,0.817177,-0.220575,-0.119349,0.518963,0.0
2077235460,3,0.816939,-0.220842,-0.119883,0.519101,0.0
2077235470,3,0.817621,-0.221544,-0.119577,0.517797,0.0
2077235480,3,0.818747,-0.222194,-0.118787,0.515918,0.0
2077235490,3,0.819678,-0.222611,-0.117989,0.514441,0.0
2077235500,3,0.820558,-0.223184,-0.117015,0.51301,0.0
2077235510,3,0.82127,-0.223654,-0.116144,0.511863,0.0
2077235520,3,0.82186,-0.224274,-0.115316,0.510831,0.0
2077235530,3,0.822532,-0.22493,-0.114628,0.509614,0.0
2077235540,3,0.822904,-0.225332,-0.114693,0.50882,0.0
2077235550,3,0.823299,-0.225635,-0.115285,0.507913,0.0
2077235560,3,0.823899,-0.226106,-0.115944,0.506579,0.0
2077235570,3,0.824856,-0.226582,-0.116377,0.504706,0.0
2077235580,3,0.825414,-0.227121,-0.116479,0.503526,0.0
2077235591,3,0.825618,-0.228196,-0.115935,0.502831,0.0
2077235601,3,0.825397,-0.229517,-0.115079,0.502789,0.0
2077235611,3,0.824897,-0.230746,-0.114313,0.503223,0.0
2077235621,3,0.824462,-0.231651,-0.113909,0.503611,0.0
2077235631,3,0.823768,-0.232055,-0.114259,0.50448,0.0
2077235641,3,0.823151,-0.232335,-0.114903,0.505211,0.0
2077235651,3,0.822737,-0.232469,-0.115588,0.505668,0.0
2077235661,3,0.822378,-0.232468,-0.116334,0.50608,0.0
2077235671,3,0.82208,-0.232608,-0.116993,0.506349,0.0
2077235681,3,0.821796,-0.232833,-0.117507,0.506587,0.0
2077235691,3,0.821422,-0.23308,-0.11804,0.506956,0.0
2077235701,3,0.821024,-0.233353,-0.118533,0.50736,0.0
2077235711,3,0.820681,-0.233545,-0.119058,0.507704,0.0
2077235722,3,0.820503,-0.23384,-0.11944,0.507765,0.0
2077235732,3,0.82061,-0.234114,-0.119632,0.507421,0.0
2077235742,3,0.821348,-0.234597,-0.119044,0.50614,0.0
2077235752,3,0.822047,-0.234904,-0.118465,0.504998,0.0
2077235762,3,0.821295,-0.234751,-0.118011,0.506397,0.0
2077235772,3,0.82143,-0.234253,-0.118033,0.506404,0.0
2077235782,3,0.821244,-0.233454,-0.118279,0.507017,0.0
2077235792,3,0.820493,-0.232271,-0.1191,0.508581,0.0
2077235802,3,0.819512,-0.230932,-0.120355,0.510473,0.0
2077235812,3,0.817944,-0.229565,-0.122057,0.513193,0.0
2077235822,3,0.815735,-0.228299,-0.124363,0.516709,0.0
2077235832,3,0.812733,-0.227256,-0.127104,0.521213,0.0
2077235842,3,0.81036,-0.226908,-0.129,0.524583,0.0
2077235853,3,0.806655,-0.226584,-0.131076,0.529892,0.0
2077235863,3,0.801659,-0.225913,-0.134231,0.536923,0.0
2077235873,3,0.795822,-0.22565,-0.137695,0.544782,0.0
2077235883,3,0.789169,-0.225569,-0.142177,0.553277,0.0
2077235893,3,0.783939,-0.22605,-0.146108,0.559457,0.0
2077235903,3,0.7788,-0.226318,-0.149409,0.56562,0.0
2077235913,3,0.772787,-0.226147,-0.153018,0.572923,0.0
2077235923,3,0.76704,-0.226735,-0.15625,0.579504,0.0
2077235933,3,0.76239,-0.227753,-0.158993,0.584474,0.0
2077235943,3,0.758319,-0.229046,-0.161065,0.588683,0.0
2077235953,3,0.754866,-0.230906,-0.162297,0.592045,0.0
2077235963,3,0.752567,-0.233308,-0.162495,0.593973,0.0
2077235973,3,0.751585,-0.236033,-0.161533,0.594402,0.0
2077235983,3,0.750882,-0.238247,-0.160282,0.594745,0.0
2077235994,3,0.750296,-0.239841,-0.15949,0.595058,0.0
2077236004,3,0.751066,-0.241467,-0.158993,0.59356,0.0
2077236014,3,0.753221,-0.242952,-0.158689,0.590295,0.0
2077236024,3,0.755993,-0.244723,-0.158244,0.586125,0.0
2077236034,3,0.759065,-0.246967,-0.157309,0.581447,0.0
2077236044,3,0.762443,-0.24966,-0.156048,0.576192,0.0
2077236054,3,0.765207,-0.253002,-0.154056,0.571589,0.0
2077236064,3,0.767533,-0.256301,-0.151972,0.567544,0.0
2077236074,3,0.770463,-0.259448,-0.149939,0.562663,0.0
2077236084,3,0.774631,-0.261534,-0.148559,0.556305,0.0
2077236094,3,0.77664,-0.262846,-0.147236,0.553229,0.0
2077236104,3,0.780445,-0.263543,-0.146832,0.547622,0.0
2077236114,3,0.783278,-0.264602,-0.146297,0.543192,0.0
2077236125,3,0.784367,-0.265793,-0.145367,0.541284,0.0
2077236135,3,0.786306,-0.26631,-0.146001,0.538037,0.0
2077236145,3,0.787789,-0.266489,-0.14705,0.535487,0.0
2077236155,3,0.788377,-0.266758,-0.148123,0.53419,0.0
2077236165,3,0.788461,-0.266896,-0.149188,0.533702,0.0
2077236175,3,0.78841,-0.266896,-0.150459,0.53342,0.0
2077236185,3,0.788258,-0.266767,-0.15187,0.53331,0.0
2077236195,3,0.78814,-0.26678,-0.153023,0.533147,0.0
2077236205,3,0.788235,-0.267227,-0.153569,0.532627,0.0
2077236215,3,0.788882,-0.268073,-0.153656,0.531216,0.0
2077236225,3,0.789938,-0.26923,-0.153122,0.529213,0.0
2077236235,3,0.791056,-0.270761,-0.1521,0.527051,0.0
2077236245,3,0.792888,-0.272362,-0.150779,0.523843,0.0
2077236256,3,0.795269,-0.274021,-0.149389,0.51975,0.0
2077236266,3,0.797573,-0.275572,-0.148233,0.515717,0.0
2077236276,3,0.799312,-0.277235,-0.146908,0.512502,0.0
2077236286,3,0.800426,-0.278966,-0.145539,0.510208,0.0
2077236296,3,0.801693,-0.280255,-0.144719,0.507741,0.0
2077236306,3,0.802902,-0.280944,-0.144878,0.505398,0.0
2077236316,3,0.803797,-0.281552,-0.14525,0.503527,0.0
2077236326,3,0.803888,-0.282165,-0.14565,0.502923,0.0
2077236336,3,0.80332,-0.282998,-0.145722,0.503341,0.0
2077236346,3,0.802588,-0.283596,-0.145986,0.504095,0.0
2077236356,3,0.80212,-0.283721,-0.146808,0.504532,0.0
2077236366,3,0.801787,-0.283363,-0.14835,0.504811,0.0
2077236376,3,0.801561,-0.283058,-0.149996,0.504855,0.0
2077236387,3,0.801146,-0.283421,-0.150737,0.505088,0.0
2077236397,3,0.800688,-0.284163,-0.150829,0.50537,0.0
2077236407,3,0.800757,-0.28505,-0.15062,0.504824,0.0
2077236417,3,0.800731,-0.285722,-0.15074,0.504449,0.0
2077236427,3,0.800557,-0.286381,-0.150921,0.504297,0.0
2077236437,3,0.800209,-0.286835,-0.151354,0.504462,0.0
2077236447,3,0.799625,-0.28695,-0.152247,0.505054,0.0
2077236457,3,0.799539,-0.286959,-0.153212,0.504893,0.0
2077236467,3,0.799469,-0.286747,-0.15452,0.504725,0.0
2077236477,3,0.797962,-0.287172,-0.154905,0.506746,0.0
2077236487,3,0.795998,-0.287259,-0.155545,0.509582,0.0
2077236497,3,0.794222,-0.286929,-0.157508,0.511931,0.0
2077236507,3,0.791627,-0.28655,-0.159659,0.515483,0.0
2077236517,3,0.785971,-0.284737,-0.16393,0.523736,0.0
2077236528,3,0.782555,-0.28378,-0.166196,0.528633,0.0
2077236538,3,0.780983,-0.282955,-0.166913,0.531169,0.0
2077236548,3,0.778926,-0.282068,-0.168378,0.53419,0.0
2077236558,3,0.777418,-0.281595,-0.169889,0.536155,0.0
2077236568,3,0.775025,-0.280768,-0.171948,0.539386,0.0
2077236578,3,0.772145,-0.279809,-0.174435,0.543203,0.0
2077236588,3,0.769458,-0.27888,-0.176738,0.546737,0.0
2077236598,3,0.767074,-0.277543,-0.178958,0.550036,0.0
2077236608,3,0.764594,-0.276062,-0.181278,0.553465,0.0
2077236618,3,0.761943,-0.274238,-0.18392,0.557143,0.0
2077236628,3,0.758939,-0.272053,-0.187004,0.561273,0.0
2077236638,3,0.755813,-0.271538,-0.188025,0.565384,0.0
2077236648,3,0.752001,-0.269565,-0.191079,0.570365,0.0
2077236659,3,0.74772,-0.267885,-0.193918,0.575801,0.0
2077236669,3,0.743313,-0.266299,-0.196711,0.581269,0.0
2077236679,3,0.740197,-0.266101,-0.197628,0.585013,0.0
2077236689,3,0.736117,-0.264943,-0.199488,0.590034,0.0
2077236699,3,0.731739,-0.263658,-0.20144,0.595367,0.0
2077236709,3,0.727593,-0.261869,-0.203812,0.60041,0.0
2077236719,3,0.723402,-0.260136,-0.20622,0.605384,0.0
2077236729,3,0.719338,-0.258631,-0.208513,0.610069,0.0
2077236739,3,0.71593,-0.257553,-0.21027,0.613917,0.0
2077236749,3,0.71232,-0.256535,-0.211905,0.617968,0.0
2077236759,3,0.708584,-0.255856,-0.213373,0.622026,0.0
2077236769,3,0.705212,-0.255841,-0.214291,0.625539,0.0
2077236779,3,0.702442,-0.255976,-0.214818,0.628413,0.0
2077236790,3,0.699977,-0.25592,-0.215284,0.631022,0.0
2077236800,3,0.697229,-0.255188,-0.21634,0.633992,0.0
2077236810,3,0.694805,-0.253913,-0.217803,0.636659,0.0
2077236820,3,0.693087,-0.252356,-0.219319,0.638626,0.0
2077236830,3,0.69226,-0.250858,-0.220378,0.639749,0.0
2077236840,3,0.692047,-0.249595,-0.220647,0.640379,0.0
2077236850,3,0.690177,-0.248394,-0.220846,0.642792,0.0
2077236860,3,0.687606,-0.248133,-0.220986,0.645594,0.0
2077236870,3,0.685774,-0.249152,-0.220789,0.647216,0.0
2077236880,3,0.68423,-0.250228,-0.2206,0.648497,0.0
2077236890,3,0.682561,-0.251362,-0.2205,0.649851,0.0
2077236900,3,0.680722,-0.25277,-0.220668,0.651175,0.0
2077236910,3,0.679248,-0.253728,-0.221348,0.65211,0.0
2077236920,3,0.678314,-0.253925,-0.222284,0.652687,0.0
2077236931,3,0.677521,-0.253382,-0.223453,0.653322,0.0
2077236941,3,0.676373,-0.252197,-0.225356,0.654316,0.0
2077236951,3,0.674913,-0.252412,-0.226073,0.655492,0.0
2077236961,3,0.673662,-0.251215,-0.22821,0.656498,0.0
2077236971,3,0.672469,-0.249879,-0.230198,0.657536,0.0
2077236981,3,0.671001,-0.248574,-0.231987,0.6589,0.0
2077236991,3,0.668764,-0.247642,-0.233529,0.660976,0.0
2077237001,3,0.665779,-0.247419,-0.234888,0.663587,0.0
2077237011,3,0.662424,-0.248234,-0.235954,0.666257,0.0
2077237021,3,0.659037,-0.249781,-0.236892,0.6687,0.0
2077237031,3,0.655847,-0.251949,-0.237697,0.670735,0.0
2077237041,3,0.653162,-0.254624,-0.238313,0.672124,0.0
2077237051,3,0.651156,-0.257545,-0.238669,0.672831,0.0
2077237062,3,0.650011,-0.260525,-0.238731,0.672769,0.0
2077237072,3,0.649769,-0.263267,-0.238549,0.672,0.0
2077237082,3,0.65011,-0.265522,-0.238187,0.67091,0.0
2077237092,3,0.651198,-0.267112,-0.237963,0.669301,0.0
2077237102,3,0.652864,-0.267967,-0.237884,0.667362,0.0
2077237112,3,0.654902,-0.268426,-0.237781,0.665214,0.0
2077237122,3,0.65695,-0.268516,-0.238002,0.663075,0.0
2077237132,3,0.659065,-0.268381,-0.23856,0.660827,0.0
2077237142,3,0.661547,-0.268312,-0.239207,0.658135,0.0
2077237152,3,0.663771,-0.268953,-0.23931,0.655593,0.0
2077237162,3,0.665672,-0.269761,-0.240288,0.65297,0.0
2077237172,3,0.667814,-0.270593,-0.241721,0.649903,0.0
2077237182,3,0.670321,-0.270609,-0.242963,0.646844,0.0
2077237193,3,0.67426,-0.269707,-0.24452,0.642527,0.0
2077237203,3,0.677959,-0.267079,-0.248076,0.638355,0.0
2077237213,3,0.680381,-0.26786,-0.248284,0.635363,0.0
2077237223,3,0.682631,-0.269408,-0.247701,0.632516,0.0
2077237233,3,0.686395,-0.267092,-0.251138,0.628054,0.0
2077237243,3,0.69035,-0.266091,-0.253228,0.623287,0.0
2077237253,3,0.691823,-0.269163,-0.250848,0.621294,0.0
2077237263,3,0.693085,-0.271985,-0.248395,0.619641,0.0
2077237273,3,0.694162,-0.275484,-0.245095,0.618203,0.0
2077237283,3,0.694414,-0.27918,-0.241449,0.617697,0.0
2077237293,3,0.694649,-0.282901,-0.237962,0.617092,0.0
2077237303,3,0.695163,-0.285997,-0.235169,0.616156,0.0
2077237313,3,0.696135,-0.288392,-0.232942,0.614786,0.0
2077237324,3,0.697626,-0.289978,-0.231471,0.612903,0.0
2077237334,3,0.699536,-0.290978,-0.230482,0.610621,0.0
2077237344,3,0.701342,-0.291422,-0.230163,0.608454,0.0
2077237354,3,0.703523,-0.291152,-0.230723,0.605848,0.0
2077237364,3,0.706579,-0.2906,-0.231509,0.602246,0.0
2077237374,3,0.710042,-0.29007,-0.232429,0.59806,0.0
2077237384,3,0.711519,-0.290967,-0.231644,0.59617,0.0
2077237394,3,0.712542,-0.291877,-0.230809,0.594825,0.0
2077237404,3,0.71543,-0.293004,-0.230005,0.591105,0.0
2077237414,3,0.71681,-0.294762,-0.228553,0.589118,0.0
2077237424,3,0.717225,-0.296117,-0.227602,0.588301,0.0
2077237434,3,0.71782,-0.296719,-0.227317,0.587383,0.0
2077237444,3,0.718991,-0.297276,-0.226828,0.585855,0.0
2077237454,3,0.720239,-0.297301,-0.226903,0.584278,0.0
2077237465,3,0.721304,-0.297203,-0.22714,0.582921,0.0
2077237475,3,0.721829,-0.296545,-0.228108,0.582227,0.0
2077237485,3,0.721651,-0.295176,-0.229872,0.58245,0.0
2077237495,3,0.7214,-0.293547,-0.231882,0.582788,0.0
2077237505,3,0.72097,-0.291783,-0.23389,0.583403,0.0
2077237515,3,0.720256,-0.289937,-0.235986,0.58436,0.0
2077237525,3,0.719201,-0.288418,-0.237796,0.585676,0.0
2077237535,3,0.717132,-0.286865,-0.239646,0.588216,0.0
2077237545,3,0.714495,-0.285383,-0.241363,0.591436,0.0
2077237555,3,0.71126,-0.284043,-0.242927,0.595327,0.0
2077237565,3,0.707737,-0.282724,-0.24445,0.599515,0.0
2077237575,3,0.704199,-0.281593,-0.24584,0.60363,0.0
2077237585,3,0.701221,-0.280972,-0.246757,0.607004,0.0
2077237596,3,0.698142,-0.280149,-0.248002,0.610416,0.0
2077237606,3,0.694529,-0.279373,-0.24947,0.614283,0.0
2077237616,3,0.690127,-0.277821,-0.251807,0.618976,0.0
2077237626,3,0.686126,-0.27591,-0.254805,0.623039,0.0
2077237636,3,0.683772,-0.274651,-0.256779,0.625368,0.0
2077237646,3,0.681605,-0.273144,-0.258461,0.627697,0.0
2077237656,3,0.679496,-0.272223,-0.259942,0.629768,0.0
2077237666,3,0.67857,-0.272108,-0.260645,0.630525,0.0
2077237676,3,0.67811,-0.272551,-0.260756,0.630783,0.0
2077237686,3,0.678156,-0.273814,-0.260108,0.630454,0.0
2077237696,3,0.679037,-0.275871,-0.258672,0.629199,0.0
2077237706,3,0.680904,-0.278532,-0.256559,0.626869,0.0
2077237716,3,0.683864,-0.281508,-0.254001,0.62335,0.0
2077237727,3,0.688228,-0.28426,-0.251439,0.618317,0.0
2077237737,3,0.693607,-0.28651,-0.249173,0.612154,0.0
2077237747,3,0.699868,-0.288125,-0.247348,0.604967,0.0
2077237757,3,0.705607,-0.288693,-0.246247,0.598445,0.0
2077237767,3,0.711038,-0.288954,-0.245991,0.59196,0.0
2077237777,3,0.71661,-0.289403,-0.245594,0.585148,0.0
2077237787,3,0.718975,-0.290685,-0.243999,0.582272,0.0
2077237797,3,0.722976,-0.291677,-0.242596,0.577387,0.0
2077237807,3,0.726605,-0.293402,-0.24015,0.572963,0.0
2077237817,3,0.7298,-0.295211,-0.236956,0.569292,0.0
2077237827,3,0.732066,-0.296336,-0.234117,0.566967,0.0
2077237837,3,0.73376,-0.296782,-0.231913,0.565448,0.0
2077237847,3,0.735439,-0.297037,-0.229766,0.564008,0.0
2077237858,3,0.737338,-0.2976,-0.227603,0.562105,0.0
2077237868,3,0.73932,-0.297681,-0.22599,0.560106,0.0
2077237878,3,0.741073,-0.297001,-0.225116,0.5585,0.0
2077237888,3,0.742736,-0.296081,-0.224663,0.55696,0.0
2077237898,3,0.74465,-0.29514,-0.224264,0.555061,0.0
2077237908,3,0.746787,-0.294383,-0.223772,0.552786,0.0
2077237918,3,0.748768,-0.29366,-0.22347,0.550608,0.0
2077237928,3,0.751202,-0.293224,-0.222866,0.547764,0.0
2077237938,3,0.75422,-0.293118,-0.221753,0.544112,0.0
2077237948,3,0.757711,-0.293296,-0.219903,0.539901,0.0
2077237958,3,0.760817,-0.293553,-0.217905,0.53619,0.0
2077237968,3,0.763829,-0.294172,-0.215609,0.532483,0.0
2077237978,3,0.766949,-0.294715,-0.213379,0.528583,0.0
2077237988,3,0.770133,-0.295265,-0.211306,0.524464,0.0
2077237999,3,0.773287,-0.296007,-0.209079,0.52028,0.0
2077238009,3,0.776277,-0.296873,-0.206919,0.516182,0.0
2077238019,3,0.779049,-0.297538,-0.205214,0.512288,0.0
2077238029,3,0.781423,-0.297711,-0.204265,0.508941,0.0
2077238039,3,0.783556,-0.297955,-0.203248,0.505916,0.0
2077238049,3,0.785252,-0.29794,-0.202424,0.503621,0.0
2077238059,3,0.786545,-0.298106,-0.201533,0.501859,0.0
2077238069,3,0.787574,-0.29858,-0.200575,0.500345,0.0
2077238079,3,0.788607,-0.299024,-0.199799,0.498761,0.0
2077238089,3,0.789603,-0.29971,-0.198817,0.497163,0.0
2077238099,3,0.790614,-0.300357,-0.197959,0.495505,0.0
2077238109,3,0.791808,-0.300857,-0.197127,0.493623,0.0
2077238119,3,0.792954,-0.301268,-0.196494,0.491783,0.0
2077238130,3,0.793757,-0.301424,-0.196309,0.490463,0.0
2077238140,3,0.794283,-0.301756,-0.195904,0.489569,0.0
2077238150,3,0.794257,-0.302046,-0.19546,0.48961,0.0
2077238160,3,0.794135,-0.30225,-0.19512,0.489817,0.0
2077238170,3,0.794073,-0.302471,-0.194742,0.489932,0.0
2077238180,3,0.793814,-0.302363,-0.194686,0.49044,0.0
2077238190,3,0.793439,-0.302068,-0.194921,0.491136,0.0
2077238200,3,0.793083,-0.301867,-0.195111,0.491757,0.0
2077238210,3,0.792789,-0.301586,-0.195457,0.492266,0.0
2077238220,3,0.792571,-0.301091,-0.196106,0.492662,0.0
2077238230,3,0.792348,-0.300368,-0.197043,0.493089,0.0
2077238240,3,0.792105,-0.299856,-0.197801,0.493487,0.0
2077238250,3,0.791903,-0.299523,-0.198302,0.493812,0.0
2077238261,3,0.791725,-0.299256,-0.19862,0.494131,0.0
2077238271,3,0.791569,-0.299054,-0.198771,0.494442,0.0
2077238281,3,0.791443,-0.298918,-0.198835,0.494701,0.0
2077238291,3,0.791391,-0.298824,-0.198852,0.494833,0.0
2077238301,3,0.791317,-0.298609,-0.198899,0.495064,0.0
2077238311,3,0.791388,-0.298553,-0.198805,0.495021,0.0
2077238321,3,0.79152,-0.298594,-0.198541,0.494892,0.0
2077238331,3,0.791794,-0.298832,-0.198047,0.494507,0.0
2077238341,3,0.792129,-0.299146,-0.197522,0.493991,0.0
2077238351,3,0.792533,-0.299385,-0.197125,0.493356,0.0
2077238361,3,0.792769,-0.299796,-0.196725,0.492886,0.0
2077238371,3,0.793163,-0.300455,-0.196161,0.492076,0.0
2077238381,3,0.793614,-0.30136,-0.195342,0.491119,0.0
2077238392,3,0.793808,-0.302396,-0.194654,0.490443,0.0
2077238402,3,0.794562,-0.303611,-0.193679,0.488855,0.0
2077238412,3,0.795411,-0.305051,-0.192479,0.487047,0.0
2077238422,3,0.796112,-0.306198,-0.191521,0.485557,0.0
2077238432,3,0.79695,-0.306911,-0.191022,0.483928,0.0
2077238442,3,0.797984,-0.307174,-0.191166,0.481995,0.0
2077238452,3,0.798606,-0.306879,-0.192648,0.48056,0.0
2077238462,3,0.799166,-0.307241,-0.194776,0.478536,0.0
2077238472,3,0.7997,-0.308729,-0.196284,0.476064,0.0
2077238482,3,0.800225,-0.310006,-0.197316,0.473921,0.0
2077238492,3,0.800651,-0.310482,-0.197793,0.472689,0.0
2077238502,3,0.800864,-0.309428,-0.197522,0.473132,0.0
2077238512,3,0.800127,-0.306901,-0.197396,0.476069,0.0
2077238522,3,0.798329,-0.304154,-0.198391,0.480417,0.0
2077238533,3,0.796732,-0.301421,-0.19894,0.484546,0.0
2077238543,3,0.797253,-0.302187,-0.196187,0.484335,0.0
2077238553,3,0.799246,-0.305675,-0.19247,0.480336,0.0
2077238563,3,0.7982,-0.3122,-0.1953,0.476723,0.0
2077238573,3,0.798834,-0.316066,-0.191234,0.474757,0.0
2077238583,3,0.799562,-0.317845,-0.18439,0.475052,0.0
2077238593,3,0.800727,-0.318255,-0.177054,0.475604,0.0
2077238603,3,0.802104,-0.317312,-0.170574,0.476282,0.0
2077238613,3,0.803357,-0.315608,-0.164168,0.477553,0.0
2077238623,3,0.804017,-0.312841,-0.158097,0.480302,0.0
2077238633,3,0.803771,-0.308024,-0.153292,0.485358,0.0
2077238643,3,0.802505,-0.301141,-0.150038,0.492733,0.0
2077238653,3,0.800389,-0.292679,-0.148346,0.501706,0.0
2077238664,3,0.797917,-0.283413,-0.147131,0.511231,0.0
2077238674,3,0.795338,-0.274397,-0.145105,0.52066,0.0
2077238684,3,0.792836,-0.265063,-0.142667,0.529903,0.0
2077238694,3,0.790227,-0.25588,-0.139319,0.539125,0.0
2077238704,3,0.787955,-0.246916,-0.134861,0.547695,0.0
2077238714,3,0.786091,-0.237869,-0.129758,0.555554,0.0
2077238724,3,0.78464,-0.229284,-0.123901,0.562508,0.0
2077238734,3,0.783446,-0.220553,-0.117912,0.568914,0.0
2077238744,3,0.781703,-0.211862,-0.112063,0.575756,0.0
2077238754,3,0.780132,-0.203108,-0.106436,0.582074,0.0
2077238764,3,0.778791,-0.193867,-0.101393,0.587893,0.0
2077238774,3,0.777658,-0.184905,-0.096476,0.593084,0.0
2077238784,3,0.776751,-0.175579,-0.092038,0.597794,0.0
2077238795,3,0.776197,-0.166378,-0.087648,0.601791,0.0
2077238805,3,0.776074,-0.15718,-0.083056,0.605065,0.0
2077238815,3,0.776284,-0.147683,-0.078079,0.607845,0.0
2077238825,3,0.776585,-0.138198,-0.072584,0.610367,0.0
2077238835,3,0.776821,-0.128347,-0.066765,0.612876,0.0
2077238845,3,0.777185,-0.118472,-0.060365,0.615063,0.0
2077238855,3,0.777647,-0.108345,-0.053888,0.616946,0.0
2077238865,3,0.778147,-0.097526,-0.04759,0.618635,0.0
2077238875,3,0.77867,-0.086424,-0.041262,0.620081,0.0
2077238885,3,0.779178,-0.074899,-0.03503,0.621324,0.0
2077238895,3,0.779591,-0.062885,-0.029003,0.622448,0.0
2077238905,3,0.779862,-0.050819,-0.022911,0.623463,0.0
2077238915,3,0.77995,-0.037935,-0.017154,0.624454,0.0
2077238925,3,0.779845,-0.025392,-0.010938,0.625361,0.0
2077238936,3,0.77949,-0.012463,-0.004573,0.626272,0.0
2077238946,3,0.778807,7.11E-4,0.002049,0.627258,0.0
2077238956,3,0.777823,0.013523,0.009104,0.62827,0.0
2077238966,3,0.776501,0.026998,0.015758,0.629339,0.0
2077238976,3,0.774772,0.039872,0.022804,0.630569,0.0
2077238986,3,0.772635,0.052851,0.029524,0.631956,0.0
2077238996,3,0.770156,0.065708,0.035858,0.633447,0.0
2077239006,3,0.767359,0.078037,0.042073,0.635058,0.0
2077239016,3,0.76425,0.090202,0.047997,0.636773,0.0
2077239026,3,0.761036,0.102055,0.053512,0.638392,0.0
2077239036,3,0.757893,0.113713,0.05821,0.639748,0.0
2077239046,3,0.755147,0.125445,0.061511,0.640494,0.0
2077239056,3,0.752661,0.136547,0.064327,0.640872,0.0
2077239067,3,0.749986,0.147356,0.067073,0.641333,0.0
2077239077,3,0.747236,0.158171,0.069516,0.641706,0.0
2077239087,3,0.744599,0.16833,0.071546,0.641963,0.0
2077239097,3,0.742123,0.178192,0.072809,0.642026,0.0
2077239107,3,0.739829,0.187389,0.074032,0.641916,0.0
2077239117,3,0.737624,0.196621,0.075226,0.641553,0.0
2077239127,3,0.735569,0.20575,0.076195,0.640935,0.0
2077239137,3,0.7337,0.214468,0.077157,0.640104,0.0
2077239147,3,0.735728,0.223797,0.079061,0.634324,0.0
2077239157,3,0.737442,0.23308,0.081679,0.628633,0.0
2077239167,3,0.739325,0.243523,0.08432,0.62208,0.0
2077239177,3,0.740911,0.254858,0.087238,0.615213,0.0
2077239187,3,0.74016,0.268109,0.088519,0.610281,0.0
2077239198,3,0.740021,0.281142,0.090875,0.604208,0.0
2077239208,3,0.740561,0.294176,0.094384,0.596758,0.0
2077239218,3,0.741654,0.307794,0.098685,0.587769,0.0
2077239228,3,0.743021,0.321956,0.103542,0.57753,0.0
2077239238,3,0.744536,0.336919,0.108236,0.566069,0.0
2077239248,3,0.746043,0.352738,0.112648,0.553448,0.0
2077239258,3,0.747446,0.370051,0.116582,0.539254,0.0
2077239268,3,0.748432,0.388057,0.120741,0.524101,0.0
2077239278,3,0.748826,0.406796,0.12471,0.508156,0.0
2077239288,3,0.748467,0.425448,0.128814,0.492135,0.0
2077239298,3,0.747329,0.444472,0.132391,0.475831,0.0
2077239308,3,0.745234,0.463678,0.135259,0.459709,0.0
2077239318,3,0.742001,0.482688,0.13733,0.444507,0.0
2077239329,3,0.737501,0.502119,0.138016,0.430023,0.0
2077239339,3,0.731483,0.521247,0.138391,0.417229,0.0
2077239349,3,0.723813,0.54043,0.138738,0.405931,0.0
2077239359,3,0.714464,0.559059,0.139761,0.396811,0.0
2077239369,3,0.703691,0.577211,0.141507,0.389385,0.0
2077239379,3,0.691682,0.594526,0.144461,0.383724,0.0
2077239389,3,0.678779,0.611413,0.148083,0.378819,0.0
2077239399,3,0.665195,0.628155,0.152179,0.373868,0.0
2077239409,3,0.651039,0.644421,0.157085,0.369042,0.0
2077239419,3,0.636379,0.660403,0.162661,0.36391,0.0
2077239429,3,0.621147,0.675822,0.169332,0.358839,0.0
2077239439,3,0.605388,0.691113,0.176736,0.353031,0.0
2077239449,3,0.589109,0.706046,0.185041,0.346709,0.0
2077239459,3,0.57225,0.720473,0.194355,0.340108,0.0
2077239470,3,0.554764,0.734614,0.204468,0.332821,0.0
2077239480,3,0.536624,0.748638,0.214535,0.324884,0.0
2077239490,3,0.517597,0.762454,0.224598,0.31672,0.0
2077239500,3,0.497541,0.775887,0.234637,0.308861,0.0
2077239510,3,0.476498,0.788694,0.244864,0.301581,0.0
2077239520,3,0.454536,0.800958,0.255179,0.294526,0.0
2077239530,3,0.431625,0.812701,0.265108,0.287982,0.0
2077239540,3,0.407806,0.824565,0.273949,0.2806,0.0
2077239550,3,0.385222,0.835888,0.284649,0.268083,0.0
2077239560,3,0.36196,0.846979,0.294477,0.25474,0.0
2077239570,3,0.335771,0.859643,0.297779,0.244127,0.0
2077239580,3,0.309144,0.872487,0.300261,0.230302,0.0
2077239590,3,0.28192,0.884265,0.30311,0.216147,0.0
2077239601,3,0.255889,0.893373,0.310952,0.199282,0.0
2077239611,3,0.229154,0.901349,0.318622,0.183132,0.0
2077239621,3,0.199303,0.909228,0.3214,0.174022,0.0
2077239631,3,0.16894,0.916252,0.323398,0.165387,0.0
2077239641,3,0.140924,0.921038,0.32975,0.151964,0.0
2077239651,3,0.109558,0.925684,0.330653,0.147557,0.0
2077239661,3,0.078168,0.92974,0.330854,0.141447,0.0
2077239671,3,0.046326,0.932247,0.331975,0.13624,0.0
2077239681,3,0.01426,0.933084,0.334412,0.131599,0.0
2077239691,3,-0.01448,0.931932,0.341745,0.120425,0.0
2077239701,3,-0.043009,0.929404,0.349461,0.110611,0.0
2077239711,3,-0.07091,0.925623,0.357691,0.101244,0.0
2077239721,3,-0.09795,0.920735,0.366228,0.092351,0.0
2077239732,3,-0.124131,0.914907,0.374906,0.083556,0.0
2077239742,3,-0.149471,0.908287,0.38358,0.074422,0.0
2077239752,3,-0.173922,0.900939,0.392212,0.065026,0.0
2077239762,3,-0.197552,0.89284,0.40085,0.055923,0.0
2077239772,3,-0.220369,0.884032,0.409477,0.047459,0.0
2077239782,3,-0.242428,0.874544,0.418152,0.039354,0.0
2077239792,3,-0.263699,0.864426,0.426913,0.031218,0.0
2077239802,3,-0.28419,0.853738,0.435689,0.023272,0.0
2077239812,3,-0.303865,0.842535,0.444495,0.01494,0.0
2077239822,3,-0.32271,0.830965,0.453106,0.007007,0.0
2077239832,3,-0.345268,0.820333,0.455839,0.007264,0.0
2077239842,3,-0.366751,0.809529,0.458393,0.005464,0.0
2077239852,3,-0.387269,0.798633,0.46065,0.002868,0.0
2077239863,3,0.40229,-0.786546,-0.468454,0.007504,0.0
2077239873,3,0.416507,-0.774484,-0.475825,0.016925,0.0
2077239883,3,0.429794,-0.762384,-0.483069,0.026278,0.0
2077239893,3,0.442182,-0.750453,-0.489963,0.035065,0.0
2077239903,3,0.453659,-0.738733,-0.496569,0.043412,0.0
2077239913,3,0.464209,-0.72727,-0.502935,0.051405,0.0
2077239923,3,0.473822,-0.716147,-0.50906,0.05901,0.0
2077239933,3,0.48247,-0.705339,-0.51506,0.066565,0.0
2077239943,3,0.4902,-0.695014,-0.520786,0.073749,0.0
2077239953,3,0.496899,-0.685073,-0.526457,0.081285,0.0
2077239963,3,0.50264,-0.675662,-0.531948,0.088674,0.0
2077239973,3,0.507151,-0.666485,-0.537753,0.09703,0.0
2077239983,3,0.510703,-0.657748,-0.543523,0.105499,0.0
2077239993,3,0.513207,-0.649318,-0.549417,0.114647,0.0
2077240004,3,0.514875,-0.64132,-0.555187,0.124004,0.0
2077240014,3,0.522106,-0.636443,-0.55341,0.12681,0.0
2077240024,3,0.527906,-0.631619,-0.552189,0.132134,0.0
2077240034,3,0.532706,-0.627076,-0.551066,0.139014,0.0
2077240044,3,0.53659,-0.622818,-0.549892,0.1476,0.0
2077240054,3,0.539664,-0.619201,-0.548256,0.157371,0.0
2077240064,3,0.541648,-0.615512,-0.546956,0.169116,0.0
2077240074,3,0.542409,-0.612093,-0.545827,0.182223,0.0
2077240084,3,0.542351,-0.609462,-0.544132,0.195778,0.0
2077240094,3,0.541825,-0.607822,-0.541467,0.209261,0.0
2077240104,3,0.540495,-0.607229,-0.538205,0.222423,0.0
2077240114,3,0.534394,-0.609665,-0.533676,0.240664,0.0
2077240124,3,0.527598,-0.614418,-0.527368,0.256927,0.0
2077240135,3,0.520383,-0.62136,-0.519231,0.271129,0.0
2077240145,3,0.513055,-0.629935,-0.509599,0.283307,0.0
2077240155,3,0.510442,-0.636689,-0.501767,0.286889,0.0
2077240165,3,0.507321,-0.643386,-0.494627,0.289866,0.0
2077240175,3,0.503064,-0.649526,-0.489508,0.292272,0.0
2077240185,3,0.498719,-0.65512,-0.485839,0.293352,0.0
2077240195,3,0.49349,-0.656917,-0.488539,0.293692,0.0
2077240205,3,0.486057,-0.663204,-0.484675,0.298324,0.0
2077240215,3,0.48018,-0.667784,-0.481886,0.302119,0.0
2077240225,3,0.476207,-0.670592,-0.479615,0.30578,0.0
2077240235,3,0.473919,-0.671393,-0.478232,0.309716,0.0
2077240245,3,0.473698,-0.669665,-0.477355,0.315103,0.0
2077240255,3,0.47578,-0.664734,-0.476992,0.322861,0.0
2077240266,3,0.479968,-0.656851,-0.477091,0.332505,0.0
2077240276,3,0.484627,-0.642835,-0.484189,0.342723,0.0
2077240286,3,0.488779,-0.629338,-0.490948,0.352131,0.0
2077240296,3,0.495194,-0.620775,-0.492142,0.356673,0.0
2077240306,3,0.50113,-0.612755,-0.493593,0.360229,0.0
2077240316,3,0.506298,-0.605352,-0.495258,0.363222,0.0
2077240326,3,0.51128,-0.596034,-0.500544,0.364403,0.0
2077240336,3,0.515852,-0.588055,-0.505099,0.364638,0.0
2077240346,3,0.520221,-0.581184,-0.508914,0.364143,0.0
2077240356,3,0.524738,-0.575642,-0.511478,0.362869,0.0
2077240366,3,0.526644,-0.57227,-0.512113,0.364544,0.0
2077240376,3,0.52829,-0.569615,-0.512319,0.366026,0.0
2077240386,3,0.529667,-0.5676,-0.512241,0.367274,0.0
2077240397,3,0.530766,-0.566237,-0.511956,0.368188,0.0
2077240407,3,0.531719,-0.565487,-0.51148,0.368626,0.0
2077240417,3,0.532547,-0.565078,-0.510893,0.368872,0.0
2077240427,3,0.533346,-0.564809,-0.510131,0.369186,0.0
2077240437,3,0.535154,-0.565943,-0.507326,0.368698,0.0
2077240447,3,0.536169,-0.56694,-0.504741,0.369237,0.0
2077240457,3,0.536579,-0.567888,-0.502214,0.370628,0.0
2077240467,3,0.536679,-0.568556,-0.499796,0.372723,0.0
2077240477,3,0.536494,-0.568748,-0.497776,0.375391,0.0
2077240487,3,0.537563,-0.567884,-0.496574,0.376757,0.0
2077240497,3,0.53869,-0.566619,-0.495468,0.378504,0.0
2077240507,3,0.539855,-0.564947,-0.494492,0.380615,0.0
2077240517,3,0.540984,-0.562864,-0.493729,0.383079,0.0
2077240527,3,0.542124,-0.560664,-0.493063,0.385546,0.0
2077240538,3,0.543337,-0.558248,-0.492539,0.388005,0.0
2077240548,3,0.544666,-0.555491,-0.492178,0.390548,0.0
2077240558,3,0.546167,-0.552648,-0.491728,0.393043,0.0
2077240568,3,0.547727,-0.549719,-0.491157,0.395685,0.0
2077240578,3,0.549331,-0.54688,-0.490387,0.398342,0.0
2077240588,3,0.550949,-0.544056,-0.489453,0.401113,0.0
2077240598,3,0.552476,-0.543203,-0.486,0.404355,0.0
2077240608,3,0.554241,-0.542281,-0.48255,0.407298,0.0
2077240618,3,0.55626,-0.541314,-0.47913,0.409861,0.0
2077240628,3,0.558593,-0.54036,-0.475675,0.411965,0.0
2077240638,3,0.561238,-0.539481,-0.472006,0.413741,0.0
2077240648,3,0.564363,-0.538686,-0.467957,0.415123,0.0
2077240658,3,0.567809,-0.537847,-0.463528,0.416477,0.0
2077240669,3,0.57151,-0.536931,-0.458664,0.417979,0.0
2077240679,3,0.575192,-0.535833,-0.453491,0.419977,0.0
2077240689,3,0.579296,-0.534135,-0.448339,0.422026,0.0
2077240699,3,0.582325,-0.529004,-0.446683,0.426058,0.0
2077240709,3,0.58555,-0.523413,-0.444931,0.430353,0.0
2077240719,3,0.588929,-0.517636,-0.442852,0.43485,0.0
2077240729,3,0.592483,-0.511608,-0.440499,0.439523,0.0
2077240739,3,0.596179,-0.505722,-0.437957,0.443855,0.0
2077240749,3,0.599912,-0.499736,-0.435516,0.447989,0.0
2077240759,3,0.603688,-0.493873,-0.433057,0.451786,0.0
2077240769,3,0.607389,-0.488241,-0.430602,0.455281,0.0
2077240779,3,0.610978,-0.482854,-0.427891,0.458765,0.0
2077240789,3,0.614565,-0.477682,-0.424596,0.462434,0.0
2077240800,3,0.618155,-0.472375,-0.420804,0.46655,0.0
2077240810,3,0.621915,-0.46712,-0.416505,0.470683,0.0
2077240820,3,0.627419,-0.460248,-0.41386,0.472478,0.0
2077240830,3,0.632064,-0.452903,-0.412105,0.474912,0.0
2077240840,3,0.636043,-0.445791,-0.411136,0.477164,0.0
2077240850,3,0.639312,-0.438564,-0.41125,0.479389,0.0
2077240860,3,0.641721,-0.431281,-0.412585,0.481625,0.0
2077240870,3,0.643524,-0.424229,-0.414882,0.483506,0.0
2077240880,3,0.645964,-0.42086,-0.413678,0.484228,0.0
2077240890,3,0.648093,-0.417905,-0.412977,0.48454,0.0
2077240900,3,0.650019,-0.41547,-0.412489,0.484469,0.0
2077240910,3,0.651785,-0.413257,-0.412112,0.484311,0.0
2077240920,3,0.653458,-0.411514,-0.411647,0.483935,0.0
2077240931,3,0.654215,-0.40689,-0.415164,0.483818,0.0
2077240941,3,0.655237,-0.403083,-0.418004,0.483176,0.0
2077240951,3,0.656486,-0.4002,-0.420203,0.481969,0.0
2077240961,3,0.658154,-0.398543,-0.421376,0.480039,0.0
2077240971,3,0.659985,-0.398205,-0.421251,0.47791,0.0
2077240981,3,0.661736,-0.399043,-0.419994,0.475893,0.0
2077240991,3,0.663375,-0.40077,-0.417939,0.473963,0.0
2077241001,3,0.66463,-0.402606,-0.415908,0.472433,0.0
2077241011,3,0.665537,-0.404313,-0.414164,0.47123,0.0
2077241021,3,0.66614,-0.405698,-0.412916,0.470282,0.0
2077241031,3,0.666415,-0.406877,-0.412174,0.469525,0.0
2077241041,3,0.666532,-0.407616,-0.412153,0.468735,0.0
2077241051,3,0.666829,-0.407977,-0.412753,0.467469,0.0
2077241061,3,0.667072,-0.407893,-0.414037,0.466058,0.0
2077241072,3,0.667028,-0.407675,-0.415835,0.464708,0.0
2077241082,3,0.667129,-0.407917,-0.417283,0.463051,0.0
2077241092,3,0.667267,-0.408817,-0.418167,0.461257,0.0
2077241102,3,0.666912,-0.41042,-0.418844,0.459729,0.0
2077241112,3,0.666529,-0.413607,-0.418209,0.458003,0.0
2077241122,3,0.666412,-0.418158,-0.416059,0.455995,0.0
2077241132,3,0.665183,-0.420979,-0.416036,0.455215,0.0
2077241142,3,0.664593,-0.424578,-0.413583,0.454969,0.0
2077241152,3,0.664602,-0.428306,-0.409308,0.455328,0.0
2077241162,3,0.665058,-0.431389,-0.404143,0.456365,0.0
2077241172,3,0.665475,-0.433376,-0.399065,0.458337,0.0
2077241182,3,0.665738,-0.434379,-0.394386,0.461048,0.0
2077241192,3,0.666012,-0.434288,-0.390192,0.464296,0.0
2077241203,3,0.664258,-0.440229,-0.377307,0.471803,0.0
2077241213,3,0.665088,-0.436739,-0.375033,0.475674,0.0
2077241223,3,0.666255,-0.432209,-0.37361,0.479283,0.0
2077241233,3,0.667996,-0.426919,-0.372656,0.482335,0.0
2077241243,3,0.670316,-0.420944,-0.372095,0.484794,0.0
2077241253,3,0.673138,-0.414373,-0.371849,0.486731,0.0
2077241263,3,0.676407,-0.407288,-0.371946,0.488103,0.0
2077241273,3,0.680016,-0.399619,-0.372618,0.488914,0.0
2077241283,3,0.683934,-0.391526,-0.37385,0.489056,0.0
2077241293,3,0.688048,-0.38383,-0.375478,0.488138,0.0
2077241303,3,0.691836,-0.373058,-0.382143,0.485959,0.0
2077241313,3,0.696202,-0.367664,-0.383485,0.482766,0.0
2077241323,3,0.700401,-0.363154,-0.384462,0.479318,0.0
2077241334,3,0.704154,-0.358777,-0.385116,0.476581,0.0
2077241344,3,0.707364,-0.35482,-0.385114,0.474789,0.0
2077241354,3,0.709967,-0.35211,-0.384338,0.473548,0.0
2077241364,3,0.711709,-0.351269,-0.383444,0.47228,0.0
2077241374,3,0.712402,-0.352188,-0.382954,0.470947,0.0
2077241384,3,0.712067,-0.354718,-0.38303,0.469491,0.0
2077241394,3,0.710983,-0.358432,-0.383315,0.468079,0.0
2077241404,3,0.709265,-0.362547,-0.383726,0.467178,0.0
2077241414,3,0.707051,-0.367032,-0.384239,0.46661,0.0
2077241424,3,0.705175,-0.37208,-0.384263,0.46543,0.0
2077241434,3,0.703237,-0.377604,-0.383656,0.464413,0.0
2077241444,3,0.701194,-0.383312,-0.382659,0.463646,0.0
2077241454,3,0.698947,-0.388803,-0.38146,0.463455,0.0
2077241464,3,0.696605,-0.394045,-0.379992,0.46376,0.0
2077241475,3,0.69436,-0.398879,-0.37816,0.464492,0.0
2077241485,3,0.692186,-0.403086,-0.375991,0.465865,0.0
2077241495,3,0.690065,-0.406522,-0.373565,0.467972,0.0
2077241505,3,0.687677,-0.40907,-0.371315,0.471048,0.0
2077241515,3,0.684936,-0.410995,-0.369277,0.47495,0.0
2077241525,3,0.682336,-0.41245,-0.367159,0.479055,0.0
2077241535,3,0.680141,-0.413184,-0.364999,0.483178,0.0
2077241545,3,0.678596,-0.413483,-0.362473,0.486981,0.0
2077241555,3,0.677548,-0.412812,-0.360239,0.490654,0.0
2077241565,3,0.677165,-0.411209,-0.358356,0.493896,0.0
2077241575,3,0.677314,-0.409137,-0.356441,0.496791,0.0
2077241585,3,0.677101,-0.405439,-0.356429,0.50011,0.0
2077241595,3,0.67729,-0.401097,-0.357173,0.502817,0.0
2077241606,3,0.677951,-0.39661,-0.357861,0.504992,0.0
2077241616,3,0.67872,-0.392074,-0.358388,0.507122,0.0
2077241626,3,0.679465,-0.387414,-0.358901,0.509338,0.0
2077241636,3,0.679905,-0.382543,-0.359768,0.511816,0.0
2077241646,3,0.680303,-0.378109,-0.360556,0.514023,0.0
2077241656,3,0.680999,-0.374247,-0.360873,0.515702,0.0
2077241666,3,0.68161,-0.370533,-0.361364,0.51723,0.0
2077241676,3,0.682048,-0.367359,-0.361953,0.518503,0.0
2077241686,3,0.683263,-0.365249,-0.361729,0.518552,0.0
2077241696,3,0.684156,-0.363618,-0.361479,0.518695,0.0
2077241706,3,0.684835,-0.362473,-0.361242,0.518764,0.0
2077241716,3,0.684596,-0.362291,-0.360251,0.519896,0.0
2077241726,3,0.684538,-0.361209,-0.360595,0.520485,0.0
2077241737,3,0.684359,-0.360174,-0.36117,0.521039,0.0
2077241747,3,0.683786,-0.359035,-0.362219,0.521848,0.0
2077241757,3,0.683023,-0.358049,-0.363616,0.522553,0.0
2077241767,3,0.682513,-0.357571,-0.364806,0.522718,0.0
2077241777,3,0.682317,-0.357755,-0.365609,0.522286,0.0
2077241787,3,0.682249,-0.358248,-0.366408,0.521477,0.0
2077241797,3,0.682268,-0.359034,-0.367196,0.520355,0.0
2077241807,3,0.682483,-0.36054,-0.367415,0.518875,0.0
2077241817,3,0.681767,-0.363891,-0.365576,0.518778,0.0
2077241827,3,0.681168,-0.36745,-0.363041,0.518835,0.0
2077241837,3,0.680838,-0.371225,-0.359282,0.519198,0.0
2077241847,3,0.680573,-0.37518,-0.354687,0.519862,0.0
2077241857,3,0.679978,-0.379258,-0.349976,0.520873,0.0
2077241868,3,0.67892,-0.383371,-0.345559,0.522189,0.0
2077241878,3,0.677365,-0.387122,-0.342332,0.523565,0.0
2077241888,3,0.675053,-0.390456,-0.34021,0.525455,0.0
2077241898,3,0.671886,-0.393289,-0.339656,0.527754,0.0
2077241908,3,0.668317,-0.395924,-0.340515,0.529759,0.0
2077241918,3,0.66453,-0.398733,-0.342257,0.531291,0.0
2077241928,3,0.661656,-0.404965,-0.340877,0.531052,0.0
2077241938,3,0.658654,-0.411409,-0.339965,0.530414,0.0
2077241948,3,0.655551,-0.417717,-0.339627,0.529544,0.0
2077241958,3,0.652502,-0.424018,-0.339651,0.528285,0.0
2077241968,3,0.649552,-0.429961,-0.34,0.52689,0.0
2077241978,3,0.646791,-0.435614,-0.340426,0.525366,0.0
2077241988,3,0.644374,-0.440908,-0.340737,0.523717,0.0
2077241998,3,0.642368,-0.445426,-0.34087,0.522269,0.0
2077242009,3,0.640816,-0.449087,-0.34081,0.521079,0.0
2077242019,3,0.640199,-0.456409,-0.334865,0.519327,0.0
2077242029,3,0.639493,-0.462585,-0.328656,0.518697,0.0
2077242039,3,0.638906,-0.467506,-0.322399,0.518936,0.0
2077242049,3,0.639148,-0.466457,-0.322201,0.519703,0.0
2077242059,3,0.639861,-0.464389,-0.321756,0.520952,0.0
2077242069,3,0.641027,-0.461308,-0.321149,0.522629,0.0
2077242079,3,0.642582,-0.457606,-0.320272,0.524508,0.0
2077242089,3,0.644429,-0.453551,-0.319247,0.526386,0.0
2077242099,3,0.646596,-0.449175,-0.317899,0.528293,0.0
2077242109,3,0.649049,-0.444644,-0.316044,0.530227,0.0
2077242119,3,0.649856,-0.441267,-0.311815,0.534547,0.0
2077242129,3,0.650444,-0.437111,-0.308346,0.539237,0.0
2077242140,3,0.650506,-0.432454,-0.306132,0.544157,0.0
2077242150,3,0.652475,-0.428448,-0.304534,0.545862,0.0
2077242160,3,0.654054,-0.425106,-0.303812,0.546988,0.0
2077242170,3,0.654638,-0.420388,-0.305629,0.54892,0.0
2077242180,3,0.657476,-0.417025,-0.305896,0.547943,0.0
2077242190,3,0.65966,-0.415057,-0.303434,0.548181,0.0
2077242200,3,0.661929,-0.413323,-0.30019,0.548543,0.0
2077242210,3,0.663813,-0.412124,-0.296898,0.548959,0.0
2077242220,3,0.664926,-0.411617,-0.294223,0.549431,0.0
2077242230,3,0.664985,-0.411734,-0.292523,0.55018,0.0
2077242240,3,0.663853,-0.41242,-0.291765,0.551434,0.0
2077242250,3,0.661645,-0.413596,-0.291703,0.553238,0.0
2077242260,3,0.65851,-0.415336,-0.292101,0.555459,0.0
2077242271,3,0.654719,-0.417615,-0.292749,0.557886,0.0
2077242281,3,0.64923,-0.41722,-0.297411,0.562114,0.0
2077242291,3,0.644888,-0.420995,-0.29807,0.563947,0.0
2077242301,3,0.640602,-0.425189,-0.298773,0.565312,0.0
2077242311,3,0.635869,-0.428621,-0.300266,0.567268,0.0
2077242321,3,0.633282,-0.433362,-0.29987,0.56677,0.0
2077242331,3,0.632128,-0.438997,-0.297807,0.564806,0.0
2077242341,3,0.632067,-0.445158,-0.294256,0.561905,0.0
2077242351,3,0.632395,-0.451248,-0.289871,0.55895,0.0
2077242361,3,0.632779,-0.45683,-0.285179,0.556389,0.0
2077242371,3,0.630723,-0.457273,-0.285292,0.558298,0.0
2077242381,3,0.631184,-0.461488,-0.28052,0.556725,0.0
2077242391,3,0.63178,-0.464695,-0.275771,0.555754,0.0
2077242402,3,0.632493,-0.466571,-0.271282,0.555579,0.0
2077242412,3,0.633227,-0.467136,-0.26709,0.556299,0.0
2077242422,3,0.633838,-0.466561,-0.263095,0.557987,0.0
2077242432,3,0.633434,-0.462003,-0.262754,0.562381,0.0
2077242442,3,0.633343,-0.457171,-0.261964,0.566784,0.0
2077242452,3,0.633006,-0.454822,-0.257676,0.571001,0.0
2077242462,3,0.632568,-0.452181,-0.253488,0.575441,0.0
2077242472,3,0.63189,-0.449611,-0.249131,0.580084,0.0
2077242482,3,0.630991,-0.446947,-0.244818,0.584936,0.0
2077242492,3,0.631373,-0.442142,-0.243352,0.588776,0.0
2077242502,3,0.630486,-0.438504,-0.239944,0.593824,0.0
2077242512,3,0.629981,-0.434446,-0.237054,0.598485,0.0
2077242522,3,0.630135,-0.429704,-0.234483,0.602744,0.0
2077242532,3,0.630811,-0.424582,-0.23184,0.606676,0.0
2077242543,3,0.631984,-0.419268,-0.22889,0.61026,0.0
2077242553,3,0.633681,-0.414071,-0.225589,0.613271,0.0
2077242563,3,0.635719,-0.409196,-0.221825,0.615802,0.0
2077242573,3,0.637831,-0.402936,-0.21939,0.618611,0.0
2077242583,3,0.640151,-0.396616,-0.216914,0.621167,0.0
2077242593,3,0.64269,-0.390359,-0.214412,0.623374,0.0
2077242603,3,0.64546,-0.384058,-0.211941,0.625268,0.0
2077242613,3,0.648468,-0.378105,-0.209392,0.626641,0.0
2077242623,3,0.651739,-0.372241,-0.206825,0.627611,0.0
2077242633,3,0.655339,-0.366606,-0.204154,0.628053,0.0
2077242643,3,0.659268,-0.361154,-0.201423,0.627981,0.0
2077242653,3,0.663524,-0.35578,-0.198657,0.627448,0.0
2077242663,3,0.668023,-0.350379,-0.195915,0.626575,0.0
2077242674,3,0.672669,-0.344967,-0.193207,0.625447,0.0
2077242684,3,0.679354,-0.340119,-0.190369,0.621735,0.0
2077242694,3,0.684021,-0.335273,-0.187416,0.620146,0.0
2077242704,3,0.688554,-0.330692,-0.184499,0.618461,0.0
2077242714,3,0.6928,-0.326443,-0.181737,0.616793,0.0
2077242724,3,0.696662,-0.322475,-0.179351,0.615227,0.0
2077242734,3,0.700142,-0.319166,-0.17732,0.613589,0.0
2077242744,3,0.703281,-0.316557,-0.175655,0.611826,0.0
2077242754,3,0.706147,-0.31427,-0.174534,0.610023,0.0
2077242764,3,0.708843,-0.312377,-0.173949,0.608032,0.0
2077242774,3,0.711506,-0.310752,-0.173862,0.605775,0.0
2077242784,3,0.714212,-0.309066,-0.174158,0.603363,0.0
2077242794,3,0.716949,-0.307466,-0.174659,0.600784,0.0
2077242805,3,0.719668,-0.306048,-0.175199,0.598093,0.0
2077242815,3,0.722356,-0.304733,-0.175725,0.595365,0.0
2077242825,3,0.724977,-0.303352,-0.176373,0.592686,0.0
2077242835,3,0.727487,-0.302138,-0.177144,0.589995,0.0
2077242845,3,0.728679,-0.299787,-0.179972,0.588866,0.0
2077242855,3,0.728607,-0.297606,-0.183206,0.589064,0.0
2077242865,3,0.727114,-0.29522,-0.187201,0.59085,0.0
2077242875,3,0.724599,-0.292526,-0.192462,0.593583,0.0
2077242885,3,0.725322,-0.293294,-0.194542,0.59164,0.0
2077242895,3,0.725499,-0.294263,-0.196804,0.590192,0.0
2077242905,3,0.725104,-0.295164,-0.199162,0.589436,0.0
2077242915,3,0.724129,-0.296216,-0.201503,0.589312,0.0
2077242925,3,0.722445,-0.297125,-0.20389,0.590099,0.0
2077242936,3,0.720109,-0.298032,-0.205973,0.591772,0.0
2077242946,3,0.717397,-0.299449,-0.207444,0.593833,0.0
2077242956,3,0.714353,-0.300819,-0.208505,0.596432,0.0
2077242966,3,0.711305,-0.302094,-0.20891,0.599282,0.0
2077242976,3,0.708838,-0.303153,-0.20815,0.601929,0.0
2077242986,3,0.707549,-0.303416,-0.205886,0.604088,0.0
2077242996,3,0.707017,-0.303347,-0.203132,0.605676,0.0
2077243006,3,0.706955,-0.303862,-0.200341,0.606419,0.0
2077243016,3,0.707395,-0.304703,-0.197202,0.606512,0.0
2077243026,3,0.708342,-0.305271,-0.193349,0.606362,0.0
2077243036,3,0.709792,-0.305642,-0.188655,0.605959,0.0
2077243046,3,0.712233,-0.306176,-0.182574,0.604686,0.0
2077243056,3,0.71546,-0.307191,-0.175938,0.602324,0.0
2077243066,3,0.719669,-0.308204,-0.168941,0.598786,0.0
2077243077,3,0.724908,-0.307865,-0.161771,0.594606,0.0
2077243087,3,0.730917,-0.304812,-0.154606,0.590716,0.0
2077243097,3,0.736616,-0.298133,-0.147609,0.588833,0.0
2077243107,3,0.741104,-0.289338,-0.142427,0.588864,0.0
2077243117,3,0.744051,-0.280377,-0.139432,0.590199,0.0
2077243127,3,0.74551,-0.272,-0.137422,0.592744,0.0
2077243137,3,0.746183,-0.263681,-0.136379,0.595888,0.0
2077243147,3,0.746636,-0.25573,-0.135634,0.598948,0.0
2077243157,3,0.747132,-0.248205,-0.135087,0.601613,0.0
2077243167,3,0.747492,-0.237629,-0.139194,0.604493,0.0
2077243177,3,0.747987,-0.228128,-0.143415,0.606551,0.0
2077243187,3,0.748824,-0.21927,-0.147787,0.607734,0.0
2077243197,3,0.74994,-0.211239,-0.152043,0.608153,0.0
2077243208,3,0.751088,-0.203947,-0.156213,0.608168,0.0
2077243218,3,0.752223,-0.197765,-0.160057,0.607807,0.0
2077243228,3,0.753182,-0.192571,-0.163679,0.607322,0.0
2077243238,3,0.753826,-0.188299,-0.167199,0.606905,0.0
2077243248,3,0.754019,-0.18508,-0.170478,0.606742,0.0
2077243258,3,0.754194,-0.187087,-0.168196,0.606547,0.0
2077243268,3,0.754054,-0.18912,-0.16622,0.606635,0.0
2077243278,3,0.753665,-0.191077,-0.164712,0.606916,0.0
2077243288,3,0.753162,-0.192988,-0.163578,0.607242,0.0
2077243298,3,0.752673,-0.195067,-0.162608,0.607444,0.0
2077243308,3,0.752271,-0.197151,-0.161793,0.607487,0.0
2077243318,3,0.751974,-0.198919,-0.16128,0.607416,0.0
2077243328,3,0.750543,-0.197337,-0.165031,0.608692,0.0
2077243339,3,0.749595,-0.196272,-0.168548,0.609241,0.0
2077243349,3,0.749211,-0.195677,-0.171742,0.609012,0.0
2077243359,3,0.749347,-0.198075,-0.171677,0.608088,0.0
2077243369,3,0.749413,-0.200445,-0.171947,0.607153,0.0
2077243379,3,0.749391,-0.203059,-0.172453,0.606168,0.0
2077243389,3,0.749217,-0.205888,-0.173167,0.605223,0.0
2077243399,3,0.748861,-0.208965,-0.174076,0.604348,0.0
2077243409,3,0.748313,-0.212436,-0.175062,0.603531,0.0
2077243419,3,0.747569,-0.216205,-0.17623,0.602775,0.0
2077243429,3,0.747907,-0.218031,-0.180412,0.600455,0.0
2077243439,3,0.748242,-0.220483,-0.184743,0.597821,0.0
2077243449,3,0.748723,-0.223399,-0.189341,0.594689,0.0
2077243459,3,0.74926,-0.226968,-0.194106,0.591114,0.0
2077243470,3,0.749976,-0.230783,-0.199207,0.587018,0.0
2077243480,3,0.750736,-0.234798,-0.20473,0.582537,0.0
2077243490,3,0.751642,-0.239358,-0.210251,0.577525,0.0
2077243500,3,0.752377,-0.244001,-0.215956,0.572498,0.0
2077243510,3,0.753096,-0.249056,-0.22164,0.567179,0.0
2077243520,3,0.753765,-0.254385,-0.227316,0.561651,0.0
2077243530,3,0.754406,-0.259741,-0.233059,0.555958,0.0
2077243540,3,0.754924,-0.264965,-0.238914,0.550274,0.0
2077243550,3,0.755271,-0.269658,-0.244938,0.544843,0.0
2077243560,3,0.755369,-0.2744,-0.250782,0.539656,0.0
2077243570,3,0.754689,-0.279038,-0.256363,0.535592,0.0
2077243580,3,0.753093,-0.28443,-0.261367,0.532574,0.0
2077243590,3,0.750689,-0.289716,-0.266163,0.530742,0.0
2077243600,3,0.749216,-0.296455,-0.268577,0.527878,0.0
2077243611,3,0.747668,-0.302722,-0.271063,0.525238,0.0
2077243621,3,0.745959,-0.308517,-0.2737,0.522923,0.0
2077243631,3,0.743975,-0.314348,-0.276456,0.520824,0.0
2077243641,3,0.741513,-0.320104,-0.279494,0.519204,0.0
2077243651,3,0.73847,-0.326218,-0.282755,0.517969,0.0
2077243661,3,0.73481,-0.332558,-0.28634,0.517172,0.0
2077243671,3,0.730601,-0.3393,-0.290109,0.516656,0.0
2077243681,3,0.725944,-0.346259,-0.293844,0.516492,0.0
2077243691,3,0.72083,-0.35277,-0.298047,0.516841,0.0
2077243701,3,0.715354,-0.358791,-0.30277,0.517558,0.0
2077243711,3,0.709595,-0.364404,-0.307789,0.518602,0.0
2077243721,3,0.703733,-0.369604,-0.312861,0.519874,0.0
2077243731,3,0.697544,-0.380166,-0.30986,0.52239,0.0
2077243742,3,0.692566,-0.389528,-0.306481,0.524106,0.0
2077243752,3,0.688793,-0.39791,-0.302541,0.52507,0.0
2077243762,3,0.686059,-0.405386,-0.297922,0.525572,0.0
2077243772,3,0.683383,-0.405833,-0.300861,0.527037,0.0
2077243782,3,0.681547,-0.405383,-0.303232,0.5284,0.0
2077243792,3,0.68043,-0.404088,-0.30519,0.529702,0.0
2077243802,3,0.679878,-0.40219,-0.306842,0.5309,0.0
2077243812,3,0.677987,-0.40455,-0.302157,0.534203,0.0
2077243822,3,0.675846,-0.405758,-0.298525,0.538029,0.0
2077243832,3,0.67326,-0.406196,-0.295854,0.542397,0.0
2077243842,3,0.672818,-0.403793,-0.297244,0.543978,0.0
2077243852,3,0.672058,-0.401985,-0.298502,0.545565,0.0
2077243862,3,0.671024,-0.400643,-0.299665,0.547185,0.0
2077243873,3,0.669752,-0.39981,-0.300724,0.548769,0.0
2077243883,3,0.665845,-0.402961,-0.297029,0.553214,0.0
2077243893,3,0.662283,-0.406343,-0.293041,0.557128,0.0
2077243903,3,0.65924,-0.409733,-0.288893,0.560412,0.0
2077243913,3,0.656844,-0.413116,-0.284589,0.562938,0.0
2077243923,3,0.655197,-0.416434,-0.279953,0.564733,0.0
2077243933,3,0.654126,-0.420071,-0.274769,0.565827,0.0
2077243943,3,0.653501,-0.423404,-0.269285,0.5667,0.0
2077243953,3,0.653196,-0.426271,-0.263635,0.567559,0.0
2077243963,3,0.653123,-0.428445,-0.258052,0.568571,0.0
2077243973,3,0.653205,-0.429543,-0.252893,0.569964,0.0
2077243983,3,0.653459,-0.42982,-0.248116,0.571562,0.0
2077243993,3,0.653889,-0.429353,-0.243796,0.573277,0.0
2077244003,3,0.65448,-0.42808,-0.240078,0.57512,0.0
2077244014,3,0.655196,-0.425929,-0.237135,0.57712,0.0
2077244024,3,0.656183,-0.421332,-0.236769,0.579519,0.0
2077244034,3,0.65718,-0.416625,-0.236447,0.581918,0.0
2077244044,3,0.658058,-0.411976,-0.236229,0.584319,0.0
2077244054,3,0.658723,-0.407425,-0.236206,0.586766,0.0
2077244064,3,0.659059,-0.403247,-0.236359,0.589207,0.0
2077244074,3,0.659033,-0.399295,-0.236682,0.591793,0.0
2077244084,3,0.658576,-0.395717,-0.237157,0.594508,0.0
2077244094,3,0.657689,-0.392519,-0.237726,0.597376,0.0
2077244104,3,0.656421,-0.389621,-0.238369,0.600405,0.0
2077244114,3,0.655682,-0.384897,-0.241798,0.602883,0.0
2077244124,3,0.654245,-0.380353,-0.245503,0.605823,0.0
2077244134,3,0.6524,-0.378893,-0.246287,0.608404,0.0
2077244145,3,0.650392,-0.377873,-0.247227,0.610802,0.0
2077244155,3,0.648144,-0.376951,-0.248466,0.613253,0.0
2077244165,3,0.645607,-0.376412,-0.249875,0.615684,0.0
2077244175,3,0.642874,-0.376104,-0.251399,0.618107,0.0
2077244185,3,0.640079,-0.37601,-0.253026,0.620396,0.0
2077244195,3,0.637306,-0.376331,-0.254786,0.622333,0.0
2077244205,3,0.6347,-0.376871,-0.256589,0.623926,0.0
2077244215,3,0.627725,-0.375582,-0.260042,0.630298,0.0
2077244225,3,0.621577,-0.375374,-0.26234,0.635541,0.0
2077244235,3,0.616015,-0.375828,-0.26338,0.640241,0.0
2077244245,3,0.610427,-0.376688,-0.263124,0.645173,0.0
2077244255,3,0.605143,-0.377331,-0.262171,0.650144,0.0
2077244265,3,0.60591,-0.378265,-0.261085,0.649324,0.0
2077244276,3,0.607547,-0.378733,-0.259619,0.648108,0.0
2077244286,3,0.609841,-0.378956,-0.257839,0.646531,0.0
2077244296,3,0.612516,-0.379186,-0.255864,0.644651,0.0
2077244306,3,0.615391,-0.379181,-0.253781,0.642735,0.0
2077244316,3,0.618403,-0.379,-0.251702,0.640766,0.0
2077244326,3,0.621554,-0.378655,-0.24959,0.638744,0.0
2077244336,3,0.624752,-0.377993,-0.247521,0.636818,0.0
2077244346,3,0.627916,-0.377314,-0.245532,0.634876,0.0
2077244356,3,0.630911,-0.376505,-0.243713,0.633086,0.0
2077244366,3,0.633623,-0.373993,-0.244086,0.631721,0.0
2077244376,3,0.636524,-0.371898,-0.24479,0.629766,0.0
2077244386,3,0.639743,-0.370149,-0.245814,0.627131,0.0
2077244396,3,0.642789,-0.368441,-0.24742,0.624385,0.0
2077244407,3,0.645545,-0.367011,-0.249423,0.62158,0.0
2077244417,3,0.648094,-0.366123,-0.251478,0.618616,0.0
2077244427,3,0.650228,-0.365797,-0.253438,0.615762,0.0
2077244437,3,0.651854,-0.365831,-0.25537,0.613219,0.0
2077244447,3,0.653,-0.366271,-0.257145,0.610992,0.0
2077244457,3,0.653481,-0.366656,-0.258963,0.609477,0.0
2077244467,3,0.653337,-0.367114,-0.260915,0.608523,0.0
2077244477,3,0.652838,-0.367756,-0.262905,0.607814,0.0
2077244487,3,0.652187,-0.368513,-0.264952,0.607165,0.0
2077244497,3,0.65149,-0.369685,-0.266815,0.606384,0.0
2077244507,3,0.650815,-0.371034,-0.268519,0.605532,0.0
2077244517,3,0.650208,-0.372736,-0.269964,0.604495,0.0
2077244527,3,0.649771,-0.37483,-0.27105,0.603183,0.0
2077244537,3,0.649196,-0.376924,-0.271912,0.602109,0.0
2077244548,3,0.648563,-0.379262,-0.272389,0.601106,0.0
2077244558,3,0.647998,-0.38193,-0.27243,0.600006,0.0
2077244568,3,0.647638,-0.384674,-0.272163,0.598763,0.0
2077244578,3,0.647416,-0.387337,-0.271787,0.597455,0.0
2077244588,3,0.647118,-0.389628,-0.271737,0.59631,0.0
2077244598,3,0.646563,-0.391449,-0.272211,0.595503,0.0
2077244608,3,0.646837,-0.393047,-0.272964,0.593805,0.0
2077244618,3,0.647269,-0.394647,-0.273629,0.591965,0.0
2077244628,3,0.647013,-0.396212,-0.274034,0.591011,0.0
2077244638,3,0.648351,-0.398213,-0.273768,0.588317,0.0
2077244648,3,0.65012,-0.400016,-0.272978,0.585502,0.0
2077244658,3,0.651506,-0.40077,-0.272075,0.583864,0.0
2077244668,3,0.652396,-0.400994,-0.271178,0.583133,0.0
2077244679,3,0.652939,-0.401033,-0.270365,0.582876,0.0
2077244689,3,0.653043,-0.40077,-0.270043,0.583089,0.0
2077244699,3,0.652568,-0.400075,-0.270469,0.5839,0.0
2077244709,3,0.651766,-0.399283,-0.271544,0.584839,0.0
2077244719,3,0.650988,-0.398743,-0.272751,0.585511,0.0
2077244729,3,0.650249,-0.398029,-0.273726,0.586363,0.0
2077244739,3,0.649293,-0.396906,-0.274693,0.587729,0.0
2077244749,3,0.649526,-0.396813,-0.27452,0.587615,0.0
2077244759,3,0.649254,-0.396313,-0.27493,0.588062,0.0
2077244769,3,0.647685,-0.394963,-0.276036,0.590178,0.0
2077244779,3,0.646116,-0.393659,-0.276983,0.592321,0.0
2077244789,3,0.644605,-0.392374,-0.277783,0.594442,0.0
2077244799,3,0.643248,-0.391314,-0.278425,0.596307,0.0
2077244810,3,0.642063,-0.390529,-0.278892,0.597879,0.0
2077244820,3,0.640982,-0.389814,-0.279291,0.599317,0.0
2077244830,3,0.64294,-0.390625,-0.278579,0.597019,0.0
2077244840,3,0.645155,-0.391773,-0.277591,0.594332,0.0
2077244850,3,0.647152,-0.392762,-0.276797,0.591874,0.0
2077244860,3,0.645732,-0.392061,-0.277702,0.593463,0.0
2077244870,3,0.644185,-0.391424,-0.278776,0.595059,0.0
2077244880,3,0.642619,-0.390939,-0.279927,0.596528,0.0
2077244890,3,0.641059,-0.390681,-0.281077,0.597834,0.0
2077244900,3,0.639501,-0.390623,-0.282143,0.599038,0.0
2077244910,3,0.637909,-0.390651,-0.283123,0.600253,0.0
2077244920,3,0.63744,-0.39084,-0.284035,0.600198,0.0
2077244930,3,0.636723,-0.390782,-0.285115,0.600484,0.0
2077244941,3,0.63579,-0.390296,-0.286555,0.601103,0.0
2077244951,3,0.634814,-0.389724,-0.288269,0.601686,0.0
2077244961,3,0.633189,-0.389751,-0.2893,0.602884,0.0
2077244971,3,0.631612,-0.38993,-0.290297,0.603943,0.0
2077244981,3,0.630115,-0.390546,-0.291209,0.604669,0.0
2077244991,3,0.628723,-0.391234,-0.292088,0.605248,0.0
2077245001,3,0.627476,-0.392227,-0.292777,0.605567,0.0
2077245011,3,0.626386,-0.393435,-0.293275,0.605671,0.0
2077245021,3,0.625466,-0.394925,-0.293612,0.605489,0.0
2077245031,3,0.624806,-0.396403,-0.294063,0.604985,0.0
2077245041,3,0.624458,-0.39821,-0.294165,0.604107,0.0
2077245051,3,0.623882,-0.400221,-0.294119,0.603396,0.0
2077245061,3,0.622591,-0.401851,-0.294488,0.603466,0.0
2077245071,3,0.620674,-0.403205,-0.295351,0.604115,0.0
2077245082,3,0.618386,-0.404464,-0.296576,0.605019,0.0
2077245092,3,0.615949,-0.405795,-0.297951,0.605938,0.0
2077245102,3,0.613548,-0.407417,-0.299238,0.606651,0.0
2077245112,3,0.611268,-0.409499,-0.300194,0.607078,0.0
2077245122,3,0.608815,-0.411969,-0.300891,0.607526,0.0
2077245132,3,0.606206,-0.414531,-0.301466,0.608107,0.0
2077245142,3,0.603409,-0.417006,-0.30211,0.608877,0.0
2077245152,3,0.600418,-0.419495,-0.30288,0.609741,0.0
2077245162,3,0.597397,-0.421949,-0.303715,0.6106,0.0
2077245172,3,0.594389,-0.424487,-0.304575,0.611346,0.0
2077245182,3,0.591474,-0.427264,-0.305392,0.611831,0.0
2077245192,3,0.588543,-0.430154,-0.306094,0.612282,0.0
2077245202,3,0.585626,-0.433238,-0.306592,0.612655,0.0
2077245213,3,0.582709,-0.436438,-0.30692,0.613001,0.0
2077245223,3,0.579763,-0.439559,-0.307125,0.613461,0.0
2077245233,3,0.576834,-0.442744,-0.30725,0.61387,0.0
2077245243,3,0.573968,-0.445946,-0.307286,0.61422,0.0
2077245253,3,0.571233,-0.449171,-0.307148,0.614489,0.0
2077245263,3,0.568549,-0.452301,-0.30684,0.614836,0.0
2077245273,3,0.565809,-0.45533,-0.306377,0.615359,0.0
2077245283,3,0.563035,-0.458539,-0.305724,0.615845,0.0
2077245293,3,0.560386,-0.461593,-0.304993,0.616341,0.0
2077245303,3,0.557951,-0.464496,-0.304168,0.616777,0.0
2077245313,3,0.555742,-0.467231,-0.30324,0.617163,0.0
2077245323,3,0.553758,-0.469643,-0.302286,0.617583,0.0
2077245333,3,0.552079,-0.472051,-0.301202,0.61778,0.0
2077245344,3,0.550797,-0.474441,-0.299974,0.617692,0.0
2077245354,3,0.549839,-0.476693,-0.298712,0.617422,0.0
2077245364,3,0.549151,-0.478925,-0.297439,0.616922,0.0
2077245374,3,0.548629,-0.480823,-0.296317,0.616449,0.0
2077245384,3,0.548321,-0.482462,-0.295368,0.615899,0.0
2077245394,3,0.548286,-0.483855,-0.294538,0.615234,0.0
2077245404,3,0.548466,-0.484845,-0.293874,0.614611,0.0
2077245414,3,0.548816,-0.485474,-0.29331,0.614071,0.0
2077245424,3,0.549319,-0.485662,-0.29283,0.613702,0.0
2077245434,3,0.549981,-0.485645,-0.292333,0.61336,0.0
2077245444,3,0.550751,-0.485485,-0.291818,0.61304,0.0
2077245454,3,0.551628,-0.485188,-0.291329,0.612719,0.0
2077245464,3,0.552331,-0.484229,-0.291473,0.612776,0.0
2077245475,3,0.55293,-0.483058,-0.291735,0.613036,0.0
2077245485,3,0.553436,-0.481859,-0.292024,0.613385,0.0
2077245495,3,0.553875,-0.48063,-0.292317,0.613813,0.0
2077245505,3,0.554304,-0.479004,-0.292635,0.614544,0.0
2077245515,3,0.554776,-0.477378,-0.292826,0.615293,0.0
2077245525,3,0.5553,-0.475119,-0.293382,0.616303,0.0
2077245535,3,0.556245,-0.47279,-0.293993,0.61695,0.0
2077245545,3,0.557598,-0.470275,-0.294663,0.617331,0.0
2077245555,3,0.559362,-0.467702,-0.29529,0.61739,0.0
2077245565,3,0.561492,-0.465224,-0.295835,0.617068,0.0
2077245575,3,0.564,-0.462452,-0.296463,0.616563,0.0
2077245585,3,0.566724,-0.459396,-0.297289,0.615952,0.0
2077245595,3,0.569709,-0.456315,-0.298247,0.615025,0.0
2077245605,3,0.57304,-0.453297,-0.299139,0.613727,0.0
2077245616,3,0.576657,-0.450456,-0.29992,0.612047,0.0
2077245626,3,0.580626,-0.447915,-0.300483,0.60988,0.0
2077245636,3,0.584945,-0.445722,-0.300842,0.607177,0.0
2077245646,3,0.586504,-0.444382,-0.299758,0.60719,0.0
2077245656,3,0.588013,-0.443192,-0.298793,0.607077,0.0
2077245666,3,0.589347,-0.442165,-0.297993,0.606925,0.0
2077245676,3,0.593374,-0.440176,-0.299045,0.603922,0.0
2077245686,3,0.596558,-0.437951,-0.300463,0.601696,0.0
2077245696,3,0.599133,-0.435765,-0.30199,0.599958,0.0
2077245706,3,0.601326,-0.433287,-0.303684,0.598701,0.0
2077245716,3,0.603378,-0.430806,-0.305327,0.597591,0.0
2077245726,3,0.605414,-0.428384,-0.306799,0.596518,0.0
2077245736,3,0.607476,-0.426313,-0.307971,0.595301,0.0
2077245747,3,0.609673,-0.424673,-0.30891,0.593738,0.0
2077245757,3,0.611894,-0.423145,-0.309777,0.592089,0.0
2077245767,3,0.614047,-0.421773,-0.310642,0.590384,0.0
2077245777,3,0.616003,-0.42037,-0.311647,0.588815,0.0
2077245787,3,0.617712,-0.41914,-0.312752,0.587314,0.0
2077245797,3,0.619284,-0.418283,-0.313859,0.585677,0.0
2077245807,3,0.620727,-0.417524,-0.314952,0.584102,0.0
2077245817,3,0.621899,-0.417004,-0.315906,0.58271,0.0
2077245827,3,0.622742,-0.416832,-0.316594,0.581558,0.0
2077245837,3,0.623351,-0.416719,-0.317035,0.580746,0.0
2077245847,3,0.623917,-0.416785,-0.317154,0.580025,0.0
2077245857,3,0.624488,-0.416995,-0.316979,0.579355,0.0
2077245867,3,0.625157,-0.417162,-0.316641,0.578697,0.0
2077245878,3,0.625992,-0.417202,-0.316271,0.577968,0.0
2077245888,3,0.627007,-0.417149,-0.315897,0.577111,0.0
2077245898,3,0.627633,-0.416982,-0.315685,0.576666,0.0
2077245908,3,0.628241,-0.416823,-0.315471,0.576237,0.0
2077245918,3,0.628823,-0.416664,-0.315302,0.575809,0.0
2077245928,3,0.62982,-0.416708,-0.31491,0.5749,0.0
2077245938,3,0.630827,-0.416449,-0.31462,0.574143,0.0
2077245948,3,0.631854,-0.415871,-0.314569,0.57346,0.0
2077245958,3,0.632908,-0.414874,-0.314869,0.572855,0.0
2077245968,3,0.634004,-0.413714,-0.315378,0.572201,0.0
2077245978,3,0.635106,-0.412506,-0.316009,0.571503,0.0
2077245988,3,0.636121,-0.411108,-0.316721,0.570987,0.0
2077245998,3,0.637046,-0.409811,-0.317408,0.570506,0.0
2077246008,3,0.637866,-0.408606,-0.318019,0.570114,0.0
2077246019,3,0.638435,-0.407357,-0.318644,0.570022,0.0
2077246029,3,0.63873,-0.406256,-0.319156,0.570191,0.0
2077246039,3,0.638704,-0.405375,-0.319612,0.570592,0.0
2077246049,3,0.638368,-0.404826,-0.319999,0.57114,0.0
2077246059,3,0.637769,-0.404563,-0.320315,0.571818,0.0
2077246069,3,0.637024,-0.404474,-0.320557,0.572576,0.0
2077246079,3,0.63629,-0.404696,-0.32059,0.573216,0.0
2077246089,3,0.635644,-0.405087,-0.320317,0.573809,0.0
2077246099,3,0.635127,-0.405674,-0.319687,0.574318,0.0
2077246109,3,0.634686,-0.406298,-0.318729,0.574897,0.0
2077246119,3,0.634235,-0.406707,-0.317648,0.575702,0.0
2077246129,3,0.633902,-0.407067,-0.316495,0.576449,0.0
2077246139,3,0.633796,-0.407251,-0.315359,0.577058,0.0
2077246150,3,0.633989,-0.40749,-0.314148,0.577338,0.0
2077246160,3,0.634433,-0.407437,-0.312914,0.577557,0.0
2077246170,3,0.635072,-0.407259,-0.311639,0.57767,0.0
2077246180,3,0.635848,-0.40698,-0.310401,0.57768,0.0
2077246190,3,0.636718,-0.406502,-0.309283,0.577658,0.0
2077246200,3,0.637648,-0.405757,-0.308332,0.577664,0.0
2077246210,3,0.638722,-0.404891,-0.307546,0.577505,0.0
2077246220,3,0.639985,-0.403878,-0.306948,0.577133,0.0
2077246230,3,0.641346,-0.402806,-0.306524,0.576597,0.0
2077246240,3,0.642687,-0.401448,-0.306392,0.576121,0.0
2077246250,3,0.643903,-0.399642,-0.306604,0.575906,0.0
2077246260,3,0.645002,-0.397587,-0.307067,0.575852,0.0
2077246270,3,0.64601,-0.395409,-0.307789,0.575836,0.0
2077246281,3,0.647118,-0.393477,-0.308588,0.575488,0.0
2077246291,3,0.648288,-0.391681,-0.309516,0.574897,0.0
2077246301,3,0.649403,-0.390153,-0.310479,0.574159,0.0
2077246311,3,0.650328,-0.388656,-0.311496,0.573576,0.0
2077246321,3,0.651062,-0.387549,-0.312356,0.573023,0.0
2077246331,3,0.651597,-0.386838,-0.313094,0.572493,0.0
2077246341,3,0.652073,-0.386434,-0.313747,0.571866,0.0
2077246351,3,0.652556,-0.386209,-0.31443,0.571092,0.0
2077246361,3,0.653154,-0.385985,-0.315161,0.570155,0.0
2077246371,3,0.653903,-0.385914,-0.315828,0.568975,0.0
2077246381,3,0.654879,-0.385939,-0.316328,0.567555,0.0
2077246391,3,0.655862,-0.385928,-0.316722,0.566207,0.0
2077246401,3,0.656733,-0.385913,-0.316983,0.56506,0.0
2077246412,3,0.657413,-0.385893,-0.317247,0.564134,0.0
2077246422,3,0.657997,-0.385992,-0.317449,0.563272,0.0
2077246432,3,0.658556,-0.386148,-0.317683,0.562379,0.0
2077246442,3,0.65904,-0.386288,-0.318,0.561535,0.0
2077246452,3,0.659437,-0.386695,-0.318351,0.560589,0.0
2077246462,3,0.659698,-0.387132,-0.318823,0.559712,0.0
2077246472,3,0.659839,-0.387686,-0.3194,0.558832,0.0
2077246482,3,0.659854,-0.388524,-0.32003,0.557872,0.0
2077246492,3,0.65969,-0.389474,-0.320774,0.556975,0.0
2077246502,3,0.659686,-0.389832,-0.322297,0.555848,0.0
2077246512,3,0.659505,-0.390373,-0.323934,0.554732,0.0
2077246522,3,0.659143,-0.391266,-0.325595,0.553559,0.0
2077246532,3,0.658648,-0.392097,-0.327374,0.55251,0.0
2077246542,3,0.658001,-0.393032,-0.329195,0.551534,0.0
2077246553,3,0.657208,-0.394322,-0.330846,0.55057,0.0
2077246563,3,0.656295,-0.395862,-0.332266,0.549698,0.0
2077246573,3,0.655301,-0.397478,-0.333473,0.548986,0.0
2077246583,3,0.654164,-0.398953,-0.334525,0.548632,0.0
2077246593,3,0.652909,-0.400348,-0.335357,0.548603,0.0
2077246603,3,0.651719,-0.401886,-0.335971,0.548517,0.0
2077246613,3,0.650626,-0.403242,-0.336609,0.548429,0.0
2077246623,3,0.64963,-0.404089,-0.337387,0.548509,0.0
2077246633,3,0.648823,-0.404589,-0.338269,0.548552,0.0
2077246643,3,0.64823,-0.404867,-0.339167,0.548493,0.0
2077246653,3,0.647822,-0.404895,-0.340151,0.548345,0.0
2077246663,3,0.647503,-0.404632,-0.341338,0.548179,0.0
2077246673,3,0.6473,-0.404047,-0.342816,0.547926,0.0
2077246684,3,0.647172,-0.403333,-0.344605,0.547482,0.0
2077246694,3,0.646902,-0.402389,-0.346761,0.547134,0.0
2077246704,3,0.646235,-0.401401,-0.34927,0.547051,0.0
2077246714,3,0.645803,-0.400529,-0.351928,0.546497,0.0
2077246724,3,0.64534,-0.399619,-0.354881,0.545802,0.0
2077246734,3,0.644919,-0.399051,-0.357923,0.544727,0.0
2077246744,3,0.644613,-0.398721,-0.360955,0.543328,0.0
2077246754,3,0.644435,-0.39876,-0.363894,0.541547,0.0
2077246764,3,0.644225,-0.399114,-0.366716,0.53963,0.0
2077246774,3,0.644001,-0.399735,-0.369321,0.537656,0.0
2077246784,3,0.64363,-0.400923,-0.371534,0.535688,0.0
2077246794,3,0.642846,-0.402557,-0.373211,0.534236,0.0
2077246804,3,0.642054,-0.404901,-0.37427,0.532674,0.0
2077246815,3,0.64142,-0.407856,-0.37477,0.530829,0.0
2077246825,3,0.640892,-0.410719,-0.374995,0.529098,0.0
2077246835,3,0.640523,-0.413527,-0.37502,0.527336,0.0
2077246845,3,0.640208,-0.415856,-0.375047,0.525866,0.0
2077246855,3,0.639844,-0.418012,-0.375085,0.524571,0.0
2077246865,3,0.639241,-0.419993,-0.375253,0.523604,0.0
2077246875,3,0.638301,-0.421896,-0.375503,0.52304,0.0
2077246885,3,0.637385,-0.423851,-0.375762,0.52239,0.0
2077246895,3,0.636384,-0.425731,-0.376081,0.521853,0.0
2077246905,3,0.635271,-0.427283,-0.376565,0.521592,0.0
2077246915,3,0.634061,-0.42879,-0.377146,0.521408,0.0
2077246925,3,0.632726,-0.430082,-0.377836,0.521464,0.0
2077246935,3,0.631297,-0.431323,-0.378516,0.521678,0.0
2077246946,3,0.629779,-0.432439,-0.379116,0.522153,0.0
2077246956,3,0.62814,-0.433548,-0.379666,0.522809,0.0
2077246966,3,0.626408,-0.434549,-0.38015,0.523702,0.0
2077246976,3,0.624629,-0.4353,-0.380546,0.524915,0.0
2077246986,3,0.620759,-0.440016,-0.375957,0.528866,0.0
2077246996,3,0.616799,-0.444338,-0.371149,0.533263,0.0
2077247006,3,0.612917,-0.448236,-0.366249,0.537845,0.0
2077247016,3,0.609226,-0.451432,-0.361573,0.542509,0.0
2077247026,3,0.607964,-0.44999,-0.361839,0.544939,0.0
2077247036,3,0.607034,-0.44846,-0.361929,0.547174,0.0
2077247046,3,0.605139,-0.449048,-0.359163,0.550602,0.0
2077247056,3,0.603777,-0.448909,-0.357045,0.55358,0.0
2077247066,3,0.60264,-0.448476,-0.35548,0.556171,0.0
2077247076,3,0.601626,-0.448221,-0.354297,0.558225,0.0
2077247087,3,0.600769,-0.448287,-0.353376,0.559677,0.0
2077247097,3,0.599948,-0.448658,-0.352677,0.560701,0.0
2077247107,3,0.599024,-0.449313,-0.352033,0.561568,0.0
2077247117,3,0.597706,-0.450509,-0.351312,0.562465,0.0
2077247127,3,0.596137,-0.452371,-0.350388,0.563212,0.0
2077247137,3,0.59414,-0.454805,-0.349312,0.56403,0.0
2077247147,3,0.591693,-0.457572,-0.348097,0.565115,0.0
2077247157,3,0.58898,-0.460763,-0.346554,0.566303,0.0
2077247167,3,0.586083,-0.464341,-0.344654,0.567543,0.0
2077247177,3,0.583021,-0.467973,-0.342375,0.569092,0.0
2077247187,3,0.579832,-0.471604,-0.339709,0.570947,0.0
2077247197,3,0.576482,-0.47534,-0.336722,0.573007,0.0
2077247207,3,0.573125,-0.478958,-0.333464,0.575262,0.0
2077247218,3,0.569859,-0.482387,-0.330065,0.577598,0.0
2077247228,3,0.566804,-0.485688,-0.326558,0.579826,0.0
2077247238,3,0.564203,-0.488636,-0.323079,0.581831,0.0
2077247248,3,0.562302,-0.491274,-0.319679,0.583326,0.0
2077247258,3,0.561092,-0.493556,-0.316351,0.584379,0.0
2077247268,3,0.560868,-0.492392,-0.31662,0.585429,0.0
2077247278,3,0.560992,-0.490949,-0.316881,0.586379,0.0
2077247288,3,0.561417,-0.489205,-0.317176,0.587271,0.0
2077247298,3,0.562062,-0.487382,-0.317449,0.588022,0.0
2077247308,3,0.563131,-0.488173,-0.314931,0.587696,0.0
2077247318,3,0.564229,-0.488326,-0.31286,0.587622,0.0
2077247328,3,0.565203,-0.487946,-0.311207,0.58788,0.0
2077247338,3,0.566047,-0.487164,-0.309916,0.588398,0.0
2077247349,3,0.566726,-0.486408,-0.308849,0.588931,0.0
2077247359,3,0.56726,-0.485539,-0.308073,0.58954,0.0
2077247369,3,0.567808,-0.484681,-0.30755,0.589991,0.0
2077247379,3,0.568362,-0.483162,-0.307892,0.590526,0.0
2077247389,3,0.568837,-0.481554,-0.308272,0.591183,0.0
2077247399,3,0.569241,-0.480113,-0.308568,0.591811,0.0
2077247409,3,0.569598,-0.478757,-0.308798,0.592446,0.0
2077247419,3,0.569915,-0.477302,-0.30904,0.593188,0.0
2077247429,3,0.570475,-0.476376,-0.30881,0.593515,0.0
2077247439,3,0.571,-0.475037,-0.308769,0.594103,0.0
2077247449,3,0.571592,-0.473343,-0.308888,0.594823,0.0
2077247459,3,0.572251,-0.471378,-0.309064,0.595658,0.0
2077247469,3,0.572948,-0.469277,-0.309216,0.596569,0.0
2077247479,3,0.573714,-0.466963,-0.30923,0.597639,0.0
2077247490,3,0.574523,-0.464401,-0.309161,0.598893,0.0
2077247500,3,0.575344,-0.461727,-0.308945,0.600282,0.0
2077247510,3,0.576144,-0.458844,-0.308572,0.601915,0.0
2077247520,3,0.576948,-0.455653,-0.30802,0.603848,0.0
2077247530,3,0.577793,-0.452124,-0.307248,0.606083,0.0
2077247540,3,0.57876,-0.44816,-0.306281,0.608589,0.0
2077247550,3,0.579899,-0.443868,-0.305133,0.61122,0.0
2077247560,3,0.582199,-0.439686,-0.303717,0.61276,0.0
2077247570,3,0.585312,-0.435114,-0.302526,0.613646,0.0
2077247580,3,0.588996,-0.42996,-0.301734,0.614144,0.0
2077247590,3,0.59336,-0.423942,-0.301436,0.614274,0.0
2077247600,3,0.598342,-0.417429,-0.301585,0.613828,0.0
2077247610,3,0.603984,-0.410276,-0.302116,0.612863,0.0
2077247621,3,0.609959,-0.402348,-0.303157,0.611686,0.0
2077247631,3,0.61607,-0.393775,-0.304713,0.610367,0.0
2077247641,3,0.622287,-0.384967,-0.306592,0.608736,0.0
2077247651,3,0.628376,-0.37623,-0.308693,0.606879,0.0
2077247661,3,0.63409,-0.367465,-0.310934,0.605159,0.0
2077247671,3,0.639238,-0.358945,-0.313304,0.603632,0.0
2077247681,3,0.643809,-0.350816,-0.315826,0.602238,0.0
2077247691,3,0.645888,-0.346435,-0.315068,0.602945,0.0
2077247701,3,0.647575,-0.342297,-0.314552,0.603767,0.0
2077247711,3,0.648869,-0.338405,-0.314267,0.60472,0.0
2077247721,3,0.649839,-0.335063,-0.314093,0.605629,0.0
2077247731,3,0.65049,-0.332205,-0.314023,0.60654,0.0
2077247741,3,0.650774,-0.330145,-0.313977,0.607383,0.0
2077247752,3,0.650642,-0.328992,-0.314007,0.608134,0.0
2077247762,3,0.650928,-0.32686,-0.315734,0.608083,0.0
2077247772,3,0.650833,-0.325775,-0.317055,0.60808,0.0
2077247782,3,0.650351,-0.325416,-0.318084,0.60825,0.0
2077247792,3,0.649556,-0.325459,-0.318916,0.608641,0.0
2077247802,3,0.648588,-0.325875,-0.3194,0.609197,0.0
2077247812,3,0.647429,-0.326381,-0.319573,0.610067,0.0
2077247822,3,0.646238,-0.327112,-0.3193,0.611081,0.0
2077247832,3,0.645123,-0.3279,-0.318657,0.612172,0.0
2077247842,3,0.643938,-0.328354,-0.31792,0.613558,0.0
2077247852,3,0.642859,-0.328561,-0.317039,0.615032,0.0
2077247862,3,0.642067,-0.328637,-0.315914,0.616396,0.0
2077247872,3,0.641604,-0.328667,-0.314554,0.617557,0.0
2077247883,3,0.641305,-0.328322,-0.313134,0.618772,0.0
2077247893,3,0.641333,-0.327938,-0.311662,0.619689,0.0
2077247903,3,0.64162,-0.327268,-0.310392,0.620383,0.0
2077247913,3,0.64208,-0.32612,-0.309491,0.620962,0.0
2077247923,3,0.642549,-0.324849,-0.308927,0.621423,0.0
2077247933,3,0.642989,-0.323527,-0.308637,0.621801,0.0
2077247943,3,0.643477,-0.322268,-0.308544,0.621997,0.0
2077247953,3,0.644213,-0.321254,-0.308599,0.621732,0.0
2077247963,3,0.645142,-0.320348,-0.308818,0.621127,0.0
2077247973,3,0.646218,-0.319466,-0.30924,0.620252,0.0
2077247983,3,0.647322,-0.318626,-0.309937,0.619184,0.0
2077247993,3,0.648324,-0.317661,-0.31094,0.618127,0.0
2077248003,3,0.648994,-0.316835,-0.312169,0.617229,0.0
2077248013,3,0.648902,-0.316193,-0.313628,0.616914,0.0
2077248024,3,0.648017,-0.315824,-0.315156,0.617255,0.0
2077248034,3,0.646362,-0.316097,-0.31646,0.618183,0.0
2077248044,3,0.645319,-0.317707,-0.316652,0.618349,0.0
2077248054,3,0.642947,-0.319423,-0.316984,0.619764,0.0
2077248064,3,0.64066,-0.321998,-0.316577,0.621006,0.0
2077248074,3,0.63879,-0.325004,-0.315592,0.621869,0.0
2077248084,3,0.637309,-0.32824,-0.314224,0.62238,0.0
2077248094,3,0.636255,-0.331321,-0.312601,0.622643,0.0
2077248104,3,0.635359,-0.33403,-0.310914,0.622955,0.0
2077248114,3,0.634595,-0.3364,-0.309166,0.623328,0.0
2077248124,3,0.633925,-0.338209,-0.30755,0.623831,0.0
2077248134,3,0.633301,-0.339233,-0.306222,0.624562,0.0
2077248144,3,0.632728,-0.339357,-0.3053,0.625526,0.0
2077248155,3,0.632041,-0.339156,-0.304632,0.626654,0.0
2077248165,3,0.631266,-0.338783,-0.304036,0.627925,0.0
2077248175,3,0.630436,-0.338127,-0.303444,0.629397,0.0
2077248185,3,0.62964,-0.337675,-0.30271,0.630788,0.0
2077248195,3,0.628849,-0.337123,-0.30192,0.63225,0.0
2077248205,3,0.628071,-0.336468,-0.301131,0.633747,0.0
2077248215,3,0.627339,-0.335813,-0.300325,0.6352,0.0
2077248225,3,0.626596,-0.335047,-0.299464,0.636742,0.0
2077248235,3,0.625917,-0.334462,-0.298444,0.638195,0.0
2077248245,3,0.625395,-0.333936,-0.297255,0.639536,0.0
2077248255,3,0.62494,-0.333387,-0.295864,0.64091,0.0
2077248265,3,0.624542,-0.332539,-0.294416,0.642404,0.0
2077248275,3,0.624166,-0.331332,-0.293021,0.644028,0.0
2077248286,3,0.623714,-0.329631,-0.291871,0.645859,0.0
2077248296,3,0.623203,-0.327431,-0.290993,0.647865,0.0
2077248306,3,0.622547,-0.32478,-0.290448,0.650071,0.0
2077248316,3,0.621697,-0.321814,-0.29016,0.652483,0.0
2077248326,3,0.62073,-0.318646,-0.290059,0.654999,0.0
2077248336,3,0.619552,-0.31544,-0.290102,0.657642,0.0
2077248346,3,0.618276,-0.312294,-0.290149,0.660318,0.0
2077248356,3,0.617061,-0.309402,-0.290089,0.662837,0.0
2077248366,3,0.615922,-0.306762,-0.289876,0.665212,0.0
2077248376,3,0.615042,-0.304218,-0.28958,0.667321,0.0
2077248386,3,0.61431,-0.301876,-0.289298,0.669178,0.0
2077248396,3,0.613604,-0.299594,-0.289143,0.670916,0.0
2077248406,3,0.612949,-0.2974,-0.289085,0.672514,0.0
2077248417,3,0.612373,-0.295204,-0.289068,0.674012,0.0
2077248427,3,0.611843,-0.292912,-0.289064,0.675493,0.0
2077248437,3,0.611422,-0.290772,-0.289,0.676825,0.0
2077248447,3,0.611182,-0.288836,-0.288886,0.677918,0.0
2077248457,3,0.61111,-0.287171,-0.288714,0.678763,0.0
2077248467,3,0.611273,-0.285809,-0.288525,0.679272,0.0
2077248477,3,0.611661,-0.284396,-0.288291,0.679615,0.0
2077248487,3,0.612332,-0.283396,-0.287814,0.679631,0.0
2077248497,3,0.613233,-0.282988,-0.286937,0.679358,0.0
2077248507,3,0.614482,-0.283399,-0.285474,0.678675,0.0
2077248517,3,0.613198,-0.283214,-0.28454,0.680303,0.0
2077248527,3,0.612138,-0.282935,-0.283461,0.681824,0.0
2077248537,3,0.611331,-0.282725,-0.282314,0.683109,0.0
2077248547,3,0.610781,-0.282768,-0.281131,0.68407,0.0
2077248558,3,0.610477,-0.282757,-0.279947,0.684832,0.0
2077248568,3,0.61045,-0.282718,-0.278722,0.685372,0.0
2077248578,3,0.610711,-0.282477,-0.277462,0.685749,0.0
2077248588,3,0.611295,-0.282209,-0.276152,0.685868,0.0
2077248598,3,0.61213,-0.28176,-0.274782,0.685859,0.0
2077248608,3,0.613117,-0.281072,-0.273278,0.68586,0.0
2077248618,3,0.614142,-0.280289,-0.271422,0.686,0.0
2077248628,3,0.615051,-0.279156,-0.269216,0.686517,0.0
2077248638,3,0.615748,-0.277952,-0.266718,0.687355,0.0
2077248648,3,0.616117,-0.27705,-0.264191,0.688363,0.0
2077248658,3,0.616101,-0.27666,-0.261898,0.68941,0.0
2077248668,3,0.615888,-0.276662,-0.259844,0.690376,0.0
2077248678,3,0.615648,-0.276554,-0.25776,0.691414,0.0
2077248689,3,0.6153,-0.276695,-0.255744,0.692415,0.0
2077248699,3,0.61468,-0.277224,-0.25405,0.693378,0.0
2077248709,3,0.612595,-0.275082,-0.255383,0.695582,0.0
2077248719,3,0.609965,-0.272947,-0.257668,0.697888,0.0
2077248729,3,0.608664,-0.274901,-0.257339,0.698378,0.0
2077248739,3,0.607245,-0.276557,-0.257398,0.698938,0.0
2077248749,3,0.605798,-0.278577,-0.257674,0.69929,0.0
2077248759,3,0.604405,-0.281154,-0.258146,0.699289,0.0
2077248769,3,0.603029,-0.284326,-0.258705,0.698988,0.0
2077248779,3,0.601585,-0.28815,-0.259195,0.698485,0.0
2077248789,3,0.597293,-0.288225,-0.263275,0.700608,0.0
2077248799,3,0.592799,-0.291102,-0.266047,0.702186,0.0
2077248809,3,0.591326,-0.298218,-0.266356,0.700323,0.0
2077248820,3,0.589938,-0.305625,-0.266658,0.698182,0.0
2077248830,3,0.58658,-0.312762,-0.267023,0.697711,0.0
2077248840,3,0.585695,-0.320017,-0.267287,0.695059,0.0
2077248850,3,0.585084,-0.32684,-0.267663,0.692248,0.0
2077248860,3,0.584752,-0.332949,-0.26823,0.689391,0.0
2077248870,3,0.584697,-0.338147,-0.269043,0.686586,0.0
2077248880,3,0.5849,-0.342691,-0.270084,0.683746,0.0
2077248890,3,0.585356,-0.346918,-0.271369,0.680708,0.0
2077248900,3,0.586067,-0.351001,-0.272913,0.677377,0.0
2077248910,3,0.587048,-0.35452,-0.274644,0.673987,0.0
2077248920,3,0.588241,-0.357614,-0.2765,0.670545,0.0
2077248930,3,0.589618,-0.360818,-0.278378,0.666832,0.0
2077248940,3,0.591177,-0.363983,-0.280281,0.662923,0.0
2077248951,3,0.592889,-0.366762,-0.282209,0.659033,0.0
2077248961,3,0.594691,-0.369334,-0.28422,0.655097,0.0
2077248971,3,0.596498,-0.371708,-0.286366,0.651165,0.0
2077248981,3,0.598487,-0.37358,-0.289172,0.647016,0.0
2077248991,3,0.600322,-0.375434,-0.292483,0.64274,0.0
2077249001,3,0.60199,-0.376877,-0.296289,0.638579,0.0
2077249011,3,0.603308,-0.378241,-0.300382,0.634604,0.0
2077249021,3,0.604332,-0.380136,-0.304325,0.630606,0.0
2077249031,3,0.60493,-0.382718,-0.307873,0.626737,0.0
2077249041,3,0.605313,-0.385651,-0.311123,0.622953,0.0
2077249051,3,0.605663,-0.388708,-0.314193,0.61916,0.0
2077249061,3,0.606129,-0.391548,-0.317335,0.615301,0.0
2077249071,3,0.606436,-0.39442,-0.320324,0.611604,0.0
2077249081,3,0.606171,-0.396512,-0.323999,0.608571,0.0
2077249092,3,0.606056,-0.39862,-0.327549,0.605399,0.0
2077249102,3,0.606147,-0.400602,-0.330929,0.602152,0.0
2077249112,3,0.606488,-0.402269,-0.334123,0.598926,0.0
2077249122,3,0.607035,-0.403899,-0.337142,0.595574,0.0
2077249132,3,0.607763,-0.405336,-0.340056,0.592189,0.0
2077249142,3,0.608645,-0.406536,-0.342869,0.588829,0.0
2077249152,3,0.609643,-0.40762,-0.345561,0.585464,0.0
2077249162,3,0.610725,-0.40861,-0.348085,0.582142,0.0
2077249172,3,0.611893,-0.409541,-0.350411,0.578855,0.0
2077249182,3,0.613128,-0.410341,-0.352568,0.575663,0.0
2077249192,3,0.614398,-0.411133,-0.354576,0.572502,0.0
2077249202,3,0.615654,-0.411965,-0.35647,0.56937,0.0
2077249212,3,0.617593,-0.416483,-0.354095,0.565452,0.0
2077249223,3,0.619491,-0.420353,-0.352296,0.561623,0.0
2077249233,3,0.621548,-0.423884,-0.350668,0.557702,0.0
2077249243,3,0.623671,-0.427032,-0.349243,0.553811,0.0
2077249253,3,0.625879,-0.429807,-0.348201,0.549814,0.0
2077249263,3,0.628104,-0.43203,-0.347768,0.545794,0.0
2077249273,3,0.630182,-0.433456,-0.348143,0.542015,0.0
2077249283,3,0.632116,-0.434181,-0.349338,0.538403,0.0
2077249293,3,0.633877,-0.433978,-0.351374,0.535162,0.0
2077249303,3,0.63553,-0.433771,-0.353888,0.531701,0.0
2077249313,3,0.637365,-0.433425,-0.356637,0.527936,0.0
2077249323,3,0.639461,-0.433335,-0.359392,0.52359,0.0
2077249333,3,0.64176,-0.433605,-0.362019,0.51872,0.0
2077249343,3,0.642975,-0.434402,-0.36403,0.515129,0.0
2077249354,3,0.643974,-0.435264,-0.366123,0.511659,0.0
2077249364,3,0.644676,-0.436381,-0.368289,0.508259,0.0
2077249374,3,0.645039,-0.438049,-0.370541,0.504713,0.0
2077249384,3,0.645072,-0.439856,-0.373034,0.501251,0.0
2077249394,3,0.644806,-0.441741,-0.375814,0.497848,0.0
2077249404,3,0.644267,-0.443858,-0.378802,0.494386,0.0
2077249414,3,0.644528,-0.446283,-0.381972,0.489398,0.0
2077249424,3,0.644433,-0.448967,-0.385147,0.484555,0.0
2077249434,3,0.644037,-0.451879,-0.388187,0.479928,0.0
2077249444,3,0.643393,-0.455387,-0.390879,0.475268,0.0
2077249454,3,0.642481,-0.459421,-0.393196,0.470686,0.0
2077249464,3,0.64009,-0.462273,-0.397031,0.467924,0.0
2077249474,3,0.637401,-0.46508,-0.400911,0.465499,0.0
2077249484,3,0.634378,-0.468228,-0.404751,0.463144,0.0
2077249495,3,0.631033,-0.471434,-0.408657,0.461025,0.0
2077249505,3,0.627391,-0.474962,-0.412534,0.458917,0.0
2077249515,3,0.623428,-0.478592,-0.416467,0.456991,0.0
2077249525,3,0.619143,-0.4825,-0.420365,0.455134,0.0
2077249535,3,0.614605,-0.486759,-0.424149,0.453235,0.0
2077249545,3,0.609877,-0.490787,-0.428028,0.451629,0.0
2077249555,3,0.60507,-0.494646,-0.432015,0.450085,0.0
2077249565,3,0.60163,-0.499302,-0.434567,0.447089,0.0
2077249575,3,0.598213,-0.503713,-0.437176,0.444174,0.0
2077249585,3,0.59475,-0.507761,-0.43993,0.441487,0.0
2077249595,3,0.591175,-0.511351,-0.442821,0.43925,0.0
2077249605,3,0.587536,-0.514968,-0.445483,0.43721,0.0
2077249615,3,0.584018,-0.518715,-0.447592,0.435337,0.0
2077249626,3,0.580774,-0.522801,-0.448791,0.43355,0.0
2077249636,3,0.57782,-0.52734,-0.448929,0.431854,0.0
2077249646,3,0.575116,-0.532173,-0.447956,0.430543,0.0
2077249656,3,0.572228,-0.53691,-0.446614,0.429903,0.0
2077249666,3,0.569419,-0.54179,-0.44469,0.429505,0.0
2077249676,3,0.566604,-0.546599,-0.442313,0.429589,0.0
2077249686,3,0.5638,-0.551229,-0.439711,0.430034,0.0
2077249696,3,0.561241,-0.555577,-0.436846,0.430704,0.0
2077249706,3,0.559026,-0.559594,-0.433608,0.431656,0.0
2077249716,3,0.557172,-0.5634,-0.429922,0.432788,0.0
2077249726,3,0.555656,-0.566744,-0.426006,0.43424,0.0
2077249736,3,0.554541,-0.56935,-0.422086,0.43608,0.0
2077249746,3,0.553793,-0.571167,-0.418261,0.438335,0.0
2077249757,3,0.553603,-0.572288,-0.414448,0.440727,0.0
2077249767,3,0.554033,-0.572644,-0.410748,0.443181,0.0
2077249777,3,0.555166,-0.572519,-0.406961,0.445414,0.0
2077249787,3,0.556965,-0.571915,-0.403184,0.447375,0.0
2077249797,3,0.559261,-0.570572,-0.399647,0.449394,0.0
2077249807,3,0.561959,-0.568547,-0.396515,0.451365,0.0
2077249817,3,0.564334,-0.565603,-0.39422,0.454102,0.0
2077249827,3,0.566898,-0.562427,-0.391889,0.456863,0.0
2077249837,3,0.569611,-0.558991,-0.389552,0.459695,0.0
2077249847,3,0.572392,-0.555493,-0.387182,0.462475,0.0
2077249857,3,0.575157,-0.5521,-0.384775,0.46511,0.0
2077249867,3,0.577856,-0.548812,-0.382358,0.467641,0.0
2077249877,3,0.580469,-0.545418,-0.380013,0.470279,0.0
2077249888,3,0.585436,-0.541248,-0.379125,0.469658,0.0
2077249898,3,0.590264,-0.537228,-0.37835,0.468853,0.0
2077249908,3,0.594851,-0.533353,-0.377672,0.468026,0.0
2077249918,3,0.599255,-0.529647,-0.377145,0.467041,0.0
2077249928,3,0.603476,-0.526126,-0.37662,0.466008,0.0
2077249938,3,0.607448,-0.522719,-0.376182,0.465034,0.0
2077249948,3,0.611206,-0.519717,-0.375676,0.463883,0.0
2077249958,3,0.612298,-0.518152,-0.373604,0.465863,0.0
2077249968,3,0.61322,-0.51689,-0.371495,0.467735,0.0
2077249978,3,0.613956,-0.515888,-0.36935,0.46957,0.0
2077249988,3,0.616952,-0.514321,-0.368344,0.468151,0.0
2077249998,3,0.619393,-0.512893,-0.367297,0.467315,0.0
2077250008,3,0.621243,-0.511801,-0.366134,0.46697,0.0
2077250018,3,0.622806,-0.510988,-0.364623,0.466961,0.0
2077250029,3,0.62395,-0.510129,-0.36296,0.467667,0.0
2077250039,3,0.624788,-0.50944,-0.361131,0.468714,0.0
2077250049,3,0.62555,-0.508797,-0.359222,0.469862,0.0
2077250059,3,0.626232,-0.507695,-0.357456,0.471489,0.0
2077250069,3,0.626896,-0.506265,-0.355739,0.47344,0.0
2077250079,3,0.627657,-0.504538,-0.353948,0.475612,0.0
2077250089,3,0.628541,-0.502717,-0.351878,0.477904,0.0
2077250099,3,0.629605,-0.500613,-0.34958,0.480392,0.0
2077250109,3,0.630985,-0.498267,-0.347108,0.482806,0.0
2077250119,3,0.632759,-0.49591,-0.344281,0.484931,0.0
2077250129,3,0.634863,-0.493438,-0.341203,0.486873,0.0
2077250139,3,0.637344,-0.490932,-0.337958,0.488427,0.0
2077250149,3,0.640062,-0.488392,-0.334592,0.489734,0.0
2077250160,3,0.64283,-0.485745,-0.331223,0.491031,0.0
2077250170,3,0.645581,-0.483061,-0.327852,0.492329,0.0
2077250180,3,0.648308,-0.480493,-0.324317,0.493598,0.0
2077250190,3,0.651004,-0.477806,-0.32062,0.495072,0.0
2077250200,3,0.653671,-0.475312,-0.316601,0.496543,0.0
2077250210,3,0.656282,-0.473018,-0.31236,0.497973,0.0
2077250220,3,0.658981,-0.470978,-0.307974,0.499073,0.0
2077250230,3,0.661724,-0.468963,-0.303541,0.500057,0.0
2077250240,3,0.664375,-0.466562,-0.299352,0.501311,0.0
2077250250,3,0.66686,-0.463815,-0.295556,0.50281,0.0
2077250260,3,0.669264,-0.460487,-0.292342,0.50455,0.0
2077250270,3,0.671225,-0.456993,-0.289178,0.506941,0.0
2077250280,3,0.673213,-0.453421,-0.286118,0.509243,0.0
2077250291,3,0.675199,-0.450189,-0.283087,0.511171,0.0
2077250301,3,0.677113,-0.446899,-0.280277,0.513071,0.0
2077250311,3,0.678873,-0.443633,-0.277683,0.514987,0.0
2077250321,3,0.680433,-0.440406,-0.275312,0.516968,0.0
2077250331,3,0.681779,-0.437223,-0.273205,0.519009,0.0
2077250341,3,0.683998,-0.431961,-0.27453,0.519796,0.0
2077250351,3,0.686145,-0.427053,-0.275835,0.52033,0.0
2077250361,3,0.688458,-0.422526,-0.277066,0.520318,0.0
2077250371,3,0.689515,-0.420271,-0.275541,0.521552,0.0
2077250381,3,0.69058,-0.417971,-0.274189,0.522702,0.0
2077250391,3,0.69164,-0.415695,-0.272998,0.523739,0.0
2077250401,3,0.692668,-0.41359,-0.271915,0.524609,0.0
2077250411,3,0.693665,-0.411448,-0.271008,0.525445,0.0
2077250422,3,0.695956,-0.408777,-0.271279,0.52436,0.0
2077250432,3,0.697688,-0.406339,-0.271453,0.523862,0.0
2077250442,3,0.698812,-0.404218,-0.271687,0.523883,0.0
2077250452,3,0.699375,-0.402217,-0.272298,0.524356,0.0
2077250462,3,0.699282,-0.400113,-0.273702,0.525356,0.0
2077250472,3,0.698622,-0.397901,-0.275936,0.526745,0.0
2077250482,3,0.697517,-0.395599,-0.278798,0.528433,0.0
2077250492,3,0.696046,-0.39357,-0.281918,0.53023,0.0
2077250502,3,0.694637,-0.391888,-0.284859,0.531748,0.0
2077250512,3,0.693466,-0.390684,-0.28727,0.532864,0.0
2077250522,3,0.692712,-0.390094,-0.288977,0.533354,0.0
2077250532,3,0.692355,-0.389852,-0.290156,0.533354,0.0
2077250542,3,0.69222,-0.389845,-0.291047,0.53305,0.0
2077250552,3,0.692133,-0.389905,-0.291894,0.532656,0.0
2077250563,3,0.691859,-0.389862,-0.292924,0.532478,0.0
2077250573,3,0.691454,-0.390063,-0.293838,0.532353,0.0
2077250583,3,0.690844,-0.390281,-0.294745,0.532484,0.0
2077250593,3,0.690297,-0.390271,-0.296071,0.532464,0.0
2077250603,3,0.68977,-0.390349,-0.297436,0.53233,0.0
2077250613,3,0.68892,-0.39098,-0.297847,0.532738,0.0
2077250623,3,0.688215,-0.391808,-0.298043,0.532932,0.0
2077250633,3,0.687643,-0.39269,-0.298066,0.533007,0.0
2077250643,3,0.687025,-0.393643,-0.298048,0.53311,0.0
2077250653,3,0.686108,-0.394357,-0.298538,0.53349,0.0
2077250663,3,0.684615,-0.394295,-0.299932,0.534671,0.0
2077250673,3,0.682739,-0.394064,-0.301747,0.536217,0.0
2077250683,3,0.68111,-0.393921,-0.303594,0.537349,0.0
2077250694,3,0.680303,-0.393891,-0.305513,0.537306,0.0
2077250704,3,0.679333,-0.393971,-0.307542,0.537317,0.0
2077250714,3,0.678174,-0.394066,-0.309758,0.537439,0.0
2077250724,3,0.676399,-0.394099,-0.312481,0.538074,0.0
2077250734,3,0.674508,-0.394351,-0.315313,0.538611,0.0
2077250744,3,0.672705,-0.394873,-0.318081,0.538856,0.0
2077250754,3,0.671094,-0.395448,-0.320804,0.538829,0.0
2077250764,3,0.669602,-0.395864,-0.323492,0.538773,0.0
2077250774,3,0.668352,-0.396336,-0.32582,0.538575,0.0
2077250784,3,0.667619,-0.396836,-0.327602,0.538034,0.0
2077250794,3,0.667548,-0.397504,-0.328865,0.536857,0.0
2077250804,3,0.667867,-0.398064,-0.329975,0.535362,0.0
2077250814,3,0.668054,-0.398304,-0.331352,0.534099,0.0
2077250825,3,0.667694,-0.398195,-0.333378,0.533369,0.0
2077250835,3,0.666619,-0.397801,-0.336147,0.53327,0.0
2077250845,3,0.664802,-0.397531,-0.339323,0.533728,0.0
2077250855,3,0.662628,-0.397777,-0.342466,0.53424,0.0
2077250865,3,0.660389,-0.398758,-0.345156,0.53455,0.0
2077250875,3,0.658341,-0.400578,-0.347202,0.534391,0.0
2077250885,3,0.656346,-0.402624,-0.348914,0.534192,0.0
2077250895,3,0.654288,-0.403707,-0.351472,0.534222,0.0
2077250905,3,0.652266,-0.404913,-0.353825,0.534229,0.0
2077250915,3,0.650323,-0.405994,-0.356061,0.534292,0.0
2077250925,3,0.649037,-0.408535,-0.356271,0.533778,0.0
2077250935,3,0.647729,-0.410559,-0.356875,0.533411,0.0
2077250945,3,0.646063,-0.412246,-0.357905,0.533441,0.0
2077250955,3,0.644134,-0.414042,-0.359153,0.533542,0.0
2077250966,3,0.642439,-0.41602,-0.36031,0.533268,0.0
2077250976,3,0.641027,-0.418412,-0.361054,0.532591,0.0
2077250986,3,0.639931,-0.421238,-0.361526,0.53136,0.0
2077250996,3,0.639044,-0.424042,-0.362163,0.529762,0.0
2077251006,3,0.638087,-0.426834,-0.36308,0.528044,0.0
2077251016,3,0.636686,-0.429281,-0.364555,0.526732,0.0
2077251026,3,0.634667,-0.431408,-0.366515,0.526071,0.0
2077251036,3,0.632224,-0.433675,-0.368479,0.525776,0.0
2077251046,3,0.629639,-0.436155,-0.370209,0.525611,0.0
2077251056,3,0.627208,-0.438896,-0.371516,0.525314,0.0
2077251066,3,0.625179,-0.441762,-0.372362,0.524731,0.0
2077251076,3,0.623653,-0.444346,-0.373145,0.523808,0.0
2077251086,3,0.622422,-0.446572,-0.374155,0.522657,0.0
2077251097,3,0.621153,-0.448348,-0.375502,0.52168,0.0
2077251107,3,0.619639,-0.449762,-0.377224,0.52102,0.0
2077251117,3,0.618092,-0.450868,-0.379141,0.520509,0.0
2077251127,3,0.616758,-0.45195,-0.380945,0.519836,0.0
2077251137,3,0.616048,-0.453571,-0.382241,0.518313,0.0
2077251147,3,0.615863,-0.455641,-0.382942,0.516196,0.0
2077251157,3,0.616157,-0.458067,-0.383002,0.513647,0.0
2077251167,3,0.616672,-0.460414,-0.382745,0.511116,0.0
2077251177,3,0.61706,-0.462318,-0.382516,0.509096,0.0
2077251187,3,0.616939,-0.463891,-0.382449,0.507861,0.0
2077251197,3,0.6161,-0.46499,-0.382815,0.507598,0.0
2077251207,3,0.614657,-0.46585,-0.383676,0.507908,0.0
2077251217,3,0.613149,-0.466988,-0.384458,0.508095,0.0
2077251228,3,0.612006,-0.467348,-0.386334,0.50772,0.0
2077251238,3,0.61078,-0.468043,-0.388108,0.507203,0.0
2077251248,3,0.60947,-0.468965,-0.389807,0.506623,0.0
2077251258,3,0.608022,-0.470011,-0.391476,0.506106,0.0
2077251268,3,0.606823,-0.472097,-0.392316,0.504952,0.0
2077251278,3,0.605492,-0.474154,-0.393678,0.50356,0.0
2077251288,3,0.604176,-0.47623,-0.395566,0.501698,0.0
2077251298,3,0.603015,-0.478563,-0.397617,0.499248,0.0
2077251308,3,0.601904,-0.48097,-0.399817,0.496511,0.0
2077251318,3,0.600666,-0.483658,-0.401914,0.493699,0.0
2077251328,3,0.599328,-0.486474,-0.403793,0.491017,0.0
2077251338,3,0.598024,-0.489596,-0.405396,0.488175,0.0
2077251348,3,0.596748,-0.492763,-0.406917,0.485276,0.0
2077251359,3,0.594885,-0.495523,-0.40869,0.483259,0.0
2077251369,3,0.591999,-0.49789,-0.410923,0.482476,0.0
2077251379,3,0.588163,-0.499846,-0.413556,0.482895,0.0
2077251389,3,0.583611,-0.501641,-0.416352,0.484152,0.0
2077251399,3,0.578447,-0.503394,-0.419038,0.486208,0.0
2077251409,3,0.57291,-0.505348,-0.421219,0.488845,0.0
2077251419,3,0.567287,-0.507662,-0.422662,0.491752,0.0
2077251429,3,0.561847,-0.510042,-0.423455,0.494842,0.0
2077251439,3,0.559367,-0.510177,-0.426201,0.495155,0.0
2077251449,3,0.557119,-0.509912,-0.428886,0.495644,0.0
2077251459,3,0.555018,-0.509181,-0.431557,0.496434,0.0
2077251469,3,0.55292,-0.50828,-0.434176,0.497413,0.0
2077251479,3,0.547438,-0.509079,-0.434413,0.502427,0.0
2077251489,3,0.542479,-0.509538,-0.434728,0.507048,0.0
2077251500,3,0.538106,-0.509839,-0.434832,0.511298,0.0
2077251510,3,0.534128,-0.509874,-0.43471,0.51552,0.0
2077251520,3,0.530798,-0.509699,-0.434584,0.519225,0.0
2077251530,3,0.528161,-0.508991,-0.434875,0.522357,0.0
2077251540,3,0.526483,-0.508043,-0.435493,0.524454,0.0
2077251550,3,0.52543,-0.507018,-0.436368,0.525773,0.0
2077251560,3,0.524975,-0.50597,-0.437226,0.526524,0.0
2077251570,3,0.525099,-0.505202,-0.437797,0.526664,0.0
2077251580,3,0.525607,-0.504454,-0.438167,0.526566,0.0
2077251590,3,0.526482,-0.50355,-0.43858,0.526213,0.0
2077251600,3,0.527612,-0.502342,-0.439259,0.525668,0.0
2077251610,3,0.528861,-0.500658,-0.440393,0.525071,0.0
2077251620,3,0.530118,-0.498608,-0.441897,0.524491,0.0
2077251631,3,0.531194,-0.496422,-0.443464,0.524154,0.0
2077251641,3,0.532049,-0.494523,-0.444683,0.524047,0.0
2077251651,3,0.533055,-0.493443,-0.445152,0.523645,0.0
2077251661,3,0.53431,-0.492903,-0.445082,0.522934,0.0
2077251671,3,0.535736,-0.49301,-0.444541,0.521832,0.0
2077251681,3,0.537381,-0.493323,-0.443796,0.520478,0.0
2077251691,3,0.538977,-0.493536,-0.443055,0.519256,0.0
2077251701,3,0.540255,-0.493626,-0.442344,0.518447,0.0
2077251711,3,0.541154,-0.493739,-0.441678,0.517969,0.0
2077251721,3,0.542034,-0.494171,-0.440895,0.517305,0.0
2077251731,3,0.542349,-0.494327,-0.440516,0.517147,0.0
2077251741,3,0.542653,-0.494636,-0.439983,0.516987,0.0
2077251751,3,0.542895,-0.494975,-0.43933,0.516964,0.0
2077251762,3,0.543051,-0.496187,-0.437763,0.516968,0.0
2077251772,3,0.542806,-0.497142,-0.436363,0.517491,0.0
2077251782,3,0.542379,-0.498052,-0.434873,0.518318,0.0
2077251792,3,0.541947,-0.498974,-0.433214,0.519272,0.0
2077251802,3,0.54258,-0.499159,-0.431992,0.51945,0.0
2077251812,3,0.543507,-0.49895,-0.430659,0.519789,0.0
2077251822,3,0.544728,-0.49842,-0.429248,0.520185,0.0
2077251832,3,0.546216,-0.4974,-0.427806,0.520789,0.0
2077251842,3,0.547841,-0.496242,-0.42625,0.521462,0.0
2077251852,3,0.548817,-0.495432,-0.424123,0.522939,0.0
2077251862,3,0.549657,-0.494332,-0.422148,0.524692,0.0
2077251872,3,0.55066,-0.49296,-0.420383,0.526346,0.0
2077251882,3,0.551988,-0.491098,-0.418964,0.527824,0.0
2077251893,3,0.553642,-0.48878,-0.418074,0.528948,0.0
2077251903,3,0.555271,-0.486183,-0.417743,0.529895,0.0
2077251913,3,0.55707,-0.485109,-0.416051,0.530323,0.0
2077251923,3,0.55866,-0.482768,-0.415795,0.530986,0.0
2077251933,3,0.560221,-0.480733,-0.415404,0.531494,0.0
2077251943,3,0.561695,-0.47874,-0.41529,0.531826,0.0
2077251953,3,0.56318,-0.476861,-0.415396,0.531861,0.0
2077251963,3,0.564642,-0.475049,-0.415638,0.531744,0.0
2077251973,3,0.566016,-0.473457,-0.415777,0.531594,0.0
2077251983,3,0.567171,-0.472219,-0.415585,0.531615,0.0
2077251993,3,0.568089,-0.471149,-0.415457,0.531683,0.0
2077252003,3,0.568786,-0.470209,-0.415495,0.531741,0.0
2077252013,3,0.568996,-0.468922,-0.415818,0.5324,0.0
2077252023,3,0.568781,-0.467961,-0.416081,0.533268,0.0
2077252034,3,0.568574,-0.467908,-0.415832,0.53373,0.0
2077252044,3,0.568548,-0.468378,-0.415201,0.533837,0.0
2077252054,3,0.5686,-0.469086,-0.414369,0.533806,0.0
2077252064,3,0.568607,-0.470246,-0.413288,0.533615,0.0
2077252074,3,0.568569,-0.471946,-0.411847,0.53327,0.0
2077252084,3,0.568582,-0.473884,-0.409987,0.532971,0.0
2077252094,3,0.568456,-0.47588,-0.407871,0.532949,0.0
2077252104,3,0.568193,-0.477813,-0.405678,0.533174,0.0
2077252114,3,0.567951,-0.479882,-0.40337,0.533325,0.0
2077252124,3,0.567876,-0.481825,-0.401076,0.533384,0.0
2077252134,3,0.56809,-0.483452,-0.398862,0.533342,0.0
2077252144,3,0.568516,-0.484816,-0.39667,0.533286,0.0
2077252154,3,0.568997,-0.48592,-0.39473,0.533208,0.0
2077252165,3,0.569513,-0.486319,-0.393328,0.533329,0.0
2077252175,3,0.570061,-0.486065,-0.392453,0.53362,0.0
2077252185,3,0.570695,-0.48568,-0.39168,0.533861,0.0
2077252195,3,0.571623,-0.485619,-0.390741,0.533611,0.0
2077252205,3,0.572981,-0.485643,-0.389776,0.532838,0.0
2077252215,3,0.574592,-0.485173,-0.389147,0.53199,0.0
2077252225,3,0.576338,-0.484306,-0.388887,0.531081,0.0
2077252235,3,0.577992,-0.48331,-0.38887,0.530203,0.0
2077252245,3,0.57953,-0.482324,-0.388854,0.529433,0.0
2077252255,3,0.580854,-0.481311,-0.388824,0.528925,0.0
2077252265,3,0.582042,-0.480292,-0.388918,0.528477,0.0
2077252275,3,0.583217,-0.47956,-0.389099,0.527712,0.0
2077252285,3,0.584372,-0.478854,-0.389513,0.52677,0.0
2077252296,3,0.585524,-0.478154,-0.390066,0.525715,0.0
2077252306,3,0.586693,-0.477545,-0.390654,0.524529,0.0
2077252316,3,0.587591,-0.476997,-0.391201,0.523613,0.0
2077252326,3,0.588281,-0.476682,-0.391438,0.522947,0.0
2077252336,3,0.588892,-0.476513,-0.391616,0.522281,0.0
2077252346,3,0.589544,-0.476983,-0.39117,0.521449,0.0
2077252356,3,0.590246,-0.477576,-0.390628,0.520517,0.0
2077252366,3,0.590989,-0.478091,-0.389996,0.519675,0.0
2077252376,3,0.591741,-0.478632,-0.38928,0.518858,0.0
2077252386,3,0.592414,-0.479141,-0.388571,0.518151,0.0
2077252396,3,0.593067,-0.479344,-0.388142,0.517537,0.0
2077252406,3,0.593193,-0.479199,-0.388084,0.517571,0.0
2077252416,3,0.593033,-0.478909,-0.388072,0.518031,0.0
2077252426,3,0.592693,-0.478583,-0.388025,0.518757,0.0
2077252437,3,0.592227,-0.478204,-0.38822,0.519492,0.0
2077252447,3,0.591614,-0.477421,-0.388953,0.520361,0.0
2077252457,3,0.590804,-0.476731,-0.389751,0.521316,0.0
2077252467,3,0.589962,-0.476441,-0.390239,0.522169,0.0
2077252477,3,0.589288,-0.476692,-0.390057,0.522836,0.0
2077252487,3,0.58888,-0.477426,-0.388999,0.523415,0.0
2077252497,3,0.588951,-0.478327,-0.387303,0.52377,0.0
2077252507,3,0.589004,-0.478915,-0.385697,0.524358,0.0
2077252517,3,0.589586,-0.478556,-0.385095,0.524474,0.0
2077252527,3,0.59016,-0.478112,-0.384493,0.524675,0.0
2077252537,3,0.590659,-0.477679,-0.383885,0.524953,0.0
2077252547,3,0.590991,-0.477346,-0.383257,0.52534,0.0
2077252557,3,0.591165,-0.477368,-0.38255,0.525639,0.0
2077252568,3,0.58999,-0.476644,-0.382674,0.527523,0.0
2077252578,3,0.588845,-0.476199,-0.382502,0.529326,0.0
2077252588,3,0.587812,-0.475944,-0.382108,0.530985,0.0
2077252598,3,0.586648,-0.475613,-0.381702,0.532858,0.0
2077252608,3,0.58675,-0.475488,-0.381044,0.533328,0.0
2077252618,3,0.586918,-0.4752,-0.380417,0.533848,0.0
2077252628,3,0.587143,-0.474582,-0.379822,0.534572,0.0
2077252638,3,0.587456,-0.473675,-0.379234,0.535451,0.0
2077252648,3,0.587877,-0.472666,-0.378654,0.53629,0.0
2077252658,3,0.588441,-0.471559,-0.378029,0.537086,0.0
2077252668,3,0.587184,-0.470193,-0.377513,0.540014,0.0
2077252678,3,0.58827,-0.46924,-0.376662,0.540255,0.0
2077252688,3,0.589597,-0.468401,-0.37561,0.54027,0.0
2077252699,3,0.590977,-0.46753,-0.374517,0.540275,0.0
2077252709,3,0.592611,-0.466818,-0.372959,0.540178,0.0
2077252719,3,0.594162,-0.46544,-0.372013,0.540316,0.0
2077252729,3,0.595696,-0.463876,-0.371208,0.540526,0.0
2077252739,3,0.597091,-0.462393,-0.370501,0.540742,0.0
2077252749,3,0.598272,-0.461467,-0.369817,0.540696,0.0
2077252759,3,0.599088,-0.461055,-0.369171,0.540586,0.0
2077252769,3,0.599393,-0.460998,-0.368673,0.540636,0.0
2077252779,3,0.599428,-0.461084,-0.368075,0.540931,0.0
2077252789,3,0.599706,-0.460982,-0.367053,0.541404,0.0
2077252799,3,0.600643,-0.460402,-0.36573,0.541754,0.0
2077252809,3,0.602221,-0.459272,-0.364488,0.541799,0.0
2077252819,3,0.604152,-0.457661,-0.363353,0.541775,0.0
2077252830,3,0.606109,-0.455698,-0.362313,0.54194,0.0
2077252840,3,0.60954,-0.454587,-0.360627,0.540146,0.0
2077252850,3,0.611079,-0.453049,-0.359788,0.540259,0.0
2077252860,3,0.612246,-0.451864,-0.359151,0.540354,0.0
2077252870,3,0.613601,-0.448421,-0.361409,0.54018,0.0
2077252880,3,0.614588,-0.447907,-0.360244,0.540262,0.0
2077252890,3,0.616048,-0.447593,-0.358628,0.539935,0.0
2077252900,3,0.618007,-0.447305,-0.357063,0.538972,0.0
2077252910,3,0.620292,-0.446618,-0.355921,0.53767,0.0
2077252920,3,0.622493,-0.44547,-0.355119,0.536608,0.0
2077252930,3,0.624251,-0.444144,-0.35453,0.536053,0.0
2077252940,3,0.625668,-0.443004,-0.354027,0.535678,0.0
2077252950,3,0.626991,-0.441773,-0.353645,0.535398,0.0
2077252960,3,0.627787,-0.439751,-0.354142,0.535802,0.0
2077252971,3,0.629369,-0.438263,-0.353751,0.535424,0.0
2077252981,3,0.631235,-0.437145,-0.352889,0.534709,0.0
2077252991,3,0.633141,-0.435921,-0.352225,0.533893,0.0
2077253001,3,0.634799,-0.434244,-0.352118,0.533361,0.0
2077253011,3,0.635745,-0.432628,-0.352305,0.533423,0.0
2077253021,3,0.636244,-0.431338,-0.352531,0.533723,0.0
2077253031,3,0.637358,-0.431457,-0.35157,0.532933,0.0
2077253041,3,0.63837,-0.431642,-0.350796,0.53208,0.0
2077253051,3,0.63923,-0.431894,-0.350167,0.531257,0.0
2077253061,3,0.639152,-0.43024,-0.352205,0.531346,0.0
2077253071,3,0.638831,-0.429003,-0.353896,0.531608,0.0
2077253081,3,0.638304,-0.428338,-0.354931,0.532087,0.0
2077253091,3,0.637674,-0.428511,-0.355054,0.532621,0.0
2077253102,3,0.637369,-0.428818,-0.354861,0.532867,0.0
2077253112,3,0.637225,-0.429208,-0.354614,0.53289,0.0
2077253122,3,0.637322,-0.429981,-0.353857,0.532654,0.0
2077253132,3,0.637584,-0.430832,-0.352887,0.532297,0.0
2077253142,3,0.638565,-0.431512,-0.352038,0.531131,0.0
2077253152,3,0.638982,-0.432676,-0.350459,0.530727,0.0
2077253162,3,0.638881,-0.433084,-0.349696,0.531018,0.0
2077253172,3,0.638436,-0.432804,-0.349713,0.53177,0.0
2077253182,3,0.637953,-0.432277,-0.350087,0.532532,0.0
2077253192,3,0.637596,-0.431808,-0.350483,0.533079,0.0
2077253202,3,0.637398,-0.431345,-0.350853,0.533447,0.0
2077253212,3,0.637295,-0.43112,-0.351031,0.533634,0.0
2077253222,3,0.637198,-0.430887,-0.35125,0.533795,0.0
2077253233,3,0.637047,-0.430474,-0.351635,0.534054,0.0
2077253243,3,0.636885,-0.430194,-0.351854,0.534328,0.0
2077253253,3,0.636965,-0.430076,-0.351777,0.534379,0.0
2077253263,3,0.637099,-0.430003,-0.351582,0.534406,0.0
2077253273,3,0.637136,-0.430037,-0.351493,0.534394,0.0
2077253283,3,0.637843,-0.430406,-0.351174,0.533461,0.0
2077253293,3,0.638481,-0.430834,-0.350886,0.532543,0.0
2077253303,3,0.639009,-0.431088,-0.350706,0.531822,0.0
2077253313,3,0.639457,-0.431373,-0.350607,0.531117,0.0
2077253323,3,0.639075,-0.431883,-0.350437,0.531275,0.0
2077253333,3,0.63841,-0.432294,-0.350518,0.531685,0.0
2077253343,3,0.637328,-0.432468,-0.351134,0.532435,0.0
2077253353,3,0.636206,-0.432641,-0.352066,0.533021,0.0
2077253364,3,0.636197,-0.433584,-0.352174,0.532194,0.0
2077253374,3,0.636224,-0.434433,-0.352277,0.5314,0.0
2077253384,3,0.635792,-0.435273,-0.352199,0.531282,0.0
2077253394,3,0.63482,-0.435526,-0.352885,0.53178,0.0
2077253404,3,0.633339,-0.43537,-0.354234,0.532777,0.0
2077253414,3,0.631767,-0.435227,-0.355743,0.533752,0.0
2077253424,3,0.631721,-0.436196,-0.356093,0.532784,0.0
2077253434,3,0.631684,-0.437068,-0.356425,0.531889,0.0
2077253444,3,0.630976,-0.43774,-0.356824,0.531909,0.0
2077253454,3,0.630044,-0.438249,-0.357348,0.532244,0.0
2077253464,3,0.629016,-0.438631,-0.357968,0.532728,0.0
2077253474,3,0.627993,-0.439328,-0.358297,0.533139,0.0
2077253484,3,0.627152,-0.440258,-0.358437,0.533267,0.0
2077253494,3,0.626414,-0.441201,-0.358752,0.533144,0.0
2077253505,3,0.62551,-0.441999,-0.359264,0.533199,0.0
2077253515,3,0.62416,-0.442571,-0.360148,0.53371,0.0
2077253525,3,0.622626,-0.442889,-0.36156,0.534283,0.0
2077253535,3,0.621081,-0.443238,-0.362997,0.534818,0.0
2077253545,3,0.619934,-0.443919,-0.363942,0.534942,0.0
2077253555,3,0.619285,-0.445228,-0.364131,0.534476,0.0
2077253565,3,0.618872,-0.446366,-0.364397,0.533824,0.0
2077253575,3,0.617928,-0.447068,-0.365208,0.533775,0.0
2077253585,3,0.616752,-0.447167,-0.366737,0.534004,0.0
2077253595,3,0.615724,-0.447522,-0.367917,0.534082,0.0
2077253605,3,0.615077,-0.448388,-0.368197,0.533908,0.0
2077253615,3,0.614944,-0.449337,-0.368028,0.533379,0.0
2077253625,3,0.614454,-0.450072,-0.368053,0.533307,0.0
2077253636,3,0.613555,-0.450619,-0.368443,0.53361,0.0
2077253646,3,0.612468,-0.450937,-0.369252,0.534032,0.0
2077253656,3,0.611453,-0.451517,-0.369917,0.534245,0.0
2077253666,3,0.610412,-0.452069,-0.370641,0.534467,0.0
2077253676,3,0.610097,-0.45282,-0.371245,0.53377,0.0
2077253686,3,0.609724,-0.453473,-0.371892,0.533192,0.0
2077253696,3,0.60918,-0.453922,-0.372679,0.532882,0.0
2077253706,3,0.607951,-0.454484,-0.373395,0.533306,0.0
2077253716,3,0.606299,-0.454739,-0.374557,0.534153,0.0
2077253726,3,0.604595,-0.455065,-0.375777,0.534949,0.0
2077253736,3,0.603243,-0.455895,-0.376558,0.53522,0.0
2077253746,3,0.602277,-0.456966,-0.377134,0.534988,0.0
2077253756,3,0.601451,-0.458208,-0.3777,0.534456,0.0
2077253767,3,0.600594,-0.459661,-0.378101,0.533888,0.0
2077253777,3,0.599842,-0.46112,-0.378458,0.533222,0.0
2077253787,3,0.599163,-0.462525,-0.378867,0.532478,0.0
2077253797,3,0.598394,-0.46396,-0.379282,0.531798,0.0
2077253807,3,0.597603,-0.465234,-0.379853,0.531167,0.0
2077253817,3,0.596995,-0.466482,-0.380457,0.530322,0.0
2077253827,3,0.596413,-0.467785,-0.381002,0.529438,0.0
2077253837,3,0.595792,-0.469032,-0.38162,0.528588,0.0
2077253847,3,0.594265,-0.469422,-0.383142,0.528859,0.0
2077253857,3,0.593099,-0.470594,-0.383824,0.528632,0.0
2077253867,3,0.592363,-0.472439,-0.383561,0.528003,0.0
2077253877,3,0.591566,-0.473986,-0.383437,0.527599,0.0
2077253887,3,0.590005,-0.475047,-0.383865,0.528081,0.0
2077253897,3,0.588203,-0.475718,-0.384802,0.528805,0.0
2077253908,3,0.587549,-0.476954,-0.385419,0.527969,0.0
2077253918,3,0.586721,-0.478975,-0.385159,0.52725,0.0
2077253928,3,0.586285,-0.481157,-0.384483,0.526241,0.0
2077253938,3,0.585391,-0.482891,-0.384215,0.525842,0.0
2077253948,3,0.584573,-0.484037,-0.38472,0.52533,0.0
2077253958,3,0.583692,-0.485172,-0.385377,0.52478,0.0
2077253968,3,0.582982,-0.48667,-0.385612,0.524009,0.0
2077253978,3,0.582522,-0.48854,-0.385183,0.523096,0.0
2077253988,3,0.582177,-0.490181,-0.384898,0.522153,0.0
2077253998,3,0.58164,-0.491498,-0.385079,0.521379,0.0
2077254008,3,0.580646,-0.492194,-0.386078,0.521092,0.0
2077254018,3,0.579549,-0.492716,-0.387341,0.520882,0.0
2077254028,3,0.578806,-0.49413,-0.387635,0.520151,0.0
2077254039,3,0.578155,-0.495845,-0.387685,0.519204,0.0
2077254049,3,0.577186,-0.497531,-0.387615,0.518722,0.0
2077254059,3,0.576214,-0.498806,-0.387945,0.51833,0.0
2077254069,3,0.575149,-0.499903,-0.388517,0.518027,0.0
2077254079,3,0.574375,-0.501306,-0.388758,0.517349,0.0
2077254089,3,0.57371,-0.502653,-0.388877,0.516691,0.0
2077254099,3,0.573161,-0.504542,-0.388062,0.516072,0.0
2077254109,3,0.57246,-0.506291,-0.38724,0.515755,0.0
2077254119,3,0.571719,-0.507824,-0.386661,0.515503,0.0
2077254129,3,0.570745,-0.508765,-0.386654,0.51566,0.0
2077254139,3,0.569717,-0.509674,-0.386582,0.515952,0.0
2077254149,3,0.568968,-0.511007,-0.385939,0.515942,0.0
2077254159,3,0.568562,-0.512252,-0.385314,0.515622,0.0
2077254170,3,0.568125,-0.513165,-0.385058,0.515388,0.0
2077254180,3,0.567348,-0.513488,-0.385398,0.515667,0.0
2077254190,3,0.566401,-0.513771,-0.385787,0.516135,0.0
2077254200,3,0.565541,-0.51434,-0.38574,0.516547,0.0
2077254210,3,0.565026,-0.515244,-0.385044,0.516729,0.0
2077254220,3,0.564657,-0.516082,-0.384149,0.516961,0.0
2077254230,3,0.564395,-0.516908,-0.383057,0.517232,0.0
2077254240,3,0.564305,-0.517792,-0.381853,0.517337,0.0
2077254250,3,0.564212,-0.518261,-0.380862,0.517699,0.0
2077254260,3,0.564163,-0.518507,-0.379965,0.518166,0.0
2077254270,3,0.564157,-0.518632,-0.379168,0.51863,0.0
2077254280,3,0.56433,-0.518839,-0.37832,0.518854,0.0
2077254290,3,0.564606,-0.518913,-0.377483,0.519089,0.0
2077254301,3,0.565007,-0.518844,-0.376782,0.519231,0.0
2077254311,3,0.565282,-0.518444,-0.37652,0.519522,0.0
2077254321,3,0.565294,-0.517369,-0.376907,0.5203,0.0
2077254331,3,0.56533,-0.516189,-0.377543,0.520972,0.0
2077254341,3,0.565717,-0.515313,-0.378009,0.52108,0.0
2077254351,3,0.566354,-0.514712,-0.378268,0.520794,0.0
2077254361,3,0.566948,-0.514094,-0.37857,0.520538,0.0
2077254371,3,0.567369,-0.513526,-0.378882,0.520413,0.0
2077254381,3,0.567867,-0.513084,-0.37916,0.520104,0.0
2077254391,3,0.568461,-0.512829,-0.379342,0.519574,0.0
2077254401,3,0.56896,-0.51271,-0.379402,0.5191,0.0
2077254411,3,0.569276,-0.512414,-0.379736,0.518802,0.0
2077254421,3,0.56941,-0.512149,-0.380132,0.518626,0.0
2077254431,3,0.569596,-0.51227,-0.380323,0.518162,0.0
2077254442,3,0.569823,-0.512395,-0.380589,0.517593,0.0
2077254452,3,0.569884,-0.512324,-0.381037,0.517267,0.0
2077254462,3,0.569859,-0.512406,-0.381316,0.517007,0.0
2077254472,3,0.569944,-0.51269,-0.381456,0.516529,0.0
2077254482,3,0.570052,-0.512883,-0.38176,0.515994,0.0
2077254492,3,0.569857,-0.512709,-0.382456,0.515867,0.0
2077254502,3,0.569374,-0.512211,-0.383606,0.516041,0.0
2077254512,3,0.568678,-0.511804,-0.38496,0.516203,0.0
2077254522,3,0.567841,-0.511587,-0.386151,0.51645,0.0
2077254532,3,0.567081,-0.511496,-0.387224,0.516573,0.0
2077254542,3,0.566488,-0.511627,-0.388135,0.516409,0.0
2077254552,3,0.566039,-0.512167,-0.388739,0.515911,0.0
2077254562,3,0.565712,-0.513018,-0.389074,0.515171,0.0
2077254573,3,0.565367,-0.513867,-0.389451,0.514419,0.0
2077254583,3,0.564772,-0.514638,-0.389976,0.513903,0.0
2077254593,3,0.563967,-0.515471,-0.390577,0.513497,0.0
2077254603,3,0.56309,-0.51601,-0.391545,0.51318,0.0
2077254613,3,0.562194,-0.516552,-0.392606,0.512807,0.0
2077254623,3,0.561458,-0.5175,-0.393278,0.512141,0.0
2077254633,3,0.560673,-0.518529,-0.393831,0.511536,0.0
2077254643,3,0.559916,-0.519457,-0.394553,0.510867,0.0
2077254653,3,0.558804,-0.520153,-0.395507,0.510639,0.0
2077254663,3,0.557616,-0.52102,-0.396275,0.510458,0.0
2077254673,3,0.556683,-0.522117,-0.396807,0.509941,0.0
2077254683,3,0.555973,-0.523399,-0.397032,0.509226,0.0
2077254693,3,0.555474,-0.524771,-0.397086,0.508316,0.0
2077254704,3,0.555082,-0.525921,-0.397229,0.507442,0.0
2077254714,3,0.554653,-0.527218,-0.397228,0.506566,0.0
2077254724,3,0.554179,-0.528454,-0.397241,0.505786,0.0
2077254734,3,0.553667,-0.529457,-0.397452,0.505132,0.0
2077254744,3,0.553189,-0.530648,-0.39743,0.504423,0.0
2077254754,3,0.552824,-0.53198,-0.397286,0.503533,0.0
2077254764,3,0.552419,-0.532826,-0.3976,0.502835,0.0
2077254774,3,0.551882,-0.533337,-0.39824,0.502375,0.0
2077254784,3,0.55124,-0.533795,-0.398985,0.502003,0.0
2077254794,3,0.550532,-0.53464,-0.399401,0.501549,0.0
2077254804,3,0.549773,-0.535569,-0.399538,0.501281,0.0
2077254814,3,0.549006,-0.536543,-0.399399,0.501191,0.0
2077254824,3,0.548436,-0.537726,-0.398965,0.500892,0.0
2077254835,3,0.548053,-0.53888,-0.398435,0.500493,0.0
2077254845,3,0.547743,-0.539921,-0.397778,0.500234,0.0
2077254855,3,0.547426,-0.540764,-0.397086,0.50022,0.0
2077254865,3,0.547002,-0.541401,-0.396443,0.500504,0.0
2077254875,3,0.546563,-0.542114,-0.395552,0.500917,0.0
2077254885,3,0.54638,-0.542935,-0.394358,0.501169,0.0
2077254895,3,0.546545,-0.543591,-0.393221,0.501171,0.0
2077254905,3,0.546924,-0.543764,-0.392524,0.501117,0.0
2077254915,3,0.547294,-0.54377,-0.392018,0.501102,0.0
2077254925,3,0.547739,-0.543622,-0.391567,0.50113,0.0
2077254935,3,0.548141,-0.543231,-0.391246,0.501364,0.0
2077254945,3,0.548525,-0.542725,-0.391008,0.501678,0.0
2077254955,3,0.549038,-0.542194,-0.390792,0.50186,0.0
2077254965,3,0.549858,-0.54167,-0.390501,0.501753,0.0
2077254976,3,0.550847,-0.54094,-0.390343,0.50158,0.0
2077254986,3,0.551927,-0.540307,-0.390222,0.501169,0.0
2077254996,3,0.552917,-0.539631,-0.390314,0.500734,0.0
2077255006,3,0.553664,-0.538487,-0.390878,0.5007,0.0
2077255016,3,0.554076,-0.537212,-0.391555,0.501084,0.0
2077255026,3,0.554571,-0.536383,-0.391771,0.501256,0.0
2077255036,3,0.555256,-0.53598,-0.391436,0.50119,0.0
2077255046,3,0.556012,-0.53531,-0.391258,0.501208,0.0
2077255056,3,0.556834,-0.534533,-0.391199,0.501171,0.0
2077255066,3,0.557745,-0.533301,-0.391554,0.501193,0.0
2077255076,3,0.558687,-0.532211,-0.391834,0.501083,0.0
2077255086,3,0.559581,-0.531323,-0.391895,0.50098,0.0
2077255096,3,0.560436,-0.530342,-0.392005,0.500979,0.0
2077255107,3,0.561061,-0.52909,-0.392392,0.5013,0.0
2077255117,3,0.561675,-0.528043,-0.392601,0.501551,0.0
2077255127,3,0.562648,-0.527159,-0.392673,0.501334,0.0
2077255137,3,0.563671,-0.526324,-0.392759,0.500996,0.0
2077255147,3,0.564293,-0.525366,-0.393175,0.500975,0.0
2077255157,3,0.564735,-0.524309,-0.393871,0.501036,0.0
2077255167,3,0.565068,-0.522877,-0.394923,0.50133,0.0
2077255177,3,0.565374,-0.521667,-0.395832,0.501529,0.0
2077255187,3,0.565964,-0.521839,-0.395195,0.501187,0.0
2077255197,3,0.566687,-0.521926,-0.394702,0.500667,0.0
2077255207,3,0.567553,-0.521965,-0.394132,0.500094,0.0
2077255217,3,0.568091,-0.521425,-0.394173,0.500014,0.0
2077255227,3,0.568449,-0.520623,-0.394611,0.500098,0.0
2077255238,3,0.568682,-0.51948,-0.395622,0.500223,0.0
2077255248,3,0.5687,-0.518365,-0.39664,0.500553,0.0
2077255258,3,0.568779,-0.51778,-0.396965,0.50081,0.0
2077255268,3,0.569066,-0.517557,-0.396751,0.500886,0.0
2077255278,3,0.56945,-0.517625,-0.39628,0.500751,0.0
2077255288,3,0.569774,-0.517395,-0.39618,0.500699,0.0
2077255298,3,0.569899,-0.516641,-0.39668,0.50094,0.0
2077255308,3,0.569744,-0.515904,-0.397419,0.50129,0.0
2077255318,3,0.569551,-0.515749,-0.397721,0.501428,0.0
2077255328,3,0.569576,-0.515876,-0.39766,0.501319,0.0
2077255338,3,0.569728,-0.515737,-0.397699,0.501258,0.0
2077255348,3,0.569879,-0.515251,-0.398132,0.501242,0.0
2077255358,3,0.569769,-0.514733,-0.398758,0.501401,0.0
2077255368,3,0.569454,-0.514338,-0.399198,0.501813,0.0
2077255379,3,0.569187,-0.513946,-0.399437,0.502328,0.0
2077255389,3,0.569098,-0.513715,-0.399655,0.502492,0.0
2077255399,3,0.569083,-0.513581,-0.399905,0.502447,0.0
2077255409,3,0.568907,-0.513023,-0.400682,0.502597,0.0
2077255419,3,0.568473,-0.512235,-0.401737,0.50305,0.0
2077255429,3,0.568008,-0.511754,-0.402491,0.503462,0.0
2077255439,3,0.567597,-0.511738,-0.40278,0.50371,0.0
2077255449,3,0.567302,-0.511894,-0.402922,0.50377,0.0
2077255459,3,0.566931,-0.511864,-0.403453,0.503794,0.0
2077255469,3,0.56655,-0.511849,-0.404078,0.503738,0.0
2077255479,3,0.566179,-0.51188,-0.4046,0.503703,0.0
2077255489,3,0.565835,-0.511985,-0.405037,0.503632,0.0
2077255499,3,0.56528,-0.511701,-0.405758,0.503964,0.0
2077255510,3,0.564718,-0.511323,-0.406613,0.504288,0.0
2077255520,3,0.564308,-0.511353,-0.40719,0.50425,0.0
2077255530,3,0.563962,-0.511651,-0.40746,0.504117,0.0
2077255540,3,0.563706,-0.511937,-0.407683,0.503934,0.0
2077255550,3,0.56327,-0.511738,-0.408363,0.504072,0.0
2077255560,3,0.562684,-0.511686,-0.409136,0.504153,0.0
2077255570,3,0.561985,-0.511828,-0.409875,0.504188,0.0
2077255580,3,0.561167,-0.511886,-0.410629,0.504427,0.0
2077255590,3,0.560254,-0.512037,-0.411303,0.504739,0.0
2077255600,3,0.55953,-0.512279,-0.411837,0.504861,0.0
2077255610,3,0.558942,-0.51273,-0.412024,0.504903,0.0
2077255620,3,0.558642,-0.513687,-0.411583,0.504621,0.0
2077255630,3,0.558337,-0.514508,-0.411288,0.504363,0.0
2077255641,3,0.557713,-0.514739,-0.411463,0.504675,0.0
2077255651,3,0.556864,-0.514372,-0.41207,0.50549,0.0
2077255661,3,0.556117,-0.514296,-0.412331,0.506177,0.0
2077255671,3,0.555545,-0.514548,-0.412197,0.506658,0.0
2077255681,3,0.555203,-0.514955,-0.411687,0.507033,0.0
2077255691,3,0.55502,-0.515288,-0.411075,0.507391,0.0
2077255701,3,0.554969,-0.515563,-0.410591,0.507561,0.0
2077255711,3,0.554984,-0.515953,-0.410079,0.507561,0.0
2077255721,3,0.555032,-0.516277,-0.409576,0.507586,0.0
2077255731,3,0.555054,-0.516213,-0.409393,0.507775,0.0
2077255741,3,0.554953,-0.516008,-0.409351,0.508126,0.0
2077255751,3,0.554857,-0.515989,-0.409202,0.508371,0.0
2077255761,3,0.554961,-0.515926,-0.409093,0.508409,0.0
2077255772,3,0.555127,-0.515882,-0.408963,0.508377,0.0
2077255782,3,0.555377,-0.516013,-0.408722,0.508165,0.0
2077255792,3,0.555615,-0.516003,-0.408652,0.507972,0.0
2077255802,3,0.555735,-0.515816,-0.40875,0.507951,0.0
2077255812,3,0.55567,-0.515393,-0.409065,0.508198,0.0
2077255822,3,0.555662,-0.514881,-0.40949,0.508383,0.0
2077255832,3,0.555738,-0.514557,-0.409917,0.508283,0.0
2077255842,3,0.555732,-0.514008,-0.410571,0.508319,0.0
2077255852,3,0.555538,-0.513269,-0.411365,0.508635,0.0
2077255862,3,0.555419,-0.512894,-0.41189,0.508718,0.0
2077255872,3,0.555459,-0.512765,-0.41225,0.508513,0.0
2077255882,3,0.555574,-0.512596,-0.412684,0.508206,0.0
2077255892,3,0.555553,-0.512182,-0.413399,0.508064,0.0
2077255902,3,0.55534,-0.511683,-0.41432,0.50805,0.0
2077255913,3,0.55506,-0.511579,-0.415068,0.50785,0.0
2077255923,3,0.554841,-0.51161,-0.41565,0.507583,0.0
2077255933,3,0.554678,-0.511881,-0.415864,0.507313,0.0
2077255943,3,0.554564,-0.512053,-0.416181,0.507003,0.0
2077255953,3,0.554329,-0.512183,-0.416753,0.506659,0.0
2077255963,3,0.553886,-0.512245,-0.417599,0.506384,0.0
2077255973,3,0.553357,-0.512354,-0.418404,0.506187,0.0
2077255983,3,0.552831,-0.512776,-0.418839,0.505975,0.0
2077255993,3,0.552276,-0.513501,-0.418934,0.505767,0.0
2077256003,3,0.551545,-0.513791,-0.419367,0.505911,0.0
2077256013,3,0.550566,-0.513912,-0.42002,0.506313,0.0
2077256023,3,0.549588,-0.514164,-0.420536,0.506691,0.0
2077256033,3,0.548698,-0.514748,-0.420627,0.506987,0.0
2077256044,3,0.547969,-0.515739,-0.420246,0.507086,0.0
2077256054,3,0.547327,-0.516442,-0.420113,0.507173,0.0
2077256064,3,0.546696,-0.516867,-0.420385,0.507194,0.0
2077256074,3,0.5459,-0.517176,-0.420856,0.507346,0.0
2077256084,3,0.54508,-0.51739,-0.421122,0.507788,0.0
2077256094,3,0.544283,-0.517625,-0.421176,0.508359,0.0
2077256104,3,0.543583,-0.518093,-0.420956,0.508814,0.0
2077256114,3,0.542991,-0.518736,-0.420589,0.509094,0.0
2077256124,3,0.542556,-0.519379,-0.420241,0.509189,0.0
2077256134,3,0.542209,-0.519843,-0.420111,0.509192,0.0
2077256144,3,0.541898,-0.52026,-0.420116,0.509095,0.0
2077256154,3,0.541626,-0.520571,-0.420234,0.508968,0.0
2077256164,3,0.541174,-0.520775,-0.420491,0.509028,0.0
2077256175,3,0.540496,-0.521015,-0.420803,0.509245,0.0
2077256185,3,0.539878,-0.521489,-0.420939,0.509302,0.0
2077256195,3,0.539385,-0.522531,-0.42069,0.508963,0.0
2077256205,3,0.538919,-0.523456,-0.420467,0.508689,0.0
2077256215,3,0.538367,-0.523927,-0.420591,0.508687,0.0
2077256225,3,0.537766,-0.524591,-0.420577,0.50865,0.0
2077256235,3,0.537391,-0.525436,-0.420318,0.508388,0.0
2077256245,3,0.537035,-0.52589,-0.420232,0.508367,0.0
2077256255,3,0.536594,-0.525914,-0.420455,0.508623,0.0
2077256265,3,0.536011,-0.525618,-0.421001,0.509092,0.0
2077256275,3,0.535314,-0.525513,-0.421468,0.509546,0.0
2077256285,3,0.534948,-0.525729,-0.421609,0.509591,0.0
2077256295,3,0.534606,-0.525817,-0.421714,0.509773,0.0
2077256305,3,0.534237,-0.525975,-0.421784,0.509939,0.0
2077256316,3,0.53369,-0.526572,-0.421376,0.510233,0.0
2077256326,3,0.532997,-0.527066,-0.421159,0.510626,0.0
2077256336,3,0.532552,-0.527358,-0.421221,0.510737,0.0
2077256346,3,0.532085,-0.527309,-0.421638,0.510931,0.0
2077256356,3,0.532194,-0.527782,-0.421446,0.510486,0.0
2077256366,3,0.532351,-0.528153,-0.421127,0.510202,0.0
2077256376,3,0.533574,-0.529617,-0.419313,0.5089,0.0
2077256386,3,0.534558,-0.530279,-0.418137,0.508145,0.0
2077256396,3,0.534746,-0.530186,-0.417991,0.508164,0.0
2077256406,3,0.534886,-0.530154,-0.417935,0.508096,0.0
2077256416,3,0.534597,-0.52902,-0.419289,0.508467,0.0
2077256426,3,0.534701,-0.528763,-0.419876,0.508141,0.0
2077256436,3,0.53507,-0.529457,-0.419411,0.507413,0.0
2077256447,3,0.535636,-0.530514,-0.418372,0.506569,0.0
2077256457,3,0.535512,-0.53081,-0.418012,0.506687,0.0
2077256467,3,0.53475,-0.530456,-0.418428,0.507518,0.0
2077256477,3,0.534362,-0.530604,-0.418373,0.507818,0.0
2077256487,3,0.534175,-0.530656,-0.418106,0.50818,0.0
2077256497,3,0.534311,-0.530382,-0.41768,0.508672,0.0
2077256507,3,0.534675,-0.531519,-0.415134,0.509188,0.0
2077256517,3,0.535333,-0.532174,-0.412978,0.509565,0.0
2077256527,3,0.535974,-0.531085,-0.412662,0.510284,0.0
2077256537,3,0.537473,-0.530357,-0.411855,0.510115,0.0
2077256547,3,0.538903,-0.529557,-0.411256,0.509922,0.0
2077256557,3,0.540208,-0.529043,-0.410259,0.509876,0.0
2077256567,3,0.541564,-0.528581,-0.408894,0.510015,0.0
2077256578,3,0.543092,-0.528395,-0.407299,0.509859,0.0
2077256588,3,0.544958,-0.528198,-0.406089,0.509035,0.0
2077256598,3,0.545837,-0.527895,-0.405238,0.509086,0.0
2077256608,3,0.54647,-0.52768,-0.404528,0.509195,0.0
2077256618,3,0.547305,-0.525614,-0.406284,0.509037,0.0
2077256628,3,0.547718,-0.524244,-0.407575,0.508974,0.0
2077256638,3,0.548134,-0.523732,-0.407947,0.508754,0.0
2077256648,3,0.548749,-0.523697,-0.407688,0.508335,0.0
2077256658,3,0.549521,-0.523329,-0.407654,0.507906,0.0
2077256668,3,0.550001,-0.522535,-0.408186,0.507778,0.0
2077256678,3,0.550207,-0.522041,-0.408574,0.50775,0.0
2077256688,3,0.550554,-0.522016,-0.408473,0.507482,0.0
2077256698,3,0.551027,-0.522014,-0.408202,0.507188,0.0
2077256709,3,0.551386,-0.521824,-0.408098,0.507077,0.0
2077256719,3,0.551778,-0.521434,-0.408397,0.506812,0.0
2077256729,3,0.552146,-0.521059,-0.408759,0.506504,0.0
2077256739,3,0.55263,-0.520843,-0.408721,0.506228,0.0
2077256749,3,0.553435,-0.520629,-0.408703,0.505584,0.0
2077256759,3,0.55412,-0.520375,-0.408931,0.50491,0.0
2077256769,3,0.554509,-0.520038,-0.409536,0.50434,0.0
2077256779,3,0.554636,-0.519511,-0.410541,0.503926,0.0
2077256789,3,0.554474,-0.519289,-0.411362,0.503663,0.0
2077256799,3,0.554243,-0.519642,-0.411672,0.503301,0.0
2077256809,3,0.554118,-0.52,-0.411986,0.502812,0.0
2077256819,3,0.553682,-0.519994,-0.412595,0.502797,0.0
2077256829,3,0.553311,-0.520407,-0.41279,0.50262,0.0
2077256839,3,0.553057,-0.521436,-0.412496,0.502073,0.0
2077256850,3,0.552784,-0.522332,-0.412127,0.501746,0.0
2077256860,3,0.552189,-0.52286,-0.412025,0.501934,0.0
2077256870,3,0.551487,-0.523079,-0.412266,0.50228,0.0
2077256880,3,0.551358,-0.523454,-0.412294,0.502007,0.0
2077256890,3,0.551327,-0.52366,-0.41227,0.501847,0.0
2077256900,3,0.55126,-0.524083,-0.411646,0.501991,0.0
2077256910,3,0.551465,-0.524248,-0.411265,0.501906,0.0
2077256920,3,0.551667,-0.524165,-0.411236,0.501794,0.0
2077256930,3,0.551841,-0.523668,-0.411536,0.501876,0.0
2077256940,3,0.552005,-0.522776,-0.412263,0.50203,0.0
2077256950,3,0.55225,-0.522261,-0.412806,0.501849,0.0
2077256960,3,0.552514,-0.522015,-0.412928,0.501714,0.0
2077256970,3,0.552902,-0.52181,-0.412748,0.501648,0.0
2077256981,3,0.55329,-0.522038,-0.412187,0.501444,0.0
2077256991,3,0.553396,-0.522252,-0.411796,0.501426,0.0
2077257001,3,0.55317,-0.521997,-0.412014,0.501762,0.0
2077257011,3,0.552592,-0.521303,-0.412788,0.502483,0.0
2077257021,3,0.551783,-0.520863,-0.413396,0.503327,0.0
2077257031,3,0.551275,-0.521063,-0.413362,0.503706,0.0
2077257041,3,0.551007,-0.521484,-0.412836,0.503994,0.0
2077257051,3,0.550947,-0.521925,-0.412018,0.504273,0.0
2077257061,3,0.551056,-0.521737,-0.411584,0.504702,0.0
2077257071,3,0.551155,-0.521111,-0.411399,0.505391,0.0
2077257081,3,0.551295,-0.520379,-0.411258,0.506107,0.0
2077257091,3,0.551527,-0.519576,-0.411207,0.506721,0.0
2077257101,3,0.551895,-0.51881,-0.411255,0.507066,0.0
2077257112,3,0.552574,-0.518208,-0.411243,0.506952,0.0
2077257122,3,0.553374,-0.517558,-0.41124,0.506746,0.0
2077257132,3,0.554158,-0.516825,-0.411461,0.506457,0.0
2077257142,3,0.554685,-0.515713,-0.412332,0.506305,0.0
2077257152,3,0.554854,-0.514881,-0.413281,0.506193,0.0
2077257162,3,0.554864,-0.514394,-0.414172,0.505949,0.0
2077257172,3,0.554839,-0.514206,-0.414783,0.505667,0.0
2077257182,3,0.554775,-0.514422,-0.415033,0.505312,0.0
2077257192,3,0.554726,-0.5149,-0.415041,0.504872,0.0
2077257202,3,0.554583,-0.515077,-0.415433,0.504526,0.0
2077257212,3,0.55403,-0.515161,-0.416016,0.504567,0.0
2077257222,3,0.55323,-0.515439,-0.416389,0.504854,0.0
2077257232,3,0.552583,-0.516111,-0.416458,0.504819,0.0
2077257243,3,0.552034,-0.516682,-0.416486,0.504813,0.0
2077257253,3,0.551595,-0.517314,-0.416224,0.504862,0.0
2077257263,3,0.551355,-0.518124,-0.415605,0.504802,0.0
2077257273,3,0.551333,-0.519002,-0.414773,0.504608,0.0
2077257283,3,0.551307,-0.519699,-0.414138,0.504441,0.0
2077257293,3,0.551152,-0.519931,-0.413951,0.504526,0.0
2077257303,3,0.55083,-0.519574,-0.414414,0.504865,0.0
2077257313,3,0.550457,-0.519503,-0.414642,0.505158,0.0
2077257323,3,0.550018,-0.519561,-0.414638,0.505579,0.0
2077257333,3,0.549786,-0.519667,-0.414545,0.505799,0.0
2077257343,3,0.549314,-0.520128,-0.413984,0.506297,0.0
2077257353,3,0.548821,-0.520791,-0.413281,0.506723,0.0
2077257363,3,0.548482,-0.52113,-0.413012,0.506962,0.0
2077257373,3,0.54815,-0.521148,-0.412926,0.507372,0.0
2077257384,3,0.547918,-0.521388,-0.412495,0.507726,0.0
2077257394,3,0.547862,-0.521594,-0.412083,0.507909,0.0
2077257404,3,0.547723,-0.521388,-0.411777,0.508519,0.0
2077257414,3,0.547592,-0.521025,-0.411458,0.50929,0.0
2077257424,3,0.547575,-0.520723,-0.411091,0.509913,0.0
2077257434,3,0.547682,-0.520577,-0.41057,0.510367,0.0
2077257444,3,0.547931,-0.520425,-0.410032,0.510687,0.0
2077257454,3,0.548327,-0.520085,-0.409713,0.510865,0.0
2077257464,3,0.548704,-0.519591,-0.409579,0.511069,0.0
2077257474,3,0.549103,-0.519213,-0.409437,0.511139,0.0
2077257484,3,0.549563,-0.518821,-0.409224,0.511214,0.0
2077257494,3,0.550021,-0.518397,-0.408872,0.511432,0.0
2077257504,3,0.55048,-0.517954,-0.408483,0.511699,0.0
2077257515,3,0.550947,-0.517686,-0.408042,0.511819,0.0
2077257525,3,0.551277,-0.517319,-0.407557,0.512221,0.0
2077257535,3,0.55133,-0.516761,-0.407046,0.513133,0.0
2077257545,3,0.551449,-0.51647,-0.406454,0.513767,0.0
2077257555,3,0.551735,-0.516141,-0.406019,0.514134,0.0
2077257565,3,0.552011,-0.515603,-0.40585,0.51451,0.0
2077257575,3,0.552289,-0.514925,-0.405843,0.514897,0.0
2077257585,3,0.552612,-0.514256,-0.405747,0.515294,0.0
2077257595,3,0.55299,-0.513727,-0.405575,0.515552,0.0
2077257605,3,0.55342,-0.51327,-0.405285,0.515774,0.0
2077257615,3,0.554032,-0.512882,-0.404895,0.515808,0.0
2077257625,3,0.554784,-0.512457,-0.40459,0.515662,0.0
2077257635,3,0.555631,-0.511865,-0.404451,0.515447,0.0
2077257646,3,0.556577,-0.511298,-0.40448,0.514967,0.0
2077257656,3,0.557499,-0.510701,-0.404683,0.514403,0.0
2077257666,3,0.55823,-0.51005,-0.404965,0.514033,0.0
2077257676,3,0.558627,-0.509474,-0.405421,0.513813,0.0
2077257686,3,0.558794,-0.508979,-0.405922,0.513726,0.0
2077257696,3,0.558901,-0.508628,-0.406311,0.51365,0.0
2077257706,3,0.559177,-0.508368,-0.406471,0.51348,0.0
2077257716,3,0.55956,-0.508346,-0.406358,0.513175,0.0
2077257726,3,0.559859,-0.508437,-0.406081,0.512978,0.0
2077257736,3,0.559919,-0.508343,-0.40601,0.513061,0.0
2077257746,3,0.559799,-0.508361,-0.406036,0.513155,0.0
2077257756,3,0.559663,-0.508661,-0.405924,0.513093,0.0
2077257766,3,0.559597,-0.508897,-0.405731,0.513084,0.0
2077257776,3,0.559541,-0.508934,-0.405497,0.513294,0.0
2077257787,3,0.559499,-0.508886,-0.405304,0.513539,0.0
2077257797,3,0.559438,-0.509084,-0.404941,0.513695,0.0
2077257807,3,0.559496,-0.509472,-0.404274,0.513773,0.0
2077257817,3,0.559835,-0.510094,-0.403393,0.513479,0.0
2077257827,3,0.560172,-0.510366,-0.402858,0.513261,0.0
2077257837,3,0.560251,-0.51007,-0.402985,0.51337,0.0
2077257847,3,0.56013,-0.509565,-0.403493,0.513604,0.0
2077257857,3,0.559921,-0.509438,-0.403576,0.513893,0.0
2077257867,3,0.559895,-0.509839,-0.403031,0.513952,0.0
2077257877,3,0.560155,-0.510447,-0.402251,0.513675,0.0
2077257887,3,0.560317,-0.510791,-0.401681,0.513604,0.0
2077257897,3,0.560441,-0.511037,-0.401305,0.513517,0.0
2077257907,3,0.560527,-0.511055,-0.401207,0.513482,0.0
2077257918,3,0.560504,-0.511044,-0.401076,0.513621,0.0
2077257928,3,0.560582,-0.511093,-0.400691,0.513787,0.0
2077257938,3,0.560902,-0.510874,-0.400312,0.513951,0.0
2077257948,3,0.561162,-0.510581,-0.400121,0.514106,0.0
2077257958,3,0.561283,-0.510329,-0.400105,0.514237,0.0
2077257968,3,0.561434,-0.510068,-0.400024,0.514395,0.0
2077257978,3,0.561711,-0.509989,-0.399625,0.514481,0.0
2077257988,3,0.562157,-0.510009,-0.399061,0.514412,0.0
2077257998,3,0.562617,-0.509916,-0.398731,0.514256,0.0
2077258008,3,0.562951,-0.509328,-0.398794,0.514424,0.0
2077258018,3,0.563251,-0.50875,-0.398856,0.51462,0.0
2077258028,3,0.563586,-0.508603,-0.398723,0.514502,0.0
2077258038,3,0.563822,-0.508443,-0.398721,0.514403,0.0
2077258049,3,0.563862,-0.508222,-0.398833,0.514491,0.0
2077258059,3,0.563696,-0.507866,-0.399031,0.51487,0.0
2077258069,3,0.563522,-0.507644,-0.399179,0.515164,0.0
2077258079,3,0.563388,-0.507647,-0.399128,0.515348,0.0
2077258089,3,0.563492,-0.50764,-0.39905,0.515302,0.0
2077258099,3,0.563669,-0.507458,-0.399095,0.515253,0.0
2077258109,3,0.563607,-0.507254,-0.399204,0.515436,0.0
2077258119,3,0.563468,-0.507212,-0.399257,0.515589,0.0
2077258129,3,0.563336,-0.507085,-0.39941,0.515739,0.0
2077258139,3,0.563279,-0.506998,-0.399427,0.515875,0.0
2077258149,3,0.563485,-0.506931,-0.399389,0.515745,0.0
2077258159,3,0.563748,-0.507221,-0.39906,0.515426,0.0
2077258169,3,0.563993,-0.507508,-0.398622,0.515215,0.0
2077258180,3,0.564081,-0.507432,-0.398581,0.515225,0.0
2077258190,3,0.56392,-0.50721,-0.398831,0.515426,0.0
2077258200,3,0.563742,-0.507051,-0.399096,0.515572,0.0
2077258210,3,0.563795,-0.507127,-0.399136,0.515409,0.0
2077258220,3,0.563958,-0.507277,-0.399042,0.515155,0.0
2077258230,3,0.56394,-0.507364,-0.39912,0.515029,0.0
2077258240,3,0.56366,-0.507329,-0.399416,0.51514,0.0
2077258250,3,0.563333,-0.507338,-0.399594,0.51535,0.0
2077258260,3,0.563261,-0.507712,-0.399367,0.515237,0.0
2077258270,3,0.56318,-0.508144,-0.399159,0.515061,0.0
2077258280,3,0.562895,-0.508464,-0.399332,0.514923,0.0
2077258290,3,0.5624,-0.508384,-0.399823,0.515162,0.0
2077258300,3,0.561995,-0.508615,-0.400028,0.515215,0.0
2077258310,3,0.561963,-0.509299,-0.399681,0.514845,0.0
2077258321,3,0.562184,-0.510001,-0.399233,0.514255,0.0
2077258331,3,0.562382,-0.510528,-0.399047,0.51366,0.0
2077258341,3,0.562636,-0.51079,-0.399196,0.513006,0.0
2077258351,3,0.562676,-0.511261,-0.399157,0.512522,0.0
2077258361,3,0.562557,-0.511841,-0.398782,0.512365,0.0
2077258371,3,0.562288,-0.512394,-0.398255,0.512519,0.0
2077258381,3,0.561874,-0.51265,-0.398119,0.512822,0.0
2077258391,3,0.561386,-0.512672,-0.398427,0.513096,0.0
2077258401,3,0.560836,-0.512892,-0.398621,0.513326,0.0
2077258411,3,0.560415,-0.513449,-0.398426,0.51338,0.0
2077258421,3,0.560157,-0.514351,-0.397724,0.513304,0.0
2077258431,3,0.560098,-0.515371,-0.396927,0.512963,0.0
2077258441,3,0.560158,-0.515923,-0.396512,0.512662,0.0
2077258452,3,0.56022,-0.516163,-0.396278,0.512533,0.0
2077258462,3,0.560277,-0.516484,-0.395854,0.512477,0.0
2077258472,3,0.560278,-0.516448,-0.395642,0.512675,0.0
2077258482,3,0.560252,-0.516323,-0.395472,0.512961,0.0
2077258492,3,0.56043,-0.516177,-0.395248,0.513085,0.0
2077258502,3,0.560734,-0.5161,-0.395009,0.513015,0.0
2077258512,3,0.560973,-0.516002,-0.394937,0.512907,0.0
2077258522,3,0.561121,-0.515691,-0.395093,0.512938,0.0
2077258532,3,0.561204,-0.5153,-0.395388,0.513013,0.0
2077258542,3,0.561286,-0.515075,-0.39566,0.51294,0.0
2077258552,3,0.561333,-0.515218,-0.395694,0.512719,0.0
2077258562,3,0.561401,-0.515324,-0.395715,0.512522,0.0
2077258572,3,0.561455,-0.515215,-0.395808,0.5125,0.0
2077258583,3,0.561464,-0.515083,-0.395928,0.512529,0.0
2077258593,3,0.561356,-0.51498,-0.396144,0.512584,0.0
2077258603,3,0.56103,-0.51478,-0.396579,0.512805,0.0
2077258613,3,0.560572,-0.514488,-0.397055,0.513231,0.0
2077258623,3,0.560316,-0.514446,-0.397314,0.513354,0.0
2077258633,3,0.560395,-0.514951,-0.397205,0.512845,0.0
2077258643,3,0.560461,-0.515258,-0.39717,0.512491,0.0
2077258653,3,0.560377,-0.515281,-0.39729,0.512467,0.0
2077258663,3,0.560167,-0.515371,-0.397389,0.512528,0.0
2077258673,3,0.559814,-0.515285,-0.397671,0.512782,0.0
2077258683,3,0.559318,-0.515225,-0.397874,0.513226,0.0
2077258693,3,0.558841,-0.515357,-0.397878,0.51361,0.0
2077258703,3,0.558458,-0.515525,-0.39792,0.513825,0.0
2077258714,3,0.558002,-0.515609,-0.39798,0.514189,0.0
2077258724,3,0.557575,-0.515902,-0.397678,0.514593,0.0
2077258734,3,0.557384,-0.516173,-0.397239,0.514866,0.0
2077258744,3,0.55739,-0.516435,-0.396792,0.514942,0.0
2077258754,3,0.557575,-0.516819,-0.39636,0.51469,0.0
2077258764,3,0.557944,-0.516874,-0.396314,0.51427,0.0
2077258774,3,0.558211,-0.516726,-0.396248,0.514179,0.0
2077258784,3,0.558504,-0.517197,-0.395562,0.513916,0.0
2077258794,3,0.558835,-0.517733,-0.394857,0.513558,0.0
2077258804,3,0.558896,-0.517719,-0.394691,0.513634,0.0
2077258814,3,0.558807,-0.517285,-0.395019,0.513916,0.0
2077258824,3,0.558883,-0.517122,-0.395149,0.513897,0.0
2077258834,3,0.559089,-0.517183,-0.395124,0.513631,0.0
2077258844,3,0.559188,-0.517235,-0.395037,0.513538,0.0
2077258855,3,0.559229,-0.517082,-0.395186,0.513532,0.0
2077258865,3,0.559179,-0.516796,-0.395531,0.513609,0.0
2077258875,3,0.558976,-0.516802,-0.395688,0.513703,0.0
2077258885,3,0.558734,-0.51705,-0.395561,0.513815,0.0
2077258895,3,0.558445,-0.517151,-0.395378,0.514168,0.0
2077258905,3,0.558324,-0.517244,-0.395055,0.514454,0.0
2077258915,3,0.558502,-0.517569,-0.394554,0.514318,0.0
2077258925,3,0.558859,-0.517856,-0.394011,0.514057,0.0
2077258935,3,0.559256,-0.518012,-0.393593,0.513789,0.0
2077258945,3,0.55956,-0.518157,-0.393254,0.51357,0.0
2077258955,3,0.55979,-0.518324,-0.393073,0.513292,0.0
2077258965,3,0.559976,-0.518116,-0.39339,0.513055,0.0
2077258975,3,0.560004,-0.517737,-0.39381,0.513085,0.0
2077258986,3,0.56007,-0.517738,-0.393901,0.512941,0.0
2077258996,3,0.560224,-0.518178,-0.393711,0.512474,0.0
2077259006,3,0.560322,-0.518427,-0.393708,0.512119,0.0
2077259016,3,0.560319,-0.518364,-0.394198,0.511808,0.0
2077259026,3,0.560081,-0.518207,-0.395104,0.51153,0.0
2077259036,3,0.559651,-0.518331,-0.395931,0.511234,0.0
2077259046,3,0.559216,-0.518971,-0.396131,0.510905,0.0
2077259056,3,0.55894,-0.519691,-0.396169,0.510447,0.0
2077259066,3,0.558624,-0.520488,-0.396182,0.509969,0.0
2077259076,3,0.558192,-0.521344,-0.396198,0.509556,0.0
2077259086,3,0.55763,-0.522048,-0.39626,0.509402,0.0
2077259096,3,0.557012,-0.52262,-0.396312,0.509452,0.0
2077259106,3,0.556472,-0.523077,-0.396334,0.509555,0.0
2077259117,3,0.556191,-0.523703,-0.396373,0.509188,0.0
2077259127,3,0.555951,-0.524314,-0.396519,0.508709,0.0
2077259137,3,0.555498,-0.524571,-0.396856,0.508675,0.0
2077259147,3,0.554888,-0.524997,-0.397059,0.508743,0.0
2077259157,3,0.554279,-0.525444,-0.397187,0.508846,0.0
2077259167,3,0.553772,-0.526059,-0.397138,0.508801,0.0
2077259177,3,0.553414,-0.526618,-0.39704,0.508687,0.0
2077259187,3,0.553209,-0.527269,-0.396752,0.508462,0.0
2077259197,3,0.553032,-0.528044,-0.396446,0.508088,0.0
2077259207,3,0.552476,-0.528464,-0.396417,0.508279,0.0
2077259217,3,0.551799,-0.528384,-0.396907,0.508715,0.0
2077259227,3,0.551285,-0.528337,-0.397467,0.508884,0.0
2077259237,3,0.55101,-0.528788,-0.39753,0.508665,0.0
2077259247,3,0.550841,-0.529332,-0.397309,0.508454,0.0
2077259258,3,0.550615,-0.529769,-0.397185,0.508341,0.0
2077259268,3,0.550048,-0.529876,-0.397495,0.5086,0.0
2077259278,3,0.549419,-0.530033,-0.397915,0.508789,0.0
2077259288,3,0.548951,-0.530454,-0.398002,0.508786,0.0
2077259298,3,0.548843,-0.531054,-0.397669,0.508538,0.0
2077259308,3,0.548812,-0.531433,-0.397604,0.508225,0.0
2077259318,3,0.548669,-0.531701,-0.39781,0.507939,0.0
2077259328,3,0.548444,-0.531685,-0.398258,0.507847,0.0
2077259338,3,0.548096,-0.531765,-0.398503,0.507948,0.0
2077259348,3,0.547804,-0.532036,-0.398503,0.507979,0.0
2077259358,3,0.54765,-0.532394,-0.39842,0.507835,0.0
2077259368,3,0.547381,-0.532457,-0.398664,0.507866,0.0
2077259378,3,0.546921,-0.53244,-0.399045,0.508081,0.0
2077259389,3,0.546427,-0.532585,-0.399236,0.508311,0.0
2077259399,3,0.546129,-0.533058,-0.399136,0.508214,0.0
2077259409,3,0.545974,-0.533454,-0.399109,0.507985,0.0
2077259419,3,0.545897,-0.533733,-0.399164,0.507731,0.0
2077259429,3,0.545843,-0.533857,-0.399318,0.507539,0.0
2077259439,3,0.545771,-0.534139,-0.399325,0.507313,0.0
2077259449,3,0.545681,-0.534452,-0.399197,0.507181,0.0
2077259459,3,0.545651,-0.534736,-0.398877,0.507166,0.0
2077259469,3,0.545774,-0.535075,-0.398404,0.507048,0.0
2077259479,3,0.545958,-0.535177,-0.398267,0.50685,0.0
2077259489,3,0.545959,-0.534688,-0.398628,0.507081,0.0
2077259499,3,0.54591,-0.534242,-0.398887,0.507402,0.0
2077259509,3,0.546088,-0.534397,-0.398698,0.507194,0.0
2077259520,3,0.546303,-0.534659,-0.398397,0.506922,0.0
2077259530,3,0.546413,-0.53457,-0.398364,0.506924,0.0
2077259540,3,0.546439,-0.534215,-0.398513,0.507153,0.0
2077259550,3,0.54651,-0.533999,-0.398499,0.507316,0.0
2077259560,3,0.546772,-0.534001,-0.398181,0.50728,0.0
2077259570,3,0.547095,-0.533844,-0.397897,0.50732,0.0
2077259580,3,0.547363,-0.533381,-0.397847,0.507558,0.0
2077259590,3,0.547634,-0.532848,-0.397922,0.507766,0.0
2077259600,3,0.547939,-0.532454,-0.397965,0.507817,0.0
2077259610,3,0.548386,-0.532072,-0.39796,0.507738,0.0
2077259620,3,0.54889,-0.531525,-0.397951,0.507774,0.0
2077259630,3,0.549447,-0.531069,-0.397925,0.507669,0.0
2077259640,3,0.549951,-0.530507,-0.397923,0.507712,0.0
2077259651,3,0.550452,-0.529904,-0.397904,0.507814,0.0
2077259661,3,0.550995,-0.529402,-0.397768,0.507855,0.0
2077259671,3,0.551657,-0.529186,-0.397474,0.507592,0.0
2077259681,3,0.552345,-0.528824,-0.397293,0.507362,0.0
2077259691,3,0.552918,-0.528042,-0.397492,0.507396,0.0
2077259701,3,0.553201,-0.527104,-0.397976,0.507684,0.0
2077259711,3,0.553306,-0.52642,-0.398279,0.508041,0.0
2077259721,3,0.553497,-0.52586,-0.398362,0.508348,0.0
2077259731,3,0.553923,-0.525374,-0.398216,0.508502,0.0
2077259741,3,0.554474,-0.524846,-0.39801,0.508607,0.0
2077259751,3,0.555056,-0.524364,-0.397812,0.508624,0.0
2077259761,3,0.555459,-0.523651,-0.39778,0.508943,0.0
2077259771,3,0.555694,-0.522832,-0.39773,0.509569,0.0
2077259781,3,0.556052,-0.522171,-0.397622,0.509938,0.0
2077259792,3,0.556624,-0.521744,-0.397316,0.509992,0.0
2077259802,3,0.557443,-0.521348,-0.396962,0.509777,0.0
2077259812,3,0.558342,-0.520669,-0.396789,0.509622,0.0
2077259822,3,0.559179,-0.519968,-0.396762,0.50944,0.0
2077259832,3,0.559837,-0.519423,-0.396743,0.509289,0.0
2077259842,3,0.56039,-0.518787,-0.396714,0.509351,0.0
2077259852,3,0.560982,-0.518274,-0.396585,0.509324,0.0
2077259862,3,0.561652,-0.51783,-0.396516,0.50909,0.0
2077259872,3,0.562188,-0.517274,-0.396609,0.508991,0.0
2077259882,3,0.562481,-0.516748,-0.396732,0.509105,0.0
2077259892,3,0.562712,-0.516143,-0.39687,0.509356,0.0
2077259902,3,0.562973,-0.515715,-0.396905,0.509474,0.0
2077259912,3,0.563337,-0.515409,-0.396827,0.509442,0.0
2077259923,3,0.563817,-0.51513,-0.396602,0.509368,0.0
2077259933,3,0.564348,-0.514745,-0.396424,0.509309,0.0
2077259943,3,0.564557,-0.514045,-0.396569,0.509671,0.0
2077259953,3,0.564511,-0.513245,-0.397029,0.510169,0.0
2077259963,3,0.564377,-0.51247,-0.397522,0.510712,0.0
2077259973,3,0.564363,-0.511727,-0.397808,0.51125,0.0
2077259983,3,0.564568,-0.511159,-0.397904,0.511516,0.0
2077259993,3,0.564872,-0.510628,-0.397942,0.511682,0.0
2077260003,3,0.565091,-0.509862,-0.398163,0.512033,0.0
2077260013,3,0.565141,-0.508919,-0.398559,0.512607,0.0
2077260023,3,0.565092,-0.508025,-0.399014,0.513194,0.0
2077260033,3,0.565044,-0.507483,-0.39929,0.513567,0.0
2077260043,3,0.565059,-0.507152,-0.399229,0.513926,0.0
2077260054,3,0.565192,-0.506843,-0.39902,0.514247,0.0
2077260064,3,0.565215,-0.506469,-0.399001,0.514604,0.0
2077260074,3,0.565065,-0.505908,-0.399287,0.515099,0.0
2077260084,3,0.564892,-0.505223,-0.399706,0.515636,0.0
2077260094,3,0.564789,-0.504653,-0.399925,0.516137,0.0
2077260104,3,0.564767,-0.504332,-0.399977,0.516434,0.0
2077260114,3,0.564654,-0.50402,-0.400234,0.516663,0.0
2077260124,3,0.564318,-0.503216,-0.400985,0.517231,0.0
2077260134,3,0.563817,-0.502581,-0.401627,0.517896,0.0
2077260144,3,0.563428,-0.502468,-0.401835,0.518269,0.0
2077260154,3,0.563238,-0.502665,-0.401762,0.51834,0.0
2077260164,3,0.56308,-0.50258,-0.401856,0.518521,0.0
2077260174,3,0.563022,-0.502389,-0.402029,0.518635,0.0
2077260185,3,0.563084,-0.502298,-0.40222,0.518509,0.0
2077260195,3,0.563062,-0.50233,-0.402439,0.518331,0.0
2077260205,3,0.563039,-0.50225,-0.402727,0.51821,0.0
2077260215,3,0.563151,-0.502112,-0.403089,0.51794,0.0
2077260225,3,0.563387,-0.502339,-0.403238,0.517347,0.0
2077260235,3,0.56359,-0.502804,-0.403285,0.516638,0.0
2077260245,3,0.5637,-0.502943,-0.403776,0.515998,0.0
2077260255,3,0.563683,-0.502865,-0.404674,0.515389,0.0
2077260265,3,0.56365,-0.502919,-0.405771,0.514508,0.0
2077260275,3,0.563424,-0.503165,-0.406857,0.513657,0.0
2077260285,3,0.562898,-0.503711,-0.407821,0.512934,0.0
2077260295,3,0.561997,-0.504292,-0.408814,0.51256,0.0
2077260305,3,0.56071,-0.504844,-0.409923,0.512541,0.0
2077260315,3,0.559105,-0.505407,-0.411138,0.512765,0.0
2077260326,3,0.557484,-0.506076,-0.411995,0.513183,0.0
2077260336,3,0.556238,-0.507152,-0.412154,0.513346,0.0
2077260346,3,0.555182,-0.508406,-0.411992,0.513378,0.0
2077260356,3,0.554074,-0.509509,-0.411848,0.513597,0.0
2077260366,3,0.552833,-0.510233,-0.411908,0.514167,0.0
2077260376,3,0.551632,-0.510824,-0.411931,0.514851,0.0
2077260386,3,0.550577,-0.511632,-0.41162,0.515427,0.0
2077260396,3,0.54985,-0.512816,-0.410998,0.515523,0.0
2077260406,3,0.549371,-0.513653,-0.410523,0.515578,0.0
2077260416,3,0.548991,-0.514128,-0.410312,0.515678,0.0
2077260426,3,0.548765,-0.514605,-0.410058,0.515645,0.0
2077260436,3,0.548832,-0.515372,-0.409567,0.515197,0.0
2077260446,3,0.549035,-0.516324,-0.408852,0.514595,0.0
2077260457,3,0.5493,-0.51701,-0.408367,0.514009,0.0
2077260467,3,0.54939,-0.517235,-0.408576,0.513519,0.0
2077260477,3,0.548882,-0.516996,-0.409371,0.51367,0.0
2077260487,3,0.548095,-0.516861,-0.410033,0.514118,0.0
2077260497,3,0.547384,-0.517154,-0.410238,0.514418,0.0
2077260507,3,0.546973,-0.518018,-0.409822,0.514317,0.0
2077260517,3,0.546865,-0.518906,-0.409488,0.513803,0.0
2077260527,3,0.546718,-0.519216,-0.409747,0.513439,0.0
2077260537,3,0.546135,-0.518442,-0.41106,0.513792,0.0
2077260547,3,0.545938,-0.518565,-0.411427,0.513584,0.0
2077260557,3,0.545824,-0.518656,-0.411695,0.513398,0.0
2077260567,3,0.545693,-0.518587,-0.411961,0.513393,0.0
2077260577,3,0.545285,-0.518586,-0.411939,0.513846,0.0
2077260588,3,0.545099,-0.518494,-0.412343,0.513812,0.0
2077260598,3,0.544892,-0.518749,-0.412786,0.513417,0.0
2077260608,3,0.544342,-0.518949,-0.413376,0.513324,0.0
2077260618,3,0.544798,-0.5201,-0.412872,0.512079,0.0
2077260628,3,0.54495,-0.520408,-0.413098,0.511424,0.0
2077260638,3,0.545144,-0.520613,-0.413368,0.510788,0.0
2077260648,3,0.545274,-0.520681,-0.413759,0.510264,0.0
2077260658,3,0.54642,-0.520886,-0.414134,0.508522,0.0
2077260668,3,0.547012,-0.520803,-0.414832,0.5074,0.0
2077260678,3,0.54682,-0.520876,-0.415508,0.506979,0.0
2077260688,3,0.545854,-0.520937,-0.416335,0.507279,0.0
2077260698,3,0.544531,-0.521023,-0.417423,0.507717,0.0
2077260708,3,0.5438,-0.521863,-0.417926,0.507224,0.0
2077260718,3,0.543046,-0.522916,-0.418315,0.506626,0.0
2077260729,3,0.542912,-0.524869,-0.417603,0.505336,0.0
2077260739,3,0.542568,-0.52615,-0.417327,0.504601,0.0
2077260749,3,0.541715,-0.52638,-0.418022,0.504703,0.0
2077260759,3,0.540094,-0.525939,-0.419188,0.505931,0.0
2077260769,3,0.539334,-0.525792,-0.419457,0.506671,0.0
2077260779,3,0.539234,-0.525574,-0.419195,0.507221,0.0
2077260789,3,0.539801,-0.525221,-0.41867,0.507416,0.0
2077260799,3,0.541271,-0.527225,-0.415366,0.506487,0.0
2077260809,3,0.541946,-0.526287,-0.415435,0.506684,0.0
2077260819,3,0.542326,-0.525391,-0.415858,0.50686,0.0
2077260829,3,0.542395,-0.524817,-0.416313,0.507007,0.0
2077260839,3,0.543242,-0.522904,-0.41834,0.506408,0.0
2077260849,3,0.543872,-0.522464,-0.418579,0.505989,0.0
2077260860,3,0.54432,-0.522966,-0.417741,0.50568,0.0
2077260870,3,0.544707,-0.52363,-0.416994,0.505194,0.0
2077260880,3,0.545879,-0.523946,-0.417046,0.503556,0.0
2077260890,3,0.545776,-0.524742,-0.416685,0.503136,0.0
2077260900,3,0.545394,-0.525563,-0.416459,0.502881,0.0
2077260910,3,0.544909,-0.526482,-0.416273,0.502598,0.0
2077260920,3,0.543875,-0.52654,-0.417115,0.502959,0.0
2077260930,3,0.542922,-0.52593,-0.418655,0.503348,0.0
2077260940,3,0.541812,-0.525082,-0.420353,0.504014,0.0
2077260950,3,0.540708,-0.524593,-0.421705,0.504578,0.0
2077260960,3,0.539795,-0.524643,-0.422338,0.504975,0.0
2077260970,3,0.538827,-0.525095,-0.422194,0.505659,0.0
2077260980,3,0.537963,-0.526032,-0.421247,0.506393,0.0
2077260991,3,0.537363,-0.527165,-0.419992,0.506895,0.0
2077261001,3,0.537253,-0.528013,-0.418839,0.507083,0.0
2077261011,3,0.53738,-0.528351,-0.41792,0.507354,0.0
2077261021,3,0.537628,-0.528295,-0.417241,0.50771,0.0
2077261031,3,0.537952,-0.528176,-0.416689,0.507943,0.0
2077261041,3,0.538344,-0.527668,-0.416488,0.50822,0.0
2077261051,3,0.538682,-0.526863,-0.416749,0.508484,0.0
2077261061,3,0.538836,-0.526636,-0.416429,0.508817,0.0
2077261071,3,0.539029,-0.526683,-0.415951,0.508956,0.0
2077261081,3,0.539128,-0.526689,-0.415469,0.509238,0.0
2077261091,3,0.539413,-0.526771,-0.414803,0.509394,0.0
2077261101,3,0.539359,-0.526729,-0.414317,0.50989,0.0
2077261111,3,0.539219,-0.52637,-0.414084,0.510597,0.0
2077261122,3,0.539467,-0.5261,-0.413605,0.511002,0.0
2077261132,3,0.540233,-0.526299,-0.412393,0.510967,0.0
2077261142,3,0.541393,-0.526723,-0.410724,0.510648,0.0
2077261152,3,0.542549,-0.526594,-0.409542,0.510503,0.0
2077261162,3,0.543607,-0.525588,-0.408943,0.510894,0.0
2077261172,3,0.544737,-0.523944,-0.408829,0.511469,0.0
2077261182,3,0.546095,-0.522236,-0.408817,0.511777,0.0
2077261192,3,0.547719,-0.520706,-0.408665,0.511723,0.0
2077261202,3,0.549571,-0.519171,-0.408641,0.511316,0.0
2077261212,3,0.551337,-0.517436,-0.408911,0.510957,0.0
2077261222,3,0.553028,-0.515757,-0.409297,0.510519,0.0
2077261232,3,0.554554,-0.51444,-0.409566,0.509975,0.0
2077261242,3,0.555864,-0.513144,-0.409889,0.509597,0.0
2077261252,3,0.556334,-0.51259,-0.409483,0.509967,0.0
2077261263,3,0.557263,-0.511072,-0.410446,0.509702,0.0
2077261273,3,0.557713,-0.510025,-0.411203,0.509648,0.0
2077261283,3,0.557934,-0.509545,-0.411494,0.509651,0.0
2077261293,3,0.558066,-0.50961,-0.411014,0.50983,0.0
2077261303,3,0.55806,-0.510004,-0.410156,0.510133,0.0
2077261313,3,0.558385,-0.510124,-0.40971,0.510015,0.0
2077261323,3,0.558524,-0.509549,-0.409977,0.510224,0.0
2077261333,3,0.558282,-0.508703,-0.410552,0.510871,0.0
2077261343,3,0.558145,-0.508086,-0.410846,0.511397,0.0
2077261353,3,0.558204,-0.508066,-0.410504,0.511626,0.0
2077261363,3,0.558733,-0.50818,-0.409804,0.511497,0.0
2077261373,3,0.559584,-0.507787,-0.409364,0.51131,0.0
2077261383,3,0.560622,-0.506963,-0.409336,0.511013,0.0
2077261394,3,0.561684,-0.506298,-0.409397,0.510457,0.0
2077261404,3,0.562588,-0.505571,-0.40951,0.51009,0.0
2077261414,3,0.563208,-0.504707,-0.409857,0.509984,0.0
2077261424,3,0.563463,-0.503615,-0.410639,0.510152,0.0
2077261434,3,0.563452,-0.502765,-0.411451,0.510348,0.0
2077261444,3,0.563366,-0.502183,-0.411991,0.51058,0.0
2077261454,3,0.563378,-0.502036,-0.412133,0.510597,0.0
2077261464,3,0.563298,-0.502049,-0.41216,0.510651,0.0
2077261474,3,0.563104,-0.502224,-0.412096,0.510744,0.0
2077261484,3,0.562927,-0.502387,-0.411793,0.511023,0.0
2077261494,3,0.562951,-0.50266,-0.411102,0.511286,0.0
2077261504,3,0.563146,-0.503027,-0.410179,0.51145,0.0
2077261514,3,0.563343,-0.503563,-0.409157,0.511525,0.0
2077261525,3,0.563425,-0.503764,-0.408279,0.511938,0.0
2077261535,3,0.563548,-0.503497,-0.407846,0.512411,0.0
2077261545,3,0.563629,-0.503248,-0.407286,0.513011,0.0
2077261555,3,0.563827,-0.503076,-0.406517,0.513572,0.0
2077261565,3,0.564337,-0.50303,-0.405498,0.513861,0.0
2077261575,3,0.565063,-0.502772,-0.404562,0.514055,0.0
2077261585,3,0.565855,-0.502456,-0.403854,0.51405,0.0
2077261595,3,0.566558,-0.50205,-0.40343,0.514004,0.0
2077261605,3,0.567197,-0.501528,-0.403113,0.514058,0.0
2077261615,3,0.567807,-0.501175,-0.402643,0.514097,0.0
2077261625,3,0.568407,-0.50101,-0.402013,0.514088,0.0
2077261635,3,0.569033,-0.501066,-0.401411,0.513811,0.0
2077261645,3,0.569454,-0.500811,-0.401119,0.513821,0.0
2077261656,3,0.569579,-0.500347,-0.401048,0.51419,0.0
2077261666,3,0.56967,-0.500216,-0.400868,0.514356,0.0
2077261676,3,0.569876,-0.500243,-0.400603,0.514309,0.0
2077261686,3,0.570207,-0.500246,-0.400312,0.514165,0.0
2077261696,3,0.570619,-0.500067,-0.400193,0.513975,0.0
2077261706,3,0.570968,-0.499597,-0.400416,0.513871,0.0
2077261716,3,0.571236,-0.499201,-0.400738,0.513707,0.0
2077261726,3,0.571469,-0.498743,-0.400982,0.513703,0.0
2077261736,3,0.571774,-0.498227,-0.401293,0.513621,0.0
2077261746,3,0.57212,-0.497919,-0.40162,0.513278,0.0
2077261756,3,0.572467,-0.497814,-0.40199,0.512703,0.0
2077261766,3,0.572601,-0.497697,-0.402422,0.512328,0.0
2077261776,3,0.572596,-0.497675,-0.402825,0.512038,0.0
2077261786,3,0.57254,-0.497816,-0.403323,0.511572,0.0
2077261797,3,0.572298,-0.498163,-0.403982,0.510984,0.0
2077261807,3,0.572085,-0.498423,-0.404842,0.510288,0.0
2077261817,3,0.571677,-0.498519,-0.4059,0.509811,0.0
2077261827,3,0.571035,-0.49887,-0.406727,0.509528,0.0
2077261837,3,0.570285,-0.499451,-0.407237,0.509392,0.0
2077261847,3,0.569566,-0.500257,-0.4075,0.509195,0.0
2077261857,3,0.568805,-0.50081,-0.407949,0.509141,0.0
2077261867,3,0.567958,-0.501339,-0.408649,0.509006,0.0
2077261877,3,0.567166,-0.501965,-0.409379,0.508685,0.0
2077261887,3,0.566462,-0.502812,-0.40984,0.508262,0.0
2077261897,3,0.565873,-0.50392,-0.409925,0.507751,0.0
2077261907,3,0.565515,-0.505062,-0.409858,0.50707,0.0
2077261917,3,0.564967,-0.506017,-0.409975,0.506634,0.0
2077261928,3,0.564143,-0.506667,-0.410331,0.506614,0.0
2077261938,3,0.563336,-0.506984,-0.410976,0.506673,0.0
2077261948,3,0.562651,-0.507787,-0.411198,0.50645,0.0
2077261958,3,0.562134,-0.509252,-0.41097,0.505736,0.0
2077261968,3,0.56172,-0.510837,-0.410708,0.504809,0.0
2077261978,3,0.561218,-0.512041,-0.410792,0.50408,0.0
2077261988,3,0.560535,-0.51303,-0.41118,0.503517,0.0
2077261998,3,0.559543,-0.514104,-0.411641,0.503148,0.0
2077262008,3,0.558331,-0.515192,-0.412033,0.503061,0.0
2077262018,3,0.557125,-0.516403,-0.412233,0.502992,0.0
2077262028,3,0.555941,-0.517621,-0.41233,0.502971,0.0
2077262038,3,0.554848,-0.519032,-0.41233,0.502724,0.0
2077262048,3,0.553859,-0.520546,-0.412004,0.502517,0.0
2077262059,3,0.553133,-0.521966,-0.411466,0.502284,0.0
2077262069,3,0.552482,-0.523167,-0.410978,0.50215,0.0
2077262079,3,0.551709,-0.524258,-0.410673,0.502112,0.0
2077262089,3,0.550855,-0.52484,-0.410809,0.50233,0.0
2077262099,3,0.550005,-0.525573,-0.41072,0.502568,0.0
2077262109,3,0.549308,-0.526536,-0.410159,0.502781,0.0
2077262119,3,0.548996,-0.527555,-0.409409,0.502664,0.0
2077262129,3,0.548866,-0.528139,-0.409058,0.50248,0.0
2077262139,3,0.548763,-0.528327,-0.409084,0.502374,0.0
2077262149,3,0.548584,-0.528543,-0.409306,0.502159,0.0
2077262159,3,0.548208,-0.528733,-0.409629,0.502107,0.0
2077262169,3,0.547828,-0.529045,-0.409833,0.502027,0.0
2077262179,3,0.547542,-0.52928,-0.410115,0.50186,0.0
2077262189,3,0.547166,-0.529425,-0.410545,0.501766,0.0
2077262200,3,0.546612,-0.529612,-0.411034,0.501773,0.0
2077262210,3,0.545936,-0.529831,-0.411389,0.501987,0.0
2077262220,3,0.545429,-0.530224,-0.41145,0.502072,0.0
2077262230,3,0.545113,-0.530928,-0.411213,0.501865,0.0
2077262240,3,0.54487,-0.531572,-0.41093,0.50168,0.0
2077262250,3,0.544518,-0.531787,-0.411048,0.501738,0.0
2077262260,3,0.543955,-0.531622,-0.411385,0.502247,0.0
2077262270,3,0.543369,-0.531575,-0.411521,0.502818,0.0
2077262280,3,0.542935,-0.531677,-0.411513,0.503187,0.0
2077262290,3,0.542621,-0.531712,-0.411421,0.503563,0.0
2077262300,3,0.542416,-0.531611,-0.411253,0.504027,0.0
2077262310,3,0.542269,-0.531431,-0.411144,0.504464,0.0
2077262320,3,0.542114,-0.531375,-0.410927,0.504867,0.0
2077262331,3,0.542091,-0.53142,-0.410537,0.505161,0.0
2077262341,3,0.542261,-0.53165,-0.410053,0.50513,0.0
2077262351,3,0.54248,-0.531851,-0.409748,0.504931,0.0
2077262361,3,0.542569,-0.53181,-0.409741,0.504883,0.0
2077262371,3,0.542587,-0.531677,-0.409901,0.504874,0.0
2077262381,3,0.542544,-0.531736,-0.409825,0.50492,0.0
2077262391,3,0.542581,-0.532182,-0.409195,0.504922,0.0
2077262401,3,0.542806,-0.532553,-0.408537,0.504822,0.0
2077262411,3,0.543038,-0.532735,-0.40801,0.504806,0.0
2077262421,3,0.543337,-0.532771,-0.407568,0.504803,0.0
2077262431,3,0.543706,-0.532848,-0.406944,0.504828,0.0
2077262441,3,0.54403,-0.533072,-0.406089,0.504932,0.0
2077262451,3,0.54424,-0.533014,-0.405334,0.505373,0.0
2077262462,3,0.54449,-0.532674,-0.404736,0.505941,0.0
2077262472,3,0.544869,-0.53242,-0.404101,0.506308,0.0
2077262482,3,0.545238,-0.532201,-0.403355,0.506735,0.0
2077262492,3,0.5456,-0.531934,-0.402561,0.507257,0.0
2077262502,3,0.545918,-0.531597,-0.401753,0.507908,0.0
2077262512,3,0.546315,-0.531248,-0.400935,0.508493,0.0
2077262522,3,0.546846,-0.530893,-0.400146,0.508913,0.0
2077262532,3,0.547535,-0.530348,-0.399454,0.509284,0.0
2077262542,3,0.548358,-0.529658,-0.398799,0.509631,0.0
2077262552,3,0.549179,-0.528897,-0.398222,0.509987,0.0
2077262562,3,0.549909,-0.527994,-0.397668,0.510569,0.0
2077262572,3,0.550542,-0.527069,-0.397047,0.511326,0.0
2077262582,3,0.551146,-0.526212,-0.396407,0.512053,0.0
2077262593,3,0.551843,-0.525508,-0.395542,0.512694,0.0
2077262603,3,0.552753,-0.525003,-0.394393,0.513117,0.0
2077262613,3,0.553845,-0.524287,-0.393444,0.513399,0.0
2077262623,3,0.554911,-0.523379,-0.392849,0.513631,0.0
2077262633,3,0.555879,-0.522361,-0.392541,0.513856,0.0
2077262643,3,0.556777,-0.521283,-0.392281,0.514177,0.0
2077262653,3,0.557696,-0.520786,-0.391553,0.514238,0.0
2077262663,3,0.558804,-0.520489,-0.390555,0.514096,0.0
2077262673,3,0.559943,-0.520074,-0.389862,0.513802,0.0
2077262683,3,0.560708,-0.519363,-0.389555,0.51392,0.0
2077262693,3,0.561257,-0.518419,-0.389277,0.514484,0.0
2077262703,3,0.561964,-0.517619,-0.388649,0.514992,0.0
2077262713,3,0.562839,-0.517113,-0.387649,0.515299,0.0
2077262723,3,0.564023,-0.516513,-0.386583,0.515406,0.0
2077262734,3,0.565205,-0.515617,-0.385839,0.515567,0.0
2077262744,3,0.566266,-0.514384,-0.385435,0.515936,0.0
2077262754,3,0.567186,-0.513335,-0.384951,0.516331,0.0
2077262764,3,0.56809,-0.512455,-0.384349,0.516659,0.0
2077262774,3,0.569022,-0.511727,-0.383647,0.516878,0.0
2077262784,3,0.570053,-0.511082,-0.382845,0.516974,0.0
2077262794,3,0.571133,-0.510301,-0.382155,0.517065,0.0
2077262804,3,0.57201,-0.509313,-0.381772,0.517352,0.0
2077262814,3,0.572712,-0.508232,-0.381565,0.517791,0.0
2077262824,3,0.573358,-0.507201,-0.381371,0.51823,0.0
2077262834,3,0.574052,-0.506342,-0.38108,0.518515,0.0
2077262844,3,0.574803,-0.505488,-0.380798,0.518724,0.0
2077262854,3,0.575556,-0.504641,-0.380537,0.518904,0.0
2077262865,3,0.57626,-0.503623,-0.380462,0.519168,0.0
2077262875,3,0.576894,-0.502613,-0.380403,0.519485,0.0
2077262885,3,0.577545,-0.501796,-0.380168,0.519724,0.0
2077262895,3,0.57823,-0.500904,-0.379905,0.520016,0.0
2077262905,3,0.578896,-0.500124,-0.379681,0.520187,0.0
2077262915,3,0.579673,-0.499239,-0.379657,0.52019,0.0
2077262925,3,0.580411,-0.4984,-0.379713,0.520131,0.0
2077262935,3,0.580924,-0.497595,-0.379882,0.520206,0.0
2077262945,3,0.581325,-0.496903,-0.380076,0.520277,0.0
2077262955,3,0.581722,-0.49636,-0.380201,0.520261,0.0
2077262965,3,0.582155,-0.495852,-0.380313,0.520179,0.0
2077262975,3,0.582561,-0.495279,-0.380405,0.520203,0.0
2077262985,3,0.582966,-0.494844,-0.380411,0.520159,0.0
2077262996,3,0.583336,-0.49446,-0.380466,0.52007,0.0
2077263006,3,0.5836,-0.493936,-0.380716,0.520088,0.0
2077263016,3,0.583787,-0.493419,-0.381137,0.52006,0.0
2077263026,3,0.583922,-0.493042,-0.381566,0.519952,0.0
2077263036,3,0.584082,-0.492808,-0.382022,0.519659,0.0
2077263046,3,0.584255,-0.49257,-0.382509,0.519332,0.0
2077263056,3,0.584496,-0.492363,-0.383152,0.518783,0.0
2077263066,3,0.584564,-0.491865,-0.384107,0.518471,0.0
2077263076,3,0.584423,-0.491351,-0.385103,0.51838,0.0
2077263086,3,0.584291,-0.491236,-0.385907,0.51804,0.0
2077263096,3,0.584186,-0.491302,-0.386632,0.517556,0.0
2077263106,3,0.584038,-0.491455,-0.387446,0.516968,0.0
2077263116,3,0.583768,-0.49166,-0.388436,0.516335,0.0
2077263127,3,0.583264,-0.491675,-0.389557,0.516045,0.0
2077263137,3,0.582567,-0.491771,-0.390564,0.515978,0.0
2077263147,3,0.581851,-0.492256,-0.391358,0.515724,0.0
2077263157,3,0.581255,-0.49281,-0.39206,0.515333,0.0
2077263167,3,0.580712,-0.493272,-0.392877,0.514881,0.0
2077263177,3,0.580056,-0.493502,-0.393847,0.514659,0.0
2077263187,3,0.579242,-0.493575,-0.394943,0.514665,0.0
2077263197,3,0.578352,-0.493751,-0.395898,0.514763,0.0
2077263207,3,0.5775,-0.493968,-0.396792,0.514824,0.0
2077263217,3,0.576589,-0.494255,-0.397724,0.51485,0.0
2077263227,3,0.575649,-0.49456,-0.39869,0.514863,0.0
2077263237,3,0.574807,-0.495143,-0.399368,0.514718,0.0
2077263247,3,0.574179,-0.495986,-0.399659,0.514381,0.0
2077263257,3,0.573596,-0.496919,-0.399702,0.514097,0.0
2077263268,3,0.573045,-0.497843,-0.39974,0.513787,0.0
2077263278,3,0.572583,-0.498302,-0.400243,0.513465,0.0
2077263288,3,0.572118,-0.498833,-0.400619,0.513176,0.0
2077263298,3,0.571508,-0.499366,-0.400946,0.513082,0.0
2077263308,3,0.570541,-0.499733,-0.401316,0.51351,0.0
2077263318,3,0.569292,-0.50009,-0.401853,0.51413,0.0
2077263328,3,0.568033,-0.500287,-0.402536,0.514795,0.0
2077263338,3,0.566952,-0.500617,-0.402999,0.515303,0.0
2077263348,3,0.566223,-0.50148,-0.402888,0.515353,0.0
2077263358,3,0.56592,-0.502771,-0.402176,0.514983,0.0
2077263368,3,0.565837,-0.503934,-0.401447,0.514507,0.0
2077263378,3,0.565579,-0.504377,-0.401242,0.514516,0.0
2077263388,3,0.565081,-0.504449,-0.401306,0.514942,0.0
2077263399,3,0.564604,-0.504495,-0.401347,0.515389,0.0
2077263409,3,0.564224,-0.504537,-0.401347,0.515764,0.0
2077263419,3,0.563919,-0.504457,-0.401476,0.516075,0.0
2077263429,3,0.563847,-0.504377,-0.401626,0.516116,0.0
2077263439,3,0.563899,-0.504381,-0.401732,0.515973,0.0
2077263449,3,0.563954,-0.504787,-0.401519,0.515681,0.0
2077263459,3,0.564119,-0.505233,-0.401267,0.51526,0.0
2077263469,3,0.56434,-0.50544,-0.401341,0.514756,0.0
2077263479,3,0.564392,-0.505099,-0.402064,0.51447,0.0
2077263489,3,0.56406,-0.504663,-0.402995,0.514533,0.0
2077263499,3,0.563583,-0.50451,-0.403632,0.514707,0.0
2077263509,3,0.563014,-0.504483,-0.403915,0.515134,0.0
2077263519,3,0.562639,-0.504706,-0.403843,0.515381,0.0
2077263530,3,0.562476,-0.505042,-0.403799,0.515265,0.0
2077263540,3,0.562148,-0.505118,-0.40395,0.51543,0.0
2077263550,3,0.56143,-0.505219,-0.40416,0.515948,0.0
2077263560,3,0.560625,-0.505409,-0.404241,0.516574,0.0
2077263570,3,0.560055,-0.505823,-0.404032,0.51695,0.0
2077263580,3,0.559814,-0.506278,-0.403704,0.517023,0.0
2077263590,3,0.559751,-0.506626,-0.403216,0.517131,0.0
2077263600,3,0.55981,-0.507043,-0.402485,0.517227,0.0
2077263610,3,0.559883,-0.507322,-0.401899,0.51733,0.0
2077263620,3,0.559783,-0.5073,-0.401574,0.517712,0.0
2077263630,3,0.55969,-0.507182,-0.401213,0.518209,0.0
2077263640,3,0.559768,-0.507232,-0.400759,0.518426,0.0
2077263650,3,0.559913,-0.507186,-0.400366,0.518618,0.0
2077263660,3,0.560132,-0.507204,-0.399966,0.518673,0.0
2077263671,3,0.560374,-0.507122,-0.39975,0.518659,0.0
2077263681,3,0.560409,-0.507152,-0.399464,0.518811,0.0
2077263691,3,0.560477,-0.507418,-0.398924,0.518892,0.0
2077263701,3,0.560641,-0.50744,-0.398408,0.519091,0.0
2077263711,3,0.56079,-0.507281,-0.397994,0.519403,0.0
2077263721,3,0.561016,-0.50723,-0.397458,0.519619,0.0
2077263731,3,0.561363,-0.506953,-0.396961,0.519895,0.0
2077263741,3,0.561676,-0.50651,-0.396589,0.520272,0.0
2077263751,3,0.561993,-0.506311,-0.396088,0.520505,0.0
2077263761,3,0.562501,-0.506386,-0.395439,0.520376,0.0
2077263771,3,0.563061,-0.506441,-0.394878,0.520144,0.0
2077263781,3,0.563504,-0.506174,-0.394409,0.520279,0.0
2077263791,3,0.564011,-0.505685,-0.393995,0.520519,0.0
2077263802,3,0.564571,-0.504969,-0.393662,0.520859,0.0
2077263812,3,0.565154,-0.504344,-0.393261,0.521135,0.0
2077263822,3,0.565901,-0.503911,-0.392636,0.521215,0.0
2077263832,3,0.566819,-0.503325,-0.39217,0.521134,0.0
2077263842,3,0.567658,-0.502605,-0.39191,0.521112,0.0
2077263852,3,0.568385,-0.501946,-0.391736,0.521085,0.0
2077263862,3,0.569005,-0.501268,-0.391648,0.521127,0.0
2077263872,3,0.569477,-0.500766,-0.391496,0.521209,0.0
2077263882,3,0.569849,-0.50038,-0.391265,0.521346,0.0
2077263892,3,0.570214,-0.500205,-0.390851,0.521425,0.0
2077263902,3,0.570572,-0.500016,-0.390403,0.521551,0.0
2077263912,3,0.570935,-0.499911,-0.389866,0.521657,0.0
2077263922,3,0.571357,-0.499823,-0.389341,0.52167,0.0
2077263933,3,0.571783,-0.499637,-0.388939,0.521682,0.0
2077263943,3,0.572211,-0.499428,-0.388583,0.521678,0.0
2077263953,3,0.572692,-0.499229,-0.388192,0.521632,0.0
2077263963,3,0.57324,-0.499081,-0.387683,0.52155,0.0
2077263973,3,0.5739,-0.498935,-0.387114,0.521385,0.0
2077263983,3,0.574508,-0.498773,-0.38651,0.52132,0.0
2077263993,3,0.57495,-0.498579,-0.385899,0.521471,0.0
2077264003,3,0.575395,-0.498443,-0.385204,0.521624,0.0
2077264013,3,0.57594,-0.498293,-0.384654,0.521571,0.0
2077264023,3,0.576444,-0.498242,-0.384103,0.521469,0.0
2077264033,3,0.57703,-0.498065,-0.383737,0.52126,0.0
2077264043,3,0.577571,-0.497749,-0.383495,0.52114,0.0
2077264053,3,0.577989,-0.49748,-0.383241,0.521121,0.0
2077264064,3,0.578411,-0.497113,-0.382947,0.521219,0.0
2077264074,3,0.578815,-0.496793,-0.382627,0.521311,0.0
2077264084,3,0.57916,-0.496596,-0.382181,0.521443,0.0
2077264094,3,0.579559,-0.496439,-0.381673,0.52152,0.0
2077264104,3,0.579881,-0.495995,-0.38142,0.52177,0.0
2077264114,3,0.58011,-0.495447,-0.381296,0.522126,0.0
2077264124,3,0.580325,-0.495016,-0.381079,0.522455,0.0
2077264134,3,0.580654,-0.494449,-0.3809,0.522757,0.0
2077264144,3,0.581075,-0.493948,-0.380614,0.522971,0.0
2077264154,3,0.581606,-0.49355,-0.380327,0.522965,0.0
2077264164,3,0.582245,-0.493159,-0.380058,0.522818,0.0
2077264174,3,0.582826,-0.492538,-0.37993,0.52285,0.0
2077264184,3,0.583377,-0.491894,-0.379745,0.522977,0.0
2077264194,3,0.58402,-0.491247,-0.379552,0.523007,0.0
2077264205,3,0.58469,-0.490541,-0.379508,0.522952,0.0
2077264215,3,0.585283,-0.489734,-0.379685,0.522916,0.0
2077264225,3,0.585779,-0.48893,-0.380059,0.522843,0.0
2077264235,3,0.586172,-0.488422,-0.380396,0.522631,0.0
2077264245,3,0.586472,-0.488042,-0.380614,0.52249,0.0
2077264255,3,0.586738,-0.4878,-0.3808,0.522282,0.0
2077264265,3,0.586969,-0.487418,-0.381051,0.522196,0.0
2077264275,3,0.58714,-0.48733,-0.381171,0.522,0.0
2077264285,3,0.587309,-0.487268,-0.381317,0.52176,0.0
2077264295,3,0.587491,-0.486954,-0.381694,0.521572,0.0
2077264305,3,0.587533,-0.486501,-0.382249,0.521541,0.0
2077264315,3,0.587572,-0.48615,-0.382814,0.52141,0.0
2077264325,3,0.587639,-0.485853,-0.383278,0.521271,0.0
2077264336,3,0.587717,-0.485781,-0.383599,0.521013,0.0
2077264346,3,0.587812,-0.485776,-0.383911,0.520682,0.0
2077264356,3,0.587824,-0.485647,-0.384238,0.520547,0.0
2077264366,3,0.587771,-0.485776,-0.384344,0.520407,0.0
2077264376,3,0.587735,-0.486187,-0.38425,0.520135,0.0
2077264386,3,0.587687,-0.486578,-0.384224,0.519842,0.0
2077264396,3,0.587676,-0.486735,-0.384295,0.519655,0.0
2077264406,3,0.587607,-0.486796,-0.384434,0.519573,0.0
2077264416,3,0.587388,-0.486968,-0.384529,0.519589,0.0
2077264426,3,0.587094,-0.487012,-0.384618,0.519815,0.0
2077264436,3,0.586786,-0.48717,-0.384599,0.520028,0.0
2077264446,3,0.586551,-0.487433,-0.384386,0.520204,0.0
2077264456,3,0.586504,-0.487758,-0.38402,0.520223,0.0
2077264467,3,0.586475,-0.48804,-0.383694,0.520232,0.0
2077264477,3,0.586421,-0.488096,-0.383633,0.520285,0.0
2077264487,3,0.586369,-0.48792,-0.38389,0.520318,0.0
2077264497,3,0.58629,-0.487427,-0.384486,0.520431,0.0
2077264507,3,0.586217,-0.486943,-0.385297,0.520365,0.0
2077264517,3,0.586032,-0.486445,-0.386308,0.520291,0.0
2077264527,3,0.585876,-0.485883,-0.387423,0.520162,0.0
2077264537,3,0.585755,-0.4855,-0.388437,0.519899,0.0
2077264547,3,0.585607,-0.485335,-0.389238,0.519622,0.0
2077264557,3,0.585453,-0.485257,-0.389971,0.519318,0.0
2077264567,3,0.585345,-0.485356,-0.390615,0.518863,0.0
2077264577,3,0.585194,-0.485464,-0.391315,0.518404,0.0
2077264587,3,0.584927,-0.485721,-0.391985,0.517959,0.0
2077264598,3,0.584503,-0.485915,-0.392551,0.517828,0.0
2077264608,3,0.584042,-0.486286,-0.392876,0.517752,0.0
2077264618,3,0.583524,-0.486694,-0.393114,0.517773,0.0
2077264628,3,0.582967,-0.487096,-0.393403,0.517803,0.0
2077264638,3,0.582379,-0.487572,-0.393754,0.517749,0.0
2077264648,3,0.58181,-0.48817,-0.394061,0.517591,0.0
2077264658,3,0.581306,-0.488725,-0.394445,0.517341,0.0
2077264668,3,0.580774,-0.489065,-0.394964,0.517221,0.0
2077264678,3,0.580222,-0.489536,-0.39543,0.51704,0.0
2077264688,3,0.579571,-0.490289,-0.395726,0.51683,0.0
2077264698,3,0.578837,-0.491035,-0.396051,0.516696,0.0
2077264708,3,0.577976,-0.491437,-0.396655,0.516814,0.0
2077264718,3,0.577156,-0.491935,-0.397276,0.516779,0.0
2077264728,3,0.57644,-0.492713,-0.397449,0.516705,0.0
2077264739,3,0.575879,-0.493778,-0.397223,0.516487,0.0
2077264749,3,0.575423,-0.494579,-0.397177,0.516264,0.0
2077264759,3,0.575008,-0.495213,-0.397192,0.516106,0.0
2077264769,3,0.574587,-0.496108,-0.397086,0.515799,0.0
2077264779,3,0.573976,-0.496948,-0.397171,0.515604,0.0
2077264789,3,0.573028,-0.497324,-0.39759,0.515973,0.0
2077264799,3,0.572023,-0.497717,-0.39796,0.516424,0.0
2077264809,3,0.571262,-0.498229,-0.397962,0.516771,0.0
2077264819,3,0.570773,-0.499074,-0.39753,0.516828,0.0
2077264829,3,0.570414,-0.500154,-0.396943,0.516632,0.0
2077264839,3,0.570031,-0.500911,-0.396549,0.516623,0.0
2077264849,3,0.569598,-0.501318,-0.396392,0.516826,0.0
2077264859,3,0.568994,-0.501803,-0.396119,0.51723,0.0
2077264870,3,0.568214,-0.502274,-0.395823,0.517857,0.0
2077264880,3,0.567391,-0.502764,-0.395425,0.518587,0.0
2077264890,3,0.566609,-0.503075,-0.394999,0.519465,0.0
2077264900,3,0.5662,-0.50335,-0.394584,0.51996,0.0
2077264910,3,0.566087,-0.503606,-0.39401,0.52027,0.0
2077264920,3,0.566261,-0.50412,-0.393151,0.520233,0.0
2077264930,3,0.566657,-0.504662,-0.392227,0.519972,0.0
2077264940,3,0.566902,-0.504779,-0.391659,0.520021,0.0
2077264950,3,0.566937,-0.504356,-0.391636,0.520411,0.0
2077264960,3,0.566753,-0.503904,-0.391725,0.520981,0.0
2077264970,3,0.566612,-0.503802,-0.391525,0.521383,0.0
2077264980,3,0.566658,-0.503957,-0.391074,0.521522,0.0
2077264990,3,0.566837,-0.504135,-0.390548,0.52155,0.0
2077265001,3,0.567081,-0.504244,-0.390117,0.521502,0.0
2077265011,3,0.567226,-0.504282,-0.389826,0.521525,0.0
2077265021,3,0.56725,-0.504275,-0.389639,0.521645,0.0
2077265031,3,0.567229,-0.504202,-0.389561,0.521797,0.0
2077265041,3,0.567212,-0.503914,-0.389638,0.522035,0.0
2077265051,3,0.567111,-0.503672,-0.389634,0.522382,0.0
2077265061,3,0.567037,-0.50364,-0.38941,0.522661,0.0
2077265071,3,0.56701,-0.503749,-0.389078,0.522831,0.0
2077265081,3,0.567051,-0.503703,-0.38892,0.52295,0.0
2077265091,3,0.567103,-0.503607,-0.388971,0.522948,0.0
2077265101,3,0.567028,-0.503404,-0.388971,0.523225,0.0
2077265111,3,0.566986,-0.503403,-0.388686,0.523482,0.0
2077265121,3,0.567124,-0.503474,-0.38827,0.523573,0.0
2077265131,3,0.567136,-0.50318,-0.388143,0.523937,0.0
2077265142,3,0.567072,-0.502874,-0.388121,0.524316,0.0
2077265152,3,0.567098,-0.502811,-0.387963,0.524465,0.0
2077265162,3,0.567211,-0.503026,-0.387549,0.524443,0.0
2077265172,3,0.567374,-0.503106,-0.387188,0.524456,0.0
2077265182,3,0.567397,-0.502772,-0.387143,0.524785,0.0
2077265192,3,0.567212,-0.50239,-0.387229,0.525287,0.0
2077265202,3,0.567082,-0.502004,-0.387306,0.52574,0.0
2077265212,3,0.567041,-0.501708,-0.387364,0.526024,0.0
2077265222,3,0.567088,-0.501567,-0.387382,0.526094,0.0
2077265232,3,0.567284,-0.50145,-0.387435,0.525955,0.0
2077265242,3,0.567528,-0.501414,-0.387357,0.525784,0.0
2077265252,3,0.567861,-0.501343,-0.387204,0.525605,0.0
2077265262,3,0.568244,-0.500853,-0.387296,0.52559,0.0
2077265273,3,0.568542,-0.500226,-0.387545,0.525682,0.0
2077265283,3,0.568896,-0.499781,-0.387607,0.525676,0.0
2077265293,3,0.569308,-0.49961,-0.387581,0.525411,0.0
2077265303,3,0.569533,-0.499402,-0.387613,0.525342,0.0
2077265313,3,0.569552,-0.498944,-0.38786,0.525574,0.0
2077265323,3,0.569529,-0.498752,-0.388088,0.525612,0.0
2077265333,3,0.569557,-0.498711,-0.388234,0.525514,0.0
2077265343,3,0.569552,-0.498695,-0.388388,0.525421,0.0
2077265353,3,0.56947,-0.498818,-0.388455,0.525343,0.0
2077265363,3,0.569424,-0.499058,-0.388299,0.52528,0.0
2077265373,3,0.569465,-0.499466,-0.387998,0.525071,0.0
2077265383,3,0.569522,-0.4997,-0.387809,0.524926,0.0
2077265393,3,0.56959,-0.499732,-0.387778,0.524845,0.0
2077265404,3,0.569726,-0.499762,-0.387796,0.524654,0.0
2077265414,3,0.56978,-0.499739,-0.387895,0.524544,0.0
2077265424,3,0.56981,-0.499726,-0.387998,0.524449,0.0
2077265434,3,0.569967,-0.499712,-0.388139,0.524187,0.0
2077265444,3,0.570073,-0.499681,-0.388381,0.523923,0.0
2077265454,3,0.570141,-0.499781,-0.388473,0.523685,0.0
2077265464,3,0.570323,-0.499796,-0.38864,0.523347,0.0
2077265474,3,0.570401,-0.499894,-0.388886,0.522987,0.0
2077265484,3,0.570352,-0.49993,-0.389205,0.522768,0.0
2077265494,3,0.570289,-0.49985,-0.389697,0.522546,0.0
2077265504,3,0.570133,-0.499745,-0.390273,0.522387,0.0
2077265514,3,0.569934,-0.49967,-0.390703,0.522354,0.0
2077265524,3,0.569804,-0.499723,-0.391013,0.522214,0.0
2077265535,3,0.569466,-0.499818,-0.391326,0.522257,0.0
2077265545,3,0.568915,-0.499795,-0.391657,0.522631,0.0
2077265555,3,0.568511,-0.499982,-0.39182,0.52277,0.0
2077265565,3,0.568226,-0.500119,-0.391912,0.522879,0.0
2077265575,3,0.568111,-0.50026,-0.391943,0.522846,0.0
2077265585,3,0.56812,-0.50051,-0.39186,0.52266,0.0
2077265595,3,0.568245,-0.500723,-0.391745,0.522406,0.0
2077265605,3,0.568258,-0.50091,-0.391708,0.522241,0.0
2077265615,3,0.568148,-0.50099,-0.391878,0.522156,0.0
2077265625,3,0.568022,-0.500935,-0.392163,0.522132,0.0
2077265635,3,0.568,-0.501119,-0.392313,0.521866,0.0
2077265645,3,0.568143,-0.501449,-0.392279,0.521419,0.0
2077265655,3,0.56839,-0.50175,-0.392294,0.520849,0.0
2077265665,3,0.568564,-0.501715,-0.392588,0.520471,0.0
2077265676,3,0.568578,-0.501551,-0.393112,0.520218,0.0
2077265686,3,0.568443,-0.501492,-0.393696,0.51998,0.0
2077265696,3,0.568285,-0.501506,-0.39417,0.519781,0.0
2077265706,3,0.568139,-0.501647,-0.394537,0.519526,0.0
2077265716,3,0.568031,-0.501959,-0.394774,0.519162,0.0
2077265726,3,0.567955,-0.502331,-0.394903,0.518787,0.0
2077265736,3,0.567921,-0.502738,-0.394912,0.518424,0.0
2077265746,3,0.567879,-0.502962,-0.395091,0.518115,0.0
2077265756,3,0.56775,-0.503229,-0.395403,0.517759,0.0
2077265766,3,0.567508,-0.503439,-0.395879,0.517457,0.0
2077265776,3,0.567161,-0.503516,-0.396421,0.517347,0.0
2077265786,3,0.566715,-0.503895,-0.396643,0.517297,0.0
2077265796,3,0.566428,-0.504437,-0.39656,0.517147,0.0
2077265807,3,0.566249,-0.504881,-0.396509,0.516949,0.0
2077265817,3,0.566058,-0.505268,-0.396469,0.516811,0.0
2077265827,3,0.565955,-0.505662,-0.396329,0.516645,0.0
2077265837,3,0.56605,-0.506235,-0.396045,0.516198,0.0
2077265847,3,0.56613,-0.506794,-0.395728,0.515805,0.0
2077265857,3,0.566066,-0.507034,-0.395685,0.515671,0.0
2077265867,3,0.565849,-0.506857,-0.396013,0.515831,0.0
2077265877,3,0.565548,-0.506632,-0.396364,0.516114,0.0
2077265887,3,0.565382,-0.506708,-0.396442,0.51616,0.0
2077265897,3,0.56527,-0.506803,-0.396478,0.516163,0.0
2077265907,3,0.565185,-0.506895,-0.396406,0.516221,0.0
2077265917,3,0.565273,-0.507033,-0.396234,0.51612,0.0
2077265927,3,0.565368,-0.506999,-0.396227,0.516055,0.0
2077265938,3,0.565378,-0.507018,-0.396243,0.516014,0.0
2077265948,3,0.565363,-0.507037,-0.396257,0.516001,0.0
2077265958,3,0.56538,-0.506953,-0.396287,0.516041,0.0
2077265968,3,0.565371,-0.506934,-0.396215,0.516126,0.0
2077265978,3,0.565355,-0.50684,-0.396109,0.516317,0.0
2077265988,3,0.565281,-0.50684,-0.395991,0.516489,0.0
2077265998,3,0.565133,-0.506891,-0.395801,0.516746,0.0
2077266008,3,0.565076,-0.506988,-0.395555,0.516901,0.0
2077266018,3,0.565204,-0.507151,-0.395361,0.51675,0.0
2077266028,3,0.565455,-0.507196,-0.395179,0.51657,0.0
2077266038,3,0.565798,-0.507179,-0.394968,0.516373,0.0
2077266048,3,0.566111,-0.507047,-0.394777,0.516305,0.0
2077266058,3,0.566254,-0.506815,-0.394685,0.516447,0.0
2077266069,3,0.566249,-0.506404,-0.394794,0.516772,0.0
2077266079,3,0.566182,-0.505925,-0.394969,0.517181,0.0
2077266089,3,0.566123,-0.505806,-0.394942,0.517383,0.0
2077266099,3,0.566169,-0.505839,-0.394787,0.517418,0.0
2077266109,3,0.566312,-0.505931,-0.394671,0.51726,0.0
2077266119,3,0.566362,-0.505958,-0.394735,0.517129,0.0
2077266129,3,0.566394,-0.505956,-0.394755,0.517081,0.0
2077266139,3,0.566389,-0.505952,-0.394761,0.517085,0.0
2077266149,3,0.566296,-0.505926,-0.39477,0.517206,0.0
2077266159,3,0.566186,-0.505829,-0.394796,0.517402,0.0
2077266169,3,0.566085,-0.505585,-0.394921,0.517656,0.0
2077266179,3,0.565989,-0.505482,-0.394803,0.51795,0.0
2077266189,3,0.566036,-0.5057,-0.394429,0.517972,0.0
2077266199,3,0.566211,-0.506112,-0.393977,0.517723,0.0
2077266210,3,0.566343,-0.506246,-0.393829,0.517559,0.0
2077266220,3,0.566326,-0.506143,-0.393902,0.517623,0.0
2077266230,3,0.566182,-0.505853,-0.394148,0.517877,0.0
2077266240,3,0.566045,-0.505716,-0.394244,0.518087,0.0
2077266250,3,0.566061,-0.505709,-0.394127,0.518165,0.0
2077266260,3,0.566199,-0.505805,-0.393894,0.518098,0.0
2077266270,3,0.566334,-0.506096,-0.393518,0.517952,0.0
2077266280,3,0.566354,-0.506257,-0.393202,0.518012,0.0
2077266290,3,0.566255,-0.506125,-0.393205,0.518248,0.0
2077266300,3,0.56614,-0.505975,-0.39334,0.518417,0.0
2077266310,3,0.566108,-0.506018,-0.393374,0.518385,0.0
2077266320,3,0.566114,-0.506044,-0.393381,0.518348,0.0
2077266330,3,0.566048,-0.505901,-0.393324,0.518602,0.0
2077266341,3,0.566117,-0.505902,-0.393066,0.518722,0.0
2077266351,3,0.566288,-0.505741,-0.39288,0.518833,0.0
2077266361,3,0.566443,-0.505606,-0.392621,0.51899,0.0
2077266371,3,0.566609,-0.505652,-0.39223,0.51906,0.0
2077266381,3,0.566885,-0.505673,-0.391827,0.519044,0.0
2077266391,3,0.567134,-0.505434,-0.39167,0.519123,0.0
2077266401,3,0.567256,-0.505082,-0.391738,0.51928,0.0
2077266411,3,0.56744,-0.504895,-0.39187,0.519162,0.0
2077266421,3,0.567691,-0.5049,-0.391774,0.518955,0.0
2077266431,3,0.568022,-0.504901,-0.391598,0.518724,0.0
2077266441,3,0.568362,-0.504829,-0.391507,0.518491,0.0
2077266451,3,0.568603,-0.504642,-0.391539,0.518384,0.0
2077266461,3,0.568658,-0.504519,-0.391629,0.518376,0.0
2077266472,3,0.568607,-0.504488,-0.391745,0.518374,0.0
2077266482,3,0.568489,-0.504332,-0.392062,0.518416,0.0
2077266492,3,0.568329,-0.504255,-0.39239,0.518417,0.0
2077266502,3,0.568178,-0.504342,-0.392524,0.518397,0.0
2077266512,3,0.568077,-0.504803,-0.392381,0.518168,0.0
2077266522,3,0.568034,-0.505075,-0.392329,0.517989,0.0
2077266532,3,0.567905,-0.505081,-0.392396,0.518074,0.0
2077266542,3,0.56773,-0.505248,-0.392363,0.518128,0.0
2077266552,3,0.567643,-0.505541,-0.392047,0.518176,0.0
2077266562,3,0.567705,-0.505846,-0.39169,0.518081,0.0
2077266572,3,0.56774,-0.505918,-0.391528,0.518095,0.0
2077266582,3,0.567721,-0.505723,-0.391551,0.518288,0.0
2077266592,3,0.567543,-0.5055,-0.39165,0.518626,0.0
2077266602,3,0.567285,-0.505244,-0.391823,0.519026,0.0
2077266613,3,0.567074,-0.505141,-0.391915,0.519288,0.0
2077266623,3,0.566949,-0.505153,-0.391858,0.519457,0.0
2077266633,3,0.566878,-0.505225,-0.391622,0.519642,0.0
2077266643,3,0.566872,-0.505347,-0.391376,0.519715,0.0
2077266653,3,0.566795,-0.505376,-0.391223,0.519885,0.0
2077266663,3,0.566667,-0.505358,-0.391099,0.520136,0.0
2077266673,3,0.56652,-0.505319,-0.391051,0.52037,0.0
2077266683,3,0.566304,-0.505188,-0.391031,0.520747,0.0
2077266693,3,0.566229,-0.505123,-0.390812,0.521056,0.0
2077266703,3,0.566357,-0.505035,-0.390438,0.521283,0.0
2077266713,3,0.566518,-0.504845,-0.390085,0.521557,0.0
2077266723,3,0.56675,-0.504603,-0.389712,0.521818,0.0
2077266733,3,0.567132,-0.504457,-0.389296,0.521854,0.0
2077266744,3,0.567503,-0.504059,-0.389127,0.521962,0.0
2077266754,3,0.567869,-0.503546,-0.389085,0.522089,0.0
2077266764,3,0.568276,-0.503058,-0.389067,0.522131,0.0
2077266774,3,0.568661,-0.502649,-0.389086,0.52209,0.0
2077266784,3,0.568812,-0.502132,-0.389254,0.522299,0.0
2077266794,3,0.56884,-0.5018,-0.389371,0.5225,0.0
2077266804,3,0.568959,-0.501746,-0.389266,0.5225,0.0
2077266814,3,0.569243,-0.501751,-0.388984,0.522397,0.0
2077266824,3,0.569658,-0.501818,-0.38861,0.522157,0.0
2077266834,3,0.570108,-0.501687,-0.388391,0.521956,0.0
2077266844,3,0.570389,-0.501518,-0.38827,0.521901,0.0
2077266854,3,0.57063,-0.501471,-0.38802,0.521868,0.0
2077266864,3,0.570919,-0.501303,-0.387751,0.521915,0.0
2077266875,3,0.57122,-0.500928,-0.387584,0.522068,0.0
2077266885,3,0.571603,-0.500708,-0.387341,0.522041,0.0
2077266895,3,0.572093,-0.500599,-0.386961,0.521891,0.0
2077266905,3,0.572563,-0.500705,-0.386391,0.521695,0.0
2077266915,3,0.573064,-0.500622,-0.38586,0.521618,0.0
2077266925,3,0.573693,-0.500452,-0.385486,0.521366,0.0
2077266935,3,0.574345,-0.500168,-0.385259,0.521089,0.0
2077266945,3,0.574944,-0.499882,-0.385246,0.520712,0.0
2077266955,3,0.575372,-0.499489,-0.385384,0.520515,0.0
2077266965,3,0.57564,-0.499055,-0.385391,0.520629,0.0
2077266975,3,0.575983,-0.498768,-0.385242,0.520635,0.0
2077266985,3,0.576285,-0.498576,-0.385197,0.520518,0.0
2077266995,3,0.576469,-0.498438,-0.385297,0.520373,0.0
2077267006,3,0.57668,-0.498226,-0.385489,0.5202,0.0
2077267016,3,0.576902,-0.498024,-0.385697,0.519992,0.0
2077267026,3,0.577091,-0.497834,-0.385971,0.519762,0.0
2077267036,3,0.577214,-0.497663,-0.386275,0.519563,0.0
2077267046,3,0.577262,-0.497503,-0.386481,0.519509,0.0
2077267056,3,0.577275,-0.497297,-0.386663,0.519556,0.0
2077267066,3,0.577185,-0.496995,-0.386982,0.519709,0.0
2077267076,3,0.577,-0.496986,-0.387162,0.519788,0.0
2077267086,3,0.576819,-0.497193,-0.386954,0.519946,0.0
2077267096,3,0.576759,-0.497531,-0.386452,0.520062,0.0
2077267106,3,0.576884,-0.497783,-0.386045,0.519985,0.0
2077267116,3,0.577165,-0.497872,-0.385817,0.519757,0.0
2077267126,3,0.577464,-0.498009,-0.385596,0.519457,0.0
2077267136,3,0.577726,-0.498339,-0.385219,0.519129,0.0
2077267147,3,0.577941,-0.498522,-0.38489,0.518958,0.0
2077267157,3,0.578058,-0.498556,-0.384745,0.518903,0.0
2077267167,3,0.57805,-0.498467,-0.384689,0.519039,0.0
2077267177,3,0.57804,-0.498576,-0.384516,0.519073,0.0
2077267187,3,0.578103,-0.498784,-0.384356,0.518922,0.0
2077267197,3,0.578279,-0.498741,-0.384436,0.518708,0.0
2077267207,3,0.578444,-0.498644,-0.384576,0.518513,0.0
2077267217,3,0.578656,-0.498577,-0.384692,0.518256,0.0
2077267227,3,0.578872,-0.498531,-0.384841,0.517948,0.0
2077267237,3,0.579064,-0.498511,-0.384987,0.517644,0.0
2077267247,3,0.579222,-0.498356,-0.385146,0.517498,0.0
2077267257,3,0.579313,-0.498338,-0.385205,0.517369,0.0
2077267267,3,0.579358,-0.498193,-0.385231,0.517439,0.0
2077267278,3,0.579564,-0.498017,-0.385251,0.517362,0.0
2077267288,3,0.57998,-0.498109,-0.385257,0.516804,0.0
2077267298,3,0.580434,-0.498258,-0.385308,0.516112,0.0
2077267308,3,0.580729,-0.49814,-0.3856,0.515675,0.0
2077267318,3,0.580832,-0.497685,-0.386146,0.51559,0.0
2077267328,3,0.580782,-0.497404,-0.386541,0.515621,0.0
2077267338,3,0.580719,-0.497372,-0.386643,0.515646,0.0
2077267348,3,0.580629,-0.49746,-0.386607,0.51569,0.0
2077267358,3,0.580576,-0.497704,-0.386445,0.515636,0.0
2077267368,3,0.580636,-0.498058,-0.386233,0.515385,0.0
2077267378,3,0.580586,-0.498296,-0.386248,0.5152,0.0
2077267388,3,0.580307,-0.498403,-0.386437,0.51527,0.0
2077267398,3,0.579986,-0.498424,-0.386691,0.515421,0.0
2077267409,3,0.579807,-0.498609,-0.386696,0.515439,0.0
2077267419,3,0.579822,-0.498893,-0.386513,0.515284,0.0
2077267429,3,0.579891,-0.498973,-0.386432,0.51519,0.0
2077267439,3,0.579884,-0.499086,-0.38632,0.515172,0.0
2077267449,3,0.580003,-0.499135,-0.386011,0.515224,0.0
2077267459,3,0.580377,-0.499324,-0.385596,0.514928,0.0
2077267469,3,0.58085,-0.499326,-0.38551,0.514458,0.0
2077267479,3,0.581157,-0.499121,-0.385798,0.514094,0.0
2077267489,3,0.581316,-0.498779,-0.386467,0.513744,0.0
2077267499,3,0.581239,-0.498453,-0.38729,0.513527,0.0
2077267509,3,0.581094,-0.498308,-0.387924,0.513353,0.0
2077267519,3,0.581005,-0.498407,-0.3883,0.513075,0.0
2077267529,3,0.58084,-0.498663,-0.388589,0.512792,0.0
2077267540,3,0.580566,-0.499044,-0.388919,0.512482,0.0
2077267550,3,0.58021,-0.499459,-0.38926,0.512222,0.0
2077267560,3,0.579838,-0.49989,-0.389464,0.512068,0.0
2077267570,3,0.579387,-0.500427,-0.389551,0.511987,0.0
2077267580,3,0.578908,-0.500785,-0.389698,0.512068,0.0
2077267590,3,0.578458,-0.501276,-0.389804,0.512015,0.0
2077267600,3,0.578144,-0.501819,-0.389772,0.511862,0.0
2077267610,3,0.577964,-0.502171,-0.389563,0.511879,0.0
2077267620,3,0.577818,-0.502557,-0.389243,0.511909,0.0
2077267630,3,0.577721,-0.503223,-0.388698,0.511778,0.0
2077267640,3,0.577716,-0.503918,-0.38815,0.511517,0.0
2077267650,3,0.577643,-0.504049,-0.387992,0.511589,0.0
2077267660,3,0.577482,-0.503923,-0.388218,0.511723,0.0
2077267670,3,0.577241,-0.503847,-0.388509,0.51185,0.0
2077267681,3,0.577075,-0.50411,-0.388579,0.511725,0.0
2077267691,3,0.577021,-0.504626,-0.388425,0.511394,0.0
2077267701,3,0.576936,-0.505016,-0.388297,0.511203,0.0
2077267711,3,0.576745,-0.505409,-0.388189,0.511111,0.0
2077267721,3,0.576491,-0.505645,-0.388173,0.511176,0.0
2077267731,3,0.576226,-0.50573,-0.388306,0.511289,0.0
2077267741,3,0.575865,-0.505732,-0.388581,0.511485,0.0
2077267751,3,0.575466,-0.505962,-0.388685,0.511628,0.0
2077267761,3,0.575132,-0.506102,-0.388725,0.511834,0.0
2077267771,3,0.574813,-0.506237,-0.38869,0.512086,0.0
2077267781,3,0.574668,-0.506587,-0.388604,0.511968,0.0
2077267791,3,0.574595,-0.506918,-0.388582,0.511739,0.0
2077267801,3,0.574522,-0.507116,-0.388503,0.511685,0.0
2077267812,3,0.57458,-0.507322,-0.388262,0.511599,0.0
2077267822,3,0.574843,-0.507188,-0.388026,0.511615,0.0
2077267832,3,0.575152,-0.507045,-0.387802,0.51158,0.0
2077267842,3,0.575444,-0.50707,-0.387657,0.511335,0.0
2077267852,3,0.575567,-0.507025,-0.387791,0.51114,0.0
2077267862,3,0.575484,-0.506909,-0.388101,0.511114,0.0
2077267872,3,0.575321,-0.507127,-0.388251,0.510967,0.0
2077267882,3,0.5752,-0.507529,-0.388198,0.510744,0.0
2077267892,3,0.575077,-0.508005,-0.388008,0.510555,0.0
2077267902,3,0.574973,-0.508405,-0.387822,0.510414,0.0
2077267912,3,0.574948,-0.508741,-0.387757,0.510156,0.0
2077267922,3,0.57482,-0.508864,-0.387756,0.510179,0.0
2077267932,3,0.574634,-0.508832,-0.387851,0.510349,0.0
2077267943,3,0.574446,-0.508845,-0.38791,0.510502,0.0
2077267953,3,0.574329,-0.508959,-0.387783,0.510617,0.0
2077267963,3,0.574343,-0.509094,-0.387614,0.510595,0.0
2077267973,3,0.57436,-0.509158,-0.387538,0.51057,0.0
2077267983,3,0.574409,-0.509323,-0.387404,0.510451,0.0
2077267993,3,0.574582,-0.509514,-0.387189,0.51023,0.0
2077268003,3,0.574879,-0.509476,-0.38707,0.510022,0.0
2077268013,3,0.575136,-0.509374,-0.387057,0.509845,0.0
2077268023,3,0.575348,-0.509356,-0.387177,0.509532,0.0
2077268033,3,0.575398,-0.509234,-0.387365,0.509455,0.0
2077268043,3,0.575291,-0.509292,-0.387446,0.509456,0.0
2077268053,3,0.575218,-0.50927,-0.387488,0.509529,0.0
2077268063,3,0.575181,-0.509498,-0.387346,0.50945,0.0
2077268073,3,0.575206,-0.509953,-0.386967,0.509255,0.0
2077268084,3,0.575268,-0.510308,-0.386557,0.509141,0.0
2077268094,3,0.575225,-0.51029,-0.386531,0.509227,0.0
2077268104,3,0.575122,-0.510378,-0.386492,0.509285,0.0
2077268114,3,0.575172,-0.510624,-0.386241,0.509172,0.0
2077268124,3,0.575294,-0.510863,-0.385931,0.509029,0.0
2077268134,3,0.575318,-0.511083,-0.38561,0.509024,0.0
2077268144,3,0.575388,-0.511182,-0.38536,0.509036,0.0
2077268154,3,0.575489,-0.511235,-0.385203,0.508988,0.0
2077268164,3,0.57561,-0.511361,-0.3849,0.508953,0.0
2077268174,3,0.575929,-0.511682,-0.384419,0.508634,0.0
2077268184,3,0.576372,-0.511834,-0.38408,0.508234,0.0
2077268194,3,0.5767,-0.511605,-0.384056,0.50811,0.0
2077268204,3,0.576871,-0.511195,-0.384343,0.508112,0.0
2077268215,3,0.577001,-0.510799,-0.384664,0.508121,0.0
2077268225,3,0.577163,-0.510839,-0.384686,0.507879,0.0
2077268235,3,0.577305,-0.511014,-0.384544,0.507649,0.0
2077268245,3,0.577356,-0.510907,-0.384603,0.507654,0.0
2077268255,3,0.577311,-0.510841,-0.384585,0.507785,0.0
2077268265,3,0.577307,-0.510994,-0.384432,0.507753,0.0
2077268275,3,0.577401,-0.511129,-0.384336,0.507582,0.0
2077268285,3,0.577459,-0.510952,-0.384453,0.507606,0.0
2077268295,3,0.577426,-0.510555,-0.384682,0.507868,0.0
2077268305,3,0.57745,-0.510355,-0.384714,0.508019,0.0
2077268315,3,0.577491,-0.510187,-0.384636,0.508199,0.0
2077268325,3,0.577467,-0.509901,-0.384701,0.508464,0.0
2077268335,3,0.577342,-0.509594,-0.384791,0.508845,0.0
2077268346,3,0.577265,-0.509434,-0.384659,0.509194,0.0
2077268356,3,0.577382,-0.509378,-0.384552,0.509198,0.0
2077268366,3,0.577442,-0.509188,-0.384597,0.509285,0.0
2077268376,3,0.577572,-0.509074,-0.384634,0.509225,0.0
2077268386,3,0.577718,-0.508902,-0.384726,0.509161,0.0
2077268396,3,0.5778,-0.508732,-0.384743,0.509225,0.0
2077268406,3,0.577894,-0.508546,-0.38478,0.509276,0.0
2077268416,3,0.57794,-0.508324,-0.384939,0.509325,0.0
2077268426,3,0.57789,-0.508294,-0.38497,0.509388,0.0
2077268436,3,0.577953,-0.508428,-0.384734,0.509361,0.0
2077268446,3,0.57815,-0.508447,-0.384544,0.509262,0.0
2077268456,3,0.578195,-0.508296,-0.38457,0.509341,0.0
2077268466,3,0.57825,-0.508022,-0.384739,0.509426,0.0
2077268477,3,0.578316,-0.507684,-0.385055,0.509449,0.0
2077268487,3,0.578435,-0.50763,-0.385172,0.509279,0.0
2077268497,3,0.57858,-0.507788,-0.385086,0.509022,0.0
2077268507,3,0.578683,-0.507958,-0.385004,0.508798,0.0
2077268517,3,0.578693,-0.508227,-0.384772,0.508693,0.0
2077268527,3,0.578691,-0.508355,-0.384529,0.508751,0.0
2077268537,3,0.578687,-0.508192,-0.384567,0.508889,0.0
2077268547,3,0.578619,-0.507783,-0.384807,0.509193,0.0
2077268557,3,0.578701,-0.507697,-0.384854,0.509151,0.0
2077268567,3,0.578813,-0.507622,-0.384939,0.509034,0.0
2077268577,3,0.578896,-0.507721,-0.384953,0.50883,0.0
2077268587,3,0.579019,-0.507841,-0.384858,0.508642,0.0
2077268597,3,0.579255,-0.507824,-0.38474,0.508479,0.0
2077268607,3,0.579413,-0.507662,-0.384741,0.508461,0.0
2077268618,3,0.579497,-0.507421,-0.384884,0.508497,0.0
2077268628,3,0.57945,-0.507078,-0.385223,0.508637,0.0
2077268638,3,0.579353,-0.506947,-0.385573,0.508612,0.0
2077268648,3,0.579288,-0.507082,-0.385753,0.508416,0.0
2077268658,3,0.579254,-0.507291,-0.385896,0.508137,0.0
2077268668,3,0.579211,-0.507333,-0.386029,0.508043,0.0
2077268678,3,0.57921,-0.507503,-0.386033,0.507871,0.0
2077268688,3,0.579254,-0.507781,-0.385989,0.507576,0.0
2077268698,3,0.579217,-0.507915,-0.385909,0.507545,0.0
2077268708,3,0.579307,-0.508092,-0.385745,0.507389,0.0
2077268718,3,0.579463,-0.508166,-0.385764,0.507124,0.0
2077268728,3,0.579534,-0.507963,-0.386108,0.506984,0.0
2077268738,3,0.579498,-0.507534,-0.386628,0.507059,0.0
2077268749,3,0.579379,-0.507173,-0.387001,0.50727,0.0
2077268759,3,0.57929,-0.507127,-0.387078,0.50736,0.0
2077268769,3,0.579259,-0.507308,-0.387003,0.507272,0.0
2077268779,3,0.579305,-0.507516,-0.386941,0.507058,0.0
2077268789,3,0.579377,-0.507747,-0.386906,0.506772,0.0
2077268799,3,0.57948,-0.507907,-0.386905,0.506494,0.0
2077268809,3,0.579661,-0.50801,-0.386915,0.506177,0.0
2077268819,3,0.579793,-0.50808,-0.386886,0.505977,0.0
2077268829,3,0.579827,-0.508153,-0.386876,0.505872,0.0
2077268839,3,0.579825,-0.50825,-0.386813,0.505825,0.0
2077268849,3,0.579935,-0.508371,-0.386724,0.505645,0.0
2077268859,3,0.580116,-0.508563,-0.386555,0.505374,0.0
2077268869,3,0.580258,-0.508737,-0.386341,0.505199,0.0
2077268880,3,0.580414,-0.508895,-0.385999,0.505123,0.0
2077268890,3,0.580695,-0.50911,-0.385642,0.504855,0.0
2077268900,3,0.580964,-0.509279,-0.385453,0.504519,0.0
2077268910,3,0.581097,-0.509085,-0.385695,0.504377,0.0
2077268920,3,0.581094,-0.508771,-0.386109,0.504381,0.0
2077268930,3,0.581039,-0.508588,-0.386371,0.504428,0.0
2077268940,3,0.580944,-0.508656,-0.386363,0.504474,0.0
2077268950,3,0.580922,-0.508755,-0.386141,0.50457,0.0
2077268960,3,0.58094,-0.508667,-0.386089,0.504678,0.0
2077268970,3,0.580922,-0.508519,-0.386156,0.504796,0.0
2077268980,3,0.580959,-0.508107,-0.386372,0.505003,0.0
2077268990,3,0.580943,-0.507974,-0.386594,0.504987,0.0
2077269000,3,0.580854,-0.507837,-0.386774,0.505089,0.0
2077269010,3,0.580821,-0.507717,-0.386981,0.505088,0.0
2077269021,3,0.580725,-0.507646,-0.387254,0.50506,0.0
2077269031,3,0.580559,-0.507673,-0.387383,0.505126,0.0
2077269041,3,0.58047,-0.507756,-0.387362,0.505161,0.0
2077269051,3,0.580382,-0.507908,-0.387255,0.505192,0.0
2077269061,3,0.580288,-0.508174,-0.387136,0.505123,0.0
2077269071,3,0.580247,-0.50839,-0.387102,0.504979,0.0
2077269081,3,0.580188,-0.508612,-0.387145,0.50479,0.0
2077269091,3,0.579982,-0.50854,-0.387438,0.504874,0.0
2077269101,3,0.579612,-0.508403,-0.387751,0.505196,0.0
2077269111,3,0.57922,-0.50846,-0.387947,0.505438,0.0
2077269121,3,0.578784,-0.508598,-0.388,0.505759,0.0
2077269131,3,0.578391,-0.509025,-0.387748,0.50597,0.0
2077269141,3,0.578087,-0.509383,-0.387451,0.506186,0.0
2077269152,3,0.577856,-0.509497,-0.387338,0.506421,0.0
2077269162,3,0.577633,-0.509432,-0.387387,0.506703,0.0
2077269172,3,0.577436,-0.50929,-0.387481,0.506999,0.0
2077269182,3,0.577294,-0.509213,-0.387585,0.507158,0.0
2077269192,3,0.577219,-0.509272,-0.387523,0.507231,0.0
2077269202,3,0.577112,-0.508903,-0.387689,0.507597,0.0
2077269212,3,0.57686,-0.508321,-0.388137,0.508124,0.0
2077269222,3,0.576592,-0.508017,-0.388324,0.50859,0.0
2077269232,3,0.57653,-0.508038,-0.388114,0.508799,0.0
2077269242,3,0.57661,-0.508188,-0.387945,0.508687,0.0
2077269252,3,0.576498,-0.508054,-0.38808,0.508844,0.0
2077269262,3,0.576328,-0.50792,-0.388249,0.509042,0.0
2077269272,3,0.576187,-0.507873,-0.388278,0.509226,0.0
2077269283,3,0.576033,-0.507811,-0.388201,0.509521,0.0
2077269293,3,0.5759,-0.507688,-0.388098,0.509873,0.0
2077269303,3,0.575886,-0.507496,-0.387999,0.510155,0.0
2077269313,3,0.575931,-0.507556,-0.387602,0.510346,0.0
2077269323,3,0.576063,-0.507847,-0.387057,0.510321,0.0
2077269333,3,0.576109,-0.507761,-0.386889,0.510482,0.0
2077269343,3,0.575992,-0.507488,-0.387145,0.510692,0.0
2077269353,3,0.575738,-0.507035,-0.387679,0.511023,0.0
2077269363,3,0.575554,-0.506712,-0.388115,0.51122,0.0
2077269373,3,0.57542,-0.5067,-0.388289,0.511249,0.0
2077269383,3,0.575405,-0.506778,-0.388263,0.511209,0.0
2077269393,3,0.575365,-0.506904,-0.388241,0.511146,0.0
2077269403,3,0.575186,-0.506929,-0.388254,0.511313,0.0
2077269414,3,0.575027,-0.507006,-0.38823,0.511433,0.0
2077269424,3,0.574884,-0.506978,-0.388341,0.511538,0.0
2077269434,3,0.574738,-0.50682,-0.388507,0.511733,0.0
2077269444,3,0.57454,-0.506629,-0.388799,0.511923,0.0
2077269454,3,0.57418,-0.506479,-0.389095,0.51225,0.0
2077269464,3,0.5738,-0.506561,-0.38916,0.512545,0.0
2077269474,3,0.573525,-0.50677,-0.38913,0.512669,0.0
2077269484,3,0.573239,-0.506915,-0.389137,0.512841,0.0
2077269494,3,0.572945,-0.506931,-0.389204,0.513102,0.0
2077269504,3,0.572644,-0.506705,-0.389369,0.513536,0.0
2077269514,3,0.57232,-0.506609,-0.389461,0.513922,0.0
2077269524,3,0.572058,-0.506595,-0.389489,0.514206,0.0
2077269534,3,0.571845,-0.506581,-0.389519,0.514433,0.0
2077269544,3,0.571643,-0.506361,-0.389628,0.514792,0.0
2077269555,3,0.571508,-0.50607,-0.389723,0.515156,0.0
2077269565,3,0.571417,-0.505797,-0.389822,0.51545,0.0
2077269575,3,0.571157,-0.50563,-0.389912,0.515834,0.0
2077269585,3,0.570892,-0.505694,-0.389791,0.516157,0.0
2077269595,3,0.570779,-0.505812,-0.389606,0.516306,0.0
2077269605,3,0.570775,-0.505676,-0.389656,0.516405,0.0
2077269615,3,0.570757,-0.505346,-0.389958,0.516519,0.0
2077269625,3,0.570644,-0.504844,-0.390527,0.516706,0.0
2077269635,3,0.570404,-0.504391,-0.391032,0.517031,0.0
2077269645,3,0.570202,-0.504183,-0.39125,0.517292,0.0
2077269655,3,0.570054,-0.504124,-0.391214,0.517539,0.0
2077269665,3,0.569893,-0.504105,-0.391081,0.517835,0.0
2077269675,3,0.569531,-0.503939,-0.391083,0.518394,0.0
2077269686,3,0.569185,-0.503748,-0.391226,0.518851,0.0
2077269696,3,0.56884,-0.503636,-0.391372,0.519229,0.0
2077269706,3,0.568582,-0.503817,-0.391235,0.519439,0.0
2077269716,3,0.568495,-0.503939,-0.390959,0.519623,0.0
2077269726,3,0.568524,-0.50402,-0.390674,0.519727,0.0
2077269736,3,0.568607,-0.503904,-0.390472,0.519901,0.0
2077269746,3,0.568756,-0.503699,-0.390315,0.520054,0.0
2077269756,3,0.568877,-0.503358,-0.39021,0.520331,0.0
2077269766,3,0.569093,-0.503094,-0.390031,0.520484,0.0
2077269776,3,0.569377,-0.502908,-0.389903,0.520449,0.0
2077269786,3,0.569538,-0.502364,-0.390114,0.520641,0.0
2077269796,3,0.569498,-0.50169,-0.390616,0.520958,0.0
2077269806,3,0.569428,-0.501255,-0.391147,0.521054,0.0
2077269817,3,0.569386,-0.500936,-0.391561,0.521096,0.0
2077269827,3,0.569304,-0.500627,-0.392039,0.521124,0.0
2077269837,3,0.569064,-0.500289,-0.392436,0.521411,0.0
2077269847,3,0.56884,-0.50031,-0.392471,0.521609,0.0
2077269857,3,0.568744,-0.500748,-0.392152,0.521532,0.0
2077269867,3,0.568582,-0.500889,-0.392035,0.521662,0.0
2077269877,3,0.568311,-0.500807,-0.392136,0.521961,0.0
2077269887,3,0.567997,-0.500457,-0.392488,0.522373,0.0
2077269897,3,0.567667,-0.500288,-0.392651,0.52277,0.0
2077269907,3,0.567542,-0.500289,-0.392499,0.52302,0.0
2077269917,3,0.567658,-0.500202,-0.392297,0.523129,0.0
2077269927,3,0.567844,-0.500179,-0.392066,0.523122,0.0
2077269937,3,0.568052,-0.500088,-0.391885,0.523119,0.0
2077269948,3,0.56824,-0.499839,-0.39198,0.523081,0.0
2077269958,3,0.56833,-0.49959,-0.392234,0.52303,0.0
2077269968,3,0.568409,-0.499332,-0.392542,0.522961,0.0
2077269978,3,0.568498,-0.499068,-0.392851,0.522884,0.0
2077269988,3,0.568436,-0.49885,-0.393158,0.522929,0.0
2077269998,3,0.56822,-0.498768,-0.393393,0.523064,0.0
2077270008,3,0.568006,-0.499025,-0.393495,0.522976,0.0
2077270018,3,0.567714,-0.499206,-0.39367,0.522989,0.0
2077270028,3,0.567467,-0.499456,-0.393731,0.522971,0.0
2077270038,3,0.567416,-0.499778,-0.393698,0.522743,0.0
2077270048,3,0.567391,-0.50009,-0.393607,0.522541,0.0
2077270058,3,0.567271,-0.500313,-0.39365,0.522425,0.0
2077270068,3,0.567166,-0.50011,-0.394037,0.522442,0.0
2077270078,3,0.567045,-0.49978,-0.394601,0.522464,0.0
2077270089,3,0.566888,-0.499468,-0.39519,0.522487,0.0
2077270099,3,0.566739,-0.499275,-0.395638,0.522493,0.0
2077270109,3,0.566647,-0.499294,-0.395984,0.522313,0.0
2077270119,3,0.566644,-0.499345,-0.39633,0.522006,0.0
2077270129,3,0.566579,-0.499269,-0.396873,0.521737,0.0
2077270139,3,0.566366,-0.49903,-0.397678,0.521582,0.0
2077270149,3,0.565916,-0.498839,-0.398557,0.521584,0.0
2077270159,3,0.565459,-0.499053,-0.399235,0.521355,0.0
2077270169,3,0.56488,-0.499341,-0.399776,0.521293,0.0
2077270179,3,0.564219,-0.499764,-0.400143,0.521322,0.0
2077270189,3,0.563518,-0.500466,-0.400201,0.521362,0.0
2077270199,3,0.562955,-0.501117,-0.400242,0.521313,0.0
2077270209,3,0.562426,-0.501488,-0.400534,0.521303,0.0
2077270220,3,0.561841,-0.501793,-0.400853,0.521395,0.0
2077270230,3,0.56146,-0.502213,-0.401049,0.521251,0.0
2077270240,3,0.56122,-0.502751,-0.401174,0.520895,0.0
2077270250,3,0.560934,-0.503209,-0.401318,0.52065,0.0
2077270260,3,0.560714,-0.503471,-0.401549,0.520455,0.0
2077270270,3,0.560445,-0.50367,-0.401862,0.520311,0.0
2077270280,3,0.559993,-0.503756,-0.402203,0.52045,0.0
2077270290,3,0.559695,-0.50393,-0.402525,0.520354,0.0
2077270300,3,0.55954,-0.503876,-0.402932,0.520257,0.0
2077270310,3,0.559366,-0.50381,-0.403422,0.520129,0.0
2077270320,3,0.559107,-0.503837,-0.40393,0.519987,0.0
2077270330,3,0.558819,-0.504346,-0.404067,0.519697,0.0
2077270340,3,0.558567,-0.505096,-0.403878,0.519386,0.0
2077270351,3,0.558213,-0.505956,-0.403749,0.519031,0.0
2077270361,3,0.557706,-0.506398,-0.403931,0.519002,0.0
2077270371,3,0.557183,-0.506691,-0.404069,0.519169,0.0
2077270381,3,0.556926,-0.507158,-0.403985,0.519055,0.0
2077270391,3,0.556822,-0.507829,-0.403759,0.518687,0.0
2077270401,3,0.556675,-0.508192,-0.403746,0.518499,0.0
2077270411,3,0.556525,-0.508426,-0.403947,0.518274,0.0
2077270421,3,0.556392,-0.508489,-0.404365,0.51803,0.0
2077270431,3,0.556228,-0.508661,-0.404713,0.517764,0.0
2077270441,3,0.556023,-0.509062,-0.404824,0.517503,0.0
2077270451,3,0.555841,-0.509654,-0.404791,0.517142,0.0
2077270461,3,0.555552,-0.510117,-0.404954,0.516868,0.0
2077270471,3,0.555118,-0.510406,-0.405348,0.516741,0.0
2077270481,3,0.554728,-0.510813,-0.405703,0.516478,0.0
2077270492,3,0.554388,-0.511243,-0.406059,0.516139,0.0
2077270502,3,0.553949,-0.511523,-0.406512,0.515975,0.0
2077270512,3,0.553548,-0.511847,-0.406826,0.515837,0.0
2077270522,3,0.553198,-0.512317,-0.406869,0.515713,0.0
2077270532,3,0.552884,-0.512932,-0.406582,0.515664,0.0
2077270542,3,0.552717,-0.513619,-0.406268,0.515406,0.0
2077270552,3,0.552617,-0.514041,-0.406314,0.515056,0.0
2077270562,3,0.55247,-0.514229,-0.406565,0.514829,0.0
2077270572,3,0.552342,-0.514491,-0.406656,0.514631,0.0
2077270582,3,0.552339,-0.51493,-0.406523,0.514302,0.0
2077270592,3,0.552408,-0.515434,-0.406344,0.513864,0.0
2077270602,3,0.552442,-0.515723,-0.406304,0.513569,0.0
2077270612,3,0.552487,-0.515925,-0.40631,0.513313,0.0
2077270623,3,0.552486,-0.516262,-0.406079,0.513157,0.0
2077270633,3,0.552672,-0.516749,-0.405617,0.512832,0.0
2077270643,3,0.553029,-0.51719,-0.405214,0.512321,0.0
2077270653,3,0.553357,-0.517352,-0.405056,0.511928,0.0
2077270663,3,0.553561,-0.517237,-0.405175,0.511731,0.0
2077270673,3,0.553728,-0.516791,-0.405478,0.51176,0.0
2077270683,3,0.55393,-0.516425,-0.405625,0.511795,0.0
2077270693,3,0.554142,-0.516187,-0.405619,0.511809,0.0
2077270703,3,0.554426,-0.516008,-0.405513,0.511767,0.0
2077270713,3,0.554833,-0.516097,-0.405214,0.511472,0.0
2077270723,3,0.555318,-0.51616,-0.405024,0.511034,0.0
2077270733,3,0.555686,-0.516035,-0.405058,0.510732,0.0
2077270743,3,0.555948,-0.515777,-0.405237,0.510565,0.0
2077270754,3,0.556262,-0.51557,-0.405366,0.510329,0.0
2077270764,3,0.556759,-0.515606,-0.405248,0.509845,0.0
2077270774,3,0.557323,-0.515669,-0.405041,0.50933,0.0
2077270784,3,0.557882,-0.515805,-0.404789,0.50878,0.0
2077270794,3,0.558479,-0.515973,-0.404482,0.508198,0.0
2077270804,3,0.559127,-0.516095,-0.404148,0.507627,0.0
2077270814,3,0.55984,-0.516259,-0.403789,0.50696,0.0
2077270824,3,0.560427,-0.516367,-0.40349,0.506439,0.0
2077270834,3,0.560764,-0.516358,-0.40343,0.506123,0.0
2077270844,3,0.560825,-0.516343,-0.403491,0.506022,0.0
2077270854,3,0.560823,-0.51649,-0.403455,0.505903,0.0
2077270864,3,0.561006,-0.517006,-0.403038,0.505505,0.0
2077270874,3,0.561432,-0.517631,-0.402337,0.504951,0.0
2077270885,3,0.562014,-0.518073,-0.401623,0.504418,0.0
2077270895,3,0.562573,-0.518305,-0.401082,0.503987,0.0
2077270905,3,0.563091,-0.51859,-0.400543,0.503544,0.0
2077270915,3,0.56351,-0.518761,-0.400074,0.503272,0.0
2077270925,3,0.563896,-0.518746,-0.399789,0.50308,0.0
2077270935,3,0.564319,-0.518474,-0.399754,0.502915,0.0
2077270945,3,0.564948,-0.518184,-0.399671,0.502574,0.0
2077270955,3,0.565706,-0.518201,-0.399289,0.502006,0.0
2077270965,3,0.56659,-0.518365,-0.398646,0.501351,0.0
2077270975,3,0.567376,-0.518352,-0.398209,0.500823,0.0
2077270985,3,0.568058,-0.518084,-0.398165,0.500362,0.0
2077270995,3,0.568506,-0.517521,-0.398634,0.500062,0.0
2077271005,3,0.56865,-0.516889,-0.399256,0.500057,0.0
2077271015,3,0.568722,-0.516485,-0.399554,0.500153,0.0
2077271026,3,0.568802,-0.51647,-0.399474,0.500142,0.0
2077271036,3,0.568969,-0.516541,-0.399225,0.500078,0.0
2077271046,3,0.569147,-0.516707,-0.398922,0.499945,0.0
2077271056,3,0.569271,-0.516858,-0.398703,0.499822,0.0
2077271066,3,0.569312,-0.516809,-0.398693,0.499833,0.0
2077271076,3,0.569333,-0.516922,-0.398684,0.499701,0.0
2077271086,3,0.569388,-0.517202,-0.398398,0.499576,0.0
2077271096,3,0.569545,-0.517528,-0.397981,0.499392,0.0
2077271106,3,0.569702,-0.517645,-0.397726,0.499295,0.0
2077271116,3,0.56985,-0.517584,-0.397647,0.499252,0.0
2077271126,3,0.569954,-0.517575,-0.39751,0.499252,0.0
2077271136,3,0.570181,-0.517651,-0.397258,0.499116,0.0
2077271146,3,0.570447,-0.517692,-0.396983,0.498987,0.0
2077271157,3,0.570779,-0.517828,-0.396698,0.498692,0.0
2077271167,3,0.571002,-0.517655,-0.396779,0.498552,0.0
2077271177,3,0.571098,-0.517328,-0.397116,0.498513,0.0
2077271187,3,0.571026,-0.51704,-0.39756,0.49854,0.0
2077271197,3,0.570889,-0.517234,-0.397685,0.498397,0.0
2077271207,3,0.570762,-0.517551,-0.397575,0.498302,0.0
2077271217,3,0.570701,-0.517923,-0.39726,0.498236,0.0
2077271227,3,0.570786,-0.518261,-0.397054,0.497951,0.0
2077271237,3,0.570797,-0.518272,-0.397148,0.497852,0.0
2077271247,3,0.570707,-0.518232,-0.397357,0.49783,0.0
2077271257,3,0.570526,-0.518257,-0.397552,0.497856,0.0
2077271267,3,0.570289,-0.51837,-0.397589,0.49798,0.0
2077271277,3,0.570069,-0.518398,-0.397651,0.498153,0.0
2077271288,3,0.569854,-0.51838,-0.397712,0.498369,0.0
2077271298,3,0.56971,-0.518651,-0.397482,0.498436,0.0
2077271308,3,0.569754,-0.519029,-0.397092,0.498302,0.0
2077271318,3,0.569801,-0.519316,-0.396864,0.498131,0.0
2077271328,3,0.569762,-0.519467,-0.396883,0.498003,0.0
2077271338,3,0.569689,-0.519382,-0.397024,0.498063,0.0
2077271348,3,0.569579,-0.519408,-0.397062,0.498131,0.0
2077271358,3,0.569384,-0.519555,-0.397056,0.498206,0.0
2077271368,3,0.569133,-0.519598,-0.397141,0.49838,0.0
2077271378,3,0.568859,-0.519642,-0.397134,0.498653,0.0
2077271388,3,0.568653,-0.519788,-0.396981,0.498857,0.0
2077271398,3,0.568591,-0.519893,-0.396868,0.498908,0.0
2077271408,3,0.568498,-0.519857,-0.396948,0.498989,0.0
2077271419,3,0.568424,-0.519772,-0.39705,0.49908,0.0
2077271429,3,0.568351,-0.519759,-0.397027,0.499195,0.0
2077271439,3,0.568244,-0.519693,-0.39711,0.49932,0.0
2077271449,3,0.568065,-0.519436,-0.397302,0.499637,0.0
2077271459,3,0.567887,-0.51933,-0.397333,0.499926,0.0
2077271469,3,0.567786,-0.519342,-0.397239,0.500103,0.0
2077271479,3,0.5678,-0.51947,-0.397034,0.500115,0.0
2077271489,3,0.567891,-0.519521,-0.396901,0.500065,0.0
2077271499,3,0.567999,-0.519283,-0.396946,0.500154,0.0
2077271509,3,0.568063,-0.518894,-0.397261,0.500234,0.0
2077271519,3,0.567999,-0.518639,-0.397565,0.50033,0.0
2077271529,3,0.567884,-0.518728,-0.397578,0.500359,0.0
2077271539,3,0.567867,-0.518958,-0.397358,0.500315,0.0
2077271549,3,0.567945,-0.51926,-0.396947,0.500239,0.0
2077271560,3,0.568073,-0.519453,-0.396669,0.500113,0.0
2077271570,3,0.568096,-0.51946,-0.396666,0.500082,0.0
2077271580,3,0.568018,-0.51938,-0.396827,0.500126,0.0
2077271590,3,0.56801,-0.519432,-0.396936,0.499995,0.0
2077271600,3,0.56804,-0.519521,-0.396928,0.499875,0.0
2077271610,3,0.568085,-0.519471,-0.396932,0.499873,0.0
2077271620,3,0.568177,-0.519503,-0.396832,0.499813,0.0
2077271630,3,0.568423,-0.519804,-0.39646,0.499516,0.0
2077271640,3,0.568843,-0.520219,-0.396087,0.498903,0.0
2077271650,3,0.569195,-0.520036,-0.396154,0.498638,0.0
2077271660,3,0.5694,-0.519617,-0.396447,0.498607,0.0
2077271670,3,0.569514,-0.519116,-0.39686,0.498672,0.0
2077271680,3,0.569601,-0.518651,-0.397254,0.498742,0.0
2077271691,3,0.56974,-0.518316,-0.397436,0.498786,0.0
2077271701,3,0.56996,-0.518245,-0.397335,0.498689,0.0
2077271711,3,0.57028,-0.518356,-0.396873,0.498576,0.0
2077271721,3,0.570886,-0.51848,-0.39625,0.498249,0.0
2077271731,3,0.571614,-0.518537,-0.395714,0.497781,0.0
2077271741,3,0.572201,-0.518267,-0.395506,0.497552,0.0
2077271751,3,0.572624,-0.5178,-0.39565,0.497438,0.0
2077271761,3,0.572918,-0.517125,-0.396045,0.497486,0.0
2077271771,3,0.573312,-0.516752,-0.396228,0.497276,0.0
2077271781,3,0.573891,-0.516778,-0.396098,0.496683,0.0
2077271791,3,0.574556,-0.516979,-0.395694,0.496026,0.0
2077271801,3,0.575175,-0.517207,-0.395286,0.495397,0.0
2077271811,3,0.575672,-0.517185,-0.395225,0.49489,0.0
2077271822,3,0.575989,-0.516811,-0.395521,0.494676,0.0
2077271832,3,0.576166,-0.51635,-0.395941,0.494616,0.0
2077271842,3,0.576251,-0.515863,-0.396318,0.494722,0.0
2077271852,3,0.576397,-0.515555,-0.396533,0.494701,0.0
2077271862,3,0.57659,-0.515373,-0.396641,0.49458,0.0
2077271872,3,0.576859,-0.515507,-0.396633,0.494132,0.0
2077271882,3,0.577127,-0.515674,-0.396723,0.493572,0.0
2077271892,3,0.577204,-0.51576,-0.396988,0.49318,0.0
2077271902,3,0.577072,-0.515924,-0.397213,0.492981,0.0
2077271912,3,0.576992,-0.516244,-0.397294,0.492674,0.0
2077271922,3,0.576922,-0.516519,-0.397352,0.492421,0.0
2077271932,3,0.576868,-0.51684,-0.397432,0.492083,0.0
2077271942,3,0.576861,-0.517127,-0.397433,0.491789,0.0
2077271952,3,0.577023,-0.517476,-0.397307,0.491334,0.0
2077271963,3,0.577353,-0.51792,-0.396985,0.490738,0.0
2077271973,3,0.577721,-0.518103,-0.396907,0.490173,0.0
2077271983,3,0.577934,-0.517794,-0.397413,0.48984,0.0
2077271993,3,0.577882,-0.517202,-0.39844,0.489691,0.0
2077272003,3,0.577579,-0.516556,-0.39967,0.489729,0.0
2077272013,3,0.577216,-0.516221,-0.400586,0.489762,0.0
2077272023,3,0.57688,-0.516189,-0.401128,0.489748,0.0
2077272033,3,0.576642,-0.516521,-0.401285,0.48955,0.0
2077272043,3,0.576458,-0.516789,-0.401488,0.489317,0.0
2077272053,3,0.576138,-0.516993,-0.401805,0.489218,0.0
2077272063,3,0.575584,-0.517207,-0.402235,0.48929,0.0
2077272073,3,0.574866,-0.517179,-0.402865,0.489647,0.0
2077272083,3,0.574197,-0.517396,-0.403249,0.489886,0.0
2077272094,3,0.573597,-0.517853,-0.403318,0.490048,0.0
2077272104,3,0.573072,-0.518392,-0.40319,0.490198,0.0
2077272114,3,0.572644,-0.518945,-0.403035,0.49024,0.0
2077272124,3,0.572396,-0.519469,-0.40294,0.490054,0.0
2077272134,3,0.572279,-0.519966,-0.402908,0.489689,0.0
2077272144,3,0.572155,-0.520343,-0.402984,0.489371,0.0
2077272154,3,0.571902,-0.52046,-0.403352,0.489238,0.0
2077272164,3,0.571575,-0.520366,-0.40394,0.489236,0.0
2077272174,3,0.57115,-0.520326,-0.404483,0.489326,0.0
2077272184,3,0.570657,-0.520416,-0.404968,0.489404,0.0
2077272194,3,0.570191,-0.520567,-0.405413,0.489418,0.0
2077272204,3,0.569748,-0.520735,-0.405868,0.489379,0.0
2077272214,3,0.569278,-0.521065,-0.406256,0.489253,0.0
2077272225,3,0.568747,-0.521525,-0.406595,0.489099,0.0
2077272235,3,0.568129,-0.522005,-0.407028,0.488945,0.0
2077272245,3,0.567392,-0.522299,-0.407665,0.488956,0.0
2077272255,3,0.566687,-0.52255,-0.408243,0.489022,0.0
2077272265,3,0.566121,-0.523077,-0.408485,0.488912,0.0
2077272275,3,0.565735,-0.52382,-0.408416,0.488621,0.0
2077272285,3,0.565539,-0.524437,-0.408489,0.488125,0.0
2077272295,3,0.565313,-0.524887,-0.40877,0.487668,0.0
2077272305,3,0.565032,-0.525107,-0.409258,0.487347,0.0
2077272315,3,0.564688,-0.525107,-0.409986,0.487133,0.0
2077272325,3,0.564156,-0.524936,-0.410795,0.487253,0.0
2077272335,3,0.563566,-0.524868,-0.411485,0.487427,0.0
2077272345,3,0.562996,-0.524902,-0.412064,0.48756,0.0
2077272356,3,0.56246,-0.525014,-0.412615,0.487592,0.0
2077272366,3,0.561911,-0.525079,-0.413294,0.48758,0.0
2077272376,3,0.561272,-0.525192,-0.41398,0.487613,0.0
2077272386,3,0.560442,-0.52531,-0.414685,0.487841,0.0
2077272396,3,0.559464,-0.525592,-0.415288,0.488147,0.0
2077272406,3,0.558472,-0.525848,-0.415813,0.488559,0.0
2077272416,3,0.557443,-0.52634,-0.416155,0.488914,0.0
2077272426,3,0.556492,-0.527048,-0.416079,0.489299,0.0
2077272436,3,0.555825,-0.527768,-0.415786,0.489531,0.0
2077272446,3,0.555358,-0.528304,-0.415646,0.4896,0.0
2077272456,3,0.554858,-0.528495,-0.415809,0.489822,0.0
2077272466,3,0.554365,-0.528423,-0.416239,0.490094,0.0
2077272476,3,0.55388,-0.528422,-0.416589,0.490345,0.0
2077272486,3,0.553443,-0.528496,-0.416795,0.490584,0.0
2077272497,3,0.553142,-0.52862,-0.416839,0.490753,0.0
2077272507,3,0.552903,-0.528886,-0.41661,0.490929,0.0
2077272517,3,0.552738,-0.529125,-0.41638,0.491053,0.0
2077272527,3,0.55248,-0.529132,-0.416418,0.491303,0.0
2077272537,3,0.5521,-0.529042,-0.416498,0.491759,0.0
2077272547,3,0.551715,-0.528939,-0.416464,0.492331,0.0
2077272557,3,0.551343,-0.52893,-0.416286,0.492907,0.0
2077272567,3,0.55098,-0.52888,-0.416072,0.493548,0.0
2077272577,3,0.550796,-0.528937,-0.415692,0.494011,0.0
2077272587,3,0.550799,-0.528976,-0.415172,0.494404,0.0
2077272597,3,0.550978,-0.529148,-0.414451,0.494625,0.0
2077272607,3,0.551233,-0.529,-0.413968,0.494905,0.0
2077272617,3,0.551281,-0.528414,-0.414039,0.495416,0.0
2077272628,3,0.551127,-0.527539,-0.414601,0.496051,0.0
2077272638,3,0.550982,-0.526796,-0.415052,0.496624,0.0
2077272648,3,0.551025,-0.526338,-0.415145,0.496984,0.0
2077272658,3,0.551232,-0.526166,-0.414892,0.497147,0.0
2077272668,3,0.551539,-0.526179,-0.414423,0.497184,0.0
2077272678,3,0.551847,-0.526093,-0.414046,0.497247,0.0
2077272688,3,0.552016,-0.525709,-0.413998,0.497505,0.0
2077272698,3,0.552044,-0.525153,-0.41418,0.49791,0.0
2077272708,3,0.552065,-0.525091,-0.414068,0.498046,0.0
2077272718,3,0.552226,-0.525363,-0.413726,0.497864,0.0
2077272728,3,0.552438,-0.525746,-0.413299,0.49758,0.0
2077272738,3,0.552769,-0.526299,-0.412793,0.497047,0.0
2077272748,3,0.553172,-0.526702,-0.41253,0.49639,0.0
2077272759,3,0.553424,-0.526916,-0.412406,0.495985,0.0
2077272769,3,0.55354,-0.526936,-0.412364,0.49587,0.0
2077272779,3,0.553568,-0.526835,-0.412604,0.495745,0.0
2077272789,3,0.55339,-0.526668,-0.413042,0.495757,0.0
2077272799,3,0.553066,-0.526464,-0.413493,0.49596,0.0
2077272809,3,0.552832,-0.526433,-0.413703,0.496078,0.0
2077272819,3,0.552715,-0.526465,-0.413737,0.496145,0.0
2077272829,3,0.552735,-0.526601,-0.413578,0.496112,0.0
2077272839,3,0.552855,-0.526799,-0.413328,0.495976,0.0
2077272849,3,0.552815,-0.526877,-0.41332,0.495945,0.0
2077272859,3,0.55253,-0.526863,-0.413503,0.496124,0.0
2077272869,3,0.552133,-0.526989,-0.413623,0.496332,0.0
2077272879,3,0.551806,-0.527406,-0.413422,0.496421,0.0
2077272889,3,0.551661,-0.528165,-0.412743,0.49634,0.0
2077272900,3,0.551851,-0.528602,-0.412107,0.496192,0.0
2077272910,3,0.552252,-0.528804,-0.411582,0.495966,0.0
2077272920,3,0.55267,-0.528682,-0.411372,0.495805,0.0
2077272930,3,0.552796,-0.528392,-0.411528,0.495843,0.0
2077272940,3,0.552527,-0.527892,-0.411915,0.496356,0.0
2077272950,3,0.55218,-0.527539,-0.412087,0.496972,0.0
2077272960,3,0.551812,-0.52777,-0.411633,0.497514,0.0
2077272970,3,0.55163,-0.527871,-0.411212,0.497956,0.0
2077272980,3,0.55144,-0.528002,-0.410858,0.498319,0.0
2077272990,3,0.551645,-0.528044,-0.410567,0.498288,0.0
2077273000,3,0.552012,-0.528335,-0.410023,0.498021,0.0
2077273010,3,0.55235,-0.528763,-0.409318,0.497772,0.0
2077273020,3,0.552477,-0.529022,-0.408768,0.497807,0.0
2077273031,3,0.552405,-0.529036,-0.408501,0.498091,0.0
2077273041,3,0.552265,-0.528964,-0.408222,0.498552,0.0
2077273051,3,0.552398,-0.529097,-0.407671,0.498714,0.0
2077273061,3,0.552924,-0.529225,-0.407085,0.498474,0.0
2077273071,3,0.553504,-0.52902,-0.406717,0.498348,0.0
2077273081,3,0.554032,-0.528688,-0.406633,0.498182,0.0
2077273091,3,0.554281,-0.527941,-0.407112,0.498306,0.0
2077273101,3,0.554083,-0.527343,-0.407534,0.498814,0.0
2077273111,3,0.55386,-0.527015,-0.407629,0.499331,0.0
2077273121,3,0.553843,-0.527129,-0.407121,0.499643,0.0
2077273131,3,0.554332,-0.527305,-0.406506,0.499416,0.0
2077273141,3,0.555023,-0.527472,-0.405956,0.498919,0.0
2077273151,3,0.555629,-0.527455,-0.405637,0.498522,0.0
2077273162,3,0.55604,-0.527049,-0.405727,0.49842,0.0
2077273172,3,0.55603,-0.526722,-0.405826,0.498697,0.0
2077273182,3,0.555977,-0.526771,-0.405497,0.498971,0.0
2077273192,3,0.556104,-0.527037,-0.404842,0.499081,0.0
2077273202,3,0.556474,-0.52729,-0.40432,0.498823,0.0
2077273212,3,0.556889,-0.52734,-0.404163,0.498435,0.0
2077273222,3,0.557259,-0.527105,-0.404392,0.498083,0.0
2077273232,3,0.557377,-0.526788,-0.404882,0.497889,0.0
2077273242,3,0.557291,-0.526615,-0.405338,0.497798,0.0
2077273252,3,0.557108,-0.526302,-0.405838,0.497927,0.0
2077273262,3,0.556906,-0.52608,-0.406188,0.498101,0.0
2077273272,3,0.556707,-0.526082,-0.406157,0.498346,0.0
2077273282,3,0.556717,-0.525961,-0.406054,0.498547,0.0
2077273293,3,0.556658,-0.52566,-0.406104,0.49889,0.0
2077273303,3,0.556395,-0.525452,-0.406231,0.499299,0.0
2077273313,3,0.556055,-0.52522,-0.4064,0.499784,0.0
2077273323,3,0.555723,-0.524904,-0.406601,0.500321,0.0
2077273333,3,0.555463,-0.524684,-0.406697,0.500763,0.0
2077273343,3,0.555334,-0.524863,-0.40654,0.500846,0.0
2077273353,3,0.555253,-0.525118,-0.406272,0.500885,0.0
2077273363,3,0.555336,-0.525116,-0.406086,0.500947,0.0
2077273373,3,0.555499,-0.524888,-0.406037,0.501045,0.0
2077273383,3,0.555676,-0.524588,-0.406218,0.501015,0.0
2077273393,3,0.555701,-0.52409,-0.406772,0.501059,0.0
2077273403,3,0.555642,-0.523464,-0.407459,0.501221,0.0
2077273413,3,0.555555,-0.523022,-0.408012,0.50133,0.0
2077273423,3,0.555493,-0.523017,-0.408275,0.501188,0.0
2077273434,3,0.555418,-0.523276,-0.408208,0.501056,0.0
2077273444,3,0.555258,-0.523406,-0.408132,0.50116,0.0
2077273454,3,0.554827,-0.523137,-0.408423,0.501681,0.0
2077273464,3,0.554301,-0.522992,-0.408811,0.502097,0.0
2077273474,3,0.553833,-0.522835,-0.409249,0.502419,0.0
2077273484,3,0.553454,-0.522673,-0.409641,0.502687,0.0
2077273494,3,0.55342,-0.522488,-0.409828,0.502764,0.0
2077273504,3,0.553458,-0.522335,-0.409915,0.502811,0.0
2077273514,3,0.553674,-0.523034,-0.409009,0.502583,0.0
2077273524,3,0.553552,-0.522945,-0.408726,0.50304,0.0
2077273534,3,0.552905,-0.522162,-0.40919,0.504186,0.0
2077273544,3,0.552165,-0.521158,-0.410172,0.505238,0.0
2077273554,3,0.551726,-0.520861,-0.410778,0.505531,0.0
2077273565,3,0.551763,-0.521123,-0.410737,0.505255,0.0
2077273575,3,0.552144,-0.521594,-0.410273,0.504728,0.0
2077273585,3,0.552524,-0.521697,-0.410224,0.504246,0.0
2077273595,3,0.552568,-0.521495,-0.410536,0.504152,0.0
2077273605,3,0.552489,-0.521454,-0.410726,0.504127,0.0
2077273615,3,0.552498,-0.521392,-0.410882,0.504054,0.0
2077273625,3,0.552438,-0.521418,-0.410933,0.504051,0.0
2077273635,3,0.552484,-0.521526,-0.411,0.503835,0.0
2077273645,3,0.55255,-0.521418,-0.411467,0.503493,0.0
2077273655,3,0.552419,-0.520839,-0.412395,0.503476,0.0
2077273665,3,0.552132,-0.520837,-0.412721,0.503525,0.0
2077273675,3,0.551958,-0.521227,-0.412575,0.503433,0.0
2077273685,3,0.551892,-0.521729,-0.412112,0.503365,0.0
2077273696,3,0.552027,-0.521914,-0.411977,0.503135,0.0
2077273706,3,0.55217,-0.521679,-0.412252,0.502996,0.0
2077273716,3,0.552141,-0.520937,-0.41304,0.503152,0.0
2077273726,3,0.552123,-0.520521,-0.413394,0.503311,0.0
2077273736,3,0.552308,-0.520189,-0.413429,0.503422,0.0
2077273746,3,0.552624,-0.520056,-0.413253,0.503358,0.0
2077273756,3,0.552854,-0.519716,-0.413277,0.503435,0.0
2077273766,3,0.553045,-0.51924,-0.413403,0.503615,0.0
2077273776,3,0.55313,-0.518539,-0.413663,0.50403,0.0
2077273786,3,0.553175,-0.518294,-0.413524,0.504347,0.0
2077273796,3,0.55334,-0.518372,-0.413181,0.504366,0.0
2077273806,3,0.553618,-0.51834,-0.41268,0.504504,0.0
2077273816,3,0.553956,-0.518068,-0.41238,0.504657,0.0
2077273827,3,0.554379,-0.517906,-0.412205,0.504502,0.0
2077273837,3,0.554768,-0.517766,-0.412157,0.504258,0.0
2077273847,3,0.555116,-0.517528,-0.412129,0.504142,0.0
2077273857,3,0.555343,-0.517101,-0.412086,0.504366,0.0
2077273867,3,0.555543,-0.516849,-0.411869,0.50458,0.0
2077273877,3,0.55584,-0.516846,-0.411488,0.504567,0.0
2077273887,3,0.556153,-0.516651,-0.411048,0.50478,0.0
2077273897,3,0.556532,-0.516292,-0.410577,0.505114,0.0
2077273907,3,0.557009,-0.516101,-0.410072,0.505192,0.0
2077273917,3,0.55741,-0.515783,-0.409778,0.505314,0.0
2077273927,3,0.557768,-0.515261,-0.409654,0.505552,0.0
2077273937,3,0.558103,-0.514577,-0.409626,0.505901,0.0
2077273947,3,0.558415,-0.513956,-0.409459,0.506324,0.0
2077273957,3,0.558815,-0.513477,-0.409031,0.506713,0.0
2077273968,3,0.559557,-0.512938,-0.408509,0.506862,0.0
2077273978,3,0.560515,-0.512406,-0.40806,0.506703,0.0
2077273988,3,0.56136,-0.511794,-0.407835,0.506567,0.0
2077273998,3,0.562004,-0.511165,-0.407816,0.506503,0.0
2077274008,3,0.562332,-0.510293,-0.407991,0.506878,0.0
2077274018,3,0.562431,-0.509522,-0.408053,0.507494,0.0
2077274028,3,0.562578,-0.50919,-0.407841,0.507834,0.0
2077274038,3,0.562899,-0.508796,-0.407549,0.508107,0.0
2077274048,3,0.563388,-0.508258,-0.407215,0.508372,0.0
2077274058,3,0.563849,-0.507658,-0.406983,0.508646,0.0
2077274068,3,0.56422,-0.507107,-0.406878,0.508867,0.0
2077274078,3,0.564485,-0.506655,-0.406894,0.509012,0.0
2077274088,3,0.564618,-0.506015,-0.407041,0.509383,0.0
2077274099,3,0.564808,-0.505508,-0.407052,0.509667,0.0
2077274109,3,0.564996,-0.505317,-0.406744,0.509893,0.0
2077274119,3,0.5655,-0.505327,-0.406165,0.509787,0.0
2077274129,3,0.566094,-0.504958,-0.405841,0.509752,0.0
2077274139,3,0.566547,-0.504283,-0.40583,0.509925,0.0
2077274149,3,0.566866,-0.503494,-0.406168,0.51008,0.0
2077274159,3,0.567091,-0.502814,-0.406562,0.510189,0.0
2077274169,3,0.567237,-0.502362,-0.406698,0.510362,0.0
2077274179,3,0.567564,-0.501968,-0.406733,0.510359,0.0
2077274189,3,0.567995,-0.501629,-0.406864,0.510108,0.0
2077274199,3,0.568397,-0.501339,-0.407063,0.509786,0.0
2077274209,3,0.568668,-0.500925,-0.407335,0.509673,0.0
2077274219,3,0.568743,-0.500489,-0.407714,0.509715,0.0
2077274230,3,0.568662,-0.500351,-0.407995,0.509717,0.0
2077274240,3,0.568513,-0.500449,-0.408205,0.509617,0.0
2077274250,3,0.568323,-0.500385,-0.408403,0.509733,0.0
2077274260,3,0.568179,-0.500528,-0.408392,0.509764,0.0
2077274270,3,0.568233,-0.500961,-0.40814,0.50948,0.0
2077274280,3,0.568261,-0.501243,-0.407952,0.509322,0.0
2077274290,3,0.568228,-0.501214,-0.408106,0.509264,0.0
2077274300,3,0.568113,-0.50089,-0.408627,0.509292,0.0
2077274310,3,0.567806,-0.500582,-0.409223,0.509459,0.0
2077274320,3,0.567433,-0.50039,-0.409711,0.509671,0.0
2077274330,3,0.567112,-0.500399,-0.409912,0.509859,0.0
2077274340,3,0.566875,-0.500524,-0.410028,0.509905,0.0
2077274350,3,0.566619,-0.50078,-0.410273,0.509741,0.0
2077274360,3,0.566278,-0.500983,-0.410549,0.509699,0.0
2077274371,3,0.5658,-0.501088,-0.410842,0.509889,0.0
2077274381,3,0.565314,-0.501318,-0.411079,0.510012,0.0
2077274391,3,0.564916,-0.501681,-0.411176,0.510018,0.0
2077274401,3,0.564583,-0.502059,-0.41113,0.510052,0.0
2077274411,3,0.564399,-0.502663,-0.410769,0.509952,0.0
2077274421,3,0.564383,-0.503495,-0.410274,0.509547,0.0
2077274431,3,0.564272,-0.504269,-0.409882,0.50922,0.0
2077274441,3,0.563967,-0.504489,-0.409894,0.50933,0.0
2077274451,3,0.563434,-0.504259,-0.410378,0.509758,0.0
2077274461,3,0.562809,-0.504329,-0.410729,0.510097,0.0
2077274471,3,0.562433,-0.504744,-0.410791,0.51005,0.0
2077274481,3,0.562177,-0.505235,-0.410613,0.50999,0.0
2077274491,3,0.562017,-0.505648,-0.410449,0.509889,0.0
2077274502,3,0.561885,-0.505809,-0.410559,0.509786,0.0
2077274512,3,0.561676,-0.50568,-0.410943,0.509834,0.0
2077274522,3,0.561406,-0.505573,-0.411352,0.509909,0.0
2077274532,3,0.561057,-0.505585,-0.411614,0.51007,0.0
2077274542,3,0.560655,-0.50575,-0.411687,0.51029,0.0
2077274552,3,0.560256,-0.50612,-0.411567,0.510457,0.0
2077274562,3,0.559932,-0.506336,-0.411471,0.510676,0.0
2077274572,3,0.559771,-0.506487,-0.411443,0.510725,0.0
2077274582,3,0.559689,-0.506879,-0.41134,0.510509,0.0
2077274592,3,0.55957,-0.506937,-0.411497,0.510455,0.0
2077274602,3,0.559337,-0.506858,-0.411901,0.510464,0.0
2077274612,3,0.558948,-0.506576,-0.412532,0.51066,0.0
2077274622,3,0.558511,-0.506463,-0.413077,0.51081,0.0
2077274633,3,0.558165,-0.506721,-0.413314,0.51074,0.0
2077274643,3,0.55802,-0.506915,-0.413483,0.510569,0.0
2077274653,3,0.558027,-0.507034,-0.413673,0.510289,0.0
2077274663,3,0.557951,-0.507164,-0.413837,0.51011,0.0
2077274673,3,0.557753,-0.507262,-0.414254,0.509892,0.0
2077274683,3,0.557225,-0.507327,-0.414822,0.509942,0.0
2077274693,3,0.556645,-0.507496,-0.415152,0.510139,0.0
2077274703,3,0.556238,-0.508237,-0.414973,0.509991,0.0
2077274713,3,0.556112,-0.509131,-0.414666,0.509486,0.0
2077274723,3,0.556168,-0.509481,-0.414709,0.509039,0.0
2077274733,3,0.556139,-0.509415,-0.415155,0.508773,0.0
2077274743,3,0.55588,-0.509557,-0.415731,0.508445,0.0
2077274753,3,0.555404,-0.51,-0.416212,0.508125,0.0
2077274764,3,0.554659,-0.510178,-0.416794,0.508284,0.0
2077274774,3,0.553798,-0.510475,-0.417234,0.508564,0.0
2077274784,3,0.553192,-0.511349,-0.417311,0.508283,0.0
2077274794,3,0.552985,-0.512331,-0.417218,0.507594,0.0
2077274804,3,0.552825,-0.513004,-0.417234,0.507074,0.0
2077274814,3,0.552546,-0.513535,-0.417397,0.506707,0.0
2077274824,3,0.552143,-0.514287,-0.417483,0.506313,0.0
2077274834,3,0.551542,-0.515173,-0.417485,0.506065,0.0
2077274844,3,0.550886,-0.516073,-0.417356,0.50597,0.0
2077274854,3,0.550269,-0.517025,-0.417014,0.505951,0.0
2077274864,3,0.549833,-0.518114,-0.416656,0.505606,0.0
2077274874,3,0.549369,-0.519098,-0.416406,0.505307,0.0
2077274884,3,0.548862,-0.519899,-0.416365,0.505068,0.0
2077274894,3,0.548254,-0.520473,-0.416544,0.50499,0.0
2077274905,3,0.547518,-0.521032,-0.416624,0.505145,0.0
2077274915,3,0.546857,-0.521855,-0.416442,0.505163,0.0
2077274925,3,0.54623,-0.522802,-0.416019,0.50521,0.0
2077274935,3,0.545656,-0.523423,-0.415856,0.505322,0.0
2077274945,3,0.545249,-0.524068,-0.415761,0.50517,0.0
2077274955,3,0.544939,-0.524586,-0.4157,0.505018,0.0
2077274965,3,0.544736,-0.52505,-0.41553,0.504894,0.0
2077274975,3,0.544528,-0.525608,-0.415205,0.504805,0.0
2077274985,3,0.544368,-0.526261,-0.414859,0.504581,0.0
2077274995,3,0.544061,-0.526671,-0.41459,0.504706,0.0
2077275005,3,0.543705,-0.526859,-0.41436,0.505082,0.0
2077275015,3,0.543621,-0.52723,-0.413994,0.505086,0.0
2077275025,3,0.54372,-0.527793,-0.413547,0.504757,0.0
2077275036,3,0.543753,-0.528181,-0.413294,0.504523,0.0
2077275046,3,0.543543,-0.528237,-0.413314,0.504675,0.0
2077275056,3,0.543191,-0.528288,-0.4133,0.505012,0.0
2077275066,3,0.542906,-0.528704,-0.412956,0.505163,0.0
2077275076,3,0.542704,-0.52953,-0.412129,0.505191,0.0
2077275086,3,0.542671,-0.530266,-0.411219,0.505196,0.0
2077275096,3,0.542637,-0.53064,-0.410564,0.505373,0.0
2077275106,3,0.54273,-0.530792,-0.410106,0.505485,0.0
2077275116,3,0.542914,-0.53103,-0.409555,0.505484,0.0
2077275126,3,0.543047,-0.531227,-0.40889,0.505672,0.0
2077275136,3,0.54311,-0.531297,-0.408066,0.506197,0.0
2077275146,3,0.543239,-0.531591,-0.406955,0.506644,0.0
2077275156,3,0.543503,-0.531639,-0.406018,0.507062,0.0
2077275167,3,0.543811,-0.531348,-0.405341,0.507577,0.0
2077275177,3,0.544164,-0.53091,-0.404791,0.508098,0.0
2077275187,3,0.544538,-0.530496,-0.404384,0.508453,0.0
2077275197,3,0.544904,-0.5302,-0.403992,0.508681,0.0
2077275207,3,0.545272,-0.529919,-0.403544,0.508934,0.0
2077275217,3,0.545624,-0.529542,-0.403092,0.509309,0.0
2077275227,3,0.545955,-0.529405,-0.402491,0.509572,0.0
2077275237,3,0.546406,-0.52924,-0.401868,0.509751,0.0
2077275247,3,0.546909,-0.528836,-0.401442,0.509967,0.0
2077275257,3,0.547291,-0.528224,-0.401251,0.510341,0.0
2077275267,3,0.547603,-0.527585,-0.401259,0.510661,0.0
2077275277,3,0.547952,-0.527311,-0.400989,0.510782,0.0
2077275287,3,0.548237,-0.527363,-0.400194,0.511045,0.0
2077275298,3,0.548718,-0.527533,-0.399272,0.511075,0.0
2077275308,3,0.549203,-0.527709,-0.398416,0.51104,0.0
2077275318,3,0.549638,-0.527599,-0.397987,0.51102,0.0
2077275328,3,0.549963,-0.52719,-0.397939,0.51113,0.0
2077275338,3,0.550233,-0.526788,-0.397931,0.51126,0.0
2077275348,3,0.550529,-0.526674,-0.397667,0.511263,0.0
2077275358,3,0.550869,-0.526772,-0.397157,0.511194,0.0
2077275368,3,0.551234,-0.526836,-0.396664,0.511118,0.0
2077275378,3,0.551614,-0.526481,-0.396463,0.511229,0.0
2077275388,3,0.551855,-0.525908,-0.396452,0.511567,0.0
2077275398,3,0.552009,-0.525425,-0.396457,0.511894,0.0
2077275408,3,0.552081,-0.524726,-0.396623,0.512404,0.0
2077275418,3,0.552088,-0.524017,-0.396793,0.51299,0.0
2077275428,3,0.55217,-0.523758,-0.396718,0.513225,0.0
2077275439,3,0.55234,-0.523687,-0.396381,0.513374,0.0
2077275449,3,0.552645,-0.523697,-0.395818,0.51347,0.0
2077275459,3,0.553224,-0.523513,-0.395368,0.513381,0.0
2077275469,3,0.553989,-0.523359,-0.395059,0.512951,0.0
2077275479,3,0.554687,-0.523182,-0.394953,0.512458,0.0
2077275489,3,0.555202,-0.522723,-0.395104,0.512252,0.0
2077275499,3,0.555481,-0.522089,-0.395329,0.512422,0.0
2077275509,3,0.555788,-0.521611,-0.395502,0.512443,0.0
2077275519,3,0.556155,-0.521121,-0.395704,0.512387,0.0
2077275529,3,0.556706,-0.520711,-0.39583,0.512109,0.0
2077275539,3,0.557351,-0.520309,-0.395886,0.511773,0.0
2077275549,3,0.557821,-0.520069,-0.395855,0.511528,0.0
2077275559,3,0.557922,-0.519605,-0.396091,0.511706,0.0
2077275570,3,0.557757,-0.518978,-0.39651,0.512198,0.0
2077275580,3,0.55772,-0.518524,-0.396674,0.51257,0.0
2077275590,3,0.558049,-0.518388,-0.396491,0.512492,0.0
2077275600,3,0.558622,-0.518588,-0.395889,0.512131,0.0
2077275610,3,0.559373,-0.518551,-0.395462,0.511679,0.0
2077275620,3,0.560069,-0.518469,-0.395128,0.511258,0.0
2077275630,3,0.560643,-0.518316,-0.395067,0.510831,0.0
2077275640,3,0.561002,-0.518104,-0.395179,0.510566,0.0
2077275650,3,0.561246,-0.517972,-0.395127,0.510471,0.0
2077275660,3,0.561695,-0.518176,-0.39464,0.510147,0.0
2077275670,3,0.562491,-0.518392,-0.39419,0.509397,0.0
2077275680,3,0.563273,-0.518204,-0.394209,0.50871,0.0
2077275690,3,0.563847,-0.517658,-0.394681,0.508263,0.0
2077275701,3,0.564159,-0.517158,-0.395189,0.508031,0.0
2077275711,3,0.564256,-0.516948,-0.395631,0.507794,0.0
2077275721,3,0.564232,-0.516842,-0.395988,0.507651,0.0
2077275731,3,0.564245,-0.516647,-0.396253,0.507627,0.0
2077275741,3,0.564455,-0.516522,-0.396371,0.507429,0.0
2077275751,3,0.564924,-0.516587,-0.396303,0.506893,0.0
2077275761,3,0.565526,-0.516499,-0.396218,0.506378,0.0
2077275771,3,0.566027,-0.515914,-0.396454,0.50623,0.0
2077275781,3,0.566436,-0.515245,-0.396833,0.506157,0.0
2077275791,3,0.566778,-0.514695,-0.397185,0.506058,0.0
2077275801,3,0.567125,-0.514166,-0.397484,0.505971,0.0
2077275811,3,0.567429,-0.513674,-0.397694,0.505965,0.0
2077275821,3,0.56785,-0.513379,-0.397808,0.505702,0.0
2077275831,3,0.568345,-0.513103,-0.397901,0.505354,0.0
2077275842,3,0.568843,-0.512652,-0.39806,0.505125,0.0
2077275852,3,0.569313,-0.512106,-0.398279,0.504978,0.0
2077275862,3,0.569649,-0.511669,-0.398418,0.504933,0.0
2077275872,3,0.569846,-0.511489,-0.398344,0.50495,0.0
2077275882,3,0.569969,-0.511523,-0.397925,0.505108,0.0
2077275892,3,0.570109,-0.511668,-0.397305,0.505291,0.0
2077275902,3,0.570308,-0.511926,-0.396724,0.505262,0.0
2077275912,3,0.570463,-0.511967,-0.396303,0.505374,0.0
2077275922,3,0.570665,-0.511761,-0.396057,0.505549,0.0
2077275932,3,0.570783,-0.511194,-0.39607,0.505978,0.0
2077275942,3,0.570727,-0.510523,-0.396262,0.506569,0.0
2077275952,3,0.570721,-0.510049,-0.396312,0.507013,0.0
2077275962,3,0.571045,-0.509574,-0.396114,0.507281,0.0
2077275973,3,0.571674,-0.5092,-0.395769,0.507216,0.0
2077275983,3,0.572281,-0.508709,-0.395747,0.507042,0.0
2077275993,3,0.57276,-0.507851,-0.396202,0.507006,0.0
2077276003,3,0.573109,-0.506672,-0.397029,0.507145,0.0
2077276013,3,0.573373,-0.505809,-0.397661,0.507213,0.0
2077276023,3,0.573562,-0.505612,-0.397863,0.507037,0.0
2077276033,3,0.573646,-0.506025,-0.397627,0.506715,0.0
2077276043,3,0.573671,-0.506438,-0.397383,0.506466,0.0
2077276053,3,0.573742,-0.506691,-0.397334,0.50617,0.0
2077276063,3,0.573794,-0.506976,-0.397531,0.505671,0.0
2077276073,3,0.573638,-0.507133,-0.397992,0.505327,0.0
2077276083,3,0.573259,-0.507219,-0.398486,0.505282,0.0
2077276093,3,0.572792,-0.507238,-0.398892,0.505472,0.0
2077276104,3,0.572354,-0.507567,-0.399097,0.505477,0.0
2077276114,3,0.572133,-0.507984,-0.399149,0.505266,0.0
2077276124,3,0.572049,-0.508071,-0.399267,0.50518,0.0
2077276134,3,0.572088,-0.508096,-0.399309,0.505078,0.0
2077276144,3,0.572133,-0.508352,-0.399338,0.504747,0.0
2077276154,3,0.572086,-0.508421,-0.399523,0.504583,0.0
2077276164,3,0.571866,-0.508308,-0.399804,0.504725,0.0
2077276174,3,0.571688,-0.508338,-0.399741,0.504946,0.0
2077276184,3,0.571756,-0.508803,-0.399286,0.504761,0.0
2077276194,3,0.571948,-0.50929,-0.398763,0.504465,0.0
2077276204,3,0.572098,-0.509437,-0.398505,0.50435,0.0
2077276214,3,0.57204,-0.509122,-0.398832,0.504476,0.0
2077276224,3,0.571709,-0.508633,-0.399584,0.50475,0.0
2077276235,3,0.571316,-0.508499,-0.399984,0.505013,0.0
2077276245,3,0.571187,-0.508618,-0.399845,0.505149,0.0
2077276255,3,0.571303,-0.509029,-0.399207,0.505108,0.0
2077276265,3,0.571632,-0.509483,-0.398446,0.50488,0.0
2077276275,3,0.571954,-0.509554,-0.398008,0.504788,0.0
2077276285,3,0.572091,-0.509231,-0.397875,0.505064,0.0
2077276295,3,0.572056,-0.508821,-0.397739,0.505623,0.0
2077276305,3,0.572146,-0.508828,-0.39726,0.50589,0.0
2077276315,3,0.572369,-0.50905,-0.396533,0.505985,0.0
2077276325,3,0.572809,-0.509132,-0.3957,0.506058,0.0
2077276335,3,0.573397,-0.508976,-0.395035,0.506069,0.0
2077276345,3,0.573941,-0.50883,-0.39458,0.505954,0.0
2077276355,3,0.57446,-0.508614,-0.394272,0.505822,0.0
2077276365,3,0.574892,-0.508213,-0.394106,0.505864,0.0
2077276376,3,0.575273,-0.507738,-0.3939,0.506067,0.0
2077276386,3,0.575693,-0.507699,-0.393466,0.505967,0.0
2077276396,3,0.576172,-0.507637,-0.392968,0.505871,0.0
2077276406,3,0.576751,-0.507358,-0.392514,0.505843,0.0
2077276416,3,0.577316,-0.506911,-0.392092,0.505974,0.0
2077276426,3,0.577945,-0.506659,-0.391538,0.505938,0.0
2077276436,3,0.578615,-0.506489,-0.391032,0.505733,0.0
2077276446,3,0.579137,-0.505907,-0.390849,0.505859,0.0
2077276456,3,0.579576,-0.505205,-0.390688,0.506182,0.0
2077276466,3,0.580041,-0.504897,-0.390283,0.50627,0.0
2077276476,3,0.580637,-0.504723,-0.38968,0.506224,0.0
2077276486,3,0.581376,-0.504601,-0.388923,0.50608,0.0
2077276496,3,0.582125,-0.504274,-0.38837,0.505969,0.0
2077276507,3,0.582569,-0.50366,-0.388335,0.506097,0.0
2077276517,3,0.582645,-0.502828,-0.388577,0.50665,0.0
2077276527,3,0.58266,-0.502033,-0.388627,0.507383,0.0
2077276537,3,0.582787,-0.501515,-0.388233,0.508051,0.0
2077276547,3,0.583107,-0.501386,-0.387408,0.508441,0.0
2077276557,3,0.583667,-0.501242,-0.386498,0.508633,0.0
2077276567,3,0.58431,-0.500713,-0.385883,0.508882,0.0
2077276577,3,0.584882,-0.499916,-0.385485,0.50931,0.0
2077276587,3,0.585401,-0.499082,-0.385209,0.509741,0.0
2077276597,3,0.585901,-0.498345,-0.384729,0.510248,0.0
2077276607,3,0.586512,-0.497783,-0.383866,0.510746,0.0
2077276617,3,0.587328,-0.497207,-0.382856,0.511126,0.0
2077276627,3,0.588115,-0.496531,-0.381954,0.511553,0.0
2077276638,3,0.588932,-0.495685,-0.381359,0.511877,0.0
2077276648,3,0.589702,-0.494558,-0.380952,0.512385,0.0
2077276658,3,0.590316,-0.493101,-0.380804,0.51319,0.0
2077276668,3,0.590861,-0.491971,-0.380517,0.51386,0.0
2077276678,3,0.591549,-0.491213,-0.379882,0.514263,0.0
2077276688,3,0.592236,-0.490114,-0.379351,0.514913,0.0
2077276698,3,0.593006,-0.488624,-0.379122,0.515612,0.0
2077276708,3,0.594122,-0.487268,-0.378775,0.515864,0.0
2077276718,3,0.59556,-0.486163,-0.37822,0.515657,0.0
2077276728,3,0.596928,-0.484603,-0.377923,0.51576,0.0
2077276738,3,0.598016,-0.482663,-0.378021,0.516248,0.0
2077276748,3,0.598811,-0.480963,-0.378223,0.516764,0.0
2077276758,3,0.599495,-0.479644,-0.378149,0.517251,0.0
2077276768,3,0.600415,-0.478423,-0.377875,0.517515,0.0
2077276779,3,0.601575,-0.477165,-0.377644,0.517498,0.0
2077276789,3,0.602707,-0.475841,-0.377589,0.517441,0.0
2077276799,3,0.603658,-0.474413,-0.377755,0.517522,0.0
2077276809,3,0.604357,-0.472937,-0.378025,0.517859,0.0
2077276819,3,0.604874,-0.471419,-0.378192,0.518518,0.0
2077276829,3,0.605511,-0.470443,-0.377939,0.518844,0.0
2077276839,3,0.60643,-0.469515,-0.377614,0.518848,0.0
2077276849,3,0.607564,-0.468284,-0.377528,0.518697,0.0
2077276859,3,0.608704,-0.466818,-0.377737,0.518531,0.0
2077276869,3,0.60976,-0.465217,-0.378218,0.518378,0.0
2077276879,3,0.610656,-0.463593,-0.378831,0.51833,0.0
2077276889,3,0.611277,-0.461921,-0.379387,0.518684,0.0
2077276899,3,0.611755,-0.460577,-0.379719,0.519073,0.0
2077276910,3,0.612291,-0.459724,-0.379814,0.519127,0.0
2077276920,3,0.612942,-0.458812,-0.38002,0.519015,0.0
2077276930,3,0.613586,-0.457796,-0.380373,0.518893,0.0
2077276940,3,0.614048,-0.456575,-0.38095,0.518999,0.0
2077276950,3,0.614308,-0.455583,-0.381556,0.519118,0.0
2077276960,3,0.614447,-0.454818,-0.381914,0.51936,0.0
2077276970,3,0.614643,-0.453989,-0.381977,0.519808,0.0
2077276980,3,0.615028,-0.453307,-0.381854,0.520038,0.0
2077276990,3,0.615585,-0.452919,-0.381639,0.519875,0.0
2077277000,3,0.616319,-0.452702,-0.381399,0.519369,0.0
2077277010,3,0.616928,-0.451927,-0.3815,0.519247,0.0
2077277020,3,0.617421,-0.451332,-0.381773,0.518978,0.0
2077277030,3,0.617861,-0.450618,-0.382245,0.518727,0.0
2077277041,3,0.618243,-0.449798,-0.382688,0.518657,0.0
2077277051,3,0.618665,-0.449116,-0.382993,0.51852,0.0
2077277061,3,0.618977,-0.44874,-0.383275,0.518265,0.0
2077277071,3,0.619054,-0.448165,-0.383922,0.518192,0.0
2077277081,3,0.618855,-0.447122,-0.38498,0.518545,0.0
2077277091,3,0.618505,-0.446164,-0.386138,0.518927,0.0
2077277101,3,0.617997,-0.445665,-0.38712,0.51923,0.0
2077277111,3,0.617457,-0.445527,-0.387825,0.519463,0.0
2077277121,3,0.616966,-0.445527,-0.388281,0.519707,0.0
2077277131,3,0.616664,-0.445387,-0.388792,0.519802,0.0
2077277141,3,0.616371,-0.4454,-0.38933,0.519737,0.0
2077277151,3,0.616041,-0.445587,-0.389849,0.519578,0.0
2077277161,3,0.615593,-0.445516,-0.390617,0.519594,0.0
2077277172,3,0.614961,-0.445333,-0.391614,0.519747,0.0
2077277182,3,0.614286,-0.445377,-0.392696,0.519693,0.0
2077277192,3,0.613565,-0.445676,-0.393671,0.519551,0.0
2077277202,3,0.612861,-0.446066,-0.394366,0.519519,0.0
2077277212,3,0.612381,-0.446509,-0.394842,0.519342,0.0
2077277222,3,0.611976,-0.447055,-0.395506,0.518845,0.0
2077277232,3,0.61125,-0.447532,-0.396555,0.518489,0.0
2077277242,3,0.610062,-0.44773,-0.39798,0.518625,0.0
2077277252,3,0.608629,-0.448105,-0.399341,0.518939,0.0
2077277262,3,0.607206,-0.449068,-0.400247,0.519076,0.0
2077277272,3,0.605872,-0.450481,-0.40071,0.519053,0.0
2077277282,3,0.60461,-0.451702,-0.401181,0.519099,0.0
2077277292,3,0.603242,-0.452484,-0.401949,0.519416,0.0
2077277302,3,0.601722,-0.453417,-0.402726,0.519764,0.0
2077277313,3,0.600163,-0.454515,-0.403459,0.520038,0.0
2077277323,3,0.598523,-0.455656,-0.404115,0.52042,0.0
2077277333,3,0.596984,-0.456789,-0.404591,0.520825,0.0
2077277343,3,0.595852,-0.458202,-0.40473,0.520771,0.0
2077277353,3,0.595008,-0.459743,-0.404739,0.520371,0.0
2077277363,3,0.594296,-0.460944,-0.404846,0.520039,0.0
2077277373,3,0.593557,-0.461838,-0.405124,0.519874,0.0
2077277383,3,0.592669,-0.462797,-0.405528,0.519719,0.0
2077277393,3,0.591496,-0.463895,-0.405983,0.51972,0.0
2077277403,3,0.590203,-0.465082,-0.40638,0.51982,0.0
2077277413,3,0.588945,-0.46628,-0.406612,0.519992,0.0
2077277423,3,0.587868,-0.467471,-0.406717,0.52006,0.0
2077277433,3,0.586921,-0.468532,-0.40686,0.520062,0.0
2077277444,3,0.586016,-0.469667,-0.407058,0.519904,0.0
2077277454,3,0.584984,-0.47066,-0.407438,0.51987,0.0
2077277464,3,0.583797,-0.471487,-0.40788,0.520109,0.0
2077277474,3,0.582679,-0.472283,-0.408237,0.52036,0.0
2077277484,3,0.581655,-0.473364,-0.408316,0.520461,0.0
2077277494,3,0.580846,-0.474529,-0.408095,0.520477,0.0
2077277504,3,0.580332,-0.475418,-0.40803,0.52029,0.0
2077277514,3,0.579844,-0.476127,-0.40814,0.520099,0.0
2077277524,3,0.579255,-0.476557,-0.408581,0.520016,0.0
2077277534,3,0.578468,-0.47693,-0.40914,0.520111,0.0
2077277544,3,0.577519,-0.47741,-0.409658,0.520316,0.0
2077277554,3,0.576616,-0.478055,-0.410026,0.520437,0.0
2077277564,3,0.575758,-0.478789,-0.410205,0.52057,0.0
2077277575,3,0.575059,-0.479404,-0.410477,0.520562,0.0
2077277585,3,0.574388,-0.480289,-0.410754,0.520269,0.0
2077277595,3,0.573693,-0.481162,-0.411194,0.519883,0.0
2077277605,3,0.572895,-0.481878,-0.41177,0.519643,0.0
2077277615,3,0.571963,-0.482685,-0.412224,0.51956,0.0
2077277625,3,0.571087,-0.483887,-0.412344,0.519311,0.0
2077277635,3,0.570373,-0.48544,-0.412193,0.518766,0.0
2077277645,3,0.569762,-0.486684,-0.412237,0.518236,0.0
2077277655,3,0.56922,-0.487481,-0.412526,0.517853,0.0
2077277665,3,0.568729,-0.488228,-0.412935,0.517362,0.0
2077277675,3,0.568092,-0.48901,-0.413328,0.517009,0.0
2077277685,3,0.567348,-0.489997,-0.413526,0.516734,0.0
2077277695,3,0.566535,-0.490928,-0.413758,0.516555,0.0
2077277706,3,0.565674,-0.492037,-0.41395,0.51629,0.0
2077277716,3,0.564911,-0.493342,-0.414042,0.515807,0.0
2077277726,3,0.564277,-0.494645,-0.414042,0.515253,0.0
2077277736,3,0.563695,-0.49583,-0.414128,0.514681,0.0
2077277746,3,0.563057,-0.496979,-0.414286,0.514144,0.0
2077277756,3,0.562353,-0.498108,-0.414485,0.513662,0.0
2077277766,3,0.561567,-0.499434,-0.414443,0.513268,0.0
2077277776,3,0.560922,-0.501176,-0.413878,0.51273,0.0
2077277786,3,0.560459,-0.503048,-0.413069,0.512055,0.0
2077277796,3,0.559971,-0.504372,-0.412623,0.511645,0.0
2077277806,3,0.559307,-0.505276,-0.412545,0.511542,0.0
2077277816,3,0.558538,-0.505885,-0.412743,0.511621,0.0
2077277826,3,0.557681,-0.506685,-0.412734,0.511773,0.0
2077277836,3,0.556978,-0.507752,-0.412304,0.511827,0.0
2077277847,3,0.556471,-0.508983,-0.411534,0.511776,0.0
2077277857,3,0.556156,-0.509956,-0.410991,0.511586,0.0
2077277867,3,0.555782,-0.510827,-0.410598,0.511439,0.0
2077277877,3,0.555284,-0.511569,-0.410206,0.511553,0.0
2077277887,3,0.55483,-0.512238,-0.40983,0.511678,0.0
2077277897,3,0.554519,-0.513138,-0.409214,0.511605,0.0
2077277907,3,0.554413,-0.514477,-0.408158,0.511219,0.0
2077277917,3,0.554523,-0.51588,-0.406893,0.510695,0.0
2077277927,3,0.554629,-0.516691,-0.405922,0.510532,0.0
2077277937,3,0.554686,-0.517177,-0.405125,0.510611,0.0
2077277947,3,0.554712,-0.517681,-0.404428,0.510624,0.0
2077277957,3,0.554725,-0.518109,-0.403903,0.510591,0.0
2077277967,3,0.554763,-0.518579,-0.403297,0.510552,0.0
2077277978,3,0.55494,-0.518924,-0.402689,0.510489,0.0
2077277988,3,0.555196,-0.519237,-0.402153,0.510314,0.0
2077277998,3,0.55544,-0.519419,-0.401742,0.510188,0.0
2077278008,3,0.555447,-0.519375,-0.401535,0.510387,0.0
2077278018,3,0.555174,-0.519401,-0.401266,0.510871,0.0
2077278028,3,0.554917,-0.519844,-0.400613,0.511211,0.0
2077278038,3,0.554749,-0.520355,-0.399848,0.511472,0.0
2077278048,3,0.554703,-0.520761,-0.398975,0.51179,0.0
2077278058,3,0.554995,-0.521124,-0.397968,0.511889,0.0
2077278068,3,0.555631,-0.521659,-0.39674,0.511607,0.0
2077278078,3,0.556214,-0.521842,-0.395759,0.511547,0.0
2077278088,3,0.556503,-0.521538,-0.395156,0.512008,0.0
2077278098,3,0.556711,-0.520978,-0.394888,0.512558,0.0
2077278109,3,0.556907,-0.520467,-0.394684,0.513021,0.0
2077278119,3,0.557304,-0.520357,-0.394107,0.513145,0.0
2077278129,3,0.558014,-0.520391,-0.393241,0.513003,0.0
2077278139,3,0.558731,-0.520073,-0.392742,0.512929,0.0
2077278149,3,0.559232,-0.519751,-0.39243,0.512947,0.0
2077278159,3,0.55969,-0.519527,-0.392088,0.512937,0.0
2077278169,3,0.560059,-0.519212,-0.391825,0.513054,0.0
2077278179,3,0.560414,-0.519136,-0.391165,0.513247,0.0
2077278189,3,0.560884,-0.519272,-0.39019,0.513337,0.0
2077278199,3,0.561392,-0.519393,-0.38939,0.513268,0.0
2077278209,3,0.561846,-0.519158,-0.388836,0.513428,0.0
2077278219,3,0.562351,-0.518795,-0.388449,0.513535,0.0
2077278229,3,0.562865,-0.518622,-0.388095,0.513415,0.0
2077278239,3,0.563277,-0.518621,-0.387516,0.5134,0.0
2077278250,3,0.563593,-0.518533,-0.38689,0.513616,0.0
2077278260,3,0.563833,-0.518283,-0.386323,0.51403,0.0
2077278270,3,0.56419,-0.518179,-0.385589,0.514295,0.0
2077278280,3,0.564797,-0.518112,-0.38485,0.51425,0.0
2077278290,3,0.565445,-0.5176,-0.384425,0.514371,0.0
2077278300,3,0.565954,-0.517138,-0.384005,0.514589,0.0
2077278310,3,0.566352,-0.516845,-0.383546,0.514788,0.0
2077278320,3,0.566614,-0.516532,-0.383182,0.515085,0.0
2077278330,3,0.566601,-0.516307,-0.382767,0.515633,0.0
2077278340,3,0.566653,-0.516522,-0.381912,0.515995,0.0
2077278350,3,0.566912,-0.516935,-0.380689,0.516201,0.0
2077278360,3,0.567348,-0.517269,-0.379524,0.516245,0.0
2077278370,3,0.56789,-0.517319,-0.378596,0.51628,0.0
2077278381,3,0.568295,-0.517061,-0.377893,0.516608,0.0
2077278391,3,0.56851,-0.516569,-0.377384,0.517235,0.0
2077278401,3,0.568734,-0.516158,-0.376641,0.51794,0.0
2077278411,3,0.569163,-0.515921,-0.375612,0.518452,0.0
2077278421,3,0.569934,-0.51559,-0.374607,0.518661,0.0
2077278431,3,0.570931,-0.514843,-0.373956,0.518777,0.0
2077278441,3,0.571971,-0.513793,-0.373513,0.518992,0.0
2077278451,3,0.572976,-0.512457,-0.373356,0.519317,0.0
2077278461,3,0.573807,-0.511315,-0.373237,0.519611,0.0
2077278471,3,0.574544,-0.510392,-0.372926,0.519926,0.0
2077278481,3,0.575386,-0.509528,-0.372375,0.520237,0.0
2077278491,3,0.576402,-0.508815,-0.371657,0.520324,0.0
2077278501,3,0.57754,-0.508245,-0.370967,0.520111,0.0
2077278512,3,0.578512,-0.507486,-0.370585,0.520045,0.0
2077278522,3,0.57916,-0.506551,-0.370578,0.52024,0.0
2077278532,3,0.57965,-0.505558,-0.370682,0.520586,0.0
2077278542,3,0.580146,-0.504724,-0.370698,0.520832,0.0
2077278552,3,0.580733,-0.50425,-0.370431,0.520826,0.0
2077278562,3,0.581349,-0.503827,-0.369966,0.52088,0.0
2077278572,3,0.581952,-0.503198,-0.369758,0.520961,0.0
2077278582,3,0.582535,-0.502709,-0.369649,0.520859,0.0
2077278592,3,0.583245,-0.502247,-0.369586,0.520555,0.0
2077278602,3,0.583983,-0.501694,-0.369583,0.520263,0.0
2077278612,3,0.584645,-0.501189,-0.36956,0.520023,0.0
2077278622,3,0.585299,-0.50081,-0.369369,0.519788,0.0
2077278632,3,0.585966,-0.500522,-0.369041,0.519546,0.0
2077278643,3,0.586746,-0.500314,-0.368662,0.519135,0.0
2077278653,3,0.587498,-0.500042,-0.368342,0.518775,0.0
2077278663,3,0.588141,-0.499634,-0.368175,0.518556,0.0
2077278673,3,0.588709,-0.499114,-0.368344,0.518293,0.0
2077278683,3,0.589105,-0.498621,-0.368429,0.518257,0.0
2077278693,3,0.589402,-0.498036,-0.368464,0.518457,0.0
2077278703,3,0.589687,-0.497777,-0.368151,0.518604,0.0
2077278713,3,0.590032,-0.497688,-0.367666,0.51864,0.0
2077278723,3,0.590411,-0.49765,-0.367206,0.518572,0.0
2077278733,3,0.59079,-0.497389,-0.366953,0.51857,0.0
2077278743,3,0.59114,-0.497064,-0.366855,0.518553,0.0
2077278753,3,0.591587,-0.496847,-0.366735,0.518335,0.0
2077278763,3,0.591975,-0.496541,-0.366462,0.518378,0.0
2077278773,3,0.592485,-0.496344,-0.365863,0.518408,0.0
2077278784,3,0.593174,-0.496311,-0.365058,0.518218,0.0
2077278794,3,0.593965,-0.49626,-0.364399,0.517825,0.0
2077278804,3,0.594703,-0.496027,-0.363964,0.517507,0.0
2077278814,3,0.595269,-0.495446,-0.36405,0.517352,0.0
2077278824,3,0.595692,-0.494783,-0.364343,0.517293,0.0
2077278834,3,0.596149,-0.494329,-0.364366,0.517185,0.0
2077278844,3,0.596717,-0.493793,-0.364171,0.51718,0.0
2077278854,3,0.597293,-0.493445,-0.363826,0.517089,0.0
2077278864,3,0.597894,-0.493294,-0.363426,0.51682,0.0
2077278874,3,0.598469,-0.493134,-0.363038,0.516582,0.0
2077278884,3,0.598939,-0.492728,-0.362896,0.516523,0.0
2077278894,3,0.599402,-0.49211,-0.362997,0.516503,0.0
2077278904,3,0.599987,-0.491688,-0.362933,0.516272,0.0
2077278915,3,0.600749,-0.491456,-0.362548,0.515877,0.0
2077278925,3,0.601755,-0.491158,-0.361879,0.515458,0.0
2077278935,3,0.602662,-0.490616,-0.36148,0.515194,0.0
2077278945,3,0.603276,-0.489747,-0.361639,0.51519,0.0
2077278955,3,0.603693,-0.488909,-0.362075,0.515191,0.0
2077278965,3,0.604131,-0.48829,-0.362327,0.515088,0.0
2077278975,3,0.604395,-0.48776,-0.362446,0.515197,0.0
2077278985,3,0.604599,-0.487478,-0.362346,0.515295,0.0
2077278995,3,0.604888,-0.487062,-0.362215,0.515441,0.0
2077279005,3,0.605352,-0.486536,-0.362069,0.515496,0.0
2077279015,3,0.60584,-0.486286,-0.361627,0.515469,0.0
2077279025,3,0.606405,-0.486186,-0.361148,0.515235,0.0
2077279035,3,0.60693,-0.485775,-0.361051,0.515072,0.0
2077279046,3,0.607396,-0.484841,-0.361347,0.515196,0.0
2077279056,3,0.607996,-0.484135,-0.361271,0.515205,0.0
2077279066,3,0.608759,-0.483861,-0.360901,0.51482,0.0
2077279076,3,0.609562,-0.483428,-0.36069,0.514424,0.0
2077279086,3,0.610174,-0.482659,-0.360962,0.51423,0.0
2077279096,3,0.610485,-0.481683,-0.361548,0.514364,0.0
2077279106,3,0.610556,-0.481092,-0.36205,0.514481,0.0
2077279116,3,0.610518,-0.480916,-0.362169,0.514607,0.0
2077279126,3,0.610565,-0.480195,-0.362432,0.515037,0.0
2077279136,3,0.610915,-0.479568,-0.362426,0.515212,0.0
2077279146,3,0.611873,-0.479411,-0.362018,0.514507,0.0
2077279156,3,0.612628,-0.478905,-0.362115,0.514012,0.0
2077279166,3,0.612953,-0.478033,-0.36268,0.514038,0.0
2077279177,3,0.613596,-0.477833,-0.362513,0.513574,0.0
2077279187,3,0.614003,-0.477589,-0.362437,0.513368,0.0
2077279197,3,0.613954,-0.477098,-0.362653,0.51373,0.0
2077279207,3,0.613681,-0.476623,-0.362778,0.514409,0.0
2077279217,3,0.613836,-0.476355,-0.362724,0.51451,0.0
2077279227,3,0.614363,-0.476332,-0.362643,0.513958,0.0
2077279237,3,0.614604,-0.476432,-0.362659,0.513567,0.0
2077279247,3,0.614569,-0.476196,-0.362926,0.513639,0.0
2077279257,3,0.61467,-0.475935,-0.363032,0.513685,0.0
2077279267,3,0.615026,-0.475914,-0.362816,0.513431,0.0
2077279277,3,0.615519,-0.475352,-0.363079,0.513174,0.0
2077279287,3,0.615753,-0.474609,-0.363505,0.51328,0.0
2077279297,3,0.616116,-0.474166,-0.3637,0.513115,0.0
2077279307,3,0.616401,-0.473501,-0.36434,0.512933,0.0
2077279318,3,0.616382,-0.47275,-0.365402,0.512895,0.0
2077279328,3,0.61683,-0.472967,-0.365374,0.512174,0.0
2077279338,3,0.61705,-0.47336,-0.365004,0.51181,0.0
2077279348,3,0.617302,-0.473596,-0.364717,0.511492,0.0
2077279358,3,0.617383,-0.47354,-0.364744,0.511428,0.0
2077279368,3,0.617593,-0.473076,-0.365122,0.511335,0.0
2077279378,3,0.61789,-0.472278,-0.365845,0.511195,0.0
2077279388,3,0.618092,-0.471745,-0.366547,0.510941,0.0
2077279398,3,0.618371,-0.471633,-0.366823,0.510507,0.0
2077279408,3,0.618447,-0.471019,-0.367368,0.510591,0.0
2077279418,3,0.618272,-0.470453,-0.367879,0.510957,0.0
2077279428,3,0.618409,-0.470286,-0.368106,0.510781,0.0
2077279438,3,0.618668,-0.470109,-0.368498,0.510348,0.0
2077279449,3,0.61876,-0.469759,-0.369041,0.510165,0.0
2077279459,3,0.618723,-0.469344,-0.369643,0.510157,0.0
2077279469,3,0.618538,-0.469128,-0.370278,0.51012,0.0
2077279479,3,0.618116,-0.469319,-0.370555,0.510254,0.0
2077279489,3,0.617851,-0.469574,-0.370554,0.510341,0.0
2077279499,3,0.617756,-0.469548,-0.370753,0.510336,0.0
2077279509,3,0.617592,-0.469337,-0.371257,0.510362,0.0
2077279519,3,0.617253,-0.469083,-0.372009,0.510458,0.0
2077279529,3,0.616939,-0.468658,-0.372976,0.510522,0.0
2077279539,3,0.616647,-0.468529,-0.373508,0.510604,0.0
2077279549,3,0.616533,-0.469042,-0.373378,0.510366,0.0
2077279559,3,0.616565,-0.46968,-0.372963,0.510044,0.0
2077279569,3,0.616401,-0.469941,-0.372994,0.50998,0.0
2077279580,3,0.616141,-0.469949,-0.373374,0.510008,0.0
2077279590,3,0.615854,-0.469872,-0.374034,0.509942,0.0
2077279600,3,0.615411,-0.469785,-0.374968,0.50987,0.0
2077279610,3,0.614811,-0.469831,-0.375725,0.509996,0.0
2077279620,3,0.614257,-0.470125,-0.376156,0.510074,0.0
2077279630,3,0.613807,-0.470577,-0.376526,0.509926,0.0
2077279640,3,0.613309,-0.471049,-0.376888,0.509821,0.0
2077279650,3,0.612757,-0.471478,-0.37733,0.509762,0.0
2077279660,3,0.612048,-0.471683,-0.37814,0.509824,0.0
2077279670,3,0.611153,-0.472075,-0.379041,0.509866,0.0
2077279680,3,0.610245,-0.472752,-0.379669,0.509859,0.0
2077279690,3,0.609367,-0.473483,-0.380088,0.509918,0.0
2077279700,3,0.608559,-0.474365,-0.380267,0.50993,0.0
2077279710,3,0.607915,-0.475422,-0.380333,0.509664,0.0
2077279721,3,0.607334,-0.475884,-0.38096,0.509457,0.0
2077279731,3,0.606583,-0.476099,-0.381817,0.509511,0.0
2077279741,3,0.605834,-0.476674,-0.382591,0.509284,0.0
2077279751,3,0.605068,-0.477548,-0.38331,0.508834,0.0
2077279761,3,0.604353,-0.47861,-0.383768,0.50834,0.0
2077279771,3,0.603822,-0.479576,-0.3842,0.507735,0.0
2077279781,3,0.603384,-0.480471,-0.384813,0.506944,0.0
2077279791,3,0.602926,-0.481659,-0.385275,0.50601,0.0
2077279801,3,0.602473,-0.482749,-0.385794,0.505115,0.0
2077279811,3,0.601906,-0.483727,-0.386527,0.504293,0.0
2077279821,3,0.601194,-0.484897,-0.387413,0.50334,0.0
2077279831,3,0.60033,-0.486053,-0.388333,0.502546,0.0
2077279841,3,0.599418,-0.487076,-0.389342,0.501863,0.0
2077279852,3,0.598427,-0.488212,-0.390194,0.501279,0.0
2077279862,3,0.59717,-0.489582,-0.390949,0.500854,0.0
2077279872,3,0.595605,-0.490684,-0.392046,0.500782,0.0
2077279882,3,0.593816,-0.491805,-0.393084,0.500992,0.0
2077279892,3,0.592589,-0.493126,-0.393873,0.500526,0.0
2077279902,3,0.590901,-0.495306,-0.393634,0.500558,0.0
2077279912,3,0.589415,-0.497621,-0.393016,0.5005,0.0
2077279922,3,0.588174,-0.499741,-0.392426,0.50031,0.0
2077279932,3,0.587324,-0.501303,-0.392291,0.499851,0.0
2077279942,3,0.586653,-0.502889,-0.392122,0.499179,0.0
2077279952,3,0.585851,-0.504484,-0.391842,0.49873,0.0
2077279962,3,0.584824,-0.506079,-0.391422,0.49865,0.0
2077279972,3,0.583642,-0.507456,-0.391231,0.498786,0.0
2077279983,3,0.582407,-0.508616,-0.3915,0.498837,0.0
2077279993,3,0.581324,-0.509913,-0.391776,0.498559,0.0
2077280003,3,0.580508,-0.511261,-0.391937,0.498002,0.0
2077280013,3,0.579684,-0.512526,-0.392012,0.497603,0.0
2077280023,3,0.578682,-0.513679,-0.392267,0.497378,0.0
2077280033,3,0.577485,-0.514633,-0.392873,0.497305,0.0
2077280043,3,0.576363,-0.515861,-0.393145,0.49712,0.0
2077280053,3,0.575302,-0.517357,-0.392894,0.496992,0.0
2077280063,3,0.574663,-0.519099,-0.392307,0.496379,0.0
2077280073,3,0.574163,-0.520575,-0.391951,0.495692,0.0
2077280083,3,0.573658,-0.521792,-0.391858,0.495071,0.0
2077280093,3,0.573009,-0.522559,-0.39227,0.494686,0.0
2077280103,3,0.572192,-0.523591,-0.392273,0.49454,0.0
2077280114,3,0.571416,-0.524843,-0.3917,0.494563,0.0
2077280124,3,0.570615,-0.526343,-0.390637,0.494734,0.0
2077280134,3,0.570008,-0.527579,-0.389817,0.494764,0.0
2077280144,3,0.569637,-0.528465,-0.389445,0.494539,0.0
2077280154,3,0.569141,-0.52905,-0.389511,0.494433,0.0
2077280164,3,0.568452,-0.529623,-0.389465,0.494648,0.0
2077280174,3,0.567749,-0.530315,-0.389116,0.494988,0.0
2077280184,3,0.567144,-0.531416,-0.388259,0.495175,0.0
2077280194,3,0.566774,-0.532515,-0.3872,0.495246,0.0
2077280204,3,0.566763,-0.533335,-0.386247,0.495121,0.0
2077280214,3,0.56689,-0.533727,-0.38568,0.494995,0.0
2077280224,3,0.566823,-0.534002,-0.38533,0.495048,0.0
2077280234,3,0.566394,-0.534071,-0.385176,0.495584,0.0
2077280244,3,0.565773,-0.534035,-0.385111,0.496383,0.0
2077280255,3,0.565231,-0.534075,-0.384847,0.497161,0.0
2077280265,3,0.564866,-0.534389,-0.384234,0.497711,0.0
2077280275,3,0.564792,-0.534708,-0.383523,0.498002,0.0
2077280285,3,0.564902,-0.534693,-0.38296,0.498326,0.0
2077280295,3,0.565306,-0.534212,-0.382803,0.498505,0.0
2077280305,3,0.565836,-0.53376,-0.382779,0.498406,0.0
2077280315,3,0.566484,-0.53345,-0.382656,0.498096,0.0
2077280325,3,0.567197,-0.533151,-0.382371,0.497824,0.0
2077280335,3,0.567842,-0.532921,-0.381921,0.49768,0.0
2077280345,3,0.568451,-0.532693,-0.381608,0.497469,0.0
2077280355,3,0.569062,-0.532462,-0.381518,0.497086,0.0
2077280365,3,0.569533,-0.531906,-0.381883,0.496862,0.0
2077280375,3,0.569654,-0.531471,-0.382205,0.496941,0.0
2077280386,3,0.56982,-0.531669,-0.382085,0.49663,0.0
2077280396,3,0.569966,-0.531939,-0.381862,0.496346,0.0
2077280406,3,0.569961,-0.532109,-0.381584,0.496384,0.0
2077280416,3,0.569983,-0.532064,-0.381363,0.496575,0.0
2077280426,3,0.570149,-0.53217,-0.381065,0.496501,0.0
2077280436,3,0.570416,-0.532271,-0.38086,0.496243,0.0
2077280446,3,0.570711,-0.532016,-0.381057,0.496026,0.0
2077280456,3,0.570951,-0.531551,-0.381431,0.49596,0.0
2077280466,3,0.571294,-0.531507,-0.381264,0.495741,0.0
2077280476,3,0.571707,-0.53178,-0.380658,0.495438,0.0
2077280486,3,0.572179,-0.532081,-0.379991,0.495082,0.0
2077280496,3,0.572639,-0.531964,-0.379718,0.494885,0.0
2077280506,3,0.573077,-0.531547,-0.379965,0.494636,0.0
2077280517,3,0.57324,-0.53092,-0.38052,0.494695,0.0
2077280527,3,0.57328,-0.530528,-0.380783,0.494866,0.0
2077280537,3,0.573286,-0.530406,-0.380681,0.495068,0.0
2077280547,3,0.573256,-0.530478,-0.380302,0.495316,0.0
2077280557,3,0.573343,-0.53045,-0.379997,0.49548,0.0
2077280567,3,0.573607,-0.530213,-0.379725,0.495638,0.0
2077280577,3,0.573898,-0.530083,-0.379301,0.495763,0.0
2077280587,3,0.57414,-0.530005,-0.378876,0.495891,0.0
2077280597,3,0.574366,-0.529802,-0.37861,0.49605,0.0
2077280607,3,0.574707,-0.529554,-0.37831,0.496148,0.0
2077280617,3,0.575187,-0.5293,-0.377874,0.496197,0.0
2077280627,3,0.575768,-0.529261,-0.377266,0.496027,0.0
2077280637,3,0.576289,-0.529105,-0.376839,0.495913,0.0
2077280647,3,0.576662,-0.52854,-0.376839,0.49608,0.0
2077280658,3,0.576832,-0.527609,-0.377244,0.496567,0.0
2077280668,3,0.576849,-0.527055,-0.377385,0.497028,0.0
2077280678,3,0.577403,-0.527523,-0.376222,0.49677,0.0
2077280688,3,0.578036,-0.527698,-0.375087,0.496706,0.0
2077280698,3,0.578733,-0.527184,-0.374653,0.496768,0.0
2077280708,3,0.579271,-0.526545,-0.374588,0.496868,0.0
2077280718,3,0.579553,-0.525862,-0.374691,0.497184,0.0
2077280728,3,0.579774,-0.525102,-0.374764,0.497675,0.0
2077280738,3,0.580165,-0.524461,-0.37463,0.497995,0.0
2077280748,3,0.580672,-0.52408,-0.374191,0.498136,0.0
2077280758,3,0.581418,-0.523907,-0.373501,0.497966,0.0
2077280768,3,0.582127,-0.523489,-0.372952,0.497988,0.0
2077280778,3,0.582644,-0.522807,-0.372705,0.498285,0.0
2077280789,3,0.582991,-0.52214,-0.372716,0.498569,0.0
2077280799,3,0.58317,-0.521357,-0.372846,0.499083,0.0
2077280809,3,0.583327,-0.520477,-0.372867,0.499802,0.0
2077280819,3,0.583602,-0.519706,-0.372586,0.500492,0.0
2077280829,3,0.584141,-0.519118,-0.372118,0.500821,0.0
2077280839,3,0.584692,-0.518512,-0.371716,0.501105,0.0
2077280849,3,0.585207,-0.517672,-0.371496,0.501535,0.0
2077280859,3,0.585577,-0.51645,-0.371557,0.502318,0.0
2077280869,3,0.585936,-0.515365,-0.371639,0.502952,0.0
2077280879,3,0.586373,-0.514564,-0.371518,0.503351,0.0
2077280889,3,0.586945,-0.513816,-0.371292,0.503615,0.0
2077280899,3,0.587511,-0.512988,-0.371083,0.503954,0.0
2077280909,3,0.588187,-0.512318,-0.370824,0.504038,0.0
2077280920,3,0.589012,-0.51166,-0.370712,0.503826,0.0
2077280930,3,0.589855,-0.510756,-0.370805,0.503688,0.0
2077280940,3,0.590591,-0.509543,-0.371195,0.503766,0.0
2077280950,3,0.591147,-0.508549,-0.371591,0.503828,0.0
2077280960,3,0.591477,-0.507664,-0.371804,0.504175,0.0
2077280970,3,0.591686,-0.506869,-0.371873,0.504678,0.0
2077280980,3,0.591904,-0.505953,-0.372076,0.505191,0.0
2077280990,3,0.592187,-0.505435,-0.372212,0.505279,0.0
2077281000,3,0.592476,-0.505069,-0.372314,0.505231,0.0
2077281010,3,0.592574,-0.504469,-0.372515,0.505565,0.0
2077281020,3,0.592503,-0.503923,-0.372584,0.506143,0.0
2077281030,3,0.592533,-0.503734,-0.372307,0.506499,0.0
2077281040,3,0.592749,-0.503732,-0.371569,0.506792,0.0
2077281051,3,0.593366,-0.503707,-0.370693,0.506736,0.0
2077281061,3,0.594183,-0.503767,-0.369963,0.506251,0.0
2077281071,3,0.594913,-0.503188,-0.369797,0.506092,0.0
2077281081,3,0.59551,-0.501722,-0.370346,0.506443,0.0
2077281091,3,0.596036,-0.500467,-0.370614,0.50687,0.0
2077281101,3,0.596746,-0.499748,-0.370395,0.506904,0.0
2077281111,3,0.597487,-0.499134,-0.370047,0.50689,0.0
2077281121,3,0.598242,-0.498222,-0.369944,0.506972,0.0
2077281131,3,0.59899,-0.497046,-0.370061,0.507157,0.0
2077281141,3,0.599637,-0.496065,-0.370321,0.507164,0.0
2077281151,3,0.600128,-0.495069,-0.370609,0.507347,0.0
2077281161,3,0.6005,-0.493998,-0.370725,0.507864,0.0
2077281171,3,0.60086,-0.493136,-0.370464,0.508467,0.0
2077281181,3,0.601304,-0.492535,-0.369924,0.508917,0.0
2077281192,3,0.601908,-0.491966,-0.369369,0.509157,0.0
2077281202,3,0.602687,-0.491134,-0.368961,0.509335,0.0
2077281212,3,0.603589,-0.490165,-0.368694,0.509393,0.0
2077281222,3,0.604504,-0.489358,-0.368585,0.509163,0.0
2077281232,3,0.605211,-0.488425,-0.368672,0.509157,0.0
2077281242,3,0.605733,-0.487453,-0.368597,0.509521,0.0
2077281252,3,0.606378,-0.486516,-0.368392,0.509797,0.0
2077281262,3,0.607167,-0.485866,-0.368193,0.509622,0.0
2077281272,3,0.607826,-0.485098,-0.368236,0.509537,0.0
2077281282,3,0.608362,-0.483809,-0.368658,0.509818,0.0
2077281292,3,0.608862,-0.482549,-0.369266,0.509974,0.0
2077281302,3,0.609332,-0.481561,-0.369917,0.509875,0.0
2077281312,3,0.609661,-0.480806,-0.37044,0.509815,0.0
2077281323,3,0.610003,-0.480149,-0.370739,0.509807,0.0
2077281333,3,0.610377,-0.479392,-0.371164,0.509763,0.0
2077281343,3,0.610703,-0.478892,-0.371586,0.509535,0.0
2077281353,3,0.611037,-0.478448,-0.372189,0.509112,0.0
2077281363,3,0.611237,-0.477744,-0.373111,0.508859,0.0
2077281373,3,0.611421,-0.47721,-0.373752,0.508667,0.0
2077281383,3,0.61185,-0.476991,-0.374053,0.508135,0.0
2077281393,3,0.612235,-0.476659,-0.374424,0.50771,0.0
2077281403,3,0.61241,-0.476039,-0.375017,0.507643,0.0
2077281413,3,0.612456,-0.475285,-0.375672,0.50781,0.0
2077281423,3,0.612441,-0.474943,-0.376316,0.507671,0.0
2077281433,3,0.612396,-0.474803,-0.376885,0.507433,0.0
2077281443,3,0.612292,-0.474635,-0.377539,0.507231,0.0
2077281454,3,0.612022,-0.474611,-0.378105,0.507157,0.0
2077281464,3,0.611729,-0.475043,-0.378401,0.506885,0.0
2077281474,3,0.611509,-0.475702,-0.378629,0.506362,0.0
2077281484,3,0.611269,-0.476174,-0.378956,0.505964,0.0
2077281494,3,0.610955,-0.476388,-0.379551,0.505694,0.0
2077281504,3,0.610439,-0.476643,-0.380466,0.50539,0.0
2077281514,3,0.609798,-0.476723,-0.381625,0.505214,0.0
2077281524,3,0.60918,-0.476921,-0.382413,0.505178,0.0
2077281534,3,0.608888,-0.477262,-0.382872,0.504859,0.0
2077281544,3,0.608586,-0.477673,-0.383377,0.504452,0.0
2077281554,3,0.608216,-0.477903,-0.384034,0.504182,0.0
2077281564,3,0.607629,-0.477614,-0.385082,0.504362,0.0
2077281574,3,0.606835,-0.477373,-0.386162,0.504721,0.0
2077281585,3,0.606109,-0.477739,-0.386926,0.504662,0.0
2077281595,3,0.605511,-0.478414,-0.387345,0.504419,0.0
2077281605,3,0.6051,-0.478922,-0.387637,0.504206,0.0
2077281615,3,0.604789,-0.479184,-0.388021,0.504035,0.0
2077281625,3,0.604476,-0.479715,-0.388423,0.503595,0.0
2077281635,3,0.60408,-0.480184,-0.389106,0.503096,0.0
2077281645,3,0.603414,-0.480285,-0.390159,0.502984,0.0
2077281655,3,0.60248,-0.480289,-0.391351,0.503173,0.0
2077281665,3,0.601406,-0.480586,-0.392426,0.503337,0.0
2077281675,3,0.600298,-0.481127,-0.39325,0.5035,0.0
2077281685,3,0.599268,-0.482123,-0.393734,0.503395,0.0
2077281695,3,0.598426,-0.483041,-0.394323,0.503056,0.0
2077281705,3,0.597441,-0.483963,-0.395051,0.502769,0.0
2077281715,3,0.596233,-0.48454,-0.396034,0.502874,0.0
2077281726,3,0.595068,-0.485178,-0.396742,0.503082,0.0
2077281736,3,0.59397,-0.486272,-0.396842,0.503243,0.0
2077281746,3,0.593128,-0.487296,-0.396683,0.503371,0.0
2077281756,3,0.592558,-0.488289,-0.396525,0.503206,0.0
2077281766,3,0.592271,-0.489066,-0.396417,0.502873,0.0
2077281776,3,0.591906,-0.489471,-0.396632,0.502739,0.0
2077281786,3,0.591185,-0.489578,-0.397238,0.503005,0.0
2077281796,3,0.590181,-0.489551,-0.397885,0.503698,0.0
2077281806,3,0.589203,-0.489206,-0.398502,0.50469,0.0
2077281816,3,0.588323,-0.488882,-0.39894,0.505683,0.0
2077281826,3,0.587705,-0.489136,-0.398987,0.506118,0.0
2077281836,3,0.587336,-0.489591,-0.398891,0.506183,0.0
2077281846,3,0.586931,-0.489615,-0.399068,0.506491,0.0
2077281857,3,0.586307,-0.489113,-0.39973,0.507175,0.0
2077281867,3,0.58533,-0.488704,-0.400455,0.508124,0.0
2077281877,3,0.584433,-0.488906,-0.40046,0.508959,0.0
2077281887,3,0.583766,-0.489438,-0.399907,0.509648,0.0
2077281897,3,0.583377,-0.489889,-0.399186,0.510225,0.0
2077281907,3,0.583365,-0.490385,-0.398465,0.510325,0.0
2077281917,3,0.583392,-0.490561,-0.398079,0.510425,0.0
2077281927,3,0.58305,-0.490329,-0.398099,0.511024,0.0
2077281937,3,0.582514,-0.489978,-0.398259,0.511847,0.0
2077281947,3,0.581981,-0.489658,-0.398432,0.512624,0.0
2077281957,3,0.581388,-0.489557,-0.398336,0.513468,0.0
2077281967,3,0.580926,-0.489038,-0.3985,0.514356,0.0
2077281977,3,0.580831,-0.488366,-0.398725,0.514928,0.0
2077281988,3,0.58101,-0.487944,-0.398855,0.515025,0.0
2077281998,3,0.581326,-0.487292,-0.399268,0.514966,0.0
2077282008,3,0.581374,-0.486559,-0.399743,0.515237,0.0
2077282018,3,0.581324,-0.485752,-0.400171,0.515722,0.0
2077282028,3,0.581219,-0.485,-0.400643,0.516181,0.0
2077282038,3,0.5811,-0.484474,-0.40111,0.516446,0.0
2077282048,3,0.580913,-0.483898,-0.401649,0.516777,0.0
2077282058,3,0.580309,-0.483954,-0.401495,0.517523,0.0
2077282068,3,0.579797,-0.484103,-0.401389,0.518039,0.0
2077282078,3,0.579474,-0.483861,-0.401897,0.518233,0.0
2077282088,3,0.579115,-0.483955,-0.401907,0.518539,0.0
2077282098,3,0.57953,-0.483795,-0.401883,0.518242,0.0
2077282108,3,0.579525,-0.482962,-0.402447,0.518588,0.0
2077282118,3,0.580807,-0.482996,-0.401978,0.517484,0.0
2077282129,3,0.581393,-0.482331,-0.402204,0.51727,0.0
2077282139,3,0.5812,-0.481394,-0.402967,0.517766,0.0
2077282149,3,0.580602,-0.480611,-0.404047,0.518323,0.0
2077282159,3,0.580375,-0.480408,-0.404697,0.518258,0.0
2077282169,3,0.580065,-0.480239,-0.405309,0.518283,0.0
2077282179,3,0.579872,-0.48086,-0.404918,0.518229,0.0
2077282189,3,0.579173,-0.480577,-0.405713,0.518651,0.0
2077282199,3,0.578349,-0.480426,-0.406466,0.519121,0.0
2077282209,3,0.577489,-0.480308,-0.407171,0.519635,0.0
2077282219,3,0.576653,-0.480118,-0.407901,0.520166,0.0
2077282229,3,0.576007,-0.48136,-0.406998,0.520441,0.0
2077282239,3,0.575608,-0.482416,-0.406231,0.520504,0.0
2077282249,3,0.575116,-0.482805,-0.405979,0.520884,0.0
2077282260,3,0.5745,-0.482331,-0.406504,0.521592,0.0
2077282270,3,0.574193,-0.482077,-0.406713,0.522002,0.0
2077282280,3,0.574719,-0.482785,-0.405622,0.521618,0.0
2077282290,3,0.575657,-0.483056,-0.404761,0.521002,0.0
2077282300,3,0.575938,-0.482345,-0.405018,0.52115,0.0
2077282310,3,0.576109,-0.481739,-0.405364,0.521252,0.0
2077282320,3,0.576077,-0.481236,-0.406005,0.521254,0.0
2077282330,3,0.575923,-0.480745,-0.406728,0.521313,0.0
2077282340,3,0.575709,-0.480439,-0.407495,0.521233,0.0
2077282350,3,0.574877,-0.479987,-0.408679,0.521641,0.0
2077282360,3,0.574783,-0.480275,-0.409031,0.521203,0.0
2077282370,3,0.574659,-0.479849,-0.409769,0.521153,0.0
2077282380,3,0.574505,-0.47944,-0.410509,0.521116,0.0
2077282391,3,0.574309,-0.479092,-0.411293,0.521034,0.0
2077282401,3,0.574231,-0.479732,-0.410884,0.520854,0.0
2077282411,3,0.574008,-0.480079,-0.410781,0.52086,0.0
2077282421,3,0.573662,-0.479629,-0.411793,0.520857,0.0
2077282431,3,0.573222,-0.479409,-0.412807,0.520742,0.0
2077282441,3,0.572062,-0.479137,-0.413795,0.521483,0.0
2077282451,3,0.571608,-0.478816,-0.414774,0.521498,0.0
2077282461,3,0.571369,-0.478829,-0.415433,0.521224,0.0
2077282471,3,0.571199,-0.478747,-0.41609,0.52096,0.0
2077282481,3,0.570971,-0.478163,-0.41698,0.521035,0.0
2077282491,3,0.571024,-0.478606,-0.416792,0.520721,0.0
2077282501,3,0.570526,-0.478776,-0.417121,0.520847,0.0
2077282511,3,0.570048,-0.479013,-0.417537,0.52082,0.0
2077282522,3,0.569466,-0.47941,-0.417764,0.52091,0.0
2077282532,3,0.569276,-0.480284,-0.417408,0.520597,0.0
2077282542,3,0.569746,-0.48185,-0.416574,0.519303,0.0
2077282552,3,0.57044,-0.483635,-0.415445,0.517782,0.0
2077282562,3,0.570047,-0.483409,-0.416409,0.517653,0.0
2077282572,3,0.569678,-0.484065,-0.416529,0.517349,0.0
2077282582,3,0.568942,-0.484803,-0.416913,0.517158,0.0
2077282592,3,0.568137,-0.485581,-0.417558,0.516793,0.0
2077282602,3,0.567499,-0.486481,-0.418007,0.516284,0.0
2077282612,3,0.56729,-0.487716,-0.417958,0.515388,0.0
2077282622,3,0.567477,-0.489069,-0.417637,0.514159,0.0
2077282632,3,0.567808,-0.490372,-0.417128,0.512964,0.0
2077282642,3,0.567346,-0.490042,-0.417931,0.513136,0.0
2077282652,3,0.568078,-0.491614,-0.416341,0.512115,0.0
2077282663,3,0.568699,-0.492608,-0.41523,0.511371,0.0
2077282673,3,0.568903,-0.492556,-0.415365,0.511085,0.0
2077282683,3,0.568517,-0.491745,-0.416395,0.511458,0.0
2077282693,3,0.567887,-0.491306,-0.417249,0.511882,0.0
2077282703,3,0.567118,-0.491243,-0.417925,0.512245,0.0
2077282713,3,0.566265,-0.491566,-0.418465,0.512437,0.0
2077282723,3,0.56501,-0.493196,-0.417536,0.513014,0.0
2077282733,3,0.564151,-0.495265,-0.41592,0.513278,0.0
2077282743,3,0.563975,-0.497702,-0.413769,0.512853,0.0
2077282753,3,0.563901,-0.497687,-0.414059,0.512714,0.0
2077282763,3,0.56401,-0.497317,-0.41434,0.512727,0.0
2077282773,3,0.564246,-0.496321,-0.414733,0.513115,0.0
2077282783,3,0.564669,-0.495164,-0.415068,0.513496,0.0
2077282794,3,0.566283,-0.494587,-0.414834,0.512463,0.0
2077282804,3,0.56801,-0.493401,-0.414908,0.511634,0.0
2077282814,3,0.569451,-0.492032,-0.415151,0.511153,0.0
2077282824,3,0.570095,-0.491205,-0.415357,0.511063,0.0
2077282834,3,0.570221,-0.490046,-0.416494,0.51111,0.0
2077282844,3,0.570371,-0.489827,-0.416921,0.510804,0.0
2077282854,3,0.570363,-0.48942,-0.417489,0.510739,0.0
2077282864,3,0.570214,-0.489291,-0.417914,0.510683,0.0
2077282874,3,0.56976,-0.489264,-0.418408,0.51081,0.0
2077282884,3,0.570116,-0.490015,-0.418037,0.509996,0.0
2077282894,3,0.569897,-0.490665,-0.417952,0.509685,0.0
2077282904,3,0.569456,-0.491499,-0.41817,0.509196,0.0
2077282914,3,0.569282,-0.492734,-0.418231,0.508145,0.0
2077282925,3,0.56903,-0.494378,-0.41778,0.507201,0.0
2077282935,3,0.568549,-0.496191,-0.416853,0.506733,0.0
2077282945,3,0.56796,-0.498419,-0.415566,0.506264,0.0
2077282955,3,0.567459,-0.500728,-0.414081,0.505764,0.0
2077282965,3,0.567052,-0.502742,-0.412441,0.505563,0.0
2077282975,3,0.566916,-0.50419,-0.411262,0.505233,0.0
2077282985,3,0.566531,-0.504622,-0.411507,0.505034,0.0
2077282995,3,0.565402,-0.504545,-0.412634,0.505456,0.0
2077283005,3,0.56405,-0.504483,-0.413978,0.505929,0.0
2077283015,3,0.562757,-0.504761,-0.414705,0.506497,0.0
2077283025,3,0.561931,-0.505798,-0.414441,0.506595,0.0
2077283035,3,0.561523,-0.507439,-0.413171,0.506444,0.0
2077283045,3,0.561774,-0.509144,-0.411584,0.505745,0.0
2077283056,3,0.562502,-0.51006,-0.410859,0.504601,0.0
2077283066,3,0.562897,-0.510512,-0.410839,0.50372,0.0
2077283076,3,0.562343,-0.510739,-0.411244,0.503778,0.0
2077283086,3,0.56168,-0.511204,-0.41152,0.50382,0.0
2077283096,3,0.560714,-0.5121,-0.411593,0.503927,0.0
2077283106,3,0.55993,-0.513155,-0.411754,0.503594,0.0
2077283116,3,0.559303,-0.514166,-0.411996,0.503062,0.0
2077283126,3,0.558918,-0.515222,-0.412305,0.502155,0.0
2077283136,3,0.558051,-0.516078,-0.412558,0.502033,0.0
2077283146,3,0.557346,-0.51699,-0.412537,0.501894,0.0
2077283156,3,0.556867,-0.517915,-0.412313,0.501657,0.0
2077283166,3,0.556527,-0.51863,-0.412128,0.501447,0.0
2077283176,3,0.556626,-0.520876,-0.410073,0.500693,0.0
2077283186,3,0.556295,-0.522556,-0.408735,0.500404,0.0
2077283197,3,0.555553,-0.523182,-0.408752,0.500561,0.0
2077283207,3,0.555225,-0.524149,-0.408358,0.500234,0.0
2077283217,3,0.555018,-0.525759,-0.407052,0.499839,0.0
2077283227,3,0.555004,-0.52762,-0.405301,0.499316,0.0
2077283237,3,0.555018,-0.529098,-0.403741,0.499001,0.0
2077283247,3,0.554925,-0.529842,-0.402719,0.49914,0.0
2077283257,3,0.554433,-0.529849,-0.402394,0.499942,0.0
2077283267,3,0.553443,-0.529502,-0.402511,0.501309,0.0
2077283277,3,0.552145,-0.529035,-0.40295,0.502879,0.0
2077283287,3,0.55169,-0.529274,-0.402766,0.503275,0.0
2077283297,3,0.551031,-0.528898,-0.403082,0.504138,0.0
2077283307,3,0.551217,-0.528747,-0.402692,0.504405,0.0
2077283317,3,0.552119,-0.528711,-0.401808,0.504161,0.0
2077283328,3,0.552268,-0.528031,-0.401297,0.505116,0.0
2077283338,3,0.553214,-0.527824,-0.400375,0.505029,0.0
2077283348,3,0.553598,-0.527237,-0.399961,0.505549,0.0
2077283358,3,0.553636,-0.526804,-0.399696,0.506167,0.0
2077283368,3,0.553702,-0.526625,-0.399344,0.506559,0.0
2077283378,3,0.553791,-0.526553,-0.398999,0.506809,0.0
2077283388,3,0.554162,-0.526524,-0.398805,0.506586,0.0
2077283398,3,0.5546,-0.526694,-0.398772,0.505956,0.0
2077283408,3,0.554846,-0.526882,-0.39887,0.505413,0.0
2077283418,3,0.554635,-0.527242,-0.398489,0.505569,0.0
2077283428,3,0.554678,-0.527391,-0.398023,0.505735,0.0
2077283438,3,0.554913,-0.527475,-0.397629,0.505698,0.0
2077283448,3,0.555507,-0.527885,-0.396797,0.505272,0.0
2077283459,3,0.555833,-0.527605,-0.396811,0.505195,0.0
2077283469,3,0.555604,-0.526299,-0.398218,0.505703,0.0
2077283479,3,0.555094,-0.525051,-0.399709,0.506383,0.0
2077283489,3,0.555047,-0.525662,-0.399133,0.506254,0.0
2077283499,3,0.555234,-0.526313,-0.398262,0.506058,0.0
2077283509,3,0.555485,-0.526733,-0.397428,0.506003,0.0
2077283519,3,0.555602,-0.526933,-0.396873,0.5061,0.0
2077283529,3,0.556299,-0.527398,-0.396316,0.505287,0.0
2077283539,3,0.556505,-0.526796,-0.397404,0.504833,0.0
2077283549,3,0.556358,-0.525515,-0.399661,0.504548,0.0
2077283559,3,0.556304,-0.524827,-0.401386,0.503955,0.0
2077283569,3,0.556511,-0.525422,-0.40151,0.503007,0.0
2077283579,3,0.557073,-0.526436,-0.400993,0.501735,0.0
2077283589,3,0.557268,-0.527278,-0.400683,0.50088,0.0
2077283600,3,0.55706,-0.527565,-0.401065,0.500504,0.0
2077283610,3,0.556497,-0.527904,-0.401516,0.500412,0.0
2077283620,3,0.555689,-0.528652,-0.401771,0.500315,0.0
2077283630,3,0.554669,-0.529283,-0.402277,0.500374,0.0
2077283640,3,0.553402,-0.529691,-0.403158,0.500636,0.0
2077283650,3,0.552042,-0.530229,-0.404047,0.50085,0.0
2077283660,3,0.550913,-0.531275,-0.404338,0.50075,0.0
2077283670,3,0.550331,-0.532802,-0.40398,0.500056,0.0
2077283680,3,0.550021,-0.534503,-0.403142,0.499257,0.0
2077283690,3,0.54959,-0.535326,-0.403056,0.49892,0.0
2077283700,3,0.550181,-0.536296,-0.402614,0.497581,0.0
2077283710,3,0.55074,-0.536766,-0.402724,0.496366,0.0
2077283720,3,0.551006,-0.536778,-0.40315,0.495711,0.0
2077283731,3,0.550817,-0.536882,-0.403466,0.495552,0.0
2077283741,3,0.550246,-0.537411,-0.403576,0.495523,0.0
2077283751,3,0.549508,-0.538039,-0.40389,0.495405,0.0
2077283761,3,0.548658,-0.53864,-0.404383,0.495291,0.0
2077283771,3,0.547912,-0.539741,-0.404519,0.494808,0.0
2077283781,3,0.547075,-0.541051,-0.40459,0.494245,0.0
2077283791,3,0.546206,-0.542274,-0.404668,0.493802,0.0
2077283801,3,0.545415,-0.54316,-0.404778,0.493612,0.0
2077283811,3,0.544133,-0.544631,-0.404007,0.494037,0.0
2077283821,3,0.543173,-0.54603,-0.402976,0.494391,0.0
2077283831,3,0.542612,-0.547195,-0.401725,0.494737,0.0
2077283841,3,0.542395,-0.548159,-0.400331,0.495037,0.0
2077283851,3,0.542287,-0.548555,-0.399194,0.495635,0.0
2077283862,3,0.542406,-0.548568,-0.398285,0.496221,0.0
2077283872,3,0.542826,-0.548633,-0.397148,0.496602,0.0
2077283882,3,0.54362,-0.548679,-0.395992,0.496606,0.0
2077283892,3,0.544303,-0.548,-0.395543,0.496965,0.0
2077283902,3,0.544847,-0.546221,-0.396386,0.497655,0.0
2077283912,3,0.545259,-0.544034,-0.397885,0.498402,0.0
2077283922,3,0.545854,-0.543703,-0.397262,0.498609,0.0
2077283932,3,0.546596,-0.542348,-0.397904,0.49876,0.0
2077283942,3,0.54765,-0.541279,-0.398244,0.498493,0.0
2077283952,3,0.548327,-0.540994,-0.397692,0.4985,0.0
2077283962,3,0.548879,-0.540702,-0.39728,0.498538,0.0
2077283972,3,0.549269,-0.538819,-0.398889,0.498862,0.0
2077283982,3,0.549652,-0.53743,-0.400061,0.499,0.0
2077283993,3,0.549909,-0.536488,-0.40059,0.499306,0.0
2077284003,3,0.550123,-0.536264,-0.400355,0.499499,0.0
2077284013,3,0.550198,-0.536096,-0.400112,0.499792,0.0
2077284023,3,0.550229,-0.535971,-0.399884,0.500074,0.0
2077284033,3,0.550443,-0.535943,-0.399625,0.500076,0.0
2077284043,3,0.550974,-0.536224,-0.398997,0.49969,0.0
2077284053,3,0.55161,-0.536407,-0.39833,0.499326,0.0
2077284063,3,0.552364,-0.536243,-0.398031,0.498906,0.0
2077284073,3,0.55318,-0.535716,-0.397953,0.49863,0.0
2077284083,3,0.554357,-0.535372,-0.397263,0.498243,0.0
2077284093,3,0.555996,-0.535604,-0.395728,0.497388,0.0
2077284103,3,0.556931,-0.535116,-0.394982,0.49746,0.0
2077284113,3,0.557692,-0.534807,-0.394405,0.497397,0.0
2077284123,3,0.557845,-0.533115,-0.395694,0.498017,0.0
2077284134,3,0.558265,-0.533049,-0.395262,0.497961,0.0
2077284144,3,0.558811,-0.533087,-0.394572,0.497855,0.0
2077284154,3,0.559401,-0.533033,-0.393873,0.497803,0.0
2077284164,3,0.559807,-0.533278,-0.39282,0.497916,0.0
2077284174,3,0.559863,-0.532975,-0.392605,0.498348,0.0
2077284184,3,0.560038,-0.532653,-0.392519,0.498563,0.0
2077284194,3,0.560252,-0.532432,-0.392305,0.498727,0.0
2077284204,3,0.560684,-0.532399,-0.391872,0.498617,0.0
2077284214,3,0.561607,-0.532925,-0.390361,0.498201,0.0
2077284224,3,0.562266,-0.532235,-0.390066,0.498427,0.0
2077284234,3,0.562891,-0.531488,-0.389959,0.498601,0.0
2077284244,3,0.563569,-0.530792,-0.389802,0.498702,0.0
2077284254,3,0.56521,-0.529531,-0.390279,0.49781,0.0
2077284265,3,0.56693,-0.529046,-0.389772,0.496767,0.0
2077284275,3,0.568383,-0.528546,-0.38931,0.496,0.0
2077284285,3,0.569434,-0.527631,-0.389463,0.495648,0.0
2077284295,3,0.569956,-0.526383,-0.390362,0.495668,0.0
2077284305,3,0.570219,-0.525174,-0.391466,0.495778,0.0
2077284315,3,0.570256,-0.524422,-0.392355,0.495828,0.0
2077284325,3,0.570064,-0.523871,-0.39332,0.495867,0.0
2077284335,3,0.569369,-0.522877,-0.395,0.496378,0.0
2077284345,3,0.568786,-0.523117,-0.395515,0.496383,0.0
2077284355,3,0.568139,-0.523448,-0.396042,0.496355,0.0
2077284365,3,0.56746,-0.523754,-0.396594,0.496369,0.0
2077284375,3,0.567086,-0.524565,-0.396365,0.496124,0.0
2077284385,3,0.566905,-0.525582,-0.395791,0.495712,0.0
2077284396,3,0.566534,-0.525789,-0.396386,0.495441,0.0
2077284406,3,0.566269,-0.525782,-0.397269,0.495043,0.0
2077284416,3,0.565904,-0.525497,-0.398358,0.494889,0.0
2077284426,3,0.565617,-0.525217,-0.399176,0.494855,0.0
2077284436,3,0.565603,-0.52551,-0.399044,0.494666,0.0
2077284446,3,0.565917,-0.525862,-0.398741,0.494178,0.0
2077284456,3,0.566265,-0.525569,-0.399254,0.493676,0.0
2077284466,3,0.566225,-0.524746,-0.400649,0.493467,0.0
2077284476,3,0.565932,-0.523988,-0.402263,0.493296,0.0
2077284486,3,0.565472,-0.523688,-0.403515,0.493118,0.0
2077284496,3,0.565029,-0.523884,-0.404282,0.49279,0.0
2077284506,3,0.564861,-0.524599,-0.404456,0.492078,0.0
2077284516,3,0.565156,-0.525239,-0.404548,0.49098,0.0
2077284527,3,0.564781,-0.525243,-0.405138,0.490921,0.0
2077284537,3,0.564548,-0.525409,-0.405514,0.490701,0.0
2077284547,3,0.563399,-0.524987,-0.406709,0.491484,0.0
2077284557,3,0.561503,-0.52428,-0.408607,0.492832,0.0
2077284567,3,0.5597,-0.52394,-0.410344,0.4938,0.0
2077284577,3,0.558187,-0.524292,-0.411409,0.494253,0.0
2077284587,3,0.557198,-0.525037,-0.411926,0.494147,0.0
2077284597,3,0.556538,-0.525964,-0.412185,0.493689,0.0
2077284607,3,0.55603,-0.526708,-0.412588,0.493132,0.0
2077284617,3,0.555228,-0.526838,-0.413359,0.493251,0.0
2077284627,3,0.55482,-0.527475,-0.413228,0.493138,0.0
2077284637,3,0.555134,-0.528338,-0.412512,0.49246,0.0
2077284647,3,0.555704,-0.529051,-0.411679,0.491749,0.0
2077284657,3,0.555599,-0.528705,-0.412188,0.491813,0.0
2077284668,3,0.555221,-0.528445,-0.412935,0.491893,0.0
2077284678,3,0.554266,-0.526728,-0.41561,0.492557,0.0
2077284688,3,0.553187,-0.52556,-0.417855,0.49312,0.0
2077284698,3,0.552578,-0.526058,-0.418318,0.492877,0.0
2077284708,3,0.551955,-0.526656,-0.41879,0.492536,0.0
2077284718,3,0.551362,-0.527488,-0.419322,0.491857,0.0
2077284728,3,0.550632,-0.527522,-0.421083,0.491133,0.0
2077284738,3,0.549229,-0.527082,-0.423643,0.490975,0.0
2077284748,3,0.54741,-0.527284,-0.425643,0.49106,0.0
2077284758,3,0.546097,-0.528303,-0.426697,0.490512,0.0
2077284768,3,0.545109,-0.530087,-0.426513,0.489845,0.0
2077284778,3,0.54469,-0.532246,-0.425305,0.48902,0.0
2077284788,3,0.544651,-0.533981,-0.424243,0.488094,0.0
2077284799,3,0.544567,-0.53517,-0.423866,0.487212,0.0
2077284809,3,0.543786,-0.535852,-0.424188,0.487055,0.0
2077284819,3,0.542459,-0.536174,-0.425023,0.487451,0.0
2077284829,3,0.540878,-0.536633,-0.425825,0.488002,0.0
2077284839,3,0.539368,-0.537512,-0.426233,0.488351,0.0
2077284849,3,0.53807,-0.538622,-0.426471,0.488352,0.0
2077284859,3,0.53699,-0.5393,-0.427039,0.488296,0.0
2077284869,3,0.535683,-0.540553,-0.426706,0.488637,0.0
2077284879,3,0.534568,-0.54178,-0.426252,0.488895,0.0
2077284889,3,0.533579,-0.54285,-0.425756,0.489221,0.0
2077284899,3,0.532674,-0.543686,-0.425295,0.48968,0.0
2077284909,3,0.531931,-0.543991,-0.425229,0.490206,0.0
2077284919,3,0.531234,-0.543877,-0.42538,0.490956,0.0
2077284930,3,0.530791,-0.543862,-0.425294,0.491527,0.0
2077284940,3,0.530537,-0.543809,-0.425109,0.492019,0.0
2077284950,3,0.530233,-0.543635,-0.425004,0.492629,0.0
2077284960,3,0.529949,-0.54344,-0.425053,0.493108,0.0
2077284970,3,0.529775,-0.54304,-0.425319,0.493505,0.0
2077284980,3,0.529724,-0.542482,-0.425589,0.493941,0.0
2077284990,3,0.529925,-0.541985,-0.425639,0.494229,0.0
2077285000,3,0.530301,-0.541738,-0.42534,0.494353,0.0
2077285010,3,0.530914,-0.541796,-0.424581,0.494284,0.0
2077285020,3,0.531786,-0.541948,-0.423645,0.493983,0.0
2077285030,3,0.532648,-0.541796,-0.422844,0.493907,0.0
2077285040,3,0.533427,-0.541081,-0.422402,0.494229,0.0
2077285050,3,0.534163,-0.540302,-0.422076,0.494565,0.0
2077285060,3,0.534837,-0.539651,-0.421596,0.494956,0.0
2077285071,3,0.535499,-0.53896,-0.421049,0.495459,0.0
2077285081,3,0.536208,-0.538504,-0.420304,0.49582,0.0
2077285091,3,0.536845,-0.53793,-0.41966,0.496298,0.0
2077285101,3,0.537488,-0.53734,-0.418984,0.496813,0.0
2077285111,3,0.538257,-0.536834,-0.418149,0.497231,0.0
2077285121,3,0.539398,-0.536292,-0.417184,0.497389,0.0
2077285131,3,0.540779,-0.535541,-0.416243,0.497487,0.0
2077285141,3,0.542261,-0.534624,-0.415323,0.497629,0.0
2077285151,3,0.544135,-0.533606,-0.414368,0.497472,0.0
2077285161,3,0.546412,-0.5327,-0.413157,0.496954,0.0
2077285171,3,0.548889,-0.531758,-0.411771,0.496383,0.0
2077285181,3,0.551331,-0.530478,-0.410855,0.495806,0.0
2077285191,3,0.553378,-0.528693,-0.41073,0.495536,0.0
2077285202,3,0.554937,-0.526661,-0.411183,0.49558,0.0
2077285212,3,0.556216,-0.524861,-0.411775,0.495564,0.0
2077285222,3,0.55744,-0.523614,-0.411996,0.495325,0.0
2077285232,3,0.558793,-0.522855,-0.411779,0.494781,0.0
2077285242,3,0.56022,-0.522238,-0.411461,0.494083,0.0
2077285252,3,0.56149,-0.52152,-0.411204,0.493615,0.0
2077285262,3,0.562442,-0.520534,-0.411089,0.493667,0.0
2077285272,3,0.563242,-0.519752,-0.410667,0.493931,0.0
2077285282,3,0.5643,-0.519406,-0.409717,0.493876,0.0
2077285292,3,0.56572,-0.519087,-0.408566,0.49354,0.0
2077285302,3,0.567319,-0.518677,-0.407431,0.493074,0.0
2077285312,3,0.568773,-0.5181,-0.406559,0.492726,0.0
2077285322,3,0.569982,-0.517293,-0.405986,0.492648,0.0
2077285333,3,0.571002,-0.516316,-0.405586,0.492821,0.0
2077285343,3,0.571828,-0.515599,-0.405062,0.493045,0.0
2077285353,3,0.57265,-0.515089,-0.404356,0.493204,0.0
2077285363,3,0.573572,-0.514915,-0.403519,0.492999,0.0
2077285373,3,0.574435,-0.514605,-0.402848,0.492866,0.0
2077285383,3,0.575088,-0.514052,-0.402513,0.492955,0.0
2077285393,3,0.575507,-0.513211,-0.40255,0.493313,0.0
2077285403,3,0.575764,-0.51202,-0.402897,0.493967,0.0
2077285413,3,0.576124,-0.51103,-0.403,0.494488,0.0
2077285423,3,0.576775,-0.51035,-0.40256,0.49479,0.0
2077285433,3,0.577659,-0.510017,-0.40165,0.494842,0.0
2077285443,3,0.578615,-0.509631,-0.400818,0.494797,0.0
2077285453,3,0.579184,-0.508822,-0.40046,0.495253,0.0
2077285464,3,0.579481,-0.507748,-0.400525,0.495955,0.0
2077285474,3,0.579617,-0.506886,-0.400547,0.49666,0.0
2077285484,3,0.579686,-0.506445,-0.40028,0.497245,0.0
2077285494,3,0.579776,-0.506385,-0.399703,0.497665,0.0
2077285504,3,0.579909,-0.506126,-0.399253,0.498134,0.0
2077285514,3,0.579993,-0.505655,-0.399006,0.498713,0.0
2077285524,3,0.580079,-0.505277,-0.39883,0.499136,0.0
2077285534,3,0.580246,-0.505028,-0.398548,0.499418,0.0
2077285544,3,0.580601,-0.504816,-0.398128,0.499555,0.0
2077285554,3,0.581089,-0.504414,-0.397752,0.499694,0.0
2077285564,3,0.581451,-0.503873,-0.397636,0.49991,0.0
2077285574,3,0.58149,-0.50326,-0.397686,0.500443,0.0
2077285584,3,0.581461,-0.502878,-0.397587,0.500938,0.0
2077285594,3,0.581582,-0.502915,-0.397248,0.50103,0.0
2077285605,3,0.581532,-0.502904,-0.397123,0.501197,0.0
2077285615,3,0.581174,-0.502434,-0.397673,0.501648,0.0
2077285625,3,0.580514,-0.502065,-0.398262,0.502314,0.0
2077285635,3,0.580258,-0.502003,-0.398463,0.502513,0.0
2077285645,3,0.579957,-0.502113,-0.39865,0.502603,0.0
2077285655,3,0.579643,-0.502218,-0.398917,0.502647,0.0
2077285665,3,0.579,-0.502888,-0.398578,0.502987,0.0
2077285675,3,0.578821,-0.503682,-0.398157,0.502732,0.0
2077285685,3,0.578659,-0.504259,-0.397899,0.502545,0.0
2077285695,3,0.578228,-0.504385,-0.398091,0.502763,0.0
2077285705,3,0.577743,-0.504131,-0.398666,0.503119,0.0
2077285715,3,0.577546,-0.504125,-0.398792,0.503251,0.0
2077285725,3,0.577646,-0.504399,-0.398628,0.502992,0.0
2077285736,3,0.577841,-0.504498,-0.398488,0.502779,0.0
2077285746,3,0.577686,-0.504372,-0.398889,0.502766,0.0
2077285756,3,0.577139,-0.503908,-0.400011,0.502969,0.0
2077285766,3,0.576166,-0.503201,-0.401721,0.503429,0.0
2077285776,3,0.575672,-0.503446,-0.402476,0.503145,0.0
2077285786,3,0.57517,-0.50362,-0.403242,0.502932,0.0
2077285796,3,0.574534,-0.504333,-0.403427,0.502795,0.0
2077285806,3,0.574049,-0.504867,-0.40372,0.502578,0.0
2077285816,3,0.573465,-0.505183,-0.404207,0.502536,0.0
2077285826,3,0.57289,-0.504947,-0.405238,0.502599,0.0
2077285836,3,0.572336,-0.504874,-0.406095,0.502612,0.0
2077285846,3,0.571848,-0.504859,-0.406852,0.50257,0.0
2077285856,3,0.571614,-0.505395,-0.406899,0.50226,0.0
2077285867,3,0.571154,-0.505438,-0.407437,0.502304,0.0
2077285877,3,0.570645,-0.505424,-0.408298,0.502196,0.0
2077285887,3,0.57026,-0.505669,-0.409026,0.501795,0.0
2077285897,3,0.569959,-0.506085,-0.409442,0.501378,0.0
2077285907,3,0.569595,-0.506345,-0.410043,0.501037,0.0
2077285917,3,0.568735,-0.50635,-0.411056,0.50118,0.0
2077285927,3,0.567607,-0.506569,-0.412068,0.501406,0.0
2077285937,3,0.566484,-0.507032,-0.412832,0.50158,0.0
2077285947,3,0.565495,-0.507914,-0.413091,0.50159,0.0
2077285957,3,0.564827,-0.509221,-0.412826,0.501235,0.0
2077285967,3,0.564208,-0.50997,-0.412954,0.501066,0.0
2077285977,3,0.56322,-0.51029,-0.413655,0.501274,0.0
2077285987,3,0.561878,-0.510372,-0.414738,0.501801,0.0
2077285998,3,0.560692,-0.511145,-0.415106,0.502037,0.0
2077286008,3,0.559721,-0.512489,-0.414685,0.502097,0.0
2077286018,3,0.559069,-0.514035,-0.413758,0.502008,0.0
2077286028,3,0.558576,-0.515318,-0.413115,0.501772,0.0
2077286038,3,0.558003,-0.516135,-0.413165,0.501528,0.0
2077286048,3,0.556982,-0.51625,-0.413984,0.501868,0.0
2077286058,3,0.555893,-0.516496,-0.414699,0.502233,0.0
2077286068,3,0.554952,-0.517121,-0.414977,0.5024,0.0
2077286078,3,0.554269,-0.518115,-0.414751,0.502316,0.0
2077286088,3,0.553914,-0.518872,-0.414726,0.501947,0.0
2077286098,3,0.553518,-0.519384,-0.414916,0.501699,0.0
2077286108,3,0.55308,-0.519996,-0.415023,0.501459,0.0
2077286118,3,0.552617,-0.520871,-0.414896,0.501166,0.0
2077286128,3,0.55204,-0.521842,-0.414612,0.501026,0.0
2077286139,3,0.551353,-0.522856,-0.414194,0.501072,0.0
2077286149,3,0.550777,-0.523774,-0.413846,0.501034,0.0
2077286159,3,0.550189,-0.524496,-0.413703,0.501042,0.0
2077286169,3,0.549472,-0.524854,-0.413767,0.501401,0.0
2077286179,3,0.548815,-0.525355,-0.413668,0.501678,0.0
2077286189,3,0.548226,-0.525866,-0.413509,0.501918,0.0
2077286199,3,0.547626,-0.526359,-0.413403,0.502143,0.0
2077286209,3,0.546971,-0.526945,-0.413248,0.50237,0.0
2077286219,3,0.546343,-0.527393,-0.413094,0.50271,0.0
2077286229,3,0.545789,-0.527987,-0.412694,0.503016,0.0
2077286239,3,0.545504,-0.528599,-0.412181,0.503103,0.0
2077286249,3,0.545408,-0.529238,-0.411627,0.502989,0.0
2077286259,3,0.545306,-0.529907,-0.410997,0.502912,0.0
2077286270,3,0.545148,-0.530517,-0.410297,0.50301,0.0
2077286280,3,0.545051,-0.531128,-0.40942,0.503186,0.0
2077286290,3,0.545113,-0.531795,-0.408259,0.503357,0.0
2077286300,3,0.545355,-0.532087,-0.407179,0.503661,0.0
2077286310,3,0.545687,-0.532146,-0.406219,0.504014,0.0
2077286320,3,0.546028,-0.531793,-0.405696,0.504439,0.0
2077286330,3,0.5463,-0.53117,-0.405487,0.504969,0.0
2077286340,3,0.546527,-0.53055,-0.405223,0.505586,0.0
2077286350,3,0.546932,-0.529956,-0.404685,0.506202,0.0
2077286360,3,0.547333,-0.529669,-0.40377,0.506798,0.0
2077286370,3,0.54775,-0.52921,-0.40291,0.507512,0.0
2077286380,3,0.548301,-0.52865,-0.402179,0.50808,0.0
2077286390,3,0.548911,-0.528066,-0.40164,0.508456,0.0
2077286401,3,0.549551,-0.527356,-0.401237,0.508819,0.0
2077286411,3,0.550307,-0.526737,-0.400591,0.509152,0.0
2077286421,3,0.551287,-0.526213,-0.39968,0.509349,0.0
2077286431,3,0.552279,-0.525757,-0.398521,0.509653,0.0
2077286441,3,0.553267,-0.525121,-0.397394,0.510118,0.0
2077286451,3,0.554267,-0.524243,-0.396538,0.510601,0.0
2077286461,3,0.55528,-0.523285,-0.395797,0.511057,0.0
2077286471,3,0.556342,-0.522139,-0.395351,0.51142,0.0
2077286481,3,0.557441,-0.521154,-0.394828,0.511631,0.0
2077286491,3,0.558593,-0.520282,-0.39402,0.511886,0.0
2077286501,3,0.5601,-0.519602,-0.392989,0.511722,0.0
2077286511,3,0.561726,-0.518779,-0.392015,0.511521,0.0
2077286521,3,0.563169,-0.517303,-0.39157,0.511771,0.0
2077286531,3,0.564163,-0.516225,-0.390676,0.512447,0.0
2077286542,3,0.565103,-0.515142,-0.389819,0.513153,0.0
2077286552,3,0.566043,-0.513836,-0.389383,0.513757,0.0
2077286562,3,0.566894,-0.512511,-0.389088,0.514365,0.0
2077286572,3,0.567418,-0.511002,-0.388965,0.515382,0.0
2077286582,3,0.568204,-0.509809,-0.388579,0.515988,0.0
2077286592,3,0.569473,-0.508923,-0.387803,0.516047,0.0
2077286602,3,0.57049,-0.508232,-0.386756,0.516391,0.0
2077286612,3,0.572054,-0.507559,-0.385736,0.516086,0.0
2077286622,3,0.573248,-0.50623,-0.385314,0.516381,0.0
2077286632,3,0.574167,-0.504413,-0.385394,0.517077,0.0
2077286642,3,0.574932,-0.502471,-0.385641,0.517933,0.0
2077286652,3,0.576272,-0.500734,-0.385683,0.518096,0.0
2077286662,3,0.577987,-0.498876,-0.385894,0.51782,0.0
2077286673,3,0.579624,-0.496606,-0.386643,0.517614,0.0
2077286683,3,0.580882,-0.494582,-0.387483,0.517514,0.0
2077286693,3,0.581659,-0.492681,-0.388164,0.517944,0.0
2077286703,3,0.582119,-0.491127,-0.388318,0.518786,0.0
2077286713,3,0.582894,-0.490457,-0.387621,0.519071,0.0
2077286723,3,0.584018,-0.489856,-0.38701,0.518831,0.0
2077286733,3,0.58526,-0.489095,-0.386854,0.518265,0.0
2077286743,3,0.586157,-0.487732,-0.387643,0.517947,0.0
2077286753,3,0.586668,-0.486357,-0.388617,0.517931,0.0
2077286763,3,0.58691,-0.485544,-0.389049,0.518095,0.0
2077286773,3,0.587351,-0.484906,-0.389099,0.518156,0.0
2077286783,3,0.588092,-0.484098,-0.389236,0.517968,0.0
2077286793,3,0.588771,-0.483544,-0.389102,0.517815,0.0
2077286804,3,0.589347,-0.483045,-0.389073,0.517647,0.0
2077286814,3,0.589892,-0.482766,-0.389151,0.517227,0.0
2077286824,3,0.589891,-0.482072,-0.389942,0.51728,0.0
2077286834,3,0.589058,-0.481014,-0.39129,0.518196,0.0
2077286844,3,0.588481,-0.48024,-0.392365,0.518756,0.0
2077286854,3,0.588947,-0.480149,-0.392461,0.518238,0.0
2077286864,3,0.589442,-0.480063,-0.392453,0.517761,0.0
2077286874,3,0.590909,-0.481131,-0.391174,0.516063,0.0
2077286884,3,0.591747,-0.481566,-0.390692,0.515061,0.0
2077286894,3,0.591817,-0.481373,-0.391046,0.514893,0.0
2077286904,3,0.591263,-0.480687,-0.392044,0.515411,0.0
2077286914,3,0.590874,-0.48052,-0.392688,0.515521,0.0
2077286924,3,0.590954,-0.480571,-0.393166,0.515018,0.0
2077286935,3,0.591094,-0.480367,-0.393997,0.514413,0.0
2077286945,3,0.590675,-0.479922,-0.39538,0.514248,0.0
2077286955,3,0.590094,-0.480001,-0.396097,0.51429,0.0
2077286965,3,0.589588,-0.48003,-0.396737,0.514349,0.0
2077286975,3,0.589424,-0.481101,-0.396325,0.513855,0.0
2077286985,3,0.589541,-0.481615,-0.396683,0.512961,0.0
2077286995,3,0.589738,-0.482107,-0.397156,0.511905,0.0
2077287005,3,0.589465,-0.481863,-0.398441,0.51145,0.0
2077287015,3,0.589108,-0.481445,-0.399996,0.511042,0.0
2077287025,3,0.588509,-0.481836,-0.400719,0.510797,0.0
2077287035,3,0.588049,-0.482544,-0.40093,0.510493,0.0
2077287045,3,0.587627,-0.483042,-0.401261,0.510247,0.0
2077287055,3,0.586962,-0.483273,-0.402014,0.510201,0.0
2077287065,3,0.586058,-0.483151,-0.403342,0.510308,0.0
2077287076,3,0.584732,-0.483106,-0.404767,0.510743,0.0
2077287086,3,0.583275,-0.483423,-0.405825,0.51127,0.0
2077287096,3,0.581905,-0.484086,-0.406554,0.511624,0.0
2077287106,3,0.580626,-0.484558,-0.407463,0.511908,0.0
2077287116,3,0.579319,-0.484994,-0.408419,0.512214,0.0
2077287126,3,0.578085,-0.485476,-0.409234,0.5125,0.0
2077287136,3,0.576951,-0.486022,-0.409788,0.512818,0.0
2077287146,3,0.576005,-0.487176,-0.40969,0.512865,0.0
2077287156,3,0.575374,-0.488372,-0.40937,0.51269,0.0
2077287166,3,0.574607,-0.489196,-0.409426,0.512722,0.0
2077287176,3,0.573576,-0.489683,-0.409807,0.513106,0.0
2077287186,3,0.572402,-0.490272,-0.41015,0.51358,0.0
2077287196,3,0.571711,-0.490598,-0.410819,0.513503,0.0
2077287207,3,0.571041,-0.490907,-0.411437,0.513459,0.0
2077287217,3,0.570259,-0.492348,-0.410714,0.513528,0.0
2077287227,3,0.569412,-0.493308,-0.410441,0.513764,0.0
2077287237,3,0.568474,-0.493841,-0.410442,0.514291,0.0
2077287247,3,0.567716,-0.494575,-0.410254,0.514572,0.0
2077287257,3,0.567279,-0.495655,-0.409645,0.514499,0.0
2077287267,3,0.567026,-0.496961,-0.408629,0.514326,0.0
2077287277,3,0.566764,-0.498048,-0.40771,0.514292,0.0
2077287287,3,0.566321,-0.498663,-0.40724,0.514557,0.0
2077287297,3,0.565748,-0.499205,-0.406826,0.514989,0.0
2077287307,3,0.565368,-0.499754,-0.40629,0.515297,0.0
2077287317,3,0.565186,-0.500312,-0.405768,0.515367,0.0
2077287327,3,0.565024,-0.500749,-0.405402,0.515408,0.0
2077287338,3,0.564774,-0.500974,-0.405188,0.515632,0.0
2077287348,3,0.564534,-0.501382,-0.404877,0.515742,0.0
2077287358,3,0.564306,-0.501691,-0.404542,0.515954,0.0
2077287368,3,0.564214,-0.501517,-0.404364,0.516363,0.0
2077287378,3,0.564226,-0.501082,-0.404465,0.516693,0.0
2077287388,3,0.564284,-0.50052,-0.404792,0.516918,0.0
2077287398,3,0.564268,-0.500151,-0.405082,0.517066,0.0
2077287408,3,0.564277,-0.500128,-0.405,0.517143,0.0
2077287418,3,0.564388,-0.500384,-0.404426,0.517223,0.0
2077287428,3,0.564783,-0.500615,-0.403743,0.517102,0.0
2077287438,3,0.56528,-0.500887,-0.402985,0.516886,0.0
2077287448,3,0.565713,-0.500949,-0.402448,0.516771,0.0
2077287458,3,0.566109,-0.501049,-0.40196,0.51662,0.0
2077287469,3,0.566594,-0.501069,-0.401477,0.516445,0.0
2077287479,3,0.566718,-0.501166,-0.400938,0.516634,0.0
2077287489,3,0.566481,-0.501079,-0.400593,0.517245,0.0
2077287499,3,0.566088,-0.500817,-0.400423,0.51806,0.0
2077287509,3,0.565697,-0.500554,-0.400142,0.518958,0.0
2077287519,3,0.565597,-0.500585,-0.399545,0.519496,0.0
2077287529,3,0.56573,-0.5006,-0.398967,0.519781,0.0
2077287539,3,0.565701,-0.500236,-0.398633,0.520419,0.0
2077287549,3,0.565592,-0.499801,-0.398271,0.521232,0.0
2077287559,3,0.565735,-0.499583,-0.397547,0.521838,0.0
2077287569,3,0.566247,-0.499633,-0.396481,0.522046,0.0
2077287579,3,0.567169,-0.499852,-0.39531,0.521724,0.0
2077287589,3,0.568106,-0.49974,-0.394503,0.521422,0.0
2077287599,3,0.56875,-0.498982,-0.394496,0.521452,0.0
2077287610,3,0.568869,-0.497949,-0.394872,0.522025,0.0
2077287620,3,0.56885,-0.497067,-0.39502,0.522772,0.0
2077287630,3,0.568985,-0.496965,-0.394395,0.523194,0.0
2077287640,3,0.569617,-0.497337,-0.393278,0.522995,0.0
2077287650,3,0.570359,-0.497373,-0.392562,0.52269,0.0
2077287660,3,0.570808,-0.497189,-0.392353,0.522531,0.0
2077287670,3,0.57098,-0.496813,-0.392329,0.522719,0.0
2077287680,3,0.571171,-0.496777,-0.391918,0.522853,0.0
2077287690,3,0.571502,-0.497151,-0.390942,0.522866,0.0
2077287700,3,0.572254,-0.497469,-0.389637,0.522714,0.0
2077287710,3,0.573214,-0.497541,-0.388516,0.522429,0.0
2077287720,3,0.574102,-0.497418,-0.387517,0.522313,0.0
2077287730,3,0.574913,-0.496945,-0.386874,0.522348,0.0
2077287741,3,0.575534,-0.496211,-0.386681,0.522505,0.0
2077287751,3,0.575989,-0.495574,-0.386521,0.522726,0.0
2077287761,3,0.576579,-0.494931,-0.3864,0.522774,0.0
2077287771,3,0.5772,-0.49444,-0.386127,0.522755,0.0
2077287781,3,0.577846,-0.493836,-0.386043,0.522675,0.0
2077287791,3,0.578496,-0.493006,-0.386136,0.52267,0.0
2077287801,3,0.579267,-0.49233,-0.38621,0.5224,0.0
2077287811,3,0.579982,-0.491601,-0.386401,0.522151,0.0
2077287821,3,0.580591,-0.490844,-0.386718,0.521952,0.0
2077287831,3,0.58111,-0.490033,-0.387213,0.521768,0.0
2077287841,3,0.581489,-0.48934,-0.387728,0.521615,0.0
2077287851,3,0.581808,-0.489189,-0.387959,0.521228,0.0
2077287861,3,0.582294,-0.489168,-0.388144,0.520567,0.0
2077287872,3,0.582851,-0.489165,-0.388306,0.519826,0.0
2077287882,3,0.583213,-0.489201,-0.38869,0.519098,0.0
2077287892,3,0.583176,-0.488981,-0.389552,0.518701,0.0
2077287902,3,0.58278,-0.488807,-0.39054,0.518567,0.0
2077287912,3,0.582386,-0.488808,-0.391379,0.518376,0.0
2077287922,3,0.582165,-0.489,-0.391922,0.518033,0.0
2077287932,3,0.582149,-0.489407,-0.392267,0.517406,0.0
2077287942,3,0.581968,-0.489719,-0.392847,0.516873,0.0
2077287952,3,0.581477,-0.489854,-0.393762,0.516602,0.0
2077287962,3,0.580859,-0.490045,-0.39472,0.516384,0.0
2077287972,3,0.580286,-0.490468,-0.395413,0.516097,0.0
2077287982,3,0.579946,-0.49143,-0.395612,0.515411,0.0
2077287992,3,0.579902,-0.492564,-0.39561,0.514378,0.0
2077288002,3,0.579783,-0.493494,-0.395878,0.513414,0.0
2077288013,3,0.579364,-0.494099,-0.396631,0.512724,0.0
2077288023,3,0.578582,-0.494526,-0.397731,0.512343,0.0
2077288033,3,0.577584,-0.495234,-0.398625,0.51209,0.0
2077288043,3,0.57697,-0.496194,-0.399212,0.511395,0.0
2077288053,3,0.576117,-0.497248,-0.39957,0.511053,0.0
2077288063,3,0.575258,-0.498313,-0.39996,0.510678,0.0
2077288073,3,0.574365,-0.499244,-0.4004,0.510429,0.0
2077288083,3,0.573363,-0.500132,-0.400815,0.510361,0.0
2077288093,3,0.572474,-0.501071,-0.401014,0.510282,0.0
2077288103,3,0.571795,-0.502244,-0.400799,0.510059,0.0
2077288113,3,0.571323,-0.503332,-0.400411,0.509819,0.0
2077288123,3,0.570833,-0.503962,-0.400205,0.509907,0.0
2077288133,3,0.570237,-0.504715,-0.399863,0.510098,0.0
2077288144,3,0.56974,-0.505377,-0.399526,0.510263,0.0
2077288154,3,0.569145,-0.505881,-0.399299,0.510605,0.0
2077288164,3,0.568595,-0.506213,-0.399244,0.510931,0.0
2077288174,3,0.568058,-0.506582,-0.399128,0.511253,0.0
2077288184,3,0.567601,-0.507241,-0.398676,0.51146,0.0
2077288194,3,0.567196,-0.507933,-0.398018,0.511735,0.0
2077288204,3,0.566744,-0.508365,-0.397448,0.512249,0.0
2077288214,3,0.566306,-0.508784,-0.396849,0.512782,0.0
2077288224,3,0.56615,-0.509153,-0.39621,0.513082,0.0
2077288234,3,0.566164,-0.509438,-0.395631,0.513231,0.0
2077288244,3,0.566105,-0.50946,-0.395302,0.513527,0.0
2077288254,3,0.565967,-0.509415,-0.395006,0.513951,0.0
2077288264,3,0.566087,-0.509596,-0.394398,0.514107,0.0
2077288275,3,0.56637,-0.509808,-0.39354,0.514242,0.0
2077288285,3,0.566762,-0.509732,-0.392928,0.514354,0.0
2077288295,3,0.567068,-0.5094,-0.392671,0.514541,0.0
2077288305,3,0.567293,-0.508653,-0.392935,0.514831,0.0
2077288315,3,0.567372,-0.508073,-0.392997,0.515269,0.0
2077288325,3,0.567621,-0.507686,-0.392733,0.515577,0.0
2077288335,3,0.567966,-0.50754,-0.392068,0.515847,0.0
2077288345,3,0.56828,-0.507537,-0.391309,0.51608,0.0
2077288355,3,0.568678,-0.507476,-0.390531,0.516291,0.0
2077288365,3,0.56909,-0.507241,-0.389933,0.516521,0.0
2077288375,3,0.569428,-0.507093,-0.38923,0.516824,0.0
2077288385,3,0.56974,-0.507066,-0.38831,0.517198,0.0
2077288395,3,0.570254,-0.507176,-0.38719,0.517363,0.0
2077288406,3,0.570753,-0.507122,-0.385989,0.517763,0.0
2077288416,3,0.571336,-0.507063,-0.384669,0.518161,0.0
2077288426,3,0.572015,-0.50691,-0.383401,0.518501,0.0
2077288436,3,0.572644,-0.506581,-0.382383,0.518879,0.0
2077288446,3,0.573149,-0.506045,-0.381556,0.519454,0.0
2077288456,3,0.573537,-0.505139,-0.381053,0.520276,0.0
2077288466,3,0.573898,-0.50411,-0.380639,0.521177,0.0
2077288476,3,0.57456,-0.503454,-0.379787,0.521704,0.0
2077288486,3,0.575763,-0.502961,-0.378691,0.52165,0.0
2077288496,3,0.577119,-0.502499,-0.37745,0.521496,0.0
2077288506,3,0.578259,-0.501728,-0.376412,0.521726,0.0
2077288516,3,0.579095,-0.500621,-0.375771,0.522325,0.0
2077288526,3,0.579802,-0.499417,-0.375425,0.522941,0.0
2077288536,3,0.580592,-0.498549,-0.374877,0.523285,0.0
2077288547,3,0.581672,-0.498296,-0.374022,0.522938,0.0
2077288557,3,0.582826,-0.497902,-0.37322,0.522601,0.0
2077288567,3,0.583913,-0.497388,-0.37255,0.522356,0.0
2077288577,3,0.584839,-0.496443,-0.372364,0.522351,0.0
2077288587,3,0.585531,-0.495212,-0.372637,0.52255,0.0
2077288597,3,0.58621,-0.494369,-0.372743,0.522511,0.0
2077288607,3,0.587004,-0.493737,-0.372634,0.522295,0.0
2077288617,3,0.587816,-0.492996,-0.372726,0.522016,0.0
2077288627,3,0.588384,-0.491941,-0.373335,0.521936,0.0
2077288637,3,0.588902,-0.490746,-0.374265,0.521811,0.0
2077288647,3,0.589471,-0.489805,-0.375196,0.521384,0.0
2077288657,3,0.589957,-0.489006,-0.376063,0.520959,0.0
2077288667,3,0.590215,-0.488359,-0.376879,0.520684,0.0
2077288678,3,0.590303,-0.487706,-0.3777,0.520601,0.0
2077288688,3,0.590425,-0.487027,-0.378727,0.520353,0.0
2077288698,3,0.590571,-0.48657,-0.379833,0.519807,0.0
2077288708,3,0.590697,-0.485982,-0.381216,0.519202,0.0
2077288718,3,0.590795,-0.485623,-0.382648,0.518373,0.0
2077288728,3,0.590662,-0.485482,-0.384056,0.517615,0.0
2077288738,3,0.590192,-0.485355,-0.385431,0.517248,0.0
2077288748,3,0.589455,-0.48551,-0.386612,0.517062,0.0
2077288758,3,0.58864,-0.48574,-0.387885,0.51682,0.0
2077288768,3,0.587879,-0.485837,-0.389393,0.516461,0.0
2077288778,3,0.587106,-0.486102,-0.390887,0.515962,0.0
2077288788,3,0.586339,-0.486669,-0.392072,0.5154,0.0
2077288798,3,0.585426,-0.48745,-0.393111,0.514908,0.0
2077288809,3,0.584306,-0.488333,-0.393975,0.514683,0.0
2077288819,3,0.583145,-0.489246,-0.394597,0.514657,0.0
2077288829,3,0.582174,-0.490418,-0.39481,0.514477,0.0
2077288839,3,0.581433,-0.491756,-0.394629,0.514176,0.0
2077288849,3,0.580836,-0.493152,-0.39429,0.513775,0.0
2077288859,3,0.580189,-0.49435,-0.394141,0.513469,0.0
2077288869,3,0.579216,-0.495093,-0.394435,0.513626,0.0
2077288879,3,0.578082,-0.495568,-0.395017,0.513997,0.0
2077288889,3,0.576857,-0.496039,-0.395592,0.514477,0.0
2077288899,3,0.575712,-0.496899,-0.395844,0.514736,0.0
2077288909,3,0.574868,-0.497799,-0.396246,0.5145,0.0
2077288919,3,0.574189,-0.498582,-0.396863,0.514024,0.0
2077288929,3,0.573366,-0.499431,-0.397565,0.513577,0.0
2077288940,3,0.572383,-0.500364,-0.398155,0.513307,0.0
2077288950,3,0.571387,-0.501565,-0.398456,0.513011,0.0
2077288960,3,0.570408,-0.502955,-0.398402,0.512782,0.0
2077288970,3,0.569667,-0.504157,-0.398211,0.512573,0.0
2077288980,3,0.569275,-0.505308,-0.397886,0.512129,0.0
2077288990,3,0.568869,-0.506583,-0.397447,0.51166,0.0
2077289000,3,0.568232,-0.507409,-0.397415,0.511575,0.0
2077289010,3,0.567227,-0.50787,-0.397733,0.511985,0.0
2077289020,3,0.566198,-0.508306,-0.397988,0.512492,0.0
2077289030,3,0.565162,-0.508748,-0.398079,0.513127,0.0
2077289040,3,0.5643,-0.509382,-0.39773,0.513715,0.0
2077289050,3,0.563773,-0.510382,-0.397226,0.513692,0.0
2077289060,3,0.563381,-0.511073,-0.396994,0.513614,0.0
2077289070,3,0.562839,-0.511209,-0.397201,0.513914,0.0
2077289081,3,0.562507,-0.51132,-0.397333,0.514064,0.0
2077289091,3,0.56207,-0.511793,-0.396846,0.514447,0.0
2077289101,3,0.561667,-0.512355,-0.396067,0.514928,0.0
2077289111,3,0.561176,-0.512709,-0.395382,0.515638,0.0
2077289121,3,0.560894,-0.513215,-0.394511,0.516107,0.0
2077289131,3,0.560944,-0.513755,-0.393672,0.516157,0.0
2077289141,3,0.560983,-0.514143,-0.392862,0.516345,0.0
2077289151,3,0.561042,-0.514416,-0.392034,0.516638,0.0
2077289161,3,0.560862,-0.514489,-0.391278,0.517334,0.0
2077289171,3,0.560488,-0.514201,-0.390769,0.518409,0.0
2077289181,3,0.560303,-0.513874,-0.390126,0.519416,0.0
2077289191,3,0.560532,-0.513712,-0.389173,0.520044,0.0
2077289201,3,0.561244,-0.513946,-0.38774,0.520116,0.0
2077289212,3,0.561926,-0.513735,-0.386633,0.520413,0.0
2077289222,3,0.562233,-0.512796,-0.386175,0.521345,0.0
2077289232,3,0.562325,-0.511721,-0.385742,0.522622,0.0
2077289242,3,0.56268,-0.511027,-0.384767,0.523636,0.0
2077289252,3,0.563658,-0.510932,-0.382927,0.524025,0.0
2077289262,3,0.565066,-0.510724,-0.381016,0.524106,0.0
2077289272,3,0.566566,-0.51029,-0.379366,0.524106,0.0
2077289282,3,0.567792,-0.508907,-0.378828,0.524512,0.0
2077289292,3,0.568583,-0.50717,-0.378692,0.525436,0.0
2077289302,3,0.569257,-0.505487,-0.378516,0.526453,0.0
2077289312,3,0.570294,-0.504336,-0.377809,0.526942,0.0
2077289322,3,0.571815,-0.503638,-0.376643,0.526796,0.0
2077289332,3,0.573454,-0.502856,-0.375582,0.52652,0.0
2077289343,3,0.574889,-0.501616,-0.375233,0.526387,0.0
2077289353,3,0.575925,-0.500068,-0.375549,0.526501,0.0
2077289363,3,0.576607,-0.498661,-0.375873,0.526858,0.0
2077289373,3,0.577208,-0.497424,-0.376108,0.527201,0.0
2077289383,3,0.577987,-0.496605,-0.375959,0.527226,0.0
2077289393,3,0.579018,-0.495664,-0.375926,0.527005,0.0
2077289403,3,0.580077,-0.494533,-0.376071,0.526798,0.0
2077289413,3,0.581103,-0.493341,-0.376382,0.526563,0.0
2077289423,3,0.582008,-0.492317,-0.376684,0.526306,0.0
2077289433,3,0.582679,-0.491283,-0.377042,0.526273,0.0
2077289443,3,0.583438,-0.490205,-0.377489,0.526118,0.0
2077289453,3,0.584306,-0.488987,-0.377914,0.525983,0.0
2077289463,3,0.585287,-0.48787,-0.378216,0.525712,0.0
2077289473,3,0.586278,-0.486701,-0.378546,0.525453,0.0
2077289484,3,0.587112,-0.485449,-0.379012,0.525344,0.0
2077289494,3,0.587699,-0.484216,-0.379622,0.525386,0.0
2077289504,3,0.588063,-0.483012,-0.380372,0.525544,0.0
2077289514,3,0.588122,-0.481748,-0.381313,0.525955,0.0
2077289524,3,0.588178,-0.480676,-0.382128,0.526282,0.0
2077289534,3,0.588355,-0.480289,-0.382671,0.526043,0.0
2077289544,3,0.588623,-0.480278,-0.38303,0.525492,0.0
2077289554,3,0.588864,-0.480507,-0.383312,0.524806,0.0
2077289564,3,0.588886,-0.480637,-0.383826,0.524287,0.0
2077289574,3,0.588687,-0.480415,-0.384619,0.524133,0.0
2077289584,3,0.588359,-0.480397,-0.385375,0.523962,0.0
2077289594,3,0.588207,-0.4805,-0.386036,0.523553,0.0
2077289604,3,0.588115,-0.480611,-0.386712,0.523055,0.0
2077289615,3,0.587952,-0.48074,-0.387412,0.522601,0.0
2077289625,3,0.587788,-0.480635,-0.38832,0.522207,0.0
2077289635,3,0.58736,-0.480201,-0.389634,0.52211,0.0
2077289645,3,0.586707,-0.479882,-0.390868,0.522214,0.0
2077289655,3,0.586229,-0.479891,-0.391834,0.522019,0.0
2077289665,3,0.585714,-0.480477,-0.392368,0.521657,0.0
2077289675,3,0.585105,-0.480671,-0.393266,0.521486,0.0
2077289685,3,0.584273,-0.480836,-0.394333,0.521462,0.0
2077289695,3,0.583423,-0.48091,-0.395686,0.521319,0.0
2077289705,3,0.58251,-0.481137,-0.396903,0.521206,0.0
2077289715,3,0.581625,-0.481953,-0.397653,0.520869,0.0
2077289725,3,0.580767,-0.483067,-0.39804,0.520498,0.0
2077289735,3,0.579854,-0.484222,-0.398377,0.520185,0.0
2077289746,3,0.578877,-0.485072,-0.398966,0.520029,0.0
2077289756,3,0.577895,-0.485697,-0.39968,0.51999,0.0
2077289766,3,0.576954,-0.486402,-0.400394,0.519828,0.0
2077289776,3,0.576026,-0.486991,-0.401256,0.51964,0.0
2077289786,3,0.574984,-0.487517,-0.402272,0.519516,0.0
2077289796,3,0.573985,-0.488172,-0.403134,0.519337,0.0
2077289806,3,0.573054,-0.489049,-0.403798,0.519024,0.0
2077289816,3,0.572225,-0.490305,-0.404081,0.518533,0.0
2077289826,3,0.571535,-0.49138,-0.404456,0.517984,0.0
2077289836,3,0.570713,-0.492108,-0.405119,0.517682,0.0
2077289846,3,0.569739,-0.492555,-0.406122,0.517543,0.0
2077289856,3,0.568664,-0.493385,-0.406835,0.517373,0.0
2077289866,3,0.567833,-0.493841,-0.407925,0.516993,0.0
2077289877,3,0.566885,-0.495307,-0.407794,0.516734,0.0
2077289887,3,0.565925,-0.496771,-0.407675,0.516475,0.0
2077289897,3,0.564858,-0.498113,-0.407703,0.516329,0.0
2077289907,3,0.563708,-0.499276,-0.407903,0.516305,0.0
2077289917,3,0.562601,-0.500347,-0.408216,0.516227,0.0
2077289927,3,0.561625,-0.501484,-0.408356,0.516077,0.0
2077289937,3,0.560844,-0.502568,-0.408297,0.515918,0.0
2077289947,3,0.560234,-0.503772,-0.408011,0.515633,0.0
2077289957,3,0.559722,-0.505033,-0.407664,0.515228,0.0
2077289967,3,0.559183,-0.506104,-0.407618,0.5148,0.0
2077289977,3,0.558525,-0.506873,-0.40796,0.514487,0.0
2077289987,3,0.557798,-0.5073,-0.408621,0.51433,0.0
2077289997,3,0.557037,-0.507845,-0.409146,0.514199,0.0
2077290007,3,0.556393,-0.508386,-0.409654,0.513958,0.0
2077290018,3,0.55583,-0.508899,-0.410094,0.513708,0.0
2077290028,3,0.555565,-0.510372,-0.409444,0.513052,0.0
2077290038,3,0.554996,-0.511417,-0.409139,0.51287,0.0
2077290048,3,0.554202,-0.512066,-0.409311,0.512943,0.0
2077290058,3,0.553575,-0.512448,-0.409847,0.51281,0.0
2077290068,3,0.55337,-0.513387,-0.409742,0.512176,0.0
2077290078,3,0.553042,-0.513876,-0.409892,0.51192,0.0
2077290088,3,0.553135,-0.514981,-0.409104,0.511339,0.0
2077290098,3,0.552874,-0.515735,-0.408736,0.511156,0.0
2077290108,3,0.552238,-0.516227,-0.40885,0.511255,0.0
2077290118,3,0.551595,-0.516535,-0.409388,0.511209,0.0
2077290128,3,0.550944,-0.516869,-0.41006,0.511034,0.0
2077290138,3,0.550697,-0.517663,-0.410207,0.510379,0.0
2077290149,3,0.550889,-0.518852,-0.409873,0.50923,0.0
2077290159,3,0.550958,-0.519981,-0.409471,0.508327,0.0
2077290169,3,0.550801,-0.520884,-0.409106,0.507867,0.0
2077290179,3,0.55072,-0.521662,-0.408796,0.507406,0.0
2077290189,3,0.550709,-0.52241,-0.408584,0.506817,0.0
2077290199,3,0.550599,-0.523031,-0.408634,0.506257,0.0
2077290209,3,0.550302,-0.523446,-0.409021,0.505838,0.0
2077290219,3,0.549827,-0.52401,-0.409281,0.505559,0.0
2077290229,3,0.549427,-0.525014,-0.409054,0.505137,0.0
2077290239,3,0.549113,-0.526387,-0.408396,0.504581,0.0
2077290249,3,0.54881,-0.527683,-0.407906,0.503954,0.0
2077290259,3,0.548402,-0.528738,-0.407714,0.503447,0.0
2077290269,3,0.54802,-0.529488,-0.407836,0.502975,0.0
2077290280,3,0.547671,-0.530207,-0.408051,0.502424,0.0
2077290290,3,0.547375,-0.531229,-0.407929,0.501765,0.0
2077290300,3,0.547203,-0.53244,-0.407506,0.501012,0.0
2077290310,3,0.546974,-0.533351,-0.407259,0.500494,0.0
2077290320,3,0.546484,-0.53426,-0.407068,0.500216,0.0
2077290330,3,0.545937,-0.535369,-0.406932,0.499737,0.0
2077290340,3,0.545465,-0.536662,-0.406724,0.499035,0.0
2077290350,3,0.545055,-0.538069,-0.406339,0.49828,0.0
2077290360,3,0.544837,-0.539403,-0.405931,0.497408,0.0
2077290370,3,0.544594,-0.540699,-0.405473,0.496641,0.0
2077290380,3,0.54441,-0.541976,-0.404883,0.495931,0.0
2077290390,3,0.544182,-0.543355,-0.404389,0.495076,0.0
2077290400,3,0.543722,-0.544325,-0.404364,0.494534,0.0
2077290411,3,0.543203,-0.544944,-0.404593,0.494237,0.0
2077290421,3,0.542741,-0.545554,-0.404785,0.493913,0.0
2077290431,3,0.542235,-0.546511,-0.40469,0.493489,0.0
2077290441,3,0.541687,-0.547634,-0.404372,0.493107,0.0
2077290451,3,0.541112,-0.548663,-0.404139,0.492785,0.0
2077290461,3,0.540423,-0.54941,-0.404151,0.492698,0.0
2077290471,3,0.5397,-0.550352,-0.403942,0.492611,0.0
2077290481,3,0.539128,-0.551339,-0.40354,0.492464,0.0
2077290491,3,0.538769,-0.552118,-0.403125,0.492323,0.0
2077290501,3,0.538494,-0.552864,-0.402637,0.492187,0.0
2077290511,3,0.538388,-0.553552,-0.402065,0.491996,0.0
2077290521,3,0.538483,-0.554165,-0.401419,0.491729,0.0
2077290531,3,0.53854,-0.55479,-0.400812,0.491458,0.0
2077290541,3,0.538466,-0.554974,-0.400646,0.491466,0.0
2077290552,3,0.538149,-0.554943,-0.400692,0.491811,0.0
2077290562,3,0.53793,-0.554994,-0.400671,0.492011,0.0
2077290572,3,0.537674,-0.554961,-0.400736,0.492274,0.0
2077290582,3,0.537219,-0.555104,-0.400641,0.492687,0.0
2077290592,3,0.536794,-0.555406,-0.400364,0.493035,0.0
2077290602,3,0.536448,-0.555744,-0.400085,0.493257,0.0
2077290612,3,0.536199,-0.555702,-0.400072,0.493585,0.0
2077290622,3,0.53603,-0.555585,-0.400104,0.493875,0.0
2077290632,3,0.536033,-0.555519,-0.399979,0.494047,0.0
2077290642,3,0.53609,-0.555634,-0.399524,0.494223,0.0
2077290652,3,0.536068,-0.55554,-0.399294,0.494538,0.0
2077290662,3,0.535999,-0.555387,-0.399226,0.49484,0.0
2077290672,3,0.536018,-0.55509,-0.399409,0.495006,0.0
2077290683,3,0.535981,-0.55481,-0.399606,0.4952,0.0
2077290693,3,0.535832,-0.554287,-0.400202,0.495467,0.0
2077290703,3,0.535743,-0.554123,-0.400522,0.495486,0.0
2077290713,3,0.535701,-0.554894,-0.399735,0.495305,0.0
2077290723,3,0.535754,-0.55502,-0.399657,0.49517,0.0
2077290733,3,0.535804,-0.555355,-0.399457,0.494901,0.0
2077290743,3,0.535605,-0.555484,-0.399526,0.494917,0.0
2077290753,3,0.535302,-0.555377,-0.399942,0.495028,0.0
2077290763,3,0.535154,-0.555249,-0.40044,0.494929,0.0
2077290773,3,0.535183,-0.556218,-0.399634,0.494461,0.0
2077290783,3,0.53523,-0.557198,-0.398719,0.494045,0.0
2077290793,3,0.535305,-0.557865,-0.397984,0.493803,0.0
2077290803,3,0.535006,-0.558269,-0.39759,0.493988,0.0
2077290814,3,0.534705,-0.558366,-0.397623,0.494178,0.0
2077290824,3,0.534484,-0.558414,-0.397833,0.494194,0.0
2077290834,3,0.534487,-0.559141,-0.397054,0.493995,0.0
2077290844,3,0.534502,-0.559745,-0.396247,0.493942,0.0
2077290854,3,0.534202,-0.559793,-0.39592,0.494475,0.0
2077290864,3,0.533751,-0.559588,-0.395815,0.495276,0.0
2077290874,3,0.533394,-0.559461,-0.395439,0.496105,0.0
2077290884,3,0.533461,-0.559715,-0.394453,0.496532,0.0
2077290894,3,0.533983,-0.560105,-0.393022,0.496666,0.0
2077290904,3,0.53487,-0.560445,-0.39153,0.496506,0.0
2077290914,3,0.535902,-0.560306,-0.390419,0.496425,0.0
2077290924,3,0.536969,-0.559648,-0.389734,0.496552,0.0
2077290934,3,0.538063,-0.559069,-0.388781,0.496768,0.0
2077290944,3,0.539506,-0.558666,-0.387541,0.496624,0.0
2077290955,3,0.540989,-0.557897,-0.38648,0.496702,0.0
2077290965,3,0.542413,-0.556634,-0.386091,0.496868,0.0
2077290975,3,0.543759,-0.554793,-0.386627,0.497039,0.0
2077290985,3,0.544872,-0.552884,-0.387477,0.497286,0.0
2077290995,3,0.54585,-0.551317,-0.387883,0.497636,0.0
2077291005,3,0.546721,-0.550239,-0.387632,0.498069,0.0
2077291015,3,0.547671,-0.549415,-0.386984,0.498439,0.0
2077291025,3,0.548811,-0.548565,-0.386172,0.49875,0.0
2077291035,3,0.550264,-0.547461,-0.385591,0.498812,0.0
2077291045,3,0.551948,-0.545958,-0.385321,0.498808,0.0
2077291055,3,0.553414,-0.544414,-0.38493,0.499173,0.0
2077291065,3,0.554935,-0.542967,-0.384192,0.499628,0.0
2077291075,3,0.556597,-0.541678,-0.383009,0.500086,0.0
2077291086,3,0.558284,-0.540102,-0.382037,0.500655,0.0
2077291096,3,0.559868,-0.538714,-0.380681,0.501413,0.0
2077291106,3,0.561454,-0.537291,-0.379351,0.502173,0.0
2077291116,3,0.56328,-0.534172,-0.380122,0.502873,0.0
2077291126,3,0.56521,-0.531291,-0.380709,0.503315,0.0
2077291136,3,0.567143,-0.528843,-0.380838,0.503621,0.0
2077291146,3,0.568925,-0.526515,-0.380799,0.50408,0.0
2077291156,3,0.570629,-0.524134,-0.381204,0.504329,0.0
2077291166,3,0.572006,-0.521666,-0.38195,0.504763,0.0
2077291176,3,0.573396,-0.51912,-0.382886,0.505102,0.0
2077291186,3,0.57455,-0.516922,-0.383661,0.505457,0.0
2077291196,3,0.575527,-0.515059,-0.384125,0.505894,0.0
2077291206,3,0.576377,-0.513491,-0.384226,0.506444,0.0
2077291217,3,0.577124,-0.512728,-0.383486,0.506927,0.0
2077291227,3,0.577277,-0.51081,-0.38415,0.508184,0.0
2077291237,3,0.577774,-0.509039,-0.384546,0.509096,0.0
2077291247,3,0.578761,-0.507678,-0.384479,0.509385,0.0
2077291257,3,0.57966,-0.506231,-0.38443,0.50984,0.0
2077291267,3,0.579901,-0.504572,-0.384737,0.510977,0.0
2077291277,3,0.579937,-0.502915,-0.385048,0.512334,0.0
2077291287,3,0.580396,-0.501268,-0.385197,0.513315,0.0
2077291297,3,0.581563,-0.500129,-0.384754,0.513437,0.0
2077291307,3,0.58329,-0.499371,-0.383839,0.512901,0.0
2077291317,3,0.585013,-0.49845,-0.383137,0.512359,0.0
2077291327,3,0.58625,-0.496885,-0.383289,0.512351,0.0
2077291337,3,0.586895,-0.49517,-0.383763,0.512918,0.0
2077291348,3,0.587378,-0.494457,-0.383338,0.513371,0.0
2077291358,3,0.587644,-0.494048,-0.382643,0.513978,0.0
2077291368,3,0.587542,-0.493277,-0.382522,0.514925,0.0
2077291378,3,0.586998,-0.491934,-0.383418,0.516161,0.0
2077291388,3,0.586986,-0.491742,-0.383359,0.516402,0.0
2077291398,3,0.586942,-0.49162,-0.383132,0.516737,0.0
2077291408,3,0.58682,-0.491332,-0.382821,0.51738,0.0
2077291418,3,0.586826,-0.490842,-0.382508,0.518068,0.0
2077291428,3,0.586494,-0.49085,-0.381507,0.519174,0.0
2077291438,3,0.587002,-0.490226,-0.381024,0.519545,0.0
2077291448,3,0.587648,-0.48982,-0.380448,0.519619,0.0
2077291458,3,0.588438,-0.48924,-0.379917,0.51966,0.0
2077291468,3,0.589317,-0.488341,-0.379485,0.519825,0.0
2077291478,3,0.590156,-0.487172,-0.379188,0.520187,0.0
2077291489,3,0.592663,-0.485023,-0.380193,0.518608,0.0
2077291499,3,0.593936,-0.482396,-0.381833,0.518397,0.0
2077291509,3,0.593782,-0.47945,-0.384061,0.51966,0.0
2077291519,3,0.592189,-0.476729,-0.386716,0.522007,0.0
2077291529,3,0.589611,-0.474258,-0.390253,0.524537,0.0
2077291539,3,0.588819,-0.474858,-0.391154,0.524213,0.0
2077291549,3,0.587747,-0.475887,-0.391863,0.523953,0.0
2077291559,3,0.586814,-0.477011,-0.392203,0.523723,0.0
2077291569,3,0.586232,-0.477882,-0.392329,0.523485,0.0
2077291579,3,0.585825,-0.478082,-0.392621,0.523539,0.0
2077291589,3,0.585442,-0.477616,-0.393169,0.523981,0.0
2077291599,3,0.585041,-0.476989,-0.394032,0.524352,0.0
2077291609,3,0.584639,-0.476423,-0.395168,0.524461,0.0
2077291620,3,0.584119,-0.476032,-0.39646,0.52442,0.0
2077291630,3,0.583584,-0.475788,-0.397573,0.524394,0.0
2077291640,3,0.583532,-0.475766,-0.397961,0.524178,0.0
2077291650,3,0.584176,-0.476206,-0.39744,0.523455,0.0
2077291660,3,0.585156,-0.477077,-0.396703,0.522126,0.0
2077291670,3,0.585973,-0.47768,-0.396564,0.520762,0.0
2077291680,3,0.586041,-0.478006,-0.397264,0.519852,0.0
2077291690,3,0.58533,-0.478405,-0.398533,0.519314,0.0
2077291700,3,0.584276,-0.478714,-0.399937,0.519137,0.0
2077291710,3,0.583287,-0.478782,-0.401251,0.519172,0.0
2077291720,3,0.582662,-0.47886,-0.402252,0.519027,0.0
2077291730,3,0.582838,-0.480392,-0.40108,0.518321,0.0
2077291740,3,0.583685,-0.482247,-0.399332,0.516994,0.0
2077291751,3,0.584501,-0.483576,-0.397925,0.515914,0.0
2077291761,3,0.584808,-0.484128,-0.39753,0.515351,0.0
2077291771,3,0.583973,-0.483946,-0.398051,0.516067,0.0
2077291781,3,0.582229,-0.483234,-0.399252,0.517774,0.0
2077291791,3,0.580463,-0.482981,-0.400109,0.519329,0.0
2077291801,3,0.579342,-0.482992,-0.400704,0.520111,0.0
2077291811,3,0.578886,-0.483065,-0.401207,0.520164,0.0
2077291821,3,0.578708,-0.483157,-0.401667,0.519922,0.0
2077291831,3,0.5782,-0.483073,-0.402063,0.520258,0.0
2077291841,3,0.577421,-0.483022,-0.402071,0.521164,0.0
2077291851,3,0.577236,-0.482407,-0.402462,0.521636,0.0
2077291861,3,0.577372,-0.481725,-0.402751,0.521893,0.0
2077291871,3,0.577692,-0.480938,-0.403024,0.522054,0.0
2077291882,3,0.578079,-0.480136,-0.403271,0.522173,0.0
2077291892,3,0.577877,-0.480054,-0.402611,0.52298,0.0
2077291902,3,0.577513,-0.479981,-0.402086,0.523853,0.0
2077291912,3,0.576916,-0.480024,-0.401477,0.524937,0.0
2077291922,3,0.576317,-0.479716,-0.401107,0.526158,0.0
2077291932,3,0.575914,-0.47892,-0.401003,0.527403,0.0
2077291942,3,0.575727,-0.47796,-0.400976,0.528497,0.0
2077291952,3,0.575591,-0.47729,-0.400813,0.529373,0.0
2077291962,3,0.575448,-0.476464,-0.400693,0.530364,0.0
2077291972,3,0.575463,-0.47557,-0.400549,0.531256,0.0
2077291982,3,0.575855,-0.474756,-0.400256,0.531782,0.0
2077291992,3,0.576821,-0.474099,-0.399669,0.531761,0.0
2077292002,3,0.578176,-0.473616,-0.398816,0.53136,0.0
2077292012,3,0.57972,-0.473076,-0.397919,0.530833,0.0
2077292023,3,0.581037,-0.472324,-0.397238,0.530572,0.0
2077292033,3,0.581809,-0.471265,-0.397119,0.530756,0.0
2077292043,3,0.582371,-0.470563,-0.397039,0.530822,0.0
2077292053,3,0.58281,-0.470205,-0.396917,0.53075,0.0
2077292063,3,0.582821,-0.469954,-0.396807,0.531042,0.0
2077292073,3,0.582749,-0.469915,-0.396741,0.531204,0.0
2077292083,3,0.582542,-0.469974,-0.396788,0.531344,0.0
2077292093,3,0.582329,-0.47015,-0.39694,0.531309,0.0
2077292103,3,0.582204,-0.470511,-0.397079,0.531023,0.0
2077292113,3,0.582354,-0.47107,-0.396932,0.530472,0.0
2077292123,3,0.582829,-0.471508,-0.396704,0.52973,0.0
2077292133,3,0.583433,-0.47135,-0.396785,0.529146,0.0
2077292143,3,0.584037,-0.470771,-0.397227,0.528663,0.0
2077292154,3,0.584673,-0.470115,-0.3977,0.528188,0.0
2077292164,3,0.585127,-0.469311,-0.398231,0.528,0.0
2077292174,3,0.58524,-0.468854,-0.398617,0.527989,0.0
2077292184,3,0.585014,-0.468776,-0.398805,0.528167,0.0
2077292194,3,0.584715,-0.469062,-0.398645,0.528365,0.0
2077292204,3,0.584446,-0.46967,-0.398151,0.528495,0.0
2077292214,3,0.584134,-0.4705,-0.397452,0.528628,0.0
2077292224,3,0.583851,-0.471565,-0.39667,0.528578,0.0
2077292234,3,0.58325,-0.472187,-0.396435,0.528863,0.0
2077292244,3,0.58236,-0.472345,-0.396595,0.529582,0.0
2077292254,3,0.581386,-0.472869,-0.396375,0.530348,0.0
2077292264,3,0.580942,-0.474073,-0.395268,0.530587,0.0
2077292274,3,0.580966,-0.475183,-0.393892,0.530591,0.0
2077292285,3,0.580965,-0.475774,-0.392665,0.530972,0.0
2077292295,3,0.581041,-0.475786,-0.391787,0.531526,0.0
2077292305,3,0.581113,-0.475578,-0.391035,0.532187,0.0
2077292315,3,0.581426,-0.475609,-0.38991,0.532643,0.0
2077292325,3,0.58188,-0.47575,-0.388364,0.53315,0.0
2077292335,3,0.58247,-0.475584,-0.387085,0.533584,0.0
2077292345,3,0.582696,-0.47468,-0.386477,0.534583,0.0
2077292355,3,0.58289,-0.473663,-0.386047,0.535583,0.0
2077292365,3,0.58352,-0.473143,-0.385152,0.536,0.0
2077292375,3,0.584301,-0.472937,-0.383745,0.536341,0.0
2077292385,3,0.584765,-0.472605,-0.382495,0.537019,0.0
2077292395,3,0.584798,-0.471601,-0.381973,0.538237,0.0
2077292405,3,0.58469,-0.470758,-0.381371,0.539517,0.0
2077292415,3,0.585189,-0.470477,-0.380122,0.540103,0.0
2077292426,3,0.586223,-0.470617,-0.378425,0.540051,0.0
2077292436,3,0.587552,-0.470652,-0.376771,0.539732,0.0
2077292446,3,0.588789,-0.470115,-0.375628,0.539649,0.0
2077292456,3,0.589812,-0.468945,-0.375089,0.539925,0.0
2077292466,3,0.590814,-0.468332,-0.373911,0.540179,0.0
2077292476,3,0.592027,-0.467378,-0.372979,0.540321,0.0
2077292486,3,0.5935,-0.46666,-0.371801,0.540137,0.0
2077292496,3,0.59467,-0.465318,-0.371355,0.540316,0.0
2077292506,3,0.59584,-0.464699,-0.370291,0.540289,0.0
2077292516,3,0.596691,-0.46264,-0.370831,0.540747,0.0
2077292526,3,0.597766,-0.461377,-0.37064,0.54077,0.0
2077292536,3,0.599406,-0.46097,-0.369491,0.540087,0.0
2077292546,3,0.601401,-0.460689,-0.368201,0.538989,0.0
2077292557,3,0.602456,-0.46038,-0.367059,0.538854,0.0
2077292567,3,0.603381,-0.460219,-0.366029,0.538656,0.0
2077292577,3,0.603933,-0.459834,-0.365489,0.538734,0.0
2077292587,3,0.60412,-0.45937,-0.36539,0.538986,0.0
2077292597,3,0.603729,-0.458914,-0.36546,0.539765,0.0
2077292607,3,0.603825,-0.459001,-0.364789,0.540037,0.0
2077292617,3,0.605013,-0.459771,-0.363129,0.539172,0.0
2077292627,3,0.606235,-0.460296,-0.361362,0.538537,0.0
2077292637,3,0.607449,-0.460554,-0.35962,0.538115,0.0
2077292647,3,0.608641,-0.460555,-0.357974,0.537863,0.0
2077292657,3,0.609992,-0.460427,-0.356277,0.53757,0.0
2077292667,3,0.611249,-0.460007,-0.354943,0.537385,0.0
2077292677,3,0.612473,-0.459196,-0.354244,0.537145,0.0
2077292688,3,0.613572,-0.458019,-0.354311,0.536852,0.0
2077292698,3,0.614496,-0.456612,-0.35501,0.536531,0.0
2077292708,3,0.615123,-0.455505,-0.355586,0.536373,0.0
2077292718,3,0.61623,-0.456165,-0.354086,0.535533,0.0
2077292728,3,0.617523,-0.456408,-0.35262,0.534803,0.0
2077292738,3,0.61886,-0.456379,-0.351399,0.534086,0.0
2077292748,3,0.620351,-0.456325,-0.350324,0.533107,0.0
2077292758,3,0.621242,-0.455597,-0.350201,0.532774,0.0
2077292768,3,0.62145,-0.454498,-0.350853,0.53304,0.0
2077292778,3,0.621744,-0.453404,-0.351564,0.53316,0.0
2077292788,3,0.622596,-0.452393,-0.352045,0.532707,0.0
2077292798,3,0.624037,-0.4521,-0.351511,0.531622,0.0
2077292808,3,0.62581,-0.451948,-0.350611,0.530259,0.0
2077292819,3,0.627404,-0.451598,-0.350001,0.529076,0.0
2077292829,3,0.628405,-0.450973,-0.349951,0.528453,0.0
2077292839,3,0.628527,-0.450179,-0.350568,0.528576,0.0
2077292849,3,0.627844,-0.449214,-0.351908,0.529317,0.0
2077292859,3,0.626506,-0.44808,-0.35369,0.530675,0.0
2077292869,3,0.625163,-0.447352,-0.355356,0.531759,0.0
2077292879,3,0.625675,-0.448494,-0.354694,0.530636,0.0
2077292889,3,0.626451,-0.449409,-0.35376,0.529568,0.0
2077292899,3,0.627387,-0.450063,-0.352775,0.528561,0.0
2077292909,3,0.628321,-0.451905,-0.349816,0.527846,0.0
2077292919,3,0.629169,-0.451768,-0.349244,0.527332,0.0
2077292929,3,0.629946,-0.451666,-0.348864,0.526743,0.0
2077292939,3,0.629457,-0.450784,-0.349409,0.52772,0.0
2077292949,3,0.62915,-0.450107,-0.349844,0.528376,0.0
2077292960,3,0.629103,-0.449983,-0.349548,0.528734,0.0
2077292970,3,0.629162,-0.450066,-0.34901,0.528948,0.0
2077292980,3,0.629282,-0.450404,-0.348245,0.529022,0.0
2077292990,3,0.62954,-0.450383,-0.347851,0.528992,0.0
2077293000,3,0.630227,-0.450289,-0.347564,0.528442,0.0
2077293010,3,0.630831,-0.450139,-0.347349,0.52799,0.0
2077293020,3,0.630575,-0.449287,-0.347957,0.52862,0.0
2077293030,3,0.630412,-0.448372,-0.348557,0.529197,0.0
2077293040,3,0.630646,-0.447859,-0.34858,0.529337,0.0
2077293050,3,0.631451,-0.447797,-0.34809,0.528753,0.0
2077293060,3,0.632453,-0.447659,-0.34751,0.528053,0.0
2077293070,3,0.633285,-0.447483,-0.347093,0.527479,0.0
2077293080,3,0.633796,-0.446809,-0.347382,0.527247,0.0
2077293091,3,0.633864,-0.446074,-0.348008,0.527373,0.0
2077293101,3,0.633769,-0.445403,-0.348738,0.527572,0.0
2077293111,3,0.633453,-0.444876,-0.349497,0.527894,0.0
2077293121,3,0.632939,-0.444268,-0.350564,0.528316,0.0
2077293131,3,0.632434,-0.443729,-0.351558,0.528712,0.0
2077293141,3,0.632133,-0.443296,-0.352406,0.528871,0.0
2077293151,3,0.631934,-0.442568,-0.35332,0.529109,0.0
2077293161,3,0.631709,-0.441594,-0.354145,0.529639,0.0
2077293171,3,0.631672,-0.440708,-0.354819,0.52997,0.0
2077293181,3,0.631726,-0.439853,-0.355338,0.530269,0.0
2077293191,3,0.63212,-0.439144,-0.35581,0.53007,0.0
2077293201,3,0.632417,-0.438532,-0.356366,0.529849,0.0
2077293211,3,0.63202,-0.437689,-0.357528,0.530237,0.0
2077293222,3,0.631698,-0.437395,-0.358411,0.530267,0.0
2077293232,3,0.631487,-0.437256,-0.359194,0.530102,0.0
2077293242,3,0.631169,-0.43723,-0.36002,0.529943,0.0
2077293252,3,0.630713,-0.437079,-0.361271,0.529759,0.0
2077293262,3,0.630127,-0.437069,-0.362714,0.529478,0.0
2077293272,3,0.629326,-0.437165,-0.36425,0.529298,0.0
2077293282,3,0.628445,-0.437246,-0.365806,0.529204,0.0
2077293292,3,0.628145,-0.43759,-0.36685,0.528553,0.0
2077293302,3,0.62706,-0.437975,-0.367936,0.528767,0.0
2077293312,3,0.625955,-0.438535,-0.368973,0.52889,0.0
2077293322,3,0.62496,-0.439232,-0.369993,0.528775,0.0
2077293332,3,0.623956,-0.439808,-0.371174,0.528655,0.0
2077293342,3,0.623046,-0.440516,-0.372326,0.528328,0.0
2077293353,3,0.622615,-0.441348,-0.373486,0.527322,0.0
2077293363,3,0.622166,-0.442262,-0.374653,0.526258,0.0
2077293373,3,0.621211,-0.443934,-0.374963,0.525757,0.0
2077293383,3,0.62009,-0.445314,-0.375652,0.525422,0.0
2077293393,3,0.618818,-0.446659,-0.376572,0.52512,0.0
2077293403,3,0.617452,-0.44794,-0.377648,0.524865,0.0
2077293413,3,0.6161,-0.449089,-0.378798,0.524643,0.0
2077293423,3,0.615319,-0.450152,-0.380121,0.52369,0.0
2077293433,3,0.614558,-0.45115,-0.38141,0.522787,0.0
2077293443,3,0.613361,-0.453001,-0.381399,0.5226,0.0
2077293453,3,0.61207,-0.454386,-0.381746,0.522659,0.0
2077293463,3,0.610598,-0.455623,-0.382358,0.522857,0.0
2077293473,3,0.60922,-0.456747,-0.383146,0.522906,0.0
2077293483,3,0.607811,-0.457393,-0.384274,0.523153,0.0
2077293494,3,0.606998,-0.457668,-0.385595,0.522884,0.0
2077293504,3,0.606276,-0.457973,-0.38678,0.52258,0.0
2077293514,3,0.605187,-0.459328,-0.386503,0.522858,0.0
2077293524,3,0.603982,-0.46019,-0.386528,0.523474,0.0
2077293534,3,0.602695,-0.460757,-0.386765,0.524284,0.0
2077293544,3,0.601448,-0.461314,-0.387092,0.524984,0.0
2077293554,3,0.600343,-0.461884,-0.387433,0.525496,0.0
2077293564,3,0.599296,-0.462489,-0.387517,0.526096,0.0
2077293574,3,0.598519,-0.463115,-0.387379,0.526531,0.0
2077293584,3,0.597959,-0.463906,-0.38695,0.526787,0.0
2077293594,3,0.597503,-0.464903,-0.386313,0.526892,0.0
2077293604,3,0.59687,-0.465296,-0.386285,0.527283,0.0
2077293614,3,0.595811,-0.465091,-0.386901,0.52821,0.0
2077293625,3,0.594652,-0.465181,-0.387494,0.529001,0.0
2077293635,3,0.593691,-0.465698,-0.387745,0.529442,0.0
2077293645,3,0.592996,-0.466148,-0.387707,0.529852,0.0
2077293655,3,0.592612,-0.466662,-0.387311,0.530119,0.0
2077293665,3,0.592499,-0.467138,-0.386822,0.530184,0.0
2077293675,3,0.592357,-0.467437,-0.38656,0.530269,0.0
2077293685,3,0.591907,-0.467511,-0.386632,0.530654,0.0
2077293695,3,0.591367,-0.467371,-0.386888,0.531191,0.0
2077293705,3,0.591104,-0.467191,-0.38713,0.531467,0.0
2077293715,3,0.590974,-0.466859,-0.38741,0.531699,0.0
2077293725,3,0.591039,-0.466432,-0.387698,0.531791,0.0
2077293735,3,0.591222,-0.465967,-0.388018,0.531763,0.0
2077293745,3,0.591142,-0.465283,-0.38869,0.531959,0.0
2077293756,3,0.590819,-0.465012,-0.389335,0.532084,0.0
2077293766,3,0.590487,-0.465046,-0.389928,0.531987,0.0
2077293776,3,0.590282,-0.46521,-0.390343,0.531768,0.0
2077293786,3,0.590267,-0.465467,-0.390553,0.531405,0.0
2077293796,3,0.590185,-0.465588,-0.390775,0.531228,0.0
2077293806,3,0.589968,-0.465822,-0.390984,0.53111,0.0
2077293816,3,0.589445,-0.465833,-0.391379,0.531389,0.0
2077293826,3,0.588887,-0.466102,-0.391541,0.531653,0.0
2077293836,3,0.588652,-0.466227,-0.391951,0.531501,0.0
2077293846,3,0.588787,-0.467197,-0.391193,0.531059,0.0
2077293856,3,0.588843,-0.46748,-0.390906,0.530958,0.0
2077293866,3,0.588609,-0.467679,-0.390885,0.531059,0.0
2077293876,3,0.588175,-0.4676,-0.391277,0.53132,0.0
2077293886,3,0.587605,-0.46739,-0.391755,0.531783,0.0
2077293897,3,0.587179,-0.467487,-0.391754,0.532169,0.0
2077293907,3,0.58722,-0.468067,-0.391294,0.531952,0.0
2077293917,3,0.587301,-0.468318,-0.391153,0.531745,0.0
2077293927,3,0.5872,-0.46839,-0.391196,0.531763,0.0
2077293937,3,0.587081,-0.468753,-0.390979,0.531734,0.0
2077293947,3,0.587019,-0.469191,-0.390651,0.531656,0.0
2077293957,3,0.586886,-0.469616,-0.390318,0.531672,0.0
2077293967,3,0.586788,-0.470052,-0.390013,0.531618,0.0
2077293977,3,0.586737,-0.470327,-0.389836,0.531562,0.0
2077293987,3,0.586644,-0.470938,-0.389342,0.531486,0.0
2077293997,3,0.586564,-0.471735,-0.388654,0.53137,0.0
2077294007,3,0.586425,-0.472333,-0.388098,0.531399,0.0
2077294017,3,0.586137,-0.472704,-0.38787,0.531554,0.0
2077294028,3,0.585787,-0.47263,-0.388054,0.53187,0.0
2077294038,3,0.585614,-0.472822,-0.387873,0.532023,0.0
2077294048,3,0.585594,-0.472646,-0.387876,0.532199,0.0
2077294058,3,0.585674,-0.472956,-0.387108,0.532396,0.0
2077294068,3,0.585729,-0.473169,-0.386506,0.532582,0.0
2077294078,3,0.585674,-0.47313,-0.386168,0.532922,0.0
2077294088,3,0.585637,-0.47275,-0.386175,0.533296,0.0
2077294098,3,0.585768,-0.472297,-0.386098,0.533609,0.0
2077294108,3,0.58619,-0.472174,-0.385674,0.53356,0.0
2077294118,3,0.586836,-0.472166,-0.385201,0.5332,0.0
2077294128,3,0.587304,-0.471826,-0.385033,0.533106,0.0
2077294138,3,0.587606,-0.471283,-0.385153,0.533167,0.0
2077294148,3,0.587908,-0.470997,-0.385344,0.532949,0.0
2077294159,3,0.588133,-0.470761,-0.385605,0.53272,0.0
2077294169,3,0.58818,-0.470182,-0.386206,0.532744,0.0
2077294179,3,0.588022,-0.469587,-0.386846,0.532979,0.0
2077294189,3,0.587959,-0.469406,-0.387134,0.532998,0.0
2077294199,3,0.587896,-0.46917,-0.387416,0.533072,0.0
2077294209,3,0.587999,-0.469411,-0.387171,0.532923,0.0
2077294219,3,0.588072,-0.46963,-0.386952,0.532809,0.0
2077294229,3,0.588088,-0.469575,-0.387058,0.532763,0.0
2077294239,3,0.588118,-0.46961,-0.387223,0.532578,0.0
2077294249,3,0.588403,-0.470034,-0.38699,0.532059,0.0
2077294259,3,0.588894,-0.47045,-0.38665,0.531396,0.0
2077294269,3,0.589384,-0.470937,-0.386262,0.530702,0.0
2077294279,3,0.589743,-0.471298,-0.386097,0.530102,0.0
2077294290,3,0.590015,-0.47146,-0.38625,0.529544,0.0
2077294300,3,0.590247,-0.471659,-0.386507,0.52892,0.0
2077294310,3,0.590575,-0.471897,-0.386723,0.528183,0.0
2077294320,3,0.590885,-0.471744,-0.387257,0.527582,0.0
2077294330,3,0.590783,-0.470891,-0.388398,0.527619,0.0
2077294340,3,0.590447,-0.470626,-0.388951,0.527825,0.0
2077294350,3,0.590273,-0.470921,-0.389197,0.527575,0.0
2077294360,3,0.589607,-0.471058,-0.389822,0.527736,0.0
2077294370,3,0.588149,-0.470849,-0.391043,0.528644,0.0
2077294380,3,0.586725,-0.470709,-0.392251,0.529456,0.0
2077294390,3,0.586297,-0.472,-0.392034,0.528942,0.0
2077294400,3,0.586727,-0.473674,-0.391067,0.527683,0.0
2077294410,3,0.587433,-0.475128,-0.390036,0.526352,0.0
2077294420,3,0.588165,-0.476079,-0.389441,0.525113,0.0
2077294431,3,0.588729,-0.477096,-0.388753,0.524068,0.0
2077294441,3,0.588366,-0.476856,-0.389343,0.524254,0.0
2077294451,3,0.588041,-0.476477,-0.389987,0.524486,0.0
2077294461,3,0.587866,-0.47641,-0.390503,0.52436,0.0
2077294471,3,0.58772,-0.476389,-0.391019,0.524158,0.0
2077294481,3,0.5873,-0.476162,-0.391822,0.524235,0.0
2077294491,3,0.587029,-0.474756,-0.394287,0.523965,0.0
2077294501,3,0.58596,-0.474804,-0.395233,0.524405,0.0
2077294511,3,0.584728,-0.47505,-0.396135,0.524877,0.0
2077294521,3,0.58333,-0.475326,-0.397223,0.52536,0.0
2077294531,3,0.581062,-0.475977,-0.397979,0.52671,0.0
2077294541,3,0.579339,-0.477088,-0.398626,0.527114,0.0
2077294551,3,0.578028,-0.47866,-0.399094,0.526773,0.0
2077294562,3,0.576331,-0.479556,-0.400356,0.52686,0.0
2077294572,3,0.574557,-0.480503,-0.401424,0.527122,0.0
2077294582,3,0.572938,-0.482194,-0.401373,0.52738,0.0
2077294592,3,0.571782,-0.484535,-0.40031,0.527296,0.0
2077294602,3,0.570868,-0.484957,-0.400993,0.527379,0.0
2077294612,3,0.570154,-0.48506,-0.401875,0.527385,0.0
2077294622,3,0.569544,-0.485215,-0.402874,0.52714,0.0
2077294632,3,0.568804,-0.485274,-0.404048,0.526986,0.0
2077294642,3,0.567713,-0.484198,-0.406531,0.527242,0.0
2077294652,3,0.566091,-0.483715,-0.408394,0.52799,0.0
2077294662,3,0.564173,-0.484286,-0.409196,0.528898,0.0
2077294672,3,0.562371,-0.485687,-0.408998,0.529685,0.0
2077294682,3,0.561077,-0.487451,-0.408148,0.530093,0.0
2077294693,3,0.560361,-0.489045,-0.407306,0.530029,0.0
2077294703,3,0.559837,-0.490242,-0.406828,0.529844,0.0
2077294713,3,0.559141,-0.489738,-0.407967,0.530168,0.0
2077294723,3,0.558397,-0.488981,-0.409025,0.530836,0.0
2077294733,3,0.557709,-0.488222,-0.409885,0.531594,0.0
2077294743,3,0.557107,-0.48971,-0.408256,0.532111,0.0
2077294753,3,0.556488,-0.49092,-0.406949,0.532643,0.0
2077294763,3,0.555828,-0.491533,-0.406372,0.533208,0.0
2077294773,3,0.55512,-0.491686,-0.406389,0.533791,0.0
2077294783,3,0.553973,-0.49131,-0.407148,0.53475,0.0
2077294793,3,0.552792,-0.49101,-0.40782,0.535734,0.0
2077294803,3,0.551627,-0.490703,-0.408471,0.53672,0.0
2077294813,3,0.550625,-0.490996,-0.408375,0.537553,0.0
2077294824,3,0.549817,-0.491021,-0.408789,0.538042,0.0
2077294834,3,0.548934,-0.490653,-0.409728,0.538565,0.0
2077294844,3,0.548153,-0.490206,-0.410669,0.53905,0.0
2077294854,3,0.547651,-0.489257,-0.411966,0.539432,0.0
2077294864,3,0.547318,-0.488869,-0.412481,0.539729,0.0
2077294874,3,0.547467,-0.489717,-0.411448,0.539597,0.0
2077294884,3,0.547978,-0.490703,-0.409918,0.539349,0.0
2077294894,3,0.548365,-0.491036,-0.408919,0.539409,0.0
2077294904,3,0.548861,-0.490745,-0.408771,0.539282,0.0
2077294914,3,0.54925,-0.490159,-0.409252,0.539055,0.0
2077294924,3,0.549405,-0.489198,-0.410222,0.539032,0.0
2077294934,3,0.549013,-0.487688,-0.411884,0.539533,0.0
2077294944,3,0.548271,-0.486336,-0.413849,0.540004,0.0
2077294954,3,0.547569,-0.48624,-0.414756,0.540106,0.0
2077294965,3,0.546887,-0.486227,-0.415642,0.540127,0.0
2077294975,3,0.546876,-0.486785,-0.415943,0.539404,0.0
2077294985,3,0.547368,-0.487668,-0.416122,0.537967,0.0
2077294995,3,0.547399,-0.488005,-0.416939,0.536997,0.0
2077295005,3,0.546776,-0.487258,-0.419043,0.536671,0.0
2077295015,3,0.545737,-0.487262,-0.420346,0.536707,0.0
2077295025,3,0.544969,-0.487467,-0.42135,0.536514,0.0
2077295035,3,0.544431,-0.487852,-0.422214,0.536031,0.0
2077295045,3,0.544834,-0.489389,-0.421763,0.534573,0.0
2077295055,3,0.545027,-0.490646,-0.421748,0.533234,0.0
2077295065,3,0.543993,-0.491096,-0.422919,0.532948,0.0
2077295075,3,0.542814,-0.492083,-0.423994,0.532386,0.0
2077295085,3,0.541605,-0.493373,-0.424999,0.531621,0.0
2077295096,3,0.540556,-0.495479,-0.425266,0.530515,0.0
2077295106,3,0.539921,-0.49769,-0.425569,0.528846,0.0
2077295116,3,0.539179,-0.499734,-0.42597,0.527352,0.0
2077295126,3,0.538259,-0.501441,-0.426554,0.526197,0.0
2077295136,3,0.537342,-0.503226,-0.426936,0.525121,0.0
2077295146,3,0.536612,-0.505153,-0.427027,0.523941,0.0
2077295156,3,0.536044,-0.507047,-0.427056,0.522667,0.0
2077295166,3,0.53562,-0.508511,-0.4274,0.521398,0.0
2077295176,3,0.535069,-0.509593,-0.428125,0.520311,0.0
2077295186,3,0.534096,-0.51098,-0.42869,0.519484,0.0
2077295196,3,0.532686,-0.512349,-0.429217,0.519148,0.0
2077295206,3,0.531122,-0.513817,-0.429634,0.518956,0.0
2077295216,3,0.52958,-0.515264,-0.430064,0.51874,0.0
2077295227,3,0.52816,-0.517046,-0.430217,0.518287,0.0
2077295237,3,0.526799,-0.519077,-0.430118,0.517724,0.0
2077295247,3,0.525523,-0.520876,-0.430042,0.517276,0.0
2077295257,3,0.524237,-0.522407,-0.430073,0.517012,0.0
2077295267,3,0.52297,-0.524048,-0.430032,0.516669,0.0
2077295277,3,0.521666,-0.52582,-0.429846,0.516341,0.0
2077295287,3,0.520445,-0.527784,-0.42937,0.515965,0.0
2077295297,3,0.519478,-0.529766,-0.428691,0.515474,0.0
2077295307,3,0.518859,-0.531748,-0.427934,0.514685,0.0
2077295317,3,0.51846,-0.533663,-0.427208,0.513707,0.0
2077295327,3,0.517875,-0.535105,-0.426768,0.513162,0.0
2077295337,3,0.516928,-0.535997,-0.426655,0.513279,0.0
2077295347,3,0.515707,-0.537012,-0.42649,0.513583,0.0
2077295357,3,0.514415,-0.538338,-0.425989,0.513908,0.0
2077295368,3,0.513346,-0.539639,-0.425178,0.514284,0.0
2077295378,3,0.51278,-0.541023,-0.423959,0.514401,0.0
2077295388,3,0.512728,-0.542743,-0.422215,0.514075,0.0
2077295398,3,0.512924,-0.544237,-0.420314,0.513857,0.0
2077295408,3,0.513021,-0.54499,-0.41872,0.514264,0.0
2077295418,3,0.512928,-0.544938,-0.417615,0.515309,0.0
2077295428,3,0.512817,-0.544956,-0.416338,0.516433,0.0
2077295438,3,0.512972,-0.545452,-0.41459,0.517161,0.0
2077295448,3,0.513521,-0.545894,-0.412764,0.517609,0.0
2077295458,3,0.514219,-0.546022,-0.411203,0.518023,0.0
2077295468,3,0.514816,-0.545795,-0.410064,0.518573,0.0
2077295478,3,0.515205,-0.545505,-0.408971,0.519354,0.0
2077295488,3,0.515709,-0.545381,-0.40768,0.519999,0.0
2077295499,3,0.516329,-0.54528,-0.406035,0.520777,0.0
2077295509,3,0.517227,-0.54552,-0.403939,0.521264,0.0
2077295519,3,0.518387,-0.54571,-0.401917,0.521475,0.0
2077295529,3,0.519743,-0.545623,-0.399986,0.521701,0.0
2077295539,3,0.521339,-0.54509,-0.398442,0.521847,0.0
2077295549,3,0.522997,-0.544327,-0.397133,0.521983,0.0
2077295559,3,0.524722,-0.543716,-0.395662,0.522006,0.0
2077295569,3,0.526423,-0.543032,-0.394207,0.522105,0.0
2077295579,3,0.527926,-0.542099,-0.392991,0.522474,0.0
2077295589,3,0.529446,-0.541126,-0.392022,0.522672,0.0
2077295599,3,0.531095,-0.540432,-0.390919,0.522543,0.0
2077295609,3,0.532887,-0.5395,-0.390037,0.522342,0.0
2077295619,3,0.534788,-0.538115,-0.389665,0.522104,0.0
2077295630,3,0.536682,-0.536796,-0.389294,0.521796,0.0
2077295640,3,0.537596,-0.536617,-0.387497,0.522377,0.0
2077295650,3,0.538473,-0.53626,-0.385774,0.523114,0.0
2077295660,3,0.53925,-0.535766,-0.384173,0.523997,0.0
2077295670,3,0.540611,-0.534837,-0.383658,0.523921,0.0
2077295680,3,0.541756,-0.534054,-0.383226,0.523854,0.0
2077295690,3,0.5422,-0.534069,-0.381869,0.524371,0.0
2077295700,3,0.542952,-0.532729,-0.382355,0.5246,0.0
2077295710,3,0.543944,-0.532039,-0.382432,0.524217,0.0
2077295720,3,0.544433,-0.532688,-0.380901,0.524164,0.0
2077295730,3,0.544828,-0.532976,-0.379477,0.524494,0.0
2077295740,3,0.546123,-0.533167,-0.378585,0.523598,0.0
2077295750,3,0.546884,-0.5326,-0.378584,0.523381,0.0
2077295761,3,0.547316,-0.531338,-0.379319,0.523679,0.0
2077295771,3,0.547788,-0.529775,-0.38049,0.52392,0.0
2077295781,3,0.54861,-0.528829,-0.381196,0.523503,0.0
2077295791,3,0.549608,-0.528638,-0.381197,0.522646,0.0
2077295801,3,0.550617,-0.528337,-0.381152,0.521921,0.0
2077295811,3,0.551347,-0.527904,-0.381126,0.521609,0.0
2077295821,3,0.551989,-0.527769,-0.380952,0.521193,0.0
2077295831,3,0.552658,-0.527805,-0.380707,0.520625,0.0
2077295841,3,0.553263,-0.527553,-0.380705,0.52024,0.0
2077295851,3,0.553906,-0.527043,-0.380898,0.519932,0.0
2077295861,3,0.554448,-0.526433,-0.381499,0.51953,0.0
2077295871,3,0.554714,-0.525723,-0.382393,0.519308,0.0
2077295881,3,0.554896,-0.525473,-0.382621,0.519199,0.0
2077295891,3,0.555474,-0.525674,-0.382363,0.518568,0.0
2077295902,3,0.556167,-0.525875,-0.382146,0.51778,0.0
2077295912,3,0.556795,-0.526107,-0.381913,0.517041,0.0
2077295922,3,0.557487,-0.525921,-0.381831,0.516545,0.0
2077295932,3,0.558037,-0.52537,-0.382075,0.516331,0.0
2077295942,3,0.558302,-0.524967,-0.38245,0.516178,0.0
2077295952,3,0.558377,-0.524307,-0.383075,0.516303,0.0
2077295962,3,0.558495,-0.523598,-0.383663,0.516458,0.0
2077295972,3,0.558682,-0.523063,-0.384133,0.516448,0.0
2077295982,3,0.559116,-0.522623,-0.384574,0.516096,0.0
2077295992,3,0.559713,-0.522269,-0.384815,0.515628,0.0
2077296002,3,0.560413,-0.521867,-0.38488,0.515226,0.0
2077296012,3,0.560986,-0.521106,-0.385172,0.515154,0.0
2077296022,3,0.561315,-0.520092,-0.385955,0.515234,0.0
2077296033,3,0.561445,-0.519201,-0.386799,0.515359,0.0
2077296043,3,0.5616,-0.51822,-0.387793,0.515431,0.0
2077296053,3,0.561796,-0.517274,-0.388591,0.515565,0.0
2077296063,3,0.562197,-0.51676,-0.388989,0.515343,0.0
2077296073,3,0.562818,-0.516377,-0.389098,0.514968,0.0
2077296083,3,0.563431,-0.515721,-0.38925,0.51484,0.0
2077296093,3,0.564056,-0.515059,-0.389412,0.514695,0.0
2077296103,3,0.564783,-0.5143,-0.389809,0.514356,0.0
2077296113,3,0.565488,-0.513391,-0.390332,0.514094,0.0
2077296123,3,0.56614,-0.512569,-0.390896,0.513767,0.0
2077296133,3,0.566655,-0.511683,-0.391601,0.513545,0.0
2077296143,3,0.567097,-0.511063,-0.392403,0.513062,0.0
2077296153,3,0.567551,-0.510855,-0.393072,0.512255,0.0
2077296164,3,0.567975,-0.510749,-0.393511,0.511554,0.0
2077296174,3,0.568312,-0.510853,-0.393658,0.510962,0.0
2077296184,3,0.568613,-0.510966,-0.393956,0.510284,0.0
2077296194,3,0.568754,-0.5107,-0.394611,0.509887,0.0
2077296204,3,0.568889,-0.510344,-0.395217,0.509623,0.0
2077296214,3,0.569268,-0.510332,-0.395264,0.509176,0.0
2077296224,3,0.569945,-0.510851,-0.3948,0.508257,0.0
2077296234,3,0.570453,-0.51097,-0.39471,0.507637,0.0
2077296244,3,0.570583,-0.510566,-0.395136,0.507566,0.0
2077296254,3,0.570506,-0.509716,-0.396139,0.507724,0.0
2077296264,3,0.570327,-0.509264,-0.397008,0.507701,0.0
2077296274,3,0.570349,-0.509404,-0.397283,0.50732,0.0
2077296284,3,0.570632,-0.509477,-0.397372,0.506858,0.0
2077296295,3,0.570891,-0.509109,-0.397687,0.506689,0.0
2077296305,3,0.57102,-0.508699,-0.398223,0.506536,0.0
2077296315,3,0.571008,-0.508562,-0.398608,0.506385,0.0
2077296325,3,0.571144,-0.508583,-0.398665,0.506165,0.0
2077296335,3,0.57146,-0.508475,-0.398609,0.505959,0.0
2077296345,3,0.571881,-0.508453,-0.398576,0.505533,0.0
2077296355,3,0.572691,-0.5081,-0.398818,0.504779,0.0
2077296365,3,0.573428,-0.507475,-0.399132,0.504323,0.0
2077296375,3,0.574128,-0.506888,-0.39936,0.503937,0.0
2077296385,3,0.574352,-0.506438,-0.399531,0.503997,0.0
2077296395,3,0.573966,-0.505806,-0.400078,0.504637,0.0
2077296405,3,0.57329,-0.504844,-0.400969,0.505661,0.0
2077296415,3,0.572711,-0.504143,-0.401595,0.506519,0.0
2077296425,3,0.572635,-0.504283,-0.401513,0.506531,0.0
2077296436,3,0.57291,-0.504632,-0.400924,0.506339,0.0
2077296446,3,0.573423,-0.504821,-0.400148,0.506183,0.0
2077296456,3,0.573861,-0.50465,-0.399613,0.506279,0.0
2077296466,3,0.574188,-0.504396,-0.399118,0.506553,0.0
2077296476,3,0.574696,-0.504388,-0.398374,0.50657,0.0
2077296486,3,0.575625,-0.5044,-0.397419,0.506254,0.0
2077296496,3,0.576625,-0.504043,-0.396655,0.50607,0.0
2077296506,3,0.577441,-0.50334,-0.396458,0.505994,0.0
2077296516,3,0.578207,-0.501916,-0.397221,0.505935,0.0
2077296526,3,0.578758,-0.5004,-0.398174,0.506057,0.0
2077296536,3,0.579284,-0.49915,-0.398675,0.506297,0.0
2077296546,3,0.579855,-0.498551,-0.39848,0.506386,0.0
2077296556,3,0.580193,-0.498109,-0.39839,0.506505,0.0
2077296567,3,0.580377,-0.497517,-0.398525,0.506769,0.0
2077296577,3,0.580478,-0.496783,-0.398887,0.507089,0.0
2077296587,3,0.580547,-0.496463,-0.399131,0.507132,0.0
2077296597,3,0.580701,-0.496404,-0.398967,0.507142,0.0
2077296607,3,0.581028,-0.496372,-0.398439,0.507213,0.0
2077296617,3,0.581495,-0.496227,-0.397861,0.507275,0.0
2077296627,3,0.58192,-0.496151,-0.397389,0.507231,0.0
2077296637,3,0.582429,-0.496105,-0.397032,0.506971,0.0
2077296647,3,0.583022,-0.495858,-0.396866,0.506662,0.0
2077296657,3,0.583509,-0.495399,-0.397085,0.506379,0.0
2077296667,3,0.583723,-0.494573,-0.397996,0.506223,0.0
2077296677,3,0.583668,-0.493788,-0.399287,0.506037,0.0
2077296687,3,0.583369,-0.493198,-0.400549,0.505961,0.0
2077296698,3,0.582936,-0.492682,-0.401698,0.50605,0.0
2077296708,3,0.582636,-0.492934,-0.402166,0.505778,0.0
2077296718,3,0.582191,-0.493286,-0.402706,0.505517,0.0
2077296728,3,0.581788,-0.493389,-0.40346,0.50528,0.0
2077296738,3,0.581275,-0.493464,-0.404441,0.505013,0.0
2077296748,3,0.5806,-0.493715,-0.40543,0.504752,0.0
2077296758,3,0.579918,-0.494163,-0.406079,0.504575,0.0
2077296768,3,0.579419,-0.494883,-0.4062,0.504346,0.0
2077296778,3,0.579197,-0.495716,-0.406021,0.503927,0.0
2077296788,3,0.579053,-0.496529,-0.406035,0.50328,0.0
2077296798,3,0.578564,-0.49692,-0.406563,0.503029,0.0
2077296808,3,0.577996,-0.496717,-0.407663,0.502992,0.0
2077296818,3,0.577197,-0.496228,-0.409098,0.503229,0.0
2077296828,3,0.576488,-0.496385,-0.410005,0.503148,0.0
2077296839,3,0.575981,-0.496825,-0.410607,0.502803,0.0
2077296849,3,0.575455,-0.497139,-0.411161,0.502642,0.0
2077296859,3,0.574828,-0.497404,-0.411842,0.50254,0.0
2077296869,3,0.574098,-0.497859,-0.412523,0.502366,0.0
2077296879,3,0.573349,-0.498376,-0.413159,0.502185,0.0
2077296889,3,0.572452,-0.498976,-0.41362,0.502234,0.0
2077296899,3,0.571509,-0.499638,-0.413853,0.502457,0.0
2077296909,3,0.570619,-0.500893,-0.4136,0.502427,0.0
2077296919,3,0.569863,-0.502461,-0.412864,0.502326,0.0
2077296929,3,0.569176,-0.503595,-0.412143,0.50256,0.0
2077296939,3,0.568431,-0.504607,-0.411568,0.502859,0.0
2077296949,3,0.567602,-0.505483,-0.411294,0.50314,0.0
2077296959,3,0.56679,-0.5061,-0.411232,0.503486,0.0
2077296970,3,0.566197,-0.506718,-0.41106,0.503673,0.0
2077296980,3,0.565832,-0.507267,-0.410726,0.503801,0.0
2077296990,3,0.565542,-0.507916,-0.410233,0.503876,0.0
2077297000,3,0.565201,-0.508293,-0.410076,0.504005,0.0
2077297010,3,0.564928,-0.508316,-0.410198,0.504189,0.0
2077297020,3,0.564887,-0.508143,-0.410488,0.504174,0.0
2077297030,3,0.565077,-0.508161,-0.41071,0.503761,0.0
2077297040,3,0.565302,-0.508386,-0.410691,0.503296,0.0
2077297050,3,0.565451,-0.508648,-0.410562,0.50297,0.0
2077297060,3,0.565388,-0.508757,-0.41062,0.502883,0.0
2077297070,3,0.565211,-0.509112,-0.410658,0.502691,0.0
2077297080,3,0.564967,-0.509354,-0.410767,0.502633,0.0
2077297090,3,0.564559,-0.509462,-0.410978,0.502809,0.0
2077297101,3,0.563913,-0.509712,-0.411147,0.503141,0.0
2077297111,3,0.563171,-0.510214,-0.41117,0.503445,0.0
2077297121,3,0.562432,-0.510694,-0.411037,0.503893,0.0
2077297131,3,0.561819,-0.511361,-0.410449,0.50438,0.0
2077297141,3,0.561476,-0.512216,-0.409443,0.504711,0.0
2077297151,3,0.561297,-0.512758,-0.408595,0.505047,0.0
2077297161,3,0.561045,-0.512871,-0.408029,0.50567,0.0
2077297171,3,0.560745,-0.512529,-0.407725,0.506594,0.0
2077297181,3,0.560624,-0.512479,-0.407129,0.507257,0.0
2077297191,3,0.560735,-0.512728,-0.405961,0.507819,0.0
2077297201,3,0.561195,-0.512945,-0.40447,0.508281,0.0
2077297211,3,0.561692,-0.51296,-0.403144,0.50877,0.0
2077297221,3,0.562037,-0.512887,-0.40206,0.50932,0.0
2077297232,3,0.562231,-0.512315,-0.401499,0.510123,0.0
2077297242,3,0.562151,-0.511346,-0.401323,0.511321,0.0
2077297252,3,0.562105,-0.510667,-0.400706,0.512532,0.0
2077297262,3,0.562395,-0.510702,-0.399478,0.513138,0.0
2077297272,3,0.562795,-0.510585,-0.398203,0.513807,0.0
2077297282,3,0.563112,-0.509824,-0.397321,0.514897,0.0
2077297292,3,0.563639,-0.508976,-0.396541,0.515759,0.0
2077297302,3,0.564394,-0.508335,-0.395614,0.516278,0.0
2077297312,3,0.565287,-0.507635,-0.394611,0.516757,0.0
2077297322,3,0.566212,-0.506713,-0.393618,0.517406,0.0
2077297332,3,0.567241,-0.505739,-0.392589,0.518013,0.0
2077297342,3,0.568368,-0.504964,-0.391534,0.518332,0.0
2077297352,3,0.569424,-0.503748,-0.390927,0.518815,0.0
2077297362,3,0.570418,-0.502076,-0.390859,0.519393,0.0
2077297373,3,0.571287,-0.500462,-0.390748,0.52008,0.0
2077297383,3,0.572316,-0.499314,-0.390358,0.520345,0.0
2077297393,3,0.573261,-0.498443,-0.389869,0.520506,0.0
2077297403,3,0.574022,-0.497403,-0.389491,0.520945,0.0
2077297413,3,0.574747,-0.496454,-0.389179,0.521285,0.0
2077297423,3,0.57556,-0.495689,-0.388826,0.521378,0.0
2077297433,3,0.576513,-0.494952,-0.388426,0.521325,0.0
2077297443,3,0.577556,-0.49419,-0.388047,0.521174,0.0
2077297453,3,0.578655,-0.493503,-0.387587,0.520949,0.0
2077297463,3,0.579755,-0.492999,-0.387015,0.520628,0.0
2077297473,3,0.580757,-0.492401,-0.3866,0.520386,0.0
2077297483,3,0.581723,-0.491714,-0.386274,0.520198,0.0
2077297493,3,0.582751,-0.490961,-0.386024,0.519944,0.0
2077297504,3,0.583672,-0.48996,-0.386165,0.51975,0.0
2077297514,3,0.584417,-0.488758,-0.386765,0.519599,0.0
2077297524,3,0.584987,-0.487764,-0.387279,0.519509,0.0
2077297534,3,0.585595,-0.487136,-0.387372,0.519343,0.0
2077297544,3,0.58634,-0.487018,-0.38686,0.518995,0.0
2077297554,3,0.587136,-0.48679,-0.3863,0.518726,0.0
2077297564,3,0.587749,-0.486238,-0.385983,0.518787,0.0
2077297574,3,0.588177,-0.485573,-0.385887,0.518996,0.0
2077297584,3,0.588591,-0.484887,-0.385945,0.519124,0.0
2077297594,3,0.589025,-0.484333,-0.385899,0.519183,0.0
2077297604,3,0.589464,-0.484003,-0.385479,0.519305,0.0
2077297614,3,0.590064,-0.483793,-0.38476,0.519352,0.0
2077297624,3,0.590666,-0.483467,-0.384166,0.519412,0.0
2077297635,3,0.591129,-0.482886,-0.383885,0.519632,0.0
2077297645,3,0.591453,-0.481975,-0.383957,0.520056,0.0
2077297655,3,0.591781,-0.480567,-0.38449,0.520593,0.0
2077297665,3,0.592054,-0.479238,-0.384946,0.521169,0.0
2077297675,3,0.592455,-0.478163,-0.385177,0.52153,0.0
2077297685,3,0.592879,-0.477459,-0.385109,0.521744,0.0
2077297695,3,0.593292,-0.476724,-0.385043,0.521995,0.0
2077297705,3,0.593574,-0.476187,-0.385076,0.52214,0.0
2077297715,3,0.593695,-0.475428,-0.385394,0.522458,0.0
2077297725,3,0.593725,-0.474482,-0.385955,0.522871,0.0
2077297735,3,0.593792,-0.473542,-0.386404,0.523315,0.0
2077297745,3,0.593981,-0.473165,-0.386398,0.523447,0.0
2077297755,3,0.594413,-0.473271,-0.386074,0.523099,0.0
2077297766,3,0.594868,-0.473082,-0.385834,0.52293,0.0
2077297776,3,0.595211,-0.472541,-0.385889,0.522989,0.0
2077297786,3,0.595266,-0.471849,-0.386435,0.523147,0.0
2077297796,3,0.594965,-0.471518,-0.387063,0.523324,0.0
2077297806,3,0.59468,-0.471361,-0.387692,0.523324,0.0
2077297816,3,0.594433,-0.471308,-0.388171,0.523298,0.0
2077297826,3,0.594273,-0.471595,-0.388394,0.523054,0.0
2077297836,3,0.594216,-0.471879,-0.388717,0.522623,0.0
2077297846,3,0.594128,-0.471774,-0.38923,0.522436,0.0
2077297856,3,0.593984,-0.471582,-0.389823,0.522331,0.0
2077297866,3,0.593691,-0.471702,-0.390359,0.522154,0.0
2077297876,3,0.593282,-0.471867,-0.39095,0.52203,0.0
2077297886,3,0.592887,-0.471974,-0.391439,0.522014,0.0
2077297896,3,0.592886,-0.472279,-0.39165,0.521582,0.0
2077297907,3,0.593006,-0.472663,-0.391867,0.520933,0.0
2077297917,3,0.59288,-0.472585,-0.392602,0.520594,0.0
2077297927,3,0.592329,-0.472213,-0.393698,0.520732,0.0
2077297937,3,0.591771,-0.47205,-0.394628,0.52081,0.0
2077297947,3,0.591204,-0.472065,-0.395537,0.520751,0.0
2077297957,3,0.590101,-0.472502,-0.396068,0.521202,0.0
2077297967,3,0.589078,-0.472647,-0.396777,0.521687,0.0
2077297977,3,0.588353,-0.472908,-0.397333,0.521846,0.0
2077297987,3,0.587929,-0.473311,-0.397878,0.521543,0.0
2077297997,3,0.587557,-0.473755,-0.398341,0.521205,0.0
2077298007,3,0.587309,-0.474382,-0.398396,0.520872,0.0
2077298017,3,0.587156,-0.475038,-0.398231,0.520573,0.0
2077298027,3,0.586826,-0.475496,-0.398234,0.520526,0.0
2077298038,3,0.586387,-0.475985,-0.398278,0.520539,0.0
2077298048,3,0.586117,-0.476213,-0.398549,0.520427,0.0
2077298058,3,0.585726,-0.476215,-0.39909,0.520451,0.0
2077298068,3,0.584902,-0.476442,-0.399663,0.520731,0.0
2077298078,3,0.583777,-0.47677,-0.400314,0.521192,0.0
2077298088,3,0.582542,-0.477197,-0.400695,0.52189,0.0
2077298098,3,0.581369,-0.477771,-0.400373,0.52292,0.0
2077298108,3,0.580614,-0.478677,-0.399617,0.523507,0.0
2077298118,3,0.580341,-0.479515,-0.398993,0.523519,0.0
2077298128,3,0.580149,-0.479809,-0.398711,0.523678,0.0
2077298138,3,0.579946,-0.47999,-0.398475,0.523916,0.0
2077298148,3,0.579478,-0.48035,-0.398168,0.524337,0.0
2077298158,3,0.578853,-0.480621,-0.397784,0.525071,0.0
2077298169,3,0.578366,-0.480548,-0.397407,0.525958,0.0
2077298179,3,0.578508,-0.480662,-0.396711,0.526224,0.0
2077298189,3,0.578985,-0.480781,-0.396163,0.526003,0.0
2077298199,3,0.579175,-0.480511,-0.396123,0.52607,0.0
2077298209,3,0.579058,-0.480095,-0.396226,0.526501,0.0
2077298219,3,0.578845,-0.479658,-0.396217,0.527141,0.0
2077298229,3,0.578634,-0.479452,-0.395856,0.52783,0.0
2077298239,3,0.578821,-0.479533,-0.395256,0.528001,0.0
2077298249,3,0.579389,-0.479274,-0.394885,0.527891,0.0
2077298259,3,0.579838,-0.478436,-0.395177,0.527939,0.0
2077298269,3,0.579921,-0.477448,-0.395868,0.528225,0.0
2077298279,3,0.579858,-0.476867,-0.396013,0.52871,0.0
2077298289,3,0.580111,-0.476208,-0.395898,0.529112,0.0
2077298299,3,0.580592,-0.476486,-0.394491,0.529386,0.0
2077298310,3,0.581267,-0.476568,-0.393443,0.529351,0.0
2077298320,3,0.581748,-0.476328,-0.392955,0.529401,0.0
2077298330,3,0.581886,-0.475305,-0.393207,0.529982,0.0
2077298340,3,0.581814,-0.474442,-0.393276,0.530782,0.0
2077298350,3,0.582102,-0.474022,-0.392923,0.531102,0.0
2077298360,3,0.582728,-0.474115,-0.391695,0.53124,0.0
2077298370,3,0.583642,-0.473928,-0.390591,0.531217,0.0
2077298380,3,0.58453,-0.473373,-0.389879,0.531258,0.0
2077298390,3,0.585472,-0.472938,-0.389351,0.530995,0.0
2077298400,3,0.586329,-0.472453,-0.388942,0.530782,0.0
2077298410,3,0.58706,-0.472023,-0.388382,0.530766,0.0
2077298420,3,0.587697,-0.471768,-0.387831,0.530691,0.0
2077298430,3,0.588291,-0.471615,-0.387257,0.530587,0.0
2077298441,3,0.588912,-0.471373,-0.386693,0.530525,0.0
2077298451,3,0.589451,-0.471161,-0.386122,0.530531,0.0
2077298461,3,0.589815,-0.470992,-0.38562,0.530642,0.0
2077298471,3,0.590053,-0.470827,-0.385236,0.530802,0.0
2077298481,3,0.590411,-0.470785,-0.384693,0.530835,0.0
2077298491,3,0.591018,-0.470851,-0.383876,0.530692,0.0
2077298501,3,0.591816,-0.470769,-0.382957,0.530539,0.0
2077298511,3,0.592623,-0.470551,-0.382118,0.530437,0.0
2077298521,3,0.593237,-0.469878,-0.381636,0.530694,0.0
2077298531,3,0.593663,-0.468946,-0.381418,0.531199,0.0
2077298541,3,0.594008,-0.46833,-0.3811,0.531585,0.0
2077298551,3,0.594584,-0.467928,-0.380466,0.531749,0.0
2077298561,3,0.595441,-0.467467,-0.379697,0.531745,0.0
2077298572,3,0.596395,-0.466707,-0.378982,0.531853,0.0
2077298582,3,0.597365,-0.466046,-0.378283,0.531843,0.0
2077298592,3,0.598221,-0.465496,-0.377702,0.531774,0.0
2077298602,3,0.59878,-0.464771,-0.377342,0.532035,0.0
2077298612,3,0.599289,-0.463944,-0.377047,0.532393,0.0
2077298622,3,0.600001,-0.463327,-0.37656,0.532473,0.0
2077298632,3,0.600924,-0.462808,-0.37586,0.532378,0.0
2077298642,3,0.601985,-0.462129,-0.375159,0.532263,0.0
2077298652,3,0.602921,-0.461117,-0.374682,0.532418,0.0
2077298662,3,0.603585,-0.460266,-0.374407,0.532596,0.0
2077298672,3,0.604004,-0.459459,-0.374257,0.532923,0.0
2077298682,3,0.604517,-0.458826,-0.373823,0.533191,0.0
2077298692,3,0.605439,-0.458358,-0.373064,0.533078,0.0
2077298703,3,0.606541,-0.457706,-0.372375,0.532868,0.0
2077298713,3,0.607543,-0.45693,-0.37189,0.532731,0.0
2077298723,3,0.608297,-0.45567,-0.371859,0.532972,0.0
2077298733,3,0.60883,-0.454125,-0.372171,0.533463,0.0
2077298743,3,0.609289,-0.453157,-0.372086,0.533821,0.0
2077298753,3,0.609939,-0.45251,-0.37181,0.533821,0.0
2077298763,3,0.61064,-0.451965,-0.37167,0.533579,0.0
2077298773,3,0.611176,-0.451369,-0.37174,0.53342,0.0
2077298783,3,0.611629,-0.450893,-0.371885,0.533203,0.0
2077298793,3,0.612134,-0.450617,-0.371966,0.532799,0.0
2077298803,3,0.61261,-0.450263,-0.372135,0.532434,0.0
2077298813,3,0.613029,-0.449893,-0.372369,0.532101,0.0
2077298823,3,0.613474,-0.449649,-0.372381,0.531786,0.0
2077298833,3,0.614035,-0.449574,-0.372138,0.531372,0.0
2077298844,3,0.614526,-0.449597,-0.3719,0.530951,0.0
2077298854,3,0.614717,-0.449334,-0.372016,0.530871,0.0
2077298864,3,0.614647,-0.449006,-0.372468,0.530912,0.0
2077298874,3,0.614367,-0.448701,-0.373022,0.531106,0.0
2077298884,3,0.614056,-0.448563,-0.373356,0.531348,0.0
2077298894,3,0.613906,-0.448902,-0.373203,0.531342,0.0
2077298904,3,0.613826,-0.449234,-0.373053,0.531259,0.0
2077298914,3,0.613793,-0.449261,-0.373222,0.531155,0.0
2077298924,3,0.613808,-0.449203,-0.373534,0.530968,0.0
2077298934,3,0.613736,-0.449102,-0.373962,0.530835,0.0
2077298944,3,0.613534,-0.449068,-0.374433,0.530766,0.0
2077298954,3,0.613316,-0.448938,-0.374983,0.530739,0.0
2077298964,3,0.613243,-0.448876,-0.375468,0.530533,0.0
2077298975,3,0.613216,-0.44883,-0.375914,0.530287,0.0
2077298985,3,0.613148,-0.448766,-0.37645,0.530039,0.0
2077298995,3,0.613035,-0.448687,-0.377052,0.52981,0.0
2077299005,3,0.612767,-0.448645,-0.377711,0.529686,0.0
2077299015,3,0.612401,-0.448832,-0.378196,0.529604,0.0
2077299025,3,0.611986,-0.449394,-0.378317,0.529521,0.0
2077299035,3,0.61156,-0.449762,-0.378471,0.52959,0.0
2077299045,3,0.611056,-0.449819,-0.378893,0.529822,0.0
2077299055,3,0.61058,-0.449642,-0.379392,0.530164,0.0
2077299065,3,0.61035,-0.450093,-0.37944,0.530012,0.0
2077299075,3,0.610403,-0.451004,-0.379036,0.529465,0.0
2077299085,3,0.610359,-0.451657,-0.378662,0.529227,0.0
2077299095,3,0.610195,-0.452112,-0.378418,0.529202,0.0
2077299106,3,0.610078,-0.452571,-0.378231,0.529079,0.0
2077299116,3,0.609959,-0.453024,-0.37799,0.529,0.0
2077299126,3,0.609615,-0.453204,-0.37802,0.529221,0.0
2077299136,3,0.608899,-0.453179,-0.378459,0.529752,0.0
2077299146,3,0.607985,-0.453183,-0.379055,0.530373,0.0
2077299156,3,0.60712,-0.453482,-0.379432,0.530838,0.0
2077299166,3,0.606714,-0.453495,-0.379981,0.530898,0.0
2077299176,3,0.606346,-0.454094,-0.379583,0.531092,0.0
2077299186,3,0.606119,-0.454614,-0.3793,0.531108,0.0
2077299196,3,0.605737,-0.454892,-0.379411,0.531227,0.0
2077299206,3,0.605209,-0.454775,-0.379978,0.531523,0.0
2077299216,3,0.604814,-0.454786,-0.380289,0.53174,0.0
2077299226,3,0.604861,-0.455635,-0.379954,0.531199,0.0
2077299237,3,0.605023,-0.456241,-0.379967,0.530486,0.0
2077299247,3,0.604858,-0.456354,-0.380566,0.530147,0.0
2077299257,3,0.604448,-0.456189,-0.381724,0.529923,0.0
2077299267,3,0.603723,-0.456269,-0.383022,0.529745,0.0
2077299277,3,0.602928,-0.456991,-0.383767,0.529488,0.0
2077299287,3,0.602212,-0.457864,-0.384178,0.529251,0.0
2077299297,3,0.601459,-0.458649,-0.38454,0.529165,0.0
2077299307,3,0.600464,-0.459239,-0.385352,0.529193,0.0
2077299317,3,0.599302,-0.45999,-0.386146,0.529279,0.0
2077299327,3,0.598182,-0.461018,-0.386732,0.529223,0.0
2077299337,3,0.597134,-0.462024,-0.387095,0.529264,0.0
2077299347,3,0.596254,-0.463098,-0.387217,0.529228,0.0
2077299357,3,0.595687,-0.464198,-0.387122,0.528973,0.0
2077299367,3,0.595403,-0.465215,-0.386904,0.528558,0.0
2077299378,3,0.595189,-0.466121,-0.386697,0.528153,0.0
2077299388,3,0.59482,-0.467047,-0.38665,0.527784,0.0
2077299398,3,0.594129,-0.467616,-0.387037,0.527775,0.0
2077299408,3,0.593174,-0.467737,-0.387867,0.528133,0.0
2077299418,3,0.592246,-0.467958,-0.388544,0.52848,0.0
2077299428,3,0.591486,-0.468633,-0.388826,0.528526,0.0
2077299438,3,0.590835,-0.469549,-0.38886,0.528416,0.0
2077299448,3,0.590218,-0.470244,-0.389,0.528384,0.0
2077299458,3,0.589523,-0.470816,-0.389254,0.528464,0.0
2077299468,3,0.588739,-0.471391,-0.389563,0.528598,0.0
2077299478,3,0.58803,-0.472193,-0.389647,0.52861,0.0
2077299488,3,0.587541,-0.473009,-0.389511,0.528523,0.0
2077299498,3,0.587161,-0.473656,-0.389353,0.528483,0.0
2077299509,3,0.586956,-0.474579,-0.389017,0.52813,0.0
2077299519,3,0.586787,-0.475309,-0.388842,0.52779,0.0
2077299529,3,0.586447,-0.47554,-0.389056,0.527801,0.0
2077299539,3,0.585807,-0.475557,-0.389462,0.528198,0.0
2077299549,3,0.585136,-0.475784,-0.38977,0.52851,0.0
2077299559,3,0.584505,-0.476061,-0.390008,0.528783,0.0
2077299569,3,0.584034,-0.476237,-0.390204,0.529001,0.0
2077299579,3,0.583817,-0.476546,-0.390268,0.528914,0.0
2077299589,3,0.583777,-0.477149,-0.390149,0.528502,0.0
2077299599,3,0.583694,-0.477429,-0.390279,0.528246,0.0
2077299609,3,0.583438,-0.477538,-0.390524,0.528248,0.0
2077299619,3,0.583332,-0.477806,-0.390513,0.528131,0.0
2077299629,3,0.583412,-0.478523,-0.390062,0.527727,0.0
2077299640,3,0.583722,-0.479671,-0.389401,0.526829,0.0
2077299650,3,0.584051,-0.480866,-0.388912,0.525735,0.0
2077299660,3,0.584237,-0.481726,-0.388867,0.524775,0.0
2077299670,3,0.583996,-0.482487,-0.389135,0.524145,0.0
2077299680,3,0.583545,-0.48331,-0.389312,0.523757,0.0
2077299690,3,0.583131,-0.484254,-0.389307,0.52335,0.0
2077299700,3,0.582755,-0.48511,-0.38921,0.523048,0.0
2077299710,3,0.582543,-0.485874,-0.389302,0.522506,0.0
2077299720,3,0.582427,-0.486478,-0.389629,0.521829,0.0
2077299730,3,0.582213,-0.486796,-0.390179,0.52136,0.0
2077299740,3,0.581945,-0.487226,-0.390566,0.520968,0.0
2077299750,3,0.58185,-0.48797,-0.390658,0.520307,0.0
2077299760,3,0.58186,-0.488696,-0.390577,0.519675,0.0
2077299770,3,0.581914,-0.489327,-0.390592,0.51901,0.0
2077299781,3,0.581996,-0.490191,-0.390624,0.518079,0.0
2077299791,3,0.582086,-0.490892,-0.390968,0.517052,0.0
2077299801,3,0.581865,-0.491365,-0.391615,0.516361,0.0
2077299811,3,0.581416,-0.492107,-0.392033,0.515843,0.0
2077299821,3,0.580853,-0.493037,-0.392382,0.515324,0.0
2077299831,3,0.580186,-0.494118,-0.392655,0.514832,0.0
2077299841,3,0.579629,-0.495338,-0.392679,0.514268,0.0
2077299851,3,0.579214,-0.496397,-0.392772,0.513644,0.0
2077299861,3,0.578716,-0.497354,-0.393058,0.513059,0.0
2077299871,3,0.578022,-0.49819,-0.39342,0.512753,0.0
2077299881,3,0.577319,-0.49887,-0.393642,0.512715,0.0
2077299891,3,0.57674,-0.499819,-0.393423,0.51261,0.0
2077299901,3,0.576386,-0.501207,-0.392833,0.512104,0.0
2077299912,3,0.576153,-0.502354,-0.392508,0.511492,0.0
2077299922,3,0.575674,-0.502967,-0.392738,0.511252,0.0
2077299932,3,0.574978,-0.503202,-0.393489,0.511227,0.0
2077299942,3,0.574461,-0.504022,-0.39379,0.510769,0.0
2077299952,3,0.574111,-0.505239,-0.393633,0.51008,0.0
2077299962,3,0.573725,-0.506634,-0.39321,0.509457,0.0
2077299972,3,0.573184,-0.507483,-0.393265,0.509177,0.0
2077299982,3,0.572582,-0.508142,-0.393559,0.508971,0.0
2077299992,3,0.572029,-0.508743,-0.394081,0.508588,0.0
2077300002,3,0.571431,-0.509328,-0.394563,0.508301,0.0
2077300012,3,0.570909,-0.510256,-0.394577,0.507946,0.0
2077300022,3,0.570634,-0.511414,-0.394216,0.50737,0.0
2077300032,3,0.570474,-0.512557,-0.393799,0.50672,0.0
2077300043,3,0.570246,-0.513513,-0.393495,0.506245,0.0
2077300053,3,0.56994,-0.51427,-0.393427,0.505873,0.0
2077300063,3,0.569501,-0.5149,-0.393743,0.505481,0.0
2077300073,3,0.56885,-0.51543,-0.394192,0.505324,0.0
2077300083,3,0.568385,-0.516138,-0.394354,0.504998,0.0
2077300093,3,0.568063,-0.517039,-0.394085,0.504649,0.0
2077300103,3,0.567752,-0.517962,-0.393716,0.504341,0.0
2077300113,3,0.567405,-0.518566,-0.393683,0.504136,0.0
2077300123,3,0.566953,-0.518646,-0.394099,0.504238,0.0
2077300133,3,0.566395,-0.51857,-0.394625,0.504529,0.0
2077300143,3,0.565963,-0.519024,-0.394622,0.504551,0.0
2077300153,3,0.565819,-0.519852,-0.394044,0.504312,0.0
2077300163,3,0.5659,-0.520719,-0.393294,0.503911,0.0
2077300174,3,0.565959,-0.521229,-0.392817,0.50369,0.0
2077300184,3,0.56592,-0.521574,-0.392648,0.503509,0.0
2077300194,3,0.565893,-0.521744,-0.392736,0.503294,0.0
2077300204,3,0.565803,-0.521917,-0.392703,0.503242,0.0
2077300214,3,0.565803,-0.522123,-0.392486,0.503197,0.0
2077300224,3,0.565919,-0.522428,-0.392127,0.50303,0.0
2077300234,3,0.566086,-0.522694,-0.391812,0.502812,0.0
2077300244,3,0.566127,-0.522605,-0.391794,0.502872,0.0
2077300254,3,0.566001,-0.522083,-0.392264,0.50319,0.0
2077300264,3,0.565823,-0.521913,-0.392709,0.503218,0.0
2077300274,3,0.565773,-0.522178,-0.392695,0.50301,0.0
2077300284,3,0.56604,-0.522758,-0.392224,0.502475,0.0
2077300294,3,0.566523,-0.523453,-0.391423,0.501831,0.0
2077300304,3,0.56706,-0.523844,-0.39091,0.501216,0.0
2077300315,3,0.567341,-0.523629,-0.3911,0.500976,0.0
2077300325,3,0.567344,-0.523063,-0.391765,0.501043,0.0
2077300335,3,0.567226,-0.522751,-0.392139,0.50121,0.0
2077300345,3,0.567261,-0.522995,-0.391997,0.501027,0.0
2077300355,3,0.567296,-0.523447,-0.391639,0.500794,0.0
2077300365,3,0.567334,-0.523572,-0.391448,0.50077,0.0
2077300375,3,0.567408,-0.523472,-0.391333,0.500882,0.0
2077300385,3,0.567402,-0.523427,-0.391237,0.50101,0.0
2077300395,3,0.567255,-0.523606,-0.390995,0.501178,0.0
2077300405,3,0.567198,-0.523887,-0.390491,0.501342,0.0
2077300415,3,0.56741,-0.524118,-0.389868,0.501346,0.0
2077300425,3,0.567795,-0.524449,-0.38922,0.501066,0.0
2077300435,3,0.568331,-0.524499,-0.388756,0.500766,0.0
2077300446,3,0.568835,-0.52437,-0.388499,0.50053,0.0
2077300456,3,0.569101,-0.523808,-0.388698,0.500661,0.0
2077300466,3,0.569094,-0.523318,-0.388955,0.500982,0.0
2077300476,3,0.569121,-0.523142,-0.388864,0.501205,0.0
2077300486,3,0.569285,-0.52291,-0.38865,0.501427,0.0
2077300496,3,0.56933,-0.52255,-0.388462,0.501897,0.0
2077300506,3,0.56915,-0.521946,-0.388585,0.502633,0.0
2077300516,3,0.56876,-0.521235,-0.388859,0.5036,0.0
2077300526,3,0.568354,-0.520748,-0.388864,0.504558,0.0
2077300536,3,0.568147,-0.520405,-0.388285,0.50559,0.0
2077300546,3,0.568407,-0.520597,-0.386984,0.506097,0.0
2077300556,3,0.569005,-0.520629,-0.38569,0.506379,0.0
2077300566,3,0.569783,-0.520486,-0.38449,0.506564,0.0
2077300577,3,0.570562,-0.519866,-0.383772,0.506868,0.0
2077300587,3,0.571145,-0.518931,-0.38356,0.507331,0.0
2077300597,3,0.571669,-0.518495,-0.382902,0.507683,0.0
2077300607,3,0.572568,-0.518091,-0.382044,0.507729,0.0
2077300617,3,0.573463,-0.517287,-0.381453,0.507982,0.0
2077300627,3,0.574193,-0.516421,-0.381049,0.508343,0.0
2077300637,3,0.575025,-0.515368,-0.380786,0.508667,0.0
2077300647,3,0.576031,-0.515011,-0.379635,0.508751,0.0
2077300657,3,0.577012,-0.514469,-0.378537,0.509006,0.0
2077300667,3,0.578018,-0.513798,-0.377424,0.509368,0.0
2077300677,3,0.57849,-0.512448,-0.377177,0.510375,0.0
2077300687,3,0.579186,-0.51128,-0.376735,0.511083,0.0
2077300697,3,0.580208,-0.51032,-0.375962,0.511452,0.0
2077300708,3,0.581466,-0.509365,-0.375165,0.51156,0.0
2077300718,3,0.582635,-0.508282,-0.374414,0.511857,0.0
2077300728,3,0.583686,-0.507453,-0.373163,0.512395,0.0
2077300738,3,0.585091,-0.506641,-0.371827,0.512568,0.0
2077300748,3,0.586759,-0.505633,-0.370746,0.512439,0.0
2077300758,3,0.58822,-0.504333,-0.370188,0.51245,0.0
2077300768,3,0.589534,-0.502509,-0.37027,0.512672,0.0
2077300778,3,0.590741,-0.500163,-0.371073,0.512996,0.0
2077300788,3,0.591772,-0.498205,-0.37166,0.513289,0.0
2077300798,3,0.592935,-0.496932,-0.371449,0.513333,0.0
2077300808,3,0.594382,-0.495674,-0.371041,0.513171,0.0
2077300818,3,0.59565,-0.493874,-0.371147,0.513359,0.0
2077300828,3,0.596731,-0.492288,-0.371423,0.513427,0.0
2077300838,3,0.597608,-0.490602,-0.372052,0.513567,0.0
2077300849,3,0.59831,-0.488576,-0.372941,0.514035,0.0
2077300859,3,0.598918,-0.486832,-0.373509,0.514569,0.0
2077300869,3,0.599599,-0.485372,-0.373809,0.514938,0.0
2077300879,3,0.600183,-0.484064,-0.374151,0.515239,0.0
2077300889,3,0.600722,-0.482904,-0.374469,0.515469,0.0
2077300899,3,0.601341,-0.481652,-0.374878,0.515621,0.0
2077300909,3,0.601895,-0.480395,-0.375473,0.515714,0.0
2077300919,3,0.602372,-0.479137,-0.376121,0.515855,0.0
2077300929,3,0.603033,-0.477885,-0.376637,0.515868,0.0
2077300939,3,0.603897,-0.476895,-0.376961,0.515537,0.0
2077300949,3,0.604771,-0.476126,-0.377304,0.514972,0.0
2077300959,3,0.605573,-0.475312,-0.377915,0.514332,0.0
2077300969,3,0.60605,-0.474062,-0.379035,0.514101,0.0
2077300980,3,0.606157,-0.473025,-0.380108,0.514138,0.0
2077300990,3,0.606169,-0.472575,-0.380917,0.513938,0.0
2077301000,3,0.606435,-0.472746,-0.381064,0.513357,0.0
2077301010,3,0.606254,-0.472718,-0.381355,0.513381,0.0
2077301020,3,0.606004,-0.472701,-0.381678,0.513452,0.0
2077301030,3,0.605628,-0.47281,-0.382147,0.513446,0.0
2077301040,3,0.605004,-0.472994,-0.382728,0.513581,0.0
2077301050,3,0.604267,-0.473037,-0.383313,0.513971,0.0
2077301060,3,0.603606,-0.472961,-0.383806,0.514451,0.0
2077301070,3,0.603243,-0.473148,-0.384074,0.514505,0.0
2077301080,3,0.603183,-0.473306,-0.384356,0.514218,0.0
2077301090,3,0.603154,-0.473132,-0.384809,0.514073,0.0
2077301100,3,0.602945,-0.472807,-0.385653,0.513986,0.0
2077301111,3,0.602259,-0.472153,-0.38695,0.514416,0.0
2077301121,3,0.601313,-0.471229,-0.388257,0.515383,0.0
2077301131,3,0.600638,-0.470593,-0.389059,0.516147,0.0
2077301141,3,0.60031,-0.470184,-0.389667,0.516441,0.0
2077301151,3,0.599966,-0.469925,-0.390363,0.516552,0.0
2077301161,3,0.599454,-0.469449,-0.391307,0.516865,0.0
2077301171,3,0.598731,-0.468908,-0.392306,0.517436,0.0
2077301181,3,0.597991,-0.46893,-0.39301,0.517738,0.0
2077301191,3,0.597344,-0.469346,-0.393363,0.517839,0.0
2077301201,3,0.596928,-0.469666,-0.393594,0.517853,0.0
2077301211,3,0.596609,-0.469676,-0.39398,0.517919,0.0
2077301221,3,0.59613,-0.469511,-0.394656,0.518105,0.0
2077301231,3,0.595621,-0.469364,-0.395551,0.518142,0.0
2077301241,3,0.594958,-0.469237,-0.39642,0.518354,0.0
2077301252,3,0.594247,-0.469106,-0.397209,0.518684,0.0
2077301262,3,0.593518,-0.46926,-0.397781,0.518941,0.0
2077301272,3,0.592866,-0.469451,-0.398271,0.519138,0.0
2077301282,3,0.592369,-0.469567,-0.398826,0.519175,0.0
2077301292,3,0.591772,-0.469278,-0.399704,0.519441,0.0
2077301302,3,0.591001,-0.469182,-0.400491,0.5198,0.0
2077301312,3,0.590316,-0.469422,-0.400937,0.520017,0.0
2077301322,3,0.58968,-0.469949,-0.400934,0.520265,0.0
2077301332,3,0.589122,-0.470653,-0.400709,0.520434,0.0
2077301342,3,0.588723,-0.471322,-0.40048,0.520455,0.0
2077301352,3,0.588347,-0.471793,-0.400395,0.520521,0.0
2077301362,3,0.587964,-0.471978,-0.400598,0.520629,0.0
2077301372,3,0.587349,-0.472076,-0.400789,0.521088,0.0
2077301383,3,0.586817,-0.472567,-0.400644,0.521353,0.0
2077301393,3,0.586423,-0.473087,-0.400381,0.521527,0.0
2077301403,3,0.585959,-0.473314,-0.400281,0.521918,0.0
2077301413,3,0.585556,-0.473467,-0.400233,0.522269,0.0
2077301423,3,0.585391,-0.473672,-0.400242,0.522262,0.0
2077301433,3,0.585036,-0.473588,-0.400596,0.522463,0.0
2077301443,3,0.584453,-0.473527,-0.400901,0.522938,0.0
2077301453,3,0.583954,-0.473472,-0.401062,0.523421,0.0
2077301463,3,0.583673,-0.473799,-0.400894,0.523567,0.0
2077301473,3,0.583632,-0.474171,-0.400549,0.52354,0.0
2077301483,3,0.583667,-0.474226,-0.400458,0.52352,0.0
2077301493,3,0.583374,-0.473746,-0.401044,0.523834,0.0
2077301503,3,0.58277,-0.473352,-0.401672,0.524379,0.0
2077301514,3,0.582573,-0.473342,-0.401924,0.524416,0.0
2077301524,3,0.582298,-0.473898,-0.401241,0.524742,0.0
2077301534,3,0.581989,-0.474011,-0.400803,0.525316,0.0
2077301544,3,0.581558,-0.473779,-0.400739,0.52605,0.0
2077301554,3,0.581145,-0.473173,-0.40105,0.526815,0.0
2077301564,3,0.581262,-0.472682,-0.40117,0.527036,0.0
2077301574,3,0.581544,-0.473129,-0.400188,0.527069,0.0
2077301584,3,0.581982,-0.473676,-0.399219,0.526831,0.0
2077301594,3,0.58237,-0.474073,-0.39856,0.526543,0.0
2077301604,3,0.582809,-0.474253,-0.398046,0.526284,0.0
2077301614,3,0.583414,-0.474331,-0.397555,0.525915,0.0
2077301624,3,0.584085,-0.474217,-0.39724,0.525511,0.0
2077301634,3,0.584443,-0.473872,-0.397317,0.525367,0.0
2077301645,3,0.584693,-0.473816,-0.397081,0.525316,0.0
2077301655,3,0.584896,-0.473859,-0.396667,0.525364,0.0
2077301665,3,0.584842,-0.474043,-0.396376,0.525478,0.0
2077301675,3,0.584547,-0.474064,-0.39627,0.525867,0.0
2077301685,3,0.584252,-0.473303,-0.396804,0.526478,0.0
2077301695,3,0.58382,-0.472327,-0.397556,0.527266,0.0
2077301705,3,0.583542,-0.472126,-0.39747,0.527817,0.0
2077301715,3,0.583837,-0.472509,-0.396548,0.527842,0.0
2077301725,3,0.584265,-0.472457,-0.39584,0.527946,0.0
2077301735,3,0.584705,-0.472233,-0.395194,0.528143,0.0
2077301745,3,0.585312,-0.471712,-0.394931,0.528135,0.0
2077301755,3,0.585714,-0.470682,-0.395253,0.528365,0.0
2077301765,3,0.585887,-0.470112,-0.395195,0.528725,0.0
2077301775,3,0.585927,-0.469791,-0.394891,0.529193,0.0
2077301786,3,0.585946,-0.469438,-0.394597,0.529704,0.0
2077301796,3,0.586,-0.469328,-0.394139,0.530082,0.0
2077301806,3,0.5863,-0.469024,-0.393908,0.530192,0.0
2077301816,3,0.586275,-0.468436,-0.39401,0.530664,0.0
2077301826,3,0.586025,-0.468107,-0.39399,0.531245,0.0
2077301836,3,0.585806,-0.468044,-0.39375,0.531719,0.0
2077301846,3,0.585692,-0.467995,-0.393385,0.532158,0.0
2077301856,3,0.585827,-0.468184,-0.392499,0.532497,0.0
2077301866,3,0.586572,-0.468685,-0.391155,0.532225,0.0
2077301876,3,0.587185,-0.46858,-0.390361,0.532225,0.0
2077301886,3,0.587285,-0.467672,-0.39036,0.532914,0.0
2077301896,3,0.587222,-0.466534,-0.390522,0.533861,0.0
2077301906,3,0.587605,-0.465904,-0.390161,0.534253,0.0
2077301917,3,0.588047,-0.46504,-0.390086,0.534574,0.0
2077301927,3,0.589102,-0.464819,-0.389222,0.534235,0.0
2077301937,3,0.589814,-0.463557,-0.389352,0.53445,0.0
2077301947,3,0.589839,-0.461998,-0.390133,0.535203,0.0
2077301957,3,0.589851,-0.461165,-0.390351,0.535748,0.0
2077301967,3,0.589977,-0.460547,-0.390355,0.536138,0.0
2077301977,3,0.590453,-0.459866,-0.390348,0.536205,0.0
2077301987,3,0.590924,-0.459122,-0.390582,0.536153,0.0
2077301997,3,0.591468,-0.458325,-0.390973,0.53595,0.0
2077302007,3,0.591977,-0.45768,-0.391225,0.535755,0.0
2077302017,3,0.592364,-0.457224,-0.391236,0.535709,0.0
2077302027,3,0.592687,-0.456741,-0.39138,0.535658,0.0
2077302037,3,0.592883,-0.456072,-0.391905,0.535627,0.0
2077302048,3,0.592949,-0.455179,-0.392889,0.535593,0.0
2077302058,3,0.593078,-0.4547,-0.393515,0.535398,0.0
2077302068,3,0.593186,-0.454442,-0.39398,0.535155,0.0
2077302078,3,0.592952,-0.453846,-0.394798,0.535317,0.0
2077302088,3,0.59246,-0.453379,-0.395478,0.535755,0.0
2077302098,3,0.592155,-0.453151,-0.395884,0.535986,0.0
2077302108,3,0.591981,-0.453505,-0.395801,0.53594,0.0
2077302118,3,0.591919,-0.453971,-0.395669,0.535712,0.0
2077302128,3,0.591751,-0.454199,-0.39582,0.535592,0.0
2077302138,3,0.591292,-0.453813,-0.396457,0.535955,0.0
2077302148,3,0.590777,-0.453927,-0.39668,0.536261,0.0
2077302158,3,0.590439,-0.454594,-0.396345,0.536316,0.0
2077302168,3,0.590264,-0.455381,-0.395693,0.536322,0.0
2077302179,3,0.590107,-0.455819,-0.395359,0.53637,0.0
2077302189,3,0.589923,-0.455984,-0.395439,0.536373,0.0
2077302199,3,0.589606,-0.456037,-0.395783,0.536422,0.0
2077302209,3,0.589135,-0.455891,-0.396273,0.536701,0.0
2077302219,3,0.588713,-0.455693,-0.396708,0.537012,0.0
2077302229,3,0.588553,-0.455701,-0.396955,0.536997,0.0
2077302239,3,0.588544,-0.455637,-0.397216,0.536869,0.0
2077302249,3,0.588457,-0.455457,-0.397605,0.536829,0.0
2077302259,3,0.588134,-0.45523,-0.398264,0.536888,0.0
2077302269,3,0.587535,-0.455071,-0.398987,0.537141,0.0
2077302279,3,0.586916,-0.455454,-0.399342,0.53723,0.0
2077302289,3,0.586356,-0.456099,-0.399276,0.537343,0.0
2077302299,3,0.586156,-0.456777,-0.398895,0.537268,0.0
2077302309,3,0.586123,-0.457691,-0.398249,0.537005,0.0
2077302320,3,0.585403,-0.45731,-0.399057,0.537515,0.0
2077302330,3,0.585658,-0.457873,-0.398781,0.536963,0.0
2077302340,3,0.586135,-0.457935,-0.398725,0.536431,0.0
2077302350,3,0.586828,-0.458137,-0.39835,0.535778,0.0
2077302360,3,0.587268,-0.458432,-0.397755,0.535486,0.0
2077302370,3,0.586697,-0.457546,-0.398312,0.536455,0.0
2077302380,3,0.586098,-0.456544,-0.398969,0.537474,0.0
2077302390,3,0.585467,-0.455805,-0.399575,0.538338,0.0
2077302400,3,0.584766,-0.455267,-0.400134,0.53914,0.0
2077302410,3,0.584036,-0.454936,-0.400583,0.539877,0.0
2077302420,3,0.583304,-0.454304,-0.401078,0.540832,0.0
2077302430,3,0.582702,-0.454074,-0.401378,0.54145,0.0
2077302440,3,0.582162,-0.453723,-0.401695,0.54209,0.0
2077302451,3,0.581654,-0.453135,-0.402,0.542901,0.0
2077302461,3,0.581136,-0.452368,-0.402287,0.543882,0.0
2077302471,3,0.58057,-0.451595,-0.402536,0.544943,0.0
2077302481,3,0.579932,-0.450855,-0.402704,0.54611,0.0
2077302491,3,0.579219,-0.449581,-0.402923,0.547753,0.0
2077302501,3,0.578527,-0.448192,-0.403062,0.549518,0.0
2077302511,3,0.577877,-0.44672,-0.403175,0.551314,0.0
2077302521,3,0.577228,-0.445302,-0.403313,0.553038,0.0
2077302531,3,0.576524,-0.443996,-0.403418,0.554743,0.0
2077302541,3,0.575708,-0.442842,-0.40347,0.556473,0.0
2077302551,3,0.574595,-0.441706,-0.403584,0.558439,0.0
2077302561,3,0.573569,-0.440782,-0.40363,0.560189,0.0
2077302571,3,0.572431,-0.439989,-0.403892,0.561785,0.0
2077302582,3,0.571267,-0.439676,-0.404196,0.562994,0.0
2077302592,3,0.570013,-0.439629,-0.404545,0.564051,0.0
2077302602,3,0.568519,-0.439668,-0.405007,0.565195,0.0
2077302612,3,0.567025,-0.439813,-0.405415,0.56629,0.0
2077302622,3,0.566168,-0.440422,-0.405354,0.566717,0.0
2077302632,3,0.566102,-0.441124,-0.405019,0.566477,0.0
2077302642,3,0.566323,-0.441304,-0.405136,0.566032,0.0
2077302652,3,0.565165,-0.44141,-0.405734,0.566677,0.0
2077302662,3,0.563951,-0.440715,-0.40743,0.567212,0.0
2077302672,3,0.562197,-0.440285,-0.408796,0.568302,0.0
2077302682,3,0.560584,-0.440546,-0.409433,0.569234,0.0
2077302692,3,0.559541,-0.440819,-0.409811,0.569777,0.0
2077302702,3,0.558922,-0.440991,-0.410283,0.569912,0.0
2077302712,3,0.55848,-0.440966,-0.410957,0.569879,0.0
2077302723,3,0.558102,-0.440658,-0.41168,0.569965,0.0
2077302733,3,0.557669,-0.440537,-0.412468,0.569913,0.0
2077302743,3,0.557298,-0.440706,-0.41324,0.569586,0.0
2077302753,3,0.557256,-0.441172,-0.413952,0.568749,0.0
2077302763,3,0.557355,-0.441546,-0.414896,0.567673,0.0
2077302773,3,0.557392,-0.442175,-0.415937,0.566383,0.0
2077302783,3,0.557351,-0.443408,-0.416869,0.564772,0.0
2077302793,3,0.557339,-0.444889,-0.417666,0.563027,0.0
2077302803,3,0.55752,-0.44612,-0.418544,0.561219,0.0
2077302813,3,0.557808,-0.446844,-0.419607,0.559561,0.0
2077302823,3,0.557894,-0.447135,-0.420821,0.55833,0.0
2077302833,3,0.55756,-0.447758,-0.421946,0.557315,0.0
2077302843,3,0.55673,-0.448844,-0.422829,0.556602,0.0
2077302854,3,0.555336,-0.450342,-0.423614,0.556187,0.0
2077302864,3,0.55332,-0.452428,-0.424235,0.55603,0.0
2077302874,3,0.55098,-0.454971,-0.424539,0.556046,0.0
2077302884,3,0.54878,-0.457838,-0.424597,0.555825,0.0
2077302894,3,0.546192,-0.46207,-0.423025,0.556069,0.0
2077302904,3,0.544958,-0.467444,-0.420014,0.55507,0.0
2077302914,3,0.544645,-0.47254,-0.417024,0.553315,0.0
2077302924,3,0.544493,-0.475438,-0.415858,0.551857,0.0
2077302934,3,0.54421,-0.476723,-0.415852,0.551032,0.0
2077302944,3,0.544134,-0.477047,-0.416415,0.550401,0.0
2077302954,3,0.544449,-0.477494,-0.416573,0.549582,0.0
2077302964,3,0.545235,-0.479055,-0.415242,0.54845,0.0
2077302974,3,0.546895,-0.481284,-0.412977,0.546553,0.0
2077302985,3,0.547524,-0.482091,-0.412094,0.545877,0.0
2077302995,3,0.547853,-0.483192,-0.410969,0.545422,0.0
2077303005,3,0.549518,-0.486657,-0.407658,0.543146,0.0
2077303015,3,0.550724,-0.489878,-0.404866,0.541114,0.0
2077303025,3,0.550099,-0.491378,-0.404161,0.540917,0.0
2077303035,3,0.54927,-0.492884,-0.40365,0.54077,0.0
2077303045,3,0.548287,-0.494342,-0.403267,0.540722,0.0
2077303055,3,0.547307,-0.495745,-0.402852,0.540741,0.0
2077303065,3,0.546527,-0.497294,-0.402201,0.540591,0.0
2077303075,3,0.545997,-0.498686,-0.401342,0.540483,0.0
2077303085,3,0.545709,-0.500128,-0.400273,0.540234,0.0
2077303095,3,0.545643,-0.501673,-0.399029,0.539789,0.0
2077303105,3,0.545983,-0.503803,-0.396984,0.538969,0.0
2077303116,3,0.54648,-0.506096,-0.394508,0.538133,0.0
2077303126,3,0.547283,-0.508618,-0.391512,0.537126,0.0
2077303136,3,0.548444,-0.51098,-0.388339,0.536003,0.0
2077303146,3,0.549878,-0.51316,-0.385079,0.534802,0.0
2077303156,3,0.551446,-0.514618,-0.381996,0.533997,0.0
2077303166,3,0.553129,-0.515238,-0.379149,0.533687,0.0
2077303176,3,0.554833,-0.514925,-0.376506,0.534092,0.0
2077303186,3,0.556453,-0.514023,-0.37402,0.535021,0.0
2077303196,3,0.557911,-0.512346,-0.372008,0.536513,0.0
2077303206,3,0.559103,-0.509678,-0.370717,0.538701,0.0
2077303216,3,0.560138,-0.506251,-0.370042,0.541315,0.0
2077303226,3,0.561342,-0.502747,-0.369453,0.543731,0.0
2077303236,3,0.562983,-0.499815,-0.368144,0.545622,0.0
2077303246,3,0.564692,-0.496615,-0.366847,0.547648,0.0
2077303257,3,0.566404,-0.493425,-0.365549,0.549628,0.0
2077303267,3,0.568031,-0.490649,-0.364198,0.551327,0.0
2077303277,3,0.570253,-0.487838,-0.363353,0.552086,0.0
2077303287,3,0.572456,-0.485225,-0.362357,0.552762,0.0
2077303297,3,0.57479,-0.48294,-0.361009,0.553224,0.0
2077303307,3,0.57745,-0.480912,-0.359632,0.553117,0.0
2077303317,3,0.580315,-0.478907,-0.358313,0.552714,0.0
2077303327,3,0.583208,-0.476946,-0.357004,0.552211,0.0
2077303337,3,0.585839,-0.474582,-0.355991,0.552117,0.0
2077303347,3,0.587255,-0.472213,-0.354949,0.553313,0.0
2077303357,3,0.588648,-0.46986,-0.353896,0.55451,0.0
2077303367,3,0.590637,-0.466821,-0.353645,0.555122,0.0
2077303377,3,0.592592,-0.463538,-0.353625,0.555802,0.0
2077303388,3,0.594603,-0.460375,-0.353544,0.556334,0.0
2077303398,3,0.595886,-0.458118,-0.352458,0.557511,0.0
2077303408,3,0.59719,-0.455576,-0.351459,0.558829,0.0
2077303418,3,0.599747,-0.452659,-0.351034,0.558728,0.0
2077303428,3,0.602516,-0.449905,-0.350718,0.55817,0.0
2077303438,3,0.605358,-0.447009,-0.350764,0.557393,0.0
2077303448,3,0.608189,-0.444788,-0.350677,0.556142,0.0
2077303458,3,0.610657,-0.442385,-0.350998,0.55515,0.0
2077303468,3,0.612366,-0.43957,-0.352022,0.554857,0.0
2077303478,3,0.613476,-0.437235,-0.353172,0.554744,0.0
2077303488,3,0.614249,-0.434936,-0.354687,0.554729,0.0
2077303498,3,0.614903,-0.432754,-0.356357,0.55464,0.0
2077303508,3,0.615423,-0.430904,-0.358044,0.554418,0.0
2077303519,3,0.615721,-0.429214,-0.359821,0.554247,0.0
2077303529,3,0.615674,-0.427913,-0.361504,0.55421,0.0
2077303539,3,0.615523,-0.427389,-0.36259,0.554074,0.0
2077303549,3,0.615522,-0.427517,-0.363201,0.553576,0.0
2077303559,3,0.615724,-0.42757,-0.363948,0.552817,0.0
2077303569,3,0.615965,-0.427746,-0.364663,0.551942,0.0
2077303579,3,0.61608,-0.427979,-0.365545,0.551049,0.0
2077303589,3,0.615802,-0.427839,-0.366736,0.550675,0.0
2077303599,3,0.615039,-0.427958,-0.367675,0.55081,0.0
2077303609,3,0.614116,-0.428451,-0.368298,0.55104,0.0
2077303619,3,0.613244,-0.42891,-0.368901,0.551251,0.0
2077303629,3,0.612269,-0.429692,-0.369337,0.551435,0.0
2077303639,3,0.611207,-0.430598,-0.369703,0.55166,0.0
2077303650,3,0.61005,-0.431567,-0.370055,0.551948,0.0
2077303660,3,0.608499,-0.43284,-0.370105,0.552629,0.0
2077303670,3,0.606709,-0.434243,-0.369897,0.553634,0.0
2077303680,3,0.60505,-0.435698,-0.369649,0.554473,0.0
2077303690,3,0.603565,-0.437012,-0.369256,0.555319,0.0
2077303700,3,0.602455,-0.438313,-0.368559,0.55596,0.0
2077303710,3,0.601451,-0.439455,-0.367813,0.556639,0.0
2077303720,3,0.600344,-0.440371,-0.367121,0.557567,0.0
2077303730,3,0.599285,-0.441339,-0.366288,0.558487,0.0
2077303740,3,0.59849,-0.442484,-0.365093,0.559217,0.0
2077303750,3,0.598056,-0.443968,-0.363634,0.559455,0.0
2077303760,3,0.597876,-0.445649,-0.362178,0.559255,0.0
2077303770,3,0.597791,-0.446827,-0.361294,0.558978,0.0
2077303780,3,0.597294,-0.447432,-0.360939,0.559255,0.0
2077303791,3,0.59671,-0.448103,-0.360516,0.559613,0.0
2077303801,3,0.596239,-0.448963,-0.359962,0.559784,0.0
2077303811,3,0.595808,-0.449811,-0.359393,0.559926,0.0
2077303821,3,0.595649,-0.450872,-0.35883,0.559603,0.0
2077303831,3,0.595505,-0.451754,-0.35864,0.559168,0.0
2077303841,3,0.595083,-0.452652,-0.358381,0.559056,0.0
2077303851,3,0.594692,-0.454078,-0.357601,0.558815,0.0
2077303861,3,0.594357,-0.455485,-0.356565,0.558689,0.0
2077303871,3,0.59392,-0.456973,-0.355283,0.558755,0.0
2077303881,3,0.593654,-0.458313,-0.354171,0.558646,0.0
2077303891,3,0.593487,-0.459378,-0.353475,0.558389,0.0
2077303901,3,0.593295,-0.460219,-0.353154,0.558104,0.0
2077303911,3,0.593066,-0.461277,-0.352586,0.557833,0.0
2077303922,3,0.59296,-0.462695,-0.351593,0.557398,0.0
2077303932,3,0.592885,-0.464298,-0.350286,0.556968,0.0
2077303942,3,0.59306,-0.465742,-0.348958,0.556409,0.0
2077303952,3,0.593487,-0.466626,-0.348101,0.555749,0.0
2077303962,3,0.594063,-0.467485,-0.347107,0.555033,0.0
2077303972,3,0.594674,-0.468153,-0.346073,0.554461,0.0
2077303982,3,0.595374,-0.468656,-0.344966,0.553975,0.0
2077303992,3,0.595542,-0.468645,-0.344071,0.55436,0.0
2077304002,3,0.595914,-0.468335,-0.343488,0.554584,0.0
2077304012,3,0.596879,-0.467662,-0.343334,0.554209,0.0
2077304022,3,0.598082,-0.466485,-0.343593,0.553743,0.0
2077304032,3,0.599422,-0.465368,-0.343661,0.553191,0.0
2077304042,3,0.600443,-0.464914,-0.342735,0.553041,0.0
2077304053,3,0.601555,-0.464433,-0.34179,0.552821,0.0
2077304063,3,0.602729,-0.464023,-0.340852,0.552466,0.0
2077304073,3,0.603495,-0.462654,-0.340875,0.552763,0.0
2077304083,3,0.603431,-0.460297,-0.342039,0.55408,0.0
2077304093,3,0.604307,-0.459898,-0.341528,0.553772,0.0
2077304103,3,0.605279,-0.459767,-0.341016,0.553134,0.0
2077304113,3,0.606378,-0.459551,-0.34048,0.55244,0.0
2077304123,3,0.607526,-0.45898,-0.340025,0.551934,0.0
2077304133,3,0.608587,-0.458185,-0.339722,0.551611,0.0
2077304143,3,0.609437,-0.457036,-0.339625,0.551687,0.0
2077304153,3,0.609594,-0.455353,-0.340344,0.55246,0.0
2077304163,3,0.609177,-0.453349,-0.341531,0.553835,0.0
2077304173,3,0.60837,-0.45089,-0.343597,0.555448,0.0
2077304184,3,0.609467,-0.450563,-0.343571,0.554526,0.0
2077304194,3,0.611015,-0.4501,-0.34341,0.553298,0.0
2077304204,3,0.61282,-0.449038,-0.343297,0.552234,0.0
2077304214,3,0.614519,-0.447621,-0.343354,0.55146,0.0
2077304224,3,0.617155,-0.447429,-0.341837,0.549612,0.0
2077304234,3,0.618704,-0.445956,-0.341681,0.549164,0.0
2077304244,3,0.619022,-0.443154,-0.343498,0.54994,0.0
2077304254,3,0.619264,-0.4406,-0.345594,0.550406,0.0
2077304264,3,0.61968,-0.438666,-0.347066,0.550556,0.0
2077304274,3,0.620693,-0.43812,-0.347066,0.549849,0.0
2077304284,3,0.62188,-0.437619,-0.346966,0.54897,0.0
2077304294,3,0.625417,-0.438763,-0.344753,0.545422,0.0
2077304304,3,0.628771,-0.439228,-0.343275,0.542113,0.0
2077304314,3,0.629374,-0.437731,-0.344031,0.542145,0.0
2077304325,3,0.629623,-0.435951,-0.345041,0.542648,0.0
2077304335,3,0.629573,-0.434175,-0.346103,0.543452,0.0
2077304345,3,0.629453,-0.43289,-0.346907,0.544103,0.0
2077304355,3,0.629518,-0.432066,-0.34732,0.54442,0.0
2077304365,3,0.629783,-0.431606,-0.347575,0.544316,0.0
2077304375,3,0.630064,-0.431275,-0.347977,0.543996,0.0
2077304385,3,0.630191,-0.431063,-0.348614,0.543608,0.0
2077304395,3,0.629953,-0.431029,-0.349627,0.543261,0.0
2077304405,3,0.629487,-0.429231,-0.353376,0.542799,0.0
2077304415,3,0.628404,-0.42962,-0.355168,0.542575,0.0
2077304425,3,0.627061,-0.430131,-0.357303,0.542323,0.0
2077304435,3,0.625546,-0.430868,-0.359687,0.541912,0.0
2077304445,3,0.623886,-0.431792,-0.362258,0.541377,0.0
2077304456,3,0.622075,-0.432699,-0.364925,0.540946,0.0
2077304466,3,0.618787,-0.43152,-0.369875,0.542295,0.0
2077304476,3,0.61603,-0.431484,-0.373273,0.543134,0.0
2077304486,3,0.614012,-0.432345,-0.375524,0.543181,0.0
2077304496,3,0.613112,-0.433796,-0.377077,0.541964,0.0
2077304506,3,0.612491,-0.434964,-0.378921,0.540443,0.0
2077304516,3,0.610853,-0.435712,-0.381532,0.539856,0.0
2077304526,3,0.608784,-0.436529,-0.384381,0.539513,0.0
2077304536,3,0.606412,-0.437743,-0.387224,0.539167,0.0
2077304546,3,0.603848,-0.439541,-0.389941,0.538624,0.0
2077304556,3,0.601094,-0.44168,-0.39261,0.538014,0.0
2077304566,3,0.598128,-0.444058,-0.395225,0.537448,0.0
2077304576,3,0.594869,-0.446539,-0.397812,0.537102,0.0
2077304587,3,0.591418,-0.449401,-0.400194,0.536755,0.0
2077304597,3,0.587941,-0.453008,-0.402184,0.536055,0.0
2077304607,3,0.584497,-0.456919,-0.403938,0.535183,0.0
2077304617,3,0.580847,-0.464204,-0.401913,0.534411,0.0
2077304627,3,0.577102,-0.470746,-0.400199,0.534033,0.0
2077304637,3,0.573318,-0.476674,-0.39873,0.533948,0.0
2077304647,3,0.569807,-0.481959,-0.397483,0.533892,0.0
2077304657,3,0.566406,-0.486696,-0.396134,0.534216,0.0
2077304667,3,0.563045,-0.491101,-0.39453,0.534924,0.0
2077304677,3,0.5605,-0.493185,-0.395051,0.535296,0.0
2077304687,3,0.558157,-0.49504,-0.395393,0.535779,0.0
2077304697,3,0.55488,-0.499113,-0.392742,0.537351,0.0
2077304707,3,0.551714,-0.502731,-0.39012,0.539145,0.0
2077304717,3,0.549033,-0.506067,-0.387433,0.540696,0.0
2077304728,3,0.547126,-0.508952,-0.38494,0.541701,0.0
2077304738,3,0.546016,-0.511154,-0.382827,0.542245,0.0
2077304748,3,0.545423,-0.512817,-0.380969,0.542581,0.0
2077304758,3,0.544739,-0.512988,-0.380467,0.543457,0.0
2077304768,3,0.544238,-0.51321,-0.379801,0.544215,0.0
2077304778,3,0.543892,-0.513482,-0.379064,0.544818,0.0
2077304788,3,0.543627,-0.513896,-0.378324,0.545207,0.0
2077304798,3,0.544019,-0.514671,-0.377555,0.544617,0.0
2077304808,3,0.544459,-0.515213,-0.377082,0.543992,0.0
2077304818,3,0.544827,-0.515708,-0.376591,0.543495,0.0
2077304828,3,0.544547,-0.516351,-0.375829,0.543692,0.0
2077304838,3,0.544299,-0.517053,-0.375014,0.543836,0.0
2077304848,3,0.543971,-0.518183,-0.37374,0.543966,0.0
2077304859,3,0.543789,-0.518939,-0.372814,0.544063,0.0
2077304869,3,0.54365,-0.519354,-0.372269,0.544179,0.0
2077304879,3,0.543333,-0.519627,-0.371833,0.544532,0.0
2077304889,3,0.54295,-0.520178,-0.370985,0.544967,0.0
2077304899,3,0.542851,-0.521288,-0.369397,0.545083,0.0
2077304909,3,0.543097,-0.52294,-0.367061,0.544834,0.0
2077304919,3,0.543834,-0.524372,-0.364889,0.54418,0.0
2077304929,3,0.544804,-0.525181,-0.363331,0.543471,0.0
2077304939,3,0.545642,-0.524919,-0.362765,0.543263,0.0
2077304949,3,0.546232,-0.524357,-0.362399,0.543458,0.0
2077304959,3,0.546795,-0.523813,-0.361877,0.543763,0.0
2077304969,3,0.547478,-0.523649,-0.360775,0.543965,0.0
2077304979,3,0.548516,-0.523849,-0.359305,0.543701,0.0
2077304990,3,0.549806,-0.523829,-0.358123,0.543196,0.0
2077305000,3,0.551017,-0.523474,-0.357467,0.542744,0.0
2077305010,3,0.551959,-0.52279,-0.357314,0.542546,0.0
2077305020,3,0.552633,-0.521829,-0.357576,0.542613,0.0
2077305030,3,0.55308,-0.521184,-0.357679,0.54271,0.0
2077305040,3,0.553454,-0.52104,-0.357459,0.542612,0.0
2077305050,3,0.554177,-0.521314,-0.357066,0.541868,0.0
2077305060,3,0.555117,-0.521553,-0.356821,0.540837,0.0
2077305070,3,0.55588,-0.521419,-0.35703,0.540044,0.0
2077305080,3,0.556267,-0.521209,-0.357448,0.539571,0.0
2077305090,3,0.556557,-0.521192,-0.357676,0.539137,0.0
2077305100,3,0.55698,-0.521623,-0.357393,0.538472,0.0
2077305110,3,0.557718,-0.522255,-0.356913,0.537411,0.0
2077305121,3,0.558691,-0.52241,-0.356972,0.536211,0.0
2077305131,3,0.559392,-0.522057,-0.357571,0.535424,0.0
2077305141,3,0.559599,-0.521579,-0.358374,0.535135,0.0
2077305151,3,0.55961,-0.52137,-0.358963,0.534934,0.0
2077305161,3,0.559571,-0.521574,-0.359034,0.534728,0.0
2077305171,3,0.559807,-0.522397,-0.358534,0.534013,0.0
2077305181,3,0.560237,-0.523346,-0.357984,0.533001,0.0
2077305191,3,0.560468,-0.523996,-0.357712,0.532301,0.0
2077305201,3,0.56036,-0.524354,-0.357631,0.532116,0.0
2077305211,3,0.560067,-0.52468,-0.357309,0.532321,0.0
2077305221,3,0.559866,-0.525265,-0.356445,0.532533,0.0
2077305231,3,0.559946,-0.526049,-0.355295,0.532443,0.0
2077305241,3,0.560262,-0.526888,-0.354037,0.532119,0.0
2077305251,3,0.560591,-0.527262,-0.353138,0.532001,0.0
2077305262,3,0.560999,-0.526973,-0.35269,0.532153,0.0
2077305272,3,0.561456,-0.526631,-0.352024,0.532452,0.0
2077305282,3,0.56227,-0.526333,-0.350994,0.532566,0.0
2077305292,3,0.56323,-0.525935,-0.349689,0.532805,0.0
2077305302,3,0.564228,-0.525219,-0.348461,0.533259,0.0
2077305312,3,0.565402,-0.524129,-0.347424,0.533763,0.0
2077305322,3,0.566611,-0.522726,-0.346618,0.534382,0.0
2077305332,3,0.568373,-0.522645,-0.344253,0.534118,0.0
2077305342,3,0.570277,-0.522578,-0.341762,0.533754,0.0
2077305352,3,0.571519,-0.521308,-0.340335,0.534579,0.0
2077305362,3,0.572925,-0.519776,-0.3389,0.535477,0.0
2077305372,3,0.574664,-0.518087,-0.337515,0.536124,0.0
2077305382,3,0.576698,-0.516102,-0.336485,0.536502,0.0
2077305393,3,0.578967,-0.515352,-0.333866,0.536416,0.0
2077305403,3,0.581329,-0.514625,-0.33118,0.536223,0.0
2077305413,3,0.583465,-0.512361,-0.330237,0.536653,0.0
2077305423,3,0.585606,-0.509881,-0.329413,0.537189,0.0
2077305433,3,0.587822,-0.507117,-0.328871,0.537717,0.0
2077305443,3,0.590174,-0.503961,-0.328846,0.538124,0.0
2077305453,3,0.592455,-0.500624,-0.329057,0.538602,0.0
2077305463,3,0.595199,-0.499562,-0.326591,0.538063,0.0
2077305473,3,0.59767,-0.496163,-0.32667,0.538421,0.0
2077305483,3,0.600107,-0.492578,-0.326826,0.538908,0.0
2077305493,3,0.602476,-0.488821,-0.327184,0.539467,0.0
2077305503,3,0.6048,-0.485165,-0.327778,0.539807,0.0
2077305513,3,0.607161,-0.481312,-0.329002,0.539861,0.0
2077305524,3,0.609691,-0.480244,-0.327156,0.539082,0.0
2077305534,3,0.612154,-0.479202,-0.325413,0.538272,0.0
2077305544,3,0.61452,-0.478061,-0.323831,0.537545,0.0
2077305554,3,0.616693,-0.475027,-0.324827,0.537145,0.0
2077305564,3,0.618729,-0.472117,-0.326078,0.53661,0.0
2077305574,3,0.620596,-0.468993,-0.32792,0.536072,0.0
2077305584,3,0.622408,-0.465776,-0.330049,0.535469,0.0
2077305594,3,0.624029,-0.463125,-0.331615,0.534914,0.0
2077305604,3,0.625658,-0.460783,-0.332922,0.534221,0.0
2077305614,3,0.627349,-0.458609,-0.334163,0.533333,0.0
2077305624,3,0.628779,-0.456126,-0.335816,0.532739,0.0
2077305634,3,0.629661,-0.453214,-0.338206,0.532671,0.0
2077305644,3,0.630486,-0.450621,-0.340722,0.532291,0.0
2077305655,3,0.631569,-0.448815,-0.342845,0.53117,0.0
2077305665,3,0.632732,-0.447478,-0.344687,0.52972,0.0
2077305675,3,0.633685,-0.446532,-0.346423,0.528244,0.0
2077305685,3,0.634432,-0.446053,-0.348166,0.526604,0.0
2077305695,3,0.634993,-0.445837,-0.349999,0.524892,0.0
2077305705,3,0.635463,-0.445649,-0.351925,0.523194,0.0
2077305715,3,0.635879,-0.445607,-0.353779,0.521471,0.0
2077305725,3,0.636169,-0.445757,-0.355614,0.519737,0.0
2077305735,3,0.636181,-0.445938,-0.357586,0.518213,0.0
2077305745,3,0.63584,-0.44612,-0.359566,0.517102,0.0
2077305755,3,0.635208,-0.446358,-0.361626,0.516236,0.0
2077305765,3,0.634278,-0.446633,-0.363883,0.515556,0.0
2077305775,3,0.633094,-0.447197,-0.365994,0.515028,0.0
2077305785,3,0.631949,-0.448294,-0.367644,0.514304,0.0
2077305796,3,0.630901,-0.449834,-0.368836,0.513392,0.0
2077305806,3,0.629987,-0.451592,-0.369673,0.512369,0.0
2077305816,3,0.629007,-0.453142,-0.37087,0.511338,0.0
2077305826,3,0.627681,-0.454543,-0.372417,0.510599,0.0
2077305836,3,0.626127,-0.456168,-0.373852,0.510008,0.0
2077305846,3,0.624628,-0.458011,-0.374848,0.509462,0.0
2077305856,3,0.62325,-0.459835,-0.375732,0.508857,0.0
2077305866,3,0.621932,-0.461688,-0.376741,0.508044,0.0
2077305876,3,0.62043,-0.463331,-0.378008,0.507445,0.0
2077305886,3,0.618772,-0.464857,-0.379479,0.506975,0.0
2077305896,3,0.617094,-0.466663,-0.380494,0.5066,0.0
2077305906,3,0.615452,-0.468623,-0.380893,0.506488,0.0
2077305916,3,0.613993,-0.470272,-0.381291,0.506432,0.0
2077305927,3,0.612536,-0.471366,-0.381988,0.506654,0.0
2077305937,3,0.611151,-0.472448,-0.382676,0.506798,0.0
2077305947,3,0.609996,-0.473401,-0.383402,0.506752,0.0
2077305957,3,0.608875,-0.474153,-0.384138,0.506839,0.0
2077305967,3,0.607842,-0.475153,-0.384529,0.506847,0.0
2077305977,3,0.606992,-0.476207,-0.384746,0.506711,0.0
2077305987,3,0.606139,-0.477118,-0.384924,0.506741,0.0
2077305997,3,0.605412,-0.477721,-0.385209,0.506825,0.0
2077306007,3,0.604787,-0.478025,-0.385794,0.506839,0.0
2077306017,3,0.603966,-0.478176,-0.386501,0.507136,0.0
2077306027,3,0.603063,-0.478307,-0.387136,0.507604,0.0
2077306037,3,0.602259,-0.478555,-0.387598,0.507972,0.0
2077306047,3,0.601683,-0.478912,-0.387939,0.508058,0.0
2077306058,3,0.601185,-0.47898,-0.388469,0.508178,0.0
2077306068,3,0.60064,-0.479026,-0.389108,0.508289,0.0
2077306078,3,0.599954,-0.479277,-0.389663,0.508439,0.0
2077306088,3,0.599293,-0.480169,-0.389652,0.508385,0.0
2077306098,3,0.598896,-0.481326,-0.389154,0.508141,0.0
2077306108,3,0.598739,-0.482117,-0.388648,0.507962,0.0
2077306118,3,0.598721,-0.482579,-0.388269,0.507835,0.0
2077306128,3,0.598725,-0.482776,-0.388191,0.507702,0.0
2077306138,3,0.598397,-0.482793,-0.388289,0.507997,0.0
2077306148,3,0.597809,-0.483018,-0.388085,0.508632,0.0
2077306158,3,0.597263,-0.483243,-0.387815,0.509265,0.0
2077306168,3,0.596888,-0.483304,-0.38766,0.509764,0.0
2077306178,3,0.596703,-0.483265,-0.387712,0.509979,0.0
2077306188,3,0.596535,-0.482983,-0.388069,0.51017,0.0
2077306199,3,0.596233,-0.482863,-0.38837,0.510408,0.0
2077306209,3,0.595869,-0.482562,-0.388596,0.510946,0.0
2077306219,3,0.595691,-0.482341,-0.388584,0.511371,0.0
2077306229,3,0.595715,-0.482155,-0.388535,0.511556,0.0
2077306239,3,0.595683,-0.481803,-0.388659,0.51183,0.0
2077306249,3,0.595444,-0.481301,-0.389117,0.512233,0.0
2077306259,3,0.595047,-0.480664,-0.389832,0.512747,0.0
2077306269,3,0.5947,-0.48038,-0.390099,0.513214,0.0
2077306279,3,0.594559,-0.480584,-0.389798,0.513414,0.0
2077306289,3,0.594547,-0.480709,-0.389556,0.513494,0.0
2077306299,3,0.594393,-0.480493,-0.389723,0.513748,0.0
2077306309,3,0.593918,-0.479734,-0.390581,0.514355,0.0
2077306319,3,0.593097,-0.478716,-0.391844,0.51529,0.0
2077306330,3,0.592418,-0.47827,-0.392547,0.515949,0.0
2077306340,3,0.592169,-0.477788,-0.393202,0.516183,0.0
2077306350,3,0.59198,-0.477936,-0.393086,0.516352,0.0
2077306360,3,0.591702,-0.477817,-0.393169,0.516716,0.0
2077306370,3,0.591141,-0.477315,-0.393659,0.517448,0.0
2077306380,3,0.59009,-0.476555,-0.394543,0.518674,0.0
2077306390,3,0.58918,-0.476014,-0.395239,0.519675,0.0
2077306400,3,0.588672,-0.475954,-0.395356,0.520216,0.0
2077306410,3,0.588284,-0.476145,-0.395103,0.520672,0.0
2077306420,3,0.587918,-0.47632,-0.394785,0.521166,0.0
2077306430,3,0.587367,-0.475924,-0.39499,0.521993,0.0
2077306440,3,0.586659,-0.475318,-0.395547,0.52292,0.0
2077306450,3,0.58587,-0.474965,-0.395923,0.523839,0.0
2077306461,3,0.585215,-0.475087,-0.395859,0.524509,0.0
2077306471,3,0.584759,-0.475241,-0.395637,0.525045,0.0
2077306481,3,0.584489,-0.475252,-0.39548,0.525454,0.0
2077306491,3,0.584361,-0.475275,-0.395414,0.525624,0.0
2077306501,3,0.584083,-0.474859,-0.395742,0.526064,0.0
2077306511,3,0.583546,-0.474258,-0.396191,0.526862,0.0
2077306521,3,0.583118,-0.473699,-0.396568,0.527555,0.0
2077306531,3,0.583099,-0.472997,-0.396986,0.527891,0.0
2077306541,3,0.583351,-0.472319,-0.397371,0.527931,0.0
2077306551,3,0.583669,-0.471627,-0.397889,0.527807,0.0
2077306561,3,0.583727,-0.470388,-0.399106,0.52793,0.0
2077306571,3,0.583487,-0.469112,-0.400656,0.528157,0.0
2077306581,3,0.583338,-0.468141,-0.402042,0.52813,0.0
2077306592,3,0.583267,-0.467533,-0.403143,0.527907,0.0
2077306602,3,0.58301,-0.467256,-0.404186,0.527639,0.0
2077306612,3,0.582504,-0.466858,-0.405648,0.527428,0.0
2077306622,3,0.581611,-0.466709,-0.407292,0.527278,0.0
2077306632,3,0.580469,-0.466987,-0.4088,0.527124,0.0
2077306642,3,0.579232,-0.467867,-0.40994,0.526819,0.0
2077306652,3,0.578004,-0.46923,-0.410788,0.526294,0.0
2077306662,3,0.576785,-0.470568,-0.411722,0.525707,0.0
2077306672,3,0.575638,-0.471938,-0.412792,0.524896,0.0
2077306682,3,0.574332,-0.473242,-0.414077,0.52414,0.0
2077306692,3,0.572812,-0.474463,-0.415568,0.523519,0.0
2077306702,3,0.571119,-0.475718,-0.41701,0.523084,0.0
2077306712,3,0.569483,-0.477115,-0.418167,0.522671,0.0
2077306722,3,0.568023,-0.478893,-0.418954,0.522003,0.0
2077306733,3,0.566493,-0.480785,-0.419717,0.521312,0.0
2077306743,3,0.564721,-0.482594,-0.420673,0.520793,0.0
2077306753,3,0.562628,-0.484598,-0.421552,0.520487,0.0
2077306763,3,0.560417,-0.487014,-0.421887,0.520347,0.0
2077306773,3,0.558364,-0.489831,-0.421707,0.520055,0.0
2077306783,3,0.556438,-0.492706,-0.421336,0.519703,0.0
2077306793,3,0.554642,-0.49549,-0.420959,0.519282,0.0
2077306803,3,0.552887,-0.498055,-0.420739,0.518877,0.0
2077306813,3,0.551089,-0.500195,-0.420741,0.51873,0.0
2077306823,3,0.549374,-0.502386,-0.420392,0.518714,0.0
2077306833,3,0.547964,-0.504752,-0.419553,0.518589,0.0
2077306843,3,0.546789,-0.507214,-0.41834,0.518407,0.0
2077306853,3,0.5457,-0.509577,-0.417028,0.518293,0.0
2077306864,3,0.544485,-0.511369,-0.41601,0.518624,0.0
2077306874,3,0.543307,-0.512726,-0.415293,0.519094,0.0
2077306884,3,0.542215,-0.514249,-0.414201,0.519603,0.0
2077306894,3,0.541287,-0.515933,-0.412684,0.520107,0.0
2077306904,3,0.540562,-0.517551,-0.410989,0.520596,0.0
2077306914,3,0.540041,-0.518605,-0.40974,0.521072,0.0
2077306924,3,0.539525,-0.519225,-0.408944,0.521614,0.0
2077306934,3,0.539113,-0.519476,-0.408496,0.522141,0.0
2077306944,3,0.539108,-0.519577,-0.407958,0.522466,0.0
2077306954,3,0.539426,-0.519901,-0.40689,0.522648,0.0
2077306964,3,0.539902,-0.520509,-0.40532,0.522771,0.0
2077306974,3,0.540563,-0.521034,-0.403639,0.522866,0.0
2077306984,3,0.540722,-0.520583,-0.402899,0.523721,0.0
2077306995,3,0.541647,-0.520547,-0.401823,0.523627,0.0
2077307005,3,0.542521,-0.520556,-0.400685,0.523586,0.0
2077307015,3,0.543393,-0.520719,-0.399262,0.523606,0.0
2077307025,3,0.544292,-0.520816,-0.397753,0.523725,0.0
2077307035,3,0.544951,-0.520458,-0.396557,0.524303,0.0
2077307045,3,0.545538,-0.51958,-0.395862,0.525086,0.0
2077307055,3,0.546171,-0.518354,-0.395594,0.525842,0.0
2077307065,3,0.54691,-0.517159,-0.395258,0.526503,0.0
2077307075,3,0.547693,-0.516563,-0.394053,0.527176,0.0
2077307085,3,0.548643,-0.515872,-0.392779,0.527817,0.0
2077307095,3,0.549683,-0.514922,-0.391562,0.528565,0.0
2077307105,3,0.551322,-0.513825,-0.390571,0.52866,0.0
2077307115,3,0.552858,-0.512475,-0.389922,0.528844,0.0
2077307126,3,0.554342,-0.510648,-0.389782,0.529162,0.0
2077307136,3,0.555886,-0.509221,-0.38927,0.529294,0.0
2077307146,3,0.557626,-0.508298,-0.388184,0.529147,0.0
2077307156,3,0.559609,-0.507579,-0.386882,0.528698,0.0
2077307166,3,0.561543,-0.506694,-0.385676,0.528378,0.0
2077307176,3,0.563246,-0.505261,-0.384968,0.528453,0.0
2077307186,3,0.564602,-0.503533,-0.384745,0.528818,0.0
2077307196,3,0.565882,-0.501901,-0.384529,0.529159,0.0
2077307206,3,0.567362,-0.500634,-0.384018,0.529145,0.0
2077307216,3,0.569015,-0.499521,-0.383302,0.528941,0.0
2077307226,3,0.570661,-0.49809,-0.382684,0.528964,0.0
2077307236,3,0.572203,-0.496478,-0.382263,0.529119,0.0
2077307246,3,0.573507,-0.494591,-0.382121,0.529576,0.0
2077307256,3,0.574677,-0.492904,-0.381802,0.530111,0.0
2077307267,3,0.576174,-0.491463,-0.381268,0.530208,0.0
2077307277,3,0.577812,-0.489943,-0.380688,0.530249,0.0
2077307287,3,0.579533,-0.488452,-0.380137,0.530142,0.0
2077307297,3,0.581086,-0.48664,-0.379873,0.530297,0.0
2077307307,3,0.582496,-0.484788,-0.379835,0.530474,0.0
2077307317,3,0.583829,-0.482957,-0.379884,0.530643,0.0
2077307327,3,0.585225,-0.481147,-0.379822,0.530795,0.0
2077307337,3,0.586776,-0.479402,-0.379699,0.530748,0.0
2077307347,3,0.588421,-0.477799,-0.379589,0.530452,0.0
2077307357,3,0.590076,-0.476044,-0.379723,0.530096,0.0
2077307367,3,0.591503,-0.474164,-0.380188,0.529857,0.0
2077307377,3,0.592748,-0.472319,-0.380571,0.529838,0.0
2077307387,3,0.593788,-0.470778,-0.380691,0.529959,0.0
2077307398,3,0.595061,-0.469417,-0.38068,0.529746,0.0
2077307408,3,0.596302,-0.467841,-0.380954,0.529548,0.0
2077307418,3,0.597423,-0.465949,-0.381564,0.529514,0.0
2077307428,3,0.598309,-0.463884,-0.382442,0.529692,0.0
2077307438,3,0.598988,-0.462058,-0.383197,0.529975,0.0
2077307448,3,0.599712,-0.460714,-0.383575,0.530053,0.0
2077307458,3,0.600678,-0.459706,-0.383695,0.529747,0.0
2077307468,3,0.6018,-0.458932,-0.383791,0.529074,0.0
2077307478,3,0.602866,-0.457955,-0.38414,0.528454,0.0
2077307488,3,0.603757,-0.456808,-0.384692,0.528029,0.0
2077307498,3,0.604533,-0.455524,-0.385306,0.527802,0.0
2077307508,3,0.605292,-0.454193,-0.385846,0.527685,0.0
2077307518,3,0.606099,-0.453105,-0.386337,0.527335,0.0
2077307529,3,0.606835,-0.45199,-0.386923,0.527015,0.0
2077307539,3,0.607378,-0.450838,-0.387668,0.526829,0.0
2077307549,3,0.607691,-0.449472,-0.388775,0.52682,0.0
2077307559,3,0.607899,-0.448247,-0.38998,0.526732,0.0
2077307569,3,0.608019,-0.447442,-0.390914,0.526586,0.0
2077307579,3,0.608202,-0.44703,-0.391571,0.526237,0.0
2077307589,3,0.60841,-0.446749,-0.392256,0.525724,0.0
2077307599,3,0.608541,-0.446457,-0.393132,0.525165,0.0
2077307609,3,0.608668,-0.446145,-0.394187,0.524493,0.0
2077307619,3,0.608799,-0.445723,-0.395488,0.523719,0.0
2077307629,3,0.60893,-0.445556,-0.396496,0.522946,0.0
2077307639,3,0.609055,-0.445448,-0.397396,0.52221,0.0
2077307649,3,0.609004,-0.445237,-0.398453,0.521642,0.0
2077307660,3,0.608781,-0.444995,-0.399647,0.521197,0.0
2077307670,3,0.608499,-0.444599,-0.401144,0.520714,0.0
2077307680,3,0.60816,-0.444364,-0.402664,0.520136,0.0
2077307690,3,0.60777,-0.444409,-0.403937,0.519567,0.0
2077307700,3,0.607263,-0.444667,-0.404992,0.519117,0.0
2077307710,3,0.606538,-0.445041,-0.40596,0.518889,0.0
2077307720,3,0.605673,-0.445455,-0.406981,0.518743,0.0
2077307730,3,0.604801,-0.446027,-0.408129,0.518368,0.0
2077307740,3,0.603927,-0.446674,-0.409376,0.517845,0.0
2077307750,3,0.603067,-0.447709,-0.410352,0.517181,0.0
2077307760,3,0.602385,-0.449129,-0.411011,0.516221,0.0
2077307770,3,0.601605,-0.450476,-0.411708,0.5154,0.0
2077307780,3,0.600493,-0.451591,-0.412615,0.514996,0.0
2077307790,3,0.599204,-0.452647,-0.413697,0.514701,0.0
2077307801,3,0.597749,-0.453812,-0.41483,0.514456,0.0
2077307811,3,0.596363,-0.455217,-0.415698,0.514123,0.0
2077307821,3,0.595063,-0.456911,-0.416216,0.513707,0.0
2077307831,3,0.593881,-0.458625,-0.416534,0.51329,0.0
2077307841,3,0.592849,-0.460278,-0.416762,0.512817,0.0
2077307851,3,0.59191,-0.461776,-0.417083,0.512294,0.0
2077307861,3,0.590876,-0.463184,-0.417545,0.51184,0.0
2077307871,3,0.589708,-0.464689,-0.417888,0.511543,0.0
2077307881,3,0.588586,-0.466422,-0.417905,0.511244,0.0
2077307891,3,0.587504,-0.468199,-0.417923,0.51085,0.0
2077307901,3,0.586203,-0.469743,-0.418206,0.510696,0.0
2077307911,3,0.584631,-0.470959,-0.418776,0.510911,0.0
2077307921,3,0.582951,-0.472119,-0.419427,0.511225,0.0
2077307932,3,0.581436,-0.47359,-0.419743,0.51133,0.0
2077307942,3,0.580323,-0.475578,-0.419504,0.510946,0.0
2077307952,3,0.579498,-0.477593,-0.419109,0.510327,0.0
2077307962,3,0.578637,-0.479197,-0.419082,0.509821,0.0
2077307972,3,0.577527,-0.480384,-0.419461,0.509651,0.0
2077307982,3,0.576422,-0.481422,-0.420084,0.50941,0.0
2077307992,3,0.575375,-0.482793,-0.420357,0.509071,0.0
2077308002,3,0.574502,-0.484798,-0.419883,0.508542,0.0
2077308012,3,0.573829,-0.486955,-0.418911,0.508042,0.0
2077308022,3,0.573257,-0.488713,-0.418115,0.507656,0.0
2077308032,3,0.572416,-0.490006,-0.417662,0.507731,0.0
2077308042,3,0.571378,-0.491125,-0.417427,0.508012,0.0
2077308052,3,0.570398,-0.49228,-0.417108,0.508258,0.0
2077308063,3,0.569658,-0.493517,-0.416391,0.508475,0.0
2077308073,3,0.56912,-0.494971,-0.415289,0.508566,0.0
2077308083,3,0.56867,-0.496079,-0.414286,0.508808,0.0
2077308093,3,0.568023,-0.496691,-0.413678,0.509428,0.0
2077308103,3,0.567354,-0.496962,-0.413339,0.510183,0.0
2077308113,3,0.566889,-0.497338,-0.412748,0.510812,0.0
2077308123,3,0.566837,-0.497925,-0.41167,0.511168,0.0
2077308133,3,0.56706,-0.498591,-0.410233,0.511426,0.0
2077308143,3,0.567391,-0.498807,-0.409052,0.511794,0.0
2077308153,3,0.567676,-0.498436,-0.408322,0.512423,0.0
2077308163,3,0.567946,-0.497594,-0.407937,0.513248,0.0
2077308173,3,0.5684,-0.496928,-0.407338,0.513865,0.0
2077308183,3,0.569033,-0.496545,-0.406323,0.514339,0.0
2077308193,3,0.569791,-0.496287,-0.40499,0.514801,0.0
2077308204,3,0.570667,-0.495957,-0.403509,0.515309,0.0
2077308214,3,0.571771,-0.495255,-0.402179,0.515801,0.0
2077308224,3,0.572883,-0.494059,-0.401265,0.516425,0.0
2077308234,3,0.573962,-0.492959,-0.400332,0.517003,0.0
2077308244,3,0.575134,-0.491986,-0.399244,0.517467,0.0
2077308254,3,0.576434,-0.491291,-0.397864,0.517744,0.0
2077308264,3,0.577868,-0.490448,-0.3965,0.517992,0.0
2077308274,3,0.579406,-0.48909,-0.395571,0.518267,0.0
2077308284,3,0.580715,-0.487212,-0.395144,0.518897,0.0
2077308294,3,0.581617,-0.48597,-0.394054,0.51988,0.0
2077308304,3,0.582563,-0.484785,-0.392866,0.520825,0.0
2077308314,3,0.583931,-0.483431,-0.391873,0.521299,0.0
2077308324,3,0.585297,-0.482202,-0.390863,0.521664,0.0
2077308335,3,0.586676,-0.48085,-0.390078,0.52195,0.0
2077308345,3,0.587851,-0.479055,-0.389926,0.522392,0.0
2077308355,3,0.58882,-0.477309,-0.389967,0.522868,0.0
2077308365,3,0.589956,-0.476051,-0.389587,0.523017,0.0
2077308375,3,0.591136,-0.475209,-0.388847,0.523002,0.0
2077308385,3,0.592298,-0.474486,-0.388046,0.522939,0.0
2077308395,3,0.593418,-0.473631,-0.387422,0.522906,0.0
2077308405,3,0.59438,-0.472479,-0.387301,0.522946,0.0
2077308415,3,0.5951,-0.47083,-0.387924,0.523152,0.0
2077308425,3,0.595935,-0.469573,-0.388184,0.523138,0.0
2077308435,3,0.596783,-0.468566,-0.388089,0.523144,0.0
2077308445,3,0.597552,-0.467695,-0.387849,0.523225,0.0
2077308455,3,0.598093,-0.466767,-0.387898,0.523399,0.0
2077308466,3,0.59825,-0.465715,-0.388349,0.523821,0.0
2077308476,3,0.598173,-0.464728,-0.389048,0.524268,0.0
2077308486,3,0.59819,-0.464434,-0.389196,0.524399,0.0
2077308496,3,0.598349,-0.464659,-0.388758,0.524342,0.0
2077308506,3,0.598469,-0.464959,-0.388088,0.524437,0.0
2077308516,3,0.598572,-0.465103,-0.387519,0.524613,0.0
2077308526,3,0.598627,-0.465047,-0.387168,0.524858,0.0
2077308536,3,0.59874,-0.464784,-0.387131,0.52499,0.0
2077308546,3,0.598904,-0.464307,-0.387254,0.525133,0.0
2077308556,3,0.599113,-0.464207,-0.387049,0.525135,0.0
2077308566,3,0.599349,-0.464323,-0.38661,0.525086,0.0
2077308576,3,0.599435,-0.464386,-0.386184,0.525246,0.0
2077308586,3,0.599512,-0.464512,-0.385945,0.525222,0.0
2077308597,3,0.599357,-0.46444,-0.385952,0.525459,0.0
2077308607,3,0.599099,-0.464618,-0.38575,0.525742,0.0
2077308617,3,0.599025,-0.464934,-0.385343,0.525846,0.0
2077308627,3,0.59912,-0.465166,-0.384949,0.525821,0.0
2077308637,3,0.599273,-0.465405,-0.38447,0.525787,0.0
2077308647,3,0.599344,-0.465452,-0.384132,0.52591,0.0
2077308657,3,0.599215,-0.465129,-0.384165,0.526319,0.0
2077308667,3,0.598928,-0.464768,-0.384217,0.526927,0.0
2077308677,3,0.598816,-0.464769,-0.383948,0.527248,0.0
2077308687,3,0.599082,-0.465248,-0.383269,0.527017,0.0
2077308697,3,0.599567,-0.465698,-0.382553,0.526589,0.0
2077308707,3,0.600019,-0.465827,-0.382198,0.526218,0.0
2077308717,3,0.60007,-0.465566,-0.382363,0.52627,0.0
2077308727,3,0.599864,-0.46513,-0.382598,0.52672,0.0
2077308738,3,0.599746,-0.464904,-0.382738,0.526952,0.0
2077308748,3,0.59981,-0.465033,-0.382839,0.526692,0.0
2077308758,3,0.59996,-0.465264,-0.383,0.5262,0.0
2077308768,3,0.600037,-0.465207,-0.383424,0.525854,0.0
2077308778,3,0.599853,-0.464763,-0.384119,0.525949,0.0
2077308788,3,0.599629,-0.464644,-0.384455,0.526064,0.0
2077308798,3,0.599647,-0.464888,-0.384351,0.525905,0.0
2077308808,3,0.599956,-0.465045,-0.384276,0.525467,0.0
2077308818,3,0.600117,-0.464839,-0.384584,0.52524,0.0
2077308828,3,0.599853,-0.464302,-0.385363,0.525446,0.0
2077308838,3,0.599447,-0.463776,-0.386385,0.525623,0.0
2077308848,3,0.59909,-0.463719,-0.386984,0.52564,0.0
2077308858,3,0.599011,-0.46427,-0.386967,0.525256,0.0
2077308869,3,0.598955,-0.465122,-0.386743,0.524732,0.0
2077308879,3,0.598817,-0.465887,-0.386561,0.524344,0.0
2077308889,3,0.598654,-0.466221,-0.38678,0.524072,0.0
2077308899,3,0.598392,-0.466469,-0.387206,0.523835,0.0
2077308909,3,0.597961,-0.466724,-0.387622,0.523793,0.0
2077308919,3,0.597602,-0.467125,-0.387829,0.523692,0.0
2077308929,3,0.597449,-0.467465,-0.388054,0.523397,0.0
2077308939,3,0.597267,-0.467737,-0.38834,0.523149,0.0
2077308949,3,0.59708,-0.467913,-0.388804,0.52286,0.0
2077308959,3,0.5967,-0.46785,-0.389606,0.522753,0.0
2077308969,3,0.596125,-0.467848,-0.390372,0.52284,0.0
2077308979,3,0.595585,-0.468082,-0.390844,0.522893,0.0
2077308989,3,0.595235,-0.46863,-0.390932,0.522734,0.0
2077309000,3,0.595015,-0.469383,-0.390801,0.522407,0.0
2077309010,3,0.594839,-0.469843,-0.390865,0.522145,0.0
2077309020,3,0.594566,-0.470287,-0.391069,0.521905,0.0
2077309030,3,0.594323,-0.470762,-0.391302,0.521578,0.0
2077309040,3,0.594242,-0.471471,-0.391145,0.521148,0.0
2077309050,3,0.59436,-0.472464,-0.390737,0.520419,0.0
2077309060,3,0.594367,-0.473285,-0.3905,0.519843,0.0
2077309070,3,0.594196,-0.473894,-0.390609,0.519402,0.0
2077309080,3,0.593875,-0.47413,-0.391189,0.519116,0.0
2077309090,3,0.593587,-0.47452,-0.391627,0.518759,0.0
2077309100,3,0.593436,-0.475241,-0.391681,0.518231,0.0
2077309110,3,0.593286,-0.476024,-0.391725,0.51765,0.0
2077309120,3,0.592802,-0.476648,-0.392052,0.517383,0.0
2077309131,3,0.592257,-0.477266,-0.392487,0.517108,0.0
2077309141,3,0.591788,-0.47793,-0.392958,0.516674,0.0
2077309151,3,0.591289,-0.478555,-0.393509,0.516247,0.0
2077309161,3,0.590756,-0.479508,-0.393773,0.515772,0.0
2077309171,3,0.590297,-0.480594,-0.393844,0.515232,0.0
2077309181,3,0.589822,-0.481646,-0.393872,0.514773,0.0
2077309191,3,0.589379,-0.482521,-0.394072,0.514307,0.0
2077309201,3,0.588925,-0.483007,-0.394712,0.51388,0.0
2077309211,3,0.588301,-0.483411,-0.395478,0.513625,0.0
2077309221,3,0.587635,-0.484211,-0.395853,0.513345,0.0
2077309231,3,0.587156,-0.485313,-0.395917,0.512802,0.0
2077309241,3,0.586685,-0.486358,-0.396065,0.512238,0.0
2077309251,3,0.586145,-0.487142,-0.396472,0.511796,0.0
2077309261,3,0.585499,-0.487604,-0.39719,0.511539,0.0
2077309272,3,0.584646,-0.487946,-0.398001,0.511557,0.0
2077309282,3,0.583839,-0.488516,-0.398446,0.511589,0.0
2077309292,3,0.583276,-0.489379,-0.398531,0.51134,0.0
2077309302,3,0.582801,-0.49001,-0.398776,0.511086,0.0
2077309312,3,0.582223,-0.490427,-0.399199,0.511015,0.0
2077309322,3,0.581568,-0.49076,-0.399892,0.510898,0.0
2077309332,3,0.580773,-0.491178,-0.400584,0.51086,0.0
2077309342,3,0.58015,-0.492184,-0.400599,0.510587,0.0
2077309352,3,0.5797,-0.493513,-0.400045,0.510249,0.0
2077309362,3,0.579202,-0.494656,-0.399637,0.510028,0.0
2077309372,3,0.578537,-0.495616,-0.399476,0.509977,0.0
2077309382,3,0.577639,-0.495987,-0.399924,0.510284,0.0
2077309392,3,0.576697,-0.496183,-0.400449,0.510746,0.0
2077309403,3,0.576021,-0.496805,-0.400393,0.510949,0.0
2077309413,3,0.575657,-0.497802,-0.399748,0.510893,0.0
2077309423,3,0.575472,-0.498518,-0.399157,0.510866,0.0
2077309433,3,0.57522,-0.498832,-0.398875,0.511064,0.0
2077309443,3,0.574779,-0.498764,-0.399059,0.511481,0.0
2077309453,3,0.574028,-0.498436,-0.399659,0.512176,0.0
2077309463,3,0.573297,-0.498368,-0.399928,0.51285,0.0
2077309473,3,0.572971,-0.498875,-0.399451,0.513094,0.0
2077309483,3,0.572996,-0.499801,-0.398337,0.513029,0.0
2077309493,3,0.573082,-0.500415,-0.397494,0.51299,0.0
2077309503,3,0.572977,-0.500243,-0.397448,0.513311,0.0
2077309513,3,0.5726,-0.499597,-0.397786,0.514098,0.0
2077309523,3,0.572608,-0.499403,-0.39766,0.514374,0.0
2077309534,3,0.572958,-0.499752,-0.396821,0.514294,0.0
2077309544,3,0.573521,-0.500022,-0.39593,0.51409,0.0
2077309554,3,0.574024,-0.499938,-0.395412,0.51401,0.0
2077309564,3,0.574297,-0.499251,-0.395443,0.514349,0.0
2077309574,3,0.574577,-0.498648,-0.395378,0.514671,0.0
2077309584,3,0.574893,-0.498366,-0.394937,0.514929,0.0
2077309594,3,0.575256,-0.498477,-0.394015,0.515122,0.0
2077309604,3,0.575754,-0.498546,-0.392904,0.515348,0.0
2077309614,3,0.576465,-0.49842,-0.391887,0.515449,0.0
2077309624,3,0.577212,-0.49796,-0.391334,0.515478,0.0
2077309634,3,0.577749,-0.497268,-0.391108,0.515715,0.0
2077309644,3,0.57821,-0.496762,-0.390637,0.516044,0.0
2077309654,3,0.578801,-0.496509,-0.389774,0.516278,0.0
2077309665,3,0.579632,-0.496486,-0.388592,0.516258,0.0
2077309675,3,0.580646,-0.496244,-0.387655,0.516056,0.0
2077309685,3,0.58158,-0.495427,-0.387433,0.515955,0.0
2077309695,3,0.582188,-0.494201,-0.387698,0.516247,0.0
2077309705,3,0.582699,-0.493217,-0.387638,0.516656,0.0
2077309715,3,0.583187,-0.492611,-0.387094,0.517091,0.0
2077309725,3,0.583845,-0.492255,-0.386336,0.517254,0.0
2077309735,3,0.584599,-0.491505,-0.386044,0.517334,0.0
2077309745,3,0.585066,-0.490135,-0.386431,0.517817,0.0
2077309755,3,0.585263,-0.489043,-0.386835,0.518326,0.0
2077309765,3,0.585407,-0.488248,-0.386982,0.518802,0.0
2077309775,3,0.58564,-0.487912,-0.386545,0.519182,0.0
2077309785,3,0.586091,-0.487677,-0.38599,0.519306,0.0
2077309795,3,0.58664,-0.487219,-0.385663,0.519358,0.0
2077309806,3,0.587123,-0.48651,-0.385878,0.519317,0.0
2077309816,3,0.587354,-0.485808,-0.386377,0.519343,0.0
2077309826,3,0.587551,-0.485479,-0.386484,0.519347,0.0
2077309836,3,0.587782,-0.485483,-0.386226,0.519274,0.0
2077309846,3,0.588016,-0.485415,-0.38597,0.519264,0.0
2077309856,3,0.588313,-0.485117,-0.386045,0.519151,0.0
2077309866,3,0.588458,-0.484458,-0.386594,0.519192,0.0
2077309876,3,0.588357,-0.483915,-0.38721,0.519354,0.0
2077309886,3,0.58815,-0.483682,-0.387579,0.519531,0.0
2077309896,3,0.587993,-0.483709,-0.387429,0.519795,0.0
2077309906,3,0.588103,-0.483937,-0.38697,0.5198,0.0
2077309916,3,0.58829,-0.484211,-0.386519,0.519668,0.0
2077309926,3,0.588268,-0.483943,-0.386626,0.519863,0.0
2077309937,3,0.587895,-0.483503,-0.387028,0.520396,0.0
2077309947,3,0.587511,-0.483534,-0.386956,0.520854,0.0
2077309957,3,0.587362,-0.484107,-0.386164,0.521077,0.0
2077309967,3,0.587324,-0.484667,-0.385132,0.521364,0.0
2077309977,3,0.58738,-0.484929,-0.38432,0.521655,0.0
2077309987,3,0.587472,-0.484692,-0.384166,0.521885,0.0
2077309997,3,0.587278,-0.483924,-0.384426,0.522625,0.0
2077310007,3,0.587237,-0.483452,-0.384232,0.52325,0.0
2077310017,3,0.587648,-0.483597,-0.383332,0.523315,0.0
2077310027,3,0.588389,-0.483753,-0.382403,0.523018,0.0
2077310037,3,0.589114,-0.483662,-0.381754,0.522759,0.0
2077310047,3,0.589595,-0.482727,-0.381818,0.523034,0.0
2077310057,3,0.589952,-0.481325,-0.382234,0.52362,0.0
2077310068,3,0.590391,-0.480515,-0.381995,0.524044,0.0
2077310078,3,0.590992,-0.480236,-0.381207,0.524195,0.0
2077310088,3,0.591665,-0.480061,-0.380331,0.524233,0.0
2077310098,3,0.592235,-0.479543,-0.379758,0.524479,0.0
2077310108,3,0.592596,-0.478796,-0.379568,0.524892,0.0
2077310118,3,0.592678,-0.477694,-0.379829,0.525613,0.0
2077310128,3,0.592732,-0.476844,-0.379739,0.526389,0.0
2077310138,3,0.593229,-0.476203,-0.379352,0.526688,0.0
2077310148,3,0.593972,-0.47548,-0.378961,0.526785,0.0
2077310158,3,0.594894,-0.474553,-0.378718,0.526756,0.0
2077310168,3,0.595808,-0.473264,-0.378991,0.526686,0.0
2077310178,3,0.596504,-0.471554,-0.379812,0.52684,0.0
2077310188,3,0.596933,-0.470157,-0.380432,0.527156,0.0
2077310198,3,0.597415,-0.469046,-0.380736,0.52738,0.0
2077310209,3,0.597873,-0.46801,-0.381058,0.527549,0.0
2077310219,3,0.598253,-0.467036,-0.381473,0.527681,0.0
2077310229,3,0.598507,-0.465716,-0.382284,0.527972,0.0
2077310239,3,0.598583,-0.464659,-0.383187,0.528163,0.0
2077310249,3,0.598504,-0.464064,-0.383707,0.528398,0.0
2077310259,3,0.598614,-0.463789,-0.383903,0.528373,0.0
2077310269,3,0.598842,-0.463623,-0.384103,0.528114,0.0
2077310279,3,0.599045,-0.463274,-0.38453,0.527879,0.0
2077310289,3,0.599035,-0.462825,-0.385167,0.52782,0.0
2077310299,3,0.598917,-0.462402,-0.385954,0.527751,0.0
2077310309,3,0.598683,-0.462217,-0.386432,0.527827,0.0
2077310319,3,0.598511,-0.462404,-0.386538,0.527782,0.0
2077310329,3,0.598362,-0.462651,-0.386628,0.527668,0.0
2077310340,3,0.598202,-0.462944,-0.386783,0.527479,0.0
2077310350,3,0.598053,-0.462964,-0.387272,0.527271,0.0
2077310360,3,0.59771,-0.462694,-0.388021,0.527347,0.0
2077310370,3,0.597302,-0.462971,-0.388413,0.527278,0.0
2077310380,3,0.597222,-0.463482,-0.388467,0.52688,0.0
2077310390,3,0.597072,-0.46394,-0.388553,0.526583,0.0
2077310400,3,0.597029,-0.464297,-0.388706,0.526204,0.0
2077310410,3,0.59704,-0.464285,-0.38923,0.525814,0.0
2077310420,3,0.596814,-0.464259,-0.390013,0.525514,0.0
2077310430,3,0.596312,-0.464497,-0.390561,0.525466,0.0
2077310440,3,0.595855,-0.465154,-0.390737,0.525272,0.0
2077310450,3,0.595449,-0.465828,-0.390866,0.52504,0.0
2077310460,3,0.595112,-0.466487,-0.391056,0.524695,0.0
2077310471,3,0.594719,-0.466815,-0.391545,0.524484,0.0
2077310481,3,0.59422,-0.466882,-0.392232,0.524478,0.0
2077310491,3,0.593727,-0.467405,-0.392434,0.524418,0.0
2077310501,3,0.593496,-0.467984,-0.392364,0.524216,0.0
2077310511,3,0.593386,-0.468458,-0.392406,0.523886,0.0
2077310521,3,0.593295,-0.468889,-0.392547,0.523497,0.0
2077310531,3,0.593191,-0.46894,-0.393117,0.523141,0.0
2077310541,3,0.593055,-0.468933,-0.393824,0.52277,0.0
2077310551,3,0.592829,-0.468955,-0.394441,0.522541,0.0
2077310561,3,0.592482,-0.469282,-0.394747,0.522409,0.0
2077310571,3,0.592043,-0.469569,-0.395146,0.522349,0.0
2077310581,3,0.591544,-0.469775,-0.395723,0.522292,0.0
2077310591,3,0.590939,-0.469809,-0.396639,0.522251,0.0
2077310602,3,0.590215,-0.469849,-0.397534,0.522354,0.0
2077310612,3,0.589808,-0.4702,-0.398162,0.522018,0.0
2077310622,3,0.589588,-0.471225,-0.397911,0.521534,0.0
2077310632,3,0.589528,-0.472094,-0.397631,0.52103,0.0
2077310642,3,0.589274,-0.472765,-0.397559,0.520764,0.0
2077310652,3,0.588825,-0.472975,-0.398041,0.520712,0.0
2077310662,3,0.588359,-0.47321,-0.398628,0.520575,0.0
2077310672,3,0.588169,-0.473772,-0.398855,0.520106,0.0
2077310682,3,0.588145,-0.474638,-0.398552,0.519575,0.0
2077310692,3,0.588085,-0.475464,-0.398181,0.519172,0.0
2077310702,3,0.587762,-0.475941,-0.398207,0.519081,0.0
2077310712,3,0.587167,-0.476021,-0.398692,0.519309,0.0
2077310722,3,0.586551,-0.47622,-0.399155,0.519467,0.0
2077310732,3,0.586331,-0.477187,-0.398883,0.519036,0.0
2077310743,3,0.586398,-0.478714,-0.397823,0.518368,0.0
2077310753,3,0.586588,-0.479944,-0.396807,0.517794,0.0
2077310763,3,0.586641,-0.481128,-0.395909,0.517322,0.0
2077310773,3,0.586496,-0.482174,-0.395225,0.517035,0.0
2077310783,3,0.586356,-0.482732,-0.395043,0.516812,0.0
2077310793,3,0.586232,-0.483511,-0.394515,0.516629,0.0
2077310803,3,0.586255,-0.484523,-0.3937,0.516276,0.0
2077310813,3,0.58634,-0.485712,-0.392739,0.515794,0.0
2077310823,3,0.586266,-0.486532,-0.392061,0.515621,0.0
2077310833,3,0.586002,-0.48653,-0.392056,0.515926,0.0
2077310843,3,0.58555,-0.486348,-0.392288,0.516435,0.0
2077310853,3,0.585375,-0.486232,-0.392251,0.516771,0.0
2077310863,3,0.585431,-0.48627,-0.391733,0.517064,0.0
2077310874,3,0.585755,-0.48639,-0.390981,0.517153,0.0
2077310884,3,0.586164,-0.486342,-0.39031,0.517242,0.0
2077310894,3,0.586427,-0.486152,-0.389841,0.517476,0.0
2077310904,3,0.586524,-0.485771,-0.389651,0.517868,0.0
2077310914,3,0.586594,-0.485446,-0.389243,0.518399,0.0
2077310924,3,0.586894,-0.48528,-0.388588,0.518706,0.0
2077310934,3,0.587333,-0.48525,-0.387803,0.518825,0.0
2077310944,3,0.587697,-0.485375,-0.386968,0.518919,0.0
2077310954,3,0.587903,-0.484854,-0.386812,0.519289,0.0
2077310964,3,0.587831,-0.483924,-0.38698,0.520113,0.0
2077310974,3,0.587863,-0.483149,-0.386937,0.520828,0.0
2077310984,3,0.588309,-0.482785,-0.386397,0.521063,0.0
2077310994,3,0.588998,-0.482593,-0.385604,0.521049,0.0
2077311005,3,0.58983,-0.482311,-0.384893,0.520895,0.0
2077311015,3,0.590443,-0.481604,-0.38457,0.521093,0.0
2077311025,3,0.590829,-0.481005,-0.384218,0.521468,0.0
2077311035,3,0.591125,-0.480632,-0.383602,0.52193,0.0
2077311045,3,0.591566,-0.480512,-0.382664,0.52223,0.0
2077311055,3,0.59225,-0.48051,-0.381496,0.522312,0.0
2077311065,3,0.593002,-0.480306,-0.380453,0.522406,0.0
2077311075,3,0.593554,-0.479556,-0.379866,0.522896,0.0
2077311085,3,0.5938,-0.478621,-0.379435,0.523785,0.0
2077311095,3,0.594096,-0.477925,-0.378694,0.52462,0.0
2077311105,3,0.594746,-0.47741,-0.377718,0.525057,0.0
2077311115,3,0.595621,-0.476871,-0.376749,0.52525,0.0
2077311125,3,0.596601,-0.47621,-0.375878,0.525362,0.0
2077311136,3,0.597389,-0.475275,-0.375329,0.525705,0.0
2077311146,3,0.597928,-0.474355,-0.37481,0.526294,0.0
2077311156,3,0.598443,-0.473802,-0.373961,0.52681,0.0
2077311166,3,0.599195,-0.47322,-0.373173,0.527037,0.0
2077311176,3,0.600121,-0.472872,-0.372357,0.526874,0.0
2077311186,3,0.60103,-0.472219,-0.371985,0.526686,0.0
2077311196,3,0.60163,-0.470916,-0.372434,0.52685,0.0
2077311206,3,0.60211,-0.469716,-0.372916,0.527032,0.0
2077311216,3,0.602713,-0.468746,-0.3731,0.527076,0.0
2077311226,3,0.603398,-0.467912,-0.373168,0.526984,0.0
2077311236,3,0.604008,-0.466964,-0.373439,0.526934,0.0
2077311246,3,0.604355,-0.46572,-0.374148,0.527135,0.0
2077311256,3,0.604619,-0.464509,-0.375078,0.52724,0.0
2077311266,3,0.604762,-0.463469,-0.375872,0.527426,0.0
2077311277,3,0.604951,-0.462909,-0.376195,0.52747,0.0
2077311287,3,0.605136,-0.462677,-0.3763,0.527387,0.0
2077311297,3,0.605216,-0.462686,-0.376396,0.527219,0.0
2077311307,3,0.605175,-0.462971,-0.376615,0.52686,0.0
2077311317,3,0.604997,-0.462879,-0.377282,0.526668,0.0
2077311327,3,0.604625,-0.462509,-0.37812,0.526818,0.0
2077311337,3,0.604535,-0.462527,-0.378412,0.526696,0.0
2077311347,3,0.604386,-0.462584,-0.378593,0.526687,0.0
2077311357,3,0.604327,-0.462971,-0.378613,0.5264,0.0
2077311367,3,0.604135,-0.463023,-0.378964,0.526323,0.0
2077311377,3,0.603764,-0.462594,-0.379866,0.526475,0.0
2077311387,3,0.603163,-0.462385,-0.380743,0.526714,0.0
2077311397,3,0.602627,-0.462352,-0.381223,0.52701,0.0
2077311408,3,0.60224,-0.462867,-0.381153,0.52705,0.0
2077311418,3,0.601933,-0.463472,-0.38106,0.526935,0.0
2077311428,3,0.601452,-0.463991,-0.381055,0.527032,0.0
2077311438,3,0.601019,-0.46426,-0.381282,0.527125,0.0
2077311448,3,0.600813,-0.46458,-0.381393,0.526997,0.0
2077311458,3,0.600828,-0.465374,-0.380897,0.526638,0.0
2077311468,3,0.601036,-0.466223,-0.380109,0.526219,0.0
2077311478,3,0.600928,-0.466654,-0.379633,0.526305,0.0
2077311488,3,0.6005,-0.466807,-0.379527,0.526733,0.0
2077311498,3,0.599994,-0.466614,-0.379914,0.527201,0.0
2077311508,3,0.599495,-0.466828,-0.379961,0.527546,0.0
2077311518,3,0.599179,-0.467333,-0.379531,0.527768,0.0
2077311528,3,0.599017,-0.467869,-0.378914,0.52792,0.0
2077311539,3,0.598762,-0.468106,-0.378532,0.528273,0.0
2077311549,3,0.598598,-0.468083,-0.37839,0.528581,0.0
2077311559,3,0.59855,-0.467892,-0.378588,0.528662,0.0
2077311569,3,0.598561,-0.467627,-0.378956,0.528621,0.0
2077311579,3,0.598637,-0.467465,-0.379118,0.528562,0.0
2077311589,3,0.598952,-0.467441,-0.379131,0.528217,0.0
2077311599,3,0.599263,-0.46719,-0.379393,0.527899,0.0
2077311609,3,0.599465,-0.466625,-0.380114,0.52765,0.0
2077311619,3,0.599399,-0.465598,-0.381569,0.527582,0.0
2077311629,3,0.599079,-0.464774,-0.383066,0.527586,0.0
2077311639,3,0.598828,-0.464653,-0.383994,0.527304,0.0
2077311649,3,0.598683,-0.464957,-0.384465,0.526858,0.0
2077311659,3,0.598451,-0.465123,-0.385208,0.526431,0.0
2077311669,3,0.598111,-0.465276,-0.38618,0.525971,0.0
2077311680,3,0.597571,-0.465391,-0.387215,0.525721,0.0
2077311690,3,0.596743,-0.465395,-0.388259,0.525888,0.0
2077311700,3,0.596182,-0.465948,-0.388646,0.525749,0.0
2077311710,3,0.595982,-0.466513,-0.388987,0.525222,0.0
2077311720,3,0.595805,-0.467017,-0.389553,0.524555,0.0
2077311730,3,0.595466,-0.467299,-0.390492,0.523991,0.0
2077311740,3,0.594779,-0.467362,-0.391859,0.523695,0.0
2077311750,3,0.593987,-0.467811,-0.392811,0.523479,0.0
2077311760,3,0.592901,-0.468536,-0.393471,0.523565,0.0
2077311770,3,0.591783,-0.469727,-0.393719,0.523578,0.0
2077311780,3,0.590524,-0.470615,-0.394298,0.523764,0.0
2077311790,3,0.589257,-0.47126,-0.395118,0.523996,0.0
2077311800,3,0.588043,-0.471776,-0.396031,0.524204,0.0
2077311811,3,0.587036,-0.472781,-0.396354,0.524184,0.0
2077311821,3,0.586217,-0.474363,-0.3959,0.524014,0.0
2077311831,3,0.585637,-0.475743,-0.39546,0.523744,0.0
2077311841,3,0.585114,-0.476669,-0.395314,0.523596,0.0
2077311851,3,0.584424,-0.477427,-0.395393,0.523617,0.0
2077311861,3,0.583871,-0.478057,-0.395776,0.523369,0.0
2077311871,3,0.583335,-0.478944,-0.395912,0.523054,0.0
2077311881,3,0.582959,-0.480109,-0.395652,0.522601,0.0
2077311891,3,0.582626,-0.481553,-0.394952,0.522173,0.0
2077311901,3,0.582247,-0.482859,-0.39429,0.52189,0.0
2077311911,3,0.581908,-0.483782,-0.394007,0.521627,0.0
2077311921,3,0.581351,-0.484055,-0.394279,0.52179,0.0
2077311931,3,0.581114,-0.484278,-0.394545,0.521645,0.0
2077311942,3,0.58097,-0.484499,-0.39471,0.521476,0.0
2077311952,3,0.580836,-0.485423,-0.393934,0.521352,0.0
2077311962,3,0.580816,-0.486285,-0.393257,0.521082,0.0
2077311972,3,0.580771,-0.486924,-0.392756,0.520913,0.0
2077311982,3,0.58092,-0.487354,-0.392464,0.520565,0.0
2077311992,3,0.581232,-0.487951,-0.392046,0.519972,0.0
2077312002,3,0.581548,-0.488742,-0.391353,0.519398,0.0
2077312012,3,0.581802,-0.48961,-0.390436,0.518986,0.0
2077312022,3,0.581765,-0.490089,-0.389828,0.519032,0.0
2077312032,3,0.581432,-0.490165,-0.389656,0.519463,0.0
2077312042,3,0.580873,-0.489991,-0.389832,0.52012,0.0
2077312052,3,0.580287,-0.489892,-0.389858,0.520847,0.0
2077312062,3,0.580183,-0.490023,-0.389614,0.521021,0.0
2077312073,3,0.580259,-0.490796,-0.388568,0.520992,0.0
2077312083,3,0.58048,-0.491286,-0.387654,0.520964,0.0
2077312093,3,0.58058,-0.491554,-0.386982,0.5211,0.0
2077312103,3,0.580586,-0.491318,-0.386828,0.52143,0.0
2077312113,3,0.580716,-0.490993,-0.386738,0.521658,0.0
2077312123,3,0.58099,-0.490774,-0.386382,0.521823,0.0
2077312133,3,0.581208,-0.490542,-0.385972,0.522101,0.0
2077312143,3,0.581297,-0.490355,-0.38566,0.522408,0.0
2077312153,3,0.58118,-0.489767,-0.385799,0.522988,0.0
2077312163,3,0.580944,-0.489204,-0.385926,0.523682,0.0
2077312173,3,0.580853,-0.488726,-0.385939,0.52422,0.0
2077312183,3,0.580739,-0.488098,-0.385991,0.524892,0.0
2077312193,3,0.580509,-0.487562,-0.386028,0.525617,0.0
2077312203,3,0.580562,-0.487428,-0.385673,0.525943,0.0
2077312214,3,0.580966,-0.487338,-0.385263,0.525881,0.0
2077312224,3,0.581608,-0.487011,-0.385095,0.525596,0.0
2077312234,3,0.582151,-0.486787,-0.384725,0.525474,0.0
2077312244,3,0.58262,-0.486741,-0.384048,0.525493,0.0
2077312254,3,0.583163,-0.48677,-0.383323,0.525393,0.0
2077312264,3,0.583727,-0.486971,-0.382492,0.525185,0.0
2077312274,3,0.584013,-0.486804,-0.382211,0.525227,0.0
2077312284,3,0.584188,-0.486114,-0.382619,0.525374,0.0
2077312294,3,0.584281,-0.48555,-0.383102,0.52544,0.0
2077312304,3,0.584456,-0.485353,-0.383165,0.525383,0.0
2077312314,3,0.584665,-0.48527,-0.383027,0.525327,0.0
2077312324,3,0.584897,-0.485341,-0.382879,0.525112,0.0
2077312334,3,0.585082,-0.485328,-0.382893,0.524907,0.0
2077312345,3,0.585023,-0.485044,-0.383261,0.524966,0.0
2077312355,3,0.584886,-0.484976,-0.383371,0.525102,0.0
2077312365,3,0.584933,-0.485207,-0.383122,0.525018,0.0
2077312375,3,0.585222,-0.485809,-0.382551,0.524555,0.0
2077312385,3,0.585341,-0.486174,-0.382266,0.524292,0.0
2077312395,3,0.585216,-0.486379,-0.382294,0.52422,0.0
2077312405,3,0.584928,-0.486213,-0.382871,0.524275,0.0
2077312415,3,0.584579,-0.486236,-0.383351,0.524292,0.0
2077312425,3,0.584442,-0.486985,-0.383213,0.52385,0.0
2077312435,3,0.584447,-0.487794,-0.382963,0.523274,0.0
2077312445,3,0.584322,-0.488342,-0.383,0.522876,0.0
2077312455,3,0.584017,-0.488441,-0.383523,0.52274,0.0
2077312465,3,0.583511,-0.488518,-0.384153,0.522772,0.0
2077312476,3,0.583032,-0.489124,-0.384317,0.522619,0.0
2077312486,3,0.582668,-0.48991,-0.384205,0.522371,0.0
2077312496,3,0.582422,-0.49075,-0.383948,0.522045,0.0
2077312506,3,0.582224,-0.491637,-0.383664,0.52164,0.0
2077312516,3,0.581957,-0.492353,-0.383608,0.521303,0.0
2077312526,3,0.581488,-0.492841,-0.383905,0.521147,0.0
2077312536,3,0.581014,-0.493637,-0.383835,0.520974,0.0
2077312546,3,0.580644,-0.494602,-0.383406,0.520787,0.0
2077312556,3,0.580373,-0.495615,-0.382676,0.520663,0.0
2077312566,3,0.580008,-0.496402,-0.382101,0.520743,0.0
2077312576,3,0.579592,-0.497085,-0.381821,0.520759,0.0
2077312586,3,0.579237,-0.497397,-0.38194,0.52077,0.0
2077312596,3,0.578872,-0.497855,-0.381845,0.520807,0.0
2077312607,3,0.578626,-0.498522,-0.381397,0.520771,0.0
2077312617,3,0.578409,-0.498862,-0.38089,0.521056,0.0
2077312627,3,0.578252,-0.499191,-0.380345,0.521314,0.0
2077312637,3,0.578251,-0.499155,-0.380119,0.521515,0.0
2077312647,3,0.578205,-0.498885,-0.380154,0.521798,0.0
2077312657,3,0.578233,-0.49887,-0.379839,0.522011,0.0
2077312667,3,0.578529,-0.498963,-0.379269,0.522009,0.0
2077312677,3,0.57891,-0.499082,-0.378544,0.521998,0.0
2077312687,3,0.579474,-0.499314,-0.377782,0.521703,0.0
2077312697,3,0.580013,-0.499022,-0.37766,0.521471,0.0
2077312707,3,0.580166,-0.498382,-0.377917,0.521727,0.0
2077312717,3,0.580098,-0.49775,-0.378297,0.522131,0.0
2077312727,3,0.579897,-0.497465,-0.37835,0.522587,0.0
2077312737,3,0.57992,-0.497445,-0.378099,0.522762,0.0
2077312748,3,0.580139,-0.497154,-0.377969,0.52289,0.0
2077312758,3,0.580469,-0.496507,-0.378199,0.522973,0.0
2077312768,3,0.580738,-0.495766,-0.378574,0.523106,0.0
2077312778,3,0.58105,-0.495438,-0.378385,0.523206,0.0
2077312788,3,0.58154,-0.495423,-0.37764,0.523214,0.0
2077312798,3,0.58207,-0.495287,-0.377086,0.523153,0.0
2077312808,3,0.582527,-0.495144,-0.376679,0.523074,0.0
2077312818,3,0.582879,-0.494656,-0.376702,0.523127,0.0
2077312828,3,0.583125,-0.494051,-0.376946,0.523248,0.0
2077312838,3,0.583396,-0.49389,-0.376803,0.523201,0.0
2077312848,3,0.583753,-0.493979,-0.376264,0.523107,0.0
2077312858,3,0.584177,-0.493976,-0.375777,0.522987,0.0
2077312868,3,0.584669,-0.493982,-0.375495,0.522633,0.0
2077312879,3,0.584986,-0.493593,-0.375845,0.522395,0.0
2077312889,3,0.585051,-0.492878,-0.37669,0.522388,0.0
2077312899,3,0.585254,-0.492475,-0.377131,0.522223,0.0
2077312909,3,0.585613,-0.492313,-0.377111,0.521987,0.0
2077312919,3,0.586118,-0.492022,-0.377044,0.521743,0.0
2077312929,3,0.586475,-0.491462,-0.377223,0.52174,0.0
2077312939,3,0.586667,-0.490944,-0.377637,0.521712,0.0
2077312949,3,0.586775,-0.490124,-0.378445,0.521776,0.0
2077312959,3,0.586861,-0.489554,-0.37903,0.52179,0.0
2077312969,3,0.587083,-0.489335,-0.37929,0.521557,0.0
2077312979,3,0.587377,-0.489316,-0.37922,0.521295,0.0
2077312989,3,0.587562,-0.489036,-0.37957,0.521095,0.0
2077312999,3,0.587581,-0.488407,-0.380305,0.521126,0.0
2077313010,3,0.587265,-0.487542,-0.381449,0.521457,0.0
2077313020,3,0.586996,-0.487285,-0.382172,0.521471,0.0
2077313030,3,0.587102,-0.487426,-0.38228,0.521139,0.0
2077313040,3,0.587413,-0.487553,-0.382334,0.520631,0.0
2077313050,3,0.587699,-0.487447,-0.382475,0.520304,0.0
2077313060,3,0.58778,-0.486876,-0.383037,0.520333,0.0
2077313070,3,0.587634,-0.486405,-0.383625,0.520505,0.0
2077313080,3,0.587464,-0.486132,-0.383989,0.520684,0.0
2077313090,3,0.587396,-0.485926,-0.384284,0.520736,0.0
2077313100,3,0.587302,-0.485569,-0.384652,0.520903,0.0
2077313110,3,0.58717,-0.485246,-0.384999,0.521097,0.0
2077313120,3,0.587014,-0.48468,-0.385549,0.521393,0.0
2077313130,3,0.586582,-0.483804,-0.386427,0.522042,0.0
2077313141,3,0.585862,-0.48282,-0.387361,0.523068,0.0
2077313151,3,0.585351,-0.482322,-0.387866,0.523724,0.0
2077313161,3,0.58535,-0.482218,-0.387987,0.523732,0.0
2077313171,3,0.585735,-0.482091,-0.388009,0.523402,0.0
2077313181,3,0.586159,-0.481655,-0.388353,0.523073,0.0
2077313191,3,0.586207,-0.480958,-0.388973,0.5232,0.0
2077313201,3,0.58601,-0.480513,-0.389294,0.523591,0.0
2077313211,3,0.585931,-0.480446,-0.389322,0.52372,0.0
2077313221,3,0.585905,-0.480265,-0.389421,0.523842,0.0
2077313231,3,0.585975,-0.479923,-0.38976,0.523824,0.0
2077313241,3,0.585907,-0.479407,-0.390357,0.52393,0.0
2077313251,3,0.585655,-0.479054,-0.390844,0.52417,0.0
2077313261,3,0.585501,-0.479054,-0.390949,0.524263,0.0
2077313271,3,0.585527,-0.479058,-0.390917,0.524255,0.0
2077313282,3,0.585827,-0.478735,-0.391009,0.524146,0.0
2077313292,3,0.586346,-0.478449,-0.391162,0.523713,0.0
2077313302,3,0.586831,-0.477956,-0.391696,0.523221,0.0
2077313312,3,0.587123,-0.477564,-0.392275,0.522818,0.0
2077313322,3,0.5873,-0.477238,-0.392757,0.522553,0.0
2077313332,3,0.587348,-0.477095,-0.39321,0.52229,0.0
2077313342,3,0.587177,-0.47682,-0.393997,0.52214,0.0
2077313352,3,0.587025,-0.476654,-0.394931,0.521756,0.0
2077313362,3,0.586972,-0.476702,-0.396001,0.52096,0.0
2077313372,3,0.586683,-0.476728,-0.397207,0.520344,0.0
2077313382,3,0.586101,-0.476661,-0.39832,0.520211,0.0
2077313392,3,0.585408,-0.476674,-0.399264,0.520257,0.0
2077313402,3,0.585191,-0.476972,-0.399903,0.519735,0.0
2077313413,3,0.585385,-0.477534,-0.400351,0.518656,0.0
2077313423,3,0.585558,-0.477811,-0.401005,0.517699,0.0
2077313433,3,0.585292,-0.477895,-0.401835,0.517277,0.0
2077313443,3,0.584813,-0.478196,-0.402276,0.517199,0.0
2077313453,3,0.584209,-0.478807,-0.40233,0.517274,0.0
2077313463,3,0.583578,-0.479353,-0.402623,0.517253,0.0
2077313473,3,0.58296,-0.479677,-0.403259,0.517153,0.0
2077313483,3,0.582239,-0.48004,-0.403848,0.51717,0.0
2077313493,3,0.581788,-0.480517,-0.404317,0.516867,0.0
2077313503,3,0.581196,-0.481211,-0.404282,0.516915,0.0
2077313513,3,0.58062,-0.481807,-0.40421,0.517064,0.0
2077313523,3,0.580142,-0.482271,-0.404379,0.517035,0.0
2077313533,3,0.579659,-0.482733,-0.404613,0.516963,0.0
2077313544,3,0.579347,-0.483212,-0.404887,0.516651,0.0
2077313554,3,0.578932,-0.483741,-0.405049,0.516494,0.0
2077313564,3,0.578573,-0.484762,-0.404559,0.516323,0.0
2077313574,3,0.578365,-0.48595,-0.403696,0.516115,0.0
2077313584,3,0.57823,-0.486916,-0.402864,0.516005,0.0
2077313594,3,0.57812,-0.487781,-0.402239,0.515799,0.0
2077313604,3,0.57812,-0.488371,-0.402031,0.515404,0.0
2077313614,3,0.577892,-0.488785,-0.402077,0.51523,0.0
2077313624,3,0.577761,-0.489153,-0.402026,0.515067,0.0
2077313634,3,0.577723,-0.489135,-0.402037,0.515118,0.0
2077313644,3,0.577637,-0.489637,-0.401384,0.515248,0.0
2077313654,3,0.577567,-0.489771,-0.401216,0.515329,0.0
2077313664,3,0.577188,-0.489366,-0.40173,0.515739,0.0
2077313674,3,0.576737,-0.488538,-0.402746,0.516235,0.0
2077313685,3,0.576789,-0.488617,-0.402687,0.516149,0.0
2077313695,3,0.576922,-0.488668,-0.402618,0.516005,0.0
2077313705,3,0.577546,-0.489304,-0.401734,0.515393,0.0
2077313715,3,0.577838,-0.489395,-0.401323,0.515299,0.0
2077313725,3,0.577675,-0.48889,-0.40171,0.515661,0.0
2077313735,3,0.577279,-0.487779,-0.402966,0.516176,0.0
2077313745,3,0.576886,-0.487136,-0.403817,0.516557,0.0
2077313755,3,0.576884,-0.487204,-0.40396,0.516383,0.0
2077313765,3,0.577053,-0.487576,-0.40369,0.516055,0.0
2077313775,3,0.577173,-0.487992,-0.403335,0.515804,0.0
2077313785,3,0.577262,-0.488094,-0.403386,0.515569,0.0
2077313795,3,0.577118,-0.487715,-0.404108,0.515523,0.0
2077313805,3,0.576629,-0.487249,-0.404998,0.515812,0.0
2077313816,3,0.576122,-0.487511,-0.405175,0.515992,0.0
2077313826,3,0.575745,-0.488258,-0.40474,0.516048,0.0
2077313836,3,0.575528,-0.489312,-0.403781,0.516043,0.0
2077313846,3,0.575411,-0.489942,-0.403246,0.515994,0.0
2077313856,3,0.575113,-0.489877,-0.403401,0.516267,0.0
2077313866,3,0.574718,-0.489847,-0.403548,0.51662,0.0
2077313876,3,0.574541,-0.490464,-0.403074,0.516602,0.0
2077313886,3,0.57462,-0.491037,-0.4024,0.516495,0.0
2077313896,3,0.574564,-0.491082,-0.401951,0.516864,0.0
2077313906,3,0.574678,-0.490804,-0.401722,0.517179,0.0
2077313916,3,0.574718,-0.490197,-0.401955,0.51753,0.0
2077313926,3,0.574716,-0.489817,-0.402058,0.517811,0.0
2077313936,3,0.574893,-0.489775,-0.401686,0.517943,0.0
2077313947,3,0.575318,-0.489977,-0.400904,0.517886,0.0
2077313957,3,0.575827,-0.49027,-0.399956,0.517775,0.0
2077313967,3,0.576125,-0.490111,-0.399472,0.517969,0.0
2077313977,3,0.576084,-0.48939,-0.399662,0.51855,0.0
2077313987,3,0.575683,-0.488585,-0.400113,0.519405,0.0
2077313997,3,0.575477,-0.488186,-0.40011,0.52001,0.0
2077314007,3,0.575548,-0.488156,-0.399721,0.520259,0.0
2077314017,3,0.575883,-0.48839,-0.398932,0.520273,0.0
2077314027,3,0.576262,-0.488558,-0.398004,0.520407,0.0
2077314037,3,0.576513,-0.48822,-0.39752,0.520816,0.0
2077314047,3,0.576587,-0.487715,-0.397202,0.521449,0.0
2077314057,3,0.576626,-0.48732,-0.396842,0.52205,0.0
2077314067,3,0.576941,-0.486825,-0.396512,0.522415,0.0
2077314078,3,0.577434,-0.486387,-0.395973,0.522687,0.0
2077314088,3,0.578346,-0.485966,-0.395242,0.522623,0.0
2077314098,3,0.579349,-0.485176,-0.394828,0.522559,0.0
2077314108,3,0.580068,-0.484138,-0.394799,0.522746,0.0
2077314118,3,0.580766,-0.483314,-0.394643,0.522851,0.0
2077314128,3,0.58162,-0.482865,-0.394331,0.522553,0.0
2077314138,3,0.582563,-0.482583,-0.394014,0.522,0.0
2077314148,3,0.583467,-0.482077,-0.394004,0.521466,0.0
2077314158,3,0.583978,-0.481316,-0.394347,0.521338,0.0
2077314168,3,0.584285,-0.481079,-0.394322,0.521232,0.0
2077314178,3,0.584391,-0.481076,-0.393983,0.521372,0.0
2077314188,3,0.584619,-0.481362,-0.39331,0.521361,0.0
2077314198,3,0.584935,-0.481651,-0.392715,0.521187,0.0
2077314208,3,0.58537,-0.481788,-0.392214,0.520949,0.0
2077314219,3,0.585829,-0.481263,-0.392052,0.52104,0.0
2077314229,3,0.586155,-0.480625,-0.391926,0.521357,0.0
2077314239,3,0.586513,-0.480289,-0.391353,0.521695,0.0
2077314249,3,0.587083,-0.479826,-0.390692,0.521975,0.0
2077314259,3,0.587835,-0.479328,-0.390172,0.521975,0.0
2077314269,3,0.588625,-0.478825,-0.389785,0.521836,0.0
2077314279,3,0.589244,-0.477888,-0.389918,0.521898,0.0
2077314289,3,0.589738,-0.476955,-0.390324,0.521889,0.0
2077314299,3,0.589991,-0.47618,-0.390479,0.522194,0.0
2077314309,3,0.590234,-0.475498,-0.390434,0.522576,0.0
2077314319,3,0.59061,-0.474849,-0.390363,0.522794,0.0
2077314329,3,0.590866,-0.47407,-0.390377,0.5232,0.0
2077314339,3,0.591045,-0.473166,-0.390525,0.523706,0.0
2077314350,3,0.591298,-0.47217,-0.390889,0.524048,0.0
2077314360,3,0.591612,-0.471547,-0.390879,0.524262,0.0
2077314370,3,0.592093,-0.471041,-0.390607,0.524377,0.0
2077314380,3,0.592427,-0.470095,-0.390611,0.524845,0.0
2077314390,3,0.592686,-0.469325,-0.390706,0.525171,0.0
2077314400,3,0.592916,-0.468404,-0.391108,0.525434,0.0
2077314410,3,0.592878,-0.467242,-0.39173,0.526048,0.0
2077314420,3,0.592871,-0.466561,-0.391805,0.526604,0.0
2077314430,3,0.59318,-0.466295,-0.391573,0.526665,0.0
2077314440,3,0.593589,-0.46637,-0.391163,0.526441,0.0
2077314450,3,0.593965,-0.46607,-0.390997,0.526407,0.0
2077314460,3,0.594267,-0.465786,-0.391125,0.526222,0.0
2077314470,3,0.594274,-0.465177,-0.391676,0.526343,0.0
2077314481,3,0.593996,-0.464514,-0.39219,0.52686,0.0
2077314491,3,0.593908,-0.464269,-0.39223,0.527144,0.0
2077314501,3,0.593966,-0.464412,-0.392084,0.527062,0.0
2077314511,3,0.594014,-0.46435,-0.392215,0.526965,0.0
2077314521,3,0.593834,-0.463964,-0.392686,0.527158,0.0
2077314531,3,0.593376,-0.463221,-0.393521,0.527703,0.0
2077314541,3,0.592665,-0.462961,-0.394021,0.528356,0.0
2077314551,3,0.591969,-0.463413,-0.394104,0.528678,0.0
2077314561,3,0.591327,-0.463814,-0.394124,0.52903,0.0
2077314571,3,0.590809,-0.464036,-0.394024,0.529488,0.0
2077314581,3,0.590509,-0.46431,-0.393992,0.529607,0.0
2077314591,3,0.589975,-0.464196,-0.394404,0.529996,0.0
2077314601,3,0.589268,-0.463582,-0.395222,0.53071,0.0
2077314612,3,0.588658,-0.463274,-0.395721,0.531284,0.0
2077314622,3,0.58873,-0.46319,-0.396042,0.531038,0.0
2077314632,3,0.588861,-0.463771,-0.395589,0.530723,0.0
2077314642,3,0.5889,-0.463877,-0.395644,0.530546,0.0
2077314652,3,0.58835,-0.463488,-0.396385,0.530943,0.0
2077314662,3,0.587635,-0.463032,-0.39756,0.531254,0.0
2077314672,3,0.587685,-0.463213,-0.398005,0.530707,0.0
2077314682,3,0.58776,-0.463276,-0.398467,0.530222,0.0
2077314692,3,0.587705,-0.46317,-0.399098,0.529901,0.0
2077314702,3,0.587505,-0.463139,-0.399818,0.529607,0.0
2077314712,3,0.587232,-0.463225,-0.400493,0.529325,0.0
2077314722,3,0.586952,-0.463246,-0.401125,0.529139,0.0
2077314732,3,0.586724,-0.463318,-0.401693,0.528898,0.0
2077314742,3,0.58665,-0.463497,-0.402109,0.528506,0.0
2077314753,3,0.586716,-0.463542,-0.402491,0.528102,0.0
2077314763,3,0.587348,-0.464797,-0.40125,0.527241,0.0
2077314773,3,0.588033,-0.465933,-0.399837,0.526547,0.0
2077314783,3,0.588486,-0.46664,-0.398825,0.526182,0.0
2077314793,3,0.58867,-0.466512,-0.398789,0.526118,0.0
2077314803,3,0.588566,-0.465892,-0.399409,0.526313,0.0
2077314813,3,0.588565,-0.465633,-0.399721,0.526307,0.0
2077314823,3,0.588704,-0.465999,-0.399518,0.52598,0.0
2077314833,3,0.588934,-0.466521,-0.399053,0.525613,0.0
2077314843,3,0.58926,-0.466382,-0.399213,0.52525,0.0
2077314853,3,0.589024,-0.465959,-0.399753,0.525479,0.0
2077314863,3,0.588797,-0.465915,-0.40011,0.525502,0.0
2077314873,3,0.58873,-0.465999,-0.400326,0.525338,0.0
2077314884,3,0.588831,-0.466072,-0.40041,0.525096,0.0
2077314894,3,0.588838,-0.466106,-0.400509,0.524981,0.0
2077314904,3,0.588778,-0.466237,-0.400558,0.524895,0.0
2077314914,3,0.588594,-0.466457,-0.400526,0.524929,0.0
2077314924,3,0.5886,-0.466663,-0.400356,0.524871,0.0
2077314934,3,0.58869,-0.467012,-0.400076,0.524672,0.0
2077314944,3,0.588968,-0.467636,-0.39962,0.524152,0.0
2077314954,3,0.588957,-0.467609,-0.399783,0.524064,0.0
2077314964,3,0.588516,-0.466953,-0.400541,0.524565,0.0
2077314974,3,0.588096,-0.466411,-0.401236,0.524987,0.0
2077314984,3,0.587953,-0.466345,-0.401654,0.524887,0.0
2077314994,3,0.587971,-0.466607,-0.401956,0.524402,0.0
2077315004,3,0.587944,-0.466778,-0.402272,0.524038,0.0
2077315015,3,0.58787,-0.466686,-0.402895,0.523724,0.0
2077315025,3,0.587627,-0.466721,-0.403521,0.523484,0.0
2077315035,3,0.587425,-0.467168,-0.403753,0.523133,0.0
2077315045,3,0.587361,-0.467741,-0.40379,0.522663,0.0
2077315055,3,0.586998,-0.468043,-0.40405,0.5226,0.0
2077315065,3,0.586256,-0.468509,-0.404352,0.522782,0.0
2077315075,3,0.585499,-0.469204,-0.404628,0.522793,0.0
2077315085,3,0.584747,-0.470155,-0.404663,0.522753,0.0
2077315095,3,0.58427,-0.470695,-0.405159,0.522417,0.0
2077315105,3,0.58378,-0.471277,-0.405642,0.522065,0.0
2077315115,3,0.583907,-0.473357,-0.404482,0.52094,0.0
2077315125,3,0.583883,-0.47476,-0.403772,0.52024,0.0
2077315135,3,0.583611,-0.475827,-0.403276,0.519955,0.0
2077315145,3,0.583189,-0.476596,-0.40327,0.519729,0.0
2077315156,3,0.58282,-0.477251,-0.403336,0.51949,0.0
2077315166,3,0.58241,-0.478138,-0.40298,0.519412,0.0
2077315176,3,0.582017,-0.479298,-0.402336,0.519283,0.0
2077315186,3,0.581456,-0.480627,-0.401622,0.519234,0.0
2077315196,3,0.580714,-0.481744,-0.401081,0.519447,0.0
2077315206,3,0.579839,-0.482147,-0.400978,0.52013,0.0
2077315216,3,0.578835,-0.482389,-0.400958,0.521039,0.0
2077315226,3,0.578036,-0.48316,-0.400472,0.521585,0.0
2077315236,3,0.577634,-0.483947,-0.399806,0.521811,0.0
2077315246,3,0.577323,-0.484455,-0.399192,0.522154,0.0
2077315256,3,0.576915,-0.484689,-0.398764,0.522716,0.0
2077315266,3,0.576494,-0.484785,-0.398617,0.523203,0.0
2077315276,3,0.576257,-0.484749,-0.398529,0.523563,0.0
2077315287,3,0.576172,-0.484822,-0.398115,0.523904,0.0
2077315297,3,0.576481,-0.484944,-0.397524,0.523901,0.0
2077315307,3,0.576992,-0.485087,-0.396932,0.523656,0.0
2077315317,3,0.577278,-0.484932,-0.396728,0.523638,0.0
2077315327,3,0.577326,-0.484148,-0.397315,0.523865,0.0
2077315337,3,0.577029,-0.483318,-0.398153,0.524322,0.0
2077315347,3,0.57702,-0.483463,-0.39828,0.524102,0.0
2077315357,3,0.57733,-0.48421,-0.397857,0.523391,0.0
2077315367,3,0.577776,-0.484841,-0.397295,0.522742,0.0
2077315377,3,0.578059,-0.485121,-0.397066,0.522343,0.0
2077315387,3,0.577935,-0.485441,-0.39712,0.522141,0.0
2077315397,3,0.577619,-0.485776,-0.397275,0.522063,0.0
2077315407,3,0.577225,-0.486197,-0.397189,0.522171,0.0
2077315418,3,0.576889,-0.486678,-0.396923,0.522296,0.0
2077315428,3,0.576616,-0.486895,-0.397051,0.522298,0.0
2077315438,3,0.57637,-0.487696,-0.396591,0.522172,0.0
2077315448,3,0.575935,-0.488301,-0.39631,0.5223,0.0
2077315458,3,0.575146,-0.488261,-0.396595,0.522991,0.0
2077315468,3,0.574396,-0.488313,-0.396713,0.523675,0.0
2077315478,3,0.57422,-0.488731,-0.396628,0.523544,0.0
2077315488,3,0.573957,-0.489316,-0.395924,0.523818,0.0
2077315498,3,0.573875,-0.489526,-0.395354,0.524143,0.0
2077315508,3,0.574114,-0.489728,-0.394864,0.524061,0.0
2077315518,3,0.574258,-0.489496,-0.394758,0.524201,0.0
2077315528,3,0.574433,-0.489277,-0.394671,0.524278,0.0
2077315538,3,0.574737,-0.489134,-0.394576,0.52415,0.0
2077315549,3,0.575075,-0.488927,-0.394742,0.523847,0.0
2077315559,3,0.575361,-0.488603,-0.395194,0.523495,0.0
2077315569,3,0.575651,-0.488039,-0.395828,0.523223,0.0
2077315579,3,0.575763,-0.487285,-0.396854,0.523025,0.0
2077315589,3,0.575564,-0.486931,-0.397838,0.522826,0.0
2077315599,3,0.575383,-0.486947,-0.398629,0.522408,0.0
2077315609,3,0.57518,-0.486981,-0.399465,0.521961,0.0
2077315619,3,0.574821,-0.487286,-0.399943,0.521706,0.0
2077315629,3,0.574402,-0.487799,-0.400396,0.52134,0.0
2077315639,3,0.573871,-0.488519,-0.400875,0.520883,0.0
2077315649,3,0.573256,-0.489205,-0.401402,0.52051,0.0
2077315659,3,0.572902,-0.490569,-0.401256,0.519727,0.0
2077315669,3,0.573238,-0.492292,-0.400736,0.518127,0.0
2077315679,3,0.573951,-0.494133,-0.4,0.51615,0.0
2077315690,3,0.575007,-0.495929,-0.399193,0.513871,0.0
2077315700,3,0.5746,-0.496046,-0.399779,0.513758,0.0
2077315710,3,0.57425,-0.496217,-0.400335,0.513552,0.0
2077315720,3,0.575982,-0.496765,-0.400245,0.511147,0.0
2077315730,3,0.577156,-0.496262,-0.400848,0.509837,0.0
2077315740,3,0.577197,-0.495051,-0.402256,0.50986,0.0
2077315750,3,0.57642,-0.495006,-0.40284,0.510321,0.0
2077315760,3,0.57534,-0.495437,-0.403523,0.510581,0.0
2077315770,3,0.574077,-0.496305,-0.404131,0.510679,0.0
2077315780,3,0.572682,-0.49764,-0.404714,0.510484,0.0
2077315790,3,0.571473,-0.49949,-0.405,0.509805,0.0
2077315800,3,0.570117,-0.503222,-0.40275,0.509435,0.0
2077315810,3,0.569938,-0.507335,-0.39932,0.508256,0.0
2077315821,3,0.569245,-0.508049,-0.399252,0.508372,0.0
2077315831,3,0.568776,-0.508649,-0.399011,0.508485,0.0
2077315841,3,0.568439,-0.508785,-0.398794,0.508898,0.0
2077315851,3,0.568138,-0.508503,-0.398823,0.509492,0.0
2077315861,3,0.567906,-0.508318,-0.398878,0.509892,0.0
2077315871,3,0.567706,-0.50821,-0.398897,0.510208,0.0
2077315881,3,0.566647,-0.505335,-0.402016,0.51179,0.0
2077315891,3,0.566522,-0.505314,-0.402295,0.511729,0.0
2077315901,3,0.566282,-0.505925,-0.402651,0.511111,0.0
2077315911,3,0.566135,-0.507035,-0.402838,0.510025,0.0
2077315921,3,0.566171,-0.507652,-0.402942,0.50929,0.0
2077315931,3,0.566169,-0.508946,-0.402284,0.50852,0.0
2077315941,3,0.566281,-0.510195,-0.402192,0.507214,0.0
2077315952,3,0.565407,-0.511117,-0.402351,0.507135,0.0
2077315962,3,0.564374,-0.512241,-0.402191,0.507278,0.0
2077315972,3,0.563083,-0.513611,-0.401894,0.507563,0.0
2077315982,3,0.563061,-0.515689,-0.400894,0.50627,0.0
2077315992,3,0.561932,-0.517198,-0.400097,0.506616,0.0
2077316002,3,0.560968,-0.518564,-0.39947,0.506782,0.0
2077316012,3,0.560207,-0.519874,-0.399228,0.506473,0.0
2077316022,3,0.558975,-0.521974,-0.398116,0.506549,0.0
2077316032,3,0.557139,-0.521672,-0.400109,0.507311,0.0
2077316042,3,0.554935,-0.519978,-0.403772,0.508562,0.0
2077316052,3,0.552715,-0.518486,-0.407018,0.509914,0.0
2077316062,3,0.550312,-0.518381,-0.408558,0.511387,0.0
2077316072,3,0.548855,-0.520028,-0.407714,0.511953,0.0
2077316083,3,0.54885,-0.523068,-0.404678,0.51127,0.0
2077316093,3,0.550164,-0.526369,-0.40084,0.50949,0.0
2077316103,3,0.551839,-0.529017,-0.397306,0.507701,0.0
2077316113,3,0.553388,-0.530691,-0.394593,0.506382,0.0
2077316123,3,0.554396,-0.531411,-0.392765,0.505946,0.0
2077316133,3,0.554942,-0.530867,-0.392192,0.506362,0.0
2077316143,3,0.555191,-0.529326,-0.392841,0.507199,0.0
2077316153,3,0.555271,-0.528917,-0.392346,0.507921,0.0
2077316163,3,0.555234,-0.528504,-0.391984,0.508671,0.0
2077316173,3,0.554403,-0.5253,-0.394858,0.510668,0.0
2077316183,3,0.553464,-0.523111,-0.396662,0.512533,0.0
2077316193,3,0.552942,-0.522214,-0.397022,0.51373,0.0
2077316203,3,0.553024,-0.522112,-0.396263,0.514331,0.0
2077316213,3,0.553272,-0.522648,-0.394639,0.514769,0.0
2077316224,3,0.553565,-0.523537,-0.39264,0.515079,0.0
2077316234,3,0.554142,-0.524563,-0.390512,0.515033,0.0
2077316244,3,0.555026,-0.525272,-0.388546,0.514846,0.0
2077316254,3,0.556037,-0.525384,-0.387174,0.514673,0.0
2077316264,3,0.557081,-0.525187,-0.386424,0.51431,0.0
2077316274,3,0.55777,-0.524143,-0.386869,0.514293,0.0
2077316284,3,0.557789,-0.522259,-0.388513,0.514949,0.0
2077316294,3,0.557821,-0.522541,-0.38782,0.515151,0.0
2077316304,3,0.557939,-0.523071,-0.387071,0.515048,0.0
2077316314,3,0.558181,-0.522015,-0.388281,0.514946,0.0
2077316324,3,0.558707,-0.521261,-0.389026,0.514578,0.0
2077316334,3,0.559323,-0.520523,-0.389646,0.514187,0.0
2077316344,3,0.559815,-0.519975,-0.390186,0.513797,0.0
2077316355,3,0.560267,-0.519741,-0.390342,0.513421,0.0
2077316365,3,0.560856,-0.519645,-0.390259,0.512938,0.0
2077316375,3,0.561361,-0.519568,-0.390114,0.512575,0.0
2077316385,3,0.561795,-0.51976,-0.390016,0.511978,0.0
2077316395,3,0.562175,-0.51988,-0.390189,0.511307,0.0
2077316405,3,0.562346,-0.519667,-0.390648,0.510985,0.0
2077316415,3,0.562548,-0.519516,-0.391125,0.510551,0.0
2077316425,3,0.562833,-0.519376,-0.391713,0.509928,0.0
2077316435,3,0.562781,-0.518965,-0.392727,0.509624,0.0
2077316445,3,0.562524,-0.518566,-0.393811,0.509477,0.0
2077316455,3,0.56234,-0.518118,-0.394818,0.509357,0.0
2077316465,3,0.562396,-0.518115,-0.395252,0.508961,0.0
2077316475,3,0.56272,-0.518483,-0.395004,0.508421,0.0
2077316486,3,0.563279,-0.519155,-0.393992,0.5079,0.0
2077316496,3,0.564028,-0.519609,-0.392659,0.507638,0.0
2077316506,3,0.564734,-0.51987,-0.391271,0.507658,0.0
2077316516,3,0.565661,-0.519783,-0.390142,0.507583,0.0
2077316526,3,0.566679,-0.518846,-0.389717,0.507733,0.0
2077316536,3,0.567555,-0.51749,-0.389717,0.508138,0.0
2077316546,3,0.568413,-0.516185,-0.390065,0.50824,0.0
2077316556,3,0.569211,-0.514912,-0.390509,0.508296,0.0
2077316566,3,0.570108,-0.513675,-0.390865,0.508268,0.0
2077316576,3,0.570934,-0.51259,-0.391038,0.508305,0.0
2077316586,3,0.57175,-0.51188,-0.391049,0.508095,0.0
2077316596,3,0.572392,-0.511212,-0.391286,0.507861,0.0
2077316606,3,0.572835,-0.510316,-0.391598,0.508022,0.0
2077316616,3,0.573465,-0.509645,-0.391502,0.50806,0.0
2077316627,3,0.574193,-0.509281,-0.39106,0.507943,0.0
2077316637,3,0.574969,-0.508997,-0.390519,0.507765,0.0
2077316647,3,0.575801,-0.508327,-0.390281,0.507677,0.0
2077316657,3,0.576378,-0.506987,-0.390657,0.508073,0.0
2077316667,3,0.576881,-0.505837,-0.391079,0.508324,0.0
2077316677,3,0.577627,-0.504837,-0.391351,0.50826,0.0
2077316687,3,0.578515,-0.503568,-0.391621,0.508302,0.0
2077316697,3,0.579304,-0.501988,-0.39204,0.508643,0.0
2077316707,3,0.57998,-0.500506,-0.392595,0.508906,0.0
2077316717,3,0.58057,-0.499065,-0.393256,0.509137,0.0
2077316727,3,0.580972,-0.497534,-0.393915,0.509667,0.0
2077316737,3,0.581559,-0.496427,-0.394064,0.509962,0.0
2077316747,3,0.582377,-0.495719,-0.393913,0.509833,0.0
2077316758,3,0.582865,-0.495207,-0.393513,0.510082,0.0
2077316768,3,0.583249,-0.494583,-0.393053,0.510603,0.0
2077316778,3,0.584051,-0.493889,-0.392688,0.510638,0.0
2077316788,3,0.584603,-0.493131,-0.392551,0.510845,0.0
2077316798,3,0.584953,-0.492767,-0.392163,0.511093,0.0
2077316808,3,0.585556,-0.492405,-0.391759,0.511063,0.0
2077316818,3,0.585992,-0.491923,-0.391263,0.511407,0.0
2077316828,3,0.586213,-0.491362,-0.39093,0.511946,0.0
2077316838,3,0.58643,-0.490628,-0.390698,0.512578,0.0
2077316848,3,0.586566,-0.489615,-0.390627,0.513446,0.0
2077316858,3,0.586734,-0.488521,-0.39049,0.514399,0.0
2077316868,3,0.587295,-0.488534,-0.388963,0.514902,0.0
2077316878,3,0.587657,-0.48782,-0.388299,0.515667,0.0
2077316889,3,0.588122,-0.487332,-0.387208,0.516418,0.0
2077316899,3,0.588775,-0.486771,-0.38597,0.51713,0.0
2077316909,3,0.589555,-0.486269,-0.384779,0.5176,0.0
2077316919,3,0.59026,-0.485552,-0.383812,0.518188,0.0
2077316929,3,0.590922,-0.48468,-0.382732,0.519049,0.0
2077316939,3,0.591794,-0.483759,-0.381394,0.519897,0.0
2077316949,3,0.593066,-0.483341,-0.379436,0.52027,0.0
2077316959,3,0.594401,-0.482924,-0.377461,0.52057,0.0
2077316969,3,0.595175,-0.481388,-0.376417,0.521862,0.0
2077316979,3,0.595794,-0.479562,-0.375493,0.5235,0.0
2077316989,3,0.597227,-0.478871,-0.373289,0.524076,0.0
2077316999,3,0.598738,-0.478045,-0.371044,0.524699,0.0
2077317009,3,0.600328,-0.476737,-0.368901,0.525584,0.0
2077317020,3,0.601974,-0.475196,-0.366839,0.526539,0.0
2077317030,3,0.603638,-0.473747,-0.364795,0.527358,0.0
2077317040,3,0.605333,-0.472213,-0.362788,0.528176,0.0
2077317050,3,0.606478,-0.469003,-0.362418,0.529973,0.0
2077317060,3,0.608078,-0.466107,-0.361687,0.531194,0.0
2077317070,3,0.609934,-0.463326,-0.361039,0.531938,0.0
2077317080,3,0.612,-0.460301,-0.360694,0.532425,0.0
2077317090,3,0.614006,-0.458529,-0.358683,0.533003,0.0
2077317100,3,0.615959,-0.456572,-0.356835,0.53367,0.0
2077317110,3,0.617758,-0.453406,-0.356888,0.534254,0.0
2077317120,3,0.619016,-0.450341,-0.357005,0.535311,0.0
2077317130,3,0.620124,-0.447038,-0.357305,0.536595,0.0
2077317140,3,0.621401,-0.44424,-0.357626,0.537228,0.0
2077317150,3,0.622667,-0.441576,-0.358086,0.537651,0.0
2077317161,3,0.624218,-0.440342,-0.356707,0.537781,0.0
2077317171,3,0.625745,-0.438872,-0.355484,0.538018,0.0
2077317181,3,0.626951,-0.436047,-0.356256,0.538401,0.0
2077317191,3,0.62804,-0.433532,-0.356937,0.538712,0.0
2077317201,3,0.629398,-0.431068,-0.357741,0.538571,0.0
2077317211,3,0.63091,-0.428099,-0.359213,0.53819,0.0
2077317221,3,0.632043,-0.424658,-0.361508,0.538049,0.0
2077317231,3,0.633543,-0.423965,-0.360701,0.537374,0.0
2077317241,3,0.635232,-0.422794,-0.359843,0.536878,0.0
2077317251,3,0.636471,-0.420558,-0.360163,0.536951,0.0
2077317261,3,0.637747,-0.418206,-0.360983,0.536723,0.0
2077317271,3,0.639203,-0.415872,-0.362086,0.536062,0.0
2077317281,3,0.640584,-0.414871,-0.361691,0.535455,0.0
2077317292,3,0.641773,-0.413989,-0.361371,0.534929,0.0
2077317302,3,0.642248,-0.412412,-0.362459,0.534842,0.0
2077317312,3,0.642613,-0.410889,-0.363765,0.534688,0.0
2077317322,3,0.642681,-0.409182,-0.365387,0.53481,0.0
2077317332,3,0.64315,-0.407774,-0.366738,0.534396,0.0
2077317342,3,0.643838,-0.406937,-0.367872,0.533426,0.0
2077317352,3,0.644342,-0.406206,-0.369381,0.53233,0.0
2077317362,3,0.644504,-0.406565,-0.369631,0.531687,0.0
2077317372,3,0.643834,-0.40611,-0.370928,0.531943,0.0
2077317382,3,0.643171,-0.40627,-0.371971,0.531894,0.0
2077317392,3,0.642557,-0.406438,-0.373168,0.531669,0.0
2077317402,3,0.642184,-0.406657,-0.374253,0.531189,0.0
2077317412,3,0.641693,-0.406562,-0.375753,0.530796,0.0
2077317423,3,0.641134,-0.406619,-0.377137,0.530447,0.0
2077317433,3,0.6402,-0.407466,-0.377624,0.530579,0.0
2077317443,3,0.639447,-0.408791,-0.377197,0.530771,0.0
2077317453,3,0.638881,-0.409627,-0.376911,0.531011,0.0
2077317463,3,0.638461,-0.410155,-0.376898,0.531118,0.0
2077317473,3,0.638116,-0.410164,-0.377451,0.531134,0.0
2077317483,3,0.637352,-0.409722,-0.378362,0.531743,0.0
2077317493,3,0.636423,-0.409675,-0.37871,0.532644,0.0
2077317503,3,0.635752,-0.410183,-0.378437,0.533248,0.0
2077317513,3,0.635083,-0.410227,-0.378479,0.533981,0.0
2077317523,3,0.634577,-0.409871,-0.378694,0.534703,0.0
2077317533,3,0.634127,-0.408968,-0.379478,0.535372,0.0
2077317543,3,0.633654,-0.408296,-0.380382,0.535803,0.0
2077317554,3,0.633121,-0.408194,-0.380721,0.53627,0.0
2077317564,3,0.632745,-0.40833,-0.380493,0.536771,0.0
2077317574,3,0.632643,-0.408197,-0.380123,0.537254,0.0
2077317584,3,0.632572,-0.408223,-0.379742,0.537587,0.0
2077317594,3,0.632397,-0.408256,-0.379414,0.538,0.0
2077317604,3,0.631936,-0.407966,-0.379371,0.538792,0.0
2077317614,3,0.632188,-0.407779,-0.37926,0.538715,0.0
2077317624,3,0.631375,-0.408158,-0.378501,0.539915,0.0
2077317634,3,0.630887,-0.408769,-0.377301,0.540862,0.0
2077317644,3,0.631568,-0.408277,-0.377012,0.540641,0.0
2077317654,3,0.632212,-0.407495,-0.376843,0.540595,0.0
2077317664,3,0.632293,-0.406785,-0.376622,0.54119,0.0
2077317674,3,0.632111,-0.406088,-0.376502,0.542008,0.0
2077317684,3,0.631897,-0.405629,-0.376249,0.542777,0.0
2077317695,3,0.632296,-0.405313,-0.375874,0.542807,0.0
2077317705,3,0.632964,-0.405084,-0.375463,0.542484,0.0
2077317715,3,0.633655,-0.404651,-0.375251,0.542147,0.0
2077317725,3,0.634066,-0.403727,-0.375703,0.542042,0.0
2077317735,3,0.633795,-0.403011,-0.376375,0.542426,0.0
2077317745,3,0.633208,-0.403031,-0.376504,0.543006,0.0
2077317755,3,0.632837,-0.403724,-0.375782,0.543424,0.0
2077317765,3,0.632956,-0.404173,-0.374804,0.543628,0.0
2077317775,3,0.633204,-0.404022,-0.374154,0.543899,0.0
2077317785,3,0.63368,-0.402962,-0.374387,0.54397,0.0
2077317795,3,0.63429,-0.402089,-0.374414,0.543887,0.0
2077317805,3,0.634376,-0.401881,-0.37329,0.544713,0.0
2077317815,3,0.635021,-0.401464,-0.371819,0.545274,0.0
2077317826,3,0.636025,-0.400855,-0.370324,0.545569,0.0
2077317836,3,0.637179,-0.399825,-0.369184,0.545751,0.0
2077317846,3,0.638296,-0.398058,-0.368658,0.546093,0.0
2077317856,3,0.639129,-0.395919,-0.368476,0.546796,0.0
2077317866,3,0.639826,-0.394165,-0.368239,0.547408,0.0
2077317876,3,0.640512,-0.392699,-0.367975,0.547836,0.0
2077317886,3,0.641152,-0.39103,-0.367983,0.548276,0.0
2077317896,3,0.641789,-0.389218,-0.368306,0.548602,0.0
2077317906,3,0.642293,-0.387419,-0.368995,0.548823,0.0
2077317916,3,0.642758,-0.385895,-0.369916,0.548732,0.0
2077317926,3,0.642761,-0.384272,-0.370961,0.549163,0.0
2077317936,3,0.642651,-0.383333,-0.371247,0.549754,0.0
2077317946,3,0.642752,-0.383049,-0.370838,0.550109,0.0
2077317957,3,0.643194,-0.382728,-0.370203,0.550244,0.0
2077317967,3,0.643711,-0.38197,-0.369622,0.550557,0.0
2077317977,3,0.643814,-0.380681,-0.369575,0.551361,0.0
2077317987,3,0.643488,-0.379254,-0.369964,0.552462,0.0
2077317997,3,0.643228,-0.378363,-0.369972,0.553369,0.0
2077318007,3,0.643039,-0.377804,-0.369582,0.554231,0.0
2077318017,3,0.64317,-0.377213,-0.369287,0.554678,0.0
2077318027,3,0.643507,-0.376891,-0.369021,0.554684,0.0
2077318037,3,0.64378,-0.376258,-0.369358,0.554572,0.0
2077318047,3,0.644054,-0.375969,-0.369506,0.55435,0.0
2077318057,3,0.644151,-0.375537,-0.369721,0.554387,0.0
2077318067,3,0.644032,-0.375624,-0.369669,0.554502,0.0
2077318077,3,0.643809,-0.375993,-0.369658,0.554518,0.0
2077318087,3,0.64323,-0.375862,-0.370254,0.554881,0.0
2077318098,3,0.642266,-0.375695,-0.371187,0.555487,0.0
2077318108,3,0.641301,-0.37565,-0.37238,0.555833,0.0
2077318118,3,0.640155,-0.376046,-0.373375,0.55622,0.0
2077318128,3,0.639625,-0.376447,-0.374226,0.555986,0.0
2077318138,3,0.638693,-0.377846,-0.373749,0.556429,0.0
2077318148,3,0.638292,-0.379654,-0.372702,0.556361,0.0
2077318158,3,0.63824,-0.381282,-0.371658,0.556006,0.0
2077318168,3,0.638123,-0.382343,-0.37102,0.555837,0.0
2077318178,3,0.637733,-0.382727,-0.371127,0.55595,0.0
2077318188,3,0.636838,-0.382704,-0.371678,0.556622,0.0
2077318198,3,0.635793,-0.382681,-0.372256,0.557446,0.0
2077318208,3,0.634542,-0.382943,-0.372563,0.558486,0.0
2077318218,3,0.633363,-0.383334,-0.372757,0.559425,0.0
2077318229,3,0.632439,-0.383629,-0.373283,0.559917,0.0
2077318239,3,0.631451,-0.383814,-0.374004,0.560425,0.0
2077318249,3,0.631018,-0.383684,-0.375126,0.560251,0.0
2077318259,3,0.630514,-0.383162,-0.376451,0.560287,0.0
2077318269,3,0.630315,-0.384312,-0.375779,0.560175,0.0
2077318279,3,0.630107,-0.385141,-0.375475,0.560043,0.0
2077318289,3,0.629586,-0.385686,-0.375601,0.56017,0.0
2077318299,3,0.628595,-0.385903,-0.376293,0.560668,0.0
2077318309,3,0.627741,-0.386621,-0.376626,0.560908,0.0
2077318319,3,0.627224,-0.387621,-0.376479,0.560893,0.0
2077318329,3,0.62695,-0.388803,-0.375792,0.560842,0.0
2077318339,3,0.626812,-0.389718,-0.374915,0.560948,0.0
2077318349,3,0.626429,-0.390357,-0.37432,0.56133,0.0
2077318360,3,0.625936,-0.39085,-0.374037,0.561724,0.0
2077318370,3,0.625433,-0.390904,-0.374016,0.562261,0.0
2077318380,3,0.624845,-0.390737,-0.374121,0.562961,0.0
2077318390,3,0.624403,-0.390949,-0.373913,0.563443,0.0
2077318400,3,0.624365,-0.391519,-0.373294,0.563499,0.0
2077318410,3,0.624675,-0.392008,-0.372567,0.563296,0.0
2077318420,3,0.624947,-0.392471,-0.371875,0.56313,0.0
2077318430,3,0.625322,-0.393038,-0.371146,0.562799,0.0
2077318440,3,0.625732,-0.393417,-0.370591,0.562444,0.0
2077318450,3,0.625998,-0.393379,-0.370331,0.562345,0.0
2077318460,3,0.625647,-0.391877,-0.371597,0.56295,0.0
2077318470,3,0.625509,-0.391444,-0.371839,0.563245,0.0
2077318480,3,0.624605,-0.390596,-0.3727,0.564266,0.0
2077318491,3,0.623322,-0.389681,-0.373824,0.565573,0.0
2077318501,3,0.622096,-0.389338,-0.37451,0.566703,0.0
2077318511,3,0.621477,-0.389229,-0.374725,0.567316,0.0
2077318521,3,0.621761,-0.389085,-0.374602,0.567184,0.0
2077318531,3,0.622778,-0.388876,-0.374161,0.566503,0.0
2077318541,3,0.623748,-0.388647,-0.373733,0.565874,0.0
2077318551,3,0.624306,-0.388118,-0.37377,0.565598,0.0
2077318561,3,0.62433,-0.386875,-0.37462,0.56586,0.0
2077318571,3,0.623934,-0.385404,-0.376086,0.566329,0.0
2077318581,3,0.623461,-0.384795,-0.377272,0.566475,0.0
2077318591,3,0.623238,-0.384833,-0.378178,0.566089,0.0
2077318601,3,0.623104,-0.385192,-0.378886,0.565519,0.0
2077318611,3,0.622605,-0.385435,-0.379701,0.565357,0.0
2077318621,3,0.621818,-0.385983,-0.380471,0.565331,0.0
2077318632,3,0.621205,-0.386841,-0.381031,0.565042,0.0
2077318642,3,0.620622,-0.387197,-0.382016,0.564773,0.0
2077318652,3,0.619977,-0.387557,-0.383088,0.564509,0.0
2077318662,3,0.61891,-0.388245,-0.384089,0.564526,0.0
2077318672,3,0.617554,-0.389309,-0.384996,0.564661,0.0
2077318682,3,0.616317,-0.390732,-0.385486,0.564695,0.0
2077318692,3,0.615558,-0.392784,-0.385084,0.564374,0.0
2077318702,3,0.615417,-0.395512,-0.383955,0.56339,0.0
2077318712,3,0.615864,-0.398081,-0.382625,0.561996,0.0
2077318722,3,0.615968,-0.400019,-0.381615,0.561192,0.0
2077318732,3,0.61548,-0.401066,-0.3813,0.561194,0.0
2077318742,3,0.614349,-0.401874,-0.381275,0.561872,0.0
2077318752,3,0.612995,-0.403208,-0.380828,0.562698,0.0
2077318763,3,0.61191,-0.404472,-0.380311,0.563321,0.0
2077318773,3,0.611124,-0.405842,-0.379615,0.563658,0.0
2077318783,3,0.61077,-0.407187,-0.378813,0.563612,0.0
2077318793,3,0.610086,-0.406827,-0.379719,0.564002,0.0
2077318803,3,0.60946,-0.406459,-0.380444,0.564455,0.0
2077318813,3,0.608923,-0.406088,-0.381086,0.564869,0.0
2077318823,3,0.609028,-0.408412,-0.378637,0.564728,0.0
2077318833,3,0.609262,-0.41024,-0.376525,0.564561,0.0
2077318843,3,0.609548,-0.411318,-0.375115,0.564408,0.0
2077318853,3,0.610009,-0.411904,-0.374299,0.564023,0.0
2077318863,3,0.610528,-0.412294,-0.373628,0.563621,0.0
2077318873,3,0.610078,-0.4114,-0.374107,0.564443,0.0
2077318883,3,0.610432,-0.411667,-0.373154,0.564498,0.0
2077318894,3,0.610531,-0.411615,-0.372475,0.564877,0.0
2077318904,3,0.610672,-0.410969,-0.372473,0.565195,0.0
2077318914,3,0.610683,-0.409815,-0.373151,0.565575,0.0
2077318924,3,0.610398,-0.408499,-0.374097,0.566209,0.0
2077318934,3,0.610033,-0.407278,-0.374907,0.566946,0.0
2077318944,3,0.609815,-0.406089,-0.375634,0.567552,0.0
2077318954,3,0.610795,-0.406945,-0.374117,0.566886,0.0
2077318964,3,0.611679,-0.407196,-0.373036,0.566465,0.0
2077318974,3,0.612246,-0.406987,-0.372269,0.566507,0.0
2077318984,3,0.611875,-0.405479,-0.373229,0.567357,0.0
2077318994,3,0.611768,-0.404896,-0.373405,0.567773,0.0
2077319004,3,0.611848,-0.404208,-0.37356,0.568075,0.0
2077319014,3,0.611642,-0.402509,-0.374479,0.568898,0.0
2077319025,3,0.611859,-0.402595,-0.373579,0.569195,0.0
2077319035,3,0.611946,-0.402469,-0.373074,0.569522,0.0
2077319045,3,0.611798,-0.402064,-0.372802,0.570144,0.0
2077319055,3,0.611491,-0.401298,-0.372976,0.5709,0.0
2077319065,3,0.611602,-0.401228,-0.372782,0.570956,0.0
2077319075,3,0.611589,-0.400387,-0.37334,0.571196,0.0
2077319085,3,0.611588,-0.39925,-0.37396,0.571587,0.0
2077319095,3,0.612784,-0.399584,-0.372761,0.570855,0.0
2077319105,3,0.613361,-0.399502,-0.372149,0.570692,0.0
2077319115,3,0.613415,-0.399219,-0.372299,0.570734,0.0
2077319125,3,0.613069,-0.398506,-0.373218,0.571004,0.0
2077319135,3,0.612801,-0.397688,-0.374562,0.570982,0.0
2077319145,3,0.612076,-0.397375,-0.37582,0.571151,0.0
2077319155,3,0.611598,-0.397235,-0.377348,0.570752,0.0
2077319166,3,0.610969,-0.397433,-0.378842,0.570298,0.0
2077319176,3,0.60984,-0.397887,-0.380446,0.570124,0.0
2077319186,3,0.608605,-0.39887,-0.381981,0.569729,0.0
2077319196,3,0.607885,-0.400456,-0.383079,0.568646,0.0
2077319206,3,0.607163,-0.401984,-0.384287,0.567523,0.0
2077319216,3,0.60649,-0.403732,-0.38543,0.566226,0.0
2077319226,3,0.605723,-0.405573,-0.386417,0.565058,0.0
2077319236,3,0.60477,-0.407552,-0.387409,0.563974,0.0
2077319246,3,0.603484,-0.409571,-0.388549,0.563105,0.0
2077319256,3,0.60199,-0.41174,-0.389647,0.562363,0.0
2077319266,3,0.600543,-0.414044,-0.390711,0.561479,0.0
2077319276,3,0.598885,-0.415286,-0.392838,0.560849,0.0
2077319286,3,0.597199,-0.416359,-0.395013,0.560323,0.0
2077319297,3,0.595574,-0.418403,-0.395956,0.559863,0.0
2077319307,3,0.593845,-0.420285,-0.397022,0.559535,0.0
2077319317,3,0.591955,-0.422304,-0.397846,0.559433,0.0
2077319327,3,0.590391,-0.424764,-0.398017,0.559101,0.0
2077319337,3,0.589323,-0.427385,-0.397682,0.558469,0.0
2077319347,3,0.588526,-0.430359,-0.396821,0.557638,0.0
2077319357,3,0.587638,-0.433061,-0.395981,0.557079,0.0
2077319367,3,0.586195,-0.432879,-0.397889,0.557381,0.0
2077319377,3,0.58503,-0.43503,-0.39718,0.557436,0.0
2077319387,3,0.584058,-0.437399,-0.396272,0.557247,0.0
2077319397,3,0.58313,-0.43962,-0.395559,0.556978,0.0
2077319407,3,0.582148,-0.441309,-0.395186,0.556935,0.0
2077319417,3,0.581313,-0.442597,-0.395087,0.556856,0.0
2077319428,3,0.580522,-0.444207,-0.394673,0.556693,0.0
2077319438,3,0.579492,-0.445848,-0.394181,0.556802,0.0
2077319448,3,0.578293,-0.447154,-0.393801,0.557269,0.0
2077319458,3,0.577145,-0.448048,-0.393671,0.557833,0.0
2077319468,3,0.576156,-0.449235,-0.393351,0.558126,0.0
2077319478,3,0.575394,-0.450778,-0.392829,0.558036,0.0
2077319488,3,0.574811,-0.451965,-0.392416,0.557968,0.0
2077319498,3,0.574271,-0.452979,-0.392008,0.557988,0.0
2077319508,3,0.573886,-0.454339,-0.391351,0.55774,0.0
2077319518,3,0.573721,-0.455503,-0.390795,0.557349,0.0
2077319528,3,0.573804,-0.456191,-0.390545,0.556876,0.0
2077319538,3,0.573998,-0.456321,-0.39085,0.556356,0.0
2077319548,3,0.573911,-0.456474,-0.391354,0.555966,0.0
2077319558,3,0.573739,-0.456924,-0.391622,0.555584,0.0
2077319569,3,0.573137,-0.456642,-0.392367,0.555913,0.0
2077319579,3,0.572553,-0.457059,-0.392432,0.556125,0.0
2077319589,3,0.572211,-0.457268,-0.393013,0.555896,0.0
2077319599,3,0.571556,-0.45728,-0.393856,0.555963,0.0
2077319609,3,0.570798,-0.457283,-0.394692,0.556146,0.0
2077319619,3,0.569948,-0.457267,-0.395546,0.556424,0.0
2077319629,3,0.569149,-0.457483,-0.396235,0.556575,0.0
2077319639,3,0.568996,-0.458685,-0.395849,0.556016,0.0
2077319649,3,0.569004,-0.459537,-0.39576,0.555367,0.0
2077319659,3,0.568891,-0.460208,-0.395858,0.554857,0.0
2077319669,3,0.568712,-0.460993,-0.395923,0.554342,0.0
2077319679,3,0.568517,-0.461744,-0.396157,0.553749,0.0
2077319689,3,0.567585,-0.462192,-0.396745,0.553912,0.0
2077319700,3,0.566701,-0.462704,-0.397324,0.553974,0.0
2077319710,3,0.566868,-0.464352,-0.396815,0.552787,0.0
2077319720,3,0.566805,-0.465364,-0.396898,0.551941,0.0
2077319730,3,0.566293,-0.46586,-0.397562,0.55157,0.0
2077319740,3,0.564951,-0.466509,-0.39813,0.551988,0.0
2077319750,3,0.563623,-0.467633,-0.3985,0.552126,0.0
2077319760,3,0.562821,-0.469462,-0.398291,0.551543,0.0
2077319770,3,0.562037,-0.471085,-0.398261,0.550981,0.0
2077319780,3,0.561231,-0.472413,-0.39848,0.550507,0.0
2077319790,3,0.560365,-0.473754,-0.398616,0.550138,0.0
2077319800,3,0.559566,-0.475387,-0.398449,0.549663,0.0
2077319810,3,0.558916,-0.477252,-0.397869,0.549128,0.0
2077319820,3,0.558558,-0.479631,-0.396787,0.548203,0.0
2077319831,3,0.557588,-0.480607,-0.396993,0.548185,0.0
2077319841,3,0.557816,-0.482542,-0.395949,0.547007,0.0
2077319851,3,0.558013,-0.48401,-0.395184,0.546062,0.0
2077319861,3,0.557912,-0.485229,-0.394442,0.54562,0.0
2077319871,3,0.557496,-0.4861,-0.393898,0.545662,0.0
2077319881,3,0.556751,-0.48707,-0.393116,0.546121,0.0
2077319891,3,0.555964,-0.488198,-0.392057,0.546678,0.0
2077319901,3,0.555511,-0.48957,-0.390814,0.546801,0.0
2077319911,3,0.555587,-0.49101,-0.389406,0.546436,0.0
2077319921,3,0.556161,-0.492178,-0.388104,0.545728,0.0
2077319931,3,0.556839,-0.492733,-0.387178,0.545192,0.0
2077319941,3,0.557588,-0.493455,-0.386064,0.544564,0.0
2077319951,3,0.558446,-0.494031,-0.384963,0.543942,0.0
2077319962,3,0.55899,-0.494149,-0.384092,0.543892,0.0
2077319972,3,0.559231,-0.494072,-0.383511,0.544124,0.0
2077319982,3,0.558946,-0.494133,-0.383068,0.544673,0.0
2077319992,3,0.55876,-0.493748,-0.383356,0.54501,0.0
2077320002,3,0.558643,-0.494401,-0.382644,0.545038,0.0
2077320012,3,0.558657,-0.494657,-0.382013,0.545234,0.0
2077320022,3,0.558712,-0.494652,-0.381475,0.54556,0.0
2077320032,3,0.559938,-0.495259,-0.380462,0.544458,0.0
2077320042,3,0.56077,-0.494967,-0.380058,0.54415,0.0
2077320052,3,0.56092,-0.493808,-0.380491,0.544745,0.0
2077320062,3,0.561126,-0.492746,-0.381179,0.545014,0.0
2077320072,3,0.56134,-0.4919,-0.381726,0.545174,0.0
2077320082,3,0.561845,-0.491778,-0.381379,0.545007,0.0
2077320092,3,0.562758,-0.491991,-0.380514,0.544477,0.0
2077320103,3,0.564084,-0.492857,-0.378981,0.54339,0.0
2077320113,3,0.565258,-0.493287,-0.377837,0.542575,0.0
2077320123,3,0.565784,-0.492707,-0.377726,0.542633,0.0
2077320133,3,0.565458,-0.491633,-0.378214,0.543605,0.0
2077320143,3,0.564876,-0.490976,-0.378494,0.544608,0.0
2077320153,3,0.564786,-0.490968,-0.378235,0.544889,0.0
2077320163,3,0.565335,-0.491193,-0.37765,0.544522,0.0
2077320173,3,0.566076,-0.491305,-0.376976,0.544119,0.0
2077320183,3,0.565979,-0.49119,-0.376366,0.544745,0.0
2077320193,3,0.566612,-0.491436,-0.375305,0.544597,0.0
2077320203,3,0.567001,-0.491196,-0.374364,0.545056,0.0
2077320213,3,0.567292,-0.490421,-0.373905,0.545765,0.0
2077320223,3,0.5677,-0.489511,-0.373868,0.546184,0.0
2077320234,3,0.568236,-0.48851,-0.374243,0.546265,0.0
2077320244,3,0.568912,-0.487496,-0.374666,0.546178,0.0
2077320254,3,0.569762,-0.486727,-0.374771,0.545906,0.0
2077320264,3,0.57061,-0.486595,-0.374292,0.545466,0.0
2077320274,3,0.571491,-0.486861,-0.373543,0.544819,0.0
2077320284,3,0.572478,-0.486915,-0.372993,0.544112,0.0
2077320294,3,0.573506,-0.486632,-0.372735,0.543459,0.0
2077320304,3,0.574399,-0.486131,-0.373021,0.542767,0.0
2077320314,3,0.574876,-0.485288,-0.373867,0.542434,0.0
2077320324,3,0.575001,-0.484604,-0.374447,0.542513,0.0
2077320334,3,0.575207,-0.484361,-0.374466,0.542498,0.0
2077320344,3,0.575749,-0.48476,-0.37388,0.541971,0.0
2077320354,3,0.576578,-0.48516,-0.373471,0.541013,0.0
2077320365,3,0.577063,-0.484803,-0.373761,0.540615,0.0
2077320375,3,0.576636,-0.484697,-0.373708,0.541202,0.0
2077320385,3,0.57627,-0.485139,-0.373418,0.541396,0.0
2077320395,3,0.576008,-0.485386,-0.373324,0.541518,0.0
2077320405,3,0.576165,-0.485649,-0.372881,0.541422,0.0
2077320415,3,0.576577,-0.486037,-0.37218,0.541117,0.0
2077320425,3,0.577387,-0.486674,-0.371381,0.540228,0.0
2077320435,3,0.578401,-0.486979,-0.370913,0.539189,0.0
2077320445,3,0.579023,-0.486665,-0.370826,0.538866,0.0
2077320455,3,0.579117,-0.486091,-0.370883,0.539242,0.0
2077320465,3,0.579031,-0.486016,-0.370605,0.539593,0.0
2077320475,3,0.578934,-0.485599,-0.370745,0.539978,0.0
2077320485,3,0.578863,-0.484871,-0.37127,0.540347,0.0
2077320496,3,0.578756,-0.483971,-0.371867,0.540857,0.0
2077320506,3,0.578701,-0.483572,-0.372152,0.541077,0.0
2077320516,3,0.578643,-0.483738,-0.371872,0.541183,0.0
2077320526,3,0.578744,-0.483988,-0.371158,0.541342,0.0
2077320536,3,0.57934,-0.484126,-0.370273,0.541187,0.0
2077320546,3,0.580266,-0.484054,-0.369627,0.540701,0.0
2077320556,3,0.581005,-0.483762,-0.369235,0.540437,0.0
2077320566,3,0.581386,-0.482562,-0.369515,0.540907,0.0
2077320576,3,0.581241,-0.481296,-0.36983,0.541976,0.0
2077320586,3,0.581254,-0.481054,-0.369461,0.542427,0.0
2077320596,3,0.581682,-0.481608,-0.368328,0.542248,0.0
2077320606,3,0.582653,-0.481673,-0.36735,0.541811,0.0
2077320616,3,0.5839,-0.481189,-0.366773,0.541288,0.0
2077320626,3,0.584976,-0.480033,-0.366899,0.541069,0.0
2077320637,3,0.585483,-0.478892,-0.367168,0.541348,0.0
2077320647,3,0.585914,-0.478261,-0.366626,0.541807,0.0
2077320657,3,0.586365,-0.477248,-0.366159,0.542528,0.0
2077320667,3,0.587038,-0.476351,-0.365736,0.542874,0.0
2077320677,3,0.587866,-0.475494,-0.365472,0.542906,0.0
2077320687,3,0.588662,-0.474255,-0.365712,0.542966,0.0
2077320697,3,0.589334,-0.472873,-0.366,0.543248,0.0
2077320707,3,0.590007,-0.471879,-0.36604,0.543356,0.0
2077320717,3,0.590855,-0.471635,-0.365471,0.543028,0.0
2077320727,3,0.59179,-0.471329,-0.364841,0.5427,0.0
2077320737,3,0.592684,-0.470541,-0.36483,0.542415,0.0
2077320747,3,0.593502,-0.469502,-0.365353,0.542069,0.0
2077320757,3,0.594041,-0.468614,-0.365927,0.54186,0.0
2077320768,3,0.594305,-0.467955,-0.366278,0.541903,0.0
2077320778,3,0.594472,-0.467497,-0.366404,0.542029,0.0
2077320788,3,0.594731,-0.467199,-0.366196,0.542143,0.0
2077320798,3,0.595184,-0.466933,-0.365845,0.542112,0.0
2077320808,3,0.596136,-0.466837,-0.365104,0.541648,0.0
2077320818,3,0.597246,-0.4666,-0.364498,0.541037,0.0
2077320828,3,0.597705,-0.465532,-0.364831,0.541225,0.0
2077320838,3,0.597407,-0.464101,-0.365604,0.542261,0.0
2077320848,3,0.597063,-0.463264,-0.365933,0.543133,0.0
2077320858,3,0.597197,-0.463159,-0.365508,0.543361,0.0
2077320868,3,0.597909,-0.463502,-0.364732,0.542807,0.0
2077320878,3,0.598554,-0.463335,-0.364544,0.542364,0.0
2077320888,3,0.598913,-0.4623,-0.365181,0.542424,0.0
2077320899,3,0.599049,-0.461323,-0.365688,0.542763,0.0
2077320909,3,0.599355,-0.460934,-0.365646,0.542784,0.0
2077320919,3,0.599666,-0.460627,-0.365477,0.542815,0.0
2077320929,3,0.600252,-0.460317,-0.36512,0.542671,0.0
2077320939,3,0.600427,-0.45939,-0.365326,0.543125,0.0
2077320949,3,0.600247,-0.458342,-0.365966,0.543777,0.0
2077320959,3,0.599969,-0.457387,-0.366698,0.544394,0.0
2077320969,3,0.599788,-0.456778,-0.367017,0.544889,0.0
2077320979,3,0.600083,-0.456505,-0.366947,0.54484,0.0
2077320989,3,0.600269,-0.45624,-0.366902,0.544888,0.0
2077320999,3,0.600786,-0.456393,-0.366334,0.544573,0.0
2077321009,3,0.601264,-0.456135,-0.365979,0.5445,0.0
2077321019,3,0.601532,-0.455244,-0.366107,0.544863,0.0
2077321029,3,0.601715,-0.454415,-0.366542,0.54506,0.0
2077321040,3,0.602049,-0.45356,-0.367105,0.545026,0.0
2077321050,3,0.602416,-0.453224,-0.367172,0.544854,0.0
2077321060,3,0.602943,-0.453149,-0.366859,0.544544,0.0
2077321070,3,0.603331,-0.453143,-0.366299,0.544497,0.0
2077321080,3,0.603534,-0.453048,-0.365809,0.54468,0.0
2077321090,3,0.603592,-0.452632,-0.365604,0.545099,0.0
2077321100,3,0.603455,-0.452052,-0.365649,0.545702,0.0
2077321110,3,0.603144,-0.451645,-0.365684,0.546358,0.0
2077321120,3,0.603066,-0.451506,-0.365361,0.546775,0.0
2077321130,3,0.603406,-0.45137,-0.364725,0.546938,0.0
2077321140,3,0.604117,-0.451395,-0.363925,0.546664,0.0
2077321150,3,0.604899,-0.451438,-0.363027,0.546361,0.0
2077321160,3,0.605626,-0.451029,-0.362391,0.546316,0.0
2077321171,3,0.606367,-0.450472,-0.361965,0.546235,0.0
2077321181,3,0.607012,-0.449623,-0.361913,0.546254,0.0
2077321191,3,0.607449,-0.448653,-0.36216,0.546402,0.0
2077321201,3,0.607768,-0.447791,-0.362472,0.546547,0.0
2077321211,3,0.607831,-0.446628,-0.363163,0.54697,0.0
2077321221,3,0.607539,-0.445759,-0.363824,0.547564,0.0
2077321231,3,0.607364,-0.445264,-0.364217,0.547898,0.0
2077321241,3,0.607361,-0.44514,-0.364225,0.547997,0.0
2077321251,3,0.607438,-0.44512,-0.363971,0.548097,0.0
2077321261,3,0.607732,-0.445195,-0.363669,0.547911,0.0
2077321271,3,0.608063,-0.445225,-0.36344,0.547671,0.0
2077321281,3,0.608381,-0.444874,-0.363407,0.547625,0.0
2077321291,3,0.60868,-0.444539,-0.363284,0.547646,0.0
2077321302,3,0.609005,-0.444667,-0.362815,0.547491,0.0
2077321312,3,0.609277,-0.444892,-0.362118,0.547469,0.0
2077321322,3,0.609421,-0.444699,-0.361792,0.54768,0.0
2077321332,3,0.609496,-0.444193,-0.361752,0.548034,0.0
2077321342,3,0.609526,-0.444032,-0.361591,0.548238,0.0
2077321352,3,0.609435,-0.443746,-0.361734,0.548475,0.0
2077321362,3,0.60927,-0.443053,-0.362289,0.548852,0.0
2077321372,3,0.609719,-0.442827,-0.362263,0.548553,0.0
2077321382,3,0.610437,-0.44264,-0.362227,0.547929,0.0
2077321392,3,0.61081,-0.442195,-0.362524,0.547677,0.0
2077321402,3,0.61078,-0.441834,-0.362786,0.547828,0.0
2077321412,3,0.61005,-0.440882,-0.363664,0.548825,0.0
2077321422,3,0.609752,-0.440795,-0.363961,0.549029,0.0
2077321433,3,0.609553,-0.441057,-0.364149,0.548915,0.0
2077321443,3,0.608631,-0.441789,-0.363585,0.549723,0.0
2077321453,3,0.607967,-0.442577,-0.362896,0.550279,0.0
2077321463,3,0.607633,-0.443591,-0.361971,0.55044,0.0
2077321473,3,0.607678,-0.44408,-0.361429,0.550353,0.0
2077321483,3,0.607891,-0.444223,-0.361041,0.550255,0.0
2077321493,3,0.60805,-0.443914,-0.360998,0.550358,0.0
2077321503,3,0.608028,-0.443335,-0.361339,0.550625,0.0
2077321513,3,0.607737,-0.442352,-0.36228,0.551119,0.0
2077321523,3,0.607282,-0.441081,-0.363786,0.551647,0.0
2077321533,3,0.606725,-0.439977,-0.365387,0.552083,0.0
2077321543,3,0.606174,-0.439116,-0.366795,0.552439,0.0
2077321553,3,0.606212,-0.439442,-0.367261,0.551829,0.0
2077321563,3,0.606296,-0.439898,-0.367707,0.551076,0.0
2077321574,3,0.606381,-0.440358,-0.36819,0.550292,0.0
2077321584,3,0.606369,-0.440851,-0.368757,0.54953,0.0
2077321594,3,0.606298,-0.441543,-0.369251,0.548721,0.0
2077321604,3,0.606461,-0.442979,-0.369029,0.547531,0.0
2077321614,3,0.606021,-0.444202,-0.368984,0.547057,0.0
2077321624,3,0.605745,-0.445271,-0.369126,0.546398,0.0
2077321634,3,0.605627,-0.446263,-0.369162,0.545695,0.0
2077321644,3,0.605744,-0.447065,-0.369073,0.544968,0.0
2077321654,3,0.606079,-0.447677,-0.36893,0.54419,0.0
2077321664,3,0.605779,-0.449151,-0.367504,0.544274,0.0
2077321674,3,0.605064,-0.449497,-0.367234,0.544966,0.0
2077321684,3,0.605601,-0.449526,-0.367115,0.544425,0.0
2077321694,3,0.605769,-0.450119,-0.365847,0.544602,0.0
2077321705,3,0.606526,-0.450993,-0.36409,0.544213,0.0
2077321715,3,0.607672,-0.450756,-0.363488,0.543533,0.0
2077321725,3,0.60888,-0.450343,-0.362824,0.542967,0.0
2077321735,3,0.610086,-0.449816,-0.362083,0.542545,0.0
2077321745,3,0.611284,-0.449555,-0.361204,0.541998,0.0
2077321755,3,0.613673,-0.448671,-0.361436,0.539872,0.0
2077321765,3,0.61559,-0.44736,-0.362332,0.538174,0.0
2077321775,3,0.616831,-0.44597,-0.363627,0.537032,0.0
2077321785,3,0.617155,-0.446804,-0.362785,0.536536,0.0
2077321795,3,0.618603,-0.44717,-0.362384,0.534833,0.0
2077321805,3,0.620201,-0.447797,-0.361766,0.532871,0.0
2077321815,3,0.621555,-0.448145,-0.361935,0.530883,0.0
2077321825,3,0.622316,-0.447989,-0.36305,0.529359,0.0
2077321836,3,0.622257,-0.447856,-0.363949,0.528924,0.0
2077321846,3,0.621703,-0.449212,-0.362784,0.529226,0.0
2077321856,3,0.620872,-0.450962,-0.361058,0.529893,0.0
2077321866,3,0.620904,-0.453318,-0.358652,0.529478,0.0
2077321876,3,0.621415,-0.454887,-0.357196,0.528516,0.0
2077321886,3,0.621269,-0.455682,-0.356654,0.52837,0.0
2077321896,3,0.620247,-0.456452,-0.356111,0.529271,0.0
2077321906,3,0.620174,-0.458146,-0.354687,0.528849,0.0
2077321916,3,0.62025,-0.460045,-0.353078,0.528188,0.0
2077321926,3,0.620495,-0.461901,-0.351482,0.527344,0.0
2077321936,3,0.620779,-0.463626,-0.35009,0.526422,0.0
2077321946,3,0.620885,-0.465306,-0.349011,0.525529,0.0
2077321956,3,0.620683,-0.467129,-0.34823,0.524669,0.0
2077321967,3,0.620133,-0.469069,-0.347583,0.524017,0.0
2077321977,3,0.61933,-0.470945,-0.346979,0.523684,0.0
2077321987,3,0.617171,-0.470952,-0.348443,0.525252,0.0
2077321997,3,0.614768,-0.471579,-0.348864,0.527224,0.0
2077322007,3,0.612488,-0.472462,-0.348587,0.529267,0.0
2077322017,3,0.612444,-0.47364,-0.347824,0.528767,0.0
2077322027,3,0.612443,-0.474607,-0.347033,0.528421,0.0
2077322037,3,0.612567,-0.47542,-0.346003,0.528221,0.0
2077322047,3,0.612924,-0.475809,-0.344866,0.528201,0.0
2077322057,3,0.613371,-0.475631,-0.343942,0.528445,0.0
2077322067,3,0.613306,-0.476135,-0.342064,0.529284,0.0
2077322077,3,0.613868,-0.475508,-0.341355,0.529654,0.0
2077322087,3,0.61455,-0.474827,-0.340434,0.530066,0.0
2077322097,3,0.615369,-0.474072,-0.339289,0.530526,0.0
2077322108,3,0.616239,-0.473291,-0.338149,0.53094,0.0
2077322118,3,0.616345,-0.472295,-0.337494,0.532121,0.0
2077322128,3,0.616944,-0.471629,-0.336958,0.532357,0.0
2077322138,3,0.617378,-0.471441,-0.336483,0.53232,0.0
2077322148,3,0.617626,-0.471928,-0.335884,0.531979,0.0
2077322158,3,0.617575,-0.472642,-0.335301,0.531773,0.0
2077322168,3,0.617244,-0.473444,-0.334943,0.531669,0.0
2077322178,3,0.616266,-0.472484,-0.336976,0.532373,0.0
2077322188,3,0.615433,-0.471878,-0.339072,0.532544,0.0
2077322198,3,0.615038,-0.47181,-0.340793,0.531961,0.0
2077322208,3,0.614728,-0.471926,-0.342,0.531441,0.0
2077322218,3,0.614439,-0.472341,-0.342513,0.531075,0.0
2077322228,3,0.613706,-0.472703,-0.342813,0.531408,0.0
2077322239,3,0.612955,-0.472919,-0.343034,0.53194,0.0
2077322249,3,0.612825,-0.473144,-0.34317,0.531801,0.0
2077322259,3,0.612702,-0.473183,-0.34338,0.531773,0.0
2077322269,3,0.612581,-0.473387,-0.343548,0.531622,0.0
2077322279,3,0.611213,-0.472671,-0.344739,0.533061,0.0
2077322289,3,0.610035,-0.472356,-0.345513,0.534186,0.0
2077322299,3,0.609092,-0.472324,-0.345844,0.535076,0.0
2077322309,3,0.60843,-0.472546,-0.345839,0.535636,0.0
2077322319,3,0.607855,-0.472776,-0.345967,0.536005,0.0
2077322329,3,0.607011,-0.472474,-0.346628,0.536798,0.0
2077322339,3,0.605844,-0.472042,-0.34754,0.537908,0.0
2077322349,3,0.604674,-0.471909,-0.348241,0.538885,0.0
2077322359,3,0.603444,-0.472142,-0.348443,0.539929,0.0
2077322370,3,0.602516,-0.472472,-0.348513,0.54063,0.0
2077322380,3,0.602003,-0.472617,-0.348792,0.540895,0.0
2077322390,3,0.601562,-0.472717,-0.349049,0.541134,0.0
2077322400,3,0.601179,-0.472854,-0.348995,0.541474,0.0
2077322410,3,0.600938,-0.472839,-0.348634,0.541986,0.0
2077322420,3,0.601045,-0.47261,-0.3482,0.542346,0.0
2077322430,3,0.60152,-0.472068,-0.347996,0.542422,0.0
2077322440,3,0.60213,-0.471244,-0.347937,0.542501,0.0
2077322450,3,0.602562,-0.470149,-0.348162,0.542827,0.0
2077322460,3,0.602827,-0.468785,-0.348656,0.543395,0.0
2077322470,3,0.603097,-0.467662,-0.349099,0.543777,0.0
2077322480,3,0.603366,-0.466316,-0.349766,0.544207,0.0
2077322490,3,0.604055,-0.465223,-0.350471,0.543924,0.0
2077322501,3,0.605173,-0.464997,-0.350563,0.542814,0.0
2077322511,3,0.606318,-0.464798,-0.350774,0.54157,0.0
2077322521,3,0.607049,-0.464269,-0.351389,0.540805,0.0
2077322531,3,0.607237,-0.463851,-0.35194,0.540594,0.0
2077322541,3,0.607106,-0.463962,-0.352143,0.540514,0.0
2077322551,3,0.607018,-0.464465,-0.351953,0.540304,0.0
2077322561,3,0.607188,-0.465056,-0.351641,0.539808,0.0
2077322571,3,0.607488,-0.465846,-0.351163,0.539099,0.0
2077322581,3,0.607775,-0.466456,-0.350911,0.538412,0.0
2077322591,3,0.607911,-0.466939,-0.350721,0.537963,0.0
2077322601,3,0.60792,-0.467419,-0.350307,0.537807,0.0
2077322611,3,0.607941,-0.467584,-0.349996,0.537842,0.0
2077322621,3,0.608124,-0.467689,-0.349886,0.537615,0.0
2077322631,3,0.608498,-0.467844,-0.349993,0.536987,0.0
2077322642,3,0.608747,-0.467489,-0.350641,0.536591,0.0
2077322652,3,0.608548,-0.466915,-0.351481,0.536767,0.0
2077322662,3,0.608284,-0.46669,-0.352041,0.536896,0.0
2077322672,3,0.607937,-0.466815,-0.352241,0.537047,0.0
2077322682,3,0.607681,-0.467053,-0.352225,0.537141,0.0
2077322692,3,0.607607,-0.467259,-0.352221,0.537049,0.0
2077322702,3,0.607892,-0.46764,-0.352115,0.536464,0.0
2077322712,3,0.608284,-0.467753,-0.352177,0.53588,0.0
2077322722,3,0.608565,-0.467273,-0.352522,0.535752,0.0
2077322732,3,0.608677,-0.466706,-0.352735,0.53598,0.0
2077322742,3,0.608751,-0.466401,-0.352654,0.536215,0.0
2077322752,3,0.608825,-0.466029,-0.352712,0.536416,0.0
2077322762,3,0.608759,-0.465595,-0.352964,0.536701,0.0
2077322773,3,0.608641,-0.464755,-0.353836,0.536989,0.0
2077322783,3,0.608282,-0.463768,-0.355015,0.537471,0.0
2077322793,3,0.607906,-0.463093,-0.355948,0.537861,0.0
2077322803,3,0.607596,-0.462719,-0.356483,0.538179,0.0
2077322813,3,0.607272,-0.462254,-0.356852,0.538699,0.0
2077322823,3,0.607039,-0.461998,-0.357242,0.538922,0.0
2077322833,3,0.606928,-0.461864,-0.357696,0.538862,0.0
2077322843,3,0.60661,-0.46146,-0.358441,0.539071,0.0
2077322853,3,0.605984,-0.460891,-0.359468,0.539577,0.0
2077322863,3,0.605232,-0.460396,-0.360551,0.540122,0.0
2077322873,3,0.604755,-0.46008,-0.361621,0.540209,0.0
2077322883,3,0.604814,-0.460003,-0.362434,0.539664,0.0
2077322893,3,0.605306,-0.460047,-0.363143,0.538597,0.0
2077322904,3,0.605615,-0.459775,-0.364262,0.537725,0.0
2077322914,3,0.605259,-0.459034,-0.365993,0.537584,0.0
2077322924,3,0.60451,-0.458356,-0.367802,0.537771,0.0
2077322934,3,0.604536,-0.45864,-0.368612,0.536944,0.0
2077322944,3,0.60448,-0.459009,-0.369508,0.536075,0.0
2077322954,3,0.604273,-0.45948,-0.370507,0.535215,0.0
2077322964,3,0.603888,-0.46002,-0.371626,0.53441,0.0
2077322974,3,0.603351,-0.460613,-0.372827,0.533667,0.0
2077322984,3,0.602732,-0.461326,-0.374052,0.532894,0.0
2077322994,3,0.602151,-0.462093,-0.375259,0.532037,0.0
2077323004,3,0.601634,-0.462568,-0.376541,0.531302,0.0
2077323014,3,0.601438,-0.464325,-0.376169,0.530255,0.0
2077323024,3,0.60137,-0.465762,-0.375918,0.529248,0.0
2077323034,3,0.601007,-0.466568,-0.376269,0.5287,0.0
2077323045,3,0.600283,-0.46651,-0.377465,0.528723,0.0
2077323055,3,0.599061,-0.466206,-0.378943,0.529318,0.0
2077323065,3,0.59802,-0.466058,-0.38019,0.529732,0.0
2077323075,3,0.597106,-0.466223,-0.381045,0.530003,0.0
2077323085,3,0.595957,-0.466604,-0.381659,0.530519,0.0
2077323095,3,0.594543,-0.466885,-0.382369,0.531346,0.0
2077323105,3,0.59301,-0.467416,-0.383236,0.531967,0.0
2077323115,3,0.592115,-0.467976,-0.384323,0.531688,0.0
2077323125,3,0.590712,-0.468968,-0.384845,0.531998,0.0
2077323135,3,0.589542,-0.469891,-0.385213,0.532214,0.0
2077323145,3,0.588627,-0.471003,-0.385269,0.532204,0.0
2077323155,3,0.587935,-0.472144,-0.385257,0.531966,0.0
2077323165,3,0.58741,-0.47276,-0.385513,0.531813,0.0
2077323176,3,0.586672,-0.472818,-0.386099,0.532151,0.0
2077323186,3,0.58558,-0.472654,-0.386978,0.532861,0.0
2077323196,3,0.584107,-0.472247,-0.388234,0.533924,0.0
2077323206,3,0.582536,-0.47151,-0.389752,0.535184,0.0
2077323216,3,0.581206,-0.470816,-0.391155,0.536216,0.0
2077323226,3,0.580725,-0.471031,-0.391888,0.536013,0.0
2077323236,3,0.579686,-0.471565,-0.392314,0.536357,0.0
2077323246,3,0.578473,-0.471709,-0.393004,0.537034,0.0
2077323256,3,0.577209,-0.471947,-0.393705,0.537671,0.0
2077323266,3,0.576145,-0.472492,-0.394266,0.537922,0.0
2077323276,3,0.575688,-0.472795,-0.395022,0.537591,0.0
2077323286,3,0.575552,-0.473822,-0.394852,0.536957,0.0
2077323296,3,0.57553,-0.474701,-0.39462,0.536373,0.0
2077323307,3,0.575143,-0.47559,-0.394399,0.536164,0.0
2077323317,3,0.574367,-0.476374,-0.394359,0.536329,0.0
2077323327,3,0.573126,-0.47667,-0.394756,0.537101,0.0
2077323337,3,0.571502,-0.476452,-0.395803,0.538254,0.0
2077323347,3,0.570232,-0.476644,-0.396697,0.538772,0.0
2077323357,3,0.569256,-0.477011,-0.397693,0.538745,0.0
2077323367,3,0.568311,-0.477481,-0.39846,0.538759,0.0
2077323377,3,0.567503,-0.477696,-0.399118,0.538935,0.0
2077323387,3,0.566805,-0.477713,-0.399657,0.539253,0.0
2077323397,3,0.566665,-0.47918,-0.398556,0.538915,0.0
2077323407,3,0.566385,-0.480043,-0.39799,0.538859,0.0
2077323417,3,0.565723,-0.480121,-0.398324,0.539238,0.0
2077323427,3,0.564502,-0.479713,-0.399379,0.5401,0.0
2077323438,3,0.563947,-0.480304,-0.399517,0.540051,0.0
2077323448,3,0.563483,-0.480932,-0.39952,0.539975,0.0
2077323458,3,0.562605,-0.482405,-0.398428,0.540384,0.0
2077323468,3,0.562059,-0.484151,-0.397059,0.540398,0.0
2077323478,3,0.56207,-0.48586,-0.395552,0.539957,0.0
2077323488,3,0.562027,-0.485969,-0.395609,0.539863,0.0
2077323498,3,0.562079,-0.486048,-0.395569,0.539766,0.0
2077323508,3,0.56218,-0.486139,-0.395442,0.539672,0.0
2077323518,3,0.562224,-0.485998,-0.395379,0.5398,0.0
2077323528,3,0.563464,-0.485253,-0.395853,0.538829,0.0
2077323538,3,0.564695,-0.484534,-0.396118,0.537991,0.0
2077323548,3,0.565394,-0.484438,-0.395679,0.537666,0.0
2077323558,3,0.565113,-0.484314,-0.395464,0.538232,0.0
2077323568,3,0.564594,-0.484216,-0.395517,0.538825,0.0
2077323579,3,0.563181,-0.48365,-0.396203,0.540307,0.0
2077323589,3,0.562384,-0.483574,-0.396431,0.541036,0.0
2077323599,3,0.561695,-0.483636,-0.396229,0.541844,0.0
2077323609,3,0.560979,-0.483551,-0.395776,0.542991,0.0
2077323619,3,0.560042,-0.483246,-0.39541,0.544495,0.0
2077323629,3,0.557885,-0.483743,-0.394446,0.546962,0.0
2077323639,3,0.55521,-0.483631,-0.39413,0.550003,0.0
2077323649,3,0.554166,-0.483793,-0.393637,0.551264,0.0
2077323659,3,0.553255,-0.484087,-0.392974,0.552393,0.0
2077323669,3,0.552552,-0.484593,-0.392276,0.553149,0.0
2077323679,3,0.550821,-0.4849,-0.391477,0.555169,0.0
2077323689,3,0.550721,-0.486311,-0.388951,0.555809,0.0
2077323699,3,0.551824,-0.485711,-0.388147,0.555801,0.0
2077323710,3,0.553007,-0.484653,-0.387751,0.555826,0.0
2077323720,3,0.553755,-0.483329,-0.387977,0.556077,0.0
2077323730,3,0.553631,-0.481354,-0.388948,0.557233,0.0
2077323740,3,0.553455,-0.479738,-0.389522,0.5584,0.0
2077323750,3,0.554029,-0.478883,-0.389226,0.55877,0.0
2077323760,3,0.555626,-0.477779,-0.388512,0.558627,0.0
2077323770,3,0.557684,-0.476459,-0.387805,0.558194,0.0
2077323780,3,0.559472,-0.474905,-0.387319,0.558067,0.0
2077323790,3,0.560455,-0.473329,-0.387244,0.558471,0.0
2077323800,3,0.560773,-0.472339,-0.387192,0.559025,0.0
2077323810,3,0.56064,-0.471863,-0.38685,0.559797,0.0
2077323820,3,0.562038,-0.47215,-0.386428,0.558444,0.0
2077323830,3,0.562534,-0.471859,-0.387142,0.557696,0.0
2077323841,3,0.56231,-0.471815,-0.388086,0.557302,0.0
2077323851,3,0.561146,-0.472184,-0.388807,0.55766,0.0
2077323861,3,0.559792,-0.472978,-0.389437,0.557909,0.0
2077323871,3,0.558902,-0.474764,-0.38917,0.557469,0.0
2077323881,3,0.558983,-0.476199,-0.389172,0.556162,0.0
2077323891,3,0.55907,-0.477389,-0.389402,0.554892,0.0
2077323901,3,0.558976,-0.477946,-0.390364,0.55383,0.0
2077323911,3,0.558657,-0.478781,-0.39082,0.553108,0.0
2077323921,3,0.55833,-0.479648,-0.390925,0.552614,0.0
2077323931,3,0.558528,-0.481134,-0.390162,0.551659,0.0
2077323941,3,0.559469,-0.483401,-0.388638,0.549797,0.0
2077323951,3,0.560398,-0.4856,-0.387174,0.547943,0.0
2077323961,3,0.561118,-0.486831,-0.38673,0.546425,0.0
2077323972,3,0.560715,-0.487097,-0.387426,0.546108,0.0
2077323982,3,0.55952,-0.486794,-0.388998,0.546487,0.0
2077323992,3,0.557757,-0.486099,-0.391253,0.547297,0.0
2077324002,3,0.556017,-0.485316,-0.3937,0.548007,0.0
2077324012,3,0.554736,-0.484639,-0.396107,0.548171,0.0
2077324022,3,0.55423,-0.484714,-0.397831,0.547367,0.0
2077324032,3,0.554292,-0.485489,-0.398717,0.54597,0.0
2077324042,3,0.554671,-0.486639,-0.398893,0.544431,0.0
2077324052,3,0.555106,-0.487871,-0.398584,0.54311,0.0
2077324062,3,0.555593,-0.489696,-0.397702,0.541614,0.0
2077324072,3,0.556019,-0.491867,-0.396527,0.540069,0.0
2077324082,3,0.556383,-0.494194,-0.395074,0.538632,0.0
2077324092,3,0.55647,-0.496702,-0.393373,0.53748,0.0
2077324102,3,0.556193,-0.499377,-0.391747,0.536475,0.0
2077324113,3,0.5561,-0.500955,-0.39143,0.53533,0.0
2077324123,3,0.55575,-0.502621,-0.391155,0.534331,0.0
2077324133,3,0.555121,-0.504201,-0.391029,0.533588,0.0
2077324143,3,0.554247,-0.505754,-0.391075,0.532993,0.0
2077324153,3,0.553315,-0.507367,-0.391141,0.53238,0.0
2077324163,3,0.55246,-0.508853,-0.391151,0.531842,0.0
2077324173,3,0.551818,-0.510155,-0.391081,0.531312,0.0
2077324183,3,0.551487,-0.510864,-0.391228,0.530865,0.0
2077324193,3,0.551951,-0.511461,-0.391101,0.529902,0.0
2077324203,3,0.553044,-0.511881,-0.390891,0.528509,0.0
2077324213,3,0.554671,-0.512355,-0.390315,0.526768,0.0
2077324223,3,0.556489,-0.513115,-0.389336,0.524832,0.0
2077324233,3,0.557191,-0.513226,-0.388871,0.524324,0.0
2077324244,3,0.558173,-0.513076,-0.388911,0.523395,0.0
2077324254,3,0.558562,-0.512895,-0.3895,0.522719,0.0
2077324264,3,0.558734,-0.513831,-0.389295,0.521768,0.0
2077324274,3,0.558582,-0.515035,-0.389185,0.520825,0.0
2077324284,3,0.558038,-0.515526,-0.390269,0.520111,0.0
2077324294,3,0.556779,-0.515871,-0.391925,0.519873,0.0
2077324304,3,0.554849,-0.515541,-0.394625,0.52022,0.0
2077324314,3,0.553568,-0.517095,-0.395195,0.519609,0.0
2077324324,3,0.552424,-0.518739,-0.395539,0.518926,0.0
2077324334,3,0.551932,-0.520652,-0.395344,0.517682,0.0
2077324344,3,0.550894,-0.521798,-0.39548,0.517528,0.0
2077324354,3,0.549848,-0.521902,-0.396087,0.518072,0.0
2077324364,3,0.548887,-0.522022,-0.395985,0.519047,0.0
2077324375,3,0.548212,-0.522224,-0.395319,0.520065,0.0
2077324385,3,0.54789,-0.5225,-0.394204,0.520972,0.0
2077324395,3,0.547966,-0.522491,-0.393017,0.521797,0.0
2077324405,3,0.548162,-0.521427,-0.392872,0.522763,0.0
2077324415,3,0.548495,-0.520031,-0.39293,0.523761,0.0
2077324425,3,0.549411,-0.519383,-0.392115,0.524054,0.0
2077324435,3,0.550025,-0.51842,-0.391674,0.524692,0.0
2077324445,3,0.550341,-0.517331,-0.391587,0.5255,0.0
2077324455,3,0.550341,-0.516592,-0.391655,0.526177,0.0
2077324465,3,0.549981,-0.513369,-0.394853,0.527316,0.0
2077324475,3,0.550106,-0.513454,-0.394383,0.527454,0.0
2077324485,3,0.55052,-0.513687,-0.393749,0.527269,0.0
2077324495,3,0.551501,-0.514271,-0.392819,0.526368,0.0
2077324505,3,0.552583,-0.514355,-0.392796,0.525167,0.0
2077324516,3,0.552206,-0.514443,-0.393071,0.525272,0.0
2077324526,3,0.551586,-0.514854,-0.393365,0.525301,0.0
2077324536,3,0.55088,-0.515193,-0.393732,0.525434,0.0
2077324546,3,0.550678,-0.515107,-0.394869,0.524876,0.0
2077324556,3,0.55094,-0.515303,-0.3958,0.523706,0.0
2077324566,3,0.551396,-0.515469,-0.39671,0.522373,0.0
2077324576,3,0.551332,-0.515056,-0.398314,0.521626,0.0
2077324586,3,0.550702,-0.514907,-0.399418,0.521596,0.0
2077324596,3,0.549654,-0.515056,-0.399936,0.522157,0.0
2077324606,3,0.5484,-0.515517,-0.400198,0.522818,0.0
2077324616,3,0.54724,-0.516024,-0.400418,0.523365,0.0
2077324626,3,0.546679,-0.516337,-0.400736,0.523399,0.0
2077324636,3,0.546065,-0.516704,-0.400922,0.523536,0.0
2077324647,3,0.544822,-0.517228,-0.400758,0.524438,0.0
2077324657,3,0.543658,-0.517854,-0.400308,0.525372,0.0
2077324667,3,0.542959,-0.518242,-0.399694,0.526178,0.0
2077324677,3,0.543024,-0.518712,-0.398814,0.526316,0.0
2077324687,3,0.543266,-0.518834,-0.398217,0.526397,0.0
2077324697,3,0.543482,-0.518307,-0.398131,0.526759,0.0
2077324707,3,0.543254,-0.517189,-0.398413,0.52788,0.0
2077324717,3,0.542975,-0.515913,-0.398786,0.529131,0.0
2077324727,3,0.542644,-0.514338,-0.399485,0.530474,0.0
2077324737,3,0.542724,-0.513107,-0.399965,0.531223,0.0
2077324747,3,0.543069,-0.511858,-0.400486,0.531682,0.0
2077324757,3,0.54328,-0.510814,-0.400943,0.532127,0.0
2077324767,3,0.543304,-0.509888,-0.401429,0.532624,0.0
2077324778,3,0.543299,-0.508738,-0.402065,0.533249,0.0
2077324788,3,0.54339,-0.507812,-0.402467,0.533735,0.0
2077324798,3,0.543828,-0.5074,-0.402376,0.533749,0.0
2077324808,3,0.544832,-0.507557,-0.401766,0.533035,0.0
2077324818,3,0.545996,-0.507695,-0.401029,0.532267,0.0
2077324828,3,0.546948,-0.507378,-0.400586,0.531925,0.0
2077324838,3,0.547603,-0.506494,-0.400774,0.531953,0.0
2077324848,3,0.548024,-0.505836,-0.400905,0.532046,0.0
2077324858,3,0.54853,-0.50561,-0.400695,0.531897,0.0
2077324868,3,0.549059,-0.505766,-0.400244,0.531542,0.0
2077324878,3,0.549551,-0.505604,-0.40023,0.531199,0.0
2077324888,3,0.549761,-0.505078,-0.400679,0.531143,0.0
2077324898,3,0.549792,-0.504625,-0.401087,0.531234,0.0
2077324909,3,0.549871,-0.504841,-0.400738,0.53121,0.0
2077324919,3,0.549579,-0.504532,-0.40078,0.531775,0.0
2077324929,3,0.549405,-0.504134,-0.400803,0.532314,0.0
2077324939,3,0.549347,-0.503478,-0.401028,0.532825,0.0
2077324949,3,0.549607,-0.502949,-0.400917,0.533139,0.0
2077324959,3,0.550341,-0.502667,-0.400506,0.532958,0.0
2077324969,3,0.551104,-0.502347,-0.400063,0.532804,0.0
2077324979,3,0.551823,-0.501458,-0.40002,0.53293,0.0
2077324989,3,0.552333,-0.500062,-0.400373,0.533448,0.0
2077324999,3,0.552583,-0.498637,-0.400853,0.534161,0.0
2077325009,3,0.552767,-0.49748,-0.401211,0.53478,0.0
2077325019,3,0.55313,-0.496778,-0.401319,0.534977,0.0
2077325029,3,0.553551,-0.495936,-0.401749,0.534999,0.0
2077325039,3,0.553839,-0.494766,-0.402574,0.535165,0.0
2077325050,3,0.553735,-0.493674,-0.403329,0.535712,0.0
2077325060,3,0.55341,-0.492766,-0.403772,0.536549,0.0
2077325070,3,0.553056,-0.492139,-0.403805,0.537465,0.0
2077325080,3,0.552953,-0.491963,-0.403485,0.537971,0.0
2077325090,3,0.552972,-0.491874,-0.403223,0.538229,0.0
2077325100,3,0.553011,-0.491643,-0.403032,0.538544,0.0
2077325110,3,0.55305,-0.491126,-0.402924,0.539056,0.0
2077325120,3,0.553007,-0.49061,-0.402798,0.539664,0.0
2077325130,3,0.552812,-0.489974,-0.402714,0.540503,0.0
2077325140,3,0.552534,-0.489424,-0.40253,0.541422,0.0
2077325150,3,0.552371,-0.48867,-0.402355,0.542399,0.0
2077325160,3,0.552426,-0.488176,-0.401942,0.543093,0.0
2077325170,3,0.552697,-0.48745,-0.401662,0.543677,0.0
2077325181,3,0.552927,-0.486128,-0.401782,0.544538,0.0
2077325191,3,0.553043,-0.485074,-0.401683,0.545431,0.0
2077325201,3,0.553201,-0.48441,-0.401284,0.546154,0.0
2077325211,3,0.553357,-0.483573,-0.400879,0.547035,0.0
2077325221,3,0.553451,-0.48265,-0.400543,0.548,0.0
2077325231,3,0.553744,-0.482064,-0.400078,0.548559,0.0
2077325241,3,0.554111,-0.481768,-0.399549,0.548834,0.0
2077325251,3,0.554417,-0.481231,-0.399124,0.549305,0.0
2077325261,3,0.55466,-0.480692,-0.398787,0.549776,0.0
2077325271,3,0.554721,-0.48001,-0.398509,0.550512,0.0
2077325281,3,0.554716,-0.479382,-0.398037,0.551405,0.0
2077325291,3,0.554862,-0.479244,-0.397144,0.552022,0.0
2077325301,3,0.555113,-0.478928,-0.396283,0.552662,0.0
2077325312,3,0.555349,-0.478315,-0.395744,0.553342,0.0
2077325322,3,0.555385,-0.477325,-0.395562,0.55429,0.0
2077325332,3,0.555502,-0.476603,-0.395146,0.55509,0.0
2077325342,3,0.555668,-0.475865,-0.394696,0.555876,0.0
2077325352,3,0.555882,-0.474933,-0.394236,0.556785,0.0
2077325362,3,0.556162,-0.473927,-0.393762,0.557698,0.0
2077325372,3,0.556643,-0.473941,-0.392239,0.558278,0.0
2077325382,3,0.556837,-0.47352,-0.391148,0.559208,0.0
2077325392,3,0.556857,-0.472714,-0.390401,0.56039,0.0
2077325402,3,0.55762,-0.472111,-0.389529,0.560747,0.0
2077325412,3,0.559358,-0.47225,-0.388186,0.559829,0.0
2077325422,3,0.561909,-0.472613,-0.386663,0.558019,0.0
2077325432,3,0.564751,-0.472522,-0.385365,0.556122,0.0
2077325443,3,0.567891,-0.472204,-0.384363,0.553883,0.0
2077325453,3,0.568538,-0.471193,-0.384087,0.554272,0.0
2077325463,3,0.571053,-0.469225,-0.385444,0.552411,0.0
2077325473,3,0.573219,-0.467083,-0.387311,0.550673,0.0
2077325483,3,0.572864,-0.466654,-0.387321,0.551399,0.0
2077325493,3,0.572039,-0.466731,-0.387269,0.552227,0.0
2077325503,3,0.570511,-0.467063,-0.387414,0.553424,0.0
2077325513,3,0.568919,-0.467553,-0.387223,0.554781,0.0
2077325523,3,0.567914,-0.46808,-0.386514,0.55586,0.0
2077325533,3,0.567351,-0.468242,-0.385807,0.556787,0.0
2077325543,3,0.566638,-0.468346,-0.385572,0.55759,0.0
2077325553,3,0.565541,-0.468546,-0.385637,0.558489,0.0
2077325563,3,0.564158,-0.46897,-0.385556,0.559588,0.0
2077325573,3,0.562588,-0.469521,-0.3851,0.561018,0.0
2077325584,3,0.561323,-0.470431,-0.383954,0.562307,0.0
2077325594,3,0.560868,-0.471766,-0.382212,0.562828,0.0
2077325604,3,0.561165,-0.473399,-0.380306,0.562453,0.0
2077325614,3,0.561767,-0.475459,-0.378582,0.561275,0.0
2077325624,3,0.562218,-0.477496,-0.377076,0.560108,0.0
2077325634,3,0.562408,-0.47947,-0.375675,0.559171,0.0
2077325644,3,0.562679,-0.481509,-0.374076,0.558218,0.0
2077325654,3,0.563399,-0.483185,-0.372485,0.557107,0.0
2077325664,3,0.562366,-0.48454,-0.370348,0.558395,0.0
2077325674,3,0.563555,-0.485037,-0.369363,0.557417,0.0
2077325684,3,0.565003,-0.48508,-0.368813,0.556277,0.0
2077325694,3,0.566348,-0.484551,-0.368751,0.55541,0.0
2077325704,3,0.567593,-0.484448,-0.367892,0.554799,0.0
2077325715,3,0.568875,-0.484641,-0.366399,0.554306,0.0
2077325725,3,0.570795,-0.485436,-0.364279,0.553032,0.0
2077325735,3,0.573119,-0.485381,-0.362826,0.55163,0.0
2077325745,3,0.575495,-0.484406,-0.362265,0.55038,0.0
2077325755,3,0.576581,-0.483584,-0.361446,0.550505,0.0
2077325765,3,0.578287,-0.481714,-0.362189,0.549866,0.0
2077325775,3,0.579096,-0.47952,-0.36366,0.549962,0.0
2077325785,3,0.579327,-0.477089,-0.365745,0.550449,0.0
2077325795,3,0.579467,-0.477402,-0.365136,0.550435,0.0
2077325805,3,0.579526,-0.478188,-0.364301,0.550244,0.0
2077325815,3,0.579609,-0.479347,-0.363218,0.549865,0.0
2077325825,3,0.580433,-0.480795,-0.361901,0.548597,0.0
2077325835,3,0.581109,-0.482361,-0.36048,0.547442,0.0
2077325846,3,0.58088,-0.483312,-0.359821,0.54728,0.0
2077325856,3,0.580623,-0.484567,-0.359144,0.546888,0.0
2077325866,3,0.581808,-0.485601,-0.358757,0.544961,0.0
2077325876,3,0.581378,-0.486558,-0.358013,0.545057,0.0
2077325886,3,0.580909,-0.487497,-0.357233,0.545228,0.0
2077325896,3,0.580427,-0.488478,-0.356514,0.545335,0.0
2077325906,3,0.580005,-0.489546,-0.355814,0.545283,0.0
2077325916,3,0.579652,-0.4901,-0.355266,0.545517,0.0
2077325926,3,0.578303,-0.488297,-0.35699,0.547438,0.0
2077325936,3,0.577304,-0.486991,-0.358038,0.548968,0.0
2077325946,3,0.577579,-0.487091,-0.357506,0.548937,0.0
2077325956,3,0.577929,-0.48692,-0.357096,0.548987,0.0
2077325966,3,0.578403,-0.486545,-0.356707,0.549075,0.0
2077325977,3,0.578186,-0.484471,-0.35788,0.550372,0.0
2077325987,3,0.578505,-0.483008,-0.358224,0.551097,0.0
2077325997,3,0.579611,-0.482214,-0.357834,0.550885,0.0
2077326007,3,0.580647,-0.481697,-0.357271,0.550611,0.0
2077326017,3,0.581517,-0.481257,-0.356816,0.550372,0.0
2077326027,3,0.582188,-0.480923,-0.356469,0.55018,0.0
2077326037,3,0.581726,-0.479379,-0.357682,0.551228,0.0
2077326047,3,0.581224,-0.478041,-0.359075,0.552014,0.0
2077326057,3,0.581213,-0.477273,-0.36036,0.551852,0.0
2077326067,3,0.581163,-0.476536,-0.361823,0.551584,0.0
2077326077,3,0.580773,-0.475645,-0.363619,0.551584,0.0
2077326087,3,0.580544,-0.476574,-0.363724,0.550952,0.0
2077326097,3,0.580338,-0.477608,-0.363759,0.550251,0.0
2077326107,3,0.580197,-0.478516,-0.363785,0.549593,0.0
2077326118,3,0.580115,-0.47897,-0.363928,0.549189,0.0
2077326128,3,0.580063,-0.479301,-0.364124,0.548825,0.0
2077326138,3,0.580128,-0.479645,-0.364169,0.548426,0.0
2077326148,3,0.580319,-0.479629,-0.364084,0.548294,0.0
2077326158,3,0.58072,-0.479425,-0.363863,0.548195,0.0
2077326168,3,0.580699,-0.4793,-0.363388,0.548641,0.0
2077326178,3,0.581052,-0.479056,-0.363063,0.548695,0.0
2077326188,3,0.581754,-0.47814,-0.363568,0.548418,0.0
2077326198,3,0.582625,-0.47689,-0.364402,0.548026,0.0
2077326208,3,0.583597,-0.476629,-0.364166,0.547376,0.0
2077326218,3,0.584749,-0.476291,-0.364045,0.546521,0.0
2077326228,3,0.585533,-0.47568,-0.363952,0.546276,0.0
2077326238,3,0.586268,-0.475074,-0.363997,0.545984,0.0
2077326249,3,0.587032,-0.474851,-0.364011,0.545348,0.0
2077326259,3,0.587607,-0.472717,-0.366533,0.544893,0.0
2077326269,3,0.588481,-0.471444,-0.368301,0.54386,0.0
2077326279,3,0.589358,-0.470822,-0.36932,0.542756,0.0
2077326289,3,0.589468,-0.470278,-0.370396,0.542375,0.0
2077326299,3,0.588804,-0.469435,-0.372022,0.542714,0.0
2077326309,3,0.588817,-0.470206,-0.372181,0.541923,0.0
2077326319,3,0.588011,-0.4705,-0.372972,0.541998,0.0
2077326329,3,0.587738,-0.470812,-0.37386,0.541411,0.0
2077326339,3,0.587906,-0.471474,-0.374554,0.540172,0.0
2077326349,3,0.588074,-0.471984,-0.375313,0.539016,0.0
2077326359,3,0.587926,-0.473031,-0.375339,0.538241,0.0
2077326369,3,0.587514,-0.474116,-0.375106,0.537899,0.0
2077326380,3,0.586991,-0.474668,-0.37509,0.537994,0.0
2077326390,3,0.587339,-0.475313,-0.375094,0.537041,0.0
2077326400,3,0.587814,-0.475865,-0.375145,0.535996,0.0
2077326410,3,0.588485,-0.475092,-0.376898,0.534714,0.0
2077326420,3,0.589196,-0.47423,-0.378729,0.5334,0.0
2077326430,3,0.589119,-0.473276,-0.380567,0.533025,0.0
2077326440,3,0.588207,-0.472522,-0.382183,0.533545,0.0
2077326450,3,0.587008,-0.472523,-0.383396,0.533994,0.0
2077326460,3,0.586211,-0.473312,-0.384055,0.533697,0.0
2077326470,3,0.585977,-0.474565,-0.384431,0.53257,0.0
2077326480,3,0.585642,-0.475384,-0.385195,0.531655,0.0
2077326490,3,0.584786,-0.475836,-0.386122,0.531519,0.0
2077326500,3,0.58367,-0.476361,-0.386629,0.531907,0.0
2077326510,3,0.583721,-0.477225,-0.386357,0.531274,0.0
2077326521,3,0.584116,-0.477544,-0.385923,0.530869,0.0
2077326531,3,0.584369,-0.479276,-0.383181,0.531016,0.0
2077326541,3,0.584891,-0.480105,-0.3811,0.531189,0.0
2077326551,3,0.585397,-0.479472,-0.38044,0.531677,0.0
2077326561,3,0.585423,-0.47792,-0.380731,0.532836,0.0
2077326571,3,0.586392,-0.477077,-0.380006,0.533044,0.0
2077326581,3,0.58756,-0.476215,-0.379088,0.533182,0.0
2077326591,3,0.587544,-0.474897,-0.378456,0.534821,0.0
2077326601,3,0.587876,-0.473368,-0.378243,0.535962,0.0
2077326611,3,0.588511,-0.472071,-0.378025,0.536563,0.0
2077326621,3,0.589242,-0.470707,-0.378033,0.536952,0.0
2077326631,3,0.589935,-0.469497,-0.377962,0.537301,0.0
2077326641,3,0.590792,-0.46851,-0.377754,0.537367,0.0
2077326652,3,0.591936,-0.467739,-0.377479,0.536974,0.0
2077326662,3,0.593403,-0.467445,-0.376698,0.536158,0.0
2077326672,3,0.594999,-0.466849,-0.376082,0.535339,0.0
2077326682,3,0.596335,-0.465541,-0.376335,0.534814,0.0
2077326692,3,0.597075,-0.464026,-0.377157,0.534727,0.0
2077326702,3,0.597909,-0.463648,-0.3768,0.534374,0.0
2077326712,3,0.598571,-0.463333,-0.376493,0.534121,0.0
2077326722,3,0.599085,-0.463005,-0.376191,0.534042,0.0
2077326732,3,0.599501,-0.462594,-0.375946,0.534105,0.0
2077326742,3,0.599943,-0.462205,-0.375732,0.534096,0.0
2077326752,3,0.600398,-0.461935,-0.375532,0.53396,0.0
2077326762,3,0.60071,-0.462003,-0.375012,0.533915,0.0
2077326772,3,0.601385,-0.462351,-0.374107,0.533488,0.0
2077326783,3,0.602481,-0.46266,-0.373055,0.532719,0.0
2077326793,3,0.604046,-0.462462,-0.372312,0.531639,0.0
2077326803,3,0.604921,-0.461767,-0.37174,0.531648,0.0
2077326813,3,0.606302,-0.461047,-0.3711,0.531147,0.0
2077326823,3,0.607035,-0.460137,-0.37084,0.53128,0.0
2077326833,3,0.607789,-0.459747,-0.370266,0.531155,0.0
2077326843,3,0.608478,-0.459635,-0.36966,0.530885,0.0
2077326853,3,0.607812,-0.45767,-0.371276,0.532217,0.0
2077326863,3,0.608428,-0.457987,-0.370443,0.531822,0.0
2077326873,3,0.609082,-0.45808,-0.369614,0.531569,0.0
2077326883,3,0.609729,-0.457787,-0.368978,0.531522,0.0
2077326893,3,0.609944,-0.457056,-0.368751,0.532061,0.0
2077326903,3,0.610581,-0.456202,-0.368377,0.532323,0.0
2077326914,3,0.610641,-0.454855,-0.368389,0.533397,0.0
2077326924,3,0.611131,-0.453358,-0.368304,0.534168,0.0
2077326934,3,0.611448,-0.451851,-0.368319,0.535072,0.0
2077326944,3,0.611538,-0.450171,-0.368788,0.53606,0.0
2077326954,3,0.611471,-0.4484,-0.369328,0.537248,0.0
2077326964,3,0.611553,-0.44745,-0.368973,0.53819,0.0
2077326974,3,0.612134,-0.447268,-0.367772,0.538502,0.0
2077326984,3,0.613236,-0.447005,-0.366654,0.53823,0.0
2077326994,3,0.614763,-0.44669,-0.365814,0.53732,0.0
2077327004,3,0.616001,-0.445748,-0.36595,0.536591,0.0
2077327014,3,0.616819,-0.444414,-0.366959,0.536068,0.0
2077327024,3,0.617208,-0.443146,-0.368093,0.535893,0.0
2077327034,3,0.617188,-0.442183,-0.368959,0.536115,0.0
2077327044,3,0.617297,-0.441815,-0.369457,0.535951,0.0
2077327055,3,0.617478,-0.44193,-0.369627,0.535531,0.0
2077327065,3,0.617749,-0.44241,-0.369433,0.534955,0.0
2077327075,3,0.618121,-0.442999,-0.369132,0.534246,0.0
2077327085,3,0.618459,-0.443216,-0.369089,0.533704,0.0
2077327095,3,0.618559,-0.443176,-0.369115,0.533603,0.0
2077327105,3,0.618568,-0.44303,-0.36918,0.533669,0.0
2077327115,3,0.617977,-0.442949,-0.369211,0.534398,0.0
2077327125,3,0.617108,-0.442709,-0.369611,0.535325,0.0
2077327135,3,0.616196,-0.442394,-0.370153,0.53626,0.0
2077327145,3,0.615685,-0.442526,-0.370376,0.536584,0.0
2077327155,3,0.615805,-0.443006,-0.370129,0.536221,0.0
2077327165,3,0.616156,-0.443426,-0.369802,0.535696,0.0
2077327175,3,0.616263,-0.443471,-0.369986,0.535408,0.0
2077327186,3,0.615658,-0.442661,-0.370988,0.536081,0.0
2077327196,3,0.615658,-0.442355,-0.371335,0.536093,0.0
2077327206,3,0.615815,-0.442109,-0.37158,0.535946,0.0
2077327216,3,0.61526,-0.44262,-0.37083,0.536681,0.0
2077327226,3,0.615509,-0.442415,-0.371112,0.536369,0.0
2077327236,3,0.615683,-0.44242,-0.371502,0.535895,0.0
2077327246,3,0.615812,-0.442551,-0.371955,0.535325,0.0
2077327256,3,0.615384,-0.442798,-0.372212,0.535433,0.0
2077327266,3,0.615565,-0.443568,-0.371698,0.534944,0.0
2077327276,3,0.61605,-0.444742,-0.370631,0.534151,0.0
2077327286,3,0.616331,-0.444902,-0.370435,0.533829,0.0
2077327296,3,0.615986,-0.444249,-0.371295,0.534175,0.0
2077327306,3,0.61537,-0.443403,-0.372582,0.534692,0.0
2077327317,3,0.614641,-0.442734,-0.373887,0.535173,0.0
2077327327,3,0.613826,-0.442493,-0.375171,0.535408,0.0
2077327337,3,0.612341,-0.442215,-0.376839,0.536167,0.0
2077327347,3,0.610904,-0.442313,-0.378352,0.53666,0.0
2077327357,3,0.610351,-0.443032,-0.379278,0.536042,0.0
2077327367,3,0.609954,-0.443756,-0.380053,0.535345,0.0
2077327377,3,0.609569,-0.444108,-0.380922,0.534874,0.0
2077327387,3,0.610772,-0.446028,-0.379667,0.532792,0.0
2077327397,3,0.609903,-0.445764,-0.380952,0.533092,0.0
2077327407,3,0.608741,-0.445724,-0.382423,0.5334,0.0
2077327417,3,0.607374,-0.446041,-0.383874,0.533651,0.0
2077327427,3,0.605071,-0.446037,-0.385981,0.534749,0.0
2077327437,3,0.603025,-0.44759,-0.386243,0.535572,0.0
2077327448,3,0.601646,-0.450369,-0.384762,0.535861,0.0
2077327458,3,0.600979,-0.451136,-0.385405,0.535501,0.0
2077327468,3,0.600123,-0.451518,-0.386327,0.535475,0.0
2077327478,3,0.59917,-0.451434,-0.387406,0.535833,0.0
2077327488,3,0.597401,-0.452722,-0.386858,0.537117,0.0
2077327498,3,0.595605,-0.453983,-0.386098,0.538592,0.0
2077327508,3,0.595115,-0.453594,-0.387031,0.53879,0.0
2077327518,3,0.594797,-0.453033,-0.387934,0.538964,0.0
2077327528,3,0.594625,-0.452301,-0.388828,0.539124,0.0
2077327538,3,0.593513,-0.451734,-0.389263,0.54051,0.0
2077327548,3,0.593856,-0.450927,-0.389731,0.54047,0.0
2077327558,3,0.594185,-0.451612,-0.38819,0.540645,0.0
2077327568,3,0.594719,-0.451888,-0.386905,0.540749,0.0
2077327578,3,0.595106,-0.450376,-0.387927,0.540852,0.0
2077327589,3,0.59531,-0.448973,-0.389215,0.540868,0.0
2077327599,3,0.594439,-0.44671,-0.391856,0.541793,0.0
2077327609,3,0.594091,-0.445127,-0.394223,0.54176,0.0
2077327619,3,0.59421,-0.444456,-0.395814,0.54102,0.0
2077327629,3,0.594218,-0.444161,-0.397187,0.540247,0.0
2077327639,3,0.593584,-0.444167,-0.398489,0.539981,0.0
2077327649,3,0.592848,-0.444188,-0.399922,0.539712,0.0
2077327659,3,0.592061,-0.444305,-0.401391,0.539389,0.0
2077327669,3,0.591177,-0.445657,-0.401785,0.538949,0.0
2077327679,3,0.590333,-0.446828,-0.402505,0.538367,0.0
2077327689,3,0.588937,-0.447321,-0.404252,0.538178,0.0
2077327699,3,0.587414,-0.448052,-0.405827,0.538049,0.0
2077327709,3,0.585978,-0.448959,-0.407071,0.537919,0.0
2077327720,3,0.584704,-0.449832,-0.40821,0.537712,0.0
2077327730,3,0.583892,-0.453182,-0.406258,0.53726,0.0
2077327740,3,0.583291,-0.455829,-0.404924,0.536682,0.0
2077327750,3,0.582509,-0.457555,-0.404396,0.53646,0.0
2077327760,3,0.58165,-0.4588,-0.404356,0.536359,0.0
2077327770,3,0.580655,-0.460666,-0.403477,0.536498,0.0
2077327780,3,0.579703,-0.462995,-0.401855,0.536741,0.0
2077327790,3,0.578782,-0.465255,-0.400068,0.537115,0.0
2077327800,3,0.578037,-0.467104,-0.398454,0.537514,0.0
2077327810,3,0.577642,-0.468465,-0.397222,0.537665,0.0
2077327820,3,0.577437,-0.469738,-0.395999,0.537675,0.0
2077327830,3,0.577154,-0.470803,-0.394774,0.537949,0.0
2077327840,3,0.576558,-0.471137,-0.394133,0.538765,0.0
2077327851,3,0.575648,-0.47084,-0.394127,0.540002,0.0
2077327861,3,0.575553,-0.470341,-0.394455,0.540297,0.0
2077327871,3,0.575581,-0.46998,-0.394695,0.540406,0.0
2077327881,3,0.575718,-0.469571,-0.394875,0.540484,0.0
2077327891,3,0.576196,-0.4697,-0.394344,0.540251,0.0
2077327901,3,0.577093,-0.469795,-0.393739,0.539652,0.0
2077327911,3,0.57784,-0.469333,-0.393618,0.539343,0.0
2077327921,3,0.578075,-0.468689,-0.393893,0.53945,0.0
2077327931,3,0.57798,-0.468247,-0.394194,0.539716,0.0
2077327941,3,0.577755,-0.467853,-0.394561,0.540031,0.0
2077327951,3,0.577356,-0.467489,-0.39522,0.54029,0.0
2077327961,3,0.576995,-0.467488,-0.395851,0.540215,0.0
2077327971,3,0.576459,-0.467269,-0.396844,0.540247,0.0
2077327982,3,0.575848,-0.467693,-0.397272,0.540218,0.0
2077327992,3,0.575375,-0.468267,-0.397497,0.540058,0.0
2077328002,3,0.57503,-0.468724,-0.397616,0.539942,0.0
2077328012,3,0.575757,-0.470734,-0.395948,0.538643,0.0
2077328022,3,0.576314,-0.472282,-0.394629,0.53766,0.0
2077328032,3,0.576496,-0.472924,-0.394272,0.537161,0.0
2077328042,3,0.576189,-0.473388,-0.394182,0.537149,0.0
2077328052,3,0.575835,-0.473605,-0.394259,0.53728,0.0
2077328062,3,0.575107,-0.474404,-0.393641,0.537808,0.0
2077328072,3,0.574804,-0.474505,-0.393678,0.538016,0.0
2077328082,3,0.574546,-0.474619,-0.393647,0.538213,0.0
2077328092,3,0.574341,-0.474746,-0.393513,0.538418,0.0
2077328102,3,0.573866,-0.47568,-0.392261,0.539013,0.0
2077328112,3,0.573726,-0.476386,-0.391036,0.539429,0.0
2077328123,3,0.57377,-0.476025,-0.390886,0.53981,0.0
2077328133,3,0.574339,-0.476345,-0.390002,0.539561,0.0
2077328143,3,0.575649,-0.476679,-0.389,0.538593,0.0
2077328153,3,0.57743,-0.476992,-0.387814,0.537263,0.0
2077328163,3,0.579217,-0.476845,-0.386957,0.536087,0.0
2077328173,3,0.580485,-0.475901,-0.386955,0.535555,0.0
2077328183,3,0.580973,-0.474491,-0.387676,0.535755,0.0
2077328193,3,0.58104,-0.473231,-0.388545,0.536168,0.0
2077328203,3,0.58041,-0.472201,-0.389298,0.537211,0.0
2077328213,3,0.579117,-0.471433,-0.390117,0.538685,0.0
2077328223,3,0.578738,-0.471626,-0.390183,0.538875,0.0
2077328233,3,0.578302,-0.472055,-0.390218,0.538942,0.0
2077328243,3,0.577867,-0.472556,-0.390128,0.539036,0.0
2077328254,3,0.577418,-0.472788,-0.390037,0.539379,0.0
2077328264,3,0.577683,-0.474692,-0.388028,0.538871,0.0
2077328274,3,0.577399,-0.474655,-0.387985,0.53924,0.0
2077328284,3,0.577344,-0.47439,-0.387904,0.539589,0.0
2077328294,3,0.577556,-0.47406,-0.387626,0.539852,0.0
2077328304,3,0.579552,-0.474553,-0.386258,0.538258,0.0
2077328314,3,0.581377,-0.474254,-0.385529,0.537074,0.0
2077328324,3,0.582344,-0.473229,-0.385637,0.536854,0.0
2077328334,3,0.582026,-0.471614,-0.386502,0.537997,0.0
2077328344,3,0.582115,-0.471482,-0.386108,0.538298,0.0
2077328354,3,0.582248,-0.471506,-0.385682,0.538439,0.0
2077328364,3,0.582385,-0.471398,-0.385389,0.538595,0.0
2077328374,3,0.58248,-0.471241,-0.385163,0.538792,0.0
2077328385,3,0.582449,-0.471008,-0.384944,0.539186,0.0
2077328395,3,0.583147,-0.471431,-0.383812,0.538868,0.0
2077328405,3,0.583481,-0.471738,-0.382394,0.539246,0.0
2077328415,3,0.583763,-0.471992,-0.380581,0.54,0.0
2077328425,3,0.584248,-0.470932,-0.380131,0.540718,0.0
2077328435,3,0.58502,-0.469968,-0.379537,0.541139,0.0
2077328445,3,0.585923,-0.468975,-0.378875,0.541488,0.0
2077328455,3,0.586721,-0.467854,-0.378336,0.54197,0.0
2077328465,3,0.58751,-0.465864,-0.37904,0.542337,0.0
2077328475,3,0.587315,-0.463868,-0.380131,0.543494,0.0
2077328485,3,0.587712,-0.46358,-0.379649,0.543649,0.0
2077328495,3,0.588149,-0.463454,-0.379241,0.543568,0.0
2077328505,3,0.58797,-0.463212,-0.379175,0.544014,0.0
2077328516,3,0.588278,-0.462769,-0.37961,0.543754,0.0
2077328526,3,0.588308,-0.462649,-0.379832,0.543669,0.0
2077328536,3,0.588146,-0.462578,-0.380072,0.543737,0.0
2077328546,3,0.587967,-0.462598,-0.380169,0.543845,0.0
2077328556,3,0.588411,-0.46323,-0.379601,0.543223,0.0
2077328566,3,0.588598,-0.463575,-0.379396,0.542869,0.0
2077328576,3,0.58862,-0.463786,-0.379759,0.542412,0.0
2077328586,3,0.588663,-0.463675,-0.38072,0.541786,0.0
2077328596,3,0.588364,-0.464277,-0.381092,0.541333,0.0
2077328606,3,0.587884,-0.464952,-0.381443,0.541028,0.0
2077328616,3,0.587209,-0.465627,-0.381919,0.540845,0.0
2077328626,3,0.585729,-0.46633,-0.38265,0.541327,0.0
2077328636,3,0.584301,-0.466713,-0.383755,0.541758,0.0
2077328646,3,0.583578,-0.467086,-0.384947,0.54137,0.0
2077328657,3,0.583536,-0.467591,-0.385891,0.540307,0.0
2077328667,3,0.583807,-0.468229,-0.386654,0.538913,0.0
2077328677,3,0.584124,-0.468815,-0.38749,0.537458,0.0
2077328687,3,0.583617,-0.469141,-0.388637,0.536897,0.0
2077328697,3,0.582359,-0.469536,-0.389657,0.537177,0.0
2077328707,3,0.580691,-0.470216,-0.390292,0.537926,0.0
2077328717,3,0.579174,-0.471107,-0.390575,0.538576,0.0
2077328727,3,0.578049,-0.472335,-0.390619,0.538678,0.0
2077328737,3,0.577153,-0.473607,-0.390757,0.538422,0.0
2077328747,3,0.576164,-0.47476,-0.391063,0.538243,0.0
2077328757,3,0.574864,-0.475825,-0.39124,0.538565,0.0
2077328767,3,0.57345,-0.477027,-0.390944,0.539224,0.0
2077328777,3,0.572442,-0.478524,-0.390067,0.539602,0.0
2077328788,3,0.571964,-0.478537,-0.390497,0.539786,0.0
2077328798,3,0.571605,-0.478307,-0.390935,0.540054,0.0
2077328808,3,0.571334,-0.478179,-0.391302,0.540188,0.0
2077328818,3,0.571075,-0.47807,-0.391607,0.540337,0.0
2077328828,3,0.571131,-0.477469,-0.392497,0.540164,0.0
2077328838,3,0.571038,-0.477107,-0.392981,0.54023,0.0
2077328848,3,0.570922,-0.47705,-0.39296,0.540418,0.0
2077328858,3,0.570843,-0.476939,-0.393014,0.540561,0.0
2077328868,3,0.570702,-0.476493,-0.393608,0.540669,0.0
2077328878,3,0.570391,-0.476621,-0.393879,0.540688,0.0
2077328888,3,0.569894,-0.47703,-0.394046,0.54073,0.0
2077328898,3,0.569186,-0.477505,-0.394189,0.540952,0.0
2077328908,3,0.568389,-0.478104,-0.394302,0.541179,0.0
2077328919,3,0.567646,-0.478695,-0.394379,0.54138,0.0
2077328929,3,0.567083,-0.479258,-0.394346,0.541496,0.0
2077328939,3,0.566722,-0.479624,-0.394211,0.541649,0.0
2077328949,3,0.566528,-0.479704,-0.394013,0.541924,0.0
2077328959,3,0.566516,-0.479563,-0.393782,0.542229,0.0
2077328969,3,0.566273,-0.480102,-0.392544,0.542904,0.0
2077328979,3,0.566369,-0.480483,-0.391257,0.543395,0.0
2077328989,3,0.566718,-0.48076,-0.389938,0.543735,0.0
2077328999,3,0.567547,-0.480848,-0.388558,0.543779,0.0
2077329009,3,0.568732,-0.479767,-0.388147,0.54379,0.0
2077329019,3,0.570038,-0.478526,-0.387716,0.543823,0.0
2077329029,3,0.5714,-0.4773,-0.387247,0.543806,0.0
2077329039,3,0.572643,-0.475436,-0.38749,0.543958,0.0
2077329049,3,0.57387,-0.473715,-0.387725,0.543999,0.0
2077329060,3,0.574965,-0.472212,-0.387999,0.543954,0.0
2077329070,3,0.575693,-0.470732,-0.388554,0.54407,0.0
2077329080,3,0.576375,-0.470277,-0.388416,0.543841,0.0
2077329090,3,0.576671,-0.46991,-0.388427,0.543835,0.0
2077329100,3,0.576688,-0.469705,-0.388412,0.544005,0.0
2077329110,3,0.576571,-0.469665,-0.388301,0.544243,0.0
2077329120,3,0.576486,-0.469495,-0.38816,0.54458,0.0
2077329130,3,0.576564,-0.468945,-0.38806,0.545044,0.0
2077329140,3,0.577769,-0.469464,-0.386534,0.544404,0.0
2077329150,3,0.579435,-0.469729,-0.385013,0.543482,0.0
2077329160,3,0.580015,-0.468648,-0.384744,0.543987,0.0
2077329170,3,0.582572,-0.468097,-0.383914,0.542313,0.0
2077329180,3,0.585151,-0.466935,-0.383639,0.54073,0.0
2077329191,3,0.587242,-0.465122,-0.383879,0.539855,0.0
2077329201,3,0.588478,-0.463072,-0.384473,0.539849,0.0
2077329211,3,0.588939,-0.461021,-0.385398,0.540442,0.0
2077329221,3,0.589009,-0.459314,-0.386482,0.541044,0.0
2077329231,3,0.588988,-0.458145,-0.387558,0.541289,0.0
2077329241,3,0.588881,-0.457312,-0.38863,0.54134,0.0
2077329251,3,0.58854,-0.457038,-0.389423,0.541373,0.0
2077329261,3,0.58798,-0.457246,-0.389892,0.541468,0.0
2077329271,3,0.587223,-0.457743,-0.390097,0.541722,0.0
2077329281,3,0.586691,-0.458675,-0.389883,0.541664,0.0
2077329291,3,0.586719,-0.459762,-0.389184,0.541215,0.0
2077329301,3,0.587161,-0.460785,-0.388224,0.540555,0.0
2077329311,3,0.58754,-0.461594,-0.387515,0.539962,0.0
2077329322,3,0.587395,-0.461762,-0.387599,0.539915,0.0
2077329332,3,0.586755,-0.461479,-0.38803,0.540542,0.0
2077329342,3,0.585572,-0.460765,-0.388757,0.541911,0.0
2077329352,3,0.584362,-0.460297,-0.389298,0.543224,0.0
2077329362,3,0.583498,-0.459958,-0.389979,0.543952,0.0
2077329372,3,0.583393,-0.460171,-0.390231,0.543704,0.0
2077329382,3,0.583121,-0.460404,-0.390595,0.543536,0.0
2077329392,3,0.582653,-0.460613,-0.391004,0.543567,0.0
2077329402,3,0.582099,-0.460813,-0.391454,0.543667,0.0
2077329412,3,0.581143,-0.4616,-0.391365,0.544086,0.0
2077329422,3,0.58042,-0.463103,-0.390665,0.544084,0.0
2077329432,3,0.580333,-0.463849,-0.390917,0.54336,0.0
2077329442,3,0.581321,-0.46602,-0.389761,0.541272,0.0
2077329453,3,0.581449,-0.467022,-0.38983,0.54022,0.0
2077329463,3,0.581614,-0.467901,-0.389797,0.539306,0.0
2077329473,3,0.58159,-0.46841,-0.389908,0.538808,0.0
2077329483,3,0.581253,-0.468915,-0.390322,0.538434,0.0
2077329493,3,0.580686,-0.469619,-0.391001,0.537938,0.0
2077329503,3,0.578543,-0.470225,-0.39192,0.539048,0.0
2077329513,3,0.576966,-0.47102,-0.392675,0.539494,0.0
2077329523,3,0.576191,-0.472029,-0.392979,0.53922,0.0
2077329533,3,0.575857,-0.472618,-0.393195,0.538903,0.0
2077329543,3,0.575902,-0.472818,-0.393138,0.538721,0.0
2077329553,3,0.576308,-0.472428,-0.392991,0.538736,0.0
2077329563,3,0.57819,-0.473609,-0.390911,0.537194,0.0
2077329573,3,0.578862,-0.472865,-0.390778,0.537223,0.0
2077329583,3,0.579535,-0.47203,-0.390718,0.537274,0.0
2077329594,3,0.580122,-0.471334,-0.390707,0.537261,0.0
2077329604,3,0.580502,-0.47087,-0.390664,0.537288,0.0
2077329614,3,0.580753,-0.470881,-0.390338,0.537244,0.0
2077329624,3,0.580847,-0.470136,-0.390748,0.537497,0.0
2077329634,3,0.58059,-0.470446,-0.390043,0.538016,0.0
2077329644,3,0.580772,-0.47178,-0.38843,0.537818,0.0
2077329654,3,0.581628,-0.47316,-0.386862,0.536809,0.0
2077329664,3,0.583011,-0.474093,-0.385796,0.53525,0.0
2077329674,3,0.584013,-0.474085,-0.385653,0.534268,0.0
2077329684,3,0.584259,-0.473622,-0.386157,0.534045,0.0
2077329694,3,0.583755,-0.472924,-0.386853,0.534711,0.0
2077329704,3,0.582974,-0.471935,-0.387238,0.536156,0.0
2077329714,3,0.582639,-0.471276,-0.386828,0.537394,0.0
2077329725,3,0.583271,-0.470357,-0.386543,0.537719,0.0
2077329735,3,0.584579,-0.470072,-0.385653,0.537187,0.0
2077329745,3,0.586004,-0.469177,-0.385525,0.536507,0.0
2077329755,3,0.58716,-0.467794,-0.385915,0.536171,0.0
2077329765,3,0.587679,-0.466941,-0.385823,0.536412,0.0
2077329775,3,0.588266,-0.466408,-0.385594,0.536397,0.0
2077329785,3,0.588738,-0.46583,-0.385535,0.536423,0.0
2077329795,3,0.589108,-0.464901,-0.386135,0.536392,0.0
2077329805,3,0.589333,-0.463492,-0.387618,0.536295,0.0
2077329815,3,0.589404,-0.462161,-0.389552,0.535964,0.0
2077329825,3,0.58927,-0.46226,-0.389991,0.535707,0.0
2077329835,3,0.589176,-0.462386,-0.390349,0.535441,0.0
2077329845,3,0.589106,-0.462613,-0.390659,0.535095,0.0
2077329856,3,0.589076,-0.463687,-0.390173,0.534554,0.0
2077329866,3,0.5884,-0.463679,-0.391137,0.5346,0.0
2077329876,3,0.587949,-0.464085,-0.392033,0.534088,0.0
2077329886,3,0.587415,-0.464687,-0.392778,0.533605,0.0
2077329896,3,0.586699,-0.465336,-0.393502,0.533293,0.0
2077329906,3,0.585804,-0.465907,-0.3944,0.533115,0.0
2077329916,3,0.584889,-0.466488,-0.3954,0.53287,0.0
2077329926,3,0.584036,-0.467426,-0.396298,0.532317,0.0
2077329936,3,0.583583,-0.468862,-0.396581,0.531339,0.0
2077329946,3,0.583481,-0.470608,-0.396481,0.52998,0.0
2077329956,3,0.583437,-0.472152,-0.396361,0.528743,0.0
2077329966,3,0.583437,-0.473564,-0.396335,0.527498,0.0
2077329976,3,0.583165,-0.474504,-0.396806,0.5266,0.0
2077329987,3,0.582412,-0.475306,-0.397337,0.52631,0.0
2077329997,3,0.581707,-0.476603,-0.397245,0.525986,0.0
2077330007,3,0.580846,-0.477189,-0.398009,0.525828,0.0
2077330017,3,0.579915,-0.477931,-0.398807,0.525577,0.0
2077330027,3,0.578779,-0.478686,-0.399741,0.525433,0.0
2077330037,3,0.57748,-0.479156,-0.401073,0.52542,0.0
2077330047,3,0.575847,-0.4802,-0.401928,0.525605,0.0
2077330057,3,0.573984,-0.482152,-0.401766,0.52598,0.0
2077330067,3,0.572056,-0.484303,-0.401046,0.526652,0.0
2077330077,3,0.570186,-0.486168,-0.400424,0.527434,0.0
2077330087,3,0.568904,-0.487666,-0.400315,0.527519,0.0
2077330097,3,0.568075,-0.489343,-0.399879,0.52719,0.0
2077330107,3,0.56709,-0.490612,-0.399386,0.527444,0.0
2077330117,3,0.565659,-0.49117,-0.399219,0.528588,0.0
2077330128,3,0.56427,-0.491698,-0.398929,0.529799,0.0
2077330138,3,0.563131,-0.492301,-0.398339,0.530893,0.0
2077330148,3,0.562177,-0.49285,-0.39762,0.531933,0.0
2077330158,3,0.56164,-0.492323,-0.398037,0.532676,0.0
2077330168,3,0.561102,-0.49208,-0.398451,0.533157,0.0
2077330178,3,0.559873,-0.491198,-0.399855,0.53421,0.0
2077330188,3,0.559015,-0.490989,-0.400666,0.534693,0.0
2077330198,3,0.558705,-0.491493,-0.400711,0.53452,0.0
2077330208,3,0.558466,-0.491844,-0.400794,0.534385,0.0
2077330218,3,0.558655,-0.493082,-0.399914,0.533705,0.0
2077330228,3,0.558568,-0.493342,-0.400134,0.533391,0.0
2077330238,3,0.557918,-0.492587,-0.401582,0.533681,0.0
2077330248,3,0.557176,-0.493028,-0.402104,0.533656,0.0
2077330259,3,0.556436,-0.493769,-0.402485,0.533456,0.0
2077330269,3,0.555672,-0.494519,-0.402812,0.533311,0.0
2077330279,3,0.554896,-0.495235,-0.403162,0.53319,0.0
2077330289,3,0.554108,-0.495952,-0.403582,0.533024,0.0
2077330299,3,0.553397,-0.496539,-0.404049,0.532863,0.0
2077330309,3,0.552851,-0.497064,-0.40445,0.532636,0.0
2077330319,3,0.552489,-0.49723,-0.404773,0.532611,0.0
2077330329,3,0.553007,-0.498709,-0.403518,0.531642,0.0
2077330339,3,0.553833,-0.500079,-0.402026,0.530625,0.0
2077330349,3,0.554662,-0.500832,-0.400786,0.529986,0.0
2077330359,3,0.555428,-0.501021,-0.400048,0.529563,0.0
2077330369,3,0.556224,-0.501157,-0.399401,0.529088,0.0
2077330379,3,0.557126,-0.50146,-0.39869,0.528387,0.0
2077330390,3,0.557877,-0.501584,-0.398139,0.527893,0.0
2077330400,3,0.558191,-0.501196,-0.398163,0.52791,0.0
2077330410,3,0.55796,-0.500685,-0.398755,0.528193,0.0
2077330420,3,0.55746,-0.500487,-0.399297,0.528499,0.0
2077330430,3,0.557096,-0.500936,-0.399101,0.528605,0.0
2077330440,3,0.556933,-0.501886,-0.398242,0.528524,0.0
2077330450,3,0.556615,-0.502692,-0.39738,0.528742,0.0
2077330460,3,0.556665,-0.503731,-0.396277,0.528529,0.0
2077330470,3,0.557234,-0.504482,-0.39519,0.528025,0.0
2077330480,3,0.558098,-0.505043,-0.39393,0.527518,0.0
2077330490,3,0.558984,-0.505473,-0.39253,0.527211,0.0
2077330500,3,0.55943,-0.505475,-0.391565,0.527455,0.0
2077330510,3,0.55994,-0.505277,-0.390633,0.527795,0.0
2077330521,3,0.560347,-0.504445,-0.390408,0.528324,0.0
2077330531,3,0.560982,-0.503715,-0.390086,0.528583,0.0
2077330541,3,0.561696,-0.502836,-0.389658,0.528979,0.0
2077330551,3,0.562495,-0.502297,-0.388863,0.529226,0.0
2077330561,3,0.563202,-0.501917,-0.388246,0.529288,0.0
2077330571,3,0.563911,-0.501446,-0.387948,0.529198,0.0
2077330581,3,0.564614,-0.500952,-0.387628,0.529151,0.0
2077330591,3,0.565282,-0.500619,-0.387041,0.529183,0.0
2077330601,3,0.565621,-0.501135,-0.385833,0.529214,0.0
2077330611,3,0.565615,-0.501742,-0.384709,0.529464,0.0
2077330621,3,0.565601,-0.50214,-0.383715,0.529823,0.0
2077330631,3,0.565864,-0.502476,-0.382776,0.529903,0.0
2077330641,3,0.566023,-0.50304,-0.381815,0.529891,0.0
2077330651,3,0.566155,-0.503647,-0.380894,0.529836,0.0
2077330662,3,0.566222,-0.503872,-0.380098,0.530123,0.0
2077330672,3,0.566245,-0.503799,-0.37941,0.530659,0.0
2077330682,3,0.566346,-0.503787,-0.3787,0.53107,0.0
2077330692,3,0.566608,-0.503622,-0.377999,0.531447,0.0
2077330702,3,0.567021,-0.503241,-0.377349,0.531828,0.0
2077330712,3,0.567472,-0.50274,-0.376721,0.532267,0.0
2077330722,3,0.567884,-0.502193,-0.37609,0.53279,0.0
2077330732,3,0.568299,-0.501726,-0.375363,0.5333,0.0
2077330742,3,0.568813,-0.501318,-0.374528,0.533722,0.0
2077330752,3,0.569498,-0.50098,-0.373606,0.533955,0.0
2077330762,3,0.570411,-0.500774,-0.372434,0.533993,0.0
2077330772,3,0.571504,-0.500547,-0.371482,0.5337,0.0
2077330782,3,0.572631,-0.500154,-0.370988,0.533203,0.0
2077330793,3,0.573573,-0.499462,-0.370985,0.532842,0.0
2077330803,3,0.574218,-0.498611,-0.371293,0.53273,0.0
2077330813,3,0.574556,-0.498151,-0.371124,0.532913,0.0
2077330823,3,0.574883,-0.497825,-0.370538,0.533272,0.0
2077330833,3,0.575493,-0.497617,-0.369498,0.533531,0.0
2077330843,3,0.576638,-0.497258,-0.368559,0.533277,0.0
2077330853,3,0.57783,-0.496479,-0.367975,0.533117,0.0
2077330863,3,0.578779,-0.495332,-0.367798,0.533278,0.0
2077330873,3,0.579578,-0.493611,-0.368141,0.533768,0.0
2077330883,3,0.580264,-0.492043,-0.368274,0.534379,0.0
2077330893,3,0.581227,-0.490757,-0.36794,0.534743,0.0
2077330903,3,0.582519,-0.489579,-0.367142,0.534966,0.0
2077330913,3,0.584078,-0.48827,-0.366352,0.535004,0.0
2077330924,3,0.585742,-0.48699,-0.36586,0.534688,0.0
2077330934,3,0.587179,-0.485264,-0.366147,0.534486,0.0
2077330944,3,0.588095,-0.483111,-0.366899,0.534913,0.0
2077330954,3,0.58872,-0.481067,-0.367519,0.535642,0.0
2077330964,3,0.589355,-0.479647,-0.367643,0.53613,0.0
2077330974,3,0.590022,-0.47879,-0.367197,0.536469,0.0
2077330984,3,0.59085,-0.477988,-0.366756,0.536574,0.0
2077330994,3,0.591933,-0.476985,-0.366292,0.53659,0.0
2077331004,3,0.593258,-0.475927,-0.365923,0.536318,0.0
2077331014,3,0.594644,-0.474661,-0.365865,0.535944,0.0
2077331024,3,0.595745,-0.47271,-0.366302,0.536147,0.0
2077331034,3,0.59681,-0.470605,-0.366671,0.536562,0.0
2077331044,3,0.597679,-0.468835,-0.366767,0.537079,0.0
2077331055,3,0.598269,-0.467327,-0.366712,0.537773,0.0
2077331065,3,0.598794,-0.465613,-0.36691,0.53854,0.0
2077331075,3,0.599382,-0.463715,-0.36735,0.539224,0.0
2077331085,3,0.599996,-0.462038,-0.367832,0.539651,0.0
2077331095,3,0.600682,-0.460773,-0.368062,0.539813,0.0
2077331105,3,0.601427,-0.459909,-0.36759,0.540042,0.0
2077331115,3,0.602157,-0.459008,-0.367129,0.540309,0.0
2077331125,3,0.602902,-0.458225,-0.366682,0.540445,0.0
2077331135,3,0.603508,-0.457599,-0.366174,0.540645,0.0
2077331145,3,0.604239,-0.456598,-0.366104,0.540721,0.0
2077331155,3,0.605008,-0.455364,-0.366261,0.540796,0.0
2077331165,3,0.605598,-0.45403,-0.366659,0.540988,0.0
2077331175,3,0.606093,-0.452804,-0.367289,0.541032,0.0
2077331185,3,0.606466,-0.451719,-0.367847,0.541143,0.0
2077331196,3,0.606804,-0.450982,-0.368035,0.541251,0.0
2077331206,3,0.607331,-0.450634,-0.367823,0.541094,0.0
2077331216,3,0.60795,-0.450425,-0.367694,0.54066,0.0
2077331226,3,0.608306,-0.449716,-0.368147,0.540541,0.0
2077331236,3,0.608166,-0.448588,-0.36909,0.540993,0.0
2077331246,3,0.607812,-0.447876,-0.369916,0.541416,0.0
2077331256,3,0.607454,-0.447662,-0.370256,0.541764,0.0
2077331266,3,0.607288,-0.447646,-0.370105,0.542065,0.0
2077331276,3,0.607364,-0.447451,-0.370011,0.542205,0.0
2077331286,3,0.607521,-0.447036,-0.370162,0.542269,0.0
2077331296,3,0.607718,-0.446708,-0.370377,0.542171,0.0
2077331306,3,0.607773,-0.446233,-0.37057,0.54237,0.0
2077331316,3,0.607709,-0.445748,-0.370545,0.542856,0.0
2077331327,3,0.607992,-0.445278,-0.370575,0.542905,0.0
2077331337,3,0.608259,-0.444954,-0.370595,0.542857,0.0
2077331347,3,0.608529,-0.444601,-0.3707,0.542773,0.0
2077331357,3,0.608788,-0.442902,-0.37221,0.542837,0.0
2077331367,3,0.609048,-0.442775,-0.372237,0.542631,0.0
2077331377,3,0.609277,-0.442932,-0.372147,0.542307,0.0
2077331387,3,0.609211,-0.442992,-0.371944,0.542472,0.0
2077331397,3,0.608147,-0.442617,-0.372391,0.543663,0.0
2077331407,3,0.606705,-0.442299,-0.373092,0.545052,0.0
2077331417,3,0.605853,-0.442522,-0.37344,0.545579,0.0
2077331427,3,0.605928,-0.443367,-0.372938,0.545154,0.0
2077331437,3,0.606644,-0.444407,-0.371907,0.544214,0.0
2077331447,3,0.607564,-0.445376,-0.370776,0.543167,0.0
2077331458,3,0.607934,-0.445401,-0.370433,0.542965,0.0
2077331468,3,0.607704,-0.444811,-0.370641,0.543565,0.0
2077331478,3,0.607463,-0.444314,-0.370811,0.544124,0.0
2077331488,3,0.607745,-0.443861,-0.371041,0.544022,0.0
2077331498,3,0.608101,-0.443171,-0.371805,0.543665,0.0
2077331508,3,0.608009,-0.441879,-0.373565,0.543613,0.0
2077331518,3,0.607223,-0.440756,-0.375411,0.544132,0.0
2077331528,3,0.60716,-0.441189,-0.375562,0.543746,0.0
2077331538,3,0.607254,-0.441456,-0.375633,0.543375,0.0
2077331548,3,0.607205,-0.442357,-0.374676,0.543358,0.0
2077331558,3,0.607614,-0.442619,-0.374455,0.54284,0.0
2077331568,3,0.608138,-0.442725,-0.374873,0.541878,0.0
2077331578,3,0.608357,-0.442396,-0.376164,0.541006,0.0
2077331588,3,0.608147,-0.441999,-0.377643,0.540535,0.0
2077331599,3,0.607439,-0.442244,-0.378435,0.540576,0.0
2077331609,3,0.6066,-0.443537,-0.378186,0.540633,0.0
2077331619,3,0.60611,-0.445243,-0.377486,0.54027,0.0
2077331629,3,0.605839,-0.446573,-0.377322,0.53959,0.0
2077331639,3,0.605539,-0.447051,-0.378154,0.538948,0.0
2077331649,3,0.604712,-0.447539,-0.37937,0.538618,0.0
2077331659,3,0.60409,-0.448744,-0.380008,0.537863,0.0
2077331669,3,0.603413,-0.449815,-0.38073,0.537217,0.0
2077331679,3,0.601955,-0.451381,-0.380782,0.537502,0.0
2077331689,3,0.600538,-0.452552,-0.381113,0.537867,0.0
2077331699,3,0.599051,-0.453596,-0.381664,0.538256,0.0
2077331709,3,0.59771,-0.454388,-0.38248,0.5385,0.0
2077331719,3,0.596654,-0.455474,-0.382783,0.538537,0.0
2077331730,3,0.595935,-0.457272,-0.382356,0.538113,0.0
2077331740,3,0.59533,-0.459109,-0.381777,0.53763,0.0
2077331750,3,0.594377,-0.460289,-0.381714,0.53772,0.0
2077331760,3,0.593354,-0.461114,-0.381977,0.537955,0.0
2077331770,3,0.592449,-0.462051,-0.382157,0.538022,0.0
2077331780,3,0.591771,-0.46349,-0.382012,0.537632,0.0
2077331790,3,0.591343,-0.465176,-0.38165,0.536904,0.0
2077331800,3,0.590772,-0.465918,-0.382029,0.536619,0.0
2077331810,3,0.589824,-0.466192,-0.383023,0.536716,0.0
2077331820,3,0.589374,-0.466979,-0.38357,0.536136,0.0
2077331830,3,0.589001,-0.467618,-0.384072,0.535628,0.0
2077331840,3,0.588201,-0.468968,-0.383757,0.535553,0.0
2077331850,3,0.587887,-0.470448,-0.383319,0.534914,0.0
2077331861,3,0.587606,-0.471473,-0.383155,0.534437,0.0
2077331871,3,0.587071,-0.472001,-0.38351,0.534304,0.0
2077331881,3,0.586418,-0.472639,-0.383762,0.534276,0.0
2077331891,3,0.585734,-0.47358,-0.383609,0.534303,0.0
2077331901,3,0.585195,-0.474548,-0.383188,0.534338,0.0
2077331911,3,0.58491,-0.475235,-0.382979,0.534189,0.0
2077331921,3,0.584814,-0.475883,-0.383014,0.533691,0.0
2077331931,3,0.584741,-0.476219,-0.383388,0.533202,0.0
2077331941,3,0.584555,-0.476645,-0.383518,0.532933,0.0
2077331951,3,0.584259,-0.477203,-0.383487,0.53278,0.0
2077331961,3,0.583812,-0.477714,-0.38364,0.532702,0.0
2077331971,3,0.583273,-0.478344,-0.38377,0.532633,0.0
2077331981,3,0.582824,-0.478881,-0.383941,0.532519,0.0
2077331992,3,0.582518,-0.479342,-0.384066,0.532348,0.0
2077332002,3,0.582468,-0.480353,-0.383795,0.531687,0.0
2077332012,3,0.582622,-0.48153,-0.383303,0.530808,0.0
2077332022,3,0.582524,-0.482204,-0.383207,0.530372,0.0
2077332032,3,0.582008,-0.482716,-0.383293,0.530412,0.0
2077332042,3,0.581305,-0.483412,-0.383258,0.530574,0.0
2077332052,3,0.58074,-0.484593,-0.382915,0.530363,0.0
2077332062,3,0.580475,-0.485582,-0.382617,0.529963,0.0
2077332072,3,0.580532,-0.486385,-0.382375,0.52934,0.0
2077332082,3,0.58068,-0.487153,-0.382136,0.528643,0.0
2077332092,3,0.580606,-0.487688,-0.382004,0.528326,0.0
2077332102,3,0.580323,-0.487829,-0.382101,0.528437,0.0
2077332112,3,0.580052,-0.487775,-0.382261,0.528667,0.0
2077332122,3,0.580166,-0.488043,-0.382168,0.528363,0.0
2077332133,3,0.580682,-0.48849,-0.381959,0.527534,0.0
2077332143,3,0.581251,-0.488655,-0.381891,0.526803,0.0
2077332153,3,0.581664,-0.48844,-0.382268,0.526273,0.0
2077332163,3,0.581754,-0.48821,-0.382927,0.525907,0.0
2077332173,3,0.581632,-0.488239,-0.383515,0.525586,0.0
2077332183,3,0.581601,-0.488608,-0.383847,0.525036,0.0
2077332193,3,0.581673,-0.489339,-0.383864,0.524261,0.0
2077332203,3,0.581755,-0.489942,-0.384216,0.523348,0.0
2077332213,3,0.581686,-0.490599,-0.384738,0.522426,0.0
2077332223,3,0.581556,-0.490798,-0.385654,0.521707,0.0
2077332233,3,0.581192,-0.490879,-0.386582,0.52135,0.0
2077332243,3,0.580863,-0.491513,-0.386981,0.520824,0.0
2077332253,3,0.580585,-0.492626,-0.386848,0.52018,0.0
2077332264,3,0.580287,-0.49372,-0.386584,0.519671,0.0
2077332274,3,0.579793,-0.494473,-0.386644,0.519462,0.0
2077332284,3,0.579354,-0.495206,-0.386811,0.519129,0.0
2077332294,3,0.579135,-0.496116,-0.386924,0.51842,0.0
2077332304,3,0.578923,-0.497029,-0.386756,0.517908,0.0
2077332314,3,0.578604,-0.497994,-0.386332,0.517654,0.0
2077332324,3,0.578111,-0.499145,-0.385641,0.517611,0.0
2077332334,3,0.577495,-0.500126,-0.385153,0.517714,0.0
2077332344,3,0.576833,-0.500566,-0.385031,0.518119,0.0
2077332354,3,0.576229,-0.501022,-0.384925,0.518428,0.0
2077332364,3,0.575985,-0.502036,-0.384455,0.518067,0.0
2077332374,3,0.575919,-0.503168,-0.383859,0.517485,0.0
2077332384,3,0.575891,-0.504047,-0.38334,0.517045,0.0
2077332395,3,0.575728,-0.504488,-0.383056,0.517006,0.0
2077332405,3,0.575519,-0.50497,-0.38264,0.517077,0.0
2077332415,3,0.575495,-0.505755,-0.381904,0.51688,0.0
2077332425,3,0.57561,-0.506283,-0.381205,0.516751,0.0
2077332435,3,0.575634,-0.506541,-0.380825,0.516751,0.0
2077332445,3,0.575502,-0.50653,-0.381067,0.516732,0.0
2077332455,3,0.575068,-0.506265,-0.381709,0.517,0.0
2077332465,3,0.574556,-0.506179,-0.382139,0.517336,0.0
2077332475,3,0.574307,-0.506687,-0.381637,0.517486,0.0
2077332485,3,0.574167,-0.507362,-0.380998,0.51745,0.0
2077332495,3,0.573949,-0.508324,-0.380078,0.517425,0.0
2077332505,3,0.573916,-0.509087,-0.37941,0.517202,0.0
2077332515,3,0.573825,-0.509576,-0.378984,0.517133,0.0
2077332526,3,0.573569,-0.509887,-0.378673,0.517338,0.0
2077332536,3,0.573274,-0.510355,-0.378097,0.517626,0.0
2077332546,3,0.573185,-0.510812,-0.377247,0.517892,0.0
2077332556,3,0.573358,-0.511282,-0.376066,0.518097,0.0
2077332566,3,0.573653,-0.511654,-0.375028,0.518155,0.0
2077332576,3,0.573698,-0.511845,-0.374345,0.51841,0.0
2077332586,3,0.573537,-0.5115,-0.374274,0.51898,0.0
2077332596,3,0.573296,-0.510979,-0.374399,0.519669,0.0
2077332606,3,0.573175,-0.510743,-0.374339,0.520077,0.0
2077332616,3,0.573195,-0.510842,-0.37399,0.520209,0.0
2077332626,3,0.573313,-0.511047,-0.373378,0.520318,0.0
2077332636,3,0.573464,-0.510983,-0.372926,0.520538,0.0
2077332646,3,0.573621,-0.510854,-0.372646,0.520692,0.0
2077332656,3,0.57371,-0.51076,-0.372306,0.52093,0.0
2077332667,3,0.573861,-0.510626,-0.371797,0.521258,0.0
2077332677,3,0.573981,-0.51028,-0.371386,0.521756,0.0
2077332687,3,0.57402,-0.509818,-0.371085,0.52238,0.0
2077332697,3,0.574189,-0.509536,-0.370636,0.522788,0.0
2077332707,3,0.574601,-0.509317,-0.36991,0.523063,0.0
2077332717,3,0.575179,-0.508749,-0.36927,0.523432,0.0
2077332727,3,0.575773,-0.508085,-0.368871,0.523705,0.0
2077332737,3,0.576312,-0.507359,-0.368622,0.523992,0.0
2077332747,3,0.576778,-0.50669,-0.368361,0.52431,0.0
2077332757,3,0.577132,-0.506027,-0.368044,0.524782,0.0
2077332767,3,0.577497,-0.505637,-0.367431,0.525187,0.0
2077332777,3,0.578101,-0.505578,-0.366512,0.525221,0.0
2077332787,3,0.578904,-0.505513,-0.365581,0.525049,0.0
2077332798,3,0.579721,-0.505284,-0.364902,0.52484,0.0
2077332808,3,0.580409,-0.504677,-0.364453,0.524975,0.0
2077332818,3,0.581005,-0.504188,-0.363816,0.525228,0.0
2077332828,3,0.581725,-0.503942,-0.362964,0.525255,0.0
2077332838,3,0.582433,-0.503402,-0.3623,0.525448,0.0
2077332848,3,0.583235,-0.502475,-0.361986,0.525662,0.0
2077332858,3,0.584323,-0.50152,-0.361714,0.525553,0.0
2077332868,3,0.585483,-0.500661,-0.361451,0.525261,0.0
2077332878,3,0.586399,-0.499661,-0.361455,0.525189,0.0
2077332888,3,0.586941,-0.498363,-0.361754,0.52561,0.0
2077332898,3,0.587329,-0.496895,-0.362186,0.526269,0.0
2077332908,3,0.587742,-0.495467,-0.362453,0.526971,0.0
2077332918,3,0.588461,-0.494443,-0.362268,0.527257,0.0
2077332929,3,0.589468,-0.493711,-0.361981,0.527015,0.0
2077332939,3,0.590427,-0.493187,-0.36183,0.526536,0.0
2077332949,3,0.591105,-0.492452,-0.361888,0.526423,0.0
2077332959,3,0.591451,-0.491409,-0.362122,0.526847,0.0
2077332969,3,0.591568,-0.490539,-0.362268,0.527426,0.0
2077332979,3,0.591631,-0.490172,-0.361993,0.527886,0.0
2077332989,3,0.592018,-0.489992,-0.36134,0.528067,0.0
2077332999,3,0.592646,-0.489666,-0.360723,0.528085,0.0
2077333009,3,0.593374,-0.489376,-0.360197,0.527897,0.0
2077333019,3,0.593938,-0.488653,-0.36022,0.527916,0.0
2077333029,3,0.594174,-0.487793,-0.360357,0.528353,0.0
2077333039,3,0.594357,-0.487023,-0.360282,0.528908,0.0
2077333049,3,0.594657,-0.486786,-0.359694,0.529188,0.0
2077333060,3,0.595058,-0.486467,-0.359205,0.529364,0.0
2077333070,3,0.595451,-0.485928,-0.358973,0.529574,0.0
2077333080,3,0.59584,-0.485046,-0.359161,0.529818,0.0
2077333090,3,0.59618,-0.484388,-0.359326,0.529926,0.0
2077333100,3,0.596478,-0.483857,-0.359447,0.529993,0.0
2077333110,3,0.596692,-0.483234,-0.359641,0.530189,0.0
2077333120,3,0.596836,-0.482496,-0.359771,0.53061,0.0
2077333130,3,0.597152,-0.482427,-0.359354,0.5306,0.0
2077333140,3,0.597823,-0.48262,-0.358693,0.530116,0.0
2077333150,3,0.598457,-0.48242,-0.358293,0.529852,0.0
2077333160,3,0.598678,-0.481969,-0.358311,0.530001,0.0
2077333170,3,0.598637,-0.481157,-0.358634,0.530567,0.0
2077333180,3,0.598404,-0.480243,-0.359096,0.531345,0.0
2077333190,3,0.598205,-0.479452,-0.359496,0.532013,0.0
2077333201,3,0.598468,-0.479472,-0.359174,0.531916,0.0
2077333211,3,0.598983,-0.479807,-0.358277,0.531641,0.0
2077333221,3,0.599693,-0.480174,-0.357309,0.531159,0.0
2077333231,3,0.60015,-0.47998,-0.356889,0.531101,0.0
2077333241,3,0.600336,-0.479451,-0.357015,0.531283,0.0
2077333251,3,0.600346,-0.479182,-0.357036,0.5315,0.0
2077333261,3,0.60048,-0.478996,-0.356781,0.531688,0.0
2077333271,3,0.600805,-0.47861,-0.356527,0.531838,0.0
2077333281,3,0.601244,-0.478278,-0.356337,0.531768,0.0
2077333291,3,0.601712,-0.47787,-0.356277,0.531647,0.0
2077333301,3,0.602074,-0.47729,-0.356386,0.531685,0.0
2077333311,3,0.602377,-0.476571,-0.35671,0.531769,0.0
2077333321,3,0.602673,-0.476025,-0.357171,0.531613,0.0
2077333332,3,0.603019,-0.475518,-0.357693,0.531324,0.0
2077333342,3,0.603187,-0.474673,-0.358368,0.531434,0.0
2077333352,3,0.603362,-0.473881,-0.359018,0.531502,0.0
2077333362,3,0.603439,-0.473415,-0.359617,0.531426,0.0
2077333372,3,0.603282,-0.473047,-0.360288,0.531477,0.0
2077333382,3,0.603035,-0.472559,-0.360947,0.531745,0.0
2077333392,3,0.602776,-0.471986,-0.361605,0.5321,0.0
2077333402,3,0.602639,-0.471929,-0.362029,0.532017,0.0
2077333412,3,0.602544,-0.472056,-0.362323,0.531812,0.0
2077333422,3,0.6024,-0.472109,-0.362575,0.531756,0.0
2077333432,3,0.602249,-0.47209,-0.362784,0.531801,0.0
2077333442,3,0.602263,-0.472393,-0.362809,0.531499,0.0
2077333452,3,0.602378,-0.472723,-0.363013,0.530937,0.0
2077333463,3,0.602257,-0.472654,-0.363631,0.530712,0.0
2077333473,3,0.601998,-0.472417,-0.364329,0.530738,0.0
2077333483,3,0.601813,-0.472586,-0.364939,0.530378,0.0
2077333493,3,0.601599,-0.472611,-0.365768,0.530028,0.0
2077333503,3,0.601202,-0.472495,-0.366665,0.529962,0.0
2077333513,3,0.60083,-0.472431,-0.367437,0.529905,0.0
2077333523,3,0.600402,-0.472787,-0.367858,0.529781,0.0
2077333533,3,0.599996,-0.473259,-0.368372,0.529463,0.0
2077333543,3,0.599251,-0.473337,-0.369249,0.529626,0.0
2077333553,3,0.598453,-0.473279,-0.370261,0.529874,0.0
2077333563,3,0.597973,-0.473661,-0.370845,0.529666,0.0
2077333573,3,0.597898,-0.474532,-0.370913,0.528922,0.0
2077333583,3,0.598097,-0.475522,-0.370764,0.527911,0.0
2077333594,3,0.598194,-0.476366,-0.370609,0.527149,0.0
2077333604,3,0.597789,-0.476864,-0.37089,0.526961,0.0
2077333614,3,0.596704,-0.476815,-0.371802,0.527591,0.0
2077333624,3,0.595328,-0.476656,-0.372872,0.528534,0.0
2077333634,3,0.594222,-0.476713,-0.373664,0.529167,0.0
2077333644,3,0.59359,-0.477285,-0.373926,0.529176,0.0
2077333654,3,0.593459,-0.478263,-0.373798,0.528531,0.0
2077333664,3,0.593586,-0.479098,-0.373714,0.52769,0.0
2077333674,3,0.593536,-0.479623,-0.373822,0.527192,0.0
2077333684,3,0.593085,-0.480153,-0.373953,0.527125,0.0
2077333694,3,0.592438,-0.480813,-0.37405,0.527183,0.0
2077333704,3,0.591845,-0.481241,-0.374311,0.527272,0.0
2077333714,3,0.591527,-0.481785,-0.374463,0.527024,0.0
2077333724,3,0.591477,-0.482553,-0.374467,0.526374,0.0
2077333735,3,0.591497,-0.48326,-0.374686,0.525547,0.0
2077333745,3,0.591259,-0.483751,-0.375205,0.524993,0.0
2077333755,3,0.59078,-0.484297,-0.375691,0.52468,0.0
2077333765,3,0.590641,-0.48515,-0.37592,0.523885,0.0
2077333775,3,0.589995,-0.485949,-0.376115,0.523732,0.0
2077333785,3,0.589366,-0.486837,-0.376296,0.523486,0.0
2077333795,3,0.588806,-0.487335,-0.37687,0.523239,0.0
2077333805,3,0.588132,-0.487445,-0.377751,0.52326,0.0
2077333815,3,0.587466,-0.487606,-0.378556,0.523276,0.0
2077333825,3,0.586987,-0.488076,-0.378903,0.523124,0.0
2077333835,3,0.586897,-0.489022,-0.378618,0.522548,0.0
2077333845,3,0.587091,-0.489954,-0.378176,0.521776,0.0
2077333855,3,0.587164,-0.490683,-0.377861,0.521236,0.0
2077333866,3,0.587366,-0.491017,-0.377736,0.520785,0.0
2077333876,3,0.587736,-0.490608,-0.378094,0.520493,0.0
2077333886,3,0.588026,-0.48994,-0.378786,0.520292,0.0
2077333896,3,0.588026,-0.489543,-0.379467,0.520169,0.0
2077333906,3,0.587683,-0.489194,-0.379995,0.520499,0.0
2077333916,3,0.586578,-0.48831,-0.380742,0.522028,0.0
2077333926,3,0.584885,-0.487079,-0.381972,0.524174,0.0
2077333936,3,0.583156,-0.486145,-0.383089,0.526149,0.0
2077333946,3,0.581866,-0.48572,-0.383713,0.527513,0.0
2077333956,3,0.581674,-0.485526,-0.383909,0.527761,0.0
2077333966,3,0.582025,-0.486549,-0.382704,0.527307,0.0
2077333976,3,0.582573,-0.487281,-0.381716,0.526742,0.0
2077333986,3,0.582777,-0.487303,-0.381494,0.526656,0.0
2077333997,3,0.582602,-0.487029,-0.381556,0.527058,0.0
2077334007,3,0.582797,-0.487084,-0.381124,0.527104,0.0
2077334017,3,0.583478,-0.487167,-0.380635,0.526628,0.0
2077334027,3,0.584277,-0.487258,-0.380226,0.525953,0.0
2077334037,3,0.584959,-0.486842,-0.380491,0.525388,0.0
2077334047,3,0.585075,-0.48576,-0.381769,0.525334,0.0
2077334057,3,0.584616,-0.484663,-0.38339,0.525677,0.0
2077334067,3,0.584247,-0.485187,-0.383454,0.525557,0.0
2077334077,3,0.58389,-0.485758,-0.38352,0.525379,0.0
2077334087,3,0.583333,-0.486411,-0.38362,0.52532,0.0
2077334097,3,0.583309,-0.487091,-0.383857,0.524542,0.0
2077334107,3,0.583006,-0.487478,-0.384517,0.524036,0.0
2077334117,3,0.582128,-0.487786,-0.38539,0.524084,0.0
2077334128,3,0.58112,-0.488607,-0.385651,0.524246,0.0
2077334138,3,0.580336,-0.489962,-0.385063,0.524282,0.0
2077334148,3,0.579876,-0.491872,-0.383652,0.524037,0.0
2077334158,3,0.579692,-0.493737,-0.381996,0.523697,0.0
2077334168,3,0.579757,-0.49486,-0.380786,0.523446,0.0
2077334178,3,0.579578,-0.495235,-0.380164,0.523742,0.0
2077334188,3,0.579209,-0.495222,-0.37989,0.52436,0.0
2077334198,3,0.578567,-0.4947,-0.380028,0.525461,0.0
2077334208,3,0.577744,-0.494004,-0.380163,0.526921,0.0
2077334218,3,0.577052,-0.49363,-0.379907,0.528213,0.0
2077334228,3,0.576733,-0.493166,-0.379865,0.529025,0.0
2077334238,3,0.57668,-0.492645,-0.379856,0.529574,0.0
2077334248,3,0.576873,-0.492178,-0.379716,0.529899,0.0
2077334258,3,0.577188,-0.491967,-0.379273,0.530069,0.0
2077334269,3,0.577552,-0.492073,-0.378615,0.530044,0.0
2077334279,3,0.577872,-0.492246,-0.377994,0.529977,0.0
2077334289,3,0.578047,-0.492054,-0.377645,0.530214,0.0
2077334299,3,0.578204,-0.491926,-0.377275,0.530425,0.0
2077334309,3,0.578674,-0.492325,-0.376516,0.530082,0.0
2077334319,3,0.579274,-0.49284,-0.375711,0.529519,0.0
2077334329,3,0.579816,-0.492933,-0.375367,0.529082,0.0
2077334339,3,0.580086,-0.492639,-0.375436,0.529011,0.0
2077334349,3,0.580112,-0.492112,-0.375751,0.52925,0.0
2077334359,3,0.579895,-0.491465,-0.376122,0.529824,0.0
2077334369,3,0.579482,-0.490918,-0.376256,0.530688,0.0
2077334379,3,0.579088,-0.490599,-0.376137,0.531497,0.0
2077334389,3,0.57908,-0.490278,-0.375742,0.53208,0.0
2077334400,3,0.579569,-0.490088,-0.375072,0.532197,0.0
2077334410,3,0.580123,-0.490106,-0.374195,0.532194,0.0
2077334420,3,0.580651,-0.490396,-0.373065,0.532143,0.0
2077334430,3,0.581263,-0.49068,-0.371748,0.532135,0.0
2077334440,3,0.58207,-0.490774,-0.370349,0.532142,0.0
2077334450,3,0.583223,-0.490959,-0.368797,0.531787,0.0
2077334460,3,0.584692,-0.491242,-0.367094,0.53109,0.0
2077334470,3,0.586145,-0.491145,-0.365612,0.5306,0.0
2077334480,3,0.587236,-0.490364,-0.364833,0.530652,0.0
2077334490,3,0.587789,-0.488872,-0.36494,0.531343,0.0
2077334500,3,0.587811,-0.48729,-0.365442,0.532425,0.0
2077334510,3,0.58773,-0.485595,-0.365936,0.533722,0.0
2077334520,3,0.587988,-0.484355,-0.365829,0.534638,0.0
2077334531,3,0.588696,-0.483631,-0.365036,0.535056,0.0
2077334541,3,0.589902,-0.4831,-0.364004,0.53491,0.0
2077334551,3,0.591186,-0.482283,-0.363333,0.534687,0.0
2077334561,3,0.592184,-0.481216,-0.363199,0.534634,0.0
2077334571,3,0.592864,-0.480158,-0.363274,0.534781,0.0
2077334581,3,0.593507,-0.479283,-0.363036,0.535014,0.0
2077334591,3,0.594459,-0.47873,-0.362361,0.534911,0.0
2077334601,3,0.595632,-0.478495,-0.361556,0.534359,0.0
2077334611,3,0.596625,-0.478288,-0.360925,0.533863,0.0
2077334621,3,0.597398,-0.477854,-0.360604,0.533604,0.0
2077334631,3,0.597949,-0.477148,-0.360497,0.533692,0.0
2077334641,3,0.598203,-0.476522,-0.360398,0.534033,0.0
2077334651,3,0.598432,-0.476066,-0.360181,0.534329,0.0
2077334661,3,0.598608,-0.475464,-0.359922,0.534842,0.0
2077334672,3,0.598636,-0.4749,-0.359574,0.535546,0.0
2077334682,3,0.598594,-0.474245,-0.359601,0.536155,0.0
2077334692,3,0.598558,-0.473676,-0.35975,0.536599,0.0
2077334702,3,0.598527,-0.473206,-0.359766,0.537036,0.0
2077334712,3,0.598598,-0.472897,-0.359676,0.537291,0.0
2077334722,3,0.598865,-0.472916,-0.359473,0.537112,0.0
2077334732,3,0.599034,-0.473142,-0.359293,0.536844,0.0
2077334742,3,0.599095,-0.473127,-0.35932,0.536771,0.0
2077334752,3,0.599113,-0.473339,-0.359028,0.536759,0.0
2077334762,3,0.599218,-0.473582,-0.358736,0.536624,0.0
2077334772,3,0.59941,-0.473736,-0.358544,0.536401,0.0
2077334782,3,0.599516,-0.473435,-0.35868,0.536458,0.0
2077334792,3,0.59948,-0.472858,-0.359087,0.536734,0.0
2077334803,3,0.599197,-0.47238,-0.359682,0.537073,0.0
2077334813,3,0.598762,-0.472074,-0.360179,0.537494,0.0
2077334823,3,0.598375,-0.471927,-0.360453,0.537869,0.0
2077334833,3,0.598184,-0.471929,-0.360458,0.538077,0.0
2077334843,3,0.598174,-0.472155,-0.360323,0.53798,0.0
2077334853,3,0.598184,-0.472626,-0.360096,0.537708,0.0
2077334863,3,0.597946,-0.472952,-0.360019,0.537737,0.0
2077334873,3,0.597399,-0.473026,-0.360098,0.538227,0.0
2077334883,3,0.597076,-0.473401,-0.359942,0.538361,0.0
2077334893,3,0.596913,-0.474139,-0.359288,0.538328,0.0
2077334903,3,0.597004,-0.475056,-0.358132,0.538189,0.0
2077334913,3,0.596927,-0.475275,-0.35745,0.538535,0.0
2077334923,3,0.596702,-0.475148,-0.357262,0.539021,0.0
2077334934,3,0.59662,-0.474698,-0.357466,0.539373,0.0
2077334944,3,0.596737,-0.474194,-0.357463,0.539688,0.0
2077334954,3,0.596948,-0.473475,-0.357472,0.540079,0.0
2077334964,3,0.597234,-0.473035,-0.357183,0.54034,0.0
2077334974,3,0.597382,-0.472642,-0.356876,0.540723,0.0
2077334984,3,0.597311,-0.471747,-0.357225,0.541352,0.0
2077334994,3,0.597073,-0.470745,-0.357601,0.542238,0.0
2077335004,3,0.597152,-0.470346,-0.357576,0.542514,0.0
2077335014,3,0.597452,-0.470587,-0.357138,0.542264,0.0
2077335024,3,0.59782,-0.470599,-0.356822,0.542055,0.0
2077335034,3,0.598278,-0.470334,-0.356696,0.541863,0.0
2077335044,3,0.598767,-0.469947,-0.356754,0.54162,0.0
2077335054,3,0.599278,-0.470085,-0.356353,0.5412,0.0
2077335065,3,0.599815,-0.470093,-0.355894,0.5409,0.0
2077335075,3,0.600169,-0.469522,-0.355924,0.540983,0.0
2077335085,3,0.600408,-0.468926,-0.356183,0.541065,0.0
2077335095,3,0.60055,-0.468313,-0.356751,0.541063,0.0
2077335105,3,0.600448,-0.467225,-0.357912,0.54135,0.0
2077335115,3,0.600143,-0.466295,-0.358798,0.541904,0.0
2077335125,3,0.600296,-0.465849,-0.35915,0.541885,0.0
2077335135,3,0.600721,-0.465921,-0.359026,0.541434,0.0
2077335145,3,0.600999,-0.465656,-0.359184,0.541248,0.0
2077335155,3,0.601055,-0.464865,-0.359881,0.541403,0.0
2077335165,3,0.600818,-0.463806,-0.361095,0.541766,0.0
2077335175,3,0.600654,-0.463393,-0.361809,0.541824,0.0
2077335185,3,0.600857,-0.463471,-0.361736,0.541582,0.0
2077335195,3,0.601324,-0.463645,-0.361296,0.541208,0.0
2077335206,3,0.601561,-0.463754,-0.361113,0.540973,0.0
2077335216,3,0.601524,-0.463606,-0.361346,0.540986,0.0
2077335226,3,0.601309,-0.462959,-0.361898,0.54141,0.0
2077335236,3,0.601101,-0.462592,-0.362208,0.541747,0.0
2077335246,3,0.601011,-0.462731,-0.362191,0.54174,0.0
2077335256,3,0.601077,-0.46293,-0.362175,0.541507,0.0
2077335266,3,0.601111,-0.462878,-0.362237,0.541473,0.0
2077335276,3,0.601153,-0.462631,-0.362394,0.541531,0.0
2077335286,3,0.601043,-0.462616,-0.362612,0.54152,0.0
2077335296,3,0.600682,-0.462772,-0.36282,0.541648,0.0
2077335306,3,0.600308,-0.462616,-0.363102,0.542008,0.0
2077335316,3,0.600185,-0.462506,-0.363232,0.54215,0.0
2077335326,3,0.600247,-0.462636,-0.363188,0.542,0.0
2077335337,3,0.600333,-0.462862,-0.363087,0.541779,0.0
2077335347,3,0.600333,-0.462929,-0.362945,0.541817,0.0
2077335357,3,0.600247,-0.462911,-0.362641,0.542131,0.0
2077335367,3,0.600275,-0.462993,-0.362339,0.542233,0.0
2077335377,3,0.600243,-0.462793,-0.36241,0.542391,0.0
2077335387,3,0.600122,-0.462527,-0.362644,0.542595,0.0
2077335397,3,0.599905,-0.461862,-0.363132,0.543076,0.0
2077335407,3,0.599679,-0.461354,-0.363469,0.543532,0.0
2077335417,3,0.599623,-0.461353,-0.363376,0.543656,0.0
2077335427,3,0.599864,-0.461566,-0.362974,0.543478,0.0
2077335437,3,0.600073,-0.461403,-0.36283,0.543481,0.0
2077335447,3,0.600048,-0.4613,-0.362837,0.543592,0.0
2077335457,3,0.600014,-0.461295,-0.362832,0.543637,0.0
2077335468,3,0.599935,-0.461214,-0.362697,0.543883,0.0
2077335478,3,0.599832,-0.461178,-0.362376,0.544241,0.0
2077335488,3,0.599779,-0.461427,-0.361752,0.544503,0.0
2077335498,3,0.59971,-0.461534,-0.361317,0.544778,0.0
2077335508,3,0.599713,-0.461612,-0.360885,0.544995,0.0
2077335518,3,0.600056,-0.461769,-0.360382,0.544816,0.0
2077335528,3,0.600508,-0.461616,-0.360133,0.544613,0.0
2077335538,3,0.600759,-0.461345,-0.359949,0.544687,0.0
2077335548,3,0.600901,-0.461004,-0.359719,0.54497,0.0
2077335558,3,0.60096,-0.46034,-0.359628,0.545527,0.0
2077335568,3,0.60087,-0.459635,-0.359692,0.546178,0.0
2077335578,3,0.6009,-0.458824,-0.359837,0.546731,0.0
2077335588,3,0.601287,-0.457946,-0.359847,0.547036,0.0
2077335599,3,0.601922,-0.457366,-0.359571,0.547004,0.0
2077335609,3,0.602651,-0.456767,-0.359301,0.546879,0.0
2077335619,3,0.603163,-0.456089,-0.3593,0.546881,0.0
2077335629,3,0.603401,-0.454996,-0.359751,0.547232,0.0
2077335639,3,0.603616,-0.4541,-0.36,0.547575,0.0
2077335649,3,0.604185,-0.45356,-0.359909,0.547456,0.0
2077335659,3,0.605124,-0.453387,-0.359433,0.546874,0.0
2077335669,3,0.606177,-0.453152,-0.359208,0.546049,0.0
2077335679,3,0.6067,-0.452346,-0.359745,0.545783,0.0
2077335689,3,0.606734,-0.45108,-0.360986,0.545974,0.0
2077335699,3,0.606433,-0.450012,-0.362112,0.546443,0.0
2077335709,3,0.606348,-0.449154,-0.362825,0.546771,0.0
2077335719,3,0.606606,-0.448624,-0.36307,0.546757,0.0
2077335729,3,0.607047,-0.448411,-0.363212,0.546349,0.0
2077335740,3,0.607469,-0.448234,-0.363585,0.545776,0.0
2077335750,3,0.607688,-0.447979,-0.364378,0.545212,0.0
2077335760,3,0.607417,-0.447399,-0.365679,0.545121,0.0
2077335770,3,0.607037,-0.447395,-0.366599,0.544928,0.0
2077335780,3,0.606802,-0.448018,-0.367095,0.544343,0.0
2077335790,3,0.606615,-0.448744,-0.367512,0.543674,0.0
2077335800,3,0.606351,-0.449486,-0.368139,0.54293,0.0
2077335810,3,0.606036,-0.450124,-0.368971,0.542187,0.0
2077335820,3,0.605676,-0.450936,-0.369622,0.541472,0.0
2077335830,3,0.605402,-0.451758,-0.370114,0.540755,0.0
2077335840,3,0.604998,-0.452664,-0.370465,0.54021,0.0
2077335850,3,0.604516,-0.453482,-0.370941,0.539737,0.0
2077335860,3,0.6039,-0.453866,-0.371823,0.539496,0.0
2077335871,3,0.603162,-0.454446,-0.372527,0.539347,0.0
2077335881,3,0.602396,-0.455501,-0.372874,0.539075,0.0
2077335891,3,0.601674,-0.456625,-0.373182,0.538717,0.0
2077335901,3,0.600768,-0.457316,-0.373719,0.53877,0.0
2077335911,3,0.599756,-0.457986,-0.374168,0.539016,0.0
2077335921,3,0.598962,-0.459121,-0.374311,0.538834,0.0
2077335931,3,0.598258,-0.460573,-0.374079,0.538537,0.0
2077335941,3,0.597606,-0.462106,-0.373437,0.538394,0.0
2077335951,3,0.596904,-0.4633,-0.372796,0.538591,0.0
2077335961,3,0.596105,-0.464714,-0.371887,0.538886,0.0
2077335971,3,0.595219,-0.465966,-0.371079,0.539342,0.0
2077335981,3,0.594127,-0.46664,-0.370709,0.540215,0.0
2077335991,3,0.593073,-0.467002,-0.370478,0.541219,0.0
2077336002,3,0.592257,-0.467694,-0.36985,0.541944,0.0
2077336012,3,0.591743,-0.468741,-0.368665,0.542408,0.0
2077336022,3,0.591452,-0.469452,-0.367641,0.542805,0.0
2077336032,3,0.591182,-0.469435,-0.367238,0.543387,0.0
2077336042,3,0.590953,-0.469307,-0.367067,0.543861,0.0
2077336052,3,0.591127,-0.469596,-0.366508,0.5438,0.0
2077336062,3,0.591572,-0.469917,-0.365732,0.543561,0.0
2077336072,3,0.591896,-0.469767,-0.365339,0.543602,0.0
2077336082,3,0.592141,-0.469278,-0.365222,0.543836,0.0
2077336092,3,0.59245,-0.469037,-0.364749,0.544026,0.0
2077336102,3,0.592964,-0.469036,-0.363897,0.544037,0.0
2077336112,3,0.593529,-0.468655,-0.363158,0.544242,0.0
2077336122,3,0.59402,-0.468087,-0.362589,0.544575,0.0
2077336133,3,0.594483,-0.467583,-0.361983,0.544906,0.0
2077336143,3,0.594853,-0.466839,-0.361613,0.545386,0.0
2077336153,3,0.594869,-0.465732,-0.36155,0.546355,0.0
2077336163,3,0.594825,-0.464567,-0.361521,0.547413,0.0
2077336173,3,0.595087,-0.463823,-0.361069,0.548058,0.0
2077336183,3,0.59578,-0.463229,-0.36042,0.548234,0.0
2077336193,3,0.596561,-0.462499,-0.359912,0.548335,0.0
2077336203,3,0.597398,-0.461563,-0.35982,0.548273,0.0
2077336213,3,0.598214,-0.460902,-0.359554,0.548114,0.0
2077336223,3,0.598933,-0.460109,-0.359287,0.548169,0.0
2077336233,3,0.599439,-0.459224,-0.359012,0.548539,0.0
2077336243,3,0.600021,-0.458396,-0.358722,0.548785,0.0
2077336253,3,0.600803,-0.457523,-0.358673,0.54869,0.0
2077336263,3,0.601517,-0.456225,-0.359061,0.548735,0.0
2077336274,3,0.602218,-0.454707,-0.359659,0.548834,0.0
2077336284,3,0.602718,-0.453331,-0.360392,0.548942,0.0
2077336294,3,0.602936,-0.452218,-0.361051,0.549188,0.0
2077336304,3,0.603042,-0.451557,-0.361397,0.549387,0.0
2077336314,3,0.603027,-0.450721,-0.361923,0.549744,0.0
2077336324,3,0.603206,-0.45017,-0.362355,0.549715,0.0
2077336334,3,0.603616,-0.449913,-0.36265,0.549281,0.0
2077336344,3,0.604077,-0.449623,-0.362933,0.548825,0.0
2077336354,3,0.604373,-0.449512,-0.36321,0.548406,0.0
2077336364,3,0.604411,-0.449377,-0.36377,0.548104,0.0
2077336374,3,0.603992,-0.449014,-0.364856,0.548141,0.0
2077336384,3,0.603236,-0.448643,-0.365992,0.54852,0.0
2077336394,3,0.602828,-0.44875,-0.366484,0.548552,0.0
2077336405,3,0.602941,-0.449513,-0.366298,0.547927,0.0
2077336415,3,0.603209,-0.450198,-0.366219,0.547122,0.0
2077336425,3,0.603274,-0.450279,-0.366801,0.546593,0.0
2077336435,3,0.602779,-0.449765,-0.368144,0.54666,0.0
2077336445,3,0.601855,-0.449544,-0.369512,0.546937,0.0
2077336455,3,0.601018,-0.450084,-0.370221,0.546934,0.0
2077336465,3,0.60022,-0.450532,-0.370942,0.546953,0.0
2077336475,3,0.599287,-0.451103,-0.371474,0.547144,0.0
2077336485,3,0.598499,-0.451823,-0.372148,0.546954,0.0
2077336495,3,0.59758,-0.452477,-0.373043,0.546808,0.0
2077336505,3,0.596443,-0.452847,-0.374117,0.54701,0.0
2077336515,3,0.595218,-0.453528,-0.374645,0.547419,0.0
2077336525,3,0.59456,-0.455202,-0.374217,0.547037,0.0
2077336536,3,0.594353,-0.457195,-0.37344,0.54613,0.0
2077336546,3,0.593729,-0.4577,-0.37418,0.54588,0.0
2077336556,3,0.593087,-0.458265,-0.374948,0.545576,0.0
2077336566,3,0.593151,-0.459479,-0.375187,0.54432,0.0
2077336576,3,0.593164,-0.460618,-0.375418,0.543181,0.0
2077336586,3,0.592785,-0.46143,-0.375917,0.542562,0.0
2077336596,3,0.591537,-0.461548,-0.377108,0.542997,0.0
2077336606,3,0.589332,-0.461587,-0.378895,0.544116,0.0
2077336616,3,0.58675,-0.462029,-0.38071,0.545263,0.0
2077336626,3,0.585217,-0.463515,-0.381482,0.54511,0.0
2077336636,3,0.583756,-0.465004,-0.382083,0.544987,0.0
2077336646,3,0.582223,-0.467517,-0.38121,0.545088,0.0
2077336656,3,0.581296,-0.470182,-0.379828,0.54475,0.0
2077336667,3,0.580601,-0.472229,-0.378619,0.544563,0.0
2077336677,3,0.579799,-0.47336,-0.377693,0.545078,0.0
2077336687,3,0.578934,-0.474398,-0.37644,0.54596,0.0
2077336697,3,0.578239,-0.475562,-0.374698,0.546882,0.0
2077336707,3,0.577959,-0.476458,-0.373055,0.547521,0.0
2077336717,3,0.578039,-0.475929,-0.372869,0.548023,0.0
2077336727,3,0.578195,-0.475613,-0.372362,0.548477,0.0
2077336737,3,0.577894,-0.474758,-0.372541,0.549413,0.0
2077336747,3,0.577418,-0.474066,-0.372601,0.550469,0.0
2077336757,3,0.576939,-0.474043,-0.372214,0.551253,0.0
2077336767,3,0.576698,-0.474671,-0.37128,0.551594,0.0
2077336777,3,0.576851,-0.475033,-0.370517,0.551636,0.0
2077336787,3,0.577442,-0.475304,-0.369939,0.551172,0.0
2077336797,3,0.578384,-0.475482,-0.369685,0.5502,0.0
2077336808,3,0.579465,-0.475698,-0.369319,0.549121,0.0
2077336818,3,0.580278,-0.475699,-0.369174,0.548358,0.0
2077336828,3,0.58048,-0.475104,-0.369755,0.54827,0.0
2077336838,3,0.580062,-0.474319,-0.370713,0.548743,0.0
2077336848,3,0.579494,-0.47368,-0.371622,0.54928,0.0
2077336858,3,0.578825,-0.473277,-0.372302,0.549873,0.0
2077336868,3,0.578323,-0.47327,-0.372456,0.550303,0.0
2077336878,3,0.578322,-0.473733,-0.372054,0.550177,0.0
2077336888,3,0.578278,-0.474174,-0.371658,0.55011,0.0
2077336898,3,0.578261,-0.474544,-0.371222,0.550104,0.0
2077336908,3,0.578331,-0.474693,-0.370774,0.550203,0.0
2077336918,3,0.578596,-0.474753,-0.370233,0.550238,0.0
2077336928,3,0.579099,-0.47487,-0.369535,0.550077,0.0
2077336939,3,0.580396,-0.475891,-0.367906,0.548918,0.0
2077336949,3,0.581795,-0.476805,-0.366444,0.54762,0.0
2077336959,3,0.582939,-0.477104,-0.365598,0.546708,0.0
2077336969,3,0.583502,-0.47728,-0.365099,0.546288,0.0
2077336979,3,0.583639,-0.477453,-0.364633,0.546301,0.0
2077336989,3,0.583526,-0.477562,-0.364115,0.546671,0.0
2077336999,3,0.583425,-0.477922,-0.363333,0.546986,0.0
2077337009,3,0.583601,-0.478211,-0.362831,0.546878,0.0
2077337019,3,0.583929,-0.478415,-0.362656,0.546466,0.0
2077337029,3,0.584183,-0.478396,-0.362746,0.546151,0.0
2077337039,3,0.584218,-0.478024,-0.362974,0.546288,0.0
2077337049,3,0.584118,-0.477801,-0.36299,0.546579,0.0
2077337059,3,0.584395,-0.477936,-0.362367,0.546578,0.0
2077337070,3,0.585244,-0.477898,-0.361603,0.546209,0.0
2077337080,3,0.586211,-0.477564,-0.360897,0.545931,0.0
2077337090,3,0.587643,-0.477109,-0.360265,0.545207,0.0
2077337100,3,0.589336,-0.476484,-0.359914,0.544156,0.0
2077337110,3,0.590998,-0.475793,-0.359648,0.543133,0.0
2077337120,3,0.592236,-0.475072,-0.359544,0.542485,0.0
2077337130,3,0.592813,-0.47428,-0.359756,0.542408,0.0
2077337140,3,0.592877,-0.473588,-0.360169,0.542667,0.0
2077337150,3,0.592845,-0.473095,-0.36046,0.542939,0.0
2077337160,3,0.593112,-0.473029,-0.360383,0.542756,0.0
2077337170,3,0.593903,-0.473604,-0.35992,0.541696,0.0
2077337180,3,0.594818,-0.474307,-0.359495,0.540357,0.0
2077337190,3,0.595633,-0.474565,-0.359508,0.539223,0.0
2077337201,3,0.596164,-0.474521,-0.359891,0.538418,0.0
2077337211,3,0.59647,-0.474743,-0.360103,0.537741,0.0
2077337221,3,0.596603,-0.47491,-0.360297,0.537317,0.0
2077337231,3,0.596813,-0.475372,-0.36005,0.536841,0.0
2077337241,3,0.597454,-0.475902,-0.359801,0.535824,0.0
2077337251,3,0.597995,-0.47617,-0.359978,0.534862,0.0
2077337261,3,0.598372,-0.476004,-0.360621,0.534155,0.0
2077337271,3,0.598492,-0.475714,-0.361421,0.533738,0.0
2077337281,3,0.598342,-0.475578,-0.361989,0.533643,0.0
2077337291,3,0.598392,-0.476145,-0.361739,0.533251,0.0
2077337301,3,0.598558,-0.476436,-0.361424,0.533017,0.0
2077337311,3,0.598742,-0.476478,-0.361237,0.532901,0.0
2077337321,3,0.598978,-0.476593,-0.361067,0.532648,0.0
2077337331,3,0.599285,-0.476514,-0.360948,0.532454,0.0
2077337342,3,0.599468,-0.476073,-0.361018,0.532595,0.0
2077337352,3,0.59948,-0.475674,-0.360966,0.532972,0.0
2077337362,3,0.599466,-0.475668,-0.360711,0.533166,0.0
2077337372,3,0.599525,-0.475911,-0.360244,0.533199,0.0
2077337382,3,0.599783,-0.475925,-0.3597,0.533263,0.0
2077337392,3,0.6004,-0.475908,-0.359023,0.533041,0.0
2077337402,3,0.601169,-0.47588,-0.358427,0.5326,0.0
2077337412,3,0.601769,-0.475676,-0.358056,0.532353,0.0
2077337422,3,0.602032,-0.475111,-0.358072,0.532551,0.0
2077337432,3,0.601902,-0.474079,-0.358505,0.533326,0.0
2077337442,3,0.601564,-0.472774,-0.359247,0.534364,0.0
2077337452,3,0.601179,-0.471794,-0.35984,0.535264,0.0
2077337462,3,0.60107,-0.470992,-0.360107,0.535913,0.0
2077337473,3,0.601271,-0.470448,-0.359853,0.536337,0.0
2077337483,3,0.601676,-0.470152,-0.359195,0.536582,0.0
2077337493,3,0.602064,-0.469613,-0.358862,0.536842,0.0
2077337503,3,0.602157,-0.468709,-0.359058,0.537395,0.0
2077337513,3,0.602039,-0.467384,-0.359484,0.538397,0.0
2077337523,3,0.602514,-0.466648,-0.359161,0.538719,0.0
2077337533,3,0.603047,-0.466075,-0.358467,0.539081,0.0
2077337543,3,0.603823,-0.465424,-0.357718,0.539272,0.0
2077337553,3,0.604474,-0.464086,-0.35764,0.539747,0.0
2077337563,3,0.604822,-0.462521,-0.357929,0.540508,0.0
2077337573,3,0.605427,-0.461699,-0.357545,0.540789,0.0
2077337583,3,0.606057,-0.460883,-0.357124,0.541057,0.0
2077337593,3,0.606624,-0.459931,-0.3568,0.541445,0.0
2077337604,3,0.606675,-0.459374,-0.356183,0.542267,0.0
2077337614,3,0.606394,-0.458808,-0.355792,0.543315,0.0
2077337624,3,0.606175,-0.45819,-0.355619,0.544194,0.0
2077337634,3,0.606444,-0.457588,-0.355351,0.544576,0.0
2077337644,3,0.607184,-0.457152,-0.35481,0.54447,0.0
2077337654,3,0.607968,-0.456718,-0.354278,0.544307,0.0
2077337664,3,0.609077,-0.456231,-0.353631,0.543895,0.0
2077337674,3,0.609462,-0.454953,-0.353915,0.544349,0.0
2077337684,3,0.609304,-0.453209,-0.354978,0.545288,0.0
2077337694,3,0.60905,-0.451407,-0.356248,0.546237,0.0
2077337704,3,0.609254,-0.450025,-0.356939,0.546699,0.0
2077337714,3,0.610195,-0.449419,-0.356653,0.546334,0.0
2077337724,3,0.611308,-0.448658,-0.356665,0.545707,0.0
2077337735,3,0.611663,-0.447192,-0.357736,0.545812,0.0
2077337745,3,0.611826,-0.446345,-0.358006,0.546146,0.0
2077337755,3,0.61197,-0.445567,-0.358225,0.546476,0.0
2077337765,3,0.61223,-0.445094,-0.35832,0.546508,0.0
2077337775,3,0.612227,-0.444924,-0.358169,0.546749,0.0
2077337785,3,0.612786,-0.444729,-0.358058,0.546353,0.0
2077337795,3,0.613504,-0.444378,-0.358209,0.545734,0.0
2077337805,3,0.614236,-0.444017,-0.358581,0.544959,0.0
2077337815,3,0.614585,-0.443741,-0.358912,0.544573,0.0
2077337825,3,0.614885,-0.443694,-0.358884,0.544291,0.0
2077337835,3,0.615186,-0.443872,-0.358229,0.544237,0.0
2077337845,3,0.615727,-0.444071,-0.357487,0.543951,0.0
2077337855,3,0.616288,-0.444083,-0.35725,0.543461,0.0
2077337865,3,0.616542,-0.443144,-0.358019,0.543433,0.0
2077337876,3,0.61641,-0.441715,-0.359415,0.543825,0.0
2077337886,3,0.616241,-0.440739,-0.360479,0.544104,0.0
2077337896,3,0.616052,-0.440267,-0.360958,0.544383,0.0
2077337906,3,0.615888,-0.440012,-0.36122,0.544601,0.0
2077337916,3,0.615582,-0.439611,-0.361617,0.545006,0.0
2077337926,3,0.615368,-0.439256,-0.361944,0.545317,0.0
2077337936,3,0.615414,-0.439369,-0.361824,0.545255,0.0
2077337946,3,0.6158,-0.439752,-0.361233,0.544902,0.0
2077337956,3,0.616309,-0.44003,-0.360617,0.544509,0.0
2077337966,3,0.616513,-0.440004,-0.36047,0.544397,0.0
2077337976,3,0.616292,-0.439517,-0.360902,0.544753,0.0
2077337986,3,0.615959,-0.439366,-0.361096,0.545123,0.0
2077337996,3,0.615769,-0.439366,-0.360863,0.545492,0.0
2077338007,3,0.616044,-0.43962,-0.360368,0.545305,0.0
2077338017,3,0.616582,-0.439753,-0.359979,0.544845,0.0
2077338027,3,0.617347,-0.439631,-0.359943,0.544102,0.0
2077338037,3,0.617979,-0.439327,-0.360277,0.543409,0.0
2077338047,3,0.618202,-0.438757,-0.361012,0.543127,0.0
2077338057,3,0.617706,-0.438111,-0.362146,0.543458,0.0
2077338067,3,0.616779,-0.437822,-0.363227,0.544023,0.0
2077338077,3,0.615817,-0.438084,-0.36367,0.544605,0.0
2077338087,3,0.615258,-0.438951,-0.363774,0.544469,0.0
2077338097,3,0.614897,-0.439858,-0.363904,0.544057,0.0
2077338107,3,0.614675,-0.44073,-0.364182,0.543416,0.0
2077338117,3,0.614547,-0.441773,-0.364352,0.542599,0.0
2077338127,3,0.614463,-0.442744,-0.364473,0.541822,0.0
2077338138,3,0.614207,-0.443408,-0.364788,0.541358,0.0
2077338148,3,0.613805,-0.443322,-0.365686,0.541278,0.0
2077338158,3,0.613421,-0.443068,-0.36658,0.541316,0.0
2077338168,3,0.612486,-0.443551,-0.366721,0.541883,0.0
2077338178,3,0.61141,-0.444136,-0.366961,0.542456,0.0
2077338188,3,0.610261,-0.444443,-0.367627,0.543048,0.0
2077338198,3,0.60926,-0.444557,-0.368468,0.543508,0.0
2077338208,3,0.608804,-0.444642,-0.369244,0.543423,0.0
2077338218,3,0.608315,-0.445685,-0.369018,0.543269,0.0
2077338228,3,0.607916,-0.446379,-0.369002,0.543157,0.0
2077338238,3,0.6078,-0.447211,-0.368725,0.542791,0.0
2077338248,3,0.608142,-0.448368,-0.368254,0.541772,0.0
2077338258,3,0.608641,-0.44953,-0.36796,0.540446,0.0
2077338268,3,0.609047,-0.450386,-0.368079,0.539193,0.0
2077338279,3,0.608589,-0.450445,-0.369237,0.53887,0.0
2077338289,3,0.60807,-0.450793,-0.370315,0.538425,0.0
2077338299,3,0.6071,-0.450713,-0.371922,0.538479,0.0
2077338309,3,0.60593,-0.450679,-0.373398,0.538803,0.0
2077338319,3,0.604755,-0.451103,-0.374482,0.539017,0.0
2077338329,3,0.604091,-0.451651,-0.375536,0.538569,0.0
2077338339,3,0.603042,-0.453113,-0.375739,0.538375,0.0
2077338349,3,0.602143,-0.454345,-0.376249,0.537986,0.0
2077338359,3,0.601163,-0.454625,-0.377731,0.537808,0.0
2077338369,3,0.600112,-0.454995,-0.379167,0.537657,0.0
2077338379,3,0.59888,-0.456093,-0.379751,0.537688,0.0
2077338389,3,0.597784,-0.457406,-0.380052,0.537581,0.0
2077338399,3,0.597033,-0.459018,-0.379905,0.537145,0.0
2077338410,3,0.596856,-0.460788,-0.379382,0.536195,0.0
2077338420,3,0.59628,-0.461147,-0.380487,0.535744,0.0
2077338430,3,0.596628,-0.462795,-0.38021,0.53413,0.0
2077338440,3,0.597066,-0.4643,-0.379925,0.532535,0.0
2077338450,3,0.596503,-0.464573,-0.3809,0.53223,0.0
2077338460,3,0.59576,-0.46537,-0.381245,0.532119,0.0
2077338470,3,0.593919,-0.465845,-0.382198,0.533076,0.0
2077338480,3,0.591544,-0.466415,-0.383497,0.534285,0.0
2077338490,3,0.589262,-0.467492,-0.384617,0.53506,0.0
2077338500,3,0.587653,-0.469478,-0.385009,0.534809,0.0
2077338510,3,0.586533,-0.471393,-0.385218,0.534204,0.0
2077338520,3,0.585687,-0.473593,-0.385043,0.533311,0.0
2077338530,3,0.584969,-0.475806,-0.384661,0.532404,0.0
2077338541,3,0.584366,-0.477795,-0.384198,0.531619,0.0
2077338551,3,0.583794,-0.479376,-0.383788,0.531121,0.0
2077338561,3,0.583375,-0.480694,-0.383494,0.530601,0.0
2077338571,3,0.583034,-0.481605,-0.383454,0.530178,0.0
2077338581,3,0.582699,-0.482048,-0.383683,0.529978,0.0
2077338591,3,0.582285,-0.482029,-0.384269,0.530026,0.0
2077338601,3,0.581679,-0.48183,-0.385221,0.530181,0.0
2077338611,3,0.580863,-0.481968,-0.385994,0.530388,0.0
2077338621,3,0.579989,-0.482188,-0.386655,0.530663,0.0
2077338631,3,0.579262,-0.48221,-0.387466,0.530846,0.0
2077338641,3,0.578509,-0.483283,-0.387201,0.530885,0.0
2077338651,3,0.577811,-0.484142,-0.387158,0.530893,0.0
2077338661,3,0.577005,-0.484883,-0.387199,0.531064,0.0
2077338672,3,0.576165,-0.48532,-0.387402,0.531429,0.0
2077338682,3,0.575538,-0.485864,-0.387317,0.531674,0.0
2077338692,3,0.575211,-0.486872,-0.386506,0.531695,0.0
2077338702,3,0.575097,-0.487877,-0.385392,0.531705,0.0
2077338712,3,0.574922,-0.488342,-0.384604,0.532038,0.0
2077338722,3,0.574794,-0.488576,-0.384018,0.532384,0.0
2077338732,3,0.574785,-0.488351,-0.383795,0.532762,0.0
2077338742,3,0.574798,-0.487881,-0.383769,0.533196,0.0
2077338752,3,0.57496,-0.487493,-0.383578,0.533514,0.0
2077338762,3,0.575294,-0.487301,-0.383272,0.533549,0.0
2077338772,3,0.57569,-0.486929,-0.383169,0.533537,0.0
2077338782,3,0.576135,-0.486246,-0.383325,0.533566,0.0
2077338792,3,0.576637,-0.485353,-0.383744,0.533537,0.0
2077338802,3,0.57706,-0.484468,-0.384201,0.533554,0.0
2077338813,3,0.577527,-0.484008,-0.3843,0.533395,0.0
2077338823,3,0.578184,-0.483833,-0.384019,0.533045,0.0
2077338833,3,0.578737,-0.483597,-0.383874,0.532763,0.0
2077338843,3,0.579029,-0.483427,-0.383866,0.532606,0.0
2077338853,3,0.579235,-0.483416,-0.38385,0.532403,0.0
2077338863,3,0.579457,-0.483397,-0.383728,0.532267,0.0
2077338873,3,0.579783,-0.483414,-0.383433,0.532109,0.0
2077338883,3,0.580352,-0.483654,-0.382865,0.531679,0.0
2077338893,3,0.580777,-0.483655,-0.382644,0.531374,0.0
2077338903,3,0.580759,-0.48312,-0.383063,0.531578,0.0
2077338913,3,0.580561,-0.48238,-0.383783,0.531947,0.0
2077338923,3,0.580444,-0.482233,-0.384079,0.531994,0.0
2077338933,3,0.580947,-0.482207,-0.384308,0.531302,0.0
2077338944,3,0.581672,-0.482372,-0.384292,0.53037,0.0
2077338954,3,0.58236,-0.482212,-0.384596,0.529541,0.0
2077338964,3,0.582993,-0.481995,-0.385182,0.528614,0.0
2077338974,3,0.583494,-0.48191,-0.385965,0.527567,0.0
2077338984,3,0.583812,-0.48208,-0.386611,0.526586,0.0
2077338994,3,0.583912,-0.48234,-0.38724,0.525774,0.0
2077339004,3,0.583717,-0.482715,-0.387838,0.525205,0.0
2077339014,3,0.583422,-0.483403,-0.388191,0.524639,0.0
2077339024,3,0.583017,-0.484123,-0.388582,0.524136,0.0
2077339034,3,0.582345,-0.484489,-0.389345,0.523979,0.0
2077339044,3,0.581385,-0.48472,-0.390289,0.524128,0.0
2077339054,3,0.580356,-0.485355,-0.390886,0.524236,0.0
2077339064,3,0.579415,-0.485965,-0.39132,0.524388,0.0
2077339075,3,0.57853,-0.486583,-0.391584,0.524595,0.0
2077339085,3,0.578115,-0.487285,-0.391631,0.524366,0.0
2077339095,3,0.578164,-0.488033,-0.391533,0.523689,0.0
2077339105,3,0.578206,-0.488732,-0.391413,0.52308,0.0
2077339115,3,0.578269,-0.48929,-0.391374,0.522517,0.0
2077339125,3,0.578353,-0.489581,-0.391756,0.521865,0.0
2077339135,3,0.578302,-0.489706,-0.392459,0.521276,0.0
2077339145,3,0.578115,-0.489859,-0.393039,0.520903,0.0
2077339155,3,0.577714,-0.49009,-0.393571,0.520729,0.0
2077339165,3,0.576942,-0.490557,-0.394055,0.520779,0.0
2077339175,3,0.57597,-0.491494,-0.394424,0.520693,0.0
2077339185,3,0.574811,-0.492438,-0.394797,0.520798,0.0
2077339195,3,0.573506,-0.493579,-0.395017,0.52099,0.0
2077339206,3,0.572098,-0.49465,-0.395325,0.521288,0.0
2077339216,3,0.57067,-0.495766,-0.395544,0.521627,0.0
2077339226,3,0.569462,-0.496538,-0.39604,0.521836,0.0
2077339236,3,0.568283,-0.498132,-0.395343,0.522132,0.0
2077339246,3,0.567109,-0.499414,-0.394734,0.522644,0.0
2077339256,3,0.566151,-0.500855,-0.393893,0.522937,0.0
2077339266,3,0.565778,-0.502037,-0.392974,0.5229,0.0
2077339276,3,0.565964,-0.503067,-0.392004,0.522435,0.0
2077339286,3,0.566627,-0.504129,-0.390937,0.521493,0.0
2077339296,3,0.567451,-0.504718,-0.390255,0.520537,0.0
2077339306,3,0.567972,-0.504419,-0.390355,0.520183,0.0
2077339316,3,0.567956,-0.5036,-0.390959,0.52054,0.0
2077339326,3,0.567717,-0.502969,-0.391539,0.520975,0.0
2077339336,3,0.567467,-0.503045,-0.391702,0.521051,0.0
2077339347,3,0.567338,-0.503384,-0.391765,0.520817,0.0
2077339357,3,0.567136,-0.503623,-0.392023,0.520611,0.0
2077339367,3,0.566906,-0.503867,-0.392429,0.520319,0.0
2077339377,3,0.56649,-0.50427,-0.392795,0.520107,0.0
2077339387,3,0.565868,-0.504629,-0.39307,0.520229,0.0
2077339397,3,0.565094,-0.504884,-0.393144,0.520766,0.0
2077339407,3,0.564343,-0.505531,-0.392802,0.52121,0.0
2077339417,3,0.563884,-0.506365,-0.392229,0.521329,0.0
2077339427,3,0.563887,-0.507164,-0.391508,0.52109,0.0
2077339437,3,0.564164,-0.507692,-0.390873,0.520754,0.0
2077339447,3,0.56453,-0.507938,-0.390477,0.520413,0.0
2077339457,3,0.564806,-0.507962,-0.390231,0.520275,0.0
2077339467,3,0.564887,-0.507642,-0.390244,0.52049,0.0
2077339478,3,0.564883,-0.507085,-0.390421,0.520905,0.0
2077339488,3,0.56515,-0.506897,-0.390383,0.520827,0.0
2077339498,3,0.565711,-0.507105,-0.390046,0.520267,0.0
2077339508,3,0.566332,-0.507296,-0.389827,0.519569,0.0
2077339518,3,0.566811,-0.507291,-0.38995,0.518959,0.0
2077339528,3,0.567066,-0.507238,-0.390321,0.518453,0.0
2077339538,3,0.567,-0.506974,-0.391086,0.518207,0.0
2077339548,3,0.566654,-0.5069,-0.391591,0.518276,0.0
2077339558,3,0.566342,-0.507446,-0.391471,0.518174,0.0
2077339568,3,0.566232,-0.508328,-0.391093,0.517714,0.0
2077339578,3,0.566341,-0.509211,-0.390753,0.516984,0.0
2077339588,3,0.566482,-0.509861,-0.390578,0.516321,0.0
2077339598,3,0.566509,-0.510066,-0.39077,0.515944,0.0
2077339609,3,0.566473,-0.510039,-0.391154,0.515719,0.0
2077339619,3,0.566586,-0.50998,-0.39143,0.515442,0.0
2077339629,3,0.566802,-0.509623,-0.39182,0.515262,0.0
2077339639,3,0.566931,-0.509368,-0.392112,0.515151,0.0
2077339649,3,0.567106,-0.509335,-0.392307,0.514841,0.0
2077339659,3,0.567228,-0.509223,-0.392757,0.514474,0.0
2077339669,3,0.56739,-0.509247,-0.3932,0.513934,0.0
2077339679,3,0.567572,-0.509416,-0.393569,0.513283,0.0
2077339689,3,0.567762,-0.510022,-0.393664,0.512397,0.0
2077339699,3,0.567736,-0.510833,-0.393632,0.511642,0.0
2077339709,3,0.567538,-0.511433,-0.393754,0.511168,0.0
2077339719,3,0.567266,-0.511946,-0.393926,0.510824,0.0
2077339729,3,0.567164,-0.512863,-0.393753,0.510151,0.0
2077339740,3,0.567022,-0.513852,-0.393545,0.509473,0.0
2077339750,3,0.566775,-0.514689,-0.393498,0.50894,0.0
2077339760,3,0.566492,-0.515276,-0.393675,0.508523,0.0
2077339770,3,0.56627,-0.515908,-0.393866,0.507982,0.0
2077339780,3,0.566151,-0.516723,-0.39384,0.507305,0.0
2077339790,3,0.566089,-0.51754,-0.393674,0.50667,0.0
2077339800,3,0.566011,-0.518114,-0.393771,0.506094,0.0
2077339810,3,0.565844,-0.518443,-0.394142,0.505655,0.0
2077339820,3,0.565997,-0.519051,-0.394237,0.504786,0.0
2077339830,3,0.566189,-0.519528,-0.394354,0.503988,0.0
2077339840,3,0.566221,-0.51988,-0.394822,0.503222,0.0
2077339850,3,0.56597,-0.520116,-0.395677,0.50259,0.0
2077339860,3,0.565549,-0.520493,-0.396477,0.502041,0.0
2077339870,3,0.565149,-0.521223,-0.396906,0.501395,0.0
2077339881,3,0.564863,-0.5222,-0.397143,0.500512,0.0
2077339891,3,0.564705,-0.523104,-0.397511,0.499454,0.0
2077339901,3,0.564554,-0.52406,-0.397661,0.498502,0.0
2077339911,3,0.564288,-0.525116,-0.397658,0.497693,0.0
2077339921,3,0.563751,-0.526196,-0.397777,0.497065,0.0
2077339931,3,0.562857,-0.527164,-0.398166,0.496741,0.0
2077339941,3,0.561924,-0.527878,-0.398727,0.496588,0.0
2077339951,3,0.561613,-0.528934,-0.398661,0.49587,0.0
2077339961,3,0.561753,-0.530775,-0.39765,0.494554,0.0
2077339971,3,0.561944,-0.532251,-0.396943,0.493317,0.0
2077339981,3,0.561868,-0.533188,-0.39682,0.49249,0.0
2077339991,3,0.561583,-0.533531,-0.397449,0.491937,0.0
2077340001,3,0.561097,-0.533764,-0.398231,0.491606,0.0
2077340012,3,0.560702,-0.534402,-0.398564,0.491093,0.0
2077340022,3,0.560515,-0.535463,-0.398217,0.490431,0.0
2077340032,3,0.560397,-0.53624,-0.397973,0.489916,0.0
2077340042,3,0.560043,-0.536901,-0.39786,0.489689,0.0
2077340052,3,0.559705,-0.537111,-0.398311,0.489478,0.0
2077340062,3,0.559162,-0.537006,-0.399075,0.489591,0.0
2077340072,3,0.55896,-0.537469,-0.399031,0.48935,0.0
2077340082,3,0.558855,-0.537932,-0.398837,0.489119,0.0
2077340092,3,0.558378,-0.538394,-0.398439,0.489479,0.0
2077340102,3,0.557658,-0.538585,-0.398288,0.490213,0.0
2077340112,3,0.557175,-0.538712,-0.398305,0.490609,0.0
2077340122,3,0.557043,-0.538905,-0.39825,0.490591,0.0
2077340132,3,0.557164,-0.53938,-0.397745,0.49034,0.0
2077340143,3,0.557583,-0.539856,-0.397065,0.489892,0.0
2077340153,3,0.558065,-0.539919,-0.396677,0.489589,0.0
2077340163,3,0.558311,-0.539511,-0.396943,0.489542,0.0
2077340173,3,0.558143,-0.538836,-0.39761,0.489935,0.0
2077340183,3,0.557773,-0.537983,-0.398481,0.490586,0.0
2077340193,3,0.557266,-0.537491,-0.399012,0.491269,0.0
2077340203,3,0.557018,-0.537371,-0.399154,0.491567,0.0
2077340213,3,0.557058,-0.537379,-0.39917,0.491499,0.0
2077340223,3,0.557103,-0.537082,-0.399525,0.491485,0.0
2077340233,3,0.556841,-0.536469,-0.400129,0.49196,0.0
2077340243,3,0.556436,-0.536028,-0.400583,0.492529,0.0
2077340253,3,0.556095,-0.535803,-0.400602,0.493142,0.0
2077340263,3,0.555988,-0.535811,-0.400138,0.49363,0.0
2077340274,3,0.556278,-0.536006,-0.399459,0.493642,0.0
2077340284,3,0.556838,-0.536163,-0.398783,0.493387,0.0
2077340294,3,0.557346,-0.535816,-0.398587,0.493349,0.0
2077340304,3,0.557739,-0.535121,-0.398577,0.493668,0.0
2077340314,3,0.55804,-0.534337,-0.398596,0.494161,0.0
2077340324,3,0.55827,-0.533724,-0.398575,0.49458,0.0
2077340334,3,0.558331,-0.533011,-0.398702,0.495177,0.0
2077340344,3,0.55845,-0.532382,-0.398654,0.495758,0.0
2077340354,3,0.558868,-0.531816,-0.398363,0.496128,0.0
2077340364,3,0.559659,-0.531637,-0.397769,0.495904,0.0
2077340374,3,0.56066,-0.531657,-0.39713,0.495265,0.0
2077340384,3,0.561531,-0.531209,-0.396941,0.49491,0.0
2077340394,3,0.562108,-0.530176,-0.397449,0.494955,0.0
2077340404,3,0.562275,-0.529139,-0.39802,0.495416,0.0
2077340415,3,0.562666,-0.528631,-0.398123,0.495432,0.0
2077340425,3,0.563097,-0.528579,-0.397601,0.495417,0.0
2077340435,3,0.563426,-0.528286,-0.397213,0.495666,0.0
2077340445,3,0.563759,-0.528005,-0.396824,0.495899,0.0
2077340455,3,0.564274,-0.527442,-0.396701,0.49601,0.0
2077340465,3,0.564823,-0.526657,-0.396766,0.496167,0.0
2077340475,3,0.565371,-0.526031,-0.396647,0.496302,0.0
2077340485,3,0.565903,-0.52543,-0.396483,0.496463,0.0
2077340495,3,0.566473,-0.524844,-0.396206,0.496655,0.0
2077340505,3,0.567169,-0.523976,-0.39597,0.496965,0.0
2077340515,3,0.568054,-0.522887,-0.395881,0.497173,0.0
2077340525,3,0.568885,-0.521886,-0.395979,0.497195,0.0
2077340535,3,0.569582,-0.520967,-0.396118,0.497251,0.0
2077340546,3,0.570311,-0.520293,-0.396094,0.49714,0.0
2077340556,3,0.571076,-0.51975,-0.395925,0.496963,0.0
2077340566,3,0.571837,-0.519147,-0.395875,0.49676,0.0
2077340576,3,0.572304,-0.518535,-0.395991,0.496768,0.0
2077340586,3,0.572678,-0.518029,-0.396002,0.496856,0.0
2077340596,3,0.573097,-0.517483,-0.39584,0.497071,0.0
2077340606,3,0.573699,-0.517286,-0.395363,0.496961,0.0
2077340616,3,0.57448,-0.517026,-0.395125,0.496519,0.0
2077340626,3,0.575058,-0.516305,-0.395428,0.49636,0.0
2077340636,3,0.575268,-0.515022,-0.396295,0.496757,0.0
2077340646,3,0.575347,-0.514035,-0.396958,0.497158,0.0
2077340656,3,0.575636,-0.513654,-0.397114,0.497093,0.0
2077340666,3,0.576124,-0.513556,-0.396813,0.496869,0.0
2077340677,3,0.576773,-0.513381,-0.396636,0.496438,0.0
2077340687,3,0.577265,-0.513189,-0.396669,0.496038,0.0
2077340697,3,0.577575,-0.512935,-0.39692,0.495739,0.0
2077340707,3,0.577776,-0.512721,-0.397162,0.495533,0.0
2077340717,3,0.577788,-0.512192,-0.397679,0.495651,0.0
2077340727,3,0.577786,-0.511863,-0.398007,0.49573,0.0
2077340737,3,0.57777,-0.511972,-0.398163,0.495511,0.0
2077340747,3,0.577744,-0.5123,-0.398266,0.495119,0.0
2077340757,3,0.577728,-0.512562,-0.398429,0.494735,0.0
2077340767,3,0.577784,-0.512752,-0.398604,0.494332,0.0
2077340777,3,0.577909,-0.513048,-0.398734,0.493774,0.0
2077340787,3,0.578025,-0.513348,-0.398903,0.493189,0.0
2077340797,3,0.578034,-0.513502,-0.399088,0.492868,0.0
2077340808,3,0.578011,-0.513635,-0.399366,0.492531,0.0
2077340818,3,0.57792,-0.51375,-0.399601,0.492328,0.0
2077340828,3,0.577807,-0.513988,-0.399559,0.492246,0.0
2077340838,3,0.577816,-0.5142,-0.399462,0.492092,0.0
2077340848,3,0.577762,-0.514166,-0.399627,0.492057,0.0
2077340858,3,0.57764,-0.514103,-0.399939,0.492014,0.0
2077340868,3,0.577568,-0.513923,-0.400293,0.491998,0.0
2077340878,3,0.57742,-0.513665,-0.40071,0.492101,0.0
2077340888,3,0.577359,-0.513407,-0.401154,0.492081,0.0
2077340898,3,0.57746,-0.513365,-0.401261,0.491919,0.0
2077340908,3,0.577809,-0.513514,-0.401015,0.491554,0.0
2077340918,3,0.578104,-0.513387,-0.401011,0.491342,0.0
2077340928,3,0.578117,-0.513117,-0.401223,0.491437,0.0
2077340938,3,0.577915,-0.513097,-0.401421,0.491534,0.0
2077340949,3,0.577524,-0.513153,-0.401565,0.491817,0.0
2077340959,3,0.577103,-0.513136,-0.40174,0.492185,0.0
2077340969,3,0.576842,-0.513097,-0.401899,0.492402,0.0
2077340979,3,0.576867,-0.513113,-0.401925,0.492335,0.0
2077340989,3,0.577288,-0.513279,-0.401606,0.491929,0.0
2077340999,3,0.578079,-0.513593,-0.400983,0.49118,0.0
2077341009,3,0.579077,-0.513958,-0.400284,0.490191,0.0
2077341019,3,0.579846,-0.51397,-0.400091,0.489428,0.0
2077341029,3,0.58031,-0.513296,-0.40073,0.489062,0.0
2077341039,3,0.580388,-0.512464,-0.401747,0.489008,0.0
2077341049,3,0.580676,-0.512342,-0.401907,0.488661,0.0
2077341059,3,0.580866,-0.512279,-0.402053,0.488381,0.0
2077341069,3,0.580367,-0.512087,-0.402332,0.488945,0.0
2077341080,3,0.579198,-0.511361,-0.403393,0.490216,0.0
2077341090,3,0.577528,-0.510332,-0.405195,0.49177,0.0
2077341100,3,0.576113,-0.509645,-0.406783,0.49283,0.0
2077341110,3,0.575868,-0.509858,-0.407107,0.492628,0.0
2077341120,3,0.575702,-0.50999,-0.407335,0.492498,0.0
2077341130,3,0.576083,-0.51098,-0.406387,0.491809,0.0
2077341140,3,0.576339,-0.511302,-0.406216,0.491315,0.0
2077341150,3,0.57646,-0.5106,-0.40722,0.491072,0.0
2077341160,3,0.576373,-0.509525,-0.408749,0.49102,0.0
2077341170,3,0.576418,-0.508882,-0.410001,0.490591,0.0
2077341180,3,0.576412,-0.508737,-0.410808,0.490071,0.0
2077341190,3,0.576234,-0.508341,-0.411961,0.489723,0.0
2077341200,3,0.575884,-0.508508,-0.412837,0.489224,0.0
2077341211,3,0.574845,-0.507772,-0.415163,0.489242,0.0
2077341221,3,0.573315,-0.507171,-0.417477,0.489693,0.0
2077341231,3,0.572545,-0.507764,-0.418433,0.489162,0.0
2077341241,3,0.571829,-0.508474,-0.419298,0.488522,0.0
2077341251,3,0.571056,-0.509071,-0.420306,0.487937,0.0
2077341261,3,0.570101,-0.509382,-0.421648,0.487572,0.0
2077341271,3,0.56837,-0.510252,-0.422228,0.48818,0.0
2077341281,3,0.565994,-0.510492,-0.423634,0.48947,0.0
2077341291,3,0.563718,-0.510697,-0.425211,0.490514,0.0
2077341301,3,0.562834,-0.511229,-0.426025,0.490269,0.0
2077341311,3,0.562309,-0.511813,-0.426408,0.489928,0.0
2077341321,3,0.562007,-0.512226,-0.426701,0.489589,0.0
2077341331,3,0.562267,-0.513876,-0.425407,0.488686,0.0
2077341342,3,0.562017,-0.514018,-0.425791,0.488491,0.0
2077341352,3,0.560856,-0.513289,-0.427242,0.489323,0.0
2077341362,3,0.559525,-0.512996,-0.428493,0.49006,0.0
2077341372,3,0.558408,-0.513237,-0.42917,0.49049,0.0
2077341382,3,0.55766,-0.513818,-0.42951,0.490434,0.0
2077341392,3,0.557039,-0.5141,-0.430281,0.490169,0.0
2077341402,3,0.556182,-0.514619,-0.431141,0.489842,0.0
2077341412,3,0.554843,-0.514535,-0.433063,0.489752,0.0
2077341422,3,0.553121,-0.515086,-0.434437,0.489903,0.0
2077341432,3,0.55208,-0.516233,-0.434956,0.489409,0.0
2077341442,3,0.550745,-0.518548,-0.433825,0.489471,0.0
2077341452,3,0.549573,-0.520532,-0.432764,0.489622,0.0
2077341462,3,0.548714,-0.522011,-0.432213,0.489496,0.0
2077341472,3,0.547699,-0.522409,-0.432751,0.489733,0.0
2077341483,3,0.54633,-0.52264,-0.433438,0.490408,0.0
2077341493,3,0.54564,-0.523124,-0.433669,0.490457,0.0
2077341503,3,0.544634,-0.524598,-0.432263,0.491242,0.0
2077341513,3,0.543979,-0.525705,-0.430874,0.492002,0.0
2077341523,3,0.543844,-0.52648,-0.429815,0.492249,0.0
2077341533,3,0.544143,-0.52683,-0.429194,0.492086,0.0
2077341543,3,0.544704,-0.526898,-0.428797,0.491739,0.0
2077341553,3,0.54512,-0.527096,-0.428319,0.491482,0.0
2077341563,3,0.545269,-0.527758,-0.427535,0.49129,0.0
2077341573,3,0.545079,-0.527958,-0.427351,0.491445,0.0
2077341583,3,0.544596,-0.527811,-0.427684,0.491849,0.0
2077341593,3,0.54411,-0.528092,-0.42769,0.49208,0.0
2077341603,3,0.543828,-0.528694,-0.427297,0.492086,0.0
2077341614,3,0.54353,-0.529895,-0.426303,0.491985,0.0
2077341624,3,0.543172,-0.530863,-0.425498,0.492036,0.0
2077341634,3,0.542799,-0.531287,-0.425146,0.492294,0.0
2077341644,3,0.542528,-0.531331,-0.425142,0.492548,0.0
2077341654,3,0.542403,-0.531557,-0.424887,0.492661,0.0
2077341664,3,0.542488,-0.531835,-0.424398,0.49269,0.0
2077341674,3,0.542729,-0.531939,-0.423961,0.492688,0.0
2077341684,3,0.54309,-0.5317,-0.423807,0.492681,0.0
2077341694,3,0.54348,-0.531472,-0.423696,0.492593,0.0
2077341704,3,0.543915,-0.531019,-0.423739,0.492563,0.0
2077341714,3,0.544272,-0.530545,-0.423779,0.492644,0.0
2077341724,3,0.544561,-0.530492,-0.423594,0.492542,0.0
2077341734,3,0.544874,-0.530915,-0.423074,0.492187,0.0
2077341745,3,0.545163,-0.53141,-0.422525,0.491804,0.0
2077341755,3,0.545258,-0.531796,-0.422143,0.49161,0.0
2077341765,3,0.545088,-0.532014,-0.422026,0.491662,0.0
2077341775,3,0.544789,-0.532923,-0.421245,0.49168,0.0
2077341785,3,0.544601,-0.533674,-0.420416,0.491783,0.0
2077341795,3,0.544474,-0.534658,-0.419038,0.492032,0.0
2077341805,3,0.54424,-0.535291,-0.417965,0.492514,0.0
2077341815,3,0.54385,-0.535688,-0.417205,0.493156,0.0
2077341825,3,0.543349,-0.535686,-0.416852,0.494009,0.0
2077341835,3,0.543083,-0.535351,-0.416704,0.494789,0.0
2077341845,3,0.543235,-0.535499,-0.416014,0.495042,0.0
2077341855,3,0.543627,-0.535937,-0.41482,0.495141,0.0
2077341865,3,0.544476,-0.536521,-0.413266,0.494874,0.0
2077341876,3,0.54507,-0.536523,-0.412369,0.494967,0.0
2077341886,3,0.545186,-0.535978,-0.412298,0.495488,0.0
2077341896,3,0.545013,-0.535008,-0.412984,0.496155,0.0
2077341906,3,0.544958,-0.5342,-0.413623,0.496553,0.0
2077341916,3,0.54533,-0.534059,-0.413577,0.496335,0.0
2077341926,3,0.546094,-0.534315,-0.41306,0.495649,0.0
2077341936,3,0.546964,-0.534393,-0.412778,0.494839,0.0
2077341946,3,0.547584,-0.534147,-0.413026,0.494213,0.0
2077341956,3,0.547616,-0.533999,-0.413348,0.494068,0.0
2077341966,3,0.547271,-0.533941,-0.413608,0.494296,0.0
2077341976,3,0.546856,-0.534196,-0.413482,0.494585,0.0
2077341986,3,0.546521,-0.534554,-0.412967,0.494998,0.0
2077341996,3,0.546327,-0.53479,-0.412635,0.495234,0.0
2077342006,3,0.546145,-0.534862,-0.412486,0.495481,0.0
2077342017,3,0.545824,-0.53493,-0.412324,0.495897,0.0
2077342027,3,0.545482,-0.535218,-0.411988,0.496241,0.0
2077342037,3,0.54538,-0.535549,-0.411264,0.496596,0.0
2077342047,3,0.545471,-0.535746,-0.410507,0.49691,0.0
2077342057,3,0.545711,-0.53588,-0.409782,0.497101,0.0
2077342067,3,0.546313,-0.536008,-0.408889,0.497037,0.0
2077342077,3,0.546744,-0.535736,-0.408415,0.497245,0.0
2077342087,3,0.547006,-0.535167,-0.408357,0.497618,0.0
2077342097,3,0.547273,-0.534853,-0.408011,0.497945,0.0
2077342107,3,0.547805,-0.534883,-0.407092,0.49808,0.0
2077342117,3,0.548573,-0.534774,-0.40632,0.497982,0.0
2077342127,3,0.549347,-0.534577,-0.40573,0.497821,0.0
2077342137,3,0.550097,-0.534183,-0.405407,0.497679,0.0
2077342148,3,0.550899,-0.533533,-0.405275,0.497597,0.0
2077342158,3,0.551608,-0.533044,-0.405089,0.497487,0.0
2077342168,3,0.552289,-0.532579,-0.405003,0.4973,0.0
2077342178,3,0.552801,-0.531918,-0.405121,0.497342,0.0
2077342188,3,0.553195,-0.531087,-0.405431,0.49754,0.0
2077342198,3,0.553619,-0.530176,-0.405798,0.49774,0.0
2077342208,3,0.55406,-0.529391,-0.406193,0.497764,0.0
2077342218,3,0.554367,-0.528558,-0.406699,0.497894,0.0
2077342228,3,0.554468,-0.527765,-0.407203,0.498209,0.0
2077342238,3,0.554418,-0.526863,-0.407682,0.498829,0.0
2077342248,3,0.554415,-0.526362,-0.40774,0.499313,0.0
2077342258,3,0.554647,-0.526364,-0.407329,0.499388,0.0
2077342268,3,0.555095,-0.526339,-0.406866,0.499295,0.0
2077342279,3,0.555509,-0.525939,-0.406642,0.499438,0.0
2077342289,3,0.555884,-0.525726,-0.406316,0.499511,0.0
2077342299,3,0.556258,-0.525571,-0.405867,0.499623,0.0
2077342309,3,0.556569,-0.525235,-0.405503,0.499924,0.0
2077342319,3,0.556868,-0.524547,-0.40541,0.500389,0.0
2077342329,3,0.557203,-0.524076,-0.405312,0.50059,0.0
2077342339,3,0.557505,-0.523867,-0.405093,0.50065,0.0
2077342349,3,0.557864,-0.523507,-0.40489,0.500789,0.0
2077342359,3,0.55833,-0.523,-0.404905,0.500789,0.0
2077342369,3,0.558922,-0.522668,-0.405041,0.500364,0.0
2077342379,3,0.559414,-0.522459,-0.405183,0.499918,0.0
2077342389,3,0.559642,-0.522345,-0.405278,0.499704,0.0
2077342399,3,0.559569,-0.522004,-0.405533,0.499936,0.0
2077342410,3,0.559336,-0.521405,-0.40594,0.50049,0.0
2077342420,3,0.559108,-0.520774,-0.406361,0.50106,0.0
2077342430,3,0.558979,-0.520158,-0.406641,0.501617,0.0
2077342440,3,0.558947,-0.519607,-0.406752,0.502132,0.0
2077342450,3,0.55896,-0.519102,-0.406808,0.502596,0.0
2077342460,3,0.55902,-0.518536,-0.406899,0.503039,0.0
2077342470,3,0.5591,-0.517844,-0.407059,0.503533,0.0
2077342480,3,0.55928,-0.517227,-0.407031,0.503991,0.0
2077342490,3,0.559624,-0.516856,-0.406793,0.504181,0.0
2077342500,3,0.559977,-0.516557,-0.406465,0.50436,0.0
2077342510,3,0.56033,-0.516201,-0.406067,0.504653,0.0
2077342520,3,0.560739,-0.515868,-0.405661,0.504865,0.0
2077342530,3,0.561159,-0.515635,-0.405392,0.504853,0.0
2077342540,3,0.561429,-0.514994,-0.405482,0.505135,0.0
2077342551,3,0.561472,-0.514146,-0.405667,0.505802,0.0
2077342561,3,0.561523,-0.513674,-0.405566,0.506305,0.0
2077342571,3,0.561681,-0.513263,-0.405263,0.50679,0.0
2077342581,3,0.561823,-0.512899,-0.404908,0.507284,0.0
2077342591,3,0.561964,-0.512423,-0.404609,0.507847,0.0
2077342601,3,0.562097,-0.51198,-0.404423,0.508294,0.0
2077342611,3,0.562264,-0.51174,-0.40418,0.508545,0.0
2077342621,3,0.562503,-0.511424,-0.403745,0.508943,0.0
2077342631,3,0.562906,-0.510917,-0.403287,0.50937,0.0
2077342641,3,0.563422,-0.510285,-0.402961,0.509692,0.0
2077342651,3,0.564006,-0.50974,-0.402672,0.509818,0.0
2077342661,3,0.56462,-0.509096,-0.402327,0.510056,0.0
2077342671,3,0.565225,-0.508299,-0.401983,0.510451,0.0
2077342682,3,0.565739,-0.507539,-0.401779,0.510798,0.0
2077342692,3,0.566297,-0.506896,-0.401616,0.510947,0.0
2077342702,3,0.566853,-0.506113,-0.401551,0.511158,0.0
2077342712,3,0.567345,-0.505182,-0.401644,0.51146,0.0
2077342722,3,0.567824,-0.504323,-0.401759,0.511685,0.0
2077342732,3,0.568322,-0.503828,-0.401655,0.511702,0.0
2077342742,3,0.568888,-0.503412,-0.401333,0.511736,0.0
2077342752,3,0.56953,-0.503003,-0.400872,0.511784,0.0
2077342762,3,0.570128,-0.502641,-0.400461,0.511796,0.0
2077342772,3,0.570532,-0.502255,-0.400086,0.512017,0.0
2077342782,3,0.570856,-0.501944,-0.399598,0.512343,0.0
2077342792,3,0.571082,-0.501527,-0.399061,0.512917,0.0
2077342802,3,0.571309,-0.5012,-0.398528,0.513399,0.0
2077342813,3,0.571705,-0.500839,-0.398045,0.513684,0.0
2077342823,3,0.572231,-0.500488,-0.397349,0.51398,0.0
2077342833,3,0.57301,-0.500245,-0.396302,0.514157,0.0
2077342843,3,0.573973,-0.500066,-0.395144,0.514148,0.0
2077342853,3,0.574987,-0.4996,-0.394361,0.51407,0.0
2077342863,3,0.575999,-0.498653,-0.394038,0.514104,0.0
2077342873,3,0.577094,-0.497338,-0.39398,0.514193,0.0
2077342883,3,0.578209,-0.496363,-0.393675,0.514117,0.0
2077342893,3,0.579204,-0.495736,-0.393246,0.51393,0.0
2077342903,3,0.579905,-0.494942,-0.392914,0.514159,0.0
2077342913,3,0.580431,-0.494013,-0.392797,0.514549,0.0
2077342923,3,0.580836,-0.493038,-0.39288,0.514963,0.0
2077342933,3,0.581118,-0.492147,-0.39302,0.51539,0.0
2077342944,3,0.581426,-0.491378,-0.39311,0.515707,0.0
2077342954,3,0.581805,-0.490926,-0.392818,0.515933,0.0
2077342964,3,0.582286,-0.490885,-0.392083,0.515989,0.0
2077342974,3,0.582689,-0.490858,-0.391193,0.516234,0.0
2077342984,3,0.582806,-0.490237,-0.390896,0.516917,0.0
2077342994,3,0.582844,-0.489499,-0.390784,0.517657,0.0
2077343004,3,0.583058,-0.488924,-0.390459,0.518205,0.0
2077343014,3,0.583663,-0.488826,-0.389571,0.518285,0.0
2077343024,3,0.584682,-0.488727,-0.388524,0.518015,0.0
2077343034,3,0.585725,-0.488347,-0.387794,0.517742,0.0
2077343044,3,0.586563,-0.487792,-0.387413,0.517602,0.0
2077343054,3,0.587201,-0.486944,-0.387367,0.517711,0.0
2077343064,3,0.587604,-0.486102,-0.387386,0.518033,0.0
2077343074,3,0.588489,-0.485885,-0.386736,0.517716,0.0
2077343085,3,0.589401,-0.485459,-0.386141,0.517523,0.0
2077343095,3,0.590001,-0.485011,-0.385688,0.517596,0.0
2077343105,3,0.590278,-0.484373,-0.385707,0.517863,0.0
2077343115,3,0.590126,-0.483549,-0.386159,0.51847,0.0
2077343125,3,0.58976,-0.482902,-0.386663,0.519113,0.0
2077343135,3,0.58958,-0.482502,-0.386848,0.519552,0.0
2077343145,3,0.589639,-0.482701,-0.38643,0.519612,0.0
2077343155,3,0.590111,-0.483132,-0.385487,0.519375,0.0
2077343165,3,0.590892,-0.48321,-0.384634,0.519047,0.0
2077343175,3,0.591724,-0.483218,-0.383943,0.518603,0.0
2077343185,3,0.592361,-0.482877,-0.38362,0.518433,0.0
2077343195,3,0.592643,-0.482016,-0.383746,0.518818,0.0
2077343205,3,0.592654,-0.480867,-0.384285,0.519472,0.0
2077343216,3,0.592714,-0.480113,-0.384552,0.519903,0.0
2077343226,3,0.593073,-0.479728,-0.384382,0.519975,0.0
2077343236,3,0.593554,-0.47936,-0.384068,0.519998,0.0
2077343246,3,0.593931,-0.479113,-0.38383,0.519971,0.0
2077343256,3,0.593971,-0.478777,-0.383836,0.52023,0.0
2077343266,3,0.59377,-0.478405,-0.383825,0.52081,0.0
2077343276,3,0.593713,-0.478193,-0.383532,0.521284,0.0
2077343286,3,0.593891,-0.478369,-0.38281,0.521452,0.0
2077343296,3,0.59432,-0.478753,-0.381791,0.521357,0.0
2077343306,3,0.594898,-0.478989,-0.380695,0.521282,0.0
2077343316,3,0.595481,-0.478787,-0.379758,0.521486,0.0
2077343326,3,0.596026,-0.478464,-0.378901,0.521783,0.0
2077343336,3,0.596441,-0.478104,-0.378189,0.522154,0.0
2077343347,3,0.596916,-0.477639,-0.377682,0.522404,0.0
2077343357,3,0.597478,-0.476954,-0.377212,0.522728,0.0
2077343367,3,0.598219,-0.476427,-0.376509,0.522867,0.0
2077343377,3,0.599134,-0.476198,-0.375755,0.52257,0.0
2077343387,3,0.599812,-0.475477,-0.375553,0.522595,0.0
2077343397,3,0.600101,-0.474347,-0.375786,0.523121,0.0
2077343407,3,0.600253,-0.473328,-0.376069,0.523668,0.0
2077343417,3,0.600524,-0.472859,-0.376025,0.523811,0.0
2077343427,3,0.601104,-0.472532,-0.375715,0.523664,0.0
2077343437,3,0.601719,-0.471989,-0.37553,0.52358,0.0
2077343447,3,0.602208,-0.471637,-0.375443,0.523397,0.0
2077343457,3,0.602639,-0.471447,-0.375429,0.523082,0.0
2077343467,3,0.602922,-0.471094,-0.375415,0.523084,0.0
2077343478,3,0.603152,-0.470865,-0.375133,0.523227,0.0
2077343488,3,0.603468,-0.470899,-0.37461,0.523208,0.0
2077343498,3,0.603856,-0.470857,-0.374108,0.523157,0.0
2077343508,3,0.604363,-0.470757,-0.373674,0.522972,0.0
2077343518,3,0.6048,-0.470481,-0.373487,0.522848,0.0
2077343528,3,0.604979,-0.469802,-0.37381,0.52302,0.0
2077343538,3,0.604855,-0.469031,-0.374326,0.523487,0.0
2077343548,3,0.604746,-0.468353,-0.374656,0.523983,0.0
2077343558,3,0.604651,-0.468022,-0.374637,0.524402,0.0
2077343568,3,0.6046,-0.46772,-0.374591,0.524764,0.0
2077343578,3,0.604573,-0.467493,-0.374652,0.524954,0.0
2077343588,3,0.604413,-0.467053,-0.374979,0.525296,0.0
2077343598,3,0.604116,-0.466627,-0.375389,0.525723,0.0
2077343608,3,0.603965,-0.466795,-0.375557,0.525627,0.0
2077343619,3,0.604004,-0.46705,-0.375728,0.525234,0.0
2077343629,3,0.604032,-0.467121,-0.376168,0.524823,0.0
2077343639,3,0.603883,-0.466998,-0.376914,0.524569,0.0
2077343649,3,0.603637,-0.4669,-0.377716,0.524361,0.0
2077343659,3,0.603294,-0.466923,-0.378569,0.524121,0.0
2077343669,3,0.602846,-0.466882,-0.379578,0.523943,0.0
2077343679,3,0.602396,-0.466944,-0.380659,0.523621,0.0
2077343689,3,0.601851,-0.467254,-0.381822,0.523125,0.0
2077343699,3,0.60107,-0.467665,-0.383033,0.522769,0.0
2077343709,3,0.600148,-0.468119,-0.384289,0.522502,0.0
2077343719,3,0.599103,-0.46857,-0.385573,0.52235,0.0
2077343729,3,0.598011,-0.469311,-0.386572,0.522198,0.0
2077343739,3,0.596995,-0.47043,-0.387205,0.521884,0.0
2077343750,3,0.595932,-0.471571,-0.387786,0.521638,0.0
2077343760,3,0.59473,-0.472716,-0.38837,0.521539,0.0
2077343770,3,0.593434,-0.47411,-0.388824,0.521411,0.0
2077343780,3,0.592128,-0.475531,-0.389307,0.521242,0.0
2077343790,3,0.590815,-0.476956,-0.389747,0.521101,0.0
2077343800,3,0.589631,-0.478154,-0.390162,0.521033,0.0
2077343810,3,0.588653,-0.479512,-0.390425,0.520694,0.0
2077343820,3,0.587842,-0.480944,-0.390477,0.520251,0.0
2077343830,3,0.587182,-0.482257,-0.390532,0.519739,0.0
2077343840,3,0.586538,-0.4833,-0.390888,0.519228,0.0
2077343850,3,0.585754,-0.483979,-0.391672,0.518891,0.0
2077343860,3,0.584776,-0.484647,-0.39259,0.518676,0.0
2077343870,3,0.583654,-0.486039,-0.393209,0.51817,0.0
2077343881,3,0.582361,-0.487737,-0.393698,0.517657,0.0
2077343891,3,0.580881,-0.489245,-0.394405,0.517358,0.0
2077343901,3,0.579349,-0.490818,-0.395119,0.517041,0.0
2077343911,3,0.577875,-0.492614,-0.395619,0.5166,0.0
2077343921,3,0.576479,-0.494479,-0.395925,0.516143,0.0
2077343931,3,0.575128,-0.496523,-0.39597,0.515654,0.0
2077343941,3,0.573899,-0.498458,-0.39588,0.515225,0.0
2077343951,3,0.572682,-0.500197,-0.395702,0.51503,0.0
2077343961,3,0.571373,-0.501566,-0.395606,0.515226,0.0
2077343971,3,0.570115,-0.502626,-0.395619,0.515576,0.0
2077343981,3,0.568992,-0.503457,-0.395609,0.516014,0.0
2077343991,3,0.568165,-0.504227,-0.39553,0.516235,0.0
2077344001,3,0.567626,-0.50498,-0.395389,0.516199,0.0
2077344011,3,0.567314,-0.505791,-0.395269,0.51584,0.0
2077344022,3,0.567032,-0.506376,-0.395429,0.515453,0.0
2077344032,3,0.566725,-0.506821,-0.395822,0.515051,0.0
2077344042,3,0.566232,-0.507419,-0.396152,0.514751,0.0
2077344052,3,0.565681,-0.508231,-0.396466,0.514315,0.0
2077344062,3,0.564971,-0.509081,-0.396814,0.513986,0.0
2077344072,3,0.564269,-0.510059,-0.397089,0.513575,0.0
2077344082,3,0.56373,-0.511215,-0.39726,0.512884,0.0
2077344092,3,0.563307,-0.512362,-0.397304,0.512171,0.0
2077344102,3,0.562878,-0.513534,-0.397208,0.511542,0.0
2077344112,3,0.562356,-0.514652,-0.397083,0.511089,0.0
2077344122,3,0.561707,-0.515707,-0.396983,0.510818,0.0
2077344132,3,0.561078,-0.516465,-0.397107,0.510646,0.0
2077344142,3,0.56048,-0.516944,-0.397362,0.51062,0.0
2077344153,3,0.560063,-0.51761,-0.397379,0.51039,0.0
2077344163,3,0.559936,-0.518361,-0.397251,0.509865,0.0
2077344173,3,0.559871,-0.518933,-0.397234,0.509369,0.0
2077344183,3,0.559842,-0.519356,-0.397431,0.508815,0.0
2077344193,3,0.559573,-0.519634,-0.397989,0.508391,0.0
2077344203,3,0.558948,-0.519933,-0.398591,0.508301,0.0
2077344213,3,0.558181,-0.520351,-0.399023,0.508377,0.0
2077344223,3,0.557413,-0.520791,-0.399328,0.50853,0.0
2077344233,3,0.556766,-0.521573,-0.399329,0.508437,0.0
2077344243,3,0.556384,-0.522527,-0.399186,0.507987,0.0
2077344253,3,0.556155,-0.523469,-0.399059,0.507368,0.0
2077344263,3,0.555872,-0.524343,-0.398994,0.506826,0.0
2077344273,3,0.555503,-0.525154,-0.398984,0.506399,0.0
2077344284,3,0.554989,-0.525965,-0.398927,0.506166,0.0
2077344294,3,0.55444,-0.526755,-0.398806,0.506041,0.0
2077344304,3,0.5539,-0.527407,-0.398666,0.506064,0.0
2077344314,3,0.553512,-0.528208,-0.39844,0.50583,0.0
2077344324,3,0.553357,-0.52878,-0.398282,0.505526,0.0
2077344334,3,0.553357,-0.529205,-0.398155,0.505182,0.0
2077344344,3,0.553464,-0.529651,-0.39797,0.504743,0.0
2077344354,3,0.55355,-0.530131,-0.397721,0.504341,0.0
2077344364,3,0.553432,-0.530327,-0.397664,0.50431,0.0
2077344374,3,0.553074,-0.530186,-0.39794,0.504633,0.0
2077344384,3,0.552658,-0.530137,-0.398253,0.504893,0.0
2077344394,3,0.552355,-0.53039,-0.39833,0.504898,0.0
2077344404,3,0.552268,-0.530843,-0.398166,0.504646,0.0
2077344415,3,0.552319,-0.531308,-0.398047,0.504195,0.0
2077344425,3,0.552307,-0.531627,-0.398116,0.503817,0.0
2077344435,3,0.552078,-0.531894,-0.398313,0.503631,0.0
2077344445,3,0.551686,-0.532176,-0.398467,0.50364,0.0
2077344455,3,0.551247,-0.532624,-0.398394,0.503705,0.0
2077344465,3,0.550974,-0.533266,-0.397945,0.503678,0.0
2077344475,3,0.550782,-0.533812,-0.397447,0.503704,0.0
2077344485,3,0.550521,-0.534408,-0.39664,0.503993,0.0
2077344495,3,0.550521,-0.535103,-0.395556,0.504109,0.0
2077344505,3,0.550716,-0.535539,-0.394513,0.50425,0.0
2077344515,3,0.551001,-0.535716,-0.39364,0.504431,0.0
2077344525,3,0.551461,-0.535556,-0.392966,0.504624,0.0
2077344535,3,0.551907,-0.535266,-0.392143,0.505085,0.0
2077344545,3,0.552412,-0.534894,-0.391211,0.50565,0.0
2077344556,3,0.552822,-0.534302,-0.390336,0.506503,0.0
2077344566,3,0.553223,-0.533653,-0.38961,0.507308,0.0
2077344576,3,0.553728,-0.53299,-0.388964,0.507949,0.0
2077344586,3,0.554223,-0.531982,-0.388551,0.508781,0.0
2077344596,3,0.554826,-0.53109,-0.388051,0.509437,0.0
2077344606,3,0.555655,-0.530314,-0.387332,0.509889,0.0
2077344616,3,0.556581,-0.529486,-0.386617,0.510282,0.0
2077344626,3,0.557462,-0.528465,-0.386091,0.510777,0.0
2077344636,3,0.55827,-0.527106,-0.385846,0.511484,0.0
2077344646,3,0.559018,-0.525817,-0.385528,0.512232,0.0
2077344656,3,0.559832,-0.524599,-0.385057,0.512945,0.0
2077344666,3,0.560831,-0.523423,-0.384482,0.513487,0.0
2077344676,3,0.562055,-0.522332,-0.383857,0.513728,0.0
2077344687,3,0.563334,-0.521127,-0.38338,0.513906,0.0
2077344697,3,0.564539,-0.519658,-0.383266,0.514156,0.0
2077344707,3,0.565631,-0.517908,-0.383427,0.514601,0.0
2077344717,3,0.566665,-0.516303,-0.383499,0.515023,0.0
2077344727,3,0.567779,-0.514777,-0.383423,0.515379,0.0
2077344737,3,0.568782,-0.513729,-0.382598,0.515933,0.0
2077344747,3,0.570044,-0.512513,-0.382213,0.516034,0.0
2077344757,3,0.57123,-0.511584,-0.381914,0.515866,0.0
2077344767,3,0.572101,-0.510708,-0.381846,0.51582,0.0
2077344777,3,0.57269,-0.509699,-0.381956,0.516082,0.0
2077344787,3,0.573198,-0.508685,-0.381914,0.51655,0.0
2077344797,3,0.573848,-0.507816,-0.381632,0.51689,0.0
2077344807,3,0.574706,-0.507145,-0.381143,0.516957,0.0
2077344818,3,0.575668,-0.506506,-0.380566,0.516939,0.0
2077344828,3,0.576738,-0.505815,-0.380045,0.516806,0.0
2077344838,3,0.577744,-0.50503,-0.379636,0.516751,0.0
2077344848,3,0.578618,-0.504022,-0.379434,0.516905,0.0
2077344858,3,0.579374,-0.502635,-0.379483,0.517372,0.0
2077344868,3,0.579973,-0.500976,-0.379723,0.518134,0.0
2077344878,3,0.580515,-0.499397,-0.380007,0.518843,0.0
2077344888,3,0.581204,-0.497993,-0.380227,0.51926,0.0
2077344898,3,0.582112,-0.496678,-0.38036,0.519404,0.0
2077344908,3,0.583205,-0.495506,-0.380395,0.519272,0.0
2077344918,3,0.584274,-0.494255,-0.380517,0.519174,0.0
2077344928,3,0.585131,-0.493045,-0.380837,0.519124,0.0
2077344938,3,0.585638,-0.491788,-0.381357,0.519362,0.0
2077344949,3,0.585902,-0.490511,-0.382027,0.51978,0.0
2077344959,3,0.586176,-0.489425,-0.382553,0.520108,0.0
2077344969,3,0.586422,-0.488514,-0.382898,0.520434,0.0
2077344979,3,0.586613,-0.487896,-0.38301,0.520715,0.0
2077344989,3,0.586781,-0.487412,-0.383016,0.520974,0.0
2077344999,3,0.586997,-0.48692,-0.383062,0.521158,0.0
2077345009,3,0.587271,-0.486354,-0.383225,0.521257,0.0
2077345019,3,0.587662,-0.485602,-0.383565,0.521268,0.0
2077345029,3,0.588176,-0.484982,-0.383882,0.521032,0.0
2077345039,3,0.588642,-0.48435,-0.384143,0.520901,0.0
2077345049,3,0.588985,-0.483618,-0.384465,0.520956,0.0
2077345059,3,0.58916,-0.482909,-0.384949,0.521058,0.0
2077345069,3,0.589184,-0.48221,-0.385581,0.521211,0.0
2077345079,3,0.589121,-0.481666,-0.386183,0.52134,0.0
2077345090,3,0.589036,-0.481143,-0.386705,0.521531,0.0
2077345100,3,0.58897,-0.480741,-0.387046,0.521724,0.0
2077345110,3,0.58896,-0.480794,-0.387115,0.521636,0.0
2077345120,3,0.588861,-0.480667,-0.387358,0.521684,0.0
2077345130,3,0.588495,-0.480336,-0.387886,0.522009,0.0
2077345140,3,0.588004,-0.48008,-0.388511,0.522334,0.0
2077345150,3,0.587982,-0.47993,-0.389009,0.522126,0.0
2077345160,3,0.587681,-0.480323,-0.388791,0.522265,0.0
2077345170,3,0.587732,-0.480667,-0.38855,0.52207,0.0
2077345180,3,0.58801,-0.480956,-0.388385,0.521613,0.0
2077345190,3,0.588108,-0.480452,-0.389076,0.521454,0.0
2077345200,3,0.588759,-0.479994,-0.389768,0.520623,0.0
2077345210,3,0.589382,-0.479563,-0.390418,0.519826,0.0
2077345221,3,0.589946,-0.479324,-0.390892,0.519051,0.0
2077345231,3,0.589982,-0.478894,-0.39158,0.518889,0.0
2077345241,3,0.589435,-0.478159,-0.392696,0.519344,0.0
2077345251,3,0.589359,-0.478002,-0.393443,0.51901,0.0
2077345261,3,0.589161,-0.477949,-0.394214,0.518698,0.0
2077345271,3,0.588121,-0.477963,-0.394974,0.519287,0.0
2077345281,3,0.587182,-0.478087,-0.39572,0.519668,0.0
2077345291,3,0.586315,-0.478358,-0.396365,0.519905,0.0
2077345301,3,0.585628,-0.478832,-0.396771,0.519933,0.0
2077345311,3,0.58526,-0.479398,-0.396843,0.519772,0.0
2077345321,3,0.585125,-0.479861,-0.396813,0.519518,0.0
2077345331,3,0.58517,-0.480359,-0.396593,0.519176,0.0
2077345341,3,0.585388,-0.480745,-0.396389,0.518729,0.0
2077345352,3,0.585699,-0.480937,-0.396489,0.518122,0.0
2077345362,3,0.585815,-0.480873,-0.397087,0.517593,0.0
2077345372,3,0.585622,-0.480633,-0.398135,0.517228,0.0
2077345382,3,0.585308,-0.480675,-0.399183,0.516736,0.0
2077345392,3,0.585032,-0.480157,-0.401088,0.516055,0.0
2077345402,3,0.58458,-0.480286,-0.40245,0.515387,0.0
2077345412,3,0.583784,-0.48075,-0.403445,0.515078,0.0
2077345422,3,0.582551,-0.481375,-0.404333,0.515195,0.0
2077345432,3,0.581063,-0.481914,-0.405592,0.515381,0.0
2077345442,3,0.579449,-0.482516,-0.406966,0.515552,0.0
2077345452,3,0.578473,-0.483288,-0.40815,0.514989,0.0
2077345462,3,0.577428,-0.484973,-0.408135,0.514589,0.0
2077345472,3,0.576665,-0.486739,-0.407703,0.514119,0.0
2077345483,3,0.576123,-0.488464,-0.40714,0.513538,0.0
2077345493,3,0.575566,-0.489676,-0.406943,0.513163,0.0
2077345503,3,0.574891,-0.490324,-0.40707,0.513201,0.0
2077345513,3,0.574256,-0.491057,-0.407045,0.51323,0.0
2077345523,3,0.573978,-0.49196,-0.406782,0.512886,0.0
2077345533,3,0.573839,-0.492753,-0.406634,0.512396,0.0
2077345543,3,0.573559,-0.493271,-0.406824,0.51206,0.0
2077345553,3,0.572956,-0.493402,-0.407526,0.512051,0.0
2077345563,3,0.571952,-0.493252,-0.408691,0.512389,0.0
2077345573,3,0.570694,-0.493289,-0.409942,0.512757,0.0
2077345583,3,0.569391,-0.493729,-0.410917,0.513002,0.0
2077345593,3,0.568124,-0.494691,-0.411378,0.513111,0.0
2077345603,3,0.56689,-0.496257,-0.411188,0.513114,0.0
2077345613,3,0.56575,-0.497974,-0.410783,0.513033,0.0
2077345624,3,0.564546,-0.499566,-0.410421,0.513102,0.0
2077345634,3,0.563381,-0.501074,-0.410069,0.513194,0.0
2077345644,3,0.562461,-0.502576,-0.409513,0.513179,0.0
2077345654,3,0.561647,-0.503807,-0.408837,0.513402,0.0
2077345664,3,0.560927,-0.504955,-0.407955,0.513762,0.0
2077345674,3,0.56046,-0.505722,-0.40724,0.514085,0.0
2077345684,3,0.560281,-0.505993,-0.407013,0.514194,0.0
2077345694,3,0.560311,-0.505876,-0.407134,0.514179,0.0
2077345704,3,0.560511,-0.50547,-0.407533,0.514045,0.0
2077345714,3,0.560721,-0.504959,-0.408074,0.513889,0.0
2077345724,3,0.56082,-0.504567,-0.40855,0.513788,0.0
2077345734,3,0.560735,-0.504351,-0.408921,0.513798,0.0
2077345744,3,0.560518,-0.504268,-0.409277,0.513832,0.0
2077345755,3,0.560281,-0.504531,-0.409339,0.513784,0.0
2077345765,3,0.560145,-0.505318,-0.408998,0.513429,0.0
2077345775,3,0.559926,-0.506386,-0.408473,0.513035,0.0
2077345785,3,0.559435,-0.507458,-0.407956,0.512922,0.0
2077345795,3,0.558769,-0.508459,-0.407446,0.513062,0.0
2077345805,3,0.558092,-0.509455,-0.406815,0.513313,0.0
2077345815,3,0.557644,-0.510613,-0.405964,0.513321,0.0
2077345825,3,0.557504,-0.511492,-0.40523,0.513178,0.0
2077345835,3,0.557544,-0.511956,-0.404681,0.513105,0.0
2077345845,3,0.557879,-0.512309,-0.404129,0.512824,0.0
2077345855,3,0.558338,-0.51228,-0.403871,0.512556,0.0
2077345865,3,0.558712,-0.511976,-0.403848,0.51247,0.0
2077345875,3,0.559074,-0.511564,-0.404041,0.512336,0.0
2077345886,3,0.559197,-0.510933,-0.404573,0.512411,0.0
2077345896,3,0.559066,-0.510559,-0.405026,0.512569,0.0
2077345906,3,0.558967,-0.510634,-0.405153,0.512501,0.0
2077345916,3,0.559055,-0.510889,-0.40518,0.512131,0.0
2077345926,3,0.559234,-0.511354,-0.405054,0.51157,0.0
2077345936,3,0.559701,-0.512007,-0.404799,0.510607,0.0
2077345946,3,0.560076,-0.512572,-0.404706,0.509701,0.0
2077345956,3,0.559753,-0.513072,-0.404551,0.509677,0.0
2077345966,3,0.559637,-0.514222,-0.403682,0.509334,0.0
2077345976,3,0.558995,-0.514792,-0.403366,0.509714,0.0
2077345986,3,0.557745,-0.514864,-0.403663,0.510773,0.0
2077345996,3,0.556459,-0.514838,-0.404138,0.511825,0.0
2077346006,3,0.555607,-0.515166,-0.404127,0.51243,0.0
2077346017,3,0.555558,-0.51602,-0.403403,0.512194,0.0
2077346027,3,0.55608,-0.516863,-0.402488,0.511498,0.0
2077346037,3,0.556872,-0.517511,-0.401744,0.510564,0.0
2077346047,3,0.557678,-0.517655,-0.401583,0.509665,0.0
2077346057,3,0.55808,-0.517239,-0.402033,0.509292,0.0
2077346067,3,0.558078,-0.51664,-0.402798,0.509297,0.0
2077346077,3,0.558018,-0.516201,-0.403446,0.509295,0.0
2077346087,3,0.558162,-0.51604,-0.40376,0.509052,0.0
2077346097,3,0.558395,-0.51608,-0.403998,0.508566,0.0
2077346107,3,0.558608,-0.516221,-0.404211,0.50802,0.0
2077346117,3,0.558707,-0.516452,-0.404436,0.507497,0.0
2077346127,3,0.558584,-0.51685,-0.404661,0.507048,0.0
2077346137,3,0.558072,-0.517049,-0.405058,0.507092,0.0
2077346147,3,0.557387,-0.517379,-0.405228,0.507373,0.0
2077346158,3,0.556916,-0.517946,-0.40502,0.507477,0.0
2077346168,3,0.556631,-0.518448,-0.404744,0.507498,0.0
2077346178,3,0.55646,-0.518786,-0.404532,0.507509,0.0
2077346188,3,0.556275,-0.518898,-0.404484,0.507636,0.0
2077346198,3,0.556176,-0.519455,-0.403809,0.507712,0.0
2077346208,3,0.556042,-0.519868,-0.403178,0.507936,0.0
2077346218,3,0.556093,-0.520174,-0.402491,0.508113,0.0
2077346228,3,0.556356,-0.520392,-0.401682,0.508242,0.0
2077346238,3,0.556985,-0.520453,-0.4009,0.508108,0.0
2077346248,3,0.557936,-0.520367,-0.400171,0.507728,0.0
2077346258,3,0.558943,-0.520263,-0.399472,0.507276,0.0
2077346268,3,0.559709,-0.520055,-0.398914,0.507085,0.0
2077346278,3,0.559987,-0.519617,-0.39876,0.507347,0.0
2077346289,3,0.559794,-0.518942,-0.399024,0.508044,0.0
2077346299,3,0.559332,-0.518429,-0.39934,0.508826,0.0
2077346309,3,0.558802,-0.518078,-0.39956,0.509594,0.0
2077346319,3,0.558293,-0.51772,-0.399699,0.510405,0.0
2077346329,3,0.557899,-0.517669,-0.399545,0.511008,0.0
2077346339,3,0.557673,-0.517554,-0.399287,0.511573,0.0
2077346349,3,0.557482,-0.517269,-0.398928,0.512349,0.0
2077346359,3,0.557332,-0.517121,-0.398207,0.513221,0.0
2077346369,3,0.557289,-0.517022,-0.39723,0.514125,0.0
2077346379,3,0.557309,-0.516729,-0.396277,0.515131,0.0
2077346389,3,0.557741,-0.516342,-0.395321,0.515787,0.0
2077346399,3,0.558616,-0.515879,-0.394491,0.515938,0.0
2077346409,3,0.559572,-0.515268,-0.393832,0.516016,0.0
2077346420,3,0.560555,-0.514548,-0.393241,0.516118,0.0
2077346430,3,0.561558,-0.513912,-0.3927,0.516074,0.0
2077346440,3,0.562346,-0.513167,-0.392398,0.516186,0.0
2077346450,3,0.562907,-0.51226,-0.39242,0.516459,0.0
2077346460,3,0.563458,-0.511394,-0.392587,0.516589,0.0
2077346470,3,0.564,-0.511267,-0.392038,0.51654,0.0
2077346480,3,0.564453,-0.511267,-0.391502,0.516453,0.0
2077346490,3,0.565175,-0.511119,-0.391334,0.515936,0.0
2077346500,3,0.565621,-0.510788,-0.391437,0.515697,0.0
2077346510,3,0.565792,-0.5103,-0.39173,0.515771,0.0
2077346520,3,0.5659,-0.509556,-0.392216,0.516018,0.0
2077346530,3,0.566045,-0.509061,-0.392363,0.516235,0.0
2077346540,3,0.566296,-0.50876,-0.392243,0.516347,0.0
2077346551,3,0.566689,-0.508391,-0.39217,0.516336,0.0
2077346561,3,0.567185,-0.507874,-0.39219,0.516285,0.0
2077346571,3,0.567773,-0.507314,-0.392351,0.516068,0.0
2077346581,3,0.568385,-0.506475,-0.392772,0.515896,0.0
2077346591,3,0.568817,-0.505474,-0.393247,0.516041,0.0
2077346601,3,0.569103,-0.504464,-0.393798,0.516294,0.0
2077346611,3,0.569268,-0.503478,-0.394306,0.516687,0.0
2077346621,3,0.569391,-0.5028,-0.394598,0.516988,0.0
2077346631,3,0.569493,-0.502175,-0.394913,0.517242,0.0
2077346641,3,0.569546,-0.501657,-0.395225,0.517448,0.0
2077346651,3,0.569586,-0.501513,-0.395352,0.517448,0.0
2077346661,3,0.569505,-0.501485,-0.395368,0.517551,0.0
2077346671,3,0.569277,-0.501698,-0.395113,0.51779,0.0
2077346681,3,0.568928,-0.50202,-0.394778,0.518117,0.0
2077346692,3,0.568481,-0.502153,-0.394579,0.51863,0.0
2077346702,3,0.568151,-0.502256,-0.394451,0.51899,0.0
2077346712,3,0.56803,-0.502342,-0.394076,0.519324,0.0
2077346722,3,0.568116,-0.502649,-0.393355,0.519479,0.0
2077346732,3,0.568375,-0.502869,-0.392695,0.519482,0.0
2077346742,3,0.568637,-0.502614,-0.392436,0.519638,0.0
2077346752,3,0.568825,-0.501778,-0.392796,0.519967,0.0
2077346762,3,0.569057,-0.500985,-0.39322,0.520158,0.0
2077346772,3,0.569317,-0.500371,-0.393535,0.520226,0.0
2077346782,3,0.569592,-0.499798,-0.393799,0.520276,0.0
2077346792,3,0.569882,-0.499181,-0.394057,0.520356,0.0
2077346802,3,0.570184,-0.498814,-0.394173,0.520289,0.0
2077346812,3,0.570483,-0.498568,-0.394226,0.520156,0.0
2077346823,3,0.570686,-0.498388,-0.394335,0.520023,0.0
2077346833,3,0.570718,-0.498261,-0.394463,0.520013,0.0
2077346843,3,0.570665,-0.498172,-0.394528,0.520107,0.0
2077346853,3,0.570603,-0.498236,-0.394381,0.520227,0.0
2077346863,3,0.570628,-0.49844,-0.394058,0.520247,0.0
2077346873,3,0.570809,-0.498601,-0.393747,0.520131,0.0
2077346883,3,0.571175,-0.498705,-0.393407,0.519886,0.0
2077346893,3,0.571679,-0.498553,-0.393243,0.519602,0.0
2077346903,3,0.57228,-0.498401,-0.393057,0.519227,0.0
2077346913,3,0.573042,-0.498377,-0.392773,0.518624,0.0
2077346923,3,0.573766,-0.498142,-0.392721,0.518088,0.0
2077346933,3,0.574347,-0.497726,-0.392931,0.517684,0.0
2077346943,3,0.574809,-0.497009,-0.39351,0.517421,0.0
2077346954,3,0.57518,-0.496096,-0.394302,0.517282,0.0
2077346964,3,0.575479,-0.49548,-0.394823,0.517142,0.0
2077346974,3,0.575841,-0.495159,-0.395094,0.51684,0.0
2077346984,3,0.576082,-0.494911,-0.395464,0.516525,0.0
2077346994,3,0.576052,-0.494556,-0.396103,0.51641,0.0
2077347004,3,0.575837,-0.494238,-0.396846,0.516384,0.0
2077347014,3,0.575493,-0.494105,-0.397578,0.516331,0.0
2077347024,3,0.575139,-0.494211,-0.397994,0.516303,0.0
2077347034,3,0.575014,-0.494492,-0.39815,0.516053,0.0
2077347044,3,0.574804,-0.494599,-0.398441,0.51596,0.0
2077347054,3,0.574542,-0.494751,-0.398658,0.515939,0.0
2077347064,3,0.574448,-0.495175,-0.398502,0.515758,0.0
2077347074,3,0.574624,-0.495781,-0.398085,0.515301,0.0
2077347085,3,0.57485,-0.49607,-0.398,0.514835,0.0
2077347095,3,0.574957,-0.495852,-0.398511,0.514532,0.0
2077347105,3,0.574918,-0.495553,-0.399289,0.514259,0.0
2077347115,3,0.574893,-0.495668,-0.399788,0.513788,0.0
2077347125,3,0.575029,-0.496135,-0.400001,0.513019,0.0
2077347135,3,0.57522,-0.496596,-0.400266,0.512152,0.0
2077347145,3,0.57535,-0.497073,-0.400634,0.511255,0.0
2077347155,3,0.575338,-0.497522,-0.401049,0.510506,0.0
2077347165,3,0.575002,-0.498002,-0.401556,0.510017,0.0
2077347175,3,0.574465,-0.498597,-0.401943,0.509736,0.0
2077347185,3,0.573947,-0.499165,-0.402255,0.509518,0.0
2077347195,3,0.573454,-0.499781,-0.402507,0.50927,0.0
2077347205,3,0.572892,-0.500301,-0.402739,0.509208,0.0
2077347215,3,0.572346,-0.500866,-0.402914,0.509129,0.0
2077347226,3,0.57188,-0.501521,-0.403015,0.508927,0.0
2077347236,3,0.571581,-0.502224,-0.403177,0.508442,0.0
2077347246,3,0.571306,-0.502762,-0.403469,0.507986,0.0
2077347256,3,0.571045,-0.503158,-0.403851,0.507584,0.0
2077347266,3,0.570676,-0.503474,-0.404361,0.507281,0.0
2077347276,3,0.570227,-0.503824,-0.404883,0.507021,0.0
2077347286,3,0.569741,-0.504249,-0.405313,0.506802,0.0
2077347296,3,0.569262,-0.504827,-0.405653,0.506491,0.0
2077347306,3,0.568609,-0.505312,-0.406015,0.506451,0.0
2077347316,3,0.567864,-0.505962,-0.406254,0.506448,0.0
2077347326,3,0.567102,-0.506821,-0.406259,0.506439,0.0
2077347336,3,0.566377,-0.507799,-0.406101,0.506396,0.0
2077347346,3,0.565627,-0.509005,-0.40587,0.506209,0.0
2077347357,3,0.564886,-0.510162,-0.405677,0.506026,0.0
2077347367,3,0.564115,-0.511056,-0.405641,0.506014,0.0
2077347377,3,0.563322,-0.511796,-0.405703,0.506099,0.0
2077347387,3,0.562535,-0.512244,-0.405947,0.506325,0.0
2077347397,3,0.561856,-0.512629,-0.406229,0.506464,0.0
2077347407,3,0.561479,-0.513381,-0.406162,0.506174,0.0
2077347417,3,0.561523,-0.514268,-0.405927,0.505412,0.0
2077347427,3,0.56161,-0.514947,-0.405762,0.504756,0.0
2077347437,3,0.561777,-0.515236,-0.405925,0.504145,0.0
2077347447,3,0.561845,-0.515422,-0.406351,0.503534,0.0
2077347457,3,0.561471,-0.515474,-0.406869,0.503481,0.0
2077347467,3,0.560983,-0.515513,-0.407398,0.503557,0.0
2077347477,3,0.560137,-0.515722,-0.407847,0.503921,0.0
2077347488,3,0.558849,-0.515766,-0.408736,0.504585,0.0
2077347498,3,0.557549,-0.515883,-0.409682,0.505136,0.0
2077347508,3,0.556784,-0.516475,-0.41021,0.504946,0.0
2077347518,3,0.555989,-0.516959,-0.410738,0.504898,0.0
2077347528,3,0.555215,-0.517466,-0.41124,0.504822,0.0
2077347538,3,0.554899,-0.518805,-0.410629,0.504291,0.0
2077347548,3,0.554424,-0.519557,-0.410413,0.504215,0.0
2077347558,3,0.553899,-0.519851,-0.410588,0.504347,0.0
2077347568,3,0.553607,-0.520018,-0.41083,0.504299,0.0
2077347578,3,0.553638,-0.520381,-0.410743,0.503961,0.0
2077347588,3,0.55396,-0.520933,-0.410387,0.503326,0.0
2077347598,3,0.554146,-0.521529,-0.41012,0.502722,0.0
2077347608,3,0.554038,-0.521972,-0.410245,0.502279,0.0
2077347619,3,0.553716,-0.52218,-0.410872,0.501905,0.0
2077347629,3,0.553102,-0.521994,-0.412221,0.50167,0.0
2077347639,3,0.552203,-0.52167,-0.413913,0.501603,0.0
2077347649,3,0.551207,-0.521805,-0.415185,0.501507,0.0
2077347659,3,0.550153,-0.522651,-0.415706,0.501352,0.0
2077347669,3,0.54899,-0.523812,-0.415694,0.501426,0.0
2077347679,3,0.547871,-0.525164,-0.415411,0.501469,0.0
2077347689,3,0.546849,-0.526126,-0.415512,0.501493,0.0
2077347699,3,0.545734,-0.526676,-0.416104,0.50164,0.0
2077347709,3,0.544521,-0.527037,-0.416657,0.50212,0.0
2077347719,3,0.543537,-0.52704,-0.417483,0.502496,0.0
2077347729,3,0.542556,-0.528073,-0.417025,0.502852,0.0
2077347739,3,0.541929,-0.52911,-0.41632,0.503022,0.0
2077347749,3,0.541717,-0.52967,-0.41593,0.502983,0.0
2077347760,3,0.541644,-0.529976,-0.415796,0.50285,0.0
2077347770,3,0.541696,-0.5304,-0.415775,0.502365,0.0
2077347780,3,0.541622,-0.53068,-0.416036,0.501933,0.0
2077347790,3,0.541027,-0.530723,-0.416576,0.502081,0.0
2077347800,3,0.540286,-0.530778,-0.417167,0.502329,0.0
2077347810,3,0.539392,-0.531095,-0.41774,0.50248,0.0
2077347820,3,0.538222,-0.531561,-0.41837,0.502717,0.0
2077347830,3,0.537148,-0.532172,-0.418932,0.502752,0.0
2077347840,3,0.536132,-0.532792,-0.419392,0.502795,0.0
2077347850,3,0.535241,-0.533515,-0.419718,0.502705,0.0
2077347860,3,0.534817,-0.534896,-0.418963,0.50232,0.0
2077347870,3,0.534516,-0.53616,-0.418205,0.501923,0.0
2077347880,3,0.534487,-0.537263,-0.417557,0.501314,0.0
2077347891,3,0.534649,-0.537871,-0.417278,0.500721,0.0
2077347901,3,0.534816,-0.538262,-0.417189,0.500197,0.0
2077347911,3,0.534908,-0.538511,-0.417261,0.499771,0.0
2077347921,3,0.534929,-0.538557,-0.417656,0.499369,0.0
2077347931,3,0.534722,-0.538163,-0.418678,0.499159,0.0
2077347941,3,0.534435,-0.537706,-0.420034,0.49882,0.0
2077347951,3,0.534221,-0.537531,-0.42138,0.498101,0.0
2077347961,3,0.534032,-0.537762,-0.422409,0.497183,0.0
2077347971,3,0.533785,-0.538399,-0.423204,0.496081,0.0
2077347981,3,0.533192,-0.539146,-0.424137,0.495109,0.0
2077347991,3,0.532078,-0.539615,-0.425415,0.494701,0.0
2077348001,3,0.530645,-0.540419,-0.426478,0.494447,0.0
2077348011,3,0.529045,-0.541572,-0.427041,0.494414,0.0
2077348022,3,0.527603,-0.542746,-0.427502,0.49427,0.0
2077348032,3,0.52633,-0.543802,-0.427927,0.494097,0.0
2077348042,3,0.525199,-0.544617,-0.428366,0.494024,0.0
2077348052,3,0.52423,-0.545185,-0.428743,0.494098,0.0
2077348062,3,0.523268,-0.547198,-0.427127,0.494292,0.0
2077348072,3,0.522691,-0.548936,-0.425343,0.494515,0.0
2077348082,3,0.522514,-0.550301,-0.423644,0.494642,0.0
2077348092,3,0.522685,-0.551079,-0.422377,0.49468,0.0
2077348102,3,0.523203,-0.551526,-0.421388,0.494477,0.0
2077348112,3,0.524242,-0.551791,-0.420542,0.493801,0.0
2077348122,3,0.525671,-0.551949,-0.419845,0.492697,0.0
2077348132,3,0.527191,-0.551837,-0.419505,0.491486,0.0
2077348142,3,0.52846,-0.551461,-0.419743,0.490341,0.0
2077348153,3,0.529132,-0.550732,-0.420818,0.489515,0.0
2077348163,3,0.529061,-0.549967,-0.422338,0.489141,0.0
2077348173,3,0.528298,-0.549646,-0.423628,0.489212,0.0
2077348183,3,0.527279,-0.549751,-0.424602,0.489348,0.0
2077348193,3,0.526168,-0.550356,-0.42497,0.489545,0.0
2077348203,3,0.525055,-0.551335,-0.424812,0.489776,0.0
2077348213,3,0.523908,-0.552269,-0.424526,0.490199,0.0
2077348223,3,0.522757,-0.553153,-0.423984,0.4909,0.0
2077348233,3,0.521594,-0.553907,-0.423093,0.492054,0.0
2077348243,3,0.520463,-0.554668,-0.421827,0.493479,0.0
2077348253,3,0.519434,-0.555177,-0.420588,0.495046,0.0
2077348263,3,0.518722,-0.55523,-0.419629,0.496545,0.0
2077348273,3,0.518447,-0.554719,-0.419087,0.497858,0.0
2077348283,3,0.518616,-0.554084,-0.418692,0.498722,0.0
2077348294,3,0.519183,-0.553403,-0.418321,0.499199,0.0
2077348304,3,0.520197,-0.552902,-0.417854,0.49909,0.0
2077348314,3,0.521465,-0.5524,-0.417528,0.498594,0.0
2077348324,3,0.522751,-0.551628,-0.41756,0.498076,0.0
2077348334,3,0.523806,-0.550763,-0.417919,0.497624,0.0
2077348344,3,0.5244,-0.549854,-0.418556,0.497468,0.0
2077348354,3,0.524399,-0.549167,-0.419338,0.497569,0.0
2077348364,3,0.523913,-0.548787,-0.420079,0.497875,0.0
2077348374,3,0.523099,-0.548685,-0.420731,0.498294,0.0
2077348384,3,0.52215,-0.548993,-0.421042,0.498685,0.0
2077348394,3,0.521202,-0.549588,-0.420974,0.49908,0.0
2077348404,3,0.520293,-0.55038,-0.420599,0.499471,0.0
2077348414,3,0.519558,-0.551203,-0.419999,0.499834,0.0
2077348425,3,0.519099,-0.551894,-0.419248,0.500178,0.0
2077348435,3,0.518913,-0.5524,-0.418451,0.500481,0.0
2077348445,3,0.51881,-0.551936,-0.418224,0.501288,0.0
2077348455,3,0.518914,-0.551294,-0.41792,0.502139,0.0
2077348465,3,0.519285,-0.550698,-0.417546,0.502721,0.0
2077348475,3,0.519769,-0.549915,-0.417382,0.503214,0.0
2077348485,3,0.520308,-0.549249,-0.417328,0.503429,0.0
2077348495,3,0.520925,-0.548735,-0.417126,0.503519,0.0
2077348505,3,0.521595,-0.548344,-0.416834,0.503493,0.0
2077348515,3,0.522412,-0.548162,-0.416462,0.503152,0.0
2077348525,3,0.523331,-0.548101,-0.416115,0.50255,0.0
2077348535,3,0.524156,-0.547918,-0.415934,0.502039,0.0
2077348545,3,0.524628,-0.54766,-0.415769,0.501964,0.0
2077348556,3,0.524721,-0.547384,-0.415616,0.502294,0.0
2077348566,3,0.5246,-0.547133,-0.415466,0.502818,0.0
2077348576,3,0.524337,-0.546565,-0.415512,0.503672,0.0
2077348586,3,0.524111,-0.546032,-0.415589,0.504421,0.0
2077348596,3,0.524053,-0.545682,-0.415397,0.505018,0.0
2077348606,3,0.524275,-0.545379,-0.414999,0.505442,0.0
2077348616,3,0.524751,-0.545098,-0.414535,0.505631,0.0
2077348626,3,0.52542,-0.544603,-0.414162,0.505777,0.0
2077348636,3,0.526146,-0.543869,-0.413919,0.50601,0.0
2077348646,3,0.526965,-0.542967,-0.413662,0.506335,0.0
2077348656,3,0.527863,-0.541962,-0.41347,0.506634,0.0
2077348666,3,0.528727,-0.540854,-0.41338,0.506991,0.0
2077348676,3,0.529558,-0.539869,-0.413231,0.507295,0.0
2077348687,3,0.530333,-0.539114,-0.412869,0.507583,0.0
2077348697,3,0.53126,-0.538456,-0.412367,0.507719,0.0
2077348707,3,0.532294,-0.537719,-0.411961,0.507748,0.0
2077348717,3,0.53347,-0.537035,-0.411552,0.507568,0.0
2077348727,3,0.534822,-0.536697,-0.410869,0.507057,0.0
2077348737,3,0.536255,-0.536614,-0.409943,0.506381,0.0
2077348747,3,0.537484,-0.536367,-0.409222,0.505922,0.0
2077348757,3,0.538291,-0.536157,-0.408434,0.505923,0.0
2077348767,3,0.539135,-0.536111,-0.407636,0.505717,0.0
2077348777,3,0.540017,-0.535552,-0.407564,0.505426,0.0
2077348787,3,0.540768,-0.535041,-0.407576,0.505155,0.0
2077348797,3,0.541504,-0.534531,-0.407625,0.504866,0.0
2077348807,3,0.542343,-0.534023,-0.407624,0.504504,0.0
2077348817,3,0.54326,-0.533593,-0.40752,0.504056,0.0
2077348828,3,0.544318,-0.533323,-0.407118,0.503526,0.0
2077348838,3,0.545439,-0.532897,-0.406707,0.503094,0.0
2077348848,3,0.546491,-0.532154,-0.406582,0.502841,0.0
2077348858,3,0.547424,-0.531399,-0.406466,0.502718,0.0
2077348868,3,0.548344,-0.530826,-0.406166,0.502563,0.0
2077348878,3,0.549201,-0.530261,-0.405892,0.502446,0.0
2077348888,3,0.550069,-0.529678,-0.405659,0.502299,0.0
2077348898,3,0.551026,-0.529133,-0.405469,0.501977,0.0
2077348908,3,0.552054,-0.528625,-0.405297,0.501522,0.0
2077348918,3,0.553028,-0.52842,-0.405073,0.500846,0.0
2077348928,3,0.553939,-0.52822,-0.404961,0.50014,0.0
2077348938,3,0.554678,-0.527817,-0.405102,0.499632,0.0
2077348948,3,0.555284,-0.527308,-0.405318,0.499321,0.0
2077348959,3,0.555993,-0.527042,-0.405299,0.498827,0.0
2077348969,3,0.556739,-0.526781,-0.405242,0.498318,0.0
2077348979,3,0.557359,-0.526386,-0.405233,0.49805,0.0
2077348989,3,0.557789,-0.526136,-0.405209,0.497852,0.0
2077348999,3,0.558018,-0.52609,-0.405195,0.497654,0.0
2077349009,3,0.55813,-0.526074,-0.405165,0.497571,0.0
2077349019,3,0.558302,-0.526052,-0.405074,0.497475,0.0
2077349029,3,0.558585,-0.526193,-0.404812,0.497222,0.0
2077349039,3,0.558961,-0.526514,-0.404394,0.496799,0.0
2077349049,3,0.559424,-0.526605,-0.4041,0.49642,0.0
2077349059,3,0.559937,-0.526478,-0.403828,0.496199,0.0
2077349069,3,0.560514,-0.526256,-0.40362,0.495951,0.0
2077349079,3,0.561077,-0.525963,-0.403439,0.495772,0.0
2077349090,3,0.561631,-0.525699,-0.40323,0.495595,0.0
2077349100,3,0.561985,-0.525327,-0.403344,0.495495,0.0
2077349110,3,0.562085,-0.524869,-0.403691,0.495585,0.0
2077349120,3,0.562076,-0.524311,-0.404102,0.495852,0.0
2077349130,3,0.562133,-0.523951,-0.404297,0.496008,0.0
2077349140,3,0.562512,-0.524294,-0.403727,0.495681,0.0
2077349150,3,0.562734,-0.524658,-0.403197,0.495475,0.0
2077349160,3,0.562763,-0.524735,-0.403029,0.495496,0.0
2077349170,3,0.562404,-0.524449,-0.403132,0.496122,0.0
2077349180,3,0.561998,-0.523965,-0.403341,0.496924,0.0
2077349190,3,0.561784,-0.523588,-0.403415,0.497502,0.0
2077349200,3,0.561854,-0.523517,-0.403018,0.49782,0.0
2077349210,3,0.562251,-0.523595,-0.402222,0.497934,0.0
2077349221,3,0.562565,-0.523373,-0.401623,0.498295,0.0
2077349231,3,0.562514,-0.522715,-0.401468,0.499168,0.0
2077349241,3,0.562472,-0.522409,-0.401161,0.499782,0.0
2077349251,3,0.562467,-0.522314,-0.400505,0.500413,0.0
2077349261,3,0.562837,-0.522298,-0.399622,0.50072,0.0
2077349271,3,0.563366,-0.522367,-0.398865,0.500656,0.0
2077349281,3,0.5641,-0.522155,-0.398448,0.500383,0.0
2077349291,3,0.564812,-0.521674,-0.398051,0.500398,0.0
2077349301,3,0.565627,-0.521549,-0.39715,0.500322,0.0
2077349311,3,0.566471,-0.521276,-0.396272,0.500349,0.0
2077349321,3,0.567004,-0.520519,-0.395963,0.500777,0.0
2077349331,3,0.567248,-0.519418,-0.396133,0.501509,0.0
2077349341,3,0.567195,-0.518279,-0.396466,0.502483,0.0
2077349351,3,0.567211,-0.517292,-0.396622,0.503359,0.0
2077349362,3,0.567567,-0.516676,-0.396337,0.503814,0.0
2077349372,3,0.568387,-0.516173,-0.395784,0.50384,0.0
2077349382,3,0.56953,-0.515619,-0.395204,0.503572,0.0
2077349392,3,0.570624,-0.514728,-0.394924,0.503464,0.0
2077349402,3,0.571554,-0.51356,-0.394929,0.503598,0.0
2077349412,3,0.572224,-0.512131,-0.395066,0.504185,0.0
2077349422,3,0.57277,-0.510741,-0.395271,0.504814,0.0
2077349432,3,0.573275,-0.509552,-0.395463,0.505292,0.0
2077349442,3,0.573753,-0.50854,-0.395685,0.505595,0.0
2077349452,3,0.574212,-0.507556,-0.395956,0.50585,0.0
2077349462,3,0.574712,-0.50673,-0.396044,0.506041,0.0
2077349472,3,0.575271,-0.506486,-0.395784,0.505854,0.0
2077349482,3,0.575826,-0.50616,-0.395565,0.505719,0.0
2077349493,3,0.57617,-0.505578,-0.395589,0.505892,0.0
2077349503,3,0.576481,-0.504837,-0.395822,0.506096,0.0
2077349513,3,0.576841,-0.50404,-0.396134,0.506235,0.0
2077349523,3,0.577275,-0.503489,-0.39609,0.506323,0.0
2077349533,3,0.578148,-0.503475,-0.395368,0.505905,0.0
2077349543,3,0.579065,-0.503322,-0.394717,0.505517,0.0
2077349553,3,0.579925,-0.503046,-0.394234,0.505181,0.0
2077349563,3,0.580075,-0.502299,-0.394237,0.505751,0.0
2077349573,3,0.580158,-0.501536,-0.39439,0.506293,0.0
2077349583,3,0.580255,-0.500619,-0.394788,0.506779,0.0
2077349593,3,0.58041,-0.499705,-0.395096,0.507263,0.0
2077349603,3,0.580842,-0.499175,-0.395142,0.507255,0.0
2077349613,3,0.581448,-0.498783,-0.395089,0.506988,0.0
2077349624,3,0.582112,-0.498514,-0.394891,0.506645,0.0
2077349634,3,0.582765,-0.498411,-0.394651,0.506182,0.0
2077349644,3,0.583219,-0.498081,-0.394708,0.505939,0.0
2077349654,3,0.583339,-0.497573,-0.395067,0.50602,0.0
2077349664,3,0.583233,-0.497061,-0.395538,0.506277,0.0
2077349674,3,0.582899,-0.49675,-0.395935,0.506658,0.0
2077349684,3,0.582355,-0.49657,-0.396172,0.507273,0.0
2077349694,3,0.581875,-0.496442,-0.39612,0.50799,0.0
2077349704,3,0.581581,-0.496299,-0.395932,0.508613,0.0
2077349714,3,0.581482,-0.49622,-0.395646,0.509026,0.0
2077349724,3,0.581613,-0.496269,-0.395312,0.509087,0.0
2077349734,3,0.581837,-0.496211,-0.395132,0.509028,0.0
2077349744,3,0.582054,-0.495834,-0.395094,0.509177,0.0
2077349755,3,0.582346,-0.495427,-0.395079,0.50925,0.0
2077349765,3,0.582586,-0.494874,-0.395293,0.509347,0.0
2077349775,3,0.582673,-0.494187,-0.39558,0.509692,0.0
2077349785,3,0.582739,-0.493649,-0.395817,0.509954,0.0
2077349795,3,0.582667,-0.493303,-0.396054,0.510187,0.0
2077349805,3,0.582406,-0.493123,-0.396362,0.510419,0.0
2077349815,3,0.582085,-0.492788,-0.396784,0.510782,0.0
2077349825,3,0.581722,-0.492519,-0.397087,0.511219,0.0
2077349835,3,0.581561,-0.492912,-0.396838,0.511216,0.0
2077349845,3,0.581651,-0.493258,-0.396329,0.511175,0.0
2077349855,3,0.58186,-0.493631,-0.395685,0.511076,0.0
2077349865,3,0.582258,-0.493749,-0.395275,0.510825,0.0
2077349875,3,0.582712,-0.493366,-0.395277,0.510676,0.0
2077349885,3,0.58305,-0.492991,-0.395272,0.510657,0.0
2077349896,3,0.583387,-0.492518,-0.395223,0.510766,0.0
2077349906,3,0.583468,-0.491848,-0.395366,0.511209,0.0
2077349916,3,0.583348,-0.491117,-0.395713,0.511779,0.0
2077349926,3,0.583106,-0.49017,-0.396336,0.512481,0.0
2077349936,3,0.582849,-0.489418,-0.396842,0.5131,0.0
2077349946,3,0.582796,-0.489143,-0.396785,0.513466,0.0
2077349956,3,0.583061,-0.488938,-0.396539,0.51355,0.0
2077349966,3,0.583148,-0.488636,-0.396455,0.513805,0.0
2077349976,3,0.583255,-0.488223,-0.396576,0.513982,0.0
2077349986,3,0.583498,-0.487438,-0.396957,0.514156,0.0
2077349996,3,0.583748,-0.486995,-0.397013,0.51425,0.0
2077350006,3,0.584101,-0.486821,-0.396707,0.514251,0.0
2077350016,3,0.584266,-0.486386,-0.396624,0.514538,0.0
2077350027,3,0.583951,-0.485604,-0.39695,0.515382,0.0
2077350037,3,0.583489,-0.484856,-0.397437,0.516234,0.0
2077350047,3,0.582984,-0.484118,-0.397936,0.517112,0.0
2077350057,3,0.582438,-0.483584,-0.398172,0.518044,0.0
2077350067,3,0.582219,-0.483294,-0.398125,0.518597,0.0
2077350077,3,0.582259,-0.483095,-0.398098,0.518758,0.0
2077350087,3,0.582327,-0.482944,-0.398151,0.518781,0.0
2077350097,3,0.582413,-0.48279,-0.398286,0.518724,0.0
2077350107,3,0.582494,-0.482366,-0.398666,0.518736,0.0
2077350117,3,0.582514,-0.482052,-0.399096,0.518676,0.0
2077350127,3,0.582659,-0.482125,-0.39926,0.518318,0.0
2077350137,3,0.582792,-0.482102,-0.399422,0.518065,0.0
2077350147,3,0.58254,-0.481967,-0.399862,0.518135,0.0
2077350158,3,0.581945,-0.481826,-0.400645,0.518329,0.0
2077350168,3,0.581192,-0.481904,-0.401558,0.518396,0.0
2077350178,3,0.580467,-0.48217,-0.402317,0.518371,0.0
2077350188,3,0.579837,-0.482705,-0.402899,0.518127,0.0
2077350198,3,0.579346,-0.483418,-0.403377,0.51764,0.0
2077350208,3,0.578897,-0.484304,-0.403678,0.517078,0.0
2077350218,3,0.578328,-0.485071,-0.404207,0.516583,0.0
2077350228,3,0.577414,-0.485863,-0.404866,0.516345,0.0
2077350238,3,0.576399,-0.487078,-0.405188,0.516081,0.0
2077350248,3,0.57538,-0.488369,-0.405252,0.515948,0.0
2077350258,3,0.574311,-0.489412,-0.405432,0.51601,0.0
2077350268,3,0.573292,-0.490527,-0.405627,0.51593,0.0
2077350278,3,0.572318,-0.491655,-0.405937,0.515694,0.0
2077350289,3,0.571392,-0.492691,-0.406302,0.515445,0.0
2077350299,3,0.57071,-0.493657,-0.4065,0.515121,0.0
2077350309,3,0.57033,-0.49468,-0.406575,0.5145,0.0
2077350319,3,0.570089,-0.496019,-0.406536,0.513507,0.0
2077350329,3,0.569904,-0.497531,-0.406404,0.512353,0.0
2077350339,3,0.569484,-0.498693,-0.406606,0.51153,0.0
2077350349,3,0.568688,-0.499536,-0.407231,0.511095,0.0
2077350359,3,0.567602,-0.500686,-0.407768,0.510749,0.0
2077350369,3,0.566352,-0.502008,-0.408304,0.510411,0.0
2077350379,3,0.564967,-0.503411,-0.408664,0.510275,0.0
2077350389,3,0.563562,-0.504976,-0.408719,0.510239,0.0
2077350399,3,0.562144,-0.506528,-0.408838,0.510171,0.0
2077350409,3,0.560588,-0.508068,-0.409018,0.510206,0.0
2077350419,3,0.559089,-0.509459,-0.409108,0.510391,0.0
2077350430,3,0.557833,-0.510959,-0.408929,0.51041,0.0
2077350440,3,0.55681,-0.512619,-0.408404,0.510283,0.0
2077350450,3,0.555971,-0.514438,-0.40753,0.510066,0.0
2077350460,3,0.555181,-0.515923,-0.406709,0.510081,0.0
2077350470,3,0.554514,-0.517017,-0.406062,0.510215,0.0
2077350480,3,0.554226,-0.518272,-0.405353,0.509818,0.0
2077350490,3,0.554235,-0.519507,-0.404542,0.509195,0.0
2077350500,3,0.554326,-0.520556,-0.403809,0.508607,0.0
2077350510,3,0.554334,-0.52152,-0.403209,0.508085,0.0
2077350520,3,0.554281,-0.52239,-0.402912,0.507485,0.0
2077350530,3,0.554161,-0.522963,-0.403009,0.506949,0.0
2077350540,3,0.554007,-0.523594,-0.403234,0.506286,0.0
2077350550,3,0.553813,-0.524394,-0.403397,0.505541,0.0
2077350561,3,0.553561,-0.525519,-0.403208,0.504798,0.0
2077350571,3,0.553286,-0.526847,-0.402736,0.504092,0.0
2077350581,3,0.552722,-0.527894,-0.40251,0.503796,0.0
2077350591,3,0.551917,-0.528662,-0.402659,0.503754,0.0
2077350601,3,0.551094,-0.529485,-0.402787,0.503688,0.0
2077350611,3,0.55044,-0.530274,-0.402618,0.503709,0.0
2077350621,3,0.549897,-0.531268,-0.402091,0.503675,0.0
2077350631,3,0.549401,-0.53218,-0.401498,0.503726,0.0
2077350641,3,0.54911,-0.533039,-0.400986,0.503544,0.0
2077350651,3,0.549104,-0.533485,-0.400666,0.503332,0.0
2077350661,3,0.549418,-0.533876,-0.400263,0.502895,0.0
2077350671,3,0.54988,-0.534378,-0.399754,0.502262,0.0
2077350681,3,0.550402,-0.534818,-0.399318,0.501568,0.0
2077350692,3,0.550996,-0.535007,-0.3991,0.500888,0.0
2077350702,3,0.551543,-0.534772,-0.399291,0.500384,0.0
2077350712,3,0.551969,-0.534212,-0.399885,0.500038,0.0
2077350722,3,0.552297,-0.533698,-0.400641,0.499619,0.0
2077350732,3,0.552446,-0.533352,-0.401367,0.499241,0.0
2077350742,3,0.552409,-0.533547,-0.401921,0.498627,0.0
2077350752,3,0.552262,-0.534164,-0.402247,0.497867,0.0
2077350762,3,0.552024,-0.534943,-0.402548,0.49705,0.0
2077350772,3,0.551591,-0.535892,-0.402941,0.496189,0.0
2077350782,3,0.55107,-0.536916,-0.403239,0.495418,0.0
2077350792,3,0.550575,-0.537918,-0.403381,0.494766,0.0
2077350802,3,0.550022,-0.539079,-0.403279,0.4942,0.0
2077350812,3,0.54947,-0.540235,-0.403023,0.493761,0.0
2077350823,3,0.548981,-0.541144,-0.402879,0.493426,0.0
2077350833,3,0.548528,-0.541793,-0.403017,0.493106,0.0
2077350843,3,0.548213,-0.542423,-0.403154,0.492651,0.0
2077350853,3,0.54807,-0.543105,-0.403195,0.492025,0.0
2077350863,3,0.547982,-0.543626,-0.403315,0.491449,0.0
2077350873,3,0.547859,-0.543986,-0.40367,0.490895,0.0
2077350883,3,0.54775,-0.544125,-0.40431,0.490336,0.0
2077350893,3,0.547696,-0.544161,-0.405079,0.489721,0.0
2077350903,3,0.547578,-0.544436,-0.405729,0.48901,0.0
2077350913,3,0.547374,-0.544831,-0.406267,0.48835,0.0
2077350923,3,0.547078,-0.545344,-0.406731,0.487724,0.0
2077350933,3,0.546559,-0.545729,-0.407266,0.487428,0.0
2077350943,3,0.54593,-0.546218,-0.407669,0.487248,0.0
2077350953,3,0.545292,-0.546937,-0.407861,0.486994,0.0
2077350964,3,0.544593,-0.547761,-0.407882,0.486833,0.0
2077350974,3,0.543811,-0.548558,-0.407755,0.486918,0.0
2077350984,3,0.543018,-0.549402,-0.407474,0.487085,0.0
2077350994,3,0.542277,-0.550341,-0.407089,0.487173,0.0
2077351004,3,0.54166,-0.551078,-0.40675,0.487309,0.0
2077351014,3,0.541161,-0.551246,-0.406664,0.487745,0.0
2077351024,3,0.540833,-0.55126,-0.406553,0.488186,0.0
2077351034,3,0.540643,-0.551336,-0.406272,0.488543,0.0
2077351044,3,0.540571,-0.551245,-0.405899,0.489036,0.0
2077351054,3,0.540589,-0.551011,-0.405505,0.489606,0.0
2077351064,3,0.540753,-0.550633,-0.405173,0.490124,0.0
2077351074,3,0.541035,-0.550241,-0.404864,0.49051,0.0
2077351084,3,0.541339,-0.550052,-0.404422,0.490751,0.0
2077351095,3,0.541618,-0.549726,-0.403827,0.491297,0.0
2077351105,3,0.541885,-0.54944,-0.40302,0.491985,0.0
2077351115,3,0.542165,-0.549124,-0.402298,0.492619,0.0
2077351125,3,0.542539,-0.548659,-0.401716,0.4932,0.0
2077351135,3,0.543002,-0.547982,-0.40124,0.49383,0.0
2077351145,3,0.543508,-0.547279,-0.400675,0.494512,0.0
2077351155,3,0.544069,-0.546766,-0.399897,0.495092,0.0
2077351165,3,0.544741,-0.546165,-0.399043,0.495706,0.0
2077351175,3,0.545508,-0.54534,-0.398396,0.49629,0.0
2077351185,3,0.546326,-0.544447,-0.397967,0.496715,0.0
2077351195,3,0.547165,-0.543344,-0.397752,0.497172,0.0
2077351205,3,0.547945,-0.542195,-0.397661,0.497639,0.0
2077351215,3,0.548709,-0.541064,-0.397389,0.498245,0.0
2077351226,3,0.549485,-0.54006,-0.39697,0.498813,0.0
2077351236,3,0.550349,-0.538988,-0.396718,0.499219,0.0
2077351246,3,0.551292,-0.537606,-0.39674,0.499653,0.0
2077351256,3,0.552294,-0.536244,-0.396766,0.499989,0.0
2077351266,3,0.553365,-0.534901,-0.396638,0.500344,0.0
2077351276,3,0.554513,-0.533728,-0.396153,0.50071,0.0
2077351286,3,0.555707,-0.532724,-0.395619,0.500877,0.0
2077351296,3,0.55673,-0.531173,-0.395527,0.501461,0.0
2077351306,3,0.557564,-0.529356,-0.395761,0.502271,0.0
2077351316,3,0.558581,-0.527672,-0.395869,0.502827,0.0
2077351326,3,0.559511,-0.52656,-0.395331,0.503381,0.0
2077351336,3,0.560616,-0.525641,-0.394614,0.503676,0.0
2077351346,3,0.561554,-0.524395,-0.394209,0.504246,0.0
2077351357,3,0.562409,-0.522846,-0.394219,0.504893,0.0
2077351367,3,0.563393,-0.521183,-0.394566,0.505245,0.0
2077351377,3,0.564514,-0.51976,-0.394646,0.505397,0.0
2077351387,3,0.565392,-0.518915,-0.394069,0.505734,0.0
2077351397,3,0.566605,-0.51813,-0.393494,0.50563,0.0
2077351407,3,0.567516,-0.51714,-0.393369,0.505719,0.0
2077351417,3,0.568221,-0.515677,-0.393792,0.506091,0.0
2077351427,3,0.568903,-0.514013,-0.394254,0.506658,0.0
2077351437,3,0.569681,-0.512612,-0.394507,0.507005,0.0
2077351447,3,0.570447,-0.511648,-0.394411,0.507194,0.0
2077351457,3,0.571295,-0.510657,-0.394182,0.507415,0.0
2077351467,3,0.572291,-0.509772,-0.393874,0.507422,0.0
2077351477,3,0.573381,-0.50883,-0.393641,0.507318,0.0
2077351487,3,0.574421,-0.507973,-0.39349,0.507117,0.0
2077351498,3,0.57535,-0.506918,-0.393409,0.507183,0.0
2077351508,3,0.576203,-0.505769,-0.393294,0.507449,0.0
2077351518,3,0.577061,-0.50489,-0.393066,0.507528,0.0
2077351528,3,0.577972,-0.504134,-0.39274,0.507494,0.0
2077351538,3,0.578839,-0.502973,-0.392572,0.507787,0.0
2077351548,3,0.579502,-0.501518,-0.392747,0.508335,0.0
2077351558,3,0.580115,-0.500159,-0.393067,0.508728,0.0
2077351568,3,0.580784,-0.498984,-0.393298,0.508939,0.0
2077351578,3,0.581353,-0.497959,-0.393379,0.509231,0.0
2077351588,3,0.582013,-0.497182,-0.393296,0.509302,0.0
2077351598,3,0.582799,-0.496389,-0.393236,0.509222,0.0
2077351608,3,0.583623,-0.495304,-0.393354,0.509244,0.0
2077351618,3,0.584426,-0.494018,-0.393773,0.509249,0.0
2077351629,3,0.585075,-0.493034,-0.393893,0.509364,0.0
2077351639,3,0.585656,-0.492607,-0.393524,0.509394,0.0
2077351649,3,0.586132,-0.492389,-0.39303,0.509439,0.0
2077351659,3,0.586388,-0.491657,-0.393026,0.509854,0.0
2077351669,3,0.586671,-0.490506,-0.39344,0.510318,0.0
2077351679,3,0.587041,-0.489459,-0.393795,0.510623,0.0
2077351689,3,0.58745,-0.488807,-0.393856,0.510731,0.0
2077351699,3,0.587832,-0.488421,-0.393729,0.510759,0.0
2077351709,3,0.588211,-0.487872,-0.393697,0.510872,0.0
2077351719,3,0.588596,-0.487237,-0.393816,0.510942,0.0
2077351729,3,0.588928,-0.486453,-0.394158,0.511042,0.0
2077351739,3,0.589193,-0.485717,-0.39454,0.511143,0.0
2077351749,3,0.589423,-0.485483,-0.394706,0.510972,0.0
2077351760,3,0.58968,-0.485427,-0.394782,0.51067,0.0
2077351770,3,0.589952,-0.48559,-0.394734,0.510237,0.0
2077351780,3,0.590161,-0.485678,-0.394711,0.509929,0.0
2077351790,3,0.590198,-0.485767,-0.394809,0.509726,0.0
2077351800,3,0.590035,-0.486108,-0.394843,0.509563,0.0
2077351810,3,0.589794,-0.486606,-0.394758,0.509433,0.0
2077351820,3,0.589373,-0.487047,-0.394682,0.509557,0.0
2077351830,3,0.588909,-0.487501,-0.394638,0.509694,0.0
2077351840,3,0.588507,-0.487893,-0.394551,0.509851,0.0
2077351850,3,0.588169,-0.488441,-0.394374,0.509852,0.0
2077351860,3,0.587801,-0.488793,-0.394217,0.51006,0.0
2077351870,3,0.587398,-0.489321,-0.394058,0.510141,0.0
2077351880,3,0.587011,-0.489814,-0.393813,0.510304,0.0
2077351891,3,0.586731,-0.490189,-0.393387,0.510594,0.0
2077351901,3,0.586579,-0.490222,-0.393056,0.510992,0.0
2077351911,3,0.586372,-0.490144,-0.393051,0.511309,0.0
2077351921,3,0.586189,-0.489987,-0.393264,0.511504,0.0
2077351931,3,0.586079,-0.489809,-0.393353,0.511732,0.0
2077351941,3,0.585944,-0.489658,-0.393393,0.512001,0.0
2077351951,3,0.585685,-0.489605,-0.393477,0.512283,0.0
2077351961,3,0.585345,-0.489627,-0.393706,0.512476,0.0
2077351971,3,0.58493,-0.489619,-0.394173,0.512598,0.0
2077351981,3,0.584391,-0.489621,-0.394654,0.512839,0.0
2077351991,3,0.583856,-0.489887,-0.394928,0.512984,0.0
2077352001,3,0.583426,-0.490446,-0.395034,0.512857,0.0
2077352011,3,0.582996,-0.490885,-0.39515,0.512838,0.0
2077352021,3,0.582604,-0.491246,-0.395264,0.51285,0.0
2077352032,3,0.582203,-0.491675,-0.395459,0.512743,0.0
2077352042,3,0.581676,-0.49201,-0.395886,0.51269,0.0
2077352052,3,0.581058,-0.492173,-0.39645,0.512798,0.0
2077352062,3,0.58043,-0.492358,-0.396896,0.512987,0.0
2077352072,3,0.579816,-0.492612,-0.397304,0.513122,0.0
2077352082,3,0.579073,-0.492753,-0.397893,0.513369,0.0
2077352092,3,0.578182,-0.49271,-0.398748,0.513753,0.0
2077352102,3,0.577132,-0.492481,-0.399806,0.514329,0.0
2077352112,3,0.576044,-0.492355,-0.400817,0.514882,0.0
2077352122,3,0.575141,-0.492615,-0.401477,0.515128,0.0
2077352132,3,0.574451,-0.493238,-0.401742,0.515096,0.0
2077352142,3,0.573943,-0.494044,-0.401901,0.514766,0.0
2077352152,3,0.573383,-0.494788,-0.402192,0.514449,0.0
2077352163,3,0.572707,-0.495169,-0.402843,0.514325,0.0
2077352173,3,0.571904,-0.495359,-0.403744,0.514328,0.0
2077352183,3,0.571116,-0.495798,-0.404461,0.514218,0.0
2077352193,3,0.570334,-0.496583,-0.404968,0.513929,0.0
2077352203,3,0.569482,-0.497201,-0.405571,0.513801,0.0
2077352213,3,0.568492,-0.497718,-0.406262,0.513851,0.0
2077352223,3,0.567503,-0.498473,-0.406899,0.513709,0.0
2077352233,3,0.566473,-0.499552,-0.407316,0.513467,0.0
2077352243,3,0.565464,-0.500793,-0.407661,0.513095,0.0
2077352253,3,0.564449,-0.502012,-0.408081,0.512688,0.0
2077352263,3,0.563448,-0.503116,-0.408553,0.512331,0.0
2077352273,3,0.562525,-0.504395,-0.408915,0.511798,0.0
2077352283,3,0.561652,-0.505839,-0.409132,0.511158,0.0
2077352294,3,0.560792,-0.507328,-0.409313,0.510481,0.0
2077352304,3,0.559915,-0.508766,-0.409569,0.509808,0.0
2077352314,3,0.558974,-0.510234,-0.409874,0.509127,0.0
2077352324,3,0.557848,-0.511715,-0.410228,0.508591,0.0
2077352334,3,0.556438,-0.513035,-0.410801,0.508343,0.0
2077352344,3,0.554841,-0.514027,-0.411655,0.508396,0.0
2077352354,3,0.553308,-0.515159,-0.412509,0.508228,0.0
2077352364,3,0.551963,-0.516495,-0.413214,0.507762,0.0
2077352374,3,0.55075,-0.517699,-0.413927,0.507272,0.0
2077352384,3,0.549531,-0.519014,-0.414545,0.506746,0.0
2077352394,3,0.548313,-0.520678,-0.414922,0.506049,0.0
2077352404,3,0.547087,-0.522463,-0.415083,0.505403,0.0
2077352414,3,0.545754,-0.524291,-0.415149,0.504897,0.0
2077352425,3,0.544424,-0.526238,-0.415108,0.50434,0.0
2077352435,3,0.543087,-0.528132,-0.415108,0.503802,0.0
2077352445,3,0.541738,-0.529655,-0.415306,0.503492,0.0
2077352455,3,0.540341,-0.530952,-0.415521,0.50345,0.0
2077352465,3,0.538961,-0.532226,-0.415693,0.503443,0.0
2077352475,3,0.537656,-0.533569,-0.415779,0.503345,0.0
2077352485,3,0.53647,-0.535109,-0.415593,0.503129,0.0
2077352495,3,0.535369,-0.536432,-0.415523,0.502951,0.0
2077352505,3,0.534364,-0.537667,-0.415576,0.502657,0.0
2077352515,3,0.53343,-0.538796,-0.415731,0.502312,0.0
2077352525,3,0.532616,-0.540148,-0.415702,0.501747,0.0
2077352535,3,0.531922,-0.541486,-0.415461,0.501241,0.0
2077352545,3,0.531215,-0.542553,-0.41516,0.501086,0.0
2077352555,3,0.530538,-0.543562,-0.414955,0.500879,0.0
2077352566,3,0.529803,-0.544448,-0.414913,0.500729,0.0
2077352576,3,0.529058,-0.545281,-0.414889,0.500632,0.0
2077352586,3,0.528212,-0.546018,-0.414915,0.500699,0.0
2077352596,3,0.527359,-0.546889,-0.41486,0.500694,0.0
2077352606,3,0.526565,-0.547946,-0.41459,0.500598,0.0
2077352616,3,0.525866,-0.548799,-0.414273,0.50066,0.0
2077352626,3,0.525257,-0.54942,-0.41401,0.500835,0.0
2077352636,3,0.524804,-0.550148,-0.413601,0.500849,0.0
2077352646,3,0.524527,-0.551085,-0.413034,0.500578,0.0
2077352656,3,0.524306,-0.551974,-0.41241,0.500344,0.0
2077352666,3,0.524118,-0.552836,-0.411756,0.500127,0.0
2077352676,3,0.523955,-0.55359,-0.411235,0.499894,0.0
2077352686,3,0.523795,-0.554255,-0.410831,0.499656,0.0
2077352697,3,0.523587,-0.554683,-0.410485,0.499684,0.0
2077352707,3,0.523209,-0.554996,-0.410127,0.500026,0.0
2077352717,3,0.522799,-0.555297,-0.409655,0.500507,0.0
2077352727,3,0.52233,-0.555807,-0.408975,0.500986,0.0
2077352737,3,0.521961,-0.556369,-0.408099,0.501462,0.0
2077352747,3,0.521836,-0.556981,-0.407071,0.501748,0.0
2077352757,3,0.521975,-0.557713,-0.405832,0.501794,0.0
2077352767,3,0.522295,-0.558271,-0.404539,0.501883,0.0
2077352777,3,0.522711,-0.558682,-0.403312,0.501982,0.0
2077352787,3,0.523312,-0.558923,-0.402087,0.502069,0.0
2077352797,3,0.524066,-0.55906,-0.401014,0.501989,0.0
2077352807,3,0.524872,-0.558969,-0.400266,0.501845,0.0
2077352817,3,0.525674,-0.558519,-0.399822,0.50186,0.0
2077352828,3,0.526351,-0.557813,-0.399616,0.5021,0.0
2077352838,3,0.526892,-0.557109,-0.399493,0.502412,0.0
2077352848,3,0.527402,-0.556489,-0.399243,0.502762,0.0
2077352858,3,0.52793,-0.556044,-0.398775,0.503072,0.0
2077352868,3,0.528419,-0.555574,-0.398361,0.503406,0.0
2077352878,3,0.528859,-0.555184,-0.397905,0.503735,0.0
2077352888,3,0.529435,-0.555075,-0.39718,0.503822,0.0
2077352898,3,0.530161,-0.554991,-0.396148,0.503963,0.0
2077352908,3,0.530996,-0.554918,-0.394894,0.504148,0.0
2077352918,3,0.531995,-0.554827,-0.393528,0.504264,0.0
2077352928,3,0.533179,-0.554507,-0.392264,0.504351,0.0
2077352938,3,0.534477,-0.553882,-0.391264,0.50444,0.0
2077352948,3,0.535798,-0.552968,-0.390589,0.504565,0.0
2077352959,3,0.537181,-0.551965,-0.390085,0.504582,0.0
2077352969,3,0.538577,-0.550832,-0.389592,0.504713,0.0
2077352979,3,0.539964,-0.549505,-0.389136,0.505029,0.0
2077352989,3,0.541311,-0.548295,-0.388775,0.50518,0.0
2077352999,3,0.542681,-0.547283,-0.388533,0.504994,0.0
2077353009,3,0.544081,-0.546192,-0.388426,0.504751,0.0
2077353019,3,0.545443,-0.545182,-0.388345,0.504434,0.0
2077353029,3,0.546786,-0.544475,-0.388146,0.503898,0.0
2077353039,3,0.547993,-0.543879,-0.387959,0.503374,0.0
2077353049,3,0.549029,-0.543221,-0.387943,0.502967,0.0
2077353059,3,0.549855,-0.542459,-0.388059,0.502798,0.0
2077353069,3,0.550607,-0.541847,-0.388143,0.502571,0.0
2077353079,3,0.551254,-0.541336,-0.388187,0.502378,0.0
2077353089,3,0.55177,-0.540871,-0.38815,0.502341,0.0
2077353100,3,0.552224,-0.540257,-0.388044,0.502584,0.0
2077353110,3,0.552627,-0.539549,-0.387897,0.503015,0.0
2077353120,3,0.553034,-0.538923,-0.387666,0.503416,0.0
2077353130,3,0.553595,-0.538454,-0.387268,0.503609,0.0
2077353140,3,0.554258,-0.538059,-0.386741,0.503706,0.0
2077353150,3,0.554836,-0.537678,-0.386232,0.503867,0.0
2077353160,3,0.555333,-0.537189,-0.38581,0.504165,0.0
2077353170,3,0.555834,-0.536864,-0.385338,0.50432,0.0
2077353180,3,0.556437,-0.536475,-0.385004,0.504324,0.0
2077353190,3,0.557154,-0.535907,-0.384831,0.504269,0.0
2077353200,3,0.557904,-0.53553,-0.384721,0.503924,0.0
2077353210,3,0.558557,-0.535128,-0.384682,0.503656,0.0
2077353220,3,0.558965,-0.534533,-0.384778,0.503763,0.0
2077353231,3,0.559198,-0.53395,-0.384902,0.504027,0.0
2077353241,3,0.559387,-0.533533,-0.384948,0.504224,0.0
2077353251,3,0.559645,-0.533076,-0.384958,0.504414,0.0
2077353261,3,0.559931,-0.532646,-0.384927,0.504575,0.0
2077353271,3,0.560238,-0.532346,-0.384798,0.504649,0.0
2077353281,3,0.560574,-0.532126,-0.384494,0.504738,0.0
2077353291,3,0.560984,-0.531772,-0.384052,0.504993,0.0
2077353301,3,0.561454,-0.531235,-0.38357,0.505401,0.0
2077353311,3,0.561942,-0.530558,-0.383186,0.505861,0.0
2077353321,3,0.562495,-0.529788,-0.382897,0.506273,0.0
2077353331,3,0.563,-0.528801,-0.382806,0.506811,0.0
2077353341,3,0.563477,-0.52763,-0.382834,0.50748,0.0
2077353351,3,0.563942,-0.526544,-0.382909,0.508036,0.0
2077353362,3,0.564308,-0.525468,-0.383048,0.508638,0.0
2077353372,3,0.564554,-0.52422,-0.3833,0.509461,0.0
2077353382,3,0.56475,-0.522904,-0.383622,0.510354,0.0
2077353392,3,0.564952,-0.521776,-0.383921,0.511059,0.0
2077353402,3,0.565203,-0.520924,-0.384068,0.511541,0.0
2077353412,3,0.565479,-0.520183,-0.384048,0.512004,0.0
2077353422,3,0.565725,-0.519345,-0.383903,0.512692,0.0
2077353432,3,0.565955,-0.518685,-0.38355,0.513369,0.0
2077353442,3,0.566187,-0.518292,-0.38301,0.513914,0.0
2077353452,3,0.566379,-0.517869,-0.382391,0.514589,0.0
2077353462,3,0.566566,-0.517266,-0.38186,0.515383,0.0
2077353472,3,0.566784,-0.516684,-0.381417,0.516055,0.0
2077353482,3,0.5671,-0.515954,-0.381033,0.516722,0.0
2077353493,3,0.56751,-0.515171,-0.38062,0.517357,0.0
2077353503,3,0.567928,-0.514252,-0.380259,0.518077,0.0
2077353513,3,0.568331,-0.513237,-0.380045,0.518799,0.0
2077353523,3,0.568786,-0.512168,-0.379914,0.519451,0.0
2077353533,3,0.569313,-0.511012,-0.379849,0.52006,0.0
2077353543,3,0.569876,-0.509865,-0.379797,0.520607,0.0
2077353553,3,0.570436,-0.508853,-0.379728,0.521034,0.0
2077353563,3,0.571007,-0.507935,-0.379633,0.521373,0.0
2077353573,3,0.571664,-0.507191,-0.37946,0.521503,0.0
2077353583,3,0.572369,-0.506636,-0.379131,0.521509,0.0
2077353593,3,0.5731,-0.50621,-0.378714,0.521423,0.0
2077353603,3,0.573764,-0.50574,-0.378289,0.521457,0.0
2077353613,3,0.574425,-0.505232,-0.377866,0.521528,0.0
2077353623,3,0.575121,-0.504787,-0.377492,0.521463,0.0
2077353634,3,0.575828,-0.50427,-0.377263,0.521348,0.0
2077353644,3,0.576416,-0.503693,-0.377162,0.52133,0.0
2077353654,3,0.576853,-0.502878,-0.377165,0.521631,0.0
2077353664,3,0.577114,-0.501868,-0.377262,0.522245,0.0
2077353674,3,0.577275,-0.501014,-0.377404,0.522784,0.0
2077353684,3,0.577353,-0.500124,-0.377628,0.523388,0.0
2077353694,3,0.577408,-0.499333,-0.3778,0.523957,0.0
2077353704,3,0.577412,-0.498535,-0.37799,0.524576,0.0
2077353714,3,0.577317,-0.4977,-0.378283,0.525263,0.0
2077353724,3,0.577217,-0.496992,-0.378637,0.525787,0.0
2077353734,3,0.577212,-0.496352,-0.378811,0.526271,0.0
2077353744,3,0.577409,-0.495849,-0.378713,0.5266,0.0
2077353754,3,0.577833,-0.495774,-0.378182,0.526587,0.0
2077353765,3,0.578315,-0.495692,-0.377628,0.526532,0.0
2077353775,3,0.578784,-0.495576,-0.377179,0.526449,0.0
2077353785,3,0.57926,-0.495188,-0.37699,0.526425,0.0
2077353795,3,0.579738,-0.494691,-0.376867,0.526455,0.0
2077353805,3,0.580227,-0.494215,-0.376709,0.526476,0.0
2077353815,3,0.580687,-0.493613,-0.376499,0.526683,0.0
2077353825,3,0.581087,-0.493165,-0.376188,0.526885,0.0
2077353835,3,0.581365,-0.492874,-0.375859,0.527084,0.0
2077353845,3,0.581443,-0.492707,-0.375595,0.527342,0.0
2077353855,3,0.581435,-0.492407,-0.37552,0.527685,0.0
2077353865,3,0.581357,-0.492003,-0.375522,0.528146,0.0
2077353875,3,0.581362,-0.49181,-0.37539,0.528415,0.0
2077353885,3,0.581478,-0.491873,-0.375039,0.528477,0.0
2077353896,3,0.581659,-0.491796,-0.37475,0.528554,0.0
2077353906,3,0.581927,-0.491945,-0.374497,0.528301,0.0
2077353916,3,0.582311,-0.492063,-0.374352,0.52787,0.0
2077353926,3,0.582866,-0.492433,-0.374171,0.52704,0.0
2077353936,3,0.583563,-0.492745,-0.373959,0.526127,0.0
2077353946,3,0.584252,-0.49277,-0.373902,0.525379,0.0
2077353956,3,0.584782,-0.492621,-0.374072,0.524807,0.0
2077353966,3,0.585136,-0.492291,-0.374471,0.524439,0.0
2077353976,3,0.585335,-0.491853,-0.37508,0.524191,0.0
2077353986,3,0.585407,-0.491574,-0.375726,0.52391,0.0
2077353996,3,0.585307,-0.491588,-0.376265,0.523621,0.0
2077354006,3,0.585092,-0.491821,-0.376792,0.523265,0.0
2077354016,3,0.584743,-0.492148,-0.377332,0.522958,0.0
2077354027,3,0.584374,-0.49264,-0.3778,0.522569,0.0
2077354037,3,0.584013,-0.493489,-0.378134,0.521929,0.0
2077354047,3,0.583603,-0.494586,-0.378368,0.521179,0.0
2077354057,3,0.583135,-0.495654,-0.37855,0.520556,0.0
2077354067,3,0.582736,-0.496734,-0.378731,0.519842,0.0
2077354077,3,0.582293,-0.497801,-0.378976,0.519138,0.0
2077354087,3,0.581839,-0.498685,-0.379356,0.518521,0.0
2077354097,3,0.581357,-0.499331,-0.379943,0.51801,0.0
2077354107,3,0.580744,-0.499799,-0.380767,0.51764,0.0
2077354117,3,0.579998,-0.500425,-0.38158,0.517273,0.0
2077354127,3,0.579198,-0.501295,-0.382308,0.51679,0.0
2077354137,3,0.578264,-0.502226,-0.383026,0.5164,0.0
2077354147,3,0.577186,-0.503021,-0.383828,0.516237,0.0
2077354157,3,0.576629,-0.503859,-0.384596,0.51547,0.0
2077354168,3,0.57608,-0.504802,-0.385355,0.514594,0.0
2077354178,3,0.575098,-0.506007,-0.385661,0.514279,0.0
2077354188,3,0.574207,-0.507181,-0.385972,0.513885,0.0
2077354198,3,0.573384,-0.508318,-0.386385,0.513369,0.0
2077354208,3,0.572711,-0.509511,-0.386787,0.512635,0.0
2077354218,3,0.572194,-0.510602,-0.387159,0.511846,0.0
2077354228,3,0.571797,-0.511607,-0.387585,0.510962,0.0
2077354238,3,0.571393,-0.512543,-0.388145,0.51005,0.0
2077354248,3,0.570868,-0.513111,-0.389091,0.509346,0.0
2077354258,3,0.570041,-0.513376,-0.390416,0.508991,0.0
2077354268,3,0.568977,-0.513671,-0.39193,0.508721,0.0
2077354278,3,0.567671,-0.514048,-0.393497,0.508588,0.0
2077354288,3,0.566136,-0.514622,-0.395097,0.508479,0.0
2077354299,3,0.564379,-0.515356,-0.39668,0.508455,0.0
2077354309,3,0.56251,-0.516143,-0.398264,0.50849,0.0
2077354319,3,0.560741,-0.517153,-0.399684,0.508304,0.0
2077354329,3,0.559152,-0.5185,-0.400787,0.507813,0.0
2077354339,3,0.557747,-0.520174,-0.401511,0.507074,0.0
2077354349,3,0.556429,-0.521932,-0.401964,0.506356,0.0
2077354359,3,0.555263,-0.523718,-0.402278,0.505543,0.0
2077354369,3,0.554216,-0.525332,-0.402581,0.504775,0.0
2077354379,3,0.553231,-0.526622,-0.403004,0.504174,0.0
2077354389,3,0.552263,-0.527798,-0.403642,0.503494,0.0
2077354399,3,0.551177,-0.528776,-0.404616,0.502875,0.0
2077354409,3,0.549936,-0.529472,-0.405972,0.502409,0.0
2077354419,3,0.548546,-0.530161,-0.407522,0.501947,0.0
2077354430,3,0.54704,-0.531015,-0.409076,0.501423,0.0
2077354440,3,0.545434,-0.531989,-0.410514,0.500965,0.0
2077354450,3,0.543819,-0.533171,-0.411765,0.500437,0.0
2077354460,3,0.542273,-0.534452,-0.412788,0.499905,0.0
2077354470,3,0.541052,-0.53571,-0.413897,0.498964,0.0
2077354480,3,0.539891,-0.536996,-0.41494,0.497972,0.0
2077354490,3,0.538682,-0.53907,-0.414935,0.497044,0.0
2077354500,3,0.537546,-0.540906,-0.414959,0.496259,0.0
2077354510,3,0.536555,-0.542719,-0.41502,0.4953,0.0
2077354520,3,0.535679,-0.544554,-0.415087,0.494176,0.0
2077354530,3,0.534786,-0.545699,-0.41544,0.493583,0.0
2077354540,3,0.533866,-0.546498,-0.416056,0.493177,0.0
2077354550,3,0.532924,-0.546927,-0.41702,0.492904,0.0
2077354561,3,0.531991,-0.547346,-0.418101,0.492532,0.0
2077354571,3,0.531046,-0.547904,-0.419079,0.4921,0.0
2077354581,3,0.529979,-0.548322,-0.41999,0.492009,0.0
2077354591,3,0.528764,-0.54877,-0.420825,0.492103,0.0
2077354601,3,0.527369,-0.549233,-0.421781,0.492265,0.0
2077354611,3,0.525793,-0.549701,-0.422783,0.492567,0.0
2077354621,3,0.524158,-0.550251,-0.423632,0.492966,0.0
2077354631,3,0.522558,-0.551074,-0.424081,0.49336,0.0
2077354641,3,0.521078,-0.552343,-0.424019,0.49356,0.0
2077354651,3,0.519715,-0.553888,-0.423594,0.49363,0.0
2077354661,3,0.518483,-0.555464,-0.423096,0.493582,0.0
2077354671,3,0.517436,-0.556943,-0.422627,0.493415,0.0
2077354681,3,0.516458,-0.558177,-0.422285,0.493339,0.0
2077354692,3,0.51547,-0.559081,-0.422105,0.493503,0.0
2077354702,3,0.514434,-0.55943,-0.422233,0.494078,0.0
2077354712,3,0.513548,-0.559726,-0.422425,0.4945,0.0
2077354722,3,0.512923,-0.559809,-0.422698,0.494822,0.0
2077354732,3,0.512473,-0.559739,-0.422961,0.495143,0.0
2077354742,3,0.512161,-0.55971,-0.423165,0.495324,0.0
2077354752,3,0.511943,-0.559833,-0.423337,0.495261,0.0
2077354762,3,0.511824,-0.560207,-0.423347,0.494954,0.0
2077354772,3,0.511809,-0.560679,-0.423141,0.494612,0.0
2077354782,3,0.511827,-0.561322,-0.422664,0.494271,0.0
2077354792,3,0.511825,-0.562144,-0.422015,0.493893,0.0
2077354802,3,0.51185,-0.562893,-0.421394,0.493545,0.0
2077354812,3,0.511927,-0.563353,-0.420969,0.493303,0.0
2077354822,3,0.512024,-0.563579,-0.420703,0.49317,0.0
2077354833,3,0.512108,-0.563759,-0.420418,0.49312,0.0
2077354843,3,0.512219,-0.563988,-0.42013,0.492989,0.0
2077354853,3,0.512337,-0.564047,-0.41996,0.492943,0.0
2077354863,3,0.512504,-0.56401,-0.419921,0.492845,0.0
2077354873,3,0.512729,-0.563961,-0.419973,0.492623,0.0
2077354883,3,0.51305,-0.563842,-0.420115,0.492303,0.0
2077354893,3,0.513408,-0.563573,-0.420273,0.492105,0.0
2077354903,3,0.513781,-0.563377,-0.420232,0.491975,0.0
2077354913,3,0.514219,-0.563399,-0.419991,0.491696,0.0
2077354923,3,0.514679,-0.563576,-0.41966,0.491296,0.0
2077354933,3,0.515172,-0.56381,-0.419301,0.490817,0.0
2077354943,3,0.515702,-0.563993,-0.418999,0.490308,0.0
2077354953,3,0.516209,-0.564223,-0.418686,0.489775,0.0
2077354964,3,0.516595,-0.564568,-0.418315,0.489288,0.0
2077354974,3,0.516874,-0.564858,-0.417982,0.488943,0.0
2077354984,3,0.517061,-0.565086,-0.417693,0.488729,0.0
2077354994,3,0.517215,-0.565182,-0.41757,0.48856,0.0
2077355004,3,0.517333,-0.565109,-0.417545,0.488541,0.0
2077355014,3,0.517413,-0.565115,-0.417411,0.488564,0.0
2077355024,3,0.517507,-0.565408,-0.416967,0.488506,0.0
2077355034,3,0.517602,-0.565862,-0.416333,0.488419,0.0
2077355044,3,0.517658,-0.566288,-0.41564,0.488457,0.0
2077355054,3,0.517733,-0.566493,-0.415022,0.488664,0.0
2077355064,3,0.517937,-0.56674,-0.414325,0.488753,0.0
2077355074,3,0.518238,-0.567175,-0.413471,0.488653,0.0
2077355084,3,0.518597,-0.567803,-0.412478,0.488382,0.0
2077355095,3,0.518973,-0.568459,-0.411473,0.488068,0.0
2077355105,3,0.519297,-0.568957,-0.410563,0.48791,0.0
2077355115,3,0.51959,-0.569367,-0.409642,0.487892,0.0
2077355125,3,0.519827,-0.56982,-0.408612,0.487976,0.0
2077355135,3,0.520036,-0.570303,-0.407467,0.488146,0.0
2077355145,3,0.520217,-0.570871,-0.40611,0.488418,0.0
2077355155,3,0.520349,-0.571541,-0.404595,0.488752,0.0
2077355165,3,0.520481,-0.572309,-0.402921,0.489096,0.0
2077355175,3,0.520747,-0.573117,-0.401101,0.489363,0.0
2077355185,3,0.521178,-0.573896,-0.399187,0.489555,0.0
2077355195,3,0.521827,-0.574626,-0.397272,0.489565,0.0
2077355205,3,0.522632,-0.575343,-0.395392,0.489387,0.0
2077355215,3,0.523489,-0.575682,-0.393618,0.489502,0.0
2077355226,3,0.524352,-0.57592,-0.391867,0.489703,0.0
2077355236,3,0.525205,-0.576035,-0.390085,0.490077,0.0
2077355246,3,0.526063,-0.57604,-0.388283,0.490582,0.0
2077355256,3,0.526935,-0.575856,-0.386521,0.491253,0.0
2077355266,3,0.527864,-0.575592,-0.384812,0.491906,0.0
2077355276,3,0.528816,-0.575352,-0.383169,0.492446,0.0
2077355286,3,0.529721,-0.574918,-0.381693,0.493127,0.0
2077355296,3,0.530607,-0.574283,-0.380311,0.49398,0.0
2077355306,3,0.531547,-0.573604,-0.378914,0.494831,0.0
2077355316,3,0.5326,-0.572983,-0.377409,0.495569,0.0
2077355326,3,0.533793,-0.572622,-0.375652,0.496036,0.0
2077355336,3,0.535068,-0.572105,-0.373826,0.49664,0.0
2077355346,3,0.536375,-0.57144,-0.371915,0.497429,0.0
2077355356,3,0.537695,-0.570747,-0.369939,0.498271,0.0
2077355367,3,0.539152,-0.56986,-0.367946,0.499187,0.0
2077355377,3,0.540736,-0.568785,-0.365892,0.500208,0.0
2077355387,3,0.542416,-0.567542,-0.363848,0.501291,0.0
2077355397,3,0.544142,-0.566158,-0.361881,0.502409,0.0
2077355407,3,0.54593,-0.56447,-0.360213,0.503566,0.0
2077355417,3,0.547769,-0.562361,-0.358808,0.50493,0.0
2077355427,3,0.549611,-0.559999,-0.357668,0.50636,0.0
2077355437,3,0.551326,-0.557521,-0.356784,0.507851,0.0
2077355447,3,0.552747,-0.554541,-0.356633,0.509672,0.0
2077355457,3,0.554279,-0.551581,-0.356799,0.511102,0.0
2077355467,3,0.555729,-0.548654,-0.357124,0.512449,0.0
2077355477,3,0.557195,-0.546331,-0.357241,0.513258,0.0
2077355487,3,0.558589,-0.544332,-0.357269,0.513846,0.0
2077355498,3,0.559992,-0.542671,-0.357184,0.514135,0.0
2077355508,3,0.561333,-0.541366,-0.357025,0.514158,0.0
2077355518,3,0.562462,-0.540399,-0.356761,0.514125,0.0
2077355528,3,0.563296,-0.539761,-0.356389,0.51414,0.0
2077355538,3,0.563777,-0.539384,-0.355891,0.514354,0.0
2077355548,3,0.564011,-0.539278,-0.355202,0.514685,0.0
2077355558,3,0.56407,-0.53954,-0.354186,0.515045,0.0
2077355568,3,0.564094,-0.540226,-0.352762,0.515277,0.0
2077355578,3,0.563992,-0.541075,-0.351055,0.515664,0.0
2077355588,3,0.563864,-0.542081,-0.349175,0.516024,0.0
2077355598,3,0.563735,-0.542999,-0.347252,0.516497,0.0
2077355608,3,0.563586,-0.544003,-0.345303,0.51691,0.0
2077355618,3,0.563456,-0.545028,-0.343341,0.517278,0.0
2077355629,3,0.563366,-0.545982,-0.341388,0.517663,0.0
2077355639,3,0.563352,-0.546887,-0.339413,0.518021,0.0
2077355649,3,0.563537,-0.547736,-0.337376,0.518254,0.0
2077355659,3,0.564029,-0.548259,-0.335454,0.518412,0.0
2077355669,3,0.564804,-0.548327,-0.333774,0.518582,0.0
2077355679,3,0.565856,-0.548097,-0.33215,0.518721,0.0
2077355689,3,0.567178,-0.547889,-0.330335,0.518656,0.0
2077355699,3,0.568769,-0.54766,-0.328279,0.51846,0.0
2077355709,3,0.570527,-0.547183,-0.326274,0.518298,0.0
2077355719,3,0.572259,-0.546296,-0.324475,0.518453,0.0
2077355729,3,0.574003,-0.544896,-0.32304,0.518895,0.0
2077355739,3,0.575687,-0.543173,-0.321735,0.519646,0.0
2077355749,3,0.577418,-0.541384,-0.320448,0.520386,0.0
2077355760,3,0.579146,-0.539802,-0.319108,0.520934,0.0
2077355770,3,0.580771,-0.538328,-0.317818,0.521439,0.0
2077355780,3,0.582417,-0.536876,-0.316521,0.521888,0.0
2077355790,3,0.584188,-0.535522,-0.31511,0.522155,0.0
2077355800,3,0.586225,-0.534313,-0.313502,0.522077,0.0
2077355810,3,0.588375,-0.533185,-0.311679,0.521903,0.0
2077355820,3,0.590518,-0.532097,-0.309771,0.521729,0.0
2077355830,3,0.592547,-0.530958,-0.307864,0.521717,0.0
2077355840,3,0.594428,-0.529855,-0.306057,0.521763,0.0
2077355850,3,0.596079,-0.528276,-0.304611,0.522326,0.0
2077355860,3,0.597518,-0.526406,-0.303586,0.523166,0.0
2077355870,3,0.598717,-0.524436,-0.302934,0.52415,0.0
2077355880,3,0.599679,-0.522449,-0.302678,0.525183,0.0
2077355890,3,0.601322,-0.52174,-0.301244,0.524834,0.0
2077355901,3,0.60277,-0.521199,-0.29992,0.524468,0.0
2077355911,3,0.603958,-0.520867,-0.298772,0.524086,0.0
2077355921,3,0.604868,-0.520477,-0.29792,0.523908,0.0
2077355931,3,0.605551,-0.520078,-0.29733,0.523851,0.0
2077355941,3,0.606073,-0.519673,-0.29697,0.523854,0.0
2077355951,3,0.60648,-0.519297,-0.296809,0.523848,0.0
2077355961,3,0.606693,-0.516693,-0.299765,0.524491,0.0
2077355971,3,0.607052,-0.514442,-0.302581,0.524672,0.0
2077355981,3,0.60748,-0.512486,-0.305315,0.524507,0.0
2077355991,3,0.607808,-0.510891,-0.307743,0.524263,0.0
2077356001,3,0.608015,-0.509784,-0.309645,0.523981,0.0
2077356011,3,0.608124,-0.509464,-0.310798,0.523484,0.0
2077356021,3,0.608079,-0.509826,-0.311286,0.522893,0.0
2077356032,3,0.607875,-0.510667,-0.311325,0.522286,0.0
2077356042,3,0.607532,-0.511689,-0.311198,0.521759,0.0
2077356052,3,0.606923,-0.51281,-0.311003,0.521485,0.0
2077356062,3,0.606071,-0.514166,-0.310518,0.521428,0.0
2077356072,3,0.605103,-0.515647,-0.309802,0.521517,0.0
2077356082,3,0.604048,-0.51703,-0.309041,0.521822,0.0
2077356092,3,0.60303,-0.518158,-0.308151,0.522406,0.0
2077356102,3,0.60212,-0.518947,-0.30727,0.523191,0.0
2077356112,3,0.601533,-0.51949,-0.306326,0.52388,0.0
2077356122,3,0.601426,-0.519703,-0.305327,0.524374,0.0
2077356132,3,0.601907,-0.519567,-0.3045,0.524439,0.0
2077356142,3,0.602954,-0.519036,-0.304025,0.524036,0.0
2077356152,3,0.604338,-0.517963,-0.304117,0.523451,0.0
2077356163,3,0.605903,-0.516554,-0.304629,0.522736,0.0
2077356173,3,0.607568,-0.514884,-0.305446,0.521973,0.0
2077356183,3,0.609321,-0.513148,-0.306498,0.521022,0.0
2077356193,3,0.611128,-0.511436,-0.307853,0.519788,0.0
2077356203,3,0.612873,-0.509835,-0.309474,0.518343,0.0
2077356213,3,0.614427,-0.508349,-0.311319,0.516855,0.0
2077356223,3,0.61567,-0.506943,-0.313446,0.51547,0.0
2077356233,3,0.61639,-0.505655,-0.315786,0.514445,0.0
2077356243,3,0.616476,-0.504757,-0.318245,0.513708,0.0
2077356253,3,0.616076,-0.504295,-0.320707,0.51311,0.0
2077356263,3,0.615326,-0.504532,-0.322819,0.512453,0.0
2077356273,3,0.614308,-0.505372,-0.32455,0.511752,0.0
2077356283,3,0.613189,-0.506504,-0.326038,0.511029,0.0
2077356294,3,0.612072,-0.507914,-0.327108,0.510284,0.0
2077356304,3,0.611028,-0.509556,-0.327666,0.50954,0.0
2077356314,3,0.609939,-0.511408,-0.327597,0.509034,0.0
2077356324,3,0.608868,-0.513536,-0.326848,0.508654,0.0
2077356334,3,0.607912,-0.515532,-0.325644,0.508551,0.0
2077356344,3,0.607057,-0.517536,-0.323989,0.508593,0.0
2077356354,3,0.606388,-0.519462,-0.321903,0.508754,0.0
2077356364,3,0.605801,-0.520968,-0.319692,0.509306,0.0
2077356374,3,0.605193,-0.521939,-0.317634,0.510321,0.0
2077356384,3,0.604708,-0.522233,-0.316186,0.511494,0.0
2077356394,3,0.6044,-0.521777,-0.315472,0.512761,0.0
2077356404,3,0.604177,-0.520645,-0.315454,0.514184,0.0
2077356414,3,0.604078,-0.519113,-0.31604,0.515489,0.0
2077356424,3,0.604026,-0.517295,-0.317297,0.516604,0.0
2077356435,3,0.604053,-0.515251,-0.31912,0.517491,0.0
2077356445,3,0.604195,-0.513134,-0.321399,0.518019,0.0
2077356455,3,0.604444,-0.51099,-0.323996,0.51823,0.0
2077356465,3,0.604771,-0.509188,-0.326732,0.517903,0.0
2077356475,3,0.60499,-0.507841,-0.329525,0.5172,0.0
2077356485,3,0.605211,-0.506669,-0.332474,0.516203,0.0
2077356495,3,0.605299,-0.505713,-0.335572,0.515032,0.0
2077356505,3,0.605218,-0.505329,-0.338537,0.513561,0.0
2077356515,3,0.605031,-0.505658,-0.341146,0.511728,0.0
2077356525,3,0.604688,-0.50654,-0.343488,0.509691,0.0
2077356535,3,0.604047,-0.507771,-0.345589,0.507801,0.0
2077356545,3,0.602969,-0.509666,-0.347217,0.50607,0.0
2077356555,3,0.601435,-0.512322,-0.348245,0.504505,0.0
2077356566,3,0.599588,-0.515327,-0.348784,0.503269,0.0
2077356576,3,0.597671,-0.518562,-0.348764,0.50224,0.0
2077356586,3,0.595702,-0.521851,-0.348283,0.501505,0.0
2077356596,3,0.593733,-0.525209,-0.347291,0.501023,0.0
2077356606,3,0.591905,-0.528366,-0.345883,0.500841,0.0
2077356616,3,0.590183,-0.531143,-0.344029,0.501213,0.0
2077356626,3,0.588451,-0.533541,-0.341843,0.502195,0.0
2077356636,3,0.586881,-0.535347,-0.339602,0.50363,0.0
2077356646,3,0.585748,-0.536656,-0.337381,0.505046,0.0
2077356656,3,0.584986,-0.536945,-0.335789,0.506681,0.0
2077356666,3,0.584398,-0.536265,-0.335126,0.508515,0.0
2077356676,3,0.584138,-0.535243,-0.335037,0.509947,0.0
2077356686,3,0.584061,-0.53378,-0.33564,0.511171,0.0
2077356697,3,0.584148,-0.532114,-0.336799,0.512046,0.0
2077356707,3,0.584275,-0.530265,-0.33852,0.512683,0.0
2077356717,3,0.584346,-0.528411,-0.340599,0.513139,0.0
2077356727,3,0.584277,-0.526547,-0.342866,0.513623,0.0
2077356737,3,0.584004,-0.525057,-0.34493,0.514078,0.0
2077356747,3,0.583648,-0.523913,-0.346862,0.514349,0.0
2077356757,3,0.583345,-0.523101,-0.348702,0.514275,0.0
2077356767,3,0.583167,-0.522472,-0.35045,0.513928,0.0
2077356777,3,0.583019,-0.522004,-0.352125,0.513427,0.0
2077356787,3,0.582738,-0.521722,-0.353713,0.512941,0.0
2077356797,3,0.582277,-0.521599,-0.355128,0.512612,0.0
2077356807,3,0.581585,-0.521546,-0.356519,0.512485,0.0
2077356817,3,0.580782,-0.5217,-0.357693,0.512421,0.0
2077356828,3,0.579902,-0.52202,-0.358629,0.512438,0.0
2077356838,3,0.578864,-0.52254,-0.359365,0.512566,0.0
2077356848,3,0.577658,-0.523082,-0.35996,0.512956,0.0
2077356858,3,0.576313,-0.523622,-0.360436,0.513583,0.0
2077356868,3,0.574962,-0.523938,-0.360917,0.514436,0.0
2077356878,3,0.573728,-0.524159,-0.361373,0.515269,0.0
2077356888,3,0.572551,-0.524242,-0.36175,0.516228,0.0
2077356898,3,0.571456,-0.524077,-0.361935,0.517477,0.0
2077356908,3,0.571303,-0.523266,-0.362598,0.518002,0.0
2077356918,3,0.571324,-0.52249,-0.363073,0.51843,0.0
2077356928,3,0.57151,-0.521671,-0.363441,0.518791,0.0
2077356938,3,0.571794,-0.52061,-0.363851,0.519257,0.0
2077356948,3,0.572135,-0.519362,-0.364335,0.519791,0.0
2077356958,3,0.572497,-0.518023,-0.364843,0.520371,0.0
2077356969,3,0.572873,-0.516573,-0.365361,0.521036,0.0
2077356979,3,0.573284,-0.514907,-0.365869,0.521876,0.0
2077356989,3,0.573833,-0.513323,-0.366169,0.522622,0.0
2077356999,3,0.574564,-0.511839,-0.366179,0.523266,0.0
2077357009,3,0.575442,-0.510376,-0.365935,0.523902,0.0
2077357019,3,0.574791,-0.508725,-0.365386,0.526597,0.0
2077357029,3,0.576051,-0.507266,-0.364842,0.527006,0.0
2077357039,3,0.577522,-0.506185,-0.36406,0.526976,0.0
2077357049,3,0.577826,-0.504534,-0.363757,0.528432,0.0
2077357059,3,0.578538,-0.503007,-0.363501,0.529285,0.0
2077357069,3,0.579426,-0.501808,-0.363044,0.529766,0.0
2077357079,3,0.580209,-0.501109,-0.362243,0.530118,0.0
2077357089,3,0.580698,-0.500931,-0.361046,0.530568,0.0
2077357100,3,0.58058,-0.500795,-0.359812,0.531662,0.0
2077357110,3,0.581483,-0.501495,-0.357789,0.53138,0.0
2077357120,3,0.582112,-0.501969,-0.355757,0.531609,0.0
2077357130,3,0.58252,-0.502127,-0.353834,0.532295,0.0
2077357140,3,0.583114,-0.50213,-0.351802,0.532988,0.0
2077357150,3,0.58461,-0.501763,-0.349305,0.533338,0.0
2077357160,3,0.587203,-0.50059,-0.34633,0.533532,0.0
2077357170,3,0.590102,-0.498793,-0.343539,0.533821,0.0
2077357180,3,0.592654,-0.49647,-0.341656,0.534367,0.0
2077357190,3,0.59489,-0.493692,-0.340296,0.535322,0.0
2077357200,3,0.597001,-0.49077,-0.338984,0.536491,0.0
2077357210,3,0.599063,-0.487976,-0.337417,0.537728,0.0
2077357220,3,0.600968,-0.485489,-0.335557,0.539015,0.0
2077357231,3,0.602564,-0.483658,-0.333441,0.540191,0.0
2077357241,3,0.603698,-0.482262,-0.331451,0.541397,0.0
2077357251,3,0.604388,-0.481287,-0.329791,0.542508,0.0
2077357261,3,0.604787,-0.480647,-0.328504,0.54341,0.0
2077357271,3,0.604984,-0.480046,-0.327579,0.54428,0.0
2077357281,3,0.605066,-0.479301,-0.327049,0.545163,0.0
2077357291,3,0.606673,-0.474851,-0.33115,0.544796,0.0
2077357301,3,0.608304,-0.469492,-0.336446,0.544376,0.0
2077357311,3,0.60981,-0.463319,-0.34289,0.54396,0.0
2077357321,3,0.611087,-0.456582,-0.350259,0.543527,0.0
2077357331,3,0.612208,-0.449361,-0.358357,0.543005,0.0
2077357341,3,0.613067,-0.441852,-0.36707,0.542377,0.0
2077357351,3,0.612896,-0.440129,-0.369699,0.542187,0.0
2077357362,3,0.612488,-0.438686,-0.372726,0.541744,0.0
2077357372,3,0.61171,-0.43749,-0.376121,0.541244,0.0
2077357382,3,0.610438,-0.436883,-0.379797,0.540603,0.0
2077357392,3,0.608626,-0.436898,-0.383632,0.539926,0.0
2077357402,3,0.606294,-0.437397,-0.387443,0.539424,0.0
2077357412,3,0.603459,-0.438177,-0.391085,0.539341,0.0
2077357422,3,0.60029,-0.439461,-0.394272,0.539513,0.0
2077357432,3,0.597023,-0.441535,-0.396728,0.539643,0.0
2077357442,3,0.593791,-0.444276,-0.398411,0.539721,0.0
2077357452,3,0.590689,-0.447692,-0.399318,0.539631,0.0
2077357462,3,0.587878,-0.452133,-0.399302,0.53901,0.0
2077357472,3,0.585417,-0.457201,-0.398302,0.538153,0.0
2077357482,3,0.583269,-0.462386,-0.396358,0.53749,0.0
2077357492,3,0.581415,-0.467492,-0.393636,0.537081,0.0
2077357503,3,0.579841,-0.472505,-0.390302,0.536829,0.0
2077357513,3,0.578526,-0.476788,-0.386675,0.537086,0.0
2077357523,3,0.577559,-0.479986,-0.383016,0.537899,0.0
2077357533,3,0.576974,-0.482161,-0.379522,0.539058,0.0
2077357543,3,0.576711,-0.483102,-0.376614,0.540533,0.0
2077357553,3,0.576552,-0.482791,-0.374794,0.542244,0.0
2077357563,3,0.576231,-0.481414,-0.374268,0.544168,0.0
2077357573,3,0.575477,-0.479006,-0.375259,0.546405,0.0
2077357583,3,0.574296,-0.475745,-0.377707,0.548804,0.0
2077357593,3,0.567768,-0.466671,-0.3861,0.557479,0.0
2077357603,3,0.565992,-0.462556,-0.39014,0.559897,0.0
2077357613,3,0.56388,-0.459579,-0.393302,0.562262,0.0
2077357623,3,0.561549,-0.460416,-0.394405,0.563137,0.0
2077357634,3,0.560052,-0.465695,-0.392868,0.561358,0.0
2077357644,3,0.559396,-0.472217,-0.389649,0.558801,0.0
2077357654,3,0.558516,-0.476969,-0.385726,0.558368,0.0
2077357664,3,0.556782,-0.480092,-0.382686,0.559513,0.0
2077357674,3,0.55394,-0.482191,-0.381238,0.561514,0.0
2077357684,3,0.550184,-0.483374,-0.381388,0.564082,0.0
2077357694,3,0.54601,-0.483539,-0.382601,0.567167,0.0
2077357704,3,0.542039,-0.482825,-0.383782,0.570774,0.0
2077357714,3,0.538794,-0.481577,-0.384258,0.574568,0.0
2077357724,3,0.536397,-0.479985,-0.384042,0.578275,0.0
2077357734,3,0.534577,-0.478175,-0.383589,0.581751,0.0
2077357744,3,0.533079,-0.4763,-0.383225,0.584894,0.0
2077357754,3,0.531687,-0.474517,-0.383051,0.587717,0.0
2077357765,3,0.530051,-0.472968,-0.38326,0.590302,0.0
2077357775,3,0.528245,-0.471681,-0.383626,0.592709,0.0
2077357785,3,0.522825,-0.470295,-0.383392,0.598737,0.0
2077357795,3,0.517805,-0.469019,-0.383306,0.604131,0.0
2077357805,3,0.513368,-0.467879,-0.383183,0.608861,0.0
2077357815,3,0.512106,-0.467346,-0.383086,0.610392,0.0
2077357825,3,0.511043,-0.466883,-0.383119,0.611616,0.0
2077357835,3,0.510195,-0.466369,-0.383393,0.612543,0.0
2077357845,3,0.50958,-0.465705,-0.383898,0.613243,0.0
2077357855,3,0.509197,-0.464741,-0.384569,0.613872,0.0
2077357865,3,0.509089,-0.46375,-0.385303,0.614251,0.0
2077357875,3,0.509272,-0.463017,-0.385999,0.614215,0.0
2077357885,3,0.509686,-0.462351,-0.386588,0.614003,0.0
2077357896,3,0.510172,-0.46167,-0.387049,0.613821,0.0
2077357906,3,0.510707,-0.461227,-0.387334,0.61353,0.0
2077357916,3,0.511299,-0.461124,-0.387367,0.613093,0.0
2077357926,3,0.511956,-0.461337,-0.387144,0.612525,0.0
2077357936,3,0.512674,-0.461636,-0.38674,0.611954,0.0
2077357946,3,0.513509,-0.461869,-0.38613,0.611463,0.0
2077357956,3,0.514546,-0.462179,-0.385277,0.610895,0.0
2077357966,3,0.515861,-0.462537,-0.384171,0.610211,0.0
2077357976,3,0.517586,-0.462882,-0.382803,0.609348,0.0
2077357986,3,0.519792,-0.46311,-0.381221,0.608288,0.0
2077357996,3,0.522639,-0.46335,-0.379547,0.60671,0.0
2077358006,3,0.526394,-0.463732,-0.377767,0.604278,0.0
2077358016,3,0.531222,-0.464485,-0.375897,0.60063,0.0
2077358026,3,0.537571,-0.466114,-0.373093,0.595445,0.0
2077358037,3,0.545366,-0.468391,-0.368268,0.589545,0.0
2077358047,3,0.553311,-0.4707,-0.362281,0.583986,0.0
2077358057,3,0.561171,-0.471569,-0.355674,0.579831,0.0
2077358067,3,0.569193,-0.470065,-0.348907,0.577339,0.0
2077358077,3,0.576535,-0.466586,-0.343401,0.576176,0.0
2077358087,3,0.582598,-0.46248,-0.339768,0.575541,0.0
2077358097,3,0.587213,-0.457798,-0.338168,0.575537,0.0
2077358107,3,0.590708,-0.4531,-0.337967,0.575796,0.0
2077358117,3,0.593143,-0.448759,-0.338623,0.576307,0.0
2077358127,3,0.594768,-0.444952,-0.33969,0.576955,0.0
2077358137,3,0.59576,-0.441478,-0.340985,0.577836,0.0
2077358147,3,0.596348,-0.438858,-0.342121,0.578554,0.0
2077358157,3,0.597126,-0.431957,-0.348732,0.578998,0.0
2077358168,3,0.598228,-0.426681,-0.354296,0.578393,0.0
2077358178,3,0.599828,-0.422795,-0.35869,0.57688,0.0
2077358188,3,0.60145,-0.419764,-0.36212,0.575259,0.0
2077358198,3,0.602444,-0.417286,-0.364888,0.574272,0.0
2077358208,3,0.602813,-0.415335,-0.367073,0.573907,0.0
2077358218,3,0.602582,-0.415971,-0.36602,0.574361,0.0
2077358228,3,0.602343,-0.416301,-0.365003,0.575019,0.0
2077358238,3,0.602177,-0.416128,-0.364011,0.575947,0.0
2077358248,3,0.602162,-0.415439,-0.363021,0.577083,0.0
2077358258,3,0.602479,-0.414366,-0.361951,0.578194,0.0
2077358268,3,0.603318,-0.413215,-0.360632,0.578968,0.0
2077358278,3,0.604711,-0.41244,-0.359018,0.57907,0.0
2077358288,3,0.606484,-0.411985,-0.357172,0.578682,0.0
2077358299,3,0.608444,-0.411639,-0.355164,0.578105,0.0
2077358309,3,0.610423,-0.411335,-0.353059,0.577525,0.0
2077358319,3,0.612313,-0.411435,-0.35087,0.576786,0.0
2077358329,3,0.613509,-0.408074,-0.352945,0.576637,0.0
2077358339,3,0.614477,-0.405161,-0.355196,0.576278,0.0
2077358349,3,0.615397,-0.402569,-0.35765,0.575595,0.0
2077358359,3,0.616202,-0.40047,-0.360286,0.574552,0.0
2077358369,3,0.616957,-0.398523,-0.363152,0.573291,0.0
2077358379,3,0.617714,-0.396568,-0.366168,0.571911,0.0
2077358389,3,0.618526,-0.394841,-0.369092,0.570346,0.0
2077358399,3,0.619435,-0.393139,-0.371838,0.568749,0.0
2077358409,3,0.620351,-0.391519,-0.374338,0.567227,0.0
2077358419,3,0.621275,-0.390096,-0.376521,0.565749,0.0
2077358430,3,0.622603,-0.392486,-0.374922,0.563695,0.0
2077358440,3,0.624092,-0.395167,-0.373241,0.561286,0.0
2077358450,3,0.625595,-0.397848,-0.371611,0.558795,0.0
2077358460,3,0.626997,-0.400632,-0.370187,0.556174,0.0
2077358470,3,0.628178,-0.40358,-0.369054,0.553456,0.0
2077358480,3,0.629065,-0.406743,-0.368252,0.55066,0.0
2077358490,3,0.62958,-0.410146,-0.367807,0.547837,0.0
2077358500,3,0.629679,-0.413418,-0.367681,0.545342,0.0
2077358510,3,0.629447,-0.416657,-0.367776,0.543076,0.0
2077358520,3,0.629016,-0.419966,-0.367955,0.540902,0.0
2077358530,3,0.627741,-0.423627,-0.367675,0.539718,0.0
2077358540,3,0.626204,-0.426801,-0.367383,0.539201,0.0
2077358550,3,0.624449,-0.430037,-0.367011,0.538918,0.0
2077358560,3,0.622494,-0.432944,-0.366665,0.539088,0.0
2077358571,3,0.620303,-0.43521,-0.36659,0.539839,0.0
2077358581,3,0.617936,-0.436989,-0.366917,0.540892,0.0
2077358591,3,0.615349,-0.438149,-0.367738,0.542345,0.0
2077358601,3,0.612659,-0.439132,-0.368833,0.54385,0.0
2077358611,3,0.60983,-0.439962,-0.369977,0.545578,0.0
2077358621,3,0.606938,-0.441007,-0.370884,0.547341,0.0
2077358631,3,0.606352,-0.443167,-0.370809,0.546295,0.0
2077358641,3,0.605743,-0.445317,-0.370646,0.545332,0.0
2077358651,3,0.605094,-0.447444,-0.370425,0.544462,0.0
2077358661,3,0.604382,-0.4496,-0.370171,0.543648,0.0
2077358671,3,0.602331,-0.452417,-0.369201,0.544247,0.0
2077358681,3,0.600455,-0.455631,-0.367924,0.544504,0.0
2077358691,3,0.598662,-0.45897,-0.366408,0.544696,0.0
2077358702,3,0.596746,-0.462198,-0.364933,0.545059,0.0
2077358712,3,0.594732,-0.465408,-0.363481,0.545499,0.0
2077358722,3,0.592705,-0.468764,-0.361835,0.545926,0.0
2077358732,3,0.590555,-0.472373,-0.3599,0.546424,0.0
2077358742,3,0.588443,-0.476516,-0.357511,0.546673,0.0
2077358752,3,0.586393,-0.480871,-0.354758,0.546856,0.0
2077358762,3,0.584409,-0.485318,-0.351678,0.54704,0.0
2077358772,3,0.582544,-0.489453,-0.348387,0.547452,0.0
2077358782,3,0.580761,-0.493352,-0.344999,0.547992,0.0
2077358792,3,0.579146,-0.49697,-0.341693,0.548503,0.0
2077358802,3,0.577871,-0.499896,-0.33894,0.548896,0.0
2077358812,3,0.576694,-0.501649,-0.337169,0.549625,0.0
2077358822,3,0.575482,-0.502747,-0.335753,0.550758,0.0
2077358833,3,0.574214,-0.503572,-0.334556,0.552054,0.0
2077358843,3,0.572977,-0.504364,-0.33339,0.553321,0.0
2077358853,3,0.571969,-0.505276,-0.332123,0.554292,0.0
2077358863,3,0.571122,-0.50622,-0.330867,0.555056,0.0
2077358873,3,0.570245,-0.507207,-0.329654,0.555778,0.0
2077358883,3,0.569403,-0.50833,-0.328441,0.556332,0.0
2077358893,3,0.56871,-0.5095,-0.327217,0.556692,0.0
2077358903,3,0.568277,-0.510527,-0.326001,0.556907,0.0
2077358913,3,0.568091,-0.511564,-0.324703,0.556903,0.0
2077358923,3,0.568129,-0.512545,-0.32339,0.556726,0.0
2077358933,3,0.568383,-0.513224,-0.322291,0.556479,0.0
2077358943,3,0.568798,-0.513889,-0.321451,0.555927,0.0
2077358953,3,0.569314,-0.514433,-0.320813,0.555264,0.0
2077358964,3,0.569936,-0.515123,-0.320224,0.554324,0.0
2077358974,3,0.57057,-0.515631,-0.319773,0.55346,0.0
2077358984,3,0.571159,-0.51622,-0.319295,0.552579,0.0
2077358994,3,0.571701,-0.516843,-0.318712,0.551772,0.0
2077359004,3,0.572307,-0.517565,-0.317836,0.550971,0.0
2077359014,3,0.573036,-0.51835,-0.316598,0.550188,0.0
2077359024,3,0.574016,-0.519144,-0.31497,0.549351,0.0
2077359034,3,0.575242,-0.51994,-0.312907,0.548495,0.0
2077359044,3,0.576532,-0.520594,-0.310614,0.547823,0.0
2077359054,3,0.577807,-0.52122,-0.308154,0.547273,0.0
2077359064,3,0.579087,-0.521812,-0.305631,0.54677,0.0
2077359074,3,0.580338,-0.522276,-0.303213,0.546348,0.0
2077359084,3,0.581429,-0.52256,-0.30089,0.5462,0.0
2077359094,3,0.582733,-0.522175,-0.29956,0.545909,0.0
2077359105,3,0.583935,-0.522955,-0.296826,0.545372,0.0
2077359115,3,0.585267,-0.52371,-0.294066,0.544715,0.0
2077359125,3,0.586725,-0.524204,-0.291446,0.544078,0.0
2077359135,3,0.588437,-0.524367,-0.289136,0.543305,0.0
2077359145,3,0.59035,-0.524059,-0.287216,0.542544,0.0
2077359155,3,0.592387,-0.522778,-0.285961,0.542222,0.0
2077359165,3,0.594517,-0.521035,-0.284733,0.542216,0.0
2077359175,3,0.596616,-0.519356,-0.283474,0.542181,0.0
2077359185,3,0.598611,-0.517655,-0.282399,0.542169,0.0
2077359195,3,0.6005,-0.516174,-0.28135,0.542037,0.0
2077359205,3,0.602306,-0.51466,-0.280337,0.541997,0.0
2077359215,3,0.604009,-0.513407,-0.279261,0.541847,0.0
2077359225,3,0.605642,-0.51232,-0.278158,0.541621,0.0
2077359236,3,0.607176,-0.511514,-0.277066,0.541223,0.0
2077359246,3,0.608606,-0.510714,-0.276136,0.540848,0.0
2077359256,3,0.609908,-0.510081,-0.275336,0.540387,0.0
2077359266,3,0.611027,-0.509545,-0.274728,0.539938,0.0
2077359276,3,0.611922,-0.509249,-0.274254,0.539444,0.0
2077359286,3,0.613255,-0.507279,-0.276594,0.538591,0.0
2077359296,3,0.614011,-0.505839,-0.278784,0.537955,0.0
2077359306,3,0.614251,-0.504661,-0.280882,0.537695,0.0
2077359316,3,0.614059,-0.503821,-0.282784,0.537706,0.0
2077359326,3,0.61353,-0.503425,-0.284421,0.537818,0.0
2077359336,3,0.612936,-0.503464,-0.285808,0.537723,0.0
2077359346,3,0.612375,-0.503859,-0.286969,0.537374,0.0
2077359356,3,0.611784,-0.504534,-0.28792,0.536904,0.0
2077359367,3,0.611326,-0.505281,-0.288807,0.536247,0.0
2077359377,3,0.611031,-0.506079,-0.289678,0.535359,0.0
2077359387,3,0.610909,-0.50659,-0.290579,0.534527,0.0
2077359397,3,0.610973,-0.506498,-0.291577,0.533997,0.0
2077359407,3,0.61127,-0.505836,-0.292694,0.533674,0.0
2077359417,3,0.611921,-0.504955,-0.293827,0.533138,0.0
2077359427,3,0.612976,-0.503778,-0.295008,0.532388,0.0
2077359437,3,0.614402,-0.502414,-0.296063,0.531447,0.0
2077359447,3,0.616249,-0.501004,-0.297196,0.530005,0.0
2077359457,3,0.618462,-0.499573,-0.298483,0.528051,0.0
2077359467,3,0.620921,-0.498021,-0.299998,0.525768,0.0
2077359477,3,0.623362,-0.496483,-0.301698,0.523356,0.0
2077359487,3,0.625725,-0.494982,-0.303585,0.52086,0.0
2077359498,3,0.627925,-0.493564,-0.305695,0.518317,0.0
2077359508,3,0.629827,-0.492289,-0.307941,0.515888,0.0
2077359518,3,0.631593,-0.49128,-0.31028,0.513282,0.0
2077359528,3,0.633205,-0.490835,-0.312459,0.510391,0.0
2077359538,3,0.634822,-0.491026,-0.314285,0.507068,0.0
2077359548,3,0.63643,-0.491923,-0.315589,0.503358,0.0
2077359558,3,0.637962,-0.493649,-0.316174,0.499347,0.0
2077359568,3,0.639426,-0.496106,-0.316002,0.49513,0.0
2077359578,3,0.640509,-0.499044,-0.315208,0.491269,0.0
2077359588,3,0.641445,-0.501857,-0.314446,0.487658,0.0
2077359598,3,0.642247,-0.504566,-0.313679,0.484289,0.0
2077359608,3,0.642959,-0.507414,-0.312726,0.480973,0.0
2077359618,3,0.643598,-0.509985,-0.311659,0.478083,0.0
2077359628,3,0.644246,-0.512254,-0.310347,0.475632,0.0
2077359639,3,0.644966,-0.514099,-0.308747,0.473703,0.0
2077359649,3,0.645814,-0.515431,-0.306863,0.472322,0.0
2077359659,3,0.646817,-0.5161,-0.304838,0.47153,0.0
2077359669,3,0.64799,-0.515988,-0.302821,0.471341,0.0
2077359679,3,0.649306,-0.515259,-0.3009,0.471559,0.0
2077359689,3,0.650747,-0.513931,-0.299116,0.472156,0.0
2077359699,3,0.652263,-0.512059,-0.297575,0.473071,0.0
2077359709,3,0.653758,-0.509881,-0.296275,0.474174,0.0
2077359719,3,0.655903,-0.510362,-0.291139,0.473876,0.0
2077359729,3,0.657872,-0.510053,-0.28701,0.473998,0.0
2077359739,3,0.659629,-0.509096,-0.28375,0.474547,0.0
2077359749,3,0.661209,-0.507696,-0.281138,0.475402,0.0
2077359759,3,0.662592,-0.506156,-0.279057,0.476342,0.0
2077359770,3,0.663943,-0.504584,-0.277312,0.477149,0.0
2077359780,3,0.665258,-0.502769,-0.276004,0.47799,0.0
2077359790,3,0.666564,-0.500769,-0.275106,0.478788,0.0
2077359800,3,0.667805,-0.498538,-0.274666,0.479639,0.0
2077359810,3,0.668894,-0.496123,-0.274629,0.480645,0.0
2077359820,3,0.669796,-0.493493,-0.274959,0.481906,0.0
2077359830,3,0.670519,-0.490714,-0.275687,0.483321,0.0
2077359840,3,0.671122,-0.487937,-0.276588,0.484778,0.0
2077359850,3,0.671541,-0.484985,-0.277715,0.486513,0.0
2077359860,3,0.671825,-0.482166,-0.278864,0.488263,0.0
2077359870,3,0.671931,-0.479497,-0.280054,0.490061,0.0
2077359880,3,0.671928,-0.477002,-0.281339,0.491762,0.0
2077359890,3,0.67196,-0.474609,-0.282723,0.493237,0.0
2077359901,3,0.671951,-0.472361,-0.284201,0.494555,0.0
2077359911,3,0.671807,-0.470223,-0.285905,0.495805,0.0
2077359921,3,0.67159,-0.468376,-0.287758,0.496774,0.0
2077359931,3,0.67124,-0.466683,-0.289735,0.49769,0.0
2077359941,3,0.670789,-0.465429,-0.291469,0.498459,0.0
2077359951,3,0.670256,-0.464959,-0.29271,0.498888,0.0
2077359961,3,0.669714,-0.465058,-0.293615,0.498992,0.0
2077359971,3,0.669073,-0.465549,-0.2943,0.49899,0.0
2077359981,3,0.668263,-0.466158,-0.294996,0.499096,0.0
2077359991,3,0.667231,-0.466799,-0.295773,0.499418,0.0
2077360001,3,0.665919,-0.467774,-0.296537,0.499804,0.0
2077360011,3,0.664351,-0.468837,-0.297453,0.500349,0.0
2077360021,3,0.662609,-0.469964,-0.298618,0.500908,0.0
2077360032,3,0.660635,-0.471073,-0.300149,0.501557,0.0
2077360042,3,0.658474,-0.472118,-0.30211,0.50224,0.0
2077360052,3,0.656238,-0.473342,-0.304341,0.502666,0.0
2077360062,3,0.654012,-0.47463,-0.306787,0.502866,0.0
2077360072,3,0.652211,-0.47717,-0.307851,0.502151,0.0
2077360082,3,0.650307,-0.47974,-0.309014,0.501457,0.0
2077360092,3,0.648322,-0.48225,-0.310266,0.500845,0.0
2077360102,3,0.646284,-0.484658,-0.311572,0.500344,0.0
2077360112,3,0.644216,-0.486967,-0.312942,0.499914,0.0
2077360122,3,0.642129,-0.489167,-0.314371,0.499555,0.0
2077360132,3,0.640011,-0.491389,-0.315832,0.49917,0.0
2077360142,3,0.638076,-0.494321,-0.316333,0.498434,0.0
2077360152,3,0.635885,-0.497241,-0.316715,0.498088,0.0
2077360162,3,0.633422,-0.499866,-0.317274,0.498243,0.0
2077360173,3,0.630672,-0.502272,-0.318017,0.498837,0.0
2077360183,3,0.627791,-0.504798,-0.318778,0.499437,0.0
2077360193,3,0.62484,-0.507181,-0.319627,0.50018,0.0
2077360203,3,0.621852,-0.509588,-0.320435,0.500939,0.0
2077360213,3,0.61886,-0.512172,-0.321014,0.501637,0.0
2077360223,3,0.615764,-0.514729,-0.321454,0.502547,0.0
2077360233,3,0.612585,-0.517555,-0.321647,0.503406,0.0
2077360243,3,0.609322,-0.520504,-0.321641,0.504329,0.0
2077360253,3,0.606072,-0.52345,-0.321522,0.505271,0.0
2077360263,3,0.602847,-0.526298,-0.321323,0.506295,0.0
2077360273,3,0.59972,-0.528962,-0.321007,0.507432,0.0
2077360283,3,0.596809,-0.531732,-0.320469,0.508309,0.0
2077360293,3,0.594232,-0.534528,-0.319623,0.508928,0.0
2077360304,3,0.592095,-0.537031,-0.318594,0.509428,0.0
2077360314,3,0.590393,-0.539226,-0.317406,0.509825,0.0
2077360324,3,0.589203,-0.541127,-0.31598,0.510074,0.0
2077360334,3,0.588504,-0.542685,-0.314347,0.510235,0.0
2077360344,3,0.588345,-0.54388,-0.312487,0.510289,0.0
2077360354,3,0.588774,-0.544617,-0.310544,0.510193,0.0
2077360364,3,0.589886,-0.544753,-0.308648,0.509915,0.0
2077360374,3,0.591634,-0.543827,-0.307143,0.509787,0.0
2077360384,3,0.593767,-0.542137,-0.305929,0.509837,0.0
2077360394,3,0.596227,-0.539725,-0.3051,0.510022,0.0
2077360404,3,0.598859,-0.536563,-0.304741,0.510489,0.0
2077360414,3,0.601556,-0.532914,-0.304842,0.51108,0.0
2077360424,3,0.60404,-0.528745,-0.305603,0.512024,0.0
2077360435,3,0.60627,-0.524274,-0.307174,0.513045,0.0
2077360445,3,0.608025,-0.519607,-0.309523,0.514303,0.0
2077360455,3,0.609197,-0.51483,-0.312776,0.51575,0.0
2077360465,3,0.609912,-0.510562,-0.316429,0.516919,0.0
2077360475,3,0.61056,-0.508931,-0.31758,0.517056,0.0
2077360485,3,0.610817,-0.507905,-0.318825,0.516994,0.0
2077360495,3,0.610699,-0.507527,-0.320138,0.516694,0.0
2077360505,3,0.610222,-0.507748,-0.321528,0.516178,0.0
2077360515,3,0.609372,-0.508473,-0.323052,0.515516,0.0
2077360525,3,0.608147,-0.507983,-0.326672,0.515164,0.0
2077360535,3,0.606427,-0.507981,-0.330203,0.514942,0.0
2077360545,3,0.604234,-0.508284,-0.333771,0.514921,0.0
2077360555,3,0.601654,-0.508968,-0.337178,0.515046,0.0
2077360566,3,0.598681,-0.510035,-0.34046,0.515296,0.0
2077360576,3,0.596047,-0.511863,-0.343038,0.514828,0.0
2077360586,3,0.593225,-0.513628,-0.345756,0.514511,0.0
2077360596,3,0.590261,-0.515509,-0.348519,0.514174,0.0
2077360606,3,0.587136,-0.517312,-0.351416,0.51397,0.0
2077360616,3,0.583876,-0.519095,-0.35441,0.513829,0.0
2077360626,3,0.580506,-0.52069,-0.357563,0.513849,0.0
2077360636,3,0.577026,-0.522112,-0.360851,0.514028,0.0
2077360646,3,0.573473,-0.523502,-0.364206,0.514224,0.0
2077360656,3,0.569882,-0.524666,-0.367652,0.514578,0.0
2077360666,3,0.566272,-0.525688,-0.371162,0.515001,0.0
2077360676,3,0.562921,-0.525928,-0.375588,0.51522,0.0
2077360686,3,0.55969,-0.526142,-0.379802,0.515432,0.0
2077360696,3,0.55654,-0.526426,-0.383824,0.515573,0.0
2077360707,3,0.553393,-0.526608,-0.387803,0.515798,0.0
2077360717,3,0.550253,-0.526867,-0.391746,0.515912,0.0
2077360727,3,0.547073,-0.527293,-0.395567,0.515944,0.0
2077360737,3,0.543844,-0.527811,-0.399241,0.515998,0.0
2077360747,3,0.540593,-0.528738,-0.402619,0.51584,0.0
2077360757,3,0.53733,-0.529899,-0.405693,0.51565,0.0
2077360767,3,0.534007,-0.531231,-0.408405,0.51559,0.0
2077360777,3,0.530708,-0.532492,-0.410832,0.515768,0.0
2077360787,3,0.527394,-0.533693,-0.412949,0.516235,0.0
2077360797,3,0.524153,-0.534685,-0.414781,0.517039,0.0
2077360807,3,0.521089,-0.535436,-0.416389,0.518066,0.0
2077360817,3,0.518178,-0.53594,-0.417763,0.519357,0.0
2077360827,3,0.515524,-0.536076,-0.418917,0.520926,0.0
2077360838,3,0.513222,-0.535838,-0.419889,0.522658,0.0
2077360848,3,0.511553,-0.535344,-0.420681,0.524162,0.0
2077360858,3,0.51053,-0.534424,-0.421388,0.525529,0.0
2077360868,3,0.510108,-0.532994,-0.422084,0.526831,0.0
2077360878,3,0.510193,-0.531031,-0.422905,0.528071,0.0
2077360888,3,0.510758,-0.528734,-0.423808,0.529104,0.0
2077360898,3,0.511714,-0.526253,-0.424778,0.529876,0.0
2077360908,3,0.512982,-0.523415,-0.425858,0.530594,0.0
2077360918,3,0.514513,-0.520426,-0.426992,0.53114,0.0
2077360928,3,0.516291,-0.517485,-0.428087,0.531406,0.0
2077360938,3,0.518344,-0.514426,-0.429209,0.531473,0.0
2077360948,3,0.520737,-0.511266,-0.430245,0.531344,0.0
2077360958,3,0.521386,-0.508317,-0.430798,0.533087,0.0
2077360969,3,0.522319,-0.505578,-0.431148,0.534492,0.0
2077360979,3,0.523548,-0.502937,-0.431373,0.5356,0.0
2077360989,3,0.52504,-0.500278,-0.431526,0.536506,0.0
2077360999,3,0.526788,-0.497802,-0.431549,0.537076,0.0
2077361009,3,0.528731,-0.495369,-0.431524,0.537437,0.0
2077361019,3,0.53085,-0.492885,-0.431454,0.537688,0.0
2077361029,3,0.537009,-0.489109,-0.433078,0.533699,0.0
2077361039,3,0.543167,-0.485315,-0.434732,0.529571,0.0
2077361049,3,0.549239,-0.481511,-0.436409,0.525385,0.0
2077361059,3,0.555066,-0.477453,-0.438251,0.521416,0.0
2077361069,3,0.560539,-0.473511,-0.440101,0.517583,0.0
2077361079,3,0.56563,-0.469842,-0.442033,0.513728,0.0
2077361089,3,0.570246,-0.466372,-0.444074,0.510013,0.0
2077361100,3,0.574423,-0.463197,-0.446157,0.506388,0.0
2077361110,3,0.57815,-0.460385,-0.448315,0.502792,0.0
2077361120,3,0.581355,-0.45788,-0.450595,0.499333,0.0
2077361130,3,0.584139,-0.456046,-0.452846,0.495713,0.0
2077361140,3,0.586503,-0.454731,-0.45511,0.492042,0.0
2077361150,3,0.588469,-0.453846,-0.457429,0.488349,0.0
2077361160,3,0.588374,-0.455305,-0.457801,0.486755,0.0
2077361170,3,0.589711,-0.455214,-0.46016,0.482982,0.0
2077361180,3,0.590743,-0.455633,-0.462519,0.479057,0.0
2077361190,3,0.591374,-0.456447,-0.464922,0.475161,0.0
2077361200,3,0.591533,-0.457585,-0.467424,0.4714,0.0
2077361210,3,0.591105,-0.459159,-0.470078,0.467753,0.0
2077361220,3,0.590021,-0.460917,-0.472928,0.464509,0.0
2077361231,3,0.588217,-0.462846,-0.476039,0.461693,0.0
2077361241,3,0.5857,-0.464941,-0.479354,0.459351,0.0
2077361251,3,0.582606,-0.467361,-0.482716,0.457304,0.0
2077361261,3,0.579048,-0.470134,-0.486104,0.455388,0.0
2077361271,3,0.57521,-0.473389,-0.489349,0.4534,0.0
2077361281,3,0.571105,-0.476827,-0.492392,0.45169,0.0
2077361291,3,0.566704,-0.480516,-0.495148,0.450308,0.0
2077361301,3,0.562897,-0.483991,-0.497986,0.448228,0.0
2077361311,3,0.558972,-0.487345,-0.500867,0.446291,0.0
2077361321,3,0.554912,-0.490643,-0.503782,0.444458,0.0
2077361331,3,0.550759,-0.494039,-0.506699,0.442542,0.0
2077361341,3,0.545021,-0.498709,-0.508229,0.442654,0.0
2077361351,3,0.539365,-0.503577,-0.509524,0.442583,0.0
2077361361,3,0.53389,-0.508735,-0.51054,0.442149,0.0
2077361372,3,0.528468,-0.514,-0.511395,0.441587,0.0
2077361382,3,0.523175,-0.519389,-0.512122,0.44074,0.0
2077361392,3,0.517775,-0.524665,-0.512902,0.43996,0.0
2077361402,3,0.512302,-0.529827,-0.513719,0.439228,0.0
2077361412,3,0.506707,-0.534789,-0.514651,0.438613,0.0
2077361422,3,0.500918,-0.53954,-0.515826,0.438064,0.0
2077361432,3,0.495136,-0.544437,-0.517009,0.437182,0.0
2077361442,3,0.489459,-0.549303,-0.518252,0.436015,0.0
2077361452,3,0.483801,-0.553823,-0.519883,0.434668,0.0
2077361462,3,0.478263,-0.557945,-0.521733,0.433307,0.0
2077361472,3,0.472894,-0.561881,-0.523434,0.43206,0.0
2077361482,3,0.467706,-0.565962,-0.524772,0.430755,0.0
2077361492,3,0.462431,-0.569926,-0.525897,0.429852,0.0
2077361503,3,0.457293,-0.573807,-0.526913,0.42894,0.0
2077361513,3,0.452145,-0.577417,-0.528042,0.428164,0.0
2077361523,3,0.446924,-0.580964,-0.52932,0.427268,0.0
2077361533,3,0.441623,-0.58432,-0.530788,0.426381,0.0
2077361543,3,0.436156,-0.58734,-0.532476,0.425754,0.0
2077361553,3,0.430511,-0.590452,-0.534281,0.424934,0.0
2077361563,3,0.424778,-0.593596,-0.536178,0.423932,0.0
2077361573,3,0.418795,-0.596537,-0.538311,0.423054,0.0
2077361583,3,0.412504,-0.599376,-0.540541,0.422377,0.0
2077361593,3,0.405999,-0.602413,-0.542698,0.421593,0.0
2077361603,3,0.399321,-0.605779,-0.544798,0.420438,0.0
2077361613,3,0.392586,-0.609415,-0.546801,0.418923,0.0
2077361623,3,0.385806,-0.612916,-0.548748,0.417566,0.0
2077361634,3,0.379147,-0.616496,-0.550478,0.416115,0.0
2077361644,3,0.372506,-0.620143,-0.552032,0.414633,0.0
2077361654,3,0.365936,-0.624006,-0.553304,0.412988,0.0
2077361664,3,0.359342,-0.627953,-0.554401,0.411323,0.0
2077361674,3,0.352798,-0.631963,-0.555415,0.409474,0.0
2077361684,3,0.346334,-0.635921,-0.55636,0.407577,0.0
2077361694,3,0.339899,-0.640175,-0.556958,0.405512,0.0
2077361704,3,0.332193,-0.641909,-0.559879,0.405134,0.0
2077361714,3,0.32451,-0.643886,-0.562446,0.40467,0.0
2077361724,3,0.316779,-0.64615,-0.564597,0.404189,0.0
2077361734,3,0.30906,-0.648624,-0.566271,0.403862,0.0
2077361744,3,0.301499,-0.650902,-0.567582,0.404071,0.0
2077361754,3,0.29421,-0.652861,-0.56871,0.404699,0.0
2077361765,3,0.286879,-0.660477,-0.563648,0.404685,0.0
2077361775,3,0.279348,-0.667259,-0.55891,0.405399,0.0
2077361785,3,0.271793,-0.672702,-0.555217,0.406611,0.0
2077361795,3,0.26487,-0.676932,-0.552842,0.407395,0.0
2077361805,3,0.259556,-0.680449,-0.551393,0.40692,0.0
2077361815,3,0.255711,-0.683651,-0.550262,0.405516,0.0
2077361825,3,0.252814,-0.686706,-0.549031,0.403836,0.0
2077361835,3,0.250553,-0.689413,-0.547768,0.402346,0.0
2077361845,3,0.248937,-0.691693,-0.546701,0.400883,0.0
2077361855,3,0.24803,-0.693582,-0.54599,0.399148,0.0
2077361865,3,0.247714,-0.695023,-0.545772,0.39713,0.0
2077361875,3,0.247709,-0.695789,-0.546168,0.395242,0.0
2077361885,3,0.247815,-0.695866,-0.547236,0.39356,0.0
2077361895,3,0.247931,-0.695247,-0.54912,0.391954,0.0
2077361906,3,0.24799,-0.694166,-0.551665,0.390255,0.0
2077361916,3,0.248071,-0.692858,-0.55461,0.388349,0.0
2077361926,3,0.248098,-0.691476,-0.557819,0.386192,0.0
2077361936,3,0.247839,-0.690166,-0.561155,0.383861,0.0
2077361946,3,0.247233,-0.689149,-0.564436,0.38126,0.0
2077361956,3,0.246193,-0.688323,-0.567739,0.378513,0.0
2077361966,3,0.244686,-0.687608,-0.571068,0.375771,0.0
2077361976,3,0.242737,-0.687056,-0.574386,0.372977,0.0
2077361986,3,0.240334,-0.686652,-0.577678,0.370182,0.0
2077361996,3,0.235221,-0.686665,-0.580017,0.369785,0.0
2077362006,3,0.229557,-0.686572,-0.582472,0.369658,0.0
2077362016,3,0.223483,-0.686542,-0.584931,0.369553,0.0
2077362026,3,0.217064,-0.686651,-0.587302,0.369415,0.0
2077362037,3,0.210363,-0.68685,-0.589622,0.369226,0.0
2077362047,3,0.203453,-0.68714,-0.591925,0.368875,0.0
2077362057,3,0.198979,-0.689196,-0.593296,0.365259,0.0
2077362067,3,0.194244,-0.691307,-0.594447,0.361932,0.0
2077362077,3,0.189343,-0.69355,-0.595286,0.358846,0.0
2077362087,3,0.184349,-0.695903,-0.595842,0.355956,0.0
2077362097,3,0.179317,-0.698377,-0.596156,0.353144,0.0
2077362107,3,0.174336,-0.700814,-0.596321,0.350522,0.0
2077362117,3,0.169435,-0.70308,-0.596409,0.348231,0.0
2077362127,3,0.164693,-0.705305,-0.596544,0.345767,0.0
2077362137,3,0.16018,-0.707484,-0.596759,0.343055,0.0
2077362147,3,0.155778,-0.709317,-0.59708,0.340729,0.0
2077362157,3,0.151578,-0.710915,-0.59757,0.338426,0.0
2077362168,3,0.147592,-0.712125,-0.598371,0.336223,0.0
2077362178,3,0.143648,-0.712824,-0.599609,0.334238,0.0
2077362188,3,0.139929,-0.712922,-0.601558,0.332098,0.0
2077362198,3,0.136345,-0.712349,-0.60424,0.329942,0.0
2077362208,3,0.132899,-0.711683,-0.607193,0.327354,0.0
2077362218,3,0.129643,-0.710972,-0.610367,0.324286,0.0
2077362228,3,0.126333,-0.710225,-0.613506,0.321294,0.0
2077362238,3,0.122915,-0.709575,-0.616516,0.31828,0.0
2077362248,3,0.119458,-0.709175,-0.619325,0.315015,0.0
2077362258,3,0.115981,-0.709115,-0.621892,0.311372,0.0
2077362268,3,0.112352,-0.709368,-0.624164,0.307558,0.0
2077362278,3,0.10847,-0.709741,-0.626156,0.30402,0.0
2077362288,3,0.104355,-0.71013,-0.62795,0.300836,0.0
2077362299,3,0.100016,-0.710702,-0.629342,0.298038,0.0
2077362309,3,0.095674,-0.711594,-0.630423,0.295035,0.0
2077362319,3,0.091568,-0.712919,-0.63117,0.29152,0.0
2077362329,3,0.087713,-0.714449,-0.631687,0.287818,0.0
2077362339,3,0.084117,-0.715984,-0.632113,0.284119,0.0
2077362349,3,0.080819,-0.717468,-0.632435,0.280594,0.0
2077362359,3,0.07819,-0.719009,-0.632768,0.276616,0.0
2077362369,3,0.076069,-0.720168,-0.63353,0.272415,0.0
2077362379,3,0.073551,-0.720872,-0.634527,0.268901,0.0
2077362389,3,0.070428,-0.722085,-0.634921,0.265533,0.0
2077362399,3,0.066836,-0.723759,-0.634637,0.262564,0.0
2077362409,3,0.062914,-0.7253,-0.634447,0.259724,0.0
2077362419,3,0.058485,-0.726025,-0.634971,0.257444,0.0
2077362429,3,0.053479,-0.726329,-0.635804,0.255613,0.0
2077362440,3,0.047855,-0.727172,-0.635929,0.254015,0.0
2077362450,3,0.041848,-0.728459,-0.635472,0.252529,0.0
2077362460,3,0.03543,-0.73006,-0.634563,0.251168,0.0
2077362470,3,0.028665,-0.731949,-0.633206,0.249955,0.0
2077362480,3,0.021687,-0.73359,-0.631917,0.249109,0.0
2077362490,3,0.014674,-0.734781,-0.630988,0.248465,0.0
2077362500,3,0.008,-0.735595,-0.630484,0.247637,0.0
2077362510,3,0.002429,-0.736107,-0.630647,0.245812,0.0
2077362520,3,-0.001843,-0.735933,-0.632054,0.242704,0.0
2077362530,3,-0.005588,-0.735891,-0.633507,0.238957,0.0
2077362540,3,-0.008993,-0.736079,-0.634771,0.234885,0.0
2077362550,3,-0.012393,-0.736599,-0.635562,0.230928,0.0
2077362560,3,-0.01571,-0.73764,-0.635857,0.22655,0.0
2077362571,3,-0.019079,-0.738985,-0.635661,0.222418,0.0
2077362581,3,-0.022576,-0.740409,-0.635272,0.218432,0.0
2077362591,3,-0.026172,-0.741784,-0.634843,0.214577,0.0
2077362601,3,-0.032094,-0.741628,-0.635035,0.213743,0.0
2077362611,3,-0.037591,-0.741585,-0.635228,0.212419,0.0
2077362621,3,-0.042895,-0.741504,-0.635405,0.211163,0.0
2077362631,3,-0.047908,-0.7414,-0.635589,0.209896,0.0
2077362641,3,-0.05277,-0.741301,-0.635755,0.208572,0.0
2077362651,3,-0.057588,-0.741387,-0.63581,0.206816,0.0
2077362661,3,-0.062304,-0.741748,-0.635679,0.204546,0.0
2077362671,3,-0.066861,-0.742325,-0.635366,0.201971,0.0
2077362681,3,-0.071293,-0.743064,-0.634904,0.199172,0.0
2077362691,3,-0.075538,-0.744043,-0.634284,0.195896,0.0
2077362702,3,-0.0797,-0.745223,-0.633467,0.192377,0.0
2077362712,3,-0.083703,-0.746561,-0.632474,0.188723,0.0
2077362722,3,-0.08777,-0.748084,-0.631215,0.185018,0.0
2077362732,3,-0.0915,-0.749879,-0.629898,0.180378,0.0
2077362742,3,-0.0952,-0.751961,-0.62832,0.175225,0.0
2077362752,3,-0.099302,-0.754272,-0.626227,0.170443,0.0
2077362762,3,-0.103393,-0.756784,-0.62382,0.165638,0.0
2077362772,3,-0.107481,-0.759496,-0.621133,0.160647,0.0
2077362782,3,-0.111693,-0.762371,-0.618173,0.155488,0.0
2077362792,3,-0.115889,-0.765428,-0.614993,0.149909,0.0
2077362802,3,-0.120224,-0.768579,-0.611559,0.144318,0.0
2077362812,3,-0.124553,-0.771879,-0.607906,0.13834,0.0
2077362822,3,-0.12884,-0.77532,-0.604065,0.131848,0.0
2077362833,3,-0.133233,-0.77884,-0.599986,0.125188,0.0
2077362843,3,-0.137671,-0.782493,-0.595603,0.118347,0.0
2077362853,3,-0.142086,-0.786344,-0.590821,0.111375,0.0
2077362863,3,-0.146325,-0.790519,-0.585554,0.103893,0.0
2077362873,3,-0.150212,-0.79505,-0.57978,0.095837,0.0
2077362883,3,-0.154016,-0.799911,-0.573308,0.087965,0.0
2077362893,3,-0.157554,-0.805221,-0.56608,0.079668,0.0
2077362903,3,-0.160853,-0.810943,-0.558066,0.071128,0.0
2077362913,3,-0.163755,-0.817039,-0.54937,0.061823,0.0
2077362923,3,-0.166516,-0.823541,-0.539755,0.052102,0.0
2077362933,3,-0.169396,-0.830505,-0.528926,0.042453,0.0
2077362943,3,-0.172206,-0.837937,-0.516901,0.031906,0.0
2077362953,3,-0.175119,-0.845886,-0.503369,0.020681,0.0
2077362963,3,-0.17798,-0.854144,-0.488554,0.008693,0.0
2077362974,3,0.180955,0.862428,0.472715,0.003389,0.0
2077362984,3,0.184,0.870455,0.456303,0.015456,0.0
2077362994,3,0.186984,0.878093,0.439568,0.027699,0.0
2077363004,3,0.190222,0.885275,0.422573,0.039183,0.0
2077363014,3,0.193682,0.891876,0.405604,0.05029,0.0
2077363024,3,0.197418,0.897872,0.38871,0.061274,0.0
2077363034,3,0.201335,0.903264,0.371959,0.072267,0.0
2077363044,3,0.205288,0.908086,0.355356,0.083407,0.0
2077363054,3,0.209348,0.912391,0.338587,0.095256,0.0
2077363064,3,0.213472,0.916333,0.321136,0.107857,0.0
2077363074,3,0.217457,0.920021,0.302266,0.122099,0.0
2077363084,3,0.221275,0.923382,0.281729,0.137949,0.0
2077363094,3,0.224827,0.926371,0.25999,0.153923,0.0
2077363105,3,0.227591,0.929031,0.236673,0.17055,0.0
2077363115,3,0.2296,0.931395,0.210955,0.187841,0.0
2077363125,3,0.230881,0.933404,0.183618,0.204289,0.0
2077363135,3,0.231761,0.935451,0.157086,0.215732,0.0
2077363145,3,0.233566,0.937113,0.133431,0.222396,0.0
2077363155,3,0.238234,0.937926,0.113482,0.225077,0.0
2077363165,3,0.246596,0.937375,0.097135,0.226013,0.0
2077363175,3,0.258201,0.935403,0.083259,0.226758,0.0
2077363185,3,0.271908,0.932397,0.070747,0.227368,0.0
2077363195,3,0.28635,0.928678,0.059798,0.227999,0.0
2077363205,3,0.300737,0.924481,0.050563,0.228767,0.0
2077363215,3,0.315084,0.919975,0.042535,0.229256,0.0
2077363225,3,0.328971,0.914311,0.034195,0.233757,0.0
2077363236,3,0.343223,0.908003,0.026919,0.238751,0.0
2077363246,3,0.357627,0.902683,0.017577,0.238654,0.0
2077363256,3,0.371611,0.897112,0.007594,0.238823,0.0
2077363266,3,0.385096,0.89125,-0.002794,0.239508,0.0
2077363276,3,0.398465,0.884845,-0.013286,0.241031,0.0
2077363286,3,0.411766,0.878191,-0.023735,0.24221,0.0
2077363296,3,0.425031,0.871395,-0.034108,0.2426,0.0
2077363306,3,0.438437,0.863976,-0.044092,0.243667,0.0
2077363316,3,0.451806,0.856148,-0.053891,0.244899,0.0
2077363326,3,0.465223,0.847793,-0.063384,0.246568,0.0
2077363336,3,0.478443,0.83926,-0.072983,0.247802,0.0
2077363346,3,0.491506,0.830449,-0.082603,0.248903,0.0
2077363356,3,0.504441,0.821294,-0.09212,0.250054,0.0
2077363367,3,0.51701,0.812133,-0.10192,0.250502,0.0
2077363377,3,0.529447,0.80264,-0.111481,0.251047,0.0
2077363387,3,0.541745,0.792828,-0.120728,0.251712,0.0
2077363397,3,0.553836,0.782757,-0.129494,0.25256,0.0
2077363407,3,0.565688,0.772483,-0.137667,0.253601,0.0
2077363417,3,0.577219,0.762092,-0.145096,0.254913,0.0
2077363427,3,0.588218,0.751795,-0.152123,0.256243,0.0
2077363437,3,0.598647,0.741629,-0.158761,0.257684,0.0
2077363447,3,0.608787,0.731318,-0.164481,0.2598,0.0
2077363457,3,0.618588,0.720954,-0.169323,0.262494,0.0
2077363467,3,0.628183,0.710626,-0.172912,0.265511,0.0
2077363477,3,0.637447,0.700439,-0.175719,0.268641,0.0
2077363487,3,0.646566,0.690416,-0.177237,0.27178,0.0
2077363497,3,0.655267,0.680739,-0.178235,0.274682,0.0
2077363508,3,0.663742,0.671187,-0.178482,0.277664,0.0
2077363518,3,0.671855,0.661969,-0.178366,0.280342,0.0
2077363528,3,0.67956,0.653101,-0.178088,0.282736,0.0
2077363538,3,0.686959,0.644583,-0.177429,0.284811,0.0
2077363548,3,0.694116,0.636429,-0.17636,0.286454,0.0
2077363558,3,0.701105,0.628594,-0.174849,0.287658,0.0
2077363568,3,0.709705,0.620478,-0.167595,0.288506,0.0
2077363578,3,0.717615,0.612604,-0.161332,0.289334,0.0
2077363588,3,0.724977,0.605216,-0.156003,0.289454,0.0
2077363598,3,0.731943,0.597976,-0.150908,0.289671,0.0
2077363608,3,0.738441,0.590865,-0.146485,0.290039,0.0
2077363618,3,0.744617,0.584214,-0.142569,0.289676,0.0
2077363628,3,0.750365,0.577888,-0.138961,0.289285,0.0
2077363639,3,0.755673,0.571908,-0.135511,0.28899,0.0
2077363649,3,0.760534,0.566082,-0.131983,0.289341,0.0
2077363659,3,0.764951,0.560697,-0.128628,0.289694,0.0
2077363669,3,0.768993,0.555327,-0.124879,0.290975,0.0
2077363679,3,0.772895,0.550107,-0.120654,0.292329,0.0
2077363689,3,0.776622,0.544899,-0.115969,0.294097,0.0
2077363699,3,0.780116,0.540018,-0.111845,0.295448,0.0
2077363709,3,0.783752,0.534964,-0.107208,0.296734,0.0
2077363719,3,0.787814,0.5294,-0.101959,0.297805,0.0
2077363729,3,0.792349,0.523264,-0.096419,0.298462,0.0
2077363739,3,0.797337,0.516439,-0.090708,0.298856,0.0
2077363749,3,0.802703,0.508672,-0.084584,0.299609,0.0
2077363759,3,0.80845,0.499569,-0.077278,0.301441,0.0
2077363770,3,0.814404,0.489247,-0.068823,0.304378,0.0
2077363780,3,0.819348,0.476885,-0.059622,0.312559,0.0
2077363790,3,0.823957,0.463557,-0.049837,0.322063,0.0
2077363800,3,0.829463,0.450103,-0.038817,0.328468,0.0
2077363810,3,0.834599,0.435308,-0.026505,0.336522,0.0
2077363820,3,0.839077,0.419434,-0.013417,0.346184,0.0
2077363830,3,0.842635,0.40272,0.0,0.357464,0.0
2077363840,3,0.845289,0.384672,0.014529,0.370542,0.0
2077363850,3,0.84695,0.365625,0.029639,0.384855,0.0
2077363860,3,0.847546,0.3464,0.044698,0.399591,0.0
2077363870,3,0.847613,0.326539,0.061429,0.413702,0.0
2077363880,3,0.848176,0.303826,0.08283,0.42594,0.0
2077363890,3,0.848011,0.280221,0.103837,0.437686,0.0
2077363901,3,0.842001,0.258051,0.118658,0.458653,0.0
2077363911,3,0.835964,0.234789,0.133048,0.477844,0.0
2077363921,3,0.835333,0.210183,0.148058,0.485921,0.0
2077363931,3,0.835147,0.185624,0.16105,0.492071,0.0
2077363941,3,0.834911,0.16274,0.170808,0.497254,0.0
2077363951,3,0.834816,0.140769,0.178447,0.501419,0.0
2077363961,3,0.83455,0.119847,0.18377,0.505362,0.0
2077363971,3,0.834048,0.100232,0.186763,0.509348,0.0
2077363981,3,0.833247,0.081334,0.188373,0.513418,0.0
2077363991,3,0.831903,0.063517,0.188573,0.518018,0.0
2077364001,3,0.830109,0.046305,0.18778,0.522984,0.0
2077364011,3,0.82797,0.030351,0.18528,0.528407,0.0
2077364021,3,0.82584,0.014252,0.182084,0.533507,0.0
2077364031,3,0.823776,-0.001208,0.177324,0.538466,0.0
2077364042,3,0.821783,-0.015721,0.17102,0.543301,0.0
2077364052,3,0.819958,-0.02948,0.163912,0.54766,0.0
2077364062,3,0.818528,-0.042158,0.15576,0.551337,0.0
2077364072,3,0.817635,-0.053358,0.146291,0.554277,0.0
2077364082,3,0.817138,-0.063749,0.136407,0.556429,0.0
2077364092,3,0.817799,-0.06949,0.119931,0.558562,0.0
2077364102,3,0.8192,-0.076492,0.10503,0.558595,0.0
2077364112,3,0.818677,-0.087711,0.097286,0.559115,0.0
2077364122,3,0.818062,-0.098263,0.08938,0.559579,0.0
2077364132,3,0.81737,-0.108157,0.081023,0.560038,0.0
2077364142,3,0.816548,-0.117472,0.072256,0.56056,0.0
2077364152,3,0.815526,-0.1266,0.063412,0.56113,0.0
2077364162,3,0.814318,-0.135782,0.05466,0.561658,0.0
2077364173,3,0.813025,-0.145017,0.046019,0.561997,0.0
2077364183,3,0.811757,-0.154302,0.037419,0.561997,0.0
2077364193,3,0.810583,-0.1637,0.028895,0.561534,0.0
2077364203,3,0.809511,-0.173186,0.020367,0.560608,0.0
2077364213,3,0.808541,-0.182662,0.011787,0.559246,0.0
2077364223,3,0.807561,-0.192345,0.003351,0.557527,0.0
2077364233,3,0.806483,-0.201996,-0.005037,0.555658,0.0
2077364243,3,0.80526,-0.211088,-0.01375,0.553902,0.0
2077364253,3,0.803841,-0.220103,-0.022477,0.552167,0.0
2077364263,3,0.802248,-0.228525,-0.03163,0.550611,0.0
2077364273,3,0.800504,-0.236743,-0.041158,0.549045,0.0
2077364283,3,0.798626,-0.244358,-0.051433,0.547576,0.0
2077364293,3,0.796641,-0.251435,-0.062298,0.546132,0.0
2077364304,3,0.79452,-0.258432,-0.073552,0.544554,0.0
2077364314,3,0.792287,-0.264965,-0.085433,0.542931,0.0
2077364324,3,0.789952,-0.270814,-0.09795,0.541331,0.0
2077364334,3,0.787524,-0.276594,-0.110579,0.539512,0.0
2077364344,3,0.784994,-0.281994,-0.123465,0.537605,0.0
2077364354,3,0.781886,-0.290597,-0.133881,0.535054,0.0
2077364364,3,0.777112,-0.304441,-0.139097,0.532976,0.0
2077364374,3,0.77229,-0.314955,-0.147199,0.531698,0.0
2077364384,3,0.766464,-0.324984,-0.158335,0.530893,0.0
2077364394,3,0.760643,-0.334376,-0.168916,0.53017,0.0
2077364404,3,0.755664,-0.34196,-0.178157,0.529427,0.0
2077364414,3,0.751436,-0.3473,-0.186739,0.529012,0.0
2077364424,3,0.747697,-0.350634,-0.195027,0.52912,0.0
2077364435,3,0.74448,-0.354092,-0.200628,0.529259,0.0
2077364445,3,0.741176,-0.355967,-0.203273,0.531624,0.0
2077364455,3,0.738481,-0.355579,-0.203661,0.535472,0.0
2077364465,3,0.735557,-0.355631,-0.204926,0.538968,0.0
2077364475,3,0.732774,-0.355505,-0.206621,0.542185,0.0
2077364485,3,0.730211,-0.355342,-0.208022,0.545206,0.0
2077364495,3,0.727965,-0.354808,-0.20917,0.54811,0.0
2077364505,3,0.726206,-0.353221,-0.210366,0.551004,0.0
2077364515,3,0.724518,-0.350578,-0.211283,0.55455,0.0
2077364525,3,0.722868,-0.34775,-0.212383,0.558053,0.0
2077364535,3,0.72115,-0.345128,-0.213724,0.561382,0.0
2077364545,3,0.719227,-0.342918,-0.215329,0.564581,0.0
2077364555,3,0.717273,-0.340952,-0.217394,0.567459,0.0
2077364565,3,0.715284,-0.33898,-0.219774,0.570227,0.0
2077364576,3,0.713282,-0.336933,-0.222264,0.572977,0.0
2077364586,3,0.711101,-0.334858,-0.22473,0.575934,0.0
2077364596,3,0.706493,-0.329831,-0.230384,0.582237,0.0
2077364606,3,0.703832,-0.327748,-0.232904,0.585624,0.0
2077364616,3,0.700962,-0.325762,-0.235459,0.589142,0.0
2077364626,3,0.698045,-0.323717,-0.237868,0.592755,0.0
2077364636,3,0.693595,-0.319114,-0.243369,0.598216,0.0
2077364646,3,0.688961,-0.315098,-0.248353,0.603627,0.0
2077364656,3,0.685422,-0.31453,-0.250261,0.607154,0.0
2077364666,3,0.68154,-0.314436,-0.25236,0.610693,0.0
2077364676,3,0.677684,-0.315008,-0.254903,0.613626,0.0
2077364686,3,0.674256,-0.317947,-0.258599,0.614339,0.0
2077364696,3,0.671223,-0.32287,-0.263176,0.613149,0.0
2077364707,3,0.66924,-0.324162,-0.267683,0.612684,0.0
2077364717,3,0.667611,-0.324727,-0.268384,0.613853,0.0
2077364727,3,0.665421,-0.322486,-0.269546,0.616896,0.0
2077364737,3,0.660011,-0.319147,-0.272198,0.623247,0.0
2077364747,3,0.65312,-0.31669,-0.275638,0.63021,0.0
2077364757,3,0.647371,-0.315741,-0.278726,0.635239,0.0
2077364767,3,0.643086,-0.315476,-0.280981,0.63872,0.0
2077364777,3,0.63956,-0.315061,-0.282739,0.641683,0.0
2077364787,3,0.63633,-0.314707,-0.284092,0.644463,0.0
2077364797,3,0.63326,-0.314276,-0.285395,0.647118,0.0
2077364807,3,0.630601,-0.313956,-0.286794,0.649247,0.0
2077364817,3,0.628354,-0.31376,-0.288281,0.650859,0.0
2077364827,3,0.6263,-0.313276,-0.290018,0.652299,0.0
2077364838,3,0.624107,-0.312406,-0.292147,0.653866,0.0
2077364848,3,0.621877,-0.311584,-0.294426,0.655359,0.0
2077364858,3,0.619843,-0.31102,-0.296519,0.65661,0.0
2077364868,3,0.618131,-0.31084,-0.298267,0.657517,0.0
2077364878,3,0.616479,-0.311112,-0.299562,0.65835,0.0
2077364888,3,0.614206,-0.313021,-0.29933,0.659673,0.0
2077364898,3,0.612643,-0.314878,-0.299179,0.660311,0.0
2077364908,3,0.611647,-0.31523,-0.300339,0.66054,0.0
2077364918,3,0.610677,-0.314391,-0.302598,0.660806,0.0
2077364928,3,0.610161,-0.313154,-0.305486,0.660542,0.0
2077364938,3,0.610126,-0.313293,-0.307396,0.659621,0.0
2077364948,3,0.610608,-0.314034,-0.308732,0.658197,0.0
2077364958,3,0.610973,-0.314664,-0.309867,0.657023,0.0
2077364969,3,0.610805,-0.315109,-0.311014,0.656424,0.0
2077364979,3,0.610419,-0.315646,-0.312158,0.655981,0.0
2077364989,3,0.610298,-0.316612,-0.313039,0.655208,0.0
2077364999,3,0.610406,-0.317714,-0.313728,0.654245,0.0
2077365009,3,0.610674,-0.319053,-0.3141,0.653163,0.0
2077365019,3,0.610922,-0.320484,-0.31439,0.65209,0.0
2077365029,3,0.611025,-0.321859,-0.314663,0.651184,0.0
2077365039,3,0.610879,-0.323199,-0.31496,0.650513,0.0
2077365049,3,0.610519,-0.324603,-0.315351,0.649963,0.0
2077365059,3,0.609999,-0.325867,-0.315813,0.649594,0.0
2077365069,3,0.609368,-0.327054,-0.316286,0.649359,0.0
2077365079,3,0.608596,-0.328144,-0.316686,0.649338,0.0
2077365089,3,0.607685,-0.329047,-0.31719,0.649488,0.0
2077365099,3,0.606803,-0.329872,-0.317826,0.649584,0.0
2077365110,3,0.606048,-0.330409,-0.318648,0.649613,0.0
2077365120,3,0.605568,-0.330991,-0.319458,0.649367,0.0
2077365130,3,0.605252,-0.331439,-0.320283,0.649027,0.0
2077365140,3,0.604958,-0.331877,-0.321101,0.648673,0.0
2077365150,3,0.604655,-0.33221,-0.322054,0.648312,0.0
2077365160,3,0.604399,-0.332189,-0.323276,0.647953,0.0
2077365170,3,0.604269,-0.331959,-0.324761,0.647449,0.0
2077365180,3,0.604236,-0.331839,-0.326304,0.646766,0.0
2077365190,3,0.604231,-0.331693,-0.327866,0.646054,0.0
2077365200,3,0.604262,-0.331675,-0.329364,0.645273,0.0
2077365210,3,0.604161,-0.331543,-0.330807,0.644696,0.0
2077365220,3,0.60388,-0.331468,-0.332196,0.644283,0.0
2077365230,3,0.60354,-0.331724,-0.333432,0.643833,0.0
2077365241,3,0.603076,-0.332086,-0.334569,0.643491,0.0
2077365251,3,0.602258,-0.333015,-0.335139,0.64348,0.0
2077365261,3,0.601092,-0.334158,-0.335412,0.643836,0.0
2077365271,3,0.600024,-0.33518,-0.335583,0.64421,0.0
2077365281,3,0.599339,-0.335869,-0.33575,0.644403,0.0
2077365291,3,0.599076,-0.336269,-0.336119,0.644247,0.0
2077365301,3,0.599167,-0.336276,-0.336706,0.643852,0.0
2077365311,3,0.599451,-0.335691,-0.337698,0.643372,0.0
2077365321,3,0.599846,-0.334289,-0.339535,0.642768,0.0
2077365331,3,0.600418,-0.33209,-0.342509,0.641794,0.0
2077365341,3,0.600793,-0.330156,-0.345761,0.640696,0.0
2077365351,3,0.600668,-0.328495,-0.349036,0.639891,0.0
2077365361,3,0.599885,-0.327057,-0.352297,0.639575,0.0
2077365372,3,0.598577,-0.32637,-0.355097,0.639603,0.0
2077365382,3,0.597417,-0.326229,-0.35731,0.639528,0.0
2077365392,3,0.596711,-0.326597,-0.358928,0.639092,0.0
2077365402,3,0.596196,-0.327189,-0.360112,0.638604,0.0
2077365412,3,0.595615,-0.327869,-0.361095,0.638243,0.0
2077365422,3,0.595283,-0.328957,-0.361704,0.637647,0.0
2077365432,3,0.595037,-0.330061,-0.362123,0.637069,0.0
2077365442,3,0.594944,-0.331611,-0.362269,0.636266,0.0
2077365452,3,0.594793,-0.33331,-0.362298,0.635503,0.0
2077365462,3,0.594438,-0.334867,-0.362376,0.634972,0.0
2077365472,3,0.593899,-0.336622,-0.36232,0.634581,0.0
2077365482,3,0.593196,-0.33836,-0.362282,0.634336,0.0
2077365492,3,0.592364,-0.340261,-0.362132,0.634181,0.0
2077365503,3,0.591438,-0.342005,-0.361937,0.634219,0.0
2077365513,3,0.590524,-0.343589,-0.36162,0.634395,0.0
2077365523,3,0.589735,-0.345217,-0.361177,0.634497,0.0
2077365533,3,0.58902,-0.346643,-0.360742,0.634632,0.0
2077365543,3,0.588165,-0.347822,-0.360427,0.634959,0.0
2077365553,3,0.587231,-0.34889,-0.36029,0.635314,0.0
2077365563,3,0.586236,-0.349747,-0.360367,0.635719,0.0
2077365573,3,0.585254,-0.350447,-0.36064,0.636083,0.0
2077365583,3,0.584467,-0.350785,-0.361211,0.636296,0.0
2077365593,3,0.583762,-0.35077,-0.36209,0.636453,0.0
2077365603,3,0.58312,-0.350434,-0.363179,0.636605,0.0
2077365613,3,0.582601,-0.350094,-0.364312,0.63662,0.0
2077365623,3,0.582164,-0.350062,-0.365358,0.636438,0.0
2077365633,3,0.581686,-0.350069,-0.366397,0.636274,0.0
2077365644,3,0.581098,-0.350086,-0.367407,0.636219,0.0
2077365654,3,0.58047,-0.350135,-0.368415,0.636183,0.0
2077365664,3,0.579842,-0.350118,-0.36944,0.636171,0.0
2077365674,3,0.579297,-0.350139,-0.370404,0.636095,0.0
2077365684,3,0.578655,-0.350098,-0.371371,0.636138,0.0
2077365694,3,0.578151,-0.350203,-0.372274,0.636011,0.0
2077365704,3,0.577748,-0.350242,-0.373215,0.635803,0.0
2077365714,3,0.577344,-0.350023,-0.374227,0.635697,0.0
2077365724,3,0.576934,-0.349895,-0.375263,0.635529,0.0
2077365734,3,0.576511,-0.349901,-0.376217,0.635345,0.0
2077365744,3,0.575998,-0.349999,-0.37702,0.63528,0.0
2077365754,3,0.57536,-0.350608,-0.377536,0.635216,0.0
2077365764,3,0.574728,-0.351536,-0.377799,0.635119,0.0
2077365775,3,0.574004,-0.352469,-0.377958,0.635163,0.0
2077365785,3,0.572975,-0.353153,-0.37828,0.63552,0.0
2077365795,3,0.571695,-0.353602,-0.378784,0.636121,0.0
2077365805,3,0.570327,-0.353882,-0.37943,0.636808,0.0
2077365815,3,0.568985,-0.353921,-0.380274,0.637484,0.0
2077365825,3,0.567844,-0.353797,-0.381232,0.637999,0.0
2077365835,3,0.566855,-0.353738,-0.38225,0.638301,0.0
2077365845,3,0.566082,-0.353482,-0.383408,0.638434,0.0
2077365855,3,0.565457,-0.353326,-0.38461,0.638352,0.0
2077365865,3,0.56512,-0.35296,-0.385834,0.638113,0.0
2077365875,3,0.565031,-0.352335,-0.387148,0.637742,0.0
2077365885,3,0.565227,-0.351691,-0.388436,0.63714,0.0
2077365895,3,0.565692,-0.35091,-0.389735,0.636365,0.0
2077365906,3,0.566412,-0.350057,-0.390999,0.635418,0.0
2077365916,3,0.567307,-0.349193,-0.392316,0.634282,0.0
2077365926,3,0.567927,-0.348188,-0.393846,0.633331,0.0
2077365936,3,0.568262,-0.347303,-0.395413,0.63254,0.0
2077365946,3,0.568284,-0.346542,-0.396991,0.631948,0.0
2077365956,3,0.568251,-0.34616,-0.398376,0.631315,0.0
2077365966,3,0.568158,-0.345985,-0.399419,0.630835,0.0
2077365976,3,0.56757,-0.34567,-0.400412,0.630909,0.0
2077365986,3,0.566739,-0.345614,-0.401257,0.631149,0.0
2077365996,3,0.565952,-0.345943,-0.401727,0.631375,0.0
2077366006,3,0.565141,-0.346618,-0.401826,0.631669,0.0
2077366016,3,0.564154,-0.347368,-0.401823,0.632141,0.0
2077366026,3,0.562767,-0.348021,-0.401996,0.632908,0.0
2077366037,3,0.560976,-0.348683,-0.402315,0.633929,0.0
2077366047,3,0.55893,-0.349287,-0.402654,0.635188,0.0
2077366057,3,0.556902,-0.350241,-0.402861,0.636312,0.0
2077366067,3,0.555038,-0.351402,-0.402899,0.637276,0.0
2077366077,3,0.553309,-0.352429,-0.402936,0.638188,0.0
2077366087,3,0.551829,-0.353219,-0.40315,0.638897,0.0
2077366097,3,0.550553,-0.35371,-0.403505,0.639502,0.0
2077366107,3,0.549564,-0.354297,-0.403824,0.639826,0.0
2077366117,3,0.548824,-0.35495,-0.404102,0.639924,0.0
2077366127,3,0.548281,-0.355645,-0.404284,0.639888,0.0
2077366137,3,0.547858,-0.356315,-0.404455,0.63977,0.0
2077366147,3,0.547553,-0.356876,-0.404609,0.639621,0.0
2077366157,3,0.547214,-0.357346,-0.404926,0.639448,0.0
2077366167,3,0.546824,-0.357806,-0.405344,0.63926,0.0
2077366178,3,0.546379,-0.358209,-0.405783,0.639136,0.0
2077366188,3,0.5461,-0.358851,-0.40608,0.638826,0.0
2077366198,3,0.545817,-0.359331,-0.40639,0.638601,0.0
2077366208,3,0.54556,-0.359668,-0.406886,0.638314,0.0
2077366218,3,0.545492,-0.359969,-0.40739,0.637881,0.0
2077366228,3,0.545471,-0.360073,-0.408005,0.637447,0.0
2077366238,3,0.545584,-0.359861,-0.408861,0.636921,0.0
2077366248,3,0.545928,-0.359383,-0.409921,0.636215,0.0
2077366258,3,0.546901,-0.358964,-0.41096,0.634945,0.0
2077366268,3,0.548441,-0.358591,-0.411835,0.633258,0.0
2077366278,3,0.55004,-0.357957,-0.412701,0.631664,0.0
2077366288,3,0.55138,-0.357132,-0.413756,0.63027,0.0
2077366298,3,0.552298,-0.356305,-0.415047,0.629085,0.0
2077366309,3,0.553069,-0.355638,-0.416314,0.627948,0.0
2077366319,3,0.553681,-0.355153,-0.4174,0.62696,0.0
2077366329,3,0.553649,-0.354498,-0.418489,0.626633,0.0
2077366339,3,0.553317,-0.354343,-0.419351,0.626438,0.0
2077366349,3,0.55291,-0.354703,-0.419893,0.62623,0.0
2077366359,3,0.552503,-0.355237,-0.420159,0.626108,0.0
2077366369,3,0.552024,-0.356232,-0.42005,0.626038,0.0
2077366379,3,0.551319,-0.357443,-0.419675,0.626221,0.0
2077366389,3,0.550979,-0.35892,-0.418959,0.626155,0.0
2077366399,3,0.550706,-0.360539,-0.418018,0.626094,0.0
2077366409,3,0.549967,-0.361851,-0.417227,0.626514,0.0
2077366419,3,0.549162,-0.36306,-0.416548,0.626972,0.0
2077366429,3,0.547965,-0.363965,-0.416116,0.627782,0.0
2077366440,3,0.54704,-0.365146,-0.415605,0.628241,0.0
2077366450,3,0.545962,-0.366081,-0.415313,0.628827,0.0
2077366460,3,0.544556,-0.366608,-0.415399,0.629681,0.0
2077366470,3,0.54327,-0.367252,-0.415644,0.630255,0.0
2077366480,3,0.542267,-0.367984,-0.415868,0.630544,0.0
2077366490,3,0.541193,-0.368348,-0.416258,0.630997,0.0
2077366500,3,0.539937,-0.368536,-0.416878,0.631553,0.0
2077366510,3,0.53866,-0.368616,-0.417626,0.632103,0.0
2077366520,3,0.537338,-0.368827,-0.418222,0.632711,0.0
2077366530,3,0.536475,-0.369191,-0.418715,0.632905,0.0
2077366540,3,0.536268,-0.369204,-0.4194,0.632619,0.0
2077366550,3,0.536479,-0.368821,-0.420342,0.632038,0.0
2077366560,3,0.536966,-0.368349,-0.421443,0.631165,0.0
2077366571,3,0.537775,-0.367878,-0.422556,0.630006,0.0
2077366581,3,0.538665,-0.367299,-0.423649,0.628849,0.0
2077366591,3,0.539568,-0.36676,-0.424732,0.627658,0.0
2077366601,3,0.540394,-0.366154,-0.425848,0.626544,0.0
2077366611,3,0.541193,-0.365558,-0.426987,0.625426,0.0
2077366621,3,0.542112,-0.365258,-0.427932,0.624158,0.0
2077366631,3,0.543032,-0.36526,-0.42863,0.622878,0.0
2077366641,3,0.543944,-0.365729,-0.429088,0.62149,0.0
2077366651,3,0.544766,-0.366392,-0.429395,0.620165,0.0
2077366661,3,0.545429,-0.367122,-0.429588,0.619016,0.0
2077366671,3,0.545991,-0.368115,-0.429561,0.617949,0.0
2077366681,3,0.546434,-0.369173,-0.429314,0.617097,0.0
2077366691,3,0.546991,-0.370586,-0.428761,0.61614,0.0
2077366701,3,0.5476,-0.371791,-0.428138,0.615306,0.0
2077366712,3,0.548408,-0.373138,-0.427359,0.614312,0.0
2077366722,3,0.549551,-0.374762,-0.426377,0.612983,0.0
2077366732,3,0.550582,-0.376078,-0.425509,0.611853,0.0
2077366742,3,0.551439,-0.377187,-0.42489,0.610829,0.0
2077366752,3,0.552206,-0.378222,-0.424397,0.609838,0.0
2077366762,3,0.552917,-0.37908,-0.424033,0.608913,0.0
2077366772,3,0.553642,-0.379762,-0.423749,0.608027,0.0
2077366782,3,0.55438,-0.38023,-0.423597,0.607167,0.0
2077366792,3,0.555407,-0.380661,-0.423446,0.606063,0.0
2077366802,3,0.556458,-0.380737,-0.423427,0.605063,0.0
2077366812,3,0.557497,-0.380667,-0.42356,0.604058,0.0
2077366822,3,0.558624,-0.380433,-0.423959,0.602882,0.0
2077366832,3,0.559715,-0.379947,-0.424534,0.601771,0.0
2077366843,3,0.560748,-0.379741,-0.425015,0.600598,0.0
2077366853,3,0.561568,-0.379636,-0.425374,0.599644,0.0
2077366863,3,0.562001,-0.379684,-0.425659,0.599005,0.0
2077366873,3,0.562047,-0.380035,-0.425842,0.59861,0.0
2077366883,3,0.561894,-0.380483,-0.425901,0.598427,0.0
2077366893,3,0.561527,-0.381116,-0.425847,0.598407,0.0
2077366903,3,0.560809,-0.381689,-0.425727,0.5988,0.0
2077366913,3,0.55968,-0.382167,-0.425589,0.599649,0.0
2077366923,3,0.558478,-0.382691,-0.42543,0.600547,0.0
2077366933,3,0.55736,-0.38324,-0.425186,0.601407,0.0
2077366943,3,0.556218,-0.383832,-0.424991,0.602225,0.0
2077366953,3,0.555057,-0.384567,-0.42485,0.602926,0.0
2077366963,3,0.553802,-0.384955,-0.424929,0.603778,0.0
2077366974,3,0.552506,-0.385132,-0.425195,0.604664,0.0
2077366984,3,0.551158,-0.385032,-0.425629,0.605651,0.0
2077366994,3,0.549778,-0.384824,-0.426195,0.606639,0.0
2077367004,3,0.548469,-0.38459,-0.426778,0.607561,0.0
2077367014,3,0.547211,-0.383975,-0.427587,0.608515,0.0
2077367024,3,0.54606,-0.383238,-0.428558,0.60933,0.0
2077367034,3,0.544999,-0.382425,-0.429694,0.609991,0.0
2077367044,3,0.544345,-0.381675,-0.430839,0.610236,0.0
2077367054,3,0.543876,-0.380806,-0.432123,0.61029,0.0
2077367064,3,0.543768,-0.379806,-0.433467,0.610055,0.0
2077367074,3,0.54395,-0.378983,-0.434675,0.609545,0.0
2077367084,3,0.544496,-0.378172,-0.435745,0.608798,0.0
2077367094,3,0.545089,-0.377544,-0.436663,0.607998,0.0
2077367105,3,0.545139,-0.376842,-0.437764,0.607597,0.0
2077367115,3,0.545057,-0.376432,-0.438788,0.607186,0.0
2077367125,3,0.545139,-0.376615,-0.439518,0.606471,0.0
2077367135,3,0.5453,-0.377225,-0.439971,0.605618,0.0
2077367145,3,0.545155,-0.377803,-0.44022,0.605207,0.0
2077367155,3,0.54471,-0.378403,-0.440334,0.60515,0.0
2077367165,3,0.544211,-0.379216,-0.440196,0.60519,0.0
2077367175,3,0.543832,-0.380485,-0.439663,0.605122,0.0
2077367185,3,0.543337,-0.381868,-0.438921,0.605233,0.0
2077367195,3,0.542831,-0.383434,-0.437921,0.605423,0.0
2077367205,3,0.5423,-0.384856,-0.437,0.605661,0.0
2077367215,3,0.541806,-0.386203,-0.436176,0.605841,0.0
2077367225,3,0.541557,-0.38741,-0.435364,0.605876,0.0
2077367235,3,0.541555,-0.388491,-0.434534,0.605781,0.0
2077367246,3,0.541585,-0.389274,-0.433934,0.605682,0.0
2077367256,3,0.541767,-0.389866,-0.433504,0.605447,0.0
2077367266,3,0.542111,-0.390032,-0.433305,0.605174,0.0
2077367276,3,0.542414,-0.389702,-0.433455,0.605008,0.0
2077367286,3,0.542764,-0.389095,-0.433855,0.604798,0.0
2077367296,3,0.542967,-0.388113,-0.434643,0.604681,0.0
2077367306,3,0.542794,-0.386836,-0.43587,0.604771,0.0
2077367316,3,0.542338,-0.385173,-0.437445,0.605104,0.0
2077367326,3,0.541625,-0.383196,-0.43923,0.605705,0.0
2077367336,3,0.540428,-0.3809,-0.441323,0.6067,0.0
2077367346,3,0.538348,-0.378101,-0.443926,0.608398,0.0
2077367356,3,0.534406,-0.37477,-0.447614,0.611227,0.0
2077367366,3,0.52966,-0.371938,-0.45178,0.614016,0.0
2077367377,3,0.525382,-0.370597,-0.455291,0.615906,0.0
2077367387,3,0.522798,-0.371206,-0.457286,0.616259,0.0
2077367397,3,0.524508,-0.374854,-0.455708,0.613762,0.0
2077367407,3,0.523734,-0.375158,-0.455144,0.614655,0.0
2077367417,3,0.520837,-0.37374,-0.455973,0.61736,0.0
2077367427,3,0.518906,-0.373034,-0.456591,0.618955,0.0
2077367437,3,0.518633,-0.373264,-0.45658,0.619053,0.0
2077367447,3,0.518953,-0.373543,-0.456333,0.618798,0.0
2077367457,3,0.519298,-0.373644,-0.456278,0.618489,0.0
2077367467,3,0.519667,-0.373716,-0.456441,0.618015,0.0
2077367477,3,0.520071,-0.37387,-0.45658,0.617479,0.0
2077367487,3,0.520621,-0.374161,-0.45672,0.616735,0.0
2077367497,3,0.521157,-0.374352,-0.456911,0.616024,0.0
2077367508,3,0.521656,-0.374482,-0.457204,0.615305,0.0
2077367518,3,0.522326,-0.37481,-0.457401,0.614391,0.0
2077367528,3,0.523007,-0.37506,-0.457597,0.613511,0.0
2077367538,3,0.523515,-0.375259,-0.457848,0.61277,0.0
2077367548,3,0.523892,-0.375548,-0.458042,0.612125,0.0
2077367558,3,0.524124,-0.375851,-0.458242,0.611591,0.0
2077367568,3,0.524292,-0.376115,-0.458496,0.611093,0.0
2077367578,3,0.524535,-0.376465,-0.458656,0.610549,0.0
2077367588,3,0.524832,-0.376803,-0.458727,0.610032,0.0
2077367598,3,0.525309,-0.377337,-0.458606,0.609381,0.0
2077367608,3,0.525777,-0.378009,-0.458326,0.608772,0.0
2077367618,3,0.526223,-0.378887,-0.45795,0.608123,0.0
2077367628,3,0.526516,-0.379836,-0.457545,0.607582,0.0
2077367639,3,0.526742,-0.380767,-0.457091,0.607146,0.0
2077367649,3,0.526914,-0.381661,-0.456647,0.606768,0.0
2077367659,3,0.527016,-0.382517,-0.456296,0.606405,0.0
2077367669,3,0.527018,-0.383088,-0.456124,0.606171,0.0
2077367679,3,0.526986,-0.383404,-0.456068,0.606043,0.0
2077367689,3,0.527036,-0.383895,-0.455993,0.605744,0.0
2077367699,3,0.527104,-0.384222,-0.455994,0.605478,0.0
2077367709,3,0.527158,-0.384433,-0.456003,0.60529,0.0
2077367719,3,0.527333,-0.384674,-0.456061,0.604939,0.0
2077367729,3,0.527401,-0.384654,-0.456371,0.604659,0.0
2077367739,3,0.527235,-0.384307,-0.456862,0.604654,0.0
2077367749,3,0.526865,-0.384112,-0.457274,0.604789,0.0
2077367759,3,0.526548,-0.384175,-0.457521,0.604838,0.0
2077367769,3,0.526322,-0.384277,-0.457753,0.604795,0.0
2077367780,3,0.526139,-0.38443,-0.457983,0.604682,0.0
2077367790,3,0.525965,-0.384731,-0.45817,0.604501,0.0
2077367800,3,0.52579,-0.385081,-0.458371,0.604278,0.0
2077367810,3,0.525634,-0.385244,-0.458646,0.604101,0.0
2077367820,3,0.525481,-0.385386,-0.458908,0.603944,0.0
2077367830,3,0.52572,-0.385952,-0.458767,0.603481,0.0
2077367840,3,0.526296,-0.386593,-0.458597,0.602698,0.0
2077367850,3,0.526704,-0.386953,-0.458698,0.602033,0.0
2077367860,3,0.527161,-0.387133,-0.458897,0.601366,0.0
2077367870,3,0.527356,-0.387155,-0.459194,0.600954,0.0
2077367880,3,0.526763,-0.3868,-0.459691,0.601322,0.0
2077367890,3,0.525782,-0.386593,-0.460243,0.601892,0.0
2077367900,3,0.52512,-0.386473,-0.460691,0.602204,0.0
2077367911,3,0.524172,-0.385869,-0.461535,0.602771,0.0
2077367921,3,0.523216,-0.385154,-0.462541,0.603287,0.0
2077367931,3,0.522723,-0.384863,-0.463198,0.603396,0.0
2077367941,3,0.522586,-0.384839,-0.463546,0.603263,0.0
2077367951,3,0.522418,-0.384827,-0.46384,0.603191,0.0
2077367961,3,0.521915,-0.384146,-0.464815,0.603309,0.0
2077367971,3,0.521341,-0.383762,-0.465601,0.603443,0.0
2077367981,3,0.520493,-0.383601,-0.466184,0.603828,0.0
2077367991,3,0.519868,-0.383668,-0.466649,0.603964,0.0
2077368001,3,0.519723,-0.384198,-0.466626,0.60377,0.0
2077368011,3,0.519601,-0.385003,-0.466385,0.603548,0.0
2077368021,3,0.5197,-0.385653,-0.466238,0.603162,0.0
2077368031,3,0.519914,-0.385944,-0.466263,0.602772,0.0
2077368042,3,0.520764,-0.385886,-0.46647,0.601914,0.0
2077368052,3,0.520478,-0.38548,-0.467064,0.60196,0.0
2077368062,3,0.521793,-0.386263,-0.466785,0.600536,0.0
2077368072,3,0.52381,-0.387129,-0.466138,0.598722,0.0
2077368082,3,0.525294,-0.387737,-0.465483,0.597537,0.0
2077368092,3,0.527031,-0.388368,-0.464814,0.596117,0.0
2077368102,3,0.528319,-0.389038,-0.464189,0.595025,0.0
2077368112,3,0.529175,-0.389734,-0.463611,0.59426,0.0
2077368122,3,0.529747,-0.390438,-0.463054,0.593722,0.0
2077368132,3,0.530047,-0.391233,-0.462507,0.593356,0.0
2077368142,3,0.530286,-0.392174,-0.461952,0.592954,0.0
2077368152,3,0.530407,-0.393068,-0.461376,0.592703,0.0
2077368162,3,0.53025,-0.393736,-0.460883,0.592783,0.0
2077368173,3,0.529973,-0.394265,-0.46051,0.592969,0.0
2077368183,3,0.529706,-0.394772,-0.460158,0.593144,0.0
2077368193,3,0.529611,-0.395401,-0.459721,0.593148,0.0
2077368203,3,0.529595,-0.396002,-0.45928,0.593103,0.0
2077368213,3,0.529675,-0.396319,-0.459092,0.592966,0.0
2077368223,3,0.530044,-0.396001,-0.45933,0.592664,0.0
2077368233,3,0.530632,-0.395794,-0.459472,0.592166,0.0
2077368243,3,0.531459,-0.395594,-0.459728,0.59136,0.0
2077368253,3,0.533007,-0.395695,-0.45965,0.589957,0.0
2077368263,3,0.535749,-0.396201,-0.458775,0.587811,0.0
2077368273,3,0.536686,-0.395477,-0.458957,0.587301,0.0
2077368283,3,0.537835,-0.394943,-0.459007,0.586571,0.0
2077368293,3,0.538997,-0.394406,-0.459498,0.58548,0.0
2077368303,3,0.538951,-0.395239,-0.45897,0.585374,0.0
2077368314,3,0.539126,-0.396121,-0.458373,0.585084,0.0
2077368324,3,0.537909,-0.397471,-0.457651,0.585854,0.0
2077368334,3,0.537018,-0.399043,-0.456637,0.586393,0.0
2077368344,3,0.536058,-0.400231,-0.455887,0.587046,0.0
2077368354,3,0.534394,-0.400563,-0.455834,0.588376,0.0
2077368364,3,0.532193,-0.40021,-0.456406,0.590164,0.0
2077368374,3,0.530771,-0.399635,-0.457147,0.591261,0.0
2077368384,3,0.530552,-0.3988,-0.4579,0.591438,0.0
2077368394,3,0.531257,-0.397617,-0.458721,0.590965,0.0
2077368404,3,0.532235,-0.397066,-0.459091,0.590167,0.0
2077368414,3,0.533515,-0.397119,-0.459009,0.58904,0.0
2077368424,3,0.534665,-0.397948,-0.458458,0.587865,0.0
2077368434,3,0.534935,-0.39873,-0.45792,0.587509,0.0
2077368445,3,0.534797,-0.399048,-0.45771,0.587581,0.0
2077368455,3,0.534428,-0.399338,-0.457535,0.587857,0.0
2077368465,3,0.534034,-0.39962,-0.457319,0.588191,0.0
2077368475,3,0.533378,-0.399684,-0.457244,0.588801,0.0
2077368485,3,0.532181,-0.3996,-0.45715,0.590013,0.0
2077368495,3,0.530758,-0.399304,-0.457268,0.591402,0.0
2077368505,3,0.529715,-0.398608,-0.457996,0.592242,0.0
2077368515,3,0.529061,-0.397348,-0.459412,0.592577,0.0
2077368525,3,0.528463,-0.395901,-0.461178,0.592707,0.0
2077368535,3,0.52787,-0.394895,-0.462756,0.592678,0.0
2077368545,3,0.528259,-0.394576,-0.463806,0.591722,0.0
2077368555,3,0.529471,-0.394572,-0.464494,0.590099,0.0
2077368565,3,0.530102,-0.395155,-0.464638,0.589028,0.0
2077368576,3,0.530796,-0.396035,-0.464753,0.58772,0.0
2077368586,3,0.531514,-0.397097,-0.465009,0.58615,0.0
2077368596,3,0.532178,-0.398204,-0.465482,0.584418,0.0
2077368606,3,0.532729,-0.399432,-0.466038,0.582633,0.0
2077368616,3,0.533102,-0.40057,-0.466642,0.581024,0.0
2077368626,3,0.533307,-0.401486,-0.467297,0.579676,0.0
2077368636,3,0.533372,-0.402126,-0.468027,0.578583,0.0
2077368646,3,0.533359,-0.402719,-0.46876,0.577588,0.0
2077368656,3,0.533418,-0.403415,-0.469448,0.576488,0.0
2077368666,3,0.533639,-0.403889,-0.469997,0.575504,0.0
2077368676,3,0.534084,-0.404015,-0.470422,0.574654,0.0
2077368686,3,0.53541,-0.403605,-0.470122,0.573953,0.0
2077368696,3,0.537003,-0.4026,-0.469557,0.573633,0.0
2077368707,3,0.538329,-0.401207,-0.469083,0.573755,0.0
2077368717,3,0.539299,-0.39912,-0.468743,0.574577,0.0
2077368727,3,0.539899,-0.396221,-0.468416,0.576284,0.0
2077368737,3,0.540541,-0.392503,-0.467627,0.578861,0.0
2077368747,3,0.541087,-0.387633,-0.466421,0.582593,0.0
2077368757,3,0.541381,-0.382496,-0.464836,0.586965,0.0
2077368767,3,0.541168,-0.378207,-0.46308,0.591314,0.0
2077368777,3,0.540382,-0.375386,-0.46136,0.595162,0.0
2077368787,3,0.542976,-0.373833,-0.45646,0.597552,0.0
2077368797,3,0.546092,-0.375532,-0.450711,0.598011,0.0
2077368807,3,0.548721,-0.378167,-0.445036,0.598194,0.0
2077368817,3,0.551098,-0.380209,-0.439493,0.598812,0.0
2077368827,3,0.553337,-0.381627,-0.434052,0.599813,0.0
2077368837,3,0.55561,-0.383007,-0.428549,0.600789,0.0
2077368848,3,0.557995,-0.384311,-0.422961,0.601705,0.0
2077368858,3,0.564821,-0.385652,-0.412389,0.601816,0.0
2077368868,3,0.572132,-0.3876,-0.40091,0.601416,0.0
2077368878,3,0.577248,-0.388948,-0.391043,0.602153,0.0
2077368888,3,0.580606,-0.391682,-0.383567,0.601961,0.0
2077368898,3,0.587837,-0.387063,-0.386997,0.595703,0.0
2077368908,3,0.590815,-0.387249,-0.387313,0.592422,0.0
2077368918,3,0.597363,-0.386947,-0.389159,0.584793,0.0
2077368928,3,0.603588,-0.386723,-0.391269,0.577091,0.0
2077368938,3,0.609555,-0.387002,-0.393524,0.569043,0.0
2077368948,3,0.615033,-0.387304,-0.396151,0.561065,0.0
2077368958,3,0.620108,-0.388039,-0.398971,0.552913,0.0
2077368968,3,0.624859,-0.389154,-0.401939,0.544567,0.0
2077368979,3,0.62932,-0.390623,-0.404959,0.536075,0.0
2077368989,3,0.633254,-0.392334,-0.408121,0.52773,0.0
2077368999,3,0.639093,-0.392834,-0.412671,0.516664,0.0
2077369009,3,0.644198,-0.395898,-0.413847,0.506954,0.0
2077369019,3,0.649598,-0.397978,-0.414474,0.497841,0.0
2077369029,3,0.655029,-0.399308,-0.414623,0.489465,0.0
2077369039,3,0.660039,-0.40003,-0.414253,0.482408,0.0
2077369049,3,0.664754,-0.399784,-0.413185,0.477023,0.0
2077369059,3,0.669067,-0.399074,-0.411438,0.473081,0.0
2077369069,3,0.673114,-0.3983,-0.40901,0.470089,0.0
2077369079,3,0.677036,-0.397271,-0.406295,0.467675,0.0
2077369089,3,0.681284,-0.396321,-0.403281,0.464913,0.0
2077369099,3,0.685505,-0.395542,-0.400303,0.461936,0.0
2077369110,3,0.689022,-0.395294,-0.39822,0.458705,0.0
2077369120,3,0.69189,-0.395389,-0.396794,0.455531,0.0
2077369130,3,0.694346,-0.395609,-0.395467,0.452748,0.0
2077369140,3,0.696701,-0.396133,-0.393559,0.450329,0.0
2077369150,3,0.698957,-0.396894,-0.391075,0.448322,0.0
2077369160,3,0.701037,-0.397805,-0.388219,0.446747,0.0
2077369170,3,0.702687,-0.398955,-0.385424,0.445548,0.0
2077369180,3,0.703815,-0.400181,-0.383208,0.444578,0.0
2077369190,3,0.705325,-0.400997,-0.38177,0.442682,0.0
2077369200,3,0.705742,-0.402135,-0.380081,0.442439,0.0
2077369210,3,0.706005,-0.403205,-0.378521,0.442383,0.0
2077369220,3,0.705263,-0.403811,-0.37829,0.443212,0.0
2077369230,3,0.705342,-0.405355,-0.377134,0.44266,0.0
2077369241,3,0.70528,-0.406863,-0.376331,0.442058,0.0
2077369251,3,0.70421,-0.408042,-0.376127,0.44285,0.0
2077369261,3,0.704166,-0.409289,-0.375562,0.442249,0.0
2077369271,3,0.703205,-0.410173,-0.375478,0.44303,0.0
2077369281,3,0.701957,-0.410564,-0.375969,0.444228,0.0
2077369291,3,0.700598,-0.410829,-0.376616,0.445578,0.0
2077369301,3,0.699629,-0.411025,-0.377216,0.446411,0.0
2077369311,3,0.699166,-0.411238,-0.37768,0.446549,0.0
2077369321,3,0.698793,-0.41124,-0.378299,0.446608,0.0
2077369331,3,0.69854,-0.411171,-0.37897,0.446497,0.0
2077369341,3,0.698487,-0.411217,-0.37949,0.446096,0.0
2077369351,3,0.698621,-0.411254,-0.379963,0.44545,0.0
2077369361,3,0.698729,-0.41122,-0.380635,0.444738,0.0
2077369371,3,0.698621,-0.411165,-0.381446,0.444262,0.0
2077369382,3,0.698378,-0.410707,-0.382681,0.444006,0.0
2077369392,3,0.698433,-0.41052,-0.38346,0.443421,0.0
2077369402,3,0.698873,-0.410719,-0.383637,0.442388,0.0
2077369412,3,0.699896,-0.411315,-0.383105,0.440675,0.0
2077369422,3,0.701306,-0.412092,-0.382048,0.43862,0.0
2077369432,3,0.702657,-0.41253,-0.381179,0.436799,0.0
2077369442,3,0.703905,-0.413262,-0.379738,0.435351,0.0
2077369452,3,0.704927,-0.413779,-0.378481,0.434299,0.0
2077369462,3,0.706244,-0.414104,-0.377486,0.432713,0.0
2077369472,3,0.70738,-0.414737,-0.376618,0.431004,0.0
2077369482,3,0.707132,-0.415144,-0.377057,0.430635,0.0
2077369492,3,0.706452,-0.415465,-0.378125,0.430504,0.0
2077369502,3,0.706837,-0.415683,-0.379128,0.428776,0.0
2077369513,3,0.705492,-0.41586,-0.380677,0.429446,0.0
2077369523,3,0.70383,-0.416156,-0.382342,0.430406,0.0
2077369533,3,0.701713,-0.416502,-0.384294,0.431789,0.0
2077369543,3,0.699239,-0.416362,-0.387439,0.433125,0.0
2077369553,3,0.695768,-0.41676,-0.390673,0.43542,0.0
2077369563,3,0.69141,-0.417263,-0.394554,0.438371,0.0
2077369573,3,0.687971,-0.418259,-0.398221,0.439515,0.0
2077369583,3,0.684173,-0.41932,-0.402258,0.440755,0.0
2077369593,3,0.680137,-0.420817,-0.406259,0.441904,0.0
2077369603,3,0.675985,-0.422518,-0.410122,0.443081,0.0
2077369613,3,0.671884,-0.424001,-0.413898,0.44439,0.0
2077369623,3,0.668323,-0.42522,-0.417202,0.445503,0.0
2077369633,3,0.665788,-0.426232,-0.419602,0.446077,0.0
2077369644,3,0.664367,-0.427239,-0.420969,0.445945,0.0
2077369654,3,0.663758,-0.428105,-0.421648,0.445378,0.0
2077369664,3,0.663435,-0.428814,-0.422233,0.444624,0.0
2077369674,3,0.662994,-0.429504,-0.423181,0.443714,0.0
2077369684,3,0.662068,-0.430074,-0.42496,0.442844,0.0
2077369694,3,0.660462,-0.430628,-0.4277,0.442065,0.0
2077369704,3,0.658003,-0.43103,-0.43152,0.441625,0.0
2077369714,3,0.65466,-0.431077,-0.436422,0.441731,0.0
2077369724,3,0.650756,-0.431059,-0.441805,0.442168,0.0
2077369734,3,0.645748,-0.429452,-0.448999,0.443824,0.0
2077369744,3,0.642047,-0.429654,-0.453139,0.444789,0.0
2077369754,3,0.638642,-0.430168,-0.45626,0.446001,0.0
2077369764,3,0.635264,-0.430563,-0.459013,0.447617,0.0
2077369775,3,0.631796,-0.430767,-0.46176,0.449499,0.0
2077369785,3,0.628262,-0.430727,-0.464438,0.451727,0.0
2077369795,3,0.624843,-0.4306,-0.466858,0.454088,0.0
2077369805,3,0.621454,-0.429893,-0.469558,0.456618,0.0
2077369815,3,0.618291,-0.428491,-0.472689,0.458993,0.0
2077369825,3,0.614848,-0.426455,-0.476361,0.461711,0.0
2077369835,3,0.612158,-0.42423,-0.479615,0.46396,0.0
2077369845,3,0.610404,-0.421819,-0.482126,0.465862,0.0
2077369855,3,0.60934,-0.418814,-0.484542,0.467458,0.0
2077369865,3,0.60867,-0.415078,-0.487451,0.468637,0.0
2077369875,3,0.608172,-0.4106,-0.491117,0.4694,0.0
2077369885,3,0.607877,-0.405272,-0.495698,0.469597,0.0
2077369895,3,0.606659,-0.401212,-0.499445,0.470687,0.0
2077369905,3,0.605538,-0.397039,-0.503732,0.471101,0.0
2077369916,3,0.604535,-0.39317,-0.508345,0.470679,0.0
2077369926,3,0.60373,-0.39,-0.513336,0.468929,0.0
2077369936,3,0.604401,-0.385054,-0.520443,0.464295,0.0
2077369946,3,0.603543,-0.382063,-0.52515,0.46258,0.0
2077369956,3,0.605068,-0.376919,-0.526212,0.463599,0.0
2077369966,3,0.608147,-0.369298,-0.524648,0.46746,0.0
2077369976,3,0.610815,-0.361697,-0.522919,0.471841,0.0
2077369986,3,0.612492,-0.353494,-0.521497,0.477424,0.0
2077369996,3,0.613231,-0.344497,-0.519614,0.485046,0.0
2077370006,3,0.612121,-0.337384,-0.514709,0.496541,0.0
2077370016,3,0.613243,-0.326945,-0.506046,0.510839,0.0
2077370026,3,0.617594,-0.31289,-0.492081,0.527762,0.0
2077370036,3,0.626698,-0.291909,-0.469959,0.548794,0.0
2077370047,3,0.62472,-0.262324,-0.452778,0.579569,0.0
2077370057,3,0.626746,-0.242872,-0.434665,0.599389,0.0
2077370067,3,0.627355,-0.224857,-0.418693,0.616895,0.0
2077370077,3,0.627539,-0.207179,-0.405358,0.631629,0.0
2077370087,3,0.627737,-0.190677,-0.395008,0.643083,0.0
2077370097,3,0.628582,-0.176276,-0.386682,0.651373,0.0
2077370107,3,0.629746,-0.167034,-0.38107,0.655975,0.0
2077370117,3,0.630974,-0.163257,-0.377762,0.657656,0.0
2077370127,3,0.632375,-0.161876,-0.375803,0.657775,0.0
2077370137,3,0.634219,-0.161116,-0.374426,0.656972,0.0
2077370147,3,0.636336,-0.160625,-0.373627,0.655497,0.0
2077370157,3,0.636489,-0.162511,-0.372177,0.655709,0.0
2077370167,3,0.637403,-0.162588,-0.373028,0.654317,0.0
2077370178,3,0.636595,-0.163048,-0.374584,0.654101,0.0
2077370188,3,0.629755,-0.164594,-0.376816,0.659034,0.0
2077370198,3,0.623513,-0.167171,-0.378304,0.663453,0.0
2077370208,3,0.61976,-0.169299,-0.379597,0.665688,0.0
2077370218,3,0.617624,-0.173327,-0.378674,0.66716,0.0
2077370228,3,0.614328,-0.174188,-0.379752,0.669362,0.0
2077370238,3,0.611776,-0.174029,-0.380718,0.67119,0.0
2077370248,3,0.610042,-0.172953,-0.381639,0.672522,0.0
2077370258,3,0.609238,-0.171521,-0.382326,0.673227,0.0
2077370268,3,0.60926,-0.169656,-0.382861,0.673376,0.0
2077370278,3,0.610021,-0.167556,-0.383249,0.672992,0.0
2077370288,3,0.611433,-0.165621,-0.383474,0.67206,0.0
2077370298,3,0.613431,-0.16417,-0.383777,0.670421,0.0
2077370309,3,0.615758,-0.163606,-0.384313,0.668115,0.0
2077370319,3,0.61812,-0.164287,-0.385079,0.665319,0.0
2077370329,3,0.620295,-0.166441,-0.385977,0.662232,0.0
2077370339,3,0.622382,-0.17025,-0.386724,0.658861,0.0
2077370349,3,0.624181,-0.175284,-0.387422,0.655421,0.0
2077370359,3,0.626831,-0.183342,-0.385909,0.651569,0.0
2077370369,3,0.63001,-0.191346,-0.384396,0.64708,0.0
2077370379,3,0.633539,-0.198634,-0.383072,0.642205,0.0
2077370389,3,0.637313,-0.205317,-0.381699,0.637166,0.0
2077370399,3,0.641226,-0.211184,-0.380322,0.632126,0.0
2077370409,3,0.645279,-0.216305,-0.378726,0.62721,0.0
2077370419,3,0.649312,-0.22043,-0.376926,0.62268,0.0
2077370429,3,0.650146,-0.221981,-0.3768,0.621332,0.0
2077370439,3,0.651371,-0.222755,-0.375958,0.620282,0.0
2077370450,3,0.652888,-0.222579,-0.374617,0.619562,0.0
2077370460,3,0.65463,-0.221539,-0.372971,0.619088,0.0
2077370470,3,0.656581,-0.219996,-0.370976,0.618772,0.0
2077370480,3,0.658525,-0.218017,-0.368795,0.61871,0.0
2077370490,3,0.660331,-0.215902,-0.36652,0.618878,0.0
2077370500,3,0.661847,-0.213647,-0.364335,0.619331,0.0
2077370510,3,0.663109,-0.211363,-0.362195,0.620021,0.0
2077370520,3,0.664241,-0.209315,-0.359988,0.620788,0.0
2077370530,3,0.665023,-0.207232,-0.357968,0.621817,0.0
2077370540,3,0.665546,-0.205212,-0.356016,0.623047,0.0
2077370550,3,0.665937,-0.203941,-0.353102,0.624702,0.0
2077370560,3,0.666948,-0.20234,-0.349796,0.626003,0.0
2077370570,3,0.668709,-0.199897,-0.34613,0.626946,0.0
2077370581,3,0.670813,-0.196773,-0.341901,0.628007,0.0
2077370591,3,0.672756,-0.192101,-0.338093,0.629434,0.0
2077370601,3,0.675214,-0.186843,-0.334059,0.630539,0.0
2077370611,3,0.678029,-0.181856,-0.329794,0.631221,0.0
2077370621,3,0.67897,-0.177772,-0.325652,0.633518,0.0
2077370631,3,0.679284,-0.174014,-0.322007,0.636083,0.0
2077370641,3,0.679287,-0.170668,-0.31879,0.638602,0.0
2077370651,3,0.678863,-0.167963,-0.316019,0.641142,0.0
2077370661,3,0.678169,-0.166063,-0.313742,0.643485,0.0
2077370671,3,0.680198,-0.164552,-0.311885,0.642634,0.0
2077370681,3,0.681908,-0.164091,-0.31074,0.641493,0.0
2077370691,3,0.680477,-0.164828,-0.310559,0.642911,0.0
2077370701,3,0.679546,-0.16593,-0.310883,0.643455,0.0
2077370712,3,0.679301,-0.167204,-0.311434,0.643117,0.0
2077370722,3,0.680064,-0.168672,-0.311703,0.641796,0.0
2077370732,3,0.680934,-0.170162,-0.311731,0.640466,0.0
2077370742,3,0.681361,-0.171698,-0.311458,0.639734,0.0
2077370752,3,0.681921,-0.173113,-0.311072,0.638943,0.0
2077370762,3,0.68232,-0.175062,-0.310218,0.638401,0.0
2077370772,3,0.682101,-0.177239,-0.309501,0.638382,0.0
2077370782,3,0.681341,-0.179863,-0.309178,0.638617,0.0
2077370792,3,0.680126,-0.183023,-0.30949,0.638863,0.0
2077370802,3,0.678553,-0.186552,-0.310578,0.638987,0.0
2077370812,3,0.676997,-0.190763,-0.312003,0.638699,0.0
2077370822,3,0.675478,-0.195568,-0.313501,0.638121,0.0
2077370832,3,0.673878,-0.20126,-0.314639,0.637482,0.0
2077370843,3,0.67197,-0.20764,-0.315508,0.63702,0.0
2077370853,3,0.669686,-0.213828,-0.316853,0.636711,0.0
2077370863,3,0.66735,-0.220649,-0.318156,0.636186,0.0
2077370873,3,0.664986,-0.228063,-0.319437,0.635405,0.0
2077370883,3,0.662568,-0.235251,-0.321207,0.634417,0.0
2077370893,3,0.660397,-0.242364,-0.323041,0.633071,0.0
2077370903,3,0.657947,-0.249282,-0.324766,0.632052,0.0
2077370913,3,0.655082,-0.255811,-0.326552,0.631498,0.0
2077370923,3,0.651724,-0.261849,-0.328734,0.631366,0.0
2077370933,3,0.647713,-0.26736,-0.331421,0.631779,0.0
2077370943,3,0.643317,-0.272554,-0.334304,0.632531,0.0
2077370953,3,0.635845,-0.277422,-0.337403,0.636314,0.0
2077370963,3,0.628377,-0.282073,-0.340232,0.64017,0.0
2077370973,3,0.621177,-0.286517,-0.342533,0.643985,0.0
2077370984,3,0.613858,-0.289736,-0.344871,0.6483,0.0
2077370994,3,0.606537,-0.291888,-0.347045,0.653048,0.0
2077371004,3,0.59925,-0.292759,-0.349057,0.658292,0.0
2077371014,3,0.596153,-0.293684,-0.349803,0.660294,0.0
2077371024,3,0.59102,-0.293839,-0.350878,0.664257,0.0
2077371034,3,0.585324,-0.292938,-0.352763,0.668685,0.0
2077371044,3,0.579211,-0.291458,-0.355341,0.673274,0.0
2077371054,3,0.571784,-0.288411,-0.359636,0.678632,0.0
2077371064,3,0.56409,-0.284764,-0.365043,0.683706,0.0
2077371074,3,0.556288,-0.281213,-0.370946,0.688375,0.0
2077371084,3,0.548192,-0.278745,-0.376425,0.692884,0.0
2077371094,3,0.540654,-0.277882,-0.380985,0.696652,0.0
2077371104,3,0.532449,-0.277172,-0.385422,0.700801,0.0
2077371115,3,0.523359,-0.277515,-0.388791,0.705635,0.0
2077371125,3,0.513523,-0.276797,-0.392199,0.711235,0.0
2077371135,3,0.503409,-0.275558,-0.395038,0.717349,0.0
2077371145,3,0.495141,-0.274038,-0.397211,0.722468,0.0
2077371155,3,0.487275,-0.272101,-0.398668,0.727727,0.0
2077371165,3,0.480404,-0.270411,-0.399236,0.732597,0.0
2077371175,3,0.473512,-0.26952,-0.398931,0.737562,0.0
2077371185,3,0.465359,-0.267602,-0.398956,0.743412,0.0
2077371195,3,0.456457,-0.265122,-0.399511,0.749497,0.0
2077371205,3,0.446254,-0.260418,-0.401554,0.75617,0.0
2077371215,3,0.435855,-0.256456,-0.403345,0.762608,0.0
2077371225,3,0.425872,-0.252193,-0.405344,0.768587,0.0
2077371235,3,0.415778,-0.247085,-0.407691,0.774509,0.0
2077371246,3,0.405764,-0.241901,-0.410153,0.780136,0.0
2077371256,3,0.396039,-0.237133,-0.412721,0.785226,0.0
2077371266,3,0.385653,-0.230525,-0.417034,0.79007,0.0
2077371276,3,0.374064,-0.223647,-0.422597,0.79465,0.0
2077371286,3,0.362239,-0.216905,-0.429355,0.798365,0.0
2077371296,3,0.351315,-0.211518,-0.436789,0.800657,0.0
2077371306,3,0.340859,-0.207496,-0.444399,0.802041,0.0
2077371316,3,0.333053,-0.20728,-0.451015,0.801682,0.0
2077371326,3,0.325577,-0.207878,-0.457774,0.800767,0.0
2077371336,3,0.318712,-0.209988,-0.464295,0.799222,0.0
2077371346,3,0.313095,-0.213631,-0.470275,0.796977,0.0
2077371356,3,0.30733,-0.216822,-0.476577,0.794612,0.0
2077371366,3,0.302104,-0.220709,-0.48286,0.791748,0.0
2077371377,3,0.297201,-0.226262,-0.488772,0.788402,0.0
2077371387,3,0.295645,-0.236209,-0.493156,0.783323,0.0
2077371397,3,0.291616,-0.24543,-0.49766,0.779139,0.0
2077371407,3,0.289972,-0.256866,-0.501097,0.773845,0.0
2077371417,3,0.289295,-0.268325,-0.504089,0.768246,0.0
2077371427,3,0.289725,-0.279094,-0.507052,0.762275,0.0
2077371437,3,0.291785,-0.289322,-0.50984,0.755789,0.0
2077371447,3,0.294669,-0.298486,-0.512287,0.749424,0.0
2077371457,3,0.297714,-0.306244,-0.514347,0.743658,0.0
2077371467,3,0.300644,-0.312149,-0.516159,0.738752,0.0
2077371477,3,0.303344,-0.316727,-0.517652,0.734644,0.0
2077371487,3,0.306092,-0.319707,-0.518826,0.731377,0.0
2077371497,3,0.308082,-0.321399,-0.519578,0.729263,0.0
2077371507,3,0.309045,-0.321944,-0.519994,0.728318,0.0
2077371518,3,0.310208,-0.319221,-0.521267,0.728112,0.0
2077371528,3,0.310127,-0.318352,-0.521032,0.728696,0.0
2077371538,3,0.309814,-0.315848,-0.521234,0.729773,0.0
2077371548,3,0.31023,-0.312096,-0.521919,0.73072,0.0
2077371558,3,0.311687,-0.307626,-0.522961,0.731251,0.0
2077371568,3,0.314118,-0.302078,-0.524541,0.731392,0.0
2077371578,3,0.31654,-0.297143,-0.526093,0.731254,0.0
2077371588,3,0.318902,-0.292757,-0.527627,0.730892,0.0
2077371598,3,0.321287,-0.288768,-0.529156,0.730328,0.0
2077371608,3,0.324363,-0.285272,-0.53028,0.729527,0.0
2077371618,3,0.328511,-0.281312,-0.530632,0.728953,0.0
2077371628,3,0.333409,-0.276924,-0.530429,0.728557,0.0
2077371638,3,0.338264,-0.270422,-0.530901,0.728417,0.0
2077371649,3,0.343381,-0.264072,-0.531417,0.727977,0.0
2077371659,3,0.348387,-0.258448,-0.531775,0.727355,0.0
2077371669,3,0.353525,-0.253719,-0.531653,0.726629,0.0
2077371679,3,0.359451,-0.249702,-0.530904,0.72566,0.0
2077371689,3,0.364919,-0.246987,-0.529752,0.724702,0.0
2077371699,3,0.369977,-0.245099,-0.528561,0.723647,0.0
2077371709,3,0.374322,-0.243913,-0.527535,0.722561,0.0
2077371719,3,0.378858,-0.243198,-0.526747,0.721011,0.0
2077371729,3,0.382803,-0.243527,-0.526011,0.719352,0.0
2077371739,3,0.385052,-0.244351,-0.525589,0.718179,0.0
2077371749,3,0.385635,-0.246153,-0.525497,0.717318,0.0
2077371759,3,0.385361,-0.248764,-0.525957,0.716227,0.0
2077371769,3,0.384115,-0.251632,-0.52702,0.715112,0.0
2077371780,3,0.382366,-0.255486,-0.528245,0.713777,0.0
2077371790,3,0.379963,-0.259548,-0.530051,0.712255,0.0
2077371800,3,0.376853,-0.263035,-0.532306,0.710945,0.0
2077371810,3,0.374439,-0.265797,-0.533798,0.710074,0.0
2077371820,3,0.375822,-0.268754,-0.534038,0.708048,0.0
2077371830,3,0.376635,-0.270743,-0.534024,0.706867,0.0
2077371840,3,0.377078,-0.27221,-0.533943,0.706128,0.0
2077371850,3,0.377305,-0.273194,-0.533882,0.705673,0.0
2077371860,3,0.377291,-0.274128,-0.533896,0.705307,0.0
2077371870,3,0.377334,-0.275221,-0.534153,0.704664,0.0
2077371880,3,0.377381,-0.276484,-0.534795,0.703656,0.0
2077371890,3,0.377971,-0.277892,-0.535424,0.702306,0.0
2077371900,3,0.37867,-0.279447,-0.535852,0.700984,0.0
2077371911,3,0.378845,-0.281263,-0.536079,0.699989,0.0
2077371921,3,0.378271,-0.283353,-0.535884,0.699606,0.0
2077371931,3,0.377833,-0.285607,-0.53528,0.699389,0.0
2077371941,3,0.37707,-0.287737,-0.534295,0.69968,0.0
2077371951,3,0.37582,-0.290214,-0.532918,0.70038,0.0
2077371961,3,0.374165,-0.292682,-0.531616,0.701228,0.0
2077371971,3,0.37281,-0.294846,-0.530858,0.701617,0.0
2077371981,3,0.371284,-0.296809,-0.530704,0.701715,0.0
2077371991,3,0.369511,-0.298723,-0.531143,0.701507,0.0
2077372001,3,0.367293,-0.300752,-0.531934,0.701205,0.0
2077372011,3,0.364902,-0.303332,-0.53272,0.700745,0.0
2077372021,3,0.362752,-0.306229,-0.533229,0.700215,0.0
2077372031,3,0.360985,-0.309273,-0.533312,0.699726,0.0
2077372041,3,0.359486,-0.312317,-0.533054,0.699342,0.0
2077372052,3,0.357875,-0.315077,-0.53275,0.699162,0.0
2077372062,3,0.35615,-0.31781,-0.532561,0.69895,0.0
2077372072,3,0.354539,-0.320613,-0.532592,0.698465,0.0
2077372082,3,0.35314,-0.323783,-0.532779,0.697568,0.0
2077372092,3,0.352044,-0.327452,-0.533009,0.696233,0.0
2077372102,3,0.351261,-0.331557,-0.533114,0.694603,0.0
2077372112,3,0.351075,-0.336086,-0.532979,0.692621,0.0
2077372122,3,0.351432,-0.340496,-0.53266,0.690529,0.0
2077372132,3,0.352455,-0.344812,-0.532084,0.688306,0.0
2077372142,3,0.354159,-0.348778,-0.531291,0.686042,0.0
2077372152,3,0.356507,-0.352115,-0.530359,0.683839,0.0
2077372162,3,0.359099,-0.354767,-0.529426,0.681832,0.0
2077372172,3,0.361376,-0.356622,-0.528525,0.680358,0.0
2077372183,3,0.363557,-0.357914,-0.527643,0.679202,0.0
2077372193,3,0.365682,-0.358759,-0.526801,0.678268,0.0
2077372203,3,0.36785,-0.358874,-0.526055,0.677614,0.0
2077372213,3,0.370186,-0.358167,-0.525315,0.677289,0.0
2077372223,3,0.37238,-0.356192,-0.524722,0.677588,0.0
2077372233,3,0.374537,-0.35339,-0.524296,0.678196,0.0
2077372243,3,0.376228,-0.350192,-0.524074,0.679089,0.0
2077372253,3,0.377745,-0.346581,-0.524282,0.679939,0.0
2077372263,3,0.379365,-0.34261,-0.524858,0.680605,0.0
2077372273,3,0.380792,-0.338164,-0.525626,0.681438,0.0
2077372283,3,0.382137,-0.333624,-0.526299,0.682403,0.0
2077372293,3,0.383313,-0.329194,-0.526756,0.683542,0.0
2077372303,3,0.384326,-0.324859,-0.526874,0.684954,0.0
2077372314,3,0.385512,-0.32036,-0.526706,0.686534,0.0
2077372324,3,0.386746,-0.315219,-0.52643,0.688429,0.0
2077372334,3,0.38775,-0.3093,-0.526164,0.690749,0.0
2077372344,3,0.387768,-0.303379,-0.526063,0.693436,0.0
2077372354,3,0.38854,-0.301163,-0.52466,0.69503,0.0
2077372364,3,0.388822,-0.300273,-0.523805,0.695903,0.0
2077372374,3,0.388646,-0.300754,-0.523669,0.695895,0.0
2077372384,3,0.388012,-0.30255,-0.524284,0.695007,0.0
2077372394,3,0.384157,-0.302616,-0.527259,0.694869,0.0
2077372404,3,0.38067,-0.304133,-0.530676,0.693523,0.0
2077372414,3,0.377764,-0.306917,-0.534455,0.690979,0.0
2077372424,3,0.375012,-0.310686,-0.538522,0.687628,0.0
2077372434,3,0.37238,-0.315038,-0.542905,0.68362,0.0
2077372445,3,0.36996,-0.319866,-0.54739,0.679101,0.0
2077372455,3,0.367419,-0.324703,-0.551797,0.674603,0.0
2077372465,3,0.36505,-0.330055,-0.555797,0.669993,0.0
2077372475,3,0.3631,-0.335991,-0.559193,0.665259,0.0
2077372485,3,0.361,-0.341925,-0.561988,0.661009,0.0
2077372495,3,0.35878,-0.347694,-0.564266,0.657258,0.0
2077372505,3,0.356695,-0.353343,-0.566023,0.65386,0.0
2077372515,3,0.354813,-0.358586,-0.567388,0.65084,0.0
2077372525,3,0.353224,-0.36331,-0.568447,0.648155,0.0
2077372535,3,0.351874,-0.36741,-0.569268,0.645853,0.0
2077372545,3,0.350691,-0.370658,-0.570021,0.643974,0.0
2077372555,3,0.349787,-0.373189,-0.570725,0.642378,0.0
2077372565,3,0.349085,-0.375211,-0.571388,0.640992,0.0
2077372575,3,0.348485,-0.376888,-0.572019,0.63977,0.0
2077372586,3,0.348108,-0.378703,-0.572509,0.638464,0.0
2077372596,3,0.347633,-0.380597,-0.572887,0.637257,0.0
2077372606,3,0.347125,-0.382391,-0.573238,0.636143,0.0
2077372616,3,0.346673,-0.38401,-0.573597,0.635089,0.0
2077372626,3,0.346457,-0.385936,-0.573846,0.633814,0.0
2077372636,3,0.346867,-0.388079,-0.573887,0.632241,0.0
2077372646,3,0.347759,-0.390026,-0.57376,0.630667,0.0
2077372656,3,0.348663,-0.391403,-0.573623,0.629439,0.0
2077372666,3,0.349655,-0.392491,-0.573414,0.6284,0.0
2077372676,3,0.350505,-0.393156,-0.573173,0.62773,0.0
2077372686,3,0.351217,-0.393225,-0.573124,0.627334,0.0
2077372696,3,0.351873,-0.393028,-0.573262,0.626964,0.0
2077372706,3,0.352414,-0.392546,-0.573603,0.62665,0.0
2077372717,3,0.352752,-0.391974,-0.574157,0.62631,0.0
2077372727,3,0.352868,-0.391774,-0.574819,0.625762,0.0
2077372737,3,0.352967,-0.391908,-0.575373,0.625113,0.0
2077372747,3,0.353342,-0.392205,-0.575681,0.624431,0.0
2077372757,3,0.353821,-0.392283,-0.575872,0.623934,0.0
2077372767,3,0.354466,-0.392421,-0.575923,0.623434,0.0
2077372777,3,0.355262,-0.392934,-0.575776,0.622793,0.0
2077372787,3,0.356061,-0.393621,-0.575537,0.622124,0.0
2077372797,3,0.356739,-0.394365,-0.575385,0.621404,0.0
2077372807,3,0.357256,-0.39526,-0.575408,0.620517,0.0
2077372817,3,0.357514,-0.396269,-0.575586,0.619559,0.0
2077372827,3,0.357556,-0.397274,-0.575867,0.618629,0.0
2077372837,3,0.35766,-0.398519,-0.576166,0.617489,0.0
2077372848,3,0.357878,-0.400009,-0.576444,0.616139,0.0
2077372858,3,0.358086,-0.401573,-0.576674,0.614784,0.0
2077372868,3,0.358269,-0.403069,-0.576867,0.613515,0.0
2077372878,3,0.358382,-0.404426,-0.577001,0.612429,0.0
2077372888,3,0.358506,-0.405734,-0.577124,0.611375,0.0
2077372898,3,0.358603,-0.406823,-0.577288,0.610439,0.0
2077372908,3,0.35868,-0.407621,-0.577438,0.60972,0.0
2077372918,3,0.358816,-0.408313,-0.577464,0.609151,0.0
2077372928,3,0.359062,-0.409007,-0.5773,0.608695,0.0
2077372938,3,0.359574,-0.409828,-0.576895,0.608225,0.0
2077372948,3,0.360354,-0.410692,-0.576235,0.607807,0.0
2077372958,3,0.361341,-0.411386,-0.575426,0.607518,0.0
2077372968,3,0.362432,-0.411802,-0.574509,0.607453,0.0
2077372979,3,0.363562,-0.411852,-0.573569,0.607633,0.0
2077372989,3,0.364797,-0.411605,-0.572663,0.607915,0.0
2077372999,3,0.366172,-0.411102,-0.571776,0.608263,0.0
2077373009,3,0.367591,-0.410291,-0.570878,0.608798,0.0
2077373019,3,0.369063,-0.409234,-0.569944,0.609494,0.0
2077373029,3,0.370567,-0.407928,-0.568933,0.6104,0.0
2077373039,3,0.372075,-0.406321,-0.567862,0.611551,0.0
2077373049,3,0.373492,-0.404375,-0.566811,0.61295,0.0
2077373059,3,0.374743,-0.402105,-0.565873,0.614545,0.0
2077373069,3,0.375841,-0.399635,-0.564965,0.616318,0.0
2077373079,3,0.377033,-0.397363,-0.563888,0.618043,0.0
2077373089,3,0.378321,-0.394781,-0.562815,0.619886,0.0
2077373099,3,0.380019,-0.39232,-0.561472,0.621625,0.0
2077373109,3,0.382271,-0.389538,-0.559994,0.623325,0.0
2077373120,3,0.385075,-0.386189,-0.55835,0.625155,0.0
2077373130,3,0.388535,-0.382374,-0.556508,0.626999,0.0
2077373140,3,0.393169,-0.378203,-0.554389,0.628515,0.0
2077373150,3,0.398281,-0.373468,-0.552103,0.630139,0.0
2077373160,3,0.403727,-0.368131,-0.549548,0.632044,0.0
2077373170,3,0.408815,-0.36212,-0.546845,0.634585,0.0
2077373180,3,0.413433,-0.355922,-0.544257,0.637319,0.0
2077373190,3,0.416486,-0.350037,-0.542172,0.64036,0.0
2077373200,3,0.418488,-0.34455,-0.540842,0.643149,0.0
2077373210,3,0.419453,-0.339683,-0.540255,0.645598,0.0
2077373220,3,0.419265,-0.335582,-0.540521,0.647639,0.0
2077373230,3,0.419778,-0.335759,-0.539712,0.64789,0.0
2077373240,3,0.416024,-0.337732,-0.538945,0.649921,0.0
2077373251,3,0.411859,-0.339975,-0.537262,0.652792,0.0
2077373261,3,0.408814,-0.340698,-0.537258,0.65433,0.0
2077373271,3,0.406313,-0.341424,-0.538023,0.65488,0.0
2077373281,3,0.405028,-0.342442,-0.538948,0.654384,0.0
2077373291,3,0.404352,-0.342965,-0.540213,0.653485,0.0
2077373301,3,0.403984,-0.343053,-0.541858,0.652303,0.0
2077373311,3,0.403722,-0.343056,-0.543771,0.65087,0.0
2077373321,3,0.403067,-0.344029,-0.545277,0.649502,0.0
2077373331,3,0.401662,-0.345909,-0.546312,0.648503,0.0
2077373341,3,0.400057,-0.348097,-0.547304,0.647487,0.0
2077373351,3,0.398796,-0.350044,-0.548586,0.646129,0.0
2077373361,3,0.397822,-0.351952,-0.549944,0.644537,0.0
2077373371,3,0.39692,-0.353445,-0.55139,0.643039,0.0
2077373382,3,0.3961,-0.354417,-0.552799,0.641798,0.0
2077373392,3,0.394685,-0.354838,-0.554439,0.641022,0.0
2077373402,3,0.392579,-0.355124,-0.556489,0.64038,0.0
2077373412,3,0.389858,-0.356319,-0.558206,0.639884,0.0
2077373422,3,0.386464,-0.357703,-0.559994,0.639608,0.0
2077373432,3,0.382926,-0.358827,-0.562145,0.639219,0.0
2077373442,3,0.378982,-0.359895,-0.564568,0.638834,0.0
2077373452,3,0.373946,-0.360805,-0.56733,0.638842,0.0
2077373462,3,0.368455,-0.3619,-0.570495,0.638594,0.0
2077373472,3,0.36284,-0.361956,-0.574499,0.638188,0.0
2077373482,3,0.357007,-0.36294,-0.577842,0.6379,0.0
2077373492,3,0.351108,-0.36381,-0.580889,0.637911,0.0
2077373502,3,0.345835,-0.364848,-0.58319,0.6381,0.0
2077373513,3,0.339961,-0.36313,-0.586196,0.639481,0.0
2077373523,3,0.334869,-0.361021,-0.588628,0.641126,0.0
2077373533,3,0.331608,-0.359227,-0.59014,0.642437,0.0
2077373543,3,0.328459,-0.356811,-0.591419,0.644222,0.0
2077373553,3,0.325325,-0.354034,-0.592393,0.646446,0.0
2077373563,3,0.322226,-0.351449,-0.592877,0.64896,0.0
2077373573,3,0.319263,-0.348986,-0.592975,0.651659,0.0
2077373583,3,0.315909,-0.346224,-0.592915,0.654813,0.0
2077373593,3,0.311763,-0.343653,-0.59274,0.658304,0.0
2077373603,3,0.307064,-0.341835,-0.592157,0.661973,0.0
2077373613,3,0.302565,-0.340672,-0.591671,0.665071,0.0
2077373623,3,0.298656,-0.339962,-0.591134,0.667675,0.0
2077373633,3,0.294985,-0.339239,-0.590458,0.670267,0.0
2077373643,3,0.291739,-0.338566,-0.589493,0.672873,0.0
2077373654,3,0.289214,-0.33781,-0.588225,0.675448,0.0
2077373664,3,0.287489,-0.336742,-0.586684,0.678052,0.0
2077373674,3,0.28651,-0.335094,-0.584939,0.680786,0.0
2077373684,3,0.286137,-0.332644,-0.583129,0.68369,0.0
2077373694,3,0.285501,-0.329186,-0.58131,0.687171,0.0
2077373704,3,0.284338,-0.32488,-0.579637,0.691104,0.0
2077373714,3,0.282881,-0.320085,-0.578237,0.6951,0.0
2077373724,3,0.282056,-0.315498,-0.577141,0.698435,0.0
2077373734,3,0.282157,-0.311401,-0.576221,0.700988,0.0
2077373744,3,0.283334,-0.308012,-0.575339,0.702733,0.0
2077373754,3,0.285825,-0.305462,-0.574424,0.703585,0.0
2077373764,3,0.290288,-0.305388,-0.572622,0.70326,0.0
2077373774,3,0.294587,-0.305329,-0.570691,0.703067,0.0
2077373785,3,0.298645,-0.305334,-0.568692,0.702972,0.0
2077373795,3,0.302449,-0.305437,-0.566697,0.702912,0.0
2077373805,3,0.306053,-0.305713,-0.564828,0.702737,0.0
2077373815,3,0.309339,-0.306012,-0.563117,0.702541,0.0
2077373825,3,0.312114,-0.306104,-0.561537,0.702538,0.0
2077373835,3,0.314269,-0.306156,-0.560126,0.702681,0.0
2077373845,3,0.315839,-0.306378,-0.558927,0.702835,0.0
2077373855,3,0.315092,-0.305408,-0.558554,0.703888,0.0
2077373865,3,0.313417,-0.304328,-0.558585,0.705079,0.0
2077373875,3,0.311358,-0.303455,-0.55902,0.706021,0.0
2077373885,3,0.309536,-0.302914,-0.559737,0.706487,0.0
2077373895,3,0.308008,-0.302635,-0.560657,0.706545,0.0
2077373905,3,0.306821,-0.30269,-0.561621,0.706272,0.0
2077373916,3,0.306212,-0.30329,-0.562502,0.705577,0.0
2077373926,3,0.306007,-0.304279,-0.563205,0.704679,0.0
2077373936,3,0.305999,-0.305552,-0.563692,0.703741,0.0
2077373946,3,0.306047,-0.307009,-0.563946,0.702882,0.0
2077373956,3,0.306056,-0.308648,-0.563931,0.702172,0.0
2077373966,3,0.306416,-0.310534,-0.563668,0.701395,0.0
2077373976,3,0.30696,-0.312456,-0.563255,0.700635,0.0
2077373986,3,0.307607,-0.314451,-0.562721,0.699887,0.0
2077373996,3,0.308331,-0.316498,-0.562106,0.69914,0.0
2077374006,3,0.308893,-0.318197,-0.561545,0.698571,0.0
2077374016,3,0.309496,-0.319761,-0.561046,0.69799,0.0
2077374026,3,0.310057,-0.321073,-0.560639,0.697466,0.0
2077374036,3,0.310616,-0.322076,-0.560319,0.697012,0.0
2077374047,3,0.311499,-0.322911,-0.56012,0.696391,0.0
2077374057,3,0.312687,-0.323499,-0.56,0.695682,0.0
2077374067,3,0.313978,-0.323726,-0.559953,0.695032,0.0
2077374077,3,0.315524,-0.323685,-0.560008,0.694307,0.0
2077374087,3,0.317245,-0.3234,-0.560088,0.69359,0.0
2077374097,3,0.318944,-0.322809,-0.560162,0.693026,0.0
2077374107,3,0.320578,-0.322004,-0.560214,0.692605,0.0
2077374117,3,0.322378,-0.321276,-0.560175,0.692138,0.0
2077374127,3,0.324378,-0.320775,-0.560044,0.691542,0.0
2077374137,3,0.326427,-0.320442,-0.55979,0.690938,0.0
2077374147,3,0.328345,-0.320173,-0.559432,0.690444,0.0
2077374157,3,0.329969,-0.319761,-0.559045,0.690174,0.0
2077374167,3,0.331183,-0.31922,-0.558682,0.690136,0.0
2077374177,3,0.332147,-0.318698,-0.558355,0.690179,0.0
2077374188,3,0.33294,-0.318035,-0.558189,0.690237,0.0
2077374198,3,0.333747,-0.317585,-0.558048,0.690169,0.0
2077374208,3,0.33477,-0.317587,-0.55783,0.689849,0.0
2077374218,3,0.335605,-0.317712,-0.557565,0.689599,0.0
2077374228,3,0.336192,-0.318095,-0.557294,0.689356,0.0
2077374238,3,0.336505,-0.318636,-0.557116,0.689098,0.0
2077374248,3,0.336504,-0.319238,-0.557104,0.688829,0.0
2077374258,3,0.336733,-0.319839,-0.557338,0.688249,0.0
2077374268,3,0.337232,-0.320409,-0.557695,0.68745,0.0
2077374278,3,0.33772,-0.320792,-0.558162,0.686652,0.0
2077374288,3,0.338124,-0.32113,-0.558634,0.685911,0.0
2077374298,3,0.338308,-0.321461,-0.559115,0.685272,0.0
2077374308,3,0.338272,-0.321777,-0.559627,0.684725,0.0
2077374319,3,0.338238,-0.322049,-0.560193,0.684151,0.0
2077374329,3,0.338271,-0.322178,-0.560837,0.683546,0.0
2077374339,3,0.338562,-0.322303,-0.561441,0.682847,0.0
2077374349,3,0.338959,-0.322311,-0.561951,0.682225,0.0
2077374359,3,0.339205,-0.322206,-0.562313,0.681854,0.0
2077374369,3,0.33919,-0.32207,-0.562536,0.681742,0.0
2077374379,3,0.338802,-0.321944,-0.562669,0.681885,0.0
2077374389,3,0.338054,-0.321804,-0.562788,0.682224,0.0
2077374399,3,0.337143,-0.321657,-0.562984,0.682582,0.0
2077374409,3,0.33612,-0.321443,-0.563267,0.682954,0.0
2077374419,3,0.335155,-0.321093,-0.563659,0.68327,0.0
2077374429,3,0.334301,-0.320731,-0.564146,0.683456,0.0
2077374439,3,0.333695,-0.320561,-0.564622,0.683439,0.0
2077374450,3,0.333397,-0.320666,-0.564985,0.683235,0.0
2077374460,3,0.333187,-0.320989,-0.565244,0.682972,0.0
2077374470,3,0.332912,-0.321355,-0.565405,0.6828,0.0
2077374480,3,0.332828,-0.321992,-0.565464,0.682493,0.0
2077374490,3,0.332894,-0.32253,-0.565506,0.682171,0.0
2077374500,3,0.333105,-0.322914,-0.565505,0.681888,0.0
2077374510,3,0.333562,-0.323315,-0.565425,0.68154,0.0
2077374520,3,0.334116,-0.323671,-0.565324,0.681183,0.0
2077374530,3,0.334597,-0.323845,-0.56523,0.680942,0.0
2077374540,3,0.334904,-0.323808,-0.565204,0.680831,0.0
2077374550,3,0.334991,-0.323571,-0.565269,0.680846,0.0
2077374560,3,0.335013,-0.32312,-0.565487,0.680869,0.0
2077374570,3,0.335387,-0.322778,-0.565753,0.680626,0.0
2077374581,3,0.336055,-0.322431,-0.565949,0.680298,0.0
2077374591,3,0.336971,-0.322235,-0.565957,0.679931,0.0
2077374601,3,0.337836,-0.321964,-0.565806,0.679755,0.0
2077374611,3,0.338361,-0.321493,-0.565587,0.6799,0.0
2077374621,3,0.338503,-0.320837,-0.565398,0.680295,0.0
2077374631,3,0.33833,-0.320074,-0.565324,0.680803,0.0
2077374641,3,0.338038,-0.319246,-0.565441,0.681239,0.0
2077374651,3,0.337553,-0.31837,-0.565737,0.681643,0.0
2077374661,3,0.336926,-0.317555,-0.56623,0.681925,0.0
2077374671,3,0.336448,-0.317016,-0.566882,0.68187,0.0
2077374681,3,0.336294,-0.316787,-0.567618,0.68144,0.0
2077374691,3,0.33634,-0.316538,-0.568372,0.680905,0.0
2077374701,3,0.336573,-0.31617,-0.569077,0.680371,0.0
2077374711,3,0.336826,-0.315981,-0.569669,0.679838,0.0
2077374722,3,0.336963,-0.31588,-0.570135,0.679426,0.0
2077374732,3,0.336948,-0.315915,-0.570513,0.6791,0.0
2077374742,3,0.336798,-0.315923,-0.570875,0.678867,0.0
2077374752,3,0.336424,-0.315836,-0.571319,0.678718,0.0
2077374762,3,0.336035,-0.315607,-0.571883,0.678543,0.0
2077374772,3,0.335728,-0.315336,-0.57252,0.678284,0.0
2077374782,3,0.335687,-0.315069,-0.57315,0.677896,0.0
2077374792,3,0.335845,-0.314822,-0.573695,0.677472,0.0
2077374802,3,0.33604,-0.314683,-0.574115,0.677084,0.0
2077374812,3,0.33621,-0.314679,-0.574456,0.676711,0.0
2077374822,3,0.336344,-0.314802,-0.574755,0.676334,0.0
2077374832,3,0.336261,-0.31497,-0.57498,0.676105,0.0
2077374842,3,0.335909,-0.315002,-0.575218,0.676063,0.0
2077374853,3,0.335367,-0.315038,-0.575458,0.676111,0.0
2077374863,3,0.334895,-0.315102,-0.575768,0.676051,0.0
2077374873,3,0.334687,-0.315328,-0.576091,0.675774,0.0
2077374883,3,0.334734,-0.315472,-0.57641,0.675411,0.0
2077374893,3,0.334888,-0.315641,-0.576639,0.675061,0.0
2077374903,3,0.334916,-0.315616,-0.576799,0.674922,0.0
2077374913,3,0.334855,-0.315731,-0.576894,0.674817,0.0
2077374923,3,0.33477,-0.315948,-0.576972,0.674691,0.0
2077374933,3,0.334548,-0.316114,-0.577117,0.674599,0.0
2077374943,3,0.334319,-0.316264,-0.577349,0.674444,0.0
2077374953,3,0.334185,-0.31651,-0.57763,0.674154,0.0
2077374963,3,0.334075,-0.316778,-0.577917,0.673836,0.0
2077374973,3,0.33384,-0.316969,-0.578196,0.673624,0.0
2077374984,3,0.333513,-0.317123,-0.578569,0.673393,0.0
2077374994,3,0.333115,-0.31725,-0.578926,0.673223,0.0
2077375004,3,0.332596,-0.317215,-0.579295,0.673179,0.0
2077375014,3,0.332009,-0.317081,-0.579717,0.673169,0.0
2077375024,3,0.331578,-0.317037,-0.580128,0.673048,0.0
2077375034,3,0.331237,-0.317024,-0.580451,0.672943,0.0
2077375044,3,0.330905,-0.317001,-0.580715,0.672889,0.0
2077375054,3,0.330428,-0.316988,-0.580914,0.672958,0.0
2077375064,3,0.329772,-0.317024,-0.581102,0.673101,0.0
2077375074,3,0.328963,-0.316939,-0.581344,0.673328,0.0
2077375084,3,0.328206,-0.316818,-0.581676,0.673467,0.0
2077375094,3,0.327745,-0.316791,-0.582049,0.673383,0.0
2077375104,3,0.327449,-0.31677,-0.582411,0.673223,0.0
2077375115,3,0.327232,-0.316967,-0.582702,0.672984,0.0
2077375125,3,0.327075,-0.317351,-0.582907,0.672701,0.0
2077375135,3,0.326742,-0.317796,-0.583095,0.672491,0.0
2077375145,3,0.326256,-0.318211,-0.583328,0.672328,0.0
2077375155,3,0.325678,-0.318457,-0.583662,0.672203,0.0
2077375165,3,0.325098,-0.318572,-0.584017,0.67212,0.0
2077375175,3,0.324553,-0.31874,-0.584431,0.671944,0.0
2077375185,3,0.32457,-0.319368,-0.584629,0.671465,0.0
2077375195,3,0.325036,-0.320516,-0.584488,0.670815,0.0
2077375205,3,0.325826,-0.321854,-0.584028,0.670191,0.0
2077375215,3,0.326952,-0.323277,-0.583316,0.669578,0.0
2077375225,3,0.327913,-0.324272,-0.582683,0.669178,0.0
2077375235,3,0.328289,-0.32443,-0.582373,0.669187,0.0
2077375245,3,0.328327,-0.324151,-0.582283,0.669382,0.0
2077375256,3,0.327986,-0.323414,-0.582476,0.669737,0.0
2077375266,3,0.327348,-0.322208,-0.582931,0.670235,0.0
2077375276,3,0.326504,-0.320675,-0.583599,0.6708,0.0
2077375366,3,0.325679,-0.320049,-0.584105,0.67106,0.0
2077375376,3,0.324122,-0.318967,-0.584995,0.671554,0.0
2077375387,3,0.322681,-0.318006,-0.58575,0.672045,0.0
2077375397,3,0.321505,-0.317334,-0.586357,0.672397,0.0
2077375407,3,0.3206,-0.316876,-0.58686,0.672606,0.0
