gravity,mtk,2026-05-28_22-10-22.697_Active 10 Pro
imuTimestamp,accuracy(more=better),grav_x[m/s^2],grav_y[m/s^2],grav_z[m/s^2]
885954431,3,0.262458,0.270574,9.798571
885954441,3,0.282821,0.278312,9.798617
885954451,3,0.293292,0.280565,9.798247
885954462,3,0.28319,0.274479,9.798716
885954472,3,0.286992,0.262594,9.798929
885954482,3,0.276038,0.280376,9.798751
885954492,3,0.277606,0.265322,9.799128
885954502,3,0.286937,0.271406,9.798695
885954512,3,0.282548,0.273708,9.798758
885954522,3,0.282158,0.269178,9.798896
885954532,3,0.289233,0.280524,9.798368
885954542,3,0.280528,0.278865,9.798672
885954552,3,0.280245,0.276668,9.798738
885954562,3,0.275671,0.283396,9.798677
885954572,3,0.290967,0.267446,9.79868
885954582,3,0.285261,0.262279,9.798993
885954592,3,0.284891,0.273429,9.798697
885954603,3,0.286964,0.278378,9.798498
885954613,3,0.276093,0.278439,9.79881
885954623,3,0.275531,0.278446,9.798825
885954633,3,0.274418,0.278456,9.798855
885954643,3,0.272759,0.278459,9.798899
885954653,3,0.27057,0.278459,9.798955
885954663,3,0.267863,0.278455,9.799024
885954673,3,0.264641,0.278442,9.799103
885954683,3,0.260906,0.278409,9.799194
885954693,3,0.256669,0.27837,9.799295
885954703,3,0.251955,0.278335,9.799406
885954713,3,0.246768,0.278292,9.799525
885954723,3,0.241112,0.278241,9.799653
885954733,3,0.235012,0.278175,9.799789
885954744,3,0.228464,0.278103,9.799932
885954754,3,0.221479,0.278021,9.80008
885954764,3,0.214068,0.277924,9.800235
885954774,3,0.206245,0.277823,9.800395
885954784,3,0.197997,0.277722,9.800561
885954794,3,0.189345,0.277612,9.800731
885954804,3,0.179726,0.277489,9.800921
885954814,3,0.170307,0.277363,9.8011
885954824,3,0.161071,0.277221,9.801265
885954834,3,0.152014,0.277076,9.80142
885954844,3,0.143135,0.276925,9.801564
885954854,3,0.134413,0.276773,9.801697
885954864,3,0.125859,0.276631,9.801819
885954875,3,0.117481,0.276492,9.801931
885954885,3,0.109276,0.276355,9.802035
885954895,3,0.101235,0.276221,9.80213
885954905,3,0.093346,0.27609,9.802217
885954915,3,0.085614,0.275954,9.802294
885954925,3,0.078041,0.275815,9.802364
885954935,3,0.070614,0.275685,9.802428
885954945,3,0.063316,0.275559,9.802485
885954955,3,0.056158,0.275443,9.802535
885954965,3,0.04913,0.275331,9.80258
885954975,3,0.042236,0.275198,9.802619
885954985,3,0.035481,0.275042,9.802653
885954995,3,0.028852,0.274887,9.802682
885955005,3,0.02232,0.274755,9.802705
885955016,3,0.015892,0.274633,9.802723
885955026,3,0.009575,0.274515,9.802736
885955036,3,0.003373,0.274395,9.802746
885955046,3,-0.002732,0.274266,9.802752
885955056,3,-0.008719,0.274171,9.802753
885955066,3,-0.014586,0.274064,9.802752
885955076,3,-0.020336,0.273942,9.802748
885955086,3,-0.025984,0.273841,9.802739
885955096,3,-0.031491,0.273748,9.802728
885955106,3,-0.036901,0.273675,9.802712
885955116,3,-0.042173,0.273606,9.802694
885955126,3,-0.047332,0.273498,9.802676
885955136,3,-0.052406,0.273424,9.802654
885955146,3,-0.05734,0.273348,9.80263
885955157,3,-0.062173,0.273262,9.802606
885955167,3,-0.066895,0.273173,9.80258
885955177,3,-0.071512,0.273107,9.80255
885955187,3,-0.076057,0.273072,9.802519
885955197,3,-0.080522,0.273042,9.802486
885955207,3,-0.08488,0.272987,9.802453
885955217,3,-0.089167,0.27291,9.802418
885955227,3,-0.093399,0.272816,9.802382
885955237,3,-0.09755,0.272747,9.802344
885955247,3,-0.101546,0.272628,9.802308
885955257,3,-0.105502,0.2725,9.802271
885955267,3,-0.109376,0.272366,9.802233
885955277,3,-0.11317,0.272251,9.802193
885955288,3,-0.116902,0.272148,9.802153
885955298,3,-0.120595,0.27202,9.802111
885955308,3,-0.124213,0.271886,9.802071
885955318,3,-0.12768,0.271906,9.802027
885955328,3,-0.130806,0.272285,9.801976
885955338,3,-0.133401,0.273004,9.801924
885955348,3,-0.135411,0.274157,9.801866
885955358,3,-0.136748,0.275777,9.801802
885955368,3,-0.137461,0.277886,9.801729
885955378,3,-0.137647,0.280434,9.801649
885955388,3,-0.137309,0.283346,9.801564
885955398,3,-0.13647,0.286591,9.801473
885955408,3,-0.135169,0.290216,9.801374
885955418,3,-0.133392,0.294265,9.801265
885955429,3,-0.131123,0.298737,9.801146
885955439,3,-0.128403,0.303528,9.80102
885955449,3,-0.125337,0.308671,9.800883
885955459,3,-0.121857,0.31406,9.800743
885955469,3,-0.118072,0.319634,9.800599
885955479,3,-0.114078,0.325301,9.800453
885955489,3,-0.109878,0.331032,9.800309
885955499,3,-0.105475,0.336888,9.800161
885955509,3,-0.100838,0.342942,9.800009
885955519,3,-0.096084,0.349106,9.79985
885955529,3,-0.091394,0.355168,9.799692
885955539,3,-0.086997,0.361018,9.799532
885955549,3,-0.08305,0.366533,9.799376
885955559,3,-0.07968,0.371565,9.799226
885955570,3,-0.076909,0.376021,9.799088
885955580,3,-0.074699,0.379837,9.798969
885955590,3,-0.073056,0.382962,9.798869
885955600,3,-0.072112,0.385284,9.798793
885955610,3,-0.071977,0.386604,9.798746
885955620,3,-0.072656,0.386674,9.798737
885955630,3,-0.07422,0.385249,9.79877
885955640,3,-0.076774,0.381967,9.798855
885955650,3,-0.080358,0.376213,9.799001
885955660,3,-0.084841,0.367706,9.799201
885955670,3,-0.089754,0.356743,9.799448
885955680,3,-0.095128,0.344207,9.799711
885955690,3,-0.100853,0.330144,9.79999
885955700,3,-0.107048,0.31427,9.800281
885955711,3,-0.11384,0.296094,9.800578
885955721,3,-0.121111,0.27486,9.800878
885955731,3,-0.128546,0.250055,9.801163
885955741,3,-0.13549,0.22202,9.801425
885955751,3,-0.141224,0.19119,9.801664
885955761,3,-0.146233,0.15809,9.801859
885955771,3,-0.149633,0.124014,9.802044
885955781,3,-0.150795,0.089086,9.802214
885955791,3,-0.15014,0.053257,9.802346
885955801,3,-0.147137,0.016931,9.802439
885955811,3,-0.141154,-0.019922,9.802469
885955821,3,-0.132761,-0.056516,9.802444
885955831,3,-0.121683,-0.092453,9.802353
885955842,3,-0.107104,-0.12714,9.802174
885955852,3,-0.088335,-0.159533,9.80188
885955862,3,-0.065903,-0.189503,9.801457
885955872,3,-0.041142,-0.21626,9.800969
885955882,3,-0.013997,-0.240761,9.800422
885955892,3,0.016234,-0.26313,9.799776
885955902,3,0.049387,-0.282561,9.799051
885955912,3,0.084573,-0.298352,9.798299
885955922,3,0.121906,-0.309563,9.797508
885955932,3,0.161009,-0.316082,9.796679
885955942,3,0.200998,-0.317966,9.795826
885955952,3,0.240943,-0.315397,9.794963
885955962,3,0.281125,-0.308804,9.794112
885955972,3,0.320481,-0.299485,9.793247
885955983,3,0.358309,-0.287495,9.792368
885955993,3,0.395243,-0.272688,9.791476
885956003,3,0.426285,-0.25361,9.790863
885956013,3,0.454927,-0.232204,9.790283
885956023,3,0.481792,-0.209017,9.789721
885956033,3,0.502894,-0.182393,9.789367
885956043,3,0.517569,-0.152731,9.789195
885956053,3,0.528649,-0.122564,9.789083
885956063,3,0.533318,-0.089677,9.789133
885956073,3,0.53246,-0.055352,9.789262
885956083,3,0.52915,-0.02161,9.789442
885956093,3,0.519836,0.013665,9.789721
885956103,3,0.504759,0.049703,9.790064
885956113,3,0.485152,0.085963,9.7904
885956124,3,0.460767,0.122118,9.790728
885956134,3,0.4317,0.158613,9.791044
885956144,3,0.398398,0.195031,9.79132
885956154,3,0.361198,0.230997,9.791535
885956164,3,0.320453,0.266532,9.791664
885956174,3,0.276547,0.301787,9.791681
885956184,3,0.229634,0.336726,9.791574
885956194,3,0.179519,0.371231,9.791347
885956204,3,0.130911,0.403203,9.790728
885956214,3,0.079923,0.434435,9.78999
885956224,3,0.026871,0.464732,9.789163
885956234,3,-0.024235,0.492435,9.788042
885956244,3,-0.073489,0.517828,9.786664
885956255,3,-0.124155,0.543287,9.785147
885956265,3,-0.17287,0.566622,9.783422
885956275,3,-0.219482,0.588349,9.781501
885956285,3,-0.266929,0.610824,9.779414
885956295,3,-0.312216,0.632259,9.777149
885956305,3,-0.354593,0.652425,9.77481
885956315,3,-0.39305,0.669779,9.77265
885956325,3,-0.42804,0.684811,9.770623
885956335,3,-0.459747,0.697806,9.768722
885956345,3,-0.487917,0.708636,9.767009
885956355,3,-0.513171,0.717868,9.765427
885956365,3,-0.535328,0.725306,9.764026
885956375,3,-0.554482,0.730966,9.762819
885956385,3,-0.570741,0.734803,9.761825
885956396,3,-0.584142,0.73712,9.76103
885956406,3,-0.594803,0.738301,9.760422
885956416,3,-0.602826,0.738512,9.759995
885956426,3,-0.608524,0.738015,9.759727
885956436,3,-0.61213,0.736731,9.759623
885956446,3,-0.613601,0.734624,9.759687
885956456,3,-0.613033,0.73142,9.759947
885956466,3,-0.610566,0.727298,9.760382
885956476,3,-0.606355,0.721986,9.76101
885956486,3,-0.600567,0.715288,9.761839
885956496,3,-0.593495,0.706753,9.76289
885956506,3,-0.586002,0.696496,9.76409
885956516,3,-0.579568,0.685829,9.765223
885956526,3,-0.573984,0.674288,9.766336
885956537,3,-0.569687,0.66264,9.767374
885956547,3,-0.567564,0.652642,9.768173
885956557,3,-0.567178,0.644889,9.768728
885956567,3,-0.568671,0.639987,9.768976
885956577,3,-0.571646,0.637618,9.768953
885956587,3,-0.575745,0.636978,9.768729
885956597,3,-0.580585,0.636863,9.768419
885956607,3,-0.585746,0.636561,9.768103
885956617,3,-0.590963,0.635959,9.767807
885956627,3,-0.596203,0.635057,9.767531
885956637,3,-0.601415,0.634193,9.76726
885956647,3,-0.606578,0.633692,9.76697
885956657,3,-0.611616,0.633573,9.766666
885956668,3,-0.616452,0.633605,9.766371
885956678,3,-0.621137,0.633813,9.766077
885956688,3,-0.625843,0.634719,9.765738
885956698,3,-0.63099,0.637399,9.765256
885956708,3,-0.636759,0.642466,9.764574
885956718,3,-0.642851,0.649959,9.76371
885956728,3,-0.648683,0.659348,9.762743
885956738,3,-0.65368,0.669351,9.761786
885956748,3,-0.657612,0.678354,9.760942
885956758,3,-0.660428,0.68541,9.76028
885956768,3,-0.662269,0.690161,9.75982
885956778,3,-0.66339,0.692843,9.759548
885956788,3,-0.663916,0.694362,9.759399
885956798,3,-0.664095,0.695893,9.759274
885956809,3,-0.664258,0.698202,9.75909
885956819,3,-0.664738,0.701591,9.758809
885956829,3,-0.665644,0.706156,9.758412
885956839,3,-0.667021,0.711386,9.757936
885956849,3,-0.668958,0.716657,9.757416
885956859,3,-0.671674,0.721652,9.756865
885956869,3,-0.675259,0.726355,9.756279
885956879,3,-0.679638,0.730667,9.755671
885956889,3,-0.684562,0.734017,9.755096
885956899,3,-0.689618,0.735674,9.754625
885956909,3,-0.694617,0.735459,9.754287
885956919,3,-0.699674,0.733638,9.754055
885956929,3,-0.705048,0.730664,9.753878
885956939,3,-0.710672,0.726778,9.753743
885956950,3,-0.716314,0.722222,9.753646
885956960,3,-0.72179,0.717096,9.753593
885956970,3,-0.726983,0.711468,9.753592
885956980,3,-0.732079,0.705432,9.75362
885956990,3,-0.737102,0.698976,9.75368
885957000,3,-0.741984,0.692084,9.753781
885957010,3,-0.746709,0.68489,9.753916
885957020,3,-0.751186,0.677493,9.754086
885957030,3,-0.755269,0.669754,9.754315
885957040,3,-0.758742,0.661756,9.754613
885957050,3,-0.761107,0.653479,9.755013
885957060,3,-0.761918,0.645247,9.755523
885957070,3,-0.760913,0.63744,9.756128
885957081,3,-0.757966,0.630366,9.756817
885957091,3,-0.752871,0.624063,9.757591
885957101,3,-0.745239,0.61815,9.758496
885957111,3,-0.734757,0.612364,9.759559
885957121,3,-0.721232,0.606731,9.760775
885957131,3,-0.704705,0.601369,9.762122
885957141,3,-0.685353,0.59629,9.763577
885957151,3,-0.663438,0.591478,9.765122
885957161,3,-0.639381,0.586977,9.766728
885957171,3,-0.613397,0.582743,9.768384
885957181,3,-0.585377,0.578369,9.770107
885957191,3,-0.555224,0.573273,9.771916
885957201,3,-0.522941,0.56685,9.773818
885957211,3,-0.488681,0.558702,9.775814
885957222,3,-0.452637,0.54878,9.777889
885957232,3,-0.415273,0.537094,9.780019
885957242,3,-0.376856,0.523355,9.782183
885957252,3,-0.337821,0.507267,9.784338
885957262,3,-0.298388,0.488214,9.786448
885957272,3,-0.25866,0.465426,9.788491
885957282,3,-0.220738,0.442501,9.790425
885957292,3,-0.184751,0.419408,9.792244
885957302,3,-0.150858,0.396364,9.793918
885957312,3,-0.119315,0.373505,9.79544
885957322,3,-0.090405,0.350955,9.796807
885957332,3,-0.064376,0.328649,9.798033
885957342,3,-0.041233,0.306611,9.799136
885957352,3,-0.020792,0.284769,9.800143
885957363,3,-0.002833,0.262549,9.801086
885957373,3,0.012895,0.239546,9.801981
885957383,3,0.026732,0.216181,9.802809
885957393,3,0.039268,0.193578,9.803533
885957403,3,0.049946,0.165519,9.804122
885957413,3,0.059003,0.138271,9.804586
885957423,3,0.06752,0.112112,9.80494
885957433,3,0.076516,0.087092,9.805185
885957443,3,0.084533,0.063982,9.805346
885957453,3,0.092265,0.043571,9.80541
885957463,3,0.100863,0.026204,9.805344
885957473,3,0.109355,0.012535,9.805178
885957483,3,0.119007,-4.24E-4,9.80499
885957493,3,0.130298,-0.012751,9.804756
885957504,3,0.143166,-0.024506,9.804469
885957514,3,0.157268,-0.035455,9.80414
885957524,3,0.172338,-0.045218,9.803784
885957534,3,0.18871,-0.053664,9.803389
885957544,3,0.206413,-0.061027,9.802953
885957554,3,0.224995,-0.067154,9.802497
885957564,3,0.244494,-0.071486,9.802021
885957574,3,0.26496,-0.073806,9.801511
885957584,3,0.285643,-0.074367,9.800982
885957594,3,0.305176,-0.073446,9.800468
885957604,3,0.324219,-0.064417,9.799968
885957614,3,0.342972,-0.053554,9.799463
885957624,3,0.360096,-0.04111,9.798977
885957635,3,0.374877,-0.027218,9.798523
885957645,3,0.384613,-0.011663,9.798236
885957655,3,0.388751,0.005412,9.798074
885957665,3,0.389813,0.022894,9.797978
885957675,3,0.385849,0.041943,9.797974
885957685,3,0.3775,0.061732,9.798006
885957695,3,0.364207,0.082494,9.798071
885957705,3,0.346657,0.104125,9.798153
885957715,3,0.325479,0.126357,9.798228
885957725,3,0.301052,0.148856,9.798265
885957735,3,0.273746,0.171494,9.798265
885957745,3,0.243904,0.19438,9.798227
885957755,3,0.212145,0.217505,9.798119
885957765,3,0.178754,0.240658,9.797935
885957776,3,0.143775,0.263995,9.797688
885957786,3,0.107641,0.287788,9.797356
885957796,3,0.070993,0.311737,9.796915
885957806,3,0.033918,0.336002,9.796381
885957816,3,-0.003698,0.360713,9.795778
885957826,3,-0.041276,0.385815,9.795088
885957836,3,-0.078643,0.411302,9.794313
885957846,3,-0.111394,0.436392,9.793308
885957856,3,-0.13948,0.460984,9.792129
885957866,3,-0.166702,0.486392,9.790876
885957876,3,-0.190147,0.511276,9.789528
885957886,3,-0.209598,0.535511,9.788122
885957896,3,-0.224976,0.558822,9.786703
885957906,3,-0.237077,0.581188,9.785305
885957917,3,-0.246168,0.602441,9.783959
885957927,3,-0.252306,0.622329,9.782696
885957937,3,-0.256022,0.640892,9.781523
885957947,3,-0.257644,0.658115,9.780446
885957957,3,-0.257303,0.673796,9.779486
885957967,3,-0.255301,0.688027,9.778634
885957977,3,-0.252184,0.700531,9.77791
885957987,3,-0.24825,0.711255,9.77731
885957997,3,-0.243497,0.72024,9.776838
885958007,3,-0.238227,0.727352,9.776496
885958017,3,-0.232756,0.732729,9.776274
885958027,3,-0.22718,0.736359,9.776168
885958037,3,-0.221644,0.738262,9.776178
885958048,3,-0.216375,0.738577,9.776289
885958058,3,-0.211476,0.737314,9.776502
885958068,3,-0.207,0.734574,9.776807
885958078,3,-0.203141,0.730538,9.777189
885958088,3,-0.200023,0.725342,9.777637
885958098,3,-0.197697,0.719199,9.778133
885958108,3,-0.196084,0.712287,9.778667
885958118,3,-0.19515,0.704864,9.779222
885958128,3,-0.19482,0.697206,9.779775
885958138,3,-0.195031,0.689318,9.780328
885958148,3,-0.195777,0.681283,9.780877
885958158,3,-0.19689,0.673232,9.781413
885958168,3,-0.198375,0.665091,9.781944
885958178,3,-0.19988,0.657151,9.782454
885958189,3,-0.201266,0.649286,9.782954
885958199,3,-0.202624,0.641575,9.78344
885958209,3,-0.203982,0.634021,9.783907
885958219,3,-0.205298,0.626676,9.784357
885958229,3,-0.206619,0.619547,9.784788
885958239,3,-0.207818,0.612763,9.785196
885958249,3,-0.20867,0.606468,9.785579
885958259,3,-0.208927,0.60102,9.785919
885958269,3,-0.208261,0.596742,9.786203
885958279,3,-0.206385,0.593812,9.786427
885958289,3,-0.203265,0.592265,9.786582
885958299,3,-0.19892,0.591873,9.78668
885958309,3,-0.193516,0.592559,9.786716
885958319,3,-0.187187,0.594212,9.786699
885958330,3,-0.180076,0.596628,9.786639
885958340,3,-0.172257,0.599805,9.786534
885958350,3,-0.163743,0.603715,9.786385
885958360,3,-0.154677,0.608275,9.786194
885958370,3,-0.145003,0.613518,9.785962
885958380,3,-0.134783,0.619376,9.785691
885958390,3,-0.123939,0.625953,9.785373
885958400,3,-0.112353,0.633223,9.785009
885958410,3,-0.099972,0.641221,9.784596
885958420,3,-0.086741,0.649771,9.784144
885958430,3,-0.072736,0.658699,9.783667
885958440,3,-0.058526,0.667869,9.783168
885958450,3,-0.044167,0.677003,9.782663
885958461,3,-0.030019,0.685794,9.782162
885958471,3,-0.016458,0.693882,9.781681
885958481,3,-0.003669,0.700997,9.781238
885958491,3,0.008265,0.707046,9.780841
885958501,3,0.019322,0.712148,9.78049
885958511,3,0.029585,0.716461,9.780179
885958521,3,0.039294,0.720152,9.779898
885958531,3,0.048658,0.723329,9.779642
885958541,3,0.057702,0.725979,9.779414
885958551,3,0.066394,0.72807,9.779222
885958561,3,0.074679,0.729627,9.779063
885958571,3,0.082489,0.730646,9.778941
885958581,3,0.089832,0.731188,9.778852
885958591,3,0.096527,0.730979,9.77882
885958602,3,0.101749,0.729569,9.778884
885958612,3,0.105508,0.727318,9.77902
885958622,3,0.108104,0.724428,9.779207
885958632,3,0.109611,0.721227,9.779427
885958642,3,0.110378,0.717899,9.779661
885958652,3,0.110222,0.714589,9.779902
885958662,3,0.109208,0.711398,9.780142
885958672,3,0.107426,0.70836,9.780375
885958682,3,0.104905,0.70541,9.780608
885958692,3,0.101717,0.70254,9.78084
885958702,3,0.097988,0.699759,9.781067
885958712,3,0.093862,0.696875,9.781303
885958722,3,0.089258,0.693653,9.781568
885958732,3,0.084015,0.689895,9.781874
885958743,3,0.078096,0.685515,9.782223
885958753,3,0.071518,0.680425,9.782619
885958763,3,0.064277,0.674587,9.783064
885958773,3,0.056394,0.668067,9.783545
885958783,3,0.0479,0.660857,9.784066
885958793,3,0.038925,0.653288,9.784597
885958803,3,0.030206,0.645858,9.785096
885958813,3,0.02179,0.638283,9.785585
885958823,3,0.01345,0.630547,9.786072
885958833,3,0.005251,0.622631,9.786561
885958843,3,-0.002665,0.614489,9.787055
885958853,3,-0.010229,0.606084,9.78756
885958863,3,-0.017467,0.597272,9.788083
885958873,3,-0.024438,0.588024,9.788628
885958884,3,-0.031244,0.578425,9.789186
885958894,3,-0.038025,0.568588,9.789751
885958904,3,-0.044905,0.558522,9.790321
885958914,3,-0.05207,0.548305,9.790888
885958924,3,-0.059552,0.538049,9.791442
885958934,3,-0.067293,0.527942,9.79197
885958944,3,-0.075246,0.518116,9.79246
885958954,3,-0.083351,0.508758,9.792903
885958964,3,-0.09149,0.499911,9.793296
885958974,3,-0.099583,0.491587,9.793642
885958984,3,-0.10717,0.484015,9.793941
885958994,3,-0.114162,0.476977,9.79421
885959004,3,-0.120789,0.47045,9.794448
885959015,3,-0.127087,0.464396,9.794658
885959025,3,-0.13312,0.45869,9.794849
885959035,3,-0.139011,0.453186,9.795028
885959045,3,-0.144795,0.447721,9.795202
885959055,3,-0.150469,0.442317,9.795374
885959065,3,-0.156065,0.437012,9.795538
885959075,3,-0.161558,0.431812,9.795693
885959085,3,-0.16693,0.426697,9.795843
885959095,3,-0.172139,0.421592,9.795989
885959105,3,-0.177189,0.416583,9.796127
885959115,3,-0.182039,0.411659,9.796259
885959125,3,-0.186709,0.406752,9.796384
885959135,3,-0.191181,0.401816,9.796507
885959145,3,-0.195425,0.396797,9.796628
885959156,3,-0.199445,0.391572,9.796751
885959166,3,-0.203288,0.386025,9.79688
885959176,3,-0.207009,0.379969,9.79702
885959186,3,-0.211224,0.372997,9.797171
885959196,3,-0.21603,0.3652,9.797326
885959206,3,-0.221213,0.356554,9.797488
885959216,3,-0.226891,0.347071,9.797651
885959226,3,-0.233145,0.336841,9.797809
885959236,3,-0.239924,0.32583,9.797961
885959246,3,-0.247221,0.314009,9.798105
885959256,3,-0.255046,0.301258,9.798241
885959266,3,-0.263405,0.287576,9.798365
885959276,3,-0.272239,0.27301,9.798476
885959286,3,-0.281509,0.257508,9.79857
885959297,3,-0.291207,0.241047,9.79864
885959307,3,-0.301299,0.223546,9.798687
885959317,3,-0.311769,0.205132,9.798704
885959327,3,-0.322588,0.186023,9.798682
885959337,3,-0.333762,0.166412,9.798617
885959347,3,-0.345271,0.146467,9.798506
885959357,3,-0.357059,0.126376,9.798346
885959367,3,-0.369038,0.106353,9.798136
885959377,3,-0.381091,0.086623,9.797879
885959387,3,-0.392989,0.067389,9.797583
885959397,3,-0.404594,0.048728,9.797253
885959407,3,-0.415843,0.030643,9.7969
885959417,3,-0.42664,0.013159,9.796529
885959428,3,-0.436906,-0.003708,9.79615
885959438,3,-0.446539,-0.019802,9.795774
885959448,3,-0.455497,-0.034866,9.795405
885959458,3,-0.463655,-0.048701,9.795053
885959468,3,-0.470801,-0.06133,9.794732
885959478,3,-0.476901,-0.072666,9.794448
885959488,3,-0.481886,-0.082528,9.794207
885959498,3,-0.485697,-0.090763,9.794014
885959508,3,-0.488322,-0.097219,9.793874
885959518,3,-0.489711,-0.10189,9.793792
885959528,3,-0.489791,-0.104913,9.793775
885959538,3,-0.488593,-0.106605,9.793818
885959548,3,-0.486154,-0.107274,9.793924
885959558,3,-0.482512,-0.106931,9.794089
885959569,3,-0.477766,-0.105366,9.794313
885959579,3,-0.471964,-0.102388,9.794594
885959589,3,-0.465161,-0.097924,9.794924
885959599,3,-0.457413,-0.091936,9.7953
885959609,3,-0.448774,-0.084348,9.795712
885959619,3,-0.439269,-0.075031,9.796156
885959629,3,-0.428859,-0.064056,9.796625
885959639,3,-0.417614,-0.051521,9.797106
885959649,3,-0.405561,-0.037554,9.79759
885959659,3,-0.392796,-0.022174,9.798059
885959669,3,-0.379486,-0.005469,9.798502
885959679,3,-0.36614,0.011496,9.798919
885959689,3,-0.353416,0.02828,9.799299
885959699,3,-0.341255,0.045143,9.799635
885959710,3,-0.329571,0.062476,9.799917
885959720,3,-0.318621,0.080777,9.80012
885959730,3,-0.308577,0.10079,9.800214
885959740,3,-0.299534,0.123393,9.800161
885959750,3,-0.291506,0.149212,9.799931
885959760,3,-0.284163,0.178318,9.799498
885959770,3,-0.277155,0.210662,9.798833
885959780,3,-0.270118,0.246109,9.797899
885959790,3,-0.262535,0.284692,9.796669
885959800,3,-0.25375,0.326449,9.795104
885959810,3,-0.243733,0.36799,9.793464
885959820,3,-0.232113,0.409166,9.791743
885959830,3,-0.218792,0.44998,9.789929
885959841,3,-0.203191,0.490228,9.788027
885959851,3,-0.184997,0.533405,9.785665
885959861,3,-0.163566,0.57543,9.783203
885959871,3,-0.140973,0.617801,9.780512
885959881,3,-0.114479,0.659425,9.77773
885959891,3,-0.087026,0.698797,9.775146
885959901,3,-0.059995,0.734742,9.772881
885959911,3,-0.028868,0.768936,9.770558
885959921,3,0.0073,0.800441,9.768167
885959931,3,0.048383,0.827722,9.765772
885959941,3,0.093695,0.849753,9.763448
885959951,3,0.143428,0.865939,9.761193
885959961,3,0.196644,0.875591,9.759077
885959971,3,0.252471,0.878569,9.757135
885959982,3,0.310192,0.874564,9.755402
885959992,3,0.368837,0.863166,9.753931
885960002,3,0.427335,0.844116,9.752769
885960012,3,0.485281,0.820454,9.751675
885960022,3,0.542002,0.792425,9.750648
885960032,3,0.596795,0.759943,9.749734
885960042,3,0.648966,0.723305,9.748915
885960052,3,0.693158,0.677337,9.74909
885960062,3,0.728714,0.626668,9.749809
885960072,3,0.757928,0.570483,9.751116
885960082,3,0.77851,0.51131,9.752806
885960092,3,0.793976,0.45151,9.754547
885960102,3,0.80588,0.392428,9.756174
885960112,3,0.81009,0.332167,9.758014
885960123,3,0.806111,0.271463,9.760071
885960133,3,0.794198,0.211409,9.76229
885960143,3,0.775688,0.152634,9.764608
885960153,3,0.750766,0.095531,9.767044
885960163,3,0.72005,0.040739,9.769545
885960173,3,0.68453,-0.011765,9.772092
885960183,3,0.644903,-0.061887,9.774666
885960193,3,0.601748,-0.10942,9.777236
885960203,3,0.555749,-0.154233,9.779785
885960213,3,0.507571,-0.196106,9.782292
885960223,3,0.457615,-0.235243,9.784769
885960233,3,0.406618,-0.271536,9.787182
885960243,3,0.355049,-0.305195,9.789545
885960254,3,0.30925,-0.335217,9.791298
885960264,3,0.269382,-0.362392,9.792518
885960274,3,0.232779,-0.385743,9.793401
885960284,3,0.199497,-0.405632,9.79401
885960294,3,0.169887,-0.422731,9.794381
885960304,3,0.143887,-0.437516,9.794565
885960314,3,0.124503,-0.45195,9.794512
885960324,3,0.110951,-0.465711,9.794271
885960334,3,0.102746,-0.478466,9.793894
885960344,3,0.098791,-0.490175,9.793435
885960354,3,0.098499,-0.500986,9.792914
885960364,3,0.101872,-0.511016,9.79234
885960374,3,0.107167,-0.520012,9.791781
885960384,3,0.114065,-0.527812,9.79126
885960395,3,0.122319,-0.534593,9.790771
885960405,3,0.131968,-0.540696,9.790297
885960415,3,0.143265,-0.546487,9.789804
885960425,3,0.1563,-0.552113,9.789276
885960435,3,0.171013,-0.5575,9.788717
885960445,3,0.18688,-0.562288,9.788147
885960455,3,0.202344,-0.565536,9.787634
885960465,3,0.217228,-0.566957,9.787198
885960475,3,0.2337,-0.567856,9.78676
885960485,3,0.251407,-0.568333,9.786329
885960495,3,0.269772,-0.56879,9.785892
885960505,3,0.288516,-0.569377,9.785448
885960515,3,0.30368,-0.568538,9.785122
885960525,3,0.317021,-0.565245,9.784932
885960536,3,0.329016,-0.561077,9.784794
885960546,3,0.340246,-0.556673,9.784666
885960556,3,0.3516,-0.552452,9.784492
885960566,3,0.363259,-0.548159,9.784281
885960576,3,0.376289,-0.543633,9.784006
885960586,3,0.390501,-0.538482,9.783691
885960596,3,0.406056,-0.532342,9.783346
885960606,3,0.422723,-0.525006,9.782978
885960616,3,0.440002,-0.516142,9.782611
885960626,3,0.457474,-0.505453,9.782271
885960636,3,0.474739,-0.492864,9.781978
885960646,3,0.491775,-0.478739,9.781714
885960656,3,0.508631,-0.463461,9.781459
885960666,3,0.524981,-0.447228,9.781222
885960677,3,0.540958,-0.430391,9.780988
885960687,3,0.55685,-0.412985,9.780735
885960697,3,0.572791,-0.394569,9.780493
885960707,3,0.588664,-0.375125,9.780274
885960717,3,0.604651,-0.354529,9.780087
885960727,3,0.619264,-0.33442,9.779905
885960737,3,0.632255,-0.313837,9.779798
885960747,3,0.643397,-0.292539,9.779796
885960757,3,0.652002,-0.270428,9.779943
885960767,3,0.657794,-0.247913,9.780245
885960777,3,0.660906,-0.225732,9.780666
885960787,3,0.661424,-0.204536,9.781178
885960797,3,0.659166,-0.184661,9.781785
885960808,3,0.653961,-0.166071,9.782505
885960818,3,0.645687,-0.148815,9.783346
885960828,3,0.634423,-0.133202,9.784295
885960838,3,0.620444,-0.119521,9.785326
885960848,3,0.6039,-0.107697,9.786432
885960858,3,0.584917,-0.097579,9.787602
885960868,3,0.563821,-0.089049,9.788816
885960878,3,0.540769,-0.081991,9.790062
885960888,3,0.515759,-0.076334,9.79134
885960898,3,0.488973,-0.072076,9.792639
885960908,3,0.460661,-0.069266,9.793938
885960918,3,0.43107,-0.067947,9.795214
885960928,3,0.400444,-0.068124,9.796443
885960938,3,0.368983,-0.069684,9.797606
885960949,3,0.336854,-0.072387,9.798688
885960959,3,0.304096,-0.07582,9.799688
885960969,3,0.27087,-0.079701,9.800598
885960979,3,0.237307,-0.083644,9.801413
885960989,3,0.203278,-0.087207,9.80213
885960999,3,0.168701,-0.090093,9.802738
885961009,3,0.133359,-0.09194,9.803228
885961019,3,0.096954,-0.09226,9.803585
885961029,3,0.059254,-0.090586,9.803782
885961039,3,0.020614,-0.086744,9.803811
885961049,3,-0.018705,-0.07951,9.803664
885961059,3,-0.056352,-0.07139,9.803449
885961069,3,-0.092289,-0.062203,9.803171
885961079,3,-0.12918,-0.050164,9.802684
885961090,3,-0.167278,-0.035114,9.801949
885961100,3,-0.203458,-0.01817,9.801158
885961110,3,-0.23748,0.001062,9.800325
885961120,3,-0.272914,0.023967,9.799196
885961130,3,-0.305337,0.049811,9.798037
885961140,3,-0.334178,0.078698,9.796854
885961150,3,-0.359145,0.110921,9.795616
885961160,3,-0.380072,0.146622,9.794291
885961170,3,-0.396285,0.18578,9.792869
885961180,3,-0.406977,0.228184,9.791338
885961190,3,-0.411756,0.272636,9.789732
885961200,3,-0.41029,0.31912,9.788003
885961210,3,-0.402886,0.366425,9.786196
885961221,3,-0.387491,0.414076,9.7843
885961231,3,-0.364558,0.460928,9.782365
885961241,3,-0.334639,0.50604,9.780443
885961251,3,-0.297005,0.547796,9.778519
885961261,3,-0.255264,0.588217,9.776523
885961271,3,-0.210219,0.627041,9.774461
885961281,3,-0.158813,0.661414,9.772531
885961291,3,-0.10034,0.691183,9.770712
885961301,3,-0.044946,0.712775,9.769591
885961311,3,0.011877,0.730675,9.768497
885961321,3,0.074732,0.743158,9.767626
885961331,3,0.134465,0.746897,9.767238
885961341,3,0.188536,0.742159,9.767344
885961351,3,0.24189,0.732506,9.767481
885961362,3,0.291187,0.713653,9.767969
885961372,3,0.334094,0.686438,9.768818
885961382,3,0.373508,0.6549,9.769776
885961392,3,0.407355,0.615441,9.770926
885961402,3,0.435396,0.573707,9.772295
885961412,3,0.455499,0.53123,9.773945
885961422,3,0.467933,0.478969,9.775764
885961432,3,0.474327,0.423651,9.777716
885961442,3,0.478998,0.369429,9.779695
885961452,3,0.481341,0.313249,9.781641
885961462,3,0.483639,0.255166,9.78344
885961472,3,0.478993,0.19865,9.78549
885961482,3,0.469725,0.145097,9.787633
885961492,3,0.456473,0.091031,9.789811
885961503,3,0.446371,0.043498,9.791299
885961513,3,0.432657,-0.001793,9.79285
885961523,3,0.416587,-0.045069,9.794428
885961533,3,0.402951,-0.082411,9.795509
885961543,3,0.39017,-0.114339,9.796204
885961553,3,0.374376,-0.144808,9.796955
885961563,3,0.359035,-0.169522,9.79748
885961573,3,0.345873,-0.189368,9.797776
885961583,3,0.331162,-0.208337,9.798105
885961593,3,0.317157,-0.221543,9.798365
885961603,3,0.304758,-0.234718,9.798564
885961613,3,0.296279,-0.248562,9.798613
885961623,3,0.289517,-0.253576,9.798668
885961634,3,0.283961,-0.256005,9.798731
885961644,3,0.275425,-0.259245,9.798863
885961654,3,0.263335,-0.259549,9.799166
885961664,3,0.246822,-0.25677,9.799712
885961674,3,0.233719,-0.254425,9.800094
885961684,3,0.221171,-0.252726,9.800427
885961694,3,0.208044,-0.248208,9.800838
885961704,3,0.194419,-0.242925,9.801275
885961714,3,0.181826,-0.238028,9.801651
885961724,3,0.168339,-0.232408,9.802064
885961734,3,0.154,-0.226133,9.802516
885961744,3,0.142228,-0.219027,9.802888
885961754,3,0.132005,-0.210896,9.803229
885961764,3,0.123227,-0.202052,9.803545
885961775,3,0.115963,-0.192331,9.803835
885961785,3,0.110389,-0.181673,9.804103
885961795,3,0.106035,-0.170372,9.804346
885961805,3,0.102159,-0.158487,9.804578
885961815,3,0.098908,-0.146162,9.804791
885961825,3,0.096258,-0.134701,9.804976
885961835,3,0.093631,-0.124896,9.805144
885961845,3,0.090578,-0.116331,9.805302
885961855,3,0.087287,-0.10924,9.805438
885961865,3,0.083717,-0.103814,9.805552
885961875,3,0.079554,-0.100158,9.805644
885961885,3,0.074803,-0.097918,9.805711
885961895,3,0.069545,-0.096366,9.805761
885961905,3,0.063643,-0.095269,9.805799
885961916,3,0.057683,-0.093871,9.805836
885961926,3,0.051483,-0.092772,9.805862
885961936,3,0.045062,-0.092217,9.805876
885961946,3,0.038499,-0.092615,9.805872
885961956,3,0.03143,-0.094267,9.805844
885961966,3,0.023564,-0.097245,9.805794
885961976,3,0.014693,-0.101707,9.805717
885961986,3,0.004569,-0.10766,9.805616
885961996,3,-0.006839,-0.115001,9.805496
885962006,3,-0.019695,-0.123475,9.805357
885962016,3,-0.033753,-0.132629,9.805204
885962026,3,-0.048708,-0.141496,9.805037
885962036,3,-0.064307,-0.149048,9.804853
885962047,3,-0.080087,-0.155662,9.804644
885962057,3,-0.096045,-0.161396,9.804412
885962067,3,-0.112246,-0.1658,9.804163
885962077,3,-0.128547,-0.168617,9.803899
885962087,3,-0.144756,-0.170209,9.803625
885962097,3,-0.160863,-0.171251,9.803332
885962107,3,-0.177025,-0.172158,9.803015
885962117,3,-0.193375,-0.173025,9.80267
885962127,3,-0.209956,-0.17373,9.802302
885962137,3,-0.226735,-0.173848,9.801921
885962147,3,-0.243468,-0.173008,9.801537
885962157,3,-0.260028,-0.171003,9.801155
885962167,3,-0.276334,-0.167626,9.800777
885962177,3,-0.292329,-0.162751,9.800407
885962188,3,-0.307936,-0.156339,9.800046
885962198,3,-0.322999,-0.14845,9.799691
885962208,3,-0.337311,-0.139157,9.799346
885962218,3,-0.350815,-0.128679,9.799008
885962228,3,-0.363425,-0.117021,9.79868
885962238,3,-0.374971,-0.10403,9.798366
885962248,3,-0.385268,-0.089475,9.798075
885962258,3,-0.394091,-0.073284,9.797807
885962268,3,-0.401158,-0.055437,9.797568
885962278,3,-0.406265,-0.035988,9.797364
885962288,3,-0.409188,-0.015149,9.797191
885962298,3,-0.409631,0.006846,9.797058
885962308,3,-0.407212,0.029873,9.796971
885962318,3,-0.401698,0.053864,9.796928
885962329,3,-0.393002,0.078637,9.796926
885962339,3,-0.381213,0.103903,9.796955
885962349,3,-0.366472,0.129188,9.797011
885962359,3,-0.349162,0.153695,9.797102
885962369,3,-0.330125,0.176555,9.797241
885962379,3,-0.310689,0.197886,9.797411
885962389,3,-0.291231,0.218145,9.797593
885962399,3,-0.27145,0.237051,9.797791
885962409,3,-0.251736,0.254763,9.797991
885962419,3,-0.232071,0.271032,9.798204
885962429,3,-0.212619,0.285975,9.79842
885962439,3,-0.193479,0.299333,9.798643
885962449,3,-0.174876,0.311117,9.798863
885962459,3,-0.156954,0.321156,9.799083
885962470,3,-0.140029,0.329324,9.799299
885962480,3,-0.124187,0.335649,9.79951
885962490,3,-0.109883,0.340148,9.799711
885962500,3,-0.097512,0.343099,9.799891
885962510,3,-0.087319,0.344514,9.800048
885962520,3,-0.079588,0.344557,9.800185
885962530,3,-0.074521,0.343413,9.800303
885962540,3,-0.072033,0.341311,9.800411
885962550,3,-0.072187,0.338594,9.800507
885962560,3,-0.074583,0.335987,9.800577
885962570,3,-0.078337,0.334133,9.800613
885962580,3,-0.082181,0.332839,9.800627
885962590,3,-0.085678,0.33161,9.80064
885962601,3,-0.089074,0.330598,9.800647
885962611,3,-0.092068,0.329488,9.800659
885962621,3,-0.094842,0.328423,9.800673
885962631,3,-0.097437,0.327174,9.800692
885962641,3,-0.099945,0.325922,9.800709
885962651,3,-0.102345,0.324503,9.800734
885962661,3,-0.104639,0.323023,9.80076
885962671,3,-0.106653,0.321546,9.800787
885962681,3,-0.108427,0.32,9.800819
885962691,3,-0.109795,0.318444,9.800856
885962701,3,-0.110815,0.316814,9.800899
885962711,3,-0.111459,0.315481,9.800935
885962721,3,-0.111488,0.314748,9.800958
885962731,3,-0.110904,0.315031,9.800954
885962742,3,-0.110395,0.31662,9.800904
885962752,3,-0.110582,0.3194,9.800802
885962762,3,-0.112144,0.322989,9.800652
885962772,3,-0.115162,0.327063,9.800458
885962782,3,-0.119246,0.331472,9.80023
885962792,3,-0.124205,0.336186,9.79997
885962802,3,-0.129773,0.34073,9.799703
885962812,3,-0.135592,0.344197,9.799475
885962822,3,-0.140882,0.345726,9.799335
885962832,3,-0.145222,0.34466,9.799297
885962842,3,-0.148612,0.341205,9.799345
885962852,3,-0.151801,0.338017,9.799385
885962862,3,-0.154338,0.335169,9.799429
885962872,3,-0.15561,0.333013,9.799475
885962883,3,-0.155065,0.332264,9.799502
885962893,3,-0.152569,0.333797,9.799476
885962903,3,-0.148589,0.338329,9.799346
885962913,3,-0.144157,0.346987,9.799029
885962923,3,-0.140853,0.360465,9.798434
885962933,3,-0.1389,0.3778,9.797552
885962943,3,-0.137911,0.399579,9.796278
885962953,3,-0.138499,0.428815,9.794264
885962963,3,-0.138887,0.46498,9.791456
885962973,3,-0.138195,0.509551,9.787596
885962983,3,-0.136674,0.563137,9.782432
885962993,3,-0.133879,0.626366,9.775679
885963003,3,-0.129373,0.700263,9.767003
885963014,3,-0.122245,0.787161,9.755812
885963024,3,-0.11265,0.8885,9.741625
885963034,3,-0.101186,1.004399,9.724226
885963044,3,-0.089617,1.133457,9.703672
885963054,3,-0.078169,1.271693,9.680223
885963064,3,-0.066116,1.419244,9.653576
885963074,3,-0.052518,1.576491,9.623213
885963084,3,-0.036764,1.743486,9.588543
885963094,3,-0.018275,1.920026,9.54895
885963104,3,0.003837,2.105816,9.503828
885963114,3,0.030661,2.299859,9.452593
885963124,3,0.063546,2.501384,9.394672
885963134,3,0.101407,2.70922,9.330607
885963144,3,0.143398,2.92112,9.261033
885963155,3,0.191524,3.13424,9.185879
885963165,3,0.243681,3.350758,9.104029
885963175,3,0.297986,3.570343,9.014868
885963185,3,0.353589,3.792053,8.918473
885963195,3,0.409444,4.015481,8.814439
885963205,3,0.464036,4.241379,8.701422
885963215,3,0.515478,4.468482,8.579101
885963225,3,0.562617,4.696244,8.447181
885963235,3,0.604947,4.924939,8.305324
885963245,3,0.643548,5.155187,8.153169
885963255,3,0.678797,5.387631,7.990384
885963265,3,0.709079,5.621295,7.817185
885963275,3,0.73245,5.854766,7.633954
885963285,3,0.747452,6.08671,7.441065
885963296,3,0.753424,6.315933,7.238854
885963306,3,0.750221,6.541414,7.027642
885963316,3,0.737816,6.762236,6.807797
885963326,3,0.716344,6.977558,6.579725
885963336,3,0.687301,7.188569,6.34256
885963346,3,0.652142,7.396207,6.095314
885963356,3,0.610734,7.599971,5.837847
885963366,3,0.56458,7.798014,5.570743
885963376,3,0.515236,7.989071,5.294297
885963386,3,0.464207,8.172608,5.009642
885963396,3,0.412165,8.347816,4.717248
885963406,3,0.359952,8.512842,4.418226
885963416,3,0.308362,8.666903,4.113336
885963427,3,0.258954,8.809596,3.801266
885963437,3,0.212779,8.940466,3.482125
885963447,3,0.170726,9.059221,3.155826
885963457,3,0.133465,9.165654,2.822135
885963467,3,0.10145,9.259563,2.480746
885963477,3,0.075032,9.340611,2.131401
885963487,3,0.054552,9.408313,1.774002
885963497,3,0.040214,9.462097,1.408677
885963507,3,0.032129,9.501353,1.035686
885963517,3,0.030405,9.524882,0.653711
885963527,3,0.035132,9.532117,0.263751
885963537,3,0.04589,9.522618,-0.132907
885963547,3,0.062162,9.495971,-0.534891
885963557,3,0.083417,9.452343,-0.939827
885963568,3,0.108258,9.391732,-1.346078
885963578,3,0.135307,9.314329,-1.751952
885963588,3,0.16282,9.220905,-2.157204
885963598,3,0.190709,9.111773,-2.56062
885963608,3,0.217857,8.987159,-2.960919
885963618,3,0.242918,8.849036,-3.355635
885963628,3,0.265355,8.698496,-3.741358
885963638,3,0.285151,8.536945,-4.116454
885963648,3,0.302426,8.365125,-4.480052
885963658,3,0.317186,8.183868,-4.831311
885963668,3,0.329248,7.994538,-5.169064
885963678,3,0.338106,7.798342,-5.49238
885963688,3,0.342847,7.596402,-5.800545
885963698,3,0.343656,7.389393,-6.093285
885963709,3,0.340304,7.178087,-6.370391
885963719,3,0.332741,6.963853,-6.630086
885963729,3,0.320959,6.747651,-6.872812
885963739,3,0.305552,6.530232,-7.099242
885963749,3,0.286965,6.312253,-7.310035
885963759,3,0.265278,6.093859,-7.506701
885963769,3,0.241781,5.875793,-7.68984
885963779,3,0.217897,5.658728,-7.860105
885963789,3,0.194946,5.44337,-8.018193
885963799,3,0.173071,5.230746,-8.164568
885963809,3,0.153853,5.022019,-8.299459
885963819,3,0.13898,4.816594,-8.42481
885963829,3,0.12845,4.614461,-8.541651
885963840,3,0.122347,4.415372,-8.650942
885963850,3,0.120604,4.219727,-8.752919
885963860,3,0.123414,4.027924,-8.847816
885963870,3,0.13105,3.839936,-8.936198
885963880,3,0.143823,3.656079,-9.018389
885963890,3,0.162597,3.476867,-9.094559
885963900,3,0.186888,3.303278,-9.164602
885963910,3,0.216345,3.135849,-9.228577
885963920,3,0.250271,2.975188,-9.286568
885963930,3,0.287956,2.821599,-9.338834
885963940,3,0.32866,2.674948,-9.385687
885963950,3,0.371928,2.535608,-9.427318
885963960,3,0.417594,2.404357,-9.463891
885963970,3,0.465095,2.281364,-9.495787
885963981,3,0.513659,2.166721,-9.523412
885963991,3,0.562498,2.060439,-9.547232
885964001,3,0.610843,1.962306,-9.567737
885964011,3,0.657846,1.872161,-9.585369
885964021,3,0.702824,1.790095,-9.600459
885964031,3,0.745234,1.716038,-9.613287
885964041,3,0.784594,1.649825,-9.62409
885964051,3,0.820594,1.591124,-9.633101
885964061,3,0.853079,1.539504,-9.640531
885964071,3,0.881975,1.494459,-9.646604
885964081,3,0.907525,1.455565,-9.651504
885964091,3,0.929764,1.422622,-9.655381
885964101,3,0.948888,1.395516,-9.658339
885964111,3,0.965243,1.374484,-9.660387
885964122,3,0.97914,1.359828,-9.661519
885964132,3,0.990715,1.351967,-9.661706
885964142,3,0.999975,1.351637,-9.660858
885964152,3,1.006588,1.359353,-9.65894
885964162,3,1.010196,1.375449,-9.655913
885964172,3,1.010744,1.400894,-9.651546
885964182,3,1.008405,1.437103,-9.645422
885964192,3,1.004027,1.486343,-9.636732
885964202,3,0.99823,1.550131,-9.624672
885964212,3,0.991316,1.629931,-9.608269
885964222,3,0.983132,1.726332,-9.586612
885964232,3,0.973314,1.839193,-9.558988
885964242,3,0.961912,1.968871,-9.524441
885964252,3,0.94838,2.116178,-9.481821
885964263,3,0.931971,2.28157,-9.430037
885964273,3,0.912321,2.465389,-9.367909
885964283,3,0.88917,2.667627,-9.29425
885964293,3,0.862639,2.88752,-9.208113
885964303,3,0.833675,3.123184,-9.109315
885964313,3,0.802688,3.373483,-8.997273
885964323,3,0.770419,3.637112,-8.871465
885964333,3,0.736864,3.913265,-8.730906
885964343,3,0.702658,4.200994,-8.574793
885964353,3,0.668744,4.498791,-8.402693
885964363,3,0.6357,4.804626,-8.214596
885964373,3,0.603928,5.115375,-8.011739
885964383,3,0.573394,5.428046,-7.795006
885964394,3,0.543298,5.739038,-7.56521
885964404,3,0.513017,6.045856,-7.322596
885964414,3,0.481962,6.346113,-7.067145
885964424,3,0.449906,6.637522,-6.799966
885964434,3,0.417255,6.918792,-6.522217
885964444,3,0.383583,7.188367,-6.235687
885964454,3,0.349201,7.444657,-5.942092
885964464,3,0.31446,7.686582,-5.643062
885964474,3,0.279328,7.913293,-5.340169
885964484,3,0.243596,8.124181,-5.034774
885964494,3,0.206781,8.319196,-4.727758
885964504,3,0.167945,8.49938,-4.418986
885964514,3,0.12716,8.665106,-4.108225
885964524,3,0.084831,8.816698,-3.795619
885964535,3,0.042349,8.953938,-3.481649
885964545,3,2.69E-4,9.076864,-3.166499
885964555,3,-0.041128,9.185762,-2.85032
885964565,3,-0.081316,9.281143,-2.533865
885964575,3,-0.119718,9.364255,-2.216902
885964585,3,-0.155183,9.435748,-1.899086
885964595,3,-0.186559,9.495816,-1.580249
885964605,3,-0.213047,9.54448,-1.262006
885964615,3,-0.234214,9.581559,-0.945974
885964625,3,-0.249701,9.607399,-0.632065
885964635,3,-0.259579,9.622252,-0.31935
885964645,3,-0.26345,9.626342,-0.006396
885964655,3,-0.26126,9.619529,0.308221
885964665,3,-0.253518,9.601305,0.626321
885964676,3,-0.24002,9.571043,0.949147
885964686,3,-0.220228,9.527111,1.279071
885964696,3,-0.194493,9.468277,1.616594
885964706,3,-0.163401,9.393458,1.961276
885964716,3,-0.127782,9.302114,2.311184
885964726,3,-0.088477,9.193437,2.665315
885964736,3,-0.046186,9.066484,3.022637
885964746,3,-2.0E-5,8.921188,3.381
885964756,3,0.048797,8.75733,3.73897
885964766,3,0.099364,8.573535,4.097
885964776,3,0.15062,8.369584,4.45452
885964786,3,0.201358,8.145632,4.810125
885964796,3,0.250702,7.902035,5.162156
885964807,3,0.29822,7.641546,5.508972
885964817,3,0.344582,7.365019,5.849795
885964827,3,0.390518,7.073516,6.183388
885964837,3,0.436725,6.768285,6.508074
885964847,3,0.48351,6.450373,6.822317
885964857,3,0.53095,6.121758,7.124243
885964867,3,0.578821,5.784245,7.411914
885964877,3,0.626264,5.440334,7.683748
885964887,3,0.672552,5.093141,7.936928
885964897,3,0.718913,4.745885,8.170095
885964907,3,0.766479,4.401621,8.382671
885964917,3,0.81572,4.062711,8.57526
885964927,3,0.86675,3.731039,8.748127
885964937,3,0.918766,3.409313,8.901537
885964948,3,0.967641,3.099665,9.037114
885964958,3,1.012114,2.803812,9.156044
885964968,3,1.050882,2.524603,9.258551
885964978,3,1.082891,2.263649,9.345969
885964988,3,1.106957,2.022191,9.419828
885964998,3,1.121423,1.801778,9.481618
885965008,3,1.126836,1.600382,9.533819
885965018,3,1.122583,1.41833,9.577634
885965028,3,1.108084,1.255765,9.614183
885965038,3,1.082621,1.112752,9.644484
885965048,3,1.045911,0.989573,9.669312
885965058,3,0.998455,0.88569,9.689537
885965068,3,0.941888,0.800939,9.705683
885965078,3,0.877498,0.734524,9.71835
885965089,3,0.805826,0.686023,9.727982
885965099,3,0.726248,0.654499,9.735134
885965109,3,0.638257,0.638895,9.740268
885965119,3,0.542072,0.638056,9.743685
885965129,3,0.437895,0.651379,9.745577
885965139,3,0.327206,0.677235,9.746149
885965149,3,0.213769,0.713479,9.745382
885965159,3,0.100514,0.758314,9.743345
885965169,3,-0.010002,0.810508,9.740049
885965179,3,-0.11558,0.86827,9.735631
885965189,3,-0.214656,0.929896,9.73018
885965199,3,-0.304642,0.991512,9.724157
885965209,3,-0.386236,1.05162,9.717914
885965220,3,-0.459884,1.108504,9.711683
885965230,3,-0.526042,1.160521,9.705687
885965240,3,-0.584937,1.206088,9.700125
885965250,3,-0.636632,1.243666,9.69521
885965260,3,-0.681254,1.271804,9.691153
885965270,3,-0.718943,1.28826,9.688223
885965280,3,-0.748879,1.292634,9.686489
885965290,3,-0.770136,1.285278,9.685958
885965300,3,-0.781832,1.266402,9.686685
885965310,3,-0.782702,1.236218,9.688768
885965320,3,-0.772826,1.19596,9.692194
885965330,3,-0.753692,1.145439,9.696933
885965340,3,-0.727408,1.083181,9.702883
885965350,3,-0.695369,1.008009,9.709813
885965361,3,-0.658748,0.919631,9.717351
885965371,3,-0.618583,0.818311,9.725182
885965381,3,-0.576629,0.703222,9.732771
885965391,3,-0.532295,0.5755,9.739741
885965401,3,-0.485341,0.437817,9.745334
885965411,3,-0.434968,0.2917,9.749136
885965421,3,-0.380785,0.139277,9.750963
885965431,3,-0.322149,-0.017291,9.750708
885965441,3,-0.258518,-0.176266,9.748256
885965451,3,-0.190165,-0.335117,9.743711
885965461,3,-0.11834,-0.491757,9.737215
885965471,3,-0.044667,-0.643637,9.728815
885965481,3,0.028426,-0.790227,9.71876
885965491,3,0.098558,-0.931999,9.707371
885965502,3,0.163272,-1.069563,9.694902
885965512,3,0.219825,-1.204231,9.681335
885965522,3,0.268478,-1.336984,9.666889
885965532,3,0.309803,-1.470903,9.650854
885965542,3,0.343546,-1.602174,9.633837
885965552,3,0.368011,-1.729299,9.61586
885965562,3,0.38269,-1.847587,9.597995
885965572,3,0.388342,-1.960418,9.57937
885965582,3,0.387439,-2.066532,9.56007
885965592,3,0.380483,-2.166737,9.540118
885965602,3,0.367854,-2.264284,9.518705
885965612,3,0.347687,-2.356227,9.497019
885965622,3,0.320949,-2.443038,9.475344
885965633,3,0.288255,-2.525251,9.453917
885965643,3,0.249957,-2.6033,9.432898
885965653,3,0.207071,-2.678641,9.412147
885965663,3,0.161793,-2.752454,9.391462
885965673,3,0.11677,-2.825704,9.370586
885965683,3,0.074702,-2.899566,9.349087
885965774,3,0.033967,-2.973792,9.326956
885965784,3,-0.003256,-3.051252,9.302923
885965794,3,-0.036569,-3.13054,9.277327
885965804,3,-0.065924,-3.212578,9.24988
885965814,3,-0.089996,-3.295075,9.220909
885965824,3,-0.107922,-3.381405,9.189127
885965834,3,-0.118249,-3.473297,9.15345
885965844,3,-0.122107,-3.575358,9.112147
885965854,3,-0.121853,-3.682232,9.067055
885965864,3,-0.118213,-3.79699,9.016031
885965874,3,-0.112329,-3.919245,8.958724
885965884,3,-0.105479,-4.046239,8.895419
885965894,3,-0.09633,-4.180722,8.82497
885965904,3,-0.085495,-4.322525,8.747282
885965915,3,-0.073588,-4.471524,8.66226
885965925,3,-0.061174,-4.627228,8.570044
885965935,3,-0.049224,-4.788766,8.471037
885965945,3,-0.038961,-4.955655,8.365278
885965955,3,-0.031888,-5.127317,8.252812
885965965,3,-0.029584,-5.302368,8.134357
885965975,3,-0.028931,-5.480867,8.010094
885965985,3,-0.030585,-5.659129,7.882022
885965995,3,-0.033238,-5.837744,7.749942
885966005,3,-0.037097,-6.016341,7.61389
885966015,3,-0.043038,-6.19411,7.473993
885966025,3,-0.050224,-6.369893,7.330511
885966035,3,-0.058068,-6.542157,7.183717
885966045,3,-0.064486,-6.710634,7.032922
885966056,3,-0.067114,-6.878339,6.875173
885966066,3,-0.066772,-7.043033,6.709907
885966076,3,-0.064105,-7.204972,6.535757
885966086,3,-0.059708,-7.363664,6.352068
885966096,3,-0.053917,-7.51947,6.157365
885966106,3,-0.047237,-7.672408,5.951045
885966116,3,-0.04,-7.822272,5.73289
885966126,3,-0.032136,-7.968867,5.502816
885966136,3,-0.023282,-8.112287,5.260079
885966146,3,-0.013948,-8.252187,5.003937
885966156,3,-0.004903,-8.387989,4.734093
885966166,3,0.002799,-8.51959,4.44936
885966176,3,0.00799,-8.646608,4.148805
885966187,3,0.009919,-8.768953,3.831604
885966197,3,0.008388,-8.885707,3.495994
885966207,3,0.003566,-8.995779,3.143843
885966217,3,-0.005253,-9.098414,2.779497
885966227,3,-0.017752,-9.192994,2.40555
885966237,3,-0.033331,-9.278898,2.025135
885966247,3,-0.051524,-9.355384,1.642097
885966257,3,-0.072928,-9.422037,1.262855
885966267,3,-0.097736,-9.477835,0.892067
885966277,3,-0.125503,-9.522909,0.533901
885966287,3,-0.15594,-9.557748,0.191343
885966297,3,-0.188863,-9.58288,-0.13257
885966307,3,-0.223925,-9.599332,-0.436693
885966317,3,-0.260674,-9.608088,-0.721056
885966328,3,-0.298698,-9.610121,-0.986218
885966338,3,-0.337609,-9.606251,-1.23214
885966348,3,-0.376308,-9.597163,-1.458593
885966358,3,-0.41349,-9.58356,-1.666093
885966368,3,-0.447683,-9.566051,-1.854915
885966378,3,-0.477734,-9.545257,-2.025669
885966388,3,-0.502835,-9.521973,-2.1792
885966398,3,-0.523034,-9.497223,-2.313983
885966408,3,-0.538602,-9.472156,-2.431385
885966418,3,-0.548541,-9.447538,-2.534763
885966428,3,-0.55353,-9.423956,-2.625576
885966438,3,-0.554656,-9.401706,-2.705499
885966448,3,-0.553077,-9.380896,-2.776241
885966458,3,-0.549124,-9.361109,-2.841261
885966469,3,-0.542884,-9.34247,-2.901183
885966479,3,-0.534383,-9.324902,-2.957191
885966489,3,-0.523654,-9.308249,-3.010285
885966499,3,-0.510774,-9.292212,-3.061709
885966509,3,-0.495993,-9.276786,-3.111668
885966519,3,-0.479672,-9.262172,-3.159545
885966529,3,-0.462081,-9.248574,-3.204615
885966539,3,-0.443647,-9.236162,-3.246258
885966549,3,-0.424957,-9.225169,-3.283603
885966559,3,-0.406601,-9.21596,-3.315312
885966569,3,-0.389171,-9.208914,-3.340026
885966579,3,-0.373122,-9.204915,-3.354962
885966589,3,-0.358781,-9.204823,-3.357376
885966600,3,-0.346766,-9.20932,-3.344789
885966610,3,-0.337514,-9.218896,-3.31482
885966620,3,-0.331402,-9.233594,-3.265884
885966630,3,-0.328542,-9.253309,-3.196127
885966640,3,-0.329211,-9.277569,-3.104306
885966650,3,-0.33372,-9.305646,-2.989328
885966660,3,-0.342293,-9.336532,-2.850264
885966670,3,-0.355168,-9.36882,-2.687641
885966680,3,-0.372643,-9.401014,-2.501227
885966690,3,-0.394712,-9.431645,-2.290408
885966700,3,-0.42134,-9.459229,-2.054259
885966710,3,-0.452494,-9.481977,-1.792236
885966720,3,-0.488231,-9.497862,-1.503847
885966730,3,-0.528506,-9.504654,-1.188301
885966741,3,-0.572726,-9.499865,-0.84488
885966751,3,-0.620156,-9.480856,-0.473378
885966761,3,-0.670083,-9.444915,-0.07424
885966771,3,-0.721463,-9.389384,0.351779
885966781,3,-0.773295,-9.311328,0.802153
885966791,3,-0.824915,-9.210028,1.271175
885966801,3,-0.875849,-9.08343,1.754867
885966811,3,-0.925831,-8.929201,2.249187
885966821,3,-0.974046,-8.744643,2.751139
885966831,3,-1.01936,-8.528947,3.255973
885966841,3,-1.06021,-8.281968,3.759642
885966851,3,-1.094934,-8.004088,4.258221
885966861,3,-1.122165,-7.696171,4.747809
885966871,3,-1.141822,-7.359917,5.225483
885966882,3,-1.156464,-6.998408,5.68727
885966892,3,-1.16876,-6.615899,6.129588
885966902,3,-1.179202,-6.216762,6.549702
885966912,3,-1.188094,-5.8057,6.945322
885966922,3,-1.19556,-5.387849,7.314486
885966932,3,-1.201969,-4.968502,7.655371
885966942,3,-1.207527,-4.55284,7.966512
885966952,3,-1.21271,-4.145796,8.247049
885966962,3,-1.217406,-3.752293,8.496833
885966972,3,-1.220843,-3.376358,8.716352
885966982,3,-1.223116,-3.023083,8.906432
885966992,3,-1.225374,-2.694059,9.070612
885967002,3,-1.229043,-2.391467,9.210297
885967013,3,-1.236305,-2.117334,9.326455
885967023,3,-1.247752,-1.875423,9.419724
885967033,3,-1.263931,-1.664353,9.492594
885967043,3,-1.285244,-1.483218,9.547547
885967053,3,-1.312341,-1.330192,9.587118
885967063,3,-1.34555,-1.202741,9.613891
885967073,3,-1.383448,-1.097377,9.630692
885967083,3,-1.422093,-1.009226,9.640577
885967093,3,-1.458054,-0.932696,9.646097
885967103,3,-1.490319,-0.862738,9.648836
885967113,3,-1.51884,-0.794944,9.649689
885967123,3,-1.543984,-0.725445,9.649092
885967133,3,-1.565855,-0.651069,9.647233
885967143,3,-1.584896,-0.569432,9.644075
885967154,3,-1.601457,-0.478958,9.639516
885967164,3,-1.616251,-0.37844,9.633449
885967174,3,-1.632332,-0.267511,9.625357
885967184,3,-1.651488,-0.144203,9.614961
885967194,3,-1.672205,-0.009166,9.602797
885967204,3,-1.692094,0.136253,9.589626
885967214,3,-1.707582,0.290845,9.576361
885967224,3,-1.719247,0.454172,9.563449
885967234,3,-1.728056,0.622327,9.550982
885967244,3,-1.736023,0.792138,9.538901
885967254,3,-1.745342,0.959968,9.526957
885967264,3,-1.758603,1.122108,9.514616
885967274,3,-1.777894,1.274875,9.501299
885967284,3,-1.805557,1.415065,9.486247
885967295,3,-1.8438,1.540245,9.46869
885967305,3,-1.89567,1.648191,9.447735
885967315,3,-1.960163,1.73963,9.423226
885967325,3,-2.036675,1.815563,9.395078
885967335,3,-2.124823,1.877616,9.363184
885967345,3,-2.225634,1.926283,9.327172
885967355,3,-2.339355,1.963971,9.286469
885967365,3,-2.46667,1.99262,9.240309
885967375,3,-2.607769,2.013801,9.18749
885967385,3,-2.759971,2.030144,9.127929
885967395,3,-2.922873,2.043947,9.061191
885967405,3,-3.096803,2.057255,8.986533
885967415,3,-3.282852,2.071321,8.903086
885967426,3,-3.48031,2.087734,8.810113
885967436,3,-3.687819,2.108005,8.707338
885967446,3,-3.902614,2.133394,8.595331
885967456,3,-4.121458,2.16488,8.475167
885967466,3,-4.341469,2.203114,8.347749
885967476,3,-4.559985,2.249707,8.214142
885967486,3,-4.776061,2.303893,8.074595
885967496,3,-4.988185,2.364859,7.929697
885967506,3,-5.19393,2.432529,7.780023
885967516,3,-5.394337,2.504046,7.625801
885967526,3,-5.589436,2.577435,7.467505
885967536,3,-5.779752,2.650967,7.304914
885967546,3,-5.964694,2.72469,7.137643
885967556,3,-6.143413,2.796648,6.966911
885967567,3,-6.315677,2.865975,6.792588
885967577,3,-6.480143,2.931943,6.615144
885967587,3,-6.638552,2.992226,6.433894
885967597,3,-6.79342,3.045562,6.246124
885967607,3,-6.945227,3.091399,6.051306
885967617,3,-7.093886,3.129446,5.849461
885967627,3,-7.239026,3.159195,5.641143
885967637,3,-7.380873,3.180475,5.426177
885967647,3,-7.520208,3.193548,5.203645
885967657,3,-7.658028,3.198427,4.972441
885967667,3,-7.794832,3.195159,4.731355
885967677,3,-7.931592,3.183017,4.478837
885967687,3,-8.067186,3.163135,4.214521
885967697,3,-8.20064,3.136141,3.939139
885967708,3,-8.330979,3.10228,3.652935
885967718,3,-8.457003,3.06254,3.35632
885967728,3,-8.577899,3.017564,3.050233
885967738,3,-8.692497,2.96796,2.73633
885967748,3,-8.799659,2.914024,2.416715
885967758,3,-8.899317,2.8565,2.092123
885967768,3,-8.990668,2.795965,1.765047
885967778,3,-9.07288,2.733295,1.437154
885967788,3,-9.145298,2.669259,1.110246
885967798,3,-9.206312,2.605159,0.787834
885967808,3,-9.255984,2.54189,0.471564
885967818,3,-9.294813,2.48038,0.162921
885967828,3,-9.323528,2.421735,-0.136849
885967838,3,-9.342901,2.366865,-0.426186
885967849,3,-9.353795,2.316452,-0.703569
885967859,3,-9.357026,2.271431,-0.96784
885967869,3,-9.354139,2.233484,-1.214366
885967879,3,-9.34605,2.202592,-1.44176
885967889,3,-9.333577,2.178653,-1.649306
885967899,3,-9.317067,2.160862,-1.83992
885967909,3,-9.297142,2.149155,-2.013814
885967919,3,-9.274302,2.143342,-2.171925
885967929,3,-9.248885,2.143235,-2.316225
885967939,3,-9.22121,2.14831,-2.448633
885967949,3,-9.192648,2.155463,-2.569783
885967959,3,-9.166829,2.158146,-2.676299
885967969,3,-9.143163,2.158472,-2.770195
885967980,3,-9.121785,2.15568,-2.852735
885967990,3,-9.102466,2.151313,-2.924736
885968000,3,-9.084851,2.145017,-2.98841
885968010,3,-9.0688,2.135911,-3.045545
885968020,3,-9.054044,2.123182,-3.098089
885968030,3,-9.040462,2.106246,-3.147309
885968040,3,-9.027855,2.084587,-3.194488
885968050,3,-9.015878,2.058069,-3.240926
885968060,3,-9.004152,2.026963,-3.287704
885968070,3,-8.99147,1.990734,-3.338938
885968080,3,-8.977431,1.949817,-3.395474
885968090,3,-8.961788,1.904675,-3.457658
885968100,3,-8.944906,1.85663,-3.523307
885968110,3,-8.926905,1.806068,-3.591843
885968121,3,-8.909042,1.752986,-3.660397
885968131,3,-8.892233,1.697206,-3.726851
885968141,3,-8.877328,1.638663,-3.789265
885968151,3,-8.864069,1.580208,-3.846885
885968161,3,-8.850062,1.527731,-3.902686
885968171,3,-8.836782,1.478324,-3.95504
885968181,3,-8.824873,1.431979,-4.00245
885968191,3,-8.81504,1.386579,-4.044324
885968201,3,-8.807379,1.342521,-4.07997
885968211,3,-8.801963,1.300329,-4.108849
885968221,3,-8.799273,1.260698,-4.129627
885968231,3,-8.798775,1.224188,-4.14349
885968241,3,-8.799813,1.191257,-4.151998
885968251,3,-8.80177,1.162093,-4.156754
885968262,3,-8.804113,1.136598,-4.159239
885968272,3,-8.80626,1.114653,-4.16097
885968282,3,-8.807481,1.096401,-4.163576
885968292,3,-8.807108,1.081921,-4.168401
885968302,3,-8.804804,1.070829,-4.176085
885968312,3,-8.801058,1.062667,-4.185619
885968322,3,-8.795698,1.057036,-4.197405
885968332,3,-8.788981,1.05368,-4.211021
885968342,3,-8.781107,1.051911,-4.226296
885968352,3,-8.772159,1.051098,-4.24331
885968362,3,-8.761786,1.050998,-4.262889
885968372,3,-8.749369,1.051459,-4.286322
885968382,3,-8.733712,1.052335,-4.315909
885968393,3,-8.714229,1.053922,-4.352725
885968403,3,-8.69002,1.056104,-4.39816
885968413,3,-8.659777,1.058939,-4.454123
885968423,3,-8.621741,1.062071,-4.523295
885968433,3,-8.574733,1.065107,-4.606606
885968443,3,-8.5173,1.067701,-4.704774
885968453,3,-8.447611,1.069427,-4.818428
885968463,3,-8.363296,1.069702,-4.948294
885968473,3,-8.261541,1.068047,-5.094775
885968483,3,-8.139278,1.063966,-5.257531
885968493,3,-7.99302,1.057096,-5.435807
885968503,3,-7.818681,1.047547,-5.628799
885968513,3,-7.611334,1.035733,-5.836522
885968523,3,-7.366339,1.022554,-6.058223
885968534,3,-7.080246,1.008922,-6.291846
885968544,3,-6.750984,0.996189,-6.53432
885968554,3,-6.380769,0.986127,-6.781868
885968564,3,-5.970368,0.980389,-7.031293
885968574,3,-5.519287,0.978937,-7.278933
885968584,3,-5.032316,0.982271,-7.520255
885968594,3,-4.514387,0.99033,-7.752593
885968604,3,-3.972636,1.002767,-7.972925
885968614,3,-3.413175,1.019499,-8.178745
885968624,3,-2.837622,1.038896,-8.366989
885968634,3,-2.249328,1.059789,-8.535227
885968644,3,-1.650297,1.081513,-8.680231
885968654,3,-1.046674,1.102587,-8.800756
885968664,3,-0.445257,1.122101,-8.896141
885968675,3,0.146677,1.139492,-8.966331
885968685,3,0.721553,1.154263,-9.011988
885968695,3,1.271709,1.166193,-9.034347
885968705,3,1.78963,1.175311,-9.03527
885968715,3,2.268284,1.181755,-9.017449
885968725,3,2.701514,1.185658,-8.984499
885968735,3,3.084511,1.187181,-8.940847
885968745,3,3.413998,1.186352,-8.891356
885968755,3,3.691208,1.182306,-8.841269
885968765,3,3.916194,1.174213,-8.794544
885968775,3,4.087784,1.162699,-8.754405
885968785,3,4.209869,1.147533,-8.723461
885968795,3,4.287352,1.12859,-8.703182
885968806,3,4.326686,1.105904,-8.693765
885968816,3,4.333261,1.079352,-8.694849
885968826,3,4.307931,1.050503,-8.706872
885968836,3,4.250799,1.02174,-8.730305
885968846,3,4.162886,0.993287,-8.765688
885968856,3,4.048903,0.966253,-8.811618
885968866,3,3.913986,0.9415,-8.866182
885968876,3,3.76458,0.919543,-8.926916
885968886,3,3.605712,0.901188,-8.991446
885968896,3,3.442041,0.88683,-9.057498
885968906,3,3.277704,0.876485,-9.12306
885968916,3,3.116351,0.869831,-9.186401
885968926,3,2.961287,0.866287,-9.246067
885968936,3,2.81546,0.865275,-9.300847
885968947,3,2.681888,0.866286,-9.34971
885968957,3,2.563574,0.869158,-9.391785
885968967,3,2.463092,0.874056,-9.426469
885968977,3,2.382253,0.881264,-9.453467
885968987,3,2.321767,0.891058,-9.472833
885968997,3,2.281483,0.903404,-9.484892
885969007,3,2.260549,0.918027,-9.490171
885969017,3,2.257557,0.934586,-9.489329
885969027,3,2.269651,0.952698,-9.483483
885969037,3,2.296726,0.970813,-9.473067
885969047,3,2.335624,0.988646,-9.459383
885969057,3,2.382584,1.005962,-9.443878
885969067,3,2.433603,1.022395,-9.427977
885969077,3,2.483273,1.037787,-9.413229
885969088,3,2.527434,1.051821,-9.400734
885969098,3,2.561821,1.064507,-9.391382
885969108,3,2.582237,1.076062,-9.385782
885969118,3,2.584835,1.086734,-9.38418
885969128,3,2.566073,1.096829,-9.386457
885969138,3,2.522818,1.106593,-9.392148
885969148,3,2.451958,1.116337,-9.400526
885969158,3,2.350303,1.126227,-9.410676
885969168,3,2.215449,1.135487,-9.421611
885969178,3,2.045657,1.143968,-9.432158
885969188,3,1.840317,1.15164,-9.441022
885969198,3,1.599892,1.158715,-9.446918
885969208,3,1.325947,1.165506,-9.448712
885969219,3,1.018614,1.173002,-9.444559
885969229,3,0.681769,1.181527,-9.432949
885969239,3,0.319039,1.191158,-9.412811
885969249,3,-0.065335,1.202209,-9.383243
885969259,3,-0.466168,1.214792,-9.343627
885969269,3,-0.877995,1.228858,-9.293922
885969279,3,-1.295035,1.243927,-9.234713
885969289,3,-1.711247,1.259195,-9.167222
885969299,3,-2.120438,1.273572,-9.093102
885969309,3,-2.516235,1.285796,-9.01449
885969319,3,-2.892192,1.294592,-8.934089
885969329,3,-3.241886,1.298648,-8.85497
885969339,3,-3.558859,1.29656,-8.780456
885969349,3,-3.836668,1.286941,-8.713891
885969360,3,-4.068627,1.268612,-8.658442
885969370,3,-4.24861,1.241538,-8.616673
885969380,3,-4.370837,1.20548,-8.590394
885969390,3,-4.430201,1.160633,-8.580355
885969400,3,-4.422707,1.107601,-8.586022
885969410,3,-4.345763,1.047342,-8.605497
885969420,3,-4.195828,0.980331,-8.6365
885969430,3,-3.972845,0.907803,-8.675222
885969440,3,-3.678385,0.831183,-8.717176
885969450,3,-3.315806,0.752115,-8.757606
885969460,3,-2.890061,0.672267,-8.791746
885969470,3,-2.407142,0.59312,-8.814951
885969480,3,-1.873704,0.516019,-8.82274
885969490,3,-1.296811,0.442254,-8.810842
885969501,3,-0.683763,0.373191,-8.775571
885969511,3,-0.047119,0.310596,-8.719213
885969521,3,0.610289,0.25541,-8.634961
885969531,3,1.280257,0.209017,-8.521837
885969541,3,1.954893,0.17277,-8.379362
885969551,3,2.626764,0.14796,-8.207283
885969561,3,3.288781,0.135726,-8.005329
885969571,3,3.934071,0.137046,-7.773652
885969581,3,4.555898,0.152631,-7.513295
885969591,3,5.147743,0.182735,-7.226553
885969601,3,5.703653,0.227063,-6.917066
885969611,3,6.218512,0.284837,-6.58967
885969621,3,6.688242,0.354979,-6.250329
885969631,3,7.110039,0.436134,-5.905858
885969642,3,7.482559,0.526738,-5.563737
885969652,3,7.805993,0.625021,-5.231836
885969662,3,8.081689,0.729184,-4.918141
885969672,3,8.31162,0.837515,-4.630382
885969682,3,8.49807,0.94836,-4.375602
885969692,3,8.643345,1.060105,-4.159889
885969702,3,8.749781,1.17114,-3.987997
885969712,3,8.824551,1.279559,-3.858061
885969722,3,8.864416,1.384369,-3.77679
885969732,3,8.870786,1.48404,-3.744889
885969742,3,8.843971,1.576769,-3.762298
885969752,3,8.783249,1.660567,-3.82824
885969762,3,8.681188,1.733662,-3.94695
885969773,3,8.541245,1.793997,-4.110228
885969783,3,8.361435,1.83993,-4.315091
885969793,3,8.140275,1.870249,-4.557459
885969803,3,7.876822,1.884142,-4.83245
885969813,3,7.570408,1.881266,-5.134763
885969823,3,7.220259,1.86184,-5.458761
885969833,3,6.825608,1.826683,-5.798422
885969843,3,6.386286,1.776948,-6.147134
885969853,3,5.903065,1.714026,-6.497661
885969863,3,5.378184,1.639415,-6.842337
885969873,3,4.815114,1.55464,-7.1736
885969883,3,4.218171,1.461324,-7.484553
885969893,3,3.591871,1.361125,-7.769141
885969903,3,2.940648,1.255616,-8.022207
885969914,3,2.26906,1.14622,-8.239341
885969924,3,1.582126,1.034252,-8.416841
885969934,3,0.885972,0.921173,-8.552003
885969944,3,0.187214,0.80862,-8.643098
885969954,3,-0.507133,0.698248,-8.689928
885969964,3,-1.184443,0.591358,-8.688105
885969974,3,-1.843826,0.48939,-8.646175
885969984,3,-2.479515,0.393231,-8.567618
885969994,3,-3.086619,0.303409,-8.456884
885970004,3,-3.661077,0.220278,-8.319113
885970014,3,-4.199361,0.143971,-8.159815
885970024,3,-4.697978,0.074146,-7.984749
885970034,3,-5.153548,0.010038,-7.799965
885970044,3,-5.563318,-0.049301,-7.611793
885970055,3,-5.925334,-0.104811,-7.426736
885970065,3,-6.238839,-0.157258,-7.251168
885970075,3,-6.504063,-0.207196,-7.090879
885970085,3,-6.72184,-0.254993,-6.950805
885970095,3,-6.892875,-0.300927,-6.835102
885970105,3,-7.017408,-0.345169,-6.747267
885970115,3,-7.095217,-0.387696,-6.690249
885970125,3,-7.125881,-0.428338,-6.666237
885970135,3,-7.109093,-0.466926,-6.6763
885970145,3,-7.044017,-0.503094,-6.720538
885970155,3,-6.929404,-0.536122,-6.797776
885970165,3,-6.763346,-0.564893,-6.905686
885970175,3,-6.543518,-0.587881,-7.040723
885970186,3,-6.267509,-0.603481,-7.198042
885970196,3,-5.933557,-0.610508,-7.371464
885970206,3,-5.541291,-0.608159,-7.553735
885970216,3,-5.091855,-0.595978,-7.73704
885970226,3,-4.58783,-0.573902,-7.91346
885970236,3,-4.033152,-0.542498,-8.075433
885970246,3,-3.432842,-0.50301,-8.216158
885970256,3,-2.79301,-0.457429,-8.329906
885970266,3,-2.120621,-0.408046,-8.412259
885970276,3,-1.422724,-0.356925,-8.45995
885970286,3,-0.705793,-0.305761,-8.470304
885970296,3,0.019214,-0.255654,-8.44697
885970306,3,0.747254,-0.208011,-8.388819
885970316,3,1.473295,-0.163978,-8.29502
885970327,3,2.196321,-0.123278,-8.158459
885970337,3,2.910032,-0.086146,-7.979283
885970347,3,3.607778,-0.052562,-7.758529
885970357,3,4.282675,-0.022449,-7.498167
885970367,3,4.927848,0.004033,-7.201165
885970377,3,5.536576,0.026278,-6.872134
885970387,3,6.102597,0.043556,-6.517452
885970397,3,6.62082,0.055495,-6.145131
885970407,3,7.087945,0.06206,-5.764274
885970417,3,7.502467,0.063497,-5.384448
885970427,3,7.864423,0.060467,-5.015185
885970437,3,8.175195,0.054166,-4.665564
885970447,3,8.437141,0.046385,-4.343832
885970457,3,8.653403,0.039448,-4.057127
885970468,3,8.827564,0.035695,-3.811116
885970478,3,8.962863,0.037079,-3.610139
885970488,3,9.061487,0.04492,-3.457835
885970498,3,9.12958,0.059761,-3.351328
885970508,3,9.166742,0.082255,-3.292479
885970518,3,9.171695,0.112595,-3.282791
885970528,3,9.138297,0.149416,-3.329952
885970538,3,9.064746,0.191746,-3.43392
885970548,3,8.942511,0.240115,-3.59861
885970558,3,8.774759,0.290782,-3.814874
885970568,3,8.558794,0.341892,-4.07824
885970578,3,8.292168,0.391868,-4.382565
885970588,3,7.972802,0.439589,-4.720217
885970599,3,7.599099,0.484488,-5.082442
885970609,3,7.170232,0.526632,-5.459781
885970619,3,6.686457,0.566786,-5.842452
885970629,3,6.149598,0.606234,-6.220733
885970639,3,5.563195,0.646405,-6.585471
885970649,3,4.931888,0.688503,-6.928419
885970659,3,4.260967,0.733382,-7.242213
885970669,3,3.555996,0.781542,-7.520385
885970679,3,2.822632,0.833137,-7.757366
885970689,3,2.066496,0.888037,-7.948292
885970699,3,1.294154,0.945973,-8.089849
885970709,3,0.512801,1.006449,-8.180182
885970719,3,-0.269773,1.068722,-8.218951
885970729,3,-1.045692,1.131814,-8.206991
885970740,3,-1.807357,1.194599,-8.146141
885970750,3,-2.541235,1.254176,-8.033853
885970760,3,-3.246268,1.312093,-7.880083
885970770,3,-3.912173,1.367477,-7.697305
885970780,3,-4.533705,1.420935,-7.49078
885970790,3,-5.11074,1.47237,-7.258705
885970800,3,-5.639403,1.521275,-7.007852
885970810,3,-6.116853,1.566812,-6.745584
885970820,3,-6.541584,1.607757,-6.47947
885970830,3,-6.913705,1.64254,-6.217095
885970840,3,-7.234933,1.669519,-5.965681
885970850,3,-7.507731,1.68724,-5.732037
885970860,3,-7.730466,1.694707,-5.529954
885970870,3,-7.90508,1.690999,-5.364873
885970881,3,-8.032905,1.675797,-5.241453
885970891,3,-8.118794,1.649984,-5.157901
885970901,3,-8.163432,1.614229,-5.117814
885970911,3,-8.166992,1.569721,-5.123411
885970921,3,-8.128984,1.518266,-5.175154
885970931,3,-8.047657,1.462229,-5.272069
885970941,3,-7.91972,1.404422,-5.411996
885970951,3,-7.74041,1.34767,-5.591508
885970961,3,-7.504294,1.294233,-5.805542
885970971,3,-7.210686,1.246557,-6.039416
885970981,3,-6.856513,1.2051,-6.284791
885970991,3,-6.436651,1.170275,-6.540281
885971001,3,-5.952549,1.142329,-6.796523
885971012,3,-5.407335,1.121353,-7.044585
885971022,3,-4.805661,1.106571,-7.276687
885971032,3,-4.153383,1.096103,-7.48647
885971042,3,-3.457292,1.087488,-7.669067
885971052,3,-2.724765,1.078486,-7.820786
885971062,3,-1.972591,1.069345,-7.935805
885971072,3,-1.204383,1.058079,-8.009725
885971082,3,-0.428212,1.045506,-8.042646
885971092,3,0.352736,1.032711,-8.040977
885971102,3,1.131244,1.021879,-8.004835
885971112,3,1.89999,1.01536,-7.934702
885971122,3,2.65139,1.015207,-7.831624
885971132,3,3.377448,1.022976,-7.697253
885971142,3,4.069578,1.039534,-7.534079
885971153,3,4.718514,1.065042,-7.345561
885971163,3,5.315024,1.099161,-7.136651
885971173,3,5.851136,1.141173,-6.914178
885971183,3,6.321336,1.190108,-6.686515
885971193,3,6.722852,1.244985,-6.46267
885971203,3,7.055228,1.304729,-6.251473
885971213,3,7.319894,1.368138,-6.061047
885971223,3,7.519975,1.434708,-5.898313
885971233,3,7.659797,1.504956,-5.768648
885971243,3,7.744584,1.579924,-5.675629
885971253,3,7.779906,1.66043,-5.621156
885971263,3,7.776068,1.744689,-5.601453
885971273,3,7.733528,1.833611,-5.618947
885971283,3,7.656575,1.92529,-5.671679
885971294,3,7.548264,2.017145,-5.757272
885971304,3,7.410709,2.10627,-5.872875
885971314,3,7.245225,2.189639,-6.0153
885971324,3,7.047997,2.264142,-6.183524
885971334,3,6.819834,2.326982,-6.372984
885971344,3,6.565723,2.37758,-6.57698
885971354,3,6.286843,2.415346,-6.791039
885971364,3,5.984557,2.440462,-7.010838
885971374,3,5.660238,2.453607,-7.2324
885971384,3,5.315168,2.455802,-7.452187
885971394,3,4.950619,2.448317,-7.667099
885971404,3,4.567993,2.432498,-7.874461
885971414,3,4.16903,2.409511,-8.072054
885971425,3,3.755877,2.380241,-8.258099
885971435,3,3.331105,2.345469,-8.431191
885971445,3,2.897503,2.30599,-8.590343
885971455,3,2.458015,2.262731,-8.734904
885971465,3,2.015813,2.216799,-8.864384
885971475,3,1.574416,2.1694,-8.978445
885971485,3,1.137633,2.121736,-9.076975
885971495,3,0.709421,2.074724,-9.160124
885971505,3,0.29382,2.028948,-9.228307
885971515,3,-0.105014,1.984821,-9.282165
885971525,3,-0.47826,1.943009,-9.320107
885971535,3,-0.822017,1.9042,-9.344162
885971545,3,-1.13673,1.867573,-9.358549
885971555,3,-1.419202,1.833098,-9.36538
885971566,3,-1.666975,1.80059,-9.366762
885971576,3,-1.876015,1.770771,-9.365039
885971586,3,-2.052342,1.741725,-9.360346
885971596,3,-2.196943,1.713354,-9.354009
885971606,3,-2.3091,1.685989,-9.347722
885971616,3,-2.388301,1.660046,-9.343045
885971626,3,-2.43323,1.636735,-9.341368
885971636,3,-2.446437,1.616547,-9.343187
885971646,3,-2.431224,1.599842,-9.3487
885971656,3,-2.390326,1.587103,-9.357939
885971666,3,-2.32622,1.578541,-9.370772
885971676,3,-2.241369,1.574033,-9.386885
885971686,3,-2.138091,1.573269,-9.405783
885971696,3,-2.018428,1.575888,-9.426842
885971707,3,-1.8846,1.581507,-9.449335
885971717,3,-1.739213,1.589554,-9.472513
885971727,3,-1.58532,1.599285,-9.495646
885971737,3,-1.42622,1.610039,-9.518018
885971747,3,-1.265253,1.621141,-9.53896
885971757,3,-1.105543,1.631959,-9.557872
885971767,3,-0.948855,1.643019,-9.574119
885971777,3,-0.799861,1.652768,-9.587114
885971787,3,-0.653292,1.662437,-9.598463
885971797,3,-0.509234,1.671711,-9.608534
885971807,3,-0.369735,1.680255,-9.617211
885971817,3,-0.236919,1.687839,-9.62435
885971827,3,-0.113835,1.693681,-9.629703
885971837,3,-3.9E-5,1.697867,-9.633611
885971848,3,0.10536,1.700529,-9.636436
885971858,3,0.202627,1.701507,-9.63843
885971868,3,0.291856,1.700751,-9.639754
885971878,3,0.373148,1.698544,-9.640489
885971888,3,0.446474,1.695309,-9.640665
885971898,3,0.511408,1.691431,-9.640349
885971908,3,0.567446,1.687199,-9.639687
885971918,3,0.614569,1.682908,-9.638837
885971928,3,0.653568,1.678973,-9.637888
885971938,3,0.685773,1.675731,-9.636869
885971948,3,0.712515,1.673485,-9.635774
885971958,3,0.73435,1.672391,-9.634635
885971968,3,0.750252,1.671416,-9.633767
885971979,3,0.76048,1.670815,-9.633173
885971989,3,0.765426,1.670913,-9.632811
885971999,3,0.765354,1.672388,-9.632559
885972009,3,0.760097,1.67501,-9.632456
885972019,3,0.749167,1.67857,-9.632528
885972029,3,0.732065,1.682784,-9.632794
885972039,3,0.708283,1.687245,-9.633268
885972049,3,0.677277,1.691656,-9.633921
885972059,3,0.638269,1.695973,-9.634649
885972069,3,0.59037,1.700348,-9.63529
885972079,3,0.532582,1.704897,-9.635644
885972089,3,0.4639,1.709758,-9.635477
885972099,3,0.382908,1.71468,-9.6345
885972109,3,0.289886,1.720011,-9.632319
885972120,3,0.185054,1.72618,-9.628508
885972130,3,0.068244,1.733445,-9.622663
885972140,3,-0.060679,1.741905,-9.614482
885972150,3,-0.201656,1.751548,-9.603731
885972160,3,-0.3542,1.762409,-9.590113
885972170,3,-0.51752,1.774766,-9.573187
885972180,3,-0.691235,1.788848,-9.552461
885972190,3,-0.875407,1.804757,-9.527368
885972200,3,-1.070086,1.821868,-9.497336
885972210,3,-1.275267,1.840036,-9.461514
885972220,3,-1.49074,1.858615,-9.419099
885972230,3,-1.716619,1.877557,-9.3691
885972240,3,-1.952875,1.89702,-9.310457
885972250,3,-2.199637,1.917341,-9.241813
885972261,3,-2.455652,1.938641,-9.162473
885972271,3,-2.719032,1.960874,-9.072274
885972281,3,-2.988095,1.983993,-8.971066
885972291,3,-3.260329,2.008149,-8.859465
885972301,3,-3.532151,2.03372,-8.73878
885972311,3,-3.801057,2.060484,-8.610896
885972321,3,-4.064388,2.088205,-8.478105
885972331,3,-4.319484,2.116777,-8.342872
885972341,3,-4.565474,2.146365,-8.206289
885972351,3,-4.801819,2.177273,-8.069262
885972361,3,-5.027391,2.209554,-7.933324
885972371,3,-5.241942,2.24306,-7.79899
885972381,3,-5.445107,2.277328,-7.666883
885972392,3,-5.635304,2.311198,-7.539024
885972402,3,-5.811024,2.343771,-7.417224
885972412,3,-5.970591,2.373975,-7.303448
885972422,3,-6.112424,2.403453,-7.198704
885972432,3,-6.235024,2.432826,-7.10438
885972442,3,-6.337208,2.462609,-7.021779
885972452,3,-6.417801,2.492442,-6.95256
885972462,3,-6.477232,2.52176,-6.897556
885972472,3,-6.516911,2.549992,-6.856883
885972482,3,-6.538196,2.576216,-6.830727
885972492,3,-6.542937,2.599226,-6.818915
885972502,3,-6.533549,2.619397,-6.819973
885972512,3,-6.512702,2.634843,-6.832761
885972522,3,-6.483275,2.64548,-6.854982
885972533,3,-6.44884,2.651241,-6.883551
885972543,3,-6.411683,2.651637,-6.916693
885972553,3,-6.373625,2.646028,-6.953038
885972563,3,-6.336962,2.634125,-6.990565
885972573,3,-6.30271,2.615715,-7.028446
885972583,3,-6.271525,2.590926,-7.066012
885972593,3,-6.244753,2.560777,-7.101454
885972603,3,-6.22301,2.526499,-7.133569
885972613,3,-6.206755,2.489707,-7.161191
885972623,3,-6.196141,2.449061,-7.184568
885972633,3,-6.191959,2.404466,-7.203
885972643,3,-6.194461,2.356012,-7.216287
885972653,3,-6.203496,2.304417,-7.22439
885972663,3,-6.218771,2.250814,-7.227283
885972674,3,-6.239679,2.196274,-7.225241
885972684,3,-6.26555,2.141971,-7.218513
885972694,3,-6.2956,2.088088,-7.207737
885972704,3,-6.329462,2.034783,-7.193329
885972714,3,-6.367106,1.984187,-7.174581
885972724,3,-6.408742,1.936365,-7.151249
885972734,3,-6.453825,1.891402,-7.123675
885972744,3,-6.501651,1.849412,-7.092249
885972754,3,-6.551323,1.810401,-7.05763
885972764,3,-6.600345,1.774692,-7.022109
885972774,3,-6.64705,1.742609,-6.987218
885972784,3,-6.691067,1.713509,-6.953438
885972794,3,-6.731592,1.687982,-6.921502
885972805,3,-6.769072,1.66514,-6.891284
885972815,3,-6.804018,1.644115,-6.862574
885972825,3,-6.837321,1.624889,-6.834562
885972835,3,-6.869208,1.606807,-6.807177
885972845,3,-6.900179,1.589305,-6.780099
885972855,3,-6.93081,1.571917,-6.752897
885972865,3,-6.961385,1.554105,-6.725425
885972875,3,-6.991998,1.535149,-6.697772
885972885,3,-7.022352,1.514469,-6.670426
885972895,3,-7.05298,1.493078,-6.642667
885972905,3,-7.08376,1.470284,-6.614804
885972915,3,-7.114509,1.446091,-6.587012
885972925,3,-7.144238,1.420999,-6.560237
885972935,3,-7.171615,1.395089,-6.535933
885972946,3,-7.19592,1.368415,-6.514867
885972956,3,-7.217229,1.341463,-6.496889
885972966,3,-7.23733,1.31418,-6.480163
885972976,3,-7.257466,1.286185,-6.463425
885972986,3,-7.277824,1.257963,-6.446294
885972996,3,-7.299407,1.228612,-6.427829
885973006,3,-7.32238,1.198952,-6.407601
885973016,3,-7.346773,1.169539,-6.385376
885973026,3,-7.372855,1.14087,-6.360617
885973036,3,-7.400603,1.113409,-6.333137
885973046,3,-7.429729,1.087215,-6.303179
885973056,3,-7.460295,1.062298,-6.270568
885973066,3,-7.492803,1.038992,-6.234475
885973076,3,-7.52791,1.017508,-6.193843
885973087,3,-7.566733,0.998151,-6.14694
885973097,3,-7.610387,0.98046,-6.091906
885973107,3,-7.659419,0.964449,-6.027499
885973117,3,-7.713773,0.949867,-5.953244
885973127,3,-7.773626,0.936359,-5.86846
885973137,3,-7.83963,0.923601,-5.771754
885973147,3,-7.911706,0.911314,-5.662621
885973157,3,-7.989373,0.898984,-5.54115
885973167,3,-8.07215,0.886504,-5.407214
885973177,3,-8.159441,0.874064,-5.260703
885973187,3,-8.250483,0.861877,-5.101892
885973197,3,-8.344403,0.850212,-4.9312
885973207,3,-8.440265,0.839065,-4.749379
885973218,3,-8.537285,0.828477,-4.557046
885973228,3,-8.63434,0.818133,-4.355563
885973238,3,-8.730591,0.807711,-4.146226
885973248,3,-8.825638,0.797018,-3.929948
885973258,3,-8.918848,0.787065,-3.707744
885973268,3,-9.009272,0.777706,-3.481672
885973278,3,-9.096085,0.769095,-3.253705
885973288,3,-9.178456,0.75982,-3.026573
885973298,3,-9.255212,0.750341,-2.80318
885973308,3,-9.325905,0.741016,-2.585413
885973318,3,-9.390429,0.73205,-2.374482
885973328,3,-9.448924,0.723449,-2.171032
885973338,3,-9.501407,0.71562,-1.975643
885973348,3,-9.548063,0.708871,-1.788315
885973359,3,-9.58922,0.703818,-1.607376
885973369,3,-9.62504,0.700544,-1.432306
885973379,3,-9.655639,0.69923,-1.263367
885973389,3,-9.681278,0.700231,-1.100629
885973399,3,-9.70222,0.703863,-0.944224
885973409,3,-9.718809,0.710265,-0.793969
885973419,3,-9.731377,0.719501,-0.649807
885973429,3,-9.740429,0.731486,-0.512823
885973439,3,-9.746312,0.746605,-0.381743
885973449,3,-9.749294,0.765146,-0.254912
885973459,3,-9.749632,0.786363,-0.131426
885973469,3,-9.747519,0.810199,-0.009814
885973479,3,-9.742994,0.836778,0.111694
885973489,3,-9.735945,0.867877,0.235174
885973500,3,-9.726345,0.903526,0.361665
885973510,3,-9.714165,0.943592,0.49185
885973520,3,-9.699375,0.988141,0.62577
885973530,3,-9.682281,1.037258,0.76171
885973540,3,-9.663158,1.09055,0.898263
885973550,3,-9.642286,1.147897,1.03371
885973560,3,-9.619761,1.209126,1.16546
885973570,3,-9.595862,1.273972,1.291595
885973580,3,-9.570897,1.341796,1.411268
885973590,3,-9.54499,1.41229,1.524321
885973600,3,-9.518053,1.485179,1.631438
885973610,3,-9.490129,1.560355,1.732534
885973620,3,-9.461051,1.637911,1.828345
885973630,3,-9.430509,1.718509,1.920895
885973641,3,-9.398355,1.802319,2.009976
885973651,3,-9.364459,1.889707,2.094998
885973661,3,-9.32876,1.980823,2.175608
885973671,3,-9.291239,2.075758,2.251363
885973681,3,-9.251843,2.174748,2.321543
885973691,3,-9.210505,2.27745,2.386163
885973701,3,-9.167649,2.383663,2.443916
885973711,3,-9.123679,2.493127,2.493917
885973721,3,-9.078625,2.605622,2.536426
885973731,3,-9.031797,2.721506,2.57351
885973741,3,-8.982886,2.840453,2.606884
885973751,3,-8.93135,2.962841,2.637839
885973761,3,-8.876901,3.088668,2.666894
885973772,3,-8.819098,3.218224,2.694831
885973782,3,-8.75734,3.352226,2.722268
885973792,3,-8.690974,3.491004,2.749901
885973802,3,-8.619278,3.634842,2.778246
885973812,3,-8.541193,3.783766,2.808859
885973822,3,-8.455821,3.937693,2.842557
885973832,3,-8.362292,4.096221,2.880316
885973842,3,-8.258484,4.260132,2.92334
885973852,3,-8.144404,4.427947,2.971778
885973862,3,-8.022121,4.596804,3.024832
885973872,3,-7.891714,4.764377,3.084936
885973882,3,-7.754695,4.928254,3.152121
885973892,3,-7.612282,5.08669,3.226217
885973902,3,-7.464709,5.238077,3.309265
885973913,3,-7.311692,5.381323,3.4032
885973923,3,-7.15125,5.516077,3.510077
885973933,3,-6.98297,5.641244,3.630235
885973943,3,-6.803973,5.75787,3.764094
885973953,3,-6.61393,5.864756,3.911835
885973963,3,-6.411317,5.961364,4.07384
885973973,3,-6.195595,6.046693,4.250016
885973983,3,-5.967164,6.119677,4.439497
885973993,3,-5.725369,6.179387,4.641366
885974003,3,-5.471851,6.224582,4.853415
885974013,3,-5.208558,6.254115,5.073186
885974023,3,-4.937453,6.266944,5.298436
885974033,3,-4.660369,6.262274,5.527084
885974043,3,-4.380341,6.238204,5.756956
885974054,3,-4.098646,6.195112,5.986994
885974064,3,-3.814819,6.135005,6.217326
885974074,3,-3.530585,6.059688,6.444849
885974084,3,-3.24635,5.970975,6.668883
885974094,3,-2.962754,5.870609,6.888424
885974104,3,-2.680614,5.760281,7.102223
885974114,3,-2.401218,5.641459,7.308931
885974124,3,-2.127812,5.514523,7.506449
885974134,3,-1.862363,5.379777,7.694254
885974144,3,-1.608988,5.236162,7.871578
885974154,3,-1.369252,5.08424,8.038243
885974164,3,-1.145866,4.924175,8.193982
885974174,3,-0.940944,4.756837,8.338844
885974185,3,-0.756227,4.583166,8.473415
885974195,3,-0.594708,4.403863,8.597783
885974205,3,-0.457274,4.219643,8.712759
885974215,3,-0.345494,4.029116,8.819476
885974225,3,-0.259344,3.832061,8.918441
885974235,3,-0.196339,3.62963,9.009811
885974245,3,-0.155361,3.421697,9.093911
885974255,3,-0.134822,3.208587,9.171027
885974265,3,-0.132608,2.991017,9.241468
885974275,3,-0.146323,2.770029,9.305559
885974285,3,-0.173584,2.546761,9.363634
885974295,3,-0.212099,2.322269,9.41609
885974305,3,-0.259844,2.097351,9.463377
885974315,3,-0.314845,1.872547,9.50594
885974326,3,-0.3752,1.648388,9.544062
885974336,3,-0.439071,1.425536,9.577856
885974346,3,-0.504717,1.204903,9.607326
885974356,3,-0.570874,0.987375,9.6325
885974366,3,-0.636473,0.773635,9.653483
885974376,3,-0.700084,0.564083,9.670465
885974386,3,-0.759885,0.358809,9.683657
885974396,3,-0.814304,0.157906,9.693245
885974406,3,-0.861876,-0.03834,9.699363
885974416,3,-0.901096,-0.227469,9.70174
885974426,3,-0.931149,-0.408741,9.700557
885974436,3,-0.953762,-0.582801,9.696205
885974446,3,-0.969246,-0.749143,9.688875
885974456,3,-0.977864,-0.908187,9.678782
885974467,3,-0.980226,-1.060481,9.66623
885974477,3,-0.976867,-1.206749,9.65157
885974487,3,-0.968502,-1.34761,9.635158
885974497,3,-0.955988,-1.483559,9.617322
885974507,3,-0.940823,-1.614523,9.598418
885974517,3,-0.923461,-1.740704,9.578721
885974527,3,-0.904155,-1.862599,9.558315
885974537,3,-0.883393,-1.980912,9.537119
885974547,3,-0.861982,-2.09677,9.514858
885974557,3,-0.840635,-2.211398,9.49121
885974567,3,-0.819268,-2.325573,9.466036
885974577,3,-0.79848,-2.440148,9.439067
885974587,3,-0.778615,-2.556317,9.409841
885974598,3,-0.75967,-2.674364,9.378222
885974608,3,-0.741675,-2.794571,9.344034
885974618,3,-0.723648,-2.917405,9.307126
885974628,3,-0.705424,-3.042965,9.26725
885974638,3,-0.68702,-3.171318,9.224142
885974648,3,-0.66861,-3.301995,9.177782
885974658,3,-0.649581,-3.434362,9.128183
885974668,3,-0.6261,-3.563575,9.07815
885974678,3,-0.5996,-3.687875,9.02868
885974688,3,-0.572328,-3.807221,8.979932
885974698,3,-0.545284,-3.922511,8.931639
885974708,3,-0.518672,-4.032174,8.885187
885974718,3,-0.492932,-4.135341,8.841306
885974728,3,-0.46796,-4.230788,8.80073
885974739,3,-0.443755,-4.316236,8.764652
885974749,3,-0.419901,-4.388978,8.734347
885974759,3,-0.395976,-4.446242,8.711009
885974769,3,-0.372226,-4.485717,8.695488
885974779,3,-0.348204,-4.504845,8.688613
885974789,3,-0.323594,-4.500501,8.691234
885974799,3,-0.297924,-4.470392,8.703652
885974809,3,-0.270484,-4.412219,8.725936
885974819,3,-0.240828,-4.323869,8.757842
885974829,3,-0.208821,-4.203287,8.798935
885974839,3,-0.175189,-4.049936,8.84839
885974849,3,-0.140116,-3.86285,8.90524
885974859,3,-0.103699,-3.639965,8.968427
885974869,3,-0.069458,-3.385196,9.033751
885974880,3,-0.035489,-3.100027,9.098621
885974890,3,-5.0E-5,-2.786451,9.161411
885974900,3,0.038324,-2.44489,9.220875
885974910,3,0.080714,-2.079134,9.274163
885974920,3,0.12798,-1.689921,9.318621
885974930,3,0.179537,-1.280225,9.35243
885974940,3,0.234986,-0.853934,9.373814
885974950,3,0.293558,-0.415169,9.381477
885974960,3,0.354249,0.031892,9.374665
885974970,3,0.416008,0.483075,9.353104
885974980,3,0.478031,0.93421,9.316847
885974990,3,0.539674,1.381147,9.26629
885975000,3,0.600099,1.819917,9.202141
885975011,3,0.658502,2.246823,9.125415
885975021,3,0.713687,2.660636,9.035919
885975031,3,0.765744,3.058209,8.935247
885975041,3,0.815243,3.436077,8.827107
885975051,3,0.86187,3.791901,8.713655
885975061,3,0.904279,4.122225,8.597384
885975071,3,0.94171,4.424673,8.481289
885975081,3,0.97316,4.697026,8.368589
885975091,3,0.998754,4.938897,8.262278
885975101,3,1.017743,5.149073,8.16521
885975111,3,1.029872,5.326754,8.079897
885975121,3,1.034222,5.46943,8.009064
885975131,3,1.030632,5.577141,7.954486
885975141,3,1.01919,5.650337,7.917338
885975152,3,1.000489,5.689799,7.898171
885975162,3,0.975451,5.696498,7.896961
885975172,3,0.945002,5.671448,7.913214
885975182,3,0.909589,5.615648,7.946098
885975192,3,0.869232,5.530143,7.994456
885975202,3,0.823812,5.416014,8.056878
885975212,3,0.773036,5.274424,8.13178
885975222,3,0.717614,5.104474,8.219008
885975232,3,0.658063,4.907636,8.316881
885975242,3,0.595136,4.68751,8.422009
885975252,3,0.52934,4.444919,8.532616
885975262,3,0.460806,4.18258,8.646501
885975272,3,0.389027,3.903521,8.761388
885975282,3,0.313763,3.610865,8.875018
885975293,3,0.234681,3.307735,8.98525
885975303,3,0.152189,2.998502,9.09022
885975313,3,0.067344,2.68636,9.188456
885975323,3,-0.018247,2.374298,9.278905
885975333,3,-0.102391,2.065293,9.36094
885975343,3,-0.182558,1.762285,9.434327
885975353,3,-0.2559,1.468156,9.499152
885975363,3,-0.319211,1.18569,9.555689
885975373,3,-0.3698,0.917704,9.604225
885975383,3,-0.405754,0.666927,9.645044
885975393,3,-0.426131,0.435857,9.678475
885975403,3,-0.432239,0.225257,9.704874
885975413,3,-0.4251,0.037863,9.72505
885975424,3,-0.408979,-0.125576,9.739894
885975434,3,-0.389503,-0.26477,9.750413
885975444,3,-0.371036,-0.379891,9.757556
885975454,3,-0.355312,-0.471655,9.761935
885975464,3,-0.341788,-0.540663,9.764419
885975474,3,-0.327304,-0.588759,9.765735
885975484,3,-0.30865,-0.617869,9.766542
885975494,3,-0.28283,-0.630026,9.767431
885975504,3,-0.248211,-0.62858,9.76882
885975514,3,-0.205018,-0.61525,9.770899
885975524,3,-0.154315,-0.591824,9.773696
885975534,3,-0.098249,-0.561677,9.77706
885975544,3,-0.040219,-0.52738,9.780728
885975554,3,0.015961,-0.491379,9.784365
885975565,3,0.065693,-0.454158,9.787694
885975575,3,0.106359,-0.418138,9.790499
885975585,3,0.138471,-0.38611,9.792626
885975595,3,0.16227,-0.359501,9.7941
885975605,3,0.180224,-0.338123,9.795097
885975615,3,0.194442,-0.32403,9.795494
885975625,3,0.209456,-0.317487,9.79518
885975635,3,0.230275,-0.318495,9.79397
885975645,3,0.260981,-0.326823,9.791737
885975655,3,0.303663,-0.340834,9.788547
885975665,3,0.357681,-0.360494,9.784526
885975675,3,0.420092,-0.384728,9.779842
885975685,3,0.48693,-0.412478,9.774687
885975695,3,0.554644,-0.442434,9.769246
885975706,3,0.620779,-0.473342,9.763658
885975716,3,0.684066,-0.504508,9.758043
885975726,3,0.743584,-0.535057,9.752542
885975736,3,0.799002,-0.562524,9.747286
885975746,3,0.851222,-0.585036,9.742342
885975756,3,0.901506,-0.600864,9.737711
885975766,3,0.951706,-0.610458,9.733294
885975776,3,1.002259,-0.612792,9.72904
885975786,3,1.051368,-0.606912,9.724992
885975796,3,1.098281,-0.593603,9.721175
885975806,3,1.141838,-0.573768,9.717692
885975816,3,1.180825,-0.548669,9.714675
885975826,3,1.214969,-0.519869,9.71216
885975836,3,1.243688,-0.488467,9.71024
885975847,3,1.266344,-0.455549,9.709016
885975857,3,1.282256,-0.422208,9.708585
885975867,3,1.291484,-0.389698,9.708951
885975877,3,1.294389,-0.35888,9.710065
885975887,3,1.292204,-0.32947,9.711777
885975897,3,1.286891,-0.301589,9.71382
885975907,3,1.280197,-0.274999,9.715963
885975917,3,1.273712,-0.249257,9.718009
885975927,3,1.268809,-0.224097,9.719767
885975937,3,1.26629,-0.200068,9.721095
885975947,3,1.265925,-0.177527,9.72198
885975957,3,1.266946,-0.157029,9.722487
885975967,3,1.26846,-0.13906,9.722732
885975978,3,1.269759,-0.123907,9.72283
885975988,3,1.270578,-0.111591,9.722863
885975998,3,1.271229,-0.101777,9.722835
885976008,3,1.272665,-0.09432,9.722651
885976018,3,1.275991,-0.088833,9.722178
885976028,3,1.280851,-0.083792,9.721479
885976038,3,1.287061,-0.078797,9.720589
885976048,3,1.294399,-0.073476,9.719547
885976058,3,1.302998,-0.070067,9.718355
885976068,3,1.312854,-0.068217,9.717009
885976078,3,1.323926,-0.067616,9.715514
885976088,3,1.336215,-0.068633,9.713857
885976098,3,1.349012,-0.07125,9.712112
885976108,3,1.361049,-0.07436,9.710464
885976119,3,1.371719,-0.07842,9.708962
885976129,3,1.380755,-0.083726,9.707631
885976139,3,1.388095,-0.089953,9.70649
885976149,3,1.394052,-0.097497,9.705503
885976159,3,1.399089,-0.106743,9.704613
885976169,3,1.403876,-0.117981,9.703732
885976179,3,1.409289,-0.131261,9.702739
885976189,3,1.416036,-0.146366,9.701532
885976199,3,1.424519,-0.162954,9.700047
885976209,3,1.434761,-0.180452,9.698262
885976219,3,1.446406,-0.198243,9.696209
885976229,3,1.458579,-0.215351,9.694074
885976239,3,1.472251,-0.232845,9.691644
885976249,3,1.48763,-0.250464,9.688881
885976260,3,1.504802,-0.26528,9.685764
885976270,3,1.524033,-0.276886,9.682282
885976280,3,1.544131,-0.283579,9.678744
885976290,3,1.564846,-0.285372,9.67522
885976300,3,1.585781,-0.282639,9.671788
885976310,3,1.606693,-0.277224,9.668455
885976320,3,1.626768,-0.269438,9.665339
885976330,3,1.645082,-0.259922,9.662564
885976340,3,1.661042,-0.249446,9.660204
885976350,3,1.674669,-0.238572,9.658238
885976360,3,1.686193,-0.227528,9.656622
885976370,3,1.695651,-0.216144,9.655342
885976380,3,1.7028,-0.204205,9.654432
885976391,3,1.706956,-0.192033,9.653996
885976401,3,1.709189,-0.182099,9.65384
885976411,3,1.708934,-0.175119,9.654046
885976421,3,1.705869,-0.17182,9.654646
885976431,3,1.700892,-0.174011,9.655414
885976441,3,1.691694,-0.179024,9.656786
885976451,3,1.679197,-0.18649,9.658611
885976461,3,1.664251,-0.195971,9.660765
885976471,3,1.647515,-0.206874,9.663172
885976481,3,1.6311,-0.220051,9.665452
885976491,3,1.615543,-0.235018,9.66755
885976501,3,1.602357,-0.252162,9.669201
885976511,3,1.591521,-0.270706,9.670435
885976521,3,1.582614,-0.289955,9.671356
885976532,3,1.575158,-0.308956,9.672081
885976542,3,1.568611,-0.326568,9.672732
885976552,3,1.562238,-0.341819,9.673446
885976562,3,1.55532,-0.354097,9.674333
885976572,3,1.546677,-0.362623,9.675567
885976582,3,1.536079,-0.367607,9.677137
885976592,3,1.523677,-0.368956,9.67897
885976602,3,1.507963,-0.364333,9.681288
885976612,3,1.48909,-0.353134,9.684042
885976622,3,1.467194,-0.33466,9.687197
885976632,3,1.442202,-0.308278,9.690754
885976642,3,1.415518,-0.275135,9.694411
885976652,3,1.386487,-0.235543,9.698236
885976662,3,1.354544,-0.190151,9.702275
885976673,3,1.319477,-0.139992,9.706514
885976683,3,1.282094,-0.085751,9.710848
885976693,3,1.242834,-0.028369,9.715198
885976703,3,1.201188,0.032386,9.719711
885976713,3,1.157323,0.094698,9.724358
885976723,3,1.112426,0.157699,9.728952
885976733,3,1.067657,0.220611,9.733297
885976743,3,1.023961,0.282743,9.737226
885976753,3,0.981979,0.343649,9.74062
885976763,3,0.941824,0.403036,9.743441
885976773,3,0.903968,0.460065,9.745581
885976783,3,0.868106,0.514871,9.747108
885976793,3,0.833877,0.567655,9.748092
885976804,3,0.801182,0.618555,9.748587
885976814,3,0.77035,0.667681,9.748597
885976824,3,0.741686,0.715001,9.748144
885976834,3,0.715757,0.76039,9.747226
885976844,3,0.693141,0.803647,9.745863
885976854,3,0.674073,0.84468,9.744105
885976864,3,0.65861,0.883609,9.742001
885976874,3,0.646592,0.920714,9.739593
885976884,3,0.636668,0.955808,9.737032
885976894,3,0.628044,0.98903,9.734396
885976904,3,0.619957,1.02051,9.731745
885976914,3,0.612867,1.051375,9.72898
885976924,3,0.60786,1.082351,9.725954
885976934,3,0.604628,1.113465,9.722688
885976945,3,0.602976,1.144833,9.719171
885976955,3,0.602825,1.176627,9.715372
885976965,3,0.604191,1.209146,9.711239
885976975,3,0.607002,1.24267,9.706726
885976985,3,0.610875,1.27732,9.701833
885976995,3,0.615387,1.313206,9.696561
885977005,3,0.619924,1.350303,9.690952
885977015,3,0.623798,1.388501,9.685053
885977025,3,0.62665,1.427789,9.678879
885977035,3,0.628262,1.468165,9.672438
885977045,3,0.628537,1.509617,9.665733
885977055,3,0.62674,1.550571,9.659138
885977065,3,0.62309,1.5907,9.652699
885977075,3,0.617805,1.629596,9.646486
885977086,3,0.61146,1.668521,9.64021
885977096,3,0.604234,1.707207,9.633918
885977106,3,0.596151,1.745416,9.627657
885977116,3,0.586997,1.783016,9.621468
885977126,3,0.575172,1.819373,9.615541
885977136,3,0.560586,1.854493,9.609899
885977146,3,0.543199,1.888278,9.604563
885977156,3,0.523142,1.917914,9.600141
885977166,3,0.50071,1.94311,9.596654
885977176,3,0.476415,1.963695,9.594087
885977186,3,0.450816,1.979588,9.592402
885977196,3,0.424297,1.990693,9.591578
885977206,3,0.397088,1.996859,9.591612
885977217,3,0.369315,1.997888,9.592523
885977227,3,0.340941,1.993516,9.594353
885977237,3,0.311743,1.983548,9.597134
885977247,3,0.281427,1.968032,9.600846
885977257,3,0.250299,1.948726,9.605079
885977267,3,0.217869,1.92614,9.60973
885977277,3,0.183541,1.903496,9.614257
885977287,3,0.147024,1.879511,9.618953
885977297,3,0.108654,1.854362,9.623781
885977307,3,0.068836,1.828049,9.628731
885977317,3,0.027902,1.800404,9.633818
885977327,3,-0.013855,1.77119,9.639074
885977337,3,-0.056141,1.740176,9.644529
885977347,3,-0.098708,1.707073,9.650224
885977358,3,-0.141462,1.674162,9.65563
885977368,3,-0.184239,1.641107,9.660804
885977378,3,-0.22617,1.605329,9.666145
885977388,3,-0.267135,1.566405,9.671674
885977398,3,-0.307466,1.526363,9.677076
885977408,3,-0.346784,1.485312,9.682321
885977418,3,-0.384806,1.443518,9.687351
885977428,3,-0.421204,1.401379,9.692109
885977438,3,-0.45561,1.359257,9.696552
885977448,3,-0.48775,1.317324,9.700678
885977458,3,-0.516898,1.273903,9.704678
885977468,3,-0.543128,1.22899,9.708558
885977478,3,-0.566305,1.180004,9.712749
885977488,3,-0.586925,1.127256,9.717201
885977499,3,-0.605518,1.071228,9.721848
885977509,3,-0.622528,1.012517,9.726607
885977519,3,-0.63818,0.951811,9.731402
885977529,3,-0.652691,0.889811,9.736155
885977539,3,-0.666268,0.827195,9.740791
885977549,3,-0.679166,0.76456,9.745245
885977559,3,-0.691607,0.702463,9.749449
885977569,3,-0.703835,0.641323,9.753341
885977579,3,-0.716993,0.583568,9.756521
885977589,3,-0.731284,0.529478,9.75897
885977599,3,-0.746197,0.47701,9.760992
885977609,3,-0.761797,0.426254,9.762589
885977619,3,-0.777961,0.377306,9.763786
885977629,3,-0.794579,0.330157,9.764619
885977640,3,-0.811564,0.2846,9.765117
885977650,3,-0.828876,0.240242,9.7653
885977660,3,-0.847013,0.19818,9.765014
885977670,3,-0.865854,0.157755,9.764302
885977680,3,-0.885345,0.118362,9.763199
885977690,3,-0.905553,0.079528,9.761713
885977700,3,-0.926432,0.040878,9.759871
885977710,3,-0.947811,0.001939,9.757696
885977720,3,-0.969361,-0.037895,9.755224
885977730,3,-0.99091,-0.079297,9.752458
885977740,3,-1.012678,-0.122922,9.749338
885977750,3,-1.034881,-0.169128,9.745802
885977760,3,-1.057287,-0.218154,9.741846
885977771,3,-1.079534,-0.270075,9.737479
885977781,3,-1.101206,-0.324912,9.732699
885977791,3,-1.121895,-0.382685,9.727512
885977801,3,-1.141353,-0.443455,9.721914
885977811,3,-1.159413,-0.507345,9.715884
885977821,3,-1.175895,-0.57443,9.709428
885977831,3,-1.190827,-0.644618,9.702532
885977841,3,-1.204593,-0.717579,9.695152
885977851,3,-1.217575,-0.792875,9.687221
885977861,3,-1.230054,-0.869833,9.678701
885977871,3,-1.242326,-0.947814,9.66957
885977881,3,-1.254724,-1.026201,9.659829
885977891,3,-1.267416,-1.104319,9.649542
885977901,3,-1.280419,-1.181534,9.638834
885977912,3,-1.292503,-1.255539,9.628346
885977922,3,-1.303594,-1.325824,9.618192
885977932,3,-1.313488,-1.391937,9.60848
885977942,3,-1.323059,-1.454429,9.598959
885977952,3,-1.332153,-1.513325,9.589665
885977962,3,-1.341442,-1.568842,9.580488
885977972,3,-1.351608,-1.62113,9.571337
885977982,3,-1.363095,-1.670218,9.562152
885977992,3,-1.372957,-1.716429,9.55337
885978002,3,-1.380834,-1.760245,9.544971
885978012,3,-1.386161,-1.802202,9.536947
885978022,3,-1.388658,-1.842929,9.529222
885978032,3,-1.388162,-1.883018,9.521689
885978042,3,-1.384369,-1.922956,9.514277
885978053,3,-1.376949,-1.963057,9.506935
885978063,3,-1.365578,-2.0037,9.499585
885978073,3,-1.349787,-2.045268,9.492161
885978083,3,-1.328893,-2.088281,9.48458
885978093,3,-1.302212,-2.133465,9.476701
885978103,3,-1.269546,-2.181656,9.468278
885978113,3,-1.232363,-2.235166,9.45854
885978123,3,-1.191302,-2.294241,9.447264
885978133,3,-1.146939,-2.358879,9.434308
885978143,3,-1.0983,-2.428032,9.419978
885978153,3,-1.045358,-2.501415,9.404289
885978163,3,-0.987886,-2.578729,9.387308
885978173,3,-0.926027,-2.659691,9.3691
885978184,3,-0.86024,-2.743969,9.349757
885978194,3,-0.794604,-2.830861,9.328932
885978204,3,-0.730645,-2.919443,9.306766
885978214,3,-0.669931,-3.008782,9.283388
885978224,3,-0.613798,-3.098052,9.258922
885978234,3,-0.563615,-3.186603,9.233481
885978244,3,-0.520843,-3.273745,9.207246
885978254,3,-0.487064,-3.358537,9.180507
885978264,3,-0.463828,-3.439804,9.153637
885978274,3,-0.452682,-3.516308,9.126982
885978284,3,-0.45501,-3.586779,9.100861
885978294,3,-0.47197,-3.650115,9.075486
885978304,3,-0.504294,-3.705373,9.051003
885978314,3,-0.552228,-3.751862,9.027463
885978325,3,-0.615751,-3.789085,9.004852
885978335,3,-0.694626,-3.816548,8.983173
885978345,3,-0.788456,-3.833744,8.962469
885978355,3,-0.896649,-3.840128,8.942828
885978365,3,-1.018285,-3.835115,8.924406
885978375,3,-1.152107,-3.818271,8.907331
885978385,3,-1.296972,-3.789557,8.891478
885978395,3,-1.451743,-3.749347,8.876513
885978405,3,-1.614763,-3.698057,8.862264
885978415,3,-1.783762,-3.63579,8.848996
885978425,3,-1.955708,-3.56209,8.83758
885978435,3,-2.126234,-3.475966,8.829526
885978445,3,-2.290275,-3.376258,8.826469
885978455,3,-2.443017,-3.261871,8.829598
885978466,3,-2.580631,-3.131719,8.839375
885978476,3,-2.700813,-2.984653,8.855466
885978486,3,-2.803281,-2.819695,8.876708
885978496,3,-2.890031,-2.636474,8.901219
885978506,3,-2.960757,-2.435262,8.92795
885978516,3,-3.023504,-2.219898,8.953656
885978526,3,-3.077117,-1.990377,8.978021
885978536,3,-3.120485,-1.746917,9.000673
885978546,3,-3.152675,-1.490026,9.021185
885978556,3,-3.172834,-1.220433,9.039129
885978566,3,-3.180254,-0.939031,9.05409
885978576,3,-3.174426,-0.646781,9.06566
885978586,3,-3.154542,-0.344544,9.073706
885978597,3,-3.119661,-0.033052,9.078339
885978607,3,-3.069268,0.286697,9.079618
885978617,3,-3.00372,0.613321,9.07726
885978627,3,-2.924384,0.944858,9.070503
885978637,3,-2.833794,1.278737,9.058088
885978647,3,-2.734996,1.611867,9.038703
885978657,3,-2.630658,1.940779,9.011507
885978667,3,-2.522583,2.261705,8.976394
885978677,3,-2.411314,2.570667,8.934144
885978687,3,-2.295818,2.863766,8.886452
885978697,3,-2.173155,3.137797,8.835917
885978707,3,-2.043025,3.390303,8.784424
885978717,3,-1.897137,3.62254,8.736129
885978727,3,-1.736755,3.831995,8.692246
885978738,3,-1.563498,4.01628,8.653929
885978748,3,-1.379177,4.173225,8.622266
885978758,3,-1.185877,4.30097,8.598195
885978768,3,-0.985814,4.397966,8.582483
885978778,3,-0.781228,4.462931,8.575762
885978788,3,-0.574418,4.49491,8.578461
885978798,3,-0.367839,4.493275,8.590774
885978808,3,-0.164097,4.457817,8.612614
885978818,3,0.034232,4.388706,8.643652
885978828,3,0.224576,4.286405,8.683363
885978838,3,0.404371,4.151808,8.731
885978848,3,0.57114,3.986207,8.785588
885978858,3,0.72249,3.791343,8.845955
885978868,3,0.85617,3.56931,8.910799
885978879,3,0.970136,3.322582,8.978735
885978889,3,1.062594,3.054031,9.048316
885978899,3,1.142594,2.770574,9.117175
885978909,3,1.201132,2.472894,9.18497
885978919,3,1.261577,2.179225,9.249453
885978929,3,1.365193,1.946305,9.302462
885978939,3,1.509867,1.810399,9.323853
885978949,3,1.677947,1.711294,9.3187
885978959,3,1.838357,1.595236,9.315491
885978969,3,1.964313,1.457854,9.325315
885978979,3,2.052686,1.306453,9.344275
885978989,3,2.115251,1.152075,9.364978
885978999,3,2.164587,1.005447,9.382703
885979010,3,2.208102,0.87583,9.395498
885979020,3,2.256485,0.768651,9.400959
885979030,3,2.315757,0.68824,9.397764
885979040,3,2.390265,0.637083,9.384901
885979050,3,2.483051,0.616191,9.361661
885979060,3,2.596397,0.625694,9.327554
885979070,3,2.732066,0.66513,9.282283
885979080,3,2.891397,0.733595,9.225719
885979090,3,3.075417,0.82979,9.157851
885979100,3,3.274485,0.948442,9.079541
885979110,3,3.497128,1.090548,8.989622
885979120,3,3.719655,1.23955,8.888865
885979130,3,3.900637,1.340347,8.784025
885979140,3,4.042182,1.35828,8.693897
885979151,3,4.162034,1.355133,8.612176
885979161,3,4.291525,1.386159,8.509254
885979171,3,4.457803,1.457085,8.373105
885979181,3,4.66449,1.561858,8.206843
885979191,3,4.900424,1.69055,8.017246
885979201,3,5.153599,1.833298,7.808893
885979211,3,5.419925,1.983343,7.578463
885979221,3,5.677521,2.126799,7.354199
885979231,3,5.909514,2.25293,7.160212
885979241,3,6.104758,2.355547,7.006739
885979251,3,6.258183,2.433484,6.893192
885979261,3,6.370007,2.489909,6.813695
885979271,3,6.44442,2.530941,6.760869
885979281,3,6.487799,2.563775,6.727759
885979292,3,6.50581,2.594319,6.709471
885979302,3,6.501789,2.625424,6.703772
885979312,3,6.477537,2.657049,6.71032
885979322,3,6.435129,2.688279,6.728973
885979332,3,6.376972,2.718824,6.759267
885979342,3,6.305257,2.748962,6.800689
885979352,3,6.221701,2.779132,6.852916
885979362,3,6.127431,2.8096,6.916022
885979372,3,6.022997,2.840324,6.990544
885979382,3,5.908428,2.87087,7.077544
885979392,3,5.783345,2.900493,7.178538
885979402,3,5.64725,2.928336,7.29506
885979412,3,5.496896,2.951651,7.434073
885979422,3,5.343692,2.978495,7.571471
885979433,3,5.199151,3.014979,7.685894
885979443,3,5.071396,3.064589,7.769082
885979453,3,4.964374,3.127319,7.82288
885979463,3,4.874783,3.201707,7.854678
885979473,3,4.802473,3.279027,7.871773
885979483,3,4.742551,3.351792,7.881507
885979493,3,4.691249,3.413982,7.888903
885979503,3,4.647289,3.462948,7.89609
885979513,3,4.611053,3.499415,7.903032
885979523,3,4.582192,3.525296,7.909564
885979533,3,4.559356,3.542005,7.916123
885979543,3,4.540744,3.550366,7.923545
885979553,3,4.521241,3.550509,7.934767
885979564,3,4.499845,3.543577,7.950083
885979574,3,4.478533,3.530321,7.968261
885979584,3,4.457041,3.511954,7.989003
885979594,3,4.435573,3.489918,8.011545
885979604,3,4.414674,3.465746,8.034788
885979614,3,4.395099,3.440899,8.057496
885979624,3,4.37434,3.418818,8.079401
885979634,3,4.353044,3.399685,8.099894
885979644,3,4.331737,3.383419,8.11867
885979654,3,4.314204,3.369534,8.134091
885979664,3,4.303536,3.356008,8.145548
885979674,3,4.296237,3.345399,8.153879
885979684,3,4.28847,3.338478,8.160736
885979694,3,4.279176,3.33598,8.166387
885979705,3,4.266759,3.338104,8.171584
885979715,3,4.249404,3.344374,8.177472
885979725,3,4.225764,3.353922,8.185117
885979735,3,4.195213,3.365928,8.195207
885979745,3,4.157805,3.379764,8.207983
885979755,3,4.11747,3.395349,8.221328
885979765,3,4.074629,3.411699,8.235379
885979775,3,4.027336,3.428479,8.251316
885979785,3,3.976416,3.445202,8.268866
885979795,3,3.922711,3.461507,8.287708
885979805,3,3.867028,3.477303,8.307428
885979815,3,3.81012,3.492601,8.327613
885979825,3,3.755853,3.505333,8.347025
885979835,3,3.704571,3.516447,8.365168
885979846,3,3.656142,3.526699,8.381873
885979856,3,3.606639,3.536935,8.398792
885979866,3,3.555524,3.547335,8.41611
885979876,3,3.502237,3.558039,8.434036
885979886,3,3.449479,3.56877,8.451356
885979896,3,3.396942,3.579278,8.468334
885979906,3,3.344658,3.58945,8.48501
885979916,3,3.292795,3.599332,8.501297
885979926,3,3.241536,3.609088,8.517061
885979936,3,3.191031,3.61873,8.532248
885979946,3,3.141399,3.628077,8.546904
885979956,3,3.092641,3.637081,8.561058
885979966,3,3.044774,3.645713,8.574732
885979977,3,2.99778,3.653954,8.587955
885979987,3,2.951647,3.661967,8.600676
885979997,3,2.906311,3.669855,8.612896
885980007,3,2.861754,3.677506,8.624689
885980017,3,2.817931,3.684919,8.636091
885980027,3,2.774862,3.692137,8.647095
885980037,3,2.732562,3.699065,8.657745
885980047,3,2.691032,3.705782,8.668019
885980057,3,2.650206,3.712374,8.67791
885980067,3,2.610033,3.718773,8.687469
885980077,3,2.570511,3.725011,8.696696
885980087,3,2.531651,3.731149,8.705576
885980097,3,2.493514,3.737044,8.714161
885980107,3,2.456152,3.742696,8.722451
885980118,3,2.419541,3.748191,8.730425
885980128,3,2.383627,3.753493,8.738125
885980138,3,2.348298,3.758659,8.745565
885980148,3,2.313495,3.763786,8.752728
885980158,3,2.279255,3.768759,8.759659
885980168,3,2.245616,3.773542,8.766372
885980178,3,2.212609,3.77821,8.772833
885980188,3,2.180281,3.782686,8.779074
885980198,3,2.148661,3.786964,8.785097
885980208,3,2.117646,3.791167,8.790885
885980218,3,2.087171,3.795277,8.796469
885980228,3,2.057179,3.799273,8.801875
885980238,3,2.02762,3.803243,8.807086
885980248,3,1.998534,3.80712,8.812124
885980259,3,1.970011,3.810862,8.816992
885980269,3,1.942102,3.814502,8.821667
885980279,3,1.914801,3.817996,8.826178
885980289,3,1.888059,3.821328,8.830549
885980299,3,1.861786,3.824613,8.834754
885980309,3,1.835915,3.827845,8.838817
885980319,3,1.810451,3.83099,8.842754
885980329,3,1.785399,3.834101,8.846548
885980339,3,1.760839,3.837103,8.850214
885980349,3,1.736814,3.839946,8.853773
885980359,3,1.713312,3.842725,8.857186
885980369,3,1.690287,3.845435,8.860473
885980379,3,1.667712,3.848043,8.863656
885980390,3,1.645539,3.850637,8.866709
885980400,3,1.623724,3.853209,8.86965
885980410,3,1.602286,3.855683,8.872508
885980420,3,1.581242,3.858087,8.875273
885980430,3,1.560598,3.860442,8.877934
885980440,3,1.5404,3.862668,8.880525
885980450,3,1.52061,3.864848,8.883015
885980460,3,1.501191,3.866978,8.885419
885980470,3,1.482129,3.869027,8.887753
885980480,3,1.463383,3.871064,8.889997
885980490,3,1.444973,3.873089,8.892153
885980500,3,1.426912,3.874999,8.894262
885980510,3,1.409211,3.876865,8.896294
885980520,3,1.39187,3.878688,8.89825
885980531,3,1.374888,3.880416,8.900158
885980541,3,1.358232,3.882112,8.901995
885980551,3,1.341882,3.883789,8.903761
885980561,3,1.325823,3.885372,8.905496
885980571,3,1.310034,3.886918,8.907175
885980581,3,1.294531,3.888458,8.908787
885980591,3,1.279311,3.889913,8.910368
885980601,3,1.264361,3.891337,8.911896
885980611,3,1.249699,3.892742,8.913364
885980621,3,1.235342,3.894081,8.914797
885980631,3,1.221275,3.895351,8.916195
885980641,3,1.207458,3.896625,8.917536
885980651,3,1.193925,3.897831,8.918843
885980661,3,1.180636,3.899004,8.920113
885980672,3,1.167567,3.900182,8.92133
885980682,3,1.154783,3.901303,8.922515
885980692,3,1.142244,3.902371,8.923675
885980702,3,1.129957,3.903466,8.924771
885980712,3,1.117929,3.904519,8.925836
885980722,3,1.106128,3.90553,8.926875
885980732,3,1.09455,3.90658,8.927853
885980742,3,1.083193,3.907601,8.928801
885980752,3,1.072041,3.908589,8.929724
885980762,3,1.061083,3.909595,8.930601
885980772,3,1.050337,3.91056,8.931457
885980782,3,1.039813,3.911472,8.932297
885980792,3,1.029506,3.912391,8.933096
885980803,3,1.019418,3.913269,8.933877
885980813,3,1.009523,3.914106,8.934641
885980823,3,0.999793,3.914974,8.935361
885980833,3,0.990249,3.915831,8.936054
885980843,3,0.980896,3.916651,8.936731
885980853,3,0.971711,3.917483,8.937376
885980863,3,0.962725,3.918293,8.938001
885980873,3,0.95395,3.919065,8.938609
885980883,3,0.945315,3.919852,8.939188
885980893,3,0.936856,3.920623,8.939745
885980903,3,0.928569,3.921363,8.94029
885980913,3,0.920427,3.922109,8.94081
885980923,3,0.912454,3.922836,8.941313
885980933,3,0.904633,3.923489,8.941827
885980944,3,0.896962,3.924139,8.942318
885980954,3,0.889453,3.924777,8.942792
885980964,3,0.882099,3.925357,8.94327
885980974,3,0.874908,3.925949,8.943721
885980984,3,0.86785,3.926544,8.944151
885980994,3,0.860913,3.927111,8.944575
885981004,3,0.854112,3.927687,8.944979
885981014,3,0.847453,3.928265,8.945361
885981024,3,0.840938,3.928792,8.945748
885981034,3,0.834552,3.92932,8.946116
885981044,3,0.828292,3.929843,8.946472
885981054,3,0.822164,3.930324,8.946829
885981064,3,0.816148,3.930804,8.947171
885981074,3,0.81023,3.931292,8.947496
885981085,3,0.804441,3.931723,8.947832
885981095,3,0.798755,3.93216,8.948152
885981105,3,0.793177,3.932601,8.948458
885981115,3,0.787723,3.933024,8.948755
885981125,3,0.78236,3.933448,8.949041
885981135,3,0.777106,3.933888,8.949308
885981145,3,0.771947,3.934283,8.949583
885981155,3,0.766878,3.934662,8.949854
885981165,3,0.76193,3.93506,8.950103
885981175,3,0.757077,3.935432,8.950354
885981185,3,0.752312,3.935806,8.950592
885981195,3,0.747652,3.936166,8.950826
885981205,3,0.743103,3.936487,8.951065
885981215,3,0.738638,3.936791,8.951302
885981226,3,0.734265,3.937112,8.951523
885981236,3,0.729987,3.937412,8.951741
885981246,3,0.725785,3.937707,8.951956
885981256,3,0.721662,3.938004,8.95216
885981266,3,0.717618,3.938277,8.952367
885981276,3,0.713676,3.938535,8.952569
885981286,3,0.709819,3.938816,8.952753
885981296,3,0.706045,3.939078,8.952936
885981306,3,0.702351,3.939314,8.953125
885981316,3,0.698742,3.939543,8.953307
885981326,3,0.695224,3.939744,8.953493
885981336,3,0.69178,3.939948,8.953672
885981346,3,0.688416,3.940182,8.953829
885981357,3,0.685121,3.940413,8.953981
885981367,3,0.681877,3.940626,8.954136
885981377,3,0.6787,3.940827,8.95429
885981387,3,0.675595,3.941012,8.954445
885981397,3,0.67255,3.941203,8.95459
885981407,3,0.669542,3.941412,8.954724
885981417,3,0.666603,3.941618,8.954853
885981427,3,0.663724,3.941822,8.954977
885981437,3,0.660883,3.942034,8.955094
885981447,3,0.658111,3.942234,8.955211
885981457,3,0.655389,3.94242,8.955329
885981467,3,0.652729,3.942612,8.95544
885981477,3,0.650111,3.942796,8.955549
885981487,3,0.647551,3.942958,8.955665
885981498,3,0.645026,3.943131,8.955771
885981508,3,0.642542,3.943294,8.955879
885981518,3,0.640079,3.943444,8.955989
885981528,3,0.637653,3.943605,8.956092
885981538,3,0.63528,3.943749,8.956198
885981548,3,0.632959,3.943863,8.956311
885981558,3,0.630688,3.943982,8.956419
885981568,3,0.628479,3.944116,8.956516
885981578,3,0.626322,3.944243,8.956613
885981588,3,0.624219,3.944365,8.956706
885981598,3,0.622168,3.944484,8.956797
885981608,3,0.620172,3.944575,8.956896
885981618,3,0.618216,3.944674,8.956987
885981628,3,0.616284,3.944768,8.957079
885981639,3,0.6144,3.944843,8.957176
885981649,3,0.612543,3.944921,8.95727
885981659,3,0.610717,3.945017,8.957351
885981669,3,0.608925,3.945107,8.957434
885981679,3,0.607169,3.945208,8.957509
885981689,3,0.605429,3.945328,8.957575
885981699,3,0.603732,3.94544,8.95764
885981709,3,0.602082,3.945562,8.957697
885981719,3,0.60048,3.9457,8.957744
885981729,3,0.598893,3.94583,8.957794
885981739,3,0.597339,3.945973,8.957834
885981749,3,0.595824,3.946126,8.957869
885981759,3,0.594343,3.946247,8.957914
885981770,3,0.592879,3.946383,8.957951
885981780,3,0.591442,3.946534,8.957979
885981790,3,0.590027,3.946666,8.958014
885981800,3,0.588637,3.946804,8.958046
885981810,3,0.587249,3.946957,8.95807
885981820,3,0.585894,3.947091,8.958099
885981830,3,0.584569,3.947225,8.958124
885981840,3,0.583279,3.94737,8.958145
885981850,3,0.582023,3.947521,8.958161
885981860,3,0.580794,3.94765,8.958185
885981870,3,0.579583,3.947787,8.958202
885981880,3,0.578401,3.947901,8.958229
885981890,3,0.577256,3.947989,8.958265
885981900,3,0.576146,3.948085,8.958294
885981911,3,0.575056,3.948165,8.958328
885981921,3,0.573975,3.948236,8.958366
885981931,3,0.572927,3.948302,8.958404
885981941,3,0.57188,3.948333,8.958457
885981951,3,0.570834,3.948364,8.95851
885981961,3,0.569801,3.948412,8.958555
885981971,3,0.568787,3.948422,8.958615
885981981,3,0.5678,3.948423,8.958678
885981991,3,0.566835,3.948445,8.95873
885982001,3,0.565912,3.948466,8.958779
885982011,3,0.56503,3.948478,8.95883
885982021,3,0.564181,3.948496,8.958876
885982031,3,0.56337,3.948521,8.958915
885982041,3,0.562559,3.948524,8.958964
885982052,3,0.561767,3.948536,8.959009
885982062,3,0.560998,3.948565,8.959044
885982072,3,0.560257,3.948588,8.959081
885982082,3,0.559536,3.948618,8.959112
885982092,3,0.558838,3.948656,8.959139
885982102,3,0.558166,3.948677,8.959173
885982112,3,0.557514,3.948687,8.959208
885982122,3,0.556899,3.948701,8.959241
885982132,3,0.556318,3.948725,8.959265
885982142,3,0.555759,3.948765,8.959283
885982152,3,0.555225,3.948793,8.959303
885982162,3,0.55473,3.948813,8.959326
885982172,3,0.554232,3.948836,8.959347
885982183,3,0.553739,3.948892,8.959352
885982193,3,0.553253,3.94893,8.959367
885982203,3,0.552752,3.948964,8.959382
885982213,3,0.552277,3.949003,8.959394
885982223,3,0.551812,3.949033,8.959411
885982233,3,0.55133,3.949057,8.959429
885982243,3,0.550879,3.949077,8.959449
885982253,3,0.550453,3.949077,8.959475
885982263,3,0.550028,3.949077,8.959501
885982273,3,0.54962,3.949086,8.959521
885982283,3,0.549217,3.949081,8.959548
885982293,3,0.548824,3.949078,8.959574
885982303,3,0.548437,3.949081,8.959597
885982313,3,0.548042,3.949104,8.95961
885982324,3,0.547636,3.949129,8.959622
885982334,3,0.547222,3.949147,8.959642
885982344,3,0.546812,3.949183,8.95965
885982354,3,0.546416,3.94924,8.959649
885982364,3,0.546019,3.949326,8.959635
885982374,3,0.545652,3.949408,8.959621
885982384,3,0.545299,3.949467,8.959617
885982394,3,0.544958,3.949528,8.959611
885982404,3,0.54463,3.949598,8.9596
885982414,3,0.544285,3.949669,8.959591
885982424,3,0.54393,3.949741,8.95958
885982434,3,0.543607,3.949824,8.959564
885982444,3,0.543276,3.949925,8.959539
885982454,3,0.54296,3.95004,8.959507
885982465,3,0.542658,3.950152,8.959476
885982475,3,0.542349,3.950244,8.959455
885982485,3,0.542061,3.95034,8.959429
885982495,3,0.541765,3.950426,8.959409
885982505,3,0.541468,3.9505,8.959394
885982515,3,0.541195,3.95058,8.959375
885982525,3,0.540956,3.950636,8.959365
885982535,3,0.540743,3.950713,8.959345
885982545,3,0.540554,3.950811,8.959312
885982555,3,0.540368,3.950949,8.959263
885982565,3,0.540184,3.951017,8.959245
885982575,3,0.539964,3.951042,8.959247
885982585,3,0.539745,3.951184,8.959196
885982596,3,0.539537,3.951506,8.959067
885982606,3,0.539273,3.951716,8.95899
885982616,3,0.538948,3.951596,8.959063
885982626,3,0.538679,3.951151,8.959273
885982636,3,0.538588,3.950746,8.959458
885982646,3,0.538569,3.950794,8.959439
885982656,3,0.538455,3.951104,8.959309
885982666,3,0.538251,3.951223,8.959269
885982676,3,0.537993,3.951149,8.959318
885982686,3,0.537728,3.951072,8.959368
885982696,3,0.537584,3.951093,8.959366
885982706,3,0.537548,3.951139,8.959348
885982716,3,0.537483,3.951127,8.959356
885982726,3,0.537361,3.951161,8.959349
885982737,3,0.537168,3.951349,8.959277
885982747,3,0.536847,3.951586,8.959192
885982757,3,0.536523,3.951593,8.959208
885982767,3,0.536318,3.95137,8.959319
885982777,3,0.536268,3.951081,8.95945
885982787,3,0.53625,3.950866,8.959546
885982797,3,0.536179,3.950756,8.959599
885982807,3,0.536111,3.950815,8.959577
885982817,3,0.536045,3.951063,8.959472
885982827,3,0.535884,3.951566,8.95926
885982837,3,0.535578,3.952001,8.959085
885982847,3,0.535326,3.951974,8.959113
885982857,3,0.535269,3.951701,8.959237
885982867,3,0.535336,3.951661,8.959249
885982878,3,0.535424,3.951871,8.959152
885982888,3,0.535415,3.952145,8.959031
885982898,3,0.535207,3.952359,8.958949
885982908,3,0.534868,3.95252,8.958899
885982918,3,0.534629,3.952688,8.958839
885982928,3,0.534504,3.952821,8.958789
885982938,3,0.534484,3.952778,8.958808
885982948,3,0.534581,3.952629,8.958868
885982958,3,0.534676,3.952658,8.958849
885982968,3,0.534649,3.952976,8.958711
885982978,3,0.534481,3.953436,8.958518
885982988,3,0.534243,3.953708,8.958412
885982998,3,0.534035,3.953704,8.958426
885983008,3,0.533933,3.953582,8.958487
885983019,3,0.534016,3.953581,8.958482
885983029,3,0.534132,3.953745,8.958403
885983039,3,0.534234,3.953942,8.958308
885983049,3,0.534194,3.954038,8.958269
885983059,3,0.534008,3.954064,8.958269
885983069,3,0.533812,3.953929,8.958341
885983079,3,0.533619,3.953774,8.958421
885983089,3,0.533523,3.953817,8.958408
885983099,3,0.533504,3.95392,8.958364
885983109,3,0.533499,3.954037,8.958313
885983119,3,0.533455,3.95431,8.958194
885983129,3,0.533403,3.95454,8.958097
885983139,3,0.533339,3.954594,8.958075
885983150,3,0.533322,3.954686,8.958035
885983160,3,0.53338,3.954798,8.957982
885983170,3,0.533431,3.954903,8.957933
885983180,3,0.533498,3.954964,8.957902
885983190,3,0.533544,3.955001,8.957883
885983200,3,0.533593,3.955044,8.957862
885983210,3,0.533685,3.955196,8.957789
885983220,3,0.533731,3.955455,8.957673
885983230,3,0.533856,3.955702,8.957557
885983240,3,0.534029,3.955944,8.957439
885983250,3,0.53426,3.956301,8.957268
885983260,3,0.534491,3.95674,8.95706
885983270,3,0.53464,3.957366,8.956774
885983280,3,0.534737,3.958078,8.956454
885983291,3,0.534761,3.958655,8.956197
885983301,3,0.534815,3.959233,8.955938
885983311,3,0.534888,3.959834,8.955667
885983321,3,0.534884,3.960271,8.955473
885983331,3,0.534839,3.96074,8.955268
885983341,3,0.534834,3.961399,8.954977
885983351,3,0.534767,3.962132,8.954657
885983361,3,0.533569,3.964191,8.953812
885983371,3,0.531937,3.966313,8.952964
885983381,3,0.528822,3.969534,8.951703
885983391,3,0.525324,3.972389,8.950627
885983401,3,0.520771,3.974859,8.949778
885983411,3,0.514387,3.977322,8.949018
885983421,3,0.505065,3.98023,8.948183
885983432,3,0.492911,3.982463,8.947755
885983442,3,0.476643,3.985793,8.94695
885983452,3,0.456734,3.990175,8.945745
885983462,3,0.434276,3.995467,8.944155
885983472,3,0.410493,4.001482,8.94224
885983482,3,0.386329,4.008003,8.940088
885983492,3,0.362295,4.014892,8.937761
885983502,3,0.33883,4.023002,8.934864
885983512,3,0.315726,4.032209,8.931454
885983522,3,0.292847,4.042185,8.927679
885983532,3,0.270144,4.052441,8.923773
885983542,3,0.247683,4.062753,8.919842
885983552,3,0.225704,4.072977,8.915942
885983563,3,0.205517,4.081452,8.912763
885983573,3,0.186831,4.088984,8.909982
885983583,3,0.170821,4.094911,8.907829
885983593,3,0.156267,4.101043,8.905548
885983603,3,0.14344,4.107517,8.903044
885983613,3,0.132589,4.113769,8.900556
885983623,3,0.1248,4.119217,8.898305
885983633,3,0.119989,4.125059,8.895776
885983643,3,0.119293,4.129078,8.893961
885983653,3,0.122361,4.130952,8.893047
885983663,3,0.128294,4.130779,8.893027
885983673,3,0.136262,4.128847,8.893782
885983683,3,0.145948,4.124745,8.895485
885983693,3,0.156577,4.11859,8.898083
885983704,3,0.16816,4.108944,8.902207
885983714,3,0.180544,4.096279,8.907644
885983724,3,0.193834,4.080519,8.914403
885983734,3,0.20814,4.061841,8.922364
885983744,3,0.223693,4.040646,8.931318
885983754,3,0.24,4.017222,8.941139
885983764,3,0.25642,3.99186,8.951689
885983774,3,0.272398,3.965108,8.962718
885983784,3,0.28747,3.936826,8.974319
885983794,3,0.300752,3.906892,8.986607
885983804,3,0.31174,3.874893,8.999773
885983814,3,0.320323,3.841533,9.01354
885983824,3,0.325433,3.806286,9.028113
885983834,3,0.326101,3.768755,9.043631
885983845,3,0.322094,3.72834,9.060205
885983855,3,0.314241,3.684367,9.077948
885983865,3,0.303083,3.63497,9.097406
885983875,3,0.288219,3.579568,9.11867
885983885,3,0.268741,3.517007,9.141873
885983895,3,0.245988,3.446787,9.166977
885983905,3,0.219281,3.368871,9.193689
885983915,3,0.189064,3.282741,9.221963
885983925,3,0.156009,3.188984,9.251368
885983935,3,0.120399,3.088452,9.281494
885983945,3,0.082318,2.981686,9.31216
885983955,3,0.042747,2.869119,9.343225
885983965,3,0.002842,2.751343,9.374473
885983976,3,-0.036314,2.628574,9.40581
885983986,3,-0.073496,2.500655,9.437227
885983996,3,-0.106699,2.367343,9.468675
885984006,3,-0.134047,2.228898,9.499912
885984016,3,-0.154454,2.084696,9.531006
885984026,3,-0.166131,1.935144,9.561558
885984036,3,-0.166256,1.780186,9.591253
885984046,3,-0.151866,1.620436,9.619419
885984056,3,-0.121445,1.456596,9.645269
885984066,3,-0.074793,1.291221,9.667726
885984076,3,-0.021973,1.131225,9.687611
885984086,3,0.02333,0.986766,9.705997
885984096,3,0.050928,0.86257,9.72298
885984106,3,0.061685,0.756697,9.737615
885984117,3,0.066936,0.662041,9.74978
885984127,3,0.075628,0.573044,9.759967
885984137,3,0.090257,0.487541,9.768484
885984147,3,0.109849,0.405194,9.775525
885984157,3,0.132463,0.326302,9.78125
885984167,3,0.155808,0.251476,9.785815
885984177,3,0.177176,0.181725,9.789371
885984187,3,0.193666,0.118539,9.792052
885984197,3,0.20268,0.063518,9.793975
885984207,3,0.20304,0.018086,9.795238
885984217,3,0.196646,-0.016639,9.795989
885984227,3,0.186452,-0.040027,9.796415
885984237,3,0.172817,-0.051823,9.7967
885984247,3,0.152875,-0.052161,9.797126
885984258,3,0.122809,-0.040722,9.798157
885984268,3,0.080598,-0.019244,9.80033
885984278,3,0.034686,0.003157,9.802862
885984288,3,-0.00105,0.017213,9.804317
885984298,3,-0.017299,0.018374,9.804634
885984308,3,-0.014824,0.009449,9.80479
885984318,3,-0.005349,-0.001577,9.805071
885984328,3,0.001307,-0.009664,9.805222
885984338,3,0.002651,-0.011566,9.805239
885984348,3,-3.21E-4,-0.007349,9.805232
885984358,3,-0.005922,0.002149,9.805273
885984368,3,-0.012371,0.015694,9.80538
885984378,3,-0.017724,0.031852,9.805525
885984389,3,-0.020018,0.048443,9.80567
885984399,3,-0.018145,0.063822,9.805796
885984409,3,-0.01217,0.076535,9.805914
885984419,3,-0.004764,0.085331,9.806014
885984429,3,5.75E-4,0.089949,9.806059
885984439,3,0.001936,0.090672,9.806063
885984449,3,-1.76E-4,0.08819,9.806078
885984459,3,-0.004254,0.082608,9.806142
885984469,3,-0.009206,0.075057,9.806248
885984479,3,-0.013517,0.068175,9.806336
885984489,3,-0.017203,0.062693,9.806396
885984499,3,-0.020585,0.058796,9.806427
885984509,3,-0.02368,0.056217,9.806441
885984519,3,-0.026172,0.054376,9.806446
885984530,3,-0.027721,0.053742,9.806443
885984540,3,-0.028732,0.052667,9.806442
885984550,3,-0.029691,0.051121,9.806444
885984560,3,-0.030564,0.049301,9.80645
885984570,3,-0.031338,0.04733,9.806459
885984580,3,-0.032178,0.045231,9.806471
885984590,3,-0.033434,0.043172,9.806481
885984600,3,-0.034931,0.040688,9.806491
885984610,3,-0.036741,0.037727,9.806497
885984620,3,-0.038688,0.034633,9.806497
885984630,3,-0.040755,0.031425,9.806493
885984640,3,-0.042998,0.028186,9.806483
885984650,3,-0.045362,0.025103,9.806476
885984660,3,-0.047654,0.022254,9.806469
