orientation,mtk,2026-05-28_22-10-22.697_Active 10 Pro
imuTimestamp,accuracy(more=better),azimuth[deg],pitch[deg],roll[deg]
885954522,3,349.4101,-1.572997,-1.648778
885954532,3,348.83533,-1.641116,-1.690789
885954542,3,348.393,-1.629981,-1.638201
885954552,3,348.05295,-1.617141,-1.637506
885954562,3,347.70532,-1.657299,-1.610468
885954572,3,347.4048,-1.561785,-1.70186
885954582,3,347.73154,-1.532875,-1.666123
885954592,3,347.85315,-1.599605,-1.664726
885954603,3,348.0029,-1.627828,-1.67703
885954613,3,348.25986,-1.615589,-1.691371
885954623,3,348.3924,-1.616482,-1.690397
885954633,3,348.432,-1.617867,-1.688519
885954643,3,348.50146,-1.617361,-1.688478
885954653,3,348.5589,-1.617322,-1.687505
885954663,3,348.61844,-1.618254,-1.686107
885954673,3,348.66348,-1.618214,-1.686066
885954683,3,348.72565,-1.615897,-1.687479
885954693,3,348.74512,-1.615365,-1.687876
885954703,3,348.764,-1.616737,-1.685985
885954713,3,348.78345,-1.615766,-1.685479
885954723,3,348.8022,-1.615805,-1.684588
885954733,3,348.81448,-1.614433,-1.682754
885954744,3,348.82227,-1.613502,-1.682289
885954754,3,348.8278,-1.612143,-1.682331
885954764,3,348.83374,-1.610745,-1.680935
885954774,3,348.84012,-1.611198,-1.679523
885954784,3,348.84555,-1.611585,-1.679907
885954794,3,348.85077,-1.609281,-1.679004
885954804,3,348.85425,-1.609643,-1.676566
885954814,3,348.85507,-1.608763,-1.67243
885954824,3,348.85388,-1.608258,-1.671924
885954834,3,348.85446,-1.608298,-1.670567
885954844,3,348.85602,-1.606381,-1.669583
885954854,3,348.85736,-1.605475,-1.671008
885954864,3,348.85797,-1.606808,-1.669542
885954875,3,348.85648,-1.606834,-1.669103
885954885,3,348.85455,-1.604491,-1.66816
885954895,3,348.85306,-1.604117,-1.669187
885954905,3,348.8526,-1.605101,-1.670172
885954915,3,348.84808,-1.603612,-1.668681
885954925,3,348.83752,-1.601748,-1.666354
885954935,3,348.82278,-1.60035,-1.665423
885954945,3,348.8043,-1.60004,-1.666518
885954955,3,348.77765,-1.600493,-1.667436
885954965,3,348.74283,-1.597218,-1.66789
885954975,3,348.70312,-1.59349,-1.664633
885954985,3,348.6596,-1.591108,-1.662252
885954995,3,348.61618,-1.588921,-1.659607
885955005,3,348.574,-1.589814,-1.663758
885955016,3,348.53168,-1.592493,-1.665497
885955026,3,348.49042,-1.591082,-1.66595
885955036,3,348.45636,-1.591962,-1.665896
885955046,3,348.43063,-1.589607,-1.668665
885955056,3,348.4132,-1.597179,-1.669713
885955066,3,348.40094,-1.598382,-1.668576
885955076,3,348.39297,-1.593554,-1.667938
885955086,3,348.39,-1.594382,-1.670157
885955096,3,348.3915,-1.597682,-1.66973
885955106,3,348.39862,-1.60427,-1.67538
885955116,3,348.41016,-1.605005,-1.675641
885955126,3,348.42136,-1.594874,-1.674375
885955136,3,348.4282,-1.600037,-1.67674
885955146,3,348.431,-1.602419,-1.672601
885955157,3,348.43158,-1.602663,-1.665851
885955167,3,348.4317,-1.597955,-1.665823
885955177,3,348.4337,-1.596311,-1.662307
885955187,3,348.43552,-1.598679,-1.663278
885955197,3,348.4378,-1.598278,-1.661483
885955207,3,348.4439,-1.596064,-1.661119
885955217,3,348.45703,-1.593981,-1.662309
885955227,3,348.47693,-1.590733,-1.666516
885955237,3,348.50162,-1.598081,-1.676621
885955247,3,348.5299,-1.586838,-1.66355
885955257,3,348.56046,-1.587239,-1.667672
885955267,3,348.5956,-1.58777,-1.664946
885955277,3,348.63577,-1.588417,-1.664204
885955288,3,348.68042,-1.595236,-1.665885
885955298,3,348.73007,-1.593412,-1.664064
885955308,3,348.7851,-1.593529,-1.654407
885955318,3,348.84384,-1.618377,-1.625209
885955328,3,348.90433,-1.678409,-1.56269
885955338,3,348.96622,-1.749398,-1.474373
885955348,3,349.02597,-1.833561,-1.370363
885955358,3,349.08182,-1.9112,-1.260794
885955368,3,349.13242,-1.996773,-1.164097
885955378,3,349.1726,-2.079974,-1.079442
885955388,3,349.20166,-2.143029,-1.001234
885955398,3,349.2207,-2.198298,-0.930794
885955408,3,349.23016,-2.253585,-0.856827
885955418,3,349.22946,-2.32222,-0.790696
885955429,3,349.22,-2.40207,-0.725352
885955439,3,349.19888,-2.454793,-0.65967
885955449,3,349.1661,-2.499723,-0.607415
885955459,3,349.12048,-2.542305,-0.565987
885955469,3,349.05936,-2.571355,-0.530513
885955479,3,348.97922,-2.581528,-0.510557
885955489,3,348.87753,-2.583582,-0.493266
885955499,3,348.75153,-2.594901,-0.479228
885955509,3,348.5996,-2.627248,-0.454652
885955519,3,348.4242,-2.669871,-0.427584
885955529,3,348.22336,-2.703043,-0.401505
885955539,3,347.9971,-2.715649,-0.379741
885955549,3,347.74606,-2.7342,-0.390311
885955559,3,347.47006,-2.719929,-0.398258
885955570,3,347.16968,-2.693298,-0.425664
885955580,3,346.8451,-2.651303,-0.468429
885955590,3,346.49457,-2.581829,-0.514624
885955600,3,346.11053,-2.489705,-0.588618
885955610,3,345.68967,-2.359931,-0.695212
885955620,3,345.23602,-2.167021,-0.819269
885955630,3,344.7514,-1.891098,-0.982062
885955640,3,344.2356,-1.520713,-1.191374
885955650,3,343.68637,-1.008124,-1.437542
885955660,3,343.10342,-0.434647,-1.674144
885955670,3,342.493,0.080744,-1.825955
885955680,3,341.86914,0.434949,-1.964535
885955690,3,341.18558,0.759522,-2.088016
885955700,3,340.5134,1.111353,-2.216497
885955711,3,339.85718,1.543594,-2.3506
885955721,3,339.22925,2.101177,-2.473234
885955731,3,338.6432,2.7424,-2.530728
885955741,3,338.11688,3.304251,-2.489395
885955751,3,337.66345,3.751211,-2.369617
885955761,3,337.2918,4.112254,-2.388947
885955771,3,337.05396,4.654602,-2.789469
885955781,3,336.86835,5.929544,-3.619611
885955791,3,336.70483,8.206726,-4.943742
885955801,3,336.55627,10.340188,-6.542055
885955811,3,336.42398,12.381422,-8.35593
885955821,3,336.3128,14.081195,-10.271931
885955831,3,336.24615,15.381009,-12.084493
885955842,3,336.2377,16.385992,-13.874551
885955852,3,336.34244,16.911251,-15.487553
885955862,3,336.60883,17.106577,-17.047333
885955872,3,337.09967,17.120934,-18.449783
885955882,3,337.8328,17.167665,-19.734766
885955892,3,338.82675,17.038507,-20.898682
885955902,3,340.075,16.905663,-22.009317
885955912,3,341.55432,16.69017,-23.008589
885955922,3,343.24207,16.417593,-23.91734
885955932,3,345.09384,16.132633,-24.809923
885955942,3,347.08542,15.676916,-25.612635
885955952,3,349.1947,15.074111,-26.340206
885955962,3,351.40527,14.402658,-27.04432
885955972,3,353.69672,13.746227,-27.719774
885955983,3,356.05334,13.186677,-28.31732
885955993,3,358.45877,12.63265,-28.880117
885956003,3,0.910522,12.064223,-29.430212
885956013,3,3.416351,11.356903,-29.9123
885956023,3,5.979858,10.508416,-30.361706
885956033,3,8.605377,9.595041,-30.862978
885956043,3,11.315843,8.714402,-31.400864
885956053,3,14.142373,7.885882,-31.893543
885956063,3,17.136688,7.185481,-32.350636
885956073,3,20.411327,6.27147,-32.523182
885956083,3,24.12362,4.575809,-32.27352
885956093,3,28.477732,1.891821,-31.6653
885956103,3,33.717556,-0.759177,-30.94184
885956113,3,40.19851,-3.233494,-29.704405
885956124,3,48.437386,-5.351138,-28.347683
885956134,3,58.959484,-7.20356,-27.094328
885956144,3,71.92283,-8.677673,-25.738855
885956154,3,86.78358,-9.691271,-24.524479
885956164,3,102.75375,-10.241937,-23.280361
885956174,3,119.09993,-10.716804,-22.188917
885956184,3,135.20338,-11.166427,-21.18075
885956194,3,150.44125,-11.572361,-20.295647
885956204,3,164.10262,-11.786738,-19.440042
885956214,3,175.49591,-11.935556,-18.643436
885956224,3,184.3149,-12.034394,-17.862967
885956234,3,190.92734,-12.098994,-17.107761
885956244,3,195.89664,-12.158964,-16.4424
885956255,3,199.68584,-12.215281,-15.818935
885956265,3,202.60999,-12.213417,-15.258605
885956275,3,204.89107,-12.216648,-14.743714
885956285,3,206.67151,-12.2402,-14.294669
885956295,3,208.06105,-12.280532,-13.867229
885956305,3,209.14857,-12.18614,-13.348661
885956315,3,209.98875,-11.777206,-12.714821
885956325,3,210.6383,-11.387597,-12.144388
885956335,3,211.14108,-11.02,-11.621895
885956345,3,211.5341,-10.612719,-11.077998
885956355,3,211.83574,-10.242296,-10.639042
885956365,3,212.06714,-9.812382,-10.159395
885956375,3,212.24275,-9.41566,-9.729901
885956385,3,212.37091,-8.982893,-9.298241
885956396,3,212.45831,-8.579245,-8.884062
885956406,3,212.51088,-8.183091,-8.486594
885956416,3,212.53293,-7.742723,-8.098931
885956426,3,212.52916,-7.3119,-7.697172
885956436,3,212.50394,-6.889889,-7.307592
885956446,3,212.46338,-6.475742,-6.933558
885956456,3,212.41284,-6.058338,-6.548736
885956466,3,212.35786,-5.641044,-6.164593
885956476,3,212.3012,-5.210923,-5.772882
885956486,3,212.24611,-4.789672,-5.38797
885956496,3,212.19395,-4.343464,-4.987896
885956506,3,212.14429,-3.92185,-4.613734
885956516,3,212.10207,-3.469904,-4.328964
885956526,3,212.06767,-3.016417,-4.13643
885956537,3,212.03995,-2.739708,-4.056362
885956547,3,212.01778,-2.739508,-4.102378
885956557,3,212.00232,-2.868822,-4.180812
885956567,3,211.99196,-3.123506,-4.266495
885956577,3,211.9827,-3.289351,-4.317318
885956587,3,211.97264,-3.21893,-4.297589
885956597,3,211.96173,-2.899373,-4.231644
885956607,3,211.95132,-2.558079,-4.2219
885956617,3,211.94301,-2.507385,-4.38098
885956627,3,211.93564,-2.429454,-4.466365
885956637,3,211.92929,-2.390003,-4.493779
885956647,3,211.9266,-2.470256,-4.57841
885956657,3,211.93352,-2.485318,-4.542615
885956668,3,211.95514,-2.516249,-4.523795
885956678,3,211.99088,-2.517108,-4.495527
885956688,3,212.04092,-2.646471,-4.521896
885956698,3,212.1071,-2.912759,-4.641896
885956708,3,212.19025,-3.223797,-4.814419
885956718,3,212.2919,-3.495592,-4.970395
885956728,3,212.41095,-3.640527,-5.090539
885956738,3,212.5464,-3.720679,-5.225407
885956748,3,212.69835,-3.772093,-5.396828
885956758,3,212.86913,-3.847265,-5.595628
885956768,3,213.05923,-3.936233,-5.790964
885956778,3,213.26715,-4.036412,-5.953824
885956788,3,213.4949,-4.147818,-6.075464
885956798,3,213.7442,-4.331825,-6.162082
885956809,3,214.01611,-4.592466,-6.211325
885956819,3,214.31206,-4.952451,-6.233924
885956829,3,214.63362,-5.37156,-6.199292
885956839,3,214.98177,-5.588162,-6.035462
885956849,3,215.3593,-5.501763,-5.796863
885956859,3,215.76772,-5.164146,-5.524322
885956869,3,216.2104,-4.68264,-5.242013
885956879,3,216.68927,-4.240956,-5.009539
885956889,3,217.19962,-4.005148,-4.872292
885956899,3,217.731,-4.002811,-4.818971
885956909,3,218.26895,-4.140117,-4.829238
885956919,3,218.8034,-4.285982,-4.870676
885956929,3,219.32199,-4.373647,-4.932034
885956939,3,219.81355,-4.377885,-5.008712
885956950,3,220.2587,-4.323167,-5.100345
885956960,3,220.63611,-4.291475,-5.222366
885956970,3,220.92822,-4.310866,-5.359277
885956980,3,221.12515,-4.342608,-5.490237
885956990,3,221.2269,-4.259348,-5.55237
885957000,3,221.23454,-4.014894,-5.494821
885957010,3,221.14241,-3.733302,-5.393153
885957020,3,220.92415,-3.541644,-5.312705
885957030,3,220.558,-3.467513,-5.249305
885957040,3,220.0298,-3.433529,-5.122888
885957050,3,219.34584,-3.352133,-4.879956
885957060,3,218.50067,-3.234426,-4.555612
885957070,3,217.46655,-3.118903,-4.183995
885957081,3,215.76324,-3.013778,-3.810862
885957091,3,213.68846,-2.900809,-3.440946
885957101,3,211.20943,-2.715719,-3.028716
885957111,3,208.27242,-2.485738,-2.579267
885957121,3,204.81082,-2.221128,-2.074195
885957131,3,200.72298,-1.908996,-1.569491
885957141,3,195.91957,-1.605084,-1.10798
885957151,3,190.39058,-1.350021,-0.656936
885957161,3,184.61125,-1.20429,-0.257381
885957171,3,178.372,-1.136575,0.123263
885957181,3,171.84741,-1.02247,0.544698
885957191,3,165.263,-0.791708,1.057088
885957201,3,158.85062,-0.443745,1.635343
885957211,3,152.82286,-0.035805,2.202393
885957222,3,147.41307,0.311714,2.722697
885957232,3,142.76082,0.619806,3.195517
885957242,3,138.9704,0.985352,3.644393
885957252,3,136.02617,1.48319,4.119285
885957262,3,133.8856,2.179508,4.654499
885957272,3,132.47198,3.008872,5.203964
885957282,3,131.69109,3.886914,5.76873
885957292,3,131.48145,4.997299,6.437765
885957302,3,131.74036,6.404792,7.223166
885957312,3,132.38708,8.073154,8.031812
885957322,3,133.33412,9.880425,8.639632
885957332,3,134.52693,12.080155,8.983659
885957342,3,135.90128,14.98577,9.067021
885957352,3,137.37718,17.788984,8.791242
885957363,3,138.87772,19.56818,8.213805
885957373,3,140.33351,20.282215,7.501132
885957383,3,141.71593,20.440998,6.89077
885957393,3,143.007,20.742632,6.303197
885957403,3,144.22775,22.053082,5.910065
885957413,3,145.36568,23.205013,4.78506
885957423,3,146.44218,23.780819,2.950638
885957433,3,147.49289,24.516512,0.71831
885957443,3,148.5898,25.0179,-1.883132
885957453,3,149.82898,25.17455,-4.328185
885957463,3,151.24713,25.569313,-6.594872
885957473,3,152.88512,26.090626,-8.814975
885957483,3,154.75557,26.233477,-10.906821
885957493,3,156.89427,26.375154,-12.90445
885957504,3,159.29454,26.541557,-14.85337
885957514,3,161.97758,26.524887,-16.716959
885957524,3,164.94576,26.433172,-18.400593
885957534,3,168.1629,26.428934,-19.971298
885957544,3,171.63124,26.363346,-21.456451
885957554,3,175.36008,26.041645,-22.834562
885957564,3,179.3342,25.60546,-24.22392
885957574,3,183.54109,25.087614,-25.582664
885957584,3,187.98799,24.473763,-26.917654
885957594,3,192.67027,23.6031,-28.32354
885957604,3,197.58212,22.3643,-29.74643
885957614,3,202.72287,20.890854,-31.183481
885957624,3,208.08118,19.206743,-32.439648
885957635,3,213.6254,17.059198,-33.478428
885957645,3,219.3128,14.135685,-34.55491
885957655,3,225.133,11.016898,-35.232986
885957665,3,231.07149,8.840025,-35.39503
885957675,3,237.08203,7.760332,-35.483055
885957685,3,243.12007,7.242886,-35.741398
885957695,3,249.14131,6.386939,-36.119186
885957705,3,255.12457,4.597919,-36.102226
885957715,3,261.03622,2.945693,-35.690414
885957725,3,266.88116,1.562702,-35.10988
885957735,3,272.6157,0.263125,-33.796394
885957745,3,278.20197,-0.777946,-32.158287
885957755,3,283.63742,-1.741893,-30.717073
885957765,3,288.90436,-2.72133,-29.06814
885957776,3,294.00067,-3.669112,-27.277273
885957786,3,298.9188,-4.583175,-25.697304
885957796,3,303.65985,-5.466603,-24.063993
885957806,3,308.21817,-6.336216,-22.37244
885957816,3,312.60468,-7.151073,-20.746279
885957826,3,316.83163,-7.898405,-19.180815
885957836,3,320.89185,-8.584352,-17.629795
885957846,3,324.80325,-9.195537,-16.104776
885957856,3,328.5676,-9.770039,-14.658263
885957866,3,332.17233,-10.266986,-13.266129
885957876,3,335.61658,-10.683999,-11.902803
885957886,3,338.89166,-11.023608,-10.587819
885957896,3,342.00534,-11.295072,-9.326948
885957906,3,344.95078,-11.473699,-8.169677
885957917,3,347.73224,-11.544378,-7.072668
885957927,3,350.3376,-11.526666,-6.053321
885957937,3,352.77164,-11.462904,-5.132459
885957947,3,355.0366,-11.334643,-4.298932
885957957,3,357.13754,-11.150203,-3.544101
885957967,3,359.0818,-10.947552,-2.877871
885957977,3,0.871398,-10.678983,-2.32068
885957987,3,2.517578,-10.36552,-1.857914
885957997,3,4.022979,-10.046995,-1.431251
885958007,3,5.399529,-9.705299,-1.044983
885958017,3,6.646498,-9.328899,-0.727037
885958027,3,7.777528,-8.957371,-0.437937
885958037,3,8.797269,-8.578568,-0.192038
885958048,3,9.715902,-8.190004,0.006085
885958058,3,10.542784,-7.780197,0.173485
885958068,3,11.280262,-7.360239,0.311282
885958078,3,11.936077,-6.945213,0.40441
885958088,3,12.512033,-6.501579,0.451866
885958098,3,13.019159,-6.064139,0.470964
885958108,3,13.463484,-5.604475,0.467267
885958118,3,13.859114,-5.155519,0.434205
885958128,3,14.210594,-4.726566,0.37356
885958138,3,14.520567,-4.300059,0.285683
885958148,3,14.7841,-3.891812,0.166738
885958158,3,15.002499,-3.508837,0.035938
885958168,3,15.179735,-3.153477,-0.120985
885958178,3,15.323975,-2.836028,-0.282713
885958189,3,15.438871,-2.539595,-0.464907
885958199,3,15.519665,-2.302679,-0.660578
885958209,3,15.57161,-2.099788,-0.842422
885958219,3,15.599009,-1.961075,-0.996296
885958229,3,15.616011,-1.874935,-1.136802
885958239,3,15.627404,-1.825515,-1.246583
885958249,3,15.636581,-1.835525,-1.290201
885958259,3,15.644375,-1.919245,-1.266144
885958269,3,15.649539,-2.065438,-1.173951
885958279,3,15.653807,-2.299677,-0.99502
885958289,3,15.65828,-2.521907,-0.773795
885958299,3,15.658477,-2.709408,-0.571408
885958309,3,15.656557,-2.883412,-0.408806
885958319,3,15.658346,-3.038268,-0.256643
885958330,3,15.660503,-3.165045,-0.133593
885958340,3,15.656814,-3.285177,-0.034381
885958350,3,15.643936,-3.392662,0.055044
885958360,3,15.619497,-3.502103,0.122074
885958370,3,15.576619,-3.615575,0.180258
885958380,3,15.516426,-3.71956,0.244999
885958390,3,15.442882,-3.843784,0.311979
885958400,3,15.350582,-3.973236,0.390531
885958410,3,15.241852,-4.110963,0.454606
885958420,3,15.117651,-4.235838,0.514896
885958430,3,14.977895,-4.32262,0.553498
885958440,3,14.823094,-4.421072,0.521525
885958450,3,14.61728,-4.497766,0.511977
885958461,3,14.3934,-4.570473,0.487629
885958471,3,14.140926,-4.638637,0.475023
885958481,3,13.858989,-4.694139,0.447863
885958491,3,13.55283,-4.747269,0.417758
885958501,3,13.217509,-4.772993,0.38513
885958511,3,12.847558,-4.815728,0.344559
885958521,3,12.43605,-4.861044,0.305484
885958531,3,12.018767,-4.898824,0.267342
885958541,3,11.561926,-4.900278,0.203648
885958551,3,11.062568,-4.860679,0.082811
885958561,3,10.518613,-4.7611,-0.110061
885958571,3,9.918709,-4.592398,-0.383798
885958581,3,9.264066,-4.40266,-0.69677
885958591,3,8.560627,-4.170398,-1.030471
885958602,3,7.808865,-3.885553,-1.446364
885958612,3,7.009515,-3.679604,-1.808355
885958622,3,6.162812,-3.522392,-2.110202
885958632,3,5.274191,-3.426118,-2.377479
885958642,3,4.34454,-3.367088,-2.622279
885958652,3,3.381798,-3.326178,-2.855025
885958662,3,2.393976,-3.317026,-3.07411
885958672,3,1.383839,-3.304721,-3.270979
885958682,3,0.35485,-3.267658,-3.438545
885958692,3,359.30823,-3.199923,-3.601471
885958702,3,358.24585,-3.110958,-3.765008
885958712,3,357.16965,-2.990551,-3.906554
885958722,3,356.08344,-2.85081,-4.027882
885958732,3,354.987,-2.685555,-4.124345
885958743,3,353.88046,-2.491405,-4.157325
885958753,3,352.76144,-2.28605,-4.221882
885958763,3,351.63873,-2.069293,-4.295032
885958773,3,350.5166,-1.870993,-4.382398
885958783,3,349.3981,-1.683712,-4.462412
885958793,3,348.28104,-1.53045,-4.53407
885958803,3,347.1671,-1.402407,-4.593862
885958813,3,346.06525,-1.277473,-4.635356
885958823,3,344.97717,-1.151268,-4.659093
885958833,3,343.91226,-1.059241,-4.667858
885958843,3,342.87234,-1.002672,-4.659555
885958853,3,341.85968,-0.95893,-4.632931
885958863,3,340.8782,-0.911134,-4.588497
885958873,3,339.93872,-0.861191,-4.516393
885958884,3,339.0398,-0.7921,-4.444915
885958894,3,338.17972,-0.772593,-4.379048
885958904,3,337.36,-0.834713,-4.219774
885958914,3,336.57455,-0.824692,-4.102783
885958924,3,335.8243,-0.771243,-4.029449
885958934,3,335.10773,-0.6788,-3.965358
885958944,3,334.42593,-0.555265,-3.910281
885958954,3,333.77356,-0.42209,-3.855361
885958964,3,333.1536,-0.264135,-3.800927
885958974,3,332.56335,-0.127082,-3.754821
885958984,3,332.00125,-0.070681,-3.657425
885958994,3,331.47104,-0.006881,-3.543461
885959004,3,330.96985,0.03786,-3.459503
885959015,3,330.50055,0.046254,-3.391593
885959025,3,330.06186,0.024342,-3.328263
885959035,3,329.6557,-0.046948,-3.270361
885959045,3,329.28137,-0.144283,-3.207181
885959055,3,328.9397,-0.276088,-3.128114
885959065,3,328.62808,-0.419127,-3.038365
885959075,3,328.34555,-0.546875,-2.940471
885959085,3,328.0906,-0.657973,-2.850742
885959095,3,327.8621,-0.741723,-2.767439
885959105,3,327.65808,-0.817121,-2.699253
885959115,3,327.47513,-0.870356,-2.653115
885959125,3,327.31238,-0.889364,-2.637479
885959135,3,327.16656,-0.864582,-2.640937
885959145,3,327.03925,-0.806853,-2.654101
885959156,3,326.92694,-0.727739,-2.67212
885959166,3,326.8256,-0.635438,-2.694756
885959176,3,326.7329,-0.53619,-2.723119
885959186,3,326.64984,-0.414141,-2.760513
885959196,3,326.5784,-0.284571,-2.784409
885959206,3,326.52112,-0.178334,-2.807557
885959216,3,326.48193,-0.100521,-2.831109
885959226,3,326.46103,-0.04648,-2.85579
885959236,3,326.4624,5.74E-4,-2.882722
885959246,3,326.494,0.055082,-2.907302
885959256,3,326.55884,0.124032,-2.925419
885959266,3,326.65735,0.192547,-2.955162
885959276,3,326.79108,0.267023,-2.995653
885959286,3,326.95627,0.410162,-3.123916
885959297,3,327.15247,0.537609,-3.286932
885959307,3,327.38177,0.677855,-3.438931
885959317,3,327.6439,0.809773,-3.603589
885959327,3,327.94122,0.915224,-3.783244
885959337,3,328.27805,0.998006,-3.971893
885959347,3,328.65652,1.054467,-4.162737
885959357,3,329.0799,1.096335,-4.363062
885959367,3,329.5524,1.116684,-4.557333
885959377,3,330.07645,1.106155,-4.742988
885959387,3,330.65366,1.074359,-4.909212
885959397,3,331.28616,1.025008,-5.050051
885959407,3,331.97388,0.976014,-5.171469
885959417,3,332.71606,0.903916,-5.267036
885959428,3,333.5112,0.80037,-5.343482
885959438,3,334.35538,0.665913,-5.406966
885959448,3,335.2473,0.49425,-5.449188
885959458,3,336.19104,0.286876,-5.462126
885959468,3,337.187,0.064352,-5.448811
885959478,3,338.23492,-0.183318,-5.399177
885959488,3,339.33295,-0.464515,-5.311936
885959498,3,340.47607,-0.758388,-5.216099
885959508,3,341.66516,-1.049482,-5.111054
885959518,3,342.89667,-1.330183,-4.981643
885959528,3,344.16837,-1.5822,-4.827441
885959538,3,345.47,-1.788449,-4.663019
885959548,3,346.79135,-1.958765,-4.497933
885959558,3,348.12943,-2.153395,-4.332085
885959569,3,349.47845,-2.400461,-4.157123
885959579,3,350.83594,-2.691997,-3.968793
885959589,3,352.1946,-3.017838,-3.752433
885959599,3,353.55118,-3.364848,-3.505564
885959609,3,354.90128,-3.731418,-3.233732
885959619,3,356.2422,-4.119156,-2.940715
885959629,3,357.57117,-4.485414,-2.625397
885959639,3,358.88037,-4.833636,-2.282629
885959649,3,0.164855,-5.172498,-1.920443
885959659,3,1.417175,-5.509471,-1.541113
885959669,3,2.63443,-5.803996,-1.160915
885959679,3,3.812378,-5.88924,-0.860938
885959689,3,4.945603,-5.873833,-0.667962
885959699,3,6.027378,-5.928426,-0.501072
885959710,3,7.05364,-6.072338,-0.347333
885959720,3,8.021005,-6.3127,-0.248338
885959730,3,8.928449,-6.687945,-0.204636
885959740,3,9.778451,-7.17668,-0.213713
885959750,3,10.566393,-7.719853,-0.267005
885959760,3,11.288172,-8.273359,-0.327064
885959770,3,11.944392,-8.855762,-0.367458
885959780,3,12.539598,-9.449727,-0.391641
885959790,3,13.069605,-10.056596,-0.385538
885959800,3,13.525433,-10.682277,-0.309114
885959810,3,13.89738,-11.356924,-0.13624
885959820,3,14.175421,-12.042542,0.102351
885959830,3,14.296659,-12.761495,0.292379
885959841,3,14.282845,-13.518856,0.372153
885959851,3,14.123006,-14.356548,0.328315
885959861,3,13.795611,-15.046033,0.116739
885959871,3,13.289618,-15.416032,-0.288259
885959881,3,12.592662,-15.260379,-0.896183
885959891,3,11.693861,-14.894524,-1.699555
885959901,3,10.574391,-14.401661,-2.672369
885959911,3,9.27877,-13.682016,-3.844551
885959921,3,7.758628,-12.875289,-5.228721
885959931,3,5.995579,-12.044684,-6.734516
885959941,3,3.985048,-11.075842,-8.254162
885959951,3,1.718609,-10.103634,-9.798566
885959961,3,359.20132,-9.194875,-11.274245
885959971,3,356.43118,-8.282133,-12.570971
885959982,3,353.4266,-7.646271,-13.800213
885959992,3,350.19696,-7.11627,-14.839381
885960002,3,346.7622,-6.539349,-15.808129
885960012,3,343.13602,-5.878344,-16.667658
885960022,3,339.32996,-5.141544,-17.450525
885960032,3,335.35727,-4.284145,-18.119328
885960042,3,331.2248,-3.292357,-18.624386
885960052,3,326.94995,-2.257774,-19.133429
885960062,3,322.53876,-1.206466,-19.562796
885960072,3,317.99948,-0.16274,-19.961567
885960082,3,313.34695,0.889668,-20.368572
885960092,3,308.60596,1.940006,-20.743404
885960102,3,303.79626,2.99746,-21.13417
885960112,3,298.93692,4.112515,-21.566805
885960123,3,294.04984,5.220961,-22.004795
885960133,3,289.14853,6.344674,-22.37988
885960143,3,284.24814,7.488051,-22.606127
885960153,3,279.3657,8.615832,-22.649277
885960163,3,274.51553,9.650867,-22.570602
885960173,3,269.7173,10.345569,-22.20616
885960183,3,264.9913,10.678761,-21.764141
885960193,3,260.35767,10.790027,-21.09562
885960203,3,255.83499,10.747489,-20.218626
885960213,3,251.43759,10.6153,-19.215687
885960223,3,247.18216,10.39273,-17.968603
885960233,3,243.08125,10.050717,-16.546644
885960243,3,239.13469,9.688987,-15.091203
885960254,3,235.33777,9.421051,-13.32833
885960264,3,231.67535,9.222891,-11.571172
885960274,3,228.13365,9.335313,-9.668724
885960284,3,224.7008,9.450883,-7.697138
885960294,3,221.37575,9.611064,-5.758805
885960304,3,218.14879,9.749575,-3.873807
885960314,3,215.01932,9.783709,-2.188082
885960324,3,211.99113,9.672245,-0.741699
885960334,3,209.0703,9.477609,0.544619
885960344,3,206.27081,9.250944,1.65783
885960354,3,203.60242,9.004706,2.649407
885960364,3,201.07576,8.795734,3.56972
885960374,3,198.69127,8.52663,4.216033
885960384,3,196.45851,8.264163,4.765218
885960395,3,194.37439,8.073768,5.301563
885960405,3,192.44382,7.960448,5.844526
885960415,3,190.65524,7.924556,6.419521
885960425,3,189.00323,7.901318,6.988754
885960435,3,187.48717,7.87085,7.541052
885960445,3,186.10262,7.80361,8.048889
885960455,3,184.84547,7.67054,8.458333
885960465,3,183.70258,7.506708,8.825614
885960475,3,182.66557,7.290921,9.136721
885960485,3,181.7222,7.064283,9.354548
885960495,3,180.86157,6.525285,9.344695
885960505,3,180.06755,5.653728,9.137608
885960515,3,179.33301,4.798443,8.952759
885960525,3,178.64827,4.31884,9.043219
885960536,3,178.01123,4.03219,9.198767
885960546,3,177.42209,3.799504,9.241649
885960556,3,176.87634,3.513556,9.12429
885960566,3,176.36935,3.181125,9.008007
885960576,3,175.90097,2.516052,8.5986
885960586,3,175.47827,1.749854,8.109089
885960596,3,175.09586,0.947812,7.600387
885960606,3,174.75305,0.214281,7.112181
885960616,3,174.44257,-0.384398,6.748857
885960626,3,174.15503,-0.874178,6.532043
885960636,3,173.88652,-1.273221,6.382139
885960646,3,173.63293,-1.621379,6.294517
885960656,3,173.39236,-1.944634,6.235971
885960666,3,173.1603,-2.235322,6.158834
885960677,3,172.92703,-2.455739,6.281437
885960687,3,172.68445,-2.648833,6.40262
885960697,3,172.42885,-2.862388,6.459786
885960707,3,172.15887,-3.128383,6.46902
885960717,3,171.88112,-3.440576,6.335232
885960727,3,171.59906,-3.784671,6.082618
885960737,3,171.31218,-4.117807,5.75706
885960747,3,171.01288,-4.372138,5.401321
885960757,3,170.70358,-4.529812,5.063113
885960767,3,170.38388,-4.625098,4.709225
885960777,3,170.05185,-4.640068,4.372536
885960787,3,169.7018,-4.6337,4.051039
885960797,3,169.32167,-4.361161,3.874376
885960808,3,168.90175,-3.630059,3.902798
885960818,3,168.44179,-3.000496,3.798574
885960828,3,167.94531,-2.715702,3.365205
885960838,3,167.40843,-2.584757,2.832248
885960848,3,166.82219,-2.540138,2.312009
885960858,3,166.18185,-2.571914,1.694249
885960868,3,165.4899,-2.593559,1.023564
885960878,3,164.73987,-2.521574,0.381123
885960888,3,163.92776,-2.349381,-0.226168
885960898,3,163.0445,-2.123557,-0.841389
885960908,3,162.07712,-1.894813,-1.493603
885960918,3,161.02272,-1.659652,-2.171792
885960928,3,159.87999,-1.381916,-2.845222
885960938,3,158.646,-1.084391,-3.505046
885960949,3,157.31454,-0.821147,-4.150951
885960959,3,155.88481,-0.604403,-4.768997
885960969,3,154.36064,-0.417597,-5.338649
885960979,3,152.74413,-0.270921,-5.878042
885960989,3,151.04349,-0.182102,-6.426655
885960999,3,149.26656,-0.139655,-6.980886
885961009,3,147.42178,-0.164726,-7.567808
885961019,3,145.5188,-0.261575,-8.180382
885961029,3,143.56833,-0.423264,-8.834892
885961039,3,141.58643,-0.589171,-9.391611
885961049,3,139.60205,-0.990476,-9.87705
885961059,3,137.63779,-1.571942,-10.364398
885961069,3,135.70287,-1.986569,-10.80431
885961079,3,133.7957,-2.308915,-11.283557
885961090,3,131.92934,-2.6599,-11.807916
885961100,3,130.11401,-3.072523,-12.331813
885961110,3,128.35564,-3.50035,-12.889247
885961120,3,126.63982,-3.837386,-13.54306
885961130,3,124.93944,-4.125019,-14.359324
885961140,3,123.27354,-4.76534,-15.510814
885961150,3,121.66298,-5.644864,-16.995665
885961160,3,120.12886,-6.557237,-18.670635
885961170,3,118.64703,-7.229007,-20.448896
885961180,3,117.1969,-7.626285,-22.386938
885961190,3,115.78753,-7.915392,-24.355314
885961200,3,114.46622,-8.257927,-26.520945
885961210,3,113.20423,-8.078479,-28.263504
885961221,3,111.99432,-7.20401,-29.218657
885961231,3,110.83041,-6.427543,-30.64175
885961241,3,109.68945,-5.311082,-31.346636
885961251,3,108.57914,-4.197417,-32.015026
885961261,3,107.51238,-3.23338,-32.810455
885961271,3,106.43885,-2.210148,-33.471024
885961281,3,105.27839,-1.118156,-33.879574
885961291,3,104.039635,-0.029386,-34.25709
885961301,3,102.6585,0.980996,-34.76007
885961311,3,101.09334,2.054942,-34.94952
885961321,3,99.31261,3.221227,-34.93411
885961331,3,97.307915,4.432796,-34.996395
885961341,3,95.061516,5.562909,-35.16726
885961351,3,92.59079,6.918575,-34.89719
885961362,3,89.93003,8.421863,-34.82729
885961372,3,87.11957,9.67561,-34.749462
885961382,3,84.20409,10.739656,-34.47037
885961392,3,81.21337,11.935359,-34.128735
885961402,3,78.29527,14.628242,-32.758804
885961412,3,75.522026,17.194807,-31.369614
885961422,3,72.88193,18.700024,-30.470572
885961432,3,70.3872,19.38009,-29.08993
885961442,3,68.30294,21.785728,-25.631342
885961452,3,66.41348,22.878712,-24.38187
885961462,3,64.744995,24.48718,-23.377151
885961472,3,63.267944,25.220493,-21.441437
885961482,3,61.85845,25.761465,-19.435877
885961492,3,60.447002,26.305494,-17.380386
885961503,3,59.032604,26.613544,-15.350392
885961513,3,57.56756,26.468687,-13.503908
885961523,3,55.73347,26.0281,-12.382429
885961533,3,53.69409,25.0146,-11.278059
885961543,3,51.42941,24.30435,-10.37821
885961553,3,48.96538,23.49889,-9.494976
885961563,3,46.33275,22.616821,-8.653297
885961573,3,43.57261,21.725483,-7.714733
885961583,3,40.735973,20.955194,-6.896964
885961593,3,37.89485,20.065613,-6.167028
885961603,3,35.15347,19.149143,-5.293107
885961613,3,32.575356,18.38891,-4.47773
885961623,3,30.160477,17.541258,-3.841175
885961634,3,27.926897,16.601475,-3.239384
885961644,3,25.889013,15.789696,-2.571974
885961654,3,24.029457,15.02243,-2.052088
885961664,3,22.345074,14.147733,-1.600651
885961674,3,20.83595,13.362864,-1.139599
885961684,3,19.487654,12.595906,-0.697694
885961694,3,18.288122,11.658751,-0.456168
885961704,3,17.157576,9.204233,-1.474322
885961714,3,16.101683,6.931227,-2.492704
885961724,3,15.136047,5.629804,-2.924841
885961734,3,14.280312,4.799098,-3.028352
885961744,3,13.440615,2.135337,-5.332441
885961754,3,12.709525,1.609145,-4.9895
885961764,3,12.071001,1.157801,-4.449743
885961775,3,11.506897,0.48103,-4.109484
885961785,3,11.086485,-0.123498,-3.71838
885961795,3,10.785217,-0.527962,-3.404275
885961805,3,10.56307,-0.951163,-2.912743
885961815,3,10.385545,-1.260132,-2.476276
885961825,3,10.326475,-1.308238,-2.04509
885961835,3,10.27317,-1.081551,-1.682277
885961845,3,10.217851,-1.046351,-1.436493
885961855,3,10.159913,-0.982543,-1.278116
885961865,3,10.094316,-0.729541,-1.151638
885961875,3,10.015157,-0.48333,-1.146579
885961885,3,9.914894,-0.319151,-1.133511
885961895,3,9.794727,-0.214508,-1.14983
885961905,3,9.650196,-0.176956,-1.295067
885961916,3,9.483202,-0.177295,-1.396522
885961926,3,9.292929,-0.086034,-1.423087
885961936,3,9.079952,0.055609,-1.457529
885961946,3,8.84641,0.222164,-1.511498
885961956,3,8.597103,0.458446,-1.557304
885961966,3,8.330753,0.681963,-1.612677
885961976,3,8.047413,0.885819,-1.721364
885961986,3,7.74662,1.095443,-1.848179
885961996,3,7.424804,1.286966,-1.970755
885962006,3,7.079885,1.468144,-2.141549
885962016,3,6.718344,1.484313,-2.258606
885962026,3,6.344209,1.5737,-2.374492
885962036,3,5.954092,1.656556,-2.56222
885962047,3,5.550928,1.770996,-2.714646
885962057,3,5.1353,1.929769,-2.922545
885962067,3,4.711995,2.079786,-3.171643
885962077,3,4.282901,2.24802,-3.464906
885962087,3,3.846807,2.417251,-3.788236
885962097,3,3.401815,2.593491,-4.083878
885962107,3,2.944431,2.761366,-4.389545
885962117,3,2.480275,2.880844,-4.67473
885962127,3,2.016338,2.834904,-4.894837
885962137,3,1.561112,2.589125,-5.023678
885962147,3,1.119044,2.36026,-5.083174
885962157,3,0.693877,2.104701,-5.114726
885962167,3,0.288012,1.7483,-5.131615
885962177,3,359.90387,1.316046,-5.138568
885962188,3,359.54266,0.951084,-5.136607
885962198,3,359.20624,0.701854,-5.120593
885962208,3,358.88675,0.493045,-5.106217
885962218,3,358.57715,0.293804,-5.107803
885962228,3,358.2772,0.059298,-5.097677
885962238,3,357.9875,-0.274711,-5.074485
885962248,3,357.71008,-0.698801,-5.019991
885962258,3,357.4445,-1.165426,-4.904159
885962268,3,357.1922,-1.658486,-4.713404
885962278,3,356.95117,-2.150228,-4.46706
885962288,3,356.72263,-2.623672,-4.128829
885962298,3,356.5072,-3.045302,-3.711514
885962308,3,356.30383,-3.414447,-3.208631
885962318,3,356.1112,-3.73959,-2.645825
885962329,3,355.92972,-4.037661,-2.041148
885962339,3,355.75873,-4.307888,-1.404529
885962349,3,355.5977,-4.536588,-0.750706
885962359,3,355.44165,-4.642769,-0.139891
885962369,3,355.2778,-4.594548,0.327121
885962379,3,355.10083,-4.575944,0.571172
885962389,3,354.905,-4.624844,0.710913
885962399,3,354.69092,-4.636806,0.878774
885962409,3,354.4581,-4.712928,1.021432
885962419,3,354.20746,-4.737049,1.178325
885962429,3,353.94043,-4.80262,1.317497
885962439,3,353.66162,-4.836929,1.452045
885962449,3,353.38022,-4.882458,1.546657
885962459,3,353.10434,-4.881294,1.63953
885962470,3,352.839,-4.835321,1.735006
885962480,3,352.586,-4.766429,1.851936
885962490,3,352.3447,-4.660023,1.964581
885962500,3,352.11044,-4.545244,2.047593
885962510,3,351.88455,-4.381175,2.132923
885962520,3,351.66473,-4.222546,2.198496
885962530,3,351.4545,-4.055966,2.221457
885962540,3,351.252,-3.867624,2.238737
885962550,3,351.05508,-3.636862,2.216585
885962560,3,350.8626,-3.39663,2.158045
885962570,3,350.67413,-3.122444,2.060133
885962580,3,350.4925,-2.858338,1.914622
885962590,3,350.30588,-2.601964,1.715659
885962601,3,350.1279,-2.367447,1.474455
885962611,3,349.9558,-2.146019,1.17022
885962621,3,349.78662,-1.909726,0.791337
885962631,3,349.61884,-1.673336,0.349266
885962641,3,349.44772,-1.480475,-0.12954
885962651,3,349.2752,-1.34695,-0.626502
885962661,3,349.11038,-1.334786,-1.058667
885962671,3,348.97025,-1.464786,-1.30975
885962681,3,348.85376,-1.548489,-1.321767
885962691,3,348.7655,-1.533749,-1.237761
885962701,3,348.7063,-1.559938,-1.209951
885962711,3,348.67957,-1.57047,-1.130724
885962721,3,348.68762,-1.713252,-1.019092
885962731,3,348.72916,-1.908763,-0.904489
885962742,3,348.79138,-2.181434,-0.920782
885962752,3,348.8618,-2.396267,-1.052536
885962762,3,348.92493,-2.568007,-1.322193
885962772,3,348.97552,-2.6674,-1.606683
885962782,3,349.01486,-2.742281,-1.848693
885962792,3,349.0418,-2.827896,-2.027417
885962802,3,349.05753,-2.783511,-2.100179
885962812,3,349.06165,-2.570285,-2.088802
885962822,3,349.05585,-2.143042,-1.962702
885962832,3,349.04553,-1.579395,-1.752806
885962842,3,349.03702,-1.043291,-1.545733
885962852,3,349.0343,-0.617872,-1.352253
885962862,3,349.03845,-0.345306,-1.197201
885962872,3,349.04803,-0.178145,-1.112938
885962883,3,349.0632,-0.020597,-1.073635
885962893,3,349.08478,0.065312,-1.036877
885962903,3,349.1166,0.0317,-1.00378
885962913,3,349.1616,-0.139287,-0.97734
885962923,3,349.21518,-0.435551,-1.037746
885962933,3,349.27628,-0.844688,-1.180033
885962943,3,349.34384,-1.292477,-1.356475
885962953,3,349.42017,-1.78938,-1.533588
885962963,3,349.5061,-2.125908,-1.701943
885962973,3,349.60107,-2.280027,-1.836986
885962983,3,349.70364,-2.418036,-1.985349
885962993,3,349.808,-2.557625,-2.127931
885963003,3,349.91623,-2.683184,-2.268112
885963014,3,350.02884,-2.784469,-2.461061
885963024,3,350.14447,-2.866392,-2.668563
885963034,3,350.26578,-2.958353,-2.776786
885963044,3,350.3962,-3.111235,-2.736263
885963054,3,350.5366,-3.394409,-2.520645
885963064,3,350.68912,-3.803064,-2.185761
885963074,3,350.85196,-4.314648,-1.847554
885963084,3,351.02066,-4.841529,-1.612149
885963094,3,351.19498,-5.395924,-1.443084
885963104,3,351.37433,-6.007682,-1.3534
885963114,3,351.55884,-6.690628,-1.240903
885963124,3,351.74762,-7.696229,-1.08432
885963134,3,351.93692,-8.912398,-1.010468
885963144,3,352.1305,-10.122513,-0.795317
885963155,3,352.32666,-11.352362,-0.647961
885963165,3,352.52823,-12.61752,-0.566572
885963175,3,352.73654,-13.887095,-0.470563
885963185,3,352.95734,-15.011254,-0.319768
885963195,3,353.18903,-16.02148,-0.141742
885963205,3,353.42606,-16.95691,0.055769
885963215,3,353.6732,-17.806667,0.30143
885963225,3,353.93414,-18.529457,0.697546
885963235,3,354.22324,-19.277775,1.194257
885963245,3,354.54657,-20.117987,1.679274
885963255,3,354.89902,-20.998062,2.095464
885963265,3,355.27304,-22.173897,2.446845
885963275,3,355.66492,-23.638197,2.771466
885963285,3,356.08145,-25.174557,3.163174
885963296,3,356.5262,-26.73848,3.588758
885963306,3,356.99255,-28.367918,4.057394
885963316,3,357.47226,-30.092505,4.529021
885963326,3,357.94897,-31.994625,4.869243
885963336,3,358.3971,-33.84354,4.957446
885963346,3,358.8054,-35.503708,4.905677
885963356,3,359.17902,-37.38441,4.877926
885963366,3,359.5259,-39.368183,4.938973
885963376,3,359.8546,-41.36784,5.081939
885963386,3,0.164489,-43.40843,5.248694
885963396,3,0.449646,-45.416134,5.374362
885963406,3,0.707946,-47.5801,5.41791
885963416,3,0.932931,-49.852978,5.241612
885963427,3,1.105725,-51.87241,4.84367
885963437,3,1.221472,-53.531303,4.463204
885963447,3,1.243128,-55.784252,3.97674
885963457,3,1.168782,-57.896896,3.603511
885963467,3,1.004852,-59.91739,3.311152
885963477,3,0.755563,-61.999435,3.016994
885963487,3,0.417348,-64.51337,2.663521
885963497,3,0.024377,-67.2291,2.304872
885963507,3,359.61267,-69.94648,1.965341
885963517,3,359.18307,-72.69836,1.63396
885963527,3,358.74677,-75.43645,1.245982
885963537,3,358.27972,-78.02393,0.808772
885963547,3,357.78894,-80.459,0.467955
885963557,3,357.29654,-82.5584,0.241251
885963568,3,356.84857,-84.47294,0.169608
885963578,3,356.4571,-86.380005,0.15308
885963588,3,356.1277,-88.46584,0.172543
885963598,3,355.87634,-90.88128,0.248324
885963608,3,355.71918,-93.805954,0.31176
885963618,3,355.66583,-97.02354,0.326053
885963628,3,355.70007,-99.88588,0.33366
885963638,3,355.8206,-102.45774,0.470071
885963648,3,356.01508,-105.149864,0.728247
885963658,3,356.27298,-107.888535,0.996276
885963668,3,356.57602,-110.512566,1.212727
885963678,3,356.8905,-113.0928,1.299005
885963688,3,357.21243,-115.69552,1.391648
885963698,3,357.55115,-118.285225,1.556702
885963709,3,357.9126,-120.88312,1.79878
885963719,3,358.27536,-123.50711,2.084491
885963729,3,358.61337,-125.97403,2.318379
885963739,3,358.91318,-128.32996,2.457694
885963749,3,359.17435,-130.52516,2.504308
885963759,3,359.40887,-132.60187,2.501581
885963769,3,359.61484,-134.67088,2.527335
885963779,3,359.78323,-136.6516,2.594833
885963789,3,359.90424,-138.4623,2.665334
885963799,3,359.97394,-140.14795,2.695205
885963809,3,359.997,-141.65999,2.639976
885963819,3,359.98013,-143.04695,2.50799
885963829,3,359.93332,-144.45424,2.377153
885963840,3,359.86417,-145.87488,2.312698
885963850,3,359.77548,-147.24011,2.289048
885963860,3,359.66928,-148.63838,2.280965
885963870,3,359.545,-149.93762,2.240105
885963880,3,359.4067,-151.14418,2.17711
885963890,3,359.2553,-152.28297,2.056419
885963900,3,359.09238,-153.31093,1.871756
885963910,3,358.92145,-154.23749,1.724213
885963920,3,358.73773,-155.11143,1.646639
885963930,3,358.5443,-156.06984,1.654315
885963940,3,358.3427,-157.12767,1.699112
885963950,3,358.1387,-157.98259,1.76333
885963960,3,357.93588,-158.67984,1.834668
885963970,3,357.71777,-159.45085,1.909331
885963981,3,357.50946,-160.2814,2.023827
885963991,3,357.30322,-161.07231,2.114467
885964001,3,357.1029,-161.86507,2.168414
885964011,3,356.909,-162.62498,2.231609
885964021,3,356.72064,-163.29837,2.298261
885964031,3,356.53955,-163.94498,2.382849
885964041,3,356.36392,-164.55975,2.487055
885964051,3,356.21652,-165.12952,2.574253
885964061,3,356.08047,-165.64847,2.677177
885964071,3,355.9642,-166.13184,2.803582
885964081,3,355.87216,-166.59862,2.963749
885964091,3,355.8017,-167.05481,3.1804
885964101,3,355.7542,-167.51761,3.449743
885964111,3,355.7306,-168.02194,3.783168
885964122,3,355.73203,-168.53462,4.1386
885964132,3,355.7576,-169.01503,4.45919
885964142,3,355.80283,-169.49146,4.739244
885964152,3,355.86136,-169.90971,4.974209
885964162,3,355.9272,-170.24298,5.184401
885964172,3,355.9963,-170.52861,5.367939
885964182,3,356.0633,-170.75749,5.473121
885964192,3,356.1221,-170.93106,5.561643
885964202,3,356.1693,-170.95972,5.638671
885964212,3,356.2041,-170.7956,5.702202
885964222,3,356.2286,-170.56073,5.792914
885964232,3,356.24533,-170.30627,5.866649
885964242,3,356.25412,-169.92044,5.885602
885964252,3,356.25467,-169.41693,5.783494
885964263,3,356.2428,-168.8919,5.586349
885964273,3,356.21472,-168.2149,5.336558
885964283,3,356.17255,-167.32233,5.032368
885964293,3,356.11865,-166.2483,4.759788
885964303,3,356.05453,-165.1157,4.538454
885964313,3,355.9756,-163.99872,4.257169
885964323,3,355.88153,-162.82689,3.967866
885964333,3,355.77707,-161.54286,3.733328
885964343,3,355.66995,-160.14348,3.559688
885964353,3,355.57184,-158.62686,3.483956
885964363,3,355.48438,-157.04523,3.441877
885964373,3,355.40393,-155.59181,3.454625
885964383,3,355.33084,-154.19131,3.477737
885964394,3,355.26968,-152.78928,3.47741
885964404,3,355.2203,-151.24551,3.439807
885964414,3,355.17853,-149.44412,3.34562
885964424,3,355.13705,-147.54457,3.186774
885964434,3,355.09088,-145.62299,3.047741
885964444,3,355.03958,-143.65315,2.957918
885964454,3,354.98376,-141.70245,2.886056
885964464,3,354.92117,-139.76001,2.781242
885964474,3,354.85205,-137.72488,2.693346
885964484,3,354.78146,-135.4171,2.631259
885964494,3,354.7069,-132.93726,2.507356
885964504,3,354.6244,-130.50807,2.298523
885964514,3,354.52188,-128.26085,1.993128
885964524,3,354.3944,-126.01178,1.691502
885964535,3,354.24646,-123.63298,1.430829
885964545,3,354.07645,-121.234344,1.171003
885964555,3,353.88922,-119.045555,0.964086
885964565,3,353.69086,-117.13159,0.788405
885964575,3,353.49298,-115.33878,0.622723
885964585,3,353.32758,-113.548775,0.590597
885964595,3,353.22253,-111.62628,0.65727
885964605,3,353.19098,-109.682465,0.769542
885964615,3,353.2424,-107.70964,0.956438
885964625,3,353.3838,-105.82552,1.155772
885964635,3,353.61218,-104.05361,1.348453
885964645,3,353.92584,-102.37323,1.561584
885964655,3,354.30502,-100.6794,1.715848
885964665,3,354.72784,-98.951126,1.888978
885964676,3,355.16043,-96.89714,1.963175
885964686,3,355.56268,-94.52425,1.873407
885964696,3,355.8871,-92.10408,1.609842
885964706,3,356.09763,-89.81439,1.200902
885964716,3,356.1669,-87.79472,0.671519
885964726,3,356.0871,-85.7105,0.162001
885964736,3,355.8841,-83.57579,-0.253919
885964746,3,355.58002,-81.43591,-0.557045
885964756,3,355.22705,-79.30082,-0.679589
885964766,3,354.89417,-77.0156,-0.593546
885964776,3,354.62048,-74.581985,-0.481074
885964786,3,354.43967,-72.29509,-0.355422
885964796,3,354.3816,-69.84857,-0.202453
885964807,3,354.46085,-66.983116,0.038371
885964817,3,354.67648,-63.856087,0.347665
885964827,3,355.00256,-60.649014,0.648078
885964837,3,355.39862,-57.471786,0.943021
885964847,3,355.82565,-54.505608,1.224257
885964857,3,356.2838,-51.86414,1.554856
885964867,3,356.7751,-49.337204,1.942467
885964877,3,357.30417,-46.618774,2.418788
885964887,3,357.83527,-43.68972,2.786143
885964897,3,358.3368,-40.696266,3.034868
885964907,3,358.80338,-37.666958,3.258028
885964917,3,359.23395,-34.65316,3.478342
885964927,3,359.62872,-31.825535,3.728075
885964937,3,359.98358,-29.338339,4.013903
885964948,3,0.277954,-27.151955,4.210886
885964958,3,0.49591,-25.181623,4.350393
885964968,3,0.650145,-23.476389,4.378741
885964978,3,0.754808,-21.874224,4.327766
885964988,3,0.82409,-20.369967,4.313713
885964998,3,0.878336,-18.832655,4.424899
885965008,3,0.926916,-17.294224,4.64032
885965018,3,0.979182,-15.612407,4.975405
885965028,3,1.054567,-13.974873,5.330381
885965038,3,1.151852,-12.488291,5.58936
885965048,3,1.265272,-11.115088,5.677592
885965058,3,1.381238,-9.880091,5.528594
885965068,3,1.481342,-8.820265,5.215149
885965078,3,1.548666,-7.989774,4.815261
885965089,3,1.573242,-7.361918,4.380458
885965099,3,1.548293,-6.859118,3.967361
885965109,3,1.470402,-6.471986,3.558503
885965119,3,1.349119,-6.184061,3.156186
885965129,3,1.201428,-5.974168,2.736555
885965139,3,1.046153,-5.776627,2.296324
885965149,3,0.896867,-5.581354,1.886202
885965159,3,0.756704,-5.422008,1.498995
885965169,3,0.627475,-5.32441,1.162777
885965179,3,0.504159,-5.318542,0.759174
885965189,3,0.378275,-5.436627,0.286895
885965199,3,0.242082,-5.626355,-0.2
885965209,3,0.093773,-5.885964,-0.659833
885965220,3,359.9358,-6.168607,-1.068351
885965230,3,359.76678,-6.399515,-1.515447
885965240,3,359.5816,-6.548246,-2.009725
885965250,3,359.379,-6.546019,-2.485644
885965260,3,359.16083,-6.392573,-2.94409
885965270,3,358.93628,-6.15825,-3.294774
885965280,3,358.7202,-5.946094,-3.497375
885965290,3,358.5161,-5.860677,-3.638224
885965300,3,358.31635,-5.945964,-3.916434
885965310,3,358.12323,-6.052335,-4.227427
885965320,3,357.94873,-6.346802,-4.448771
885965330,3,357.797,-6.769288,-4.686621
885965340,3,357.6723,-7.054727,-4.961523
885965350,3,357.57733,-7.163784,-5.13483
885965361,3,357.50745,-7.1781,-5.214079
885965371,3,357.46136,-7.095867,-5.275927
885965381,3,357.44885,-6.860753,-5.260235
885965391,3,357.474,-6.581295,-5.10203
885965401,3,357.53452,-6.271732,-4.867063
885965411,3,357.62817,-5.858135,-4.577866
885965421,3,357.75275,-5.246373,-4.230867
885965431,3,357.90616,-4.475062,-3.864609
885965441,3,358.08337,-3.628514,-3.502393
885965451,3,358.28528,-2.827797,-3.120116
885965461,3,358.5078,-2.224109,-2.75819
885965471,3,358.74033,-1.772158,-2.468531
885965481,3,358.9775,-1.309159,-2.191172
885965491,3,359.2202,-0.677875,-1.845087
885965502,3,359.46545,0.178539,-1.478591
885965512,3,359.70523,1.241751,-1.248094
885965522,3,359.9355,2.433233,-1.177132
885965532,3,0.15802,3.696232,-0.99664
885965542,3,0.359161,4.152445,-1.111022
885965552,3,0.53894,4.19706,-1.243092
885965562,3,0.706688,4.025085,-1.040169
885965572,3,0.855554,4.085969,-0.851761
885965582,3,0.979272,4.779807,-0.778053
885965592,3,1.088395,5.929759,-0.506841
885965602,3,1.193974,7.454283,0.003919
885965612,3,1.287318,8.930305,0.446607
885965622,3,1.37092,10.312577,0.65781
885965633,3,1.45299,11.664543,0.958494
885965643,3,1.532955,12.838844,1.450306
885965653,3,1.614499,13.724957,1.899749
885965663,3,1.698334,14.334209,2.174411
885965673,3,1.776822,14.647834,2.402288
885965683,3,1.843283,14.885323,2.539504
885965774,3,1.749407,16.536762,-0.555715
885965784,3,1.629086,16.51556,-0.866823
885965794,3,1.47878,16.414429,-1.061461
885965804,3,1.287203,17.88387,-1.133534
885965814,3,1.049402,19.144667,-1.312982
885965824,3,0.761314,19.087128,-1.771548
885965834,3,0.437227,19.549704,-1.790244
885965844,3,0.073525,20.696768,-1.77579
885965854,3,359.81238,22.46342,-1.955581
885965864,3,359.5353,25.018087,-1.938398
885965874,3,359.27783,28.037743,-1.174857
885965884,3,359.0422,31.038017,-0.585255
885965894,3,358.84094,33.584515,-0.041904
885965904,3,358.65692,35.86989,0.037311
885965915,3,358.46844,37.906506,-0.049901
885965925,3,358.27835,39.51959,-0.170415
885965935,3,358.09903,40.728134,-0.285988
885965945,3,357.93768,42.119938,-0.242299
885965955,3,357.77332,43.717075,-0.021921
885965965,3,357.59988,44.91836,0.100193
885965975,3,357.41055,45.672756,0.194331
885965985,3,357.20123,45.708183,-0.023377
885965995,3,356.97412,45.58988,-0.331718
885966005,3,356.75043,45.57411,-0.439546
885966015,3,356.52872,45.310493,-0.557149
885966025,3,356.28674,44.96867,-0.827762
885966035,3,356.0211,44.852882,-1.006255
885966045,3,355.74188,45.120335,-1.107979
885966056,3,355.46896,45.986023,-0.941637
885966066,3,355.25235,47.55213,-0.57667
885966076,3,355.1062,49.52462,-0.17869
885966086,3,355.01984,51.686886,0.255896
885966096,3,355.0,54.03084,0.68722
885966106,3,355.04803,56.231056,0.980111
885966116,3,355.13535,58.404392,1.072017
885966126,3,355.23297,60.55048,0.954975
885966136,3,355.3247,62.901947,0.852188
885966146,3,355.3824,65.27344,0.655943
885966156,3,355.38098,67.46734,0.339074
885966166,3,355.31378,69.801254,0.049067
885966176,3,355.2354,72.36722,0.142361
885966187,3,355.16925,75.01957,0.308358
885966197,3,355.15005,78.19456,0.583567
885966207,3,355.2146,81.50598,0.926917
885966217,3,355.33868,83.84147,1.130971
885966227,3,355.5056,85.54231,1.213033
885966237,3,355.71967,87.09318,1.233155
885966247,3,355.94574,88.27686,1.087409
885966257,3,356.0785,89.17758,0.744868
885966267,3,356.1132,90.39305,0.449843
885966277,3,356.0653,91.83335,0.332975
885966287,3,355.92712,93.4416,0.244985
885966297,3,355.71167,95.003075,0.11126
885966307,3,355.4503,96.62268,0.005252
885966317,3,355.17197,98.361855,-0.041007
885966328,3,354.9021,99.94174,-0.127098
885966338,3,354.67297,101.173615,-0.271457
885966348,3,354.4809,101.83718,-0.429028
885966358,3,354.2779,102.25535,-0.667456
885966368,3,354.08014,103.09507,-0.796984
885966378,3,353.92203,104.304985,-0.779238
885966388,3,353.80005,105.719406,-0.741229
885966398,3,353.7171,107.411995,-0.620316
885966408,3,353.725,109.094505,-0.282211
885966418,3,353.84912,110.30369,0.121739
885966428,3,354.05795,111.146614,0.393789
885966438,3,354.34012,111.788956,0.546228
885966448,3,354.66406,112.31794,0.647008
885966458,3,354.99496,112.718445,0.730609
885966469,3,355.3213,112.832504,0.771177
885966479,3,355.61136,112.65169,0.741486
885966489,3,355.80878,112.4368,0.643873
885966499,3,355.88855,112.45155,0.461894
885966509,3,355.86478,112.477295,0.184572
885966519,3,355.7568,112.38803,-0.128633
885966529,3,355.58847,112.14941,-0.377055
885966539,3,355.3776,111.8394,-0.58682
885966549,3,355.1286,111.5557,-0.806983
885966559,3,354.8535,111.42854,-1.037481
885966569,3,354.5543,111.513084,-1.336567
885966579,3,354.2422,111.70815,-1.613999
885966589,3,353.94394,111.67266,-1.790034
885966600,3,353.6715,111.34414,-1.924455
885966610,3,353.42413,110.58746,-1.984868
885966620,3,353.19595,109.718765,-1.993902
885966630,3,352.99603,108.72233,-1.968488
885966640,3,352.8198,107.69147,-1.987492
885966650,3,352.67355,106.48299,-2.031197
885966660,3,352.55652,105.08848,-2.070743
885966670,3,352.44888,103.55927,-2.151445
885966680,3,352.33398,101.788536,-2.324518
885966690,3,352.1896,99.74392,-2.535035
885966700,3,352.00458,97.54636,-2.732019
885966710,3,351.76993,95.272995,-2.878718
885966720,3,351.50082,92.81244,-2.944717
885966730,3,351.21973,90.16129,-2.957924
885966741,3,350.92865,87.65148,-3.025248
885966751,3,350.63437,85.54523,-3.069704
885966761,3,350.31003,83.71203,-3.331843
885966771,3,349.93814,81.97348,-3.701695
885966781,3,349.5154,80.418015,-4.113227
885966791,3,349.06274,78.99713,-4.406065
885966801,3,348.5887,77.488655,-4.655769
885966811,3,348.076,75.68347,-4.946146
885966821,3,347.5225,73.59821,-5.291502
885966831,3,346.89398,71.56375,-5.840938
885966841,3,346.202,69.49999,-6.610138
885966851,3,345.48447,67.23023,-7.422843
885966861,3,344.77716,64.66415,-8.165556
885966871,3,344.10776,62.188465,-8.539294
885966882,3,343.5072,59.98332,-8.32687
885966892,3,343.001,56.74781,-8.140118
885966902,3,342.59598,51.943047,-8.477943
885966912,3,342.34467,46.190983,-9.073025
885966922,3,342.33588,39.14489,-9.573898
885966932,3,342.58514,31.577406,-10.139247
885966942,3,343.08862,23.568895,-10.379591
885966952,3,343.77863,16.576513,-10.79623
885966962,3,344.5694,10.959026,-11.132877
885966972,3,345.38593,6.052819,-10.822318
885966982,3,346.14948,2.083513,-9.602058
885966992,3,346.8103,-1.004268,-8.230922
885967002,3,347.33548,-2.675396,-7.80674
885967013,3,347.71082,-3.244999,-7.761711
885967023,3,347.89832,-2.580138,-7.667284
885967033,3,347.90814,-0.679126,-8.596114
885967043,3,347.73914,1.584875,-9.369434
885967053,3,347.42526,3.705044,-9.510921
885967063,3,347.0511,5.483494,-9.197213
885967073,3,346.66943,6.823912,-8.980322
885967083,3,346.2618,7.826909,-8.758344
885967093,3,345.8116,8.569713,-8.753082
885967103,3,345.33453,9.043966,-8.555628
885967113,3,344.8532,9.140782,-8.323163
885967123,3,344.39883,9.271201,-8.358968
885967133,3,343.98593,9.22928,-8.706505
885967143,3,343.61206,8.872678,-9.042905
885967154,3,343.27835,7.84002,-9.053455
885967164,3,342.97543,6.444788,-9.13584
885967174,3,342.68158,5.170717,-9.745211
885967184,3,342.4004,3.74925,-10.47254
885967194,3,342.14044,2.23593,-10.766693
885967204,3,341.91867,0.703948,-10.765592
885967214,3,341.73917,-0.828626,-10.606605
885967224,3,341.5871,-2.354013,-10.584201
885967234,3,341.4372,-3.998278,-10.734839
885967244,3,341.2929,-5.925463,-10.981418
885967254,3,341.19113,-8.22654,-11.213972
885967264,3,341.1244,-10.387171,-11.420805
885967274,3,341.0738,-12.684249,-11.785848
885967284,3,341.0214,-14.787447,-12.493681
885967295,3,340.94846,-16.31941,-13.494785
885967305,3,340.84717,-17.022108,-14.199007
885967315,3,340.71152,-17.228384,-14.7197
885967325,3,340.53134,-17.09595,-15.017315
885967335,3,340.27545,-16.202436,-15.525127
885967345,3,339.9304,-15.254655,-16.806019
885967355,3,339.49866,-14.729002,-18.473331
885967365,3,338.98746,-14.264628,-20.454344
885967375,3,338.4015,-13.452093,-22.226166
885967385,3,337.7453,-12.17244,-23.18837
885967395,3,337.0351,-11.227229,-24.04914
885967405,3,336.28064,-10.543932,-25.12938
885967415,3,335.52444,-10.505095,-26.597313
885967426,3,334.78653,-10.556503,-28.267834
885967436,3,334.08716,-10.827582,-29.414097
885967446,3,333.4492,-11.340847,-30.017834
885967456,3,332.91193,-12.472816,-30.653072
885967466,3,332.50488,-14.03546,-31.33292
885967476,3,332.2203,-15.607903,-32.10116
885967486,3,332.05582,-17.206675,-32.838875
885967496,3,331.99478,-18.816792,-33.61034
885967506,3,332.03784,-20.303444,-34.499153
885967516,3,332.1645,-21.628984,-35.397545
885967526,3,332.35568,-22.931828,-36.08458
885967536,3,332.62036,-24.808601,-37.373707
885967546,3,332.94138,-26.4837,-38.786278
885967556,3,333.31525,-27.824297,-40.205444
885967567,3,333.73355,-28.713324,-41.50425
885967577,3,334.18274,-29.26323,-42.57171
885967587,3,334.70078,-30.191826,-44.018944
885967597,3,335.36383,-31.765253,-46.146034
885967607,3,336.21008,-33.186535,-48.64946
885967617,3,337.20813,-34.058636,-51.226032
885967627,3,338.36972,-34.742,-53.70271
885967637,3,339.7162,-35.636368,-55.87925
885967647,3,341.30054,-36.959923,-57.85793
885967657,3,343.15753,-38.28389,-59.71245
885967667,3,345.3019,-39.891937,-61.46257
885967677,3,347.8058,-42.487907,-63.413647
885967687,3,350.69043,-45.272045,-65.16964
885967697,3,353.99774,-48.077557,-66.78758
885967708,3,357.73624,-50.757202,-68.17924
885967718,3,316.9475,-53.5548,-69.380806
885967728,3,321.55423,-56.177288,-70.09914
885967738,3,101.623405,-59.20552,-70.66989
885967748,3,62.066307,-61.972385,-70.92959
885967758,3,22.753046,-64.64256,-71.1212
885967768,3,28.59018,-67.03886,-71.18357
885967778,3,34.788467,-70.74659,-71.53781
885967788,3,41.230804,-74.08295,-71.72679
885967798,3,47.733437,-76.87841,-71.861725
885967808,3,54.237595,-79.36882,-71.923584
885967818,3,60.493412,-81.14273,-71.87135
885967828,3,66.33845,-81.8632,-71.773415
885967838,3,71.64279,-82.00103,-71.71462
885967849,3,76.37102,-81.764175,-71.60609
885967859,3,80.27452,-81.71211,-71.51629
885967869,3,83.424904,-81.60973,-71.416756
885967879,3,86.05719,-82.445694,-71.5131
885967889,3,88.23943,-83.285065,-71.608696
885967899,3,90.23088,-85.081566,-71.79179
885967909,3,92.32614,-87.88077,-71.95787
885967919,3,94.83694,-91.97615,-72.12011
885967929,3,97.63365,-95.32491,-71.97622
885967939,3,100.71825,-99.06668,-72.198364
885967949,3,103.94282,-102.348465,-75.36894
885967959,3,107.09789,-104.607994,-77.826836
885967969,3,110.57909,-109.63236,-77.81864
885967980,3,114.28118,-114.461395,-77.40856
885967990,3,118.21847,-120.02613,-76.60853
885968000,3,122.30669,-126.24745,-75.556656
885968010,3,126.74725,-132.23203,-74.59042
885968020,3,131.44382,-137.46863,-74.07987
885968030,3,136.50317,-142.14282,-73.90865
885968040,3,141.96355,-146.22054,-73.60654
885968050,3,147.28688,-149.13493,-73.33451
885968060,3,152.3061,-150.9329,-73.17562
885968070,3,156.78543,-151.95828,-73.24526
885968080,3,160.55971,-152.68315,-73.48816
885968090,3,163.4657,-152.39517,-73.45585
885968100,3,164.7443,-146.54631,-71.379524
885968110,3,165.09306,-144.67479,-69.37081
885968121,3,165.01411,-146.01622,-69.439926
885968131,3,164.7655,-147.96425,-69.78083
885968141,3,164.51015,-149.80725,-70.30606
885968151,3,164.28322,-151.04259,-70.94236
885968161,3,163.94972,-151.09644,-71.50176
885968171,3,163.70036,-151.3237,-71.466064
885968181,3,164.35068,-151.38196,-71.04511
885968191,3,165.30313,-151.6839,-70.7298
885968201,3,166.22375,-152.67175,-70.21629
885968211,3,167.12874,-154.31898,-69.63508
885968221,3,168.13168,-156.59238,-68.82995
885968231,3,169.3643,-159.13045,-67.76501
885968241,3,171.00613,-161.63362,-66.67803
885968251,3,172.98758,-163.90732,-65.58004
885968262,3,175.23459,-165.58199,-64.65335
885968272,3,177.5957,-166.62256,-63.66448
885968282,3,179.89508,-167.31137,-62.561
885968292,3,182.0015,-167.8576,-61.69844
885968302,3,183.81012,-168.39342,-61.131504
885968312,3,185.29944,-169.06113,-60.70446
885968322,3,186.38522,-169.13387,-60.658985
885968332,3,187.05469,-168.88799,-60.746765
885968342,3,187.3609,-168.34196,-60.882065
885968352,3,187.3942,-167.61829,-61.302544
885968362,3,187.20506,-166.80696,-61.7331
885968372,3,186.81516,-166.01593,-62.09969
885968382,3,186.25803,-165.45657,-62.26849
885968393,3,185.54536,-165.13232,-62.049343
885968403,3,184.77715,-164.89746,-61.487675
885968413,3,184.0247,-164.8296,-60.64003
885968423,3,183.374,-165.03006,-59.739998
885968433,3,182.88799,-165.51318,-58.718224
885968443,3,182.60437,-166.2333,-57.237446
885968453,3,182.53241,-167.11855,-55.25933
885968463,3,182.6417,-168.1608,-52.872753
885968473,3,182.90068,-169.38022,-50.19546
885968483,3,183.27992,-170.64008,-47.499012
885968493,3,183.72638,-171.78665,-44.911545
885968503,3,184.17055,-172.7988,-42.528984
885968513,3,184.53902,-173.61758,-40.44796
885968523,3,184.78043,-174.18417,-38.732246
885968534,3,184.86798,-174.46901,-37.41239
885968544,3,184.78622,-174.5056,-36.342934
885968554,3,184.52798,-174.37383,-35.338634
885968564,3,184.1092,-174.15169,-34.19524
885968574,3,183.56306,-173.82018,-32.875942
885968584,3,182.9112,-173.30475,-31.391481
885968594,3,182.18974,-172.71666,-29.68603
885968604,3,181.43097,-172.0647,-27.807005
885968614,3,180.67114,-171.68025,-25.272926
885968624,3,179.9417,-171.5025,-22.563438
885968634,3,179.2555,-171.41064,-19.699055
885968644,3,178.61,-171.28549,-16.486904
885968654,3,178.00578,-171.16888,-12.987293
885968664,3,177.45343,-171.40169,-9.036776
885968675,3,176.93565,-171.78506,-4.583546
885968685,3,176.42834,-172.34949,0.251659
885968695,3,175.88899,-173.27896,5.145407
885968705,3,175.26802,-174.5076,9.662717
885968715,3,174.5371,-175.86246,13.533866
885968725,3,173.7054,-177.21129,16.347307
885968735,3,172.79985,-178.4519,17.64121
885968745,3,171.88657,-179.21432,17.55027
885968755,3,171.06635,-179.38295,15.841455
885968765,3,170.34152,-179.17249,15.519977
885968775,3,169.76636,-178.38484,15.274198
885968785,3,169.40018,-177.1864,14.808478
885968795,3,169.29121,-175.88223,13.648746
885968806,3,169.44598,-174.4322,12.029541
885968816,3,169.83452,-172.55156,10.269275
885968826,3,170.36105,-170.84297,8.437449
885968836,3,170.90498,-169.43845,6.675495
885968846,3,171.45935,-168.216,5.191904
885968856,3,171.96732,-167.34831,4.050583
885968866,3,172.38326,-166.93054,3.264998
885968876,3,172.66972,-166.91718,2.773028
885968886,3,172.81229,-167.22389,2.544099
885968896,3,172.80942,-167.79791,2.567168
885968906,3,172.68802,-168.54063,2.794204
885968916,3,172.48074,-169.34496,3.17808
885968926,3,172.2137,-170.15996,3.680434
885968936,3,171.91095,-171.0232,4.287554
885968947,3,171.59071,-171.92578,4.852898
885968957,3,171.26163,-172.91313,5.365606
885968967,3,170.9305,-173.88303,5.780375
885968977,3,170.60953,-174.72945,6.13475
885968987,3,170.30829,-175.37962,6.469143
885968997,3,170.03726,-175.78262,6.755001
885969007,3,169.8027,-175.98051,7.045606
885969017,3,169.6084,-176.02853,7.367611
885969027,3,169.45511,-175.9758,7.770367
885969037,3,169.34924,-175.85127,8.266236
885969047,3,169.2926,-175.62123,8.803413
885969057,3,169.28546,-175.29036,9.314234
885969067,3,169.32039,-174.95198,9.807281
885969077,3,169.3897,-174.67566,10.292879
885969088,3,169.48631,-174.47874,10.75854
885969098,3,169.60031,-174.31491,11.32244
885969108,3,169.73428,-174.04242,11.894418
885969118,3,169.8943,-173.6393,12.412375
885969128,3,170.09,-173.19858,12.803422
885969138,3,170.31789,-172.88837,12.996173
885969148,3,170.5724,-172.83194,13.021446
885969158,3,170.85606,-172.98132,12.853892
885969168,3,171.17216,-173.24997,12.40443
885969178,3,171.5377,-173.5901,11.612777
885969188,3,171.95346,-173.97746,10.484126
885969198,3,172.41518,-174.47472,9.138146
885969208,3,172.91647,-175.08879,7.766778
885969219,3,173.45782,-175.70445,6.477061
885969229,3,174.05081,-176.25949,5.324087
885969239,3,174.69766,-176.6932,4.328292
885969249,3,175.39934,-177.00536,3.475966
885969259,3,176.14696,-177.2779,2.809473
885969269,3,176.92973,-177.58145,2.359781
885969279,3,177.73543,-177.93367,2.099634
885969289,3,178.55602,-178.30202,1.96216
885969299,3,179.47795,-178.68294,1.943608
885969309,3,180.39436,-179.03038,1.979178
885969319,3,181.29501,-179.3665,2.057411
885969329,3,182.17133,-179.69228,2.133626
885969339,3,183.01787,179.994,2.17211
885969349,3,183.83412,179.64606,2.142273
885969360,3,184.62108,179.278,1.987206
885969370,3,185.3723,178.91106,1.670559
885969380,3,185.9967,178.57747,1.164915
885969390,3,186.60274,178.32195,0.463122
885969400,3,187.20238,178.16113,-0.396441
885969410,3,187.80298,178.10657,-1.387242
885969420,3,188.40651,178.13322,-2.480088
885969430,3,189.01117,178.2254,-3.625915
885969440,3,189.6083,178.3686,-4.726334
885969450,3,190.18353,178.58035,-5.737385
885969460,3,190.7109,178.87802,-6.656859
885969470,3,191.15518,179.25842,-7.476038
885969480,3,191.4801,179.68105,-8.179715
885969490,3,191.65714,-179.93935,-8.752421
885969501,3,191.65884,-179.6252,-9.192191
885969511,3,191.46948,-179.34564,-9.488153
885969521,3,191.0707,-179.05602,-9.605574
885969531,3,190.46172,-178.70566,-9.535116
885969541,3,189.64426,-178.34525,-9.258399
885969551,3,188.6271,-178.06628,-8.762023
885969561,3,187.43086,-177.98195,-8.015891
885969571,3,186.06854,-178.15427,-6.995558
885969581,3,184.55977,-178.52959,-5.719651
885969591,3,182.91272,-178.97859,-4.250422
885969601,3,181.14835,-179.4036,-2.672498
885969611,3,179.28271,-179.88052,-0.978266
885969621,3,177.333,179.51242,0.895617
885969631,3,175.31102,178.76003,2.997901
885969642,3,173.21979,178.01187,5.477088
885969652,3,171.07613,177.53847,8.423891
885969662,3,168.91634,177.62267,11.83744
885969672,3,166.81618,178.53334,15.229333
885969682,3,164.85303,-179.84364,18.235653
885969692,3,163.07951,-177.77959,20.595177
885969702,3,161.53227,-175.39171,22.301882
885969712,3,160.25012,-172.51453,23.424612
885969722,3,159.27486,-168.80174,23.88008
885969732,3,158.5982,-164.30269,23.13766
885969742,3,158.08733,-160.2271,20.903332
885969752,3,157.52664,-158.12148,17.461372
885969762,3,156.78334,-158.34245,13.54129
885969773,3,155.84277,-160.1484,9.629574
885969783,3,154.75185,-162.6055,6.172334
885969793,3,153.5541,-165.18806,3.152449
885969803,3,152.27725,-167.49274,0.713707
885969813,3,150.97482,-169.68741,-1.193836
885969823,3,149.78897,-171.8452,-2.580572
885969833,3,148.89157,-173.91771,-3.626417
885969843,3,148.35995,-175.72186,-4.45471
885969853,3,148.16794,-177.225,-5.111806
885969863,3,148.23708,-178.41327,-5.637896
885969873,3,148.49251,-179.36517,-5.997238
885969883,3,148.87054,179.73286,-6.13692
885969893,3,149.33115,178.8328,-6.021884
885969903,3,149.85364,178.00513,-5.707646
885969914,3,150.43413,177.32257,-5.261702
885969924,3,151.07729,176.76822,-4.750538
885969934,3,151.79684,176.33612,-4.23025
885969944,3,152.6095,175.99461,-3.706031
885969954,3,153.52956,175.73116,-3.174242
885969964,3,154.56921,175.55534,-2.630079
885969974,3,155.73297,175.546,-2.082857
885969984,3,157.01459,175.70604,-1.495972
885969994,3,158.40565,175.95895,-0.834706
885970004,3,159.8853,176.25919,-0.103173
885970014,3,161.42567,176.53914,0.706077
885970024,3,163.0032,176.75842,1.5243
885970034,3,164.60033,176.95155,2.300496
885970044,3,166.20563,177.15494,2.939223
885970055,3,167.7998,177.3263,3.4301
885970065,3,169.36589,177.48532,3.774197
885970075,3,170.88177,177.66081,4.005698
885970085,3,172.3338,177.7895,4.155777
885970095,3,173.70618,177.77545,4.196473
885970105,3,174.98506,177.57027,4.101362
885970115,3,176.14902,177.22083,3.83051
885970125,3,177.18044,176.78749,3.362363
885970135,3,178.07489,176.3757,2.702615
885970145,3,178.83842,176.04216,1.834384
885970155,3,179.48643,175.71825,0.778229
885970165,3,180.04338,175.30293,-0.426762
885970175,3,180.53261,174.8256,-1.719919
885970186,3,180.97328,174.43509,-3.042073
885970196,3,181.37859,174.25519,-4.351021
885970206,3,181.74666,174.26784,-5.57117
885970216,3,182.07556,174.4372,-6.676077
885970226,3,182.35403,174.70915,-7.622769
885970236,3,182.5724,175.08629,-8.404287
885970246,3,182.71362,175.57642,-9.049429
885970256,3,182.76256,176.20515,-9.578178
885970266,3,182.70515,176.89792,-9.998954
885970276,3,182.53674,177.55243,-10.316094
885970286,3,182.25891,178.09943,-10.572691
885970296,3,181.87233,178.50359,-10.765615
885970306,3,181.38014,178.82425,-10.86336
885970316,3,180.78183,179.17294,-10.815992
885970327,3,180.07297,179.58795,-10.587905
885970337,3,179.25383,179.96117,-10.123178
885970347,3,178.32951,-179.86536,-9.365947
885970357,3,177.30942,-179.92458,-8.332389
885970367,3,176.20355,179.76001,-7.016752
885970377,3,175.01501,179.15463,-5.379076
885970387,3,173.7442,178.1696,-3.367618
885970397,3,172.38322,176.69418,-0.921891
885970407,3,170.92004,174.62527,1.87654
885970417,3,169.33737,172.12038,4.842563
885970427,3,167.6153,169.37524,7.930032
885970437,3,165.71248,166.38263,11.35506
885970447,3,163.59079,163.25389,15.183864
885970457,3,161.2181,160.06454,19.538244
885970468,3,158.60165,157.14664,24.111286
885970478,3,155.8212,154.89551,28.437618
885970488,3,153.05026,154.01129,31.956324
885970498,3,150.52965,155.03423,34.278927
885970508,3,148.51355,158.18411,35.110966
885970518,3,147.23376,163.3278,34.09133
885970528,3,146.85098,170.04565,30.23402
885970538,3,147.33035,176.96724,23.733046
885970548,3,148.47157,-177.34703,15.961706
885970558,3,150.03618,-173.67325,8.738961
885970568,3,151.80309,-171.80858,2.998357
885970578,3,153.56653,-171.07341,-1.299782
885970588,3,155.12973,-170.97955,-4.46237
885970599,3,156.33087,-171.29114,-6.79017
885970609,3,157.07826,-171.9061,-8.48297
885970619,3,157.46516,-172.82684,-9.592875
885970629,3,157.70851,-173.91049,-10.202488
885970639,3,157.99034,-174.98882,-10.44659
885970649,3,158.3882,-175.93987,-10.433883
885970659,3,158.90283,-176.71991,-10.249163
885970669,3,159.5195,-177.37247,-9.959999
885970679,3,160.37704,-177.9807,-9.573474
885970689,3,161.34253,-178.7103,-9.069856
885970699,3,162.41501,-179.5739,-8.440218
885970709,3,163.59096,179.54553,-7.721619
885970719,3,164.87935,178.73836,-6.945621
885970729,3,166.28604,178.04944,-6.130259
885970740,3,167.81717,177.52171,-5.293899
885970750,3,169.46396,177.13007,-4.406531
885970760,3,171.06412,176.84917,-3.48966
885970770,3,172.7268,176.73018,-2.5764
885970780,3,174.43459,176.8088,-1.673489
885970790,3,176.17656,177.08473,-0.800425
885970800,3,177.9397,177.5179,8.74E-4
885970810,3,179.7132,178.03061,0.72004
885970820,3,181.48315,178.56279,1.36196
885970830,3,183.23811,179.1319,1.890608
885970840,3,184.97076,179.85628,2.307763
885970850,3,186.67107,-179.21191,2.604033
885970860,3,188.33173,-178.14973,2.702293
885970870,3,189.93555,-177.04808,2.560243
885970881,3,191.46613,-176.03123,2.094945
885970891,3,192.90842,-175.30817,1.301938
885970901,3,194.25177,-174.90079,0.206761
885970911,3,195.49217,-174.8626,-1.104035
885970921,3,196.62682,-175.2276,-2.591431
885970931,3,197.66397,-175.9017,-4.209708
885970941,3,198.606,-176.79942,-5.887986
885970951,3,199.46567,-177.7351,-7.573611
885970961,3,200.23782,-178.53697,-9.217241
885970971,3,200.90988,-179.12436,-10.736096
885970981,3,201.46524,-179.45912,-12.097973
885970991,3,201.88638,-179.48645,-13.313855
885971001,3,202.1566,-179.32545,-14.330405
885971012,3,202.26114,-179.03955,-15.065136
885971022,3,202.18446,-178.51878,-15.582502
885971032,3,201.91974,-177.77548,-15.904243
885971042,3,201.47707,-176.93562,-16.05874
885971052,3,200.88034,-176.12837,-16.079134
885971062,3,200.15681,-175.398,-15.987014
885971072,3,199.33247,-174.81328,-15.727944
885971082,3,198.43414,-174.49503,-15.237247
885971092,3,197.4759,-174.4305,-14.452515
885971102,3,196.4687,-174.56717,-13.301008
885971112,3,195.41364,-174.89267,-11.69709
885971122,3,194.30165,-175.40001,-9.587876
885971132,3,193.11597,-176.0739,-6.968605
885971142,3,191.82066,-176.90242,-3.865568
885971153,3,190.37512,-177.71414,-0.388104
885971163,3,188.73566,-178.42015,3.363352
885971173,3,186.8598,-179.35704,7.357412
885971183,3,184.71123,179.2384,11.394226
885971193,3,182.25992,177.50836,15.094472
885971203,3,179.53656,175.9617,17.998402
885971213,3,176.66254,175.1962,19.507483
885971223,3,173.83574,175.67114,19.565477
885971233,3,171.25731,177.69939,18.662582
885971243,3,169.08867,-178.92287,16.857138
885971253,3,167.40411,-174.79619,14.416546
885971263,3,166.22586,-170.48767,11.682149
885971273,3,165.54147,-166.501,9.003743
885971283,3,165.28261,-163.3422,6.623511
885971294,3,165.31287,-161.32182,4.60936
885971304,3,165.46344,-160.31104,3.025946
885971314,3,165.58138,-160.0934,1.820403
885971324,3,165.5635,-160.54675,0.913768
885971334,3,165.38808,-161.57706,0.273666
885971344,3,165.09529,-163.02675,-0.175644
885971354,3,164.75317,-164.751,-0.458281
885971364,3,164.43744,-166.48909,-0.57377
885971374,3,164.20216,-168.06389,-0.592623
885971384,3,164.0727,-169.53119,-0.557303
885971394,3,164.05878,-170.94969,-0.451049
885971404,3,164.15738,-172.32959,-0.313788
885971414,3,164.37068,-173.63234,-0.169168
885971425,3,164.68925,-174.86543,0.024189
885971435,3,165.09941,-175.95465,0.28151
885971445,3,165.59045,-176.81567,0.60576
885971455,3,166.14728,-177.4554,0.96352
885971465,3,166.7612,-177.91339,1.359497
885971475,3,167.42117,-178.2007,1.788753
885971485,3,168.11699,-178.312,2.252452
885971495,3,168.84778,-178.1988,2.74016
885971505,3,169.61264,-177.8654,3.215342
885971515,3,170.42033,-177.39774,3.615118
885971525,3,171.27246,-176.85797,3.916312
885971535,3,172.17206,-176.22627,4.12364
885971545,3,173.12056,-175.55762,4.237797
885971555,3,174.11768,-174.89395,4.299736
885971566,3,175.15935,-174.22878,4.351032
885971576,3,176.23293,-173.45343,4.466636
885971586,3,177.33575,-172.52664,4.22522
885971596,3,178.45314,-171.8465,3.987694
885971606,3,179.56389,-171.36131,3.74366
885971616,3,180.64943,-170.84172,3.449103
885971626,3,181.68237,-170.2756,3.152902
885971636,3,182.64552,-169.72684,2.738816
885971646,3,183.52022,-169.33026,2.095979
885971656,3,184.29213,-169.06744,1.353265
885971666,3,184.9368,-168.91885,0.576881
885971676,3,185.44344,-168.94518,-0.267508
885971686,3,185.81299,-169.152,-1.124803
885971696,3,186.05077,-169.43675,-1.841982
885971707,3,186.17676,-169.7464,-2.366145
885971717,3,186.207,-170.17447,-2.759646
885971727,3,186.17285,-170.87209,-3.200894
885971737,3,186.10327,-171.83339,-3.321544
885971747,3,186.02655,-172.5163,-3.660895
885971757,3,185.96765,-172.98221,-4.098977
885971767,3,185.9483,-173.52722,-4.389642
885971777,3,185.98764,-174.07292,-4.49247
885971787,3,186.09035,-174.43034,-4.292741
885971797,3,186.25406,-174.48318,-3.800116
885971807,3,186.46783,-174.33199,-3.286576
885971817,3,186.719,-174.03598,-2.802661
885971827,3,187.0007,-173.64357,-2.16725
885971837,3,187.30338,-173.16496,-1.375531
885971848,3,187.61447,-172.61827,-0.623556
885971858,3,187.92357,-172.07516,-0.042277
885971868,3,188.22702,-171.52147,0.448286
885971878,3,188.52687,-170.95586,0.977602
885971888,3,188.82214,-170.38705,1.677727
885971898,3,189.11205,-169.87447,2.473664
885971908,3,189.39757,-169.48495,3.163877
885971918,3,189.67946,-169.25803,3.630418
885971928,3,189.958,-169.17479,3.900894
885971938,3,190.22795,-169.21571,4.093761
885971948,3,190.48517,-169.38597,4.375574
885971958,3,190.72961,-169.66208,4.734179
885971968,3,190.96356,-170.0541,5.033426
885971979,3,191.18933,-170.49178,5.223572
885971989,3,191.40625,-170.9461,5.338245
885971999,3,191.6139,-171.35367,5.472742
885972009,3,191.81445,-171.61842,5.653024
885972019,3,192.01572,-171.79213,5.693163
885972029,3,192.22705,-171.9161,5.364174
885972039,3,192.45547,-171.97801,4.731966
885972049,3,192.70569,-171.987,3.979353
885972059,3,193.01204,-171.89082,3.315668
885972069,3,193.33812,-171.66951,2.717595
885972079,3,193.684,-171.41063,2.041805
885972089,3,194.05017,-171.28264,1.168227
885972099,3,194.43915,-171.26588,0.078772
885972109,3,194.84512,-171.22931,-1.054033
885972120,3,195.25537,-171.1167,-2.042154
885972130,3,195.66061,-170.93657,-2.986467
885972140,3,196.02475,-170.76224,-3.961285
885972150,3,196.38544,-170.67236,-4.98783
885972160,3,196.74467,-170.7006,-5.974456
885972170,3,197.10045,-170.72487,-6.787266
885972180,3,197.44011,-170.6505,-7.336273
885972190,3,197.7562,-170.45558,-7.8094
885972200,3,198.05083,-170.17368,-8.376877
885972210,3,198.32794,-169.88562,-9.158756
885972220,3,198.59113,-169.63457,-10.155566
885972230,3,198.83871,-169.38255,-11.287808
885972240,3,199.06229,-169.02856,-12.541379
885972250,3,199.25143,-168.56636,-13.969241
885972261,3,199.40233,-168.06049,-15.534085
885972271,3,199.51547,-167.55106,-17.13156
885972281,3,199.59444,-167.14113,-18.666988
885972291,3,199.6381,-166.85187,-20.146564
885972301,3,199.64017,-166.59308,-21.642109
885972311,3,199.59792,-166.37712,-23.182154
885972321,3,199.51817,-166.23228,-24.684517
885972331,3,199.41336,-166.12753,-26.085167
885972341,3,199.28647,-165.9713,-27.427155
885972351,3,199.1478,-165.87721,-28.628387
885972361,3,198.98924,-165.72049,-29.721361
885972371,3,198.80803,-165.50362,-30.646063
885972381,3,198.6294,-165.51764,-31.340124
885972392,3,198.50354,-166.12685,-31.89028
885972402,3,198.4279,-166.74553,-32.561485
885972412,3,198.36926,-166.97078,-33.23158
885972422,3,198.30328,-166.81792,-33.86664
885972432,3,198.20186,-166.38625,-34.478355
885972442,3,198.05469,-165.75912,-35.08329
885972452,3,197.86313,-165.13367,-35.643566
885972462,3,197.61475,-164.64708,-36.195744
885972472,3,197.26003,-164.25975,-36.859818
885972482,3,196.80698,-164.02588,-37.668312
885972492,3,196.32487,-164.13364,-38.22822
885972502,3,195.86565,-164.41618,-38.58239
885972512,3,195.48695,-164.96562,-38.659416
885972522,3,195.22108,-165.65453,-38.574665
885972533,3,195.02711,-165.98529,-38.78762
885972543,3,194.80164,-165.45488,-39.37251
885972553,3,194.55006,-164.95633,-39.798103
885972563,3,194.31569,-165.0369,-40.229797
885972573,3,194.09497,-165.54622,-40.73115
885972583,3,193.88011,-166.24077,-41.27153
885972593,3,193.63655,-166.93736,-41.940517
885972603,3,193.32153,-167.34947,-42.662384
885972613,3,192.93115,-167.30196,-43.32094
885972623,3,192.52246,-166.88547,-43.880936
885972633,3,192.07028,-166.24098,-44.21227
885972643,3,191.52867,-165.56992,-44.291336
885972653,3,190.8439,-164.74835,-44.37984
885972663,3,189.99286,-163.83615,-44.524906
885972674,3,188.98051,-162.91501,-44.544052
885972684,3,187.89392,-162.50656,-44.36894
885972694,3,186.8604,-162.78241,-43.95169
885972704,3,185.89632,-162.83504,-43.423416
885972714,3,185.01547,-162.77777,-42.875557
885972724,3,184.22514,-162.8461,-42.51062
885972734,3,183.53809,-162.91028,-42.433273
885972744,3,182.96008,-162.9918,-42.52455
885972754,3,182.50659,-163.2597,-42.680187
885972764,3,182.09435,-163.31532,-43.013668
885972774,3,181.68181,-163.55554,-42.707626
885972784,3,181.33125,-164.25824,-42.819115
885972794,3,181.0262,-164.74448,-42.992386
885972805,3,180.75087,-165.16121,-43.292786
885972815,3,180.55424,-165.93617,-43.49917
885972825,3,180.45651,-166.86002,-43.93536
885972835,3,180.3853,-167.24103,-44.436417
885972845,3,180.28441,-166.83107,-45.05584
885972855,3,180.13235,-166.5693,-45.765118
885972865,3,179.90585,-166.42432,-46.49499
885972875,3,179.65039,-166.40712,-46.99218
885972885,3,179.42308,-166.77689,-47.159054
885972895,3,179.17632,-167.0453,-47.11737
885972905,3,178.88712,-167.2354,-46.87494
885972915,3,178.65588,-167.8036,-46.37834
885972925,3,178.55736,-168.3448,-46.673885
885972935,3,178.54553,-168.5563,-46.448296
885972946,3,178.63573,-169.09042,-46.481495
885972956,3,178.81528,-169.68407,-46.51246
885972966,3,178.98517,-169.81319,-46.73889
885972976,3,179.13731,-169.80421,-46.985035
885972986,3,179.30199,-169.96645,-47.18264
885972996,3,179.4595,-170.36572,-47.34398
885973006,3,179.61081,-170.72157,-47.361282
885973016,3,179.78035,-171.0577,-47.227047
885973026,3,179.92653,-171.32167,-47.185013
885973036,3,180.01088,-171.30939,-47.3003
885973046,3,180.10341,-171.45677,-47.46005
885973056,3,180.23755,-171.74277,-47.822903
885973066,3,180.39096,-172.02094,-48.44038
885973076,3,180.51733,-172.13438,-49.161575
885973087,3,180.6091,-172.10597,-50.23879
885973097,3,180.66684,-171.99178,-51.258236
885973107,3,180.70627,-171.94844,-52.204655
885973117,3,180.77237,-172.03362,-53.006405
885973127,3,180.82756,-171.9734,-53.66597
885973137,3,180.84067,-171.80937,-54.436394
885973147,3,180.80894,-171.61626,-55.30718
885973157,3,180.77895,-171.64633,-56.226418
885973167,3,180.76808,-171.71931,-57.24979
885973177,3,180.75992,-171.63693,-58.403736
885973187,3,180.7534,-171.60745,-59.699226
885973197,3,180.7215,-171.5268,-61.167072
885973207,3,180.63516,-171.14249,-62.649853
885973218,3,180.49245,-170.6975,-64.08165
885973228,3,180.35246,-170.7122,-65.45011
885973238,3,180.2227,-171.01628,-66.73535
885973248,3,180.10628,-171.38889,-68.01501
885973258,3,180.05334,-172.01758,-69.25132
885973268,3,180.105,-173.04524,-70.52609
885973278,3,180.34811,-174.7108,-71.87196
885973288,3,180.85486,-176.64153,-73.100105
885973298,3,181.57393,-178.13106,-74.22365
885973308,3,182.37144,-179.10846,-75.38186
885973318,3,183.17053,-179.82877,-76.587425
885973328,3,183.91472,179.74152,-77.80142
885973338,3,184.45157,-179.80843,-79.05587
885973348,3,184.48451,-177.47377,-80.301926
885973359,3,183.79407,-174.01166,-81.346535
885973369,3,182.35739,-170.40779,-81.6343
885973379,3,180.11205,-165.67241,-81.67548
885973389,3,177.04614,-160.09982,-81.54251
885973399,3,173.21042,-154.4965,-81.33926
885973409,3,168.63133,-148.64085,-81.04248
885973419,3,163.64156,-144.5379,-80.85228
885973429,3,158.54512,-140.94302,-80.78183
885973439,3,153.29688,-136.42427,-80.78105
885973449,3,147.78418,-130.83182,-80.93352
885973459,3,141.97774,-124.40735,-81.17875
885973469,3,135.84901,-117.60812,-81.4789
885973479,3,129.30617,-110.78076,-81.766266
885973489,3,122.4488,-104.90951,-81.99688
885973500,3,115.22342,-100.32101,-82.394585
885973510,3,107.532616,-95.73319,-82.806694
885973520,3,98.85828,-87.29316,-82.9584
885973530,3,89.26683,-78.45517,-83.00473
885973540,3,79.11757,-70.30728,-83.00244
885973550,3,68.763336,-63.001953,-82.850266
885973560,3,58.45621,-56.240074,-82.462654
885973570,3,48.540165,-52.5594,-81.67183
885973580,3,39.06021,-50.51368,-80.75809
885973590,3,30.138563,-49.029552,-79.8663
885973600,3,22.490927,-47.38229,-78.93598
885973610,3,16.10259,-44.926105,-77.82899
885973620,3,55.933006,-43.95029,-76.896416
885973630,3,6.733003,-42.644165,-75.89166
885973641,3,3.339629,-41.210842,-74.93019
885973651,3,0.40747,-40.64735,-73.96902
885973661,3,357.74326,-40.159317,-72.93253
885973671,3,355.24857,-39.287575,-71.860596
885973681,3,352.93677,-38.61682,-70.882675
885973691,3,350.8593,-37.939342,-69.71571
885973701,3,348.8922,-37.810097,-68.705414
885973711,3,347.079,-37.9518,-67.922806
885973721,3,345.41296,-38.0802,-67.10517
885973731,3,343.852,-38.937668,-66.11212
885973741,3,342.414,-40.396976,-65.02994
885973751,3,341.16446,-42.77329,-64.13634
885973761,3,340.13342,-46.21014,-63.48619
885973772,3,339.29935,-49.37736,-62.526302
885973782,3,338.62115,-52.69945,-61.340343
885973792,3,338.03528,-55.42607,-59.74691
885973802,3,337.4976,-57.282528,-57.794483
885973812,3,336.95306,-58.593616,-55.73176
885973822,3,336.37738,-59.66202,-53.61459
885973832,3,335.72714,-60.61659,-51.45564
885973842,3,334.9728,-61.77283,-49.59193
885973852,3,334.1455,-62.73858,-47.817356
885973862,3,333.26138,-63.746166,-46.526333
885973872,3,332.38828,-65.75909,-46.447533
885973882,3,331.5664,-67.507,-46.39797
885973892,3,330.80237,-68.5692,-46.278835
885973902,3,330.07162,-68.61229,-45.980804
885973913,3,329.35327,-67.69341,-45.169533
885973923,3,328.6286,-66.33376,-43.91021
885973933,3,327.90878,-64.98089,-42.41466
885973943,3,327.20654,-64.054535,-40.95311
885973953,3,326.50183,-63.226906,-39.7345
885973963,3,325.80173,-62.23766,-38.805267
885973973,3,325.11996,-61.10782,-38.258053
885973983,3,324.4792,-59.959187,-38.02466
885973993,3,323.9019,-58.89769,-38.01538
885974003,3,323.399,-57.985386,-37.917267
885974013,3,322.97916,-56.672497,-36.854443
885974023,3,322.6549,-54.17739,-34.036064
885974033,3,322.438,-51.533978,-31.09697
885974043,3,322.35092,-49.215347,-28.37299
885974054,3,322.42065,-47.655422,-25.992607
885974064,3,322.66266,-46.640854,-23.975645
885974074,3,323.0797,-45.842228,-22.27964
885974084,3,323.66467,-44.91412,-20.683414
885974094,3,324.39697,-43.59104,-19.065212
885974104,3,325.26758,-42.238953,-17.246136
885974114,3,326.2866,-41.19556,-15.263585
885974124,3,327.4621,-40.277267,-13.091512
885974134,3,328.7843,-39.288628,-10.867635
885974144,3,330.26767,-38.058167,-8.398092
885974154,3,331.90833,-36.251247,-5.886409
885974164,3,333.658,-34.405636,-3.896008
885974174,3,335.43488,-33.16955,-2.880158
885974185,3,337.16232,-32.309433,-2.405928
885974195,3,338.7763,-31.237719,-2.166712
885974205,3,340.20648,-29.533815,-2.157037
885974215,3,341.3761,-27.151152,-2.57145
885974225,3,342.20438,-24.523851,-3.433281
885974235,3,342.67212,-21.471878,-4.357382
885974245,3,342.8165,-18.266418,-5.217236
885974255,3,342.73032,-15.138556,-5.837739
885974265,3,342.46777,-12.156231,-6.320553
885974275,3,342.05652,-9.599633,-6.910696
885974285,3,341.53998,-7.516121,-7.549843
885974295,3,340.96878,-5.593479,-8.264367
885974305,3,340.39017,-3.713708,-9.074674
885974315,3,339.81848,-1.811788,-9.876127
885974326,3,339.26855,0.135859,-10.478822
885974336,3,338.7346,1.889682,-11.01737
885974346,3,338.23596,3.173785,-11.509593
885974356,3,337.79868,4.029492,-11.947332
885974366,3,337.43378,4.626892,-12.283488
885974376,3,337.16534,5.077522,-12.446879
885974386,3,336.99783,5.336581,-12.674953
885974396,3,336.93356,5.442795,-12.957481
885974406,3,336.95737,5.531601,-13.291518
885974416,3,337.05966,5.71926,-13.549994
885974426,3,337.2174,6.070853,-13.585357
885974436,3,337.41153,6.518795,-13.423273
885974446,3,337.62943,6.923297,-13.083883
885974456,3,337.86606,7.216378,-12.600369
885974467,3,338.12518,7.377863,-12.034403
885974477,3,338.4096,7.434252,-11.397252
885974487,3,338.72107,7.547226,-10.803457
885974497,3,339.05124,7.849859,-10.32141
885974507,3,339.39813,8.245912,-9.888288
885974517,3,339.75995,8.654547,-9.456136
885974527,3,340.12518,9.208236,-9.010834
885974537,3,340.47906,9.925252,-8.578898
885974547,3,340.8116,10.77022,-8.2481
885974557,3,341.11966,11.652328,-7.981277
885974567,3,341.4073,12.554084,-7.728237
885974577,3,341.6857,13.456262,-7.370757
885974587,3,341.9572,14.368195,-6.960661
885974598,3,342.21964,15.253766,-6.633628
885974608,3,342.47064,16.200472,-6.489274
885974618,3,342.7096,17.27269,-6.427055
885974628,3,342.9384,18.37992,-6.467104
885974638,3,343.15833,19.455616,-6.459979
885974648,3,343.37003,20.377876,-6.330298
885974658,3,343.57944,20.931309,-6.135571
885974668,3,343.80466,20.10318,-6.236275
885974678,3,343.99225,21.674147,-6.068066
885974688,3,344.1624,23.222849,-5.622156
885974698,3,344.32556,24.606537,-5.16558
885974708,3,344.49063,25.283298,-4.931516
885974718,3,344.65848,25.603512,-4.805247
885974728,3,344.8198,25.963604,-4.767529
885974739,3,344.96512,26.21996,-4.779988
885974749,3,345.07767,26.388721,-4.811862
885974759,3,345.21494,26.470581,-4.746898
885974769,3,345.3678,26.436901,-4.664637
885974779,3,345.5311,26.24214,-4.617911
885974789,3,345.7012,25.89137,-4.557014
885974799,3,345.86914,25.562298,-4.486051
885974809,3,346.03296,25.557755,-4.394387
885974819,3,346.19086,27.183899,-3.869707
885974829,3,346.35938,25.940504,-3.833781
885974839,3,346.51404,24.631813,-4.057739
885974849,3,346.65237,23.230766,-4.212556
885974859,3,346.77722,22.140253,-4.202337
885974869,3,346.88788,21.024551,-4.19339
885974880,3,346.99478,19.57787,-4.229327
885974890,3,347.10538,18.063469,-4.284816
885974900,3,347.22055,16.638777,-4.263907
885974910,3,347.31973,15.27082,-4.155523
885974920,3,347.4217,13.847661,-3.948885
885974930,3,347.53192,12.237446,-3.642167
885974940,3,347.65393,10.417141,-3.231186
885974950,3,347.79077,8.167157,-2.762678
885974960,3,347.94147,5.339137,-2.240717
885974970,3,348.11313,1.810378,-1.637739
885974980,3,348.31195,-2.211608,-1.003839
885974990,3,348.53568,-6.448837,-0.420567
885975000,3,348.78366,-10.836249,0.095617
885975011,3,349.05048,-15.417661,0.645818
885975021,3,349.33374,-20.17587,1.299736
885975031,3,349.63272,-25.056753,2.139572
885975041,3,349.94675,-29.897404,3.223386
885975051,3,350.27362,-34.55661,4.313503
885975061,3,350.61157,-38.9716,5.144209
885975071,3,350.96686,-42.96428,5.814155
885975081,3,351.34393,-46.585827,6.312402
885975091,3,351.74274,-49.84621,6.545284
885975101,3,352.15854,-52.494366,6.569763
885975111,3,352.5868,-54.148994,6.372775
885975121,3,353.02368,-55.04218,6.083185
885975131,3,353.45892,-55.511887,5.712302
885975141,3,353.88785,-55.570164,5.315727
885975152,3,354.2967,-55.267593,4.91276
885975162,3,354.66718,-54.699276,4.492779
885975172,3,354.97586,-53.80315,3.946804
885975182,3,355.19635,-52.536472,3.19663
885975192,3,355.29526,-50.574837,2.130238
885975202,3,355.2489,-47.899555,0.988489
885975212,3,355.05988,-44.289875,0.039972
885975222,3,354.714,-39.680485,-0.833434
885975232,3,354.2251,-34.509247,-1.388527
885975242,3,353.60217,-29.680672,-1.828924
885975252,3,352.86404,-25.297087,-2.178589
885975262,3,352.05185,-21.442106,-2.360129
885975272,3,351.19247,-17.98485,-2.573268
885975282,3,350.3066,-14.668152,-2.714677
885975293,3,349.3949,-11.508404,-2.821428
885975303,3,348.46817,-8.374058,-2.895567
885975313,3,347.5219,-5.418704,-2.965363
885975323,3,346.5737,-2.835262,-2.981492
885975333,3,345.65076,-0.749864,-2.898471
885975343,3,344.76135,0.738263,-2.839853
885975353,3,343.91132,1.717008,-3.034318
885975363,3,343.0961,2.407572,-3.543455
885975373,3,342.31647,3.110731,-4.230323
885975383,3,341.57227,3.897639,-5.054305
885975393,3,340.8812,4.752424,-5.768721
885975403,3,340.2634,5.634705,-6.165142
885975413,3,339.73508,6.500246,-6.094048
885975424,3,339.2965,7.289217,-5.772027
885975434,3,338.94553,7.981941,-5.506856
885975444,3,338.69522,8.440415,-5.246296
885975454,3,338.56058,8.6656,-4.904909
885975464,3,338.5556,8.661453,-4.519921
885975474,3,338.6665,8.29236,-4.216509
885975484,3,338.8553,7.747942,-4.045748
885975494,3,339.0788,7.223811,-3.887813
885975504,3,339.31934,6.847861,-3.568301
885975514,3,339.59293,6.443568,-2.965015
885975524,3,339.90918,5.752862,-2.144303
885975534,3,340.2578,4.782084,-1.294167
885975544,3,340.62653,3.546161,-0.559088
885975554,3,340.9943,2.166522,-0.180202
885975565,3,341.33795,0.816697,-0.548567
885975575,3,341.64667,-0.310569,-1.383824
885975585,3,341.9229,-1.090123,-2.02538
885975595,3,342.16205,-1.562743,-2.401696
885975605,3,342.35202,-1.888938,-2.627609
885975615,3,342.49265,-2.193893,-2.718726
885975625,3,342.5929,-2.322435,-2.605516
885975635,3,342.67056,-2.233219,-2.376068
885975645,3,342.753,-1.982402,-2.070035
885975655,3,342.8557,-1.650934,-1.726378
885975665,3,342.96844,-1.284166,-1.418467
885975675,3,343.07834,-0.831449,-1.143342
885975685,3,343.1808,-0.213157,-0.896628
885975695,3,343.2719,0.483005,-0.650011
885975706,3,343.3449,1.125438,-0.383275
885975716,3,343.40067,1.726074,0.035387
885975726,3,343.45074,2.314878,0.676776
885975736,3,343.49844,2.791428,1.296477
885975746,3,343.54904,3.121682,1.818335
885975756,3,343.60858,3.310101,2.24695
885975766,3,343.6771,3.414969,2.60662
885975776,3,343.75876,3.480399,2.940135
885975786,3,343.85858,3.523957,3.305644
885975796,3,343.97516,3.534584,3.722763
885975806,3,344.09442,3.520714,4.161957
885975816,3,344.2136,3.477809,4.634567
885975826,3,344.3328,3.429475,5.165518
885975836,3,344.45258,3.385018,5.756933
885975847,3,344.57434,3.42039,6.398029
885975857,3,344.69736,3.543422,7.019401
885975867,3,344.81113,3.718941,7.523444
885975877,3,344.90936,3.861305,7.914056
885975887,3,344.99274,3.892557,8.244099
885975897,3,345.05923,3.856926,8.534513
885975907,3,345.10858,3.831701,8.761792
885975917,3,345.1404,3.839848,8.962989
885975927,3,345.15314,3.881141,9.127669
885975937,3,345.14304,3.922137,9.209613
885975947,3,345.1135,3.913633,9.189475
885975957,3,345.07004,3.803551,9.120774
885975967,3,345.01562,3.611609,8.99281
885975978,3,344.95032,3.375167,8.772062
885975988,3,344.8722,3.134945,8.513253
885975998,3,344.78067,2.910708,8.2535
885976008,3,344.6816,2.762523,8.02452
885976018,3,344.5852,2.691517,7.901904
885976028,3,344.50125,2.706258,7.933705
885976038,3,344.43347,2.886014,8.046869
885976048,3,344.37885,3.276683,8.173521
885976058,3,344.33673,3.847455,8.302654
885976068,3,344.3084,4.517252,8.432068
885976078,3,344.28992,5.225929,8.549151
885976088,3,344.28265,5.884916,8.726065
885976098,3,344.28687,6.482471,8.983376
885976108,3,344.29926,7.085718,9.191499
885976119,3,344.3112,7.681139,9.3134
885976129,3,344.32367,8.218167,9.375459
885976139,3,344.3376,8.617403,9.342607
885976149,3,344.34888,8.844721,9.194689
885976159,3,344.35883,8.834175,8.966914
885976169,3,344.36697,8.553912,8.704341
885976179,3,344.3659,8.025269,8.387688
885976189,3,344.3596,7.245269,8.074066
885976199,3,344.37735,6.260067,7.813133
885976209,3,344.4093,5.145978,7.575396
885976219,3,344.45776,3.952125,7.321695
885976229,3,344.52606,2.706732,7.029786
885976239,3,344.6101,1.456489,6.630015
885976249,3,344.70084,0.281436,6.134643
885976260,3,344.79648,-0.797853,5.627562
885976270,3,344.893,-1.799091,5.189236
885976280,3,344.972,-2.718313,4.830129
885976290,3,345.0512,-3.57677,4.57137
885976300,3,345.137,-4.367513,4.441737
885976310,3,345.23154,-5.079212,4.329885
885976320,3,345.33847,-5.794041,4.174586
885976330,3,345.46045,-6.542013,3.956589
885976340,3,345.5952,-7.264332,3.665768
885976350,3,345.7376,-7.910859,3.332003
885976360,3,345.8814,-8.423493,2.988081
885976370,3,346.018,-8.803099,2.594726
885976380,3,346.13965,-9.146376,2.243936
885976391,3,346.24658,-9.397896,1.958191
885976401,3,346.34076,-9.564553,1.657507
885976411,3,346.42606,-9.727639,1.334104
885976421,3,346.5024,-9.90983,0.956806
885976431,3,346.5661,-10.018095,0.590631
885976441,3,346.61078,-9.939049,0.202049
885976451,3,346.63272,-9.730995,-0.207884
885976461,3,346.63342,-9.416995,-0.523052
885976471,3,346.60785,-8.971418,-0.767543
885976481,3,346.55557,-8.414789,-0.951621
885976491,3,346.47562,-7.822205,-1.035851
885976501,3,346.36835,-7.238236,-1.111582
885976511,3,346.2404,-6.726513,-1.13966
885976521,3,346.10236,-6.227648,-1.014787
885976532,3,345.95828,-5.633013,-0.810204
885976542,3,345.80313,-5.009669,-0.562688
885976552,3,345.6364,-4.438929,-0.266585
885976562,3,345.46143,-3.953159,0.115433
885976572,3,345.28195,-3.517275,0.613627
885976582,3,345.0959,-3.144167,1.110742
885976592,3,344.90182,-2.79807,1.671733
885976602,3,344.68802,-2.406463,2.25469
885976612,3,344.44748,-1.980079,2.757626
885976622,3,344.16953,-1.484807,3.167731
885976632,3,343.84073,-0.965998,3.479325
885976642,3,343.44406,-0.501443,3.609398
885976652,3,342.963,-0.158919,3.641842
885976662,3,342.39584,0.052964,3.587451
885976673,3,341.72787,0.177686,3.40898
885976683,3,340.95767,0.268156,3.152337
885976693,3,340.08276,0.388476,2.854893
885976703,3,339.10852,0.545499,2.559813
885976713,3,338.03836,0.77742,2.235205
885976723,3,336.87347,1.069551,1.81715
885976733,3,335.61835,1.352059,1.322218
885976743,3,334.27933,1.540052,0.76584
885976753,3,332.87152,1.5786,0.152189
885976763,3,331.40903,1.462549,-0.470464
885976773,3,329.90778,1.240744,-1.121754
885976783,3,328.378,0.973454,-1.751862
885976793,3,326.8339,0.749182,-2.343253
885976804,3,325.28265,0.584197,-2.93848
885976814,3,323.73065,0.444909,-3.512226
885976824,3,322.17874,0.308883,-4.064424
885976834,3,320.62988,0.147631,-4.610549
885976844,3,319.0893,-0.08107,-5.137573
885976854,3,317.5599,-0.377945,-5.629048
885976864,3,316.05353,-0.765593,-6.046147
885976874,3,314.5796,-1.207374,-6.344232
885976884,3,313.153,-1.635744,-6.521535
885976894,3,311.77176,-1.995674,-6.646972
885976904,3,310.43433,-2.2632,-6.743369
885976914,3,309.1373,-2.478861,-6.786788
885976924,3,307.8815,-2.701333,-6.730133
885976934,3,306.66702,-2.937912,-6.564447
885976945,3,305.48755,-3.202204,-6.275388
885976955,3,304.33853,-3.444342,-5.872232
885976965,3,303.20276,-3.581698,-5.462586
885976975,3,302.07553,-3.60061,-5.072743
885976985,3,300.9487,-3.54797,-4.706763
885976995,3,299.8224,-3.482267,-4.33973
885977005,3,298.68616,-3.452474,-3.951857
885977015,3,297.5306,-3.422061,-3.593118
885977025,3,296.33917,-3.362237,-3.323461
885977035,3,295.10147,-3.293288,-3.116789
885977045,3,293.824,-3.238372,-2.899147
885977055,3,292.51395,-3.192893,-2.615075
885977065,3,291.17615,-3.103869,-2.267982
885977075,3,289.79886,-2.956911,-1.922578
885977086,3,288.37387,-2.759653,-1.639344
885977096,3,286.89502,-2.528812,-1.372062
885977106,3,285.369,-2.298061,-1.128053
885977116,3,283.80173,-2.091785,-0.870759
885977126,3,282.1969,-1.911707,-0.561791
885977136,3,280.5484,-1.703964,-0.219768
885977146,3,278.85046,-1.420624,0.112774
885977156,3,277.10666,-1.038924,0.410034
885977166,3,275.3133,-0.572376,0.668674
885977176,3,273.47668,-0.061793,0.92875
885977186,3,271.59955,0.475059,1.178635
885977196,3,269.68073,1.060743,1.370483
885977206,3,267.713,1.719176,1.464031
885977217,3,265.70743,2.428263,1.466628
885977227,3,263.67688,3.185714,1.464454
885977237,3,261.63687,3.966751,1.471129
885977247,3,259.61206,4.704948,1.478698
885977257,3,257.61853,5.358795,1.47232
885977267,3,255.67769,5.892681,1.433909
885977277,3,253.80692,6.294066,1.395928
885977287,3,252.0285,6.604618,1.391096
885977297,3,250.34827,6.862246,1.410517
885977307,3,248.77217,7.078416,1.463021
885977317,3,247.3028,7.234374,1.540725
885977327,3,245.93784,7.325598,1.612842
885977337,3,244.67194,7.337579,1.662062
885977347,3,243.49666,7.252639,1.74224
885977358,3,242.40631,7.077289,1.848635
885977368,3,241.39326,6.845111,1.95033
885977378,3,240.45285,6.588605,1.996093
885977388,3,239.5801,6.346775,1.97569
885977398,3,238.7721,6.131839,1.892801
885977408,3,238.0223,5.956404,1.7901
885977418,3,237.32594,5.823339,1.652837
885977428,3,236.67667,5.704042,1.472959
885977438,3,236.07095,5.565891,1.272852
885977448,3,235.50732,5.419441,1.059152
885977458,3,234.98344,5.301058,0.801811
885977468,3,234.50249,5.204433,0.499241
885977478,3,234.06192,5.123622,0.188049
885977488,3,233.65947,5.079235,-0.113107
885977499,3,233.2953,5.070856,-0.426463
885977509,3,232.96655,5.072909,-0.733371
885977519,3,232.66852,5.06144,-1.020857
885977529,3,232.40376,5.005034,-1.289631
885977539,3,232.17603,4.882281,-1.552042
885977549,3,231.98721,4.732718,-1.845092
885977559,3,231.8361,4.550388,-2.15186
885977569,3,231.70845,4.367311,-2.397393
885977579,3,231.61575,4.246794,-2.643644
885977589,3,231.5565,4.187819,-2.931971
885977599,3,231.53087,4.132112,-3.219681
885977609,3,231.5349,4.037815,-3.492401
885977619,3,231.56544,3.917841,-3.722459
885977629,3,231.6132,3.806532,-3.895047
885977640,3,231.67403,3.754772,-4.029096
885977650,3,231.75687,3.812023,-4.127248
885977660,3,231.83734,4.024933,-4.185919
885977670,3,231.90765,4.399998,-4.213974
885977680,3,231.95396,4.920761,-4.168613
885977690,3,231.96164,5.597225,-4.069587
885977700,3,231.9235,6.398332,-3.929988
885977710,3,231.8413,7.327309,-3.792155
885977720,3,231.71616,8.385442,-3.620813
885977730,3,231.55087,9.528879,-3.376917
885977740,3,231.3512,10.766719,-3.140931
885977750,3,231.12674,12.074625,-3.083464
885977760,3,230.89404,13.414858,-3.112468
885977771,3,230.66695,14.772308,-3.151411
885977781,3,230.45573,16.140402,-3.267883
885977791,3,230.26695,17.450268,-3.403229
885977801,3,230.11067,18.647738,-3.557704
885977811,3,229.99678,19.715431,-3.748
885977821,3,229.93646,20.65552,-3.914182
885977831,3,229.93233,21.484554,-4.082655
885977841,3,229.98853,22.184618,-4.292944
885977851,3,230.11125,22.830683,-4.588472
885977861,3,230.29953,23.395979,-4.915986
885977871,3,230.55211,23.854454,-5.352607
885977881,3,230.86443,24.19129,-5.910306
885977891,3,231.23914,24.353722,-6.56661
885977901,3,231.67905,24.346592,-7.184905
885977912,3,232.1892,24.172998,-7.781388
885977922,3,232.77087,23.852173,-8.390178
885977932,3,233.42596,23.426647,-8.99994
885977942,3,234.15475,22.961344,-9.66506
885977952,3,234.95999,22.491138,-10.43721
885977962,3,235.84378,22.018497,-11.400178
885977972,3,236.80185,21.472149,-12.583173
885977982,3,237.838,20.786255,-13.966846
885977992,3,238.95956,19.86554,-15.452343
885978002,3,240.18005,18.601147,-16.833185
885978012,3,241.50493,17.084341,-18.116217
885978022,3,242.93916,15.488854,-19.430038
885978032,3,244.47975,13.925575,-20.76669
885978042,3,246.12178,12.492211,-22.150904
885978053,3,247.86072,11.151522,-23.550047
885978063,3,249.68109,9.873248,-24.960722
885978073,3,251.56987,8.59299,-26.337961
885978083,3,253.50395,7.279671,-27.698051
885978093,3,255.47652,5.855583,-29.00871
885978103,3,257.48557,4.290243,-30.225782
885978113,3,259.5335,2.629934,-31.249119
885978123,3,261.61465,1.010049,-32.12851
885978133,3,263.7287,-0.583927,-32.90511
885978143,3,265.87155,-2.146024,-33.59392
885978153,3,268.031,-3.584142,-34.35797
885978163,3,270.1987,-4.89765,-35.223255
885978173,3,272.36472,-6.145488,-36.07316
885978184,3,274.52072,-7.41845,-36.858093
885978194,3,276.6584,-8.812322,-37.44453
885978204,3,278.77774,-10.241879,-37.90589
885978214,3,280.86862,-11.627521,-38.29513
885978224,3,282.92676,-12.905614,-38.675583
885978234,3,284.94635,-14.025893,-39.09406
885978244,3,286.92142,-14.892481,-39.608944
885978254,3,288.83908,-15.492911,-40.236015
885978264,3,290.68442,-15.905664,-40.904247
885978274,3,292.45013,-16.2039,-41.61819
885978284,3,294.1262,-16.366991,-42.34918
885978294,3,295.70697,-16.394619,-43.160427
885978304,3,297.18756,-16.318108,-44.018414
885978314,3,298.56778,-16.179209,-44.904102
885978325,3,299.84763,-16.045073,-45.824238
885978335,3,301.02576,-15.973253,-46.76274
885978345,3,302.1045,-15.926737,-47.790535
885978355,3,303.07977,-15.9185,-48.95996
885978365,3,303.9522,-15.902159,-50.286613
885978375,3,304.73068,-15.862754,-51.85843
885978385,3,305.4203,-15.997467,-53.481106
885978395,3,306.0173,-16.440266,-54.93244
885978405,3,306.5053,-17.124266,-56.11953
885978415,3,306.8624,-18.0344,-57.007713
885978425,3,307.05136,-19.113663,-57.53516
885978435,3,307.04617,-20.209822,-57.954185
885978445,3,306.83127,-21.348206,-58.47143
885978455,3,306.3925,-22.434317,-59.242275
885978466,3,305.7201,-23.385174,-60.39888
885978476,3,304.81384,-24.333048,-61.93891
885978486,3,303.69495,-25.281284,-63.97928
885978496,3,302.36322,-26.124823,-66.23472
885978506,3,300.7641,-25.802446,-68.02835
885978516,3,298.8621,-25.056011,-69.67662
885978526,3,296.61597,-23.944828,-71.11644
885978536,3,293.96332,-22.101898,-72.457115
885978546,3,290.8195,-19.17879,-73.92566
885978556,3,287.02692,-14.823888,-75.64924
885978566,3,282.22394,-7.823486,-77.73865
885978576,3,275.41455,4.594973,-80.16917
885978586,3,263.65402,27.59913,-82.19035
885978597,3,245.76445,60.5291,-82.1937
885978607,3,225.53154,84.70022,-79.853455
885978617,3,204.67761,95.97698,-76.65845
885978627,3,183.99124,99.68684,-73.51096
885978637,3,164.17818,97.94641,-71.09388
885978647,3,145.91718,93.17692,-69.74215
885978657,3,129.92017,90.88608,-69.602646
885978667,3,119.18231,89.3087,-69.693054
885978677,3,114.90664,88.4729,-69.81298
885978687,3,113.365074,87.988174,-69.941826
885978697,3,112.93041,87.62921,-70.05554
885978707,3,112.93083,87.37314,-70.15959
885978717,3,112.851685,87.196785,-70.24113
885978727,3,112.39628,87.06396,-70.3088
885978738,3,111.89172,87.03447,-70.35922
885978748,3,111.39612,87.117065,-70.3857
885978758,3,110.96689,87.24967,-70.39613
885978768,3,110.63121,87.395676,-70.38568
885978778,3,110.38604,87.55637,-70.36206
885978788,3,110.22949,87.765625,-70.320854
885978798,3,110.15639,88.0312,-70.27036
885978808,3,110.17287,88.30821,-70.20653
885978818,3,110.29717,88.58202,-70.13744
885978828,3,110.555954,88.81699,-70.05919
885978838,3,110.976,89.03642,-69.97856
885978848,3,111.585594,89.17742,-69.90272
885978858,3,112.42753,89.2519,-69.83234
885978868,3,113.55572,89.192245,-69.77516
885978879,3,115.03353,88.94909,-69.72635
885978889,3,116.9355,88.50564,-69.68284
885978899,3,119.42528,83.61338,-69.11006
885978909,3,122.56465,80.454666,-68.819275
885978919,3,123.52953,50.817005,-53.657692
885978929,3,121.11972,45.72544,-25.209503
885978939,3,117.41971,44.024452,-6.405472
885978949,3,111.173065,33.175777,8.67716
885978959,3,102.549484,25.778374,21.616325
885978969,3,92.97548,25.146757,27.583382
885978979,3,82.03859,25.21156,28.140635
885978989,3,69.3824,24.277122,27.97849
885978999,3,57.711124,23.073668,28.237959
885979010,3,48.19198,21.944635,28.772503
885979020,3,38.72536,20.997581,29.434355
885979030,3,30.5524,20.2729,30.165976
885979040,3,68.47449,19.826385,31.0025
885979050,3,106.04605,19.674253,32.13626
885979060,3,143.49693,19.64283,33.196354
885979070,3,181.72586,19.128351,37.031425
885979080,3,87.011505,9.566787,43.2184
885979090,3,353.8438,-10.182667,47.29252
885979100,3,351.74866,-10.329351,49.33929
885979110,3,343.02148,19.467627,17.519999
885979120,3,333.7359,21.074274,-16.320765
885979130,3,325.18372,17.407904,-21.072844
885979140,3,316.804,20.862297,-24.92159
885979151,3,307.21536,32.804485,-33.42862
885979161,3,294.05936,53.048794,-41.92023
885979171,3,277.358,74.37379,-45.382965
885979181,3,258.72742,88.8901,-45.263138
885979191,3,246.76857,94.52887,-45.099327
885979201,3,235.45244,95.728966,-46.13899
885979211,3,222.53621,111.059975,-46.596695
885979221,3,219.088,162.53317,-23.303808
885979231,3,220.44183,-179.20071,-6.124367
885979241,3,225.72,-167.21562,2.775969
885979251,3,236.03653,-144.13885,14.175217
885979261,3,252.28246,-74.168594,25.198566
885979271,3,264.49524,-32.61777,16.121393
885979281,3,274.86472,-19.746935,11.545948
885979292,3,285.77896,-13.834601,9.354213
885979302,3,287.24762,-10.939885,8.01195
885979312,3,284.94858,-9.915928,7.203397
885979322,3,281.0648,-10.002893,6.869932
885979332,3,275.00186,-10.46307,6.792652
885979342,3,264.69473,-10.937184,6.869947
885979352,3,259.15823,-11.372595,7.012396
885979362,3,256.07907,-11.297998,6.808985
885979372,3,253.83276,-9.419722,5.200869
885979382,3,251.9484,-7.720728,3.662028
885979392,3,250.24742,-6.890458,2.723534
885979402,3,248.66296,-6.953824,2.337228
885979412,3,247.22668,-7.88346,2.381392
885979422,3,246.04274,-9.987075,2.719849
885979433,3,245.30962,-13.945089,3.343533
885979443,3,245.32536,-19.958311,4.283595
885979453,3,246.41391,-26.929,5.613809
885979463,3,248.55038,-33.231934,6.981865
885979473,3,251.51955,-38.090042,7.843936
885979483,3,254.95795,-41.064392,8.085267
885979493,3,258.43866,-41.966393,7.614606
885979503,3,261.583,-41.06412,6.606572
885979513,3,264.0762,-39.01256,5.35726
885979523,3,265.63873,-36.412094,4.286152
885979533,3,266.08386,-33.60556,3.462641
885979543,3,265.42978,-30.88177,2.899313
885979553,3,263.85834,-28.445992,2.569011
885979564,3,261.70038,-26.363373,2.402623
885979574,3,259.3495,-24.666271,2.329726
885979584,3,257.12048,-23.420141,2.341061
885979594,3,255.17833,-22.635433,2.407172
885979604,3,253.57692,-22.218164,2.459266
885979614,3,252.3153,-22.00253,2.465302
885979624,3,251.35439,-21.827133,2.442673
885979634,3,250.64546,-21.661066,2.459903
885979644,3,250.15068,-21.606752,2.64449
885979654,3,249.83673,-21.735518,3.066258
885979664,3,249.65736,-21.998238,3.714047
885979674,3,249.58757,-22.493315,4.381787
885979684,3,249.6232,-23.287844,4.932312
885979694,3,249.76836,-24.2447,5.241422
885979705,3,250.01929,-25.039356,5.238579
885979715,3,250.35413,-25.50955,4.986956
885979725,3,250.7426,-25.632832,4.611022
885979735,3,251.14998,-25.442795,4.217758
885979745,3,251.54843,-25.029488,3.890996
885979755,3,251.89578,-24.470667,3.672536
885979765,3,252.14949,-23.869635,3.56486
885979775,3,252.28624,-23.36752,3.545469
885979785,3,252.31758,-23.073654,3.584722
885979795,3,252.27591,-23.005348,3.660097
885979805,3,252.20627,-23.156801,3.754891
885979815,3,252.147,-23.463102,3.862489
885979825,3,252.13042,-23.810644,3.937991
885979835,3,252.16628,-24.030245,3.96852
885979846,3,252.23743,-24.011229,3.966725
885979856,3,252.32474,-23.857674,3.976987
885979866,3,252.41301,-23.724024,3.994552
885979876,3,252.49606,-23.68641,4.005003
885979886,3,252.56464,-23.709696,4.010571
885979896,3,252.60916,-23.752739,3.991505
885979906,3,252.62424,-23.771484,3.94184
885979916,3,252.61832,-23.753119,3.8779
885979926,3,252.6132,-23.72921,3.846221
885979936,3,252.6243,-23.731827,3.858039
885979946,3,252.64827,-23.749613,3.907757
885979956,3,252.6753,-23.757559,3.956375
885979966,3,252.69997,-23.760445,3.980594
885979977,3,252.72017,-23.747791,3.977184
885979987,3,252.73874,-23.73152,3.948226
885979997,3,252.75854,-23.73588,3.91711
885980007,3,252.78102,-23.750965,3.896445
885980017,3,252.80373,-23.754997,3.890645
885980027,3,252.82788,-23.761896,3.901326
885980037,3,252.85411,-23.766169,3.919179
885980047,3,252.87946,-23.751827,3.942372
885980057,3,252.90456,-23.74294,3.958675
885980067,3,252.92601,-23.735773,3.966149
885980077,3,252.94289,-23.72973,3.960842
885980087,3,252.96054,-23.735947,3.946047
885980097,3,252.9829,-23.74582,3.92846
885980107,3,253.01003,-23.73967,3.926555
885980118,3,253.04503,-23.733206,3.927466
885980128,3,253.08351,-23.733622,3.937628
885980138,3,253.12065,-23.728283,3.951675
885980148,3,253.15706,-23.730747,3.964848
885980158,3,253.1928,-23.735226,3.966012
885980168,3,253.22739,-23.736506,3.961819
885980178,3,253.25926,-23.733414,3.94478
885980188,3,253.29074,-23.740458,3.919701
885980198,3,253.31683,-23.7383,3.905216
885980208,3,253.34177,-23.743044,3.902451
885980218,3,253.37108,-23.749544,3.915802
885980228,3,253.40335,-23.746012,3.936155
885980238,3,253.43599,-23.742193,3.944165
885980248,3,253.46625,-23.745703,3.937558
885980259,3,253.48788,-23.747568,3.930413
885980269,3,253.50177,-23.74916,3.920297
885980279,3,253.51389,-23.761469,3.906024
885980289,3,253.52383,-23.764574,3.909727
885980299,3,253.53127,-23.761639,3.917962
885980309,3,253.53696,-23.759632,3.926396
885980319,3,253.54375,-23.759989,3.936969
885980329,3,253.55151,-23.756512,3.937361
885980339,3,253.56302,-23.761843,3.935265
885980349,3,253.57663,-23.765833,3.930822
885980359,3,253.58746,-23.766483,3.928774
885980369,3,253.59767,-23.776186,3.923937
885980379,3,253.6031,-23.771896,3.923674
885980390,3,253.60434,-23.767378,3.93606
885980400,3,253.59955,-23.767956,3.952904
885980410,3,253.58656,-23.767921,3.956352
885980420,3,253.57153,-23.761814,3.958956
885980430,3,253.56076,-23.771742,3.954852
885980440,3,253.55405,-23.768808,3.944113
885980450,3,253.547,-23.766787,3.939421
885980460,3,253.54126,-23.771149,3.942013
885980470,3,253.53596,-23.765736,3.94296
885980480,3,253.53055,-23.764359,3.953292
885980490,3,253.52687,-23.763948,3.960833
885980500,3,253.52066,-23.761623,3.954315
885980510,3,253.50494,-23.752848,3.949609
885980520,3,253.48344,-23.75307,3.941577
885980531,3,253.4592,-23.753681,3.935595
885980541,3,253.43623,-23.75066,3.93068
885980551,3,253.42055,-23.750523,3.926427
885980561,3,253.41205,-23.744299,3.926257
885980571,3,253.40787,-23.739595,3.926617
885980581,3,253.40555,-23.729908,3.928835
885980591,3,253.40729,-23.736166,3.926939
885980601,3,253.40887,-23.732565,3.924555
885980611,3,253.40808,-23.737135,3.917636
885980621,3,253.40445,-23.739271,3.91997
885980631,3,253.39372,-23.73224,3.925755
885980641,3,253.38008,-23.732391,3.924618
885980651,3,253.36613,-23.738947,3.932301
885980661,3,253.35516,-23.737183,3.932792
885980672,3,253.34549,-23.73662,3.93132
885980682,3,253.33868,-23.746162,3.930699
885980692,3,253.33397,-23.741085,3.933771
885980702,3,253.33076,-23.738964,3.934296
885980712,3,253.33139,-23.745977,3.936208
885980722,3,253.33131,-23.745514,3.940594
885980732,3,253.32999,-23.747704,3.941992
885980742,3,253.32953,-23.75205,3.944028
885980752,3,253.32913,-23.74815,3.949507
885980762,3,253.3284,-23.749506,3.94595
885980772,3,253.3338,-23.757374,3.936911
885980782,3,253.34384,-23.753052,3.935024
885980792,3,253.35577,-23.75078,3.932533
885980803,3,253.37183,-23.751266,3.924755
885980813,3,253.39099,-23.750607,3.927578
885980823,3,253.41107,-23.753036,3.933086
885980833,3,253.43382,-23.758362,3.931969
885980843,3,253.45863,-23.761486,3.932072
885980853,3,253.48183,-23.763775,3.930965
885980863,3,253.5025,-23.763165,3.928642
885980873,3,253.52051,-23.765833,3.927594
885980883,3,253.53476,-23.769089,3.9237
885980893,3,253.54706,-23.767975,3.923988
885980903,3,253.5602,-23.766323,3.925353
885980913,3,253.57787,-23.76276,3.931572
885980923,3,253.60056,-23.764103,3.936629
885980933,3,253.62279,-23.767328,3.937515
885980944,3,253.6428,-23.767578,3.938543
885980954,3,253.66232,-23.767603,3.940943
885980964,3,253.68015,-23.762165,3.942204
885980974,3,253.69774,-23.75577,3.940309
885980984,3,253.71289,-23.75324,3.93915
885980994,3,253.72285,-23.752914,3.934407
885981004,3,253.72731,-23.751608,3.934204
885981014,3,253.72897,-23.756458,3.933631
885981024,3,253.7305,-23.751371,3.931477
885981034,3,253.72922,-23.745705,3.934163
885981044,3,253.72739,-23.748384,3.930956
885981054,3,253.7251,-23.750366,3.927099
885981064,3,253.7214,-23.747074,3.929829
885981074,3,253.71524,-23.751625,3.926509
885981085,3,253.70477,-23.753088,3.926962
885981095,3,253.69325,-23.755188,3.929517
885981105,3,253.68602,-23.760895,3.927995
885981115,3,253.68652,-23.768482,3.926914
885981125,3,253.693,-23.770672,3.925025
885981135,3,253.70088,-23.771791,3.924738
885981145,3,253.7072,-23.768446,3.927999
885981155,3,253.71234,-23.761185,3.928285
885981165,3,253.7202,-23.759996,3.927572
885981175,3,253.73006,-23.763052,3.929039
885981185,3,253.73802,-23.763624,3.927428
885981195,3,253.7417,-23.760658,3.928441
885981205,3,253.74162,-23.760557,3.930429
885981215,3,253.73615,-23.758194,3.927765
885981226,3,253.72632,-23.755106,3.93154
885981236,3,253.71732,-23.758928,3.928194
885981246,3,253.70865,-23.753942,3.927281
885981256,3,253.69923,-23.7499,3.92851
885981266,3,253.6904,-23.751225,3.928402
885981276,3,253.67978,-23.748016,3.937302
885981286,3,253.67026,-23.748966,3.937597
885981296,3,253.66588,-23.753904,3.939963
885981306,3,253.66862,-23.757166,3.94576
885981316,3,253.673,-23.75915,3.95021
885981326,3,253.67538,-23.759346,3.95131
885981336,3,253.67917,-23.756481,3.956795
885981346,3,253.68246,-23.7594,3.955853
885981357,3,253.6884,-23.760283,3.95607
885981367,3,253.69592,-23.757317,3.955238
885981377,3,253.70187,-23.754128,3.952287
885981387,3,253.7074,-23.754025,3.954276
885981397,3,253.71121,-23.75609,3.954281
885981407,3,253.71368,-23.759674,3.952363
885981417,3,253.71083,-23.761503,3.951489
885981427,3,253.70215,-23.760624,3.949426
885981437,3,253.69098,-23.765612,3.950799
885981447,3,253.67873,-23.765984,3.945781
885981457,3,253.66797,-23.762163,3.941282
885981467,3,253.65738,-23.75915,3.938212
885981477,3,253.64781,-23.763557,3.934733
885981487,3,253.63899,-23.759232,3.934229
885981498,3,253.63185,-23.760235,3.931683
885981508,3,253.6268,-23.761896,3.92447
885981518,3,253.61992,-23.760674,3.925822
885981528,3,253.60864,-23.758509,3.927341
885981538,3,253.59262,-23.760015,3.928184
885981548,3,253.57024,-23.754633,3.929372
885981558,3,253.54353,-23.748077,3.931842
885981568,3,253.51888,-23.749386,3.932969
885981578,3,253.49498,-23.744493,3.930992
885981588,3,253.4708,-23.737091,3.929797
885981598,3,253.44698,-23.736332,3.932762
885981608,3,253.42482,-23.734173,3.93443
885981618,3,253.40643,-23.73353,3.934172
885981628,3,253.39316,-23.728592,3.931805
885981639,3,253.3845,-23.73168,3.930282
885981649,3,253.37633,-23.731794,3.930694
885981659,3,253.36867,-23.73478,3.933928
885981669,3,253.36282,-23.73662,3.937209
885981679,3,253.35889,-23.742746,3.939828
885981689,3,253.35632,-23.744255,3.934209
885981699,3,253.3561,-23.748976,3.932612
885981709,3,253.36,-23.753395,3.936519
885981719,3,253.36723,-23.756739,3.935102
885981729,3,253.37743,-23.759,3.931907
885981739,3,253.3894,-23.760172,3.93478
885981749,3,253.40038,-23.762482,3.935669
885981759,3,253.41035,-23.761427,3.935517
885981770,3,253.42004,-23.766735,3.935172
885981780,3,253.42903,-23.76929,3.938328
885981790,3,253.43735,-23.76966,3.939309
885981800,3,253.44577,-23.771292,3.941082
885981810,3,253.45468,-23.76857,3.939892
885981820,3,253.46797,-23.771578,3.937737
885981830,3,253.48836,-23.770054,3.937668
885981840,3,253.51758,-23.769543,3.940741
885981850,3,253.55096,-23.77138,3.939406
885981860,3,253.58357,-23.766092,3.933585
885981870,3,253.61531,-23.760777,3.93116
885981880,3,253.64417,-23.764107,3.936057
885981890,3,253.6689,-23.759165,3.935536
885981900,3,253.68704,-23.764868,3.936783
885981911,3,253.69777,-23.770058,3.93741
885981921,3,253.69997,-23.764137,3.939584
885981931,3,253.69627,-23.763098,3.936813
885981941,3,253.69135,-23.76081,3.932842
885981951,3,253.68416,-23.75443,3.933348
885981961,3,253.67604,-23.75529,3.9367
885981971,3,253.66965,-23.752136,3.933532
885981981,3,253.66534,-23.748297,3.9354
885981991,3,253.66273,-23.747877,3.933105
885982001,3,253.65933,-23.746874,3.939803
885982011,3,253.65506,-23.751513,3.943057
885982021,3,253.64893,-23.751238,3.947933
885982031,3,253.64157,-23.752748,3.948314
885982041,3,253.63562,-23.754482,3.946198
885982052,3,253.62927,-23.751844,3.940103
885982062,3,253.62122,-23.751558,3.936987
885982072,3,253.61336,-23.751322,3.93749
885982082,3,253.6069,-23.750423,3.943125
885982092,3,253.60155,-23.753105,3.944994
885982102,3,253.59473,-23.756416,3.948873
885982112,3,253.58725,-23.752497,3.950978
885982122,3,253.57742,-23.755148,3.952604
885982132,3,253.56448,-23.75596,3.951414
885982142,3,253.55118,-23.749712,3.948382
885982152,3,253.53947,-23.751287,3.943302
885982162,3,253.52724,-23.74595,3.945711
885982172,3,253.51308,-23.739393,3.936647
885982183,3,253.50102,-23.746264,3.930153
885982193,3,253.49374,-23.75027,3.933297
885982203,3,253.49115,-23.739767,3.932552
885982213,3,253.49397,-23.743158,3.933833
885982223,3,253.5005,-23.737951,3.933113
885982233,3,253.50687,-23.742022,3.923822
885982243,3,253.51303,-23.740005,3.92513
885982253,3,253.52188,-23.7364,3.925052
885982263,3,253.53127,-23.734861,3.9212
885982273,3,253.53867,-23.740377,3.919188
885982283,3,253.5433,-23.737062,3.916231
885982293,3,253.54732,-23.740171,3.918086
885982303,3,253.55005,-23.737322,3.918587
885982313,3,253.55118,-23.742342,3.916971
885982324,3,253.55449,-23.751234,3.926707
885982334,3,253.55746,-23.740198,3.925711
885982344,3,253.56024,-23.737944,3.921983
885982354,3,253.56447,-23.748636,3.927833
885982364,3,253.56961,-23.748806,3.925405
885982374,3,253.57481,-23.7573,3.924169
885982384,3,253.57852,-23.755783,3.930305
885982394,3,253.58214,-23.758793,3.927228
885982404,3,253.58612,-23.763948,3.92577
885982414,3,253.59097,-23.770826,3.924352
885982424,3,253.59787,-23.762587,3.92333
885982434,3,253.60526,-23.769035,3.926078
885982444,3,253.6101,-23.771044,3.926468
885982454,3,253.61157,-23.775614,3.931082
885982465,3,253.61359,-23.77463,3.92824
885982475,3,253.61964,-23.7714,3.922742
885982485,3,253.62762,-23.77132,3.928974
885982495,3,253.63528,-23.766527,3.927318
885982505,3,253.63922,-23.763744,3.924207
885982515,3,253.63666,-23.762606,3.929421
885982525,3,253.63177,-23.758753,3.933447
885982535,3,253.6287,-23.76161,3.931966
885982545,3,253.62752,-23.772236,3.931737
885982555,3,253.62604,-23.791082,3.936076
885982565,3,253.62186,-23.78265,3.943646
885982575,3,253.61697,-23.760847,3.93949
885982585,3,253.61662,-23.785532,3.934616
885982596,3,253.62334,-23.854649,3.945685
885982606,3,253.6307,-23.843496,3.9394
885982616,3,253.62769,-23.738503,3.917857
885982626,3,253.61008,-23.602695,3.898288
885982636,3,253.58398,-23.57559,3.913688
885982646,3,253.56633,-23.716347,3.946506
885982656,3,253.5605,-23.853851,3.961428
885982666,3,253.5488,-23.82486,3.966077
885982676,3,253.52457,-23.731527,3.936567
885982686,3,253.50348,-23.705229,3.891254
885982696,3,253.49693,-23.73348,3.895582
885982706,3,253.50465,-23.737679,3.931417
885982716,3,253.51926,-23.72653,3.941066
885982726,3,253.5286,-23.746876,3.945695
885982737,3,253.53242,-23.765898,3.941662
885982747,3,253.54007,-23.735453,3.902609
885982757,3,253.55475,-23.69873,3.889522
885982767,3,253.56784,-23.706614,3.922999
885982777,3,253.58096,-23.782978,3.957821
885982787,3,253.60123,-23.863388,3.941527
885982797,3,253.6181,-23.828102,3.912248
885982807,3,253.62315,-23.729773,3.914922
885982817,3,253.62283,-23.711279,3.906713
885982827,3,253.62727,-23.762686,3.900703
885982837,3,253.63516,-23.7849,3.920856
885982847,3,253.64182,-23.753881,3.93064
885982857,3,253.64096,-23.741665,3.924433
885982867,3,253.6327,-23.772808,3.927937
885982878,3,253.62914,-23.792276,3.939762
885982888,3,253.63524,-23.75886,3.933766
885982898,3,253.64027,-23.719334,3.933143
885982908,3,253.6459,-23.75455,3.926836
885982918,3,253.65985,-23.841585,3.923626
885982928,3,253.68045,-23.908012,3.924933
885982938,3,253.70056,-23.864162,3.930549
885982948,3,253.71175,-23.757524,3.928165
885982958,3,253.71758,-23.712624,3.918316
885982968,3,253.72858,-23.755789,3.9236
885982978,3,253.74599,-23.797342,3.949402
885982988,3,253.75844,-23.809143,3.959756
885982998,3,253.76024,-23.806728,3.931774
885983008,3,253.755,-23.786234,3.894862
885983019,3,253.7501,-23.771826,3.896713
885983029,3,253.7494,-23.7797,3.889
885983039,3,253.74791,-23.794025,3.909887
885983049,3,253.73566,-23.760101,3.94907
885983059,3,253.7168,-23.742456,3.960968
885983069,3,253.69649,-23.717377,3.944636
885983079,3,253.67374,-23.677675,3.906168
885983089,3,253.65895,-23.714836,3.89066
885983099,3,253.64996,-23.750256,3.887989
885983109,3,253.64346,-23.73071,3.900681
885983119,3,253.6431,-23.758944,3.907113
885983129,3,253.6478,-23.76964,3.908286
885983139,3,253.64673,-23.710548,3.926017
885983150,3,253.64792,-23.715378,3.941905
885983160,3,253.65663,-23.746275,3.949649
885983170,3,253.65799,-23.751762,3.926725
885983180,3,253.64964,-23.729208,3.920776
885983190,3,253.63779,-23.69346,3.896059
885983200,3,253.62611,-23.722294,3.86538
885983210,3,253.61601,-23.752432,3.878604
885983220,3,253.6181,-23.81411,3.903037
885983230,3,253.62221,-23.87648,3.944651
885983240,3,253.6175,-23.840029,3.976718
885983250,3,253.61024,-23.803389,3.993557
885983260,3,253.61221,-23.820633,3.966465
885983270,3,253.6164,-23.791887,3.940738
885983280,3,253.61856,-23.79514,3.924896
885983291,3,253.62686,-23.864607,3.909701
885983301,3,253.62988,-23.870398,3.911447
885983311,3,253.62445,-23.840996,3.905233
885983321,3,253.62068,-23.8187,3.897642
885983331,3,253.61957,-23.815632,3.89913
885983341,3,253.61447,-23.8303,3.921449
885983351,3,253.61153,-23.862177,3.934653
885983361,3,253.66515,-24.387468,3.652261
885983371,3,253.75175,-24.60266,3.016591
885983381,3,253.8969,-24.966269,2.195638
885983391,3,254.14703,-25.843668,1.577841
885983401,3,254.47293,-26.43888,0.953282
885983411,3,254.80977,-26.476755,0.647958
885983421,3,255.12262,-26.24373,0.641631
885983432,3,255.3741,-25.72283,0.875332
885983442,3,255.46266,-24.817589,1.353547
885983452,3,255.38203,-23.778809,1.993042
885983462,3,255.12524,-22.88658,2.683621
885983472,3,254.6938,-22.344604,3.158323
885983482,3,254.16052,-22.168945,3.344928
885983492,3,253.62791,-22.320847,3.323616
885983502,3,253.15472,-22.728628,3.217184
885983512,3,252.72972,-22.681274,3.287626
885983522,3,252.40291,-22.821733,3.609323
885983532,3,252.16689,-22.70664,4.097633
885983542,3,251.97556,-22.067154,4.379258
885983552,3,251.8122,-21.747366,4.71089
885983563,3,251.67621,-21.872946,4.852232
885983573,3,251.54366,-22.053467,4.78812
885983583,3,251.42157,-22.529842,4.53061
885983593,3,251.40747,-23.464705,4.023525
885983603,3,251.52203,-24.610876,3.334577
885983613,3,251.78873,-25.64436,2.528685
885983623,3,252.205,-26.334007,1.935259
885983633,3,252.69946,-26.655455,1.656366
885983643,3,253.17278,-26.447777,1.551762
885983653,3,253.56396,-25.735212,1.544681
885983663,3,253.83427,-24.972094,1.612604
885983673,3,253.94974,-24.419722,1.811466
885983683,3,253.88354,-23.918571,2.149699
885983693,3,253.65097,-23.504309,2.409072
885983704,3,253.28415,-22.97367,2.653708
885983714,3,252.8513,-22.655281,2.766312
885983724,3,252.42644,-22.490799,2.734294
885983734,3,252.02486,-22.004766,2.803685
885983744,3,251.63179,-21.334156,3.03417
885983754,3,251.24103,-20.73836,3.226178
885983764,3,250.84973,-20.124933,3.434467
885983774,3,250.44781,-19.542253,3.630803
885983784,3,250.0404,-18.985586,3.796315
885983794,3,249.62767,-18.695349,3.840181
885983804,3,249.20267,-18.525434,3.828834
885983814,3,248.80864,-18.547993,3.803444
885983824,3,248.46121,-18.410812,3.645883
885983834,3,248.17787,-18.491999,3.162568
885983845,3,247.95763,-18.544353,2.618655
885983855,3,247.80057,-18.660719,2.133556
885983865,3,247.66112,-18.291124,1.820639
885983875,3,247.54309,-18.247557,1.412566
885983885,3,247.44476,-18.244804,0.75453
885983895,3,247.33215,-18.04483,0.186544
885983905,3,247.2278,-17.952848,-0.617949
885983915,3,247.06966,-17.40062,-1.481752
885983925,3,246.81139,-16.29499,-2.099535
885983935,3,246.47586,-15.358741,-2.957167
885983945,3,246.0923,-14.247288,-3.579851
885983955,3,245.6156,-13.02874,-3.967807
885983965,3,245.02187,-11.712223,-4.296214
885983976,3,244.34312,-10.629948,-4.592529
885983986,3,243.55164,-9.519163,-4.654507
885983996,3,242.6724,-8.371336,-4.58941
885984006,3,241.7514,-7.054152,-4.717163
885984016,3,240.81697,-6.287874,-5.367872
885984026,3,239.86801,-5.651654,-5.291193
885984036,3,238.90411,-4.991215,-4.737777
885984046,3,237.95807,-4.482915,-4.485038
885984056,3,236.98573,-3.771638,-3.616294
885984066,3,235.98093,-3.5735,-1.681216
885984076,3,234.80746,-3.468687,3.125594
885984086,3,233.34221,-2.624137,8.535874
885984096,3,231.65645,-2.515732,11.620681
885984106,3,230.03258,-3.430467,11.256783
885984117,3,228.62367,-4.54757,9.350871
885984127,3,227.3822,-5.497298,7.951223
885984137,3,226.28981,-6.039567,7.13203
885984147,3,225.33955,-6.33948,6.55791
885984157,3,224.67545,-6.583531,6.138755
885984167,3,224.4139,-6.699843,5.865053
885984177,3,224.42653,-6.426455,5.449452
885984187,3,224.43658,-6.018728,5.156129
885984197,3,224.28465,-5.345064,5.026704
885984207,3,223.9809,-4.287717,4.896007
885984217,3,223.61401,-3.073201,4.227877
885984227,3,223.34048,-2.169066,1.874216
885984237,3,223.2299,-1.927178,-1.215274
885984247,3,223.2763,-1.888032,-4.108751
885984258,3,223.39264,-1.486017,-5.761133
885984268,3,223.4845,-0.341207,-6.231446
885984278,3,223.49054,1.145543,-5.307741
885984288,3,223.44257,2.106362,-3.801634
885984298,3,223.34525,2.522868,-2.395374
885984308,3,223.1062,2.719919,-1.408999
885984318,3,222.66644,3.087877,-0.661717
885984328,3,222.05275,3.411386,-0.059776
885984338,3,221.39128,3.387099,0.273999
885984348,3,220.83081,2.930377,0.310892
885984358,3,220.49289,2.124973,0.13277
885984368,3,220.38643,1.050296,-0.080999
885984378,3,220.47035,-0.194762,-0.059774
885984389,3,220.66293,-0.976234,0.350473
885984399,3,220.91502,-1.013161,0.775712
885984409,3,221.21452,-0.540242,0.733589
885984419,3,221.53943,0.081951,0.336252
885984429,3,221.84839,0.625858,-0.133305
885984439,3,222.11392,0.958288,-0.555709
885984449,3,222.30554,1.214757,-0.832936
885984459,3,222.40482,1.377971,-0.846563
885984469,3,222.46231,1.28352,-0.761105
885984479,3,222.53493,0.936951,-0.702824
885984489,3,222.62697,0.565161,-0.658429
885984499,3,222.7114,0.38196,-0.548232
885984509,3,222.77644,0.431897,-0.427941
885984519,3,222.80962,0.62448,-0.372815
885984530,3,222.8231,0.828467,-0.405502
885984540,3,222.84412,0.944736,-0.507248
885984550,3,222.86902,1.038564,-0.700119
885984560,3,222.88348,1.039564,-0.798115
885984570,3,222.88081,0.950845,-0.709436
885984580,3,222.87671,0.782386,-0.536317
885984590,3,222.88652,0.627047,-0.39226
885984600,3,222.90472,0.565238,-0.292474
885984610,3,222.93048,0.552028,-0.291991
885984620,3,222.96011,0.573301,-0.383595
885984630,3,222.99144,0.655236,-0.502859
885984640,3,223.02043,0.761078,-0.621205
885984650,3,223.05222,0.802586,-0.73565
885984660,3,223.08868,0.774817,-0.768989
