stk3a5x_als,sensortek,2026-06-11_21-49-00.661_Active 10 Pro
imuTimestamp,accuracy(more=better),ambient_brightness[lux]
2094272219,3,9.0
2094272219,3,9.0
2094272359,3,11.0
2094272369,3,2.0
2094272379,3,2.0
2094272389,3,2.0
2094272399,3,11.0
2094272409,3,2.0
2094272419,3,2.0
2094272429,3,2.0
2094272439,3,2.0
2094272449,3,8.0
2094272459,3,2.0
2094272469,3,2.0
2094272479,3,2.0
2094272489,3,2.0
2094272499,3,7.0
2094272509,3,1.0
2094272519,3,1.0
2094272529,3,1.0
2094272539,3,1.0
2094272549,3,7.0
2094272559,3,1.0
2094272569,3,1.0
2094272579,3,1.0
2094272589,3,1.0
2094272599,3,7.0
2094272609,3,1.0
2094272619,3,1.0
2094272629,3,1.0
2094272639,3,1.0
2094272649,3,1.0
2094272659,3,7.0
2094272669,3,1.0
2094272679,3,1.0
2094272689,3,1.0
2094272699,3,1.0
2094272709,3,7.0
2094272719,3,1.0
2094272729,3,1.0
2094272739,3,1.0
2094272749,3,1.0
2094272759,3,7.0
2094272769,3,1.0
2094272779,3,1.0
2094272789,3,1.0
2094272799,3,1.0
2094272809,3,7.0
2094272819,3,1.0
2094272829,3,1.0
2094272839,3,1.0
2094272849,3,1.0
2094272859,3,7.0
2094272869,3,1.0
2094272879,3,1.0
2094272889,3,1.0
2094272899,3,1.0
2094272909,3,7.0
2094272919,3,1.0
2094272929,3,1.0
2094272939,3,1.0
2094272949,3,1.0
2094272959,3,7.0
2094272969,3,1.0
2094272979,3,1.0
2094272989,3,1.0
2094272999,3,1.0
2094273009,3,1.0
2094273019,3,7.0
2094273029,3,1.0
2094273039,3,1.0
2094273049,3,1.0
2094273059,3,1.0
2094273069,3,8.0
2094273079,3,2.0
2094273089,3,2.0
2094273099,3,2.0
2094273109,3,2.0
2094273119,3,12.0
2094273129,3,3.0
2094273139,3,3.0
2094273149,3,3.0
2094273159,3,3.0
2094273169,3,12.0
2094273179,3,3.0
2094273189,3,3.0
2094273199,3,3.0
2094273209,3,3.0
2094273219,3,12.0
2094273229,3,3.0
2094273239,3,3.0
2094273249,3,3.0
2094273259,3,3.0
2094273269,3,12.0
2094273279,3,3.0
2094273289,3,3.0
2094273299,3,3.0
2094273309,3,3.0
2094273319,3,3.0
2094273329,3,12.0
2094273339,3,3.0
2094273349,3,3.0
2094273359,3,3.0
2094273369,3,3.0
2094273379,3,11.0
2094273389,3,2.0
2094273399,3,2.0
2094273409,3,2.0
2094273419,3,2.0
2094273429,3,11.0
2094273439,3,2.0
2094273449,3,2.0
2094273459,3,2.0
2094273469,3,2.0
2094273479,3,11.0
2094273489,3,2.0
2094273499,3,2.0
2094273509,3,2.0
2094273519,3,2.0
2094273529,3,11.0
2094273539,3,2.0
2094273549,3,2.0
2094273559,3,2.0
2094273569,3,2.0
2094273579,3,11.0
2094273589,3,2.0
2094273599,3,2.0
2094273609,3,2.0
2094273619,3,2.0
2094273629,3,2.0
2094273639,3,9.0
2094273649,3,2.0
2094273659,3,2.0
2094273669,3,2.0
2094273679,3,2.0
2094273689,3,8.0
2094273699,3,2.0
2094273709,3,2.0
2094273719,3,2.0
2094273729,3,2.0
2094273739,3,2.0
2094273749,3,0.0
2094273759,3,0.0
2094273769,3,0.0
2094273779,3,0.0
2094273789,3,1.0
2094273799,3,0.0
2094273809,3,0.0
2094273819,3,0.0
2094273829,3,0.0
2094273839,3,0.0
2094273849,3,0.0
2094273859,3,0.0
2094273869,3,0.0
2094273879,3,0.0
2094273889,3,0.0
2094273899,3,0.0
2094273909,3,0.0
2094273919,3,0.0
2094273929,3,0.0
2094273939,3,0.0
2094273949,3,0.0
2094273959,3,0.0
2094273969,3,0.0
2094273979,3,0.0
2094273989,3,0.0
2094273999,3,0.0
2094274009,3,0.0
2094274019,3,0.0
2094274029,3,0.0
2094274039,3,0.0
2094274049,3,0.0
2094274059,3,0.0
2094274069,3,0.0
2094274079,3,0.0
2094274089,3,0.0
2094274099,3,0.0
2094274109,3,0.0
2094274119,3,0.0
2094274129,3,0.0
2094274139,3,0.0
2094274149,3,0.0
2094274159,3,0.0
2094274169,3,0.0
2094274179,3,0.0
2094274189,3,0.0
2094274199,3,0.0
2094274209,3,0.0
2094274219,3,0.0
2094274229,3,0.0
2094274239,3,0.0
2094274249,3,0.0
2094274259,3,0.0
2094274269,3,0.0
2094274279,3,0.0
2094274289,3,0.0
2094274299,3,0.0
2094274309,3,0.0
2094274319,3,0.0
2094274329,3,0.0
2094274339,3,0.0
2094274349,3,0.0
2094274359,3,0.0
2094274369,3,0.0
2094274379,3,0.0
2094274389,3,0.0
2094274399,3,0.0
2094274409,3,0.0
2094274419,3,0.0
2094274429,3,0.0
2094274439,3,0.0
2094274449,3,0.0
2094274459,3,0.0
2094274469,3,0.0
2094274479,3,0.0
2094274489,3,0.0
2094274499,3,0.0
2094274509,3,0.0
2094274519,3,0.0
2094274529,3,0.0
2094274539,3,0.0
2094274549,3,0.0
2094274559,3,0.0
2094274569,3,0.0
2094274579,3,0.0
2094274589,3,0.0
2094274599,3,0.0
2094274609,3,0.0
2094274619,3,1.0
2094274629,3,0.0
2094274639,3,0.0
2094274649,3,0.0
2094274659,3,0.0
2094274669,3,1.0
2094274679,3,0.0
2094274689,3,0.0
2094274699,3,0.0
2094274709,3,0.0
2094274719,3,1.0
2094274729,3,0.0
2094274739,3,0.0
2094274749,3,0.0
2094274759,3,0.0
2094274769,3,0.0
2094274779,3,0.0
2094274789,3,0.0
2094274799,3,0.0
2094274809,3,0.0
2094274819,3,0.0
2094274829,3,0.0
2094274839,3,0.0
2094274849,3,0.0
2094274859,3,0.0
2094274869,3,0.0
2094274879,3,0.0
2094274889,3,0.0
2094274899,3,0.0
2094274909,3,0.0
2094274919,3,0.0
2094274929,3,0.0
2094274939,3,0.0
2094274949,3,0.0
2094274959,3,0.0
2094274969,3,0.0
2094274979,3,0.0
2094274989,3,0.0
2094274999,3,0.0
2094275009,3,0.0
2094275019,3,0.0
2094275029,3,0.0
2094275039,3,0.0
2094275049,3,0.0
2094275059,3,0.0
2094275069,3,0.0
2094275079,3,0.0
2094275089,3,0.0
2094275099,3,0.0
2094275109,3,0.0
2094275119,3,0.0
2094275129,3,0.0
2094275139,3,0.0
2094275149,3,0.0
2094275159,3,0.0
2094275169,3,0.0
2094275179,3,0.0
2094275189,3,0.0
2094275199,3,0.0
2094275209,3,0.0
2094275219,3,0.0
2094275229,3,0.0
2094275239,3,0.0
2094275249,3,0.0
2094275259,3,0.0
2094275269,3,0.0
2094275279,3,0.0
2094275289,3,0.0
2094275299,3,0.0
2094275309,3,0.0
2094275319,3,0.0
2094275329,3,0.0
2094275339,3,0.0
2094275349,3,0.0
2094275359,3,0.0
2094275369,3,0.0
2094275379,3,0.0
2094275389,3,0.0
2094275399,3,0.0
2094275409,3,0.0
2094275419,3,0.0
2094275429,3,0.0
2094275439,3,0.0
2094275449,3,0.0
2094275459,3,0.0
2094275469,3,0.0
2094275479,3,0.0
2094275489,3,0.0
2094275499,3,0.0
2094275509,3,0.0
2094275519,3,0.0
2094275529,3,0.0
2094275539,3,0.0
2094275549,3,0.0
2094275559,3,0.0
2094275569,3,0.0
2094275579,3,0.0
2094275589,3,0.0
2094275599,3,0.0
2094275609,3,0.0
2094275619,3,0.0
2094275629,3,0.0
2094275639,3,0.0
2094275649,3,0.0
2094275659,3,0.0
2094275669,3,0.0
2094275679,3,0.0
2094275689,3,0.0
2094275699,3,0.0
2094275709,3,0.0
2094275719,3,0.0
2094275729,3,0.0
2094275739,3,0.0
2094275749,3,0.0
2094275759,3,0.0
2094275769,3,0.0
2094275779,3,0.0
2094275789,3,0.0
2094275799,3,0.0
2094275809,3,0.0
2094275819,3,0.0
2094275829,3,0.0
2094275839,3,0.0
2094275849,3,0.0
2094275859,3,0.0
2094275869,3,0.0
2094275879,3,0.0
2094275889,3,0.0
2094275899,3,0.0
2094275909,3,0.0
2094275919,3,0.0
2094275929,3,0.0
2094275939,3,0.0
2094275949,3,0.0
2094275959,3,0.0
2094275969,3,0.0
2094275979,3,0.0
2094275989,3,0.0
2094275999,3,0.0
2094276009,3,0.0
2094276019,3,0.0
2094276029,3,0.0
2094276039,3,0.0
2094276049,3,0.0
2094276059,3,0.0
2094276069,3,0.0
2094276079,3,0.0
2094276089,3,0.0
2094276099,3,0.0
2094276109,3,0.0
2094276119,3,0.0
2094276129,3,0.0
2094276139,3,0.0
2094276149,3,0.0
2094276159,3,0.0
2094276169,3,0.0
2094276179,3,0.0
2094276189,3,0.0
2094276199,3,0.0
2094276209,3,0.0
2094276219,3,0.0
2094276229,3,0.0
2094276239,3,0.0
2094276249,3,0.0
2094276259,3,0.0
2094276269,3,0.0
2094276279,3,0.0
2094276289,3,0.0
2094276299,3,0.0
2094276309,3,0.0
2094276319,3,0.0
2094276329,3,0.0
2094276339,3,0.0
2094276349,3,0.0
2094276359,3,0.0
2094276369,3,0.0
2094276379,3,0.0
2094276389,3,0.0
2094276399,3,0.0
2094276409,3,0.0
2094276419,3,0.0
2094276429,3,0.0
2094276439,3,0.0
2094276449,3,0.0
2094276459,3,0.0
2094276469,3,0.0
2094276479,3,0.0
2094276489,3,0.0
2094276499,3,0.0
2094276509,3,0.0
2094276519,3,0.0
2094276529,3,0.0
2094276539,3,0.0
2094276549,3,0.0
2094276559,3,0.0
2094276569,3,0.0
2094276579,3,0.0
2094276589,3,0.0
2094276599,3,0.0
2094276609,3,0.0
2094276619,3,0.0
2094276629,3,0.0
2094276639,3,0.0
2094276649,3,0.0
2094276659,3,0.0
2094276669,3,0.0
2094276679,3,0.0
2094276689,3,0.0
2094276699,3,0.0
2094276709,3,0.0
2094276719,3,0.0
2094276729,3,0.0
2094276739,3,0.0
2094276749,3,0.0
2094276759,3,0.0
2094276769,3,0.0
2094276779,3,0.0
2094276789,3,0.0
2094276799,3,0.0
2094276809,3,0.0
2094276819,3,0.0
2094276829,3,0.0
2094276839,3,0.0
2094276849,3,0.0
2094276859,3,0.0
2094276869,3,0.0
2094276879,3,0.0
2094276889,3,0.0
2094276899,3,0.0
2094276909,3,0.0
2094276919,3,0.0
2094276929,3,0.0
2094276939,3,0.0
2094276949,3,0.0
2094276959,3,0.0
2094276969,3,0.0
2094276979,3,0.0
2094276989,3,0.0
2094276999,3,0.0
2094277009,3,0.0
2094277019,3,0.0
2094277029,3,0.0
2094277039,3,0.0
2094277049,3,0.0
2094277059,3,0.0
2094277069,3,0.0
2094277079,3,0.0
2094277089,3,0.0
2094277099,3,0.0
2094277109,3,0.0
2094277119,3,0.0
2094277129,3,0.0
2094277139,3,0.0
2094277149,3,0.0
2094277159,3,0.0
2094277169,3,0.0
2094277179,3,0.0
2094277189,3,0.0
2094277199,3,0.0
2094277209,3,0.0
2094277219,3,0.0
2094277229,3,0.0
2094277239,3,0.0
2094277249,3,0.0
2094277259,3,0.0
2094277269,3,0.0
2094277279,3,0.0
2094277289,3,0.0
2094277299,3,0.0
2094277309,3,0.0
2094277319,3,0.0
2094277329,3,0.0
2094277339,3,0.0
2094277349,3,0.0
2094277359,3,0.0
2094277369,3,0.0
2094277379,3,0.0
2094277389,3,0.0
2094277399,3,0.0
2094277409,3,0.0
2094277419,3,0.0
2094277429,3,0.0
2094277439,3,0.0
2094277449,3,0.0
2094277459,3,0.0
2094277469,3,0.0
2094277479,3,0.0
2094277489,3,0.0
2094277499,3,0.0
2094277509,3,0.0
2094277519,3,0.0
2094277529,3,0.0
2094277539,3,0.0
2094277549,3,0.0
2094277559,3,0.0
2094277569,3,0.0
2094277579,3,0.0
2094277589,3,0.0
2094277599,3,0.0
2094277609,3,0.0
2094277619,3,0.0
2094277629,3,0.0
2094277639,3,0.0
2094277649,3,0.0
2094277659,3,0.0
2094277669,3,0.0
2094277679,3,0.0
2094277689,3,0.0
2094277699,3,0.0
2094277709,3,0.0
2094277719,3,0.0
2094277729,3,0.0
2094277739,3,0.0
2094277749,3,0.0
2094277759,3,0.0
2094277769,3,0.0
2094277779,3,0.0
2094277789,3,0.0
2094277799,3,0.0
2094277809,3,0.0
2094277819,3,0.0
2094277829,3,0.0
2094277839,3,0.0
2094277849,3,0.0
2094277859,3,0.0
2094277869,3,0.0
2094277879,3,0.0
2094277889,3,0.0
2094277899,3,0.0
2094277909,3,0.0
2094277919,3,0.0
2094277929,3,0.0
2094277939,3,0.0
2094277949,3,0.0
2094277959,3,0.0
2094277969,3,0.0
2094277979,3,0.0
2094277989,3,0.0
2094277999,3,0.0
2094278009,3,0.0
2094278019,3,0.0
2094278029,3,0.0
2094278039,3,0.0
2094278049,3,0.0
2094278059,3,0.0
2094278069,3,0.0
2094278079,3,0.0
2094278089,3,0.0
2094278099,3,0.0
2094278109,3,0.0
2094278119,3,0.0
2094278129,3,0.0
2094278139,3,0.0
2094278149,3,0.0
2094278159,3,0.0
2094278169,3,0.0
2094278179,3,0.0
2094278189,3,0.0
2094278199,3,0.0
2094278209,3,0.0
2094278219,3,0.0
2094278229,3,0.0
2094278239,3,0.0
2094278249,3,0.0
2094278259,3,0.0
2094278269,3,0.0
2094278279,3,0.0
2094278289,3,0.0
2094278299,3,0.0
2094278309,3,0.0
2094278319,3,0.0
2094278329,3,0.0
2094278339,3,0.0
2094278349,3,0.0
2094278359,3,0.0
2094278369,3,0.0
2094278379,3,0.0
2094278389,3,0.0
2094278399,3,0.0
2094278409,3,0.0
2094278419,3,0.0
2094278429,3,0.0
2094278439,3,0.0
2094278449,3,0.0
2094278459,3,0.0
2094278469,3,0.0
2094278479,3,0.0
2094278489,3,0.0
2094278499,3,0.0
2094278509,3,0.0
2094278519,3,0.0
2094278529,3,0.0
2094278539,3,0.0
2094278549,3,0.0
2094278559,3,0.0
2094278569,3,0.0
2094278579,3,0.0
2094278589,3,0.0
2094278599,3,0.0
2094278609,3,0.0
2094278619,3,0.0
2094278629,3,0.0
2094278639,3,0.0
2094278649,3,0.0
2094278659,3,0.0
2094278669,3,0.0
2094278679,3,0.0
2094278689,3,0.0
2094278699,3,0.0
2094278709,3,0.0
2094278719,3,0.0
2094278729,3,0.0
2094278739,3,0.0
2094278749,3,0.0
2094278759,3,0.0
2094278769,3,0.0
2094278779,3,0.0
2094278789,3,0.0
2094278799,3,0.0
2094278809,3,0.0
2094278819,3,0.0
2094278829,3,0.0
2094278839,3,0.0
2094278849,3,0.0
2094278859,3,0.0
2094278869,3,0.0
2094278879,3,0.0
2094278889,3,0.0
2094278899,3,0.0
2094278909,3,0.0
2094278919,3,0.0
2094278929,3,0.0
2094278939,3,0.0
2094278949,3,0.0
2094278959,3,0.0
2094278969,3,0.0
2094278979,3,0.0
2094278989,3,0.0
2094278999,3,0.0
2094279009,3,0.0
2094279019,3,0.0
2094279029,3,0.0
2094279039,3,0.0
2094279049,3,0.0
2094279059,3,0.0
2094279069,3,0.0
2094279079,3,0.0
2094279089,3,0.0
2094279099,3,0.0
2094279109,3,0.0
2094279119,3,0.0
2094279129,3,0.0
2094279139,3,0.0
2094279149,3,0.0
2094279159,3,0.0
2094279169,3,0.0
2094279179,3,0.0
2094279189,3,0.0
2094279199,3,0.0
2094279209,3,0.0
2094279219,3,0.0
2094279229,3,0.0
2094279239,3,0.0
2094279249,3,0.0
2094279259,3,0.0
2094279269,3,0.0
2094279279,3,0.0
2094279289,3,0.0
2094279299,3,0.0
2094279309,3,0.0
2094279319,3,0.0
2094279329,3,0.0
2094279339,3,0.0
2094279349,3,0.0
2094279359,3,0.0
2094279369,3,0.0
2094279379,3,0.0
2094279389,3,0.0
2094279399,3,0.0
2094279409,3,0.0
2094279419,3,0.0
2094279429,3,0.0
2094279439,3,0.0
2094279449,3,0.0
2094279459,3,0.0
2094279469,3,0.0
2094279479,3,0.0
2094279489,3,0.0
2094279499,3,0.0
2094279509,3,0.0
2094279519,3,0.0
2094279529,3,0.0
2094279539,3,0.0
2094279549,3,0.0
2094279559,3,0.0
2094279569,3,0.0
2094279579,3,0.0
2094279589,3,0.0
2094279599,3,0.0
2094279609,3,0.0
2094279619,3,0.0
2094279629,3,0.0
2094279639,3,0.0
2094279649,3,0.0
2094279659,3,0.0
2094279669,3,0.0
2094279679,3,0.0
2094279689,3,0.0
2094279699,3,0.0
2094279709,3,0.0
2094279719,3,0.0
2094279729,3,0.0
2094279739,3,0.0
2094279749,3,0.0
2094279759,3,0.0
2094279769,3,0.0
2094279779,3,0.0
2094279789,3,0.0
2094279799,3,0.0
2094279809,3,0.0
2094279819,3,0.0
2094279829,3,0.0
2094279839,3,0.0
2094279849,3,0.0
2094279859,3,0.0
2094279869,3,0.0
2094279879,3,0.0
2094279889,3,0.0
2094279899,3,0.0
2094279909,3,0.0
2094279919,3,0.0
2094279929,3,0.0
2094279939,3,0.0
2094279949,3,0.0
2094279959,3,0.0
2094279969,3,0.0
2094279979,3,0.0
2094279989,3,0.0
2094279999,3,0.0
2094280009,3,0.0
2094280019,3,0.0
2094280029,3,0.0
2094280039,3,0.0
2094280049,3,0.0
2094280059,3,0.0
2094280069,3,0.0
2094280079,3,0.0
2094280089,3,0.0
2094280099,3,0.0
2094280109,3,0.0
2094280119,3,0.0
2094280129,3,0.0
2094280139,3,0.0
2094280149,3,0.0
2094280159,3,0.0
2094280169,3,0.0
2094280179,3,0.0
2094280189,3,0.0
2094280199,3,0.0
2094280209,3,0.0
2094280219,3,0.0
2094280229,3,0.0
2094280239,3,0.0
2094280249,3,0.0
2094280259,3,0.0
2094280269,3,0.0
2094280279,3,0.0
2094280289,3,0.0
2094280299,3,0.0
2094280309,3,0.0
2094280319,3,0.0
2094280329,3,0.0
2094280339,3,0.0
2094280349,3,0.0
2094280359,3,0.0
2094280369,3,0.0
2094280379,3,0.0
2094280389,3,0.0
2094280399,3,0.0
2094280409,3,0.0
2094280419,3,0.0
2094280429,3,0.0
2094280439,3,0.0
2094280449,3,0.0
2094280459,3,0.0
2094280469,3,0.0
2094280479,3,0.0
2094280489,3,0.0
2094280499,3,0.0
2094280509,3,0.0
2094280519,3,0.0
2094280529,3,0.0
2094280539,3,0.0
2094280549,3,0.0
2094280559,3,0.0
2094280569,3,0.0
2094280579,3,0.0
2094280589,3,0.0
2094280599,3,0.0
2094280609,3,0.0
2094280619,3,0.0
2094280629,3,0.0
2094280639,3,0.0
2094280649,3,0.0
2094280659,3,0.0
2094280669,3,0.0
2094280679,3,0.0
2094280689,3,0.0
2094280699,3,0.0
2094280709,3,0.0
2094280719,3,0.0
2094280729,3,0.0
2094280739,3,0.0
2094280749,3,0.0
2094280759,3,0.0
2094280769,3,0.0
2094280779,3,0.0
2094280789,3,0.0
2094280799,3,0.0
2094280809,3,0.0
2094280819,3,0.0
2094280829,3,0.0
2094280839,3,0.0
2094280849,3,0.0
2094280859,3,0.0
2094280869,3,0.0
2094280879,3,0.0
2094280889,3,0.0
2094280899,3,0.0
2094280909,3,0.0
2094280919,3,0.0
2094280929,3,0.0
2094280939,3,0.0
2094280949,3,0.0
2094280959,3,0.0
2094280969,3,0.0
2094280979,3,0.0
2094280989,3,0.0
2094280999,3,0.0
2094281009,3,0.0
2094281019,3,0.0
2094281029,3,0.0
2094281039,3,0.0
2094281049,3,0.0
2094281059,3,0.0
2094281069,3,0.0
2094281079,3,0.0
2094281089,3,0.0
2094281099,3,0.0
2094281109,3,0.0
2094281119,3,0.0
2094281129,3,0.0
2094281139,3,0.0
2094281149,3,0.0
2094281159,3,0.0
2094281169,3,0.0
2094281179,3,0.0
2094281189,3,0.0
2094281199,3,0.0
2094281209,3,0.0
2094281219,3,0.0
2094281229,3,0.0
2094281239,3,0.0
2094281249,3,0.0
2094281259,3,0.0
2094281269,3,0.0
2094281279,3,0.0
2094281289,3,0.0
2094281299,3,0.0
2094281309,3,0.0
2094281319,3,0.0
2094281329,3,0.0
2094281339,3,0.0
2094281349,3,0.0
2094281359,3,0.0
2094281369,3,0.0
2094281379,3,0.0
2094281389,3,0.0
2094281399,3,0.0
2094281409,3,0.0
2094281419,3,0.0
2094281429,3,0.0
2094281439,3,0.0
2094281449,3,0.0
2094281459,3,0.0
2094281469,3,0.0
2094281479,3,0.0
2094281489,3,0.0
2094281499,3,0.0
2094281509,3,0.0
2094281519,3,0.0
2094281529,3,0.0
2094281539,3,0.0
2094281549,3,0.0
2094281559,3,0.0
2094281569,3,0.0
2094281579,3,0.0
2094281589,3,0.0
2094281599,3,0.0
2094281609,3,0.0
2094281619,3,0.0
2094281629,3,0.0
2094281639,3,0.0
2094281649,3,0.0
2094281659,3,0.0
2094281669,3,0.0
2094281679,3,0.0
2094281689,3,0.0
2094281699,3,0.0
2094281709,3,0.0
2094281719,3,0.0
2094281729,3,0.0
2094281739,3,0.0
2094281749,3,0.0
2094281759,3,0.0
2094281769,3,0.0
2094281779,3,0.0
2094281789,3,0.0
2094281799,3,0.0
2094281809,3,0.0
2094281819,3,0.0
2094281829,3,0.0
2094281839,3,0.0
2094281849,3,0.0
2094281859,3,0.0
2094281869,3,0.0
2094281879,3,0.0
2094281889,3,0.0
2094281899,3,0.0
2094281909,3,0.0
2094281919,3,0.0
2094281929,3,0.0
2094281939,3,0.0
2094281949,3,0.0
2094281959,3,0.0
2094281969,3,0.0
2094281979,3,0.0
2094281989,3,0.0
2094281999,3,0.0
2094282009,3,0.0
2094282019,3,0.0
2094282029,3,0.0
2094282039,3,0.0
2094282049,3,0.0
2094282059,3,0.0
2094282069,3,0.0
2094282079,3,0.0
2094282089,3,0.0
2094282099,3,0.0
2094282109,3,0.0
2094282119,3,0.0
2094282129,3,0.0
2094282139,3,0.0
2094282149,3,0.0
2094282159,3,0.0
2094282169,3,0.0
2094282179,3,0.0
2094282189,3,0.0
2094282199,3,0.0
2094282209,3,0.0
2094282219,3,0.0
2094282229,3,0.0
2094282239,3,0.0
2094282249,3,0.0
2094282259,3,0.0
2094282269,3,0.0
2094282279,3,0.0
2094282289,3,0.0
2094282299,3,0.0
2094282309,3,0.0
2094282319,3,0.0
2094282329,3,0.0
2094282339,3,0.0
2094282349,3,0.0
2094282359,3,0.0
2094282369,3,0.0
2094282379,3,0.0
2094282389,3,0.0
2094282399,3,0.0
2094282409,3,0.0
2094282419,3,0.0
2094282429,3,0.0
2094282439,3,0.0
2094282449,3,0.0
2094282459,3,0.0
2094282469,3,0.0
2094282479,3,0.0
2094282489,3,0.0
2094282499,3,0.0
2094282509,3,0.0
2094282519,3,0.0
2094282529,3,0.0
2094282539,3,0.0
2094282549,3,0.0
2094282559,3,0.0
2094282569,3,0.0
2094282579,3,0.0
2094282589,3,0.0
2094282599,3,0.0
2094282609,3,0.0
2094282619,3,0.0
2094282629,3,0.0
2094282639,3,0.0
2094282649,3,0.0
2094282659,3,0.0
2094282669,3,0.0
2094282679,3,0.0
2094282689,3,0.0
2094282699,3,0.0
2094282709,3,0.0
2094282719,3,0.0
2094282729,3,0.0
2094282739,3,0.0
2094282749,3,0.0
2094282759,3,0.0
2094282769,3,0.0
2094282779,3,0.0
2094282789,3,0.0
2094282799,3,0.0
2094282809,3,0.0
2094282819,3,0.0
2094282829,3,0.0
2094282839,3,0.0
2094282849,3,0.0
2094282859,3,0.0
2094282869,3,0.0
2094282879,3,0.0
2094282889,3,0.0
2094282899,3,0.0
2094282909,3,0.0
2094282919,3,0.0
2094282929,3,0.0
2094282939,3,0.0
2094282949,3,0.0
2094282959,3,0.0
2094282969,3,0.0
2094282979,3,0.0
2094282989,3,0.0
2094282999,3,0.0
2094283009,3,0.0
2094283019,3,0.0
2094283029,3,0.0
2094283039,3,0.0
2094283049,3,0.0
2094283059,3,0.0
2094283069,3,0.0
2094283079,3,0.0
2094283089,3,0.0
2094283099,3,0.0
2094283109,3,0.0
2094283119,3,0.0
2094283129,3,0.0
2094283139,3,0.0
2094283149,3,0.0
2094283159,3,0.0
2094283169,3,0.0
2094283179,3,0.0
2094283189,3,0.0
2094283199,3,0.0
2094283209,3,0.0
2094283219,3,0.0
2094283229,3,0.0
2094283239,3,0.0
2094283249,3,0.0
2094283259,3,0.0
2094283269,3,0.0
2094283279,3,0.0
2094283289,3,0.0
2094283299,3,0.0
2094283309,3,0.0
2094283319,3,0.0
2094283329,3,0.0
2094283339,3,0.0
2094283349,3,0.0
2094283359,3,0.0
2094283369,3,0.0
2094283379,3,0.0
2094283389,3,0.0
2094283399,3,0.0
2094283409,3,0.0
2094283419,3,0.0
2094283429,3,0.0
2094283439,3,0.0
2094283449,3,0.0
2094283459,3,0.0
2094283469,3,0.0
2094283479,3,0.0
2094283489,3,0.0
2094283499,3,0.0
2094283509,3,0.0
2094283519,3,0.0
2094283529,3,0.0
2094283539,3,0.0
2094283549,3,0.0
2094283559,3,0.0
2094283569,3,0.0
2094283579,3,0.0
2094283589,3,0.0
2094283599,3,0.0
2094283609,3,0.0
2094283619,3,0.0
2094283629,3,0.0
2094283639,3,0.0
2094283649,3,0.0
2094283659,3,0.0
2094283669,3,0.0
2094283679,3,0.0
2094283689,3,0.0
2094283699,3,0.0
2094283709,3,0.0
2094283719,3,0.0
2094283729,3,0.0
2094283739,3,0.0
2094283749,3,0.0
2094283759,3,0.0
2094283769,3,0.0
2094283779,3,0.0
2094283789,3,0.0
2094283799,3,0.0
2094283809,3,0.0
2094283819,3,0.0
2094283829,3,0.0
2094283839,3,0.0
2094283849,3,0.0
2094283859,3,0.0
2094283869,3,0.0
2094283879,3,0.0
2094283889,3,0.0
2094283899,3,0.0
2094283909,3,0.0
2094283919,3,0.0
2094283929,3,0.0
2094283939,3,0.0
2094283949,3,0.0
2094283959,3,0.0
2094283969,3,0.0
2094283979,3,0.0
2094283989,3,0.0
2094283999,3,0.0
2094284009,3,0.0
2094284019,3,0.0
2094284029,3,0.0
2094284039,3,0.0
2094284049,3,0.0
2094284059,3,0.0
2094284069,3,0.0
2094284079,3,0.0
2094284089,3,0.0
2094284099,3,0.0
2094284109,3,0.0
2094284119,3,0.0
2094284129,3,0.0
2094284139,3,0.0
2094284149,3,0.0
2094284159,3,0.0
2094284169,3,0.0
2094284179,3,0.0
2094284189,3,0.0
2094284199,3,0.0
2094284209,3,0.0
2094284219,3,0.0
2094284229,3,0.0
2094284239,3,0.0
2094284249,3,0.0
2094284259,3,0.0
2094284269,3,0.0
2094284279,3,0.0
2094284289,3,0.0
2094284299,3,0.0
2094284309,3,0.0
2094284319,3,0.0
2094284329,3,0.0
2094284339,3,0.0
2094284349,3,0.0
2094284359,3,0.0
2094284369,3,0.0
2094284379,3,0.0
2094284389,3,0.0
2094284399,3,0.0
2094284409,3,0.0
2094284419,3,0.0
2094284429,3,0.0
2094284439,3,0.0
2094284449,3,0.0
2094284459,3,0.0
2094284469,3,0.0
2094284479,3,0.0
2094284489,3,0.0
2094284499,3,0.0
2094284509,3,0.0
2094284519,3,0.0
2094284529,3,0.0
2094284539,3,0.0
2094284549,3,0.0
2094284559,3,0.0
2094284569,3,0.0
2094284579,3,0.0
2094284589,3,0.0
2094284599,3,0.0
2094284609,3,0.0
2094284619,3,0.0
2094284629,3,0.0
2094284639,3,0.0
2094284649,3,0.0
2094284659,3,0.0
2094284669,3,0.0
2094284679,3,0.0
2094284689,3,0.0
2094284699,3,0.0
2094284709,3,0.0
2094284719,3,0.0
2094284729,3,0.0
2094284739,3,0.0
2094284749,3,0.0
2094284759,3,0.0
2094284769,3,0.0
2094284779,3,0.0
2094284789,3,0.0
2094284799,3,0.0
2094284809,3,0.0
2094284819,3,0.0
2094284829,3,0.0
2094284839,3,0.0
2094284849,3,0.0
2094284859,3,0.0
2094284869,3,0.0
2094284879,3,0.0
2094284889,3,0.0
2094284899,3,0.0
2094284909,3,0.0
2094284919,3,0.0
2094284929,3,0.0
2094284939,3,0.0
2094284949,3,0.0
2094284959,3,0.0
2094284969,3,0.0
2094284979,3,0.0
2094284989,3,0.0
2094284999,3,0.0
2094285009,3,0.0
2094285019,3,0.0
2094285029,3,0.0
2094285039,3,0.0
2094285049,3,0.0
2094285059,3,0.0
2094285069,3,0.0
2094285079,3,0.0
2094285089,3,0.0
2094285099,3,0.0
2094285109,3,0.0
2094285119,3,0.0
2094285129,3,0.0
2094285139,3,0.0
2094285149,3,0.0
2094285159,3,0.0
2094285169,3,0.0
2094285179,3,0.0
2094285189,3,0.0
2094285199,3,0.0
2094285209,3,0.0
2094285219,3,0.0
2094285229,3,0.0
2094285239,3,0.0
2094285249,3,0.0
2094285259,3,0.0
2094285269,3,0.0
2094285279,3,0.0
2094285289,3,0.0
2094285299,3,0.0
2094285309,3,0.0
2094285319,3,0.0
2094285329,3,0.0
2094285339,3,0.0
2094285349,3,0.0
2094285359,3,0.0
2094285369,3,0.0
2094285379,3,0.0
2094285389,3,0.0
2094285399,3,0.0
2094285409,3,0.0
2094285419,3,0.0
2094285429,3,0.0
2094285439,3,0.0
2094285449,3,0.0
2094285459,3,0.0
2094285469,3,0.0
2094285479,3,0.0
2094285489,3,0.0
2094285499,3,0.0
2094285509,3,0.0
2094285519,3,0.0
2094285529,3,0.0
2094285539,3,0.0
2094285549,3,0.0
2094285559,3,0.0
2094285569,3,0.0
2094285579,3,0.0
2094285589,3,0.0
2094285599,3,0.0
2094285609,3,0.0
2094285619,3,0.0
2094285629,3,0.0
2094285639,3,0.0
2094285649,3,0.0
2094285659,3,0.0
2094285669,3,0.0
2094285679,3,0.0
2094285689,3,0.0
2094285699,3,0.0
2094285709,3,0.0
2094285719,3,0.0
2094285729,3,0.0
2094285739,3,0.0
2094285749,3,0.0
2094285759,3,0.0
2094285769,3,0.0
2094285779,3,0.0
2094285789,3,0.0
2094285799,3,0.0
2094285809,3,0.0
2094285819,3,0.0
2094285829,3,0.0
2094285839,3,0.0
2094285849,3,0.0
2094285859,3,0.0
2094285869,3,0.0
2094285879,3,0.0
2094285889,3,0.0
2094285899,3,0.0
2094285909,3,0.0
2094285919,3,0.0
2094285929,3,0.0
2094285939,3,0.0
2094285949,3,0.0
2094285959,3,0.0
2094285969,3,0.0
2094285979,3,0.0
2094285989,3,0.0
2094285999,3,0.0
2094286009,3,0.0
2094286019,3,0.0
2094286029,3,0.0
2094286039,3,0.0
2094286049,3,0.0
2094286059,3,0.0
2094286069,3,0.0
2094286079,3,0.0
2094286089,3,0.0
2094286099,3,0.0
2094286109,3,0.0
2094286119,3,0.0
2094286129,3,0.0
2094286139,3,0.0
2094286149,3,0.0
2094286159,3,0.0
2094286169,3,0.0
2094286179,3,0.0
2094286189,3,0.0
2094286199,3,0.0
2094286209,3,0.0
2094286219,3,0.0
2094286229,3,0.0
2094286239,3,0.0
2094286249,3,0.0
2094286259,3,0.0
2094286269,3,0.0
2094286279,3,0.0
2094286289,3,0.0
2094286299,3,0.0
2094286309,3,0.0
2094286319,3,0.0
2094286329,3,0.0
2094286339,3,0.0
2094286349,3,0.0
2094286359,3,0.0
2094286369,3,0.0
2094286379,3,0.0
2094286389,3,0.0
2094286399,3,0.0
2094286409,3,0.0
2094286419,3,0.0
2094286429,3,0.0
2094286439,3,0.0
2094286449,3,0.0
2094286459,3,0.0
2094286469,3,0.0
2094286479,3,0.0
2094286489,3,0.0
2094286499,3,0.0
2094286509,3,0.0
2094286519,3,0.0
2094286529,3,0.0
2094286539,3,0.0
2094286549,3,0.0
2094286559,3,0.0
2094286569,3,0.0
2094286579,3,0.0
2094286589,3,0.0
2094286599,3,0.0
2094286609,3,0.0
2094286619,3,0.0
2094286629,3,0.0
2094286639,3,0.0
2094286649,3,0.0
2094286659,3,0.0
2094286669,3,0.0
2094286679,3,0.0
2094286689,3,0.0
2094286699,3,0.0
2094286709,3,0.0
2094286719,3,0.0
2094286729,3,0.0
2094286739,3,0.0
2094286749,3,0.0
2094286759,3,0.0
2094286769,3,0.0
2094286779,3,0.0
2094286789,3,0.0
2094286799,3,0.0
2094286809,3,0.0
2094286819,3,0.0
2094286829,3,0.0
2094286839,3,0.0
2094286849,3,0.0
2094286859,3,0.0
2094286869,3,0.0
2094286879,3,0.0
2094286889,3,0.0
2094286899,3,0.0
2094286909,3,0.0
2094286919,3,0.0
2094286929,3,0.0
2094286939,3,0.0
2094286949,3,0.0
2094286959,3,0.0
2094286969,3,0.0
2094286979,3,0.0
2094286989,3,0.0
2094286999,3,0.0
2094287009,3,0.0
2094287019,3,0.0
2094287029,3,0.0
2094287039,3,0.0
2094287049,3,0.0
2094287059,3,0.0
2094287069,3,0.0
2094287079,3,0.0
2094287089,3,0.0
2094287099,3,0.0
2094287109,3,0.0
2094287119,3,0.0
2094287129,3,0.0
2094287139,3,0.0
2094287149,3,0.0
2094287159,3,0.0
2094287169,3,0.0
2094287179,3,0.0
2094287189,3,0.0
2094287199,3,0.0
2094287209,3,0.0
2094287219,3,0.0
2094287229,3,0.0
2094287239,3,0.0
2094287249,3,0.0
2094287259,3,0.0
2094287269,3,0.0
2094287279,3,0.0
2094287289,3,0.0
2094287299,3,0.0
2094287309,3,0.0
2094287319,3,0.0
2094287329,3,0.0
2094287339,3,0.0
2094287349,3,0.0
2094287359,3,0.0
2094287369,3,0.0
2094287379,3,0.0
2094287389,3,0.0
2094287399,3,0.0
2094287409,3,0.0
2094287419,3,0.0
2094287429,3,0.0
2094287439,3,0.0
2094287449,3,0.0
2094287459,3,0.0
2094287469,3,0.0
2094287479,3,0.0
2094287489,3,0.0
2094287499,3,0.0
2094287509,3,0.0
2094287519,3,0.0
2094287529,3,0.0
2094287539,3,0.0
2094287549,3,0.0
2094287559,3,0.0
2094287569,3,0.0
2094287579,3,0.0
2094287589,3,0.0
2094287599,3,0.0
2094287609,3,0.0
2094287619,3,0.0
2094287629,3,0.0
2094287639,3,0.0
2094287649,3,0.0
2094287659,3,0.0
2094287669,3,0.0
2094287679,3,0.0
2094287689,3,0.0
2094287699,3,0.0
2094287709,3,0.0
2094287719,3,0.0
2094287729,3,0.0
2094287739,3,0.0
2094287749,3,0.0
2094287759,3,0.0
2094287769,3,0.0
2094287779,3,0.0
2094287789,3,0.0
2094287799,3,0.0
2094287809,3,0.0
2094287819,3,0.0
2094287829,3,0.0
2094287839,3,0.0
2094287849,3,0.0
2094287859,3,0.0
2094287869,3,0.0
2094287879,3,0.0
2094287889,3,0.0
2094287899,3,0.0
2094287909,3,0.0
2094287919,3,0.0
2094287929,3,0.0
2094287939,3,0.0
2094287949,3,0.0
2094287959,3,0.0
2094287969,3,0.0
2094287979,3,0.0
2094287989,3,0.0
2094287999,3,0.0
2094288009,3,0.0
2094288019,3,0.0
2094288029,3,0.0
2094288039,3,0.0
2094288049,3,0.0
2094288059,3,0.0
2094288069,3,0.0
2094288079,3,0.0
2094288089,3,0.0
2094288099,3,0.0
2094288109,3,0.0
2094288119,3,0.0
2094288129,3,0.0
2094288139,3,0.0
2094288149,3,0.0
2094288159,3,0.0
2094288169,3,0.0
2094288179,3,0.0
2094288189,3,0.0
2094288199,3,0.0
2094288209,3,0.0
2094288219,3,0.0
2094288229,3,0.0
2094288239,3,0.0
2094288249,3,0.0
2094288259,3,0.0
2094288269,3,0.0
2094288279,3,0.0
2094288289,3,0.0
2094288299,3,0.0
2094288309,3,0.0
2094288319,3,0.0
2094288329,3,0.0
2094288339,3,0.0
2094288349,3,0.0
2094288359,3,0.0
2094288369,3,0.0
2094288379,3,0.0
2094288389,3,0.0
2094288399,3,0.0
2094288409,3,0.0
2094288419,3,0.0
2094288429,3,0.0
2094288439,3,0.0
2094288449,3,0.0
2094288459,3,0.0
2094288469,3,0.0
2094288479,3,0.0
2094288489,3,0.0
2094288499,3,0.0
2094288509,3,0.0
2094288519,3,0.0
2094288529,3,0.0
2094288539,3,0.0
2094288549,3,0.0
2094288559,3,0.0
2094288569,3,0.0
2094288579,3,0.0
2094288589,3,0.0
2094288599,3,0.0
2094288609,3,0.0
2094288619,3,0.0
2094288629,3,0.0
2094288639,3,0.0
2094288649,3,0.0
2094288659,3,0.0
2094288669,3,0.0
2094288679,3,0.0
2094288689,3,0.0
2094288699,3,0.0
2094288709,3,0.0
2094288719,3,0.0
2094288729,3,0.0
2094288739,3,0.0
2094288749,3,0.0
2094288759,3,0.0
2094288769,3,0.0
2094288779,3,0.0
2094288789,3,0.0
2094288799,3,0.0
2094288809,3,0.0
2094288819,3,0.0
2094288829,3,0.0
2094288839,3,0.0
2094288849,3,0.0
2094288859,3,0.0
2094288869,3,0.0
2094288879,3,0.0
2094288889,3,0.0
2094288899,3,0.0
2094288909,3,0.0
2094288919,3,0.0
2094288929,3,0.0
2094288939,3,0.0
2094288949,3,0.0
2094288959,3,0.0
2094288969,3,0.0
2094288979,3,0.0
2094288989,3,0.0
2094288999,3,0.0
2094289009,3,0.0
2094289019,3,0.0
2094289029,3,0.0
2094289039,3,0.0
2094289049,3,0.0
2094289059,3,0.0
2094289069,3,0.0
2094289079,3,0.0
2094289089,3,0.0
2094289099,3,0.0
2094289109,3,0.0
2094289119,3,0.0
2094289129,3,0.0
2094289139,3,0.0
2094289149,3,0.0
2094289159,3,0.0
2094289169,3,0.0
2094289179,3,0.0
2094289189,3,0.0
2094289199,3,0.0
2094289209,3,0.0
2094289219,3,0.0
2094289229,3,0.0
2094289239,3,0.0
2094289249,3,0.0
2094289259,3,0.0
2094289269,3,0.0
2094289279,3,0.0
2094289289,3,0.0
2094289299,3,0.0
2094289309,3,0.0
2094289319,3,0.0
2094289329,3,0.0
2094289339,3,0.0
2094289349,3,0.0
2094289359,3,0.0
2094289369,3,0.0
2094289379,3,0.0
2094289389,3,0.0
2094289399,3,0.0
2094289409,3,0.0
2094289419,3,0.0
2094289429,3,0.0
2094289439,3,0.0
2094289449,3,0.0
2094289459,3,0.0
2094289469,3,0.0
2094289479,3,0.0
2094289489,3,0.0
2094289499,3,0.0
2094289509,3,0.0
2094289519,3,0.0
2094289529,3,0.0
2094289539,3,0.0
2094289549,3,0.0
2094289559,3,0.0
2094289569,3,0.0
2094289579,3,0.0
2094289589,3,0.0
2094289599,3,0.0
2094289609,3,0.0
2094289619,3,0.0
2094289629,3,0.0
2094289639,3,0.0
2094289649,3,0.0
2094289659,3,0.0
2094289669,3,0.0
2094289679,3,0.0
2094289689,3,0.0
2094289699,3,0.0
2094289709,3,0.0
2094289719,3,0.0
2094289729,3,0.0
2094289739,3,0.0
2094289749,3,0.0
2094289759,3,0.0
2094289769,3,0.0
2094289779,3,0.0
2094289789,3,0.0
2094289799,3,0.0
2094289809,3,0.0
2094289819,3,0.0
2094289829,3,0.0
2094289839,3,0.0
2094289849,3,0.0
2094289859,3,0.0
2094289869,3,0.0
2094289879,3,0.0
2094289889,3,0.0
2094289899,3,0.0
2094289909,3,0.0
2094289919,3,0.0
2094289929,3,0.0
2094289939,3,0.0
2094289949,3,0.0
2094289959,3,0.0
2094289969,3,0.0
2094289979,3,0.0
2094289989,3,0.0
2094289999,3,0.0
2094290009,3,0.0
2094290019,3,0.0
2094290029,3,0.0
2094290039,3,0.0
2094290049,3,0.0
2094290059,3,0.0
2094290069,3,0.0
2094290079,3,0.0
2094290089,3,0.0
2094290099,3,0.0
2094290109,3,0.0
2094290119,3,0.0
2094290129,3,0.0
2094290139,3,0.0
2094290149,3,0.0
2094290159,3,0.0
2094290169,3,0.0
2094290179,3,0.0
2094290189,3,0.0
2094290199,3,0.0
2094290209,3,0.0
2094290219,3,0.0
2094290229,3,0.0
2094290239,3,0.0
2094290249,3,0.0
2094290259,3,0.0
2094290269,3,0.0
2094290279,3,0.0
2094290289,3,0.0
2094290299,3,0.0
2094290309,3,0.0
2094290319,3,0.0
2094290329,3,0.0
2094290339,3,0.0
2094290349,3,0.0
2094290359,3,0.0
2094290369,3,0.0
2094290379,3,0.0
2094290389,3,0.0
2094290399,3,0.0
2094290409,3,0.0
2094290419,3,0.0
2094290429,3,0.0
2094290439,3,0.0
2094290449,3,0.0
2094290459,3,0.0
2094290469,3,0.0
2094290479,3,0.0
2094290489,3,0.0
2094290499,3,0.0
2094290509,3,0.0
2094290519,3,0.0
2094290529,3,0.0
2094290539,3,0.0
2094290549,3,0.0
2094290559,3,0.0
2094290569,3,0.0
2094290579,3,0.0
2094290589,3,0.0
2094290599,3,0.0
2094290609,3,0.0
2094290619,3,0.0
2094290629,3,0.0
2094290639,3,0.0
2094290649,3,0.0
2094290659,3,0.0
2094290669,3,0.0
2094290679,3,0.0
2094290689,3,0.0
2094290699,3,0.0
2094290709,3,0.0
2094290719,3,0.0
2094290729,3,0.0
2094290739,3,0.0
2094290749,3,0.0
2094290759,3,0.0
2094290769,3,0.0
2094290779,3,0.0
2094290789,3,0.0
2094290799,3,0.0
2094290809,3,0.0
2094290819,3,0.0
2094290829,3,0.0
2094290839,3,0.0
2094290849,3,0.0
2094290859,3,0.0
2094290869,3,0.0
2094290879,3,0.0
2094290889,3,0.0
2094290899,3,0.0
2094290909,3,0.0
2094290919,3,0.0
2094290929,3,0.0
2094290939,3,0.0
2094290949,3,0.0
2094290959,3,0.0
2094290969,3,0.0
2094290979,3,0.0
2094290989,3,0.0
2094290999,3,0.0
2094291009,3,0.0
2094291019,3,0.0
2094291029,3,0.0
2094291039,3,0.0
2094291049,3,0.0
2094291059,3,0.0
2094291069,3,0.0
2094291079,3,0.0
2094291089,3,0.0
2094291099,3,0.0
2094291109,3,0.0
2094291119,3,0.0
2094291129,3,0.0
2094291139,3,0.0
2094291149,3,0.0
2094291159,3,0.0
2094291169,3,0.0
2094291179,3,0.0
2094291189,3,0.0
2094291199,3,0.0
2094291209,3,0.0
2094291219,3,0.0
2094291229,3,0.0
2094291239,3,0.0
2094291249,3,0.0
2094291259,3,0.0
2094291269,3,0.0
2094291279,3,0.0
2094291289,3,0.0
2094291299,3,0.0
2094291309,3,0.0
2094291319,3,0.0
2094291329,3,0.0
2094291339,3,0.0
2094291349,3,0.0
2094291359,3,0.0
2094291369,3,0.0
2094291379,3,0.0
2094291389,3,0.0
2094291399,3,0.0
2094291409,3,0.0
2094291419,3,0.0
2094291429,3,0.0
2094291439,3,0.0
2094291449,3,0.0
2094291459,3,0.0
2094291469,3,0.0
2094291479,3,0.0
2094291489,3,0.0
2094291499,3,0.0
2094291509,3,0.0
2094291519,3,0.0
2094291529,3,0.0
2094291539,3,0.0
2094291549,3,0.0
2094291559,3,0.0
2094291569,3,0.0
2094291579,3,0.0
2094291589,3,0.0
2094291599,3,0.0
2094291609,3,0.0
2094291619,3,0.0
2094291629,3,0.0
2094291639,3,0.0
2094291649,3,0.0
2094291659,3,0.0
2094291669,3,0.0
2094291679,3,0.0
2094291689,3,0.0
2094291699,3,0.0
2094291709,3,0.0
2094291719,3,0.0
2094291729,3,0.0
2094291739,3,0.0
2094291749,3,0.0
2094291759,3,0.0
2094291769,3,0.0
2094291779,3,0.0
2094291789,3,0.0
2094291799,3,0.0
2094291809,3,0.0
2094291819,3,0.0
2094291829,3,0.0
2094291839,3,0.0
2094291849,3,0.0
2094291859,3,0.0
2094291869,3,0.0
2094291879,3,0.0
2094291889,3,0.0
2094291899,3,0.0
2094291909,3,0.0
2094291919,3,0.0
2094291929,3,0.0
2094291939,3,0.0
2094291949,3,0.0
2094291959,3,0.0
2094291969,3,0.0
2094291979,3,0.0
2094291989,3,0.0
2094291999,3,0.0
2094292009,3,0.0
2094292019,3,0.0
2094292029,3,0.0
2094292039,3,0.0
2094292049,3,0.0
2094292059,3,0.0
2094292069,3,0.0
2094292079,3,0.0
2094292089,3,0.0
2094292099,3,0.0
2094292109,3,0.0
2094292119,3,0.0
2094292129,3,0.0
2094292139,3,0.0
2094292149,3,0.0
2094292159,3,0.0
2094292169,3,0.0
2094292179,3,0.0
2094292189,3,0.0
2094292199,3,0.0
2094292209,3,0.0
2094292219,3,0.0
2094292229,3,0.0
2094292239,3,0.0
2094292249,3,0.0
2094292259,3,0.0
2094292269,3,0.0
2094292279,3,0.0
2094292289,3,0.0
2094292299,3,0.0
2094292309,3,0.0
2094292319,3,0.0
2094292329,3,0.0
2094292339,3,0.0
2094292349,3,0.0
2094292359,3,0.0
2094292369,3,0.0
2094292379,3,0.0
2094292389,3,0.0
2094292399,3,0.0
2094292409,3,0.0
2094292419,3,0.0
2094292429,3,0.0
2094292439,3,0.0
2094292449,3,0.0
2094292459,3,0.0
2094292469,3,0.0
2094292479,3,0.0
2094292489,3,0.0
2094292499,3,0.0
2094292509,3,0.0
2094292519,3,0.0
2094292529,3,0.0
2094292539,3,0.0
2094292549,3,0.0
2094292559,3,0.0
2094292569,3,0.0
2094292579,3,0.0
2094292589,3,0.0
2094292599,3,0.0
2094292609,3,0.0
2094292619,3,0.0
2094292629,3,0.0
2094292639,3,0.0
2094292649,3,0.0
2094292659,3,0.0
2094292669,3,0.0
2094292679,3,0.0
2094292689,3,0.0
2094292699,3,0.0
2094292709,3,0.0
2094292719,3,0.0
2094292729,3,0.0
2094292739,3,0.0
2094292749,3,0.0
2094292759,3,0.0
2094292769,3,0.0
2094292779,3,0.0
2094292789,3,0.0
2094292799,3,0.0
2094292809,3,0.0
2094292819,3,0.0
2094292829,3,0.0
2094292839,3,0.0
2094292849,3,0.0
2094292859,3,0.0
2094292869,3,0.0
2094292879,3,0.0
2094292889,3,0.0
2094292899,3,0.0
2094292909,3,0.0
2094292919,3,0.0
2094292929,3,0.0
2094292939,3,0.0
2094292949,3,0.0
2094292959,3,0.0
2094292969,3,0.0
2094292979,3,0.0
2094292989,3,0.0
2094292999,3,0.0
2094293009,3,0.0
2094293019,3,0.0
2094293029,3,0.0
2094293039,3,0.0
2094293049,3,0.0
2094293059,3,0.0
2094293069,3,0.0
2094293079,3,0.0
2094293089,3,0.0
2094293099,3,0.0
2094293109,3,0.0
2094293119,3,0.0
2094293129,3,0.0
2094293139,3,0.0
2094293149,3,0.0
2094293159,3,0.0
2094293169,3,0.0
2094293179,3,0.0
2094293189,3,0.0
2094293199,3,0.0
2094293209,3,0.0
2094293219,3,0.0
2094293229,3,0.0
2094293239,3,0.0
2094293249,3,0.0
2094293259,3,0.0
2094293269,3,0.0
2094293279,3,0.0
2094293289,3,0.0
2094293299,3,0.0
2094293309,3,0.0
2094293319,3,0.0
2094293329,3,0.0
2094293339,3,0.0
2094293349,3,0.0
2094293359,3,0.0
2094293369,3,0.0
2094293379,3,0.0
2094293389,3,0.0
2094293399,3,0.0
2094293409,3,0.0
2094293419,3,0.0
2094293429,3,0.0
2094293439,3,0.0
2094293449,3,0.0
2094293459,3,0.0
2094293469,3,0.0
2094293479,3,0.0
2094293489,3,0.0
2094293499,3,0.0
2094293509,3,0.0
2094293519,3,0.0
2094293529,3,0.0
2094293539,3,0.0
2094293549,3,0.0
2094293559,3,0.0
2094293569,3,0.0
2094293579,3,0.0
2094293589,3,0.0
2094293599,3,0.0
2094293609,3,0.0
2094293619,3,0.0
2094293629,3,0.0
2094293639,3,0.0
2094293649,3,0.0
2094293659,3,0.0
2094293669,3,0.0
2094293679,3,0.0
2094293689,3,0.0
2094293699,3,0.0
2094293709,3,0.0
2094293719,3,0.0
2094293729,3,0.0
2094293739,3,0.0
2094293749,3,0.0
2094293759,3,0.0
2094293769,3,0.0
2094293779,3,0.0
2094293789,3,0.0
2094293799,3,0.0
2094293809,3,0.0
2094293819,3,0.0
2094293829,3,0.0
2094293839,3,0.0
2094293849,3,0.0
2094293859,3,0.0
2094293869,3,0.0
2094293879,3,0.0
2094293889,3,0.0
2094293899,3,0.0
2094293909,3,0.0
2094293919,3,0.0
2094293929,3,0.0
2094293939,3,0.0
2094293949,3,0.0
2094293959,3,0.0
2094293969,3,0.0
2094293979,3,0.0
2094293989,3,0.0
2094293999,3,0.0
2094294009,3,0.0
2094294019,3,0.0
2094294029,3,0.0
2094294039,3,0.0
2094294049,3,0.0
2094294059,3,0.0
2094294069,3,0.0
2094294079,3,0.0
2094294089,3,0.0
2094294099,3,0.0
2094294109,3,0.0
2094294119,3,0.0
2094294129,3,0.0
2094294139,3,0.0
2094294149,3,0.0
2094294159,3,0.0
2094294169,3,0.0
2094294179,3,0.0
2094294189,3,0.0
2094294199,3,0.0
2094294209,3,0.0
2094294219,3,0.0
2094294229,3,0.0
2094294239,3,0.0
2094294249,3,0.0
2094294259,3,0.0
2094294269,3,0.0
2094294279,3,0.0
2094294289,3,0.0
2094294299,3,0.0
2094294309,3,0.0
2094294319,3,0.0
2094294329,3,0.0
2094294339,3,0.0
2094294349,3,0.0
2094294359,3,0.0
2094294369,3,0.0
2094294379,3,0.0
2094294389,3,0.0
2094294399,3,0.0
2094294409,3,0.0
2094294419,3,0.0
2094294429,3,0.0
2094294439,3,0.0
2094294449,3,0.0
2094294459,3,0.0
2094294469,3,0.0
2094294479,3,0.0
2094294489,3,0.0
2094294499,3,0.0
2094294509,3,0.0
2094294519,3,0.0
2094294529,3,0.0
2094294539,3,0.0
2094294549,3,0.0
2094294559,3,0.0
2094294569,3,0.0
2094294579,3,0.0
2094294589,3,0.0
2094294599,3,0.0
2094294609,3,0.0
2094294619,3,0.0
2094294629,3,0.0
2094294639,3,0.0
2094294649,3,0.0
2094294659,3,0.0
2094294669,3,0.0
2094294679,3,0.0
2094294689,3,0.0
2094294699,3,0.0
2094294709,3,0.0
2094294719,3,0.0
2094294729,3,0.0
2094294739,3,0.0
2094294749,3,0.0
2094294759,3,0.0
2094294769,3,0.0
2094294779,3,0.0
2094294789,3,0.0
2094294799,3,0.0
2094294809,3,0.0
2094294819,3,0.0
2094294829,3,0.0
2094294839,3,0.0
2094294849,3,0.0
2094294859,3,0.0
2094294869,3,0.0
2094294879,3,0.0
2094294889,3,0.0
2094294899,3,0.0
2094294909,3,0.0
2094294919,3,0.0
2094294929,3,0.0
2094294939,3,0.0
2094294949,3,0.0
2094294959,3,0.0
2094294969,3,0.0
2094294979,3,0.0
2094294989,3,0.0
2094294999,3,0.0
2094295009,3,0.0
2094295019,3,0.0
2094295029,3,0.0
2094295039,3,0.0
2094295049,3,0.0
2094295059,3,0.0
2094295069,3,0.0
2094295079,3,0.0
2094295089,3,0.0
2094295099,3,0.0
2094295109,3,0.0
2094295119,3,0.0
2094295129,3,0.0
2094295139,3,0.0
2094295149,3,0.0
2094295159,3,0.0
2094295169,3,0.0
2094295179,3,0.0
2094295189,3,0.0
2094295199,3,0.0
2094295209,3,0.0
2094295219,3,0.0
2094295229,3,0.0
2094295239,3,0.0
2094295249,3,0.0
2094295259,3,0.0
2094295269,3,0.0
2094295279,3,0.0
2094295289,3,0.0
2094295299,3,0.0
2094295309,3,0.0
2094295319,3,0.0
2094295329,3,0.0
2094295339,3,0.0
2094295349,3,0.0
2094295359,3,0.0
2094295369,3,0.0
2094295379,3,0.0
2094295389,3,0.0
2094295399,3,0.0
2094295409,3,0.0
2094295419,3,0.0
2094295429,3,0.0
2094295439,3,0.0
2094295449,3,0.0
2094295459,3,0.0
2094295469,3,0.0
2094295479,3,0.0
2094295489,3,0.0
2094295499,3,0.0
2094295509,3,0.0
2094295519,3,0.0
2094295529,3,0.0
2094295539,3,0.0
2094295549,3,0.0
2094295559,3,0.0
2094295569,3,0.0
2094295579,3,0.0
2094295589,3,0.0
2094295599,3,0.0
2094295609,3,0.0
2094295619,3,0.0
2094295629,3,0.0
2094295639,3,0.0
2094295649,3,0.0
2094295659,3,0.0
2094295669,3,0.0
2094295679,3,0.0
2094295689,3,0.0
2094295699,3,0.0
2094295709,3,0.0
2094295719,3,0.0
2094295729,3,0.0
2094295739,3,0.0
2094295749,3,0.0
2094295759,3,0.0
2094295769,3,0.0
2094295779,3,0.0
2094295789,3,0.0
2094295799,3,0.0
2094295809,3,0.0
2094295819,3,0.0
2094295829,3,0.0
2094295839,3,0.0
2094295849,3,0.0
2094295859,3,0.0
2094295869,3,0.0
2094295879,3,0.0
2094295889,3,0.0
2094295899,3,0.0
2094295909,3,0.0
2094295919,3,0.0
2094295929,3,0.0
2094295939,3,0.0
2094295949,3,0.0
2094295959,3,0.0
2094295969,3,0.0
2094295979,3,0.0
2094295989,3,0.0
2094295999,3,0.0
2094296009,3,0.0
2094296019,3,0.0
2094296029,3,0.0
2094296039,3,0.0
2094296049,3,0.0
2094296059,3,0.0
2094296069,3,0.0
2094296079,3,0.0
2094296089,3,0.0
2094296099,3,0.0
2094296109,3,0.0
2094296119,3,0.0
2094296129,3,0.0
2094296139,3,0.0
2094296149,3,0.0
2094296159,3,0.0
2094296169,3,0.0
2094296179,3,0.0
2094296189,3,0.0
2094296199,3,0.0
2094296209,3,0.0
2094296219,3,0.0
2094296229,3,0.0
2094296239,3,0.0
2094296249,3,0.0
2094296259,3,0.0
2094296269,3,0.0
2094296279,3,0.0
2094296289,3,0.0
2094296299,3,0.0
2094296309,3,0.0
2094296319,3,0.0
2094296329,3,0.0
2094296339,3,0.0
2094296349,3,0.0
2094296359,3,0.0
2094296369,3,0.0
2094296379,3,0.0
2094296389,3,0.0
2094296399,3,0.0
2094296409,3,0.0
2094296419,3,0.0
2094296429,3,0.0
2094296439,3,0.0
2094296449,3,0.0
2094296459,3,0.0
2094296469,3,0.0
2094296479,3,0.0
2094296489,3,0.0
2094296499,3,0.0
2094296509,3,0.0
2094296519,3,0.0
2094296529,3,0.0
2094296539,3,0.0
2094296549,3,0.0
2094296559,3,0.0
2094296569,3,0.0
2094296579,3,0.0
2094296589,3,0.0
2094296599,3,0.0
2094296609,3,0.0
2094296619,3,0.0
2094296629,3,0.0
2094296639,3,0.0
2094296649,3,0.0
2094296659,3,0.0
2094296669,3,0.0
2094296679,3,0.0
2094296689,3,0.0
2094296699,3,0.0
2094296709,3,0.0
2094296719,3,0.0
2094296729,3,0.0
2094296739,3,0.0
2094296749,3,0.0
2094296759,3,0.0
2094296769,3,0.0
2094296779,3,0.0
2094296789,3,0.0
2094296799,3,0.0
2094296809,3,0.0
2094296819,3,0.0
2094296829,3,0.0
2094296839,3,0.0
2094296849,3,0.0
2094296859,3,0.0
2094296869,3,0.0
2094296879,3,0.0
2094296889,3,0.0
2094296899,3,0.0
2094296909,3,0.0
2094296919,3,0.0
2094296929,3,0.0
2094296939,3,0.0
2094296949,3,0.0
2094296959,3,0.0
2094296969,3,0.0
2094296979,3,0.0
2094296989,3,0.0
2094296999,3,0.0
2094297009,3,0.0
2094297019,3,0.0
2094297029,3,0.0
2094297039,3,0.0
2094297049,3,0.0
2094297059,3,0.0
2094297069,3,0.0
2094297079,3,0.0
2094297089,3,0.0
2094297099,3,0.0
2094297109,3,0.0
2094297119,3,0.0
2094297129,3,0.0
2094297139,3,0.0
2094297149,3,0.0
2094297159,3,0.0
2094297169,3,0.0
2094297179,3,0.0
2094297189,3,0.0
2094297199,3,0.0
2094297209,3,0.0
2094297219,3,0.0
2094297229,3,0.0
2094297239,3,0.0
2094297249,3,0.0
2094297259,3,0.0
2094297269,3,0.0
2094297279,3,0.0
2094297289,3,0.0
2094297299,3,0.0
2094297309,3,0.0
2094297319,3,0.0
2094297329,3,0.0
2094297339,3,0.0
2094297349,3,0.0
2094297359,3,0.0
2094297369,3,0.0
2094297379,3,0.0
2094297389,3,0.0
2094297399,3,0.0
2094297409,3,0.0
2094297419,3,0.0
2094297429,3,0.0
2094297439,3,0.0
2094297449,3,0.0
2094297459,3,0.0
2094297469,3,0.0
2094297479,3,0.0
2094297489,3,0.0
2094297499,3,0.0
2094297509,3,0.0
2094297519,3,0.0
2094297529,3,0.0
2094297539,3,0.0
2094297549,3,0.0
2094297559,3,0.0
2094297569,3,0.0
2094297579,3,0.0
2094297589,3,0.0
2094297599,3,0.0
2094297609,3,0.0
2094297619,3,0.0
2094297629,3,0.0
2094297639,3,0.0
2094297649,3,0.0
2094297659,3,0.0
2094297669,3,0.0
2094297679,3,0.0
2094297689,3,0.0
2094297699,3,0.0
2094297709,3,0.0
2094297719,3,0.0
2094297729,3,0.0
2094297739,3,0.0
2094297749,3,0.0
2094297759,3,0.0
2094297769,3,0.0
2094297779,3,0.0
2094297789,3,0.0
2094297799,3,0.0
2094297809,3,0.0
2094297819,3,0.0
2094297829,3,0.0
2094297839,3,0.0
2094297849,3,0.0
2094297859,3,0.0
2094297869,3,0.0
2094297879,3,0.0
2094297889,3,0.0
2094297899,3,0.0
2094297909,3,0.0
2094297919,3,0.0
2094297929,3,0.0
2094297939,3,0.0
2094297949,3,0.0
2094297959,3,0.0
2094297969,3,0.0
2094297979,3,0.0
2094297989,3,0.0
2094297999,3,0.0
2094298009,3,0.0
2094298019,3,0.0
2094298029,3,0.0
2094298039,3,0.0
2094298049,3,0.0
2094298059,3,0.0
2094298069,3,0.0
2094298079,3,0.0
2094298089,3,0.0
2094298099,3,0.0
2094298109,3,0.0
2094298119,3,0.0
2094298129,3,0.0
2094298139,3,0.0
2094298149,3,0.0
2094298159,3,0.0
2094298169,3,0.0
2094298179,3,0.0
2094298189,3,0.0
2094298199,3,0.0
2094298209,3,0.0
2094298219,3,0.0
2094298229,3,0.0
2094298239,3,0.0
2094298249,3,0.0
2094298259,3,0.0
2094298269,3,0.0
2094298279,3,0.0
2094298289,3,0.0
2094298299,3,0.0
2094298309,3,0.0
2094298319,3,0.0
2094298329,3,0.0
2094298339,3,0.0
2094298349,3,0.0
2094298359,3,0.0
2094298369,3,0.0
2094298379,3,0.0
2094298389,3,0.0
2094298399,3,0.0
2094298409,3,0.0
2094298419,3,0.0
2094298429,3,0.0
2094298439,3,0.0
2094298449,3,0.0
2094298459,3,0.0
2094298469,3,0.0
2094298479,3,0.0
2094298489,3,0.0
2094298499,3,0.0
2094298509,3,0.0
2094298519,3,0.0
2094298529,3,0.0
2094298539,3,0.0
2094298549,3,0.0
2094298559,3,0.0
2094298569,3,0.0
2094298579,3,0.0
2094298589,3,0.0
2094298599,3,0.0
2094298609,3,0.0
2094298619,3,0.0
2094298629,3,0.0
2094298639,3,0.0
2094298649,3,0.0
2094298659,3,0.0
2094298669,3,0.0
2094298679,3,0.0
2094298689,3,0.0
2094298699,3,0.0
2094298709,3,0.0
2094298719,3,0.0
2094298729,3,0.0
2094298739,3,0.0
2094298749,3,0.0
2094298759,3,0.0
2094298769,3,0.0
2094298779,3,0.0
2094298789,3,0.0
2094298799,3,0.0
2094298809,3,0.0
2094298819,3,0.0
2094298829,3,0.0
2094298839,3,0.0
2094298849,3,0.0
2094298859,3,0.0
2094298869,3,0.0
2094298879,3,0.0
2094298889,3,0.0
2094298899,3,0.0
2094298909,3,0.0
2094298919,3,0.0
2094298929,3,0.0
2094298939,3,0.0
2094298949,3,0.0
2094298959,3,0.0
2094298969,3,0.0
2094298979,3,0.0
2094298989,3,0.0
2094298999,3,0.0
2094299009,3,0.0
2094299019,3,0.0
2094299029,3,0.0
2094299039,3,0.0
2094299049,3,0.0
2094299059,3,0.0
2094299069,3,0.0
2094299079,3,0.0
2094299089,3,0.0
2094299099,3,0.0
2094299109,3,0.0
2094299119,3,0.0
2094299129,3,0.0
2094299139,3,0.0
2094299149,3,0.0
2094299159,3,0.0
2094299169,3,0.0
2094299179,3,0.0
2094299189,3,0.0
2094299199,3,0.0
2094299209,3,0.0
2094299219,3,0.0
2094299229,3,0.0
2094299239,3,0.0
2094299249,3,0.0
2094299259,3,0.0
2094299269,3,0.0
2094299279,3,0.0
2094299289,3,0.0
2094299299,3,0.0
2094299309,3,0.0
2094299319,3,0.0
2094299329,3,0.0
2094299339,3,0.0
2094299349,3,0.0
2094299359,3,0.0
2094299369,3,0.0
2094299379,3,0.0
2094299389,3,0.0
2094299399,3,0.0
2094299409,3,0.0
2094299419,3,0.0
2094299429,3,0.0
2094299439,3,0.0
2094299449,3,0.0
2094299459,3,0.0
2094299469,3,0.0
2094299479,3,0.0
2094299489,3,0.0
2094299499,3,0.0
2094299509,3,0.0
2094299519,3,0.0
2094299529,3,0.0
2094299539,3,0.0
2094299549,3,0.0
2094299559,3,0.0
2094299569,3,0.0
2094299579,3,0.0
2094299589,3,0.0
2094299599,3,0.0
2094299609,3,0.0
2094299619,3,0.0
2094299629,3,0.0
2094299639,3,0.0
2094299649,3,0.0
2094299659,3,0.0
2094299669,3,0.0
2094299679,3,0.0
2094299689,3,0.0
2094299699,3,0.0
2094299709,3,0.0
2094299719,3,0.0
2094299729,3,0.0
2094299739,3,0.0
2094299749,3,0.0
2094299759,3,0.0
2094299769,3,0.0
2094299779,3,0.0
2094299789,3,0.0
2094299799,3,0.0
2094299809,3,0.0
2094299819,3,0.0
2094299829,3,0.0
2094299839,3,0.0
2094299849,3,0.0
2094299859,3,0.0
2094299869,3,0.0
2094299879,3,0.0
2094299889,3,0.0
2094299899,3,0.0
2094299909,3,0.0
2094299919,3,0.0
2094299929,3,0.0
2094299939,3,0.0
2094299949,3,0.0
2094299959,3,0.0
2094299969,3,0.0
2094299979,3,0.0
2094299989,3,0.0
2094299999,3,0.0
2094300009,3,0.0
2094300019,3,0.0
2094300029,3,0.0
2094300039,3,0.0
2094300049,3,0.0
2094300059,3,0.0
2094300069,3,0.0
2094300079,3,0.0
2094300089,3,0.0
2094300099,3,0.0
2094300109,3,0.0
2094300119,3,0.0
2094300129,3,0.0
2094300139,3,0.0
2094300149,3,0.0
2094300159,3,0.0
2094300169,3,0.0
2094300179,3,0.0
2094300189,3,0.0
2094300199,3,0.0
2094300209,3,0.0
2094300219,3,0.0
2094300229,3,0.0
2094300239,3,0.0
2094300249,3,0.0
2094300259,3,0.0
2094300269,3,0.0
2094300279,3,0.0
2094300289,3,0.0
2094300299,3,0.0
2094300309,3,0.0
2094300319,3,0.0
2094300329,3,0.0
2094300339,3,0.0
2094300349,3,0.0
2094300359,3,0.0
2094300369,3,0.0
2094300379,3,0.0
2094300389,3,0.0
2094300399,3,0.0
2094300409,3,0.0
2094300419,3,0.0
2094300429,3,0.0
2094300439,3,0.0
2094300449,3,0.0
2094300459,3,0.0
2094300469,3,0.0
2094300479,3,0.0
2094300489,3,0.0
2094300499,3,0.0
2094300509,3,0.0
2094300519,3,0.0
2094300529,3,0.0
2094300539,3,0.0
2094300549,3,0.0
2094300559,3,0.0
2094300569,3,0.0
2094300579,3,0.0
2094300589,3,0.0
2094300599,3,0.0
2094300609,3,0.0
2094300619,3,0.0
2094300629,3,0.0
2094300639,3,0.0
2094300649,3,0.0
2094300659,3,0.0
2094300669,3,0.0
2094300679,3,0.0
2094300689,3,0.0
2094300699,3,0.0
2094300709,3,0.0
2094300719,3,0.0
2094300729,3,0.0
2094300739,3,0.0
2094300749,3,0.0
2094300759,3,0.0
2094300769,3,0.0
2094300779,3,0.0
2094300789,3,0.0
2094300799,3,0.0
2094300809,3,0.0
2094300819,3,0.0
2094300829,3,0.0
2094300839,3,0.0
2094300849,3,0.0
2094300859,3,0.0
2094300869,3,0.0
2094300879,3,0.0
2094300889,3,0.0
2094300899,3,0.0
2094300909,3,0.0
2094300919,3,0.0
2094300929,3,0.0
2094300939,3,0.0
2094300949,3,0.0
2094300959,3,0.0
2094300969,3,0.0
2094300979,3,0.0
2094300989,3,0.0
2094300999,3,0.0
2094301009,3,0.0
2094301019,3,0.0
2094301029,3,0.0
2094301039,3,0.0
2094301049,3,0.0
2094301059,3,0.0
2094301069,3,0.0
2094301079,3,0.0
2094301089,3,0.0
2094301099,3,0.0
2094301109,3,0.0
2094301119,3,0.0
2094301129,3,0.0
2094301139,3,0.0
2094301149,3,0.0
2094301159,3,0.0
2094301169,3,0.0
2094301179,3,0.0
2094301189,3,0.0
2094301199,3,0.0
2094301209,3,0.0
2094301219,3,0.0
2094301229,3,0.0
2094301239,3,0.0
2094301249,3,0.0
2094301259,3,0.0
2094301269,3,0.0
2094301279,3,0.0
2094301289,3,0.0
2094301299,3,0.0
2094301309,3,0.0
2094301319,3,0.0
2094301329,3,0.0
2094301339,3,0.0
2094301349,3,0.0
2094301359,3,0.0
2094301369,3,0.0
2094301379,3,0.0
2094301389,3,0.0
2094301399,3,0.0
2094301409,3,0.0
2094301419,3,0.0
2094301429,3,0.0
2094301439,3,0.0
2094301449,3,0.0
2094301459,3,0.0
2094301469,3,0.0
2094301479,3,0.0
2094301489,3,0.0
2094301499,3,0.0
2094301509,3,0.0
2094301519,3,0.0
2094301529,3,0.0
2094301539,3,0.0
2094301549,3,0.0
2094301559,3,0.0
2094301569,3,0.0
2094301579,3,0.0
2094301589,3,0.0
2094301599,3,0.0
2094301609,3,0.0
2094301619,3,0.0
2094301629,3,0.0
2094301639,3,0.0
2094301649,3,0.0
2094301659,3,0.0
2094301669,3,0.0
2094301679,3,0.0
2094301689,3,0.0
2094301699,3,0.0
2094301709,3,0.0
2094301719,3,0.0
2094301729,3,0.0
2094301739,3,0.0
2094301749,3,0.0
2094301759,3,0.0
2094301769,3,0.0
2094301779,3,0.0
2094301789,3,0.0
2094301799,3,0.0
2094301809,3,0.0
2094301819,3,0.0
2094301829,3,0.0
2094301839,3,0.0
2094301849,3,0.0
2094301859,3,0.0
2094301869,3,0.0
2094301879,3,0.0
2094301889,3,0.0
2094301899,3,0.0
2094301909,3,0.0
2094301919,3,0.0
2094301929,3,0.0
2094301939,3,0.0
2094301949,3,0.0
2094301959,3,0.0
2094301969,3,0.0
2094301979,3,0.0
2094301989,3,0.0
2094301999,3,0.0
2094302009,3,0.0
2094302019,3,0.0
2094302029,3,0.0
2094302039,3,0.0
2094302049,3,0.0
2094302059,3,0.0
2094302069,3,0.0
2094302079,3,0.0
2094302089,3,0.0
2094302099,3,0.0
2094302109,3,0.0
2094302119,3,0.0
2094302129,3,0.0
2094302139,3,0.0
2094302149,3,0.0
2094302159,3,0.0
2094302169,3,0.0
2094302179,3,0.0
2094302189,3,0.0
2094302199,3,0.0
2094302209,3,0.0
2094302219,3,0.0
2094302229,3,0.0
2094302239,3,0.0
2094302249,3,0.0
2094302259,3,0.0
2094302269,3,0.0
2094302279,3,0.0
2094302289,3,0.0
2094302299,3,0.0
2094302309,3,0.0
2094302319,3,0.0
2094302329,3,0.0
2094302339,3,0.0
2094302349,3,0.0
2094302359,3,0.0
2094302369,3,0.0
2094302379,3,0.0
2094302389,3,0.0
2094302399,3,0.0
2094302409,3,0.0
2094302419,3,0.0
2094302429,3,0.0
2094302439,3,0.0
2094302449,3,0.0
2094302459,3,0.0
2094302469,3,0.0
2094302479,3,0.0
2094302489,3,0.0
2094302499,3,0.0
2094302509,3,0.0
2094302519,3,0.0
2094302529,3,0.0
2094302539,3,0.0
2094302549,3,0.0
2094302559,3,0.0
2094302569,3,0.0
2094302579,3,0.0
2094302589,3,0.0
2094302599,3,0.0
2094302609,3,0.0
2094302619,3,0.0
2094302629,3,0.0
2094302639,3,0.0
2094302649,3,0.0
2094302659,3,0.0
2094302669,3,0.0
2094302679,3,0.0
2094302689,3,0.0
2094302699,3,0.0
2094302709,3,0.0
2094302719,3,0.0
2094302729,3,0.0
2094302739,3,0.0
2094302749,3,0.0
2094302759,3,0.0
2094302769,3,0.0
2094302779,3,0.0
2094302789,3,0.0
2094302799,3,0.0
2094302809,3,0.0
2094302819,3,0.0
2094302829,3,0.0
2094302839,3,0.0
2094302849,3,0.0
2094302859,3,0.0
2094302869,3,0.0
2094302879,3,0.0
2094302889,3,0.0
2094302899,3,0.0
2094302909,3,0.0
2094302919,3,0.0
2094302929,3,0.0
2094302939,3,0.0
2094302949,3,0.0
2094302959,3,0.0
2094302969,3,0.0
2094302979,3,0.0
2094302989,3,0.0
2094302999,3,0.0
2094303009,3,0.0
2094303019,3,0.0
2094303029,3,0.0
2094303039,3,0.0
2094303049,3,0.0
2094303059,3,0.0
2094303069,3,0.0
2094303079,3,0.0
2094303089,3,0.0
2094303099,3,0.0
2094303109,3,0.0
2094303119,3,0.0
2094303129,3,0.0
2094303139,3,0.0
2094303149,3,0.0
2094303159,3,0.0
2094303169,3,0.0
2094303179,3,0.0
2094303189,3,0.0
2094303199,3,0.0
2094303209,3,0.0
2094303219,3,0.0
2094303229,3,0.0
2094303239,3,0.0
2094303249,3,0.0
2094303259,3,0.0
2094303269,3,0.0
2094303279,3,0.0
2094303289,3,0.0
2094303299,3,0.0
2094303309,3,0.0
2094303319,3,0.0
2094303329,3,0.0
2094303339,3,0.0
2094303349,3,0.0
2094303359,3,0.0
2094303369,3,0.0
2094303379,3,0.0
2094303389,3,0.0
2094303399,3,0.0
2094303409,3,0.0
2094303419,3,0.0
2094303429,3,0.0
2094303439,3,0.0
2094303449,3,0.0
2094303459,3,0.0
2094303469,3,0.0
2094303479,3,0.0
2094303489,3,0.0
2094303499,3,0.0
2094303509,3,0.0
2094303519,3,0.0
2094303529,3,0.0
2094303539,3,0.0
2094303549,3,0.0
2094303559,3,0.0
2094303569,3,0.0
2094303579,3,0.0
2094303589,3,0.0
2094303599,3,0.0
2094303609,3,0.0
2094303619,3,0.0
2094303629,3,0.0
2094303639,3,0.0
2094303649,3,0.0
2094303659,3,0.0
2094303669,3,0.0
2094303679,3,0.0
2094303689,3,0.0
2094303699,3,0.0
2094303709,3,0.0
2094303719,3,0.0
2094303729,3,0.0
2094303739,3,0.0
2094303749,3,0.0
2094303759,3,0.0
2094303769,3,0.0
2094303779,3,0.0
2094303789,3,0.0
2094303799,3,0.0
2094303809,3,0.0
2094303819,3,0.0
2094303829,3,0.0
2094303839,3,0.0
2094303849,3,0.0
2094303859,3,0.0
2094303869,3,0.0
2094303879,3,0.0
2094303889,3,0.0
2094303899,3,0.0
2094303909,3,0.0
2094303919,3,0.0
2094303929,3,0.0
2094303939,3,0.0
2094303949,3,0.0
2094303959,3,0.0
2094303969,3,0.0
2094303979,3,0.0
2094303989,3,0.0
2094303999,3,0.0
2094304009,3,0.0
2094304019,3,0.0
2094304029,3,0.0
2094304039,3,0.0
2094304049,3,0.0
2094304059,3,0.0
2094304069,3,0.0
2094304079,3,0.0
2094304089,3,0.0
2094304099,3,0.0
2094304109,3,0.0
2094304119,3,0.0
2094304129,3,0.0
2094304139,3,0.0
2094304149,3,0.0
2094304159,3,0.0
2094304169,3,0.0
2094304179,3,0.0
2094304189,3,0.0
2094304199,3,0.0
2094304209,3,0.0
2094304219,3,0.0
2094304229,3,0.0
2094304239,3,0.0
2094304249,3,0.0
2094304259,3,0.0
2094304269,3,0.0
2094304279,3,0.0
2094304289,3,0.0
2094304299,3,0.0
2094304309,3,0.0
2094304319,3,0.0
2094304329,3,0.0
2094304339,3,0.0
2094304349,3,0.0
2094304359,3,0.0
2094304369,3,0.0
2094304379,3,0.0
2094304389,3,0.0
2094304399,3,0.0
2094304409,3,0.0
2094304419,3,0.0
2094304429,3,0.0
2094304439,3,0.0
2094304449,3,0.0
2094304459,3,0.0
2094304469,3,0.0
2094304479,3,0.0
2094304489,3,0.0
2094304499,3,0.0
2094304509,3,0.0
2094304519,3,0.0
2094304529,3,0.0
2094304539,3,0.0
2094304549,3,0.0
2094304559,3,0.0
2094304569,3,0.0
2094304579,3,0.0
2094304589,3,0.0
2094304599,3,0.0
2094304609,3,0.0
2094304619,3,0.0
2094304629,3,0.0
2094304639,3,0.0
2094304649,3,0.0
2094304659,3,0.0
2094304669,3,0.0
2094304679,3,0.0
2094304689,3,0.0
2094304699,3,0.0
2094304709,3,0.0
2094304719,3,0.0
2094304729,3,0.0
2094304739,3,0.0
2094304749,3,0.0
2094304759,3,0.0
2094304769,3,0.0
2094304779,3,0.0
2094304789,3,0.0
2094304799,3,0.0
2094304809,3,0.0
2094304819,3,0.0
2094304829,3,0.0
2094304839,3,0.0
2094304849,3,0.0
2094304859,3,0.0
2094304869,3,0.0
2094304879,3,0.0
2094304889,3,0.0
2094304899,3,0.0
2094304909,3,0.0
2094304919,3,0.0
2094304929,3,0.0
2094304939,3,0.0
2094304949,3,0.0
2094304959,3,0.0
2094304969,3,0.0
2094304979,3,0.0
2094304989,3,0.0
2094304999,3,0.0
2094305009,3,0.0
2094305019,3,0.0
2094305029,3,0.0
2094305039,3,0.0
2094305049,3,0.0
2094305059,3,0.0
2094305069,3,0.0
2094305079,3,0.0
2094305089,3,0.0
2094305099,3,0.0
2094305109,3,0.0
2094305119,3,0.0
2094305129,3,0.0
2094305139,3,0.0
2094305149,3,0.0
2094305159,3,0.0
2094305169,3,0.0
2094305179,3,0.0
2094305189,3,0.0
2094305199,3,0.0
2094305209,3,0.0
2094305219,3,0.0
2094305229,3,0.0
2094305239,3,0.0
2094305249,3,0.0
2094305259,3,0.0
2094305269,3,0.0
2094305279,3,0.0
2094305289,3,0.0
2094305299,3,0.0
2094305309,3,0.0
2094305319,3,0.0
2094305329,3,0.0
2094305339,3,0.0
2094305349,3,0.0
2094305359,3,0.0
2094305369,3,0.0
2094305379,3,0.0
2094305389,3,0.0
2094305399,3,0.0
2094305409,3,0.0
2094305419,3,0.0
2094305429,3,0.0
2094305439,3,0.0
2094305449,3,0.0
2094305459,3,0.0
2094305469,3,0.0
2094305479,3,0.0
2094305489,3,0.0
2094305499,3,0.0
2094305509,3,0.0
2094305519,3,0.0
2094305529,3,0.0
2094305539,3,0.0
2094305549,3,0.0
2094305559,3,0.0
2094305569,3,0.0
2094305579,3,0.0
2094305589,3,0.0
2094305599,3,0.0
2094305609,3,0.0
2094305619,3,0.0
2094305629,3,0.0
2094305639,3,0.0
2094305649,3,0.0
2094305659,3,0.0
2094305669,3,0.0
2094305679,3,0.0
2094305689,3,0.0
2094305699,3,0.0
2094305709,3,0.0
2094305719,3,0.0
2094305729,3,0.0
2094305739,3,0.0
2094305749,3,0.0
2094305759,3,0.0
2094305769,3,0.0
2094305779,3,0.0
2094305789,3,0.0
2094305799,3,0.0
2094305809,3,0.0
2094305819,3,0.0
2094305829,3,0.0
2094305839,3,0.0
2094305849,3,0.0
2094305859,3,0.0
2094305869,3,0.0
2094305879,3,0.0
2094305889,3,0.0
2094305899,3,0.0
2094305909,3,0.0
2094305919,3,0.0
2094305929,3,0.0
2094305939,3,0.0
2094305949,3,0.0
2094305959,3,0.0
2094305969,3,0.0
2094305979,3,0.0
2094305989,3,0.0
2094305999,3,0.0
2094306009,3,0.0
2094306019,3,0.0
2094306029,3,0.0
2094306039,3,0.0
2094306049,3,0.0
2094306059,3,0.0
2094306069,3,0.0
2094306079,3,0.0
2094306089,3,0.0
2094306099,3,0.0
2094306109,3,0.0
2094306119,3,0.0
2094306129,3,0.0
2094306139,3,0.0
2094306149,3,0.0
2094306159,3,0.0
2094306169,3,0.0
2094306179,3,0.0
2094306189,3,0.0
2094306199,3,0.0
2094306209,3,0.0
2094306219,3,0.0
2094306229,3,0.0
2094306239,3,0.0
2094306249,3,0.0
2094306259,3,0.0
2094306269,3,0.0
2094306279,3,0.0
2094306289,3,0.0
2094306299,3,0.0
2094306309,3,0.0
2094306319,3,0.0
2094306329,3,0.0
2094306339,3,0.0
2094306349,3,0.0
2094306359,3,0.0
2094306369,3,0.0
2094306379,3,0.0
2094306389,3,0.0
2094306399,3,0.0
2094306409,3,0.0
2094306419,3,0.0
2094306429,3,0.0
2094306439,3,0.0
2094306449,3,0.0
2094306459,3,0.0
2094306469,3,0.0
2094306479,3,0.0
2094306489,3,0.0
2094306499,3,0.0
2094306509,3,0.0
2094306519,3,0.0
2094306529,3,0.0
2094306539,3,0.0
2094306549,3,0.0
2094306559,3,0.0
2094306569,3,0.0
2094306579,3,0.0
2094306589,3,0.0
2094306599,3,0.0
2094306609,3,0.0
2094306619,3,0.0
2094306629,3,0.0
2094306639,3,0.0
2094306649,3,0.0
2094306659,3,0.0
2094306669,3,0.0
2094306679,3,0.0
2094306689,3,0.0
2094306699,3,0.0
2094306709,3,0.0
2094306719,3,0.0
2094306729,3,0.0
2094306739,3,0.0
2094306749,3,0.0
2094306759,3,0.0
2094306769,3,0.0
2094306779,3,0.0
2094306789,3,0.0
2094306799,3,0.0
2094306809,3,0.0
2094306819,3,0.0
2094306829,3,0.0
2094306839,3,0.0
2094306849,3,0.0
2094306859,3,0.0
2094306869,3,0.0
2094306879,3,0.0
2094306889,3,0.0
2094306899,3,0.0
2094306909,3,0.0
2094306919,3,0.0
2094306929,3,0.0
2094306939,3,0.0
2094306949,3,0.0
2094306959,3,0.0
2094306969,3,0.0
2094306979,3,0.0
2094306989,3,0.0
2094306999,3,0.0
2094307009,3,0.0
2094307019,3,0.0
2094307029,3,0.0
2094307039,3,0.0
2094307049,3,0.0
2094307059,3,0.0
2094307069,3,0.0
2094307079,3,0.0
2094307089,3,0.0
2094307099,3,0.0
2094307109,3,0.0
2094307119,3,0.0
2094307129,3,0.0
2094307139,3,0.0
2094307149,3,0.0
2094307159,3,0.0
2094307169,3,0.0
2094307179,3,0.0
2094307189,3,0.0
2094307199,3,0.0
2094307209,3,0.0
2094307219,3,0.0
2094307229,3,0.0
2094307239,3,0.0
2094307249,3,0.0
2094307259,3,0.0
2094307269,3,0.0
2094307279,3,0.0
2094307289,3,0.0
2094307299,3,0.0
2094307309,3,0.0
2094307319,3,0.0
2094307329,3,0.0
2094307339,3,0.0
2094307349,3,0.0
2094307359,3,0.0
2094307369,3,0.0
2094307379,3,0.0
2094307389,3,0.0
2094307399,3,0.0
2094307409,3,0.0
2094307419,3,0.0
2094307429,3,0.0
2094307439,3,0.0
2094307449,3,0.0
2094307459,3,0.0
2094307469,3,0.0
2094307479,3,0.0
2094307489,3,0.0
2094307499,3,0.0
2094307509,3,0.0
2094307519,3,0.0
2094307529,3,0.0
2094307539,3,0.0
2094307549,3,0.0
2094307559,3,0.0
2094307569,3,0.0
2094307579,3,0.0
2094307589,3,0.0
2094307599,3,0.0
2094307609,3,0.0
2094307619,3,0.0
2094307629,3,0.0
2094307639,3,0.0
2094307649,3,0.0
2094307659,3,0.0
2094307669,3,0.0
2094307679,3,0.0
2094307689,3,0.0
2094307699,3,0.0
2094307709,3,0.0
2094307719,3,0.0
2094307729,3,0.0
2094307739,3,0.0
2094307749,3,0.0
2094307759,3,0.0
2094307769,3,0.0
2094307779,3,0.0
2094307789,3,0.0
2094307799,3,0.0
2094307809,3,0.0
2094307819,3,0.0
2094307829,3,0.0
2094307839,3,0.0
2094307849,3,0.0
2094307859,3,0.0
2094307869,3,0.0
2094307879,3,0.0
2094307889,3,0.0
2094307899,3,0.0
2094307909,3,0.0
2094307919,3,0.0
2094307929,3,0.0
2094307939,3,0.0
2094307949,3,0.0
2094307959,3,0.0
2094307969,3,0.0
2094307979,3,0.0
2094307989,3,0.0
2094307999,3,0.0
2094308009,3,0.0
2094308019,3,0.0
2094308029,3,0.0
2094308039,3,0.0
2094308049,3,0.0
2094308059,3,0.0
2094308069,3,0.0
2094308079,3,0.0
2094308089,3,0.0
2094308099,3,0.0
2094308109,3,0.0
2094308119,3,0.0
2094308129,3,0.0
2094308139,3,0.0
2094308149,3,0.0
2094308159,3,0.0
2094308169,3,0.0
2094308179,3,0.0
2094308189,3,0.0
2094308199,3,0.0
2094308209,3,0.0
2094308219,3,0.0
2094308229,3,0.0
2094308239,3,0.0
2094308249,3,0.0
2094308259,3,0.0
2094308269,3,0.0
2094308279,3,0.0
2094308289,3,0.0
2094308299,3,0.0
2094308309,3,0.0
2094308319,3,0.0
2094308329,3,0.0
2094308339,3,0.0
2094308349,3,0.0
2094308359,3,0.0
2094308369,3,0.0
2094308379,3,0.0
2094308389,3,0.0
2094308399,3,0.0
2094308409,3,0.0
2094308419,3,0.0
2094308429,3,0.0
2094308439,3,0.0
2094308449,3,0.0
2094308459,3,0.0
2094308469,3,0.0
2094308479,3,0.0
2094308489,3,0.0
2094308499,3,0.0
2094308509,3,0.0
2094308519,3,0.0
2094308529,3,0.0
2094308539,3,0.0
2094308549,3,0.0
2094308559,3,0.0
2094308569,3,0.0
2094308579,3,0.0
2094308589,3,0.0
2094308599,3,0.0
2094308609,3,0.0
2094308619,3,0.0
2094308629,3,0.0
2094308639,3,0.0
2094308649,3,0.0
2094308659,3,0.0
2094308669,3,0.0
2094308679,3,0.0
2094308689,3,0.0
2094308699,3,0.0
2094308709,3,0.0
2094308719,3,0.0
2094308729,3,0.0
2094308739,3,0.0
2094308749,3,0.0
2094308759,3,0.0
2094308769,3,0.0
2094308779,3,0.0
2094308789,3,0.0
2094308799,3,0.0
2094308809,3,0.0
2094308819,3,0.0
2094308829,3,0.0
2094308839,3,0.0
2094308849,3,0.0
2094308859,3,0.0
2094308869,3,0.0
2094308879,3,0.0
2094308889,3,0.0
2094308899,3,0.0
2094308909,3,0.0
2094308919,3,0.0
2094308929,3,0.0
2094308939,3,0.0
2094308949,3,0.0
2094308959,3,0.0
2094308969,3,0.0
2094308979,3,0.0
2094308989,3,0.0
2094308999,3,0.0
2094309009,3,0.0
2094309019,3,0.0
2094309029,3,0.0
2094309039,3,0.0
2094309049,3,0.0
2094309059,3,0.0
2094309069,3,0.0
2094309079,3,0.0
2094309089,3,0.0
2094309099,3,0.0
2094309109,3,0.0
2094309119,3,0.0
2094309129,3,0.0
2094309139,3,0.0
2094309149,3,0.0
2094309159,3,0.0
2094309169,3,0.0
2094309179,3,0.0
2094309189,3,0.0
2094309199,3,0.0
2094309209,3,0.0
2094309219,3,0.0
2094309229,3,0.0
2094309239,3,0.0
2094309249,3,0.0
2094309259,3,0.0
2094309269,3,0.0
2094309279,3,0.0
2094309289,3,0.0
2094309299,3,0.0
2094309309,3,0.0
2094309319,3,0.0
2094309329,3,0.0
2094309339,3,0.0
2094309349,3,0.0
2094309359,3,0.0
2094309369,3,0.0
2094309379,3,0.0
2094309389,3,0.0
2094309399,3,0.0
2094309409,3,0.0
2094309419,3,0.0
2094309429,3,0.0
2094309439,3,0.0
2094309449,3,0.0
2094309459,3,0.0
2094309469,3,0.0
2094309479,3,0.0
2094309489,3,0.0
2094309499,3,0.0
2094309509,3,0.0
2094309519,3,0.0
2094309529,3,0.0
2094309539,3,0.0
2094309549,3,0.0
2094309559,3,0.0
2094309569,3,0.0
2094309579,3,0.0
2094309589,3,0.0
2094309599,3,0.0
2094309609,3,0.0
2094309619,3,0.0
2094309629,3,0.0
2094309639,3,0.0
2094309649,3,0.0
2094309659,3,0.0
2094309669,3,0.0
2094309679,3,0.0
2094309689,3,0.0
2094309699,3,0.0
2094309709,3,0.0
2094309719,3,0.0
2094309729,3,0.0
2094309739,3,0.0
2094309749,3,0.0
2094309759,3,0.0
2094309769,3,0.0
2094309779,3,0.0
2094309789,3,0.0
2094309799,3,0.0
2094309809,3,0.0
2094309819,3,0.0
2094309829,3,0.0
2094309839,3,0.0
2094309849,3,0.0
2094309859,3,0.0
2094309869,3,0.0
2094309879,3,0.0
2094309889,3,0.0
2094309899,3,0.0
2094309909,3,0.0
2094309919,3,0.0
2094309929,3,0.0
2094309939,3,0.0
2094309949,3,0.0
2094309959,3,0.0
2094309969,3,0.0
2094309979,3,0.0
2094309989,3,0.0
2094309999,3,0.0
2094310009,3,0.0
2094310019,3,0.0
2094310029,3,0.0
2094310039,3,0.0
2094310049,3,0.0
2094310059,3,0.0
2094310069,3,0.0
2094310079,3,0.0
2094310089,3,0.0
2094310099,3,0.0
2094310109,3,0.0
2094310119,3,0.0
2094310129,3,0.0
2094310139,3,0.0
2094310149,3,0.0
2094310159,3,0.0
2094310169,3,0.0
2094310179,3,0.0
2094310189,3,0.0
2094310199,3,0.0
2094310209,3,0.0
2094310219,3,0.0
2094310229,3,0.0
2094310239,3,0.0
2094310249,3,0.0
2094310259,3,0.0
2094310269,3,0.0
2094310279,3,0.0
2094310289,3,0.0
2094310299,3,0.0
2094310309,3,0.0
2094310319,3,0.0
2094310329,3,0.0
2094310339,3,0.0
2094310349,3,0.0
2094310359,3,0.0
2094310369,3,0.0
2094310379,3,0.0
2094310389,3,0.0
2094310399,3,0.0
2094310409,3,0.0
2094310419,3,0.0
2094310429,3,0.0
2094310439,3,0.0
2094310449,3,0.0
2094310459,3,0.0
2094310469,3,0.0
2094310479,3,0.0
2094310489,3,0.0
2094310499,3,0.0
2094310509,3,0.0
2094310519,3,0.0
2094310529,3,0.0
2094310539,3,0.0
2094310549,3,0.0
2094310559,3,0.0
2094310569,3,0.0
2094310579,3,0.0
2094310589,3,0.0
2094310599,3,0.0
2094310609,3,0.0
2094310619,3,0.0
2094310629,3,0.0
2094310639,3,0.0
2094310649,3,0.0
2094310659,3,0.0
2094310669,3,0.0
2094310679,3,0.0
2094310689,3,0.0
2094310699,3,0.0
2094310709,3,0.0
2094310719,3,0.0
2094310729,3,0.0
2094310739,3,0.0
2094310749,3,0.0
2094310759,3,0.0
2094310769,3,0.0
2094310779,3,0.0
2094310789,3,0.0
2094310799,3,0.0
2094310809,3,0.0
2094310819,3,0.0
2094310829,3,0.0
2094310839,3,0.0
2094310849,3,0.0
2094310859,3,0.0
2094310869,3,0.0
2094310879,3,0.0
2094310889,3,0.0
2094310899,3,0.0
2094310909,3,0.0
2094310919,3,0.0
2094310929,3,0.0
2094310939,3,0.0
2094310949,3,0.0
2094310959,3,0.0
2094310969,3,0.0
2094310979,3,0.0
2094310989,3,0.0
2094310999,3,0.0
2094311009,3,0.0
2094311019,3,0.0
2094311029,3,0.0
2094311039,3,0.0
2094311049,3,0.0
2094311059,3,0.0
2094311069,3,0.0
2094311079,3,0.0
2094311089,3,0.0
2094311099,3,0.0
2094311109,3,0.0
2094311119,3,0.0
2094311129,3,0.0
2094311139,3,0.0
2094311149,3,0.0
2094311159,3,0.0
2094311169,3,0.0
2094311179,3,0.0
2094311189,3,0.0
2094311199,3,0.0
2094311209,3,0.0
2094311219,3,0.0
2094311229,3,0.0
2094311239,3,0.0
2094311249,3,0.0
2094311259,3,0.0
2094311269,3,0.0
2094311279,3,0.0
2094311289,3,0.0
2094311299,3,0.0
2094311309,3,0.0
2094311319,3,0.0
2094311329,3,0.0
2094311339,3,0.0
2094311349,3,0.0
2094311359,3,0.0
2094311369,3,0.0
2094311379,3,0.0
2094311389,3,0.0
2094311399,3,0.0
2094311409,3,0.0
2094311419,3,0.0
2094311429,3,0.0
2094311439,3,0.0
2094311449,3,0.0
2094311459,3,0.0
2094311469,3,0.0
2094311479,3,0.0
2094311489,3,0.0
2094311499,3,0.0
2094311509,3,0.0
2094311519,3,0.0
2094311529,3,0.0
2094311539,3,0.0
2094311549,3,0.0
2094311559,3,0.0
2094311569,3,0.0
2094311579,3,0.0
2094311589,3,0.0
2094311599,3,0.0
2094311609,3,0.0
2094311619,3,0.0
2094311629,3,0.0
2094311639,3,0.0
2094311649,3,0.0
2094311659,3,0.0
2094311669,3,0.0
2094311679,3,0.0
2094311689,3,0.0
2094311699,3,0.0
2094311709,3,0.0
2094311719,3,0.0
2094311729,3,0.0
2094311739,3,0.0
2094311749,3,0.0
2094311759,3,0.0
2094311769,3,0.0
2094311779,3,0.0
2094311789,3,0.0
2094311799,3,0.0
2094311809,3,0.0
2094311819,3,0.0
2094311829,3,0.0
2094311839,3,0.0
2094311849,3,0.0
2094311859,3,0.0
2094311869,3,0.0
2094311879,3,0.0
2094311889,3,0.0
2094311899,3,0.0
2094311909,3,0.0
2094311919,3,0.0
2094311929,3,0.0
2094311939,3,0.0
2094311949,3,0.0
2094311959,3,0.0
2094311969,3,0.0
2094311979,3,0.0
2094311989,3,0.0
2094311999,3,0.0
2094312009,3,0.0
2094312019,3,0.0
2094312029,3,0.0
2094312039,3,0.0
2094312049,3,0.0
2094312059,3,0.0
2094312069,3,0.0
2094312079,3,0.0
2094312089,3,0.0
2094312099,3,0.0
2094312109,3,0.0
2094312119,3,0.0
2094312129,3,0.0
2094312139,3,0.0
2094312149,3,0.0
2094312159,3,0.0
2094312169,3,0.0
2094312179,3,0.0
2094312189,3,0.0
2094312199,3,0.0
2094312209,3,0.0
2094312219,3,0.0
2094312229,3,0.0
2094312239,3,0.0
2094312249,3,0.0
2094312259,3,0.0
2094312269,3,0.0
2094312279,3,0.0
2094312289,3,0.0
2094312299,3,0.0
2094312309,3,0.0
2094312319,3,0.0
2094312329,3,0.0
2094312339,3,0.0
2094312349,3,0.0
2094312359,3,0.0
2094312369,3,0.0
2094312379,3,0.0
2094312389,3,0.0
2094312399,3,0.0
2094312409,3,0.0
2094312419,3,0.0
2094312429,3,0.0
2094312439,3,0.0
2094312449,3,0.0
2094312459,3,0.0
2094312469,3,0.0
2094312479,3,0.0
2094312489,3,0.0
2094312499,3,0.0
2094312509,3,0.0
2094312519,3,0.0
2094312529,3,0.0
2094312539,3,0.0
2094312549,3,0.0
2094312559,3,0.0
2094312569,3,0.0
2094312579,3,0.0
2094312589,3,0.0
2094312599,3,0.0
2094312609,3,0.0
2094312619,3,0.0
2094312629,3,0.0
2094312639,3,0.0
2094312649,3,0.0
2094312659,3,0.0
2094312669,3,0.0
2094312679,3,0.0
2094312689,3,0.0
2094312699,3,0.0
2094312709,3,0.0
2094312719,3,0.0
2094312729,3,0.0
2094312739,3,0.0
2094312749,3,0.0
2094312759,3,0.0
2094312769,3,0.0
2094312779,3,0.0
2094312789,3,0.0
2094312799,3,0.0
2094312809,3,0.0
2094312819,3,0.0
2094312829,3,0.0
2094312839,3,0.0
2094312849,3,0.0
2094312859,3,0.0
2094312869,3,0.0
2094312879,3,0.0
2094312889,3,0.0
2094312899,3,0.0
2094312909,3,0.0
2094312919,3,0.0
2094312929,3,0.0
2094312939,3,0.0
2094312949,3,0.0
2094312959,3,0.0
2094312969,3,0.0
2094312979,3,0.0
2094312989,3,0.0
2094312999,3,0.0
2094313009,3,0.0
2094313019,3,0.0
2094313029,3,0.0
2094313039,3,0.0
2094313049,3,0.0
2094313059,3,0.0
2094313069,3,0.0
2094313079,3,0.0
2094313089,3,0.0
2094313099,3,0.0
2094313109,3,0.0
2094313119,3,0.0
2094313129,3,0.0
2094313139,3,0.0
2094313149,3,0.0
2094313159,3,0.0
2094313169,3,0.0
2094313179,3,0.0
2094313189,3,0.0
2094313199,3,0.0
2094313209,3,0.0
2094313219,3,0.0
2094313229,3,0.0
2094313239,3,0.0
2094313249,3,0.0
2094313259,3,0.0
2094313269,3,0.0
2094313279,3,0.0
2094313289,3,0.0
2094313299,3,0.0
2094313309,3,0.0
2094313319,3,0.0
2094313329,3,0.0
2094313339,3,0.0
2094313349,3,0.0
2094313359,3,0.0
2094313369,3,0.0
2094313379,3,0.0
2094313389,3,0.0
2094313399,3,0.0
2094313409,3,0.0
2094313419,3,0.0
2094313429,3,0.0
2094313439,3,0.0
2094313449,3,0.0
2094313459,3,0.0
2094313469,3,0.0
2094313479,3,0.0
2094313489,3,0.0
2094313499,3,0.0
2094313509,3,0.0
2094313519,3,0.0
2094313529,3,0.0
2094313539,3,0.0
2094313549,3,0.0
2094313559,3,0.0
2094313569,3,0.0
2094313579,3,0.0
2094313589,3,0.0
2094313599,3,0.0
2094313609,3,0.0
2094313619,3,0.0
2094313629,3,0.0
2094313639,3,0.0
2094313649,3,0.0
2094313659,3,0.0
2094313669,3,0.0
2094313679,3,0.0
2094313689,3,0.0
2094313699,3,0.0
2094313709,3,0.0
2094313719,3,0.0
2094313729,3,0.0
2094313739,3,0.0
2094313749,3,0.0
2094313759,3,0.0
2094313769,3,0.0
2094313779,3,0.0
2094313789,3,0.0
2094313799,3,0.0
2094313809,3,0.0
2094313819,3,0.0
2094313829,3,0.0
2094313839,3,0.0
2094313849,3,0.0
2094313859,3,0.0
2094313869,3,0.0
2094313879,3,0.0
2094313889,3,0.0
2094313899,3,0.0
2094313909,3,0.0
2094313919,3,0.0
2094313929,3,0.0
2094313939,3,0.0
2094313949,3,0.0
2094313959,3,0.0
2094313969,3,0.0
2094313979,3,0.0
2094313989,3,0.0
2094313999,3,0.0
2094314009,3,0.0
2094314019,3,0.0
2094314029,3,0.0
2094314039,3,0.0
2094314049,3,0.0
2094314059,3,0.0
2094314069,3,0.0
2094314079,3,0.0
2094314089,3,0.0
2094314099,3,0.0
2094314109,3,0.0
2094314119,3,0.0
2094314129,3,0.0
2094314139,3,0.0
2094314149,3,0.0
2094314159,3,0.0
2094314169,3,0.0
2094314179,3,0.0
2094314189,3,0.0
2094314199,3,0.0
2094314209,3,0.0
2094314219,3,0.0
2094314229,3,0.0
2094314239,3,0.0
2094314249,3,0.0
2094314259,3,0.0
2094314269,3,0.0
2094314279,3,0.0
2094314289,3,0.0
2094314299,3,0.0
2094314309,3,0.0
2094314319,3,0.0
2094314329,3,0.0
2094314339,3,0.0
2094314349,3,0.0
2094314359,3,0.0
2094314369,3,0.0
2094314379,3,0.0
2094314389,3,0.0
2094314399,3,0.0
2094314409,3,0.0
2094314419,3,0.0
2094314429,3,0.0
2094314439,3,0.0
2094314449,3,0.0
2094314459,3,0.0
2094314469,3,0.0
2094314479,3,0.0
2094314489,3,0.0
2094314499,3,0.0
2094314509,3,0.0
2094314519,3,0.0
2094314529,3,0.0
2094314539,3,0.0
2094314549,3,0.0
2094314559,3,0.0
2094314569,3,0.0
2094314579,3,0.0
2094314589,3,0.0
2094314599,3,0.0
2094314609,3,0.0
2094314619,3,0.0
2094314629,3,0.0
2094314639,3,0.0
2094314649,3,0.0
2094314659,3,0.0
2094314669,3,0.0
2094314679,3,0.0
2094314689,3,0.0
2094314699,3,0.0
2094314709,3,0.0
2094314719,3,0.0
2094314729,3,0.0
2094314739,3,0.0
2094314749,3,0.0
2094314759,3,0.0
2094314769,3,0.0
2094314779,3,0.0
2094314789,3,0.0
2094314799,3,0.0
2094314809,3,0.0
2094314819,3,0.0
2094314829,3,0.0
2094314839,3,0.0
2094314849,3,0.0
2094314859,3,0.0
2094314869,3,0.0
2094314879,3,0.0
2094314889,3,0.0
2094314899,3,0.0
2094314909,3,0.0
2094314919,3,0.0
2094314929,3,0.0
2094314939,3,0.0
2094314949,3,0.0
2094314959,3,0.0
2094314969,3,0.0
2094314979,3,0.0
2094314989,3,0.0
2094314999,3,0.0
2094315009,3,0.0
2094315019,3,0.0
2094315029,3,0.0
2094315039,3,0.0
2094315049,3,0.0
2094315059,3,0.0
2094315069,3,0.0
2094315079,3,0.0
2094315089,3,0.0
2094315099,3,0.0
2094315109,3,0.0
2094315119,3,0.0
2094315129,3,0.0
2094315139,3,0.0
2094315149,3,0.0
2094315159,3,0.0
2094315169,3,0.0
2094315179,3,0.0
2094315189,3,0.0
2094315199,3,0.0
2094315209,3,0.0
2094315219,3,0.0
2094315229,3,0.0
2094315239,3,0.0
2094315249,3,0.0
2094315259,3,0.0
2094315269,3,0.0
2094315279,3,0.0
2094315289,3,0.0
2094315299,3,0.0
2094315309,3,0.0
2094315319,3,0.0
2094315329,3,0.0
2094315339,3,0.0
2094315349,3,0.0
2094315359,3,0.0
2094315369,3,0.0
2094315379,3,0.0
2094315389,3,0.0
2094315399,3,0.0
2094315409,3,0.0
2094315419,3,0.0
2094315429,3,0.0
2094315439,3,0.0
2094315449,3,0.0
2094315459,3,0.0
2094315469,3,0.0
2094315479,3,0.0
2094315489,3,0.0
2094315499,3,0.0
2094315509,3,0.0
2094315519,3,0.0
2094315529,3,0.0
2094315539,3,0.0
2094315549,3,0.0
2094315559,3,0.0
2094315569,3,0.0
2094315579,3,0.0
2094315589,3,0.0
2094315599,3,0.0
2094315609,3,0.0
2094315619,3,0.0
2094315629,3,0.0
2094315639,3,0.0
2094315649,3,0.0
2094315659,3,0.0
2094315669,3,0.0
2094315679,3,0.0
2094315689,3,0.0
2094315699,3,0.0
2094315709,3,0.0
2094315719,3,0.0
2094315729,3,0.0
2094315739,3,0.0
2094315749,3,0.0
2094315759,3,0.0
2094315769,3,0.0
2094315779,3,0.0
2094315789,3,0.0
2094315799,3,0.0
2094315809,3,0.0
2094315819,3,0.0
2094315829,3,0.0
2094315839,3,0.0
2094315849,3,0.0
2094315859,3,0.0
2094315869,3,0.0
2094315879,3,0.0
2094315889,3,0.0
2094315899,3,0.0
2094315909,3,0.0
2094315919,3,0.0
2094315929,3,0.0
2094315939,3,0.0
2094315949,3,0.0
2094315959,3,0.0
2094315969,3,0.0
2094315979,3,0.0
2094315989,3,0.0
2094315999,3,0.0
2094316009,3,0.0
2094316019,3,0.0
2094316029,3,0.0
2094316039,3,0.0
2094316049,3,0.0
2094316059,3,0.0
2094316069,3,0.0
2094316079,3,0.0
2094316089,3,0.0
2094316099,3,0.0
2094316109,3,0.0
2094316119,3,0.0
2094316129,3,0.0
2094316139,3,0.0
2094316149,3,0.0
2094316159,3,0.0
2094316169,3,0.0
2094316179,3,0.0
2094316189,3,0.0
2094316199,3,0.0
2094316209,3,0.0
2094316219,3,0.0
2094316229,3,0.0
2094316239,3,0.0
2094316249,3,0.0
2094316259,3,0.0
2094316269,3,0.0
2094316279,3,0.0
2094316289,3,0.0
2094316299,3,0.0
2094316309,3,0.0
2094316319,3,0.0
2094316329,3,0.0
2094316339,3,0.0
2094316349,3,0.0
2094316359,3,0.0
2094316369,3,0.0
2094316379,3,0.0
2094316389,3,0.0
2094316399,3,0.0
2094316409,3,0.0
2094316419,3,0.0
2094316429,3,0.0
2094316439,3,0.0
2094316449,3,0.0
2094316459,3,0.0
2094316469,3,0.0
2094316479,3,0.0
2094316489,3,0.0
2094316499,3,0.0
2094316509,3,0.0
2094316519,3,0.0
2094316529,3,0.0
2094316539,3,0.0
2094316549,3,0.0
2094316559,3,0.0
2094316569,3,0.0
2094316579,3,0.0
2094316589,3,0.0
2094316599,3,0.0
2094316609,3,0.0
2094316619,3,0.0
2094316629,3,0.0
2094316639,3,0.0
2094316649,3,0.0
2094316659,3,0.0
2094316669,3,0.0
2094316679,3,0.0
2094316689,3,0.0
2094316699,3,0.0
2094316709,3,0.0
2094316719,3,0.0
2094316729,3,0.0
2094316739,3,0.0
2094316749,3,0.0
2094316759,3,0.0
2094316769,3,0.0
2094316779,3,0.0
2094316789,3,0.0
2094316799,3,0.0
2094316809,3,0.0
2094316819,3,0.0
2094316829,3,0.0
2094316839,3,0.0
2094316849,3,0.0
2094316859,3,0.0
2094316869,3,0.0
2094316879,3,0.0
2094316889,3,0.0
2094316899,3,0.0
2094316909,3,0.0
2094316919,3,0.0
2094316929,3,0.0
2094316939,3,0.0
2094316949,3,0.0
2094316959,3,0.0
2094316969,3,0.0
2094316979,3,0.0
2094316989,3,0.0
2094316999,3,0.0
2094317009,3,0.0
2094317019,3,0.0
2094317029,3,0.0
2094317039,3,0.0
2094317049,3,0.0
2094317059,3,0.0
2094317069,3,0.0
2094317079,3,0.0
2094317089,3,0.0
2094317099,3,0.0
2094317109,3,0.0
2094317119,3,0.0
2094317129,3,0.0
2094317139,3,0.0
2094317149,3,0.0
2094317159,3,0.0
2094317169,3,0.0
2094317179,3,0.0
2094317189,3,0.0
2094317199,3,0.0
2094317209,3,0.0
2094317219,3,0.0
2094317229,3,0.0
2094317239,3,0.0
2094317249,3,0.0
2094317259,3,0.0
2094317269,3,0.0
2094317279,3,0.0
2094317289,3,0.0
2094317299,3,0.0
2094317309,3,0.0
2094317319,3,0.0
2094317329,3,0.0
2094317339,3,0.0
2094317349,3,0.0
2094317359,3,0.0
2094317369,3,0.0
2094317379,3,0.0
2094317389,3,0.0
2094317399,3,0.0
2094317409,3,0.0
2094317419,3,0.0
2094317429,3,0.0
2094317439,3,0.0
2094317449,3,0.0
2094317459,3,0.0
2094317469,3,0.0
2094317479,3,0.0
2094317489,3,0.0
2094317499,3,0.0
2094317509,3,0.0
2094317519,3,0.0
2094317529,3,0.0
2094317539,3,0.0
2094317549,3,0.0
2094317559,3,0.0
2094317569,3,0.0
2094317579,3,0.0
2094317589,3,0.0
2094317599,3,0.0
2094317609,3,0.0
2094317619,3,0.0
2094317629,3,0.0
2094317639,3,0.0
2094317649,3,0.0
2094317659,3,0.0
2094317669,3,0.0
2094317679,3,0.0
2094317689,3,0.0
2094317699,3,0.0
2094317709,3,0.0
2094317719,3,0.0
2094317729,3,0.0
2094317739,3,0.0
2094317749,3,0.0
2094317759,3,0.0
2094317769,3,0.0
2094317779,3,0.0
2094317789,3,0.0
2094317799,3,0.0
2094317809,3,0.0
2094317819,3,0.0
2094317829,3,0.0
2094317839,3,0.0
2094317849,3,0.0
2094317859,3,0.0
2094317869,3,0.0
2094317879,3,0.0
2094317889,3,0.0
2094317899,3,0.0
2094317909,3,0.0
2094317919,3,0.0
2094317929,3,0.0
2094317939,3,0.0
2094317949,3,0.0
2094317959,3,0.0
2094317969,3,0.0
2094317979,3,0.0
2094317989,3,0.0
2094317999,3,0.0
2094318009,3,0.0
2094318019,3,0.0
2094318029,3,0.0
2094318039,3,0.0
2094318049,3,0.0
2094318059,3,0.0
2094318069,3,0.0
2094318079,3,0.0
2094318089,3,0.0
2094318099,3,0.0
2094318109,3,0.0
2094318119,3,0.0
2094318129,3,0.0
2094318139,3,0.0
2094318149,3,0.0
2094318159,3,0.0
2094318169,3,0.0
2094318179,3,0.0
2094318189,3,0.0
2094318199,3,0.0
2094318209,3,0.0
2094318219,3,0.0
2094318229,3,0.0
2094318239,3,0.0
2094318249,3,0.0
2094318259,3,0.0
2094318269,3,0.0
2094318279,3,0.0
2094318289,3,0.0
2094318299,3,0.0
2094318309,3,0.0
2094318319,3,0.0
2094318329,3,0.0
2094318339,3,0.0
2094318349,3,0.0
2094318359,3,0.0
2094318369,3,0.0
2094318379,3,0.0
2094318389,3,0.0
2094318399,3,0.0
2094318409,3,0.0
2094318419,3,0.0
2094318429,3,0.0
2094318439,3,0.0
2094318449,3,0.0
2094318459,3,0.0
2094318469,3,0.0
2094318479,3,0.0
2094318489,3,0.0
2094318499,3,0.0
2094318509,3,0.0
2094318519,3,0.0
2094318529,3,0.0
2094318539,3,0.0
2094318549,3,0.0
2094318559,3,0.0
2094318569,3,0.0
2094318579,3,0.0
2094318589,3,0.0
2094318599,3,0.0
2094318609,3,0.0
2094318619,3,0.0
2094318629,3,0.0
2094318639,3,0.0
2094318649,3,0.0
2094318659,3,0.0
2094318669,3,0.0
2094318679,3,0.0
2094318689,3,0.0
2094318699,3,0.0
2094318709,3,0.0
2094318719,3,0.0
2094318729,3,0.0
2094318739,3,0.0
2094318749,3,0.0
2094318759,3,0.0
2094318769,3,0.0
2094318779,3,0.0
2094318789,3,0.0
2094318799,3,0.0
2094318809,3,0.0
2094318819,3,0.0
2094318829,3,0.0
2094318839,3,0.0
2094318849,3,0.0
2094318859,3,0.0
2094318869,3,0.0
2094318879,3,0.0
2094318889,3,0.0
2094318899,3,0.0
2094318909,3,0.0
2094318919,3,0.0
2094318929,3,0.0
2094318939,3,0.0
2094318949,3,0.0
2094318959,3,0.0
2094318969,3,0.0
2094318979,3,0.0
2094318989,3,0.0
2094318999,3,0.0
2094319009,3,0.0
2094319019,3,0.0
2094319029,3,0.0
2094319039,3,0.0
2094319049,3,0.0
2094319059,3,0.0
2094319069,3,0.0
2094319079,3,0.0
2094319089,3,0.0
2094319099,3,0.0
2094319109,3,0.0
2094319119,3,0.0
2094319129,3,0.0
2094319139,3,0.0
2094319149,3,0.0
2094319159,3,0.0
2094319169,3,0.0
2094319179,3,0.0
2094319189,3,0.0
2094319199,3,0.0
2094319209,3,0.0
2094319219,3,0.0
2094319229,3,0.0
2094319239,3,0.0
2094319249,3,0.0
2094319259,3,0.0
2094319269,3,0.0
2094319279,3,0.0
2094319289,3,0.0
2094319299,3,0.0
2094319309,3,0.0
2094319319,3,0.0
2094319329,3,0.0
2094319339,3,0.0
2094319349,3,0.0
2094319359,3,0.0
2094319369,3,0.0
2094319379,3,0.0
2094319389,3,0.0
2094319399,3,0.0
2094319409,3,0.0
2094319419,3,0.0
2094319429,3,0.0
2094319439,3,0.0
2094319449,3,0.0
2094319459,3,0.0
2094319469,3,0.0
2094319479,3,0.0
2094319489,3,0.0
2094319499,3,0.0
2094319509,3,0.0
2094319519,3,0.0
2094319529,3,0.0
2094319539,3,0.0
2094319549,3,0.0
2094319559,3,0.0
2094319569,3,0.0
2094319579,3,0.0
2094319589,3,0.0
2094319599,3,0.0
2094319609,3,0.0
2094319619,3,0.0
2094319629,3,0.0
2094319639,3,0.0
2094319649,3,0.0
2094319659,3,0.0
2094319669,3,0.0
2094319679,3,0.0
2094319689,3,0.0
2094319699,3,0.0
2094319709,3,0.0
2094319719,3,0.0
2094319729,3,0.0
2094319739,3,0.0
2094319749,3,0.0
2094319759,3,0.0
2094319769,3,0.0
2094319779,3,0.0
2094319789,3,0.0
2094319799,3,0.0
2094319809,3,0.0
2094319819,3,0.0
2094319829,3,0.0
2094319839,3,0.0
2094319849,3,0.0
2094319859,3,0.0
2094319869,3,0.0
2094319879,3,0.0
2094319889,3,0.0
2094319899,3,0.0
2094319909,3,0.0
2094319919,3,0.0
2094319929,3,0.0
2094319939,3,0.0
2094319949,3,0.0
2094319959,3,0.0
2094319969,3,0.0
2094319979,3,0.0
2094319989,3,0.0
2094319999,3,0.0
2094320009,3,0.0
2094320019,3,0.0
2094320029,3,0.0
2094320039,3,0.0
2094320049,3,0.0
2094320059,3,0.0
2094320069,3,0.0
2094320079,3,0.0
2094320089,3,0.0
2094320099,3,0.0
2094320109,3,0.0
2094320119,3,0.0
2094320129,3,0.0
2094320139,3,0.0
2094320149,3,0.0
2094320159,3,0.0
2094320169,3,0.0
2094320179,3,0.0
2094320189,3,0.0
2094320199,3,0.0
2094320209,3,0.0
2094320219,3,0.0
2094320229,3,0.0
2094320239,3,0.0
2094320249,3,0.0
2094320259,3,0.0
2094320269,3,0.0
2094320279,3,0.0
2094320289,3,0.0
2094320299,3,0.0
2094320309,3,0.0
2094320319,3,0.0
2094320329,3,0.0
2094320339,3,0.0
2094320349,3,0.0
2094320359,3,0.0
2094320369,3,0.0
2094320379,3,0.0
2094320389,3,0.0
2094320399,3,0.0
2094320409,3,0.0
2094320419,3,0.0
2094320429,3,0.0
2094320439,3,0.0
2094320449,3,0.0
2094320459,3,0.0
2094320469,3,0.0
2094320479,3,0.0
2094320489,3,0.0
2094320499,3,0.0
2094320509,3,0.0
2094320519,3,0.0
2094320529,3,0.0
2094320539,3,0.0
2094320549,3,0.0
2094320559,3,0.0
2094320569,3,0.0
2094320579,3,0.0
2094320589,3,0.0
2094320599,3,0.0
2094320609,3,0.0
2094320619,3,0.0
2094320629,3,0.0
2094320639,3,0.0
2094320649,3,0.0
2094320659,3,0.0
2094320669,3,0.0
2094320679,3,0.0
2094320689,3,0.0
2094320699,3,0.0
2094320709,3,0.0
2094320719,3,0.0
2094320729,3,0.0
2094320739,3,0.0
2094320749,3,0.0
2094320759,3,0.0
2094320769,3,0.0
2094320779,3,0.0
2094320789,3,0.0
2094320799,3,0.0
2094320809,3,0.0
2094320819,3,0.0
2094320829,3,0.0
2094320839,3,0.0
2094320849,3,0.0
2094320859,3,0.0
2094320869,3,0.0
2094320879,3,0.0
2094320889,3,0.0
2094320899,3,0.0
2094320909,3,0.0
2094320919,3,0.0
2094320929,3,0.0
2094320939,3,0.0
2094320949,3,0.0
2094320959,3,0.0
2094320969,3,0.0
2094320979,3,0.0
2094320989,3,0.0
2094320999,3,0.0
2094321009,3,0.0
2094321019,3,0.0
2094321029,3,0.0
2094321039,3,0.0
2094321049,3,0.0
2094321059,3,0.0
2094321069,3,0.0
2094321079,3,0.0
2094321089,3,0.0
2094321099,3,0.0
2094321109,3,0.0
2094321119,3,0.0
2094321129,3,0.0
2094321139,3,0.0
2094321149,3,0.0
2094321159,3,0.0
2094321169,3,0.0
2094321179,3,0.0
2094321189,3,0.0
2094321199,3,0.0
2094321209,3,0.0
2094321219,3,0.0
2094321229,3,0.0
2094321239,3,0.0
2094321249,3,0.0
2094321259,3,0.0
2094321269,3,0.0
2094321279,3,0.0
2094321289,3,0.0
2094321299,3,0.0
2094321309,3,0.0
2094321319,3,0.0
2094321329,3,0.0
2094321339,3,0.0
2094321349,3,0.0
2094321359,3,0.0
2094321369,3,0.0
2094321379,3,0.0
2094321389,3,0.0
2094321399,3,0.0
2094321409,3,0.0
2094321419,3,0.0
2094321429,3,0.0
2094321439,3,0.0
2094321449,3,0.0
2094321459,3,0.0
2094321469,3,0.0
2094321479,3,0.0
2094321489,3,0.0
2094321499,3,0.0
2094321509,3,0.0
2094321519,3,0.0
2094321529,3,0.0
2094321539,3,0.0
2094321549,3,0.0
2094321559,3,0.0
2094321569,3,0.0
2094321579,3,0.0
2094321589,3,0.0
2094321599,3,0.0
2094321609,3,0.0
2094321619,3,0.0
2094321629,3,0.0
2094321639,3,0.0
2094321649,3,0.0
2094321659,3,0.0
2094321669,3,0.0
2094321679,3,0.0
2094321689,3,0.0
2094321699,3,0.0
2094321709,3,0.0
2094321719,3,0.0
2094321729,3,0.0
2094321739,3,0.0
2094321749,3,0.0
2094321759,3,0.0
2094321769,3,0.0
2094321779,3,0.0
2094321789,3,0.0
2094321799,3,0.0
2094321809,3,0.0
2094321819,3,0.0
2094321829,3,0.0
2094321839,3,0.0
2094321849,3,0.0
2094321859,3,0.0
2094321869,3,0.0
2094321879,3,0.0
2094321889,3,0.0
2094321899,3,0.0
2094321909,3,0.0
2094321919,3,0.0
2094321929,3,0.0
2094321939,3,0.0
2094321949,3,0.0
2094321959,3,0.0
2094321969,3,0.0
2094321979,3,0.0
2094321989,3,0.0
2094321999,3,0.0
2094322009,3,0.0
2094322019,3,0.0
2094322029,3,0.0
2094322039,3,0.0
2094322049,3,0.0
2094322059,3,0.0
2094322069,3,0.0
2094322079,3,0.0
2094322089,3,0.0
2094322099,3,0.0
2094322109,3,0.0
2094322119,3,0.0
2094322129,3,0.0
2094322139,3,0.0
2094322149,3,0.0
2094322159,3,0.0
2094322169,3,0.0
2094322179,3,0.0
2094322189,3,0.0
2094322199,3,0.0
2094322209,3,0.0
2094322219,3,0.0
2094322229,3,0.0
2094322239,3,0.0
2094322249,3,0.0
2094322259,3,0.0
2094322269,3,0.0
2094322279,3,0.0
2094322289,3,0.0
2094322299,3,0.0
2094322309,3,0.0
2094322319,3,0.0
2094322329,3,0.0
2094322339,3,0.0
2094322349,3,0.0
2094322359,3,0.0
2094322369,3,0.0
2094322379,3,0.0
2094322389,3,0.0
2094322399,3,0.0
2094322409,3,0.0
2094322419,3,0.0
2094322429,3,0.0
2094322439,3,0.0
2094322449,3,0.0
2094322459,3,0.0
2094322469,3,0.0
2094322479,3,0.0
2094322489,3,0.0
2094322499,3,0.0
2094322509,3,0.0
2094322519,3,0.0
2094322529,3,0.0
2094322539,3,0.0
2094322549,3,0.0
2094322559,3,0.0
2094322569,3,0.0
2094322579,3,0.0
2094322589,3,0.0
2094322599,3,0.0
2094322609,3,0.0
2094322619,3,0.0
2094322629,3,0.0
2094322639,3,0.0
2094322649,3,0.0
2094322659,3,0.0
2094322669,3,0.0
2094322679,3,0.0
2094322689,3,0.0
2094322699,3,0.0
2094322709,3,0.0
2094322719,3,0.0
2094322729,3,0.0
2094322739,3,0.0
2094322749,3,0.0
2094322759,3,0.0
2094322769,3,0.0
2094322779,3,0.0
2094322789,3,0.0
2094322799,3,0.0
2094322809,3,0.0
2094322819,3,0.0
2094322829,3,0.0
2094322839,3,0.0
2094322849,3,0.0
2094322859,3,0.0
2094322869,3,0.0
2094322879,3,0.0
2094322889,3,0.0
2094322899,3,0.0
2094322909,3,0.0
2094322919,3,0.0
2094322929,3,0.0
2094322939,3,0.0
2094322949,3,0.0
2094322959,3,0.0
2094322969,3,0.0
2094322979,3,0.0
2094322989,3,0.0
2094322999,3,0.0
2094323009,3,0.0
2094323019,3,0.0
2094323029,3,0.0
2094323039,3,0.0
2094323049,3,0.0
2094323059,3,0.0
2094323069,3,0.0
2094323079,3,0.0
2094323089,3,0.0
2094323099,3,0.0
2094323109,3,0.0
2094323119,3,0.0
2094323129,3,0.0
2094323139,3,0.0
2094323149,3,0.0
2094323159,3,0.0
2094323169,3,0.0
2094323179,3,0.0
2094323189,3,0.0
2094323199,3,0.0
2094323209,3,0.0
2094323219,3,0.0
2094323229,3,0.0
2094323239,3,0.0
2094323249,3,0.0
2094323259,3,0.0
2094323269,3,0.0
2094323279,3,0.0
2094323289,3,0.0
2094323299,3,0.0
2094323309,3,0.0
2094323319,3,0.0
2094323329,3,0.0
2094323339,3,0.0
2094323349,3,0.0
2094323359,3,0.0
2094323369,3,0.0
2094323379,3,0.0
2094323389,3,0.0
2094323399,3,0.0
2094323409,3,0.0
2094323419,3,0.0
2094323429,3,0.0
2094323439,3,0.0
2094323449,3,0.0
2094323459,3,0.0
2094323469,3,0.0
2094323479,3,0.0
2094323489,3,0.0
2094323499,3,0.0
2094323509,3,0.0
2094323519,3,0.0
2094323529,3,0.0
2094323539,3,0.0
2094323549,3,0.0
2094323559,3,0.0
2094323569,3,0.0
2094323579,3,0.0
2094323589,3,0.0
2094323599,3,0.0
2094323609,3,0.0
2094323619,3,0.0
2094323629,3,0.0
2094323639,3,0.0
2094323649,3,0.0
2094323659,3,0.0
2094323669,3,0.0
2094323679,3,0.0
2094323689,3,0.0
2094323699,3,0.0
2094323709,3,0.0
2094323719,3,0.0
2094323729,3,0.0
2094323739,3,0.0
2094323749,3,0.0
2094323759,3,0.0
2094323769,3,0.0
2094323779,3,0.0
2094323789,3,0.0
2094323799,3,0.0
2094323809,3,0.0
2094323819,3,0.0
2094323829,3,0.0
2094323839,3,0.0
2094323849,3,0.0
2094323859,3,0.0
2094323869,3,0.0
2094323879,3,0.0
2094323889,3,0.0
2094323899,3,0.0
2094323909,3,0.0
2094323919,3,0.0
2094323929,3,0.0
2094323939,3,0.0
2094323949,3,0.0
2094323959,3,0.0
2094323969,3,0.0
2094323979,3,0.0
2094323989,3,0.0
2094323999,3,0.0
2094324009,3,0.0
2094324019,3,0.0
2094324029,3,0.0
2094324039,3,0.0
2094324049,3,0.0
2094324059,3,0.0
2094324069,3,0.0
2094324079,3,0.0
2094324089,3,0.0
2094324099,3,0.0
2094324109,3,0.0
2094324119,3,0.0
2094324129,3,0.0
2094324139,3,0.0
2094324149,3,0.0
2094324159,3,0.0
2094324169,3,0.0
2094324179,3,0.0
2094324189,3,0.0
2094324199,3,0.0
2094324209,3,0.0
2094324219,3,0.0
2094324229,3,0.0
2094324239,3,0.0
2094324249,3,0.0
2094324259,3,0.0
2094324269,3,0.0
2094324279,3,0.0
2094324289,3,0.0
2094324299,3,0.0
2094324309,3,0.0
2094324319,3,0.0
2094324329,3,0.0
2094324339,3,0.0
2094324349,3,0.0
2094324359,3,0.0
2094324369,3,0.0
2094324379,3,0.0
2094324389,3,0.0
2094324399,3,0.0
2094324409,3,0.0
2094324419,3,0.0
2094324429,3,0.0
2094324439,3,0.0
2094324449,3,0.0
2094324459,3,0.0
2094324469,3,0.0
2094324479,3,0.0
2094324489,3,0.0
2094324499,3,0.0
2094324509,3,0.0
2094324519,3,0.0
2094324529,3,0.0
2094324539,3,0.0
2094324549,3,0.0
2094324559,3,0.0
2094324569,3,0.0
2094324579,3,0.0
2094324589,3,0.0
2094324599,3,0.0
2094324609,3,0.0
2094324619,3,0.0
2094324629,3,0.0
2094324639,3,0.0
2094324649,3,0.0
2094324659,3,0.0
2094324669,3,0.0
2094324679,3,0.0
2094324689,3,0.0
2094324699,3,0.0
2094324709,3,0.0
2094324719,3,0.0
2094324729,3,0.0
2094324739,3,0.0
2094324749,3,0.0
2094324759,3,0.0
2094324769,3,0.0
2094324779,3,0.0
2094324789,3,0.0
2094324799,3,0.0
2094324809,3,0.0
2094324819,3,0.0
2094324829,3,0.0
2094324839,3,0.0
2094324849,3,0.0
2094324859,3,0.0
2094324869,3,0.0
2094324879,3,0.0
2094324889,3,0.0
2094324899,3,0.0
2094324909,3,0.0
2094324919,3,0.0
2094324929,3,0.0
2094324939,3,0.0
2094324949,3,0.0
2094324959,3,0.0
2094324969,3,0.0
2094324979,3,0.0
2094324989,3,0.0
2094324999,3,0.0
2094325009,3,0.0
2094325019,3,0.0
2094325029,3,0.0
2094325039,3,0.0
2094325049,3,0.0
2094325059,3,0.0
2094325069,3,0.0
2094325079,3,0.0
2094325089,3,0.0
2094325099,3,0.0
2094325109,3,0.0
2094325119,3,0.0
2094325129,3,0.0
2094325139,3,0.0
2094325149,3,0.0
2094325159,3,0.0
2094325169,3,0.0
2094325179,3,0.0
2094325189,3,0.0
2094325199,3,0.0
2094325209,3,0.0
2094325219,3,0.0
2094325229,3,0.0
2094325239,3,0.0
2094325249,3,0.0
2094325259,3,0.0
2094325269,3,0.0
2094325279,3,0.0
2094325289,3,0.0
2094325299,3,0.0
2094325309,3,0.0
2094325319,3,0.0
2094325329,3,0.0
2094325339,3,0.0
2094325349,3,0.0
2094325359,3,0.0
2094325369,3,0.0
2094325379,3,0.0
2094325389,3,0.0
2094325399,3,0.0
2094325409,3,0.0
2094325419,3,0.0
2094325429,3,0.0
2094325439,3,0.0
2094325449,3,0.0
2094325459,3,0.0
2094325469,3,0.0
2094325479,3,0.0
2094325489,3,0.0
2094325499,3,0.0
2094325509,3,0.0
2094325519,3,0.0
2094325529,3,0.0
2094325539,3,0.0
2094325549,3,0.0
2094325559,3,0.0
2094325569,3,0.0
2094325579,3,0.0
2094325589,3,0.0
2094325599,3,0.0
2094325609,3,0.0
2094325619,3,0.0
2094325629,3,0.0
2094325639,3,0.0
2094325649,3,0.0
2094325659,3,0.0
2094325669,3,0.0
2094325679,3,0.0
2094325689,3,0.0
2094325699,3,0.0
2094325709,3,0.0
2094325719,3,0.0
2094325729,3,0.0
2094325739,3,0.0
2094325749,3,0.0
2094325759,3,0.0
2094325769,3,0.0
2094325779,3,0.0
2094325789,3,0.0
2094325799,3,0.0
2094325809,3,0.0
2094325819,3,0.0
2094325829,3,0.0
2094325839,3,0.0
2094325849,3,0.0
2094325859,3,0.0
2094325869,3,0.0
2094325879,3,0.0
2094325889,3,0.0
2094325899,3,0.0
2094325909,3,0.0
2094325919,3,0.0
2094325929,3,0.0
2094325939,3,0.0
2094325949,3,0.0
2094325959,3,0.0
2094325969,3,0.0
2094325979,3,0.0
2094325989,3,0.0
2094325999,3,0.0
2094326009,3,0.0
2094326019,3,0.0
2094326029,3,0.0
2094326039,3,0.0
2094326049,3,0.0
2094326059,3,0.0
2094326069,3,0.0
2094326079,3,0.0
2094326089,3,0.0
2094326099,3,0.0
2094326109,3,0.0
2094326119,3,0.0
2094326129,3,0.0
2094326139,3,0.0
2094326149,3,0.0
2094326159,3,0.0
2094326169,3,0.0
2094326179,3,0.0
2094326189,3,0.0
2094326199,3,0.0
2094326209,3,0.0
2094326219,3,0.0
2094326229,3,0.0
2094326239,3,0.0
2094326249,3,0.0
2094326259,3,0.0
2094326269,3,0.0
2094326279,3,0.0
2094326289,3,0.0
2094326299,3,0.0
2094326309,3,0.0
2094326319,3,0.0
2094326329,3,0.0
2094326339,3,0.0
2094326349,3,0.0
2094326359,3,0.0
2094326369,3,0.0
2094326379,3,0.0
2094326389,3,0.0
2094326399,3,0.0
2094326409,3,0.0
2094326419,3,0.0
2094326429,3,0.0
2094326439,3,0.0
2094326449,3,0.0
2094326459,3,0.0
2094326469,3,0.0
2094326479,3,0.0
2094326489,3,0.0
2094326499,3,0.0
2094326509,3,0.0
2094326519,3,0.0
2094326529,3,0.0
2094326539,3,0.0
2094326549,3,0.0
2094326559,3,0.0
2094326569,3,0.0
2094326579,3,0.0
2094326589,3,0.0
2094326599,3,0.0
2094326609,3,0.0
2094326619,3,0.0
2094326629,3,0.0
2094326639,3,0.0
2094326649,3,0.0
2094326659,3,0.0
2094326669,3,0.0
2094326679,3,0.0
2094326689,3,0.0
2094326699,3,0.0
2094326709,3,0.0
2094326719,3,0.0
2094326729,3,0.0
2094326739,3,0.0
2094326749,3,0.0
2094326759,3,0.0
2094326769,3,0.0
2094326779,3,0.0
2094326789,3,0.0
2094326799,3,0.0
2094326809,3,0.0
2094326819,3,0.0
2094326829,3,0.0
2094326839,3,0.0
2094326849,3,0.0
2094326859,3,0.0
2094326869,3,0.0
2094326879,3,0.0
2094326889,3,0.0
2094326899,3,0.0
2094326909,3,0.0
2094326919,3,0.0
2094326929,3,0.0
2094326939,3,0.0
2094326949,3,0.0
2094326959,3,0.0
2094326969,3,0.0
2094326979,3,0.0
2094326989,3,0.0
2094326999,3,0.0
2094327009,3,0.0
2094327019,3,0.0
2094327029,3,0.0
2094327039,3,0.0
2094327049,3,0.0
2094327059,3,0.0
2094327069,3,0.0
2094327079,3,0.0
2094327089,3,0.0
2094327099,3,0.0
2094327109,3,0.0
2094327119,3,0.0
2094327129,3,0.0
2094327139,3,0.0
2094327149,3,0.0
2094327159,3,0.0
2094327169,3,0.0
2094327179,3,0.0
2094327189,3,0.0
2094327199,3,0.0
2094327209,3,0.0
2094327219,3,0.0
2094327229,3,0.0
2094327239,3,0.0
2094327249,3,0.0
2094327259,3,0.0
2094327269,3,0.0
2094327279,3,0.0
2094327289,3,0.0
2094327299,3,0.0
2094327309,3,0.0
2094327319,3,0.0
2094327329,3,0.0
2094327339,3,0.0
2094327349,3,0.0
2094327359,3,0.0
2094327369,3,0.0
2094327379,3,0.0
2094327389,3,0.0
2094327399,3,0.0
2094327409,3,0.0
2094327419,3,0.0
2094327429,3,0.0
2094327439,3,0.0
2094327449,3,0.0
2094327459,3,0.0
2094327469,3,0.0
2094327479,3,0.0
2094327489,3,0.0
2094327499,3,0.0
2094327509,3,0.0
2094327519,3,0.0
2094327529,3,0.0
2094327539,3,0.0
2094327549,3,0.0
2094327559,3,0.0
2094327569,3,0.0
2094327579,3,0.0
2094327589,3,0.0
2094327599,3,0.0
2094327609,3,0.0
2094327619,3,0.0
2094327629,3,0.0
2094327639,3,0.0
2094327649,3,0.0
2094327659,3,0.0
2094327669,3,0.0
2094327679,3,0.0
2094327689,3,0.0
2094327699,3,0.0
2094327709,3,0.0
2094327719,3,0.0
2094327729,3,0.0
2094327739,3,0.0
2094327749,3,0.0
2094327759,3,0.0
2094327769,3,0.0
2094327779,3,0.0
2094327789,3,0.0
2094327799,3,0.0
2094327809,3,0.0
2094327819,3,0.0
2094327829,3,0.0
2094327839,3,0.0
2094327849,3,0.0
2094327859,3,0.0
2094327869,3,0.0
2094327879,3,0.0
2094327889,3,0.0
2094327899,3,0.0
2094327909,3,0.0
2094327919,3,0.0
2094327929,3,0.0
2094327939,3,0.0
2094327949,3,0.0
2094327959,3,0.0
2094327969,3,0.0
2094327979,3,0.0
2094327989,3,0.0
2094327999,3,0.0
2094328009,3,0.0
2094328019,3,0.0
2094328029,3,0.0
2094328039,3,0.0
2094328049,3,0.0
2094328059,3,0.0
2094328069,3,0.0
2094328079,3,0.0
2094328089,3,0.0
2094328099,3,0.0
2094328109,3,0.0
2094328119,3,0.0
2094328129,3,0.0
2094328139,3,0.0
2094328149,3,0.0
2094328159,3,0.0
2094328169,3,0.0
2094328179,3,0.0
2094328189,3,0.0
2094328199,3,0.0
2094328209,3,0.0
2094328219,3,0.0
2094328229,3,0.0
2094328239,3,0.0
2094328249,3,0.0
2094328259,3,0.0
2094328269,3,0.0
2094328279,3,0.0
2094328289,3,0.0
2094328299,3,0.0
2094328309,3,0.0
2094328319,3,0.0
2094328329,3,0.0
2094328339,3,0.0
2094328349,3,0.0
2094328359,3,0.0
2094328369,3,0.0
2094328379,3,0.0
2094328389,3,0.0
2094328399,3,0.0
2094328409,3,0.0
2094328419,3,0.0
2094328429,3,0.0
2094328439,3,0.0
2094328449,3,0.0
2094328459,3,0.0
2094328469,3,0.0
2094328479,3,0.0
2094328489,3,0.0
2094328499,3,0.0
2094328509,3,0.0
2094328519,3,0.0
2094328529,3,0.0
2094328539,3,0.0
2094328549,3,0.0
2094328559,3,0.0
2094328569,3,0.0
2094328579,3,0.0
2094328589,3,0.0
2094328599,3,0.0
2094328609,3,0.0
2094328619,3,0.0
2094328629,3,0.0
2094328639,3,0.0
2094328649,3,0.0
2094328659,3,0.0
2094328669,3,0.0
2094328679,3,0.0
2094328689,3,0.0
2094328699,3,0.0
2094328709,3,0.0
2094328719,3,0.0
2094328729,3,0.0
2094328739,3,0.0
2094328749,3,0.0
2094328759,3,0.0
2094328769,3,0.0
2094328779,3,0.0
2094328789,3,0.0
2094328799,3,0.0
2094328809,3,0.0
2094328819,3,0.0
2094328829,3,0.0
2094328839,3,0.0
2094328849,3,0.0
2094328859,3,0.0
2094328869,3,0.0
2094328879,3,0.0
2094328889,3,0.0
2094328899,3,0.0
2094328909,3,0.0
2094328919,3,0.0
2094328929,3,0.0
2094328939,3,0.0
2094328949,3,0.0
2094328959,3,0.0
2094328969,3,0.0
2094328979,3,0.0
2094328989,3,0.0
2094328999,3,0.0
2094329009,3,0.0
2094329019,3,0.0
2094329029,3,0.0
2094329039,3,0.0
2094329049,3,0.0
2094329059,3,0.0
2094329069,3,0.0
2094329079,3,0.0
2094329089,3,0.0
2094329099,3,0.0
2094329109,3,0.0
2094329119,3,0.0
2094329129,3,0.0
2094329139,3,0.0
2094329149,3,0.0
2094329159,3,0.0
2094329169,3,0.0
2094329179,3,0.0
2094329189,3,0.0
2094329199,3,0.0
2094329209,3,0.0
2094329219,3,0.0
2094329229,3,0.0
2094329239,3,0.0
2094329249,3,0.0
2094329259,3,0.0
2094329269,3,0.0
2094329279,3,0.0
2094329289,3,0.0
2094329299,3,0.0
2094329309,3,0.0
2094329319,3,0.0
2094329329,3,0.0
2094329339,3,0.0
2094329349,3,0.0
2094329359,3,0.0
2094329369,3,0.0
2094329379,3,0.0
2094329389,3,0.0
2094329399,3,0.0
2094329409,3,0.0
2094329419,3,0.0
2094329429,3,0.0
2094329439,3,0.0
2094329449,3,0.0
2094329459,3,0.0
2094329469,3,0.0
2094329479,3,0.0
2094329489,3,0.0
2094329499,3,0.0
2094329509,3,0.0
2094329519,3,0.0
2094329529,3,0.0
2094329539,3,0.0
2094329549,3,0.0
2094329559,3,0.0
2094329569,3,0.0
2094329579,3,0.0
2094329589,3,0.0
2094329599,3,0.0
2094329609,3,0.0
2094329619,3,0.0
2094329629,3,0.0
2094329639,3,0.0
2094329649,3,0.0
2094329659,3,0.0
2094329669,3,0.0
2094329679,3,0.0
2094329689,3,0.0
2094329699,3,0.0
2094329709,3,0.0
2094329719,3,0.0
2094329729,3,0.0
2094329739,3,0.0
2094329749,3,0.0
2094329759,3,0.0
2094329769,3,0.0
2094329779,3,0.0
2094329789,3,0.0
2094329799,3,0.0
2094329809,3,0.0
2094329819,3,0.0
2094329829,3,0.0
2094329839,3,0.0
2094329849,3,0.0
2094329859,3,0.0
2094329869,3,0.0
2094329879,3,0.0
2094329889,3,0.0
2094329899,3,0.0
2094329909,3,0.0
2094329919,3,0.0
2094329929,3,0.0
2094329939,3,0.0
2094329949,3,0.0
2094329959,3,0.0
2094329969,3,0.0
2094329979,3,0.0
2094329989,3,0.0
2094329999,3,0.0
2094330009,3,0.0
2094330019,3,0.0
2094330029,3,0.0
2094330039,3,0.0
2094330049,3,0.0
2094330059,3,0.0
2094330069,3,0.0
2094330079,3,0.0
2094330089,3,0.0
2094330099,3,0.0
2094330109,3,0.0
2094330119,3,0.0
2094330129,3,0.0
2094330139,3,0.0
2094330149,3,0.0
2094330159,3,0.0
2094330169,3,0.0
2094330179,3,0.0
2094330189,3,0.0
2094330199,3,0.0
2094330209,3,0.0
2094330219,3,0.0
2094330229,3,0.0
2094330239,3,0.0
2094330249,3,0.0
2094330259,3,0.0
2094330269,3,0.0
2094330279,3,0.0
2094330289,3,0.0
2094330299,3,0.0
2094330309,3,0.0
2094330319,3,0.0
2094330329,3,0.0
2094330339,3,0.0
2094330349,3,0.0
2094330359,3,0.0
2094330369,3,0.0
2094330379,3,0.0
2094330389,3,0.0
2094330399,3,0.0
2094330409,3,0.0
2094330419,3,0.0
2094330429,3,0.0
2094330439,3,0.0
2094330449,3,0.0
2094330459,3,0.0
2094330469,3,0.0
2094330479,3,0.0
2094330489,3,0.0
2094330499,3,0.0
2094330509,3,0.0
2094330519,3,0.0
2094330529,3,0.0
2094330539,3,0.0
2094330549,3,0.0
2094330559,3,0.0
2094330569,3,0.0
2094330579,3,0.0
2094330589,3,0.0
2094330599,3,0.0
2094330609,3,0.0
2094330619,3,0.0
2094330629,3,0.0
2094330639,3,0.0
2094330649,3,0.0
2094330659,3,0.0
2094330669,3,0.0
2094330679,3,0.0
2094330689,3,0.0
2094330699,3,0.0
2094330709,3,0.0
2094330719,3,0.0
2094330729,3,0.0
2094330739,3,0.0
2094330749,3,0.0
2094330759,3,0.0
2094330769,3,0.0
2094330779,3,0.0
2094330789,3,0.0
2094330799,3,0.0
2094330809,3,0.0
2094330819,3,0.0
2094330829,3,0.0
2094330839,3,0.0
2094330849,3,0.0
2094330859,3,0.0
2094330869,3,0.0
2094330879,3,0.0
2094330889,3,0.0
2094330899,3,0.0
2094330909,3,0.0
2094330919,3,0.0
2094330929,3,0.0
2094330939,3,0.0
2094330949,3,0.0
2094330959,3,0.0
2094330969,3,0.0
2094330979,3,0.0
2094330989,3,0.0
2094330999,3,0.0
2094331009,3,0.0
2094331019,3,0.0
2094331029,3,0.0
2094331039,3,0.0
2094331049,3,0.0
2094331059,3,0.0
2094331069,3,0.0
2094331079,3,0.0
2094331089,3,0.0
2094331099,3,0.0
2094331109,3,0.0
2094331119,3,0.0
2094331129,3,0.0
2094331139,3,0.0
2094331149,3,0.0
2094331159,3,0.0
2094331169,3,0.0
2094331179,3,0.0
2094331189,3,0.0
2094331199,3,0.0
2094331209,3,0.0
2094331219,3,0.0
2094331229,3,0.0
2094331239,3,0.0
2094331249,3,0.0
2094331259,3,0.0
2094331269,3,0.0
2094331279,3,0.0
2094331289,3,0.0
2094331299,3,0.0
2094331309,3,0.0
2094331319,3,0.0
2094331329,3,0.0
2094331339,3,0.0
2094331349,3,0.0
2094331359,3,0.0
2094331369,3,0.0
2094331379,3,0.0
2094331389,3,0.0
2094331399,3,0.0
2094331409,3,0.0
2094331419,3,0.0
2094331429,3,0.0
2094331439,3,0.0
2094331449,3,0.0
2094331459,3,0.0
2094331469,3,0.0
2094331479,3,0.0
2094331489,3,0.0
2094331499,3,0.0
2094331509,3,0.0
2094331519,3,0.0
2094331529,3,0.0
2094331539,3,0.0
2094331549,3,0.0
2094331559,3,0.0
2094331569,3,0.0
2094331579,3,0.0
2094331589,3,0.0
2094331599,3,0.0
2094331609,3,0.0
2094331619,3,0.0
2094331629,3,0.0
2094331639,3,0.0
2094331649,3,0.0
2094331659,3,0.0
2094331669,3,0.0
2094331679,3,0.0
2094331689,3,0.0
2094331699,3,0.0
2094331709,3,0.0
2094331719,3,0.0
2094331729,3,0.0
2094331739,3,0.0
2094331749,3,0.0
2094331759,3,0.0
2094331769,3,0.0
2094331779,3,0.0
2094331789,3,0.0
2094331799,3,0.0
2094331809,3,0.0
2094331819,3,0.0
2094331829,3,0.0
2094331839,3,0.0
2094331849,3,0.0
2094331859,3,0.0
2094331869,3,0.0
2094331879,3,0.0
2094331889,3,0.0
2094331899,3,0.0
2094331909,3,0.0
2094331919,3,0.0
2094331929,3,0.0
2094331939,3,0.0
2094331949,3,0.0
2094331959,3,0.0
2094331969,3,0.0
2094331979,3,0.0
2094331989,3,0.0
2094331999,3,0.0
2094332009,3,0.0
2094332019,3,0.0
2094332029,3,0.0
2094332039,3,0.0
2094332049,3,0.0
2094332059,3,0.0
2094332069,3,0.0
2094332079,3,0.0
2094332089,3,0.0
2094332099,3,0.0
2094332109,3,0.0
2094332119,3,0.0
2094332129,3,0.0
2094332139,3,0.0
2094332149,3,0.0
2094332159,3,0.0
2094332169,3,0.0
2094332179,3,0.0
2094332189,3,0.0
2094332199,3,0.0
2094332209,3,0.0
2094332219,3,0.0
2094332229,3,0.0
2094332239,3,0.0
2094332249,3,0.0
2094332259,3,0.0
2094332269,3,0.0
2094332279,3,0.0
2094332289,3,0.0
2094332299,3,0.0
2094332309,3,0.0
2094332319,3,0.0
2094332329,3,0.0
2094332339,3,0.0
2094332349,3,0.0
2094332359,3,0.0
2094332369,3,0.0
2094332379,3,0.0
2094332389,3,0.0
2094332399,3,0.0
2094332409,3,0.0
2094332419,3,0.0
2094332429,3,0.0
2094332439,3,0.0
2094332449,3,0.0
2094332459,3,0.0
2094332469,3,0.0
2094332479,3,0.0
2094332489,3,0.0
2094332499,3,0.0
2094332509,3,0.0
2094332519,3,0.0
2094332529,3,0.0
2094332539,3,0.0
2094332549,3,0.0
2094332559,3,0.0
2094332569,3,0.0
2094332579,3,0.0
2094332589,3,0.0
2094332599,3,0.0
2094332609,3,0.0
2094332619,3,0.0
2094332629,3,0.0
2094332639,3,0.0
2094332649,3,0.0
2094332659,3,0.0
2094332669,3,0.0
2094332679,3,0.0
2094332689,3,0.0
2094332699,3,0.0
2094332709,3,0.0
2094332719,3,0.0
2094332729,3,0.0
2094332739,3,0.0
2094332749,3,0.0
2094332759,3,0.0
2094332769,3,0.0
2094332779,3,0.0
2094332789,3,0.0
2094332799,3,0.0
2094332809,3,0.0
2094332819,3,0.0
2094332829,3,0.0
2094332839,3,0.0
2094332849,3,0.0
2094332859,3,0.0
2094332869,3,0.0
2094332879,3,0.0
2094332889,3,0.0
2094332899,3,0.0
2094332909,3,0.0
2094332919,3,0.0
2094332929,3,0.0
2094332939,3,0.0
2094332949,3,0.0
2094332959,3,0.0
2094332969,3,0.0
2094332979,3,0.0
2094332989,3,0.0
2094332999,3,0.0
2094333009,3,0.0
2094333019,3,0.0
2094333029,3,0.0
2094333039,3,0.0
2094333049,3,0.0
2094333059,3,0.0
2094333069,3,0.0
2094333079,3,0.0
2094333089,3,0.0
2094333099,3,0.0
2094333109,3,0.0
2094333119,3,0.0
2094333129,3,0.0
2094333139,3,0.0
2094333149,3,0.0
2094333159,3,0.0
2094333169,3,0.0
2094333179,3,0.0
2094333189,3,0.0
2094333199,3,0.0
2094333209,3,0.0
2094333219,3,0.0
2094333229,3,0.0
2094333239,3,0.0
2094333249,3,0.0
2094333259,3,0.0
2094333269,3,0.0
2094333279,3,0.0
2094333289,3,0.0
2094333299,3,0.0
2094333309,3,0.0
2094333319,3,0.0
2094333329,3,0.0
2094333339,3,0.0
2094333349,3,0.0
2094333359,3,0.0
2094333369,3,0.0
2094333379,3,0.0
2094333389,3,0.0
2094333399,3,0.0
2094333409,3,0.0
2094333419,3,0.0
2094333429,3,0.0
2094333439,3,0.0
2094333449,3,0.0
2094333459,3,0.0
2094333469,3,0.0
2094333479,3,0.0
2094333489,3,0.0
2094333499,3,0.0
2094333509,3,0.0
2094333519,3,0.0
2094333529,3,0.0
2094333539,3,0.0
2094333549,3,0.0
2094333559,3,0.0
2094333569,3,0.0
2094333579,3,0.0
2094333589,3,0.0
2094333599,3,0.0
2094333609,3,0.0
2094333619,3,0.0
2094333629,3,0.0
2094333639,3,0.0
2094333649,3,0.0
2094333659,3,0.0
2094333669,3,0.0
2094333679,3,0.0
2094333689,3,0.0
2094333699,3,0.0
2094333709,3,0.0
2094333719,3,0.0
2094333729,3,0.0
2094333739,3,0.0
2094333749,3,0.0
2094333759,3,0.0
2094333769,3,0.0
2094333779,3,0.0
2094333789,3,0.0
2094333799,3,0.0
2094333809,3,0.0
2094333819,3,0.0
2094333829,3,0.0
2094333839,3,0.0
2094333849,3,0.0
2094333859,3,0.0
2094333869,3,0.0
2094333879,3,0.0
2094333889,3,0.0
2094333899,3,0.0
2094333909,3,0.0
2094333919,3,0.0
2094333929,3,0.0
2094333939,3,0.0
2094333949,3,0.0
2094333959,3,0.0
2094333969,3,0.0
2094333979,3,0.0
2094333989,3,0.0
2094333999,3,0.0
2094334009,3,0.0
2094334019,3,0.0
2094334029,3,0.0
2094334039,3,0.0
2094334049,3,0.0
2094334059,3,0.0
2094334069,3,0.0
2094334079,3,0.0
2094334089,3,0.0
2094334099,3,0.0
2094334109,3,0.0
2094334119,3,0.0
2094334129,3,0.0
2094334139,3,0.0
2094334149,3,0.0
2094334159,3,0.0
2094334169,3,0.0
2094334179,3,0.0
2094334189,3,0.0
2094334199,3,0.0
2094334209,3,0.0
2094334219,3,0.0
2094334229,3,0.0
2094334239,3,0.0
2094334249,3,0.0
2094334259,3,0.0
2094334269,3,0.0
2094334279,3,0.0
2094334289,3,0.0
2094334299,3,0.0
2094334309,3,0.0
2094334319,3,0.0
2094334329,3,0.0
2094334339,3,0.0
2094334349,3,0.0
2094334359,3,0.0
2094334369,3,0.0
2094334379,3,0.0
2094334389,3,0.0
2094334399,3,0.0
2094334409,3,0.0
2094334419,3,0.0
2094334429,3,0.0
2094334439,3,0.0
2094334449,3,0.0
2094334459,3,0.0
2094334469,3,0.0
2094334479,3,0.0
2094334489,3,0.0
2094334499,3,0.0
2094334509,3,0.0
2094334519,3,0.0
2094334529,3,0.0
2094334539,3,0.0
2094334549,3,0.0
2094334559,3,0.0
2094334569,3,0.0
2094334579,3,0.0
2094334589,3,0.0
2094334599,3,0.0
2094334609,3,0.0
2094334619,3,0.0
2094334629,3,0.0
2094334639,3,0.0
2094334649,3,0.0
2094334659,3,0.0
2094334669,3,0.0
2094334679,3,0.0
2094334689,3,0.0
2094334699,3,0.0
2094334709,3,0.0
2094334719,3,0.0
2094334729,3,0.0
2094334739,3,0.0
2094334749,3,0.0
2094334759,3,0.0
2094334769,3,0.0
2094334779,3,0.0
2094334789,3,0.0
2094334799,3,0.0
2094334809,3,0.0
2094334819,3,0.0
2094334829,3,0.0
2094334839,3,0.0
2094334849,3,0.0
2094334859,3,0.0
2094334869,3,0.0
2094334879,3,0.0
2094334889,3,0.0
2094334899,3,0.0
2094334909,3,0.0
2094334919,3,0.0
2094334929,3,0.0
2094334939,3,0.0
2094334949,3,0.0
2094334959,3,0.0
2094334969,3,0.0
2094334979,3,0.0
2094334989,3,0.0
2094334999,3,0.0
2094335009,3,0.0
2094335019,3,0.0
2094335029,3,0.0
2094335039,3,0.0
2094335049,3,0.0
2094335059,3,0.0
2094335069,3,0.0
2094335079,3,0.0
2094335089,3,0.0
2094335099,3,0.0
2094335109,3,0.0
2094335119,3,0.0
2094335129,3,0.0
2094335139,3,0.0
2094335149,3,0.0
2094335159,3,0.0
2094335169,3,0.0
2094335179,3,0.0
2094335189,3,0.0
2094335199,3,0.0
2094335209,3,0.0
2094335219,3,0.0
2094335229,3,0.0
2094335239,3,0.0
2094335249,3,0.0
2094335259,3,0.0
2094335269,3,0.0
2094335279,3,0.0
2094335289,3,0.0
2094335299,3,0.0
2094335309,3,0.0
2094335319,3,0.0
2094335329,3,0.0
2094335339,3,0.0
2094335349,3,0.0
2094335359,3,0.0
2094335369,3,0.0
2094335379,3,0.0
2094335389,3,0.0
2094335399,3,0.0
2094335409,3,0.0
2094335419,3,0.0
2094335429,3,0.0
2094335439,3,0.0
2094335449,3,0.0
2094335459,3,0.0
2094335469,3,0.0
2094335479,3,0.0
2094335489,3,0.0
2094335499,3,0.0
2094335509,3,0.0
2094335519,3,0.0
2094335529,3,0.0
2094335539,3,0.0
2094335549,3,0.0
2094335559,3,0.0
2094335569,3,0.0
2094335579,3,0.0
2094335589,3,0.0
2094335599,3,0.0
2094335609,3,0.0
2094335619,3,0.0
2094335629,3,0.0
2094335639,3,0.0
2094335649,3,0.0
2094335659,3,0.0
2094335669,3,0.0
2094335679,3,0.0
2094335689,3,0.0
2094335699,3,0.0
2094335709,3,0.0
2094335719,3,0.0
2094335729,3,0.0
2094335739,3,0.0
2094335749,3,0.0
2094335759,3,0.0
2094335769,3,0.0
2094335779,3,0.0
2094335789,3,0.0
2094335799,3,0.0
2094335809,3,0.0
2094335819,3,0.0
2094335829,3,0.0
2094335839,3,0.0
2094335849,3,0.0
2094335859,3,0.0
2094335869,3,0.0
2094335879,3,0.0
2094335889,3,0.0
2094335899,3,0.0
2094335909,3,0.0
2094335919,3,0.0
2094335929,3,0.0
2094335939,3,0.0
2094335949,3,0.0
2094335959,3,0.0
2094335969,3,0.0
2094335979,3,0.0
2094335989,3,0.0
2094335999,3,0.0
2094336009,3,0.0
2094336019,3,0.0
2094336029,3,0.0
2094336039,3,0.0
2094336049,3,0.0
2094336059,3,0.0
2094336069,3,0.0
2094336079,3,0.0
2094336089,3,0.0
2094336099,3,0.0
2094336109,3,0.0
2094336119,3,0.0
2094336129,3,0.0
2094336139,3,0.0
2094336149,3,0.0
2094336159,3,0.0
2094336169,3,0.0
2094336179,3,0.0
2094336189,3,0.0
2094336199,3,0.0
2094336209,3,0.0
2094336219,3,0.0
2094336229,3,0.0
2094336239,3,0.0
2094336249,3,0.0
2094336259,3,0.0
2094336269,3,0.0
2094336279,3,0.0
2094336289,3,0.0
2094336299,3,0.0
2094336309,3,0.0
2094336319,3,0.0
2094336329,3,0.0
2094336339,3,0.0
2094336349,3,0.0
2094336359,3,0.0
2094336369,3,0.0
2094336379,3,0.0
2094336389,3,0.0
2094336399,3,0.0
2094336409,3,0.0
2094336419,3,0.0
2094336429,3,0.0
2094336439,3,0.0
2094336449,3,0.0
2094336459,3,0.0
2094336469,3,0.0
2094336479,3,0.0
2094336489,3,0.0
2094336499,3,0.0
2094336509,3,0.0
2094336519,3,0.0
2094336529,3,0.0
2094336539,3,0.0
2094336549,3,0.0
2094336559,3,0.0
2094336569,3,0.0
2094336579,3,0.0
2094336589,3,0.0
2094336599,3,0.0
2094336609,3,0.0
2094336619,3,0.0
2094336629,3,0.0
2094336639,3,0.0
2094336649,3,0.0
2094336659,3,0.0
2094336669,3,0.0
2094336679,3,0.0
2094336689,3,0.0
2094336699,3,0.0
2094336709,3,0.0
2094336719,3,0.0
2094336729,3,0.0
2094336739,3,0.0
2094336749,3,0.0
2094336759,3,0.0
2094336769,3,0.0
2094336779,3,0.0
2094336789,3,0.0
2094336799,3,0.0
2094336809,3,0.0
2094336819,3,0.0
2094336829,3,0.0
2094336839,3,0.0
2094336849,3,0.0
2094336859,3,0.0
2094336869,3,0.0
2094336879,3,0.0
2094336889,3,0.0
2094336899,3,0.0
2094336909,3,0.0
2094336919,3,0.0
2094336929,3,0.0
2094336939,3,0.0
2094336949,3,0.0
2094336959,3,0.0
2094336969,3,0.0
2094336979,3,0.0
2094336989,3,0.0
2094336999,3,0.0
2094337009,3,0.0
2094337019,3,0.0
2094337029,3,0.0
2094337039,3,0.0
2094337049,3,0.0
2094337059,3,0.0
2094337069,3,0.0
2094337079,3,0.0
2094337089,3,0.0
2094337099,3,0.0
2094337109,3,0.0
2094337119,3,0.0
2094337129,3,0.0
2094337139,3,0.0
2094337149,3,0.0
2094337159,3,0.0
2094337169,3,0.0
2094337179,3,0.0
2094337189,3,0.0
2094337199,3,0.0
2094337209,3,0.0
2094337219,3,0.0
2094337229,3,0.0
2094337239,3,0.0
2094337249,3,0.0
2094337259,3,0.0
2094337269,3,0.0
2094337279,3,0.0
2094337289,3,0.0
2094337299,3,0.0
2094337309,3,0.0
2094337319,3,0.0
2094337329,3,0.0
2094337339,3,0.0
2094337349,3,0.0
2094337359,3,0.0
2094337369,3,0.0
2094337379,3,0.0
2094337389,3,0.0
2094337399,3,0.0
2094337409,3,0.0
2094337419,3,0.0
2094337429,3,0.0
2094337439,3,0.0
2094337449,3,0.0
2094337459,3,0.0
2094337469,3,0.0
2094337479,3,0.0
2094337489,3,0.0
2094337499,3,0.0
2094337509,3,0.0
2094337519,3,0.0
2094337529,3,0.0
2094337539,3,0.0
2094337549,3,0.0
2094337559,3,0.0
2094337569,3,0.0
2094337579,3,0.0
2094337589,3,0.0
2094337599,3,0.0
2094337609,3,0.0
2094337619,3,0.0
2094337629,3,0.0
2094337639,3,0.0
2094337649,3,0.0
2094337659,3,0.0
2094337669,3,0.0
2094337679,3,0.0
2094337689,3,0.0
2094337699,3,0.0
2094337709,3,0.0
2094337719,3,0.0
2094337729,3,0.0
2094337739,3,0.0
2094337749,3,0.0
2094337759,3,0.0
2094337769,3,0.0
2094337779,3,0.0
2094337789,3,0.0
2094337799,3,0.0
2094337809,3,0.0
2094337819,3,0.0
2094337829,3,0.0
2094337839,3,0.0
2094337849,3,0.0
2094337859,3,0.0
2094337869,3,0.0
2094337879,3,0.0
2094337889,3,0.0
2094337899,3,0.0
2094337909,3,0.0
2094337919,3,0.0
2094337929,3,0.0
2094337939,3,0.0
2094337949,3,0.0
2094337959,3,0.0
2094337969,3,0.0
2094337979,3,0.0
2094337989,3,0.0
2094337999,3,0.0
2094338009,3,0.0
2094338019,3,0.0
2094338029,3,0.0
2094338039,3,0.0
2094338049,3,0.0
2094338059,3,0.0
2094338069,3,0.0
2094338079,3,0.0
2094338089,3,0.0
2094338099,3,0.0
2094338109,3,0.0
2094338119,3,0.0
2094338129,3,0.0
2094338139,3,0.0
2094338149,3,0.0
2094338159,3,0.0
2094338169,3,0.0
2094338179,3,0.0
2094338189,3,0.0
2094338199,3,0.0
2094338209,3,0.0
2094338219,3,0.0
2094338229,3,0.0
2094338239,3,0.0
2094338249,3,0.0
2094338259,3,0.0
2094338269,3,0.0
2094338279,3,0.0
2094338289,3,0.0
2094338299,3,0.0
2094338309,3,0.0
2094338319,3,0.0
2094338329,3,0.0
2094338339,3,0.0
2094338349,3,0.0
2094338359,3,0.0
2094338369,3,0.0
2094338379,3,0.0
2094338389,3,0.0
2094338399,3,0.0
2094338409,3,0.0
2094338419,3,0.0
2094338429,3,0.0
2094338439,3,0.0
2094338449,3,0.0
2094338459,3,0.0
2094338469,3,0.0
2094338479,3,0.0
2094338489,3,0.0
2094338499,3,0.0
2094338509,3,0.0
2094338519,3,0.0
2094338529,3,0.0
2094338539,3,0.0
2094338549,3,0.0
2094338559,3,0.0
2094338569,3,0.0
2094338579,3,0.0
2094338589,3,0.0
2094338599,3,0.0
2094338609,3,0.0
2094338619,3,0.0
2094338629,3,0.0
2094338639,3,0.0
2094338649,3,0.0
2094338659,3,0.0
2094338669,3,0.0
2094338679,3,0.0
2094338689,3,0.0
2094338699,3,0.0
2094338709,3,0.0
2094338719,3,0.0
2094338729,3,0.0
2094338739,3,0.0
2094338749,3,0.0
2094338759,3,0.0
2094338769,3,0.0
2094338779,3,0.0
2094338789,3,0.0
2094338799,3,0.0
2094338809,3,0.0
2094338819,3,0.0
2094338829,3,0.0
2094338839,3,0.0
2094338849,3,0.0
2094338859,3,0.0
2094338869,3,0.0
2094338879,3,0.0
2094338889,3,0.0
2094338899,3,0.0
2094338909,3,0.0
2094338919,3,0.0
2094338929,3,0.0
2094338939,3,0.0
2094338949,3,0.0
2094338959,3,0.0
2094338969,3,0.0
2094338979,3,0.0
2094338989,3,0.0
2094338999,3,0.0
2094339009,3,0.0
2094339019,3,0.0
2094339029,3,0.0
2094339039,3,0.0
2094339049,3,0.0
2094339059,3,0.0
2094339069,3,0.0
2094339079,3,0.0
2094339089,3,0.0
2094339099,3,0.0
2094339109,3,0.0
2094339119,3,0.0
2094339129,3,0.0
2094339139,3,0.0
2094339149,3,0.0
2094339159,3,0.0
2094339169,3,0.0
2094339179,3,0.0
2094339189,3,0.0
2094339199,3,0.0
2094339209,3,0.0
2094339219,3,0.0
2094339229,3,0.0
2094339239,3,0.0
2094339249,3,0.0
2094339259,3,0.0
2094339269,3,0.0
2094339279,3,0.0
2094339289,3,0.0
2094339299,3,0.0
2094339309,3,0.0
2094339319,3,0.0
2094339329,3,0.0
2094339339,3,0.0
2094339349,3,0.0
2094339359,3,0.0
2094339369,3,0.0
2094339379,3,0.0
2094339389,3,0.0
2094339399,3,0.0
2094339409,3,0.0
2094339419,3,0.0
2094339429,3,0.0
2094339439,3,0.0
2094339449,3,0.0
2094339459,3,0.0
2094339469,3,0.0
2094339479,3,0.0
2094339489,3,0.0
2094339499,3,0.0
2094339509,3,0.0
2094339519,3,0.0
2094339529,3,0.0
2094339539,3,0.0
2094339549,3,0.0
2094339559,3,0.0
2094339569,3,0.0
2094339579,3,0.0
2094339589,3,0.0
2094339599,3,0.0
2094339609,3,0.0
2094339619,3,0.0
2094339629,3,0.0
2094339639,3,0.0
2094339649,3,0.0
2094339659,3,0.0
2094339669,3,0.0
2094339679,3,0.0
2094339689,3,0.0
2094339699,3,0.0
2094339709,3,0.0
2094339719,3,0.0
2094339729,3,0.0
2094339739,3,0.0
2094339749,3,0.0
2094339759,3,0.0
2094339769,3,0.0
2094339779,3,0.0
2094339789,3,0.0
2094339799,3,0.0
2094339809,3,0.0
2094339819,3,0.0
2094339829,3,0.0
2094339839,3,0.0
2094339849,3,0.0
2094339859,3,0.0
2094339869,3,0.0
2094339879,3,0.0
2094339889,3,0.0
2094339899,3,0.0
2094339909,3,0.0
2094339919,3,0.0
2094339929,3,0.0
2094339939,3,0.0
2094339949,3,0.0
2094339959,3,0.0
2094339969,3,0.0
2094339979,3,0.0
2094339989,3,0.0
2094339999,3,0.0
2094340009,3,0.0
2094340019,3,0.0
2094340029,3,0.0
2094340039,3,0.0
2094340049,3,0.0
2094340059,3,0.0
2094340069,3,0.0
2094340079,3,0.0
2094340089,3,0.0
2094340099,3,0.0
2094340109,3,0.0
2094340119,3,0.0
2094340129,3,0.0
2094340139,3,0.0
2094340149,3,0.0
2094340159,3,0.0
2094340169,3,0.0
2094340179,3,0.0
2094340189,3,0.0
2094340199,3,0.0
2094340209,3,0.0
2094340219,3,0.0
2094340229,3,0.0
2094340239,3,0.0
2094340249,3,0.0
2094340259,3,0.0
2094340269,3,0.0
2094340279,3,0.0
2094340289,3,0.0
2094340299,3,0.0
2094340309,3,0.0
2094340319,3,0.0
2094340329,3,0.0
2094340339,3,0.0
2094340349,3,0.0
2094340359,3,0.0
2094340369,3,0.0
2094340379,3,0.0
2094340389,3,0.0
2094340399,3,0.0
2094340409,3,0.0
2094340419,3,0.0
2094340429,3,0.0
2094340439,3,0.0
2094340449,3,0.0
2094340459,3,0.0
2094340469,3,0.0
2094340479,3,0.0
2094340489,3,0.0
2094340499,3,0.0
2094340509,3,0.0
2094340519,3,0.0
2094340529,3,0.0
2094340539,3,0.0
2094340549,3,0.0
2094340559,3,0.0
2094340569,3,0.0
2094340579,3,0.0
2094340589,3,0.0
2094340599,3,0.0
2094340609,3,0.0
2094340619,3,0.0
2094340629,3,0.0
2094340639,3,0.0
2094340649,3,0.0
2094340659,3,0.0
2094340669,3,0.0
2094340679,3,0.0
2094340689,3,0.0
2094340699,3,0.0
2094340709,3,0.0
2094340719,3,0.0
2094340729,3,0.0
2094340739,3,0.0
2094340749,3,0.0
2094340759,3,0.0
2094340769,3,0.0
2094340779,3,0.0
2094340789,3,0.0
2094340799,3,0.0
2094340809,3,0.0
2094340819,3,0.0
2094340829,3,0.0
2094340839,3,0.0
2094340849,3,0.0
2094340859,3,0.0
2094340869,3,0.0
2094340879,3,0.0
2094340889,3,0.0
2094340899,3,0.0
2094340909,3,0.0
2094340919,3,0.0
2094340929,3,0.0
2094340939,3,0.0
2094340949,3,0.0
2094340959,3,0.0
2094340969,3,0.0
2094340979,3,0.0
2094340989,3,0.0
2094340999,3,0.0
2094341009,3,0.0
2094341019,3,0.0
2094341029,3,0.0
2094341039,3,0.0
2094341049,3,0.0
2094341059,3,0.0
2094341069,3,0.0
2094341079,3,0.0
2094341089,3,0.0
2094341099,3,0.0
2094341109,3,0.0
2094341119,3,0.0
2094341129,3,0.0
2094341139,3,0.0
2094341149,3,0.0
2094341159,3,0.0
2094341169,3,0.0
2094341179,3,0.0
2094341189,3,0.0
2094341199,3,0.0
2094341209,3,0.0
2094341219,3,0.0
2094341229,3,0.0
2094341239,3,0.0
2094341249,3,0.0
2094341259,3,0.0
2094341269,3,0.0
2094341279,3,0.0
2094341289,3,0.0
2094341299,3,0.0
2094341309,3,0.0
2094341319,3,0.0
2094341329,3,0.0
2094341339,3,0.0
2094341349,3,0.0
2094341359,3,0.0
2094341369,3,0.0
2094341379,3,0.0
2094341389,3,0.0
2094341399,3,0.0
2094341409,3,0.0
2094341419,3,0.0
2094341429,3,0.0
2094341439,3,0.0
2094341449,3,0.0
2094341459,3,0.0
2094341469,3,0.0
2094341479,3,0.0
2094341489,3,0.0
2094341499,3,0.0
2094341509,3,0.0
2094341519,3,0.0
2094341529,3,0.0
2094341539,3,0.0
2094341549,3,0.0
2094341559,3,0.0
2094341569,3,0.0
2094341579,3,0.0
2094341589,3,0.0
2094341599,3,0.0
2094341609,3,0.0
2094341619,3,0.0
2094341629,3,0.0
2094341639,3,0.0
2094341649,3,0.0
2094341659,3,0.0
2094341669,3,0.0
2094341679,3,0.0
2094341689,3,0.0
2094341699,3,0.0
2094341709,3,0.0
2094341719,3,0.0
2094341729,3,0.0
2094341739,3,0.0
2094341749,3,0.0
2094341759,3,0.0
2094341769,3,0.0
2094341779,3,0.0
2094341789,3,0.0
2094341799,3,0.0
2094341809,3,0.0
2094341819,3,0.0
2094341829,3,0.0
2094341839,3,0.0
2094341849,3,0.0
2094341859,3,0.0
2094341869,3,0.0
2094341879,3,0.0
2094341889,3,0.0
2094341899,3,0.0
2094341909,3,0.0
2094341919,3,0.0
2094341929,3,0.0
2094341939,3,0.0
2094341949,3,0.0
2094341959,3,0.0
2094341969,3,0.0
2094341979,3,0.0
2094341989,3,0.0
2094341999,3,0.0
2094342009,3,0.0
2094342019,3,0.0
2094342029,3,0.0
2094342039,3,0.0
2094342049,3,0.0
2094342059,3,0.0
2094342069,3,0.0
2094342079,3,0.0
2094342089,3,0.0
2094342099,3,0.0
2094342109,3,0.0
2094342119,3,0.0
2094342129,3,0.0
2094342139,3,0.0
2094342149,3,0.0
2094342159,3,0.0
2094342169,3,0.0
2094342179,3,0.0
2094342189,3,0.0
2094342199,3,0.0
2094342209,3,0.0
2094342219,3,0.0
2094342229,3,0.0
2094342239,3,0.0
2094342249,3,0.0
2094342259,3,0.0
2094342269,3,0.0
2094342279,3,0.0
2094342289,3,0.0
2094342299,3,0.0
2094342309,3,0.0
2094342319,3,0.0
2094342329,3,0.0
2094342339,3,0.0
2094342349,3,0.0
2094342359,3,0.0
2094342369,3,0.0
2094342379,3,0.0
2094342389,3,0.0
2094342399,3,0.0
2094342409,3,0.0
2094342419,3,0.0
2094342429,3,0.0
2094342439,3,0.0
2094342449,3,0.0
2094342459,3,0.0
2094342469,3,0.0
2094342479,3,0.0
2094342489,3,0.0
2094342499,3,0.0
2094342509,3,0.0
2094342519,3,0.0
2094342529,3,0.0
2094342539,3,0.0
2094342549,3,0.0
2094342559,3,0.0
2094342569,3,0.0
2094342579,3,0.0
2094342589,3,0.0
2094342599,3,0.0
2094342609,3,0.0
2094342619,3,0.0
2094342629,3,0.0
2094342639,3,0.0
2094342649,3,0.0
2094342659,3,0.0
2094342669,3,0.0
2094342679,3,0.0
2094342689,3,0.0
2094342699,3,0.0
2094342709,3,0.0
2094342719,3,0.0
2094342729,3,0.0
2094342739,3,0.0
2094342749,3,0.0
2094342759,3,0.0
2094342769,3,0.0
2094342779,3,0.0
2094342789,3,0.0
2094342799,3,0.0
2094342809,3,0.0
2094342819,3,0.0
2094342829,3,0.0
2094342839,3,0.0
2094342849,3,0.0
2094342859,3,0.0
2094342869,3,0.0
2094342879,3,0.0
2094342889,3,0.0
2094342899,3,0.0
2094342909,3,0.0
2094342919,3,0.0
2094342929,3,0.0
2094342939,3,0.0
2094342949,3,0.0
2094342959,3,0.0
2094342969,3,0.0
2094342979,3,0.0
2094342989,3,0.0
2094342999,3,0.0
2094343009,3,0.0
2094343019,3,0.0
2094343029,3,0.0
2094343039,3,0.0
2094343049,3,0.0
2094343059,3,0.0
2094343069,3,0.0
2094343079,3,0.0
2094343089,3,0.0
2094343099,3,0.0
2094343109,3,0.0
2094343119,3,0.0
2094343129,3,0.0
2094343139,3,0.0
2094343149,3,0.0
2094343159,3,0.0
2094343169,3,0.0
2094343179,3,0.0
2094343189,3,0.0
2094343199,3,0.0
2094343209,3,0.0
2094343219,3,0.0
2094343229,3,0.0
2094343239,3,0.0
2094343249,3,0.0
2094343259,3,0.0
2094343269,3,0.0
2094343279,3,0.0
2094343289,3,0.0
2094343299,3,0.0
2094343309,3,0.0
2094343319,3,0.0
2094343329,3,0.0
2094343339,3,0.0
2094343349,3,0.0
2094343359,3,0.0
2094343369,3,0.0
2094343379,3,0.0
2094343389,3,0.0
2094343399,3,0.0
2094343409,3,0.0
2094343419,3,0.0
2094343429,3,0.0
2094343439,3,0.0
2094343449,3,0.0
2094343459,3,0.0
2094343469,3,0.0
2094343479,3,0.0
2094343489,3,0.0
2094343499,3,0.0
2094343509,3,0.0
2094343519,3,0.0
2094343529,3,0.0
2094343539,3,0.0
2094343549,3,0.0
2094343559,3,0.0
2094343569,3,0.0
2094343579,3,0.0
2094343589,3,0.0
2094343599,3,0.0
2094343609,3,0.0
2094343619,3,0.0
2094343629,3,0.0
2094343639,3,0.0
2094343649,3,0.0
2094343659,3,0.0
2094343669,3,0.0
2094343679,3,0.0
2094343689,3,0.0
2094343699,3,0.0
2094343709,3,0.0
2094343719,3,0.0
2094343729,3,0.0
2094343739,3,0.0
2094343749,3,0.0
2094343759,3,0.0
2094343769,3,0.0
2094343779,3,0.0
2094343789,3,0.0
2094343799,3,0.0
2094343809,3,0.0
2094343819,3,0.0
2094343829,3,0.0
2094343839,3,0.0
2094343849,3,0.0
2094343859,3,0.0
2094343869,3,0.0
2094343879,3,0.0
2094343889,3,0.0
2094343899,3,0.0
2094343909,3,0.0
2094343919,3,0.0
2094343929,3,0.0
2094343939,3,0.0
2094343949,3,0.0
2094343959,3,0.0
2094343969,3,0.0
2094343979,3,0.0
2094343989,3,0.0
2094343999,3,0.0
2094344009,3,0.0
2094344019,3,0.0
2094344029,3,0.0
2094344039,3,0.0
2094344049,3,0.0
2094344059,3,0.0
2094344069,3,0.0
2094344079,3,0.0
2094344089,3,0.0
2094344099,3,0.0
2094344109,3,0.0
2094344119,3,0.0
2094344129,3,0.0
2094344139,3,0.0
2094344149,3,0.0
2094344159,3,0.0
2094344169,3,0.0
2094344179,3,0.0
2094344189,3,0.0
2094344199,3,0.0
2094344209,3,0.0
2094344219,3,0.0
2094344229,3,0.0
2094344239,3,0.0
2094344249,3,0.0
2094344259,3,0.0
2094344269,3,0.0
2094344279,3,0.0
2094344289,3,0.0
2094344299,3,0.0
2094344309,3,0.0
2094344319,3,0.0
2094344329,3,0.0
2094344339,3,0.0
2094344349,3,0.0
2094344359,3,0.0
2094344369,3,0.0
2094344379,3,0.0
2094344389,3,0.0
2094344399,3,0.0
2094344409,3,0.0
2094344419,3,0.0
2094344429,3,0.0
2094344439,3,0.0
2094344449,3,0.0
2094344459,3,0.0
2094344469,3,0.0
2094344479,3,0.0
2094344489,3,0.0
2094344499,3,0.0
2094344509,3,0.0
2094344519,3,0.0
2094344529,3,0.0
2094344539,3,0.0
2094344549,3,0.0
2094344559,3,0.0
2094344569,3,0.0
2094344579,3,0.0
2094344589,3,0.0
2094344599,3,0.0
2094344609,3,0.0
2094344619,3,0.0
2094344629,3,0.0
2094344639,3,0.0
2094344649,3,0.0
2094344659,3,0.0
2094344669,3,0.0
2094344679,3,0.0
2094344689,3,0.0
2094344699,3,0.0
2094344709,3,0.0
2094344719,3,0.0
2094344729,3,0.0
2094344739,3,0.0
2094344749,3,0.0
2094344759,3,0.0
2094344769,3,0.0
2094344779,3,0.0
2094344789,3,0.0
2094344799,3,0.0
2094344809,3,0.0
2094344819,3,0.0
2094344829,3,0.0
2094344839,3,0.0
2094344849,3,0.0
2094344859,3,0.0
2094344869,3,0.0
2094344879,3,0.0
2094344889,3,0.0
2094344899,3,0.0
2094344909,3,0.0
2094344919,3,0.0
2094344929,3,0.0
2094344939,3,0.0
2094344949,3,0.0
2094344959,3,0.0
2094344969,3,0.0
2094344979,3,0.0
2094344989,3,0.0
2094344999,3,0.0
2094345009,3,0.0
2094345019,3,0.0
2094345029,3,0.0
2094345039,3,0.0
2094345049,3,0.0
2094345059,3,0.0
2094345069,3,0.0
2094345079,3,0.0
2094345089,3,0.0
2094345099,3,0.0
2094345109,3,0.0
2094345119,3,0.0
2094345129,3,0.0
2094345139,3,0.0
2094345149,3,0.0
2094345159,3,0.0
2094345169,3,0.0
2094345179,3,0.0
2094345189,3,0.0
2094345199,3,0.0
2094345209,3,0.0
2094345219,3,0.0
2094345229,3,0.0
2094345239,3,0.0
2094345249,3,0.0
2094345259,3,0.0
2094345269,3,0.0
2094345279,3,0.0
2094345289,3,0.0
2094345299,3,0.0
2094345309,3,0.0
2094345319,3,0.0
2094345329,3,0.0
2094345339,3,0.0
2094345349,3,0.0
2094345359,3,0.0
2094345369,3,0.0
2094345379,3,0.0
2094345389,3,0.0
2094345399,3,0.0
2094345409,3,0.0
2094345419,3,0.0
2094345429,3,0.0
2094345439,3,0.0
2094345449,3,0.0
2094345459,3,0.0
2094345469,3,0.0
2094345479,3,0.0
2094345489,3,0.0
2094345499,3,0.0
2094345509,3,0.0
2094345519,3,0.0
2094345529,3,0.0
2094345539,3,0.0
2094345549,3,0.0
2094345559,3,0.0
2094345569,3,0.0
2094345579,3,0.0
2094345589,3,0.0
2094345599,3,0.0
2094345609,3,0.0
2094345619,3,0.0
2094345629,3,0.0
2094345639,3,0.0
2094345649,3,0.0
2094345659,3,0.0
2094345669,3,0.0
2094345679,3,0.0
2094345689,3,0.0
2094345699,3,0.0
2094345709,3,0.0
2094345719,3,0.0
2094345729,3,0.0
2094345739,3,0.0
2094345749,3,0.0
2094345759,3,0.0
2094345769,3,0.0
2094345779,3,0.0
2094345789,3,0.0
2094345799,3,0.0
2094345809,3,0.0
2094345819,3,0.0
2094345829,3,0.0
2094345839,3,0.0
2094345849,3,0.0
2094345859,3,0.0
2094345869,3,0.0
2094345879,3,0.0
2094345889,3,0.0
2094345899,3,0.0
2094345909,3,0.0
2094345919,3,0.0
2094345929,3,0.0
2094345939,3,0.0
2094345949,3,0.0
2094345959,3,0.0
2094345969,3,0.0
2094345979,3,0.0
2094345989,3,0.0
2094345999,3,0.0
2094346009,3,0.0
2094346019,3,0.0
2094346029,3,0.0
2094346039,3,0.0
2094346049,3,0.0
2094346059,3,0.0
2094346069,3,0.0
2094346079,3,0.0
2094346089,3,0.0
2094346099,3,0.0
2094346109,3,0.0
2094346119,3,0.0
2094346129,3,0.0
2094346139,3,0.0
2094346149,3,0.0
2094346159,3,0.0
2094346169,3,0.0
2094346179,3,0.0
2094346189,3,0.0
2094346199,3,0.0
2094346209,3,0.0
2094346219,3,0.0
2094346229,3,0.0
2094346239,3,0.0
2094346249,3,0.0
2094346259,3,0.0
2094346269,3,0.0
2094346279,3,0.0
2094346289,3,0.0
2094346299,3,0.0
2094346309,3,0.0
2094346319,3,0.0
2094346329,3,0.0
2094346339,3,0.0
2094346349,3,0.0
2094346359,3,0.0
2094346369,3,0.0
2094346379,3,0.0
2094346389,3,0.0
2094346399,3,0.0
2094346409,3,0.0
2094346419,3,0.0
2094346429,3,0.0
2094346439,3,0.0
2094346449,3,0.0
2094346459,3,0.0
2094346469,3,0.0
2094346479,3,0.0
2094346489,3,0.0
2094346499,3,0.0
2094346509,3,0.0
2094346519,3,0.0
2094346529,3,0.0
2094346539,3,0.0
2094346549,3,0.0
2094346559,3,0.0
2094346569,3,0.0
2094346579,3,0.0
2094346589,3,0.0
2094346599,3,0.0
2094346609,3,0.0
2094346619,3,0.0
2094346629,3,0.0
2094346639,3,0.0
2094346649,3,0.0
2094346659,3,0.0
2094346669,3,0.0
2094346679,3,0.0
2094346689,3,0.0
2094346699,3,0.0
2094346709,3,0.0
2094346719,3,0.0
2094346729,3,0.0
2094346739,3,0.0
2094346749,3,0.0
2094346759,3,0.0
2094346769,3,0.0
2094346779,3,0.0
2094346789,3,0.0
2094346799,3,0.0
2094346809,3,0.0
2094346819,3,0.0
2094346829,3,0.0
2094346839,3,0.0
2094346849,3,0.0
2094346859,3,0.0
2094346869,3,0.0
2094346879,3,0.0
2094346889,3,0.0
2094346899,3,0.0
2094346909,3,0.0
2094346919,3,0.0
2094346929,3,0.0
2094346939,3,0.0
2094346949,3,0.0
2094346959,3,0.0
2094346969,3,0.0
2094346979,3,0.0
2094346989,3,0.0
2094346999,3,0.0
2094347009,3,0.0
2094347019,3,0.0
2094347029,3,0.0
2094347039,3,0.0
2094347049,3,0.0
2094347059,3,0.0
2094347069,3,0.0
2094347079,3,0.0
2094347089,3,0.0
2094347099,3,0.0
2094347109,3,0.0
2094347119,3,0.0
2094347129,3,0.0
2094347139,3,0.0
2094347149,3,0.0
2094347159,3,0.0
2094347169,3,0.0
2094347179,3,0.0
2094347189,3,0.0
2094347199,3,0.0
2094347209,3,0.0
2094347219,3,0.0
2094347229,3,0.0
2094347239,3,0.0
2094347249,3,0.0
2094347259,3,0.0
2094347269,3,0.0
2094347279,3,0.0
2094347289,3,0.0
2094347299,3,0.0
2094347309,3,0.0
2094347319,3,0.0
2094347329,3,0.0
2094347339,3,0.0
2094347349,3,0.0
2094347359,3,0.0
2094347369,3,0.0
2094347379,3,0.0
2094347389,3,0.0
2094347399,3,0.0
2094347409,3,0.0
2094347419,3,0.0
2094347429,3,0.0
2094347439,3,0.0
2094347449,3,0.0
2094347459,3,0.0
2094347469,3,0.0
2094347479,3,0.0
2094347489,3,0.0
2094347499,3,0.0
2094347509,3,0.0
2094347519,3,0.0
2094347529,3,0.0
2094347539,3,0.0
2094347549,3,0.0
2094347559,3,0.0
2094347569,3,0.0
2094347579,3,0.0
2094347589,3,0.0
2094347599,3,0.0
2094347609,3,0.0
2094347619,3,0.0
2094347629,3,0.0
2094347639,3,0.0
2094347649,3,0.0
2094347659,3,0.0
2094347669,3,0.0
2094347679,3,0.0
2094347689,3,0.0
2094347699,3,0.0
2094347709,3,0.0
2094347719,3,0.0
2094347729,3,0.0
2094347739,3,0.0
2094347749,3,0.0
2094347759,3,0.0
2094347769,3,0.0
2094347779,3,0.0
2094347789,3,0.0
2094347799,3,0.0
2094347809,3,0.0
2094347819,3,0.0
2094347829,3,0.0
2094347839,3,0.0
2094347849,3,0.0
2094347859,3,0.0
2094347869,3,0.0
2094347879,3,0.0
2094347889,3,0.0
2094347899,3,0.0
2094347909,3,0.0
2094347919,3,0.0
2094347929,3,0.0
2094347939,3,0.0
2094347949,3,0.0
2094347959,3,0.0
2094347969,3,0.0
2094347979,3,0.0
2094347989,3,0.0
2094347999,3,0.0
2094348009,3,0.0
2094348019,3,0.0
2094348029,3,0.0
2094348039,3,0.0
2094348049,3,0.0
2094348059,3,0.0
2094348069,3,0.0
2094348079,3,0.0
2094348089,3,0.0
2094348099,3,0.0
2094348109,3,0.0
2094348119,3,0.0
2094348129,3,0.0
2094348139,3,0.0
2094348149,3,0.0
2094348159,3,0.0
2094348169,3,0.0
2094348179,3,0.0
2094348189,3,0.0
2094348199,3,0.0
2094348209,3,0.0
2094348219,3,0.0
2094348229,3,0.0
2094348239,3,0.0
2094348249,3,0.0
2094348259,3,0.0
2094348269,3,0.0
2094348279,3,0.0
2094348289,3,0.0
2094348299,3,0.0
2094348309,3,0.0
2094348319,3,0.0
2094348329,3,0.0
2094348339,3,0.0
2094348349,3,0.0
2094348359,3,0.0
2094348369,3,0.0
2094348379,3,0.0
2094348389,3,0.0
2094348399,3,0.0
2094348409,3,0.0
2094348419,3,0.0
2094348429,3,0.0
2094348439,3,0.0
2094348449,3,0.0
2094348459,3,0.0
2094348469,3,0.0
2094348479,3,0.0
2094348489,3,0.0
2094348499,3,0.0
2094348509,3,0.0
2094348519,3,0.0
2094348529,3,0.0
2094348539,3,0.0
2094348549,3,0.0
2094348559,3,0.0
2094348569,3,0.0
2094348579,3,0.0
2094348589,3,0.0
2094348599,3,0.0
2094348609,3,0.0
2094348619,3,0.0
2094348629,3,0.0
2094348639,3,0.0
2094348649,3,0.0
2094348659,3,0.0
2094348669,3,0.0
2094348679,3,0.0
2094348689,3,0.0
2094348699,3,0.0
2094348709,3,0.0
2094348719,3,0.0
2094348729,3,0.0
2094348739,3,0.0
2094348749,3,0.0
2094348759,3,0.0
2094348769,3,0.0
2094348779,3,0.0
2094348789,3,0.0
2094348799,3,0.0
2094348809,3,0.0
2094348819,3,0.0
2094348829,3,0.0
2094348839,3,0.0
2094348849,3,0.0
2094348859,3,0.0
2094348869,3,0.0
2094348879,3,0.0
2094348889,3,0.0
2094348899,3,0.0
2094348909,3,0.0
2094348919,3,0.0
2094348929,3,0.0
2094348939,3,0.0
2094348949,3,0.0
2094348959,3,0.0
2094348969,3,0.0
2094348979,3,0.0
2094348989,3,0.0
2094348999,3,0.0
2094349009,3,0.0
2094349019,3,0.0
2094349029,3,0.0
2094349039,3,0.0
2094349049,3,0.0
2094349059,3,0.0
2094349069,3,0.0
2094349079,3,0.0
2094349089,3,0.0
2094349099,3,0.0
2094349109,3,0.0
2094349119,3,0.0
2094349129,3,0.0
2094349139,3,0.0
2094349149,3,0.0
2094349159,3,0.0
2094349169,3,0.0
2094349179,3,0.0
2094349189,3,0.0
2094349199,3,0.0
2094349209,3,0.0
2094349219,3,0.0
2094349229,3,0.0
2094349239,3,0.0
2094349249,3,0.0
2094349259,3,0.0
2094349269,3,0.0
2094349279,3,0.0
2094349289,3,0.0
2094349299,3,0.0
2094349309,3,0.0
2094349319,3,0.0
2094349329,3,0.0
2094349339,3,0.0
2094349349,3,0.0
2094349359,3,0.0
2094349369,3,0.0
2094349379,3,0.0
2094349389,3,0.0
2094349399,3,0.0
2094349409,3,0.0
2094349419,3,0.0
2094349429,3,0.0
2094349439,3,0.0
2094349449,3,0.0
2094349459,3,0.0
2094349469,3,0.0
2094349479,3,0.0
2094349489,3,0.0
2094349499,3,0.0
2094349509,3,0.0
2094349519,3,0.0
2094349529,3,0.0
2094349539,3,0.0
2094349549,3,0.0
2094349559,3,0.0
2094349569,3,0.0
2094349579,3,0.0
2094349589,3,0.0
2094349599,3,0.0
2094349609,3,0.0
2094349619,3,0.0
2094349629,3,0.0
2094349639,3,0.0
2094349649,3,0.0
2094349659,3,0.0
2094349669,3,0.0
2094349679,3,0.0
2094349689,3,0.0
2094349699,3,0.0
2094349709,3,0.0
2094349719,3,0.0
2094349729,3,0.0
2094349739,3,0.0
2094349749,3,0.0
2094349759,3,0.0
2094349769,3,0.0
2094349779,3,0.0
2094349789,3,0.0
2094349799,3,0.0
2094349809,3,0.0
2094349819,3,0.0
2094349829,3,0.0
2094349839,3,0.0
2094349849,3,0.0
2094349859,3,0.0
2094349869,3,0.0
2094349879,3,0.0
2094349889,3,0.0
2094349899,3,0.0
2094349909,3,0.0
2094349919,3,0.0
2094349929,3,0.0
2094349939,3,0.0
2094349949,3,0.0
2094349959,3,0.0
2094349969,3,0.0
2094349979,3,0.0
2094349989,3,0.0
2094349999,3,0.0
2094350009,3,0.0
2094350019,3,0.0
2094350029,3,0.0
2094350039,3,0.0
2094350049,3,0.0
2094350059,3,0.0
2094350069,3,0.0
2094350079,3,0.0
2094350089,3,0.0
2094350099,3,0.0
2094350109,3,0.0
2094350119,3,0.0
2094350129,3,0.0
2094350139,3,0.0
2094350149,3,0.0
2094350159,3,0.0
2094350169,3,0.0
2094350179,3,0.0
2094350189,3,0.0
2094350199,3,0.0
2094350209,3,0.0
2094350219,3,0.0
2094350229,3,0.0
2094350239,3,0.0
2094350249,3,0.0
2094350259,3,0.0
2094350269,3,0.0
2094350279,3,0.0
2094350289,3,0.0
2094350299,3,0.0
2094350309,3,0.0
2094350319,3,0.0
2094350329,3,0.0
2094350339,3,0.0
2094350349,3,0.0
2094350359,3,0.0
2094350369,3,0.0
2094350379,3,0.0
2094350389,3,0.0
2094350399,3,0.0
2094350409,3,0.0
2094350419,3,0.0
2094350429,3,0.0
2094350439,3,0.0
2094350449,3,0.0
2094350459,3,0.0
2094350469,3,0.0
2094350479,3,0.0
2094350489,3,0.0
2094350499,3,0.0
2094350509,3,0.0
2094350519,3,0.0
2094350529,3,0.0
2094350539,3,0.0
2094350549,3,0.0
2094350559,3,0.0
2094350569,3,0.0
2094350579,3,0.0
2094350589,3,0.0
2094350599,3,0.0
2094350609,3,0.0
2094350619,3,0.0
2094350629,3,0.0
2094350639,3,0.0
2094350649,3,0.0
2094350659,3,0.0
2094350669,3,0.0
2094350679,3,0.0
2094350689,3,0.0
2094350699,3,0.0
2094350709,3,0.0
2094350719,3,0.0
2094350729,3,0.0
2094350739,3,0.0
2094350749,3,0.0
2094350759,3,0.0
2094350769,3,0.0
2094350779,3,0.0
2094350789,3,0.0
2094350799,3,0.0
2094350809,3,0.0
2094350819,3,0.0
2094350829,3,0.0
2094350839,3,0.0
2094350849,3,0.0
2094350859,3,0.0
2094350869,3,0.0
2094350879,3,0.0
2094350889,3,0.0
2094350899,3,0.0
2094350909,3,0.0
2094350919,3,0.0
2094350929,3,0.0
2094350939,3,0.0
2094350949,3,0.0
2094350959,3,0.0
2094350969,3,0.0
2094350979,3,0.0
2094350989,3,0.0
2094350999,3,0.0
2094351009,3,0.0
2094351019,3,0.0
2094351029,3,0.0
2094351039,3,0.0
2094351049,3,0.0
2094351059,3,0.0
2094351069,3,0.0
2094351079,3,0.0
2094351089,3,0.0
2094351099,3,0.0
2094351109,3,0.0
2094351119,3,0.0
2094351129,3,0.0
2094351139,3,0.0
2094351149,3,0.0
2094351159,3,0.0
2094351169,3,0.0
2094351179,3,0.0
2094351189,3,0.0
2094351199,3,0.0
2094351209,3,0.0
2094351219,3,0.0
2094351229,3,0.0
2094351239,3,0.0
2094351249,3,0.0
2094351259,3,0.0
2094351269,3,0.0
2094351279,3,0.0
2094351289,3,0.0
2094351299,3,0.0
2094351309,3,0.0
2094351319,3,0.0
2094351329,3,0.0
2094351339,3,0.0
2094351349,3,0.0
2094351359,3,0.0
2094351369,3,0.0
2094351379,3,0.0
2094351389,3,0.0
2094351399,3,0.0
2094351409,3,0.0
2094351419,3,0.0
2094351429,3,0.0
2094351439,3,0.0
2094351449,3,0.0
2094351459,3,0.0
2094351469,3,0.0
2094351479,3,0.0
2094351489,3,0.0
2094351499,3,0.0
2094351509,3,0.0
2094351519,3,0.0
2094351529,3,0.0
2094351539,3,0.0
2094351549,3,0.0
2094351559,3,0.0
2094351569,3,0.0
2094351579,3,0.0
2094351589,3,0.0
2094351599,3,0.0
2094351609,3,0.0
2094351619,3,0.0
2094351629,3,0.0
2094351639,3,0.0
2094351649,3,0.0
2094351659,3,0.0
2094351669,3,0.0
2094351679,3,0.0
2094351689,3,0.0
2094351699,3,0.0
2094351709,3,0.0
2094351719,3,0.0
2094351729,3,0.0
2094351739,3,0.0
2094351749,3,0.0
2094351759,3,0.0
2094351769,3,0.0
2094351779,3,0.0
2094351789,3,0.0
2094351799,3,0.0
2094351809,3,0.0
2094351819,3,0.0
2094351829,3,0.0
2094351839,3,0.0
2094351849,3,0.0
2094351859,3,0.0
2094351869,3,0.0
2094351879,3,0.0
2094351889,3,0.0
2094351899,3,0.0
2094351909,3,0.0
2094351919,3,0.0
2094351929,3,0.0
2094351939,3,0.0
2094351949,3,0.0
2094351959,3,0.0
2094351969,3,0.0
2094351979,3,0.0
2094351989,3,0.0
2094351999,3,0.0
2094352009,3,0.0
2094352019,3,0.0
2094352029,3,0.0
2094352039,3,0.0
2094352049,3,0.0
2094352059,3,0.0
2094352069,3,0.0
2094352079,3,0.0
2094352089,3,0.0
2094352099,3,0.0
2094352109,3,0.0
2094352119,3,0.0
2094352129,3,0.0
2094352139,3,0.0
2094352149,3,0.0
2094352159,3,0.0
2094352169,3,0.0
2094352179,3,0.0
2094352189,3,0.0
2094352199,3,0.0
2094352209,3,0.0
2094352219,3,0.0
2094352229,3,0.0
2094352239,3,0.0
2094352249,3,0.0
2094352259,3,0.0
2094352269,3,0.0
2094352279,3,0.0
2094352289,3,0.0
2094352299,3,0.0
2094352309,3,0.0
2094352319,3,0.0
2094352329,3,0.0
2094352339,3,0.0
2094352349,3,0.0
2094352359,3,0.0
2094352369,3,0.0
2094352379,3,0.0
2094352389,3,0.0
2094352399,3,0.0
2094352409,3,0.0
2094352419,3,0.0
2094352429,3,0.0
2094352439,3,0.0
2094352449,3,0.0
2094352459,3,0.0
2094352469,3,0.0
2094352479,3,0.0
2094352489,3,0.0
2094352499,3,0.0
2094352509,3,0.0
2094352519,3,0.0
2094352529,3,0.0
2094352539,3,0.0
2094352549,3,0.0
2094352559,3,0.0
2094352569,3,0.0
2094352579,3,0.0
2094352589,3,0.0
2094352599,3,0.0
2094352609,3,0.0
2094352619,3,0.0
2094352629,3,0.0
2094352639,3,0.0
2094352649,3,0.0
2094352659,3,0.0
2094352669,3,0.0
2094352679,3,0.0
2094352689,3,0.0
2094352699,3,0.0
2094352709,3,0.0
2094352719,3,0.0
2094352729,3,0.0
2094352739,3,0.0
2094352749,3,0.0
2094352759,3,0.0
2094352769,3,0.0
2094352779,3,0.0
2094352789,3,0.0
2094352799,3,0.0
2094352809,3,0.0
2094352819,3,0.0
2094352829,3,0.0
2094352839,3,0.0
2094352849,3,0.0
2094352859,3,0.0
2094352869,3,0.0
2094352879,3,0.0
2094352889,3,0.0
2094352899,3,0.0
2094352909,3,0.0
2094352919,3,0.0
2094352929,3,0.0
2094352939,3,0.0
2094352949,3,0.0
2094352959,3,0.0
2094352969,3,0.0
2094352979,3,0.0
2094352989,3,0.0
2094352999,3,0.0
2094353009,3,0.0
2094353019,3,0.0
2094353029,3,0.0
2094353039,3,0.0
2094353049,3,0.0
2094353059,3,0.0
2094353069,3,0.0
2094353079,3,0.0
2094353089,3,0.0
2094353099,3,0.0
2094353109,3,0.0
2094353119,3,0.0
2094353129,3,0.0
2094353139,3,0.0
2094353149,3,0.0
2094353159,3,0.0
2094353169,3,0.0
2094353179,3,0.0
2094353189,3,0.0
2094353199,3,0.0
2094353209,3,0.0
2094353219,3,0.0
2094353229,3,0.0
2094353239,3,0.0
2094353249,3,0.0
2094353259,3,0.0
2094353269,3,0.0
2094353279,3,0.0
2094353289,3,0.0
2094353299,3,0.0
2094353309,3,0.0
2094353319,3,0.0
2094353329,3,0.0
2094353339,3,0.0
2094353349,3,0.0
2094353359,3,0.0
2094353369,3,0.0
2094353379,3,0.0
2094353389,3,0.0
2094353399,3,0.0
2094353409,3,0.0
2094353419,3,0.0
2094353429,3,0.0
2094353439,3,0.0
2094353449,3,0.0
2094353459,3,0.0
2094353469,3,0.0
2094353479,3,0.0
2094353489,3,0.0
2094353499,3,0.0
2094353509,3,0.0
2094353519,3,0.0
2094353529,3,0.0
2094353539,3,0.0
2094353549,3,0.0
2094353559,3,0.0
2094353569,3,0.0
2094353579,3,0.0
2094353589,3,0.0
2094353599,3,0.0
2094353609,3,0.0
2094353619,3,0.0
2094353629,3,0.0
2094353639,3,0.0
2094353649,3,0.0
2094353659,3,0.0
2094353669,3,0.0
2094353679,3,0.0
2094353689,3,0.0
2094353699,3,0.0
2094353709,3,0.0
2094353719,3,0.0
2094353729,3,0.0
2094353739,3,0.0
2094353749,3,0.0
2094353759,3,0.0
2094353769,3,0.0
2094353779,3,0.0
2094353789,3,0.0
2094353799,3,0.0
2094353809,3,0.0
2094353819,3,0.0
2094353829,3,0.0
2094353839,3,0.0
2094353849,3,0.0
2094353859,3,0.0
2094353869,3,0.0
2094353879,3,0.0
2094353889,3,0.0
2094353899,3,0.0
2094353909,3,0.0
2094353919,3,0.0
2094353929,3,0.0
2094353939,3,0.0
2094353949,3,0.0
2094353959,3,0.0
2094353969,3,0.0
2094353979,3,0.0
2094353989,3,0.0
2094353999,3,0.0
2094354009,3,0.0
2094354019,3,0.0
2094354029,3,0.0
2094354039,3,0.0
2094354049,3,0.0
2094354059,3,0.0
2094354069,3,0.0
2094354079,3,0.0
2094354089,3,0.0
2094354099,3,0.0
2094354109,3,0.0
2094354119,3,0.0
2094354129,3,0.0
2094354139,3,0.0
2094354149,3,0.0
2094354159,3,0.0
2094354169,3,0.0
2094354179,3,0.0
2094354189,3,0.0
2094354199,3,0.0
2094354209,3,0.0
2094354219,3,0.0
2094354229,3,0.0
2094354239,3,0.0
2094354249,3,0.0
2094354259,3,0.0
2094354269,3,0.0
2094354279,3,0.0
2094354289,3,0.0
2094354299,3,0.0
2094354309,3,0.0
2094354319,3,0.0
2094354329,3,0.0
2094354339,3,0.0
2094354349,3,0.0
2094354359,3,0.0
2094354369,3,0.0
2094354379,3,0.0
2094354389,3,0.0
2094354399,3,0.0
2094354409,3,0.0
2094354419,3,0.0
2094354429,3,0.0
2094354439,3,0.0
2094354449,3,0.0
2094354459,3,0.0
2094354469,3,0.0
2094354479,3,0.0
2094354489,3,0.0
2094354499,3,0.0
2094354509,3,0.0
2094354519,3,0.0
2094354529,3,0.0
2094354539,3,0.0
2094354549,3,0.0
2094354559,3,0.0
2094354569,3,0.0
2094354579,3,0.0
2094354589,3,0.0
2094354599,3,0.0
2094354609,3,0.0
2094354619,3,0.0
2094354629,3,0.0
2094354639,3,0.0
2094354649,3,0.0
2094354659,3,0.0
2094354669,3,0.0
2094354679,3,0.0
2094354689,3,0.0
2094354699,3,0.0
2094354709,3,0.0
2094354719,3,0.0
2094354729,3,0.0
2094354739,3,0.0
2094354749,3,0.0
2094354759,3,0.0
2094354769,3,0.0
2094354779,3,0.0
2094354789,3,0.0
2094354799,3,0.0
2094354809,3,0.0
2094354819,3,0.0
2094354829,3,0.0
2094354839,3,0.0
2094354849,3,0.0
2094354859,3,0.0
2094354869,3,0.0
2094354879,3,0.0
2094354889,3,0.0
2094354899,3,0.0
2094354909,3,0.0
2094354919,3,0.0
2094354929,3,0.0
2094354939,3,0.0
2094354949,3,0.0
2094354959,3,0.0
2094354969,3,0.0
2094354979,3,0.0
2094354989,3,0.0
2094354999,3,0.0
2094355009,3,0.0
2094355019,3,0.0
2094355029,3,0.0
2094355039,3,0.0
2094355049,3,0.0
2094355059,3,0.0
2094355069,3,0.0
2094355079,3,0.0
2094355089,3,0.0
2094355099,3,0.0
2094355109,3,0.0
2094355119,3,0.0
2094355129,3,0.0
2094355139,3,0.0
2094355149,3,0.0
2094355159,3,0.0
2094355169,3,0.0
2094355179,3,0.0
2094355189,3,0.0
2094355199,3,0.0
2094355209,3,0.0
2094355219,3,0.0
2094355229,3,0.0
2094355239,3,0.0
2094355249,3,0.0
2094355259,3,0.0
2094355269,3,0.0
2094355279,3,0.0
2094355289,3,0.0
2094355299,3,0.0
2094355309,3,0.0
2094355319,3,0.0
2094355329,3,0.0
2094355339,3,0.0
2094355349,3,0.0
2094355359,3,0.0
2094355369,3,0.0
2094355379,3,0.0
2094355389,3,0.0
2094355399,3,0.0
2094355409,3,0.0
2094355419,3,0.0
2094355429,3,0.0
2094355439,3,0.0
2094355449,3,0.0
2094355459,3,0.0
2094355469,3,0.0
2094355479,3,0.0
2094355489,3,0.0
2094355499,3,0.0
2094355509,3,0.0
2094355519,3,0.0
2094355529,3,0.0
2094355539,3,0.0
2094355549,3,0.0
2094355559,3,0.0
2094355569,3,0.0
2094355579,3,0.0
2094355589,3,0.0
2094355599,3,0.0
2094355609,3,0.0
2094355619,3,0.0
2094355629,3,0.0
2094355639,3,0.0
2094355649,3,0.0
2094355659,3,0.0
2094355669,3,0.0
2094355679,3,0.0
2094355689,3,0.0
2094355699,3,0.0
2094355709,3,0.0
2094355719,3,0.0
2094355729,3,0.0
2094355739,3,0.0
2094355749,3,0.0
2094355759,3,0.0
2094355769,3,0.0
2094355779,3,0.0
2094355789,3,0.0
2094355799,3,0.0
2094355809,3,0.0
2094355819,3,0.0
2094355829,3,0.0
2094355839,3,0.0
2094355849,3,0.0
2094355859,3,0.0
2094355869,3,0.0
2094355879,3,0.0
2094355889,3,0.0
2094355899,3,0.0
2094355909,3,0.0
2094355919,3,0.0
2094355929,3,0.0
2094355939,3,0.0
2094355949,3,0.0
2094355959,3,0.0
2094355969,3,0.0
2094355979,3,0.0
2094355989,3,0.0
2094355999,3,0.0
2094356009,3,0.0
2094356019,3,0.0
2094356029,3,0.0
2094356039,3,0.0
2094356049,3,0.0
2094356059,3,0.0
2094356069,3,0.0
2094356079,3,0.0
2094356089,3,0.0
2094356099,3,0.0
2094356109,3,0.0
2094356119,3,0.0
2094356129,3,0.0
2094356139,3,0.0
2094356149,3,0.0
2094356159,3,0.0
2094356169,3,0.0
2094356179,3,0.0
2094356189,3,0.0
2094356199,3,0.0
2094356209,3,0.0
2094356219,3,0.0
2094356229,3,0.0
2094356239,3,0.0
2094356249,3,0.0
2094356259,3,0.0
2094356269,3,0.0
2094356279,3,0.0
2094356289,3,0.0
2094356299,3,0.0
2094356309,3,0.0
2094356319,3,0.0
2094356329,3,0.0
2094356339,3,0.0
2094356349,3,0.0
2094356359,3,0.0
2094356369,3,0.0
2094356379,3,0.0
2094356389,3,0.0
2094356399,3,0.0
2094356409,3,0.0
2094356419,3,0.0
2094356429,3,0.0
2094356439,3,0.0
2094356449,3,0.0
2094356459,3,0.0
2094356469,3,0.0
2094356479,3,0.0
2094356489,3,0.0
2094356499,3,0.0
2094356509,3,0.0
2094356519,3,0.0
2094356529,3,0.0
2094356539,3,0.0
2094356549,3,0.0
2094356559,3,0.0
2094356569,3,0.0
2094356579,3,0.0
2094356589,3,0.0
2094356599,3,0.0
2094356609,3,0.0
2094356619,3,0.0
2094356629,3,0.0
2094356639,3,0.0
2094356649,3,0.0
2094356659,3,0.0
2094356669,3,0.0
2094356679,3,0.0
2094356689,3,0.0
2094356699,3,0.0
2094356709,3,0.0
2094356719,3,0.0
2094356729,3,0.0
2094356739,3,0.0
2094356749,3,0.0
2094356759,3,0.0
2094356769,3,0.0
2094356779,3,0.0
2094356789,3,0.0
2094356799,3,0.0
2094356809,3,0.0
2094356819,3,0.0
2094356829,3,0.0
2094356839,3,0.0
2094356849,3,0.0
2094356859,3,0.0
2094356869,3,0.0
2094356879,3,0.0
2094356889,3,0.0
2094356899,3,0.0
2094356909,3,0.0
2094356919,3,0.0
2094356929,3,0.0
2094356939,3,0.0
2094356949,3,0.0
2094356959,3,0.0
2094356969,3,0.0
2094356979,3,0.0
2094356989,3,0.0
2094356999,3,0.0
2094357009,3,0.0
2094357019,3,0.0
2094357029,3,0.0
2094357039,3,0.0
2094357049,3,0.0
2094357059,3,0.0
2094357069,3,0.0
2094357079,3,0.0
2094357089,3,0.0
2094357099,3,0.0
2094357109,3,0.0
2094357119,3,0.0
2094357129,3,0.0
2094357139,3,0.0
2094357149,3,0.0
2094357159,3,0.0
2094357169,3,0.0
2094357179,3,0.0
2094357189,3,0.0
2094357199,3,0.0
2094357209,3,0.0
2094357219,3,0.0
2094357229,3,0.0
2094357239,3,0.0
2094357249,3,0.0
2094357259,3,0.0
2094357269,3,0.0
2094357279,3,0.0
2094357289,3,0.0
2094357299,3,0.0
2094357309,3,0.0
2094357319,3,0.0
2094357329,3,0.0
2094357339,3,0.0
2094357349,3,0.0
2094357359,3,0.0
2094357369,3,0.0
2094357379,3,0.0
2094357389,3,0.0
2094357399,3,0.0
2094357409,3,0.0
2094357419,3,0.0
2094357429,3,0.0
2094357439,3,0.0
2094357449,3,0.0
2094357459,3,0.0
2094357469,3,0.0
2094357479,3,0.0
2094357489,3,0.0
2094357499,3,0.0
2094357509,3,0.0
2094357519,3,0.0
2094357529,3,0.0
2094357539,3,0.0
2094357549,3,0.0
2094357559,3,0.0
2094357569,3,0.0
2094357579,3,0.0
2094357589,3,0.0
2094357599,3,0.0
2094357609,3,0.0
2094357619,3,0.0
2094357629,3,0.0
2094357639,3,0.0
2094357649,3,0.0
2094357659,3,0.0
2094357669,3,0.0
2094357679,3,0.0
2094357689,3,0.0
2094357699,3,0.0
2094357709,3,0.0
2094357719,3,0.0
2094357729,3,0.0
2094357739,3,0.0
2094357749,3,0.0
2094357759,3,0.0
2094357769,3,0.0
2094357779,3,0.0
2094357789,3,0.0
2094357799,3,0.0
2094357809,3,0.0
2094357819,3,0.0
2094357829,3,0.0
2094357839,3,0.0
2094357849,3,0.0
2094357859,3,0.0
2094357869,3,0.0
2094357879,3,0.0
2094357889,3,0.0
2094357899,3,0.0
2094357909,3,0.0
2094357919,3,0.0
2094357929,3,0.0
2094357939,3,0.0
2094357949,3,0.0
2094357959,3,0.0
2094357969,3,0.0
2094357979,3,0.0
2094357989,3,0.0
2094357999,3,0.0
2094358009,3,0.0
2094358019,3,0.0
2094358029,3,0.0
2094358039,3,0.0
2094358049,3,0.0
2094358059,3,0.0
2094358069,3,0.0
2094358079,3,0.0
2094358089,3,0.0
2094358099,3,0.0
2094358109,3,0.0
2094358119,3,0.0
2094358129,3,0.0
2094358139,3,0.0
2094358149,3,0.0
2094358159,3,0.0
2094358169,3,0.0
2094358179,3,0.0
2094358189,3,0.0
2094358199,3,0.0
2094358209,3,0.0
2094358219,3,0.0
2094358229,3,0.0
2094358239,3,0.0
2094358249,3,0.0
2094358259,3,0.0
2094358269,3,0.0
2094358279,3,0.0
2094358289,3,0.0
2094358299,3,0.0
2094358309,3,0.0
2094358319,3,0.0
2094358329,3,0.0
2094358339,3,0.0
2094358349,3,0.0
2094358359,3,0.0
2094358369,3,0.0
2094358379,3,0.0
2094358389,3,0.0
2094358399,3,0.0
2094358409,3,0.0
2094358419,3,0.0
2094358429,3,0.0
2094358439,3,0.0
2094358449,3,0.0
2094358459,3,0.0
2094358469,3,0.0
2094358479,3,0.0
2094358489,3,0.0
2094358499,3,0.0
2094358509,3,0.0
2094358519,3,0.0
2094358529,3,0.0
2094358539,3,0.0
2094358549,3,0.0
2094358559,3,0.0
2094358569,3,0.0
2094358579,3,0.0
2094358589,3,0.0
2094358599,3,0.0
2094358609,3,0.0
2094358619,3,0.0
2094358629,3,0.0
2094358639,3,0.0
2094358649,3,0.0
2094358659,3,0.0
2094358669,3,0.0
2094358679,3,0.0
2094358689,3,0.0
2094358699,3,0.0
2094358709,3,0.0
2094358719,3,0.0
2094358729,3,0.0
2094358739,3,0.0
2094358749,3,0.0
2094358759,3,0.0
2094358769,3,0.0
2094358779,3,0.0
2094358789,3,0.0
2094358799,3,0.0
2094358809,3,0.0
2094358819,3,0.0
2094358829,3,0.0
2094358839,3,0.0
2094358849,3,0.0
2094358859,3,0.0
2094358869,3,0.0
2094358879,3,0.0
2094358889,3,0.0
2094358899,3,0.0
2094358909,3,0.0
2094358919,3,0.0
2094358929,3,0.0
2094358939,3,0.0
2094358949,3,0.0
2094358959,3,0.0
2094358969,3,0.0
2094358979,3,0.0
2094358989,3,0.0
2094358999,3,0.0
2094359009,3,0.0
2094359019,3,0.0
2094359029,3,0.0
2094359039,3,0.0
2094359049,3,0.0
2094359059,3,0.0
2094359069,3,0.0
2094359079,3,0.0
2094359089,3,0.0
2094359099,3,0.0
2094359109,3,0.0
2094359119,3,0.0
2094359129,3,0.0
2094359139,3,0.0
2094359149,3,0.0
2094359159,3,0.0
2094359169,3,0.0
2094359179,3,0.0
2094359189,3,0.0
2094359199,3,0.0
2094359209,3,0.0
2094359219,3,0.0
2094359229,3,0.0
2094359239,3,0.0
2094359249,3,0.0
2094359259,3,0.0
2094359269,3,0.0
2094359279,3,0.0
2094359289,3,0.0
2094359299,3,0.0
2094359309,3,0.0
2094359319,3,0.0
2094359329,3,0.0
2094359339,3,0.0
2094359349,3,0.0
2094359359,3,0.0
2094359369,3,0.0
2094359379,3,0.0
2094359389,3,0.0
2094359399,3,0.0
2094359409,3,0.0
2094359419,3,0.0
2094359429,3,0.0
2094359439,3,0.0
2094359449,3,0.0
2094359459,3,0.0
2094359469,3,0.0
2094359479,3,0.0
2094359489,3,0.0
2094359499,3,0.0
2094359509,3,0.0
2094359519,3,0.0
2094359529,3,0.0
2094359539,3,0.0
2094359549,3,0.0
2094359559,3,0.0
2094359569,3,0.0
2094359579,3,0.0
2094359589,3,0.0
2094359599,3,0.0
2094359609,3,0.0
2094359619,3,0.0
2094359629,3,0.0
2094359639,3,0.0
2094359649,3,0.0
2094359659,3,0.0
2094359669,3,0.0
2094359679,3,0.0
2094359689,3,0.0
2094359699,3,0.0
2094359709,3,0.0
2094359719,3,0.0
2094359729,3,0.0
2094359739,3,0.0
2094359749,3,0.0
2094359759,3,0.0
2094359769,3,0.0
2094359779,3,0.0
2094359789,3,0.0
2094359799,3,0.0
2094359809,3,0.0
2094359819,3,0.0
2094359829,3,0.0
2094359839,3,0.0
2094359849,3,0.0
2094359859,3,0.0
2094359869,3,0.0
2094359879,3,0.0
2094359889,3,0.0
2094359899,3,0.0
2094359909,3,0.0
2094359919,3,0.0
2094359929,3,0.0
2094359939,3,0.0
2094359949,3,0.0
2094359959,3,0.0
2094359969,3,0.0
2094359979,3,0.0
2094359989,3,0.0
2094359999,3,0.0
2094360009,3,0.0
2094360019,3,0.0
2094360029,3,0.0
2094360039,3,0.0
2094360049,3,0.0
2094360059,3,0.0
2094360069,3,0.0
2094360079,3,0.0
2094360089,3,0.0
2094360099,3,0.0
2094360109,3,0.0
2094360119,3,0.0
2094360129,3,0.0
2094360139,3,0.0
2094360149,3,0.0
2094360159,3,0.0
2094360169,3,0.0
2094360179,3,0.0
2094360189,3,0.0
2094360199,3,0.0
2094360209,3,0.0
2094360219,3,0.0
2094360229,3,0.0
2094360239,3,0.0
2094360249,3,0.0
2094360259,3,0.0
2094360269,3,0.0
2094360279,3,0.0
2094360289,3,0.0
2094360299,3,0.0
2094360309,3,0.0
2094360319,3,0.0
2094360329,3,0.0
2094360339,3,0.0
2094360349,3,0.0
2094360359,3,0.0
2094360369,3,0.0
2094360379,3,0.0
2094360389,3,0.0
2094360399,3,0.0
2094360409,3,0.0
2094360419,3,0.0
2094360429,3,0.0
2094360439,3,0.0
2094360449,3,0.0
2094360459,3,0.0
2094360469,3,0.0
2094360479,3,0.0
2094360489,3,0.0
2094360499,3,0.0
2094360509,3,0.0
2094360519,3,0.0
2094360529,3,0.0
2094360539,3,0.0
2094360549,3,0.0
2094360559,3,0.0
2094360569,3,0.0
2094360579,3,0.0
2094360589,3,0.0
2094360599,3,0.0
2094360609,3,0.0
2094360619,3,0.0
2094360629,3,0.0
2094360639,3,0.0
2094360649,3,0.0
2094360659,3,0.0
2094360669,3,0.0
2094360679,3,0.0
2094360689,3,0.0
2094360699,3,0.0
2094360709,3,0.0
2094360719,3,0.0
2094360729,3,0.0
2094360739,3,0.0
2094360749,3,0.0
2094360759,3,0.0
2094360769,3,0.0
2094360779,3,0.0
2094360789,3,0.0
2094360799,3,0.0
2094360809,3,0.0
2094360819,3,0.0
2094360829,3,0.0
2094360839,3,0.0
2094360849,3,0.0
2094360859,3,0.0
2094360869,3,0.0
2094360879,3,0.0
2094360889,3,0.0
2094360899,3,0.0
2094360909,3,0.0
2094360919,3,0.0
2094360929,3,0.0
2094360939,3,0.0
2094360949,3,0.0
2094360959,3,0.0
2094360969,3,0.0
2094360979,3,0.0
2094360989,3,0.0
2094360999,3,0.0
2094361009,3,0.0
2094361019,3,0.0
2094361029,3,0.0
2094361039,3,0.0
2094361049,3,0.0
2094361059,3,0.0
2094361069,3,0.0
2094361079,3,0.0
2094361089,3,0.0
2094361099,3,0.0
2094361109,3,0.0
2094361119,3,0.0
2094361129,3,0.0
2094361139,3,0.0
2094361149,3,0.0
2094361159,3,0.0
2094361169,3,0.0
2094361179,3,0.0
2094361189,3,0.0
2094361199,3,0.0
2094361209,3,0.0
2094361219,3,0.0
2094361229,3,0.0
2094361239,3,0.0
2094361249,3,0.0
2094361259,3,0.0
2094361269,3,0.0
2094361279,3,0.0
2094361289,3,0.0
2094361299,3,0.0
2094361309,3,0.0
2094361319,3,0.0
2094361329,3,0.0
2094361339,3,0.0
2094361349,3,0.0
2094361359,3,0.0
2094361369,3,0.0
2094361379,3,0.0
2094361389,3,0.0
2094361399,3,0.0
2094361409,3,0.0
2094361419,3,0.0
2094361429,3,0.0
2094361439,3,0.0
2094361449,3,0.0
2094361459,3,0.0
2094361469,3,0.0
2094361479,3,0.0
2094361489,3,0.0
2094361499,3,0.0
2094361509,3,0.0
2094361519,3,0.0
2094361529,3,0.0
2094361539,3,0.0
2094361549,3,0.0
2094361559,3,0.0
2094361569,3,0.0
2094361579,3,0.0
2094361589,3,0.0
2094361599,3,0.0
2094361609,3,0.0
2094361619,3,0.0
2094361629,3,0.0
2094361639,3,0.0
2094361649,3,0.0
2094361659,3,0.0
2094361669,3,0.0
2094361679,3,0.0
2094361689,3,0.0
2094361699,3,0.0
2094361709,3,0.0
2094361719,3,0.0
2094361729,3,0.0
2094361739,3,0.0
2094361749,3,0.0
2094361759,3,0.0
2094361769,3,0.0
2094361779,3,0.0
2094361789,3,0.0
2094361799,3,0.0
2094361809,3,0.0
2094361819,3,0.0
2094361829,3,0.0
2094361839,3,0.0
2094361849,3,0.0
2094361859,3,0.0
2094361869,3,0.0
2094361879,3,0.0
2094361889,3,0.0
2094361899,3,0.0
2094361909,3,0.0
2094361919,3,0.0
2094361929,3,0.0
2094361939,3,0.0
2094361949,3,0.0
2094361959,3,0.0
2094361969,3,0.0
2094361979,3,0.0
2094361989,3,0.0
2094361999,3,0.0
2094362009,3,0.0
2094362019,3,0.0
2094362029,3,0.0
2094362039,3,0.0
2094362049,3,0.0
2094362059,3,0.0
2094362069,3,0.0
2094362079,3,0.0
2094362089,3,0.0
2094362099,3,0.0
2094362109,3,0.0
2094362119,3,0.0
2094362129,3,0.0
2094362139,3,0.0
2094362149,3,0.0
2094362159,3,0.0
2094362169,3,0.0
2094362179,3,0.0
2094362189,3,0.0
2094362199,3,0.0
2094362209,3,0.0
2094362219,3,0.0
2094362229,3,0.0
2094362239,3,0.0
2094362249,3,0.0
2094362259,3,0.0
2094362269,3,0.0
2094362279,3,0.0
2094362289,3,0.0
2094362299,3,0.0
2094362309,3,0.0
2094362319,3,0.0
2094362329,3,0.0
2094362339,3,0.0
2094362349,3,0.0
2094362359,3,0.0
2094362369,3,0.0
2094362379,3,0.0
2094362389,3,0.0
2094362399,3,0.0
2094362409,3,0.0
2094362419,3,0.0
2094362429,3,0.0
2094362439,3,0.0
2094362449,3,0.0
2094362459,3,0.0
2094362469,3,0.0
2094362479,3,0.0
2094362489,3,0.0
2094362499,3,0.0
2094362509,3,0.0
2094362519,3,0.0
2094362529,3,0.0
2094362539,3,0.0
2094362549,3,0.0
2094362559,3,0.0
2094362569,3,0.0
2094362579,3,0.0
2094362589,3,0.0
2094362599,3,0.0
2094362609,3,0.0
2094362619,3,0.0
2094362629,3,0.0
2094362639,3,0.0
2094362649,3,0.0
2094362659,3,0.0
2094362669,3,0.0
2094362679,3,0.0
2094362689,3,0.0
2094362699,3,0.0
2094362709,3,0.0
2094362719,3,0.0
2094362729,3,0.0
2094362739,3,0.0
2094362749,3,0.0
2094362759,3,0.0
2094362769,3,0.0
2094362779,3,0.0
2094362789,3,0.0
2094362799,3,0.0
2094362809,3,0.0
2094362819,3,0.0
2094362829,3,0.0
2094362839,3,0.0
2094362849,3,0.0
2094362859,3,0.0
2094362869,3,0.0
2094362879,3,0.0
2094362889,3,0.0
2094362899,3,0.0
2094362909,3,0.0
2094362919,3,0.0
2094362929,3,0.0
2094362939,3,0.0
2094362949,3,0.0
2094362959,3,0.0
2094362969,3,0.0
2094362979,3,0.0
2094362989,3,0.0
2094362999,3,0.0
2094363009,3,0.0
2094363019,3,0.0
2094363029,3,0.0
2094363039,3,0.0
2094363049,3,0.0
2094363059,3,0.0
2094363069,3,0.0
2094363079,3,0.0
2094363089,3,0.0
2094363099,3,0.0
2094363109,3,0.0
2094363119,3,0.0
2094363129,3,0.0
2094363139,3,0.0
2094363149,3,0.0
2094363159,3,0.0
2094363169,3,0.0
2094363179,3,0.0
2094363189,3,0.0
2094363199,3,0.0
2094363209,3,0.0
2094363219,3,0.0
2094363229,3,0.0
2094363239,3,0.0
2094363249,3,0.0
2094363259,3,0.0
2094363269,3,0.0
2094363279,3,0.0
2094363289,3,0.0
2094363299,3,0.0
2094363309,3,0.0
2094363319,3,0.0
2094363329,3,0.0
2094363339,3,0.0
2094363349,3,0.0
2094363359,3,0.0
2094363369,3,0.0
2094363379,3,0.0
2094363389,3,0.0
2094363399,3,0.0
2094363409,3,0.0
2094363419,3,0.0
2094363429,3,0.0
2094363439,3,0.0
2094363449,3,0.0
2094363459,3,0.0
2094363469,3,0.0
2094363479,3,0.0
2094363489,3,0.0
2094363499,3,0.0
2094363509,3,0.0
2094363519,3,0.0
2094363529,3,0.0
2094363539,3,0.0
2094363549,3,0.0
2094363559,3,0.0
2094363569,3,0.0
2094363579,3,0.0
2094363589,3,0.0
2094363599,3,0.0
2094363609,3,0.0
2094363619,3,0.0
2094363629,3,0.0
2094363639,3,0.0
2094363649,3,0.0
2094363659,3,0.0
2094363669,3,0.0
2094363679,3,0.0
2094363689,3,0.0
2094363699,3,0.0
2094363709,3,0.0
2094363719,3,0.0
2094363729,3,0.0
2094363739,3,0.0
2094363749,3,0.0
2094363759,3,0.0
2094363769,3,0.0
2094363779,3,0.0
2094363789,3,0.0
2094363799,3,0.0
2094363809,3,0.0
2094363819,3,0.0
2094363829,3,0.0
2094363839,3,0.0
2094363849,3,0.0
2094363859,3,0.0
2094363869,3,0.0
2094363879,3,0.0
2094363889,3,0.0
2094363899,3,0.0
2094363909,3,0.0
2094363919,3,0.0
2094363929,3,0.0
2094363939,3,0.0
2094363949,3,0.0
2094363959,3,0.0
2094363969,3,0.0
2094363979,3,0.0
2094363989,3,0.0
2094363999,3,0.0
2094364009,3,0.0
2094364019,3,0.0
2094364029,3,0.0
2094364039,3,0.0
2094364049,3,0.0
2094364059,3,0.0
2094364069,3,0.0
2094364079,3,0.0
2094364089,3,0.0
2094364099,3,0.0
2094364109,3,0.0
2094364119,3,0.0
2094364129,3,0.0
2094364139,3,0.0
2094364149,3,0.0
2094364159,3,0.0
2094364169,3,0.0
2094364179,3,0.0
2094364189,3,0.0
2094364199,3,0.0
2094364209,3,0.0
2094364219,3,0.0
2094364229,3,0.0
2094364239,3,0.0
2094364249,3,0.0
2094364259,3,0.0
2094364269,3,0.0
2094364279,3,0.0
2094364289,3,0.0
2094364299,3,0.0
2094364309,3,0.0
2094364319,3,0.0
2094364329,3,0.0
2094364339,3,0.0
2094364349,3,0.0
2094364359,3,0.0
2094364369,3,0.0
2094364379,3,0.0
2094364389,3,0.0
2094364399,3,0.0
2094364409,3,0.0
2094364419,3,0.0
2094364429,3,0.0
2094364439,3,0.0
2094364449,3,0.0
2094364459,3,0.0
2094364469,3,0.0
2094364479,3,0.0
2094364489,3,0.0
2094364499,3,0.0
2094364509,3,0.0
2094364519,3,0.0
2094364529,3,0.0
2094364539,3,0.0
2094364549,3,0.0
2094364559,3,0.0
2094364569,3,0.0
2094364579,3,0.0
2094364589,3,0.0
2094364599,3,0.0
2094364609,3,0.0
2094364619,3,0.0
2094364629,3,0.0
2094364639,3,0.0
2094364649,3,0.0
2094364659,3,0.0
2094364669,3,0.0
2094364679,3,0.0
2094364689,3,0.0
2094364699,3,0.0
2094364709,3,0.0
2094364719,3,0.0
2094364729,3,0.0
2094364739,3,0.0
2094364749,3,0.0
2094364759,3,0.0
2094364769,3,0.0
2094364779,3,0.0
2094364789,3,0.0
2094364799,3,0.0
2094364809,3,0.0
2094364819,3,0.0
2094364829,3,0.0
2094364839,3,0.0
2094364849,3,0.0
2094364859,3,0.0
2094364869,3,0.0
2094364879,3,0.0
2094364889,3,0.0
2094364899,3,0.0
2094364909,3,0.0
2094364919,3,0.0
2094364929,3,0.0
2094364939,3,0.0
2094364949,3,0.0
2094364959,3,0.0
2094364969,3,0.0
2094364979,3,0.0
2094364989,3,0.0
2094364999,3,0.0
2094365009,3,0.0
2094365019,3,0.0
2094365029,3,0.0
2094365039,3,0.0
2094365049,3,0.0
2094365059,3,0.0
2094365069,3,0.0
2094365079,3,0.0
2094365089,3,0.0
2094365099,3,0.0
2094365109,3,0.0
2094365119,3,0.0
2094365129,3,0.0
2094365139,3,0.0
2094365149,3,0.0
2094365159,3,0.0
2094365169,3,0.0
2094365179,3,0.0
2094365189,3,0.0
2094365199,3,0.0
2094365209,3,0.0
2094365219,3,0.0
2094365229,3,0.0
2094365239,3,0.0
2094365249,3,0.0
2094365259,3,0.0
2094365269,3,0.0
2094365279,3,0.0
2094365289,3,0.0
2094365299,3,0.0
2094365309,3,0.0
2094365319,3,0.0
2094365329,3,0.0
2094365339,3,0.0
2094365349,3,0.0
2094365359,3,0.0
2094365369,3,0.0
2094365379,3,0.0
2094365389,3,0.0
2094365399,3,0.0
2094365409,3,0.0
2094365419,3,0.0
2094365429,3,0.0
2094365439,3,0.0
2094365449,3,0.0
2094365459,3,0.0
2094365469,3,0.0
2094365479,3,0.0
2094365489,3,0.0
2094365499,3,0.0
2094365509,3,0.0
2094365519,3,0.0
2094365529,3,0.0
2094365539,3,0.0
2094365549,3,0.0
2094365559,3,0.0
2094365569,3,0.0
2094365579,3,0.0
2094365589,3,0.0
2094365599,3,0.0
2094365609,3,0.0
2094365619,3,0.0
2094365629,3,0.0
2094365639,3,0.0
2094365649,3,0.0
2094365659,3,0.0
2094365669,3,0.0
2094365679,3,0.0
2094365689,3,0.0
2094365699,3,0.0
2094365709,3,0.0
2094365719,3,0.0
2094365729,3,0.0
2094365739,3,0.0
2094365749,3,0.0
2094365759,3,0.0
2094365769,3,0.0
2094365779,3,0.0
2094365789,3,0.0
2094365799,3,0.0
2094365809,3,0.0
2094365819,3,0.0
2094365829,3,0.0
2094365839,3,0.0
2094365849,3,0.0
2094365859,3,0.0
2094365869,3,0.0
2094365879,3,0.0
2094365889,3,0.0
2094365899,3,0.0
2094365909,3,0.0
2094365919,3,0.0
2094365929,3,0.0
2094365939,3,0.0
2094365949,3,0.0
2094365959,3,0.0
2094365969,3,0.0
2094365979,3,0.0
2094365989,3,0.0
2094365999,3,0.0
2094366009,3,0.0
2094366019,3,0.0
2094366029,3,0.0
2094366039,3,0.0
2094366049,3,0.0
2094366059,3,0.0
2094366069,3,0.0
2094366079,3,0.0
2094366089,3,0.0
2094366099,3,0.0
2094366109,3,0.0
2094366119,3,0.0
2094366129,3,0.0
2094366139,3,0.0
2094366149,3,0.0
2094366159,3,0.0
2094366169,3,0.0
2094366179,3,0.0
2094366189,3,0.0
2094366199,3,0.0
2094366209,3,0.0
2094366219,3,0.0
2094366229,3,0.0
2094366239,3,0.0
2094366249,3,0.0
2094366259,3,0.0
2094366269,3,0.0
2094366279,3,0.0
2094366289,3,0.0
2094366299,3,0.0
2094366309,3,0.0
2094366319,3,0.0
2094366329,3,0.0
2094366339,3,0.0
2094366349,3,0.0
2094366359,3,0.0
2094366369,3,0.0
2094366379,3,0.0
2094366389,3,0.0
2094366399,3,0.0
2094366409,3,0.0
2094366419,3,0.0
2094366429,3,0.0
2094366439,3,0.0
2094366449,3,0.0
2094366459,3,0.0
2094366469,3,0.0
2094366479,3,0.0
2094366489,3,0.0
2094366499,3,0.0
2094366509,3,0.0
2094366519,3,0.0
2094366529,3,0.0
2094366539,3,0.0
2094366549,3,0.0
2094366559,3,0.0
2094366569,3,0.0
2094366579,3,0.0
2094366589,3,0.0
2094366599,3,0.0
2094366609,3,0.0
2094366619,3,0.0
2094366629,3,0.0
2094366639,3,0.0
2094366649,3,0.0
2094366659,3,0.0
2094366669,3,0.0
2094366679,3,0.0
2094366689,3,0.0
2094366699,3,0.0
2094366709,3,0.0
2094366719,3,0.0
2094366729,3,0.0
2094366739,3,0.0
2094366749,3,0.0
2094366759,3,0.0
2094366769,3,0.0
2094366779,3,0.0
2094366789,3,0.0
2094366799,3,0.0
2094366809,3,0.0
2094366819,3,0.0
2094366829,3,0.0
2094366839,3,0.0
2094366849,3,0.0
2094366859,3,0.0
2094366869,3,0.0
2094366879,3,0.0
2094366889,3,0.0
2094366899,3,0.0
2094366909,3,0.0
2094366919,3,0.0
2094366929,3,0.0
2094366939,3,0.0
2094366949,3,0.0
2094366959,3,0.0
2094366969,3,0.0
2094366979,3,0.0
2094366989,3,0.0
2094366999,3,0.0
2094367009,3,0.0
2094367019,3,0.0
2094367029,3,0.0
2094367039,3,0.0
2094367049,3,0.0
2094367059,3,0.0
2094367069,3,0.0
2094367079,3,0.0
2094367089,3,0.0
2094367099,3,0.0
2094367109,3,0.0
2094367119,3,0.0
2094367129,3,0.0
2094367139,3,0.0
2094367149,3,0.0
2094367159,3,0.0
2094367169,3,0.0
2094367179,3,0.0
2094367189,3,0.0
2094367199,3,0.0
2094367209,3,0.0
2094367219,3,0.0
2094367229,3,0.0
2094367239,3,0.0
2094367249,3,0.0
2094367259,3,0.0
2094367269,3,0.0
2094367279,3,0.0
2094367289,3,0.0
2094367299,3,0.0
2094367309,3,0.0
2094367319,3,0.0
2094367329,3,0.0
2094367339,3,0.0
2094367349,3,0.0
2094367359,3,0.0
2094367369,3,0.0
2094367379,3,0.0
2094367389,3,0.0
2094367399,3,0.0
2094367409,3,0.0
2094367419,3,0.0
2094367429,3,0.0
2094367439,3,0.0
2094367449,3,0.0
2094367459,3,0.0
2094367469,3,0.0
2094367479,3,0.0
2094367489,3,0.0
2094367499,3,0.0
2094367509,3,0.0
2094367519,3,0.0
2094367529,3,0.0
2094367539,3,0.0
2094367549,3,0.0
2094367559,3,0.0
2094367569,3,0.0
2094367579,3,0.0
2094367589,3,0.0
2094367599,3,0.0
2094367609,3,0.0
2094367619,3,0.0
2094367629,3,0.0
2094367639,3,0.0
2094367649,3,0.0
2094367659,3,0.0
2094367669,3,0.0
2094367679,3,0.0
2094367689,3,0.0
2094367699,3,0.0
2094367709,3,0.0
2094367719,3,0.0
2094367729,3,0.0
2094367739,3,0.0
2094367749,3,0.0
2094367759,3,0.0
2094367769,3,0.0
2094367779,3,0.0
2094367789,3,0.0
2094367799,3,0.0
2094367809,3,0.0
2094367819,3,0.0
2094367829,3,0.0
2094367839,3,0.0
2094367849,3,0.0
2094367859,3,0.0
2094367869,3,0.0
2094367879,3,0.0
2094367889,3,0.0
2094367899,3,0.0
2094367909,3,0.0
2094367919,3,0.0
2094367929,3,0.0
2094367939,3,0.0
2094367949,3,0.0
2094367959,3,0.0
2094367969,3,0.0
2094367979,3,0.0
2094367989,3,0.0
2094367999,3,0.0
2094368009,3,0.0
2094368019,3,0.0
2094368029,3,0.0
2094368039,3,0.0
2094368049,3,0.0
2094368059,3,0.0
2094368069,3,0.0
2094368079,3,0.0
2094368089,3,0.0
2094368099,3,0.0
2094368109,3,0.0
2094368119,3,0.0
2094368129,3,0.0
2094368139,3,0.0
2094368149,3,0.0
2094368159,3,0.0
2094368169,3,0.0
2094368179,3,0.0
2094368189,3,0.0
2094368199,3,0.0
2094368209,3,0.0
2094368219,3,0.0
2094368229,3,0.0
2094368239,3,0.0
2094368249,3,0.0
2094368259,3,0.0
2094368269,3,0.0
2094368279,3,0.0
2094368289,3,0.0
2094368299,3,0.0
2094368309,3,0.0
2094368319,3,0.0
2094368329,3,0.0
2094368339,3,0.0
2094368349,3,0.0
2094368359,3,0.0
2094368369,3,0.0
2094368379,3,0.0
2094368389,3,0.0
2094368399,3,0.0
2094368409,3,0.0
2094368419,3,0.0
2094368429,3,0.0
2094368439,3,0.0
2094368449,3,0.0
2094368459,3,0.0
2094368469,3,0.0
2094368479,3,0.0
2094368489,3,0.0
2094368499,3,0.0
2094368509,3,0.0
2094368519,3,0.0
2094368529,3,0.0
2094368539,3,0.0
2094368549,3,0.0
2094368559,3,0.0
2094368569,3,0.0
2094368579,3,0.0
2094368589,3,0.0
2094368599,3,0.0
2094368609,3,0.0
2094368619,3,0.0
2094368629,3,0.0
2094368639,3,0.0
2094368649,3,0.0
2094368659,3,0.0
2094368669,3,0.0
2094368679,3,0.0
2094368689,3,0.0
2094368699,3,0.0
2094368709,3,0.0
2094368719,3,0.0
2094368729,3,0.0
2094368739,3,0.0
2094368749,3,0.0
2094368759,3,0.0
2094368769,3,0.0
2094368779,3,0.0
2094368789,3,0.0
2094368799,3,0.0
2094368809,3,0.0
2094368819,3,0.0
2094368829,3,0.0
2094368839,3,0.0
2094368849,3,0.0
2094368859,3,0.0
2094368869,3,0.0
2094368879,3,0.0
2094368889,3,0.0
2094368899,3,0.0
2094368909,3,0.0
2094368919,3,0.0
2094368929,3,0.0
2094368939,3,0.0
2094368949,3,0.0
2094368959,3,0.0
2094368969,3,0.0
2094368979,3,0.0
2094368989,3,0.0
2094368999,3,0.0
2094369009,3,0.0
2094369019,3,0.0
2094369029,3,0.0
2094369039,3,0.0
2094369049,3,0.0
2094369059,3,0.0
2094369069,3,0.0
2094369079,3,0.0
2094369089,3,0.0
2094369099,3,0.0
2094369109,3,0.0
2094369119,3,0.0
2094369129,3,0.0
2094369139,3,0.0
2094369149,3,0.0
2094369159,3,0.0
2094369169,3,0.0
2094369179,3,0.0
2094369189,3,0.0
2094369199,3,0.0
2094369209,3,0.0
2094369219,3,0.0
2094369229,3,0.0
2094369239,3,0.0
2094369249,3,0.0
2094369259,3,0.0
2094369269,3,0.0
2094369279,3,0.0
2094369289,3,0.0
2094369299,3,0.0
2094369309,3,0.0
2094369319,3,0.0
2094369329,3,0.0
2094369339,3,0.0
2094369349,3,0.0
2094369359,3,0.0
2094369369,3,0.0
2094369379,3,0.0
2094369389,3,0.0
2094369399,3,0.0
2094369409,3,0.0
2094369419,3,0.0
2094369429,3,0.0
2094369439,3,0.0
2094369449,3,0.0
2094369459,3,0.0
2094369469,3,0.0
2094369479,3,0.0
2094369489,3,0.0
2094369499,3,0.0
2094369509,3,0.0
2094369519,3,0.0
2094369529,3,0.0
2094369539,3,0.0
2094369549,3,0.0
2094369559,3,0.0
2094369569,3,0.0
2094369579,3,0.0
2094369589,3,0.0
2094369599,3,0.0
2094369609,3,0.0
2094369619,3,0.0
2094369629,3,0.0
2094369639,3,0.0
2094369649,3,0.0
2094369659,3,0.0
2094369669,3,0.0
2094369679,3,0.0
2094369689,3,0.0
2094369699,3,0.0
2094369709,3,0.0
2094369719,3,0.0
2094369729,3,0.0
2094369739,3,0.0
2094369749,3,0.0
2094369759,3,0.0
2094369769,3,0.0
2094369779,3,0.0
2094369789,3,0.0
2094369799,3,0.0
2094369809,3,0.0
2094369819,3,0.0
2094369829,3,0.0
2094369839,3,0.0
2094369849,3,0.0
2094369859,3,0.0
2094369869,3,0.0
2094369879,3,0.0
2094369889,3,0.0
2094369899,3,0.0
2094369909,3,0.0
2094369919,3,0.0
2094369929,3,0.0
2094369939,3,0.0
2094369949,3,0.0
2094369959,3,0.0
2094369969,3,0.0
2094369979,3,0.0
2094369989,3,0.0
2094369999,3,0.0
2094370009,3,0.0
2094370019,3,0.0
2094370029,3,0.0
2094370039,3,0.0
2094370049,3,0.0
2094370059,3,0.0
2094370069,3,0.0
2094370079,3,0.0
2094370089,3,0.0
2094370099,3,0.0
2094370109,3,0.0
2094370119,3,0.0
2094370129,3,0.0
2094370139,3,0.0
2094370149,3,0.0
2094370159,3,0.0
2094370169,3,0.0
2094370179,3,0.0
2094370189,3,0.0
2094370199,3,0.0
2094370209,3,0.0
2094370219,3,0.0
2094370229,3,0.0
2094370239,3,0.0
2094370249,3,0.0
2094370259,3,0.0
2094370269,3,0.0
2094370279,3,0.0
2094370289,3,0.0
2094370299,3,0.0
2094370309,3,0.0
2094370319,3,0.0
2094370329,3,0.0
2094370339,3,0.0
2094370349,3,0.0
2094370359,3,0.0
2094370369,3,0.0
2094370379,3,0.0
2094370389,3,0.0
2094370399,3,0.0
2094370409,3,0.0
2094370419,3,0.0
2094370429,3,0.0
2094370439,3,0.0
2094370449,3,0.0
2094370459,3,0.0
2094370469,3,0.0
2094370479,3,0.0
2094370489,3,0.0
2094370499,3,0.0
2094370509,3,0.0
2094370519,3,0.0
2094370529,3,0.0
2094370539,3,0.0
2094370549,3,0.0
2094370559,3,0.0
2094370569,3,0.0
2094370579,3,0.0
2094370589,3,0.0
2094370599,3,0.0
2094370609,3,0.0
2094370619,3,0.0
2094370629,3,0.0
2094370639,3,0.0
2094370649,3,0.0
2094370659,3,0.0
2094370669,3,0.0
2094370679,3,0.0
2094370689,3,0.0
2094370699,3,0.0
2094370709,3,0.0
2094370719,3,0.0
2094370729,3,0.0
2094370739,3,0.0
2094370749,3,0.0
2094370759,3,0.0
2094370769,3,0.0
2094370779,3,0.0
2094370789,3,0.0
2094370799,3,0.0
2094370809,3,0.0
2094370819,3,0.0
2094370829,3,0.0
2094370839,3,0.0
2094370849,3,0.0
2094370859,3,0.0
2094370869,3,0.0
2094370879,3,0.0
2094370889,3,0.0
2094370899,3,0.0
2094370909,3,0.0
2094370919,3,0.0
2094370929,3,0.0
2094370939,3,0.0
2094370949,3,0.0
2094370959,3,0.0
2094370969,3,0.0
2094370979,3,0.0
2094370989,3,0.0
2094370999,3,0.0
2094371009,3,0.0
2094371019,3,0.0
2094371029,3,0.0
2094371039,3,0.0
2094371049,3,0.0
2094371059,3,0.0
2094371069,3,0.0
2094371079,3,0.0
2094371089,3,0.0
2094371099,3,0.0
2094371109,3,0.0
2094371119,3,0.0
2094371129,3,0.0
2094371139,3,0.0
2094371149,3,0.0
2094371159,3,0.0
2094371169,3,0.0
2094371179,3,0.0
2094371189,3,0.0
2094371199,3,0.0
2094371209,3,0.0
2094371219,3,0.0
2094371229,3,0.0
2094371239,3,0.0
2094371249,3,0.0
2094371259,3,0.0
2094371269,3,0.0
2094371279,3,0.0
2094371289,3,0.0
2094371299,3,0.0
2094371309,3,0.0
2094371319,3,0.0
2094371329,3,0.0
2094371339,3,0.0
2094371349,3,0.0
2094371359,3,0.0
2094371369,3,0.0
2094371379,3,0.0
2094371389,3,0.0
2094371399,3,0.0
2094371409,3,0.0
2094371419,3,0.0
2094371429,3,0.0
2094371439,3,0.0
2094371449,3,0.0
2094371459,3,0.0
2094371469,3,0.0
2094371479,3,0.0
2094371489,3,0.0
2094371499,3,0.0
2094371509,3,0.0
2094371519,3,0.0
2094371529,3,0.0
2094371539,3,0.0
2094371549,3,0.0
2094371559,3,0.0
2094371569,3,0.0
2094371579,3,0.0
2094371589,3,0.0
2094371599,3,0.0
2094371609,3,0.0
2094371619,3,0.0
2094371629,3,0.0
2094371639,3,0.0
2094371649,3,0.0
2094371659,3,0.0
2094371669,3,0.0
2094371679,3,0.0
2094371689,3,0.0
2094371699,3,0.0
2094371709,3,0.0
2094371719,3,0.0
2094371729,3,0.0
2094371739,3,0.0
2094371749,3,0.0
2094371759,3,0.0
2094371769,3,0.0
2094371779,3,0.0
2094371789,3,0.0
2094371799,3,0.0
2094371809,3,0.0
2094371819,3,0.0
2094371829,3,0.0
2094371839,3,0.0
2094371849,3,0.0
2094371859,3,0.0
2094371869,3,0.0
2094371879,3,0.0
2094371889,3,0.0
2094371899,3,0.0
2094371909,3,0.0
2094371919,3,0.0
2094371929,3,0.0
2094371939,3,0.0
2094371949,3,0.0
2094371959,3,0.0
2094371969,3,0.0
2094371979,3,0.0
2094371989,3,0.0
2094371999,3,0.0
2094372009,3,0.0
2094372019,3,0.0
2094372029,3,0.0
2094372039,3,0.0
2094372049,3,0.0
2094372059,3,0.0
2094372069,3,0.0
2094372079,3,0.0
2094372089,3,0.0
2094372099,3,0.0
2094372109,3,0.0
2094372119,3,0.0
2094372129,3,0.0
2094372139,3,0.0
2094372149,3,0.0
2094372159,3,0.0
2094372169,3,0.0
2094372179,3,0.0
2094372189,3,0.0
2094372199,3,0.0
2094372209,3,0.0
2094372219,3,0.0
2094372229,3,0.0
2094372239,3,0.0
2094372249,3,0.0
2094372259,3,0.0
2094372269,3,0.0
2094372279,3,0.0
2094372289,3,0.0
2094372299,3,0.0
2094372309,3,0.0
2094372319,3,0.0
2094372329,3,0.0
2094372339,3,0.0
2094372349,3,0.0
2094372359,3,0.0
2094372369,3,0.0
2094372379,3,0.0
2094372389,3,0.0
2094372399,3,0.0
2094372409,3,0.0
2094372419,3,0.0
2094372429,3,0.0
2094372439,3,0.0
2094372449,3,0.0
2094372459,3,0.0
2094372469,3,0.0
2094372479,3,0.0
2094372489,3,0.0
2094372499,3,0.0
2094372509,3,0.0
2094372519,3,0.0
2094372529,3,0.0
2094372539,3,0.0
2094372549,3,0.0
2094372559,3,0.0
2094372569,3,0.0
2094372579,3,0.0
2094372589,3,0.0
2094372599,3,0.0
2094372609,3,0.0
2094372619,3,0.0
2094372629,3,0.0
2094372639,3,0.0
2094372649,3,0.0
2094372659,3,0.0
2094372669,3,0.0
2094372679,3,0.0
2094372689,3,0.0
2094372699,3,0.0
2094372709,3,0.0
2094372719,3,0.0
2094372729,3,0.0
2094372739,3,0.0
2094372749,3,0.0
2094372759,3,0.0
2094372769,3,0.0
2094372779,3,0.0
2094372789,3,0.0
2094372799,3,0.0
2094372809,3,0.0
2094372819,3,0.0
2094372829,3,0.0
2094372839,3,0.0
2094372849,3,0.0
2094372859,3,0.0
2094372869,3,0.0
2094372879,3,0.0
2094372889,3,0.0
2094372899,3,0.0
2094372909,3,0.0
2094372919,3,0.0
2094372929,3,0.0
2094372939,3,0.0
2094372949,3,0.0
2094372959,3,0.0
2094372969,3,0.0
2094372979,3,0.0
2094372989,3,0.0
2094372999,3,0.0
2094373009,3,0.0
2094373019,3,0.0
2094373029,3,0.0
2094373039,3,0.0
2094373049,3,0.0
2094373059,3,0.0
2094373069,3,0.0
2094373079,3,0.0
2094373089,3,0.0
2094373099,3,0.0
2094373109,3,0.0
2094373119,3,0.0
2094373129,3,0.0
2094373139,3,0.0
2094373149,3,0.0
2094373159,3,0.0
2094373169,3,0.0
2094373179,3,0.0
2094373189,3,0.0
2094373199,3,0.0
2094373209,3,0.0
2094373219,3,0.0
2094373229,3,0.0
2094373239,3,0.0
2094373249,3,0.0
2094373259,3,0.0
2094373269,3,0.0
2094373279,3,0.0
2094373289,3,0.0
2094373299,3,0.0
2094373309,3,0.0
2094373319,3,0.0
2094373329,3,0.0
2094373339,3,0.0
2094373349,3,0.0
2094373359,3,0.0
2094373369,3,0.0
2094373379,3,0.0
2094373389,3,0.0
2094373399,3,0.0
2094373409,3,0.0
2094373419,3,0.0
2094373429,3,0.0
2094373439,3,0.0
2094373449,3,0.0
2094373459,3,0.0
2094373469,3,0.0
2094373479,3,0.0
2094373489,3,0.0
2094373499,3,0.0
2094373509,3,0.0
2094373519,3,0.0
2094373529,3,0.0
2094373539,3,0.0
2094373549,3,0.0
2094373559,3,0.0
2094373569,3,0.0
2094373579,3,0.0
2094373589,3,0.0
2094373599,3,0.0
2094373609,3,0.0
2094373619,3,0.0
2094373629,3,0.0
2094373639,3,0.0
2094373649,3,0.0
2094373659,3,0.0
2094373669,3,0.0
2094373679,3,0.0
2094373689,3,0.0
2094373699,3,0.0
2094373709,3,0.0
2094373719,3,0.0
2094373729,3,0.0
2094373739,3,0.0
2094373749,3,0.0
2094373759,3,0.0
2094373769,3,0.0
2094373779,3,0.0
2094373789,3,0.0
2094373799,3,0.0
2094373809,3,0.0
2094373819,3,0.0
2094373829,3,0.0
2094373839,3,0.0
2094373849,3,0.0
2094373859,3,0.0
2094373869,3,0.0
2094373879,3,0.0
2094373889,3,0.0
2094373899,3,0.0
2094373909,3,0.0
2094373919,3,0.0
2094373929,3,0.0
2094373939,3,0.0
2094373949,3,0.0
2094373959,3,0.0
2094373969,3,0.0
2094373979,3,0.0
2094373989,3,0.0
2094373999,3,0.0
2094374009,3,0.0
2094374019,3,0.0
2094374029,3,0.0
2094374039,3,0.0
2094374049,3,0.0
2094374059,3,0.0
2094374069,3,0.0
2094374079,3,0.0
2094374089,3,0.0
2094374099,3,0.0
2094374109,3,0.0
2094374119,3,0.0
2094374129,3,0.0
2094374139,3,0.0
2094374149,3,0.0
2094374159,3,0.0
2094374169,3,0.0
2094374179,3,0.0
2094374189,3,0.0
2094374199,3,0.0
2094374209,3,0.0
2094374219,3,0.0
2094374229,3,0.0
2094374239,3,0.0
2094374249,3,0.0
2094374259,3,0.0
2094374269,3,0.0
2094374279,3,0.0
2094374289,3,0.0
2094374299,3,0.0
2094374309,3,0.0
2094374319,3,0.0
2094374329,3,0.0
2094374339,3,0.0
2094374349,3,0.0
2094374359,3,0.0
2094374369,3,0.0
2094374379,3,0.0
2094374389,3,0.0
2094374399,3,0.0
2094374409,3,0.0
2094374419,3,0.0
2094374429,3,0.0
2094374439,3,0.0
2094374449,3,0.0
2094374459,3,0.0
2094374469,3,0.0
2094374479,3,0.0
2094374489,3,0.0
2094374499,3,0.0
2094374509,3,0.0
2094374519,3,0.0
2094374529,3,0.0
2094374539,3,0.0
2094374549,3,0.0
2094374559,3,0.0
2094374569,3,0.0
2094374579,3,0.0
2094374589,3,0.0
2094374599,3,0.0
2094374609,3,0.0
2094374619,3,0.0
2094374629,3,0.0
2094374639,3,0.0
2094374649,3,0.0
2094374659,3,0.0
2094374669,3,0.0
2094374679,3,0.0
2094374689,3,0.0
2094374699,3,0.0
2094374709,3,0.0
2094374719,3,0.0
2094374729,3,0.0
2094374739,3,0.0
2094374749,3,0.0
2094374759,3,0.0
2094374769,3,0.0
2094374779,3,0.0
2094374789,3,0.0
2094374799,3,0.0
2094374809,3,0.0
2094374819,3,0.0
2094374829,3,0.0
2094374839,3,0.0
2094374849,3,0.0
2094374859,3,0.0
2094374869,3,0.0
2094374879,3,0.0
2094374889,3,0.0
2094374899,3,0.0
2094374909,3,0.0
2094374919,3,0.0
2094374929,3,0.0
2094374939,3,0.0
2094374949,3,0.0
2094374959,3,0.0
2094374969,3,0.0
2094374979,3,0.0
2094374989,3,0.0
2094374999,3,0.0
2094375009,3,0.0
2094375019,3,0.0
2094375029,3,0.0
2094375039,3,0.0
2094375049,3,0.0
2094375059,3,0.0
2094375069,3,0.0
2094375079,3,0.0
2094375089,3,0.0
2094375099,3,0.0
2094375109,3,0.0
2094375119,3,0.0
2094375129,3,0.0
2094375139,3,0.0
2094375149,3,0.0
2094375159,3,0.0
2094375169,3,0.0
2094375179,3,0.0
2094375189,3,0.0
2094375199,3,0.0
2094375209,3,0.0
2094375219,3,0.0
2094375229,3,0.0
2094375239,3,0.0
2094375249,3,0.0
2094375259,3,0.0
2094375269,3,0.0
2094375279,3,0.0
2094375289,3,0.0
2094375299,3,0.0
2094375309,3,0.0
2094375319,3,0.0
2094375329,3,0.0
2094375339,3,0.0
2094375349,3,0.0
2094375359,3,0.0
2094375369,3,0.0
2094375379,3,0.0
2094375389,3,0.0
2094375399,3,0.0
2094375409,3,0.0
2094375419,3,0.0
2094375429,3,0.0
2094375439,3,0.0
2094375449,3,0.0
2094375459,3,0.0
2094375469,3,0.0
2094375479,3,0.0
2094375489,3,0.0
2094375499,3,0.0
2094375509,3,0.0
2094375519,3,0.0
2094375529,3,0.0
2094375539,3,0.0
2094375549,3,0.0
2094375559,3,0.0
2094375569,3,0.0
2094375579,3,0.0
2094375589,3,0.0
2094375599,3,0.0
2094375609,3,0.0
2094375619,3,0.0
2094375629,3,0.0
2094375639,3,0.0
2094375649,3,0.0
2094375659,3,0.0
2094375669,3,0.0
2094375679,3,0.0
2094375689,3,0.0
2094375699,3,0.0
2094375709,3,0.0
2094375719,3,0.0
2094375729,3,0.0
2094375739,3,0.0
2094375749,3,0.0
2094375759,3,0.0
2094375769,3,0.0
2094375779,3,0.0
2094375789,3,0.0
2094375799,3,0.0
2094375809,3,0.0
2094375819,3,0.0
2094375829,3,0.0
2094375839,3,0.0
2094375849,3,0.0
2094375859,3,0.0
2094375869,3,0.0
2094375879,3,0.0
2094375889,3,0.0
2094375899,3,0.0
2094375909,3,0.0
2094375919,3,0.0
2094375929,3,0.0
2094375939,3,0.0
2094375949,3,0.0
2094375959,3,0.0
2094375969,3,0.0
2094375979,3,0.0
2094375989,3,0.0
2094375999,3,0.0
2094376009,3,0.0
2094376019,3,0.0
2094376029,3,0.0
2094376039,3,0.0
2094376049,3,0.0
2094376059,3,0.0
2094376069,3,0.0
2094376079,3,0.0
2094376089,3,0.0
2094376099,3,0.0
2094376109,3,0.0
2094376119,3,0.0
2094376129,3,0.0
2094376139,3,0.0
2094376149,3,0.0
2094376159,3,0.0
2094376169,3,0.0
2094376179,3,0.0
2094376189,3,0.0
2094376199,3,0.0
2094376209,3,0.0
2094376219,3,0.0
2094376229,3,0.0
2094376239,3,0.0
2094376249,3,0.0
2094376259,3,0.0
2094376269,3,0.0
2094376279,3,0.0
2094376289,3,0.0
2094376299,3,0.0
2094376309,3,0.0
2094376319,3,0.0
2094376329,3,0.0
2094376339,3,0.0
2094376349,3,0.0
2094376359,3,0.0
2094376369,3,0.0
2094376379,3,0.0
2094376389,3,0.0
2094376399,3,0.0
2094376409,3,0.0
2094376419,3,0.0
2094376429,3,0.0
2094376439,3,0.0
2094376449,3,0.0
2094376459,3,0.0
2094376469,3,0.0
2094376479,3,0.0
2094376489,3,0.0
2094376499,3,0.0
2094376509,3,0.0
2094376519,3,0.0
2094376529,3,0.0
2094376539,3,0.0
2094376549,3,0.0
2094376559,3,0.0
2094376569,3,0.0
2094376579,3,0.0
2094376589,3,0.0
2094376599,3,0.0
2094376609,3,0.0
2094376619,3,0.0
2094376629,3,0.0
2094376639,3,0.0
2094376649,3,0.0
2094376659,3,0.0
2094376669,3,0.0
2094376679,3,0.0
2094376689,3,0.0
2094376699,3,0.0
2094376709,3,0.0
2094376719,3,0.0
2094376729,3,0.0
2094376739,3,0.0
2094376749,3,0.0
2094376759,3,0.0
2094376769,3,0.0
2094376779,3,0.0
2094376789,3,0.0
2094376799,3,0.0
2094376809,3,0.0
2094376819,3,0.0
2094376829,3,0.0
2094376839,3,0.0
2094376849,3,0.0
2094376859,3,0.0
2094376869,3,0.0
2094376879,3,0.0
2094376889,3,0.0
2094376899,3,0.0
2094376909,3,0.0
2094376919,3,0.0
2094376929,3,0.0
2094376939,3,0.0
2094376949,3,0.0
2094376959,3,0.0
2094376969,3,0.0
2094376979,3,0.0
2094376989,3,0.0
2094376999,3,0.0
2094377009,3,0.0
2094377019,3,0.0
2094377029,3,0.0
2094377039,3,0.0
2094377049,3,0.0
2094377059,3,0.0
2094377069,3,0.0
2094377079,3,0.0
2094377089,3,0.0
2094377099,3,0.0
2094377109,3,0.0
2094377119,3,0.0
2094377129,3,0.0
2094377139,3,0.0
2094377149,3,0.0
2094377159,3,0.0
2094377169,3,0.0
2094377179,3,0.0
2094377189,3,0.0
2094377199,3,0.0
2094377209,3,0.0
2094377219,3,0.0
2094377229,3,0.0
2094377239,3,0.0
2094377249,3,0.0
2094377259,3,0.0
2094377269,3,0.0
2094377279,3,0.0
2094377289,3,0.0
2094377299,3,0.0
2094377309,3,0.0
2094377319,3,0.0
2094377329,3,0.0
2094377339,3,0.0
2094377349,3,0.0
2094377359,3,0.0
2094377369,3,0.0
2094377379,3,0.0
2094377389,3,0.0
2094377399,3,0.0
2094377409,3,0.0
2094377419,3,0.0
2094377429,3,0.0
2094377439,3,0.0
2094377449,3,0.0
2094377459,3,0.0
2094377469,3,0.0
2094377479,3,0.0
2094377489,3,0.0
2094377499,3,0.0
2094377509,3,0.0
2094377519,3,0.0
2094377529,3,0.0
2094377539,3,0.0
2094377549,3,0.0
2094377559,3,0.0
2094377569,3,0.0
2094377579,3,0.0
2094377589,3,0.0
2094377599,3,0.0
2094377609,3,0.0
2094377619,3,0.0
2094377629,3,0.0
2094377639,3,0.0
2094377649,3,0.0
2094377659,3,0.0
2094377669,3,0.0
2094377679,3,0.0
2094377689,3,0.0
2094377699,3,0.0
2094377709,3,0.0
2094377719,3,0.0
2094377729,3,0.0
2094377739,3,0.0
2094377749,3,0.0
2094377759,3,0.0
2094377769,3,0.0
2094377779,3,0.0
2094377789,3,0.0
2094377799,3,0.0
2094377809,3,0.0
2094377819,3,0.0
2094377829,3,0.0
2094377839,3,0.0
2094377849,3,0.0
2094377859,3,0.0
2094377869,3,0.0
2094377879,3,0.0
2094377889,3,0.0
2094377899,3,0.0
2094377909,3,0.0
2094377919,3,0.0
2094377929,3,0.0
2094377939,3,0.0
2094377949,3,0.0
2094377959,3,0.0
2094377969,3,0.0
2094377979,3,0.0
2094377989,3,0.0
2094377999,3,0.0
2094378009,3,0.0
2094378019,3,0.0
2094378029,3,0.0
2094378039,3,0.0
2094378049,3,0.0
2094378059,3,0.0
2094378069,3,0.0
2094378079,3,0.0
2094378089,3,0.0
2094378099,3,0.0
2094378109,3,0.0
2094378119,3,0.0
2094378129,3,0.0
2094378139,3,0.0
2094378149,3,0.0
2094378159,3,0.0
2094378169,3,0.0
2094378179,3,0.0
2094378189,3,0.0
2094378199,3,0.0
2094378209,3,0.0
2094378219,3,0.0
2094378229,3,0.0
2094378239,3,0.0
2094378249,3,0.0
2094378259,3,0.0
2094378269,3,0.0
2094378279,3,0.0
2094378289,3,0.0
2094378299,3,0.0
2094378309,3,0.0
2094378319,3,0.0
2094378329,3,0.0
2094378339,3,0.0
2094378349,3,0.0
2094378359,3,0.0
2094378369,3,0.0
2094378379,3,0.0
2094378389,3,0.0
2094378399,3,0.0
2094378409,3,0.0
2094378419,3,0.0
2094378429,3,0.0
2094378439,3,0.0
2094378449,3,0.0
2094378459,3,0.0
2094378469,3,0.0
2094378479,3,0.0
2094378489,3,0.0
2094378499,3,0.0
2094378509,3,0.0
2094378519,3,0.0
2094378529,3,0.0
2094378539,3,0.0
2094378549,3,0.0
2094378559,3,0.0
2094378569,3,0.0
2094378579,3,0.0
2094378589,3,0.0
2094378599,3,0.0
2094378609,3,0.0
2094378619,3,0.0
2094378629,3,0.0
2094378639,3,0.0
2094378649,3,0.0
2094378659,3,0.0
2094378669,3,0.0
2094378679,3,0.0
2094378689,3,0.0
2094378699,3,0.0
2094378709,3,0.0
2094378719,3,0.0
2094378729,3,0.0
2094378739,3,0.0
2094378749,3,0.0
2094378759,3,0.0
2094378769,3,0.0
2094378779,3,0.0
2094378789,3,0.0
2094378799,3,0.0
2094378809,3,0.0
2094378819,3,0.0
2094378829,3,0.0
2094378839,3,0.0
2094378849,3,0.0
2094378859,3,0.0
2094378869,3,0.0
2094378879,3,0.0
2094378889,3,0.0
2094378899,3,0.0
2094378909,3,0.0
2094378919,3,0.0
2094378929,3,0.0
2094378939,3,0.0
2094378949,3,0.0
2094378959,3,0.0
2094378969,3,0.0
2094378979,3,0.0
2094378989,3,0.0
2094378999,3,0.0
2094379009,3,0.0
2094379019,3,0.0
2094379029,3,0.0
2094379039,3,0.0
2094379049,3,0.0
2094379059,3,0.0
2094379069,3,0.0
2094379079,3,0.0
2094379089,3,0.0
2094379099,3,0.0
2094379109,3,0.0
2094379119,3,0.0
2094379129,3,0.0
2094379139,3,0.0
2094379149,3,0.0
2094379159,3,0.0
2094379169,3,0.0
2094379179,3,0.0
2094379189,3,0.0
2094379199,3,0.0
2094379209,3,0.0
2094379219,3,0.0
2094379229,3,0.0
2094379239,3,0.0
2094379249,3,0.0
2094379259,3,0.0
2094379269,3,0.0
2094379279,3,0.0
2094379289,3,0.0
2094379299,3,0.0
2094379309,3,0.0
2094379319,3,0.0
2094379329,3,0.0
2094379339,3,0.0
2094379349,3,0.0
2094379359,3,0.0
2094379369,3,0.0
2094379379,3,0.0
2094379389,3,0.0
2094379399,3,0.0
2094379409,3,0.0
2094379419,3,0.0
2094379429,3,0.0
2094379439,3,0.0
2094379449,3,0.0
2094379459,3,0.0
2094379469,3,0.0
2094379479,3,0.0
2094379489,3,0.0
2094379499,3,0.0
2094379509,3,0.0
2094379519,3,0.0
2094379529,3,0.0
2094379539,3,0.0
2094379549,3,0.0
2094379559,3,0.0
2094379569,3,0.0
2094379579,3,0.0
2094379589,3,0.0
2094379599,3,0.0
2094379609,3,0.0
2094379619,3,0.0
2094379629,3,0.0
2094379639,3,0.0
2094379649,3,0.0
2094379659,3,0.0
2094379669,3,0.0
2094379679,3,0.0
2094379689,3,0.0
2094379699,3,0.0
2094379709,3,0.0
2094379719,3,0.0
2094379729,3,0.0
2094379739,3,0.0
2094379749,3,0.0
2094379759,3,0.0
2094379769,3,0.0
2094379779,3,0.0
2094379789,3,0.0
2094379799,3,0.0
2094379809,3,0.0
2094379819,3,0.0
2094379829,3,0.0
2094379839,3,0.0
2094379849,3,0.0
2094379859,3,0.0
2094379869,3,0.0
2094379879,3,0.0
2094379889,3,0.0
2094379899,3,0.0
2094379909,3,0.0
2094379919,3,0.0
2094379929,3,0.0
2094379939,3,0.0
2094379949,3,0.0
2094379959,3,0.0
2094379969,3,0.0
2094379979,3,0.0
2094379989,3,0.0
2094379999,3,0.0
2094380009,3,0.0
2094380019,3,0.0
2094380029,3,0.0
2094380039,3,0.0
2094380049,3,0.0
2094380059,3,0.0
2094380069,3,0.0
2094380079,3,0.0
2094380089,3,0.0
2094380099,3,0.0
2094380109,3,0.0
2094380119,3,0.0
2094380129,3,0.0
2094380139,3,0.0
2094380149,3,0.0
2094380159,3,0.0
2094380169,3,0.0
2094380179,3,0.0
2094380189,3,0.0
2094380199,3,0.0
2094380209,3,0.0
2094380219,3,0.0
2094380229,3,0.0
2094380239,3,0.0
2094380249,3,0.0
2094380259,3,0.0
2094380269,3,0.0
2094380279,3,0.0
2094380289,3,0.0
2094380299,3,0.0
2094380309,3,0.0
2094380319,3,0.0
2094380329,3,0.0
2094380339,3,0.0
2094380349,3,0.0
2094380359,3,0.0
2094380369,3,0.0
2094380379,3,0.0
2094380389,3,0.0
2094380399,3,0.0
2094380409,3,0.0
2094380419,3,0.0
2094380429,3,0.0
2094380439,3,0.0
2094380449,3,0.0
2094380459,3,0.0
2094380469,3,0.0
2094380479,3,0.0
2094380489,3,0.0
2094380499,3,0.0
2094380509,3,0.0
2094380519,3,0.0
2094380529,3,0.0
2094380539,3,0.0
2094380549,3,0.0
2094380559,3,0.0
2094380569,3,0.0
2094380579,3,0.0
2094380589,3,0.0
2094380599,3,0.0
2094380609,3,0.0
2094380619,3,0.0
2094380629,3,0.0
2094380639,3,0.0
2094380649,3,0.0
2094380659,3,0.0
2094380669,3,0.0
2094380679,3,0.0
2094380689,3,0.0
2094380699,3,0.0
2094380709,3,0.0
2094380719,3,0.0
2094380729,3,0.0
2094380739,3,0.0
2094380749,3,0.0
2094380759,3,0.0
2094380769,3,0.0
2094380779,3,0.0
2094380789,3,0.0
2094380799,3,0.0
2094380809,3,0.0
2094380819,3,0.0
2094380829,3,0.0
2094380839,3,0.0
2094380849,3,0.0
2094380859,3,0.0
2094380869,3,0.0
2094380879,3,0.0
2094380889,3,0.0
2094380899,3,0.0
2094380909,3,0.0
2094380919,3,0.0
2094380929,3,0.0
2094380939,3,0.0
2094380949,3,0.0
2094380959,3,0.0
2094380969,3,0.0
2094380979,3,0.0
2094380989,3,0.0
2094380999,3,0.0
2094381009,3,0.0
2094381019,3,0.0
2094381029,3,0.0
2094381039,3,0.0
2094381049,3,0.0
2094381059,3,0.0
2094381069,3,0.0
2094381079,3,0.0
2094381089,3,0.0
2094381099,3,0.0
2094381109,3,0.0
2094381119,3,0.0
2094381129,3,0.0
2094381139,3,0.0
2094381149,3,0.0
2094381159,3,0.0
2094381169,3,0.0
2094381179,3,0.0
2094381189,3,0.0
2094381199,3,0.0
2094381209,3,0.0
2094381219,3,0.0
2094381229,3,0.0
2094381239,3,0.0
2094381249,3,0.0
2094381259,3,0.0
2094381269,3,0.0
2094381279,3,0.0
2094381289,3,0.0
2094381299,3,0.0
2094381309,3,0.0
2094381319,3,0.0
2094381329,3,0.0
2094381339,3,0.0
2094381349,3,0.0
2094381359,3,0.0
2094381369,3,0.0
2094381379,3,0.0
2094381389,3,0.0
2094381399,3,0.0
2094381409,3,0.0
2094381419,3,0.0
2094381429,3,0.0
2094381439,3,0.0
2094381449,3,0.0
2094381459,3,0.0
2094381469,3,0.0
2094381479,3,0.0
2094381489,3,0.0
2094381499,3,0.0
2094381509,3,0.0
2094381519,3,0.0
2094381529,3,0.0
2094381539,3,0.0
2094381549,3,0.0
2094381559,3,0.0
2094381569,3,0.0
2094381579,3,0.0
2094381589,3,0.0
2094381599,3,0.0
2094381609,3,0.0
2094381619,3,0.0
2094381629,3,0.0
2094381639,3,0.0
2094381649,3,0.0
2094381659,3,0.0
2094381669,3,0.0
2094381679,3,0.0
2094381689,3,0.0
2094381699,3,0.0
2094381709,3,0.0
2094381719,3,0.0
2094381729,3,0.0
2094381739,3,0.0
2094381749,3,0.0
2094381759,3,0.0
2094381769,3,0.0
2094381779,3,0.0
2094381789,3,0.0
2094381799,3,0.0
2094381809,3,0.0
2094381819,3,0.0
2094381829,3,0.0
2094381839,3,0.0
2094381849,3,0.0
2094381859,3,0.0
2094381869,3,0.0
2094381879,3,0.0
2094381889,3,0.0
2094381899,3,0.0
2094381909,3,0.0
2094381919,3,0.0
2094381929,3,0.0
2094381939,3,0.0
2094381949,3,0.0
2094381959,3,0.0
2094381969,3,0.0
2094381979,3,0.0
2094381989,3,0.0
2094381999,3,0.0
2094382009,3,0.0
2094382019,3,0.0
2094382029,3,0.0
2094382039,3,0.0
2094382049,3,0.0
2094382059,3,0.0
2094382069,3,0.0
2094382079,3,0.0
2094382089,3,0.0
2094382099,3,0.0
2094382109,3,0.0
2094382119,3,0.0
2094382129,3,0.0
2094382139,3,0.0
2094382149,3,0.0
2094382159,3,0.0
2094382169,3,0.0
2094382179,3,0.0
2094382189,3,0.0
2094382199,3,0.0
2094382209,3,0.0
2094382219,3,0.0
2094382229,3,0.0
2094382239,3,0.0
2094382249,3,0.0
2094382259,3,0.0
2094382269,3,0.0
2094382279,3,0.0
2094382289,3,0.0
2094382299,3,0.0
2094382309,3,0.0
2094382319,3,0.0
2094382329,3,0.0
2094382339,3,0.0
2094382349,3,0.0
2094382359,3,0.0
2094382369,3,0.0
2094382379,3,0.0
2094382389,3,0.0
2094382399,3,0.0
2094382409,3,0.0
2094382419,3,0.0
2094382429,3,0.0
2094382439,3,0.0
2094382449,3,0.0
2094382459,3,0.0
2094382469,3,0.0
2094382479,3,0.0
2094382489,3,0.0
2094382499,3,0.0
2094382509,3,0.0
2094382519,3,0.0
2094382529,3,0.0
2094382539,3,0.0
2094382549,3,0.0
2094382559,3,0.0
2094382569,3,0.0
2094382579,3,0.0
2094382589,3,0.0
2094382599,3,0.0
2094382609,3,0.0
2094382619,3,0.0
2094382629,3,0.0
2094382639,3,0.0
2094382649,3,0.0
2094382659,3,0.0
2094382669,3,0.0
2094382679,3,0.0
2094382689,3,0.0
2094382699,3,0.0
2094382709,3,0.0
2094382719,3,0.0
2094382729,3,0.0
2094382739,3,0.0
2094382749,3,0.0
2094382759,3,0.0
2094382769,3,0.0
2094382779,3,0.0
2094382789,3,0.0
2094382799,3,0.0
2094382809,3,0.0
2094382819,3,0.0
2094382829,3,0.0
2094382839,3,0.0
2094382849,3,0.0
2094382859,3,0.0
2094382869,3,0.0
2094382879,3,0.0
2094382889,3,0.0
2094382899,3,0.0
2094382909,3,0.0
2094382919,3,0.0
2094382929,3,0.0
2094382939,3,0.0
2094382949,3,0.0
2094382959,3,0.0
2094382969,3,0.0
2094382979,3,0.0
2094382989,3,0.0
2094382999,3,0.0
2094383009,3,0.0
2094383019,3,0.0
2094383029,3,0.0
2094383039,3,0.0
2094383049,3,0.0
2094383059,3,0.0
2094383069,3,0.0
2094383079,3,0.0
2094383089,3,0.0
2094383099,3,0.0
2094383109,3,0.0
2094383119,3,0.0
2094383129,3,0.0
2094383139,3,0.0
2094383149,3,0.0
2094383159,3,0.0
2094383169,3,0.0
2094383179,3,0.0
2094383189,3,0.0
2094383199,3,0.0
2094383209,3,0.0
2094383219,3,0.0
2094383229,3,0.0
2094383239,3,0.0
2094383249,3,0.0
2094383259,3,0.0
2094383269,3,0.0
2094383279,3,0.0
2094383289,3,0.0
2094383299,3,0.0
2094383309,3,0.0
2094383319,3,0.0
2094383329,3,0.0
2094383339,3,0.0
2094383349,3,0.0
2094383359,3,0.0
2094383369,3,0.0
2094383379,3,0.0
2094383389,3,0.0
2094383399,3,0.0
2094383409,3,0.0
2094383419,3,0.0
2094383429,3,0.0
2094383439,3,0.0
2094383449,3,0.0
2094383459,3,0.0
2094383469,3,0.0
2094383479,3,0.0
2094383489,3,0.0
2094383499,3,0.0
2094383509,3,0.0
2094383519,3,0.0
2094383529,3,0.0
2094383539,3,0.0
2094383549,3,0.0
2094383559,3,0.0
2094383569,3,0.0
2094383579,3,0.0
2094383589,3,0.0
2094383599,3,0.0
2094383609,3,0.0
2094383619,3,0.0
2094383629,3,0.0
2094383639,3,0.0
2094383649,3,0.0
2094383659,3,0.0
2094383669,3,0.0
2094383679,3,0.0
2094383689,3,0.0
2094383699,3,0.0
2094383709,3,0.0
2094383719,3,0.0
2094383729,3,0.0
2094383739,3,0.0
2094383749,3,0.0
2094383759,3,0.0
2094383769,3,0.0
2094383779,3,0.0
2094383789,3,0.0
2094383799,3,0.0
2094383809,3,0.0
2094383819,3,0.0
2094383829,3,0.0
2094383839,3,0.0
2094383849,3,0.0
2094383859,3,0.0
2094383869,3,0.0
2094383879,3,0.0
2094383889,3,0.0
2094383899,3,0.0
2094383909,3,0.0
2094383919,3,0.0
2094383929,3,0.0
2094383939,3,0.0
2094383949,3,0.0
2094383959,3,0.0
2094383969,3,0.0
2094383979,3,0.0
2094383989,3,0.0
2094383999,3,0.0
2094384009,3,0.0
2094384019,3,0.0
2094384029,3,0.0
2094384039,3,0.0
2094384049,3,0.0
2094384059,3,0.0
2094384069,3,0.0
2094384079,3,0.0
2094384089,3,0.0
2094384099,3,0.0
2094384109,3,0.0
2094384119,3,0.0
2094384129,3,0.0
2094384139,3,0.0
2094384149,3,0.0
2094384159,3,0.0
2094384169,3,0.0
2094384179,3,0.0
2094384189,3,0.0
2094384199,3,0.0
2094384209,3,0.0
2094384219,3,0.0
2094384229,3,0.0
2094384239,3,0.0
2094384249,3,0.0
2094384259,3,0.0
2094384269,3,0.0
2094384279,3,0.0
2094384289,3,0.0
2094384299,3,0.0
2094384309,3,0.0
2094384319,3,0.0
2094384329,3,0.0
2094384339,3,0.0
2094384349,3,0.0
2094384359,3,0.0
2094384369,3,0.0
2094384379,3,0.0
2094384389,3,0.0
2094384399,3,0.0
2094384409,3,0.0
2094384419,3,0.0
2094384429,3,0.0
2094384439,3,0.0
2094384449,3,0.0
2094384459,3,0.0
2094384469,3,0.0
2094384479,3,0.0
2094384489,3,0.0
2094384499,3,0.0
2094384509,3,0.0
2094384519,3,0.0
2094384529,3,0.0
2094384539,3,0.0
2094384549,3,0.0
2094384559,3,0.0
2094384569,3,0.0
2094384579,3,0.0
2094384589,3,0.0
2094384599,3,0.0
2094384609,3,0.0
2094384619,3,0.0
2094384629,3,0.0
2094384639,3,0.0
2094384649,3,0.0
2094384659,3,0.0
2094384669,3,0.0
2094384679,3,0.0
2094384689,3,0.0
2094384699,3,0.0
2094384709,3,0.0
2094384719,3,0.0
2094384729,3,0.0
2094384739,3,0.0
2094384749,3,0.0
2094384759,3,0.0
2094384769,3,0.0
2094384779,3,0.0
2094384789,3,0.0
2094384799,3,0.0
2094384809,3,0.0
2094384819,3,0.0
2094384829,3,0.0
2094384839,3,0.0
2094384849,3,0.0
2094384859,3,0.0
2094384869,3,0.0
2094384879,3,0.0
2094384889,3,0.0
2094384899,3,0.0
2094384909,3,0.0
2094384919,3,0.0
2094384929,3,0.0
2094384939,3,0.0
2094384949,3,0.0
2094384959,3,0.0
2094384969,3,0.0
2094384979,3,0.0
2094384989,3,0.0
2094384999,3,0.0
2094385009,3,0.0
2094385019,3,0.0
2094385029,3,0.0
2094385039,3,0.0
2094385049,3,0.0
2094385059,3,0.0
2094385069,3,0.0
2094385079,3,0.0
2094385089,3,0.0
2094385099,3,0.0
2094385109,3,0.0
2094385119,3,0.0
2094385129,3,0.0
2094385139,3,0.0
2094385149,3,0.0
2094385159,3,0.0
2094385169,3,0.0
2094385179,3,0.0
2094385189,3,0.0
2094385199,3,0.0
2094385209,3,0.0
2094385219,3,0.0
2094385229,3,0.0
2094385239,3,0.0
2094385249,3,0.0
2094385259,3,0.0
2094385269,3,0.0
2094385279,3,0.0
2094385289,3,0.0
2094385299,3,0.0
2094385309,3,0.0
2094385319,3,0.0
2094385329,3,0.0
2094385339,3,0.0
2094385349,3,0.0
2094385359,3,0.0
2094385369,3,0.0
2094385379,3,0.0
2094385389,3,0.0
2094385399,3,0.0
2094385409,3,0.0
2094385419,3,0.0
2094385429,3,0.0
2094385439,3,0.0
2094385449,3,0.0
2094385459,3,0.0
2094385469,3,0.0
2094385479,3,0.0
2094385489,3,0.0
2094385499,3,0.0
2094385509,3,0.0
2094385519,3,0.0
2094385529,3,0.0
2094385539,3,0.0
2094385549,3,0.0
2094385559,3,0.0
2094385569,3,0.0
2094385579,3,0.0
2094385589,3,0.0
2094385599,3,0.0
2094385609,3,0.0
2094385619,3,0.0
2094385629,3,0.0
2094385639,3,0.0
2094385649,3,0.0
2094385659,3,0.0
2094385669,3,0.0
2094385679,3,0.0
2094385689,3,0.0
2094385699,3,0.0
2094385709,3,0.0
2094385719,3,0.0
2094385729,3,0.0
2094385739,3,0.0
2094385749,3,0.0
2094385759,3,0.0
2094385769,3,0.0
2094385779,3,0.0
2094385789,3,0.0
2094385799,3,0.0
2094385809,3,0.0
2094385819,3,0.0
2094385829,3,0.0
2094385839,3,0.0
2094385849,3,0.0
2094385859,3,0.0
2094385869,3,0.0
2094385879,3,0.0
2094385889,3,0.0
2094385899,3,0.0
2094385909,3,0.0
2094385919,3,0.0
2094385929,3,0.0
2094385939,3,0.0
2094385949,3,0.0
2094385959,3,0.0
2094385969,3,0.0
2094385979,3,0.0
2094385989,3,0.0
2094385999,3,0.0
2094386009,3,0.0
2094386019,3,0.0
2094386029,3,0.0
2094386039,3,0.0
2094386049,3,0.0
2094386059,3,0.0
2094386069,3,0.0
2094386079,3,0.0
2094386089,3,0.0
2094386099,3,0.0
2094386109,3,0.0
2094386119,3,0.0
2094386129,3,0.0
2094386139,3,0.0
2094386149,3,0.0
2094386159,3,0.0
2094386169,3,0.0
2094386179,3,0.0
2094386189,3,0.0
2094386199,3,0.0
2094386209,3,0.0
2094386219,3,0.0
2094386229,3,0.0
2094386239,3,0.0
2094386249,3,0.0
2094386259,3,0.0
2094386269,3,0.0
2094386279,3,0.0
2094386289,3,0.0
2094386299,3,0.0
2094386309,3,0.0
2094386319,3,0.0
2094386329,3,0.0
2094386339,3,0.0
2094386349,3,0.0
2094386359,3,0.0
2094386369,3,0.0
2094386379,3,0.0
2094386389,3,0.0
2094386399,3,0.0
2094386409,3,0.0
2094386419,3,0.0
2094386429,3,0.0
2094386439,3,0.0
2094386449,3,0.0
2094386459,3,0.0
2094386469,3,0.0
2094386479,3,0.0
2094386489,3,0.0
2094386499,3,0.0
2094386509,3,0.0
2094386519,3,0.0
2094386529,3,0.0
2094386539,3,0.0
2094386549,3,0.0
2094386559,3,0.0
2094386569,3,0.0
2094386579,3,0.0
2094386589,3,0.0
2094386599,3,0.0
2094386609,3,0.0
2094386619,3,0.0
2094386629,3,0.0
2094386639,3,0.0
2094386649,3,0.0
2094386659,3,0.0
2094386669,3,0.0
2094386679,3,0.0
2094386689,3,0.0
2094386699,3,0.0
2094386709,3,0.0
2094386719,3,0.0
2094386729,3,0.0
2094386739,3,0.0
2094386749,3,0.0
2094386759,3,0.0
2094386769,3,0.0
2094386779,3,0.0
2094386789,3,0.0
2094386799,3,0.0
2094386809,3,0.0
2094386819,3,0.0
2094386829,3,0.0
2094386839,3,0.0
2094386849,3,0.0
2094386859,3,0.0
2094386869,3,0.0
2094386879,3,0.0
2094386889,3,0.0
2094386899,3,0.0
2094386909,3,0.0
2094386919,3,0.0
2094386929,3,0.0
2094386939,3,0.0
2094386949,3,0.0
2094386959,3,0.0
2094386969,3,0.0
2094386979,3,0.0
2094386989,3,0.0
2094386999,3,0.0
2094387009,3,0.0
2094387019,3,0.0
2094387029,3,0.0
2094387039,3,0.0
2094387049,3,0.0
2094387059,3,0.0
2094387069,3,0.0
2094387079,3,0.0
2094387089,3,0.0
2094387099,3,0.0
2094387109,3,0.0
2094387119,3,0.0
2094387129,3,0.0
2094387139,3,0.0
2094387149,3,0.0
2094387159,3,0.0
2094387169,3,0.0
2094387179,3,0.0
2094387189,3,0.0
2094387199,3,0.0
2094387209,3,0.0
2094387219,3,0.0
2094387229,3,0.0
2094387239,3,0.0
2094387249,3,0.0
2094387259,3,0.0
2094387269,3,0.0
2094387279,3,0.0
2094387289,3,0.0
2094387299,3,0.0
2094387309,3,0.0
2094387319,3,0.0
2094387329,3,0.0
2094387339,3,0.0
2094387349,3,0.0
2094387359,3,0.0
2094387369,3,0.0
2094387379,3,0.0
2094387389,3,0.0
2094387399,3,0.0
2094387409,3,0.0
2094387419,3,0.0
2094387429,3,0.0
2094387439,3,0.0
2094387449,3,0.0
2094387459,3,0.0
2094387469,3,0.0
2094387479,3,0.0
2094387489,3,0.0
2094387499,3,0.0
2094387509,3,0.0
2094387519,3,0.0
2094387529,3,0.0
2094387539,3,0.0
2094387549,3,0.0
2094387559,3,0.0
2094387569,3,0.0
2094387579,3,0.0
2094387589,3,0.0
2094387599,3,0.0
2094387609,3,0.0
2094387619,3,0.0
2094387629,3,0.0
2094387639,3,0.0
2094387649,3,0.0
2094387659,3,0.0
2094387669,3,0.0
2094387679,3,0.0
2094387689,3,0.0
2094387699,3,0.0
2094387709,3,0.0
2094387719,3,0.0
2094387729,3,0.0
2094387739,3,0.0
2094387749,3,0.0
2094387759,3,0.0
2094387769,3,0.0
2094387779,3,0.0
2094387789,3,0.0
2094387799,3,0.0
2094387809,3,0.0
2094387819,3,0.0
2094387829,3,0.0
2094387839,3,0.0
2094387849,3,0.0
2094387859,3,0.0
2094387869,3,0.0
2094387879,3,0.0
2094387889,3,0.0
2094387899,3,0.0
2094387909,3,0.0
2094387919,3,0.0
2094387929,3,0.0
2094387939,3,0.0
2094387949,3,0.0
2094387959,3,0.0
2094387969,3,0.0
2094387979,3,0.0
2094387989,3,0.0
2094387999,3,0.0
2094388009,3,0.0
2094388019,3,0.0
2094388029,3,0.0
2094388039,3,0.0
2094388049,3,0.0
2094388059,3,0.0
2094388069,3,0.0
2094388079,3,0.0
2094388089,3,0.0
2094388099,3,0.0
2094388109,3,0.0
2094388119,3,0.0
2094388129,3,0.0
2094388139,3,0.0
2094388149,3,0.0
2094388159,3,0.0
2094388169,3,0.0
2094388179,3,0.0
2094388189,3,0.0
2094388199,3,0.0
2094388209,3,0.0
2094388219,3,0.0
2094388229,3,0.0
2094388239,3,0.0
2094388249,3,0.0
2094388259,3,0.0
2094388269,3,0.0
2094388279,3,0.0
2094388289,3,0.0
2094388299,3,0.0
2094388309,3,0.0
2094388319,3,0.0
2094388329,3,0.0
2094388339,3,0.0
2094388349,3,0.0
2094388359,3,0.0
2094388369,3,0.0
2094388379,3,0.0
2094388389,3,0.0
2094388399,3,0.0
2094388409,3,0.0
2094388419,3,0.0
2094388429,3,0.0
2094388439,3,0.0
2094388449,3,0.0
2094388459,3,0.0
2094388469,3,0.0
2094388479,3,0.0
2094388489,3,0.0
2094388499,3,0.0
2094388509,3,0.0
2094388519,3,0.0
2094388529,3,0.0
2094388539,3,0.0
2094388549,3,0.0
2094388559,3,0.0
2094388569,3,0.0
2094388579,3,0.0
2094388589,3,0.0
2094388599,3,0.0
2094388609,3,0.0
2094388619,3,0.0
2094388629,3,0.0
2094388639,3,0.0
2094388649,3,0.0
2094388659,3,0.0
2094388669,3,0.0
2094388679,3,0.0
2094388689,3,0.0
2094388699,3,0.0
2094388709,3,0.0
2094388719,3,0.0
2094388729,3,0.0
2094388739,3,0.0
2094388749,3,0.0
2094388759,3,0.0
2094388769,3,0.0
2094388779,3,0.0
2094388789,3,0.0
2094388799,3,0.0
2094388809,3,0.0
2094388819,3,0.0
2094388829,3,0.0
2094388839,3,0.0
2094388849,3,0.0
2094388859,3,0.0
2094388869,3,0.0
2094388879,3,0.0
2094388889,3,0.0
2094388899,3,0.0
2094388909,3,0.0
2094388919,3,0.0
2094388929,3,0.0
2094388939,3,0.0
2094388949,3,0.0
2094388959,3,0.0
2094388969,3,0.0
2094388979,3,0.0
2094388989,3,0.0
2094388999,3,0.0
2094389009,3,0.0
2094389019,3,0.0
2094389029,3,0.0
2094389039,3,0.0
2094389049,3,0.0
2094389059,3,0.0
2094389069,3,0.0
2094389079,3,0.0
2094389089,3,0.0
2094389099,3,0.0
2094389109,3,0.0
2094389119,3,0.0
2094389129,3,0.0
2094389139,3,0.0
2094389149,3,0.0
2094389159,3,0.0
2094389169,3,0.0
2094389179,3,0.0
2094389189,3,0.0
2094389199,3,0.0
2094389209,3,0.0
2094389219,3,0.0
2094389229,3,0.0
2094389239,3,0.0
2094389249,3,0.0
2094389259,3,0.0
2094389269,3,0.0
2094389279,3,0.0
2094389289,3,0.0
2094389299,3,0.0
2094389309,3,0.0
2094389319,3,0.0
2094389329,3,0.0
2094389339,3,0.0
2094389349,3,0.0
2094389359,3,0.0
2094389369,3,0.0
2094389379,3,0.0
2094389389,3,0.0
2094389399,3,0.0
2094389409,3,0.0
2094389419,3,0.0
2094389429,3,0.0
2094389439,3,0.0
2094389449,3,0.0
2094389459,3,0.0
2094389469,3,0.0
2094389479,3,0.0
2094389489,3,0.0
2094389499,3,0.0
2094389509,3,0.0
2094389519,3,0.0
2094389529,3,0.0
2094389539,3,0.0
2094389549,3,0.0
2094389559,3,0.0
2094389569,3,0.0
2094389579,3,0.0
2094389589,3,0.0
2094389599,3,0.0
2094389609,3,0.0
2094389619,3,0.0
2094389629,3,0.0
2094389639,3,0.0
2094389649,3,0.0
2094389659,3,0.0
2094389669,3,0.0
2094389679,3,0.0
2094389689,3,0.0
2094389699,3,0.0
2094389709,3,0.0
2094389719,3,0.0
2094389729,3,0.0
2094389739,3,0.0
2094389749,3,0.0
2094389759,3,0.0
2094389769,3,0.0
2094389779,3,0.0
2094389789,3,0.0
2094389799,3,0.0
2094389809,3,0.0
2094389819,3,0.0
2094389829,3,0.0
2094389839,3,0.0
2094389849,3,0.0
2094389859,3,0.0
2094389869,3,0.0
2094389879,3,0.0
2094389889,3,0.0
2094389899,3,0.0
2094389909,3,0.0
2094389919,3,0.0
2094389929,3,0.0
2094389939,3,0.0
2094389949,3,0.0
2094389959,3,0.0
2094389969,3,0.0
2094389979,3,0.0
2094389989,3,0.0
2094389999,3,0.0
2094390009,3,0.0
2094390019,3,0.0
2094390029,3,0.0
2094390039,3,0.0
2094390049,3,0.0
2094390059,3,0.0
2094390069,3,0.0
2094390079,3,0.0
2094390089,3,0.0
2094390099,3,0.0
2094390109,3,0.0
2094390119,3,0.0
2094390129,3,0.0
2094390139,3,0.0
2094390149,3,0.0
2094390159,3,0.0
2094390169,3,0.0
2094390179,3,0.0
2094390189,3,0.0
2094390199,3,0.0
2094390209,3,0.0
2094390219,3,0.0
2094390229,3,0.0
2094390239,3,0.0
2094390249,3,0.0
2094390259,3,0.0
2094390269,3,0.0
2094390279,3,0.0
2094390289,3,0.0
2094390299,3,0.0
2094390309,3,0.0
2094390319,3,0.0
2094390329,3,0.0
2094390339,3,0.0
2094390349,3,0.0
2094390359,3,0.0
2094390369,3,0.0
2094390379,3,0.0
2094390389,3,0.0
2094390399,3,0.0
2094390409,3,0.0
2094390419,3,0.0
2094390429,3,0.0
2094390439,3,0.0
2094390449,3,0.0
2094390459,3,0.0
2094390469,3,0.0
2094390479,3,0.0
2094390489,3,0.0
2094390499,3,0.0
2094390509,3,0.0
2094390519,3,0.0
2094390529,3,0.0
2094390539,3,0.0
2094390549,3,0.0
2094390559,3,0.0
2094390569,3,0.0
2094390579,3,0.0
2094390589,3,0.0
2094390599,3,0.0
2094390609,3,0.0
2094390619,3,0.0
2094390629,3,0.0
2094390639,3,0.0
2094390649,3,0.0
2094390659,3,0.0
2094390669,3,0.0
2094390679,3,0.0
2094390689,3,0.0
2094390699,3,0.0
2094390709,3,0.0
2094390719,3,0.0
2094390729,3,0.0
2094390739,3,0.0
2094390749,3,0.0
2094390759,3,0.0
2094390769,3,0.0
2094390779,3,0.0
2094390789,3,0.0
2094390799,3,0.0
2094390809,3,0.0
2094390819,3,0.0
2094390829,3,0.0
2094390839,3,0.0
2094390849,3,0.0
2094390859,3,0.0
2094390869,3,0.0
2094390879,3,0.0
2094390889,3,0.0
2094390899,3,0.0
2094390909,3,0.0
2094390919,3,0.0
2094390929,3,0.0
2094390939,3,0.0
2094390949,3,0.0
2094390959,3,0.0
2094390969,3,0.0
2094390979,3,0.0
2094390989,3,0.0
2094390999,3,0.0
2094391009,3,0.0
2094391019,3,0.0
2094391029,3,0.0
2094391039,3,0.0
2094391049,3,0.0
2094391059,3,0.0
2094391069,3,0.0
2094391079,3,0.0
2094391089,3,0.0
2094391099,3,0.0
2094391109,3,0.0
2094391119,3,0.0
2094391129,3,0.0
2094391139,3,0.0
2094391149,3,0.0
2094391159,3,0.0
2094391169,3,0.0
2094391179,3,0.0
2094391189,3,0.0
2094391199,3,0.0
2094391209,3,0.0
2094391219,3,0.0
2094391229,3,0.0
2094391239,3,0.0
2094391249,3,0.0
2094391259,3,0.0
2094391269,3,0.0
2094391279,3,0.0
2094391289,3,0.0
2094391299,3,0.0
2094391309,3,0.0
2094391319,3,0.0
2094391329,3,0.0
2094391339,3,0.0
2094391349,3,0.0
2094391359,3,0.0
2094391369,3,0.0
2094391379,3,0.0
2094391389,3,0.0
2094391399,3,0.0
2094391409,3,0.0
2094391419,3,0.0
2094391429,3,0.0
2094391439,3,0.0
2094391449,3,0.0
2094391459,3,0.0
2094391469,3,0.0
2094391479,3,0.0
2094391489,3,0.0
2094391499,3,0.0
2094391509,3,0.0
2094391519,3,0.0
2094391529,3,0.0
2094391539,3,0.0
2094391549,3,0.0
2094391559,3,0.0
2094391569,3,0.0
2094391579,3,0.0
2094391589,3,0.0
2094391599,3,0.0
2094391609,3,0.0
2094391619,3,0.0
2094391629,3,0.0
2094391639,3,0.0
2094391649,3,0.0
2094391659,3,0.0
2094391669,3,0.0
2094391679,3,0.0
2094391689,3,0.0
2094391699,3,0.0
2094391709,3,0.0
2094391719,3,0.0
2094391729,3,0.0
2094391739,3,0.0
2094391749,3,0.0
2094391759,3,0.0
2094391769,3,0.0
2094391779,3,0.0
2094391789,3,0.0
2094391799,3,0.0
2094391809,3,0.0
2094391819,3,0.0
2094391829,3,0.0
2094391839,3,0.0
2094391849,3,0.0
2094391859,3,0.0
2094391869,3,0.0
2094391879,3,0.0
2094391889,3,0.0
2094391899,3,0.0
2094391909,3,0.0
2094391919,3,0.0
2094391929,3,0.0
2094391939,3,0.0
2094391949,3,0.0
2094391959,3,0.0
2094391969,3,0.0
2094391979,3,0.0
2094391989,3,0.0
2094391999,3,0.0
2094392009,3,0.0
2094392019,3,0.0
2094392029,3,0.0
2094392039,3,0.0
2094392049,3,0.0
2094392059,3,0.0
2094392069,3,0.0
2094392079,3,0.0
2094392089,3,0.0
2094392099,3,0.0
2094392109,3,0.0
2094392119,3,0.0
2094392129,3,0.0
2094392139,3,0.0
2094392149,3,0.0
2094392159,3,0.0
2094392169,3,0.0
2094392179,3,0.0
2094392189,3,0.0
2094392199,3,0.0
2094392209,3,0.0
2094392219,3,0.0
2094392229,3,0.0
2094392239,3,0.0
2094392249,3,0.0
2094392259,3,0.0
2094392269,3,0.0
2094392279,3,0.0
2094392289,3,0.0
2094392299,3,0.0
2094392309,3,0.0
2094392319,3,0.0
2094392329,3,0.0
2094392339,3,0.0
2094392349,3,0.0
2094392359,3,0.0
2094392369,3,0.0
2094392379,3,0.0
2094392389,3,0.0
2094392399,3,0.0
2094392409,3,0.0
2094392419,3,0.0
2094392429,3,0.0
2094392439,3,0.0
2094392449,3,0.0
2094392459,3,0.0
2094392469,3,0.0
2094392479,3,0.0
2094392489,3,0.0
2094392499,3,0.0
2094392509,3,0.0
2094392519,3,0.0
2094392529,3,0.0
2094392539,3,0.0
2094392549,3,0.0
2094392559,3,0.0
2094392569,3,0.0
2094392579,3,0.0
2094392589,3,0.0
2094392599,3,0.0
2094392609,3,0.0
2094392619,3,0.0
2094392629,3,0.0
2094392639,3,0.0
2094392649,3,0.0
2094392659,3,0.0
2094392669,3,0.0
2094392679,3,0.0
2094392689,3,0.0
2094392699,3,0.0
2094392709,3,0.0
2094392719,3,0.0
2094392729,3,0.0
2094392739,3,0.0
2094392749,3,0.0
2094392759,3,0.0
2094392769,3,0.0
2094392779,3,0.0
2094392789,3,0.0
2094392799,3,0.0
2094392809,3,0.0
2094392819,3,0.0
2094392829,3,0.0
2094392839,3,0.0
2094392849,3,0.0
2094392859,3,0.0
2094392869,3,0.0
2094392879,3,0.0
2094392889,3,0.0
2094392899,3,0.0
2094392909,3,0.0
2094392919,3,0.0
2094392929,3,0.0
2094392939,3,0.0
2094392949,3,0.0
2094392959,3,0.0
2094392969,3,0.0
2094392979,3,0.0
2094392989,3,0.0
2094392999,3,0.0
2094393009,3,0.0
2094393019,3,0.0
2094393029,3,0.0
2094393039,3,0.0
2094393049,3,0.0
2094393059,3,0.0
2094393069,3,0.0
2094393079,3,0.0
2094393089,3,0.0
2094393099,3,0.0
2094393109,3,0.0
2094393119,3,0.0
2094393129,3,0.0
2094393139,3,0.0
2094393149,3,0.0
2094393159,3,0.0
2094393169,3,0.0
2094393179,3,0.0
2094393189,3,0.0
2094393199,3,0.0
2094393209,3,0.0
2094393219,3,0.0
2094393229,3,0.0
2094393239,3,0.0
2094393249,3,0.0
2094393259,3,0.0
2094393269,3,0.0
2094393279,3,0.0
2094393289,3,0.0
2094393299,3,0.0
2094393309,3,0.0
2094393319,3,0.0
2094393329,3,0.0
2094393339,3,0.0
2094393349,3,0.0
2094393359,3,0.0
2094393369,3,0.0
2094393379,3,0.0
2094393389,3,0.0
2094393399,3,0.0
2094393409,3,0.0
2094393419,3,0.0
2094393429,3,0.0
2094393439,3,0.0
2094393449,3,0.0
2094393459,3,0.0
2094393469,3,0.0
2094393479,3,0.0
2094393489,3,0.0
2094393499,3,0.0
2094393509,3,0.0
2094393519,3,0.0
2094393529,3,0.0
2094393539,3,0.0
2094393549,3,0.0
2094393559,3,0.0
2094393569,3,0.0
2094393579,3,0.0
2094393589,3,0.0
2094393599,3,0.0
2094393609,3,0.0
2094393619,3,0.0
2094393629,3,0.0
2094393639,3,0.0
2094393649,3,0.0
2094393659,3,0.0
2094393669,3,0.0
2094393679,3,0.0
2094393689,3,0.0
2094393699,3,0.0
2094393709,3,0.0
2094393719,3,0.0
2094393729,3,0.0
2094393739,3,0.0
2094393749,3,0.0
2094393759,3,0.0
2094393769,3,0.0
2094393779,3,0.0
2094393789,3,0.0
2094393799,3,0.0
2094393809,3,0.0
2094393819,3,0.0
2094393829,3,0.0
2094393839,3,0.0
2094393849,3,0.0
2094393859,3,0.0
2094393869,3,0.0
2094393879,3,0.0
2094393889,3,0.0
2094393899,3,0.0
2094393909,3,0.0
2094393919,3,0.0
2094393929,3,0.0
2094393939,3,0.0
2094393949,3,0.0
2094393959,3,0.0
2094393969,3,0.0
2094393979,3,0.0
2094393989,3,0.0
2094393999,3,0.0
2094394009,3,0.0
2094394019,3,0.0
2094394029,3,0.0
2094394039,3,0.0
2094394049,3,0.0
2094394059,3,0.0
2094394069,3,0.0
2094394079,3,0.0
2094394089,3,0.0
2094394099,3,0.0
2094394109,3,0.0
2094394119,3,0.0
2094394129,3,0.0
2094394139,3,0.0
2094394149,3,0.0
2094394159,3,0.0
2094394169,3,0.0
2094394179,3,0.0
2094394189,3,0.0
2094394199,3,0.0
2094394209,3,0.0
2094394219,3,0.0
2094394229,3,0.0
2094394239,3,0.0
2094394249,3,0.0
2094394259,3,0.0
2094394269,3,0.0
2094394279,3,0.0
2094394289,3,0.0
2094394299,3,0.0
2094394309,3,0.0
2094394319,3,0.0
2094394329,3,0.0
2094394339,3,0.0
2094394349,3,0.0
2094394359,3,0.0
2094394369,3,0.0
2094394379,3,0.0
2094394389,3,0.0
2094394399,3,0.0
2094394409,3,0.0
2094394419,3,0.0
2094394429,3,0.0
2094394439,3,0.0
2094394449,3,0.0
2094394459,3,0.0
2094394469,3,0.0
2094394479,3,0.0
2094394489,3,0.0
2094394499,3,0.0
2094394509,3,0.0
2094394519,3,0.0
2094394529,3,0.0
2094394539,3,0.0
2094394549,3,0.0
2094394559,3,0.0
2094394569,3,0.0
2094394579,3,0.0
2094394589,3,0.0
2094394599,3,0.0
2094394609,3,0.0
2094394619,3,0.0
2094394629,3,0.0
2094394639,3,0.0
2094394649,3,0.0
2094394659,3,0.0
2094394669,3,0.0
2094394679,3,0.0
2094394689,3,0.0
2094394699,3,0.0
2094394709,3,0.0
2094394719,3,0.0
2094394729,3,0.0
2094394739,3,0.0
2094394749,3,0.0
2094394759,3,0.0
2094394769,3,0.0
2094394779,3,0.0
2094394789,3,0.0
2094394799,3,0.0
2094394809,3,0.0
2094394819,3,0.0
2094394829,3,0.0
2094394839,3,0.0
2094394849,3,0.0
2094394859,3,0.0
2094394869,3,0.0
2094394879,3,0.0
2094394889,3,0.0
2094394899,3,0.0
2094394909,3,0.0
2094394919,3,0.0
2094394929,3,0.0
2094394939,3,0.0
2094394949,3,0.0
2094394959,3,0.0
2094394969,3,0.0
2094394979,3,0.0
2094394989,3,0.0
2094394999,3,0.0
2094395009,3,0.0
2094395019,3,0.0
2094395029,3,0.0
2094395039,3,0.0
2094395049,3,0.0
2094395059,3,0.0
2094395069,3,0.0
2094395079,3,0.0
2094395089,3,0.0
2094395099,3,0.0
2094395109,3,0.0
2094395119,3,0.0
2094395129,3,0.0
2094395139,3,0.0
2094395149,3,0.0
2094395159,3,0.0
2094395169,3,0.0
2094395179,3,0.0
2094395189,3,0.0
2094395199,3,0.0
2094395209,3,0.0
2094395219,3,0.0
2094395229,3,0.0
2094395239,3,0.0
2094395249,3,0.0
2094395259,3,0.0
2094395269,3,0.0
2094395279,3,0.0
2094395289,3,0.0
2094395299,3,0.0
2094395309,3,0.0
2094395319,3,0.0
2094395329,3,0.0
2094395339,3,0.0
2094395349,3,0.0
2094395359,3,0.0
2094395369,3,0.0
2094395379,3,0.0
2094395389,3,0.0
2094395399,3,0.0
2094395409,3,0.0
2094395419,3,0.0
2094395429,3,0.0
2094395439,3,0.0
2094395449,3,0.0
2094395459,3,0.0
2094395469,3,0.0
2094395479,3,0.0
2094395489,3,0.0
2094395499,3,0.0
2094395509,3,0.0
2094395519,3,0.0
2094395529,3,0.0
2094395539,3,0.0
2094395549,3,0.0
2094395559,3,0.0
2094395569,3,0.0
2094395579,3,0.0
2094395589,3,0.0
2094395599,3,0.0
2094395609,3,0.0
2094395619,3,0.0
2094395629,3,0.0
2094395639,3,0.0
2094395649,3,0.0
2094395659,3,0.0
2094395669,3,0.0
2094395679,3,0.0
2094395689,3,0.0
2094395699,3,0.0
2094395709,3,0.0
2094395719,3,0.0
2094395729,3,0.0
2094395739,3,0.0
2094395749,3,0.0
2094395759,3,0.0
2094395769,3,0.0
2094395779,3,0.0
2094395789,3,0.0
2094395799,3,0.0
2094395809,3,0.0
2094395819,3,0.0
2094395829,3,0.0
2094395839,3,0.0
2094395849,3,0.0
2094395859,3,0.0
2094395869,3,0.0
2094395879,3,0.0
2094395889,3,0.0
2094395899,3,0.0
2094395909,3,0.0
2094395919,3,0.0
2094395929,3,0.0
2094395939,3,0.0
2094395949,3,0.0
2094395959,3,0.0
2094395969,3,0.0
2094395979,3,0.0
2094395989,3,0.0
2094395999,3,0.0
2094396009,3,0.0
2094396019,3,0.0
2094396029,3,0.0
2094396039,3,0.0
2094396049,3,0.0
2094396059,3,0.0
2094396069,3,0.0
2094396079,3,0.0
2094396089,3,0.0
2094396099,3,0.0
2094396109,3,0.0
2094396119,3,0.0
2094396129,3,0.0
2094396139,3,0.0
2094396149,3,0.0
2094396159,3,0.0
2094396169,3,0.0
2094396179,3,0.0
2094396189,3,0.0
2094396199,3,0.0
2094396209,3,0.0
2094396219,3,0.0
2094396229,3,0.0
2094396239,3,0.0
2094396249,3,0.0
2094396259,3,0.0
2094396269,3,0.0
2094396279,3,0.0
2094396289,3,0.0
2094396299,3,0.0
2094396309,3,0.0
2094396319,3,0.0
2094396329,3,0.0
2094396339,3,0.0
2094396349,3,0.0
2094396359,3,0.0
2094396369,3,0.0
2094396379,3,0.0
2094396389,3,0.0
2094396399,3,0.0
2094396409,3,0.0
2094396419,3,0.0
2094396429,3,0.0
2094396439,3,0.0
2094396449,3,0.0
2094396459,3,0.0
2094396469,3,0.0
2094396479,3,0.0
2094396489,3,0.0
2094396499,3,0.0
2094396509,3,0.0
2094396519,3,0.0
2094396529,3,0.0
2094396539,3,0.0
2094396549,3,0.0
2094396559,3,0.0
2094396569,3,0.0
2094396579,3,0.0
2094396589,3,0.0
2094396599,3,0.0
2094396609,3,0.0
2094396619,3,0.0
2094396629,3,0.0
2094396639,3,0.0
2094396649,3,0.0
2094396659,3,0.0
2094396669,3,0.0
2094396679,3,0.0
2094396689,3,0.0
2094396699,3,0.0
2094396709,3,0.0
2094396719,3,0.0
2094396729,3,0.0
2094396739,3,0.0
2094396749,3,0.0
2094396759,3,0.0
2094396769,3,0.0
2094396779,3,0.0
2094396789,3,0.0
2094396799,3,0.0
2094396809,3,0.0
2094396819,3,0.0
2094396829,3,0.0
2094396839,3,0.0
2094396849,3,0.0
2094396859,3,0.0
2094396869,3,0.0
2094396879,3,0.0
2094396889,3,0.0
2094396899,3,0.0
2094396909,3,0.0
2094396919,3,0.0
2094396929,3,0.0
2094396939,3,0.0
2094396949,3,0.0
2094396959,3,0.0
2094396969,3,0.0
2094396979,3,0.0
2094396989,3,0.0
2094396999,3,0.0
2094397009,3,0.0
2094397019,3,0.0
2094397029,3,0.0
2094397039,3,0.0
2094397049,3,0.0
2094397059,3,0.0
2094397069,3,0.0
2094397079,3,0.0
2094397089,3,0.0
2094397099,3,0.0
2094397109,3,0.0
2094397119,3,0.0
2094397129,3,0.0
2094397139,3,0.0
2094397149,3,0.0
2094397159,3,0.0
2094397169,3,0.0
2094397179,3,0.0
2094397189,3,0.0
2094397199,3,0.0
2094397209,3,0.0
2094397219,3,0.0
2094397229,3,0.0
2094397239,3,0.0
2094397249,3,0.0
2094397259,3,0.0
2094397269,3,0.0
2094397279,3,0.0
2094397289,3,0.0
2094397299,3,0.0
2094397309,3,0.0
2094397319,3,0.0
2094397329,3,0.0
2094397339,3,0.0
2094397349,3,0.0
2094397359,3,0.0
2094397369,3,0.0
2094397379,3,0.0
2094397389,3,0.0
2094397399,3,0.0
2094397409,3,0.0
2094397419,3,0.0
2094397429,3,0.0
2094397439,3,0.0
2094397449,3,0.0
2094397459,3,0.0
2094397469,3,0.0
2094397479,3,0.0
2094397489,3,0.0
2094397499,3,0.0
2094397509,3,0.0
2094397519,3,0.0
2094397529,3,0.0
2094397539,3,0.0
2094397549,3,0.0
2094397559,3,0.0
2094397569,3,0.0
2094397579,3,0.0
2094397589,3,0.0
2094397599,3,0.0
2094397609,3,0.0
2094397619,3,0.0
2094397629,3,0.0
2094397639,3,0.0
2094397649,3,0.0
2094397659,3,0.0
2094397669,3,0.0
2094397679,3,0.0
2094397689,3,0.0
2094397699,3,0.0
2094397709,3,0.0
2094397719,3,0.0
2094397729,3,0.0
2094397739,3,0.0
2094397749,3,0.0
2094397759,3,0.0
2094397769,3,0.0
2094397779,3,0.0
2094397789,3,0.0
2094397799,3,0.0
2094397809,3,0.0
2094397819,3,0.0
2094397829,3,0.0
2094397839,3,0.0
2094397849,3,0.0
2094397859,3,0.0
2094397869,3,0.0
2094397879,3,0.0
2094397889,3,0.0
2094397899,3,0.0
2094397909,3,0.0
2094397919,3,0.0
2094397929,3,0.0
2094397939,3,0.0
2094397949,3,0.0
2094397959,3,0.0
2094397969,3,0.0
2094397979,3,0.0
2094397989,3,0.0
2094397999,3,0.0
2094398009,3,0.0
2094398019,3,0.0
2094398029,3,0.0
2094398039,3,0.0
2094398049,3,0.0
2094398059,3,0.0
2094398069,3,0.0
2094398079,3,0.0
2094398089,3,0.0
2094398099,3,0.0
2094398109,3,0.0
2094398119,3,0.0
2094398129,3,0.0
2094398139,3,0.0
2094398149,3,0.0
2094398159,3,0.0
2094398169,3,0.0
2094398179,3,0.0
2094398189,3,0.0
2094398199,3,0.0
2094398209,3,0.0
2094398219,3,0.0
2094398229,3,0.0
2094398239,3,0.0
2094398249,3,0.0
2094398259,3,0.0
2094398269,3,0.0
2094398279,3,0.0
2094398289,3,0.0
2094398299,3,0.0
2094398309,3,0.0
2094398319,3,0.0
2094398329,3,0.0
2094398339,3,0.0
2094398349,3,0.0
2094398359,3,0.0
2094398369,3,0.0
2094398379,3,0.0
2094398389,3,0.0
2094398399,3,0.0
2094398409,3,0.0
2094398419,3,0.0
2094398429,3,0.0
2094398439,3,0.0
2094398449,3,0.0
2094398459,3,0.0
2094398469,3,0.0
2094398479,3,0.0
2094398489,3,0.0
2094398499,3,0.0
2094398509,3,0.0
2094398519,3,0.0
2094398529,3,0.0
2094398539,3,0.0
2094398549,3,0.0
2094398559,3,0.0
2094398569,3,0.0
2094398579,3,0.0
2094398589,3,0.0
2094398599,3,0.0
2094398609,3,0.0
2094398619,3,0.0
2094398629,3,0.0
2094398639,3,0.0
2094398649,3,0.0
2094398659,3,0.0
2094398669,3,0.0
2094398679,3,0.0
2094398689,3,0.0
2094398699,3,0.0
2094398709,3,0.0
2094398719,3,0.0
2094398729,3,0.0
2094398739,3,0.0
2094398749,3,0.0
2094398759,3,0.0
2094398769,3,0.0
2094398779,3,0.0
2094398789,3,0.0
2094398799,3,0.0
2094398809,3,0.0
2094398819,3,0.0
2094398829,3,0.0
2094398839,3,0.0
2094398849,3,0.0
2094398859,3,0.0
2094398869,3,0.0
2094398879,3,0.0
2094398889,3,0.0
2094398899,3,0.0
2094398909,3,0.0
2094398919,3,0.0
2094398929,3,0.0
2094398939,3,0.0
2094398949,3,0.0
2094398959,3,0.0
2094398969,3,0.0
2094398979,3,0.0
2094398989,3,0.0
2094398999,3,0.0
2094399009,3,0.0
2094399019,3,0.0
2094399029,3,0.0
2094399039,3,0.0
2094399049,3,0.0
2094399059,3,0.0
2094399069,3,0.0
2094399079,3,0.0
2094399089,3,0.0
2094399099,3,0.0
2094399109,3,0.0
2094399119,3,0.0
2094399129,3,0.0
2094399139,3,0.0
2094399149,3,0.0
2094399159,3,0.0
2094399169,3,0.0
2094399179,3,0.0
2094399189,3,0.0
2094399199,3,0.0
2094399209,3,0.0
2094399219,3,0.0
2094399229,3,0.0
2094399239,3,0.0
2094399249,3,0.0
2094399259,3,0.0
2094399269,3,0.0
2094399279,3,0.0
2094399289,3,0.0
2094399299,3,0.0
2094399309,3,0.0
2094399319,3,0.0
2094399329,3,0.0
2094399339,3,0.0
2094399349,3,0.0
2094399359,3,0.0
2094399369,3,0.0
2094399379,3,0.0
2094399389,3,0.0
2094399399,3,0.0
2094399409,3,0.0
2094399419,3,0.0
2094399429,3,0.0
2094399439,3,0.0
2094399449,3,0.0
2094399459,3,0.0
2094399469,3,0.0
2094399479,3,0.0
2094399489,3,0.0
2094399499,3,0.0
2094399509,3,0.0
2094399519,3,0.0
2094399529,3,0.0
2094399539,3,0.0
2094399549,3,0.0
2094399559,3,0.0
2094399569,3,0.0
2094399579,3,0.0
2094399589,3,0.0
2094399599,3,0.0
2094399609,3,0.0
2094399619,3,0.0
2094399629,3,0.0
2094399639,3,0.0
2094399649,3,0.0
2094399659,3,0.0
2094399669,3,0.0
2094399679,3,0.0
2094399689,3,0.0
2094399699,3,0.0
2094399709,3,0.0
2094399719,3,0.0
2094399729,3,0.0
2094399739,3,0.0
2094399749,3,0.0
2094399759,3,0.0
2094399769,3,0.0
2094399779,3,0.0
2094399789,3,0.0
2094399799,3,0.0
2094399809,3,0.0
2094399819,3,0.0
2094399829,3,0.0
2094399839,3,0.0
2094399849,3,0.0
2094399859,3,0.0
2094399869,3,0.0
2094399879,3,0.0
2094399889,3,0.0
2094399899,3,0.0
2094399909,3,0.0
2094399919,3,0.0
2094399929,3,0.0
2094399939,3,0.0
2094399949,3,0.0
2094399959,3,0.0
2094399969,3,0.0
2094399979,3,0.0
2094399989,3,0.0
2094399999,3,0.0
2094400009,3,0.0
2094400019,3,0.0
2094400029,3,0.0
2094400039,3,0.0
2094400049,3,0.0
2094400059,3,0.0
2094400069,3,0.0
2094400079,3,0.0
2094400089,3,0.0
2094400099,3,0.0
2094400109,3,0.0
2094400119,3,0.0
2094400129,3,0.0
2094400139,3,0.0
2094400149,3,0.0
2094400159,3,0.0
2094400169,3,0.0
2094400179,3,0.0
2094400189,3,0.0
2094400199,3,0.0
2094400209,3,0.0
2094400219,3,0.0
2094400229,3,0.0
2094400239,3,0.0
2094400249,3,0.0
2094400259,3,0.0
2094400269,3,0.0
2094400279,3,0.0
2094400289,3,0.0
2094400299,3,0.0
2094400309,3,0.0
2094400319,3,0.0
2094400329,3,0.0
2094400339,3,0.0
2094400349,3,0.0
2094400359,3,0.0
2094400369,3,0.0
2094400379,3,0.0
2094400389,3,0.0
2094400399,3,0.0
2094400409,3,0.0
2094400419,3,0.0
2094400429,3,0.0
2094400439,3,0.0
2094400449,3,0.0
2094400459,3,0.0
2094400469,3,0.0
2094400479,3,0.0
2094400489,3,0.0
2094400499,3,0.0
2094400509,3,0.0
2094400519,3,0.0
2094400529,3,0.0
2094400539,3,0.0
2094400549,3,0.0
2094400559,3,0.0
2094400569,3,0.0
2094400579,3,0.0
2094400589,3,0.0
2094400599,3,0.0
2094400609,3,0.0
2094400619,3,0.0
2094400629,3,0.0
2094400639,3,0.0
2094400649,3,0.0
2094400659,3,0.0
2094400669,3,0.0
2094400679,3,0.0
2094400689,3,0.0
2094400699,3,0.0
2094400709,3,0.0
2094400719,3,0.0
2094400729,3,0.0
2094400739,3,0.0
2094400749,3,0.0
2094400759,3,0.0
2094400769,3,0.0
2094400779,3,0.0
2094400789,3,0.0
2094400799,3,0.0
2094400809,3,0.0
2094400819,3,0.0
2094400829,3,0.0
2094400839,3,0.0
2094400849,3,0.0
2094400859,3,0.0
2094400869,3,0.0
2094400879,3,0.0
2094400889,3,0.0
2094400899,3,0.0
2094400909,3,0.0
2094400919,3,0.0
2094400929,3,0.0
2094400939,3,0.0
2094400949,3,0.0
2094400959,3,0.0
2094400969,3,0.0
2094400979,3,0.0
2094400989,3,0.0
2094400999,3,0.0
2094401009,3,0.0
2094401019,3,0.0
2094401029,3,0.0
2094401039,3,0.0
2094401049,3,0.0
2094401059,3,0.0
2094401069,3,0.0
2094401079,3,0.0
2094401089,3,0.0
2094401099,3,0.0
2094401109,3,0.0
2094401119,3,0.0
2094401129,3,0.0
2094401139,3,0.0
2094401149,3,0.0
2094401159,3,0.0
2094401169,3,0.0
2094401179,3,0.0
2094401189,3,0.0
2094401199,3,0.0
2094401209,3,0.0
2094401219,3,0.0
2094401229,3,0.0
2094401239,3,0.0
2094401249,3,0.0
2094401259,3,0.0
2094401269,3,0.0
2094401279,3,0.0
2094401289,3,0.0
2094401299,3,0.0
2094401309,3,0.0
2094401319,3,0.0
2094401329,3,0.0
2094401339,3,0.0
2094401349,3,0.0
2094401359,3,0.0
2094401369,3,0.0
2094401379,3,0.0
2094401389,3,0.0
2094401399,3,0.0
2094401409,3,0.0
2094401419,3,0.0
2094401429,3,0.0
2094401439,3,0.0
2094401449,3,0.0
2094401459,3,0.0
2094401469,3,0.0
2094401479,3,0.0
2094401489,3,0.0
2094401499,3,0.0
2094401509,3,0.0
2094401519,3,0.0
2094401529,3,0.0
2094401539,3,0.0
2094401549,3,0.0
2094401559,3,0.0
2094401569,3,0.0
2094401579,3,0.0
2094401589,3,0.0
2094401599,3,0.0
2094401609,3,0.0
2094401619,3,0.0
2094401629,3,0.0
2094401639,3,0.0
2094401649,3,0.0
2094401659,3,0.0
2094401669,3,0.0
2094401679,3,0.0
2094401689,3,0.0
2094401699,3,0.0
2094401709,3,0.0
2094401719,3,0.0
2094401729,3,0.0
2094401739,3,0.0
2094401749,3,0.0
2094401759,3,0.0
2094401769,3,0.0
2094401779,3,0.0
2094401789,3,0.0
2094401799,3,0.0
2094401809,3,0.0
2094401819,3,0.0
2094401829,3,0.0
2094401839,3,0.0
2094401849,3,0.0
2094401859,3,0.0
2094401869,3,0.0
2094401879,3,0.0
2094401889,3,0.0
2094401899,3,0.0
2094401909,3,0.0
2094401919,3,0.0
2094401929,3,0.0
2094401939,3,0.0
2094401949,3,0.0
2094401959,3,0.0
2094401969,3,0.0
2094401979,3,0.0
2094401989,3,0.0
2094401999,3,0.0
2094402009,3,0.0
2094402019,3,0.0
2094402029,3,0.0
2094402039,3,0.0
2094402049,3,0.0
2094402059,3,0.0
2094402069,3,0.0
2094402079,3,0.0
2094402089,3,0.0
2094402099,3,0.0
2094402109,3,0.0
2094402119,3,0.0
2094402129,3,0.0
2094402139,3,0.0
2094402149,3,0.0
2094402159,3,0.0
2094402169,3,0.0
2094402179,3,0.0
2094402189,3,0.0
2094402199,3,0.0
2094402209,3,0.0
2094402219,3,0.0
2094402229,3,0.0
2094402239,3,0.0
2094402249,3,0.0
2094402259,3,0.0
2094402269,3,0.0
2094402279,3,0.0
2094402289,3,0.0
2094402299,3,0.0
2094402309,3,0.0
2094402319,3,0.0
2094402329,3,0.0
2094402339,3,0.0
2094402349,3,0.0
2094402359,3,0.0
2094402369,3,0.0
2094402379,3,0.0
2094402389,3,0.0
2094402399,3,0.0
2094402409,3,0.0
2094402419,3,0.0
2094402429,3,0.0
2094402439,3,0.0
2094402449,3,0.0
2094402459,3,0.0
2094402469,3,0.0
2094402479,3,0.0
2094402489,3,0.0
2094402499,3,0.0
2094402509,3,0.0
2094402519,3,0.0
2094402529,3,0.0
2094402539,3,0.0
2094402549,3,0.0
2094402559,3,0.0
2094402569,3,0.0
2094402579,3,0.0
2094402589,3,0.0
2094402599,3,0.0
2094402609,3,0.0
2094402619,3,0.0
2094402629,3,0.0
2094402639,3,0.0
2094402649,3,0.0
2094402659,3,0.0
2094402669,3,0.0
2094402679,3,0.0
2094402689,3,0.0
2094402699,3,0.0
2094402709,3,0.0
2094402719,3,0.0
2094402729,3,0.0
2094402739,3,0.0
2094402749,3,0.0
2094402759,3,0.0
2094402769,3,0.0
2094402779,3,0.0
2094402789,3,0.0
2094402799,3,0.0
2094402809,3,0.0
2094402819,3,0.0
2094402829,3,0.0
2094402839,3,0.0
2094402849,3,0.0
2094402859,3,0.0
2094402869,3,0.0
2094402879,3,0.0
2094402889,3,0.0
2094402899,3,0.0
2094402909,3,0.0
2094402919,3,0.0
2094402929,3,0.0
2094402939,3,0.0
2094402949,3,0.0
2094402959,3,0.0
2094402969,3,0.0
2094402979,3,0.0
2094402989,3,0.0
2094402999,3,0.0
2094403009,3,0.0
2094403019,3,0.0
2094403029,3,0.0
2094403039,3,0.0
2094403049,3,0.0
2094403059,3,0.0
2094403069,3,0.0
2094403079,3,0.0
2094403089,3,0.0
2094403099,3,0.0
2094403109,3,0.0
2094403119,3,0.0
2094403129,3,0.0
2094403139,3,0.0
2094403149,3,0.0
2094403159,3,0.0
2094403169,3,0.0
2094403179,3,0.0
2094403189,3,0.0
2094403199,3,0.0
2094403209,3,0.0
2094403219,3,0.0
2094403229,3,0.0
2094403239,3,0.0
2094403249,3,0.0
2094403259,3,0.0
2094403269,3,0.0
2094403279,3,0.0
2094403289,3,0.0
2094403299,3,0.0
2094403309,3,0.0
2094403319,3,0.0
2094403329,3,0.0
2094403339,3,0.0
2094403349,3,0.0
2094403359,3,0.0
2094403369,3,0.0
2094403379,3,0.0
2094403389,3,0.0
2094403399,3,0.0
2094403409,3,0.0
2094403419,3,0.0
2094403429,3,0.0
2094403439,3,0.0
2094403449,3,0.0
2094403459,3,0.0
2094403469,3,0.0
2094403479,3,0.0
2094403489,3,0.0
2094403499,3,0.0
2094403509,3,0.0
2094403519,3,0.0
2094403529,3,0.0
2094403539,3,0.0
2094403549,3,0.0
2094403559,3,0.0
2094403569,3,0.0
2094403579,3,0.0
2094403589,3,0.0
2094403599,3,0.0
2094403609,3,0.0
2094403619,3,0.0
2094403629,3,0.0
2094403639,3,0.0
2094403649,3,0.0
2094403659,3,0.0
2094403669,3,0.0
2094403679,3,0.0
2094403689,3,0.0
2094403699,3,0.0
2094403709,3,0.0
2094403719,3,0.0
2094403729,3,0.0
2094403739,3,0.0
2094403749,3,0.0
2094403759,3,0.0
2094403769,3,0.0
2094403779,3,0.0
2094403789,3,0.0
2094403799,3,0.0
2094403809,3,0.0
2094403819,3,0.0
2094403829,3,0.0
2094403839,3,0.0
2094403849,3,0.0
2094403859,3,0.0
2094403869,3,0.0
2094403879,3,0.0
2094403889,3,0.0
2094403899,3,0.0
2094403909,3,0.0
2094403919,3,0.0
2094403929,3,0.0
2094403939,3,0.0
2094403949,3,0.0
2094403959,3,0.0
2094403969,3,0.0
2094403979,3,0.0
2094403989,3,0.0
2094403999,3,0.0
2094404009,3,0.0
2094404019,3,0.0
2094404029,3,0.0
2094404039,3,0.0
2094404049,3,0.0
2094404059,3,0.0
2094404069,3,0.0
2094404079,3,0.0
2094404089,3,0.0
2094404099,3,0.0
2094404109,3,0.0
2094404119,3,0.0
2094404129,3,0.0
2094404139,3,0.0
2094404149,3,0.0
2094404159,3,0.0
2094404169,3,0.0
2094404179,3,0.0
2094404189,3,0.0
2094404199,3,0.0
2094404209,3,0.0
2094404219,3,0.0
2094404229,3,0.0
2094404239,3,0.0
2094404249,3,0.0
2094404259,3,0.0
2094404269,3,0.0
2094404279,3,0.0
2094404289,3,0.0
2094404299,3,0.0
2094404309,3,0.0
2094404319,3,0.0
2094404329,3,0.0
2094404339,3,0.0
2094404349,3,0.0
2094404359,3,0.0
2094404369,3,0.0
2094404379,3,0.0
2094404389,3,0.0
2094404399,3,0.0
2094404409,3,0.0
2094404419,3,0.0
2094404429,3,0.0
2094404439,3,0.0
2094404449,3,0.0
2094404459,3,0.0
2094404469,3,0.0
2094404479,3,0.0
2094404489,3,0.0
2094404499,3,0.0
2094404509,3,0.0
2094404519,3,0.0
2094404529,3,0.0
2094404539,3,0.0
2094404549,3,0.0
2094404559,3,0.0
2094404569,3,0.0
2094404579,3,0.0
2094404589,3,0.0
2094404599,3,0.0
2094404609,3,0.0
2094404619,3,0.0
2094404629,3,0.0
2094404639,3,0.0
2094404649,3,0.0
2094404659,3,0.0
2094404669,3,0.0
2094404679,3,0.0
2094404689,3,0.0
2094404699,3,0.0
2094404709,3,0.0
2094404719,3,0.0
2094404729,3,0.0
2094404739,3,0.0
2094404749,3,0.0
2094404759,3,0.0
2094404769,3,0.0
2094404779,3,0.0
2094404789,3,0.0
2094404799,3,0.0
2094404809,3,0.0
2094404819,3,0.0
2094404829,3,0.0
2094404839,3,0.0
2094404849,3,0.0
2094404859,3,0.0
2094404869,3,0.0
2094404879,3,0.0
2094404889,3,0.0
2094404899,3,0.0
2094404909,3,0.0
2094404919,3,0.0
2094404929,3,0.0
2094404939,3,0.0
2094404949,3,0.0
2094404959,3,0.0
2094404969,3,0.0
2094404979,3,0.0
2094404989,3,0.0
2094404999,3,0.0
2094405009,3,0.0
2094405019,3,0.0
2094405029,3,0.0
2094405039,3,0.0
2094405049,3,0.0
2094405059,3,0.0
2094405069,3,0.0
2094405079,3,0.0
2094405089,3,0.0
2094405099,3,0.0
2094405109,3,0.0
2094405119,3,0.0
2094405129,3,0.0
2094405139,3,0.0
2094405149,3,0.0
2094405159,3,0.0
2094405169,3,0.0
2094405179,3,0.0
2094405189,3,0.0
2094405199,3,0.0
2094405209,3,0.0
2094405219,3,0.0
2094405229,3,0.0
2094405239,3,0.0
2094405249,3,0.0
2094405259,3,0.0
2094405269,3,0.0
2094405279,3,0.0
2094405289,3,0.0
2094405299,3,0.0
2094405309,3,0.0
2094405319,3,0.0
2094405329,3,0.0
2094405339,3,0.0
2094405349,3,0.0
2094405359,3,0.0
2094405369,3,0.0
2094405379,3,0.0
2094405389,3,0.0
2094405399,3,0.0
2094405409,3,0.0
2094405419,3,0.0
2094405429,3,0.0
2094405439,3,0.0
2094405449,3,0.0
2094405459,3,0.0
2094405469,3,0.0
2094405479,3,0.0
2094405489,3,0.0
2094405499,3,0.0
2094405509,3,0.0
2094405519,3,0.0
2094405529,3,0.0
2094405539,3,0.0
2094405549,3,0.0
2094405559,3,0.0
2094405569,3,0.0
2094405579,3,0.0
2094405589,3,0.0
2094405599,3,0.0
2094405609,3,0.0
2094405619,3,0.0
2094405629,3,0.0
2094405639,3,0.0
2094405649,3,0.0
2094405659,3,0.0
2094405669,3,0.0
2094405679,3,0.0
2094405689,3,0.0
2094405699,3,0.0
2094405709,3,0.0
2094405719,3,0.0
2094405729,3,0.0
2094405739,3,0.0
2094405749,3,0.0
2094405759,3,0.0
2094405769,3,0.0
2094405779,3,0.0
2094405789,3,0.0
2094405799,3,0.0
2094405809,3,0.0
2094405819,3,0.0
2094405829,3,0.0
2094405839,3,0.0
2094405849,3,0.0
2094405859,3,0.0
2094405869,3,0.0
2094405879,3,0.0
2094405889,3,0.0
2094405899,3,0.0
2094405909,3,0.0
2094405919,3,0.0
2094405929,3,0.0
2094405939,3,0.0
2094405949,3,0.0
2094405959,3,0.0
2094405969,3,0.0
2094405979,3,0.0
2094405989,3,0.0
2094405999,3,0.0
2094406009,3,0.0
2094406019,3,0.0
2094406029,3,0.0
2094406039,3,0.0
2094406049,3,0.0
2094406059,3,0.0
2094406069,3,0.0
2094406079,3,0.0
2094406089,3,0.0
2094406099,3,0.0
2094406109,3,0.0
2094406119,3,0.0
2094406129,3,0.0
2094406139,3,0.0
2094406149,3,0.0
2094406159,3,0.0
2094406169,3,0.0
2094406179,3,0.0
2094406189,3,0.0
2094406199,3,0.0
2094406209,3,0.0
2094406219,3,0.0
2094406229,3,0.0
2094406239,3,0.0
2094406249,3,0.0
2094406259,3,0.0
2094406269,3,0.0
2094406279,3,0.0
2094406289,3,0.0
2094406299,3,0.0
2094406309,3,0.0
2094406319,3,0.0
2094406329,3,0.0
2094406339,3,0.0
2094406349,3,0.0
2094406359,3,0.0
2094406369,3,0.0
2094406379,3,0.0
2094406389,3,0.0
2094406399,3,0.0
2094406409,3,0.0
2094406419,3,0.0
2094406429,3,0.0
2094406439,3,0.0
2094406449,3,0.0
2094406459,3,0.0
2094406469,3,0.0
2094406479,3,0.0
2094406489,3,0.0
2094406499,3,0.0
2094406509,3,0.0
2094406519,3,0.0
2094406529,3,0.0
2094406539,3,0.0
2094406549,3,0.0
2094406559,3,0.0
2094406569,3,0.0
2094406579,3,0.0
2094406589,3,0.0
2094406599,3,0.0
2094406609,3,0.0
2094406619,3,0.0
2094406629,3,0.0
2094406639,3,0.0
2094406649,3,0.0
2094406659,3,0.0
2094406669,3,0.0
2094406679,3,0.0
2094406689,3,0.0
2094406699,3,0.0
2094406709,3,0.0
2094406719,3,0.0
2094406729,3,0.0
2094406739,3,0.0
2094406749,3,0.0
2094406759,3,0.0
2094406769,3,0.0
2094406779,3,0.0
2094406789,3,0.0
2094406799,3,0.0
2094406809,3,0.0
2094406819,3,0.0
2094406829,3,0.0
2094406839,3,0.0
2094406849,3,0.0
2094406859,3,0.0
2094406869,3,0.0
2094406879,3,0.0
2094406889,3,0.0
2094406899,3,0.0
2094406909,3,0.0
2094406919,3,0.0
2094406929,3,0.0
2094406939,3,0.0
2094406949,3,0.0
2094406959,3,0.0
2094406969,3,0.0
2094406979,3,0.0
2094406989,3,0.0
2094406999,3,0.0
2094407009,3,0.0
2094407019,3,0.0
2094407029,3,0.0
2094407039,3,0.0
2094407049,3,0.0
2094407059,3,0.0
2094407069,3,0.0
2094407079,3,0.0
2094407089,3,0.0
2094407099,3,0.0
2094407109,3,0.0
2094407119,3,0.0
2094407129,3,0.0
2094407139,3,0.0
2094407149,3,0.0
2094407159,3,0.0
2094407169,3,0.0
2094407179,3,0.0
2094407189,3,0.0
2094407199,3,0.0
2094407209,3,0.0
2094407219,3,0.0
2094407229,3,0.0
2094407239,3,0.0
2094407249,3,0.0
2094407259,3,0.0
2094407269,3,0.0
2094407279,3,0.0
2094407289,3,0.0
2094407299,3,0.0
2094407309,3,0.0
2094407319,3,0.0
2094407329,3,0.0
2094407339,3,0.0
2094407349,3,0.0
2094407359,3,0.0
2094407369,3,0.0
2094407379,3,0.0
2094407389,3,0.0
2094407399,3,0.0
2094407409,3,0.0
2094407419,3,0.0
2094407429,3,0.0
2094407439,3,0.0
2094407449,3,0.0
2094407459,3,0.0
2094407469,3,0.0
2094407479,3,0.0
2094407489,3,0.0
2094407499,3,0.0
2094407509,3,0.0
2094407519,3,0.0
2094407529,3,0.0
2094407539,3,0.0
2094407549,3,0.0
2094407559,3,0.0
2094407569,3,0.0
2094407579,3,0.0
2094407589,3,0.0
2094407599,3,0.0
2094407609,3,0.0
2094407619,3,0.0
2094407629,3,0.0
2094407639,3,0.0
2094407649,3,0.0
2094407659,3,0.0
2094407669,3,0.0
2094407679,3,0.0
2094407689,3,0.0
2094407699,3,0.0
2094407709,3,0.0
2094407719,3,0.0
2094407729,3,0.0
2094407739,3,0.0
2094407749,3,0.0
2094407759,3,0.0
2094407769,3,0.0
2094407779,3,0.0
2094407789,3,0.0
2094407799,3,0.0
2094407809,3,0.0
2094407819,3,0.0
2094407829,3,0.0
2094407839,3,0.0
2094407849,3,0.0
2094407859,3,0.0
2094407869,3,0.0
2094407879,3,0.0
2094407889,3,0.0
2094407899,3,0.0
2094407909,3,0.0
2094407919,3,0.0
2094407929,3,0.0
2094407939,3,0.0
2094407949,3,0.0
2094407959,3,0.0
2094407969,3,0.0
2094407979,3,0.0
2094407989,3,0.0
2094407999,3,0.0
2094408009,3,0.0
2094408019,3,0.0
2094408029,3,0.0
2094408039,3,0.0
2094408049,3,0.0
2094408059,3,0.0
2094408069,3,0.0
2094408079,3,0.0
2094408089,3,0.0
2094408099,3,0.0
2094408109,3,0.0
2094408119,3,0.0
2094408129,3,0.0
2094408139,3,0.0
2094408149,3,0.0
2094408159,3,0.0
2094408169,3,0.0
2094408179,3,0.0
2094408189,3,0.0
2094408199,3,0.0
2094408209,3,0.0
2094408219,3,0.0
2094408229,3,0.0
2094408239,3,0.0
2094408249,3,0.0
2094408259,3,0.0
2094408269,3,0.0
2094408279,3,0.0
2094408289,3,0.0
2094408299,3,0.0
2094408309,3,0.0
2094408319,3,0.0
2094408329,3,0.0
2094408339,3,0.0
2094408349,3,0.0
2094408359,3,0.0
2094408369,3,0.0
2094408379,3,0.0
2094408389,3,0.0
2094408399,3,0.0
2094408409,3,0.0
2094408419,3,0.0
2094408429,3,0.0
2094408439,3,0.0
2094408449,3,0.0
2094408459,3,0.0
2094408469,3,0.0
2094408479,3,0.0
2094408489,3,0.0
2094408499,3,0.0
2094408509,3,0.0
2094408519,3,0.0
2094408529,3,0.0
2094408539,3,0.0
2094408549,3,0.0
2094408559,3,0.0
2094408569,3,0.0
2094408579,3,0.0
2094408589,3,0.0
2094408599,3,0.0
2094408609,3,0.0
2094408619,3,0.0
2094408629,3,0.0
2094408639,3,0.0
2094408649,3,0.0
2094408659,3,0.0
2094408669,3,0.0
2094408679,3,0.0
2094408689,3,0.0
2094408699,3,0.0
2094408709,3,0.0
2094408719,3,0.0
2094408729,3,0.0
2094408739,3,0.0
2094408749,3,0.0
2094408759,3,0.0
2094408769,3,0.0
2094408779,3,0.0
2094408789,3,0.0
2094408799,3,0.0
2094408809,3,0.0
2094408819,3,0.0
2094408829,3,0.0
2094408839,3,0.0
2094408849,3,0.0
2094408859,3,0.0
2094408869,3,0.0
2094408879,3,0.0
2094408889,3,0.0
2094408899,3,0.0
2094408909,3,0.0
2094408919,3,0.0
2094408929,3,0.0
2094408939,3,0.0
2094408949,3,0.0
2094408959,3,0.0
2094408969,3,0.0
2094408979,3,0.0
2094408989,3,0.0
2094408999,3,0.0
2094409009,3,0.0
2094409019,3,0.0
2094409029,3,0.0
2094409039,3,0.0
2094409049,3,0.0
2094409059,3,0.0
2094409069,3,0.0
2094409079,3,0.0
2094409089,3,0.0
2094409099,3,0.0
2094409109,3,0.0
2094409119,3,0.0
2094409129,3,0.0
2094409139,3,0.0
2094409149,3,0.0
2094409159,3,0.0
2094409169,3,0.0
2094409179,3,0.0
2094409189,3,0.0
2094409199,3,0.0
2094409209,3,0.0
2094409219,3,0.0
2094409229,3,0.0
2094409239,3,0.0
2094409249,3,0.0
2094409259,3,0.0
2094409269,3,0.0
2094409279,3,0.0
2094409289,3,0.0
2094409299,3,0.0
2094409309,3,0.0
2094409319,3,0.0
2094409329,3,0.0
2094409339,3,0.0
2094409349,3,0.0
2094409359,3,0.0
2094409369,3,0.0
2094409379,3,0.0
2094409389,3,0.0
2094409399,3,0.0
2094409409,3,0.0
2094409419,3,0.0
2094409429,3,0.0
2094409439,3,0.0
2094409449,3,0.0
2094409459,3,0.0
2094409469,3,0.0
2094409479,3,0.0
2094409489,3,0.0
2094409499,3,0.0
2094409509,3,0.0
2094409519,3,0.0
2094409529,3,0.0
2094409539,3,0.0
2094409549,3,0.0
2094409559,3,0.0
2094409569,3,0.0
2094409579,3,0.0
2094409589,3,0.0
2094409599,3,0.0
2094409609,3,0.0
2094409619,3,0.0
2094409629,3,0.0
2094409639,3,0.0
2094409649,3,0.0
2094409659,3,0.0
2094409669,3,0.0
2094409679,3,0.0
2094409689,3,0.0
2094409699,3,0.0
2094409709,3,0.0
2094409719,3,0.0
2094409729,3,0.0
2094409739,3,0.0
2094409749,3,0.0
2094409759,3,0.0
2094409769,3,0.0
2094409779,3,0.0
2094409789,3,0.0
2094409799,3,0.0
2094409809,3,0.0
2094409819,3,0.0
2094409829,3,0.0
2094409839,3,0.0
2094409849,3,0.0
2094409859,3,0.0
2094409869,3,0.0
2094409879,3,0.0
2094409889,3,0.0
2094409899,3,0.0
2094409909,3,0.0
2094409919,3,0.0
2094409929,3,0.0
2094409939,3,0.0
2094409949,3,0.0
2094409959,3,0.0
2094409969,3,0.0
2094409979,3,0.0
2094409989,3,0.0
2094409999,3,0.0
2094410009,3,0.0
2094410019,3,0.0
2094410029,3,0.0
2094410039,3,0.0
2094410049,3,0.0
2094410059,3,0.0
2094410069,3,0.0
2094410079,3,0.0
2094410089,3,0.0
2094410099,3,0.0
2094410109,3,0.0
2094410119,3,0.0
2094410129,3,0.0
2094410139,3,0.0
2094410149,3,0.0
2094410159,3,0.0
2094410169,3,0.0
2094410179,3,0.0
2094410189,3,0.0
2094410199,3,0.0
2094410209,3,0.0
2094410219,3,0.0
2094410229,3,0.0
2094410239,3,0.0
2094410249,3,0.0
2094410259,3,0.0
2094410269,3,0.0
2094410279,3,0.0
2094410289,3,0.0
2094410299,3,0.0
2094410309,3,0.0
2094410319,3,0.0
2094410329,3,0.0
2094410339,3,0.0
2094410349,3,0.0
2094410359,3,0.0
2094410369,3,0.0
2094410379,3,0.0
2094410389,3,0.0
2094410399,3,0.0
2094410409,3,0.0
2094410419,3,0.0
2094410429,3,0.0
2094410439,3,0.0
2094410449,3,0.0
2094410459,3,0.0
2094410469,3,0.0
2094410479,3,0.0
2094410489,3,0.0
2094410499,3,0.0
2094410509,3,0.0
2094410519,3,0.0
2094410529,3,0.0
2094410539,3,0.0
2094410549,3,0.0
2094410559,3,0.0
2094410569,3,0.0
2094410579,3,0.0
2094410589,3,0.0
2094410599,3,0.0
2094410609,3,0.0
2094410619,3,0.0
2094410629,3,0.0
2094410639,3,0.0
2094410649,3,0.0
2094410659,3,0.0
2094410669,3,0.0
2094410679,3,0.0
2094410689,3,0.0
2094410699,3,0.0
2094410709,3,0.0
2094410719,3,0.0
2094410729,3,0.0
2094410739,3,0.0
2094410749,3,0.0
2094410759,3,0.0
2094410769,3,0.0
2094410779,3,0.0
2094410789,3,0.0
2094410799,3,0.0
2094410809,3,0.0
2094410819,3,0.0
2094410829,3,0.0
2094410839,3,0.0
2094410849,3,0.0
2094410859,3,0.0
2094410869,3,0.0
2094410879,3,0.0
2094410889,3,0.0
2094410899,3,0.0
2094410909,3,0.0
2094410919,3,0.0
2094410929,3,0.0
2094410939,3,0.0
2094410949,3,0.0
2094410959,3,0.0
2094410969,3,0.0
2094410979,3,0.0
2094410989,3,0.0
2094410999,3,0.0
2094411009,3,0.0
2094411019,3,0.0
2094411029,3,0.0
2094411039,3,0.0
2094411049,3,0.0
2094411059,3,0.0
2094411069,3,0.0
2094411079,3,0.0
2094411089,3,0.0
2094411099,3,0.0
2094411109,3,0.0
2094411119,3,0.0
2094411129,3,0.0
2094411139,3,0.0
2094411149,3,0.0
2094411159,3,0.0
2094411169,3,0.0
2094411179,3,0.0
2094411189,3,0.0
2094411199,3,0.0
2094411209,3,0.0
2094411219,3,0.0
2094411229,3,0.0
2094411239,3,0.0
2094411249,3,0.0
2094411259,3,0.0
2094411269,3,0.0
2094411279,3,0.0
2094411289,3,0.0
2094411299,3,0.0
2094411309,3,0.0
2094411319,3,0.0
2094411329,3,0.0
2094411339,3,0.0
2094411349,3,0.0
2094411359,3,0.0
2094411369,3,0.0
2094411379,3,0.0
2094411389,3,0.0
2094411399,3,0.0
2094411409,3,0.0
2094411419,3,0.0
2094411429,3,0.0
2094411439,3,0.0
2094411449,3,0.0
2094411459,3,0.0
2094411469,3,0.0
2094411479,3,0.0
2094411489,3,0.0
2094411499,3,0.0
2094411509,3,0.0
2094411519,3,0.0
2094411529,3,0.0
2094411539,3,0.0
2094411549,3,0.0
2094411559,3,0.0
2094411569,3,0.0
2094411579,3,0.0
2094411589,3,0.0
2094411599,3,0.0
2094411609,3,0.0
2094411619,3,0.0
2094411629,3,0.0
2094411639,3,0.0
2094411649,3,0.0
2094411659,3,0.0
2094411669,3,0.0
2094411679,3,0.0
2094411689,3,0.0
2094411699,3,0.0
2094411709,3,0.0
2094411719,3,0.0
2094411729,3,0.0
2094411739,3,0.0
2094411749,3,0.0
2094411759,3,0.0
2094411769,3,0.0
2094411779,3,0.0
2094411789,3,0.0
2094411799,3,0.0
2094411809,3,0.0
2094411819,3,0.0
2094411829,3,0.0
2094411839,3,0.0
2094411849,3,0.0
2094411859,3,0.0
2094411869,3,0.0
2094411879,3,0.0
2094411889,3,0.0
2094411899,3,0.0
2094411909,3,0.0
2094411919,3,0.0
2094411929,3,0.0
2094411939,3,0.0
2094411949,3,0.0
2094411959,3,0.0
2094411969,3,0.0
2094411979,3,0.0
2094411989,3,0.0
2094411999,3,0.0
2094412009,3,0.0
2094412019,3,0.0
2094412029,3,0.0
2094412039,3,0.0
2094412049,3,0.0
2094412059,3,0.0
2094412069,3,0.0
2094412079,3,0.0
2094412089,3,0.0
2094412099,3,0.0
2094412109,3,0.0
2094412119,3,0.0
2094412129,3,0.0
2094412139,3,0.0
2094412149,3,0.0
2094412159,3,0.0
2094412169,3,0.0
2094412179,3,0.0
2094412189,3,0.0
2094412199,3,0.0
2094412209,3,0.0
2094412219,3,0.0
2094412229,3,0.0
2094412239,3,0.0
2094412249,3,0.0
2094412259,3,0.0
2094412269,3,0.0
2094412279,3,0.0
2094412289,3,0.0
2094412299,3,0.0
2094412309,3,0.0
2094412319,3,0.0
2094412329,3,0.0
2094412339,3,0.0
2094412349,3,0.0
2094412359,3,0.0
2094412369,3,0.0
2094412379,3,0.0
2094412389,3,0.0
2094412399,3,0.0
2094412409,3,0.0
2094412419,3,0.0
2094412429,3,0.0
2094412439,3,0.0
2094412449,3,0.0
2094412459,3,0.0
2094412469,3,0.0
2094412479,3,0.0
2094412489,3,0.0
2094412499,3,0.0
2094412509,3,0.0
2094412519,3,0.0
2094412529,3,0.0
2094412539,3,0.0
2094412549,3,0.0
2094412559,3,0.0
2094412569,3,0.0
2094412579,3,0.0
2094412589,3,0.0
2094412599,3,0.0
2094412609,3,0.0
2094412619,3,0.0
2094412629,3,0.0
2094412639,3,0.0
2094412649,3,0.0
2094412659,3,0.0
2094412669,3,0.0
2094412679,3,0.0
2094412689,3,0.0
2094412699,3,0.0
2094412709,3,0.0
2094412719,3,0.0
2094412729,3,0.0
2094412739,3,0.0
2094412749,3,0.0
2094412759,3,0.0
2094412769,3,0.0
2094412779,3,0.0
2094412789,3,0.0
2094412799,3,0.0
2094412809,3,0.0
2094412819,3,0.0
2094412829,3,0.0
2094412839,3,0.0
2094412849,3,0.0
2094412859,3,0.0
2094412869,3,0.0
2094412879,3,0.0
2094412889,3,0.0
2094412899,3,0.0
2094412909,3,0.0
2094412919,3,0.0
2094412929,3,0.0
2094412939,3,0.0
2094412949,3,0.0
2094412959,3,0.0
2094412969,3,0.0
2094412979,3,0.0
2094412989,3,0.0
2094412999,3,0.0
2094413009,3,0.0
2094413019,3,0.0
2094413029,3,0.0
2094413039,3,0.0
2094413049,3,0.0
2094413059,3,0.0
2094413069,3,0.0
2094413079,3,0.0
2094413089,3,0.0
2094413099,3,0.0
2094413109,3,0.0
2094413119,3,0.0
2094413129,3,0.0
2094413139,3,0.0
2094413149,3,0.0
2094413159,3,0.0
2094413169,3,0.0
2094413179,3,0.0
2094413189,3,0.0
2094413199,3,0.0
2094413209,3,0.0
2094413219,3,0.0
2094413229,3,0.0
2094413239,3,0.0
2094413249,3,0.0
2094413259,3,0.0
2094413269,3,0.0
2094413279,3,0.0
2094413289,3,0.0
2094413299,3,0.0
2094413309,3,0.0
2094413319,3,0.0
2094413329,3,0.0
2094413339,3,0.0
2094413349,3,0.0
2094413359,3,0.0
2094413369,3,0.0
2094413379,3,0.0
2094413389,3,0.0
2094413399,3,0.0
2094413409,3,0.0
2094413419,3,0.0
2094413429,3,0.0
2094413439,3,0.0
2094413449,3,0.0
2094413459,3,0.0
2094413469,3,0.0
2094413479,3,0.0
2094413489,3,0.0
2094413499,3,0.0
2094413509,3,0.0
2094413519,3,0.0
2094413529,3,0.0
2094413539,3,0.0
2094413549,3,0.0
2094413559,3,0.0
2094413569,3,0.0
2094413579,3,0.0
2094413589,3,0.0
2094413599,3,0.0
2094413609,3,0.0
2094413619,3,0.0
2094413629,3,0.0
2094413639,3,0.0
2094413649,3,0.0
2094413659,3,0.0
2094413669,3,0.0
2094413679,3,0.0
2094413689,3,0.0
2094413699,3,0.0
2094413709,3,0.0
2094413719,3,0.0
2094413729,3,0.0
2094413739,3,0.0
2094413749,3,0.0
2094413759,3,0.0
2094413769,3,0.0
2094413779,3,0.0
2094413789,3,0.0
2094413799,3,0.0
2094413809,3,0.0
2094413819,3,0.0
2094413829,3,0.0
2094413839,3,0.0
2094413849,3,0.0
2094413859,3,0.0
2094413869,3,0.0
2094413879,3,0.0
2094413889,3,0.0
2094413899,3,0.0
2094413909,3,0.0
2094413919,3,0.0
2094413929,3,0.0
2094413939,3,0.0
2094413949,3,0.0
2094413959,3,0.0
2094413969,3,0.0
2094413979,3,0.0
2094413989,3,0.0
2094413999,3,0.0
2094414009,3,0.0
2094414019,3,0.0
2094414029,3,0.0
2094414039,3,0.0
2094414049,3,0.0
2094414059,3,0.0
2094414069,3,0.0
2094414079,3,0.0
2094414089,3,0.0
2094414099,3,0.0
2094414109,3,0.0
2094414119,3,0.0
2094414129,3,0.0
2094414139,3,0.0
2094414149,3,0.0
2094414159,3,0.0
2094414169,3,0.0
2094414179,3,0.0
2094414189,3,0.0
2094414199,3,0.0
2094414209,3,0.0
2094414219,3,0.0
2094414229,3,0.0
2094414239,3,0.0
2094414249,3,0.0
2094414259,3,0.0
2094414269,3,0.0
2094414279,3,0.0
2094414289,3,0.0
2094414299,3,0.0
2094414309,3,0.0
2094414319,3,0.0
2094414329,3,0.0
2094414339,3,0.0
2094414349,3,0.0
2094414359,3,0.0
2094414369,3,0.0
2094414379,3,0.0
2094414389,3,0.0
2094414399,3,0.0
2094414409,3,0.0
2094414419,3,0.0
2094414429,3,0.0
2094414439,3,0.0
2094414449,3,0.0
2094414459,3,0.0
2094414469,3,0.0
2094414479,3,0.0
2094414489,3,0.0
2094414499,3,0.0
2094414509,3,0.0
2094414519,3,0.0
2094414529,3,0.0
2094414539,3,0.0
2094414549,3,0.0
2094414559,3,0.0
2094414569,3,0.0
2094414579,3,0.0
2094414589,3,0.0
2094414599,3,0.0
2094414609,3,0.0
2094414619,3,0.0
2094414629,3,0.0
2094414639,3,0.0
2094414649,3,0.0
2094414659,3,0.0
2094414669,3,0.0
2094414679,3,0.0
2094414689,3,0.0
2094414699,3,0.0
2094414709,3,0.0
2094414719,3,0.0
2094414729,3,0.0
2094414739,3,0.0
2094414749,3,0.0
2094414759,3,0.0
2094414769,3,0.0
2094414779,3,0.0
2094414789,3,0.0
2094414799,3,0.0
2094414809,3,0.0
2094414819,3,0.0
2094414829,3,0.0
2094414839,3,0.0
2094414849,3,0.0
2094414859,3,0.0
2094414869,3,0.0
2094414879,3,0.0
2094414889,3,0.0
2094414899,3,0.0
2094414909,3,0.0
2094414919,3,0.0
2094414929,3,0.0
2094414939,3,0.0
2094414949,3,0.0
2094414959,3,0.0
2094414969,3,0.0
2094414979,3,0.0
2094414989,3,0.0
2094414999,3,0.0
2094415009,3,0.0
2094415019,3,0.0
2094415029,3,0.0
2094415039,3,0.0
2094415049,3,0.0
2094415059,3,0.0
2094415069,3,0.0
2094415079,3,0.0
2094415089,3,0.0
2094415099,3,0.0
2094415109,3,0.0
2094415119,3,0.0
2094415129,3,0.0
2094415139,3,0.0
2094415149,3,0.0
2094415159,3,0.0
2094415169,3,0.0
2094415179,3,0.0
2094415189,3,0.0
2094415199,3,0.0
2094415209,3,0.0
2094415219,3,0.0
2094415229,3,0.0
2094415239,3,0.0
2094415249,3,0.0
2094415259,3,0.0
2094415269,3,0.0
2094415279,3,0.0
2094415289,3,0.0
2094415299,3,0.0
2094415309,3,0.0
2094415319,3,0.0
2094415329,3,0.0
2094415339,3,0.0
2094415349,3,0.0
2094415359,3,0.0
2094415369,3,0.0
2094415379,3,0.0
2094415389,3,0.0
2094415399,3,0.0
2094415409,3,0.0
2094415419,3,0.0
2094415429,3,0.0
2094415439,3,0.0
2094415449,3,0.0
2094415459,3,0.0
2094415469,3,0.0
2094415479,3,0.0
2094415489,3,0.0
2094415499,3,0.0
2094415509,3,0.0
2094415519,3,0.0
2094415529,3,0.0
2094415539,3,0.0
2094415549,3,0.0
2094415559,3,0.0
2094415569,3,0.0
2094415579,3,0.0
2094415589,3,0.0
2094415599,3,0.0
2094415609,3,0.0
2094415619,3,0.0
2094415629,3,0.0
2094415639,3,0.0
2094415649,3,0.0
2094415659,3,0.0
2094415669,3,0.0
2094415679,3,0.0
2094415689,3,0.0
2094415699,3,0.0
2094415709,3,0.0
2094415719,3,0.0
2094415729,3,0.0
2094415739,3,0.0
2094415749,3,0.0
2094415759,3,0.0
2094415769,3,0.0
2094415779,3,0.0
2094415789,3,0.0
2094415799,3,0.0
2094415809,3,0.0
2094415819,3,0.0
2094415829,3,0.0
2094415839,3,0.0
2094415849,3,0.0
2094415859,3,0.0
2094415869,3,0.0
2094415879,3,0.0
2094415889,3,0.0
2094415899,3,0.0
2094415909,3,0.0
2094415919,3,0.0
2094415929,3,0.0
2094415939,3,0.0
2094415949,3,0.0
2094415959,3,0.0
2094415969,3,0.0
2094415979,3,0.0
2094415989,3,0.0
2094415999,3,0.0
2094416009,3,0.0
2094416019,3,0.0
2094416029,3,0.0
2094416039,3,0.0
2094416049,3,0.0
2094416059,3,0.0
2094416069,3,0.0
2094416079,3,0.0
2094416089,3,0.0
2094416099,3,0.0
2094416109,3,0.0
2094416119,3,0.0
2094416129,3,0.0
2094416139,3,0.0
2094416149,3,0.0
2094416159,3,0.0
2094416169,3,0.0
2094416179,3,0.0
2094416189,3,0.0
2094416199,3,0.0
2094416209,3,0.0
2094416219,3,0.0
2094416229,3,0.0
2094416239,3,0.0
2094416249,3,0.0
2094416259,3,0.0
2094416269,3,0.0
2094416279,3,0.0
2094416289,3,0.0
2094416299,3,0.0
2094416309,3,0.0
2094416319,3,0.0
2094416329,3,0.0
2094416339,3,0.0
2094416349,3,0.0
2094416359,3,0.0
2094416369,3,0.0
2094416379,3,0.0
2094416389,3,0.0
2094416399,3,0.0
2094416409,3,0.0
2094416419,3,0.0
2094416429,3,0.0
2094416439,3,0.0
2094416449,3,0.0
2094416459,3,0.0
2094416469,3,0.0
2094416479,3,0.0
2094416489,3,0.0
2094416499,3,0.0
2094416509,3,0.0
2094416519,3,0.0
2094416529,3,0.0
2094416539,3,0.0
2094416549,3,0.0
2094416559,3,0.0
2094416569,3,0.0
2094416579,3,0.0
2094416589,3,0.0
2094416599,3,0.0
2094416609,3,0.0
2094416619,3,0.0
2094416629,3,0.0
2094416639,3,0.0
2094416649,3,0.0
2094416659,3,0.0
2094416669,3,0.0
2094416679,3,0.0
2094416689,3,0.0
2094416699,3,0.0
2094416709,3,0.0
2094416719,3,0.0
2094416729,3,0.0
2094416739,3,0.0
2094416749,3,0.0
2094416759,3,0.0
2094416769,3,0.0
2094416779,3,0.0
2094416789,3,0.0
2094416799,3,0.0
2094416809,3,0.0
2094416819,3,0.0
2094416829,3,0.0
2094416839,3,0.0
2094416849,3,0.0
2094416859,3,0.0
2094416869,3,0.0
2094416879,3,0.0
2094416889,3,0.0
2094416899,3,0.0
2094416909,3,0.0
2094416919,3,0.0
2094416929,3,0.0
2094416939,3,0.0
2094416949,3,0.0
2094416959,3,0.0
2094416969,3,0.0
2094416979,3,0.0
2094416989,3,0.0
2094416999,3,0.0
2094417009,3,0.0
2094417019,3,0.0
2094417029,3,0.0
2094417039,3,0.0
2094417049,3,0.0
2094417059,3,0.0
2094417069,3,0.0
2094417079,3,0.0
2094417089,3,0.0
2094417099,3,0.0
2094417109,3,0.0
2094417119,3,0.0
2094417129,3,0.0
2094417139,3,0.0
2094417149,3,0.0
2094417159,3,0.0
2094417169,3,0.0
2094417179,3,0.0
2094417189,3,0.0
2094417199,3,0.0
2094417209,3,0.0
2094417219,3,0.0
2094417229,3,0.0
2094417239,3,0.0
2094417249,3,0.0
2094417259,3,0.0
2094417269,3,0.0
2094417279,3,0.0
2094417289,3,0.0
2094417299,3,0.0
2094417309,3,0.0
2094417319,3,0.0
2094417329,3,0.0
2094417339,3,0.0
2094417349,3,0.0
2094417359,3,0.0
2094417369,3,0.0
2094417379,3,0.0
2094417389,3,0.0
2094417399,3,0.0
2094417409,3,0.0
2094417419,3,0.0
2094417429,3,0.0
2094417439,3,0.0
2094417449,3,0.0
2094417459,3,0.0
2094417469,3,0.0
2094417479,3,0.0
2094417489,3,0.0
2094417499,3,0.0
2094417509,3,0.0
2094417519,3,0.0
2094417529,3,0.0
2094417539,3,0.0
2094417549,3,0.0
2094417559,3,0.0
2094417569,3,0.0
2094417579,3,0.0
2094417589,3,0.0
2094417599,3,0.0
2094417609,3,0.0
2094417619,3,0.0
2094417629,3,0.0
2094417639,3,0.0
2094417649,3,0.0
2094417659,3,0.0
2094417669,3,0.0
2094417679,3,0.0
2094417689,3,0.0
2094417699,3,0.0
2094417709,3,0.0
2094417719,3,0.0
2094417729,3,0.0
2094417739,3,0.0
2094417749,3,0.0
2094417759,3,0.0
2094417769,3,0.0
2094417779,3,0.0
2094417789,3,0.0
2094417799,3,0.0
2094417809,3,0.0
2094417819,3,0.0
2094417829,3,0.0
2094417839,3,0.0
2094417849,3,0.0
2094417859,3,0.0
2094417869,3,0.0
2094417879,3,0.0
2094417889,3,0.0
2094417899,3,0.0
2094417909,3,0.0
2094417919,3,0.0
2094417929,3,0.0
2094417939,3,0.0
2094417949,3,0.0
2094417959,3,0.0
2094417969,3,0.0
2094417979,3,0.0
2094417989,3,0.0
2094417999,3,0.0
2094418009,3,0.0
2094418019,3,0.0
2094418029,3,0.0
2094418039,3,0.0
2094418049,3,0.0
2094418059,3,0.0
2094418069,3,0.0
2094418079,3,0.0
2094418089,3,0.0
2094418099,3,0.0
2094418109,3,0.0
2094418119,3,0.0
2094418129,3,0.0
2094418139,3,0.0
2094418149,3,0.0
2094418159,3,0.0
2094418169,3,0.0
2094418179,3,0.0
2094418189,3,0.0
2094418199,3,0.0
2094418209,3,0.0
2094418219,3,0.0
2094418229,3,0.0
2094418239,3,0.0
2094418249,3,0.0
2094418259,3,0.0
2094418269,3,0.0
2094418279,3,0.0
2094418289,3,0.0
2094418299,3,0.0
2094418309,3,0.0
2094418319,3,0.0
2094418329,3,0.0
2094418339,3,0.0
2094418349,3,0.0
2094418359,3,0.0
2094418369,3,0.0
2094418379,3,0.0
2094418389,3,0.0
2094418399,3,0.0
2094418409,3,0.0
2094418419,3,0.0
2094418429,3,0.0
2094418439,3,0.0
2094418449,3,0.0
2094418459,3,0.0
2094418469,3,0.0
2094418479,3,0.0
2094418489,3,0.0
2094418499,3,0.0
2094418509,3,0.0
2094418519,3,0.0
2094418529,3,0.0
2094418539,3,0.0
2094418549,3,0.0
2094418559,3,0.0
2094418569,3,0.0
2094418579,3,0.0
2094418589,3,0.0
2094418599,3,0.0
2094418609,3,0.0
2094418619,3,0.0
2094418629,3,0.0
2094418639,3,0.0
2094418649,3,0.0
2094418659,3,0.0
2094418669,3,0.0
2094418679,3,0.0
2094418689,3,0.0
2094418699,3,0.0
2094418709,3,0.0
2094418719,3,0.0
2094418729,3,0.0
2094418739,3,0.0
2094418749,3,0.0
2094418759,3,0.0
2094418769,3,0.0
2094418779,3,0.0
2094418789,3,0.0
2094418799,3,0.0
2094418809,3,0.0
2094418819,3,0.0
2094418829,3,0.0
2094418839,3,0.0
2094418849,3,0.0
2094418859,3,0.0
2094418869,3,0.0
2094418879,3,0.0
2094418889,3,0.0
2094418899,3,0.0
2094418909,3,0.0
2094418919,3,0.0
2094418929,3,0.0
2094418939,3,0.0
2094418949,3,0.0
2094418959,3,0.0
2094418969,3,0.0
2094418979,3,0.0
2094418989,3,0.0
2094418999,3,0.0
2094419009,3,0.0
2094419019,3,0.0
2094419029,3,0.0
2094419039,3,0.0
2094419049,3,0.0
2094419059,3,0.0
2094419069,3,0.0
2094419079,3,0.0
2094419089,3,0.0
2094419099,3,0.0
2094419109,3,0.0
2094419119,3,0.0
2094419129,3,0.0
2094419139,3,0.0
2094419149,3,0.0
2094419159,3,0.0
2094419169,3,0.0
2094419179,3,0.0
2094419189,3,0.0
2094419199,3,0.0
2094419209,3,0.0
2094419219,3,0.0
2094419229,3,0.0
2094419239,3,0.0
2094419249,3,0.0
2094419259,3,0.0
2094419269,3,0.0
2094419279,3,0.0
2094419289,3,0.0
2094419299,3,0.0
2094419309,3,0.0
2094419319,3,0.0
2094419329,3,0.0
2094419339,3,0.0
2094419349,3,0.0
2094419359,3,0.0
2094419369,3,0.0
2094419379,3,0.0
2094419389,3,0.0
2094419399,3,0.0
2094419409,3,0.0
2094419419,3,0.0
2094419429,3,0.0
2094419439,3,0.0
2094419449,3,0.0
2094419459,3,0.0
2094419469,3,0.0
2094419479,3,0.0
2094419489,3,0.0
2094419499,3,0.0
2094419509,3,0.0
2094419519,3,0.0
2094419529,3,0.0
2094419539,3,0.0
2094419549,3,0.0
2094419559,3,0.0
2094419569,3,0.0
2094419579,3,0.0
2094419589,3,0.0
2094419599,3,0.0
2094419609,3,0.0
2094419619,3,0.0
2094419629,3,0.0
2094419639,3,0.0
2094419649,3,0.0
2094419659,3,0.0
2094419669,3,0.0
2094419679,3,0.0
2094419689,3,0.0
2094419699,3,0.0
2094419709,3,0.0
2094419719,3,0.0
2094419729,3,0.0
2094419739,3,0.0
2094419749,3,0.0
2094419759,3,0.0
2094419769,3,0.0
2094419779,3,0.0
2094419789,3,0.0
2094419799,3,0.0
2094419809,3,0.0
2094419819,3,0.0
2094419829,3,0.0
2094419839,3,0.0
2094419849,3,0.0
2094419859,3,0.0
2094419869,3,0.0
2094419879,3,0.0
2094419889,3,0.0
2094419899,3,0.0
2094419909,3,0.0
2094419919,3,0.0
2094419929,3,0.0
2094419939,3,0.0
2094419949,3,0.0
2094419959,3,0.0
2094419969,3,0.0
2094419979,3,0.0
2094419989,3,0.0
2094419999,3,0.0
2094420009,3,0.0
2094420019,3,0.0
2094420029,3,0.0
2094420039,3,0.0
2094420049,3,0.0
2094420059,3,0.0
2094420069,3,0.0
2094420079,3,0.0
2094420089,3,0.0
2094420099,3,0.0
2094420109,3,0.0
2094420119,3,0.0
2094420129,3,0.0
2094420139,3,0.0
2094420149,3,0.0
2094420159,3,0.0
2094420169,3,0.0
2094420179,3,0.0
2094420189,3,0.0
2094420199,3,0.0
2094420209,3,0.0
2094420219,3,0.0
2094420229,3,0.0
2094420239,3,0.0
2094420249,3,0.0
2094420259,3,0.0
2094420269,3,0.0
2094420279,3,0.0
2094420289,3,0.0
2094420299,3,0.0
2094420309,3,0.0
2094420319,3,0.0
2094420329,3,0.0
2094420339,3,0.0
2094420349,3,0.0
2094420359,3,0.0
2094420369,3,0.0
2094420379,3,0.0
2094420389,3,0.0
2094420399,3,0.0
2094420409,3,0.0
2094420419,3,0.0
2094420429,3,0.0
2094420439,3,0.0
2094420449,3,0.0
2094420459,3,0.0
2094420469,3,0.0
2094420479,3,0.0
2094420489,3,0.0
2094420499,3,0.0
2094420509,3,0.0
2094420519,3,0.0
2094420529,3,0.0
2094420539,3,0.0
2094420549,3,0.0
2094420559,3,0.0
2094420569,3,0.0
2094420579,3,0.0
2094420589,3,0.0
2094420599,3,0.0
2094420609,3,0.0
2094420619,3,0.0
2094420629,3,0.0
2094420639,3,0.0
2094420649,3,0.0
2094420659,3,0.0
2094420669,3,0.0
2094420679,3,0.0
2094420689,3,0.0
2094420699,3,0.0
2094420709,3,0.0
2094420719,3,0.0
2094420729,3,0.0
2094420739,3,0.0
2094420749,3,0.0
2094420759,3,0.0
2094420769,3,0.0
2094420779,3,0.0
2094420789,3,0.0
2094420799,3,0.0
2094420809,3,0.0
2094420819,3,0.0
2094420829,3,0.0
2094420839,3,0.0
2094420849,3,0.0
2094420859,3,0.0
2094420869,3,0.0
2094420879,3,0.0
2094420889,3,0.0
2094420899,3,0.0
2094420909,3,0.0
2094420919,3,0.0
2094420929,3,0.0
2094420939,3,0.0
2094420949,3,0.0
2094420959,3,0.0
2094420969,3,0.0
2094420979,3,0.0
2094420989,3,0.0
2094420999,3,0.0
2094421009,3,0.0
2094421019,3,0.0
2094421029,3,0.0
2094421039,3,0.0
2094421049,3,0.0
2094421059,3,0.0
2094421069,3,0.0
2094421079,3,0.0
2094421089,3,0.0
2094421099,3,0.0
2094421109,3,0.0
2094421119,3,0.0
2094421129,3,0.0
2094421139,3,0.0
2094421149,3,0.0
2094421159,3,0.0
2094421169,3,0.0
2094421179,3,0.0
2094421189,3,0.0
2094421199,3,0.0
2094421209,3,0.0
2094421219,3,0.0
2094421229,3,0.0
2094421239,3,0.0
2094421249,3,0.0
2094421259,3,0.0
2094421269,3,0.0
2094421279,3,0.0
2094421289,3,0.0
2094421299,3,0.0
2094421309,3,0.0
2094421319,3,0.0
2094421329,3,0.0
2094421339,3,0.0
2094421349,3,0.0
2094421359,3,0.0
2094421369,3,0.0
2094421379,3,0.0
2094421389,3,0.0
2094421399,3,0.0
2094421409,3,0.0
2094421419,3,0.0
2094421429,3,0.0
2094421439,3,0.0
2094421449,3,0.0
2094421459,3,0.0
2094421469,3,0.0
2094421479,3,0.0
2094421489,3,0.0
2094421499,3,0.0
2094421509,3,0.0
2094421519,3,0.0
2094421529,3,0.0
2094421539,3,0.0
2094421549,3,0.0
2094421559,3,0.0
2094421569,3,0.0
2094421579,3,0.0
2094421589,3,0.0
2094421599,3,0.0
2094421609,3,0.0
2094421619,3,0.0
2094421629,3,0.0
2094421639,3,0.0
2094421649,3,0.0
2094421659,3,0.0
2094421669,3,0.0
2094421679,3,0.0
2094421689,3,0.0
2094421699,3,0.0
2094421709,3,0.0
2094421719,3,0.0
2094421729,3,0.0
2094421739,3,0.0
2094421749,3,0.0
2094421759,3,0.0
2094421769,3,0.0
2094421779,3,0.0
2094421789,3,0.0
2094421799,3,0.0
2094421809,3,0.0
2094421819,3,0.0
2094421829,3,0.0
2094421839,3,0.0
2094421849,3,0.0
2094421859,3,0.0
2094421869,3,0.0
2094421879,3,0.0
2094421889,3,0.0
2094421899,3,0.0
2094421909,3,0.0
2094421919,3,0.0
2094421929,3,0.0
2094421939,3,0.0
2094421949,3,0.0
2094421959,3,0.0
2094421969,3,0.0
2094421979,3,0.0
2094421989,3,0.0
2094421999,3,0.0
2094422009,3,0.0
2094422019,3,0.0
2094422029,3,0.0
2094422039,3,0.0
2094422049,3,0.0
2094422059,3,0.0
2094422069,3,0.0
2094422079,3,0.0
2094422089,3,0.0
2094422099,3,0.0
2094422109,3,0.0
2094422119,3,0.0
2094422129,3,0.0
2094422139,3,0.0
2094422149,3,0.0
2094422159,3,0.0
2094422169,3,0.0
2094422179,3,0.0
2094422189,3,0.0
2094422199,3,0.0
2094422209,3,0.0
2094422219,3,0.0
2094422229,3,0.0
2094422239,3,0.0
2094422249,3,0.0
2094422259,3,0.0
2094422269,3,0.0
2094422279,3,0.0
2094422289,3,0.0
2094422299,3,0.0
2094422309,3,0.0
2094422319,3,0.0
2094422329,3,0.0
2094422339,3,0.0
2094422349,3,0.0
2094422359,3,0.0
2094422369,3,0.0
2094422379,3,0.0
2094422389,3,0.0
2094422399,3,0.0
2094422409,3,0.0
2094422419,3,0.0
2094422429,3,0.0
2094422439,3,0.0
2094422449,3,0.0
2094422459,3,0.0
2094422469,3,0.0
2094422479,3,0.0
2094422489,3,0.0
2094422499,3,0.0
2094422509,3,0.0
2094422519,3,0.0
2094422529,3,0.0
2094422539,3,0.0
2094422549,3,0.0
2094422559,3,0.0
2094422569,3,0.0
2094422579,3,0.0
2094422589,3,0.0
2094422599,3,0.0
2094422609,3,0.0
2094422619,3,0.0
2094422629,3,0.0
2094422639,3,0.0
2094422649,3,0.0
2094422659,3,0.0
2094422669,3,0.0
2094422679,3,0.0
2094422689,3,0.0
2094422699,3,0.0
2094422709,3,0.0
2094422719,3,0.0
2094422729,3,0.0
2094422739,3,0.0
2094422749,3,0.0
2094422759,3,0.0
2094422769,3,0.0
2094422779,3,0.0
2094422789,3,0.0
2094422799,3,0.0
2094422809,3,0.0
2094422819,3,0.0
2094422829,3,0.0
2094422839,3,0.0
2094422849,3,0.0
2094422859,3,0.0
2094422869,3,0.0
2094422879,3,0.0
2094422889,3,0.0
2094422899,3,0.0
2094422909,3,0.0
2094422919,3,0.0
2094422929,3,0.0
2094422939,3,0.0
2094422949,3,0.0
2094422959,3,0.0
2094422969,3,0.0
2094422979,3,0.0
2094422989,3,0.0
2094422999,3,0.0
2094423009,3,0.0
2094423019,3,0.0
2094423029,3,0.0
2094423039,3,0.0
2094423049,3,0.0
2094423059,3,0.0
2094423069,3,0.0
2094423079,3,0.0
2094423089,3,0.0
2094423099,3,0.0
2094423109,3,0.0
2094423119,3,0.0
2094423129,3,0.0
2094423139,3,0.0
2094423149,3,0.0
2094423159,3,0.0
2094423169,3,0.0
2094423179,3,0.0
2094423189,3,0.0
2094423199,3,0.0
2094423209,3,0.0
2094423219,3,0.0
2094423229,3,0.0
2094423239,3,0.0
2094423249,3,0.0
2094423259,3,0.0
2094423269,3,0.0
2094423279,3,0.0
2094423289,3,0.0
2094423299,3,0.0
2094423309,3,0.0
2094423319,3,0.0
2094423329,3,0.0
2094423339,3,0.0
2094423349,3,0.0
2094423359,3,0.0
2094423369,3,0.0
2094423379,3,0.0
2094423389,3,0.0
2094423399,3,0.0
2094423409,3,0.0
2094423419,3,0.0
2094423429,3,0.0
2094423439,3,0.0
2094423449,3,0.0
2094423459,3,0.0
2094423469,3,0.0
2094423479,3,0.0
2094423489,3,0.0
2094423499,3,0.0
2094423509,3,0.0
2094423519,3,0.0
2094423529,3,0.0
2094423539,3,0.0
2094423549,3,0.0
2094423559,3,0.0
2094423569,3,0.0
2094423579,3,0.0
2094423589,3,0.0
2094423599,3,0.0
2094423609,3,0.0
2094423619,3,0.0
2094423629,3,0.0
2094423639,3,0.0
2094423649,3,0.0
2094423659,3,0.0
2094423669,3,0.0
2094423679,3,0.0
2094423689,3,0.0
2094423699,3,0.0
2094423709,3,0.0
2094423719,3,0.0
2094423729,3,0.0
2094423739,3,0.0
2094423749,3,0.0
2094423759,3,0.0
2094423769,3,0.0
2094423779,3,0.0
2094423789,3,0.0
2094423799,3,0.0
2094423809,3,0.0
2094423819,3,0.0
2094423829,3,0.0
2094423839,3,0.0
2094423849,3,0.0
2094423859,3,0.0
2094423869,3,0.0
2094423879,3,0.0
2094423889,3,0.0
2094423899,3,0.0
2094423909,3,0.0
2094423919,3,0.0
2094423929,3,0.0
2094423939,3,0.0
2094423949,3,0.0
2094423959,3,0.0
2094423969,3,0.0
2094423979,3,0.0
2094423989,3,0.0
2094423999,3,0.0
2094424009,3,0.0
2094424019,3,0.0
2094424029,3,0.0
2094424039,3,0.0
2094424049,3,0.0
2094424059,3,0.0
2094424069,3,0.0
2094424079,3,0.0
2094424089,3,0.0
2094424099,3,0.0
2094424109,3,0.0
2094424119,3,0.0
2094424129,3,0.0
2094424139,3,0.0
2094424149,3,0.0
2094424159,3,0.0
2094424169,3,0.0
2094424179,3,0.0
2094424189,3,0.0
2094424199,3,0.0
2094424209,3,0.0
2094424219,3,0.0
2094424229,3,0.0
2094424239,3,0.0
2094424249,3,0.0
2094424259,3,0.0
2094424269,3,0.0
2094424279,3,0.0
2094424289,3,0.0
2094424299,3,0.0
2094424309,3,0.0
2094424319,3,0.0
2094424329,3,0.0
2094424339,3,0.0
2094424349,3,0.0
2094424359,3,0.0
2094424369,3,0.0
2094424379,3,0.0
2094424389,3,0.0
2094424399,3,0.0
2094424409,3,0.0
2094424419,3,0.0
2094424429,3,0.0
2094424439,3,0.0
2094424449,3,0.0
2094424459,3,0.0
2094424469,3,0.0
2094424479,3,0.0
2094424489,3,0.0
2094424499,3,0.0
2094424509,3,0.0
2094424519,3,0.0
2094424529,3,0.0
2094424539,3,0.0
2094424549,3,0.0
2094424559,3,0.0
2094424569,3,0.0
2094424579,3,0.0
2094424589,3,0.0
2094424599,3,0.0
2094424609,3,0.0
2094424619,3,0.0
2094424629,3,0.0
2094424639,3,0.0
2094424649,3,0.0
2094424659,3,0.0
2094424669,3,0.0
2094424679,3,0.0
2094424689,3,0.0
2094424699,3,0.0
2094424709,3,0.0
2094424719,3,0.0
2094424729,3,0.0
2094424739,3,0.0
2094424749,3,0.0
2094424759,3,0.0
2094424769,3,0.0
2094424779,3,0.0
2094424789,3,0.0
2094424799,3,0.0
2094424809,3,0.0
2094424819,3,0.0
2094424829,3,0.0
2094424839,3,0.0
2094424849,3,0.0
2094424859,3,0.0
2094424869,3,0.0
2094424879,3,0.0
2094424889,3,0.0
2094424899,3,0.0
2094424909,3,0.0
2094424919,3,0.0
2094424929,3,0.0
2094424939,3,0.0
2094424949,3,0.0
2094424959,3,0.0
2094424969,3,0.0
2094424979,3,0.0
2094424989,3,0.0
2094424999,3,0.0
2094425009,3,0.0
2094425019,3,0.0
2094425029,3,0.0
2094425039,3,0.0
2094425049,3,0.0
2094425059,3,0.0
2094425069,3,0.0
2094425079,3,0.0
2094425089,3,0.0
2094425099,3,0.0
2094425109,3,0.0
2094425119,3,0.0
2094425129,3,0.0
2094425139,3,0.0
2094425149,3,0.0
2094425159,3,0.0
2094425169,3,0.0
2094425179,3,0.0
2094425189,3,0.0
2094425199,3,0.0
2094425209,3,0.0
2094425219,3,0.0
2094425229,3,0.0
2094425239,3,0.0
2094425249,3,0.0
2094425259,3,0.0
2094425269,3,0.0
2094425279,3,0.0
2094425289,3,0.0
2094425299,3,0.0
2094425309,3,0.0
2094425319,3,0.0
2094425329,3,0.0
2094425339,3,0.0
2094425349,3,0.0
2094425359,3,0.0
2094425369,3,0.0
2094425379,3,0.0
2094425389,3,0.0
2094425399,3,0.0
2094425409,3,0.0
2094425419,3,0.0
2094425429,3,0.0
2094425439,3,0.0
2094425449,3,0.0
2094425459,3,0.0
2094425469,3,0.0
2094425479,3,0.0
2094425489,3,0.0
2094425499,3,0.0
2094425509,3,0.0
2094425519,3,0.0
2094425529,3,0.0
2094425539,3,0.0
2094425549,3,0.0
2094425559,3,0.0
2094425569,3,0.0
2094425579,3,0.0
2094425589,3,0.0
2094425599,3,0.0
2094425609,3,0.0
2094425619,3,0.0
2094425629,3,0.0
2094425639,3,0.0
2094425649,3,0.0
2094425659,3,0.0
2094425669,3,0.0
2094425679,3,0.0
2094425689,3,0.0
2094425699,3,0.0
2094425709,3,0.0
2094425719,3,0.0
2094425729,3,0.0
2094425739,3,0.0
2094425749,3,0.0
2094425759,3,0.0
2094425769,3,0.0
2094425779,3,0.0
2094425789,3,0.0
2094425799,3,0.0
2094425809,3,0.0
2094425819,3,0.0
2094425829,3,0.0
2094425839,3,0.0
2094425849,3,0.0
2094425859,3,0.0
2094425869,3,0.0
2094425879,3,0.0
2094425889,3,0.0
2094425899,3,0.0
2094425909,3,0.0
2094425919,3,0.0
2094425929,3,0.0
2094425939,3,0.0
2094425949,3,0.0
2094425959,3,0.0
2094425969,3,0.0
2094425979,3,0.0
2094425989,3,0.0
2094425999,3,0.0
2094426009,3,0.0
2094426019,3,0.0
2094426029,3,0.0
2094426039,3,0.0
2094426049,3,0.0
2094426059,3,0.0
2094426069,3,0.0
2094426079,3,0.0
2094426089,3,0.0
2094426099,3,0.0
2094426109,3,0.0
2094426119,3,0.0
2094426129,3,0.0
2094426139,3,0.0
2094426149,3,0.0
2094426159,3,0.0
2094426169,3,0.0
2094426179,3,0.0
2094426189,3,0.0
2094426199,3,0.0
2094426209,3,0.0
2094426219,3,0.0
2094426229,3,0.0
2094426239,3,0.0
2094426249,3,0.0
2094426259,3,0.0
2094426269,3,0.0
2094426279,3,0.0
2094426289,3,0.0
2094426299,3,0.0
2094426309,3,0.0
2094426319,3,0.0
2094426329,3,0.0
2094426339,3,0.0
2094426349,3,0.0
2094426359,3,0.0
2094426369,3,0.0
2094426379,3,0.0
2094426389,3,0.0
2094426399,3,0.0
2094426409,3,0.0
2094426419,3,0.0
2094426429,3,0.0
2094426439,3,0.0
2094426449,3,0.0
2094426459,3,0.0
2094426469,3,0.0
2094426479,3,0.0
2094426489,3,0.0
2094426499,3,0.0
2094426509,3,0.0
2094426519,3,0.0
2094426529,3,0.0
2094426539,3,0.0
2094426549,3,0.0
2094426559,3,0.0
2094426569,3,0.0
2094426579,3,0.0
2094426589,3,0.0
2094426599,3,0.0
2094426609,3,0.0
2094426619,3,0.0
2094426629,3,0.0
2094426639,3,0.0
2094426649,3,0.0
2094426659,3,0.0
2094426669,3,0.0
2094426679,3,0.0
2094426689,3,0.0
2094426699,3,0.0
2094426709,3,0.0
2094426719,3,0.0
2094426729,3,0.0
2094426739,3,0.0
2094426749,3,0.0
2094426759,3,0.0
2094426769,3,0.0
2094426779,3,0.0
2094426789,3,0.0
2094426799,3,0.0
2094426809,3,0.0
2094426819,3,0.0
2094426829,3,0.0
2094426839,3,0.0
2094426849,3,0.0
2094426859,3,0.0
2094426869,3,0.0
2094426879,3,0.0
2094426889,3,0.0
2094426899,3,0.0
2094426909,3,0.0
2094426919,3,0.0
2094426929,3,0.0
2094426939,3,0.0
2094426949,3,0.0
2094426959,3,0.0
2094426969,3,0.0
2094426979,3,0.0
2094426989,3,0.0
2094426999,3,0.0
2094427009,3,0.0
2094427019,3,0.0
2094427029,3,0.0
2094427039,3,0.0
2094427049,3,0.0
2094427059,3,0.0
2094427069,3,0.0
2094427079,3,0.0
2094427089,3,0.0
2094427099,3,0.0
2094427109,3,0.0
2094427119,3,0.0
2094427129,3,0.0
2094427139,3,0.0
2094427149,3,0.0
2094427159,3,0.0
2094427169,3,0.0
2094427179,3,0.0
2094427189,3,0.0
2094427199,3,0.0
2094427209,3,0.0
2094427219,3,0.0
2094427229,3,0.0
2094427239,3,0.0
2094427249,3,0.0
2094427259,3,0.0
2094427269,3,0.0
2094427279,3,0.0
2094427289,3,0.0
2094427299,3,0.0
2094427309,3,0.0
2094427319,3,0.0
2094427329,3,0.0
2094427339,3,0.0
2094427349,3,0.0
2094427359,3,0.0
2094427369,3,0.0
2094427379,3,0.0
2094427389,3,0.0
2094427399,3,0.0
2094427409,3,0.0
2094427419,3,0.0
2094427429,3,0.0
2094427439,3,0.0
2094427449,3,0.0
2094427459,3,0.0
2094427469,3,0.0
2094427479,3,0.0
2094427489,3,0.0
2094427499,3,0.0
2094427509,3,0.0
2094427519,3,0.0
2094427529,3,0.0
2094427539,3,0.0
2094427549,3,0.0
2094427559,3,0.0
2094427569,3,0.0
2094427579,3,0.0
2094427589,3,0.0
2094427599,3,0.0
2094427609,3,0.0
2094427619,3,0.0
2094427629,3,0.0
2094427639,3,0.0
2094427649,3,0.0
2094427659,3,0.0
2094427669,3,0.0
2094427679,3,0.0
2094427689,3,0.0
2094427699,3,0.0
2094427709,3,0.0
2094427719,3,0.0
2094427729,3,0.0
2094427739,3,0.0
2094427749,3,0.0
2094427759,3,0.0
2094427769,3,0.0
2094427779,3,0.0
2094427789,3,0.0
2094427799,3,0.0
2094427809,3,0.0
2094427819,3,0.0
2094427829,3,0.0
2094427839,3,0.0
2094427849,3,0.0
2094427859,3,0.0
2094427869,3,0.0
2094427879,3,0.0
2094427889,3,0.0
2094427899,3,0.0
2094427909,3,0.0
2094427919,3,0.0
2094427929,3,0.0
2094427939,3,0.0
2094427949,3,0.0
2094427959,3,0.0
2094427969,3,0.0
2094427979,3,0.0
2094427989,3,0.0
2094427999,3,0.0
2094428009,3,0.0
2094428019,3,0.0
2094428029,3,0.0
2094428039,3,0.0
2094428049,3,0.0
2094428059,3,0.0
2094428069,3,0.0
2094428079,3,0.0
2094428089,3,0.0
2094428099,3,0.0
2094428109,3,0.0
2094428119,3,0.0
2094428129,3,0.0
2094428139,3,0.0
2094428149,3,0.0
2094428159,3,0.0
2094428169,3,0.0
2094428179,3,0.0
2094428189,3,0.0
2094428199,3,0.0
2094428209,3,0.0
2094428219,3,0.0
2094428229,3,0.0
2094428239,3,0.0
2094428249,3,0.0
2094428259,3,0.0
2094428269,3,0.0
2094428279,3,0.0
2094428289,3,0.0
2094428299,3,0.0
2094428309,3,0.0
2094428319,3,0.0
2094428329,3,0.0
2094428339,3,0.0
2094428349,3,0.0
2094428359,3,0.0
2094428369,3,0.0
2094428379,3,0.0
2094428389,3,0.0
2094428399,3,0.0
2094428409,3,0.0
2094428419,3,0.0
2094428429,3,0.0
2094428439,3,0.0
2094428449,3,0.0
2094428459,3,0.0
2094428469,3,0.0
2094428479,3,0.0
2094428489,3,0.0
2094428499,3,0.0
2094428509,3,0.0
2094428519,3,0.0
2094428529,3,0.0
2094428539,3,0.0
2094428549,3,0.0
2094428559,3,0.0
2094428569,3,0.0
2094428579,3,0.0
2094428589,3,0.0
2094428599,3,0.0
2094428609,3,0.0
2094428619,3,0.0
2094428629,3,0.0
2094428639,3,0.0
2094428649,3,0.0
2094428659,3,0.0
2094428669,3,0.0
2094428679,3,0.0
2094428689,3,0.0
2094428699,3,0.0
2094428709,3,0.0
2094428719,3,0.0
2094428729,3,0.0
2094428739,3,0.0
2094428749,3,0.0
2094428759,3,0.0
2094428769,3,0.0
2094428779,3,0.0
2094428789,3,0.0
2094428799,3,0.0
2094428809,3,0.0
2094428819,3,0.0
2094428829,3,0.0
2094428839,3,0.0
2094428849,3,0.0
2094428859,3,0.0
2094428869,3,0.0
2094428879,3,0.0
2094428889,3,0.0
2094428899,3,0.0
2094428909,3,0.0
2094428919,3,0.0
2094428929,3,0.0
2094428939,3,0.0
2094428949,3,0.0
2094428959,3,0.0
2094428969,3,0.0
2094428979,3,0.0
2094428989,3,0.0
2094428999,3,0.0
2094429009,3,0.0
2094429019,3,0.0
2094429029,3,0.0
2094429039,3,0.0
2094429049,3,0.0
2094429059,3,0.0
2094429069,3,0.0
2094429079,3,0.0
2094429089,3,0.0
2094429099,3,0.0
2094429109,3,0.0
2094429119,3,0.0
2094429129,3,0.0
2094429139,3,0.0
2094429149,3,0.0
2094429159,3,0.0
2094429169,3,0.0
2094429179,3,0.0
2094429189,3,0.0
2094429199,3,0.0
2094429209,3,0.0
2094429219,3,0.0
2094429229,3,0.0
2094429239,3,0.0
2094429249,3,0.0
2094429259,3,0.0
2094429269,3,0.0
2094429279,3,0.0
2094429289,3,0.0
2094429299,3,0.0
2094429309,3,0.0
2094429319,3,0.0
2094429329,3,0.0
2094429339,3,0.0
2094429349,3,0.0
2094429359,3,0.0
2094429369,3,0.0
2094429379,3,0.0
2094429389,3,0.0
2094429399,3,0.0
2094429409,3,0.0
2094429419,3,0.0
2094429429,3,0.0
2094429439,3,0.0
2094429449,3,0.0
2094429459,3,0.0
2094429469,3,0.0
2094429479,3,0.0
2094429489,3,0.0
2094429499,3,0.0
2094429509,3,0.0
2094429519,3,0.0
2094429529,3,0.0
2094429539,3,0.0
2094429549,3,0.0
2094429559,3,0.0
2094429569,3,0.0
2094429579,3,0.0
2094429589,3,0.0
2094429599,3,0.0
2094429609,3,0.0
2094429619,3,0.0
2094429629,3,0.0
2094429639,3,0.0
2094429649,3,0.0
2094429659,3,0.0
2094429669,3,0.0
2094429679,3,0.0
2094429689,3,0.0
2094429699,3,0.0
2094429709,3,0.0
2094429719,3,0.0
2094429729,3,0.0
2094429739,3,0.0
2094429749,3,0.0
2094429759,3,0.0
2094429769,3,0.0
2094429779,3,0.0
2094429789,3,0.0
2094429799,3,0.0
2094429809,3,0.0
2094429819,3,0.0
2094429829,3,0.0
2094429839,3,0.0
2094429849,3,0.0
2094429859,3,0.0
2094429869,3,0.0
2094429879,3,0.0
2094429889,3,0.0
2094429899,3,0.0
2094429909,3,0.0
2094429919,3,0.0
2094429929,3,0.0
2094429939,3,0.0
2094429949,3,0.0
2094429959,3,0.0
2094429969,3,0.0
2094429979,3,0.0
2094429989,3,0.0
2094429999,3,0.0
2094430009,3,0.0
2094430019,3,0.0
2094430029,3,0.0
2094430039,3,0.0
2094430049,3,0.0
2094430059,3,0.0
2094430069,3,0.0
2094430079,3,0.0
2094430089,3,0.0
2094430099,3,0.0
2094430109,3,0.0
2094430119,3,0.0
2094430129,3,0.0
2094430139,3,0.0
2094430149,3,0.0
2094430159,3,0.0
2094430169,3,0.0
2094430179,3,0.0
2094430189,3,0.0
2094430199,3,0.0
2094430209,3,0.0
2094430219,3,0.0
2094430229,3,0.0
2094430239,3,0.0
2094430249,3,0.0
2094430259,3,0.0
2094430269,3,0.0
2094430279,3,0.0
2094430289,3,0.0
2094430299,3,0.0
2094430309,3,0.0
2094430319,3,0.0
2094430329,3,0.0
2094430339,3,0.0
2094430349,3,0.0
2094430359,3,0.0
2094430369,3,0.0
2094430379,3,0.0
2094430389,3,0.0
2094430399,3,0.0
2094430409,3,0.0
2094430419,3,0.0
2094430429,3,0.0
2094430439,3,0.0
2094430449,3,0.0
2094430459,3,0.0
2094430469,3,0.0
2094430479,3,0.0
2094430489,3,0.0
2094430499,3,0.0
2094430509,3,0.0
2094430519,3,0.0
2094430529,3,0.0
2094430539,3,0.0
2094430549,3,0.0
2094430559,3,0.0
2094430569,3,0.0
2094430579,3,0.0
2094430589,3,0.0
2094430599,3,0.0
2094430609,3,0.0
2094430619,3,0.0
2094430629,3,0.0
2094430639,3,0.0
2094430649,3,0.0
2094430659,3,0.0
2094430669,3,0.0
2094430679,3,0.0
2094430689,3,0.0
2094430699,3,0.0
2094430709,3,0.0
2094430719,3,0.0
2094430729,3,0.0
2094430739,3,0.0
2094430749,3,0.0
2094430759,3,0.0
2094430769,3,0.0
2094430779,3,0.0
2094430789,3,0.0
2094430799,3,0.0
2094430809,3,0.0
2094430819,3,0.0
2094430829,3,0.0
2094430839,3,0.0
2094430849,3,0.0
2094430859,3,0.0
2094430869,3,0.0
2094430879,3,0.0
2094430889,3,0.0
2094430899,3,0.0
2094430909,3,0.0
2094430919,3,0.0
2094430929,3,0.0
2094430939,3,0.0
2094430949,3,0.0
2094430959,3,0.0
2094430969,3,0.0
2094430979,3,0.0
2094430989,3,0.0
2094430999,3,0.0
2094431009,3,0.0
2094431019,3,0.0
2094431029,3,0.0
2094431039,3,0.0
2094431049,3,0.0
2094431059,3,0.0
2094431069,3,0.0
2094431079,3,0.0
2094431089,3,0.0
2094431099,3,0.0
2094431109,3,0.0
2094431119,3,0.0
2094431129,3,0.0
2094431139,3,0.0
2094431149,3,0.0
2094431159,3,0.0
2094431169,3,0.0
2094431179,3,0.0
2094431189,3,0.0
2094431199,3,0.0
2094431209,3,0.0
2094431219,3,0.0
2094431229,3,0.0
2094431239,3,0.0
2094431249,3,0.0
2094431259,3,0.0
2094431269,3,0.0
2094431279,3,0.0
2094431289,3,0.0
2094431299,3,0.0
2094431309,3,0.0
2094431319,3,0.0
2094431329,3,0.0
2094431339,3,0.0
2094431349,3,0.0
2094431359,3,0.0
2094431369,3,0.0
2094431379,3,0.0
2094431389,3,0.0
2094431399,3,0.0
2094431409,3,0.0
2094431419,3,0.0
2094431429,3,0.0
2094431439,3,0.0
2094431449,3,0.0
2094431459,3,0.0
2094431469,3,0.0
2094431479,3,0.0
2094431489,3,0.0
2094431499,3,0.0
2094431509,3,0.0
2094431519,3,0.0
2094431529,3,0.0
2094431539,3,0.0
2094431549,3,0.0
2094431559,3,0.0
2094431569,3,0.0
2094431579,3,0.0
2094431589,3,0.0
2094431599,3,0.0
2094431609,3,0.0
2094431619,3,0.0
2094431629,3,0.0
2094431639,3,0.0
2094431649,3,0.0
2094431659,3,0.0
2094431669,3,0.0
2094431679,3,0.0
2094431689,3,0.0
2094431699,3,0.0
2094431709,3,0.0
2094431719,3,0.0
2094431729,3,0.0
2094431739,3,0.0
2094431749,3,0.0
2094431759,3,0.0
2094431769,3,0.0
2094431779,3,0.0
2094431789,3,0.0
2094431799,3,0.0
2094431809,3,0.0
2094431819,3,0.0
2094431829,3,0.0
2094431839,3,0.0
2094431849,3,0.0
2094431859,3,0.0
2094431869,3,0.0
2094431879,3,0.0
2094431889,3,0.0
2094431899,3,0.0
2094431909,3,0.0
2094431919,3,0.0
2094431929,3,0.0
2094431939,3,0.0
2094431949,3,0.0
2094431959,3,0.0
2094431969,3,0.0
2094431979,3,0.0
2094431989,3,0.0
2094431999,3,0.0
2094432009,3,0.0
2094432019,3,0.0
2094432029,3,0.0
2094432039,3,0.0
2094432049,3,0.0
2094432059,3,0.0
2094432069,3,0.0
2094432079,3,0.0
2094432089,3,0.0
2094432099,3,0.0
2094432109,3,0.0
2094432119,3,0.0
2094432129,3,0.0
2094432139,3,0.0
2094432149,3,0.0
2094432159,3,0.0
2094432169,3,0.0
2094432179,3,0.0
2094432189,3,0.0
2094432199,3,0.0
2094432209,3,0.0
2094432219,3,0.0
2094432229,3,0.0
2094432239,3,0.0
2094432249,3,0.0
2094432259,3,0.0
2094432269,3,0.0
2094432279,3,0.0
2094432289,3,0.0
2094432299,3,0.0
2094432309,3,0.0
2094432319,3,0.0
2094432329,3,0.0
2094432339,3,0.0
2094432349,3,0.0
2094432359,3,0.0
2094432369,3,0.0
2094432379,3,0.0
2094432389,3,0.0
2094432399,3,0.0
2094432409,3,0.0
2094432419,3,0.0
2094432429,3,0.0
2094432439,3,0.0
2094432449,3,0.0
2094432459,3,0.0
2094432469,3,0.0
2094432479,3,0.0
2094432489,3,0.0
2094432499,3,0.0
2094432509,3,0.0
2094432519,3,0.0
2094432529,3,0.0
2094432539,3,0.0
2094432549,3,0.0
2094432559,3,0.0
2094432569,3,0.0
2094432579,3,0.0
2094432589,3,0.0
2094432599,3,0.0
2094432609,3,0.0
2094432619,3,0.0
2094432629,3,0.0
2094432639,3,0.0
2094432649,3,0.0
2094432659,3,0.0
2094432669,3,0.0
2094432679,3,0.0
2094432689,3,0.0
2094432699,3,0.0
2094432709,3,0.0
2094432719,3,0.0
2094432729,3,0.0
2094432739,3,0.0
2094432749,3,0.0
2094432759,3,0.0
2094432769,3,0.0
2094432779,3,0.0
2094432789,3,0.0
2094432799,3,0.0
2094432809,3,0.0
2094432819,3,0.0
2094432829,3,0.0
2094432839,3,0.0
2094432849,3,0.0
2094432859,3,0.0
2094432869,3,0.0
2094432879,3,0.0
2094432889,3,0.0
2094432899,3,0.0
2094432909,3,0.0
2094432919,3,0.0
2094432929,3,0.0
2094432939,3,0.0
2094432949,3,0.0
2094432959,3,0.0
2094432969,3,0.0
2094432979,3,0.0
2094432989,3,0.0
2094432999,3,0.0
2094433009,3,0.0
2094433019,3,0.0
2094433029,3,0.0
2094433039,3,0.0
2094433049,3,0.0
2094433059,3,0.0
2094433069,3,0.0
2094433079,3,0.0
2094433089,3,0.0
2094433099,3,0.0
2094433109,3,0.0
2094433119,3,0.0
2094433129,3,0.0
2094433139,3,0.0
2094433149,3,0.0
2094433159,3,0.0
2094433169,3,0.0
2094433179,3,0.0
2094433189,3,0.0
2094433199,3,0.0
2094433209,3,0.0
2094433219,3,0.0
2094433229,3,0.0
2094433239,3,0.0
2094433249,3,0.0
2094433259,3,0.0
2094433269,3,0.0
2094433279,3,0.0
2094433289,3,0.0
2094433299,3,0.0
2094433309,3,0.0
2094433319,3,0.0
2094433329,3,0.0
2094433339,3,0.0
2094433349,3,0.0
2094433359,3,0.0
2094433369,3,0.0
2094433379,3,0.0
2094433389,3,0.0
2094433399,3,0.0
2094433409,3,0.0
2094433419,3,0.0
2094433429,3,0.0
2094433439,3,0.0
2094433449,3,0.0
2094433459,3,0.0
2094433469,3,0.0
2094433479,3,0.0
2094433489,3,0.0
2094433499,3,0.0
2094433509,3,0.0
2094433519,3,0.0
2094433529,3,0.0
2094433539,3,0.0
2094433549,3,0.0
2094433559,3,0.0
2094433569,3,0.0
2094433579,3,0.0
2094433589,3,0.0
2094433599,3,0.0
2094433609,3,0.0
2094433619,3,0.0
2094433629,3,0.0
2094433639,3,0.0
2094433649,3,0.0
2094433659,3,0.0
2094433669,3,0.0
2094433679,3,0.0
2094433689,3,0.0
2094433699,3,0.0
2094433709,3,0.0
2094433719,3,0.0
2094433729,3,0.0
2094433739,3,0.0
2094433749,3,0.0
2094433759,3,0.0
2094433769,3,0.0
2094433779,3,0.0
2094433789,3,0.0
2094433799,3,0.0
2094433809,3,0.0
2094433819,3,0.0
2094433829,3,0.0
2094433839,3,0.0
2094433849,3,0.0
2094433859,3,0.0
2094433869,3,0.0
2094433879,3,0.0
2094433889,3,0.0
2094433899,3,0.0
2094433909,3,0.0
2094433919,3,0.0
2094433929,3,0.0
2094433939,3,0.0
2094433949,3,0.0
2094433959,3,0.0
2094433969,3,0.0
2094433979,3,0.0
2094433989,3,0.0
2094433999,3,0.0
2094434009,3,0.0
2094434019,3,0.0
2094434029,3,0.0
2094434039,3,0.0
2094434049,3,0.0
2094434059,3,0.0
2094434069,3,0.0
2094434079,3,0.0
2094434089,3,0.0
2094434099,3,0.0
2094434109,3,0.0
2094434119,3,0.0
2094434129,3,0.0
2094434139,3,0.0
2094434149,3,0.0
2094434159,3,0.0
2094434169,3,0.0
2094434179,3,0.0
2094434189,3,0.0
2094434199,3,0.0
2094434209,3,0.0
2094434219,3,0.0
2094434229,3,0.0
2094434239,3,0.0
2094434249,3,0.0
2094434259,3,0.0
2094434269,3,0.0
2094434279,3,0.0
2094434289,3,0.0
2094434299,3,0.0
2094434309,3,0.0
2094434319,3,0.0
2094434329,3,0.0
2094434339,3,0.0
2094434349,3,0.0
2094434359,3,0.0
2094434369,3,0.0
2094434379,3,0.0
2094434389,3,0.0
2094434399,3,0.0
2094434409,3,0.0
2094434419,3,0.0
2094434429,3,0.0
2094434439,3,0.0
2094434449,3,0.0
2094434459,3,0.0
2094434469,3,0.0
2094434479,3,0.0
2094434489,3,0.0
2094434499,3,0.0
2094434509,3,0.0
2094434519,3,0.0
2094434529,3,0.0
2094434539,3,0.0
2094434549,3,0.0
2094434559,3,0.0
2094434569,3,0.0
2094434579,3,0.0
2094434589,3,0.0
2094434599,3,0.0
2094434609,3,0.0
2094434619,3,0.0
2094434629,3,0.0
2094434639,3,0.0
2094434649,3,0.0
2094434659,3,0.0
2094434669,3,0.0
2094434679,3,0.0
2094434689,3,0.0
2094434699,3,0.0
2094434709,3,0.0
2094434719,3,0.0
2094434729,3,0.0
2094434739,3,0.0
2094434749,3,0.0
2094434759,3,0.0
2094434769,3,0.0
2094434779,3,0.0
2094434789,3,0.0
2094434799,3,0.0
2094434809,3,0.0
2094434819,3,0.0
2094434829,3,0.0
2094434839,3,0.0
2094434849,3,0.0
2094434859,3,0.0
2094434869,3,0.0
2094434879,3,0.0
2094434889,3,0.0
2094434899,3,0.0
2094434909,3,0.0
2094434919,3,0.0
2094434929,3,0.0
2094434939,3,0.0
2094434949,3,0.0
2094434959,3,0.0
2094434969,3,0.0
2094434979,3,0.0
2094434989,3,0.0
2094434999,3,0.0
2094435009,3,0.0
2094435019,3,0.0
2094435029,3,0.0
2094435039,3,0.0
2094435049,3,0.0
2094435059,3,0.0
2094435069,3,0.0
2094435079,3,0.0
2094435089,3,0.0
2094435099,3,0.0
2094435109,3,0.0
2094435119,3,0.0
2094435129,3,0.0
2094435139,3,0.0
2094435149,3,0.0
2094435159,3,0.0
2094435169,3,0.0
2094435179,3,0.0
2094435189,3,0.0
2094435199,3,0.0
2094435209,3,0.0
2094435219,3,0.0
2094435229,3,0.0
2094435239,3,0.0
2094435249,3,0.0
2094435259,3,0.0
2094435269,3,0.0
2094435279,3,0.0
2094435289,3,0.0
2094435299,3,0.0
2094435309,3,0.0
2094435319,3,0.0
2094435329,3,0.0
2094435339,3,0.0
2094435349,3,0.0
2094435359,3,0.0
2094435369,3,0.0
2094435379,3,0.0
2094435389,3,0.0
2094435399,3,0.0
2094435409,3,0.0
2094435419,3,0.0
2094435429,3,0.0
2094435439,3,0.0
2094435449,3,0.0
2094435459,3,0.0
2094435469,3,0.0
2094435479,3,0.0
2094435489,3,0.0
2094435499,3,0.0
2094435509,3,0.0
2094435519,3,0.0
2094435529,3,0.0
2094435539,3,0.0
2094435549,3,0.0
2094435559,3,0.0
2094435569,3,0.0
2094435579,3,0.0
2094435589,3,0.0
2094435599,3,0.0
2094435609,3,0.0
2094435619,3,0.0
2094435629,3,0.0
2094435639,3,0.0
2094435649,3,0.0
2094435659,3,0.0
2094435669,3,0.0
2094435679,3,0.0
2094435689,3,0.0
2094435699,3,0.0
2094435709,3,0.0
2094435719,3,0.0
2094435729,3,0.0
2094435739,3,0.0
2094435749,3,0.0
2094435759,3,0.0
2094435769,3,0.0
2094435779,3,0.0
2094435789,3,0.0
2094435799,3,0.0
2094435809,3,0.0
2094435819,3,0.0
2094435829,3,0.0
2094435839,3,0.0
2094435849,3,0.0
2094435859,3,0.0
2094435869,3,0.0
2094435879,3,0.0
2094435889,3,0.0
2094435899,3,0.0
2094435909,3,0.0
2094435919,3,0.0
2094435929,3,0.0
2094435939,3,0.0
2094435949,3,0.0
2094435959,3,0.0
2094435969,3,0.0
2094435979,3,0.0
2094435989,3,0.0
2094435999,3,0.0
2094436009,3,0.0
2094436019,3,0.0
2094436029,3,0.0
2094436039,3,0.0
2094436049,3,0.0
2094436059,3,0.0
2094436069,3,0.0
2094436079,3,0.0
2094436089,3,0.0
2094436099,3,0.0
2094436109,3,0.0
2094436119,3,0.0
2094436129,3,0.0
2094436139,3,0.0
2094436149,3,0.0
2094436159,3,0.0
2094436169,3,0.0
2094436179,3,0.0
2094436189,3,0.0
2094436199,3,0.0
2094436209,3,0.0
2094436219,3,0.0
2094436229,3,0.0
2094436239,3,0.0
2094436249,3,0.0
2094436259,3,0.0
2094436269,3,0.0
2094436279,3,0.0
2094436289,3,0.0
2094436299,3,0.0
2094436309,3,0.0
2094436319,3,0.0
2094436329,3,0.0
2094436339,3,0.0
2094436349,3,0.0
2094436359,3,0.0
2094436369,3,0.0
2094436379,3,0.0
2094436389,3,0.0
2094436399,3,0.0
2094436409,3,0.0
2094436419,3,0.0
2094436429,3,0.0
2094436439,3,0.0
2094436449,3,0.0
2094436459,3,0.0
2094436469,3,0.0
2094436479,3,0.0
2094436489,3,0.0
2094436499,3,0.0
2094436509,3,0.0
2094436519,3,0.0
2094436529,3,0.0
2094436539,3,0.0
2094436549,3,0.0
2094436559,3,0.0
2094436569,3,0.0
2094436579,3,0.0
2094436589,3,0.0
2094436599,3,0.0
2094436609,3,0.0
2094436619,3,0.0
2094436629,3,0.0
2094436639,3,0.0
2094436649,3,0.0
2094436659,3,0.0
2094436669,3,0.0
2094436679,3,0.0
2094436689,3,0.0
2094436699,3,0.0
2094436709,3,0.0
2094436719,3,0.0
2094436729,3,0.0
2094436739,3,0.0
2094436749,3,0.0
2094436759,3,0.0
2094436769,3,0.0
2094436779,3,0.0
2094436789,3,0.0
2094436799,3,0.0
2094436809,3,0.0
2094436819,3,0.0
2094436829,3,0.0
2094436839,3,0.0
2094436849,3,0.0
2094436859,3,0.0
2094436869,3,0.0
2094436879,3,0.0
2094436889,3,0.0
2094436899,3,0.0
2094436909,3,0.0
2094436919,3,0.0
2094436929,3,0.0
2094436939,3,0.0
2094436949,3,0.0
2094436959,3,0.0
2094436969,3,0.0
2094436979,3,0.0
2094436989,3,0.0
2094436999,3,0.0
2094437009,3,0.0
2094437019,3,0.0
2094437029,3,0.0
2094437039,3,0.0
2094437049,3,0.0
2094437059,3,0.0
2094437069,3,0.0
2094437079,3,0.0
2094437089,3,0.0
2094437099,3,0.0
2094437109,3,0.0
2094437119,3,0.0
2094437129,3,0.0
2094437139,3,0.0
2094437149,3,0.0
2094437159,3,0.0
2094437169,3,0.0
2094437179,3,0.0
2094437189,3,0.0
2094437199,3,0.0
2094437209,3,0.0
2094437219,3,0.0
2094437229,3,0.0
2094437239,3,0.0
2094437249,3,0.0
2094437259,3,0.0
2094437269,3,0.0
2094437279,3,0.0
2094437289,3,0.0
2094437299,3,0.0
2094437309,3,0.0
2094437319,3,0.0
2094437329,3,0.0
2094437339,3,0.0
2094437349,3,0.0
2094437359,3,0.0
2094437369,3,0.0
2094437379,3,0.0
2094437389,3,0.0
2094437399,3,0.0
2094437409,3,0.0
2094437419,3,0.0
2094437429,3,0.0
2094437439,3,0.0
2094437449,3,0.0
2094437459,3,0.0
2094437469,3,0.0
2094437479,3,0.0
2094437489,3,0.0
2094437499,3,0.0
2094437509,3,0.0
2094437519,3,0.0
2094437529,3,0.0
2094437539,3,0.0
2094437549,3,0.0
2094437559,3,0.0
2094437569,3,0.0
2094437579,3,0.0
2094437589,3,0.0
2094437599,3,0.0
2094437609,3,0.0
2094437619,3,0.0
2094437629,3,0.0
2094437639,3,0.0
2094437649,3,0.0
2094437659,3,0.0
2094437669,3,0.0
2094437679,3,0.0
2094437689,3,0.0
2094437699,3,0.0
2094437709,3,0.0
2094437719,3,0.0
2094437729,3,0.0
2094437739,3,0.0
2094437749,3,0.0
2094437759,3,0.0
2094437769,3,0.0
2094437779,3,0.0
2094437789,3,0.0
2094437799,3,0.0
2094437809,3,0.0
2094437819,3,0.0
2094437829,3,0.0
2094437839,3,0.0
2094437849,3,0.0
2094437859,3,0.0
2094437869,3,0.0
2094437879,3,0.0
2094437889,3,0.0
2094437899,3,0.0
2094437909,3,0.0
2094437919,3,0.0
2094437929,3,0.0
2094437939,3,0.0
2094437949,3,0.0
2094437959,3,0.0
2094437969,3,0.0
2094437979,3,0.0
2094437989,3,0.0
2094437999,3,0.0
2094438009,3,0.0
2094438019,3,0.0
2094438029,3,0.0
2094438039,3,0.0
2094438049,3,0.0
2094438059,3,0.0
2094438069,3,0.0
2094438079,3,0.0
2094438089,3,0.0
2094438099,3,0.0
2094438109,3,0.0
2094438119,3,0.0
2094438129,3,0.0
2094438139,3,0.0
2094438149,3,0.0
2094438159,3,0.0
2094438169,3,0.0
2094438179,3,0.0
2094438189,3,0.0
2094438199,3,0.0
2094438209,3,0.0
2094438219,3,0.0
2094438229,3,0.0
2094438239,3,0.0
2094438249,3,0.0
2094438259,3,0.0
2094438269,3,0.0
2094438279,3,0.0
2094438289,3,0.0
2094438299,3,0.0
2094438309,3,0.0
2094438319,3,0.0
2094438329,3,0.0
2094438339,3,0.0
2094438349,3,0.0
2094438359,3,0.0
2094438369,3,0.0
2094438379,3,0.0
2094438389,3,0.0
2094438399,3,0.0
2094438409,3,0.0
2094438419,3,0.0
2094438429,3,0.0
2094438439,3,0.0
2094438449,3,0.0
2094438459,3,0.0
2094438469,3,0.0
2094438479,3,0.0
2094438489,3,0.0
2094438499,3,0.0
2094438509,3,0.0
2094438519,3,0.0
2094438529,3,0.0
2094438539,3,0.0
2094438549,3,0.0
2094438559,3,0.0
2094438569,3,0.0
2094438579,3,0.0
2094438589,3,0.0
2094438599,3,0.0
2094438609,3,0.0
2094438619,3,0.0
2094438629,3,0.0
2094438639,3,0.0
2094438649,3,0.0
2094438659,3,0.0
2094438669,3,0.0
2094438679,3,0.0
2094438689,3,0.0
2094438699,3,0.0
2094438709,3,0.0
2094438719,3,0.0
2094438729,3,0.0
2094438739,3,0.0
2094438749,3,0.0
2094438759,3,0.0
2094438769,3,0.0
2094438779,3,0.0
2094438789,3,0.0
2094438799,3,0.0
2094438809,3,0.0
2094438819,3,0.0
2094438829,3,0.0
2094438839,3,0.0
2094438849,3,0.0
2094438859,3,0.0
2094438869,3,0.0
2094438879,3,0.0
2094438889,3,0.0
2094438899,3,0.0
2094438909,3,0.0
2094438919,3,0.0
2094438929,3,0.0
2094438939,3,0.0
2094438949,3,0.0
2094438959,3,0.0
2094438969,3,0.0
2094438979,3,0.0
2094438989,3,0.0
2094438999,3,0.0
2094439009,3,0.0
2094439019,3,0.0
2094439029,3,0.0
2094439039,3,0.0
2094439049,3,0.0
2094439059,3,0.0
2094439069,3,0.0
2094439079,3,0.0
2094439089,3,0.0
2094439099,3,0.0
2094439109,3,0.0
2094439119,3,0.0
2094439129,3,0.0
2094439139,3,0.0
2094439149,3,0.0
2094439159,3,0.0
2094439169,3,0.0
2094439179,3,0.0
2094439189,3,0.0
2094439199,3,0.0
2094439209,3,0.0
2094439219,3,0.0
2094439229,3,0.0
2094439239,3,0.0
2094439249,3,0.0
2094439259,3,0.0
2094439269,3,0.0
2094439279,3,0.0
2094439289,3,0.0
2094439299,3,0.0
2094439309,3,0.0
2094439319,3,0.0
2094439329,3,0.0
2094439339,3,0.0
2094439349,3,0.0
2094439359,3,0.0
2094439369,3,0.0
2094439379,3,0.0
2094439389,3,0.0
2094439399,3,0.0
2094439409,3,0.0
2094439419,3,0.0
2094439429,3,0.0
2094439439,3,0.0
2094439449,3,0.0
2094439459,3,0.0
2094439469,3,0.0
2094439479,3,0.0
2094439489,3,0.0
2094439499,3,0.0
2094439509,3,0.0
2094439519,3,0.0
2094439529,3,0.0
2094439539,3,0.0
2094439549,3,0.0
2094439559,3,0.0
2094439569,3,0.0
2094439579,3,0.0
2094439589,3,0.0
2094439599,3,0.0
2094439609,3,0.0
2094439619,3,0.0
2094439629,3,0.0
2094439639,3,0.0
2094439649,3,0.0
2094439659,3,0.0
2094439669,3,0.0
2094439679,3,0.0
2094439689,3,0.0
2094439699,3,0.0
2094439709,3,0.0
2094439719,3,0.0
2094439729,3,0.0
2094439739,3,0.0
2094439749,3,0.0
2094439759,3,0.0
2094439769,3,0.0
2094439779,3,0.0
2094439789,3,0.0
2094439799,3,0.0
2094439809,3,0.0
2094439819,3,0.0
2094439829,3,0.0
2094439839,3,0.0
2094439849,3,0.0
2094439859,3,0.0
2094439869,3,0.0
2094439879,3,0.0
2094439889,3,0.0
2094439899,3,0.0
2094439909,3,0.0
2094439919,3,0.0
2094439929,3,0.0
2094439939,3,0.0
2094439949,3,0.0
2094439959,3,0.0
2094439969,3,0.0
2094439979,3,0.0
2094439989,3,0.0
2094439999,3,0.0
2094440009,3,0.0
2094440019,3,0.0
2094440029,3,0.0
2094440039,3,0.0
2094440049,3,0.0
2094440059,3,0.0
2094440069,3,0.0
2094440079,3,0.0
2094440089,3,0.0
2094440099,3,0.0
2094440109,3,0.0
2094440119,3,0.0
2094440129,3,0.0
2094440139,3,0.0
2094440149,3,0.0
2094440159,3,0.0
2094440169,3,0.0
2094440179,3,0.0
2094440189,3,0.0
2094440199,3,0.0
2094440209,3,0.0
2094440219,3,0.0
2094440229,3,0.0
2094440239,3,0.0
2094440249,3,0.0
2094440259,3,0.0
2094440269,3,0.0
2094440279,3,0.0
2094440289,3,0.0
2094440299,3,0.0
2094440309,3,0.0
2094440319,3,0.0
2094440329,3,0.0
2094440339,3,0.0
2094440349,3,0.0
2094440359,3,0.0
2094440369,3,0.0
2094440379,3,0.0
2094440389,3,0.0
2094440399,3,0.0
2094440409,3,0.0
2094440419,3,0.0
2094440429,3,0.0
2094440439,3,0.0
2094440449,3,0.0
2094440459,3,0.0
2094440469,3,0.0
2094440479,3,0.0
2094440489,3,0.0
2094440499,3,0.0
2094440509,3,0.0
2094440519,3,0.0
2094440529,3,0.0
2094440539,3,0.0
2094440549,3,0.0
2094440559,3,0.0
2094440569,3,0.0
2094440579,3,0.0
2094440589,3,0.0
2094440599,3,0.0
2094440609,3,0.0
2094440619,3,0.0
2094440629,3,0.0
2094440639,3,0.0
2094440649,3,0.0
2094440659,3,0.0
2094440669,3,0.0
2094440679,3,0.0
2094440689,3,0.0
2094440699,3,0.0
2094440709,3,0.0
2094440719,3,0.0
2094440729,3,0.0
2094440739,3,0.0
2094440749,3,0.0
2094440759,3,0.0
2094440769,3,0.0
2094440779,3,0.0
2094440789,3,0.0
2094440799,3,0.0
2094440809,3,0.0
2094440819,3,0.0
2094440829,3,0.0
2094440839,3,0.0
2094440849,3,0.0
2094440859,3,0.0
2094440869,3,0.0
2094440879,3,0.0
2094440889,3,0.0
2094440899,3,0.0
2094440909,3,0.0
2094440919,3,0.0
2094440929,3,0.0
2094440939,3,0.0
2094440949,3,0.0
2094440959,3,0.0
2094440969,3,0.0
2094440979,3,0.0
2094440989,3,0.0
2094440999,3,0.0
2094441009,3,0.0
2094441019,3,0.0
2094441029,3,0.0
2094441039,3,0.0
2094441049,3,0.0
2094441059,3,0.0
2094441069,3,0.0
2094441079,3,0.0
2094441089,3,0.0
2094441099,3,0.0
2094441109,3,0.0
2094441119,3,0.0
2094441129,3,0.0
2094441139,3,0.0
2094441149,3,0.0
2094441159,3,0.0
2094441169,3,0.0
2094441179,3,0.0
2094441189,3,0.0
2094441199,3,0.0
2094441209,3,0.0
2094441219,3,0.0
2094441229,3,0.0
2094441239,3,0.0
2094441249,3,0.0
2094441259,3,0.0
2094441269,3,0.0
2094441279,3,0.0
2094441289,3,0.0
2094441299,3,0.0
2094441309,3,0.0
2094441319,3,0.0
2094441329,3,0.0
2094441339,3,0.0
2094441349,3,0.0
2094441359,3,0.0
2094441369,3,0.0
2094441379,3,0.0
2094441389,3,0.0
2094441399,3,0.0
2094441409,3,0.0
2094441419,3,0.0
2094441429,3,0.0
2094441439,3,0.0
2094441449,3,0.0
2094441459,3,0.0
2094441469,3,0.0
2094441479,3,0.0
2094441489,3,0.0
2094441499,3,0.0
2094441509,3,0.0
2094441519,3,0.0
2094441529,3,0.0
2094441539,3,0.0
2094441549,3,0.0
2094441559,3,0.0
2094441569,3,0.0
2094441579,3,0.0
2094441589,3,0.0
2094441599,3,0.0
2094441609,3,0.0
2094441619,3,0.0
2094441629,3,0.0
2094441639,3,0.0
2094441649,3,0.0
2094441659,3,0.0
2094441669,3,0.0
2094441679,3,0.0
2094441689,3,0.0
2094441699,3,0.0
2094441709,3,0.0
2094441719,3,0.0
2094441729,3,0.0
2094441739,3,0.0
2094441749,3,0.0
2094441759,3,0.0
2094441769,3,0.0
2094441779,3,0.0
2094441789,3,0.0
2094441799,3,0.0
2094441809,3,0.0
2094441819,3,0.0
2094441829,3,0.0
2094441839,3,0.0
2094441849,3,0.0
2094441859,3,0.0
2094441869,3,0.0
2094441879,3,0.0
2094441889,3,0.0
2094441899,3,0.0
2094441909,3,0.0
2094441919,3,0.0
2094441929,3,0.0
2094441939,3,0.0
2094441949,3,0.0
2094441959,3,0.0
2094441969,3,0.0
2094441979,3,0.0
2094441989,3,0.0
2094441999,3,0.0
2094442009,3,0.0
2094442019,3,0.0
2094442029,3,0.0
2094442039,3,0.0
2094442049,3,0.0
2094442059,3,0.0
2094442069,3,0.0
2094442079,3,0.0
2094442089,3,0.0
2094442099,3,0.0
2094442109,3,0.0
2094442119,3,0.0
2094442129,3,0.0
2094442139,3,0.0
2094442149,3,0.0
2094442159,3,0.0
2094442169,3,0.0
2094442179,3,0.0
2094442189,3,0.0
2094442199,3,0.0
2094442209,3,0.0
2094442219,3,0.0
2094442229,3,0.0
2094442239,3,0.0
2094442249,3,0.0
2094442259,3,0.0
2094442269,3,0.0
2094442279,3,0.0
2094442289,3,0.0
2094442299,3,0.0
2094442309,3,0.0
2094442319,3,0.0
2094442329,3,0.0
2094442339,3,0.0
2094442349,3,0.0
2094442359,3,0.0
2094442369,3,0.0
2094442379,3,0.0
2094442389,3,0.0
2094442399,3,0.0
2094442409,3,0.0
2094442419,3,0.0
2094442429,3,0.0
2094442439,3,0.0
2094442449,3,0.0
2094442459,3,0.0
2094442469,3,0.0
2094442479,3,0.0
2094442489,3,0.0
2094442499,3,0.0
2094442509,3,0.0
2094442519,3,0.0
2094442529,3,0.0
2094442539,3,0.0
2094442549,3,0.0
2094442559,3,0.0
2094442569,3,0.0
2094442579,3,0.0
2094442589,3,0.0
2094442599,3,0.0
2094442609,3,0.0
2094442619,3,0.0
2094442629,3,0.0
2094442639,3,0.0
2094442649,3,0.0
2094442659,3,0.0
2094442669,3,0.0
2094442679,3,0.0
2094442689,3,0.0
2094442699,3,0.0
2094442709,3,0.0
2094442719,3,0.0
2094442729,3,0.0
2094442739,3,0.0
2094442749,3,0.0
2094442759,3,0.0
2094442769,3,0.0
2094442779,3,0.0
2094442789,3,0.0
2094442799,3,0.0
2094442809,3,0.0
2094442819,3,0.0
2094442829,3,0.0
2094442839,3,0.0
2094442849,3,0.0
2094442859,3,0.0
2094442869,3,0.0
2094442879,3,0.0
2094442889,3,0.0
2094442899,3,0.0
2094442909,3,0.0
2094442919,3,0.0
2094442929,3,0.0
2094442939,3,0.0
2094442949,3,0.0
2094442959,3,0.0
2094442969,3,0.0
2094442979,3,0.0
2094442989,3,0.0
2094442999,3,0.0
2094443009,3,0.0
2094443019,3,0.0
2094443029,3,0.0
2094443039,3,0.0
2094443049,3,0.0
2094443059,3,0.0
2094443069,3,0.0
2094443079,3,0.0
2094443089,3,0.0
2094443099,3,0.0
2094443109,3,0.0
2094443119,3,0.0
2094443129,3,0.0
2094443139,3,0.0
2094443149,3,0.0
2094443159,3,0.0
2094443169,3,0.0
2094443179,3,0.0
2094443189,3,0.0
2094443199,3,0.0
2094443209,3,0.0
2094443219,3,0.0
2094443229,3,0.0
2094443239,3,0.0
2094443249,3,0.0
2094443259,3,0.0
2094443269,3,0.0
2094443279,3,0.0
2094443289,3,0.0
2094443299,3,0.0
2094443309,3,0.0
2094443319,3,0.0
2094443329,3,0.0
2094443339,3,0.0
2094443349,3,0.0
2094443359,3,0.0
2094443369,3,0.0
2094443379,3,0.0
2094443389,3,0.0
2094443399,3,0.0
2094443409,3,0.0
2094443419,3,0.0
2094443429,3,0.0
2094443439,3,0.0
2094443449,3,0.0
2094443459,3,0.0
2094443469,3,0.0
2094443479,3,0.0
2094443489,3,0.0
2094443499,3,0.0
2094443509,3,0.0
2094443519,3,0.0
2094443529,3,0.0
2094443539,3,0.0
2094443549,3,0.0
2094443559,3,0.0
2094443569,3,0.0
2094443579,3,0.0
2094443589,3,0.0
2094443599,3,0.0
2094443609,3,0.0
2094443619,3,0.0
2094443629,3,0.0
2094443639,3,0.0
2094443649,3,0.0
2094443659,3,0.0
2094443669,3,0.0
2094443679,3,0.0
2094443689,3,0.0
2094443699,3,0.0
2094443709,3,0.0
2094443719,3,0.0
2094443729,3,0.0
2094443739,3,0.0
2094443749,3,0.0
2094443759,3,0.0
2094443769,3,0.0
2094443779,3,0.0
2094443789,3,0.0
2094443799,3,0.0
2094443809,3,0.0
2094443819,3,0.0
2094443829,3,0.0
2094443839,3,0.0
2094443849,3,0.0
2094443859,3,0.0
2094443869,3,0.0
2094443879,3,0.0
2094443889,3,0.0
2094443899,3,0.0
2094443909,3,0.0
2094443919,3,0.0
2094443929,3,0.0
2094443939,3,0.0
2094443949,3,0.0
2094443959,3,0.0
2094443969,3,0.0
2094443979,3,0.0
2094443989,3,0.0
2094443999,3,0.0
2094444009,3,0.0
2094444019,3,0.0
2094444029,3,0.0
2094444039,3,0.0
2094444049,3,0.0
2094444059,3,0.0
2094444069,3,0.0
2094444079,3,0.0
2094444089,3,0.0
2094444099,3,0.0
2094444109,3,0.0
2094444119,3,0.0
2094444129,3,0.0
2094444139,3,0.0
2094444149,3,0.0
2094444159,3,0.0
2094444169,3,0.0
2094444179,3,0.0
2094444189,3,0.0
2094444199,3,0.0
2094444209,3,0.0
2094444219,3,0.0
2094444229,3,0.0
2094444239,3,0.0
2094444249,3,0.0
2094444259,3,0.0
2094444269,3,0.0
2094444279,3,0.0
2094444289,3,0.0
2094444299,3,0.0
2094444309,3,0.0
2094444319,3,0.0
2094444329,3,0.0
2094444339,3,0.0
2094444349,3,0.0
2094444359,3,0.0
2094444369,3,0.0
2094444379,3,0.0
2094444389,3,0.0
2094444399,3,0.0
2094444409,3,0.0
2094444419,3,0.0
2094444429,3,0.0
2094444439,3,0.0
2094444449,3,0.0
2094444459,3,0.0
2094444469,3,0.0
2094444479,3,0.0
2094444489,3,0.0
2094444499,3,0.0
2094444509,3,0.0
2094444519,3,0.0
2094444529,3,0.0
2094444539,3,0.0
2094444549,3,0.0
2094444559,3,0.0
2094444569,3,0.0
2094444579,3,0.0
2094444589,3,0.0
2094444599,3,0.0
2094444609,3,0.0
2094444619,3,0.0
2094444629,3,0.0
2094444639,3,0.0
2094444649,3,0.0
2094444659,3,0.0
2094444669,3,0.0
2094444679,3,0.0
2094444689,3,0.0
2094444699,3,0.0
2094444709,3,0.0
2094444719,3,0.0
2094444729,3,0.0
2094444739,3,0.0
2094444749,3,0.0
2094444759,3,0.0
2094444769,3,0.0
2094444779,3,0.0
2094444789,3,0.0
2094444799,3,0.0
2094444809,3,0.0
2094444819,3,0.0
2094444829,3,0.0
2094444839,3,0.0
2094444849,3,0.0
2094444859,3,0.0
2094444869,3,0.0
2094444879,3,0.0
2094444889,3,0.0
2094444899,3,0.0
2094444909,3,0.0
2094444919,3,0.0
2094444929,3,0.0
2094444939,3,0.0
2094444949,3,0.0
2094444959,3,0.0
2094444969,3,0.0
2094444979,3,0.0
2094444989,3,0.0
2094444999,3,0.0
2094445009,3,0.0
2094445019,3,0.0
2094445029,3,0.0
2094445039,3,0.0
2094445049,3,0.0
2094445059,3,0.0
2094445069,3,0.0
2094445079,3,0.0
2094445089,3,0.0
2094445099,3,0.0
2094445109,3,0.0
2094445119,3,0.0
2094445129,3,0.0
2094445139,3,0.0
2094445149,3,0.0
2094445159,3,0.0
2094445169,3,0.0
2094445179,3,0.0
2094445189,3,0.0
2094445199,3,0.0
2094445209,3,0.0
2094445219,3,0.0
2094445229,3,0.0
2094445239,3,0.0
2094445249,3,0.0
2094445259,3,0.0
2094445269,3,0.0
2094445279,3,0.0
2094445289,3,0.0
2094445299,3,0.0
2094445309,3,0.0
2094445319,3,0.0
2094445329,3,0.0
2094445339,3,0.0
2094445349,3,0.0
2094445359,3,0.0
2094445369,3,0.0
2094445379,3,0.0
2094445389,3,0.0
2094445399,3,0.0
2094445409,3,0.0
2094445419,3,0.0
2094445429,3,0.0
2094445439,3,0.0
2094445449,3,0.0
2094445459,3,0.0
2094445469,3,0.0
2094445479,3,0.0
2094445489,3,0.0
2094445499,3,0.0
2094445509,3,0.0
2094445519,3,0.0
2094445529,3,0.0
2094445539,3,0.0
2094445549,3,0.0
2094445559,3,0.0
2094445569,3,0.0
2094445579,3,0.0
2094445589,3,0.0
2094445599,3,0.0
2094445609,3,0.0
2094445619,3,0.0
2094445629,3,0.0
2094445639,3,0.0
2094445649,3,0.0
2094445659,3,0.0
2094445669,3,0.0
2094445679,3,0.0
2094445689,3,0.0
2094445699,3,0.0
2094445709,3,0.0
2094445719,3,0.0
2094445729,3,0.0
2094445739,3,0.0
2094445749,3,0.0
2094445759,3,0.0
2094445769,3,0.0
2094445779,3,0.0
2094445789,3,0.0
2094445799,3,0.0
2094445809,3,0.0
2094445819,3,0.0
2094445829,3,0.0
2094445839,3,0.0
2094445849,3,0.0
2094445859,3,0.0
2094445869,3,0.0
2094445879,3,0.0
2094445889,3,0.0
2094445899,3,0.0
2094445909,3,0.0
2094445919,3,0.0
2094445929,3,0.0
2094445939,3,0.0
2094445949,3,0.0
2094445959,3,0.0
2094445969,3,0.0
2094445979,3,0.0
2094445989,3,0.0
2094445999,3,0.0
2094446009,3,0.0
2094446019,3,0.0
2094446029,3,0.0
2094446039,3,0.0
2094446049,3,0.0
2094446059,3,0.0
2094446069,3,0.0
2094446079,3,0.0
2094446089,3,0.0
2094446099,3,0.0
2094446109,3,0.0
2094446119,3,0.0
2094446129,3,0.0
2094446139,3,0.0
2094446149,3,0.0
2094446159,3,0.0
2094446169,3,0.0
2094446179,3,0.0
2094446189,3,0.0
2094446199,3,0.0
2094446209,3,0.0
2094446219,3,0.0
2094446229,3,0.0
2094446239,3,0.0
2094446249,3,0.0
2094446259,3,0.0
2094446269,3,0.0
2094446279,3,0.0
2094446289,3,0.0
2094446299,3,0.0
2094446309,3,0.0
2094446319,3,0.0
2094446329,3,0.0
2094446339,3,0.0
2094446349,3,0.0
2094446359,3,0.0
2094446369,3,0.0
2094446379,3,0.0
2094446389,3,0.0
2094446399,3,0.0
2094446409,3,0.0
2094446419,3,0.0
2094446429,3,0.0
2094446439,3,0.0
2094446449,3,0.0
2094446459,3,0.0
2094446469,3,0.0
2094446479,3,0.0
2094446489,3,0.0
2094446499,3,0.0
2094446509,3,0.0
2094446519,3,0.0
2094446529,3,0.0
2094446539,3,0.0
2094446549,3,0.0
2094446559,3,0.0
2094446569,3,0.0
2094446579,3,0.0
2094446589,3,0.0
2094446599,3,0.0
2094446609,3,0.0
2094446619,3,0.0
2094446629,3,0.0
2094446639,3,0.0
2094446649,3,0.0
2094446659,3,0.0
2094446669,3,0.0
2094446679,3,0.0
2094446689,3,0.0
2094446699,3,0.0
2094446709,3,0.0
2094446719,3,0.0
2094446729,3,0.0
2094446739,3,0.0
2094446749,3,0.0
2094446759,3,0.0
2094446769,3,0.0
2094446779,3,0.0
2094446789,3,0.0
2094446799,3,0.0
2094446809,3,0.0
2094446819,3,0.0
2094446829,3,0.0
2094446839,3,0.0
2094446849,3,0.0
2094446859,3,0.0
2094446869,3,0.0
2094446879,3,0.0
2094446889,3,0.0
2094446899,3,0.0
2094446909,3,0.0
2094446919,3,0.0
2094446929,3,0.0
2094446939,3,0.0
2094446949,3,0.0
2094446959,3,0.0
2094446969,3,0.0
2094446979,3,0.0
2094446989,3,0.0
2094446999,3,0.0
2094447009,3,0.0
2094447019,3,0.0
2094447029,3,0.0
2094447039,3,0.0
2094447049,3,0.0
2094447059,3,0.0
2094447069,3,0.0
2094447079,3,0.0
2094447089,3,0.0
2094447099,3,0.0
2094447109,3,0.0
2094447119,3,0.0
2094447129,3,0.0
2094447139,3,0.0
2094447149,3,0.0
2094447159,3,0.0
2094447169,3,0.0
2094447179,3,0.0
2094447189,3,0.0
2094447199,3,0.0
2094447209,3,0.0
2094447219,3,0.0
2094447229,3,0.0
2094447239,3,0.0
2094447249,3,0.0
2094447259,3,0.0
2094447269,3,0.0
2094447279,3,0.0
2094447289,3,0.0
2094447299,3,0.0
2094447309,3,0.0
2094447319,3,0.0
2094447329,3,0.0
2094447339,3,0.0
2094447349,3,0.0
2094447359,3,0.0
2094447369,3,0.0
2094447379,3,0.0
2094447389,3,0.0
2094447399,3,0.0
2094447409,3,0.0
2094447419,3,0.0
2094447429,3,0.0
2094447439,3,0.0
2094447449,3,0.0
2094447459,3,0.0
2094447469,3,0.0
2094447479,3,0.0
2094447489,3,0.0
2094447499,3,0.0
2094447509,3,0.0
2094447519,3,0.0
2094447529,3,0.0
2094447539,3,0.0
2094447549,3,0.0
2094447559,3,0.0
2094447569,3,0.0
2094447579,3,0.0
2094447589,3,0.0
2094447599,3,0.0
2094447609,3,0.0
2094447619,3,0.0
2094447629,3,0.0
2094447639,3,0.0
2094447649,3,0.0
2094447659,3,0.0
2094447669,3,0.0
2094447679,3,0.0
2094447689,3,0.0
2094447699,3,0.0
2094447709,3,0.0
2094447719,3,0.0
2094447729,3,0.0
2094447739,3,0.0
2094447749,3,0.0
2094447759,3,0.0
2094447769,3,0.0
2094447779,3,0.0
2094447789,3,0.0
2094447799,3,0.0
2094447809,3,0.0
2094447819,3,0.0
2094447829,3,0.0
2094447839,3,0.0
2094447849,3,0.0
2094447859,3,0.0
2094447869,3,0.0
2094447879,3,0.0
2094447889,3,0.0
2094447899,3,0.0
2094447909,3,0.0
2094447919,3,0.0
2094447929,3,0.0
2094447939,3,0.0
2094447949,3,0.0
2094447959,3,0.0
2094447969,3,0.0
2094447979,3,0.0
2094447989,3,0.0
2094447999,3,0.0
2094448009,3,0.0
2094448019,3,0.0
2094448029,3,0.0
2094448039,3,0.0
2094448049,3,0.0
2094448059,3,0.0
2094448069,3,0.0
2094448079,3,0.0
2094448089,3,0.0
2094448099,3,0.0
2094448109,3,0.0
2094448119,3,0.0
2094448129,3,0.0
2094448139,3,0.0
2094448149,3,0.0
2094448159,3,0.0
2094448169,3,0.0
2094448179,3,0.0
2094448189,3,0.0
2094448199,3,0.0
2094448209,3,0.0
2094448219,3,0.0
2094448229,3,0.0
2094448239,3,0.0
2094448249,3,0.0
2094448259,3,0.0
2094448269,3,0.0
2094448279,3,0.0
2094448289,3,0.0
2094448299,3,0.0
2094448309,3,0.0
2094448319,3,0.0
2094448329,3,0.0
2094448339,3,0.0
2094448349,3,0.0
2094448359,3,0.0
2094448369,3,0.0
2094448379,3,0.0
2094448389,3,0.0
2094448399,3,0.0
2094448409,3,0.0
2094448419,3,0.0
2094448429,3,0.0
2094448439,3,0.0
2094448449,3,0.0
2094448459,3,0.0
2094448469,3,0.0
2094448479,3,0.0
2094448489,3,0.0
2094448499,3,0.0
2094448509,3,0.0
2094448519,3,0.0
2094448529,3,0.0
2094448539,3,0.0
2094448549,3,0.0
2094448559,3,0.0
2094448569,3,0.0
2094448579,3,0.0
2094448589,3,0.0
2094448599,3,0.0
2094448609,3,0.0
2094448619,3,0.0
2094448629,3,0.0
2094448639,3,0.0
2094448649,3,0.0
2094448659,3,0.0
2094448669,3,0.0
2094448679,3,0.0
2094448689,3,0.0
2094448699,3,0.0
2094448709,3,0.0
2094448719,3,0.0
2094448729,3,0.0
2094448739,3,0.0
2094448749,3,0.0
2094448759,3,0.0
2094448769,3,0.0
2094448779,3,0.0
2094448789,3,0.0
2094448799,3,0.0
2094448809,3,0.0
2094448819,3,0.0
2094448829,3,0.0
2094448839,3,0.0
2094448849,3,0.0
2094448859,3,0.0
2094448869,3,0.0
2094448879,3,0.0
2094448889,3,0.0
2094448899,3,0.0
2094448909,3,0.0
2094448919,3,0.0
2094448929,3,0.0
2094448939,3,0.0
2094448949,3,0.0
2094448959,3,0.0
2094448969,3,0.0
2094448979,3,0.0
2094448989,3,0.0
2094448999,3,0.0
2094449009,3,0.0
2094449019,3,0.0
2094449029,3,0.0
2094449039,3,0.0
2094449049,3,0.0
2094449059,3,0.0
2094449069,3,0.0
2094449079,3,0.0
2094449089,3,0.0
2094449099,3,0.0
2094449109,3,0.0
2094449119,3,0.0
2094449129,3,0.0
2094449139,3,0.0
2094449149,3,0.0
2094449159,3,0.0
2094449169,3,0.0
2094449179,3,0.0
2094449189,3,0.0
2094449199,3,0.0
2094449209,3,0.0
2094449219,3,0.0
2094449229,3,0.0
2094449239,3,0.0
2094449249,3,0.0
2094449259,3,0.0
2094449269,3,0.0
2094449279,3,0.0
2094449289,3,0.0
2094449299,3,0.0
2094449309,3,0.0
2094449319,3,0.0
2094449329,3,0.0
2094449339,3,0.0
2094449349,3,0.0
2094449359,3,0.0
2094449369,3,0.0
2094449379,3,0.0
2094449389,3,0.0
2094449399,3,0.0
2094449409,3,0.0
2094449419,3,0.0
2094449429,3,0.0
2094449439,3,0.0
2094449449,3,0.0
2094449459,3,0.0
2094449469,3,0.0
2094449479,3,0.0
2094449489,3,0.0
2094449499,3,0.0
2094449509,3,0.0
2094449519,3,0.0
2094449529,3,0.0
2094449539,3,0.0
2094449549,3,0.0
2094449559,3,0.0
2094449569,3,0.0
2094449579,3,0.0
2094449589,3,0.0
2094449599,3,0.0
2094449609,3,0.0
2094449619,3,0.0
2094449629,3,0.0
2094449639,3,0.0
2094449649,3,0.0
2094449659,3,0.0
2094449669,3,0.0
2094449679,3,0.0
2094449689,3,0.0
2094449699,3,0.0
2094449709,3,0.0
2094449719,3,0.0
2094449729,3,0.0
2094449739,3,0.0
2094449749,3,0.0
2094449759,3,0.0
2094449769,3,0.0
2094449779,3,0.0
2094449789,3,0.0
2094449799,3,0.0
2094449809,3,0.0
2094449819,3,0.0
2094449829,3,0.0
2094449839,3,0.0
2094449849,3,0.0
2094449859,3,0.0
2094449869,3,0.0
2094449879,3,0.0
2094449889,3,0.0
2094449899,3,0.0
2094449909,3,0.0
2094449919,3,0.0
2094449929,3,0.0
2094449939,3,0.0
2094449949,3,0.0
2094449959,3,0.0
2094449969,3,0.0
2094449979,3,0.0
2094449989,3,0.0
2094449999,3,0.0
2094450009,3,0.0
2094450019,3,0.0
2094450029,3,0.0
2094450039,3,0.0
2094450049,3,0.0
2094450059,3,0.0
2094450069,3,0.0
2094450079,3,0.0
2094450089,3,0.0
2094450099,3,0.0
2094450109,3,0.0
2094450119,3,0.0
2094450129,3,0.0
2094450139,3,0.0
2094450149,3,0.0
2094450159,3,0.0
2094450169,3,0.0
2094450179,3,0.0
2094450189,3,0.0
2094450199,3,0.0
2094450209,3,0.0
2094450219,3,0.0
2094450229,3,0.0
2094450239,3,0.0
2094450249,3,0.0
2094450259,3,0.0
2094450269,3,0.0
2094450279,3,0.0
2094450289,3,0.0
2094450299,3,0.0
2094450309,3,0.0
2094450319,3,0.0
2094450329,3,0.0
2094450339,3,0.0
2094450349,3,0.0
2094450359,3,0.0
2094450369,3,0.0
2094450379,3,0.0
2094450389,3,0.0
2094450399,3,0.0
2094450409,3,0.0
2094450419,3,0.0
2094450429,3,0.0
2094450439,3,0.0
2094450449,3,0.0
2094450459,3,0.0
2094450469,3,0.0
2094450479,3,0.0
2094450489,3,0.0
2094450499,3,0.0
2094450509,3,0.0
2094450519,3,0.0
2094450529,3,0.0
2094450539,3,0.0
2094450549,3,0.0
2094450559,3,0.0
2094450569,3,0.0
2094450579,3,0.0
2094450589,3,0.0
2094450599,3,0.0
2094450609,3,0.0
2094450619,3,0.0
2094450629,3,0.0
2094450639,3,0.0
2094450649,3,0.0
2094450659,3,0.0
2094450669,3,0.0
2094450679,3,0.0
2094450689,3,0.0
2094450699,3,0.0
2094450709,3,0.0
2094450719,3,0.0
2094450729,3,0.0
2094450739,3,0.0
2094450749,3,0.0
2094450759,3,0.0
2094450769,3,0.0
2094450779,3,0.0
2094450789,3,0.0
2094450799,3,0.0
2094450809,3,0.0
2094450819,3,0.0
2094450829,3,0.0
2094450839,3,0.0
2094450849,3,0.0
2094450859,3,0.0
2094450869,3,0.0
2094450879,3,0.0
2094450889,3,0.0
2094450899,3,0.0
2094450909,3,0.0
2094450919,3,0.0
2094450929,3,0.0
2094450939,3,0.0
2094450949,3,0.0
2094450959,3,0.0
2094450969,3,0.0
2094450979,3,0.0
2094450989,3,0.0
2094450999,3,0.0
2094451009,3,0.0
2094451019,3,0.0
2094451029,3,0.0
2094451039,3,0.0
2094451049,3,0.0
2094451059,3,0.0
2094451069,3,0.0
2094451079,3,0.0
2094451089,3,0.0
2094451099,3,0.0
2094451109,3,0.0
2094451119,3,0.0
2094451129,3,0.0
2094451139,3,0.0
2094451149,3,0.0
2094451159,3,0.0
2094451169,3,0.0
2094451179,3,0.0
2094451189,3,0.0
2094451199,3,0.0
2094451209,3,0.0
2094451219,3,0.0
2094451229,3,0.0
2094451239,3,0.0
2094451249,3,0.0
2094451259,3,0.0
2094451269,3,0.0
2094451279,3,0.0
2094451289,3,0.0
2094451299,3,0.0
2094451309,3,0.0
2094451319,3,0.0
2094451329,3,0.0
2094451339,3,0.0
2094451349,3,0.0
2094451359,3,0.0
2094451369,3,0.0
2094451379,3,0.0
2094451389,3,0.0
2094451399,3,0.0
2094451409,3,0.0
2094451419,3,0.0
2094451429,3,0.0
2094451439,3,0.0
2094451449,3,0.0
2094451459,3,0.0
2094451469,3,0.0
2094451479,3,0.0
2094451489,3,0.0
2094451499,3,0.0
2094451509,3,0.0
2094451519,3,0.0
2094451529,3,0.0
2094451539,3,0.0
2094451549,3,0.0
2094451559,3,0.0
2094451569,3,0.0
2094451579,3,0.0
2094451589,3,0.0
2094451599,3,0.0
2094451609,3,0.0
2094451619,3,0.0
2094451629,3,0.0
2094451639,3,0.0
2094451649,3,0.0
2094451659,3,0.0
2094451669,3,0.0
2094451679,3,0.0
2094451689,3,0.0
2094451699,3,0.0
2094451709,3,0.0
2094451719,3,0.0
2094451729,3,0.0
2094451739,3,0.0
2094451749,3,0.0
2094451759,3,0.0
2094451769,3,0.0
2094451779,3,0.0
2094451789,3,0.0
2094451799,3,0.0
2094451809,3,0.0
2094451819,3,0.0
2094451829,3,0.0
2094451839,3,0.0
2094451849,3,0.0
2094451859,3,0.0
2094451869,3,0.0
2094451879,3,0.0
2094451889,3,0.0
2094451899,3,0.0
2094451909,3,0.0
2094451919,3,0.0
2094451929,3,0.0
2094451939,3,0.0
2094451949,3,0.0
2094451959,3,0.0
2094451969,3,0.0
2094451979,3,0.0
2094451989,3,0.0
2094451999,3,0.0
2094452009,3,0.0
2094452019,3,0.0
2094452029,3,0.0
2094452039,3,0.0
2094452049,3,0.0
2094452059,3,0.0
2094452069,3,0.0
2094452079,3,0.0
2094452089,3,0.0
2094452099,3,0.0
2094452109,3,0.0
2094452119,3,0.0
2094452129,3,0.0
2094452139,3,0.0
2094452149,3,0.0
2094452159,3,0.0
2094452169,3,0.0
2094452179,3,0.0
2094452189,3,0.0
2094452199,3,0.0
2094452209,3,0.0
2094452219,3,0.0
2094452229,3,0.0
2094452239,3,0.0
2094452249,3,0.0
2094452259,3,0.0
2094452269,3,0.0
2094452279,3,0.0
2094452289,3,0.0
2094452299,3,0.0
2094452309,3,0.0
2094452319,3,0.0
2094452329,3,0.0
2094452339,3,0.0
2094452349,3,0.0
2094452359,3,0.0
2094452369,3,0.0
2094452379,3,0.0
2094452389,3,0.0
2094452399,3,0.0
2094452409,3,0.0
2094452419,3,0.0
2094452429,3,0.0
2094452439,3,0.0
2094452449,3,0.0
2094452459,3,0.0
2094452469,3,0.0
2094452479,3,0.0
2094452489,3,0.0
2094452499,3,0.0
2094452509,3,0.0
2094452519,3,0.0
2094452529,3,0.0
2094452539,3,0.0
2094452549,3,0.0
2094452559,3,0.0
2094452569,3,0.0
2094452579,3,0.0
2094452589,3,0.0
2094452599,3,0.0
2094452609,3,0.0
2094452619,3,0.0
2094452629,3,0.0
2094452639,3,0.0
2094452649,3,0.0
2094452659,3,0.0
2094452669,3,0.0
2094452679,3,0.0
2094452689,3,0.0
2094452699,3,0.0
2094452709,3,0.0
2094452719,3,0.0
2094452729,3,0.0
2094452739,3,0.0
2094452749,3,0.0
2094452759,3,0.0
2094452769,3,0.0
2094452779,3,0.0
2094452789,3,0.0
2094452799,3,0.0
2094452809,3,0.0
2094452819,3,0.0
2094452829,3,0.0
2094452839,3,0.0
2094452849,3,0.0
2094452859,3,0.0
2094452869,3,0.0
2094452879,3,0.0
2094452889,3,0.0
2094452899,3,0.0
2094452909,3,0.0
2094452919,3,0.0
2094452929,3,0.0
2094452939,3,0.0
2094452949,3,0.0
2094452959,3,0.0
2094452969,3,0.0
2094452979,3,0.0
2094452989,3,0.0
2094452999,3,0.0
2094453009,3,0.0
2094453019,3,0.0
2094453029,3,0.0
2094453039,3,0.0
2094453049,3,0.0
2094453059,3,0.0
2094453069,3,0.0
2094453079,3,0.0
2094453089,3,0.0
2094453099,3,0.0
2094453109,3,0.0
2094453119,3,0.0
2094453129,3,0.0
2094453139,3,0.0
2094453149,3,0.0
2094453159,3,0.0
2094453169,3,0.0
2094453179,3,0.0
2094453189,3,0.0
2094453199,3,0.0
2094453209,3,0.0
2094453219,3,0.0
2094453229,3,0.0
2094453239,3,0.0
2094453249,3,0.0
2094453259,3,0.0
2094453269,3,0.0
2094453279,3,0.0
2094453289,3,0.0
2094453299,3,0.0
2094453309,3,0.0
2094453319,3,0.0
2094453329,3,0.0
2094453339,3,0.0
2094453349,3,0.0
2094453359,3,0.0
2094453369,3,0.0
2094453379,3,0.0
2094453389,3,0.0
2094453399,3,0.0
2094453409,3,0.0
2094453419,3,0.0
2094453429,3,0.0
2094453439,3,0.0
2094453449,3,0.0
2094453459,3,0.0
2094453469,3,0.0
2094453479,3,0.0
2094453489,3,0.0
2094453499,3,0.0
2094453509,3,0.0
2094453519,3,0.0
2094453529,3,0.0
2094453539,3,0.0
2094453549,3,0.0
2094453559,3,0.0
2094453569,3,0.0
2094453579,3,0.0
2094453589,3,0.0
2094453599,3,0.0
2094453609,3,0.0
2094453619,3,0.0
2094453629,3,0.0
2094453639,3,0.0
2094453649,3,0.0
2094453659,3,0.0
2094453669,3,0.0
2094453679,3,0.0
2094453689,3,0.0
2094453699,3,0.0
2094453709,3,0.0
2094453719,3,0.0
2094453729,3,0.0
2094453739,3,0.0
2094453749,3,0.0
2094453759,3,0.0
2094453769,3,0.0
2094453779,3,0.0
2094453789,3,0.0
2094453799,3,0.0
2094453809,3,0.0
2094453819,3,0.0
2094453829,3,0.0
2094453839,3,0.0
2094453849,3,0.0
2094453859,3,0.0
2094453869,3,0.0
2094453879,3,0.0
2094453889,3,0.0
2094453899,3,0.0
2094453909,3,0.0
2094453919,3,0.0
2094453929,3,0.0
2094453939,3,0.0
2094453949,3,0.0
2094453959,3,0.0
2094453969,3,0.0
2094453979,3,0.0
2094453989,3,0.0
2094453999,3,0.0
2094454009,3,0.0
2094454019,3,0.0
2094454029,3,0.0
2094454039,3,0.0
2094454049,3,0.0
2094454059,3,0.0
2094454069,3,0.0
2094454079,3,0.0
2094454089,3,0.0
2094454099,3,0.0
2094454109,3,0.0
2094454119,3,0.0
2094454129,3,0.0
2094454139,3,0.0
2094454149,3,0.0
2094454159,3,0.0
2094454169,3,0.0
2094454179,3,0.0
2094454189,3,0.0
2094454199,3,0.0
2094454209,3,0.0
2094454219,3,0.0
2094454229,3,0.0
2094454239,3,0.0
2094454249,3,0.0
2094454259,3,0.0
2094454269,3,0.0
2094454279,3,0.0
2094454289,3,0.0
2094454299,3,0.0
2094454309,3,0.0
2094454319,3,0.0
2094454329,3,0.0
2094454339,3,0.0
2094454349,3,0.0
2094454359,3,0.0
2094454369,3,0.0
2094454379,3,0.0
2094454389,3,0.0
2094454399,3,0.0
2094454409,3,0.0
2094454419,3,0.0
2094454429,3,0.0
2094454439,3,0.0
2094454449,3,0.0
2094454459,3,0.0
2094454469,3,0.0
2094454479,3,0.0
2094454489,3,0.0
2094454499,3,0.0
2094454509,3,0.0
2094454519,3,0.0
2094454529,3,0.0
2094454539,3,0.0
2094454549,3,0.0
2094454559,3,0.0
2094454569,3,0.0
2094454579,3,0.0
2094454589,3,0.0
2094454599,3,0.0
2094454609,3,0.0
2094454619,3,0.0
2094454629,3,0.0
2094454639,3,0.0
2094454649,3,0.0
2094454659,3,0.0
2094454669,3,0.0
2094454679,3,0.0
2094454689,3,0.0
2094454699,3,0.0
2094454709,3,0.0
2094454719,3,0.0
2094454729,3,0.0
2094454739,3,0.0
2094454749,3,0.0
2094454759,3,0.0
2094454769,3,0.0
2094454779,3,0.0
2094454789,3,0.0
2094454799,3,0.0
2094454809,3,0.0
2094454819,3,0.0
2094454829,3,0.0
2094454839,3,0.0
2094454849,3,0.0
2094454859,3,0.0
2094454869,3,0.0
2094454879,3,0.0
2094454889,3,0.0
2094454899,3,0.0
2094454909,3,0.0
2094454919,3,0.0
2094454929,3,0.0
2094454939,3,0.0
2094454949,3,0.0
2094454959,3,0.0
2094454969,3,0.0
2094454979,3,0.0
2094454989,3,0.0
2094454999,3,0.0
2094455009,3,0.0
2094455019,3,0.0
2094455029,3,0.0
2094455039,3,0.0
2094455049,3,0.0
2094455059,3,0.0
2094455069,3,0.0
2094455079,3,0.0
2094455089,3,0.0
2094455099,3,0.0
2094455109,3,0.0
2094455119,3,0.0
2094455129,3,0.0
2094455139,3,0.0
2094455149,3,0.0
2094455159,3,0.0
2094455169,3,0.0
2094455179,3,0.0
2094455189,3,0.0
2094455199,3,0.0
2094455209,3,0.0
2094455219,3,0.0
2094455229,3,0.0
2094455239,3,0.0
2094455249,3,0.0
2094455259,3,0.0
2094455269,3,0.0
2094455279,3,0.0
2094455289,3,0.0
2094455299,3,0.0
2094455309,3,0.0
2094455319,3,0.0
2094455329,3,0.0
2094455339,3,0.0
2094455349,3,0.0
2094455359,3,0.0
2094455369,3,0.0
2094455379,3,0.0
2094455389,3,0.0
2094455399,3,0.0
2094455409,3,0.0
2094455419,3,0.0
2094455429,3,0.0
2094455439,3,0.0
2094455449,3,0.0
2094455459,3,0.0
2094455469,3,0.0
2094455479,3,0.0
2094455489,3,0.0
2094455499,3,0.0
2094455509,3,0.0
2094455519,3,0.0
2094455529,3,0.0
2094455539,3,0.0
2094455549,3,0.0
2094455559,3,0.0
2094455569,3,0.0
2094455579,3,0.0
2094455589,3,0.0
2094455599,3,0.0
2094455609,3,0.0
2094455619,3,0.0
2094455629,3,0.0
2094455639,3,0.0
2094455649,3,0.0
2094455659,3,0.0
2094455669,3,0.0
2094455679,3,0.0
2094455689,3,0.0
2094455699,3,0.0
2094455709,3,0.0
2094455719,3,0.0
2094455729,3,0.0
2094455739,3,0.0
2094455749,3,0.0
2094455759,3,0.0
2094455769,3,0.0
2094455779,3,0.0
2094455789,3,0.0
2094455799,3,0.0
2094455809,3,0.0
2094455819,3,0.0
2094455829,3,0.0
2094455839,3,0.0
2094455849,3,0.0
2094455859,3,0.0
2094455869,3,0.0
2094455879,3,0.0
2094455889,3,0.0
2094455899,3,0.0
2094455909,3,0.0
2094455919,3,0.0
2094455929,3,0.0
2094455939,3,0.0
2094455949,3,0.0
2094455959,3,0.0
2094455969,3,0.0
2094455979,3,0.0
2094455989,3,0.0
2094455999,3,0.0
2094456009,3,0.0
2094456019,3,0.0
2094456029,3,0.0
2094456039,3,0.0
2094456049,3,0.0
2094456059,3,0.0
2094456069,3,0.0
2094456079,3,0.0
2094456089,3,0.0
2094456099,3,0.0
2094456109,3,0.0
2094456119,3,0.0
2094456129,3,0.0
2094456139,3,0.0
2094456149,3,0.0
2094456159,3,0.0
2094456169,3,0.0
2094456179,3,0.0
2094456189,3,0.0
2094456199,3,0.0
2094456209,3,0.0
2094456219,3,0.0
2094456229,3,0.0
2094456239,3,0.0
2094456249,3,0.0
2094456259,3,0.0
2094456269,3,0.0
2094456279,3,0.0
2094456289,3,0.0
2094456299,3,0.0
2094456309,3,0.0
2094456319,3,0.0
2094456329,3,0.0
2094456339,3,0.0
2094456349,3,0.0
2094456359,3,0.0
2094456369,3,0.0
2094456379,3,0.0
2094456389,3,0.0
2094456399,3,0.0
2094456409,3,0.0
2094456419,3,0.0
2094456429,3,0.0
2094456439,3,0.0
2094456449,3,0.0
2094456459,3,0.0
2094456469,3,0.0
2094456479,3,0.0
2094456489,3,0.0
2094456499,3,0.0
2094456509,3,0.0
2094456519,3,0.0
2094456529,3,0.0
2094456539,3,0.0
2094456549,3,0.0
2094456559,3,0.0
2094456569,3,0.0
2094456579,3,0.0
2094456589,3,0.0
2094456599,3,0.0
2094456609,3,0.0
2094456619,3,0.0
2094456629,3,0.0
2094456639,3,0.0
2094456649,3,0.0
2094456659,3,0.0
2094456669,3,0.0
2094456679,3,0.0
2094456689,3,0.0
2094456699,3,0.0
2094456709,3,0.0
2094456719,3,0.0
2094456729,3,0.0
2094456739,3,0.0
2094456749,3,0.0
2094456759,3,0.0
2094456769,3,0.0
2094456779,3,0.0
2094456789,3,0.0
2094456799,3,0.0
2094456809,3,0.0
2094456819,3,0.0
2094456829,3,0.0
2094456839,3,0.0
2094456849,3,0.0
2094456859,3,0.0
2094456869,3,0.0
2094456879,3,0.0
2094456889,3,0.0
2094456899,3,0.0
2094456909,3,0.0
2094456919,3,0.0
2094456929,3,0.0
2094456939,3,0.0
2094456949,3,0.0
2094456959,3,0.0
2094456969,3,0.0
2094456979,3,0.0
2094456989,3,0.0
2094456999,3,0.0
2094457009,3,0.0
2094457019,3,0.0
2094457029,3,0.0
2094457039,3,0.0
2094457049,3,0.0
2094457059,3,0.0
2094457069,3,0.0
2094457079,3,0.0
2094457089,3,0.0
2094457099,3,0.0
2094457109,3,0.0
2094457119,3,0.0
2094457129,3,0.0
2094457139,3,0.0
2094457149,3,0.0
2094457159,3,0.0
2094457169,3,0.0
2094457179,3,0.0
2094457189,3,0.0
2094457199,3,0.0
2094457209,3,0.0
2094457219,3,0.0
2094457229,3,0.0
2094457239,3,0.0
2094457249,3,0.0
2094457259,3,0.0
2094457269,3,0.0
2094457279,3,0.0
2094457289,3,0.0
2094457299,3,0.0
2094457309,3,0.0
2094457319,3,0.0
2094457329,3,0.0
2094457339,3,0.0
2094457349,3,0.0
2094457359,3,0.0
2094457369,3,0.0
2094457379,3,0.0
2094457389,3,0.0
2094457399,3,0.0
2094457409,3,0.0
2094457419,3,0.0
2094457429,3,0.0
2094457439,3,0.0
2094457449,3,0.0
2094457459,3,0.0
2094457469,3,0.0
2094457479,3,0.0
2094457489,3,0.0
2094457499,3,0.0
2094457509,3,0.0
2094457519,3,0.0
2094457529,3,0.0
2094457539,3,0.0
2094457549,3,0.0
2094457559,3,0.0
2094457569,3,0.0
2094457579,3,0.0
2094457589,3,0.0
2094457599,3,0.0
2094457609,3,0.0
2094457619,3,0.0
2094457629,3,0.0
2094457639,3,0.0
2094457649,3,0.0
2094457659,3,0.0
2094457669,3,0.0
2094457679,3,0.0
2094457689,3,0.0
2094457699,3,0.0
2094457709,3,0.0
2094457719,3,0.0
2094457729,3,0.0
2094457739,3,0.0
2094457749,3,0.0
2094457759,3,0.0
2094457769,3,0.0
2094457779,3,0.0
2094457789,3,0.0
2094457799,3,0.0
2094457809,3,0.0
2094457819,3,0.0
2094457829,3,0.0
2094457839,3,0.0
2094457849,3,0.0
2094457859,3,0.0
2094457869,3,0.0
2094457879,3,0.0
2094457889,3,0.0
2094457899,3,0.0
2094457909,3,0.0
2094457919,3,0.0
2094457929,3,0.0
2094457939,3,0.0
2094457949,3,0.0
2094457959,3,0.0
2094457969,3,0.0
2094457979,3,0.0
2094457989,3,0.0
2094457999,3,0.0
2094458009,3,0.0
2094458019,3,0.0
2094458029,3,0.0
2094458039,3,0.0
2094458049,3,0.0
2094458059,3,0.0
2094458069,3,0.0
2094458079,3,0.0
2094458089,3,0.0
2094458099,3,0.0
2094458109,3,0.0
2094458119,3,0.0
2094458129,3,0.0
2094458139,3,0.0
2094458149,3,0.0
2094458159,3,0.0
2094458169,3,0.0
2094458179,3,0.0
2094458189,3,0.0
2094458199,3,0.0
2094458209,3,0.0
2094458219,3,0.0
2094458229,3,0.0
2094458239,3,0.0
2094458249,3,0.0
2094458259,3,0.0
2094458269,3,0.0
2094458279,3,0.0
2094458289,3,0.0
2094458299,3,0.0
2094458309,3,0.0
2094458319,3,0.0
2094458329,3,0.0
2094458339,3,0.0
2094458349,3,0.0
2094458359,3,0.0
2094458369,3,0.0
2094458379,3,0.0
2094458389,3,0.0
2094458399,3,0.0
2094458409,3,0.0
2094458419,3,0.0
2094458429,3,0.0
2094458439,3,0.0
2094458449,3,0.0
2094458459,3,0.0
2094458469,3,0.0
2094458479,3,0.0
2094458489,3,0.0
2094458499,3,0.0
2094458509,3,0.0
2094458519,3,0.0
2094458529,3,0.0
2094458539,3,0.0
2094458549,3,0.0
2094458559,3,0.0
2094458569,3,0.0
2094458579,3,0.0
2094458589,3,0.0
2094458599,3,0.0
2094458609,3,0.0
2094458619,3,0.0
2094458629,3,0.0
2094458639,3,0.0
2094458649,3,0.0
2094458659,3,0.0
2094458669,3,0.0
2094458679,3,0.0
2094458689,3,0.0
2094458699,3,0.0
2094458709,3,0.0
2094458719,3,0.0
2094458729,3,0.0
2094458739,3,0.0
2094458749,3,0.0
2094458759,3,0.0
2094458769,3,0.0
2094458779,3,0.0
2094458789,3,0.0
2094458799,3,0.0
2094458809,3,0.0
2094458819,3,0.0
2094458829,3,0.0
2094458839,3,0.0
2094458849,3,0.0
2094458859,3,0.0
2094458869,3,0.0
2094458879,3,0.0
2094458889,3,0.0
2094458899,3,0.0
2094458909,3,0.0
2094458919,3,0.0
2094458929,3,0.0
2094458939,3,0.0
2094458949,3,0.0
2094458959,3,0.0
2094458969,3,0.0
2094458979,3,0.0
2094458989,3,0.0
2094458999,3,0.0
2094459009,3,0.0
2094459019,3,0.0
2094459029,3,0.0
2094459039,3,0.0
2094459049,3,0.0
2094459059,3,0.0
2094459069,3,0.0
2094459079,3,0.0
2094459089,3,0.0
2094459099,3,0.0
2094459109,3,0.0
2094459119,3,0.0
2094459129,3,0.0
2094459139,3,0.0
2094459149,3,0.0
2094459159,3,0.0
2094459169,3,0.0
2094459179,3,0.0
2094459189,3,0.0
2094459199,3,0.0
2094459209,3,0.0
2094459219,3,0.0
2094459229,3,0.0
2094459239,3,0.0
2094459249,3,0.0
2094459259,3,0.0
2094459269,3,0.0
2094459279,3,0.0
2094459289,3,0.0
2094459299,3,0.0
2094459309,3,0.0
2094459319,3,0.0
2094459329,3,0.0
2094459339,3,0.0
2094459349,3,0.0
2094459359,3,0.0
2094459369,3,0.0
2094459379,3,0.0
2094459389,3,0.0
2094459399,3,0.0
2094459409,3,0.0
2094459419,3,0.0
2094459429,3,0.0
2094459439,3,0.0
2094459449,3,0.0
2094459459,3,0.0
2094459469,3,0.0
2094459479,3,0.0
2094459489,3,0.0
2094459499,3,0.0
2094459509,3,0.0
2094459519,3,0.0
2094459529,3,0.0
2094459539,3,0.0
2094459549,3,0.0
2094459559,3,0.0
2094459569,3,0.0
2094459579,3,0.0
2094459589,3,0.0
2094459599,3,0.0
2094459609,3,0.0
2094459619,3,0.0
2094459629,3,0.0
2094459639,3,0.0
2094459649,3,0.0
2094459659,3,0.0
2094459669,3,0.0
2094459679,3,0.0
2094459689,3,0.0
2094459699,3,0.0
2094459709,3,0.0
2094459719,3,0.0
2094459729,3,0.0
2094459739,3,0.0
2094459749,3,0.0
2094459759,3,0.0
2094459769,3,0.0
2094459779,3,0.0
2094459789,3,0.0
2094459799,3,0.0
2094459809,3,0.0
2094459819,3,0.0
2094459829,3,0.0
2094459839,3,0.0
2094459849,3,0.0
2094459859,3,0.0
2094459869,3,0.0
2094459879,3,0.0
2094459889,3,0.0
2094459899,3,0.0
2094459909,3,0.0
2094459919,3,0.0
2094459929,3,0.0
2094459939,3,0.0
2094459949,3,0.0
2094459959,3,0.0
2094459969,3,0.0
2094459979,3,0.0
2094459989,3,0.0
2094459999,3,0.0
2094460009,3,0.0
2094460019,3,0.0
2094460029,3,0.0
2094460039,3,0.0
2094460049,3,0.0
2094460059,3,0.0
2094460069,3,0.0
2094460079,3,0.0
2094460089,3,0.0
2094460099,3,0.0
2094460109,3,0.0
2094460119,3,0.0
2094460129,3,0.0
2094460139,3,0.0
2094460149,3,0.0
2094460159,3,0.0
2094460169,3,0.0
2094460179,3,0.0
2094460189,3,0.0
2094460199,3,0.0
2094460209,3,0.0
2094460219,3,0.0
2094460229,3,0.0
2094460239,3,0.0
2094460249,3,0.0
2094460259,3,0.0
2094460269,3,0.0
2094460279,3,0.0
2094460289,3,0.0
2094460299,3,0.0
2094460309,3,0.0
2094460319,3,0.0
2094460329,3,0.0
2094460339,3,0.0
2094460349,3,0.0
2094460359,3,0.0
2094460369,3,0.0
2094460379,3,0.0
2094460389,3,0.0
2094460399,3,0.0
2094460409,3,0.0
2094460419,3,0.0
2094460429,3,0.0
2094460439,3,0.0
2094460449,3,0.0
2094460459,3,0.0
2094460469,3,0.0
2094460479,3,0.0
2094460489,3,0.0
2094460499,3,0.0
2094460509,3,0.0
2094460519,3,0.0
2094460529,3,0.0
2094460539,3,0.0
2094460549,3,0.0
2094460559,3,0.0
2094460569,3,0.0
2094460579,3,0.0
2094460589,3,0.0
2094460599,3,0.0
2094460609,3,0.0
2094460619,3,0.0
2094460629,3,0.0
2094460639,3,0.0
2094460649,3,0.0
2094460659,3,0.0
2094460669,3,0.0
2094460679,3,0.0
2094460689,3,0.0
2094460699,3,0.0
2094460709,3,0.0
2094460719,3,0.0
2094460729,3,0.0
2094460739,3,0.0
2094460749,3,0.0
2094460759,3,0.0
2094460769,3,0.0
2094460779,3,0.0
2094460789,3,0.0
2094460799,3,0.0
2094460809,3,0.0
2094460819,3,0.0
2094460829,3,0.0
2094460839,3,0.0
2094460849,3,0.0
2094460859,3,0.0
2094460869,3,0.0
2094460879,3,0.0
2094460889,3,0.0
2094460899,3,0.0
2094460909,3,0.0
2094460919,3,0.0
2094460929,3,0.0
2094460939,3,0.0
2094460949,3,0.0
2094460959,3,0.0
2094460969,3,0.0
2094460979,3,0.0
2094460989,3,0.0
2094460999,3,0.0
2094461009,3,0.0
2094461019,3,0.0
2094461029,3,0.0
2094461039,3,0.0
2094461049,3,0.0
2094461059,3,0.0
2094461069,3,0.0
2094461079,3,0.0
2094461089,3,0.0
2094461099,3,0.0
2094461109,3,0.0
2094461119,3,0.0
2094461129,3,0.0
2094461139,3,0.0
2094461149,3,0.0
2094461159,3,0.0
2094461169,3,0.0
2094461179,3,0.0
2094461189,3,0.0
2094461199,3,0.0
2094461209,3,0.0
2094461219,3,0.0
2094461229,3,0.0
2094461239,3,0.0
2094461249,3,0.0
2094461259,3,0.0
2094461269,3,0.0
2094461279,3,0.0
2094461289,3,0.0
2094461299,3,0.0
2094461309,3,0.0
2094461319,3,0.0
2094461329,3,0.0
2094461339,3,0.0
2094461349,3,0.0
2094461359,3,0.0
2094461369,3,0.0
2094461379,3,0.0
2094461389,3,0.0
2094461399,3,0.0
2094461409,3,0.0
2094461419,3,0.0
2094461429,3,0.0
2094461439,3,0.0
2094461449,3,0.0
2094461459,3,0.0
2094461469,3,0.0
2094461479,3,0.0
2094461489,3,0.0
2094461499,3,0.0
2094461509,3,0.0
2094461519,3,0.0
2094461529,3,0.0
2094461539,3,0.0
2094461549,3,0.0
2094461559,3,0.0
2094461569,3,0.0
2094461579,3,0.0
2094461589,3,0.0
2094461599,3,0.0
2094461609,3,0.0
2094461619,3,0.0
2094461629,3,0.0
2094461639,3,0.0
2094461649,3,0.0
2094461659,3,0.0
2094461669,3,0.0
2094461679,3,0.0
2094461689,3,0.0
2094461699,3,0.0
2094461709,3,0.0
2094461719,3,0.0
2094461729,3,0.0
2094461739,3,0.0
2094461749,3,0.0
2094461759,3,0.0
2094461769,3,0.0
2094461779,3,0.0
2094461789,3,0.0
2094461799,3,0.0
2094461809,3,0.0
2094461819,3,0.0
2094461829,3,0.0
2094461839,3,0.0
2094461849,3,0.0
2094461859,3,0.0
2094461869,3,0.0
2094461879,3,0.0
2094461889,3,0.0
2094461899,3,0.0
2094461909,3,0.0
2094461919,3,0.0
2094461929,3,0.0
2094461939,3,0.0
2094461949,3,0.0
2094461959,3,0.0
2094461969,3,0.0
2094461979,3,0.0
2094461989,3,0.0
2094461999,3,0.0
2094462009,3,0.0
2094462019,3,0.0
2094462029,3,0.0
2094462039,3,0.0
2094462049,3,0.0
2094462059,3,0.0
2094462069,3,0.0
2094462079,3,0.0
2094462089,3,0.0
2094462099,3,0.0
2094462109,3,0.0
2094462119,3,0.0
2094462129,3,0.0
2094462139,3,0.0
2094462149,3,0.0
2094462159,3,0.0
2094462169,3,0.0
2094462179,3,0.0
2094462189,3,0.0
2094462199,3,0.0
2094462209,3,0.0
2094462219,3,0.0
2094462229,3,0.0
2094462239,3,0.0
2094462249,3,0.0
2094462259,3,0.0
2094462269,3,0.0
2094462279,3,0.0
2094462289,3,0.0
2094462299,3,0.0
2094462309,3,0.0
2094462319,3,0.0
2094462329,3,0.0
2094462339,3,0.0
2094462349,3,0.0
2094462359,3,0.0
2094462369,3,0.0
2094462379,3,0.0
2094462389,3,0.0
2094462399,3,0.0
2094462409,3,0.0
2094462419,3,0.0
2094462429,3,0.0
2094462439,3,0.0
2094462449,3,0.0
2094462459,3,0.0
2094462469,3,0.0
2094462479,3,0.0
2094462489,3,0.0
2094462499,3,0.0
2094462509,3,0.0
2094462519,3,0.0
2094462529,3,0.0
2094462539,3,0.0
2094462549,3,0.0
2094462559,3,0.0
2094462569,3,0.0
2094462579,3,0.0
2094462589,3,0.0
2094462599,3,0.0
2094462609,3,0.0
2094462619,3,0.0
2094462629,3,0.0
2094462639,3,0.0
2094462649,3,0.0
2094462659,3,0.0
2094462669,3,0.0
2094462679,3,0.0
2094462689,3,0.0
2094462699,3,0.0
2094462709,3,0.0
2094462719,3,0.0
2094462729,3,0.0
2094462739,3,0.0
2094462749,3,0.0
2094462759,3,0.0
2094462769,3,0.0
2094462779,3,0.0
2094462789,3,0.0
2094462799,3,0.0
2094462809,3,0.0
2094462819,3,0.0
2094462829,3,0.0
2094462839,3,0.0
2094462849,3,0.0
2094462859,3,0.0
2094462869,3,0.0
2094462879,3,0.0
2094462889,3,0.0
2094462899,3,0.0
2094462909,3,0.0
2094462919,3,0.0
2094462929,3,0.0
2094462939,3,0.0
2094462949,3,0.0
2094462959,3,0.0
2094462969,3,0.0
2094462979,3,0.0
2094462989,3,0.0
2094462999,3,0.0
2094463009,3,0.0
2094463019,3,0.0
2094463029,3,0.0
2094463039,3,0.0
2094463049,3,0.0
2094463059,3,0.0
2094463069,3,0.0
2094463079,3,0.0
2094463089,3,0.0
2094463099,3,0.0
2094463109,3,0.0
2094463119,3,0.0
2094463129,3,0.0
2094463139,3,0.0
2094463149,3,0.0
2094463159,3,0.0
2094463169,3,0.0
2094463179,3,0.0
2094463189,3,0.0
2094463199,3,0.0
2094463209,3,0.0
2094463219,3,0.0
2094463229,3,0.0
2094463239,3,0.0
2094463249,3,0.0
2094463259,3,0.0
2094463269,3,0.0
2094463279,3,0.0
2094463289,3,0.0
2094463299,3,0.0
2094463309,3,0.0
2094463319,3,0.0
2094463329,3,0.0
2094463339,3,0.0
2094463349,3,0.0
2094463359,3,0.0
2094463369,3,0.0
2094463379,3,0.0
2094463389,3,0.0
2094463399,3,0.0
2094463409,3,0.0
2094463419,3,0.0
2094463429,3,0.0
2094463439,3,0.0
2094463449,3,0.0
2094463459,3,0.0
2094463469,3,0.0
2094463479,3,0.0
2094463489,3,0.0
2094463499,3,0.0
2094463509,3,0.0
2094463519,3,0.0
2094463529,3,0.0
2094463539,3,0.0
2094463549,3,0.0
2094463559,3,0.0
2094463569,3,0.0
2094463579,3,0.0
2094463589,3,0.0
2094463599,3,0.0
2094463609,3,0.0
2094463619,3,0.0
2094463629,3,0.0
2094463639,3,0.0
2094463649,3,0.0
2094463659,3,0.0
2094463669,3,0.0
2094463679,3,0.0
2094463689,3,0.0
2094463699,3,0.0
2094463709,3,0.0
2094463719,3,0.0
2094463729,3,0.0
2094463739,3,0.0
2094463749,3,0.0
2094463759,3,0.0
2094463769,3,0.0
2094463779,3,0.0
2094463789,3,0.0
2094463799,3,0.0
2094463809,3,0.0
2094463819,3,0.0
2094463829,3,0.0
2094463839,3,0.0
2094463849,3,0.0
2094463859,3,0.0
2094463869,3,0.0
2094463879,3,0.0
2094463889,3,0.0
2094463899,3,0.0
2094463909,3,0.0
2094463919,3,0.0
2094463929,3,0.0
2094463939,3,0.0
2094463949,3,0.0
2094463959,3,0.0
2094463969,3,0.0
2094463979,3,0.0
2094463989,3,0.0
2094463999,3,0.0
2094464009,3,0.0
2094464019,3,0.0
2094464029,3,0.0
2094464039,3,0.0
2094464049,3,0.0
2094464059,3,0.0
2094464069,3,0.0
2094464079,3,0.0
2094464089,3,0.0
2094464099,3,0.0
2094464109,3,0.0
2094464119,3,0.0
2094464129,3,0.0
2094464139,3,0.0
2094464149,3,0.0
2094464159,3,0.0
2094464169,3,0.0
2094464179,3,0.0
2094464189,3,0.0
2094464199,3,0.0
2094464209,3,0.0
2094464219,3,0.0
2094464229,3,0.0
2094464239,3,0.0
2094464249,3,0.0
2094464259,3,0.0
2094464269,3,0.0
2094464279,3,0.0
2094464289,3,0.0
2094464299,3,0.0
2094464309,3,0.0
2094464319,3,0.0
2094464329,3,0.0
2094464339,3,0.0
2094464349,3,0.0
2094464359,3,0.0
2094464369,3,0.0
2094464379,3,0.0
2094464389,3,0.0
2094464399,3,0.0
2094464409,3,0.0
2094464419,3,0.0
2094464429,3,0.0
2094464439,3,0.0
2094464449,3,0.0
2094464459,3,0.0
2094464469,3,0.0
2094464479,3,0.0
2094464489,3,0.0
2094464499,3,0.0
2094464509,3,0.0
2094464519,3,0.0
2094464529,3,0.0
2094464539,3,0.0
2094464549,3,0.0
2094464559,3,0.0
2094464569,3,0.0
2094464579,3,0.0
2094464589,3,0.0
2094464599,3,0.0
2094464609,3,0.0
2094464619,3,0.0
2094464629,3,0.0
2094464639,3,0.0
2094464649,3,0.0
2094464659,3,0.0
2094464669,3,0.0
2094464679,3,0.0
2094464689,3,0.0
2094464699,3,0.0
2094464709,3,0.0
2094464719,3,0.0
2094464729,3,0.0
2094464739,3,0.0
2094464749,3,0.0
2094464759,3,0.0
2094464769,3,0.0
2094464779,3,0.0
2094464789,3,0.0
2094464799,3,0.0
2094464809,3,0.0
2094464819,3,0.0
2094464829,3,0.0
2094464839,3,0.0
2094464849,3,0.0
2094464859,3,0.0
2094464869,3,0.0
2094464879,3,0.0
2094464889,3,0.0
2094464899,3,0.0
2094464909,3,0.0
2094464919,3,0.0
2094464929,3,0.0
2094464939,3,0.0
2094464949,3,0.0
2094464959,3,0.0
2094464969,3,0.0
2094464979,3,0.0
2094464989,3,0.0
2094464999,3,0.0
2094465009,3,0.0
2094465019,3,0.0
2094465029,3,0.0
2094465039,3,0.0
2094465049,3,0.0
2094465059,3,0.0
2094465069,3,0.0
2094465079,3,0.0
2094465089,3,0.0
2094465099,3,0.0
2094465109,3,0.0
2094465119,3,0.0
2094465129,3,0.0
2094465139,3,0.0
2094465149,3,0.0
2094465159,3,0.0
2094465169,3,0.0
2094465179,3,0.0
2094465189,3,0.0
2094465199,3,0.0
2094465209,3,0.0
2094465219,3,0.0
2094465229,3,0.0
2094465239,3,0.0
2094465249,3,0.0
2094465259,3,0.0
2094465269,3,0.0
2094465279,3,0.0
2094465289,3,0.0
2094465299,3,0.0
2094465309,3,0.0
2094465319,3,0.0
2094465329,3,0.0
2094465339,3,0.0
2094465349,3,0.0
2094465359,3,0.0
2094465369,3,0.0
2094465379,3,0.0
2094465389,3,0.0
2094465399,3,0.0
2094465409,3,0.0
2094465419,3,0.0
2094465429,3,0.0
2094465439,3,0.0
2094465449,3,0.0
2094465459,3,0.0
2094465469,3,0.0
2094465479,3,0.0
2094465489,3,0.0
2094465499,3,0.0
2094465509,3,0.0
2094465519,3,0.0
2094465529,3,0.0
2094465539,3,0.0
2094465549,3,0.0
2094465559,3,0.0
2094465569,3,0.0
2094465579,3,0.0
2094465589,3,0.0
2094465599,3,0.0
2094465609,3,0.0
2094465619,3,0.0
2094465629,3,0.0
2094465639,3,0.0
2094465649,3,0.0
2094465659,3,0.0
2094465669,3,0.0
2094465679,3,0.0
2094465689,3,0.0
2094465699,3,0.0
2094465709,3,0.0
2094465719,3,0.0
2094465729,3,0.0
2094465739,3,0.0
2094465749,3,0.0
2094465759,3,0.0
2094465769,3,0.0
2094465779,3,0.0
2094465789,3,0.0
2094465799,3,0.0
2094465809,3,0.0
2094465819,3,0.0
2094465829,3,0.0
2094465839,3,0.0
2094465849,3,0.0
2094465859,3,0.0
2094465869,3,0.0
2094465879,3,0.0
2094465889,3,0.0
2094465899,3,0.0
2094465909,3,0.0
2094465919,3,0.0
2094465929,3,0.0
2094465939,3,0.0
2094465949,3,0.0
2094465959,3,0.0
2094465969,3,0.0
2094465979,3,0.0
2094465989,3,0.0
2094465999,3,0.0
2094466009,3,0.0
2094466019,3,0.0
2094466029,3,0.0
2094466039,3,0.0
2094466049,3,0.0
2094466059,3,0.0
2094466069,3,0.0
2094466079,3,0.0
2094466089,3,0.0
2094466099,3,0.0
2094466109,3,0.0
2094466119,3,0.0
2094466129,3,0.0
2094466139,3,0.0
2094466149,3,0.0
2094466159,3,0.0
2094466169,3,0.0
2094466179,3,0.0
2094466189,3,0.0
2094466199,3,0.0
2094466209,3,0.0
2094466219,3,0.0
2094466229,3,0.0
2094466239,3,0.0
2094466249,3,0.0
2094466259,3,0.0
2094466269,3,0.0
2094466279,3,0.0
2094466289,3,0.0
2094466299,3,0.0
2094466309,3,0.0
2094466319,3,0.0
2094466329,3,0.0
2094466339,3,0.0
2094466349,3,0.0
2094466359,3,0.0
2094466369,3,0.0
2094466379,3,0.0
2094466389,3,0.0
2094466399,3,0.0
2094466409,3,0.0
2094466419,3,0.0
2094466429,3,0.0
2094466439,3,0.0
2094466449,3,0.0
2094466459,3,0.0
2094466469,3,0.0
2094466479,3,0.0
2094466489,3,0.0
2094466499,3,0.0
2094466509,3,0.0
2094466519,3,0.0
2094466529,3,0.0
2094466539,3,0.0
2094466549,3,0.0
2094466559,3,0.0
2094466569,3,0.0
2094466579,3,0.0
2094466589,3,0.0
2094466599,3,0.0
2094466609,3,0.0
2094466619,3,0.0
2094466629,3,0.0
2094466639,3,0.0
2094466649,3,0.0
2094466659,3,0.0
2094466669,3,0.0
2094466679,3,0.0
2094466689,3,0.0
2094466699,3,0.0
2094466709,3,0.0
2094466719,3,0.0
2094466729,3,0.0
2094466739,3,0.0
2094466749,3,0.0
2094466759,3,0.0
2094466769,3,0.0
2094466779,3,0.0
2094466789,3,0.0
2094466799,3,0.0
2094466809,3,0.0
2094466819,3,0.0
2094466829,3,0.0
2094466839,3,0.0
2094466849,3,0.0
2094466859,3,0.0
2094466869,3,0.0
2094466879,3,0.0
2094466889,3,0.0
2094466899,3,0.0
2094466909,3,0.0
2094466919,3,0.0
2094466929,3,0.0
2094466939,3,0.0
2094466949,3,0.0
2094466959,3,0.0
2094466969,3,0.0
2094466979,3,0.0
2094466989,3,0.0
2094466999,3,0.0
2094467009,3,0.0
2094467019,3,0.0
2094467029,3,0.0
2094467039,3,0.0
2094467049,3,0.0
2094467059,3,0.0
2094467069,3,0.0
2094467079,3,0.0
2094467089,3,0.0
2094467099,3,0.0
2094467109,3,0.0
2094467119,3,0.0
2094467129,3,0.0
2094467139,3,0.0
2094467149,3,0.0
2094467159,3,0.0
2094467169,3,0.0
2094467179,3,0.0
2094467189,3,0.0
2094467199,3,0.0
2094467209,3,0.0
2094467219,3,0.0
2094467229,3,0.0
2094467239,3,0.0
2094467249,3,0.0
2094467259,3,0.0
2094467269,3,0.0
2094467279,3,0.0
2094467289,3,0.0
2094467299,3,0.0
2094467309,3,0.0
2094467319,3,0.0
2094467329,3,0.0
2094467339,3,0.0
2094467349,3,0.0
2094467359,3,0.0
2094467369,3,0.0
2094467379,3,0.0
2094467389,3,0.0
2094467399,3,0.0
2094467409,3,0.0
2094467419,3,0.0
2094467429,3,0.0
2094467439,3,0.0
2094467449,3,0.0
2094467459,3,0.0
2094467469,3,0.0
2094467479,3,0.0
2094467489,3,0.0
2094467499,3,0.0
2094467509,3,0.0
2094467519,3,0.0
2094467529,3,0.0
2094467539,3,0.0
2094467549,3,0.0
2094467559,3,0.0
2094467569,3,0.0
2094467579,3,0.0
2094467589,3,0.0
2094467599,3,0.0
2094467609,3,0.0
2094467619,3,0.0
2094467629,3,0.0
2094467639,3,0.0
2094467649,3,0.0
2094467659,3,0.0
2094467669,3,0.0
2094467679,3,0.0
2094467689,3,0.0
2094467699,3,0.0
2094467709,3,0.0
2094467719,3,0.0
2094467729,3,0.0
2094467739,3,0.0
2094467749,3,0.0
2094467759,3,0.0
2094467769,3,0.0
2094467779,3,0.0
2094467789,3,0.0
2094467799,3,0.0
2094467809,3,0.0
2094467819,3,0.0
2094467829,3,0.0
2094467839,3,0.0
2094467849,3,0.0
2094467859,3,0.0
2094467869,3,0.0
2094467879,3,0.0
2094467889,3,0.0
2094467899,3,0.0
2094467909,3,0.0
2094467919,3,0.0
2094467929,3,0.0
2094467939,3,0.0
2094467949,3,0.0
2094467959,3,0.0
2094467969,3,0.0
2094467979,3,0.0
2094467989,3,0.0
2094467999,3,0.0
2094468009,3,0.0
2094468019,3,0.0
2094468029,3,0.0
2094468039,3,0.0
2094468049,3,0.0
2094468059,3,0.0
2094468069,3,0.0
2094468079,3,0.0
2094468089,3,0.0
2094468099,3,0.0
2094468109,3,0.0
2094468119,3,0.0
2094468129,3,0.0
2094468139,3,0.0
2094468149,3,0.0
2094468159,3,0.0
2094468169,3,0.0
2094468179,3,0.0
2094468189,3,0.0
2094468199,3,0.0
2094468209,3,0.0
2094468219,3,0.0
2094468229,3,0.0
2094468239,3,0.0
2094468249,3,0.0
2094468259,3,0.0
2094468269,3,0.0
2094468279,3,0.0
2094468289,3,0.0
2094468299,3,0.0
2094468309,3,0.0
2094468319,3,0.0
2094468329,3,0.0
2094468339,3,0.0
2094468349,3,0.0
2094468359,3,0.0
2094468369,3,0.0
2094468379,3,0.0
2094468389,3,0.0
2094468399,3,0.0
2094468409,3,0.0
2094468419,3,1.0
2094468429,3,0.0
2094468439,3,0.0
2094468449,3,0.0
2094468459,3,0.0
2094468469,3,4.0
2094468479,3,1.0
2094468489,3,1.0
2094468499,3,1.0
2094468509,3,1.0
2094468519,3,7.0
2094468529,3,1.0
2094468539,3,1.0
2094468549,3,1.0
2094468559,3,1.0
2094468569,3,1.0
2094468579,3,8.0
2094468589,3,2.0
2094468599,3,2.0
2094468609,3,2.0
2094468619,3,2.0
2094468629,3,9.0
2094468639,3,2.0
2094468649,3,2.0
2094468659,3,2.0
2094468669,3,2.0
2094468679,3,11.0
2094468689,3,2.0
2094468699,3,2.0
2094468709,3,2.0
2094468719,3,2.0
2094468729,3,11.0
2094468739,3,2.0
2094468749,3,2.0
2094468759,3,2.0
2094468769,3,2.0
2094468779,3,8.0
2094468789,3,2.0
2094468799,3,2.0
2094468809,3,2.0
2094468819,3,2.0
2094468829,3,8.0
2094468839,3,2.0
2094468849,3,2.0
2094468859,3,2.0
2094468869,3,2.0
2094468879,3,2.0
2094468889,3,8.0
2094468899,3,2.0
2094468909,3,2.0
2094468919,3,2.0
2094468929,3,2.0
2094468939,3,8.0
2094468949,3,2.0
2094468959,3,2.0
2094468969,3,2.0
2094468979,3,2.0
2094468989,3,8.0
2094468999,3,2.0
2094469009,3,2.0
2094469019,3,2.0
2094469029,3,2.0
2094469039,3,8.0
2094469049,3,2.0
2094469059,3,2.0
2094469069,3,2.0
2094469079,3,2.0
2094469089,3,8.0
2094469099,3,2.0
2094469109,3,2.0
2094469119,3,2.0
2094469129,3,2.0
2094469139,3,9.0
2094469149,3,2.0
2094469159,3,2.0
2094469169,3,2.0
2094469179,3,2.0
2094469189,3,2.0
2094469199,3,9.0
2094469209,3,2.0
2094469219,3,2.0
2094469229,3,2.0
2094469239,3,2.0
2094469249,3,7.0
2094469259,3,1.0
2094469269,3,1.0
2094469279,3,1.0
2094469289,3,1.0
2094469299,3,4.0
2094469309,3,1.0
2094469319,3,1.0
2094469329,3,1.0
2094469339,3,1.0
2094469349,3,2.0
2094469359,3,0.0
2094469369,3,0.0
2094469379,3,0.0
2094469389,3,0.0
2094469399,3,4.0
2094469409,3,1.0
2094469419,3,1.0
2094469429,3,1.0
2094469439,3,1.0
2094469449,3,4.0
2094469459,3,1.0
2094469469,3,1.0
2094469479,3,1.0
2094469489,3,1.0
2094469499,3,5.0
2094469509,3,1.0
2094469519,3,1.0
2094469529,3,1.0
2094469539,3,1.0
2094469549,3,1.0
2094469559,3,5.0
2094469569,3,1.0
2094469579,3,1.0
2094469589,3,1.0
2094469599,3,1.0
2094469609,3,7.0
2094469619,3,1.0
2094469629,3,1.0
2094469639,3,1.0
2094469649,3,1.0
2094469659,3,8.0
2094469669,3,2.0
2094469679,3,2.0
2094469689,3,2.0
2094469699,3,2.0
2094469709,3,8.0
2094469719,3,2.0
2094469729,3,2.0
2094469739,3,2.0
2094469749,3,2.0
2094469759,3,8.0
2094469769,3,2.0
2094469779,3,2.0
2094469789,3,2.0
2094469799,3,2.0
2094469809,3,8.0
2094469819,3,2.0
2094469829,3,2.0
2094469839,3,2.0
2094469849,3,2.0
2094469859,3,8.0
2094469869,3,2.0
2094469879,3,2.0
2094469889,3,2.0
2094469899,3,2.0
2094469909,3,2.0
2094469919,3,7.0
2094469929,3,1.0
2094469939,3,1.0
2094469949,3,1.0
2094469959,3,1.0
2094469969,3,7.0
2094469979,3,1.0
2094469989,3,1.0
2094469999,3,1.0
2094470009,3,1.0
2094470019,3,7.0
2094470029,3,1.0
2094470039,3,1.0
2094470049,3,1.0
2094470059,3,1.0
2094470069,3,7.0
2094470079,3,1.0
2094470089,3,1.0
2094470099,3,1.0
2094470109,3,1.0
2094470119,3,7.0
2094470129,3,1.0
2094470139,3,1.0
2094470149,3,1.0
2094470159,3,1.0
2094470169,3,1.0
2094470179,3,7.0
2094470189,3,1.0
2094470199,3,1.0
2094470209,3,1.0
2094470219,3,1.0
2094470229,3,7.0
2094470239,3,1.0
2094470249,3,1.0
2094470259,3,1.0
2094470269,3,1.0
2094470279,3,7.0
2094470289,3,1.0
2094470299,3,1.0
2094470309,3,1.0
2094470319,3,1.0
2094470329,3,7.0
2094470339,3,1.0
2094470349,3,1.0
2094470359,3,1.0
2094470369,3,1.0
2094470379,3,7.0
2094470389,3,1.0
2094470399,3,1.0
2094470409,3,1.0
2094470419,3,1.0
2094470429,3,7.0
2094470439,3,1.0
2094470449,3,1.0
