game_rotvec,mtk,2026-06-11_17-50-21.438_Active 10 Pro
imuTimestamp,accuracy(more=better),unknown
2079953152,3,0.188004,-0.028701,0.005494,0.981733
2079953162,3,0.187303,-0.028483,0.005433,0.981873
2079953172,3,0.185242,-0.029087,0.005485,0.982247
2079953182,3,0.184167,-0.029536,0.005535,0.982435
2079953192,3,0.182541,-0.030237,0.005617,0.982717
2079953202,3,0.181722,-0.030842,0.005703,0.982849
2079953212,3,0.181978,-0.032138,0.005951,0.982759
2079953223,3,0.183147,-0.032791,0.00611,0.982519
2079953233,3,0.185021,-0.032301,0.006083,0.982184
2079953243,3,0.186026,-0.031591,0.005983,0.982018
2079953253,3,0.185927,-0.031582,0.00598,0.982037
2079953263,3,0.186413,-0.03126,0.005935,0.981956
2079953273,3,0.185645,-0.030965,0.005851,0.982111
2079953283,3,0.185526,-0.030628,0.005783,0.982144
2079953293,3,0.186432,-0.030387,0.005769,0.98198
2079953303,3,0.187226,-0.030702,0.005854,0.981819
2079953313,3,0.188237,-0.030893,0.005922,0.981619
2079953323,3,0.188917,-0.031529,0.00607,0.981467
2079953333,3,0.188966,-0.030259,0.005711,0.9815
2079953343,3,0.188938,-0.029013,0.005354,0.981545
2079953354,3,0.188859,-0.027803,0.005004,0.981597
2079953364,3,0.188725,-0.026642,0.004677,0.981657
2079953374,3,0.188589,-0.025506,0.00436,0.981714
2079953384,3,0.188462,-0.024402,0.004033,0.981768
2079953394,3,0.188383,-0.023291,0.003678,0.981812
2079953404,3,0.18832,-0.022174,0.003318,0.981851
2079953414,3,0.188279,-0.021045,0.00296,0.981885
2079953424,3,0.188226,-0.019928,0.002615,0.981919
2079953434,3,0.188168,-0.018856,0.00228,0.981953
2079953444,3,0.188065,-0.017814,0.001953,0.981992
2079953454,3,0.187936,-0.016813,0.001633,0.982035
2079953464,3,0.1878,-0.015863,0.001314,0.982078
2079953474,3,0.187662,-0.014911,9.99E-4,0.982119
2079953484,3,0.187502,-0.013992,6.9E-4,0.982164
2079953495,3,0.18732,-0.013109,3.86E-4,0.982211
2079953505,3,0.187144,-0.012272,1.22E-4,0.982255
2079953515,3,0.186952,-0.01151,-2.44E-4,0.982301
2079953525,3,0.186764,-0.010812,-5.17E-4,0.982345
2079953535,3,0.186582,-0.010153,-8.09E-4,0.982386
2079953545,3,0.186377,-0.009497,-0.001098,0.982431
2079953555,3,0.186146,-0.008874,-0.001397,0.982481
2079953565,3,0.185885,-0.00827,-0.001655,0.982535
2079953575,3,0.185605,-0.00768,-0.001902,0.982592
2079953585,3,0.185324,-0.007122,-0.002135,0.982649
2079953595,3,0.185078,-0.00659,-0.002379,0.982698
2079953605,3,0.184873,-0.006087,-0.002635,0.98274
2079953615,3,0.184741,-0.005616,-0.002932,0.982766
2079953626,3,0.184627,-0.005155,-0.003245,0.982789
2079953636,3,0.184486,-0.004694,-0.003579,0.982817
2079953646,3,0.18427,-0.004225,-0.003927,0.982858
2079953656,3,0.183976,-0.003788,-0.004279,0.982914
2079953666,3,0.183607,-0.003452,-0.00463,0.982982
2079953676,3,0.183152,-0.003282,-0.004997,0.983066
2079953686,3,0.182595,-0.003329,-0.005397,0.983167
2079953696,3,0.181942,-0.003651,-0.005859,0.983284
2079953706,3,0.181083,-0.004346,-0.006385,0.983437
2079953716,3,0.179928,-0.005585,-0.006995,0.983638
2079953726,3,0.178432,-0.007357,-0.007734,0.983894
2079953736,3,0.176548,-0.009659,-0.008639,0.984206
2079953746,3,0.173975,-0.012715,-0.009736,0.984619
2079953757,3,0.170735,-0.016835,-0.01117,0.985109
2079953767,3,0.167424,-0.021667,-0.012904,0.985562
2079953777,3,0.163861,-0.027035,-0.014744,0.986002
2079953787,3,0.159988,-0.032884,-0.0166,0.986431
2079953797,3,0.155915,-0.038913,-0.018369,0.986832
2079953807,3,0.150714,-0.045249,-0.019803,0.987342
2079953817,3,0.145966,-0.050863,-0.021137,0.987754
2079953827,3,0.140634,-0.056831,-0.022409,0.988175
2079953837,3,0.134685,-0.063391,-0.023461,0.98858
2079953847,3,0.129704,-0.06918,-0.024442,0.988834
2079953857,3,0.124246,-0.074609,-0.02525,0.98912
2079953867,3,0.118543,-0.08012,-0.026002,0.989369
2079953877,3,0.112557,-0.085879,-0.026787,0.989564
2079953887,3,0.106237,-0.091956,-0.027659,0.989693
2079953898,3,0.09991,-0.097973,-0.028732,0.989744
2079953908,3,0.093681,-0.104307,-0.029949,0.98967
2079953918,3,0.087561,-0.111164,-0.031225,0.989444
2079953928,3,0.081866,-0.119263,-0.032427,0.98895
2079953938,3,0.076371,-0.12811,-0.03341,0.98825
2079953948,3,0.070802,-0.137203,-0.034199,0.987417
2079953958,3,0.065282,-0.146909,-0.034825,0.986378
2079953968,3,0.05991,-0.157012,-0.035332,0.985144
2079953978,3,0.054538,-0.167245,-0.035752,0.983756
2079953988,3,0.049271,-0.178088,-0.036115,0.982116
2079953998,3,0.04469,-0.190074,-0.03657,0.980069
2079954008,3,0.04072,-0.202364,-0.037134,0.977758
2079954018,3,0.03761,-0.214903,-0.037831,0.975177
2079954029,3,0.03549,-0.227589,-0.038617,0.972343
2079954039,3,0.034371,-0.240323,-0.039406,0.969283
2079954049,3,0.033912,-0.253012,-0.040098,0.966036
2079954059,3,0.034043,-0.26533,-0.040688,0.962696
2079954069,3,0.034545,-0.277249,-0.041162,0.959294
2079954079,3,0.035141,-0.289235,-0.041465,0.955713
2079954089,3,0.035619,-0.300815,-0.041596,0.952108
2079954099,3,0.03581,-0.312009,-0.041572,0.948493
2079954109,3,0.035674,-0.322968,-0.041407,0.94483
2079954119,3,0.035467,-0.334108,-0.041077,0.94097
2079954129,3,0.035734,-0.346008,-0.040486,0.936676
2079954139,3,0.037074,-0.359169,-0.039546,0.931696
2079954149,3,0.039797,-0.373772,-0.038227,0.925877
2079954160,3,0.04375,-0.389655,-0.036604,0.919192
2079954170,3,0.048641,-0.406454,-0.034753,0.911713
2079954180,3,0.05403,-0.423508,-0.032785,0.903684
2079954190,3,0.059782,-0.441,-0.030661,0.894988
2079954200,3,0.066339,-0.459517,-0.028292,0.885235
2079954210,3,0.07373,-0.47894,-0.02568,0.874368
2079954220,3,0.081688,-0.499041,-0.022819,0.862417
2079954230,3,0.089926,-0.519549,-0.019765,0.849465
2079954240,3,0.098178,-0.540124,-0.016634,0.835673
2079954250,3,0.106235,-0.560481,-0.013523,0.821213
2079954260,3,0.113951,-0.580368,-0.010461,0.806274
2079954270,3,0.12125,-0.599563,-0.007392,0.791054
2079954280,3,0.128066,-0.617959,-0.004218,0.775698
2079954290,3,0.134348,-0.635454,-8.71E-4,0.76036
2079954301,3,0.140076,-0.651842,0.002513,0.745301
2079954311,3,0.145156,-0.667084,0.005866,0.73068
2079954321,3,0.149436,-0.681169,0.009203,0.716653
2079954331,3,0.152795,-0.694106,0.012483,0.703359
2079954341,3,0.15517,-0.705845,0.015612,0.690985
2079954351,3,0.156446,-0.716473,0.01847,0.679594
2079954361,3,0.157351,-0.727572,0.020399,0.667429
2079954371,3,0.156878,-0.737462,0.021909,0.65655
2079954381,3,0.154943,-0.746244,0.023084,0.646977
2079954391,3,0.151468,-0.753957,0.024019,0.638771
2079954401,3,0.146691,-0.760535,0.024547,0.632032
2079954411,3,0.140829,-0.766044,0.024604,0.626687
2079954421,3,0.133955,-0.770679,0.024398,0.622505
2079954432,3,0.126215,-0.774493,0.023939,0.619399
2079954442,3,0.117744,-0.777376,0.023202,0.617481
2079954452,3,0.10867,-0.779605,0.022251,0.616369
2079954462,3,0.099182,-0.781231,0.021056,0.615952
2079954472,3,0.089428,-0.782342,0.019678,0.61608
2079954482,3,0.079641,-0.782993,0.018233,0.616641
2079954492,3,0.070106,-0.783238,0.016847,0.617526
2079954502,3,0.061046,-0.783187,0.015643,0.618583
2079954512,3,0.052667,-0.782933,0.014731,0.619696
2079954522,3,0.045078,-0.782539,0.01419,0.620805
2079954532,3,0.038245,-0.782079,0.014061,0.621845
2079954542,3,0.032101,-0.781617,0.014304,0.622767
2079954552,3,0.026695,-0.781132,0.014834,0.623618
2079954563,3,0.022083,-0.78074,0.015611,0.624269
2079954573,3,0.018338,-0.780506,0.016667,0.624656
2079954583,3,0.01547,-0.780276,0.018064,0.624982
2079954593,3,0.013318,-0.779947,0.01981,0.625389
2079954603,3,0.011698,-0.779581,0.021864,0.625809
2079954613,3,0.010415,-0.779216,0.024163,0.626202
2079954623,3,0.009327,-0.778873,0.026588,0.626548
2079954633,3,0.008354,-0.778487,0.029049,0.626931
2079954643,3,0.007427,-0.777984,0.031486,0.62745
2079954653,3,0.006553,-0.777635,0.033766,0.627773
2079954663,3,0.005846,-0.777817,0.035784,0.627443
2079954673,3,0.005334,-0.777881,0.037573,0.627263
2079954683,3,0.004705,-0.777819,0.039089,0.627253
2079954693,3,0.004428,-0.777405,0.039687,0.627731
2079954704,3,0.003786,-0.777138,0.040119,0.628038
2079954714,3,0.002868,-0.776994,0.040203,0.628215
2079954724,3,0.001777,-0.776754,0.039792,0.628542
2079954734,3,4.22E-4,-0.776221,0.039018,0.629252
2079954744,3,-0.001183,-0.775508,0.03797,0.630193
2079954754,3,-0.003029,-0.774812,0.036643,0.631121
2079954764,3,-0.005059,-0.77388,0.035082,0.632338
2079954774,3,-0.007209,-0.772624,0.033306,0.633948
2079954784,3,-0.009436,-0.771086,0.03134,0.635889
2079954794,3,-0.011732,-0.769424,0.029217,0.63796
2079954804,3,-0.014057,-0.767866,0.026947,0.639888
2079954814,3,-0.01641,-0.766459,0.024525,0.641614
2079954824,3,-0.019739,-0.765284,0.023052,0.642976
2079954835,3,-0.023159,-0.764134,0.021461,0.644284
2079954845,3,-0.026662,-0.762936,0.019705,0.645622
2079954855,3,-0.030244,-0.761536,0.01773,0.647172
2079954865,3,-0.033013,-0.760245,0.014464,0.648635
2079954875,3,-0.035592,-0.758262,0.010787,0.650887
2079954885,3,-0.038247,-0.756399,0.007111,0.652952
2079954895,3,-0.041075,-0.754769,0.003575,0.654692
2079954905,3,-0.043777,-0.753415,-1.22E-4,0.656085
2079954915,3,-0.046216,-0.752343,-0.004235,0.657133
2079954925,3,-0.048394,-0.750929,-0.00869,0.658549
2079954935,3,-0.050463,-0.75004,-0.013444,0.659326
2079954945,3,-0.052129,-0.74943,-0.018674,0.659763
2079954955,3,-0.053556,-0.748676,-0.024077,0.660329
2079954966,3,-0.054878,-0.747533,-0.029379,0.6613
2079954976,3,-0.056115,-0.746441,-0.034522,0.662182
2079954986,3,-0.057116,-0.745505,-0.039609,0.662864
2079954996,3,-0.057716,-0.745262,-0.04479,0.662756
2079955006,3,-0.058142,-0.745633,-0.049749,0.661947
2079955016,3,-0.058077,-0.746355,-0.054818,0.660738
2079955026,3,-0.057339,-0.746972,-0.060137,0.659642
2079955036,3,-0.056687,-0.748198,-0.064834,0.657861
2079955046,3,-0.055614,-0.749795,-0.069492,0.655655
2079955056,3,-0.054151,-0.751618,-0.074162,0.653174
2079955066,3,-0.052373,-0.753592,-0.078822,0.650493
2079955076,3,-0.050318,-0.755635,-0.083456,0.647702
2079955086,3,-0.048028,-0.757835,-0.088082,0.644686
2079955096,3,-0.045532,-0.760232,-0.092774,0.641378
2079955107,3,-0.04289,-0.762819,-0.097614,0.63776
2079955117,3,-0.039995,-0.76536,-0.102791,0.63408
2079955127,3,-0.036694,-0.767542,-0.108536,0.630676
2079955137,3,-0.033809,-0.769881,-0.113783,0.627051
2079955147,3,-0.030687,-0.771491,-0.119333,0.624194
2079955157,3,-0.027072,-0.772046,-0.125407,0.622483
2079955167,3,-0.020857,-0.770487,-0.134428,0.62277
2079955177,3,-0.014932,-0.76865,-0.1425,0.623415
2079955187,3,-0.008336,-0.765789,-0.150929,0.625074
2079955197,3,-0.001434,-0.761532,-0.159443,0.628206
2079955207,3,0.005284,-0.756398,-0.167634,0.632243
2079955217,3,0.011503,-0.750641,-0.175289,0.636929
2079955227,3,0.017112,-0.74458,-0.182552,0.641858
2079955238,3,0.022221,-0.738855,-0.189675,0.646237
2079955248,3,0.026957,-0.733538,-0.19698,0.649918
2079955258,3,0.03141,-0.729063,-0.204509,0.652422
2079955268,3,0.03447,-0.724831,-0.211354,0.654797
2079955278,3,0.036096,-0.720871,-0.217467,0.657076
2079955288,3,0.036323,-0.717243,-0.222852,0.659225
2079955298,3,0.035262,-0.713969,-0.227557,0.661227
2079955308,3,0.033065,-0.711126,-0.231626,0.662989
2079955318,3,0.029844,-0.708793,-0.235101,0.664415
2079955328,3,0.025757,-0.706999,-0.238036,0.665453
2079955338,3,0.020947,-0.705719,-0.240483,0.666099
2079955348,3,0.015514,-0.704928,-0.242469,0.666365
2079955358,3,0.009633,-0.704576,-0.244037,0.666276
2079955369,3,0.003482,-0.704627,-0.245233,0.665844
2079955379,3,-0.002786,-0.705033,-0.246079,0.665105
2079955389,3,-0.009058,-0.705713,-0.246533,0.664159
2079955399,3,-0.017502,-0.707123,-0.244249,0.663334
2079955409,3,-0.025617,-0.708701,-0.241588,0.66236
2079955419,3,-0.033384,-0.710204,-0.238556,0.661502
2079955429,3,-0.040786,-0.711399,-0.235193,0.661007
2079955439,3,-0.046253,-0.711206,-0.233367,0.661502
2079955449,3,-0.051645,-0.710623,-0.230983,0.662565
2079955459,3,-0.056994,-0.709616,-0.228083,0.664209
2079955469,3,-0.062316,-0.708221,-0.224739,0.666356
2079955479,3,-0.067645,-0.706468,-0.221025,0.668935
2079955489,3,-0.073036,-0.704409,-0.216998,0.671852
2079955499,3,-0.078559,-0.702078,-0.212698,0.675035
2079955510,3,-0.084234,-0.699519,-0.208152,0.678416
2079955520,3,-0.091301,-0.697415,-0.202089,0.681494
2079955530,3,-0.098498,-0.695107,-0.195946,0.684637
2079955540,3,-0.105885,-0.692638,-0.189709,0.687786
2079955550,3,-0.113482,-0.690058,-0.183404,0.690871
2079955560,3,-0.121294,-0.687435,-0.177088,0.693801
2079955570,3,-0.129361,-0.684845,-0.170758,0.696486
2079955580,3,-0.137739,-0.682318,-0.164428,0.698879
2079955590,3,-0.146375,-0.679874,-0.158138,0.700954
2079955600,3,-0.155195,-0.677485,-0.151972,0.702731
2079955610,3,-0.164135,-0.675156,-0.145956,0.704215
2079955620,3,-0.173152,-0.672941,-0.14009,0.705367
2079955630,3,-0.182183,-0.670934,-0.134386,0.706113
2079955641,3,-0.191253,-0.669175,-0.128811,0.706423
2079955651,3,-0.20036,-0.667693,-0.123303,0.706283
2079955661,3,-0.20951,-0.666561,-0.117801,0.705636
2079955671,3,-0.218618,-0.665806,-0.11234,0.704476
2079955681,3,-0.22764,-0.665422,-0.106915,0.702823
2079955691,3,-0.23645,-0.665385,-0.101614,0.700733
2079955701,3,-0.244535,-0.665275,-0.096857,0.698734
2079955711,3,-0.252126,-0.6652,-0.092411,0.696707
2079955721,3,-0.259189,-0.665019,-0.088305,0.694818
2079955731,3,-0.26568,-0.664611,-0.084581,0.693218
2079955741,3,-0.271588,-0.663877,-0.081287,0.692025
2079955751,3,-0.27692,-0.662765,-0.07842,0.691308
2079955761,3,-0.281676,-0.661248,-0.076037,0.691105
2079955772,3,-0.285843,-0.659332,-0.074202,0.691424
2079955782,3,-0.289452,-0.657072,-0.072928,0.692209
2079955792,3,-0.292585,-0.65454,-0.072161,0.69337
2079955802,3,-0.295318,-0.65178,-0.071858,0.694842
2079955812,3,-0.297693,-0.648932,-0.071938,0.696484
2079955822,3,-0.299772,-0.646097,-0.072267,0.698191
2079955832,3,-0.301591,-0.643382,-0.072702,0.699868
2079955842,3,-0.303111,-0.640868,-0.073157,0.701468
2079955852,3,-0.304253,-0.638537,-0.07366,0.703045
2079955862,3,-0.304939,-0.636372,-0.074259,0.704647
2079955872,3,-0.305124,-0.634369,-0.074981,0.706295
2079955882,3,-0.304809,-0.632533,-0.075801,0.707988
2079955892,3,-0.304071,-0.630884,-0.076603,0.709687
2079955902,3,-0.303055,-0.629503,-0.077207,0.711281
2079955913,3,-0.30191,-0.62855,-0.07737,0.712592
2079955923,3,-0.298901,-0.62858,-0.07876,0.713681
2079955933,3,-0.297933,-0.628945,-0.077491,0.713903
2079955943,3,-0.297156,-0.630063,-0.07537,0.713468
2079955953,3,-0.29656,-0.631892,-0.072398,0.712405
2079955963,3,-0.296118,-0.634361,-0.068606,0.710768
2079955973,3,-0.295797,-0.637385,-0.064067,0.708617
2079955983,3,-0.295549,-0.640882,-0.05888,0.706012
2079955993,3,-0.295331,-0.644798,-0.053143,0.702986
2079956003,3,-0.295055,-0.649071,-0.046955,0.699603
2079956013,3,-0.29465,-0.653652,-0.04042,0.695906
2079956023,3,-0.294058,-0.658449,-0.033651,0.691983
2079956033,3,-0.293208,-0.663393,-0.026752,0.687911
2079956044,3,-0.292076,-0.668405,-0.019823,0.683763
2079956054,3,-0.290623,-0.673398,-0.012949,0.679635
2079956064,3,-0.288808,-0.678267,-0.006214,0.67565
2079956074,3,-0.286595,-0.682934,2.72E-4,0.67191
2079956084,3,-0.283961,-0.687315,0.006404,0.668522
2079956094,3,-0.280889,-0.691369,0.012098,0.665554
2079956104,3,-0.277365,-0.69507,0.017266,0.663058
2079956114,3,-0.273383,-0.698418,0.021824,0.661057
2079956124,3,-0.268932,-0.701433,0.025718,0.659549
2079956134,3,-0.264035,-0.704167,0.02893,0.65848
2079956144,3,-0.258728,-0.706674,0.031479,0.657783
2079956154,3,-0.253059,-0.709013,0.033419,0.657376
2079956164,3,-0.247076,-0.711229,0.034803,0.657186
2079956175,3,-0.240845,-0.713347,0.035702,0.657155
2079956185,3,-0.234424,-0.715365,0.036172,0.657259
2079956195,3,-0.227859,-0.717259,0.03624,0.657499
2079956205,3,-0.22118,-0.71901,0.035951,0.657883
2079956215,3,-0.214407,-0.720608,0.035313,0.658411
2079956225,3,-0.207553,-0.722062,0.034348,0.659065
2079956235,3,-0.200637,-0.723406,0.03307,0.659798
2079956245,3,-0.193674,-0.724697,0.03152,0.660537
2079956255,3,-0.186676,-0.725993,0.029713,0.661212
2079956265,3,-0.179705,-0.727333,0.027706,0.661758
2079956275,3,-0.172791,-0.728775,0.025532,0.662101
2079956285,3,-0.165971,-0.730347,0.023256,0.662196
2079956295,3,-0.159271,-0.732056,0.020896,0.662033
2079956305,3,-0.151688,-0.733525,0.017465,0.662288
2079956316,3,-0.144312,-0.735106,0.01404,0.662264
2079956326,3,-0.13714,-0.73674,0.010642,0.662036
2079956336,3,-0.130165,-0.738385,0.00726,0.661657
2079956346,3,-0.123439,-0.740053,0.003959,0.661111
2079956356,3,-0.11701,-0.74175,7.91E-4,0.660389
2079956366,3,-0.110917,-0.743488,-0.002204,0.659483
2079956376,3,-0.105204,-0.745265,-0.004985,0.658396
2079956386,3,-0.099882,-0.747119,-0.007546,0.657098
2079956396,3,-0.094964,-0.749071,-0.009878,0.655572
2079956406,3,-0.09047,-0.751089,-0.011959,0.653863
2079956416,3,-0.086356,-0.753089,-0.013792,0.652079
2079956426,3,-0.082809,-0.755317,-0.015183,0.649928
2079956436,3,-0.079419,-0.75732,-0.016499,0.647985
2079956447,3,-0.076152,-0.759042,-0.017748,0.646328
2079956457,3,-0.072983,-0.760441,-0.01894,0.645013
2079956467,3,-0.069918,-0.761518,-0.02007,0.644047
2079956477,3,-0.066965,-0.762292,-0.021126,0.643412
2079956487,3,-0.064162,-0.762775,-0.022091,0.643093
2079956497,3,-0.061486,-0.762981,-0.022987,0.643078
2079956507,3,-0.058923,-0.762921,-0.02381,0.64336
2079956517,3,-0.056441,-0.762595,-0.024581,0.643939
2079956527,3,-0.054024,-0.762034,-0.0253,0.644782
2079956537,3,-0.051658,-0.761275,-0.025957,0.645845
2079956547,3,-0.049331,-0.760337,-0.026541,0.647107
2079956557,3,-0.047023,-0.759244,-0.027049,0.64854
2079956567,3,-0.044731,-0.758031,-0.027498,0.6501
2079956578,3,-0.042466,-0.756739,-0.027891,0.651738
2079956588,3,-0.040592,-0.754874,-0.027829,0.65402
2079956598,3,-0.038759,-0.753017,-0.027767,0.65627
2079956608,3,-0.037048,-0.751232,-0.027672,0.658416
2079956618,3,-0.03552,-0.749539,-0.027529,0.660432
2079956628,3,-0.034231,-0.747906,-0.027321,0.662358
2079956638,3,-0.033219,-0.746309,-0.027075,0.664217
2079956648,3,-0.032485,-0.744643,-0.026846,0.666131
2079956658,3,-0.032035,-0.742914,-0.026696,0.668086
2079956668,3,-0.031766,-0.741237,-0.02681,0.669955
2079956678,3,-0.031576,-0.739482,-0.027396,0.671876
2079956688,3,-0.0314,-0.737499,-0.02854,0.674013
2079956698,3,-0.030246,-0.735164,-0.031305,0.676489
2079956708,3,-0.029177,-0.732729,-0.034464,0.67902
2079956719,3,-0.028212,-0.730188,-0.037956,0.681606
2079956729,3,-0.027356,-0.727554,-0.041696,0.684234
2079956739,3,-0.027514,-0.725055,-0.044653,0.68669
2079956749,3,-0.027707,-0.722519,-0.047773,0.689141
2079956759,3,-0.027958,-0.719957,-0.050925,0.691581
2079956769,3,-0.02836,-0.717343,-0.053921,0.69405
2079956779,3,-0.028929,-0.714793,-0.056734,0.696429
2079956789,3,-0.029554,-0.712357,-0.059432,0.69867
2079956799,3,-0.03021,-0.709901,-0.062043,0.700912
2079956809,3,-0.030905,-0.707359,-0.064527,0.703223
2079956819,3,-0.031052,-0.704132,-0.067507,0.70617
2079956829,3,-0.031374,-0.700822,-0.070223,0.709177
2079956839,3,-0.031893,-0.69747,-0.072683,0.712204
2079956850,3,-0.032616,-0.694127,-0.074888,0.715202
2079956860,3,-0.033529,-0.69085,-0.076876,0.718116
2079956870,3,-0.034623,-0.687712,-0.07867,0.720876
2079956880,3,-0.035891,-0.684804,-0.080311,0.723398
2079956890,3,-0.037315,-0.682222,-0.081831,0.725591
2079956900,3,-0.03887,-0.680038,-0.083278,0.727393
2079956910,3,-0.04053,-0.678298,-0.084682,0.728763
2079956920,3,-0.042276,-0.677035,-0.086065,0.729676
2079956930,3,-0.044113,-0.67625,-0.087422,0.730134
2079956940,3,-0.046055,-0.67593,-0.088737,0.730152
2079956950,3,-0.048113,-0.676045,-0.089986,0.72976
2079956960,3,-0.050279,-0.67655,-0.091139,0.729003
2079956970,3,-0.052564,-0.677409,-0.092161,0.727914
2079956981,3,-0.054949,-0.678563,-0.093063,0.726547
2079956991,3,-0.057411,-0.679965,-0.093819,0.724947
2079957001,3,-0.059942,-0.68156,-0.094402,0.723166
2079957011,3,-0.062565,-0.68331,-0.094787,0.72124
2079957021,3,-0.065285,-0.685156,-0.094931,0.719225
2079957031,3,-0.068809,-0.687768,-0.094154,0.716501
2079957041,3,-0.072415,-0.69042,-0.093135,0.713723
2079957051,3,-0.076116,-0.693044,-0.09188,0.710952
2079957061,3,-0.079871,-0.695564,-0.090398,0.708264
2079957071,3,-0.083655,-0.697889,-0.088743,0.705745
2079957081,3,-0.087452,-0.699911,-0.086928,0.703505
2079957091,3,-0.091245,-0.701572,-0.084968,0.701605
2079957101,3,-0.095067,-0.702858,-0.082829,0.700065
2079957111,3,-0.098636,-0.703043,-0.080786,0.699624
2079957122,3,-0.1023,-0.702956,-0.078494,0.699446
2079957132,3,-0.106021,-0.702619,-0.075999,0.699506
2079957142,3,-0.109732,-0.702055,-0.073354,0.699782
2079957152,3,-0.113358,-0.701298,-0.07065,0.700241
2079957162,3,-0.116846,-0.700392,-0.067953,0.700842
2079957172,3,-0.120139,-0.699366,-0.065329,0.701559
2079957182,3,-0.123208,-0.698239,-0.062853,0.702375
2079957192,3,-0.126024,-0.697061,-0.06056,0.703246
2079957202,3,-0.128609,-0.695906,-0.058467,0.704098
2079957212,3,-0.131001,-0.694851,-0.056568,0.704854
2079957222,3,-0.133263,-0.69398,-0.054812,0.705427
2079957232,3,-0.135441,-0.693352,-0.053153,0.705757
2079957242,3,-0.137609,-0.692995,-0.051517,0.705809
2079957253,3,-0.139549,-0.693028,-0.050121,0.705496
2079957263,3,-0.141414,-0.693297,-0.048744,0.704957
2079957273,3,-0.143247,-0.693846,-0.047311,0.704143
2079957283,3,-0.145073,-0.694708,-0.045763,0.703021
2079957293,3,-0.147642,-0.696111,-0.043349,0.70125
2079957303,3,-0.150298,-0.697908,-0.04069,0.699055
2079957313,3,-0.153003,-0.700077,-0.037792,0.696457
2079957323,3,-0.155718,-0.702589,-0.034677,0.693481
2079957333,3,-0.158402,-0.70541,-0.031392,0.690159
2079957343,3,-0.161024,-0.708506,-0.027971,0.686518
2079957353,3,-0.163531,-0.711862,-0.024461,0.682576
2079957363,3,-0.165873,-0.71544,-0.020913,0.678375
2079957373,3,-0.168008,-0.71918,-0.017386,0.67398
2079957384,3,-0.169871,-0.722998,-0.01396,0.669493
2079957394,3,-0.171392,-0.726784,-0.010728,0.665051
2079957404,3,-0.172366,-0.730442,-0.007943,0.660818
2079957414,3,-0.172952,-0.733946,-0.00547,0.656795
2079957424,3,-0.1731,-0.737219,-0.003389,0.653094
2079957434,3,-0.172802,-0.740205,-0.001739,0.649793
2079957444,3,-0.172057,-0.742893,-4.88E-4,0.646919
2079957454,3,-0.1709,-0.74533,2.99E-4,0.644419
2079957464,3,-0.169395,-0.747535,6.9E-4,0.642258
2079957474,3,-0.167613,-0.749531,8.0E-4,0.640396
2079957484,3,-0.165604,-0.751332,6.22E-4,0.638807
2079957494,3,-0.164,-0.753308,8.27E-4,0.63689
2079957504,3,-0.162298,-0.755096,9.05E-4,0.635206
2079957514,3,-0.160523,-0.75668,8.97E-4,0.63377
2079957525,3,-0.158702,-0.758061,8.0E-4,0.632578
2079957535,3,-0.15686,-0.75923,7.01E-4,0.631635
2079957545,3,-0.155002,-0.760178,5.45E-4,0.630954
2079957555,3,-0.153126,-0.760904,4.22E-4,0.630536
2079957565,3,-0.151226,-0.761421,2.11E-4,0.630371
2079957575,3,-0.149309,-0.761749,0.0,0.630431
2079957585,3,-0.147368,-0.761911,-1.72E-4,0.630692
2079957595,3,-0.145416,-0.761959,-5.32E-4,0.631087
2079957605,3,-0.143475,-0.761925,-9.05E-4,0.631571
2079957615,3,-0.141573,-0.761876,-0.00128,0.63206
2079957625,3,-0.139751,-0.761887,-0.001669,0.63245
2079957635,3,-0.138045,-0.762017,-0.002042,0.632668
2079957645,3,-0.136487,-0.762281,-0.002385,0.632686
2079957656,3,-0.135068,-0.762675,-0.002699,0.632514
2079957666,3,-0.133751,-0.763165,-0.003029,0.632202
2079957676,3,-0.132511,-0.763688,-0.003369,0.63183
2079957686,3,-0.131313,-0.764188,-0.003764,0.631474
2079957696,3,-0.129648,-0.763961,-0.004689,0.632085
2079957706,3,-0.128015,-0.763677,-0.005664,0.632753
2079957716,3,-0.126432,-0.763273,-0.006674,0.633548
2079957726,3,-0.124894,-0.762716,-0.007711,0.634511
2079957736,3,-0.123426,-0.761984,-0.008744,0.635663
2079957746,3,-0.12206,-0.7611,-0.009725,0.636971
2079957756,3,-0.120798,-0.759993,-0.010612,0.638518
2079957766,3,-0.119815,-0.758946,-0.011211,0.639936
2079957776,3,-0.118666,-0.757571,-0.011924,0.641764
2079957787,3,-0.117274,-0.755811,-0.012834,0.644074
2079957797,3,-0.115561,-0.75362,-0.014031,0.646919
2079957807,3,-0.113503,-0.750984,-0.015513,0.650306
2079957817,3,-0.111107,-0.747919,-0.017262,0.654196
2079957827,3,-0.108388,-0.744482,-0.019232,0.658504
2079957837,3,-0.10541,-0.74074,-0.021353,0.663125
2079957847,3,-0.102245,-0.736781,-0.023556,0.66794
2079957857,3,-0.098964,-0.732682,-0.025761,0.672843
2079957867,3,-0.095628,-0.728503,-0.027892,0.677761
2079957877,3,-0.092295,-0.724309,-0.0299,0.682615
2079957887,3,-0.088985,-0.720211,-0.031764,0.68729
2079957897,3,-0.085768,-0.715961,-0.033366,0.692047
2079957907,3,-0.08267,-0.712,-0.034742,0.696429
2079957917,3,-0.079723,-0.708472,-0.035908,0.7003
2079957928,3,-0.076986,-0.705522,-0.036889,0.703527
2079957938,3,-0.074498,-0.703292,-0.037753,0.705977
2079957948,3,-0.071771,-0.701807,-0.039063,0.707664
2079957958,3,-0.069239,-0.70054,-0.040423,0.709094
2079957968,3,-0.067381,-0.699931,-0.041425,0.709817
2079957978,3,-0.065901,-0.699424,-0.042368,0.710399
2079957988,3,-0.064737,-0.698993,-0.043366,0.71087
2079957998,3,-0.063788,-0.698512,-0.044556,0.711355
2079958008,3,-0.062969,-0.697847,-0.046033,0.711986
2079958018,3,-0.062296,-0.696934,-0.047747,0.712826
2079958028,3,-0.061834,-0.695703,-0.04959,0.713942
2079958038,3,-0.061687,-0.694172,-0.051432,0.715313
2079958048,3,-0.061925,-0.69245,-0.053173,0.716833
2079958059,3,-0.062549,-0.690622,-0.054811,0.718418
2079958069,3,-0.063533,-0.688763,-0.056364,0.719994
2079958079,3,-0.06483,-0.686942,-0.057866,0.721496
2079958089,3,-0.066406,-0.685157,-0.059338,0.72293
2079958099,3,-0.067624,-0.682567,-0.061391,0.725092
2079958109,3,-0.069044,-0.680026,-0.06346,0.727165
2079958119,3,-0.07065,-0.677566,-0.06553,0.729121
2079958129,3,-0.072457,-0.67525,-0.067603,0.730901
2079958139,3,-0.074441,-0.673146,-0.069678,0.732445
2079958149,3,-0.076594,-0.671322,-0.071765,0.733695
2079958159,3,-0.078908,-0.669869,-0.073864,0.734569
2079958169,3,-0.081369,-0.668864,-0.075984,0.735
2079958179,3,-0.083966,-0.66835,-0.078159,0.734947
2079958190,3,-0.087479,-0.66858,-0.079677,0.734165
2079958200,3,-0.091129,-0.669343,-0.081248,0.732853
2079958210,3,-0.094878,-0.670677,-0.082894,0.730971
2079958220,3,-0.098671,-0.67255,-0.084639,0.728543
2079958230,3,-0.102499,-0.674913,-0.086477,0.725608
2079958240,3,-0.106381,-0.677697,-0.088359,0.722219
2079958250,3,-0.110292,-0.680833,-0.090246,0.71844
2079958260,3,-0.114235,-0.684245,-0.092116,0.714334
2079958270,3,-0.118161,-0.687802,-0.093972,0.710024
2079958280,3,-0.122033,-0.69141,-0.0958,0.705606
2079958290,3,-0.125817,-0.694959,-0.097614,0.701193
2079958300,3,-0.129491,-0.698362,-0.09942,0.696877
2079958391,3,-0.130914,-0.69924,-0.100292,0.695604
2079958401,3,-0.13372,-0.700802,-0.102092,0.693232
2079958411,3,-0.13708,-0.702734,-0.103368,0.690426
2079958421,3,-0.140347,-0.704387,-0.104756,0.687871
2079958431,3,-0.143566,-0.705719,-0.106231,0.685611
2079958441,3,-0.146779,-0.706712,-0.107749,0.683668
2079958451,3,-0.149993,-0.707331,-0.109288,0.682084
2079958462,3,-0.153169,-0.707665,-0.110878,0.680774
2079958472,3,-0.156277,-0.707775,-0.112525,0.679683
2079958482,3,-0.159308,-0.707582,-0.114204,0.6789
2079958492,3,-0.162197,-0.707054,-0.115906,0.678477
2079958502,3,-0.16499,-0.706191,-0.117571,0.678416
2079958512,3,-0.1677,-0.705021,-0.119161,0.678691
2079958522,3,-0.170362,-0.70361,-0.120631,0.679232
2079958532,3,-0.172979,-0.701993,-0.121977,0.680003
2079958542,3,-0.175566,-0.700304,-0.123197,0.680861
2079958552,3,-0.178099,-0.698619,-0.124318,0.68173
2079958562,3,-0.18057,-0.697026,-0.12537,0.682517
2079958572,3,-0.182959,-0.695557,-0.126413,0.683187
2079958582,3,-0.185244,-0.694236,-0.127483,0.683716
2079958593,3,-0.187437,-0.693052,-0.128592,0.684112
2079958603,3,-0.189588,-0.692025,-0.129685,0.684352
2079958613,3,-0.191738,-0.691192,-0.130762,0.68439
2079958623,3,-0.193929,-0.690587,-0.131762,0.684192
2079958633,3,-0.196224,-0.690238,-0.132671,0.683714
2079958643,3,-0.198606,-0.690197,-0.133491,0.682907
2079958653,3,-0.201067,-0.690432,-0.134256,0.681799
2079958663,3,-0.203611,-0.690917,-0.134977,0.680408
2079958673,3,-0.206211,-0.691614,-0.13569,0.678774
2079958683,3,-0.208875,-0.69248,-0.136387,0.676934
2079958693,3,-0.211617,-0.693455,-0.137078,0.674942
2079958703,3,-0.214413,-0.694541,-0.13778,0.672797
2079958713,3,-0.217332,-0.695686,-0.138449,0.670536
2079958724,3,-0.220334,-0.696916,-0.13913,0.668134
2079958734,3,-0.223409,-0.698146,-0.139848,0.665674
2079958744,3,-0.226501,-0.699246,-0.140686,0.663294
2079958754,3,-0.229504,-0.700091,-0.141721,0.661146
2079958764,3,-0.232411,-0.70063,-0.142939,0.659295
2079958774,3,-0.235135,-0.700757,-0.144415,0.657871
2079958784,3,-0.237616,-0.700513,-0.146182,0.656848
2079958794,3,-0.239828,-0.699892,-0.148252,0.656241
2079958804,3,-0.241826,-0.69897,-0.150549,0.655968
2079958814,3,-0.243693,-0.697789,-0.15297,0.655974
2079958824,3,-0.245437,-0.696346,-0.155468,0.65627
2079958834,3,-0.247134,-0.694713,-0.157937,0.656775
2079958844,3,-0.248777,-0.692912,-0.160347,0.657472
2079958854,3,-0.250355,-0.690973,-0.162721,0.658331
2079958865,3,-0.251828,-0.688907,-0.165089,0.659344
2079958875,3,-0.253164,-0.686768,-0.16746,0.660464
2079958885,3,-0.254366,-0.684623,-0.169832,0.661623
2079958895,3,-0.255392,-0.682493,-0.17222,0.66281
2079958905,3,-0.256225,-0.680421,-0.174618,0.66399
2079958915,3,-0.256909,-0.678466,-0.176997,0.665096
2079958925,3,-0.257441,-0.676683,-0.179323,0.666083
2079958935,3,-0.257857,-0.675114,-0.181568,0.666905
2079958945,3,-0.258181,-0.673815,-0.183707,0.667507
2079958955,3,-0.258467,-0.672786,-0.185675,0.66789
2079958965,3,-0.258695,-0.671982,-0.187476,0.668108
2079958975,3,-0.258873,-0.671386,-0.18908,0.668186
2079958985,3,-0.258991,-0.670928,-0.190487,0.668201
2079958996,3,-0.25906,-0.670552,-0.191661,0.668216
2079959006,3,-0.259065,-0.6702,-0.192639,0.668286
2079959016,3,-0.258988,-0.669845,-0.193419,0.668446
2079959026,3,-0.258853,-0.66947,-0.193996,0.668706
2079959036,3,-0.258651,-0.669061,-0.194386,0.669081
2079959046,3,-0.258377,-0.668611,-0.194608,0.669572
2079959056,3,-0.258063,-0.668126,-0.194664,0.67016
2079959066,3,-0.257707,-0.667598,-0.194537,0.67086
2079959076,3,-0.257329,-0.667048,-0.194249,0.671635
2079959086,3,-0.256891,-0.666526,-0.193824,0.672444
2079959096,3,-0.256371,-0.666027,-0.193314,0.673283
2079959106,3,-0.25573,-0.665571,-0.19276,0.674136
2079959116,3,-0.254959,-0.665162,-0.192168,0.675001
2079959127,3,-0.254042,-0.664824,-0.191575,0.675847
2079959137,3,-0.253038,-0.664364,-0.190892,0.676868
2079959147,3,-0.251941,-0.664006,-0.190159,0.677834
2079959157,3,-0.250768,-0.66377,-0.189378,0.678718
2079959167,3,-0.249486,-0.663829,-0.188597,0.679351
2079959177,3,-0.248147,-0.664019,-0.187773,0.679883
2079959187,3,-0.246788,-0.664385,-0.186889,0.680264
2079959197,3,-0.245365,-0.664898,-0.186007,0.680519
2079959207,3,-0.243913,-0.66554,-0.185121,0.680655
2079959217,3,-0.24245,-0.666329,-0.184219,0.680651
2079959227,3,-0.240995,-0.667232,-0.18329,0.680534
2079959237,3,-0.239615,-0.668288,-0.182273,0.680258
2079959247,3,-0.238303,-0.669508,-0.181231,0.679798
2079959257,3,-0.237013,-0.670794,-0.180196,0.679255
2079959268,3,-0.235771,-0.672098,-0.179154,0.678674
2079959278,3,-0.234606,-0.673388,-0.17809,0.678079
2079959288,3,-0.23353,-0.674635,-0.176996,0.677497
2079959298,3,-0.23249,-0.675779,-0.175942,0.676988
2079959308,3,-0.231511,-0.676817,-0.174915,0.676554
2079959318,3,-0.230595,-0.677754,-0.173927,0.676182
2079959328,3,-0.229733,-0.678598,-0.173002,0.675866
2079959338,3,-0.228925,-0.679351,-0.172142,0.675605
2079959348,3,-0.228177,-0.680061,-0.171356,0.675343
2079959358,3,-0.227461,-0.680759,-0.17067,0.675055
2079959368,3,-0.226785,-0.681432,-0.170129,0.674739
2079959378,3,-0.22615,-0.682147,-0.169717,0.674334
2079959388,3,-0.225547,-0.682874,-0.169448,0.673868
2079959399,3,-0.224981,-0.683618,-0.169312,0.673337
2079959409,3,-0.22445,-0.684378,-0.169324,0.672738
2079959419,3,-0.223974,-0.685164,-0.169459,0.672063
2079959429,3,-0.223566,-0.685954,-0.169701,0.671331
2079959439,3,-0.223236,-0.686763,-0.170034,0.670529
2079959449,3,-0.223012,-0.68762,-0.170425,0.669625
2079959459,3,-0.222924,-0.688501,-0.170827,0.668646
2079959469,3,-0.222974,-0.689398,-0.171256,0.667595
2079959479,3,-0.223126,-0.690295,-0.171735,0.666493
2079959489,3,-0.223383,-0.691172,-0.17224,0.665367
2079959499,3,-0.223745,-0.69201,-0.172764,0.664237
2079959509,3,-0.224195,-0.692792,-0.173312,0.663127
2079959519,3,-0.224728,-0.693505,-0.17389,0.662049
2079959530,3,-0.225319,-0.694124,-0.174509,0.661035
2079959540,3,-0.225994,-0.694653,-0.175143,0.660081
2079959550,3,-0.22672,-0.695101,-0.17579,0.659188
2079959560,3,-0.227489,-0.695434,-0.176471,0.65839
2079959570,3,-0.22831,-0.695676,-0.17715,0.657667
2079959580,3,-0.229183,-0.695822,-0.177812,0.65703
2079959590,3,-0.230086,-0.695879,-0.178486,0.656471
2079959600,3,-0.231031,-0.695829,-0.179145,0.656012
2079959610,3,-0.231994,-0.695697,-0.17979,0.655635
2079959620,3,-0.232966,-0.695462,-0.180438,0.655362
2079959630,3,-0.233935,-0.695169,-0.181073,0.655153
2079959640,3,-0.234878,-0.694774,-0.181709,0.655058
2079959650,3,-0.235733,-0.694324,-0.182394,0.655038
2079959660,3,-0.236524,-0.693825,-0.183098,0.655086
2079959671,3,-0.237231,-0.693262,-0.183817,0.655225
2079959681,3,-0.237839,-0.692649,-0.184535,0.65545
2079959691,3,-0.238351,-0.692001,-0.185237,0.65575
2079959701,3,-0.23879,-0.691318,-0.185891,0.656127
2079959711,3,-0.239151,-0.69062,-0.186481,0.656562
2079959721,3,-0.239448,-0.689922,-0.186997,0.657041
2079959731,3,-0.239671,-0.689247,-0.187428,0.657545
2079959741,3,-0.239825,-0.68862,-0.187777,0.658046
2079959751,3,-0.239921,-0.688027,-0.188017,0.658563
2079959761,3,-0.239931,-0.68749,-0.188174,0.659075
2079959771,3,-0.239864,-0.686988,-0.188253,0.659599
2079959781,3,-0.239739,-0.686511,-0.188234,0.660147
2079959791,3,-0.239575,-0.686046,-0.188118,0.660723
2079959802,3,-0.23937,-0.685616,-0.187905,0.661304
2079959812,3,-0.239145,-0.685192,-0.187592,0.661913
2079959822,3,-0.238894,-0.68475,-0.187202,0.662571
2079959832,3,-0.238632,-0.684303,-0.186731,0.66326
2079959842,3,-0.238375,-0.683822,-0.186192,0.664
2079959852,3,-0.238139,-0.683337,-0.185574,0.664756
2079959862,3,-0.237925,-0.682847,-0.184903,0.665523
2079959872,3,-0.237723,-0.682377,-0.184223,0.666265
2079959882,3,-0.237532,-0.681902,-0.183529,0.667012
2079959892,3,-0.237334,-0.681445,-0.182863,0.667731
2079959902,3,-0.237141,-0.680988,-0.182234,0.668438
2079959912,3,-0.236917,-0.680558,-0.181669,0.669108
2079959922,3,-0.236711,-0.680166,-0.181152,0.66972
2079959933,3,-0.236508,-0.679796,-0.1807,0.670289
2079959943,3,-0.236301,-0.679474,-0.180326,0.670789
2079959953,3,-0.236109,-0.679182,-0.180023,0.671234
2079959963,3,-0.235912,-0.678905,-0.179796,0.671643
2079959973,3,-0.235737,-0.678627,-0.179641,0.672027
2079959983,3,-0.235574,-0.678376,-0.179559,0.67236
2079959993,3,-0.235422,-0.678118,-0.17954,0.672678
2079960003,3,-0.2353,-0.677903,-0.179576,0.672928
2079960013,3,-0.235208,-0.677728,-0.179656,0.673115
2079960023,3,-0.235168,-0.677607,-0.179768,0.673221
2079960033,3,-0.235179,-0.677534,-0.179909,0.673253
2079960043,3,-0.235223,-0.6775,-0.180072,0.673229
2079960053,3,-0.235329,-0.677494,-0.180228,0.673156
2079960063,3,-0.23554,-0.677622,-0.180366,0.672916
2079960074,3,-0.23574,-0.677784,-0.180564,0.672629
2079960084,3,-0.23602,-0.677947,-0.180727,0.672323
2079960094,3,-0.236396,-0.678152,-0.180843,0.671953
2079960104,3,-0.236831,-0.678377,-0.18093,0.67155
2079960114,3,-0.2373,-0.678626,-0.181031,0.671104
2079960124,3,-0.237794,-0.678876,-0.181136,0.670648
2079960134,3,-0.238325,-0.679152,-0.18121,0.67016
2079960144,3,-0.23886,-0.679437,-0.181285,0.66966
2079960154,3,-0.239426,-0.679718,-0.181327,0.669162
2079960164,3,-0.239996,-0.67998,-0.181354,0.668684
2079960174,3,-0.240577,-0.680244,-0.181368,0.668203
2079960184,3,-0.241168,-0.680526,-0.18137,0.667702
2079960194,3,-0.24177,-0.680799,-0.181378,0.667203
2079960205,3,-0.242361,-0.681074,-0.181398,0.666703
2079960215,3,-0.242925,-0.681359,-0.181461,0.666189
2079960225,3,-0.243467,-0.681669,-0.181561,0.665646
2079960235,3,-0.243978,-0.682022,-0.181739,0.665049
2079960245,3,-0.24446,-0.682398,-0.181975,0.664422
2079960255,3,-0.244924,-0.682793,-0.182266,0.663765
2079960265,3,-0.24535,-0.683208,-0.182639,0.663077
2079960275,3,-0.245745,-0.683662,-0.183097,0.662336
2079960285,3,-0.246103,-0.684146,-0.183629,0.661555
2079960295,3,-0.246401,-0.684656,-0.184256,0.660743
2079960305,3,-0.246669,-0.685176,-0.184946,0.659911
2079960315,3,-0.246903,-0.685694,-0.185706,0.659071
2079960325,3,-0.247123,-0.686195,-0.186494,0.658244
2079960336,3,-0.247311,-0.686674,-0.187321,0.657438
2079960346,3,-0.24746,-0.687107,-0.188183,0.656683
2079960356,3,-0.247571,-0.687508,-0.189068,0.655967
2079960366,3,-0.247639,-0.687861,-0.189966,0.655311
2079960376,3,-0.247683,-0.688127,-0.190832,0.654764
2079960386,3,-0.247698,-0.68833,-0.191648,0.654306
2079960396,3,-0.247714,-0.688446,-0.192352,0.653972
2079960406,3,-0.247729,-0.688487,-0.192942,0.653749
2079960416,3,-0.24772,-0.688488,-0.193435,0.653605
2079960426,3,-0.247695,-0.688461,-0.193809,0.653532
2079960436,3,-0.247643,-0.688409,-0.194082,0.653526
2079960446,3,-0.247534,-0.688324,-0.194274,0.6536
2079960456,3,-0.247353,-0.688208,-0.194419,0.653748
2079960466,3,-0.247054,-0.688046,-0.194527,0.653999
2079960477,3,-0.246607,-0.68786,-0.194642,0.654328
2079960487,3,-0.246062,-0.687662,-0.194716,0.65472
2079960497,3,-0.245424,-0.687447,-0.194756,0.655173
2079960507,3,-0.244705,-0.687249,-0.194743,0.655653
2079960517,3,-0.243928,-0.687046,-0.194666,0.656178
2079960527,3,-0.243121,-0.686869,-0.194485,0.656717
2079960537,3,-0.242297,-0.686724,-0.194184,0.657262
2079960547,3,-0.24145,-0.6866,-0.193795,0.657817
2079960557,3,-0.240566,-0.686483,-0.193315,0.658404
2079960567,3,-0.239632,-0.686351,-0.192782,0.659039
2079960577,3,-0.238662,-0.68621,-0.192179,0.659714
2079960587,3,-0.237655,-0.686065,-0.191522,0.660418
2079960597,3,-0.236608,-0.685888,-0.190823,0.66118
2079960608,3,-0.235531,-0.68571,-0.190063,0.661968
2079960618,3,-0.234429,-0.685534,-0.189246,0.662775
2079960628,3,-0.233319,-0.685334,-0.188359,0.663625
2079960638,3,-0.232199,-0.685131,-0.187398,0.664499
2079960648,3,-0.231096,-0.684914,-0.186373,0.665396
2079960658,3,-0.230004,-0.684682,-0.185294,0.666313
2079960668,3,-0.228936,-0.684435,-0.184155,0.66725
2079960678,3,-0.227885,-0.684177,-0.18297,0.668199
2079960688,3,-0.226887,-0.683919,-0.18173,0.669141
2079960698,3,-0.225931,-0.683706,-0.180453,0.670027
2079960708,3,-0.225046,-0.683507,-0.179122,0.670885
2079960718,3,-0.224231,-0.683353,-0.177768,0.671674
2079960728,3,-0.223496,-0.683261,-0.176374,0.67238
2079960739,3,-0.22284,-0.683213,-0.174957,0.673017
2079960749,3,-0.222271,-0.683217,-0.173538,0.673568
2079960759,3,-0.221788,-0.683272,-0.172117,0.674036
2079960769,3,-0.221383,-0.683346,-0.170721,0.674448
2079960779,3,-0.221041,-0.683431,-0.169367,0.674815
2079960789,3,-0.220744,-0.683539,-0.168061,0.67513
2079960799,3,-0.220501,-0.683652,-0.166809,0.675405
2079960809,3,-0.22032,-0.683766,-0.165602,0.675646
2079960819,3,-0.220206,-0.683921,-0.164425,0.675814
2079960829,3,-0.22018,-0.684113,-0.163277,0.675906
2079960839,3,-0.220228,-0.684324,-0.162162,0.675945
2079960849,3,-0.220321,-0.684561,-0.161082,0.675933
2079960859,3,-0.220463,-0.684791,-0.159999,0.675912
2079960869,3,-0.220638,-0.684998,-0.158896,0.675905
2079960880,3,-0.220818,-0.685185,-0.157757,0.675923
2079960890,3,-0.22101,-0.685376,-0.156552,0.675947
2079960900,3,-0.221188,-0.685551,-0.155304,0.675999
2079960910,3,-0.221345,-0.685739,-0.154012,0.676053
2079960920,3,-0.221471,-0.685961,-0.152698,0.676084
2079960930,3,-0.221544,-0.686238,-0.151376,0.676077
2079960940,3,-0.22154,-0.686593,-0.150077,0.676007
2079960950,3,-0.221503,-0.687035,-0.148754,0.675862
2079960960,3,-0.221406,-0.687566,-0.147453,0.675639
2079960970,3,-0.221257,-0.688212,-0.146173,0.675308
2079960980,3,-0.221036,-0.688957,-0.144937,0.674887
2079960990,3,-0.220743,-0.689778,-0.143762,0.674396
2079961000,3,-0.22035,-0.690653,-0.142678,0.673859
2079961011,3,-0.219852,-0.69157,-0.141693,0.673288
2079961021,3,-0.219241,-0.692496,-0.140823,0.672718
2079961031,3,-0.218507,-0.693411,-0.140073,0.672171
2079961041,3,-0.217663,-0.694275,-0.139451,0.671682
2079961051,3,-0.21669,-0.695107,-0.138955,0.671239
2079961061,3,-0.215639,-0.695888,-0.138558,0.670849
2079961071,3,-0.214504,-0.696615,-0.138255,0.670522
2079961081,3,-0.213354,-0.697325,-0.13798,0.670208
2079961091,3,-0.212182,-0.69788,-0.137749,0.670049
2079961101,3,-0.211016,-0.698362,-0.137533,0.669959
2079961111,3,-0.209941,-0.698872,-0.137264,0.669821
2079961121,3,-0.208885,-0.699382,-0.137015,0.669669
2079961131,3,-0.207833,-0.699889,-0.136811,0.669509
2079961142,3,-0.206794,-0.700424,-0.136664,0.669301
2079961152,3,-0.205804,-0.700969,-0.136547,0.66906
2079961162,3,-0.204851,-0.701535,-0.136479,0.668772
2079961172,3,-0.203961,-0.70208,-0.136457,0.668477
2079961182,3,-0.203134,-0.702649,-0.136464,0.66813
2079961192,3,-0.202371,-0.703205,-0.136526,0.667764
2079961202,3,-0.201676,-0.703749,-0.13664,0.667377
2079961212,3,-0.201097,-0.70427,-0.136776,0.666975
2079961222,3,-0.20058,-0.704742,-0.136969,0.666591
2079961232,3,-0.200153,-0.705129,-0.137209,0.666261
2079961242,3,-0.199749,-0.705447,-0.137551,0.665975
2079961252,3,-0.199418,-0.70568,-0.137956,0.665744
2079961262,3,-0.199132,-0.705831,-0.138449,0.665567
2079961272,3,-0.198899,-0.70589,-0.139011,0.665457
2079961283,3,-0.198711,-0.705853,-0.139652,0.665418
2079961293,3,-0.198574,-0.705713,-0.14035,0.665461
2079961303,3,-0.198463,-0.705483,-0.141116,0.665576
2079961313,3,-0.198399,-0.70518,-0.14191,0.665747
2079961323,3,-0.19837,-0.704815,-0.142753,0.665962
2079961333,3,-0.198373,-0.704382,-0.143631,0.66623
2079961343,3,-0.198396,-0.703929,-0.144529,0.666508
2079961353,3,-0.198422,-0.703406,-0.145469,0.666848
2079961363,3,-0.198454,-0.702853,-0.146435,0.66721
2079961373,3,-0.198506,-0.702267,-0.147416,0.667596
2079961383,3,-0.198542,-0.701675,-0.14842,0.667984
2079961393,3,-0.198576,-0.701081,-0.149439,0.668371
2079961403,3,-0.19863,-0.700517,-0.150446,0.66872
2079961414,3,-0.198689,-0.699977,-0.151456,0.66904
2079961424,3,-0.198793,-0.699476,-0.15242,0.669314
2079961434,3,-0.198924,-0.69899,-0.153345,0.669571
2079961444,3,-0.199073,-0.698498,-0.154246,0.669834
2079961454,3,-0.199224,-0.698006,-0.155134,0.670097
2079961464,3,-0.199384,-0.697483,-0.155992,0.670394
2079961474,3,-0.199529,-0.696929,-0.156845,0.670729
2079961484,3,-0.199671,-0.696356,-0.157673,0.671086
2079961494,3,-0.199827,-0.695779,-0.15845,0.671456
2079961504,3,-0.199996,-0.695184,-0.159184,0.671847
2079961514,3,-0.200187,-0.694622,-0.159867,0.67221
2079961524,3,-0.200389,-0.694071,-0.160493,0.672569
2079961534,3,-0.200599,-0.693564,-0.161068,0.672892
2079961545,3,-0.200845,-0.693089,-0.161577,0.673187
2079961555,3,-0.201105,-0.69263,-0.162041,0.67347
2079961565,3,-0.201331,-0.692194,-0.162487,0.673743
2079961575,3,-0.201516,-0.691749,-0.16294,0.674035
2079961585,3,-0.20166,-0.691319,-0.163389,0.674325
2079961595,3,-0.201763,-0.69091,-0.163829,0.674606
2079961605,3,-0.201853,-0.690515,-0.164222,0.674888
2079961615,3,-0.201943,-0.690159,-0.164572,0.67514
2079961625,3,-0.202048,-0.68985,-0.164839,0.67536
2079961635,3,-0.202177,-0.689566,-0.16502,0.675566
2079961645,3,-0.202341,-0.68934,-0.165122,0.675723
2079961655,3,-0.202547,-0.689173,-0.165121,0.675832
2079961665,3,-0.202801,-0.689069,-0.165009,0.675889
2079961675,3,-0.203116,-0.689028,-0.164783,0.675892
2079961686,3,-0.203452,-0.689037,-0.164482,0.675854
2079961696,3,-0.203817,-0.689107,-0.164091,0.675768
2079961706,3,-0.20418,-0.689231,-0.163637,0.675643
2079961716,3,-0.204543,-0.689368,-0.163137,0.675513
2079961726,3,-0.20489,-0.689534,-0.162602,0.675368
2079961736,3,-0.205201,-0.689707,-0.162053,0.67523
2079961746,3,-0.20548,-0.689898,-0.161471,0.675089
2079961756,3,-0.205756,-0.690113,-0.160841,0.674935
2079961766,3,-0.206029,-0.690319,-0.160165,0.674802
2079961776,3,-0.20632,-0.690529,-0.159409,0.674677
2079961786,3,-0.206634,-0.690757,-0.158579,0.674543
2079961796,3,-0.206987,-0.691001,-0.157662,0.6744
2079961806,3,-0.207362,-0.69128,-0.156662,0.674232
2079961817,3,-0.207761,-0.691571,-0.155613,0.674054
2079961827,3,-0.20815,-0.69189,-0.154536,0.673854
2079961837,3,-0.208543,-0.692221,-0.153429,0.673645
2079961847,3,-0.208918,-0.692572,-0.152317,0.673421
2079961857,3,-0.20924,-0.692942,-0.151217,0.673188
2079961867,3,-0.209532,-0.693344,-0.150125,0.672928
2079961877,3,-0.209772,-0.693745,-0.149058,0.672676
2079961887,3,-0.209973,-0.694184,-0.148009,0.672393
2079961897,3,-0.210139,-0.69465,-0.146977,0.672086
2079961907,3,-0.210293,-0.695137,-0.145936,0.67176
2079961917,3,-0.210445,-0.695641,-0.144897,0.671416
2079961927,3,-0.210588,-0.696144,-0.143859,0.671073
2079961937,3,-0.210729,-0.69665,-0.142809,0.670728
2079961948,3,-0.210852,-0.697138,-0.14177,0.670403
2079961958,3,-0.210941,-0.697601,-0.140759,0.670106
2079961968,3,-0.210998,-0.698052,-0.139758,0.669828
2079961978,3,-0.211007,-0.698498,-0.138791,0.669561
2079961988,3,-0.210976,-0.698917,-0.13784,0.66933
2079961998,3,-0.210904,-0.699371,-0.136913,0.669069
2079962008,3,-0.21082,-0.699719,-0.135984,0.668921
2079962018,3,-0.210693,-0.699975,-0.135074,0.668878
2079962028,3,-0.21058,-0.700336,-0.134118,0.668727
2079962038,3,-0.210412,-0.700717,-0.13321,0.668562
2079962048,3,-0.21019,-0.701116,-0.132339,0.668387
2079962058,3,-0.209939,-0.701528,-0.131489,0.668201
2079962068,3,-0.209647,-0.701938,-0.130671,0.668023
2079962078,3,-0.209323,-0.702367,-0.129908,0.667822
2079962089,3,-0.208981,-0.702792,-0.129197,0.667621
2079962099,3,-0.208623,-0.703208,-0.128532,0.667422
2079962109,3,-0.208211,-0.703607,-0.127972,0.667239
2079962119,3,-0.207719,-0.703967,-0.127566,0.66709
2079962129,3,-0.207174,-0.704249,-0.127285,0.667016
2079962139,3,-0.206587,-0.704453,-0.127134,0.66701
2079962149,3,-0.205948,-0.704574,-0.127129,0.667081
2079962159,3,-0.205296,-0.704615,-0.127229,0.66722
2079962169,3,-0.204637,-0.704591,-0.127449,0.667406
2079962179,3,-0.20399,-0.704503,-0.127751,0.667638
2079962189,3,-0.203389,-0.704402,-0.128132,0.667856
2079962199,3,-0.202836,-0.704294,-0.128582,0.668052
2079962209,3,-0.202337,-0.70419,-0.12908,0.668216
2079962220,3,-0.201932,-0.704076,-0.129607,0.668356
2079962230,3,-0.201574,-0.703974,-0.130206,0.668456
2079962240,3,-0.201294,-0.703847,-0.13083,0.668552
2079962250,3,-0.201095,-0.703699,-0.13149,0.668639
2079962260,3,-0.200936,-0.703559,-0.132216,0.668691
2079962270,3,-0.200842,-0.70338,-0.132985,0.668754
2079962280,3,-0.200785,-0.703166,-0.133812,0.668831
2079962290,3,-0.200757,-0.702873,-0.134697,0.66897
2079962300,3,-0.200744,-0.702507,-0.135642,0.669167
2079962310,3,-0.200753,-0.702052,-0.136628,0.669442
2079962320,3,-0.200771,-0.701531,-0.137663,0.66977
2079962330,3,-0.20084,-0.700927,-0.138699,0.670168
2079962340,3,-0.200938,-0.700279,-0.139736,0.670601
2079962351,3,-0.201089,-0.699601,-0.140754,0.67105
2079962361,3,-0.201289,-0.698915,-0.141763,0.671492
2079962371,3,-0.201536,-0.698238,-0.142752,0.671913
2079962381,3,-0.201797,-0.697573,-0.143736,0.672315
2079962391,3,-0.202095,-0.69696,-0.144717,0.672652
2079962401,3,-0.202395,-0.696396,-0.145726,0.672928
2079962411,3,-0.202637,-0.695838,-0.146795,0.673199
2079962421,3,-0.202845,-0.695252,-0.147905,0.6735
2079962431,3,-0.203002,-0.694665,-0.149054,0.673804
2079962441,3,-0.203097,-0.694061,-0.15025,0.674132
2079962451,3,-0.203145,-0.693436,-0.151503,0.67448
2079962461,3,-0.203153,-0.69279,-0.152782,0.674853
2079962471,3,-0.203125,-0.692139,-0.15409,0.675232
2079962482,3,-0.20309,-0.691495,-0.155397,0.675603
2079962492,3,-0.203053,-0.690857,-0.156695,0.675967
2079962502,3,-0.203035,-0.690237,-0.157958,0.676311
2079962512,3,-0.203042,-0.689635,-0.159186,0.676635
2079962522,3,-0.203079,-0.68907,-0.16038,0.676918
2079962532,3,-0.203145,-0.688545,-0.161527,0.67716
2079962542,3,-0.203254,-0.688093,-0.162621,0.677325
2079962552,3,-0.203375,-0.687697,-0.163686,0.677434
2079962562,3,-0.203541,-0.687368,-0.164682,0.677477
2079962572,3,-0.203724,-0.687061,-0.165628,0.677502
2079962582,3,-0.203934,-0.686813,-0.166502,0.677477
2079962592,3,-0.204212,-0.686595,-0.167278,0.677422
2079962602,3,-0.204521,-0.686422,-0.167978,0.677332
2079962612,3,-0.204868,-0.686265,-0.168578,0.677236
2079962623,3,-0.205263,-0.686148,-0.169086,0.677109
2079962633,3,-0.205716,-0.686061,-0.169476,0.676962
2079962643,3,-0.206231,-0.685992,-0.169759,0.676804
2079962653,3,-0.20678,-0.685951,-0.169942,0.676633
2079962663,3,-0.207343,-0.685919,-0.170059,0.676463
2079962673,3,-0.207904,-0.685869,-0.170136,0.676322
2079962683,3,-0.20845,-0.685814,-0.170153,0.676206
2079962693,3,-0.208951,-0.685745,-0.170149,0.676122
2079962703,3,-0.209429,-0.685684,-0.170109,0.676046
2079962713,3,-0.209868,-0.685645,-0.170048,0.675965
2079962723,3,-0.210295,-0.685632,-0.169952,0.675869
2079962733,3,-0.210722,-0.685652,-0.169802,0.675754
2079962743,3,-0.211163,-0.685752,-0.169583,0.67557
2079962754,3,-0.211628,-0.685906,-0.16927,0.675347
2079962764,3,-0.212134,-0.68611,-0.168862,0.675082
2079962774,3,-0.212651,-0.686384,-0.168372,0.674764
2079962784,3,-0.213192,-0.686699,-0.16781,0.674413
2079962794,3,-0.213716,-0.687068,-0.167205,0.674021
2079962804,3,-0.214204,-0.687492,-0.166583,0.673587
2079962814,3,-0.214682,-0.68797,-0.165906,0.673114
2079962824,3,-0.215138,-0.688457,-0.165178,0.672649
2079962834,3,-0.215573,-0.688956,-0.164386,0.672193
2079962844,3,-0.216011,-0.689458,-0.163504,0.671752
2079962854,3,-0.21644,-0.689943,-0.162545,0.671349
2079962864,3,-0.216865,-0.690407,-0.161502,0.670987
2079962874,3,-0.217294,-0.690861,-0.160377,0.670651
2079962885,3,-0.217709,-0.691296,-0.159193,0.670349
2079962895,3,-0.218097,-0.691726,-0.157964,0.670071
2079962905,3,-0.218451,-0.692136,-0.156712,0.669826
2079962915,3,-0.218798,-0.692532,-0.155411,0.669606
2079962925,3,-0.219094,-0.692923,-0.154095,0.669409
2079962935,3,-0.219333,-0.693294,-0.152796,0.669245
2079962945,3,-0.219514,-0.693692,-0.151511,0.669065
2079962955,3,-0.219637,-0.694084,-0.150243,0.668904
2079962965,3,-0.219675,-0.694498,-0.14904,0.668731
2079962975,3,-0.219635,-0.694903,-0.147886,0.668579
2079962985,3,-0.219508,-0.695308,-0.146813,0.668436
2079962995,3,-0.219287,-0.695698,-0.145822,0.668321
2079963005,3,-0.218962,-0.696072,-0.144922,0.668233
2079963015,3,-0.218564,-0.696428,-0.14409,0.668172
2079963026,3,-0.218092,-0.696784,-0.143336,0.668117
2079963036,3,-0.217565,-0.697105,-0.142644,0.668103
2079963046,3,-0.216989,-0.697414,-0.142,0.668105
2079963056,3,-0.216383,-0.697716,-0.141377,0.668118
2079963066,3,-0.215734,-0.698018,-0.140813,0.668131
2079963076,3,-0.215048,-0.698324,-0.140294,0.668143
2079963086,3,-0.214344,-0.698609,-0.139813,0.668171
2079963096,3,-0.213594,-0.698902,-0.13939,0.668193
2079963106,3,-0.212823,-0.699186,-0.139014,0.668221
2079963116,3,-0.212049,-0.699432,-0.138674,0.66828
2079963126,3,-0.211267,-0.699649,-0.138373,0.668362
2079963136,3,-0.210449,-0.699826,-0.138159,0.66848
2079963146,3,-0.209679,-0.699967,-0.137965,0.668614
2079963157,3,-0.208941,-0.700081,-0.137789,0.668762
2079963167,3,-0.208255,-0.700175,-0.137641,0.668908
2079963177,3,-0.207644,-0.700258,-0.13749,0.669042
2079963187,3,-0.207085,-0.700343,-0.137392,0.669147
2079963197,3,-0.206599,-0.700407,-0.137317,0.669245
2079963207,3,-0.20617,-0.700436,-0.137305,0.66935
2079963217,3,-0.205752,-0.700424,-0.137396,0.669472
2079963227,3,-0.205353,-0.700346,-0.137621,0.66963
2079963237,3,-0.204972,-0.700191,-0.137949,0.669842
2079963247,3,-0.204609,-0.699978,-0.138387,0.670084
2079963257,3,-0.204289,-0.699709,-0.138917,0.670354
2079963267,3,-0.204036,-0.699402,-0.139529,0.670623
2079963277,3,-0.203839,-0.699066,-0.140212,0.670892
2079963288,3,-0.203727,-0.6987,-0.140965,0.671149
2079963298,3,-0.203685,-0.698335,-0.141761,0.671373
2079963308,3,-0.203718,-0.697928,-0.142592,0.671611
2079963318,3,-0.203801,-0.697507,-0.143494,0.671831
2079963328,3,-0.203932,-0.69704,-0.144443,0.672073
2079963338,3,-0.204092,-0.696532,-0.145436,0.672336
2079963348,3,-0.204259,-0.696013,-0.146489,0.672595
2079963358,3,-0.204438,-0.695464,-0.147565,0.672873
2079963368,3,-0.204608,-0.694885,-0.148654,0.67318
2079963378,3,-0.204787,-0.694313,-0.149729,0.673477
2079963388,3,-0.204966,-0.693794,-0.150779,0.673723
2079963398,3,-0.205154,-0.693332,-0.151785,0.673916
2079963408,3,-0.205354,-0.692928,-0.152725,0.674058
2079963418,3,-0.205577,-0.692604,-0.153587,0.674127
2079963429,3,-0.205794,-0.692312,-0.154418,0.674171
2079963439,3,-0.205978,-0.692059,-0.155223,0.67419
2079963449,3,-0.206151,-0.691812,-0.155987,0.674214
2079963459,3,-0.206319,-0.691594,-0.156697,0.674222
2079963469,3,-0.206479,-0.691396,-0.157348,0.674224
2079963479,3,-0.206646,-0.69123,-0.157917,0.67421
2079963489,3,-0.206838,-0.691069,-0.158409,0.674201
2079963499,3,-0.207014,-0.69093,-0.158851,0.674185
2079963509,3,-0.207182,-0.690814,-0.159244,0.67416
2079963519,3,-0.20732,-0.690677,-0.159614,0.67417
2079963529,3,-0.207435,-0.690547,-0.159942,0.67419
2079963539,3,-0.207543,-0.690414,-0.16021,0.67423
2079963549,3,-0.20762,-0.690297,-0.160464,0.674265
2079963560,3,-0.207668,-0.690204,-0.160694,0.674291
2079963570,3,-0.207695,-0.69012,-0.160905,0.674318
2079963580,3,-0.207702,-0.690062,-0.161098,0.67433
2079963590,3,-0.207671,-0.69003,-0.161265,0.674332
2079963600,3,-0.207628,-0.690051,-0.161411,0.674288
2079963610,3,-0.207562,-0.690127,-0.161523,0.674204
2079963620,3,-0.207491,-0.69027,-0.161601,0.674061
2079963630,3,-0.207411,-0.690503,-0.16165,0.673835
2079963640,3,-0.20732,-0.690791,-0.161662,0.673566
2079963650,3,-0.207254,-0.691127,-0.161613,0.673253
2079963660,3,-0.207184,-0.691496,-0.161515,0.672918
2079963670,3,-0.207119,-0.691893,-0.161384,0.672561
2079963680,3,-0.20706,-0.692298,-0.161207,0.672205
2079963691,3,-0.207038,-0.692691,-0.160964,0.671866
2079963701,3,-0.207068,-0.69308,-0.160626,0.671536
2079963711,3,-0.207139,-0.693444,-0.160217,0.671236
2079963721,3,-0.207276,-0.693797,-0.159699,0.670952
2079963731,3,-0.207451,-0.694137,-0.15914,0.670679
2079963741,3,-0.207661,-0.694468,-0.158537,0.670414
2079963751,3,-0.207877,-0.694803,-0.157934,0.670143
2079963761,3,-0.208137,-0.695171,-0.157294,0.669831
2079963771,3,-0.208405,-0.695526,-0.156675,0.669524
2079963781,3,-0.208714,-0.695894,-0.156051,0.669191
2079963791,3,-0.209012,-0.696249,-0.155501,0.668857
2079963801,3,-0.209328,-0.696584,-0.154972,0.668531
2079963811,3,-0.209651,-0.696874,-0.154515,0.668234
2079963821,3,-0.20997,-0.697089,-0.15411,0.668003
2079963832,3,-0.2103,-0.697241,-0.153774,0.667818
2079963842,3,-0.210634,-0.697321,-0.153504,0.667691
2079963852,3,-0.210991,-0.697331,-0.153301,0.667615
2079963862,3,-0.211388,-0.697291,-0.153157,0.667564
2079963872,3,-0.211789,-0.697191,-0.153099,0.667555
2079963882,3,-0.212234,-0.697073,-0.1531,0.667536
2079963892,3,-0.21272,-0.696919,-0.153163,0.667528
2079963902,3,-0.213242,-0.69675,-0.153278,0.667512
2079963912,3,-0.213813,-0.696541,-0.153437,0.66751
2079963922,3,-0.214432,-0.696347,-0.153634,0.667468
2079963932,3,-0.215104,-0.696169,-0.153854,0.667388
2079963942,3,-0.215816,-0.696026,-0.154104,0.667249
2079963952,3,-0.216611,-0.695919,-0.154349,0.667047
2079963963,3,-0.217439,-0.695866,-0.154602,0.666774
2079963973,3,-0.218338,-0.695824,-0.15484,0.666469
2079963983,3,-0.219293,-0.695823,-0.155071,0.666102
2079963993,3,-0.220279,-0.695821,-0.155306,0.665725
2079964003,3,-0.221315,-0.695836,-0.155528,0.665313
2079964013,3,-0.222339,-0.695826,-0.155787,0.664921
2079964023,3,-0.223353,-0.695785,-0.15609,0.664553
2079964033,3,-0.224323,-0.695692,-0.156436,0.664243
2079964043,3,-0.225253,-0.695528,-0.156843,0.664004
2079964053,3,-0.226133,-0.695308,-0.157283,0.66383
2079964063,3,-0.226951,-0.695014,-0.157769,0.663744
2079964073,3,-0.22766,-0.694639,-0.158347,0.663756
2079964083,3,-0.228283,-0.694171,-0.158999,0.663876
2079964094,3,-0.228782,-0.693629,-0.159725,0.664096
2079964104,3,-0.229182,-0.693022,-0.160508,0.664403
2079964114,3,-0.229485,-0.692353,-0.161339,0.664795
2079964124,3,-0.229694,-0.691636,-0.162206,0.665257
2079964134,3,-0.229853,-0.690943,-0.16306,0.665715
2079964144,3,-0.229955,-0.690287,-0.163918,0.666149
2079964154,3,-0.229995,-0.689691,-0.164741,0.666549
2079964164,3,-0.22999,-0.68921,-0.16554,0.66685
2079964174,3,-0.229944,-0.688816,-0.166313,0.66708
2079964184,3,-0.229861,-0.688542,-0.167058,0.667206
2079964194,3,-0.229737,-0.688375,-0.167785,0.667238
2079964204,3,-0.229608,-0.688299,-0.168448,0.667195
2079964214,3,-0.229428,-0.688295,-0.169094,0.667096
2079964224,3,-0.229196,-0.688351,-0.169728,0.666958
2079964235,3,-0.228953,-0.688434,-0.170329,0.666803
2079964245,3,-0.228667,-0.688523,-0.170917,0.666658
2079964255,3,-0.228354,-0.688614,-0.171487,0.666525
2079964265,3,-0.228021,-0.688688,-0.172027,0.666424
2079964275,3,-0.227696,-0.688746,-0.172522,0.666347
2079964285,3,-0.227369,-0.688767,-0.17297,0.666321
2079964295,3,-0.227053,-0.688737,-0.173381,0.666353
2079964305,3,-0.226747,-0.688652,-0.173757,0.666447
2079964315,3,-0.226418,-0.688509,-0.17413,0.666609
2079964325,3,-0.226099,-0.688316,-0.174456,0.666832
2079964335,3,-0.225764,-0.688086,-0.174799,0.667092
2079964345,3,-0.225443,-0.687827,-0.175113,0.667385
2079964355,3,-0.225089,-0.687555,-0.175446,0.667698
2079964366,3,-0.22471,-0.687262,-0.175794,0.668036
2079964376,3,-0.224317,-0.686972,-0.176171,0.668366
2079964386,3,-0.223909,-0.686674,-0.176559,0.668707
2079964396,3,-0.223496,-0.686416,-0.176947,0.669007
2079964406,3,-0.223093,-0.686196,-0.177337,0.669265
2079964416,3,-0.222703,-0.686033,-0.177711,0.669462
2079964426,3,-0.222328,-0.685924,-0.178066,0.669604
2079964436,3,-0.222009,-0.685894,-0.178368,0.66966
2079964446,3,-0.221709,-0.685926,-0.17864,0.669654
2079964456,3,-0.221461,-0.686009,-0.178836,0.669599
2079964466,3,-0.221263,-0.686149,-0.178963,0.669487
2079964476,3,-0.2211,-0.686345,-0.179034,0.669321
2079964486,3,-0.220974,-0.686577,-0.179037,0.669123
2079964497,3,-0.220854,-0.686841,-0.179,0.668902
2079964507,3,-0.220752,-0.687101,-0.178897,0.668697
2079964517,3,-0.220631,-0.687347,-0.17877,0.668518
2079964527,3,-0.220508,-0.68755,-0.178601,0.668395
2079964537,3,-0.220374,-0.687727,-0.178387,0.668314
2079964547,3,-0.220251,-0.68785,-0.178101,0.668304
2079964557,3,-0.220139,-0.687921,-0.177761,0.668359
2079964567,3,-0.220046,-0.687948,-0.177359,0.668468
2079964577,3,-0.219974,-0.687955,-0.176893,0.668608
2079964587,3,-0.219935,-0.68798,-0.17634,0.668741
2079964597,3,-0.219916,-0.688025,-0.17573,0.668861
2079964607,3,-0.219921,-0.688097,-0.175065,0.66896
2079964617,3,-0.219933,-0.688198,-0.17435,0.669039
2079964627,3,-0.21993,-0.688325,-0.17362,0.669099
2079964638,3,-0.219895,-0.688437,-0.172901,0.669182
2079964648,3,-0.219829,-0.688552,-0.172209,0.669264
2079964658,3,-0.219733,-0.688651,-0.171531,0.669367
2079964668,3,-0.219638,-0.688748,-0.170851,0.669473
2079964678,3,-0.219529,-0.688869,-0.170179,0.669555
2079964688,3,-0.219484,-0.689016,-0.169457,0.669602
2079964698,3,-0.219485,-0.689182,-0.168685,0.669626
2079964708,3,-0.219559,-0.689389,-0.167851,0.669598
2079964718,3,-0.219684,-0.689641,-0.166989,0.669513
2079964728,3,-0.21986,-0.689921,-0.166091,0.66939
2079964738,3,-0.220109,-0.690205,-0.165145,0.669249
2079964748,3,-0.220388,-0.690486,-0.1642,0.6691
2079964758,3,-0.220686,-0.690758,-0.163282,0.668945
2079964769,3,-0.221003,-0.69101,-0.162396,0.668796
2079964779,3,-0.22132,-0.691236,-0.161553,0.668662
2079964789,3,-0.221616,-0.691472,-0.16078,0.668506
2079964799,3,-0.221931,-0.691675,-0.160038,0.66837
2079964809,3,-0.222264,-0.691868,-0.159361,0.668221
2079964819,3,-0.222607,-0.692042,-0.158741,0.668075
2079964829,3,-0.222979,-0.692192,-0.158159,0.667933
2079964839,3,-0.22335,-0.692331,-0.157642,0.667788
2079964849,3,-0.223759,-0.692462,-0.157162,0.667628
2079964859,3,-0.2242,-0.692591,-0.156715,0.667452
2079964869,3,-0.224668,-0.692699,-0.156306,0.667277
2079964879,3,-0.225168,-0.692798,-0.155935,0.667093
2079964889,3,-0.225661,-0.692871,-0.15563,0.666922
2079964900,3,-0.226143,-0.69292,-0.155424,0.666755
2079964910,3,-0.226591,-0.69293,-0.155304,0.666621
2079964920,3,-0.227037,-0.692921,-0.155258,0.666489
2079964930,3,-0.22744,-0.692898,-0.155315,0.666362
2079964940,3,-0.227812,-0.692844,-0.155454,0.66626
2079964950,3,-0.228133,-0.692771,-0.155689,0.666171
2079964960,3,-0.228429,-0.692697,-0.155991,0.666076
2079964970,3,-0.228692,-0.692607,-0.156354,0.665994
2079964980,3,-0.228925,-0.692517,-0.156766,0.66591
2079964990,3,-0.229141,-0.692437,-0.1572,0.665817
2079965000,3,-0.229337,-0.692375,-0.157662,0.665704
2079965010,3,-0.229529,-0.69234,-0.15814,0.665561
2079965020,3,-0.229719,-0.69233,-0.158625,0.66539
2079965030,3,-0.229892,-0.692338,-0.159127,0.665203
2079965041,3,-0.230028,-0.692358,-0.15966,0.665007
2079965051,3,-0.2301,-0.692363,-0.160237,0.664839
2079965061,3,-0.230118,-0.692357,-0.160856,0.664688
2079965071,3,-0.230111,-0.692318,-0.161495,0.664576
2079965081,3,-0.230076,-0.692249,-0.16215,0.664501
2079965091,3,-0.230023,-0.692155,-0.162808,0.664457
2079965101,3,-0.229939,-0.692047,-0.163487,0.664432
2079965111,3,-0.229855,-0.69192,-0.164152,0.664429
2079965121,3,-0.229734,-0.691756,-0.164863,0.664466
2079965131,3,-0.229611,-0.691577,-0.165584,0.664515
2079965141,3,-0.229472,-0.691378,-0.166322,0.664586
2079965151,3,-0.229319,-0.691145,-0.167092,0.664687
2079965161,3,-0.229143,-0.690887,-0.167912,0.66481
2079965172,3,-0.228924,-0.69058,-0.168802,0.664979
2079965182,3,-0.2287,-0.69021,-0.169714,0.665208
2079965192,3,-0.228448,-0.689791,-0.170678,0.665483
2079965202,3,-0.228181,-0.689333,-0.171666,0.665795
2079965212,3,-0.227916,-0.688838,-0.172675,0.666136
2079965222,3,-0.227664,-0.688315,-0.173687,0.6665
2079965232,3,-0.227404,-0.687787,-0.174728,0.666863
2079965242,3,-0.227172,-0.687245,-0.175766,0.667227
2079965252,3,-0.226994,-0.686721,-0.176778,0.66756
2079965262,3,-0.226874,-0.686204,-0.17775,0.667874
2079965272,3,-0.226787,-0.685725,-0.178716,0.668137
2079965282,3,-0.226756,-0.685288,-0.179631,0.668351
2079965292,3,-0.226781,-0.684888,-0.180517,0.668514
2079965303,3,-0.226855,-0.684517,-0.181381,0.668635
2079965313,3,-0.226979,-0.684176,-0.18221,0.668716
2079965323,3,-0.227123,-0.683836,-0.183042,0.668787
2079965333,3,-0.227285,-0.683495,-0.183871,0.668854
2079965343,3,-0.227485,-0.683137,-0.184661,0.668934
2079965353,3,-0.227735,-0.682764,-0.185421,0.66902
2079965363,3,-0.228064,-0.682429,-0.1861,0.669061
2079965373,3,-0.228432,-0.682117,-0.186731,0.669078
2079965383,3,-0.228863,-0.681843,-0.187283,0.669056
2079965393,3,-0.229368,-0.681603,-0.187759,0.668994
2079965403,3,-0.229919,-0.681386,-0.188187,0.668905
2079965413,3,-0.230493,-0.681169,-0.188564,0.668823
2079965423,3,-0.231055,-0.680964,-0.188921,0.668737
2079965433,3,-0.231626,-0.680771,-0.189247,0.668644
2079965444,3,-0.232183,-0.680583,-0.189548,0.668556
2079965454,3,-0.232705,-0.680434,-0.189825,0.668448
2079965464,3,-0.233192,-0.680307,-0.190077,0.668336
2079965474,3,-0.233645,-0.680207,-0.190303,0.668215
2079965484,3,-0.23405,-0.680134,-0.190503,0.668091
2079965494,3,-0.234419,-0.680106,-0.190673,0.667941
2079965504,3,-0.234728,-0.680099,-0.1908,0.667804
2079965514,3,-0.234991,-0.680128,-0.190856,0.667665
2079965524,3,-0.235227,-0.680223,-0.190852,0.667487
2079965534,3,-0.235447,-0.680351,-0.190736,0.667312
2079965544,3,-0.235657,-0.680511,-0.190525,0.667134
2079965554,3,-0.235862,-0.680739,-0.190207,0.666921
2079965564,3,-0.236071,-0.681049,-0.189758,0.666658
2079965575,3,-0.236272,-0.68142,-0.189205,0.666365
2079965585,3,-0.236455,-0.681857,-0.188546,0.66604
2079965595,3,-0.236613,-0.682343,-0.187809,0.665694
2079965605,3,-0.236741,-0.682843,-0.186993,0.665365
2079965615,3,-0.236866,-0.68337,-0.186097,0.665031
2079965625,3,-0.236955,-0.683916,-0.185136,0.664707
2079965635,3,-0.237034,-0.684497,-0.184093,0.664369
2079965645,3,-0.2371,-0.685116,-0.182977,0.664016
2079965655,3,-0.237176,-0.685772,-0.181783,0.66364
2079965665,3,-0.23725,-0.686435,-0.180516,0.663273
2079965675,3,-0.237317,-0.687114,-0.179206,0.662901
2079965685,3,-0.23737,-0.687786,-0.17788,0.662543
2079965695,3,-0.237409,-0.688453,-0.176527,0.662198
2079965706,3,-0.237417,-0.689096,-0.175177,0.661885
2079965716,3,-0.237372,-0.689708,-0.17387,0.661607
2079965726,3,-0.237256,-0.690279,-0.172634,0.661378
2079965736,3,-0.237079,-0.690793,-0.171457,0.661211
2079965746,3,-0.236824,-0.691227,-0.170371,0.661129
2079965756,3,-0.23651,-0.691591,-0.169363,0.66112
2079965766,3,-0.236171,-0.691896,-0.168412,0.661165
2079965776,3,-0.235815,-0.692155,-0.16751,0.66125
2079965786,3,-0.235435,-0.692377,-0.166667,0.661365
2079965796,3,-0.235069,-0.692597,-0.165853,0.661471
2079965806,3,-0.234752,-0.692815,-0.165043,0.661557
2079965816,3,-0.234493,-0.693046,-0.164254,0.661604
2079965826,3,-0.234255,-0.693294,-0.163511,0.661612
2079965836,3,-0.234073,-0.693566,-0.162796,0.661568
2079965847,3,-0.23389,-0.693862,-0.162144,0.661482
2079965857,3,-0.233729,-0.694163,-0.161567,0.661365
2079965867,3,-0.233602,-0.694482,-0.161043,0.661202
2079965877,3,-0.233514,-0.694789,-0.160569,0.661026
2079965887,3,-0.233446,-0.695089,-0.160164,0.660833
2079965897,3,-0.233439,-0.695361,-0.159782,0.660642
2079965907,3,-0.233467,-0.695584,-0.15946,0.660475
2079965917,3,-0.233546,-0.695751,-0.159166,0.660342
2079965927,3,-0.233665,-0.695843,-0.158911,0.660265
2079965937,3,-0.233836,-0.695865,-0.158708,0.660229
2079965947,3,-0.234054,-0.695818,-0.158543,0.660241
2079965957,3,-0.234321,-0.695708,-0.158427,0.66029
2079965967,3,-0.234621,-0.69556,-0.15838,0.660351
2079965978,3,-0.234908,-0.695376,-0.158466,0.660422
2079965988,3,-0.235187,-0.695148,-0.158667,0.660514
2079965998,3,-0.235399,-0.69487,-0.159054,0.660639
2079966008,3,-0.235553,-0.694545,-0.15962,0.660788
2079966018,3,-0.235647,-0.694161,-0.160352,0.660981
2079966028,3,-0.235665,-0.693728,-0.161265,0.661208
2079966038,3,-0.235637,-0.693243,-0.162305,0.661472
2079966048,3,-0.235541,-0.69273,-0.163496,0.66175
2079966058,3,-0.235416,-0.692193,-0.164781,0.662037
2079966068,3,-0.235282,-0.691634,-0.16614,0.662329
2079966078,3,-0.235159,-0.691068,-0.167523,0.662616
2079966088,3,-0.23506,-0.690503,-0.168915,0.662887
2079966098,3,-0.235005,-0.689953,-0.17029,0.663127
2079966109,3,-0.235,-0.689411,-0.171638,0.663345
2079966119,3,-0.235042,-0.688895,-0.172971,0.66352
2079966129,3,-0.235118,-0.688401,-0.174284,0.663662
2079966139,3,-0.235216,-0.687922,-0.175596,0.663777
2079966149,3,-0.235343,-0.687458,-0.176886,0.663872
2079966159,3,-0.235499,-0.687007,-0.178131,0.66395
2079966169,3,-0.23568,-0.686558,-0.179358,0.664019
2079966179,3,-0.235867,-0.686111,-0.180573,0.664086
2079966189,3,-0.236068,-0.685641,-0.181772,0.664173
2079966199,3,-0.236265,-0.685164,-0.182966,0.664267
2079966209,3,-0.236522,-0.684737,-0.184095,0.664304
2079966219,3,-0.236843,-0.684347,-0.185156,0.664297
2079966229,3,-0.237183,-0.683992,-0.186197,0.66425
2079966240,3,-0.237496,-0.683665,-0.187256,0.664177
2079966250,3,-0.237766,-0.683322,-0.188355,0.664123
2079966260,3,-0.237933,-0.682959,-0.189549,0.664096
2079966270,3,-0.237964,-0.682525,-0.190854,0.664158
2079966280,3,-0.237886,-0.682011,-0.192235,0.664315
2079966290,3,-0.237727,-0.681431,-0.193646,0.664558
2079966300,3,-0.237497,-0.680817,-0.195069,0.664853
2079966310,3,-0.237245,-0.680205,-0.196459,0.665161
2079966320,3,-0.236991,-0.679645,-0.19779,0.665429
2079966330,3,-0.236768,-0.679133,-0.199036,0.665659
2079966340,3,-0.236574,-0.678698,-0.200186,0.665827
2079966350,3,-0.236417,-0.678308,-0.201229,0.665966
2079966360,3,-0.236297,-0.677991,-0.202161,0.666049
2079966370,3,-0.236237,-0.677743,-0.202971,0.666077
2079966381,3,-0.236201,-0.677554,-0.203662,0.666071
2079966391,3,-0.236199,-0.677417,-0.204245,0.666033
2079966401,3,-0.236224,-0.677322,-0.204711,0.665976
2079966411,3,-0.236275,-0.677283,-0.205073,0.665887
2079966421,3,-0.236321,-0.67727,-0.205359,0.665796
2079966431,3,-0.236364,-0.677277,-0.205566,0.665709
2079966441,3,-0.236403,-0.677306,-0.205691,0.665627
2079966451,3,-0.236451,-0.67736,-0.205747,0.665538
2079966461,3,-0.236515,-0.677459,-0.205712,0.665426
2079966471,3,-0.236612,-0.677638,-0.205568,0.665253
2079966481,3,-0.236739,-0.677871,-0.205318,0.665047
2079966491,3,-0.236897,-0.678175,-0.204987,0.664784
2079966501,3,-0.237068,-0.678539,-0.204568,0.66448
2079966512,3,-0.237242,-0.67893,-0.204094,0.664164
2079966522,3,-0.237398,-0.679359,-0.203557,0.663834
2079966532,3,-0.237551,-0.67979,-0.20298,0.663515
2079966542,3,-0.237665,-0.680232,-0.202383,0.663204
2079966552,3,-0.23774,-0.680675,-0.201782,0.662905
2079966562,3,-0.237768,-0.681107,-0.201192,0.662631
2079966572,3,-0.237755,-0.681523,-0.200602,0.662386
2079966582,3,-0.237727,-0.681921,-0.199999,0.66217
2079966592,3,-0.237703,-0.682318,-0.19937,0.661959
2079966602,3,-0.237664,-0.682682,-0.198713,0.661794
2079966612,3,-0.237638,-0.683046,-0.198023,0.661635
2079966622,3,-0.237628,-0.683423,-0.197286,0.66147
2079966632,3,-0.237664,-0.683818,-0.196465,0.661293
2079966643,3,-0.237753,-0.684254,-0.195567,0.661077
2079966653,3,-0.237913,-0.684737,-0.194574,0.660811
2079966663,3,-0.238145,-0.685249,-0.193497,0.660513
2079966673,3,-0.238437,-0.68582,-0.192336,0.660154
2079966683,3,-0.238768,-0.686423,-0.191109,0.659764
2079966693,3,-0.23913,-0.687066,-0.189858,0.659325
2079966703,3,-0.239501,-0.687729,-0.188586,0.658864
2079966713,3,-0.239852,-0.688398,-0.187328,0.658396
2079966723,3,-0.240203,-0.689049,-0.186079,0.657942
2079966733,3,-0.24052,-0.689677,-0.184859,0.657511
2079966743,3,-0.24083,-0.690274,-0.183672,0.657104
2079966753,3,-0.241098,-0.690811,-0.182525,0.656761
2079966763,3,-0.241353,-0.691286,-0.181425,0.656472
2079966773,3,-0.241572,-0.691698,-0.180374,0.656247
2079966784,3,-0.241762,-0.692026,-0.179373,0.656106
2079966794,3,-0.241972,-0.692289,-0.178384,0.656021
2079966804,3,-0.242162,-0.692494,-0.177442,0.65599
2079966814,3,-0.242332,-0.692637,-0.176537,0.65602
2079966824,3,-0.242485,-0.692724,-0.175688,0.656099
2079966834,3,-0.242592,-0.692777,-0.174904,0.656214
2079966844,3,-0.242649,-0.69278,-0.174188,0.656379
2079966854,3,-0.242676,-0.692735,-0.173517,0.656595
2079966864,3,-0.242679,-0.692663,-0.17287,0.65684
2079966874,3,-0.242675,-0.692589,-0.172236,0.657086
2079966884,3,-0.242651,-0.692527,-0.171595,0.657328
2079966894,3,-0.242616,-0.692496,-0.170951,0.657541
2079966904,3,-0.242598,-0.6925,-0.170279,0.657719
2079966915,3,-0.242596,-0.692525,-0.16958,0.657873
2079966925,3,-0.242562,-0.692575,-0.168897,0.65801
2079966935,3,-0.242536,-0.692646,-0.16821,0.65812
2079966945,3,-0.242496,-0.692741,-0.167559,0.6582
2079966955,3,-0.242415,-0.69285,-0.166972,0.658265
2079966965,3,-0.242285,-0.692921,-0.166481,0.658363
2079966975,3,-0.242088,-0.692969,-0.166122,0.658474
2079966985,3,-0.241854,-0.692975,-0.165857,0.658621
2079966995,3,-0.241567,-0.692933,-0.165729,0.658803
2079967005,3,-0.241242,-0.692832,-0.165725,0.65903
2079967015,3,-0.240874,-0.692654,-0.16585,0.659319
2079967025,3,-0.240497,-0.692407,-0.166074,0.65966
2079967035,3,-0.240093,-0.692091,-0.166422,0.660051
2079967046,3,-0.239691,-0.691718,-0.166871,0.660475
2079967056,3,-0.239296,-0.691312,-0.167409,0.660907
2079967066,3,-0.238902,-0.690871,-0.168045,0.661349
2079967076,3,-0.238521,-0.690407,-0.168781,0.661783
2079967086,3,-0.238138,-0.68992,-0.1696,0.66222
2079967096,3,-0.237779,-0.689418,-0.170507,0.662639
2079967106,3,-0.237453,-0.688876,-0.171469,0.66307
2079967116,3,-0.237165,-0.688317,-0.172473,0.663494
2079967126,3,-0.236914,-0.687732,-0.17352,0.663917
2079967136,3,-0.236708,-0.687134,-0.174592,0.664329
2079967146,3,-0.236562,-0.686531,-0.175676,0.664717
2079967156,3,-0.236477,-0.685943,-0.17676,0.665068
2079967166,3,-0.236462,-0.685367,-0.177821,0.665384
2079967176,3,-0.236492,-0.684812,-0.178892,0.665658
2079967187,3,-0.236591,-0.684281,-0.179933,0.665888
2079967197,3,-0.236739,-0.683783,-0.180963,0.666068
2079967207,3,-0.23695,-0.683324,-0.181961,0.666192
2079967217,3,-0.237215,-0.682895,-0.182953,0.666265
2079967227,3,-0.237517,-0.682499,-0.183941,0.666291
2079967237,3,-0.237853,-0.682137,-0.18493,0.666269
2079967247,3,-0.238184,-0.681793,-0.185939,0.666223
2079967257,3,-0.238516,-0.68145,-0.18696,0.666168
2079967267,3,-0.238846,-0.681105,-0.187992,0.666112
2079967277,3,-0.239157,-0.680752,-0.189038,0.666066
2079967287,3,-0.23945,-0.680387,-0.190074,0.666038
2079967297,3,-0.239744,-0.679994,-0.191087,0.666044
2079967307,3,-0.240033,-0.679585,-0.192075,0.666074
2079967318,3,-0.240327,-0.679172,-0.193013,0.666117
2079967328,3,-0.240624,-0.678775,-0.193903,0.666156
2079967338,3,-0.240928,-0.678392,-0.194742,0.666193
2079967348,3,-0.241222,-0.678019,-0.195537,0.666232
2079967358,3,-0.241494,-0.67766,-0.196311,0.666272
2079967368,3,-0.241737,-0.677313,-0.197061,0.666315
2079967378,3,-0.24194,-0.676976,-0.1978,0.666365
2079967388,3,-0.242097,-0.676676,-0.198515,0.6664
2079967398,3,-0.242226,-0.676422,-0.199191,0.66641
2079967408,3,-0.242341,-0.67622,-0.199804,0.666389
2079967418,3,-0.242437,-0.676092,-0.200338,0.666323
2079967428,3,-0.242544,-0.676036,-0.200777,0.666209
2079967438,3,-0.242629,-0.67604,-0.201154,0.66606
2079967449,3,-0.242732,-0.676127,-0.20143,0.665851
2079967459,3,-0.242813,-0.676271,-0.201631,0.665614
2079967469,3,-0.242889,-0.676494,-0.201753,0.665323
2079967479,3,-0.242944,-0.676777,-0.201809,0.664998
2079967489,3,-0.242978,-0.677126,-0.201789,0.664637
2079967499,3,-0.242976,-0.677515,-0.201725,0.66426
2079967509,3,-0.242966,-0.677925,-0.201582,0.663889
2079967519,3,-0.242946,-0.67837,-0.201353,0.663511
2079967529,3,-0.242908,-0.678833,-0.201064,0.663139
2079967539,3,-0.242868,-0.679298,-0.200705,0.662786
2079967549,3,-0.242811,-0.679767,-0.20027,0.662457
2079967559,3,-0.242777,-0.680225,-0.199752,0.662156
2079967569,3,-0.242753,-0.680678,-0.199167,0.661875
2079967579,3,-0.242744,-0.681124,-0.198508,0.661618
2079967590,3,-0.242739,-0.681576,-0.197807,0.661364
2079967600,3,-0.242751,-0.682018,-0.197044,0.661132
2079967610,3,-0.242756,-0.682469,-0.196257,0.660899
2079967620,3,-0.242755,-0.682937,-0.195461,0.660652
2079967630,3,-0.242747,-0.683415,-0.194647,0.6604
2079967640,3,-0.242733,-0.683894,-0.193831,0.660149
2079967650,3,-0.24271,-0.684384,-0.193016,0.659889
2079967660,3,-0.242663,-0.684876,-0.192227,0.659626
2079967670,3,-0.242614,-0.685364,-0.191448,0.659363
2079967680,3,-0.242563,-0.685847,-0.190659,0.659109
2079967690,3,-0.242509,-0.686304,-0.189888,0.658875
2079967700,3,-0.242449,-0.686736,-0.189127,0.658666
2079967710,3,-0.242383,-0.687127,-0.188381,0.658496
2079967721,3,-0.242335,-0.687483,-0.187617,0.658361
2079967731,3,-0.24228,-0.687832,-0.186862,0.658231
2079967741,3,-0.24226,-0.688157,-0.186086,0.658119
2079967751,3,-0.242273,-0.688487,-0.185282,0.657996
2079967761,3,-0.242333,-0.688831,-0.184437,0.657851
2079967771,3,-0.242415,-0.689192,-0.18357,0.657685
2079967781,3,-0.242525,-0.689567,-0.182689,0.657497
2079967791,3,-0.242654,-0.689937,-0.181797,0.657308
2079967801,3,-0.242777,-0.690275,-0.18093,0.657147
2079967811,3,-0.242877,-0.690584,-0.180112,0.65701
2079967821,3,-0.242947,-0.690854,-0.179329,0.656915
2079967831,3,-0.243012,-0.691082,-0.178578,0.656856
2079967841,3,-0.243064,-0.691248,-0.177882,0.65685
2079967852,3,-0.243102,-0.691376,-0.177211,0.656883
2079967862,3,-0.243151,-0.691446,-0.176545,0.65697
2079967872,3,-0.243194,-0.691479,-0.175931,0.657084
2079967882,3,-0.243249,-0.691496,-0.175328,0.657207
2079967892,3,-0.243311,-0.691485,-0.174784,0.65734
2079967902,3,-0.243385,-0.691469,-0.174265,0.657468
2079967912,3,-0.243451,-0.691414,-0.173828,0.657617
2079967922,3,-0.243491,-0.691338,-0.173486,0.657773
2079967932,3,-0.24348,-0.69121,-0.173258,0.657972
2079967942,3,-0.243429,-0.691048,-0.173147,0.65819
2079967952,3,-0.243339,-0.690838,-0.17313,0.658448
2079967962,3,-0.243206,-0.690583,-0.17324,0.658735
2079967972,3,-0.243066,-0.690308,-0.173424,0.659026
2079967982,3,-0.242905,-0.690001,-0.173705,0.659334
2079967993,3,-0.24277,-0.689665,-0.17403,0.659649
2079968003,3,-0.242641,-0.689313,-0.174393,0.659968
2079968013,3,-0.242524,-0.688953,-0.174811,0.660277
2079968023,3,-0.242434,-0.688587,-0.175258,0.660573
2079968033,3,-0.242349,-0.688206,-0.17575,0.66087
2079968043,3,-0.242306,-0.687816,-0.176233,0.661164
2079968053,3,-0.242287,-0.687456,-0.176751,0.661407
2079968063,3,-0.242288,-0.687097,-0.17729,0.661635
2079968073,3,-0.242328,-0.686749,-0.177824,0.661839
2079968083,3,-0.242405,-0.686423,-0.178371,0.662
2079968093,3,-0.242493,-0.686108,-0.178943,0.662141
2079968103,3,-0.24259,-0.685784,-0.179533,0.662281
2079968113,3,-0.242682,-0.68548,-0.180168,0.66239
2079968124,3,-0.242794,-0.685175,-0.180806,0.662491
2079968134,3,-0.242908,-0.684842,-0.181485,0.662607
2079968144,3,-0.243011,-0.684502,-0.182191,0.662728
2079968154,3,-0.243112,-0.684141,-0.182922,0.662862
2079968164,3,-0.243218,-0.683742,-0.183651,0.663033
2079968174,3,-0.243324,-0.683355,-0.184405,0.663184
2079968184,3,-0.243431,-0.682967,-0.185154,0.663335
2079968194,3,-0.243534,-0.68257,-0.185928,0.663489
2079968204,3,-0.243642,-0.6822,-0.186689,0.663616
2079968214,3,-0.243707,-0.681823,-0.187502,0.663751
2079968224,3,-0.243752,-0.681442,-0.188341,0.663888
2079968234,3,-0.243759,-0.681071,-0.18921,0.66402
2079968244,3,-0.243726,-0.680689,-0.190103,0.664168
2079968255,3,-0.243668,-0.680303,-0.191029,0.664319
2079968265,3,-0.243574,-0.679933,-0.191961,0.664463
2079968275,3,-0.243482,-0.679598,-0.192868,0.664578
2079968285,3,-0.243403,-0.679282,-0.193736,0.664677
2079968295,3,-0.243347,-0.679002,-0.19454,0.664749
2079968305,3,-0.243303,-0.67876,-0.195291,0.664791
2079968315,3,-0.243296,-0.678579,-0.195958,0.664783
2079968325,3,-0.243301,-0.67845,-0.196573,0.664732
2079968335,3,-0.243322,-0.678374,-0.197118,0.66464
2079968345,3,-0.243358,-0.67834,-0.197594,0.66452
2079968355,3,-0.243372,-0.678358,-0.198025,0.664368
2079968365,3,-0.243376,-0.678424,-0.198398,0.664188
2079968375,3,-0.243361,-0.678533,-0.198717,0.663986
2079968385,3,-0.24331,-0.678679,-0.199006,0.66377
2079968396,3,-0.243238,-0.678845,-0.199236,0.663557
2079968406,3,-0.243168,-0.679049,-0.199382,0.66333
2079968416,3,-0.243125,-0.679285,-0.199412,0.663095
2079968426,3,-0.243084,-0.679563,-0.199337,0.662848
2079968436,3,-0.243056,-0.679889,-0.199176,0.662572
2079968446,3,-0.243065,-0.680265,-0.198884,0.662271
2079968456,3,-0.243084,-0.68066,-0.198503,0.661972
2079968466,3,-0.243092,-0.681035,-0.19806,0.661716
2079968476,3,-0.243078,-0.681398,-0.197575,0.661492
2079968486,3,-0.243016,-0.681746,-0.197075,0.661306
2079968496,3,-0.242897,-0.682065,-0.196581,0.661168
2079968506,3,-0.242705,-0.682343,-0.196133,0.661084
2079968516,3,-0.242523,-0.682639,-0.195629,0.660994
2079968527,3,-0.242348,-0.682954,-0.195113,0.660886
2079968537,3,-0.24215,-0.683241,-0.194607,0.660811
2079968547,3,-0.241989,-0.683527,-0.194047,0.660738
2079968557,3,-0.241859,-0.683819,-0.193448,0.66066
2079968567,3,-0.241772,-0.68413,-0.192801,0.660559
2079968577,3,-0.241704,-0.684472,-0.192123,0.660427
2079968587,3,-0.241696,-0.684832,-0.191395,0.660269
2079968597,3,-0.24172,-0.685255,-0.190628,0.660042
2079968607,3,-0.241773,-0.685732,-0.189842,0.659754
2079968617,3,-0.241868,-0.686282,-0.189021,0.659383
2079968627,3,-0.241986,-0.686884,-0.188197,0.658948
2079968637,3,-0.242129,-0.687521,-0.187374,0.658467
2079968647,3,-0.242282,-0.688186,-0.186572,0.657943
2079968658,3,-0.242425,-0.688845,-0.185817,0.657414
2079968668,3,-0.242556,-0.689463,-0.185116,0.656915
2079968678,3,-0.242677,-0.690045,-0.184446,0.656448
2079968688,3,-0.242813,-0.690543,-0.183802,0.656054
2079968698,3,-0.242955,-0.690974,-0.183192,0.655719
2079968708,3,-0.243094,-0.691325,-0.182614,0.655459
2079968718,3,-0.243241,-0.691591,-0.182039,0.655283
2079968728,3,-0.243392,-0.6918,-0.18149,0.655159
2079968738,3,-0.243538,-0.69193,-0.180973,0.65511
2079968748,3,-0.243686,-0.692028,-0.180477,0.655089
2079968758,3,-0.243795,-0.692077,-0.180046,0.655115
2079968768,3,-0.243861,-0.692066,-0.17966,0.655207
2079968778,3,-0.243902,-0.692019,-0.179319,0.655336
2079968788,3,-0.243902,-0.691915,-0.179026,0.655526
2079968799,3,-0.243855,-0.691801,-0.178783,0.65573
2079968809,3,-0.243788,-0.691673,-0.178568,0.655948
2079968819,3,-0.243718,-0.69154,-0.178363,0.65617
2079968829,3,-0.243669,-0.691416,-0.178134,0.656381
2079968839,3,-0.243639,-0.691309,-0.177878,0.656574
2079968849,3,-0.243629,-0.691227,-0.177612,0.656736
2079968859,3,-0.243626,-0.691159,-0.177338,0.656883
2079968869,3,-0.243644,-0.691101,-0.177066,0.657011
2079968879,3,-0.243689,-0.691046,-0.176775,0.657131
2079968889,3,-0.243741,-0.690993,-0.176487,0.657244
2079968899,3,-0.243773,-0.690912,-0.176244,0.657382
2079968909,3,-0.243795,-0.690796,-0.17605,0.657548
2079968919,3,-0.243785,-0.690656,-0.175924,0.657733
2079968930,3,-0.243723,-0.690456,-0.175893,0.657974
2079968940,3,-0.243638,-0.69021,-0.175944,0.65825
2079968950,3,-0.243537,-0.689905,-0.176068,0.658574
2079968960,3,-0.243419,-0.689532,-0.176258,0.658957
2079968970,3,-0.243305,-0.689112,-0.176512,0.65937
2079968980,3,-0.243203,-0.688633,-0.176812,0.659828
2079968990,3,-0.243101,-0.688119,-0.177164,0.660307
2079969000,3,-0.243024,-0.687583,-0.17756,0.660787
2079969010,3,-0.242969,-0.687048,-0.178015,0.661241
2079969020,3,-0.242951,-0.686519,-0.178504,0.661665
2079969030,3,-0.242943,-0.686007,-0.17904,0.662054
2079969040,3,-0.242961,-0.685487,-0.179628,0.662427
2079969050,3,-0.242979,-0.68497,-0.180276,0.66278
2079969061,3,-0.243015,-0.684455,-0.180962,0.66311
2079969071,3,-0.243073,-0.683928,-0.181683,0.663436
2079969081,3,-0.243142,-0.683418,-0.182444,0.663728
2079969091,3,-0.243245,-0.682894,-0.183226,0.664013
2079969101,3,-0.243369,-0.682389,-0.184043,0.664261
2079969111,3,-0.243515,-0.6819,-0.184874,0.664479
2079969121,3,-0.243674,-0.681445,-0.18572,0.664651
2079969131,3,-0.243864,-0.680976,-0.186584,0.664821
2079969141,3,-0.244074,-0.680524,-0.187457,0.664961
2079969151,3,-0.244304,-0.680067,-0.188322,0.6651
2079969161,3,-0.244572,-0.679631,-0.189159,0.665209
2079969171,3,-0.244859,-0.679206,-0.189998,0.665299
2079969181,3,-0.245176,-0.678809,-0.19079,0.66536
2079969192,3,-0.245528,-0.678443,-0.191557,0.665384
2079969202,3,-0.245883,-0.678092,-0.192303,0.665395
2079969212,3,-0.246236,-0.677764,-0.193051,0.665382
2079969222,3,-0.246578,-0.677473,-0.19378,0.66534
2079969232,3,-0.246918,-0.677204,-0.194492,0.66528
2079969242,3,-0.247252,-0.676957,-0.195187,0.665204
2079969252,3,-0.247558,-0.67672,-0.195893,0.665124
2079969262,3,-0.247867,-0.676506,-0.196564,0.665028
2079969272,3,-0.248172,-0.676333,-0.197207,0.664899
2079969282,3,-0.248458,-0.676197,-0.197832,0.664746
2079969292,3,-0.248736,-0.676089,-0.198411,0.66458
2079969302,3,-0.248998,-0.676012,-0.198954,0.664397
2079969312,3,-0.249211,-0.675954,-0.199503,0.664212
2079969322,3,-0.249377,-0.675916,-0.200038,0.664027
2079969333,3,-0.24947,-0.675881,-0.200583,0.663864
2079969343,3,-0.249514,-0.675872,-0.20111,0.663697
2079969353,3,-0.249513,-0.675872,-0.201607,0.663546
2079969363,3,-0.249453,-0.675889,-0.202082,0.663406
2079969373,3,-0.249374,-0.675955,-0.202487,0.663245
2079969383,3,-0.249265,-0.676054,-0.202832,0.66308
2079969393,3,-0.249163,-0.676198,-0.203089,0.662894
2079969403,3,-0.249065,-0.676379,-0.203263,0.662692
2079969413,3,-0.248937,-0.676612,-0.203364,0.662471
2079969423,3,-0.248804,-0.676891,-0.203401,0.662225
2079969433,3,-0.248648,-0.677219,-0.203363,0.66196
2079969443,3,-0.248504,-0.677608,-0.203239,0.661654
2079969453,3,-0.24833,-0.678057,-0.203048,0.661317
2079969464,3,-0.248165,-0.678567,-0.202774,0.660941
2079969474,3,-0.248015,-0.679135,-0.202397,0.660528
2079969484,3,-0.247878,-0.67971,-0.201933,0.660131
2079969494,3,-0.247762,-0.680308,-0.201398,0.659721
2079969504,3,-0.247638,-0.680896,-0.200806,0.659341
2079969514,3,-0.247533,-0.681478,-0.200159,0.658976
2079969524,3,-0.247427,-0.682051,-0.199477,0.65863
2079969534,3,-0.247338,-0.682626,-0.198743,0.658289
2079969544,3,-0.247279,-0.683167,-0.197972,0.657983
2079969554,3,-0.24724,-0.683687,-0.197167,0.657699
2079969564,3,-0.247209,-0.684179,-0.196331,0.657449
2079969574,3,-0.247162,-0.684658,-0.195516,0.65721
2079969584,3,-0.247133,-0.685108,-0.19469,0.656998
2079969595,3,-0.247102,-0.685533,-0.193877,0.656807
2079969605,3,-0.247079,-0.685917,-0.193073,0.656652
2079969615,3,-0.247055,-0.686257,-0.192294,0.656533
2079969625,3,-0.247012,-0.686533,-0.191568,0.656474
2079969635,3,-0.246966,-0.686754,-0.190869,0.656464
2079969645,3,-0.246915,-0.686943,-0.1902,0.656479
2079969655,3,-0.246892,-0.687089,-0.18954,0.656526
2079969665,3,-0.246867,-0.687214,-0.188889,0.656592
2079969675,3,-0.246866,-0.687358,-0.188239,0.656628
2079969685,3,-0.246885,-0.687472,-0.187586,0.656688
2079969695,3,-0.246932,-0.687582,-0.186912,0.656748
2079969705,3,-0.246998,-0.687677,-0.186227,0.656818
2079969715,3,-0.247083,-0.687758,-0.18552,0.656902
2079969725,3,-0.24719,-0.687841,-0.184785,0.656981
2079969736,3,-0.247336,-0.687958,-0.184017,0.65702
2079969746,3,-0.24751,-0.688083,-0.183234,0.657042
2079969756,3,-0.247689,-0.688227,-0.182469,0.657036
2079969766,3,-0.247864,-0.688369,-0.181725,0.657028
2079969776,3,-0.248022,-0.688508,-0.18101,0.657021
2079969786,3,-0.248164,-0.688616,-0.180328,0.657041
2079969796,3,-0.248286,-0.688677,-0.179698,0.657103
2079969806,3,-0.248396,-0.688709,-0.179099,0.657192
2079969816,3,-0.248502,-0.688719,-0.178535,0.657295
2079969826,3,-0.248588,-0.688699,-0.178002,0.657428
2079969836,3,-0.248659,-0.688653,-0.177515,0.657581
2079969846,3,-0.248711,-0.688572,-0.177102,0.657757
2079969856,3,-0.248728,-0.688464,-0.176758,0.657956
2079969867,3,-0.248709,-0.688302,-0.176506,0.6582
2079969877,3,-0.248634,-0.688082,-0.176352,0.6585
2079969887,3,-0.248517,-0.687815,-0.176295,0.658839
2079969897,3,-0.248353,-0.687493,-0.176331,0.659226
2079969907,3,-0.248134,-0.687136,-0.176469,0.659644
2079969917,3,-0.247904,-0.686764,-0.176679,0.660061
2079969927,3,-0.24764,-0.686361,-0.176965,0.660503
2079969937,3,-0.247396,-0.685961,-0.177287,0.660923
2079969947,3,-0.247176,-0.685555,-0.177648,0.661331
2079969957,3,-0.246984,-0.685182,-0.178034,0.661685
2079969967,3,-0.246842,-0.684819,-0.178407,0.662013
2079969977,3,-0.246751,-0.684509,-0.178782,0.662266
2079969987,3,-0.246704,-0.684247,-0.17917,0.662449
2079969998,3,-0.246706,-0.684017,-0.179572,0.662577
2079970008,3,-0.246732,-0.683801,-0.180007,0.662673
2079970018,3,-0.246766,-0.683584,-0.180492,0.662752
2079970028,3,-0.246793,-0.683344,-0.181044,0.662839
2079970038,3,-0.246819,-0.683115,-0.181648,0.6629
2079970048,3,-0.246869,-0.682875,-0.182286,0.662954
2079970058,3,-0.246929,-0.682613,-0.182949,0.663019
2079970068,3,-0.247024,-0.68235,-0.183605,0.663072
2079970078,3,-0.247158,-0.682099,-0.184252,0.663101
2079970088,3,-0.247318,-0.681828,-0.1849,0.66314
2079970098,3,-0.247485,-0.681546,-0.185564,0.663182
2079970108,3,-0.247665,-0.681246,-0.186226,0.663238
2079970118,3,-0.247832,-0.680941,-0.186923,0.663292
2079970128,3,-0.247972,-0.680637,-0.187662,0.663343
2079970139,3,-0.248085,-0.68032,-0.188442,0.663405
2079970149,3,-0.248179,-0.68,-0.189247,0.663469
2079970159,3,-0.248242,-0.679682,-0.190076,0.663535
2079970169,3,-0.248285,-0.679375,-0.190932,0.663586
2079970179,3,-0.248316,-0.67909,-0.191786,0.66362
2079970189,3,-0.24834,-0.678813,-0.192616,0.663654
2079970199,3,-0.24838,-0.678522,-0.193428,0.663702
2079970209,3,-0.248431,-0.678254,-0.19419,0.663733
2079970219,3,-0.248489,-0.678008,-0.194911,0.663751
2079970229,3,-0.248556,-0.677791,-0.195577,0.663752
2079970239,3,-0.248639,-0.677602,-0.196186,0.663734
2079970249,3,-0.248706,-0.677463,-0.196764,0.66368
2079970259,3,-0.248768,-0.677385,-0.197301,0.663577
2079970270,3,-0.248825,-0.677367,-0.197776,0.663433
2079970280,3,-0.24889,-0.67739,-0.198179,0.663264
2079970290,3,-0.248946,-0.677459,-0.198531,0.663068
2079970300,3,-0.248988,-0.677581,-0.198831,0.662838
2079970310,3,-0.249004,-0.67772,-0.199082,0.662614
2079970320,3,-0.248989,-0.677892,-0.199289,0.662382
2079970330,3,-0.248946,-0.67809,-0.199434,0.662151
2079970340,3,-0.248906,-0.678361,-0.199493,0.661871
2079970350,3,-0.248847,-0.678665,-0.199491,0.661582
2079970360,3,-0.248803,-0.679008,-0.199386,0.661278
2079970370,3,-0.248739,-0.679379,-0.199219,0.660971
2079970380,3,-0.248619,-0.679779,-0.199008,0.660669
2079970390,3,-0.248483,-0.680172,-0.198748,0.660393
2079970401,3,-0.248299,-0.680561,-0.198472,0.660145
2079970411,3,-0.248058,-0.680933,-0.19819,0.659937
2079970421,3,-0.247777,-0.681291,-0.197906,0.659758
2079970431,3,-0.247428,-0.681623,-0.197635,0.659627
2079970441,3,-0.247013,-0.681927,-0.197397,0.65954
2079970451,3,-0.246557,-0.682173,-0.197161,0.659527
2079970461,3,-0.246062,-0.682389,-0.196936,0.659556
2079970471,3,-0.245568,-0.682591,-0.196681,0.659607
2079970481,3,-0.24512,-0.682784,-0.196355,0.65967
2079970491,3,-0.244687,-0.682994,-0.195991,0.659722
2079970501,3,-0.244312,-0.683218,-0.195558,0.659758
2079970511,3,-0.243974,-0.683472,-0.195079,0.659762
2079970521,3,-0.243671,-0.683746,-0.194562,0.659742
2079970531,3,-0.243384,-0.684058,-0.19402,0.659685
2079970542,3,-0.243131,-0.684385,-0.193463,0.659602
2079970552,3,-0.242887,-0.684753,-0.192912,0.659471
2079970562,3,-0.242655,-0.685112,-0.192378,0.65934
2079970572,3,-0.242412,-0.685468,-0.191872,0.659207
2079970582,3,-0.242198,-0.68581,-0.191352,0.659081
2079970592,3,-0.241982,-0.686117,-0.190873,0.65898
2079970602,3,-0.241768,-0.686383,-0.190409,0.658915
2079970612,3,-0.241549,-0.686616,-0.189969,0.65888
2079970622,3,-0.241362,-0.68682,-0.189506,0.658868
2079970632,3,-0.241208,-0.686995,-0.189027,0.658881
2079970642,3,-0.241056,-0.687146,-0.18855,0.658915
2079970652,3,-0.240915,-0.687246,-0.188063,0.659002
2079970662,3,-0.2408,-0.68732,-0.187565,0.659108
2079970673,3,-0.2407,-0.687383,-0.187061,0.659223
2079970683,3,-0.240568,-0.687424,-0.186595,0.65936
2079970693,3,-0.240453,-0.687421,-0.186125,0.659538
2079970703,3,-0.240331,-0.687397,-0.18569,0.65973
2079970713,3,-0.240205,-0.687336,-0.185277,0.659956
2079970723,3,-0.240036,-0.687229,-0.184916,0.66023
2079970733,3,-0.23986,-0.6871,-0.184558,0.660528
2079970743,3,-0.239687,-0.686959,-0.184212,0.660834
2079970753,3,-0.239504,-0.686792,-0.183883,0.661165
2079970763,3,-0.23933,-0.686645,-0.183537,0.661478
2079970773,3,-0.239153,-0.686526,-0.183187,0.661762
2079970783,3,-0.238972,-0.686415,-0.182828,0.662042
2079970793,3,-0.238815,-0.686328,-0.18245,0.662293
2079970804,3,-0.238668,-0.686231,-0.182057,0.662554
2079970814,3,-0.238521,-0.686068,-0.181654,0.662887
2079970824,3,-0.2384,-0.685968,-0.181227,0.66315
2079970834,3,-0.238297,-0.685868,-0.180789,0.66341
2079970844,3,-0.238156,-0.685749,-0.180393,0.663692
2079970854,3,-0.237971,-0.685629,-0.18003,0.66398
2079970864,3,-0.237759,-0.685476,-0.17971,0.664301
2079970874,3,-0.23751,-0.685321,-0.179428,0.664626
2079970884,3,-0.23722,-0.685135,-0.179196,0.664985
2079970894,3,-0.236917,-0.684936,-0.178976,0.665356
2079970904,3,-0.236635,-0.684735,-0.178732,0.665729
2079970914,3,-0.236365,-0.684549,-0.178473,0.666086
2079970924,3,-0.236083,-0.684402,-0.178233,0.666401
2079970934,3,-0.235826,-0.684282,-0.177996,0.666678
2079970945,3,-0.235556,-0.684178,-0.177787,0.666936
2079970955,3,-0.235276,-0.684084,-0.177634,0.667172
2079970965,3,-0.234983,-0.68398,-0.177525,0.667411
2079970975,3,-0.234663,-0.683849,-0.17748,0.66767
2079970985,3,-0.234333,-0.683719,-0.177499,0.667914
2079970995,3,-0.234023,-0.683567,-0.177529,0.66817
2079971005,3,-0.233744,-0.683415,-0.177588,0.668407
2079971015,3,-0.233521,-0.683243,-0.177659,0.668643
2079971025,3,-0.233365,-0.683044,-0.177711,0.668886
2079971035,3,-0.233272,-0.682815,-0.177763,0.669138
2079971045,3,-0.233241,-0.682591,-0.17781,0.669366
2079971055,3,-0.233272,-0.682349,-0.177863,0.669587
2079971065,3,-0.233377,-0.682135,-0.177932,0.66975
2079971076,3,-0.233546,-0.681965,-0.178027,0.66984
2079971086,3,-0.233762,-0.681847,-0.178158,0.669849
2079971096,3,-0.23402,-0.681758,-0.178345,0.6698
2079971106,3,-0.234338,-0.681707,-0.178558,0.669684
2079971116,3,-0.234718,-0.681681,-0.178809,0.66951
2079971126,3,-0.235149,-0.681667,-0.179109,0.669294
2079971136,3,-0.235603,-0.681656,-0.179471,0.669047
2079971146,3,-0.236088,-0.681654,-0.179888,0.668766
2079971156,3,-0.236611,-0.681653,-0.180353,0.668458
2079971166,3,-0.237186,-0.68164,-0.180856,0.668131
2079971176,3,-0.237803,-0.681627,-0.181397,0.667778
2079971186,3,-0.238453,-0.681612,-0.181972,0.667405
2079971196,3,-0.239103,-0.681616,-0.18261,0.666994
2079971207,3,-0.239795,-0.68165,-0.18327,0.66653
2079971217,3,-0.240488,-0.681673,-0.183986,0.666059
2079971227,3,-0.241179,-0.681693,-0.184756,0.665576
2079971237,3,-0.241864,-0.68169,-0.185577,0.665101
2079971247,3,-0.242508,-0.681648,-0.186454,0.664665
2079971257,3,-0.243124,-0.681562,-0.187405,0.66426
2079971267,3,-0.243667,-0.681433,-0.188432,0.663903
2079971277,3,-0.244148,-0.681219,-0.189537,0.663632
2079971287,3,-0.244546,-0.680952,-0.190698,0.663426
2079971297,3,-0.24486,-0.680625,-0.191914,0.663295
2079971307,3,-0.245068,-0.68027,-0.193175,0.663216
2079971317,3,-0.245206,-0.679909,-0.194439,0.663167
2079971327,3,-0.245257,-0.679557,-0.195704,0.663136
2079971337,3,-0.245265,-0.679266,-0.19691,0.663075
2079971348,3,-0.245233,-0.679042,-0.198035,0.66298
2079971358,3,-0.245198,-0.678889,-0.199044,0.662848
2079971368,3,-0.245165,-0.678797,-0.19994,0.662684
2079971378,3,-0.24511,-0.678761,-0.200726,0.662505
2079971388,3,-0.245011,-0.678766,-0.201441,0.662318
2079971398,3,-0.244857,-0.678803,-0.202095,0.662138
2079971408,3,-0.244637,-0.678852,-0.202695,0.661986
2079971418,3,-0.24436,-0.678885,-0.203259,0.661882
2079971428,3,-0.244025,-0.678918,-0.203795,0.661806
2079971438,3,-0.243632,-0.678963,-0.204298,0.661751
2079971448,3,-0.243228,-0.678991,-0.204742,0.661733
2079971458,3,-0.24282,-0.679027,-0.205124,0.661727
2079971468,3,-0.242443,-0.679053,-0.20541,0.66175
2079971479,3,-0.242132,-0.679098,-0.205587,0.661763
2079971489,3,-0.241826,-0.679135,-0.205708,0.661799
2079971499,3,-0.241557,-0.679199,-0.205742,0.661821
2079971509,3,-0.241279,-0.679236,-0.205765,0.661877
2079971519,3,-0.241006,-0.679264,-0.20577,0.661946
2079971529,3,-0.2407,-0.679248,-0.205803,0.662064
2079971539,3,-0.240345,-0.679181,-0.205879,0.662239
2079971549,3,-0.239936,-0.679075,-0.206012,0.662454
2079971559,3,-0.239501,-0.678932,-0.206179,0.662706
2079971569,3,-0.239082,-0.6788,-0.206331,0.662946
2079971579,3,-0.238662,-0.678683,-0.206477,0.66317
2079971589,3,-0.238291,-0.678595,-0.206566,0.663366
2079971599,3,-0.237974,-0.678546,-0.206594,0.663522
2079971610,3,-0.237761,-0.678541,-0.206501,0.663632
2079971620,3,-0.237628,-0.67858,-0.206306,0.6637
2079971630,3,-0.237537,-0.67867,-0.206025,0.663728
2079971640,3,-0.237518,-0.678801,-0.205613,0.663729
2079971650,3,-0.23754,-0.678969,-0.205125,0.6637
2079971660,3,-0.237588,-0.679147,-0.204574,0.663671
2079971670,3,-0.237629,-0.679336,-0.203979,0.663646
2079971680,3,-0.237669,-0.679542,-0.203351,0.663614
2079971690,3,-0.237702,-0.679761,-0.202687,0.66358
2079971700,3,-0.237732,-0.679986,-0.201997,0.663549
2079971710,3,-0.23776,-0.680247,-0.201282,0.663489
2079971720,3,-0.237764,-0.680486,-0.200552,0.663464
2079971730,3,-0.237776,-0.680683,-0.199785,0.663489
2079971741,3,-0.23776,-0.680815,-0.199013,0.663591
2079971751,3,-0.237694,-0.680913,-0.198278,0.663734
2079971761,3,-0.237566,-0.680996,-0.197577,0.663904
2079971771,3,-0.237382,-0.681072,-0.19689,0.664095
2079971781,3,-0.237184,-0.681146,-0.196196,0.664296
2079971791,3,-0.236963,-0.681225,-0.195491,0.664502
2079971801,3,-0.236704,-0.681306,-0.194787,0.664718
2079971811,3,-0.236443,-0.681358,-0.194064,0.664969
2079971821,3,-0.23616,-0.681425,-0.193342,0.665211
2079971831,3,-0.235836,-0.681485,-0.192609,0.665477
2079971841,3,-0.235453,-0.681549,-0.191899,0.665752
2079971851,3,-0.235053,-0.681629,-0.191184,0.666017
2079971861,3,-0.234626,-0.681736,-0.190458,0.666266
2079971871,3,-0.234212,-0.681881,-0.189682,0.666485
2079971882,3,-0.233806,-0.68204,-0.18888,0.666692
2079971892,3,-0.233412,-0.682228,-0.18805,0.666873
2079971902,3,-0.23306,-0.682464,-0.187174,0.667001
2079971912,3,-0.232723,-0.682732,-0.186287,0.667093
2079971922,3,-0.232401,-0.683021,-0.185426,0.667149
2079971932,3,-0.232043,-0.683336,-0.184629,0.667172
2079971942,3,-0.231684,-0.683673,-0.1839,0.667152
2079971952,3,-0.231341,-0.684,-0.183227,0.667122
2079971962,3,-0.231006,-0.684319,-0.182613,0.66708
2079971972,3,-0.230671,-0.684635,-0.182086,0.667015
2079971982,3,-0.230361,-0.68493,-0.181607,0.66695
2079971992,3,-0.230065,-0.685172,-0.181214,0.666911
2079972002,3,-0.229788,-0.685401,-0.180903,0.666855
2079972013,3,-0.229565,-0.685618,-0.180637,0.66678
2079972023,3,-0.22939,-0.685845,-0.180422,0.666666
2079972033,3,-0.229274,-0.686085,-0.180254,0.666504
2079972043,3,-0.229181,-0.686305,-0.180176,0.66633
2079972053,3,-0.22911,-0.686559,-0.180184,0.666091
2079972063,3,-0.229038,-0.686814,-0.180282,0.665827
2079972073,3,-0.228977,-0.687053,-0.180463,0.665552
2079972083,3,-0.228907,-0.687274,-0.180726,0.665276
2079972093,3,-0.228833,-0.687479,-0.18107,0.664997
2079972103,3,-0.228774,-0.687655,-0.181478,0.664723
2079972113,3,-0.228722,-0.687776,-0.181959,0.664485
2079972123,3,-0.228682,-0.68785,-0.18248,0.664278
2079972133,3,-0.228663,-0.6879,-0.183036,0.664081
2079972144,3,-0.228654,-0.687923,-0.183616,0.663899
2079972154,3,-0.228659,-0.687952,-0.184227,0.663698
2079972164,3,-0.228683,-0.68796,-0.184836,0.663513
2079972174,3,-0.228714,-0.687968,-0.185469,0.663317
2079972184,3,-0.228746,-0.687961,-0.186128,0.663129
2079972194,3,-0.22875,-0.687951,-0.186801,0.662948
2079972204,3,-0.228747,-0.687924,-0.187486,0.662784
2079972214,3,-0.228725,-0.687886,-0.188176,0.662635
2079972224,3,-0.228692,-0.687845,-0.188877,0.66249
2079972234,3,-0.228627,-0.687795,-0.189581,0.662364
2079972244,3,-0.22855,-0.687754,-0.190269,0.662235
2079972254,3,-0.228471,-0.687705,-0.190922,0.662125
2079972264,3,-0.228404,-0.687668,-0.191533,0.66201
2079972274,3,-0.228305,-0.687621,-0.192132,0.66192
2079972285,3,-0.228227,-0.687575,-0.192674,0.661837
2079972295,3,-0.228117,-0.687529,-0.193196,0.66177
2079972305,3,-0.227991,-0.68746,-0.193707,0.661737
2079972315,3,-0.227796,-0.68737,-0.19423,0.661743
2079972325,3,-0.227544,-0.687264,-0.194767,0.661782
2079972335,3,-0.227262,-0.687133,-0.195285,0.661863
2079972345,3,-0.226936,-0.686978,-0.195811,0.66198
2079972355,3,-0.226603,-0.686811,-0.196309,0.662119
2079972365,3,-0.226258,-0.68665,-0.196791,0.662262
2079972375,3,-0.225885,-0.686486,-0.197258,0.66242
2079972385,3,-0.225521,-0.686315,-0.197698,0.66259
2079972395,3,-0.225152,-0.686122,-0.198093,0.662798
2079972405,3,-0.224806,-0.685915,-0.19843,0.663029
2079972416,3,-0.224477,-0.68568,-0.198706,0.6633
2079972426,3,-0.224156,-0.68547,-0.198914,0.663564
2079972436,3,-0.223861,-0.685281,-0.199046,0.663819
2079972446,3,-0.223586,-0.685142,-0.199114,0.664035
2079972456,3,-0.223314,-0.685053,-0.199118,0.664216
2079972466,3,-0.223065,-0.684984,-0.199056,0.66439
2079972476,3,-0.222835,-0.684984,-0.198951,0.664498
2079972486,3,-0.222585,-0.685039,-0.19883,0.664562
2079972496,3,-0.222334,-0.685121,-0.198668,0.66461
2079972506,3,-0.222074,-0.685231,-0.198488,0.664637
2079972516,3,-0.221792,-0.685322,-0.198303,0.664693
2079972526,3,-0.221519,-0.6854,-0.198081,0.664769
2079972536,3,-0.221242,-0.685449,-0.197836,0.664884
2079972547,3,-0.220998,-0.68549,-0.197537,0.665012
2079972557,3,-0.220809,-0.685539,-0.197161,0.665136
2079972567,3,-0.220649,-0.685599,-0.196742,0.665251
2079972577,3,-0.220519,-0.685679,-0.196284,0.665347
2079972587,3,-0.220435,-0.685763,-0.195782,0.665437
2079972597,3,-0.220364,-0.685848,-0.195257,0.665526
2079972607,3,-0.2203,-0.685924,-0.194743,0.66562
2079972617,3,-0.22022,-0.686005,-0.19426,0.665704
2079972627,3,-0.220132,-0.686063,-0.1938,0.665807
2079972637,3,-0.220056,-0.686095,-0.193329,0.665937
2079972647,3,-0.219982,-0.686125,-0.192871,0.666063
2079972657,3,-0.219931,-0.686163,-0.192389,0.66618
2079972667,3,-0.219875,-0.686233,-0.1919,0.666268
2079972677,3,-0.219813,-0.686314,-0.191388,0.666352
2079972688,3,-0.219747,-0.686355,-0.190806,0.666498
2079972698,3,-0.21962,-0.686388,-0.19016,0.66669
2079972708,3,-0.219423,-0.686435,-0.189438,0.666912
2079972718,3,-0.219137,-0.686511,-0.188636,0.667155
2079972728,3,-0.218751,-0.686642,-0.187736,0.667401
2079972738,3,-0.218263,-0.686821,-0.186746,0.667655
2079972748,3,-0.217681,-0.687075,-0.185675,0.667882
2079972758,3,-0.217035,-0.687387,-0.1845,0.668097
2079972768,3,-0.216323,-0.687773,-0.183208,0.668286
2079972778,3,-0.215582,-0.688203,-0.181797,0.668468
2079972788,3,-0.214772,-0.688674,-0.180317,0.668644
2079972798,3,-0.213931,-0.689178,-0.178764,0.668812
2079972808,3,-0.213036,-0.689696,-0.177164,0.668989
2079972819,3,-0.212112,-0.690205,-0.175527,0.669189
2079972829,3,-0.21117,-0.690707,-0.173848,0.669408
2079972839,3,-0.21021,-0.691202,-0.172164,0.669634
2079972849,3,-0.20923,-0.691688,-0.170475,0.669871
2079972859,3,-0.208252,-0.692193,-0.16879,0.67008
2079972869,3,-0.2073,-0.692712,-0.167105,0.670262
2079972879,3,-0.206353,-0.69325,-0.165462,0.670406
2079972889,3,-0.205418,-0.693824,-0.163856,0.670493
2079972899,3,-0.204494,-0.694433,-0.1623,0.670524
2079972909,3,-0.203592,-0.695008,-0.160797,0.670565
2079972919,3,-0.202702,-0.695529,-0.159339,0.670642
2079972929,3,-0.201806,-0.696002,-0.157932,0.670755
2079972939,3,-0.200897,-0.696448,-0.156588,0.670879
2079972950,3,-0.199965,-0.696854,-0.155312,0.671033
2079972960,3,-0.199032,-0.697241,-0.154088,0.67119
2079972970,3,-0.198113,-0.697625,-0.152907,0.671333
2079972980,3,-0.197236,-0.698,-0.151772,0.671459
2079972990,3,-0.196401,-0.698395,-0.150659,0.671544
2079973000,3,-0.195614,-0.698783,-0.149608,0.671605
2079973010,3,-0.194879,-0.699163,-0.148615,0.671644
2079973020,3,-0.194218,-0.699526,-0.147656,0.671669
2079973030,3,-0.193598,-0.699894,-0.146783,0.671656
2079973040,3,-0.193038,-0.70022,-0.145991,0.67165
2079973050,3,-0.192519,-0.700508,-0.145328,0.671642
2079973060,3,-0.192065,-0.700742,-0.144756,0.671651
2079973070,3,-0.191682,-0.700948,-0.144282,0.671648
2079973080,3,-0.191387,-0.70114,-0.143896,0.671614
2079973091,3,-0.19118,-0.701321,-0.143598,0.671548
2079973101,3,-0.191067,-0.701491,-0.143389,0.671447
2079973111,3,-0.191052,-0.701643,-0.143287,0.671315
2079973121,3,-0.191105,-0.701769,-0.143301,0.671165
2079973131,3,-0.191246,-0.701873,-0.143415,0.670991
2079973141,3,-0.191461,-0.701971,-0.143638,0.67078
2079973151,3,-0.191762,-0.702054,-0.143981,0.670533
2079973161,3,-0.192147,-0.70213,-0.144422,0.670249
2079973171,3,-0.192607,-0.702185,-0.144963,0.669942
2079973181,3,-0.193133,-0.702203,-0.145614,0.669631
2079973191,3,-0.193706,-0.702193,-0.14639,0.669307
2079973201,3,-0.194326,-0.702119,-0.147296,0.669006
2079973211,3,-0.194961,-0.701976,-0.148321,0.668744
2079973222,3,-0.195612,-0.701771,-0.149472,0.668513
2079973232,3,-0.196286,-0.701483,-0.150728,0.668336
2079973242,3,-0.196996,-0.701128,-0.15208,0.668193
2079973252,3,-0.197755,-0.700711,-0.153502,0.668081
2079973262,3,-0.19858,-0.70026,-0.154969,0.667971
2079973272,3,-0.199442,-0.699755,-0.156503,0.667886
2079973282,3,-0.200366,-0.699198,-0.158071,0.667823
2079973292,3,-0.201349,-0.698599,-0.159651,0.667778
2079973302,3,-0.202375,-0.697979,-0.161253,0.667732
2079973312,3,-0.203485,-0.697337,-0.162832,0.667682
2079973322,3,-0.204628,-0.696698,-0.164406,0.667614
2079973332,3,-0.205846,-0.696083,-0.165981,0.667491
2079973342,3,-0.207116,-0.695484,-0.167545,0.667332
2079973353,3,-0.208427,-0.694914,-0.169109,0.667123
2079973363,3,-0.209774,-0.69438,-0.170685,0.666856
2079973373,3,-0.211154,-0.693845,-0.172262,0.666572
2079973383,3,-0.212579,-0.693333,-0.173851,0.666239
2079973393,3,-0.214044,-0.692823,-0.175436,0.665884
2079973403,3,-0.215518,-0.692302,-0.177049,0.665524
2079973413,3,-0.217029,-0.691757,-0.178653,0.665171
2079973423,3,-0.218587,-0.691167,-0.180248,0.664844
2079973433,3,-0.220162,-0.69053,-0.181861,0.664546
2079973443,3,-0.221741,-0.689831,-0.183514,0.664293
2079973453,3,-0.223332,-0.68909,-0.185201,0.664061
2079973463,3,-0.224957,-0.6883,-0.186888,0.663859
2079973473,3,-0.226592,-0.687452,-0.188601,0.663697
2079973483,3,-0.228233,-0.686565,-0.19033,0.66356
2079973494,3,-0.22992,-0.68567,-0.192033,0.663412
2079973504,3,-0.231628,-0.684742,-0.193728,0.663283
2079973514,3,-0.233348,-0.683787,-0.195393,0.663177
2079973524,3,-0.235074,-0.682834,-0.197034,0.663064
2079973534,3,-0.236812,-0.681885,-0.198624,0.662948
2079973544,3,-0.238537,-0.680952,-0.20018,0.66282
2079973554,3,-0.240217,-0.680021,-0.201719,0.662703
2079973564,3,-0.241842,-0.679114,-0.203222,0.662582
2079973574,3,-0.243416,-0.678251,-0.204707,0.662433
2079973584,3,-0.244962,-0.677456,-0.206121,0.662238
2079973594,3,-0.246455,-0.67674,-0.20747,0.661995
2079973604,3,-0.247911,-0.676105,-0.208707,0.661711
2079973614,3,-0.249349,-0.67552,-0.20986,0.661404
2079973625,3,-0.250705,-0.674982,-0.210951,0.661093
2079973635,3,-0.251961,-0.674461,-0.212,0.660812
2079973645,3,-0.253108,-0.67396,-0.212986,0.660567
2079973655,3,-0.254122,-0.67345,-0.213949,0.660387
2079973665,3,-0.255015,-0.672927,-0.214854,0.660282
2079973675,3,-0.255791,-0.672409,-0.215711,0.660231
2079973685,3,-0.256467,-0.671903,-0.21649,0.660228
2079973695,3,-0.257036,-0.671431,-0.217196,0.660255
2079973705,3,-0.257497,-0.670981,-0.217832,0.660324
2079973715,3,-0.257833,-0.67058,-0.218405,0.66041
2079973725,3,-0.258082,-0.670214,-0.218885,0.660526
2079973735,3,-0.25822,-0.669912,-0.219283,0.660646
2079973745,3,-0.258248,-0.669671,-0.21959,0.660778
2079973756,3,-0.258152,-0.669482,-0.219834,0.660926
2079973766,3,-0.257934,-0.669331,-0.220015,0.661104
2079973776,3,-0.257591,-0.66923,-0.220127,0.661302
2079973786,3,-0.257146,-0.669188,-0.22017,0.661503
2079973796,3,-0.256597,-0.669215,-0.22013,0.661703
2079973806,3,-0.255983,-0.669287,-0.219995,0.661912
2079973816,3,-0.255289,-0.669415,-0.219775,0.662123
2079973826,3,-0.25455,-0.669593,-0.219463,0.662332
2079973836,3,-0.25375,-0.669818,-0.219059,0.662545
2079973846,3,-0.252932,-0.670093,-0.218547,0.662749
2079973856,3,-0.252142,-0.670446,-0.217901,0.662905
2079973866,3,-0.251383,-0.670888,-0.217127,0.663001
2079973876,3,-0.25065,-0.671399,-0.216248,0.663048
2079973886,3,-0.24996,-0.672004,-0.215272,0.663014
2079973897,3,-0.249303,-0.672694,-0.214214,0.662904
2079973907,3,-0.248666,-0.67346,-0.213099,0.662725
2079973917,3,-0.248051,-0.674304,-0.211943,0.662467
2079973927,3,-0.247451,-0.675197,-0.210757,0.662161
2079973937,3,-0.246891,-0.676096,-0.209529,0.661842
2079973947,3,-0.246357,-0.676994,-0.208274,0.661519
2079973957,3,-0.245861,-0.677874,-0.207008,0.6612
2079973967,3,-0.24539,-0.678733,-0.205739,0.66089
2079973977,3,-0.244951,-0.679602,-0.204466,0.660555
2079973987,3,-0.244546,-0.680424,-0.203195,0.660251
2079973997,3,-0.244178,-0.681212,-0.201936,0.659961
2079974007,3,-0.243831,-0.681966,-0.200706,0.659685
2079974017,3,-0.24348,-0.682679,-0.199525,0.659436
2079974028,3,-0.243118,-0.683334,-0.198414,0.659226
2079974038,3,-0.24272,-0.683951,-0.197398,0.659037
2079974048,3,-0.242291,-0.68451,-0.196481,0.658889
2079974058,3,-0.241838,-0.684992,-0.195641,0.658804
2079974068,3,-0.24138,-0.685421,-0.19484,0.658763
2079974078,3,-0.240905,-0.685812,-0.1941,0.658749
2079974088,3,-0.240443,-0.686198,-0.193379,0.658728
2079974098,3,-0.239981,-0.68659,-0.19268,0.658693
2079974108,3,-0.23955,-0.686998,-0.191976,0.658629
2079974118,3,-0.239128,-0.687429,-0.191277,0.658537
2079974128,3,-0.238738,-0.687882,-0.190545,0.658417
2079974138,3,-0.238356,-0.688351,-0.189796,0.658282
2079974148,3,-0.237984,-0.688837,-0.189046,0.658124
2079974159,3,-0.237626,-0.689312,-0.188283,0.657975
2079974169,3,-0.237259,-0.689779,-0.187515,0.657837
2079974179,3,-0.236885,-0.690227,-0.186741,0.657722
2079974189,3,-0.236503,-0.69066,-0.18597,0.657624
2079974199,3,-0.236091,-0.691066,-0.185228,0.657554
2079974209,3,-0.235666,-0.69144,-0.184502,0.657518
2079974219,3,-0.235233,-0.691754,-0.183788,0.657543
2079974229,3,-0.234813,-0.692027,-0.183094,0.657598
2079974239,3,-0.234399,-0.692252,-0.182418,0.657697
2079974249,3,-0.234004,-0.692428,-0.181746,0.657838
2079974259,3,-0.233647,-0.692566,-0.181094,0.658
2079974269,3,-0.233319,-0.69266,-0.180492,0.658183
2079974279,3,-0.233001,-0.692727,-0.179962,0.658371
2079974290,3,-0.232704,-0.692756,-0.179521,0.658566
2079974300,3,-0.232416,-0.692766,-0.179183,0.658749
2079974310,3,-0.232139,-0.692719,-0.178967,0.658955
2079974320,3,-0.231883,-0.69261,-0.178871,0.659186
2079974330,3,-0.231631,-0.692431,-0.178927,0.659447
2079974340,3,-0.231403,-0.692173,-0.179127,0.659743
2079974350,3,-0.231209,-0.691869,-0.179447,0.660044
2079974360,3,-0.231062,-0.691521,-0.179882,0.660341
2079974370,3,-0.230961,-0.691135,-0.180425,0.660632
2079974380,3,-0.23094,-0.690713,-0.181048,0.66091
2079974390,3,-0.231,-0.690266,-0.181756,0.661162
2079974400,3,-0.231166,-0.689805,-0.182508,0.661378
2079974410,3,-0.23142,-0.689319,-0.183331,0.661568
2079974420,3,-0.231771,-0.688839,-0.184203,0.661703
2079974431,3,-0.232234,-0.688335,-0.185121,0.661808
2079974441,3,-0.232761,-0.687818,-0.186104,0.661886
2079974451,3,-0.23334,-0.687273,-0.187149,0.661953
2079974461,3,-0.233968,-0.686722,-0.188255,0.66199
2079974471,3,-0.234658,-0.68617,-0.189404,0.66199
2079974481,3,-0.235396,-0.685611,-0.1906,0.661963
2079974491,3,-0.236169,-0.685045,-0.191827,0.661921
2079974501,3,-0.237017,-0.684473,-0.193079,0.661845
2079974511,3,-0.237913,-0.683871,-0.19434,0.661777
2079974521,3,-0.238844,-0.683237,-0.195646,0.661711
2079974531,3,-0.239814,-0.682569,-0.196972,0.661657
2079974541,3,-0.240771,-0.681852,-0.198368,0.661631
2079974551,3,-0.241743,-0.681096,-0.199806,0.661622
2079974562,3,-0.242706,-0.680294,-0.201296,0.661644
2079974572,3,-0.243675,-0.679464,-0.202836,0.66167
2079974582,3,-0.244615,-0.678605,-0.204454,0.661707
2079974592,3,-0.245541,-0.677721,-0.20612,0.661753
2079974602,3,-0.24643,-0.676814,-0.207844,0.661811
2079974612,3,-0.247287,-0.675885,-0.209612,0.661884
2079974622,3,-0.248122,-0.674965,-0.211405,0.661939
2079974632,3,-0.248958,-0.674074,-0.213171,0.661967
2079974642,3,-0.24981,-0.67321,-0.214893,0.661969
2079974652,3,-0.250648,-0.672391,-0.216581,0.661934
2079974662,3,-0.251507,-0.671663,-0.218178,0.661823
2079974672,3,-0.252367,-0.671025,-0.219682,0.661646
2079974682,3,-0.253247,-0.67047,-0.22108,0.661406
2079974693,3,-0.254131,-0.670006,-0.22237,0.661104
2079974703,3,-0.254993,-0.669645,-0.223556,0.660738
2079974713,3,-0.255815,-0.669379,-0.224666,0.660314
2079974723,3,-0.256613,-0.669167,-0.225674,0.659875
2079974733,3,-0.257346,-0.669028,-0.226618,0.659406
2079974743,3,-0.258028,-0.668931,-0.227461,0.658948
2079974753,3,-0.258642,-0.66887,-0.228235,0.658501
2079974763,3,-0.259176,-0.668844,-0.228946,0.658071
2079974773,3,-0.259646,-0.668863,-0.229562,0.657652
2079974783,3,-0.260058,-0.668897,-0.230099,0.657266
2079974793,3,-0.260399,-0.668962,-0.230573,0.656899
2079974803,3,-0.260701,-0.669071,-0.230941,0.656539
2079974813,3,-0.260949,-0.669212,-0.231221,0.656198
2079974823,3,-0.26118,-0.669379,-0.231396,0.655874
2079974834,3,-0.261367,-0.669579,-0.231463,0.655572
2079974844,3,-0.261516,-0.669821,-0.231447,0.655271
2079974854,3,-0.261648,-0.67009,-0.23134,0.654981
2079974864,3,-0.261732,-0.670381,-0.231158,0.654713
2079974874,3,-0.26179,-0.670695,-0.230904,0.654459
2079974884,3,-0.261817,-0.671034,-0.230587,0.654212
2079974894,3,-0.26185,-0.671418,-0.230156,0.653956
2079974904,3,-0.261877,-0.671832,-0.229644,0.6537
2079974914,3,-0.261938,-0.672287,-0.229025,0.653425
2079974924,3,-0.262017,-0.672773,-0.228315,0.653142
2079974934,3,-0.262075,-0.673296,-0.227561,0.652842
2079974944,3,-0.262146,-0.673847,-0.226736,0.652533
2079974954,3,-0.262202,-0.6744,-0.22586,0.652243
2079974965,3,-0.262237,-0.674984,-0.224948,0.651939
2079974975,3,-0.262268,-0.675573,-0.223989,0.651646
2079974985,3,-0.262279,-0.676179,-0.223001,0.651353
2079974995,3,-0.262276,-0.676782,-0.221962,0.651083
2079975005,3,-0.26223,-0.677384,-0.220915,0.650831
2079975015,3,-0.262151,-0.677979,-0.219852,0.650603
2079975025,3,-0.262041,-0.678553,-0.218787,0.650408
2079975035,3,-0.261899,-0.679119,-0.217704,0.650238
2079975045,3,-0.261723,-0.679677,-0.216615,0.650089
2079975055,3,-0.261519,-0.680212,-0.215519,0.649976
2079975065,3,-0.261309,-0.68073,-0.214403,0.649888
2079975075,3,-0.2611,-0.681227,-0.213247,0.649832
2079975085,3,-0.260865,-0.68172,-0.212084,0.649789
2079975096,3,-0.260603,-0.682213,-0.210921,0.649756
2079975106,3,-0.26032,-0.682674,-0.209768,0.649758
2079975116,3,-0.260007,-0.683105,-0.208633,0.649796
2079975126,3,-0.259669,-0.683488,-0.207519,0.649885
2079975136,3,-0.259288,-0.683851,-0.206424,0.650004
2079975146,3,-0.258881,-0.68415,-0.205351,0.650192
2079975156,3,-0.258449,-0.684415,-0.204307,0.650412
2079975166,3,-0.258022,-0.684644,-0.203264,0.650668
2079975176,3,-0.257598,-0.684835,-0.202234,0.650956
2079975186,3,-0.257205,-0.685,-0.201188,0.651262
2079975196,3,-0.256849,-0.685145,-0.200134,0.651574
2079975206,3,-0.256513,-0.685282,-0.199081,0.651885
2079975216,3,-0.2562,-0.685415,-0.198047,0.652184
2079975226,3,-0.255913,-0.68554,-0.197037,0.652471
2079975237,3,-0.255623,-0.685636,-0.196069,0.652775
2079975247,3,-0.25533,-0.685738,-0.195161,0.653055
2079975257,3,-0.255026,-0.685842,-0.194319,0.653315
2079975267,3,-0.254732,-0.685972,-0.193529,0.653528
2079975277,3,-0.254447,-0.686111,-0.192793,0.65371
2079975287,3,-0.254162,-0.68627,-0.192144,0.653846
2079975297,3,-0.253887,-0.686445,-0.191556,0.653941
2079975307,3,-0.253609,-0.686625,-0.191058,0.654006
2079975317,3,-0.253345,-0.686802,-0.190643,0.654043
2079975327,3,-0.253092,-0.686939,-0.190329,0.654089
2079975337,3,-0.252849,-0.687042,-0.190102,0.654141
2079975347,3,-0.252633,-0.687107,-0.189952,0.654199
2079975357,3,-0.252458,-0.687121,-0.189877,0.654275
2079975368,3,-0.252307,-0.687094,-0.189903,0.654354
2079975378,3,-0.252177,-0.687029,-0.190009,0.654441
2079975388,3,-0.252093,-0.686922,-0.190185,0.654535
2079975398,3,-0.252021,-0.686786,-0.190457,0.654626
2079975408,3,-0.251997,-0.686608,-0.190787,0.654726
2079975418,3,-0.251968,-0.686401,-0.191238,0.654822
2079975428,3,-0.251922,-0.686149,-0.191827,0.654932
2079975438,3,-0.251861,-0.685837,-0.19255,0.65507
2079975448,3,-0.251767,-0.685468,-0.193403,0.655241
2079975458,3,-0.251659,-0.685022,-0.194352,0.655468
2079975468,3,-0.251529,-0.684509,-0.195411,0.655739
2079975478,3,-0.251405,-0.683937,-0.196541,0.656046
2079975488,3,-0.251295,-0.683336,-0.197713,0.656361
2079975499,3,-0.251237,-0.682725,-0.198901,0.656661
2079975509,3,-0.251211,-0.682102,-0.200122,0.656947
2079975519,3,-0.251247,-0.68152,-0.201334,0.657166
2079975529,3,-0.251344,-0.680993,-0.202547,0.657303
2079975539,3,-0.251472,-0.680505,-0.203768,0.657383
2079975549,3,-0.251633,-0.680035,-0.205004,0.657423
2079975559,3,-0.251812,-0.679594,-0.206248,0.657422
2079975569,3,-0.252019,-0.679164,-0.207497,0.657394
2079975579,3,-0.252233,-0.678733,-0.208759,0.657356
2079975589,3,-0.252467,-0.67831,-0.210006,0.657307
2079975599,3,-0.252697,-0.677893,-0.211263,0.657245
2079975609,3,-0.252938,-0.677493,-0.212521,0.657159
2079975619,3,-0.253238,-0.677116,-0.213731,0.65704
2079975629,3,-0.253564,-0.676768,-0.214906,0.65689
2079975640,3,-0.253927,-0.676459,-0.216035,0.656698
2079975650,3,-0.254316,-0.676172,-0.217137,0.65648
2079975660,3,-0.254743,-0.675879,-0.218192,0.656265
2079975670,3,-0.255151,-0.675556,-0.219268,0.656081
2079975680,3,-0.255518,-0.675191,-0.220356,0.655949
2079975690,3,-0.255828,-0.674796,-0.221482,0.655855
2079975700,3,-0.256105,-0.674374,-0.222611,0.655799
2079975710,3,-0.256366,-0.673914,-0.223722,0.655792
2079975720,3,-0.256599,-0.673451,-0.224823,0.6558
2079975730,3,-0.256814,-0.672985,-0.225885,0.655829
2079975740,3,-0.257004,-0.67251,-0.226921,0.655885
2079975750,3,-0.257197,-0.672045,-0.227909,0.655942
2079975760,3,-0.257382,-0.671602,-0.22884,0.656
2079975771,3,-0.257575,-0.671186,-0.22971,0.656046
2079975781,3,-0.257786,-0.670828,-0.230502,0.656051
2079975791,3,-0.258033,-0.670536,-0.231206,0.656005
2079975801,3,-0.258283,-0.670297,-0.231847,0.655924
2079975811,3,-0.258552,-0.670142,-0.232404,0.65578
2079975821,3,-0.258843,-0.670059,-0.232887,0.655578
2079975831,3,-0.259145,-0.67004,-0.233301,0.655331
2079975841,3,-0.259441,-0.670055,-0.233641,0.655077
2079975851,3,-0.259749,-0.670126,-0.233913,0.654786
2079975861,3,-0.260053,-0.670203,-0.234132,0.654509
2079975871,3,-0.260369,-0.670295,-0.23426,0.654242
2079975881,3,-0.260689,-0.670419,-0.234329,0.653964
2079975891,3,-0.261012,-0.670536,-0.234317,0.653719
2079975902,3,-0.261353,-0.670657,-0.234238,0.653487
2079975912,3,-0.26169,-0.670766,-0.234093,0.653292
2079975922,3,-0.262039,-0.670869,-0.233878,0.653124
2079975932,3,-0.262417,-0.670982,-0.23357,0.652966
2079975942,3,-0.262792,-0.671113,-0.233208,0.652809
2079975952,3,-0.263179,-0.671242,-0.232792,0.652669
2079975962,3,-0.263559,-0.671378,-0.232327,0.652542
2079975972,3,-0.263903,-0.671519,-0.23185,0.652427
2079975982,3,-0.264215,-0.671645,-0.231355,0.652347
2079975992,3,-0.264481,-0.671747,-0.230859,0.65231
2079976002,3,-0.26473,-0.671824,-0.230353,0.652308
2079976012,3,-0.264948,-0.671882,-0.229836,0.652343
2079976022,3,-0.265168,-0.671934,-0.229294,0.65239
2079976032,3,-0.265366,-0.672012,-0.228746,0.652421
2079976043,3,-0.265544,-0.672103,-0.228187,0.652451
2079976053,3,-0.265763,-0.672241,-0.227556,0.652441
2079976063,3,-0.26599,-0.672431,-0.226871,0.652391
2079976073,3,-0.266211,-0.672671,-0.226153,0.652303
2079976083,3,-0.266445,-0.672975,-0.225384,0.65216
2079976093,3,-0.266677,-0.673329,-0.224583,0.651976
2079976103,3,-0.266901,-0.67374,-0.223736,0.65175
2079976113,3,-0.267098,-0.674226,-0.22288,0.651461
2079976123,3,-0.267266,-0.674743,-0.22201,0.651153
2079976133,3,-0.267412,-0.675292,-0.221097,0.650835
2079976143,3,-0.267501,-0.675847,-0.2202,0.650526
2079976153,3,-0.267577,-0.676401,-0.21926,0.650237
2079976163,3,-0.26761,-0.676947,-0.218323,0.64997
2079976174,3,-0.267599,-0.67747,-0.217372,0.649748
2079976184,3,-0.267551,-0.677969,-0.216404,0.64957
2079976194,3,-0.267473,-0.678452,-0.215418,0.649426
2079976204,3,-0.267334,-0.678909,-0.214454,0.649325
2079976214,3,-0.267136,-0.679334,-0.213503,0.649275
2079976224,3,-0.266863,-0.679713,-0.212596,0.649289
2079976234,3,-0.266513,-0.680011,-0.211738,0.6494
2079976244,3,-0.266064,-0.68027,-0.210942,0.649572
2079976254,3,-0.265554,-0.680458,-0.210181,0.64983
2079976264,3,-0.264963,-0.680615,-0.209459,0.650141
2079976274,3,-0.264326,-0.680781,-0.208749,0.650455
2079976284,3,-0.263649,-0.680924,-0.208041,0.650806
2079976294,3,-0.262935,-0.68109,-0.20734,0.651145
2079976305,3,-0.262209,-0.681289,-0.206607,0.651463
2079976315,3,-0.261499,-0.681512,-0.205846,0.651755
2079976325,3,-0.260813,-0.681784,-0.205037,0.652001
2079976335,3,-0.260141,-0.682092,-0.204204,0.652208
2079976345,3,-0.25948,-0.682424,-0.203372,0.652384
2079976355,3,-0.258821,-0.682767,-0.202551,0.652543
2079976365,3,-0.258157,-0.683122,-0.201769,0.652677
2079976375,3,-0.257497,-0.683484,-0.201012,0.652792
2079976385,3,-0.256853,-0.68385,-0.200303,0.652881
2079976395,3,-0.256193,-0.684194,-0.19967,0.652973
2079976405,3,-0.255551,-0.684539,-0.199099,0.653037
2079976415,3,-0.254947,-0.684846,-0.19857,0.653113
2079976425,3,-0.254364,-0.685131,-0.198093,0.653186
2079976436,3,-0.25381,-0.685386,-0.197688,0.653257
2079976446,3,-0.253289,-0.6856,-0.197352,0.653336
2079976456,3,-0.2528,-0.685788,-0.1971,0.653404
2079976466,3,-0.252335,-0.685933,-0.196933,0.653482
2079976476,3,-0.251891,-0.686034,-0.196861,0.653569
2079976486,3,-0.251489,-0.686092,-0.196864,0.653662
2079976496,3,-0.251128,-0.686107,-0.196968,0.653753
2079976506,3,-0.250801,-0.686083,-0.19717,0.653844
2079976516,3,-0.250501,-0.685998,-0.19748,0.653954
2079976526,3,-0.2502,-0.685861,-0.197914,0.654081
2079976536,3,-0.249926,-0.685694,-0.198452,0.654199
2079976546,3,-0.249646,-0.685474,-0.199107,0.654337
2079976556,3,-0.249365,-0.685185,-0.199879,0.654512
2079976566,3,-0.249083,-0.684856,-0.200732,0.654702
2079976577,3,-0.248827,-0.684471,-0.201652,0.654919
2079976587,3,-0.248589,-0.684052,-0.202624,0.655148
2079976597,3,-0.248387,-0.683615,-0.20362,0.655371
2079976607,3,-0.248234,-0.683203,-0.204614,0.655549
2079976617,3,-0.248117,-0.682799,-0.205611,0.655702
2079976627,3,-0.248036,-0.682451,-0.206612,0.65578
2079976637,3,-0.247995,-0.68214,-0.207593,0.655811
2079976647,3,-0.247957,-0.681839,-0.208583,0.655824
2079976657,3,-0.247935,-0.68155,-0.209572,0.655817
2079976667,3,-0.247895,-0.681239,-0.210573,0.655835
2079976677,3,-0.247833,-0.680909,-0.211581,0.655876
2079976687,3,-0.247733,-0.680552,-0.21263,0.655945
2079976697,3,-0.247613,-0.680163,-0.213684,0.656051
2079976708,3,-0.247488,-0.679768,-0.214709,0.656173
2079976718,3,-0.247374,-0.679362,-0.215702,0.656311
2079976728,3,-0.247291,-0.678952,-0.216622,0.656463
2079976738,3,-0.247251,-0.678539,-0.217475,0.656623
2079976748,3,-0.247263,-0.678144,-0.218241,0.656774
2079976758,3,-0.24733,-0.677772,-0.218906,0.65691
2079976768,3,-0.247411,-0.677413,-0.219515,0.657048
2079976778,3,-0.247499,-0.677077,-0.220065,0.657176
2079976788,3,-0.247577,-0.676757,-0.220584,0.657303
2079976798,3,-0.247632,-0.676434,-0.22107,0.657451
2079976808,3,-0.247666,-0.676078,-0.221534,0.657649
2079976818,3,-0.24769,-0.675723,-0.221928,0.657871
2079976828,3,-0.247736,-0.675407,-0.222241,0.658072
2079976839,3,-0.247781,-0.675135,-0.222481,0.658253
2079976849,3,-0.247837,-0.674947,-0.222639,0.658372
2079976859,3,-0.247917,-0.674847,-0.222706,0.658421
2079976869,3,-0.248,-0.674815,-0.222693,0.658427
2079976879,3,-0.248092,-0.674803,-0.222583,0.658443
2079976889,3,-0.248189,-0.674843,-0.222383,0.658432
2079976899,3,-0.248276,-0.674905,-0.222107,0.658429
2079976909,3,-0.248376,-0.675006,-0.221732,0.658414
2079976919,3,-0.248457,-0.67513,-0.221267,0.658413
2079976929,3,-0.248521,-0.675295,-0.220748,0.658394
2079976939,3,-0.248568,-0.675488,-0.220166,0.658374
2079976949,3,-0.248594,-0.675713,-0.219525,0.658346
2079976959,3,-0.248581,-0.675958,-0.218845,0.658326
2079976969,3,-0.248536,-0.676225,-0.218117,0.658311
2079976980,3,-0.248438,-0.676505,-0.217364,0.658309
2079976990,3,-0.248292,-0.676791,-0.216589,0.658325
2079977000,3,-0.248094,-0.677086,-0.215803,0.658354
2079977010,3,-0.247847,-0.677368,-0.214995,0.658422
2079977020,3,-0.247587,-0.677645,-0.214129,0.658517
2079977030,3,-0.247315,-0.677943,-0.213232,0.658604
2079977040,3,-0.247068,-0.678245,-0.212278,0.658694
2079977050,3,-0.246863,-0.678561,-0.211259,0.658773
2079977060,3,-0.246699,-0.678925,-0.210174,0.658807
2079977070,3,-0.246576,-0.679336,-0.209045,0.658788
2079977080,3,-0.246509,-0.679819,-0.207841,0.658695
2079977090,3,-0.246474,-0.680344,-0.206625,0.658549
2079977100,3,-0.246449,-0.680918,-0.205391,0.658352
2079977111,3,-0.246448,-0.681503,-0.204143,0.658134
2079977121,3,-0.246454,-0.682108,-0.20291,0.657887
2079977131,3,-0.246453,-0.682724,-0.201696,0.657622
2079977141,3,-0.246435,-0.68332,-0.200514,0.657371
2079977151,3,-0.246423,-0.683909,-0.199353,0.657115
2079977161,3,-0.246401,-0.684495,-0.198209,0.65686
2079977171,3,-0.246354,-0.685071,-0.197097,0.656612
2079977181,3,-0.24628,-0.685644,-0.196012,0.656366
2079977191,3,-0.246168,-0.686197,-0.194971,0.65614
2079977201,3,-0.246019,-0.686745,-0.193975,0.655917
2079977211,3,-0.245818,-0.687258,-0.193027,0.655736
2079977221,3,-0.245567,-0.687727,-0.19213,0.655601
2079977231,3,-0.245248,-0.688169,-0.191289,0.655502
2079977242,3,-0.244873,-0.688567,-0.190469,0.655464
2079977252,3,-0.244402,-0.68892,-0.189712,0.655488
2079977262,3,-0.243865,-0.689268,-0.188972,0.655536
2079977272,3,-0.243262,-0.689589,-0.188236,0.655634
2079977282,3,-0.242621,-0.689868,-0.187492,0.655791
2079977292,3,-0.241926,-0.690145,-0.186725,0.655975
2079977302,3,-0.241187,-0.69041,-0.18592,0.656198
2079977312,3,-0.240402,-0.690696,-0.185088,0.65642
2079977322,3,-0.23957,-0.690979,-0.184228,0.656668
2079977332,3,-0.238722,-0.691291,-0.183283,0.656913
2079977342,3,-0.237806,-0.6916,-0.18231,0.65719
2079977352,3,-0.236821,-0.691929,-0.18129,0.657481
2079977362,3,-0.235768,-0.692273,-0.180223,0.657791
2079977372,3,-0.234624,-0.692616,-0.179122,0.658139
2079977383,3,-0.233397,-0.69296,-0.17798,0.658524
2079977393,3,-0.2321,-0.693303,-0.176778,0.658945
2079977403,3,-0.230709,-0.693658,-0.17553,0.659393
2079977413,3,-0.229246,-0.694038,-0.174207,0.659854
2079977423,3,-0.227709,-0.69443,-0.172789,0.660346
2079977433,3,-0.226077,-0.694821,-0.171302,0.660883
2079977443,3,-0.224331,-0.69523,-0.169746,0.66145
2079977453,3,-0.222464,-0.695655,-0.168158,0.662038
2079977463,3,-0.220484,-0.696088,-0.1665,0.662664
2079977473,3,-0.218371,-0.696509,-0.16476,0.663356
2079977483,3,-0.21615,-0.696925,-0.162956,0.664093
2079977493,3,-0.213802,-0.697338,-0.161081,0.664875
2079977503,3,-0.211366,-0.697769,-0.159103,0.665679
2079977514,3,-0.20881,-0.698245,-0.157033,0.666476
2079977524,3,-0.206166,-0.6988,-0.154863,0.667226
2079977534,3,-0.203415,-0.699462,-0.152608,0.667895
2079977544,3,-0.200585,-0.700232,-0.150271,0.668475
2079977554,3,-0.197689,-0.701113,-0.147856,0.668952
2079977564,3,-0.194777,-0.702073,-0.145345,0.66935
2079977574,3,-0.19179,-0.703078,-0.142832,0.669698
2079977584,3,-0.188659,-0.704146,-0.140388,0.669981
2079977594,3,-0.185452,-0.705263,-0.137992,0.6702
2079977604,3,-0.182195,-0.706361,-0.13563,0.67042
2079977614,3,-0.178896,-0.70745,-0.133312,0.670624
2079977624,3,-0.175532,-0.708527,-0.131067,0.670819
2079977634,3,-0.172134,-0.709556,-0.128898,0.671031
2079977645,3,-0.168711,-0.710496,-0.126809,0.671305
2079977655,3,-0.16527,-0.711306,-0.124807,0.671678
2079977665,3,-0.161805,-0.711953,-0.122885,0.672191
2079977675,3,-0.158308,-0.712437,-0.121048,0.672843
2079977685,3,-0.154769,-0.712725,-0.11931,0.673672
2079977695,3,-0.151189,-0.712833,-0.117676,0.674656
2079977705,3,-0.147554,-0.71278,-0.116138,0.675783
2079977715,3,-0.143914,-0.712563,-0.114656,0.677049
2079977725,3,-0.140281,-0.712188,-0.113207,0.678448
2079977735,3,-0.136681,-0.711675,-0.111743,0.679963
2079977745,3,-0.133111,-0.711091,-0.110233,0.681526
2079977755,3,-0.129637,-0.710496,-0.10859,0.683078
2079977765,3,-0.126322,-0.709993,-0.106732,0.684514
2079977775,3,-0.123199,-0.709671,-0.104618,0.685742
2079977786,3,-0.120277,-0.709541,-0.102231,0.686755
2079977796,3,-0.117537,-0.709611,-0.099614,0.687541
2079977806,3,-0.114968,-0.709866,-0.096811,0.688112
2079977816,3,-0.112597,-0.710279,-0.093832,0.68849
2079977826,3,-0.110436,-0.710808,-0.090707,0.688713
2079977836,3,-0.108504,-0.71138,-0.087434,0.688854
2079977846,3,-0.106803,-0.711969,-0.08407,0.68893
2079977856,3,-0.105325,-0.712556,-0.080637,0.688961
2079977866,3,-0.104113,-0.713131,-0.07714,0.68895
2079977876,3,-0.103161,-0.713705,-0.073606,0.688885
2079977886,3,-0.102429,-0.714338,-0.07006,0.688709
2079977896,3,-0.101932,-0.715062,-0.066486,0.688385
2079977906,3,-0.101631,-0.715864,-0.062908,0.687932
2079977917,3,-0.101492,-0.716764,-0.059337,0.687332
2079977927,3,-0.101486,-0.717751,-0.05578,0.686602
2079977937,3,-0.101582,-0.718796,-0.052233,0.685773
2079977947,3,-0.101763,-0.719911,-0.048715,0.684834
2079977957,3,-0.101966,-0.721025,-0.045243,0.683869
2079977967,3,-0.102175,-0.722101,-0.041819,0.68292
2079977977,3,-0.102361,-0.723098,-0.038458,0.682034
2079977987,3,-0.102512,-0.724057,-0.035174,0.681171
2079977997,3,-0.102647,-0.725023,-0.031951,0.680282
2079978007,3,-0.102762,-0.726015,-0.028804,0.679346
2079978017,3,-0.102832,-0.72697,-0.025812,0.678434
2079978027,3,-0.102821,-0.727879,-0.022998,0.677561
2079978037,3,-0.102788,-0.728712,-0.020315,0.676756
2079978048,3,-0.102788,-0.729461,-0.017708,0.676022
2079978058,3,-0.102843,-0.730107,-0.015179,0.675378
2079978068,3,-0.102924,-0.730698,-0.012806,0.674775
2079978078,3,-0.102997,-0.731215,-0.010648,0.674242
2079978088,3,-0.103076,-0.731699,-0.008726,0.673732
2079978098,3,-0.103191,-0.7322,-0.007026,0.67319
2079978108,3,-0.103362,-0.732758,-0.005544,0.67257
2079978118,3,-0.103629,-0.733367,-0.004275,0.671874
2079978128,3,-0.103981,-0.734058,-0.003199,0.671071
2079978138,3,-0.104453,-0.734806,-0.002277,0.670181
2079978148,3,-0.105043,-0.735616,-0.001504,0.669202
2079978158,3,-0.105742,-0.73648,-8.54E-4,0.668142
2079978168,3,-0.106522,-0.737378,-3.45E-4,0.667027
2079978178,3,-0.107391,-0.738274,0.0,0.665896
2079978189,3,-0.108342,-0.739128,4.4E-4,0.664793
2079978199,3,-0.110062,-0.740007,0.00148,0.663531
2079978209,3,-0.11183,-0.740761,0.002392,0.662389
2079978219,3,-0.113643,-0.741379,0.003211,0.661385
2079978229,3,-0.115492,-0.741831,0.003911,0.660554
2079978239,3,-0.117366,-0.742102,0.004468,0.659916
2079978249,3,-0.119259,-0.742184,0.004861,0.659481
2079978259,3,-0.121173,-0.742091,0.005096,0.659235
2079978269,3,-0.123124,-0.741879,0.005176,0.659111
2079978279,3,-0.125129,-0.741663,0.00514,0.658977
2079978289,3,-0.126224,-0.74106,0.004043,0.659454
2079978299,3,-0.127336,-0.740541,0.002914,0.659829
2079978309,3,-0.128467,-0.740226,0.001814,0.659967
2079978320,3,-0.129579,-0.74023,7.42E-4,0.659748
2079978330,3,-0.130654,-0.740593,-2.44E-4,0.659128
2079978340,3,-0.131632,-0.741341,-0.001337,0.658091
2079978350,3,-0.133243,-0.743131,-0.001673,0.655743
2079978360,3,-0.133859,-0.744515,-0.002788,0.654042
2079978370,3,-0.134315,-0.746118,-0.003908,0.652112
2079978380,3,-0.134576,-0.74779,-0.005033,0.650133
2079978390,3,-0.134636,-0.749412,-0.006155,0.64824
2079978400,3,-0.135064,-0.750893,-0.006634,0.64643
2079978410,3,-0.135195,-0.751966,-0.007211,0.645148
2079978420,3,-0.135006,-0.752598,-0.007912,0.644441
2079978430,3,-0.134471,-0.752777,-0.008764,0.644334
2079978440,3,-0.13354,-0.752552,-0.009829,0.644774
2079978451,3,-0.132162,-0.752023,-0.011167,0.645654
2079978461,3,-0.130276,-0.751284,-0.012851,0.646864
2079978471,3,-0.12799,-0.74992,-0.014698,0.648861
2079978481,3,-0.125273,-0.748482,-0.01686,0.650996
2079978491,3,-0.1222,-0.747017,-0.019303,0.653191
2079978501,3,-0.118323,-0.74587,-0.022676,0.655105
2079978511,3,-0.114086,-0.744555,-0.026453,0.657207
2079978521,3,-0.109547,-0.743017,-0.030581,0.659537
2079978531,3,-0.104774,-0.74121,-0.034959,0.662123
2079978541,3,-0.099799,-0.739133,-0.039488,0.664952
2079978551,3,-0.094626,-0.736769,-0.044147,0.668032
2079978561,3,-0.089245,-0.73405,-0.04892,0.671425
2079978571,3,-0.08363,-0.730957,-0.053862,0.675134
2079978581,3,-0.077751,-0.727399,-0.059052,0.679233
2079978592,3,-0.071645,-0.72329,-0.064441,0.683787
2079978602,3,-0.065346,-0.718641,-0.069926,0.688763
2079978612,3,-0.059619,-0.714435,-0.074655,0.693147
2079978622,3,-0.053841,-0.709732,-0.079286,0.697921
2079978632,3,-0.048045,-0.704597,-0.083873,0.702993
2079978642,3,-0.04223,-0.699107,-0.088491,0.708261
2079978652,3,-0.03639,-0.693307,-0.093213,0.713661
2079978662,3,-0.030528,-0.687279,-0.098065,0.719095
2079978672,3,-0.024797,-0.681229,-0.102957,0.724369
2079978682,3,-0.019325,-0.675301,-0.107815,0.729362
2079978692,3,-0.014196,-0.669594,-0.112607,0.734003
2079978702,3,-0.00944,-0.664196,-0.11734,0.738231
2079978712,3,-0.003959,-0.658688,-0.123066,0.742272
2079978723,3,0.001084,-0.653721,-0.128711,0.745708
2079978733,3,0.005681,-0.649348,-0.134256,0.748525
2079978743,3,0.009784,-0.645601,-0.139688,0.750726
2079978753,3,0.013402,-0.642471,-0.145022,0.752342
2079978763,3,0.016554,-0.639969,-0.150248,0.753385
2079978773,3,0.019232,-0.63808,-0.155376,0.753884
2079978783,3,0.021406,-0.636842,-0.160377,0.753824
2079978793,3,0.02306,-0.636261,-0.165201,0.753225
2079978803,3,0.024159,-0.636359,-0.169832,0.752076
2079978813,3,0.02467,-0.637148,-0.174211,0.750389
2079978823,3,0.024581,-0.638631,-0.178311,0.748165
2079978833,3,0.023897,-0.640782,-0.182089,0.745432
2079978843,3,0.02262,-0.643543,-0.185493,0.742248
2079978854,3,0.020818,-0.646776,-0.188514,0.738721
2079978864,3,0.018567,-0.650341,-0.191127,0.73497
2079978874,3,0.015914,-0.65411,-0.193298,0.731109
2079978884,3,0.012921,-0.657976,-0.195021,0.727232
2079978894,3,0.009653,-0.661866,-0.196275,0.723405
2079978904,3,0.006173,-0.665714,-0.197072,0.719686
2079978914,3,0.002519,-0.669471,-0.197393,0.716126
2079978924,3,-0.00128,-0.673082,-0.197269,0.712771
2079978934,3,-0.006849,-0.677886,-0.194897,0.708828
2079978944,3,-0.0125,-0.682383,-0.192086,0.705194
2079978954,3,-0.018124,-0.686559,-0.188925,0.701865
2079978964,3,-0.021848,-0.689135,-0.187408,0.699637
2079978974,3,-0.025487,-0.691382,-0.185629,0.697769
2079978985,3,-0.029061,-0.693351,-0.183565,0.69622
2079978995,3,-0.032606,-0.695102,-0.181204,0.694934
2079979005,3,-0.037578,-0.697445,-0.17701,0.693415
2079979015,3,-0.041193,-0.698872,-0.173962,0.692544
2079979025,3,-0.04483,-0.700076,-0.170606,0.691936
2079979035,3,-0.048445,-0.701006,-0.167017,0.691627
2079979045,3,-0.05199,-0.701595,-0.163242,0.691674
2079979055,3,-0.0554,-0.701802,-0.159378,0.6921
2079979065,3,-0.058667,-0.701663,-0.155473,0.692859
2079979075,3,-0.061829,-0.70127,-0.151552,0.69385
2079979085,3,-0.064934,-0.700731,-0.147604,0.694961
2079979095,3,-0.068007,-0.70016,-0.143627,0.696076
2079979105,3,-0.071107,-0.699656,-0.139597,0.697091
2079979115,3,-0.075096,-0.699411,-0.134659,0.69789
2079979126,3,-0.079012,-0.699248,-0.129796,0.698542
2079979136,3,-0.082892,-0.699227,-0.124946,0.698997
2079979146,3,-0.086398,-0.699687,-0.120408,0.698909
2079979156,3,-0.090015,-0.700501,-0.115702,0.698432
2079979166,3,-0.093715,-0.701666,-0.110853,0.697562
2079979176,3,-0.097455,-0.703152,-0.105888,0.696323
2079979186,3,-0.101182,-0.70493,-0.100848,0.69474
2079979196,3,-0.104847,-0.706962,-0.095779,0.692847
2079979206,3,-0.10842,-0.7092,-0.090719,0.690687
2079979216,3,-0.111861,-0.711608,-0.085699,0.688299
2079979226,3,-0.115132,-0.714153,-0.080769,0.685715
2079979236,3,-0.118187,-0.716787,-0.075981,0.682989
2079979246,3,-0.121011,-0.719482,-0.071392,0.68015
2079979257,3,-0.123846,-0.722145,-0.066758,0.677282
2079979267,3,-0.126386,-0.724781,-0.062435,0.674403
2079979277,3,-0.128613,-0.727391,-0.058477,0.671521
2079979287,3,-0.130476,-0.729904,-0.054952,0.668726
2079979297,3,-0.131966,-0.732295,-0.051886,0.66606
2079979307,3,-0.133093,-0.734495,-0.049308,0.663604
2079979317,3,-0.1339,-0.736543,-0.047155,0.661324
2079979327,3,-0.134402,-0.7384,-0.045414,0.659271
2079979337,3,-0.134673,-0.740122,-0.044014,0.657377
2079979347,3,-0.134738,-0.741746,-0.042904,0.655604
2079979357,3,-0.135108,-0.743616,-0.041557,0.653492
2079979367,3,-0.13543,-0.745437,-0.040292,0.651427
2079979377,3,-0.135726,-0.747175,-0.039077,0.649445
2079979388,3,-0.135993,-0.748806,-0.037901,0.647578
2079979398,3,-0.136248,-0.750284,-0.036759,0.645878
2079979408,3,-0.13647,-0.751577,-0.03563,0.644388
2079979418,3,-0.13666,-0.752689,-0.034523,0.643109
2079979428,3,-0.136831,-0.753616,-0.033428,0.642045
2079979438,3,-0.137004,-0.754381,-0.032336,0.641165
2079979448,3,-0.137181,-0.755024,-0.031225,0.640425
2079979458,3,-0.137378,-0.755545,-0.030095,0.639822
2079979468,3,-0.137609,-0.755943,-0.028929,0.639356
2079979478,3,-0.137868,-0.756228,-0.027715,0.639017
2079979488,3,-0.138187,-0.756414,-0.026415,0.638783
2079979498,3,-0.138565,-0.756529,-0.024985,0.638622
2079979508,3,-0.139034,-0.756605,-0.023419,0.63849
2079979518,3,-0.139583,-0.756656,-0.021736,0.638369
2079979529,3,-0.140208,-0.756677,-0.019949,0.638265
2079979539,3,-0.139839,-0.756073,-0.019257,0.639082
2079979549,3,-0.139581,-0.75544,-0.01847,0.639911
2079979559,3,-0.139412,-0.754845,-0.017616,0.640672
2079979569,3,-0.139332,-0.754247,-0.016746,0.641417
2079979579,3,-0.140022,-0.754054,-0.015144,0.641534
2079979589,3,-0.140662,-0.753773,-0.013724,0.641756
2079979599,3,-0.141264,-0.753405,-0.012495,0.64208
2079979609,3,-0.141848,-0.752965,-0.011447,0.642487
2079979619,3,-0.142423,-0.752446,-0.010587,0.642983
2079979629,3,-0.143003,-0.751835,-0.009917,0.643579
2079979639,3,-0.143554,-0.751116,-0.009472,0.644303
2079979649,3,-0.144046,-0.750252,-0.009297,0.645201
2079979660,3,-0.144436,-0.749193,-0.00944,0.646341
2079979670,3,-0.144654,-0.747872,-0.009977,0.647814
2079979680,3,-0.144666,-0.74625,-0.010953,0.649663
2079979690,3,-0.144464,-0.744344,-0.012342,0.651865
2079979700,3,-0.144093,-0.742222,-0.014075,0.654328
2079979710,3,-0.143612,-0.739959,-0.016079,0.656944
2079979720,3,-0.143067,-0.737625,-0.018271,0.659626
2079979730,3,-0.142487,-0.735254,-0.020622,0.662323
2079979740,3,-0.141868,-0.732874,-0.0231,0.665007
2079979750,3,-0.141207,-0.730459,-0.025733,0.667703
2079979760,3,-0.14047,-0.727985,-0.028547,0.67044
2079979770,3,-0.139643,-0.725429,-0.031562,0.673242
2079979780,3,-0.138733,-0.722791,-0.03478,0.676103
2079979791,3,-0.137265,-0.720125,-0.038745,0.679026
2079979801,3,-0.135799,-0.717412,-0.042855,0.681939
2079979811,3,-0.134769,-0.714945,-0.046673,0.684479
2079979821,3,-0.133738,-0.712654,-0.050699,0.68678
2079979831,3,-0.132738,-0.710517,-0.054935,0.68886
2079979841,3,-0.13181,-0.708518,-0.059375,0.690725
2079979851,3,-0.130944,-0.706594,-0.063975,0.692448
2079979861,3,-0.130151,-0.704651,-0.068788,0.694114
2079979871,3,-0.129397,-0.702569,-0.073843,0.695844
2079979881,3,-0.128647,-0.700276,-0.079171,0.697706
2079979891,3,-0.127858,-0.697704,-0.084826,0.69976
2079979901,3,-0.127015,-0.694802,-0.090844,0.702042
2079979911,3,-0.126559,-0.692629,-0.096844,0.703469
2079979921,3,-0.126021,-0.690059,-0.103163,0.705191
2079979932,3,-0.125531,-0.687221,-0.109639,0.70707
2079979942,3,-0.125114,-0.684208,-0.116228,0.70901
2079979952,3,-0.12475,-0.681054,-0.122921,0.71098
2079979962,3,-0.124382,-0.677761,-0.129776,0.71297
2079979972,3,-0.124005,-0.674284,-0.136754,0.715025
2079979982,3,-0.123669,-0.670557,-0.143766,0.717209
2079979992,3,-0.123446,-0.666572,-0.150708,0.719534
2079980002,3,-0.123384,-0.662335,-0.157517,0.721994
2079980012,3,-0.123545,-0.657898,-0.164118,0.724548
2079980022,3,-0.123435,-0.652147,-0.170996,0.728166
2079980032,3,-0.123565,-0.646382,-0.177649,0.731684
2079980042,3,-0.123941,-0.640668,-0.184083,0.735047
2079980052,3,-0.124563,-0.63507,-0.190304,0.738209
2079980063,3,-0.125419,-0.629633,-0.196355,0.741131
2079980073,3,-0.126487,-0.62438,-0.202243,0.743806
2079980083,3,-0.127747,-0.619353,-0.208004,0.746201
2079980093,3,-0.129188,-0.614578,-0.213666,0.748298
2079980103,3,-0.130781,-0.610072,-0.219249,0.750091
2079980113,3,-0.132495,-0.60585,-0.22475,0.751583
2079980123,3,-0.134331,-0.601923,-0.230184,0.752767
2079980133,3,-0.137679,-0.599847,-0.234388,0.752521
2079980143,3,-0.141175,-0.598115,-0.238534,0.751949
2079980153,3,-0.144802,-0.596749,-0.242621,0.751037
2079980163,3,-0.148504,-0.595746,-0.246662,0.749793
2079980173,3,-0.152292,-0.5951,-0.25064,0.748226
2079980183,3,-0.156124,-0.594831,-0.254575,0.746318
2079980194,3,-0.158664,-0.593484,-0.259551,0.74514
2079980204,3,-0.161296,-0.592437,-0.264376,0.743711
2079980214,3,-0.165474,-0.593295,-0.267818,0.740872
2079980224,3,-0.169707,-0.594398,-0.2711,0.73783
2079980234,3,-0.173927,-0.595672,-0.274254,0.734648
2079980244,3,-0.178123,-0.597083,-0.277276,0.731355
2079980254,3,-0.182287,-0.598561,-0.280161,0.728014
2079980264,3,-0.184812,-0.598349,-0.284271,0.725955
2079980274,3,-0.187284,-0.598149,-0.288233,0.723922
2079980284,3,-0.189768,-0.597966,-0.292002,0.721913
2079980294,3,-0.192321,-0.597827,-0.295538,0.719911
2079980304,3,-0.194988,-0.597742,-0.298805,0.717912
2079980314,3,-0.197815,-0.597707,-0.301764,0.715928
2079980324,3,-0.200851,-0.597711,-0.304393,0.713963
2079980335,3,-0.204135,-0.597776,-0.306652,0.712008
2079980345,3,-0.207765,-0.597976,-0.308477,0.709999
2079980355,3,-0.211831,-0.59841,-0.309787,0.707858
2079980365,3,-0.216962,-0.600216,-0.309982,0.704683
2079980375,3,-0.222451,-0.602227,-0.30971,0.701367
2079980385,3,-0.228107,-0.604012,-0.309147,0.698257
2079980395,3,-0.234277,-0.606413,-0.307935,0.694659
2079980405,3,-0.240916,-0.609478,-0.306073,0.690517
2079980415,3,-0.247944,-0.613225,-0.303592,0.685791
2079980425,3,-0.255287,-0.61764,-0.300537,0.68046
2079980435,3,-0.262822,-0.622657,-0.296995,0.674549
2079980445,3,-0.270407,-0.62816,-0.293058,0.668139
2079980455,3,-0.277904,-0.633996,-0.288861,0.661343
2079980466,3,-0.285136,-0.639967,-0.284565,0.65434
2079980476,3,-0.292868,-0.646375,-0.279398,0.64681
2079980486,3,-0.30005,-0.65262,-0.274393,0.639346
2079980496,3,-0.306539,-0.658561,-0.269739,0.632116
2079980506,3,-0.312346,-0.664065,-0.265458,0.62529
2079980516,3,-0.317509,-0.669076,-0.26154,0.618967
2079980526,3,-0.322097,-0.673626,-0.257976,0.613129
2079980536,3,-0.326204,-0.677758,-0.254694,0.607753
2079980546,3,-0.329904,-0.681507,-0.251632,0.60282
2079980556,3,-0.333213,-0.68488,-0.248826,0.598325
2079980566,3,-0.336176,-0.687881,-0.246258,0.594273
2079980576,3,-0.338823,-0.690527,-0.243913,0.590658
2079980586,3,-0.341212,-0.692777,-0.241799,0.587509
2079980597,3,-0.34338,-0.694614,-0.239884,0.584855
2079980607,3,-0.345328,-0.696025,-0.238197,0.582717
2079980617,3,-0.347121,-0.697031,-0.236705,0.581054
2079980627,3,-0.348774,-0.697698,-0.235422,0.579784
2079980637,3,-0.350298,-0.698026,-0.234351,0.578903
2079980647,3,-0.35167,-0.698015,-0.23358,0.578396
2079980657,3,-0.352886,-0.697717,-0.233114,0.578204
2079980667,3,-0.353987,-0.697129,-0.232947,0.578307
2079980677,3,-0.355293,-0.696762,-0.232727,0.578036
2079980687,3,-0.356475,-0.69621,-0.232859,0.577921
2079980697,3,-0.357557,-0.695498,-0.233332,0.577919
2079980707,3,-0.358534,-0.694641,-0.234181,0.578001
2079980717,3,-0.359414,-0.693672,-0.235382,0.57813
2079980727,3,-0.360249,-0.692628,-0.236896,0.578243
2079980738,3,-0.361093,-0.691567,-0.238652,0.578265
2079980748,3,-0.362026,-0.69055,-0.240546,0.578112
2079980758,3,-0.363122,-0.689607,-0.242504,0.577733
2079980768,3,-0.364457,-0.688762,-0.244417,0.577093
2079980778,3,-0.366067,-0.68801,-0.246224,0.576202
2079980788,3,-0.36797,-0.687322,-0.24791,0.575088
2079980798,3,-0.370156,-0.686626,-0.249478,0.573837
2079980808,3,-0.372584,-0.685855,-0.250962,0.572539
2079980818,3,-0.374316,-0.684337,-0.253363,0.572167
2079980828,3,-0.376296,-0.682834,-0.255576,0.57168
2079980838,3,-0.378412,-0.68128,-0.257683,0.571192
2079980848,3,-0.380575,-0.679624,-0.259752,0.57079
2079980858,3,-0.382743,-0.67781,-0.261857,0.570535
2079980869,3,-0.384904,-0.675799,-0.264021,0.57047
2079980879,3,-0.387081,-0.673503,-0.26624,0.570681
2079980889,3,-0.389285,-0.670901,-0.268502,0.571186
2079980899,3,-0.391538,-0.667966,-0.270784,0.572009
2079980909,3,-0.393837,-0.664714,-0.273113,0.57311
2079980919,3,-0.396209,-0.661174,-0.275413,0.574468
2079980929,3,-0.398739,-0.657395,-0.277681,0.57596
2079980939,3,-0.401683,-0.653023,-0.279645,0.577935
2079980949,3,-0.404457,-0.648133,-0.282062,0.580325
2079980959,3,-0.406992,-0.642708,-0.285028,0.58313
2079980969,3,-0.409228,-0.636775,-0.288613,0.586303
2079980979,3,-0.411166,-0.630401,-0.292822,0.589738
2079980989,3,-0.412826,-0.623686,-0.297606,0.593312
2079981000,3,-0.414282,-0.616734,-0.302875,0.596887
2079981010,3,-0.415606,-0.609648,-0.308532,0.600339
2079981020,3,-0.416888,-0.602512,-0.314453,0.603573
2079981030,3,-0.417772,-0.595677,-0.321028,0.606279
2079981040,3,-0.418717,-0.588933,-0.327697,0.608644
2079981050,3,-0.419729,-0.582293,-0.334424,0.610673
2079981060,3,-0.420806,-0.575778,-0.341222,0.612346
2079981070,3,-0.422314,-0.569265,-0.347626,0.613794
2079981080,3,-0.4236,-0.563349,-0.354336,0.614528
2079981090,3,-0.425044,-0.557808,-0.360924,0.614752
2079981100,3,-0.426669,-0.552641,-0.367372,0.614474
2079981110,3,-0.428423,-0.547286,-0.373689,0.614236
2079981120,3,-0.430213,-0.542101,-0.380031,0.613693
2079981130,3,-0.432019,-0.53704,-0.386391,0.612902
2079981141,3,-0.433836,-0.532072,-0.392738,0.611915
2079981151,3,-0.435649,-0.527264,-0.399113,0.610663
2079981161,3,-0.43735,-0.52255,-0.405709,0.609151
2079981171,3,-0.438958,-0.518056,-0.412566,0.607224
2079981181,3,-0.441631,-0.514303,-0.418749,0.604236
2079981191,3,-0.443979,-0.510762,-0.425534,0.600769
2079981201,3,-0.445913,-0.507393,-0.432888,0.596926
2079981211,3,-0.447404,-0.504093,-0.440654,0.59291
2079981221,3,-0.448908,-0.500914,-0.448319,0.588706
2079981231,3,-0.450527,-0.497759,-0.45583,0.584362
2079981241,3,-0.452225,-0.4947,-0.46326,0.579787
2079981251,3,-0.453796,-0.491686,-0.470765,0.575058
2079981261,3,-0.455092,-0.488617,-0.478427,0.570307
2079981272,3,-0.456154,-0.485425,-0.486134,0.565648
2079981282,3,-0.457069,-0.482031,-0.49377,0.56118
2079981292,3,-0.457886,-0.478392,-0.501291,0.556943
2079981302,3,-0.458632,-0.474522,-0.508671,0.552936
2079981312,3,-0.458453,-0.469471,-0.516632,0.550006
2079981322,3,-0.458346,-0.464396,-0.524334,0.547108
2079981332,3,-0.458352,-0.459354,-0.531732,0.544212
2079981342,3,-0.458479,-0.454382,-0.538837,0.541282
2079981352,3,-0.458749,-0.449528,-0.545617,0.538307
2079981362,3,-0.459186,-0.444838,-0.552045,0.535268
2079981372,3,-0.459821,-0.440337,-0.558113,0.532142
2079981382,3,-0.460647,-0.436075,-0.563813,0.52892
2079981392,3,-0.461657,-0.432071,-0.56915,0.525599
2079981403,3,-0.462806,-0.428331,-0.57416,0.522189
2079981413,3,-0.465547,-0.425621,-0.577678,0.518073
2079981423,3,-0.468416,-0.423192,-0.580891,0.513867
2079981433,3,-0.471337,-0.420999,-0.583844,0.509633
2079981443,3,-0.474226,-0.419034,-0.586618,0.505369
2079981453,3,-0.477053,-0.417251,-0.589224,0.501134
2079981463,3,-0.479832,-0.415631,-0.59165,0.496951
2079981473,3,-0.482612,-0.414165,-0.593854,0.492837
2079981483,3,-0.485447,-0.412889,-0.595805,0.488752
2079981493,3,-0.488373,-0.411854,-0.597468,0.484663
2079981503,3,-0.491454,-0.411093,-0.598791,0.480545
2079981513,3,-0.494721,-0.410623,-0.599763,0.476363
2079981523,3,-0.498131,-0.410459,-0.600427,0.472096
2079981533,3,-0.50163,-0.41058,-0.600831,0.467752
2079981544,3,-0.504046,-0.410754,-0.60198,0.463505
2079981554,3,-0.50673,-0.411191,-0.602741,0.459183
2079981564,3,-0.509716,-0.41187,-0.603071,0.454814
2079981574,3,-0.513013,-0.412747,-0.602954,0.450446
2079981584,3,-0.516601,-0.413782,-0.602409,0.446104
2079981594,3,-0.52043,-0.414985,-0.601456,0.441802
2079981604,3,-0.524424,-0.416309,-0.60015,0.437589
2079981614,3,-0.528484,-0.41768,-0.598577,0.433535
2079981624,3,-0.53249,-0.419047,-0.59681,0.429733
2079981634,3,-0.536336,-0.420356,-0.59494,0.42625
2079981644,3,-0.539962,-0.421563,-0.593018,0.423146
2079981654,3,-0.543407,-0.422677,-0.591008,0.420429
2079981664,3,-0.547591,-0.423861,-0.588044,0.417958
2079981675,3,-0.551528,-0.424932,-0.585059,0.415877
2079981685,3,-0.555322,-0.425973,-0.581966,0.414099
2079981695,3,-0.559004,-0.427246,-0.578727,0.412369
2079981705,3,-0.562917,-0.428681,-0.575013,0.410749
2079981715,3,-0.567079,-0.430288,-0.570811,0.409203
2079981725,3,-0.571444,-0.432069,-0.56616,0.407712
2079981735,3,-0.575922,-0.43401,-0.561132,0.406299
2079981745,3,-0.580419,-0.436058,-0.555843,0.404973
2079981755,3,-0.58482,-0.438178,-0.55042,0.403759
2079981765,3,-0.588993,-0.440326,-0.545018,0.402683
2079981775,3,-0.59286,-0.44247,-0.53974,0.401766
2079981785,3,-0.596353,-0.444576,-0.534675,0.401043
2079981795,3,-0.599448,-0.446637,-0.52989,0.40049
2079981806,3,-0.602178,-0.448626,-0.525392,0.400096
2079981816,3,-0.604597,-0.45055,-0.521151,0.399833
2079981826,3,-0.606738,-0.452413,-0.517177,0.399646
2079981836,3,-0.60867,-0.453794,-0.513406,0.400006
2079981846,3,-0.610297,-0.455095,-0.509982,0.400428
2079981856,3,-0.611643,-0.456313,-0.506911,0.400888
2079981866,3,-0.612744,-0.457436,-0.504159,0.401396
2079981876,3,-0.613593,-0.458466,-0.501758,0.401932
2079981886,3,-0.614208,-0.459418,-0.499698,0.402473
2079981896,3,-0.614573,-0.460297,-0.497994,0.403023
2079981906,3,-0.614683,-0.461129,-0.496682,0.403521
2079981916,3,-0.614571,-0.461934,-0.495729,0.403943
2079981926,3,-0.61428,-0.462702,-0.4951,0.404278
2079981937,3,-0.613913,-0.463463,-0.494669,0.404492
2079981947,3,-0.614027,-0.464827,-0.493821,0.403789
2079981957,3,-0.614149,-0.466161,-0.493093,0.402954
2079981967,3,-0.614276,-0.467407,-0.492518,0.40202
2079981977,3,-0.613971,-0.468059,-0.492601,0.401624
2079981987,3,-0.613676,-0.46858,-0.492838,0.401177
2079981997,3,-0.613323,-0.468943,-0.493329,0.400691
2079982007,3,-0.613357,-0.469476,-0.493556,0.399732
2079982017,3,-0.613424,-0.469785,-0.493933,0.398801
2079982027,3,-0.613579,-0.469875,-0.494391,0.397886
2079982037,3,-0.613881,-0.469749,-0.494872,0.396971
2079982047,3,-0.61439,-0.469399,-0.495312,0.396047
2079982057,3,-0.615149,-0.468836,-0.495642,0.395121
2079982067,3,-0.616152,-0.468055,-0.495871,0.394196
2079982078,3,-0.61739,-0.467018,-0.496013,0.39331
2079982088,3,-0.618776,-0.465704,-0.496158,0.392507
2079982098,3,-0.620245,-0.464069,-0.496373,0.391852
2079982108,3,-0.621282,-0.462046,-0.497259,0.391477
2079982118,3,-0.622297,-0.459688,-0.498316,0.391296
2079982128,3,-0.623195,-0.456978,-0.499666,0.391321
2079982138,3,-0.623883,-0.453907,-0.501411,0.391567
2079982148,3,-0.624346,-0.450429,-0.503561,0.392085
2079982158,3,-0.624616,-0.446563,-0.506081,0.39283
2079982168,3,-0.62472,-0.442294,-0.508931,0.393813
2079982178,3,-0.624736,-0.437669,-0.512012,0.394959
2079982188,3,-0.624669,-0.432737,-0.515314,0.396203
2079982198,3,-0.624906,-0.427653,-0.518373,0.397357
2079982209,3,-0.625061,-0.422433,-0.521647,0.398412
2079982219,3,-0.625123,-0.417139,-0.525129,0.399316
2079982229,3,-0.625083,-0.411815,-0.52881,0.400048
2079982239,3,-0.624971,-0.406501,-0.53265,0.400562
2079982249,3,-0.624849,-0.401217,-0.536566,0.400854
2079982259,3,-0.624749,-0.396008,-0.540497,0.400908
2079982269,3,-0.624686,-0.390922,-0.544409,0.400705
2079982279,3,-0.624695,-0.386,-0.548256,0.400217
2079982289,3,-0.624788,-0.381283,-0.552004,0.39944
2079982299,3,-0.624987,-0.376795,-0.555629,0.39836
2079982309,3,-0.6253,-0.372551,-0.559115,0.396981
2079982319,3,-0.625743,-0.368521,-0.562431,0.395358
2079982329,3,-0.626315,-0.364655,-0.565561,0.393568
2079982340,3,-0.626964,-0.360878,-0.568552,0.391701
2079982350,3,-0.627658,-0.357122,-0.571432,0.389837
2079982360,3,-0.628326,-0.353343,-0.574261,0.388043
2079982370,3,-0.628928,-0.349503,-0.577096,0.386337
2079982380,3,-0.629444,-0.345577,-0.57997,0.38472
2079982390,3,-0.629986,-0.342177,-0.582835,0.382537
2079982400,3,-0.630458,-0.338715,-0.585758,0.38037
2079982410,3,-0.630906,-0.33518,-0.588688,0.378227
2079982420,3,-0.631189,-0.330953,-0.591726,0.376735
2079982430,3,-0.631439,-0.326684,-0.594793,0.375208
2079982440,3,-0.631633,-0.322392,-0.597918,0.373624
2079982450,3,-0.631759,-0.318095,-0.601126,0.371944
2079982460,3,-0.631802,-0.313838,-0.60444,0.370112
2079982470,3,-0.63176,-0.309645,-0.607879,0.368078
2079982481,3,-0.631608,-0.305577,-0.611482,0.365762
2079982491,3,-0.631334,-0.301659,-0.615262,0.363138
2079982501,3,-0.630922,-0.297907,-0.619244,0.360173
2079982511,3,-0.631213,-0.294493,-0.622637,0.356602
2079982521,3,-0.631361,-0.291255,-0.626249,0.352652
2079982531,3,-0.631316,-0.288195,-0.630115,0.348334
2079982541,3,-0.631087,-0.285248,-0.634209,0.343715
2079982551,3,-0.630682,-0.282364,-0.638494,0.338872
2079982561,3,-0.630107,-0.279481,-0.642947,0.333876
2079982571,3,-0.629388,-0.27657,-0.647526,0.328766
2079982581,3,-0.628525,-0.273568,-0.652203,0.323647
2079982591,3,-0.627547,-0.270452,-0.656937,0.318547
2079982601,3,-0.626498,-0.267205,-0.661667,0.313522
2079982612,3,-0.625435,-0.263793,-0.666339,0.308603
2079982622,3,-0.623475,-0.259759,-0.671739,0.304251
2079982632,3,-0.621552,-0.255683,-0.677014,0.299917
2079982642,3,-0.619708,-0.251613,-0.682133,0.295544
2079982652,3,-0.617986,-0.247571,-0.687068,0.291097
2079982662,3,-0.616425,-0.24361,-0.691786,0.286539
2079982672,3,-0.615082,-0.239765,-0.696247,0.281825
2079982682,3,-0.614001,-0.236087,-0.700411,0.276926
2079982692,3,-0.613207,-0.232611,-0.704265,0.271808
2079982702,3,-0.6127,-0.229363,-0.707816,0.266432
2079982712,3,-0.613584,-0.226116,-0.710118,0.260993
2079982722,3,-0.614775,-0.223112,-0.712112,0.255281
2079982732,3,-0.616248,-0.220356,-0.713814,0.249298
2079982743,3,-0.61789,-0.217852,-0.715311,0.243065
2079982753,3,-0.619674,-0.215565,-0.716622,0.236618
2079982763,3,-0.621603,-0.21344,-0.717731,0.23003
2079982773,3,-0.623658,-0.211455,-0.718654,0.223319
2079982783,3,-0.625781,-0.209626,-0.719425,0.21652
2079982793,3,-0.628041,-0.207901,-0.719982,0.209682
2079982803,3,-0.63049,-0.206265,-0.720267,0.202857
2079982813,3,-0.633132,-0.2047,-0.720275,0.196072
2079982823,3,-0.635958,-0.203237,-0.720004,0.189328
2079982833,3,-0.638964,-0.201875,-0.719456,0.182628
2079982843,3,-0.642021,-0.200599,-0.718736,0.176028
2079982853,3,-0.645083,-0.199402,-0.717883,0.169558
2079982863,3,-0.648033,-0.198244,-0.716998,0.163294
2079982873,3,-0.650821,-0.197087,-0.716128,0.157312
2079982884,3,-0.653424,-0.195919,-0.715297,0.151662
2079982894,3,-0.65484,-0.194985,-0.715416,0.146094
2079982904,3,-0.656213,-0.19396,-0.715462,0.140987
2079982914,3,-0.657556,-0.192848,-0.715423,0.136376
2079982924,3,-0.658849,-0.191645,-0.715328,0.13227
2079982934,3,-0.660093,-0.190352,-0.715182,0.128676
2079982944,3,-0.661295,-0.188981,-0.714983,0.12559
2079982954,3,-0.662516,-0.187535,-0.714687,0.122984
2079982964,3,-0.663831,-0.186028,-0.714221,0.120867
2079982974,3,-0.665833,-0.184056,-0.713074,0.119642
2079982984,3,-0.667897,-0.182068,-0.71179,0.118825
2079982994,3,-0.670076,-0.180375,-0.710296,0.118072
2079983004,3,-0.672682,-0.178655,-0.708324,0.117717
2079983015,3,-0.675751,-0.17692,-0.705833,0.11772
2079983025,3,-0.679278,-0.175197,-0.702816,0.11805
2079983035,3,-0.683214,-0.173522,-0.699306,0.118654
2079983045,3,-0.687475,-0.17194,-0.695371,0.119464
2079983055,3,-0.691935,-0.170486,-0.691122,0.120452
2079983065,3,-0.69648,-0.169166,-0.686674,0.121558
2079983075,3,-0.701006,-0.168014,-0.682123,0.122749
2079983085,3,-0.705776,-0.166357,-0.67724,0.124698
2079983095,3,-0.710366,-0.164898,-0.672421,0.126635
2079983105,3,-0.714687,-0.16362,-0.667777,0.128542
2079983115,3,-0.718687,-0.162492,-0.663384,0.130404
2079983125,3,-0.72235,-0.161446,-0.659282,0.132252
2079983135,3,-0.72572,-0.160464,-0.655439,0.134087
2079983146,3,-0.728818,-0.159474,-0.651856,0.135924
2079983156,3,-0.731687,-0.158459,-0.648496,0.137754
2079983166,3,-0.734309,-0.157391,-0.645394,0.139582
2079983176,3,-0.736724,-0.156255,-0.642515,0.141401
2079983186,3,-0.738947,-0.155012,-0.639856,0.143219
2079983196,3,-0.741003,-0.153678,-0.637395,0.144994
2079983206,3,-0.74287,-0.152246,-0.635169,0.146709
2079983216,3,-0.744558,-0.150729,-0.633169,0.148353
2079983226,3,-0.746051,-0.149121,-0.631425,0.149905
2079983236,3,-0.747649,-0.147667,-0.629598,0.151063
2079983246,3,-0.749046,-0.1462,-0.628046,0.152029
2079983256,3,-0.750224,-0.144728,-0.626798,0.152772
2079983266,3,-0.751179,-0.143265,-0.625873,0.153253
2079983276,3,-0.751909,-0.14182,-0.625277,0.153449
2079983287,3,-0.752454,-0.140386,-0.624969,0.153353
2079983297,3,-0.752846,-0.13894,-0.624914,0.15297
2079983307,3,-0.753148,-0.137473,-0.625039,0.152297
2079983317,3,-0.753428,-0.135967,-0.625258,0.151357
2079983327,3,-0.753748,-0.13438,-0.625506,0.150155
2079983337,3,-0.754178,-0.132698,-0.625688,0.148728
2079983347,3,-0.754761,-0.130886,-0.625749,0.147113
2079983357,3,-0.755532,-0.128909,-0.625634,0.145378
2079983367,3,-0.75651,-0.126726,-0.625317,0.143562
2079983377,3,-0.757662,-0.124328,-0.624822,0.141729
2079983387,3,-0.758967,-0.121671,-0.624165,0.139935
2079983397,3,-0.760352,-0.118764,-0.623424,0.138206
2079983407,3,-0.761722,-0.115586,-0.622703,0.136593
2079983418,3,-0.762459,-0.112581,-0.622779,0.134634
2079983428,3,-0.763118,-0.109305,-0.622942,0.132833
2079983438,3,-0.763543,-0.105787,-0.623378,0.131182
2079983448,3,-0.763594,-0.102058,-0.62426,0.129641
2079983458,3,-0.763261,-0.098155,-0.625601,0.128144
2079983468,3,-0.762551,-0.094065,-0.627382,0.126721
2079983478,3,-0.761547,-0.089803,-0.629498,0.125344
2079983488,3,-0.760339,-0.085333,-0.631833,0.124052
2079983498,3,-0.759032,-0.080688,-0.634249,0.122829
2079983508,3,-0.757698,-0.075868,-0.636664,0.12164
2079983518,3,-0.756347,-0.070947,-0.639059,0.120444
2079983528,3,-0.755354,-0.065763,-0.640982,0.119397
2079983538,3,-0.754173,-0.060667,-0.643104,0.118144
2079983549,3,-0.752709,-0.055712,-0.645542,0.116614
2079983559,3,-0.750875,-0.050938,-0.648399,0.114755
2079983569,3,-0.748645,-0.046389,-0.651704,0.112514
2079983579,3,-0.746077,-0.04203,-0.655383,0.109879
2079983589,3,-0.743286,-0.037838,-0.659293,0.10689
2079983599,3,-0.740409,-0.033777,-0.66327,0.103567
2079983609,3,-0.737563,-0.029827,-0.667173,0.09995
2079983619,3,-0.734827,-0.025961,-0.670915,0.096053
2079983629,3,-0.732204,-0.022183,-0.674488,0.091926
2079983639,3,-0.729671,-0.018508,-0.677914,0.087577
2079983649,3,-0.727161,-0.014952,-0.681262,0.083032
2079983659,3,-0.724626,-0.011548,-0.684579,0.078323
2079983669,3,-0.72205,-0.008302,-0.687877,0.073478
2079983679,3,-0.719502,-0.005472,-0.691102,0.068295
2079983690,3,-0.716983,-0.002799,-0.694222,0.063099
2079983700,3,-0.714652,0.0,-0.69706,0.058123
2079983710,3,-0.712463,0.002583,-0.69969,0.053122
2079983720,3,-0.71041,0.005103,-0.702121,0.048118
2079983730,3,-0.708437,0.007511,-0.704419,0.043045
2079983740,3,-0.706441,0.009822,-0.706692,0.037814
2079983750,3,-0.704399,0.012057,-0.708958,0.032458
2079983760,3,-0.702307,0.014211,-0.711216,0.027075
2079983770,3,-0.70015,0.016269,-0.713479,0.021705
2079983780,3,-0.697841,0.018184,-0.715836,0.016261
2079983790,3,-0.696344,0.020318,-0.717336,0.010961
2079983800,3,-0.694576,0.022303,-0.719052,0.005535
2079983810,3,0.692569,-0.024075,0.720949,1.22E-4
2079983821,3,0.690364,-0.025671,0.722981,0.005894
2079983831,3,0.688029,-0.027109,0.72508,0.01183
2079983841,3,0.685604,-0.028373,0.7272,0.017911
2079983851,3,0.683141,-0.029495,0.729291,0.024105
2079983861,3,0.680647,-0.030485,0.731344,0.030392
2079983871,3,0.67812,-0.031425,0.733363,0.036662
2079983881,3,0.674618,-0.032212,0.736207,0.043019
2079983891,3,0.67117,-0.033106,0.738926,0.049207
2079983901,3,0.667832,-0.034158,0.741475,0.055196
2079983911,3,0.664703,-0.035366,0.743773,0.060993
2079983921,3,0.66185,-0.036729,0.745767,0.066604
2079983931,3,0.659351,-0.038246,0.747396,0.072054
2079983941,3,0.657238,-0.039878,0.748638,0.077379
2079983952,3,0.655534,-0.041602,0.749479,0.082612
2079983962,3,0.654964,-0.044144,0.749323,0.087103
2079983972,3,0.654863,-0.046806,0.748729,0.091478
2079983982,3,0.65519,-0.049525,0.74773,0.095773
2079983992,3,0.655881,-0.052284,0.746381,0.100002
2079984002,3,0.656859,-0.054987,0.744748,0.10422
2079984012,3,0.657201,-0.056829,0.743601,0.109148
2079984022,3,0.657804,-0.058703,0.742204,0.113931
2079984032,3,0.658662,-0.06063,0.740565,0.118531
2079984042,3,0.65978,-0.062618,0.738686,0.122922
2079984052,3,0.661162,-0.064676,0.73657,0.127067
2079984062,3,0.662813,-0.066786,0.734213,0.130955
2079984072,3,0.66474,-0.068937,0.731615,0.134561
2079984082,3,0.667555,-0.071933,0.728285,0.137096
2079984093,3,0.670619,-0.074941,0.724741,0.139294
2079984103,3,0.673901,-0.077912,0.72101,0.141174
2079984113,3,0.677312,-0.080808,0.717177,0.142741
2079984123,3,0.679842,-0.082587,0.714121,0.144996
2079984133,3,0.682203,-0.084215,0.711265,0.146995
2079984143,3,0.684303,-0.085673,0.70871,0.148719
2079984153,3,0.686087,-0.086986,0.706522,0.150146
2079984163,3,0.687548,-0.088191,0.704718,0.151233
2079984173,3,0.688685,-0.089349,0.703304,0.151957
2079984183,3,0.689538,-0.090496,0.702247,0.152302
2079984193,3,0.69016,-0.091662,0.701491,0.152273
2079984203,3,0.690632,-0.092898,0.700949,0.151879
2079984213,3,0.691047,-0.094225,0.700528,0.151113
2079984224,3,0.691528,-0.095684,0.700097,0.14999
2079984234,3,0.69217,-0.097294,0.699548,0.148547
2079984244,3,0.693062,-0.099035,0.698785,0.146818
2079984254,3,0.694188,-0.10155,0.697855,0.144177
2079984264,3,0.695517,-0.1041,0.696733,0.141355
2079984274,3,0.697069,-0.106633,0.695398,0.138362
2079984284,3,0.69936,-0.108813,0.693313,0.135538
2079984294,3,0.702083,-0.111089,0.690794,0.132442
2079984304,3,0.705248,-0.113433,0.687818,0.129086
2079984314,3,0.708852,-0.115815,0.684373,0.12549
2079984324,3,0.71286,-0.11817,0.680479,0.121708
2079984334,3,0.717237,-0.120446,0.676157,0.117789
2079984344,3,0.721904,-0.122553,0.671479,0.113794
2079984355,3,0.726794,-0.124436,0.666509,0.109776
2079984365,3,0.731817,-0.126044,0.661335,0.105789
2079984375,3,0.73686,-0.127315,0.656084,0.10189
2079984385,3,0.741806,-0.128186,0.650891,0.098142
2079984395,3,0.746548,-0.128614,0.645892,0.094585
2079984405,3,0.750764,-0.129356,0.64145,0.090337
2079984415,3,0.754633,-0.129594,0.637396,0.086366
2079984425,3,0.758081,-0.129256,0.633846,0.082719
2079984435,3,0.761085,-0.128368,0.630843,0.079409
2079984445,3,0.763706,-0.126991,0.628324,0.076388
2079984455,3,0.766005,-0.12517,0.626215,0.073635
2079984465,3,0.768814,-0.122484,0.623517,0.071742
2079984475,3,0.771459,-0.119489,0.621023,0.070009
2079984485,3,0.773912,-0.116238,0.618767,0.068373
2079984496,3,0.776139,-0.11279,0.616787,0.066772
2079984506,3,0.7781,-0.109201,0.615136,0.065123
2079984516,3,0.779766,-0.105543,0.61385,0.063346
2079984526,3,0.781133,-0.101895,0.612928,0.061371
2079984536,3,0.78226,-0.098332,0.612292,0.05913
2079984546,3,0.78321,-0.094905,0.611857,0.056607
2079984556,3,0.784045,-0.091621,0.61154,0.053818
2079984566,3,0.784799,-0.088485,0.611293,0.050797
2079984576,3,0.785491,-0.085487,0.611089,0.047595
2079984586,3,0.786138,-0.082599,0.610906,0.044245
2079984596,3,0.786745,-0.079808,0.610733,0.040827
2079984606,3,0.787348,-0.07711,0.610524,0.037364
2079984616,3,0.787957,-0.074505,0.610264,0.033888
2079984627,3,0.788584,-0.072028,0.609936,0.030399
2079984637,3,0.789227,-0.069732,0.609535,0.026887
2079984647,3,0.789878,-0.067675,0.60907,0.02334
2079984657,3,0.790538,-0.065898,0.608536,0.019743
2079984667,3,0.790053,-0.063849,0.609472,0.016772
2079984677,3,0.7896,-0.062117,0.610314,0.013739
2079984687,3,0.789101,-0.060701,0.611163,0.010669
2079984697,3,0.788522,-0.059553,0.612068,0.007642
2079984707,3,0.787844,-0.058678,0.613054,0.004614
2079984717,3,0.787056,-0.058023,0.614144,0.001642
2079984727,3,-0.786133,0.05759,-0.615366,0.001158
2079984737,3,-0.785099,0.057407,-0.61669,0.004011
2079984747,3,-0.784735,0.057909,-0.617075,0.007364
2079984758,3,-0.784132,0.058533,-0.617737,0.010525
2079984768,3,-0.783213,0.059217,-0.61878,0.013447
2079984778,3,-0.781914,0.059914,-0.620291,0.016088
2079984788,3,-0.78022,0.060578,-0.622293,0.018383
2079984798,3,-0.77813,0.06118,-0.624785,0.020324
2079984808,3,-0.775662,0.061678,-0.627745,0.021881
2079984818,3,-0.772861,0.062056,-0.631113,0.023013
2079984828,3,-0.76981,0.062308,-0.63478,0.023735
2079984838,3,-0.766609,0.062417,-0.638619,0.024076
2079984848,3,-0.763374,0.062425,-0.642481,0.024069
2079984858,3,-0.760222,0.06235,-0.646225,0.0238
2079984868,3,-0.757225,0.062236,-0.649762,0.023328
2079984878,3,-0.754416,0.062111,-0.653054,0.022748
2079984889,3,-0.75181,0.062011,-0.656083,0.022124
2079984899,3,-0.749384,0.06195,-0.658878,0.021533
2079984909,3,-0.7465,0.061148,-0.662261,0.020184
2079984919,3,-0.743825,0.060371,-0.665373,0.018896
2079984929,3,-0.741349,0.059617,-0.66823,0.017709
2079984939,3,-0.739093,0.058973,-0.670809,0.016678
2079984949,3,-0.737161,0.058451,-0.672998,0.015807
2079984959,3,-0.736064,0.058737,-0.674173,0.015799
2079984969,3,-0.735096,0.058966,-0.675211,0.015693
2079984979,3,-0.734166,0.059047,-0.676221,0.015411
2079984989,3,-0.733161,0.058906,-0.677335,0.014847
2079984999,3,-0.731982,0.058475,-0.678667,0.013905
2079985009,3,-0.730539,0.057708,-0.680311,0.012526
2079985019,3,-0.728793,0.056547,-0.682311,0.01068
2079985030,3,-0.726718,0.054986,-0.684679,0.008346
2079985040,3,-0.724299,0.053013,-0.687422,0.005552
2079985050,3,-0.72221,0.051187,-0.689771,0.002802
2079985060,3,0.719786,-0.048984,0.692464,0.0
2079985070,3,0.71702,-0.046445,0.695492,0.003774
2079985080,3,0.713935,-0.04359,0.698812,0.007565
2079985090,3,0.710665,-0.040492,0.702268,0.011547
2079985100,3,0.707317,-0.03724,0.705741,0.015649
2079985110,3,0.704019,-0.033917,0.709093,0.019808
2079985120,3,0.700509,-0.030007,0.712589,0.024534
2079985130,3,0.697085,-0.026114,0.715915,0.029236
2079985140,3,0.69373,-0.0223,0.719093,0.033855
2079985150,3,0.690439,-0.018604,0.722132,0.038348
2079985161,3,0.687225,-0.015073,0.725032,0.042682
2079985171,3,0.684145,-0.011737,0.727745,0.046824
2079985181,3,0.681279,-0.008622,0.73021,0.05076
2079985191,3,0.678743,-0.005759,0.732327,0.054494
2079985201,3,0.676652,-0.003145,0.734004,0.058041
2079985211,3,0.675081,-7.72E-4,0.735182,0.061407
2079985221,3,0.67407,0.001291,0.735833,0.064618
2079985231,3,0.67363,0.003105,0.735956,0.067679
2079985241,3,0.673746,0.004616,0.735569,0.070574
2079985251,3,0.674389,0.005828,0.734703,0.073316
2079985261,3,0.675519,0.006739,0.733397,0.075868
2079985271,3,0.677081,0.007353,0.731702,0.078212
2079985281,3,0.679021,0.007703,0.729667,0.080341
2079985292,3,0.681272,0.007801,0.727352,0.082248
2079985302,3,0.684362,0.006765,0.724372,0.082983
2079985312,3,0.687676,0.005535,0.721188,0.083414
2079985322,3,0.691112,0.004099,0.717895,0.083503
2079985332,3,0.694606,0.002492,0.714554,0.08323
2079985342,3,0.698086,7.22E-4,0.711237,0.082559
2079985352,3,0.70144,-0.001164,0.70805,0.081511
2079985362,3,0.703888,-0.002156,0.705655,0.081159
2079985372,3,0.706159,-0.003194,0.703456,0.080482
2079985382,3,0.708244,-0.004277,0.701465,0.079479
2079985392,3,0.710139,-0.005371,0.69969,0.078141
2079985402,3,0.712434,-0.007354,0.697625,0.075505
2079985412,3,0.714477,-0.009283,0.695821,0.072582
2079985422,3,0.715683,-0.010426,0.694814,0.070151
2079985433,3,0.716559,-0.011578,0.694167,0.067377
2079985443,3,0.717034,-0.012692,0.693948,0.064316
2079985453,3,0.717022,-0.013728,0.694236,0.061036
2079985463,3,0.716463,-0.014651,0.695087,0.057612
2079985473,3,0.715387,-0.015469,0.696456,0.054129
2079985483,3,0.713954,-0.016242,0.698172,0.050607
2079985493,3,0.712411,-0.017088,0.699976,0.04701
2079985503,3,0.710971,-0.018094,0.701652,0.043308
2079985513,3,0.709688,-0.019658,0.703153,0.039127
2079985523,3,0.708593,-0.021365,0.704428,0.034927
2079985533,3,0.707774,-0.023254,0.705388,0.030689
2079985543,3,0.707865,-0.02555,0.705397,0.026223
2079985553,3,0.708518,-0.028229,0.704798,0.021537
2079985564,3,0.709785,-0.031249,0.703526,0.016691
2079985574,3,0.711693,-0.034572,0.701541,0.01167
2079985584,3,0.714246,-0.038168,0.698821,0.006555
2079985594,3,0.717406,-0.042002,0.695386,0.001397
2079985604,3,-0.721123,0.046002,-0.691267,0.003797
2079985614,3,-0.725307,0.050142,-0.686537,0.008986
2079985624,3,-0.729838,0.054323,-0.681311,0.014141
2079985634,3,-0.734594,0.058512,-0.675706,0.019172
2079985644,3,-0.739445,0.062656,-0.669862,0.024048
2079985654,3,-0.74428,0.066702,-0.663908,0.028694
2079985664,3,-0.748924,0.070511,-0.658066,0.032979
2079985674,3,-0.753408,0.074152,-0.652314,0.036919
2079985684,3,-0.75763,0.077535,-0.6468,0.040421
2079985695,3,-0.761442,0.080587,-0.641737,0.043402
2079985705,3,-0.76481,0.083272,-0.637206,0.045809
2079985715,3,-0.767724,0.085611,-0.633241,0.047684
2079985725,3,-0.770221,0.087624,-0.629821,0.049047
2079985735,3,-0.772534,0.089762,-0.626572,0.050393
2079985745,3,-0.774512,0.091726,-0.623759,0.051391
2079985755,3,-0.77616,0.093497,-0.621388,0.052051
2079985765,3,-0.77747,0.095111,-0.619473,0.05241
2079985775,3,-0.778453,0.096604,-0.617998,0.052501
2079985785,3,-0.779135,0.097943,-0.61694,0.05234
2079985795,3,-0.779561,0.099167,-0.616237,0.051967
2079985805,3,-0.779764,0.10026,-0.615852,0.051395
2079985815,3,-0.779781,0.101194,-0.615743,0.050612
2079985825,3,-0.77965,0.101981,-0.615856,0.049662
2079985836,3,-0.779417,0.102632,-0.616131,0.048551
2079985846,3,-0.779145,0.103153,-0.616484,0.047315
2079985856,3,-0.778899,0.103571,-0.616825,0.045998
2079985866,3,-0.778742,0.10386,-0.617076,0.044603
2079985876,3,-0.77875,0.104019,-0.617142,0.043167
2079985886,3,-0.778993,0.104052,-0.61693,0.041701
2079985896,3,-0.779484,0.103965,-0.61642,0.040263
2079985906,3,-0.778888,0.102873,-0.617495,0.038074
2079985916,3,-0.778599,0.101695,-0.618185,0.035897
2079985926,3,-0.778471,0.100422,-0.618674,0.03375
2079985936,3,-0.778355,0.09907,-0.61915,0.031641
2079985946,3,-0.778143,0.097651,-0.619742,0.029584
2079985956,3,-0.777763,0.096222,-0.620531,0.027678
2079985967,3,-0.777256,0.094802,-0.621458,0.025951
2079985977,3,-0.776641,0.093474,-0.622486,0.024502
2079985987,3,-0.777018,0.093622,-0.621981,0.024828
2079985997,3,-0.777351,0.094008,-0.621477,0.025551
2079986007,3,-0.777545,0.094588,-0.621103,0.026567
2079986017,3,-0.777467,0.095326,-0.621035,0.02779
2079986027,3,-0.776993,0.09613,-0.621445,0.029077
2079986037,3,-0.776038,0.096952,-0.622448,0.030384
2079986047,3,-0.774504,0.097684,-0.624181,0.031602
2079986057,3,-0.772367,0.098239,-0.626684,0.032599
2079986067,3,-0.769638,0.098549,-0.629949,0.033297
2079986077,3,-0.76637,0.098555,-0.633901,0.033649
2079986087,3,-0.76265,0.098241,-0.63842,0.033654
2079986098,3,-0.75861,0.097611,-0.643327,0.033339
2079986108,3,-0.754371,0.096674,-0.648464,0.032723
2079986118,3,-0.750008,0.095445,-0.653732,0.031803
2079986128,3,-0.745599,0.093928,-0.659032,0.030583
2079986138,3,-0.74122,0.092139,-0.664273,0.029029
2079986148,3,-0.736957,0.090117,-0.669354,0.027147
2079986158,3,-0.732438,0.087419,-0.674752,0.024515
2079986168,3,-0.728167,0.084597,-0.679814,0.021606
2079986178,3,-0.724193,0.08173,-0.684486,0.018481
2079986188,3,-0.720683,0.078847,-0.6886,0.015105
2079986198,3,-0.718231,0.075906,-0.691559,0.011291
2079986208,3,-0.71621,0.072844,-0.694036,0.00702
2079986218,3,-0.714578,0.069685,-0.696071,0.002392
2079986228,3,0.713252,-0.066445,0.697746,0.00264
2079986239,3,0.712134,-0.063139,0.699152,0.008005
2079986249,3,0.711099,-0.059768,0.700414,0.013636
2079986259,3,0.70999,-0.056322,0.701681,0.019596
2079986269,3,0.708676,-0.052787,0.70308,0.025883
2079986279,3,0.708001,-0.049665,0.703736,0.031974
2079986289,3,0.707018,-0.046509,0.704626,0.038265
2079986299,3,0.705655,-0.043303,0.705816,0.044699
2079986309,3,0.703924,-0.040085,0.707289,0.051227
2079986319,3,0.701903,-0.036847,0.708965,0.057803
2079986329,3,0.699686,-0.033653,0.710749,0.06435
2079986339,3,0.697353,-0.030513,0.712567,0.070817
2079986349,3,0.6942,-0.026822,0.715058,0.077826
2079986359,3,0.690931,-0.023277,0.717567,0.084663
2079986370,3,0.687547,-0.019911,0.720104,0.091278
2079986380,3,0.684051,-0.016753,0.722674,0.097643
2079986390,3,0.680477,-0.013826,0.725257,0.103733
2079986400,3,0.676867,-0.011163,0.727822,0.109544
2079986410,3,0.673316,-0.008781,0.730298,0.115027
2079986420,3,0.669909,-0.006709,0.732619,0.120189
2079986430,3,0.66673,-0.004952,0.734721,0.125022
2079986440,3,0.663833,-0.003518,0.736569,0.12953
2079986450,3,0.661294,-0.002429,0.738107,0.133723
2079986460,3,0.659137,-0.001651,0.739317,0.137639
2079986470,3,0.6574,-0.001189,0.740175,0.14129
2079986480,3,0.656103,-0.001021,0.740662,0.144726
2079986490,3,0.655245,-0.001098,0.740777,0.147992
2079986501,3,0.654796,-0.001444,0.740545,0.151102
2079986511,3,0.654703,-0.001983,0.74001,0.154092
2079986521,3,0.655935,-0.004353,0.738629,0.155421
2079986531,3,0.657459,-0.006856,0.736995,0.156644
2079986541,3,0.659258,-0.009463,0.735115,0.157777
2079986551,3,0.661305,-0.0122,0.733021,0.158761
2079986561,3,0.663648,-0.015034,0.730674,0.159561
2079986571,3,0.666289,-0.017975,0.728076,0.160127
2079986581,3,0.669246,-0.021015,0.725214,0.160407
2079986591,3,0.672423,-0.024109,0.722174,0.160403
2079986601,3,0.675738,-0.02723,0.71903,0.160097
2079986611,3,0.678155,-0.028912,0.716503,0.160906
2079986621,3,0.680618,-0.030635,0.713994,0.161342
2079986631,3,0.683144,-0.032382,0.711498,0.161352
2079986642,3,0.685736,-0.034163,0.709013,0.160926
2079986652,3,0.688359,-0.035948,0.706575,0.16006
2079986662,3,0.690951,-0.037724,0.704252,0.158718
2079986672,3,0.693417,-0.039467,0.702138,0.156896
2079986682,3,0.695646,-0.04115,0.700349,0.154572
2079986692,3,0.697537,-0.042754,0.698987,0.151754
2079986702,3,0.699048,-0.044294,0.698091,0.148453
2079986712,3,0.700264,-0.04585,0.697574,0.144629
2079986722,3,0.701368,-0.047529,0.697243,0.140268
2079986732,3,0.702709,-0.049954,0.696807,0.134768
2079986742,3,0.704034,-0.052483,0.696393,0.128908
2079986752,3,0.705473,-0.055204,0.695862,0.122618
2079986762,3,0.707561,-0.057735,0.694629,0.116242
2079986773,3,0.710045,-0.060443,0.692956,0.109516
2079986783,3,0.712928,-0.063259,0.690816,0.10249
2079986793,3,0.716205,-0.066134,0.688191,0.095222
2079986803,3,0.719852,-0.069027,0.685088,0.087762
2079986813,3,0.723835,-0.071899,0.681517,0.080172
2079986823,3,0.728099,-0.07473,0.677521,0.072466
2079986833,3,0.732601,-0.077509,0.67313,0.064672
2079986843,3,0.737302,-0.080204,0.668373,0.056821
2079986853,3,0.742116,-0.082768,0.663337,0.048954
2079986863,3,0.746961,-0.085173,0.658105,0.041126
2079986873,3,0.751717,-0.087384,0.652816,0.033406
2079986883,3,0.756291,-0.089368,0.647586,0.025864
2079986893,3,0.76059,-0.091098,0.64254,0.018551
2079986904,3,0.764367,-0.092666,0.637985,0.011406
2079986914,3,0.767757,-0.093903,0.633805,0.004604
2079986924,3,-0.770689,0.094798,-0.630117,0.001756
2079986934,3,-0.773157,0.095327,-0.626963,0.007532
2079986944,3,-0.775164,0.095492,-0.624368,0.012858
2079986954,3,-0.776758,0.095332,-0.62229,0.017679
2079986964,3,-0.778039,0.094915,-0.620611,0.022058
2079986974,3,-0.779453,0.094973,-0.618638,0.026799
2079986984,3,-0.780577,0.094998,-0.617002,0.031322
2079986994,3,-0.781414,0.094995,-0.615708,0.035651
2079987004,3,-0.781949,0.094974,-0.61478,0.03975
2079987014,3,-0.782184,0.094919,-0.614227,0.043609
2079987024,3,-0.782107,0.094815,-0.614077,0.047184
2079987034,3,-0.781717,0.09468,-0.614333,0.050468
2079987045,3,-0.781064,0.094521,-0.614937,0.053438
2079987055,3,-0.780218,0.094358,-0.615799,0.056101
2079987065,3,-0.779273,0.094229,-0.616793,0.058474
2079987075,3,-0.778313,0.094149,-0.617814,0.060578
2079987085,3,-0.777401,0.094133,-0.618781,0.062412
2079987095,3,-0.776585,0.094195,-0.619631,0.064018
2079987105,3,-0.77591,0.09433,-0.620309,0.065427
2079987115,3,-0.7744,0.093154,-0.622394,0.065204
2079987125,3,-0.77312,0.092066,-0.624188,0.064783
2079987135,3,-0.772078,0.0911,-0.625681,0.064176
2079987145,3,-0.771247,0.090283,-0.626904,0.063378
2079987155,3,-0.770575,0.089634,-0.627918,0.062439
2079987165,3,-0.77003,0.089083,-0.628772,0.061348
2079987176,3,-0.76961,0.088683,-0.629454,0.06018
2079987186,3,-0.76931,0.08839,-0.629976,0.058985
2079987196,3,-0.769984,0.089864,-0.628889,0.059554
2079987206,3,-0.770778,0.091501,-0.627617,0.060202
2079987216,3,-0.771618,0.093283,-0.626256,0.060877
2079987226,3,-0.772392,0.095176,-0.624954,0.061505
2079987236,3,-0.772972,0.097122,-0.623889,0.061994
2079987246,3,-0.773268,0.099022,-0.623196,0.062264
2079987256,3,-0.773196,0.100839,-0.622992,0.062284
2079987266,3,-0.772676,0.102489,-0.623395,0.062
2079987276,3,-0.771642,0.103911,-0.624505,0.061348
2079987286,3,-0.770055,0.105006,-0.626385,0.060247
2079987296,3,-0.767923,0.105716,-0.629024,0.058695
2079987307,3,-0.765292,0.106029,-0.632351,0.056719
2079987317,3,-0.762224,0.105932,-0.636265,0.054392
2079987327,3,-0.758756,0.105448,-0.64069,0.051809
2079987337,3,-0.75493,0.104605,-0.645548,0.049044
2079987347,3,-0.750783,0.103461,-0.65076,0.046162
2079987357,3,-0.746343,0.102027,-0.656272,0.043231
2079987367,3,-0.741583,0.099283,-0.662318,0.039145
2079987377,3,-0.736599,0.096288,-0.668516,0.035145
2079987387,3,-0.731473,0.093054,-0.674765,0.031275
2079987397,3,-0.726291,0.089624,-0.680959,0.027594
2079987407,3,-0.72182,0.086937,-0.686143,0.02498
2079987417,3,-0.717764,0.084009,-0.690836,0.022405
2079987427,3,-0.714205,0.080823,-0.694972,0.019808
2079987437,3,-0.711172,0.077333,-0.698541,0.017095
2079987448,3,-0.708212,0.073399,-0.702031,0.014132
2079987458,3,-0.70594,0.069264,-0.70479,0.011008
2079987468,3,-0.704227,0.064874,-0.706963,0.007605
2079987478,3,-0.702955,0.060199,-0.708671,0.003838
2079987488,3,0.701978,-0.055271,0.71005,1.22E-4
2079987498,3,0.701167,-0.050085,0.711219,0.004702
2079987508,3,0.700404,-0.044713,0.712281,0.009439
2079987518,3,0.699624,-0.039178,0.713289,0.014454
2079987528,3,0.698779,-0.033532,0.71428,0.019674
2079987538,3,0.69787,-0.02777,0.715245,0.025092
2079987548,3,0.696904,-0.021956,0.71617,0.030688
2079987558,3,0.69586,-0.016082,0.71707,0.036449
2079987568,3,0.694808,-0.010198,0.717874,0.042358
2079987579,3,0.69377,-0.004369,0.718558,0.048331
2079987589,3,0.692791,0.001342,0.719088,0.054313
2079987599,3,0.691896,0.006891,0.719444,0.060263
2079987609,3,0.690419,0.012805,0.720209,0.066747
2079987619,3,0.689035,0.01833,0.72081,0.07298
2079987629,3,0.687751,0.023404,0.721266,0.078903
2079987639,3,0.686588,0.027968,0.721583,0.08445
2079987649,3,0.685554,0.031995,0.721779,0.089587
2079987659,3,0.684663,0.03549,0.721857,0.094328
2079987669,3,0.683921,0.038464,0.721829,0.098664
2079987679,3,0.683313,0.040935,0.721718,0.10261
2079987689,3,0.682835,0.042941,0.721534,0.106206
2079987699,3,0.682479,0.044503,0.721286,0.109484
2079987710,3,0.68225,0.045644,0.720974,0.112459
2079987720,3,0.68216,0.046359,0.720592,0.115127
2079987730,3,0.682228,0.046659,0.720128,0.117485
2079987740,3,0.682468,0.046576,0.719567,0.119539
2079987750,3,0.682886,0.046138,0.7189,0.121325
2079987760,3,0.683488,0.045391,0.718111,0.122876
2079987770,3,0.684256,0.044388,0.717209,0.124234
2079987780,3,0.685194,0.043187,0.716174,0.125447
2079987790,3,0.686278,0.041846,0.715021,0.126549
2079987800,3,0.687479,0.040397,0.713769,0.127565
2079987810,3,0.689545,0.037133,0.712106,0.126699
2079987820,3,0.691665,0.033838,0.710379,0.125757
2079987830,3,0.693794,0.030554,0.708625,0.124763
2079987840,3,0.695944,0.027309,0.706828,0.12373
2079987851,3,0.698087,0.024088,0.705018,0.122647
2079987861,3,0.70023,0.020924,0.703187,0.121519
2079987871,3,0.702324,0.017799,0.701389,0.120317
2079987881,3,0.704331,0.014725,0.699667,0.11902
2079987891,3,0.705697,0.012958,0.698339,0.118932
2079987901,3,0.707019,0.011051,0.697101,0.118538
2079987911,3,0.708299,0.008963,0.69596,0.117774
2079987921,3,0.709511,0.006681,0.694946,0.116611
2079987931,3,0.710625,0.0042,0.694091,0.115025
2079987941,3,0.711619,0.001495,0.693424,0.112952
2079987951,3,0.712469,-0.001444,0.692964,0.110389
2079987961,3,0.713176,-0.004664,0.692709,0.107292
2079987971,3,0.713782,-0.008194,0.692611,0.10362
2079987982,3,0.714368,-0.012052,0.692569,0.099397
2079987992,3,0.715018,-0.016253,0.692481,0.094625
2079988002,3,0.715726,-0.021162,0.692364,0.088988
2079988012,3,0.716474,-0.026264,0.69216,0.083001
2079988022,3,0.717321,-0.031516,0.691787,0.076719
2079988032,3,0.71876,-0.036918,0.690727,0.070115
2079988042,3,0.720484,-0.042527,0.689278,0.063159
2079988052,3,0.722505,-0.048281,0.687404,0.055947
2079988062,3,0.72481,-0.054089,0.685102,0.048561
2079988072,3,0.727387,-0.05987,0.682376,0.041052
2079988082,3,0.73022,-0.065554,0.679232,0.033511
2079988092,3,0.733297,-0.071054,0.675684,0.026019
2079988102,3,0.736583,-0.076291,0.67177,0.018676
2079988113,3,0.740022,-0.081189,0.667563,0.011569
2079988123,3,0.743546,-0.085668,0.663156,0.004804
2079988133,3,-0.74705,0.089694,-0.658687,0.001544
2079988143,3,-0.750221,0.093529,-0.654491,0.007756
2079988153,3,-0.753268,0.096751,-0.650421,0.013315
2079988163,3,-0.756063,0.099332,-0.646662,0.018124
2079988173,3,-0.758567,0.101282,-0.643293,0.022165
2079988183,3,-0.76078,0.102662,-0.640329,0.025527
2079988193,3,-0.762715,0.103528,-0.637769,0.028241
2079988203,3,-0.764451,0.10394,-0.635519,0.030404
2079988213,3,-0.766032,0.103941,-0.633532,0.03206
2079988223,3,-0.767481,0.103602,-0.631766,0.033303
2079988233,3,-0.769272,0.103763,-0.629465,0.035024
2079988244,3,-0.770918,0.103826,-0.627344,0.036654
2079988254,3,-0.77241,0.103854,-0.625407,0.038238
2079988264,3,-0.773748,0.103875,-0.623647,0.039836
2079988274,3,-0.774929,0.10392,-0.622063,0.041492
2079988284,3,-0.77594,0.103997,-0.620671,0.043219
2079988294,3,-0.776769,0.104104,-0.619487,0.045019
2079988304,3,-0.7774,0.104253,-0.618531,0.046885
2079988314,3,-0.777796,0.104422,-0.617856,0.048805
2079988324,3,-0.777932,0.104618,-0.617495,0.050755
2079988334,3,-0.777334,0.103566,-0.61838,0.051288
2079988344,3,-0.776462,0.102525,-0.619602,0.05184
2079988354,3,-0.775326,0.101482,-0.621148,0.052383
2079988364,3,-0.77394,0.100436,-0.622998,0.052927
2079988374,3,-0.772385,0.099412,-0.625038,0.05352
2079988385,3,-0.771622,0.099979,-0.625689,0.055806
2079988395,3,-0.770009,0.099116,-0.627743,0.056567
2079988405,3,-0.768518,0.098383,-0.629601,0.057469
2079988415,3,-0.767203,0.097784,-0.631202,0.058479
2079988425,3,-0.766119,0.097325,-0.632484,0.0596
2079988435,3,-0.765289,0.096966,-0.633431,0.060779
2079988445,3,-0.764711,0.096657,-0.63406,0.061978
2079988455,3,-0.764349,0.096406,-0.634419,0.063145
2079988465,3,-0.764156,0.096106,-0.634592,0.064189
2079988475,3,-0.764659,0.096826,-0.63367,0.066196
2079988485,3,-0.765123,0.097372,-0.632839,0.06796
2079988495,3,-0.76547,0.097719,-0.632208,0.069423
2079988505,3,-0.765619,0.097837,-0.631882,0.070564
2079988516,3,-0.765491,0.097651,-0.631978,0.071348
2079988526,3,-0.764993,0.097113,-0.632622,0.071713
2079988536,3,-0.764048,0.096191,-0.633914,0.071623
2079988546,3,-0.762633,0.094862,-0.635874,0.071098
2079988556,3,-0.760821,0.093163,-0.638391,0.070199
2079988566,3,-0.758683,0.091149,-0.641348,0.069014
2079988576,3,-0.756294,0.088887,-0.644625,0.06765
2079988586,3,-0.753715,0.086417,-0.648123,0.066188
2079988596,3,-0.750987,0.083769,-0.651783,0.064649
2079988606,3,-0.748138,0.080955,-0.655561,0.063048
2079988616,3,-0.745179,0.078005,-0.659434,0.061387
2079988626,3,-0.742113,0.074928,-0.663396,0.059652
2079988636,3,-0.738959,0.071749,-0.667412,0.05788
2079988647,3,-0.735627,0.067568,-0.67175,0.055122
2079988657,3,-0.732288,0.063311,-0.676019,0.052376
2079988667,3,-0.728994,0.059052,-0.680153,0.049702
2079988677,3,-0.726133,0.055578,-0.683629,0.047877
2079988687,3,-0.723525,0.052046,-0.686796,0.045973
2079988697,3,-0.721215,0.048426,-0.689617,0.043931
2079988707,3,-0.719197,0.044679,-0.692115,0.041665
2079988717,3,-0.717429,0.040761,-0.694337,0.039103
2079988727,3,-0.715807,0.036646,-0.696394,0.036202
2079988737,3,-0.714214,0.032356,-0.698401,0.032939
2079988747,3,-0.712536,0.027902,-0.700467,0.029305
2079988757,3,-0.710692,0.023286,-0.702662,0.02531
2079988767,3,-0.709531,0.019013,-0.704093,0.021356
2079988777,3,-0.708142,0.014653,-0.70571,0.017095
2079988788,3,-0.706498,0.010247,-0.707528,0.012594
2079988798,3,-0.70461,0.005739,-0.709527,0.007832
2079988808,3,-0.702525,0.001084,-0.711652,0.002743
2079988818,3,0.700227,0.003702,0.713905,0.00264
2079988828,3,0.697784,0.008602,0.716209,0.008226
2079988838,3,0.695184,0.013593,0.718565,0.014018
2079988848,3,0.692407,0.018577,0.720993,0.019904
2079988858,3,0.689499,0.023452,0.723446,0.025783
2079988868,3,0.686477,0.02805,0.725927,0.031481
2079988878,3,0.682669,0.032942,0.729015,0.03761
2079988888,3,0.679015,0.037481,0.731874,0.043504
2079988898,3,0.67558,0.04163,0.734467,0.049143
2079988908,3,0.672416,0.04535,0.736767,0.054524
2079988919,3,0.669552,0.048646,0.738765,0.05966
2079988929,3,0.667008,0.051528,0.740456,0.064565
2079988939,3,0.664802,0.053981,0.74184,0.069253
2079988949,3,0.662966,0.055992,0.7429,0.073752
2079988959,3,0.661523,0.057576,0.743623,0.078075
2079988969,3,0.660483,0.058742,0.744008,0.082239
2079988979,3,0.659843,0.059494,0.744061,0.086252
2079988989,3,0.659571,0.059818,0.743821,0.090091
2079988999,3,0.65966,0.05974,0.743295,0.093756
2079989009,3,0.660111,0.059275,0.742488,0.097209
2079989019,3,0.660929,0.05843,0.741398,0.100429
2079989029,3,0.662115,0.057223,0.740023,0.103411
2079989039,3,0.663643,0.055704,0.73838,0.106153
2079989050,3,0.665479,0.053895,0.736496,0.108652
2079989060,3,0.667583,0.051828,0.734406,0.110876
2079989070,3,0.670919,0.048089,0.731546,0.111324
2079989080,3,0.674442,0.044148,0.728531,0.111444
2079989090,3,0.678075,0.04008,0.725419,0.111236
2079989100,3,0.681715,0.035917,0.722304,0.110679
2079989110,3,0.684273,0.033026,0.719943,0.111178
2079989120,3,0.686776,0.030052,0.717668,0.111294
2079989130,3,0.689197,0.027036,0.715502,0.111053
2079989140,3,0.691508,0.024013,0.713467,0.110468
2079989150,3,0.693684,0.021007,0.711588,0.109556
2079989160,3,0.695675,0.018042,0.709913,0.108319
2079989170,3,0.697419,0.015136,0.708502,0.106779
2079989180,3,0.698858,0.012298,0.707411,0.104948
2079989191,3,0.699983,0.009519,0.706655,0.102809
2079989201,3,0.70083,0.006736,0.706205,0.100328
2079989211,3,0.70153,0.003856,0.705931,0.09747
2079989221,3,0.702229,8.09E-4,0.705691,0.094196
2079989231,3,0.703051,-0.002453,0.705353,0.090491
2079989241,3,0.704193,-0.006603,0.704782,0.085724
2079989251,3,0.705461,-0.010874,0.704056,0.080687
2079989261,3,0.706996,-0.014807,0.702985,0.075824
2079989271,3,0.708819,-0.018914,0.701589,0.070631
2079989281,3,0.710928,-0.023204,0.699858,0.065127
2079989291,3,0.713341,-0.027612,0.697752,0.059354
2079989301,3,0.716044,-0.032113,0.695269,0.053381
2079989311,3,0.719026,-0.036647,0.692406,0.047245
2079989322,3,0.722227,-0.041141,0.689212,0.041001
2079989332,3,0.725617,-0.045522,0.685713,0.034701
2079989342,3,0.729151,-0.049753,0.68195,0.028405
2079989352,3,0.732789,-0.053773,0.677964,0.022162
2079989362,3,0.736472,-0.05753,0.673825,0.016057
2079989372,3,0.740126,-0.060966,0.66962,0.010194
2079989382,3,0.743671,-0.064044,0.665455,0.004582
2079989392,3,-0.747003,0.067151,-0.661418,0.00105
2079989402,3,-0.75013,0.069792,-0.657566,0.006273
2079989412,3,-0.752934,0.071954,-0.654058,0.010923
2079989422,3,-0.755321,0.073651,-0.651029,0.015019
2079989432,3,-0.757329,0.074891,-0.648459,0.018561
2079989442,3,-0.758986,0.075747,-0.646325,0.02158
2079989453,3,-0.760353,0.076261,-0.644565,0.024132
2079989463,3,-0.761525,0.076498,-0.643067,0.026272
2079989473,3,-0.762563,0.076558,-0.641751,0.028116
2079989483,3,-0.763933,0.077057,-0.639962,0.030273
2079989493,3,-0.765131,0.077563,-0.638367,0.032303
2079989503,3,-0.766098,0.078116,-0.637038,0.034243
2079989513,3,-0.766774,0.078736,-0.636045,0.036103
2079989523,3,-0.767111,0.07947,-0.635441,0.037925
2079989533,3,-0.767117,0.080338,-0.635216,0.039714
2079989543,3,-0.766797,0.081359,-0.635357,0.041508
2079989553,3,-0.766229,0.082578,-0.635763,0.043333
2079989563,3,-0.765508,0.084028,-0.636311,0.045203
2079989573,3,-0.764734,0.085716,-0.636878,0.047118
2079989583,3,-0.764012,0.087645,-0.637333,0.049096
2079989594,3,-0.76344,0.089805,-0.637558,0.051108
2079989604,3,-0.76311,0.092178,-0.637447,0.053159
2079989614,3,-0.763071,0.094712,-0.636946,0.055228
2079989624,3,-0.763342,0.097381,-0.636034,0.057314
2079989634,3,-0.763919,0.100128,-0.63472,0.05942
2079989644,3,-0.764761,0.10291,-0.63306,0.061511
2079989654,3,-0.764949,0.104342,-0.632529,0.062217
2079989664,3,-0.765375,0.105779,-0.63171,0.062878
2079989674,3,-0.765931,0.107185,-0.630741,0.063449
2079989684,3,-0.766529,0.10848,-0.629747,0.063895
2079989694,3,-0.767086,0.109649,-0.628833,0.064212
2079989704,3,-0.76753,0.110668,-0.628094,0.064385
2079989714,3,-0.767906,0.111556,-0.627474,0.064422
2079989725,3,-0.768664,0.113567,-0.62605,0.065722
2079989735,3,-0.769239,0.115453,-0.62487,0.066915
2079989745,3,-0.769579,0.117173,-0.624014,0.067995
2079989755,3,-0.76962,0.118682,-0.623578,0.068913
2079989765,3,-0.769315,0.119925,-0.623636,0.069634
2079989775,3,-0.768651,0.120888,-0.624215,0.07011
2079989785,3,-0.767624,0.121537,-0.625329,0.07032
2079989795,3,-0.766211,0.121819,-0.627018,0.070195
2079989805,3,-0.764466,0.121677,-0.629227,0.069695
2079989815,3,-0.762453,0.121093,-0.631875,0.068803
2079989825,3,-0.760254,0.120043,-0.634853,0.067553
2079989835,3,-0.757948,0.118548,-0.638048,0.065982
2079989845,3,-0.755557,0.116648,-0.641411,0.064174
2079989856,3,-0.753085,0.114386,-0.644912,0.062177
2079989866,3,-0.750519,0.111792,-0.648552,0.060032
2079989876,3,-0.74787,0.10891,-0.652294,0.057794
2079989886,3,-0.744889,0.104726,-0.65667,0.054371
2079989896,3,-0.741827,0.100367,-0.661079,0.050914
2079989906,3,-0.738786,0.095894,-0.66539,0.047474
2079989916,3,-0.735806,0.091368,-0.66955,0.044065
2079989926,3,-0.733532,0.08767,-0.672698,0.041491
2079989936,3,-0.731524,0.083865,-0.675524,0.038789
2079989946,3,-0.729763,0.079966,-0.678057,0.035895
2079989956,3,-0.728161,0.075959,-0.680396,0.032746
2079989966,3,-0.726593,0.071827,-0.682675,0.029277
2079989976,3,-0.725453,0.067463,-0.684492,0.02523
2079989986,3,-0.724252,0.063095,-0.686323,0.020888
2079989997,3,-0.722695,0.05869,-0.688477,0.016273
2079990007,3,-0.720659,0.054263,-0.691067,0.011448
2079990017,3,-0.718066,0.049777,-0.694162,0.006403
2079990027,3,-0.714866,0.045317,-0.697789,0.001238
2079990037,3,0.711175,-0.040843,0.701815,0.004063
2079990047,3,0.707101,-0.036324,0.706114,0.009482
2079990057,3,0.702746,-0.031735,0.710572,0.01507
2079990067,3,0.698276,-0.027058,0.715013,0.020826
2079990077,3,0.693772,-0.022244,0.719351,0.026792
2079990087,3,0.689261,-0.017316,0.723556,0.032953
2079990097,3,0.684717,-0.012309,0.727646,0.039257
2079990107,3,0.680152,-0.007314,0.731614,0.045599
2079990117,3,0.674616,-0.001708,0.73629,0.052595
2079990128,3,0.669206,0.00372,0.740683,0.05947
2079990138,3,0.664039,0.008882,0.744709,0.066181
2079990148,3,0.659244,0.013724,0.748277,0.072726
2079990158,3,0.654965,0.018191,0.751287,0.079103
2079990168,3,0.651288,0.022236,0.753691,0.085313
2079990178,3,0.648284,0.025848,0.755452,0.09138
2079990188,3,0.645981,0.028988,0.756567,0.097324
2079990198,3,0.644385,0.031642,0.75705,0.103153
2079990208,3,0.643474,0.033787,0.756938,0.108831
2079990218,3,0.643201,0.035404,0.756282,0.114349
2079990228,3,0.643503,0.036508,0.755153,0.119641
2079990238,3,0.644319,0.037114,0.753613,0.124662
2079990248,3,0.645606,0.037237,0.751709,0.129378
2079990259,3,0.647335,0.036908,0.749468,0.133759
2079990269,3,0.64948,0.036146,0.746915,0.137785
2079990279,3,0.652022,0.034981,0.744073,0.141415
2079990289,3,0.654922,0.03344,0.740967,0.144657
2079990299,3,0.658144,0.031577,0.737629,0.147486
2079990309,3,0.661615,0.029442,0.734114,0.149914
2079990319,3,0.665289,0.027066,0.730456,0.151954
2079990329,3,0.670221,0.022977,0.726059,0.15203
2079990339,3,0.675229,0.018693,0.721611,0.151634
2079990349,3,0.680254,0.014273,0.717156,0.150789
2079990359,3,0.685205,0.009757,0.712774,0.149502
2079990369,3,0.688781,0.006868,0.709339,0.149567
2079990379,3,0.692087,0.004035,0.706193,0.149295
2079990389,3,0.695057,0.001303,0.703403,0.148716
2079990400,3,0.697663,-0.001297,0.701007,0.147823
2079990410,3,0.699893,-0.003795,0.699024,0.146624
2079990420,3,0.70172,-0.006166,0.697487,0.145124
2079990430,3,0.703144,-0.00841,0.6964,0.143329
2079990440,3,0.704157,-0.010562,0.695773,0.141246
2079990450,3,0.704788,-0.01262,0.695579,0.138863
2079990460,3,0.705071,-0.014661,0.695782,0.136185
2079990470,3,0.705091,-0.01673,0.696293,0.133198
2079990480,3,0.704979,-0.018925,0.696979,0.129868
2079990490,3,0.704865,-0.021314,0.6977,0.126195
2079990500,3,0.704862,-0.023972,0.698331,0.122175
2079990510,3,0.705089,-0.027723,0.698842,0.117045
2079990520,3,0.705446,-0.031666,0.699185,0.111728
2079990531,3,0.706008,-0.035815,0.699275,0.106222
2079990541,3,0.707276,-0.039837,0.698573,0.100834
2079990551,3,0.708978,-0.044178,0.697383,0.095151
2079990561,3,0.711122,-0.0488,0.695674,0.089219
2079990571,3,0.713695,-0.053647,0.693439,0.083078
2079990581,3,0.716682,-0.05865,0.690676,0.076763
2079990591,3,0.720063,-0.063752,0.687383,0.070335
2079990601,3,0.723801,-0.068901,0.683583,0.063861
2079990611,3,0.727844,-0.073996,0.679317,0.057392
2079990621,3,0.732133,-0.078965,0.674642,0.05101
2079990631,3,0.736565,-0.083743,0.669664,0.044804
2079990641,3,0.741051,-0.088226,0.66449,0.038868
2079990651,3,0.745236,-0.092927,0.659486,0.032632
2079990662,3,0.749344,-0.097229,0.654452,0.026841
2079990672,3,0.753237,-0.101028,0.649583,0.021599
2079990682,3,0.756836,-0.104297,0.645005,0.016998
2079990692,3,0.760119,-0.107045,0.640772,0.01304
2079990702,3,0.763085,-0.109318,0.636912,0.009678
2079990712,3,0.765774,-0.1112,0.633385,0.006827
2079990722,3,0.76823,-0.112723,0.630155,0.004421
2079990732,3,0.771056,-0.114222,0.626434,0.002145
2079990742,3,0.773666,-0.115559,0.622966,0.0
2079990752,3,-0.776024,0.116774,-0.619795,0.001859
2079990762,3,-0.778069,0.117894,-0.617005,0.003643
2079990772,3,-0.779749,0.118932,-0.614668,0.0054
2079990782,3,-0.781022,0.119906,-0.612841,0.007163
2079990792,3,-0.781855,0.120808,-0.611578,0.00889
2079990803,3,-0.782265,0.121659,-0.610857,0.010614
2079990813,3,-0.782261,0.122473,-0.610667,0.012353
2079990823,3,-0.78189,0.123244,-0.610949,0.014118
2079990833,3,-0.781222,0.123995,-0.611606,0.01594
2079990843,3,-0.780322,0.124752,-0.612549,0.01781
2079990853,3,-0.779253,0.125534,-0.613689,0.019772
2079990863,3,-0.778065,0.126345,-0.61496,0.021804
2079990873,3,-0.776782,0.127212,-0.61632,0.023967
2079990883,3,-0.775446,0.128148,-0.617713,0.026263
2079990893,3,-0.774096,0.129168,-0.619084,0.028721
2079990903,3,-0.772786,0.130274,-0.620362,0.03132
2079990913,3,-0.770533,0.129983,-0.623157,0.032517
2079990923,3,-0.768374,0.12975,-0.625793,0.033878
2079990934,3,-0.766369,0.129502,-0.628215,0.035389
2079990944,3,-0.764687,0.129237,-0.63022,0.037046
2079990954,3,-0.763379,0.129003,-0.631738,0.038938
2079990964,3,-0.762544,0.128802,-0.632652,0.041061
2079990974,3,-0.763155,0.130052,-0.631408,0.044763
2079990984,3,-0.763939,0.131237,-0.629936,0.0485
2079990994,3,-0.764734,0.132365,-0.62844,0.052183
2079991004,3,-0.765374,0.13344,-0.627132,0.055678
2079991014,3,-0.765722,0.134445,-0.626199,0.058892
2079991024,3,-0.7657,0.135355,-0.625753,0.061768
2079991034,3,-0.765235,0.136129,-0.625902,0.06425
2079991044,3,-0.764273,0.136688,-0.626745,0.06627
2079991054,3,-0.762807,0.136961,-0.628311,0.06775
2079991065,3,-0.760879,0.13691,-0.630557,0.068675
2079991075,3,-0.758543,0.136495,-0.633414,0.069048
2079991085,3,-0.755842,0.135731,-0.636812,0.068909
2079991095,3,-0.752806,0.134633,-0.640694,0.068316
2079991105,3,-0.749456,0.133237,-0.645004,0.067324
2079991115,3,-0.745797,0.131581,-0.649706,0.065987
2079991125,3,-0.741862,0.129736,-0.654727,0.064347
2079991135,3,-0.737708,0.127742,-0.659977,0.062438
2079991145,3,-0.733507,0.124335,-0.665618,0.05882
2079991155,3,-0.729196,0.120894,-0.671285,0.055081
2079991165,3,-0.724861,0.117462,-0.676869,0.051244
2079991175,3,-0.720654,0.114074,-0.682207,0.047307
2079991185,3,-0.717316,0.111642,-0.686331,0.04406
2079991196,3,-0.714536,0.109077,-0.689859,0.040415
2079991206,3,-0.712348,0.106334,-0.692772,0.03632
2079991216,3,-0.710712,0.103397,-0.695118,0.031726
2079991226,3,-0.709518,0.100243,-0.697013,0.026595
2079991236,3,-0.708597,0.096843,-0.698622,0.020902
2079991246,3,-0.708249,0.093296,-0.699617,0.014617
2079991256,3,-0.708051,0.089597,-0.700409,0.007831
2079991266,3,-0.707756,0.085726,-0.701235,5.45E-4
2079991276,3,0.707177,-0.081737,0.702258,0.007181
2079991286,3,0.706204,-0.077606,0.703576,0.015223
2079991296,3,0.704782,-0.073294,0.705233,0.023589
2079991306,3,0.702904,-0.068794,0.707216,0.032208
2079991316,3,0.700617,-0.064143,0.709464,0.040992
2079991326,3,0.698002,-0.059371,0.711884,0.049874
2079991337,3,0.695163,-0.05457,0.714364,0.058759
2079991347,3,0.692139,-0.049771,0.716864,0.067607
2079991357,3,0.689046,-0.045079,0.719277,0.076309
2079991367,3,0.685937,-0.040558,0.72156,0.084826
2079991377,3,0.682266,-0.035608,0.724191,0.093764
2079991387,3,0.678718,-0.030899,0.726557,0.102473
2079991397,3,0.675361,-0.026485,0.728616,0.110919
2079991407,3,0.672273,-0.022422,0.730319,0.119073
2079991417,3,0.669536,-0.018733,0.731618,0.126901
2079991427,3,0.667225,-0.015472,0.732473,0.134363
2079991437,3,0.66538,-0.012643,0.732872,0.141447
2079991447,3,0.664006,-0.010253,0.732836,0.148126
2079991457,3,0.663088,-0.008296,0.732395,0.154406
2079991468,3,0.662593,-0.006741,0.731597,0.16028
2079991478,3,0.662481,-0.005597,0.730492,0.165731
2079991488,3,0.662722,-0.004835,0.729122,0.170752
2079991498,3,0.663285,-0.004441,0.727525,0.175325
2079991508,3,0.664167,-0.004399,0.725708,0.179468
2079991518,3,0.665357,-0.004673,0.723688,0.18317
2079991528,3,0.66685,-0.005223,0.72147,0.18645
2079991538,3,0.668622,-0.006014,0.719079,0.189297
2079991548,3,0.670664,-0.007007,0.716517,0.191738
2079991558,3,0.67291,-0.008151,0.713844,0.19378
2079991568,3,0.676167,-0.011157,0.710749,0.193668
2079991578,3,0.679538,-0.014254,0.707623,0.193113
2079991588,3,0.682964,-0.017398,0.704517,0.192126
2079991599,3,0.686428,-0.020546,0.701453,0.190677
2079991609,3,0.689838,-0.023623,0.698505,0.188822
2079991619,3,0.693108,-0.02658,0.695763,0.18657
2079991629,3,0.695245,-0.027695,0.693811,0.185719
2079991639,3,0.697175,-0.0287,0.692173,0.184441
2079991649,3,0.698892,-0.029622,0.690857,0.182725
2079991659,3,0.700389,-0.030442,0.68987,0.180573
2079991669,3,0.701665,-0.031173,0.689211,0.177993
2079991679,3,0.702693,-0.031841,0.688911,0.174953
2079991689,3,0.703485,-0.032474,0.688957,0.171439
2079991699,3,0.70406,-0.033133,0.689322,0.167441
2079991709,3,0.704474,-0.033885,0.689941,0.162938
2079991719,3,0.704795,-0.034789,0.690736,0.157914
2079991729,3,0.705095,-0.0359,0.691611,0.152397
2079991740,3,0.705464,-0.037266,0.692458,0.146394
2079991750,3,0.705989,-0.039794,0.693291,0.139078
2079991760,3,0.706559,-0.042495,0.694027,0.131504
2079991770,3,0.707278,-0.045396,0.694546,0.123697
2079991780,3,0.708261,-0.048514,0.694721,0.115642
2079991790,3,0.710321,-0.051428,0.693683,0.107708
2079991800,3,0.712882,-0.054598,0.692038,0.099495
2079991810,3,0.71593,-0.058009,0.689775,0.091038
2079991820,3,0.719419,-0.0616,0.686918,0.082372
2079991830,3,0.72329,-0.065328,0.683499,0.073562
2079991840,3,0.727477,-0.069117,0.679572,0.064658
2079991850,3,0.731894,-0.072904,0.675209,0.055745
2079991860,3,0.736421,-0.076603,0.670535,0.046872
2079991871,3,0.740933,-0.080125,0.665687,0.038172
2079991881,3,0.745306,-0.083386,0.660818,0.02972
2079991891,3,0.749401,-0.086838,0.656058,0.021062
2079991901,3,0.753204,-0.089897,0.651486,0.012882
2079991911,3,0.756625,-0.092485,0.647253,0.00527
2079991921,3,-0.759606,0.09458,-0.643466,0.001691
2079991931,3,-0.762174,0.096152,-0.640141,0.007948
2079991941,3,-0.764342,0.097204,-0.637299,0.013465
2079991951,3,-0.766171,0.0978,-0.634886,0.018308
2079991961,3,-0.767736,0.098058,-0.632814,0.0226
2079991971,3,-0.76908,0.098024,-0.631038,0.026386
2079991981,3,-0.770651,0.098122,-0.628937,0.0301
2079991991,3,-0.772017,0.098051,-0.6271,0.033477
2079992002,3,-0.773148,0.09782,-0.625568,0.036551
2079992012,3,-0.773977,0.097462,-0.624429,0.039346
2079992022,3,-0.774486,0.097032,-0.623698,0.041905
2079992032,3,-0.774669,0.096568,-0.623378,0.044284
2079992042,3,-0.774529,0.096107,-0.623459,0.046527
2079992052,3,-0.774099,0.095687,-0.623892,0.0487
2079992062,3,-0.773476,0.095321,-0.62455,0.050838
2079992072,3,-0.772753,0.095038,-0.625309,0.052987
2079992082,3,-0.772043,0.094858,-0.626023,0.055183
2079992092,3,-0.771446,0.094804,-0.62656,0.057478
2079992102,3,-0.771037,0.09487,-0.62683,0.059874
2079992112,3,-0.770866,0.095069,-0.626763,0.062405
2079992122,3,-0.770917,0.095382,-0.626382,0.065068
2079992132,3,-0.771132,0.095851,-0.625745,0.067895
2079992143,3,-0.771475,0.096456,-0.624898,0.070873
2079992153,3,-0.771066,0.095596,-0.62537,0.072318
2079992163,3,-0.770754,0.094916,-0.625667,0.073955
2079992173,3,-0.770487,0.094362,-0.625867,0.07573
2079992183,3,-0.770254,0.093859,-0.626006,0.077549
2079992193,3,-0.77,0.093375,-0.626163,0.079371
2079992203,3,-0.769693,0.092892,-0.626384,0.081146
2079992213,3,-0.769303,0.09243,-0.626705,0.082884
2079992223,3,-0.769194,0.093448,-0.626244,0.086163
2079992233,3,-0.768873,0.094486,-0.626032,0.089377
2079992243,3,-0.768312,0.095509,-0.626119,0.092453
2079992253,3,-0.767505,0.096481,-0.626531,0.095319
2079992263,3,-0.766442,0.097372,-0.627291,0.097929
2079992274,3,-0.765123,0.098156,-0.628413,0.100234
2079992284,3,-0.763551,0.098794,-0.629906,0.102206
2079992294,3,-0.761715,0.099268,-0.631793,0.103786
2079992304,3,-0.759655,0.099529,-0.634034,0.104966
2079992314,3,-0.757448,0.09955,-0.63654,0.105729
2079992324,3,-0.755208,0.099292,-0.639179,0.10607
2079992334,3,-0.752997,0.098746,-0.641871,0.106045
2079992344,3,-0.750839,0.097913,-0.644581,0.105674
2079992354,3,-0.748713,0.096787,-0.647336,0.104956
2079992364,3,-0.746568,0.095354,-0.650194,0.10388
2079992374,3,-0.744364,0.093589,-0.653204,0.102406
2079992384,3,-0.742081,0.091509,-0.656385,0.100494
2079992394,3,-0.739713,0.089113,-0.659738,0.098118
2079992405,3,-0.737298,0.085389,-0.663498,0.094178
2079992415,3,-0.734866,0.081436,-0.667277,0.089892
2079992425,3,-0.73243,0.077309,-0.671036,0.085313
2079992435,3,-0.730065,0.073115,-0.674662,0.080548
2079992445,3,-0.728087,0.069832,-0.677608,0.076545
2079992455,3,-0.726348,0.066459,-0.68028,0.072245
2079992465,3,-0.724827,0.063016,-0.682698,0.067649
2079992475,3,-0.723479,0.059516,-0.684909,0.062726
2079992485,3,-0.722222,0.055973,-0.686995,0.057444
2079992495,3,-0.720944,0.052404,-0.689064,0.051797
2079992505,3,-0.719522,0.048819,-0.691237,0.04576
2079992515,3,-0.717844,0.045232,-0.693616,0.03935
2079992525,3,-0.716731,0.041591,-0.695351,0.032441
2079992535,3,-0.715267,0.038015,-0.697357,0.025294
2079992546,3,-0.713441,0.034539,-0.699632,0.017983
2079992556,3,-0.711317,0.031136,-0.702102,0.010495
2079992566,3,-0.708904,0.027771,-0.704751,0.00287
2079992576,3,0.706283,-0.024434,0.70749,0.004955
2079992586,3,0.703497,-0.021164,0.710266,0.01284
2079992596,3,0.700558,-0.017947,0.713067,0.02076
2079992606,3,0.697441,-0.014827,0.715914,0.028668
2079992616,3,0.694167,-0.011847,0.718791,0.036481
2079992626,3,0.690754,-0.009059,0.721684,0.04412
2079992636,3,0.687239,-0.006463,0.724569,0.051568
2079992646,3,0.682968,-0.003815,0.728041,0.059112
2079992656,3,0.678791,-0.001444,0.731324,0.066375
2079992666,3,0.674776,6.1E-4,0.734369,0.073333
2079992677,3,0.670983,0.002388,0.737139,0.08
2079992687,3,0.667475,0.00386,0.739594,0.086381
2079992697,3,0.664307,0.005013,0.741699,0.092475
2079992707,3,0.661545,0.005861,0.743411,0.098295
2079992717,3,0.659231,0.00639,0.744707,0.103847
2079992727,3,0.657392,0.006609,0.745575,0.109127
2079992737,3,0.656046,0.006504,0.746008,0.114161
2079992747,3,0.655175,0.006068,0.746031,0.118936
2079992757,3,0.654776,0.00534,0.745651,0.123461
2079992767,3,0.65484,0.004363,0.744877,0.127761
2079992777,3,0.656162,0.001859,0.743229,0.130606
2079992787,3,0.65791,-8.71E-4,0.741225,0.13318
2079992797,3,0.659169,-0.002344,0.739429,0.136874
2079992808,3,0.66076,-0.00391,0.73734,0.140392
2079992818,3,0.662667,-0.005572,0.734975,0.143705
2079992828,3,0.664873,-0.007286,0.732349,0.146811
2079992838,3,0.668139,-0.010606,0.729045,0.14822
2079992848,3,0.671695,-0.013976,0.725481,0.149353
2079992858,3,0.675476,-0.017329,0.721699,0.150268
2079992868,3,0.679425,-0.020581,0.717746,0.150986
2079992878,3,0.68342,-0.02369,0.713744,0.151472
2079992888,3,0.686305,-0.024947,0.710503,0.15345
2079992898,3,0.688976,-0.026032,0.707496,0.155183
2079992908,3,0.691391,-0.026967,0.704789,0.156596
2079992918,3,0.693528,-0.027784,0.702422,0.157637
2079992928,3,0.695409,-0.028511,0.700388,0.158268
2079992938,3,0.697063,-0.029199,0.698675,0.158437
2079992949,3,0.69853,-0.029865,0.697253,0.15812
2079992959,3,0.699864,-0.030553,0.696069,0.1573
2079992969,3,0.701126,-0.031301,0.695066,0.155959
2079992979,3,0.70239,-0.032174,0.694169,0.154081
2079992989,3,0.703686,-0.033188,0.693346,0.151643
2079992999,3,0.705034,-0.034392,0.692564,0.148652
2079993009,3,0.706648,-0.036708,0.691746,0.144178
2079993019,3,0.708216,-0.039109,0.691007,0.139316
2079993029,3,0.70977,-0.041604,0.690305,0.134065
2079993039,3,0.711696,-0.043716,0.689175,0.128891
2079993049,3,0.713902,-0.046071,0.687781,0.123199
2079993059,3,0.716424,-0.048644,0.686052,0.117053
2079993069,3,0.719264,-0.051392,0.683964,0.110496
2079993080,3,0.722393,-0.054255,0.681522,0.103588
2079993090,3,0.725774,-0.057189,0.678741,0.096394
2079993100,3,0.729356,-0.060102,0.67565,0.089015
2079993110,3,0.733061,-0.062935,0.672318,0.081536
2079993120,3,0.736782,-0.065609,0.66885,0.074067
2079993130,3,0.740414,-0.068044,0.66536,0.066725
2079993140,3,0.743759,-0.071018,0.662067,0.058685
2079993150,3,0.746858,-0.073571,0.658927,0.051036
2079993160,3,0.74965,-0.075725,0.656025,0.04381
2079993170,3,0.752106,-0.077518,0.653419,0.037004
2079993180,3,0.754245,-0.078948,0.651107,0.030656
2079993190,3,0.7561,-0.080009,0.649073,0.024798
2079993200,3,0.757714,-0.08072,0.647282,0.019452
2079993211,3,0.759152,-0.081127,0.645672,0.014576
2079993221,3,0.760435,-0.081282,0.644227,0.010122
2079993231,3,0.761661,-0.081217,0.642837,0.006034
2079993241,3,0.763393,-0.081124,0.640815,0.002145
2079993251,3,-0.76503,0.080989,-0.638878,0.0015
2079993261,3,-0.766526,0.080827,-0.637085,0.005105
2079993271,3,-0.767827,0.080647,-0.635502,0.008526
2079993281,3,-0.768894,0.08048,-0.63418,0.011819
2079993291,3,-0.769695,0.080329,-0.633159,0.015008
2079993301,3,-0.770221,0.080212,-0.632452,0.018101
2079993311,3,-0.770486,0.080122,-0.632049,0.0211
2079993321,3,-0.770535,0.080078,-0.631891,0.024014
2079993331,3,-0.770426,0.080109,-0.631906,0.026849
2079993342,3,-0.770211,0.080267,-0.632021,0.02965
2079993352,3,-0.769974,0.080574,-0.632134,0.032459
2079993362,3,-0.76974,0.081087,-0.632199,0.035337
2079993372,3,-0.769562,0.081832,-0.632145,0.038325
2079993382,3,-0.769447,0.082839,-0.631956,0.041465
2079993392,3,-0.769401,0.084097,-0.63162,0.044771
2079993402,3,-0.76942,0.085612,-0.631137,0.048245
2079993412,3,-0.768701,0.086004,-0.631791,0.050415
2079993422,3,-0.768061,0.086648,-0.632292,0.052723
2079993432,3,-0.767446,0.087506,-0.632715,0.055129
2079993442,3,-0.766805,0.088531,-0.633131,0.057587
2079993452,3,-0.766149,0.089688,-0.633532,0.060066
2079993462,3,-0.765474,0.091064,-0.633901,0.062651
2079993472,3,-0.764802,0.092669,-0.634203,0.065384
2079993483,3,-0.764165,0.094554,-0.634383,0.068321
2079993493,3,-0.763586,0.096693,-0.634415,0.071434
2079993503,3,-0.763609,0.100588,-0.633212,0.076322
2079993513,3,-0.763572,0.104539,-0.632015,0.081144
2079993523,3,-0.763401,0.108452,-0.630951,0.085769
2079993533,3,-0.76302,0.112206,-0.630156,0.090067
2079993543,3,-0.762334,0.115717,-0.629789,0.093916
2079993553,3,-0.7613,0.118902,-0.629945,0.097228
2079993563,3,-0.759891,0.121714,-0.630686,0.099921
2079993573,3,-0.75813,0.124107,-0.632015,0.101944
2079993583,3,-0.756091,0.126046,-0.633854,0.103281
2079993593,3,-0.753828,0.127534,-0.636133,0.103976
2079993603,3,-0.75138,0.128615,-0.63879,0.10408
2079993614,3,-0.74877,0.129376,-0.641759,0.103678
2079993624,3,-0.745993,0.129855,-0.645029,0.102802
2079993634,3,-0.743082,0.130087,-0.648546,0.101451
2079993644,3,-0.740068,0.130086,-0.65227,0.099599
2079993654,3,-0.737064,0.128393,-0.65658,0.095668
2079993664,3,-0.734029,0.126469,-0.660962,0.091296
2079993674,3,-0.731028,0.124371,-0.665307,0.086573
2079993684,3,-0.728089,0.122145,-0.66956,0.081583
2079993694,3,-0.725445,0.121253,-0.673027,0.077844
2079993704,3,-0.723074,0.120173,-0.676224,0.073776
2079993714,3,-0.721022,0.118871,-0.679108,0.069331
2079993724,3,-0.719313,0.117288,-0.68167,0.064471
2079993734,3,-0.71789,0.115423,-0.683968,0.059142
2079993745,3,-0.716668,0.113287,-0.686081,0.053335
2079993755,3,-0.715515,0.110903,-0.688132,0.047026
2079993765,3,-0.714831,0.107826,-0.689795,0.039636
2079993775,3,-0.714136,0.104643,-0.691408,0.031833
2079993785,3,-0.713258,0.101371,-0.693127,0.023659
2079993795,3,-0.712035,0.097998,-0.695105,0.015174
2079993805,3,-0.710393,0.094532,-0.697398,0.00639
2079993815,3,0.708312,-0.090967,0.700008,0.002589
2079993825,3,0.705876,-0.087317,0.702833,0.011769
2079993835,3,0.703146,-0.083611,0.705797,0.021078
2079993845,3,0.700242,-0.079898,0.708765,0.03046
2079993855,3,0.697215,-0.076245,0.711681,0.039834
2079993865,3,0.694124,-0.072674,0.714487,0.049167
2079993875,3,0.691014,-0.069214,0.717142,0.05844
2079993886,3,0.687905,-0.06589,0.719635,0.0676
2079993896,3,0.684838,-0.062749,0.721937,0.076584
2079993906,3,0.681784,-0.059799,0.72409,0.085358
2079993916,3,0.678783,-0.057038,0.726073,0.093894
2079993926,3,0.675261,-0.054078,0.728408,0.102565
2079993936,3,0.671907,-0.051357,0.730476,0.110934
2079993946,3,0.668789,-0.048917,0.732242,0.118948
2079993956,3,0.665954,-0.04676,0.733682,0.126599
2079993966,3,0.663438,-0.044878,0.734785,0.133888
2079993976,3,0.661258,-0.04328,0.735549,0.140825
2079993986,3,0.659401,-0.041929,0.735999,0.147432
2079993996,3,0.657849,-0.040812,0.736163,0.153728
2079994006,3,0.65656,-0.039916,0.736087,0.159719
2079994017,3,0.655485,-0.039227,0.735821,0.165428
2079994027,3,0.654611,-0.038753,0.735386,0.170848
2079994037,3,0.653921,-0.038468,0.734805,0.175978
2079994047,3,0.653435,-0.038398,0.73407,0.180797
2079994057,3,0.653164,-0.038533,0.733184,0.18529
2079994067,3,0.65312,-0.038879,0.73214,0.189452
2079994077,3,0.653303,-0.039422,0.730951,0.193263
2079994087,3,0.65371,-0.040126,0.729622,0.196729
2079994097,3,0.655373,-0.042522,0.727555,0.198344
2079994107,3,0.657255,-0.045076,0.725366,0.199566
2079994117,3,0.65927,-0.047722,0.723128,0.200425
2079994127,3,0.661342,-0.050359,0.720901,0.200974
2079994137,3,0.663356,-0.052976,0.718776,0.201276
2079994148,3,0.66531,-0.055603,0.716761,0.201305
2079994158,3,0.667301,-0.058308,0.714772,0.201019
2079994168,3,0.668583,-0.059583,0.713228,0.201867
2079994178,3,0.669973,-0.060943,0.711664,0.202374
2079994188,3,0.671361,-0.062338,0.710187,0.202539
2079994198,3,0.672611,-0.063718,0.708926,0.202377
2079994208,3,0.673579,-0.065037,0.708027,0.201887
2079994218,3,0.674211,-0.066307,0.707551,0.20103
2079994228,3,0.674536,-0.067599,0.707479,0.199755
2079994238,3,0.674686,-0.068992,0.707688,0.198026
2079994248,3,0.674816,-0.070573,0.708029,0.195796
2079994258,3,0.675076,-0.072395,0.708342,0.193085
2079994268,3,0.675925,-0.075439,0.708314,0.189006
2079994278,3,0.676897,-0.078693,0.708188,0.184622
2079994289,3,0.678324,-0.081443,0.707554,0.180578
2079994299,3,0.680319,-0.084488,0.706394,0.176163
2079994309,3,0.682908,-0.087814,0.704653,0.171429
2079994319,3,0.686099,-0.091372,0.702301,0.166408
2079994329,3,0.689841,-0.095102,0.699358,0.16116
2079994339,3,0.694054,-0.098942,0.695873,0.155754
2079994349,3,0.698622,-0.102816,0.691939,0.150246
2079994359,3,0.703416,-0.106646,0.687673,0.144698
2079994369,3,0.708286,-0.110348,0.683212,0.139192
2079994379,3,0.713101,-0.113866,0.678689,0.133797
2079994389,3,0.717767,-0.117145,0.67421,0.128556
2079994399,3,0.722499,-0.121011,0.669561,0.122628
2079994409,3,0.726917,-0.12453,0.665124,0.117018
2079994420,3,0.730928,-0.127692,0.661022,0.111745
2079994430,3,0.734529,-0.130516,0.657287,0.106796
2079994440,3,0.737712,-0.133067,0.653938,0.102164
2079994450,3,0.740515,-0.135396,0.65095,0.097814
2079994460,3,0.74296,-0.137559,0.648307,0.093721
2079994470,3,0.745111,-0.139586,0.645947,0.089866
2079994480,3,0.746997,-0.141506,0.643839,0.086262
2079994490,3,0.748597,-0.14334,0.642016,0.08289
2079994500,3,0.749897,-0.145118,0.640498,0.079724
2079994510,3,0.75089,-0.146894,0.639293,0.076742
2079994520,3,0.751568,-0.148725,0.63841,0.073881
2079994530,3,0.751916,-0.150652,0.63786,0.071125
2079994540,3,0.752141,-0.153164,0.637346,0.067922
2079994551,3,0.752108,-0.155797,0.637066,0.064852
2079994561,3,0.751844,-0.158514,0.636994,0.061969
2079994571,3,0.751378,-0.16128,0.637101,0.059346
2079994581,3,0.750736,-0.164048,0.63736,0.057048
2079994591,3,0.749956,-0.166812,0.637731,0.055108
2079994601,3,0.749101,-0.169557,0.638145,0.053549
2079994611,3,0.748208,-0.172284,0.63856,0.052372
2079994621,3,0.747334,-0.175032,0.638901,0.051572
2079994631,3,0.746546,-0.177793,0.639096,0.051121
2079994641,3,0.74589,-0.180622,0.639081,0.050964
2079994651,3,0.745427,-0.183543,0.638783,0.051047
2079994661,3,0.745187,-0.186614,0.63815,0.051325
2079994671,3,0.744334,-0.188779,0.638388,0.052807
2079994681,3,0.743745,-0.191083,0.638256,0.0544
2079994692,3,0.743404,-0.193549,0.637764,0.056082
2079994702,3,0.743276,-0.196176,0.636955,0.057825
2079994712,3,0.7433,-0.198962,0.635897,0.059601
2079994722,3,0.743416,-0.201939,0.634651,0.061401
2079994732,3,0.743543,-0.205115,0.633306,0.063193
2079994742,3,0.743582,-0.208522,0.631971,0.064936
2079994752,3,0.743377,-0.212144,0.630826,0.066652
2079994762,3,0.74284,-0.215933,0.629988,0.068373
2079994772,3,0.741869,-0.219864,0.629584,0.070098
2079994782,3,0.74041,-0.223879,0.629687,0.071864
2079994792,3,0.738493,-0.227977,0.630258,0.073677
2079994802,3,0.736145,-0.232092,0.631278,0.075565
2079994812,3,0.733398,-0.236225,0.632702,0.077538
2079994823,3,0.730297,-0.240353,0.634476,0.079592
2079994833,3,0.726868,-0.244485,0.636562,0.081718
2079994843,3,0.723151,-0.248549,0.63892,0.084001
2079994853,3,0.719104,-0.253026,0.64148,0.08584
2079994863,3,0.714786,-0.257171,0.644338,0.088149
2079994873,3,0.710177,-0.260932,0.647523,0.090967
2079994883,3,0.705277,-0.264268,0.651041,0.094288
2079994893,3,0.700077,-0.267235,0.654877,0.098042
2079994903,3,0.694594,-0.269886,0.658987,0.102158
2079994913,3,0.688853,-0.272256,0.663321,0.106589
2079994923,3,0.682908,-0.274379,0.667803,0.111317
2079994933,3,0.676827,-0.276242,0.672354,0.116335
2079994943,3,0.670704,-0.277884,0.67686,0.121635
2079994954,3,0.664621,-0.279365,0.681217,0.127187
2079994964,3,0.65908,-0.279906,0.685087,0.133865
2079994974,3,0.653732,-0.280331,0.688662,0.140684
2079994984,3,0.648608,-0.280754,0.691895,0.147528
2079994994,3,0.643815,-0.281278,0.694682,0.154271
2079995004,3,0.639179,-0.282812,0.697045,0.15998
2079995014,3,0.635034,-0.284428,0.698842,0.165682
2079995024,3,0.631405,-0.286088,0.700074,0.171395
2079995034,3,0.628289,-0.287744,0.700756,0.177189
2079995044,3,0.625637,-0.289363,0.700928,0.183152
2079995054,3,0.623357,-0.290889,0.700673,0.189379
2079995064,3,0.622164,-0.292447,0.699283,0.195929
2079995074,3,0.621272,-0.293931,0.697489,0.202813
2079995084,3,0.620483,-0.295223,0.695469,0.210155
2079995095,3,0.619623,-0.29632,0.693373,0.217932
2079995105,3,0.618541,-0.297166,0.691343,0.226147
2079995115,3,0.617206,-0.297784,0.68941,0.234719
2079995125,3,0.615644,-0.298213,0.687546,0.243581
2079995135,3,0.61393,-0.298491,0.685678,0.25266
2079995145,3,0.612134,-0.298665,0.683749,0.261871
2079995155,3,0.610292,-0.298781,0.681728,0.271144
2079995165,3,0.608375,-0.29881,0.679657,0.280458
2079995175,3,0.606332,-0.298769,0.677589,0.289775
2079995185,3,0.604127,-0.298679,0.675578,0.299022
2079995195,3,0.601745,-0.298568,0.67365,0.308147
2079995205,3,0.599167,-0.298457,0.671835,0.317109
2079995215,3,0.596422,-0.298328,0.670133,0.325886
2079995226,3,0.593503,-0.298288,0.66855,0.334391
2079995236,3,0.59045,-0.298334,0.667061,0.342628
2079995246,3,0.587288,-0.298462,0.665649,0.350603
2079995256,3,0.584066,-0.298703,0.664289,0.358275
2079995266,3,0.580831,-0.299007,0.662942,0.365699
2079995276,3,0.57763,-0.299379,0.661577,0.372867
2079995286,3,0.574506,-0.299789,0.660166,0.379802
2079995296,3,0.571493,-0.300243,0.658686,0.386497
2079995306,3,0.568584,-0.300699,0.657143,0.393007
2079995316,3,0.565835,-0.301151,0.655513,0.399299
2079995326,3,0.563203,-0.301603,0.653825,0.4054
2079995336,3,0.560746,-0.30213,0.65204,0.411246
2079995346,3,0.558438,-0.302732,0.650185,0.416843
2079995357,3,0.556302,-0.303499,0.64824,0.422137
2079995367,3,0.554396,-0.304467,0.646177,0.427081
2079995377,3,0.552773,-0.305706,0.643952,0.431635
2079995387,3,0.551435,-0.307183,0.641563,0.435837
2079995397,3,0.550412,-0.308954,0.638993,0.439636
2079995407,3,0.54969,-0.311001,0.636253,0.443057
2079995417,3,0.549278,-0.313308,0.633321,0.446132
2079995427,3,0.549186,-0.315876,0.630192,0.448857
2079995437,3,0.549404,-0.318641,0.626877,0.451272
2079995447,3,0.549886,-0.321546,0.623406,0.453428
2079995457,3,0.55057,-0.324532,0.619834,0.455363
2079995467,3,0.551387,-0.327579,0.616238,0.45707
2079995477,3,0.552329,-0.330704,0.612633,0.458526
2079995488,3,0.553366,-0.333966,0.609049,0.459685
2079995498,3,0.553954,-0.336092,0.605813,0.461699
2079995508,3,0.554799,-0.338491,0.602435,0.463349
2079995518,3,0.55593,-0.341137,0.598891,0.464645
2079995528,3,0.557307,-0.344014,0.59521,0.465603
2079995538,3,0.558902,-0.347063,0.591419,0.466258
2079995548,3,0.560655,-0.350298,0.587559,0.466615
2079995558,3,0.562566,-0.353731,0.583648,0.466634
2079995568,3,0.564906,-0.358539,0.579561,0.46523
2079995578,3,0.567334,-0.363458,0.575476,0.463526
2079995588,3,0.569884,-0.368471,0.571363,0.461523
2079995598,3,0.57267,-0.373017,0.56706,0.459726
2079995608,3,0.575722,-0.377857,0.562603,0.457432
2079995618,3,0.579061,-0.382977,0.557963,0.454636
2079995629,3,0.582677,-0.388322,0.553132,0.451372
2079995639,3,0.586539,-0.393827,0.548118,0.447702
2079995649,3,0.59061,-0.399377,0.542967,0.443692
2079995659,3,0.594804,-0.404871,0.53774,0.439456
2079995669,3,0.599059,-0.410194,0.532492,0.435109
2079995679,3,0.603303,-0.415227,0.52731,0.43076
2079995689,3,0.607476,-0.419891,0.522273,0.42649
2079995699,3,0.61154,-0.424175,0.517432,0.422322
2079995709,3,0.61548,-0.428126,0.512801,0.418242
2079995719,3,0.619316,-0.431787,0.508363,0.414214
2079995729,3,0.623022,-0.435207,0.504134,0.410226
2079995739,3,0.626582,-0.438413,0.500119,0.406285
2079995749,3,0.629959,-0.441405,0.496367,0.402408
2079995760,3,0.632562,-0.44444,0.49359,0.398379
2079995770,3,0.634909,-0.447211,0.491163,0.394524
2079995780,3,0.636906,-0.449727,0.489192,0.390877
2079995790,3,0.638506,-0.451919,0.487735,0.387546
2079995800,3,0.63965,-0.453759,0.486829,0.384638
2079995810,3,0.640335,-0.455282,0.486484,0.382126
2079995820,3,0.640582,-0.456522,0.486645,0.380022
2079995830,3,0.640429,-0.457545,0.487226,0.378302
2079995840,3,0.639953,-0.458451,0.488106,0.376875
2079995850,3,0.639227,-0.459326,0.48917,0.375658
2079995860,3,0.639161,-0.460495,0.489253,0.37423
2079995870,3,0.638913,-0.461724,0.489377,0.372973
2079995880,3,0.638499,-0.462984,0.489543,0.371902
2079995891,3,0.637911,-0.464243,0.489743,0.371076
2079995901,3,0.637127,-0.465502,0.489993,0.370516
2079995911,3,0.635358,-0.466519,0.4913,0.370545
2079995921,3,0.633394,-0.467503,0.492627,0.370904
2079995931,3,0.631227,-0.468461,0.493956,0.371621
2079995941,3,0.629619,-0.469898,0.494313,0.372059
2079995951,3,0.62786,-0.471529,0.49458,0.372614
2079995961,3,0.625973,-0.473448,0.494693,0.373204
2079995971,3,0.623981,-0.475732,0.494596,0.373764
2079995981,3,0.621888,-0.478438,0.494267,0.374234
2079995991,3,0.619686,-0.481576,0.493716,0.37459
2079996001,3,0.616619,-0.484121,0.493916,0.376101
2079996011,3,0.613499,-0.487115,0.493855,0.377416
2079996021,3,0.610227,-0.490513,0.493649,0.378587
2079996032,3,0.606779,-0.494245,0.493357,0.379655
2079996042,3,0.603107,-0.498242,0.493022,0.380714
2079996052,3,0.599164,-0.502414,0.492716,0.381853
2079996062,3,0.594906,-0.506741,0.492492,0.383081
2079996072,3,0.5904,-0.511244,0.492262,0.384362
2079996082,3,0.585722,-0.515926,0.491945,0.385666
2079996092,3,0.580891,-0.520734,0.491512,0.387059
2079996102,3,0.575954,-0.525571,0.490926,0.388642
2079996112,3,0.571128,-0.530809,0.489887,0.389952
2079996122,3,0.56586,-0.535416,0.489175,0.392223
2079996132,3,0.560376,-0.539838,0.488482,0.394889
2079996142,3,0.554666,-0.544058,0.487845,0.397935
2079996152,3,0.548708,-0.548112,0.487308,0.401275
2079996163,3,0.542533,-0.551962,0.486845,0.40494
2079996173,3,0.536173,-0.555522,0.486423,0.409028
2079996183,3,0.529623,-0.559016,0.486041,0.413235
2079996193,3,0.522871,-0.562095,0.485767,0.417952
2079996203,3,0.515952,-0.564721,0.485571,0.423205
2079996213,3,0.508879,-0.566885,0.485455,0.428969
2079996223,3,0.501649,-0.568609,0.485431,0.435186
2079996233,3,0.494281,-0.569935,0.485493,0.441764
2079996243,3,0.486752,-0.570919,0.485681,0.448594
2079996253,3,0.47907,-0.571608,0.48599,0.455597
2079996263,3,0.471271,-0.572025,0.486399,0.462716
2079996273,3,0.463794,-0.57188,0.486484,0.470298
2079996283,3,0.456296,-0.571506,0.486594,0.477912
2079996294,3,0.448818,-0.570963,0.486686,0.485488
2079996304,3,0.441431,-0.570347,0.486679,0.492934
2079996314,3,0.434243,-0.569754,0.486464,0.500164
2079996324,3,0.427372,-0.569846,0.485847,0.506536
2079996334,3,0.420968,-0.570146,0.48474,0.512586
2079996344,3,0.415087,-0.570672,0.483099,0.518314
2079996354,3,0.409749,-0.571385,0.480925,0.523769
2079996364,3,0.404908,-0.572239,0.478246,0.529029
2079996374,3,0.400542,-0.573155,0.475091,0.534178
2079996384,3,0.396568,-0.574035,0.47152,0.539337
2079996394,3,0.392911,-0.574778,0.467605,0.544605
2079996404,3,0.389466,-0.575273,0.463419,0.550108
2079996414,3,0.386593,-0.576488,0.458492,0.554969
2079996424,3,0.38386,-0.577343,0.453322,0.560199
2079996435,3,0.381191,-0.577701,0.448018,0.565891
2079996445,3,0.378568,-0.577628,0.442636,0.57193
2079996455,3,0.375457,-0.576301,0.437783,0.579011
2079996465,3,0.372906,-0.5756,0.432337,0.585413
2079996475,3,0.370418,-0.574672,0.42687,0.59188
2079996485,3,0.367994,-0.573551,0.421401,0.598363
2079996495,3,0.365542,-0.572281,0.416055,0.604789
2079996505,3,0.363008,-0.570945,0.410906,0.611066
2079996515,3,0.360322,-0.569583,0.406055,0.617139
2079996525,3,0.357484,-0.568232,0.401517,0.622977
2079996535,3,0.354506,-0.566999,0.39728,0.628494
2079996545,3,0.350928,-0.56527,0.393755,0.634251
2079996555,3,0.347453,-0.563748,0.390285,0.639641
2079996566,3,0.344141,-0.562448,0.386808,0.644668
2079996576,3,0.341012,-0.561374,0.383308,0.64934
2079996586,3,0.338089,-0.560522,0.379743,0.653685
2079996596,3,0.335381,-0.559863,0.376101,0.657738
2079996606,3,0.332896,-0.559362,0.372372,0.661537
2079996616,3,0.33064,-0.558996,0.368547,0.66511
2079996626,3,0.328615,-0.558743,0.364631,0.668477
2079996636,3,0.326825,-0.558593,0.360618,0.671649
2079996646,3,0.325273,-0.558519,0.356514,0.674648
2079996656,3,0.323957,-0.558542,0.352305,0.677467
2079996666,3,0.322905,-0.558668,0.347988,0.680092
2079996676,3,0.322116,-0.558931,0.343573,0.682491
2079996686,3,0.321576,-0.559354,0.339056,0.684653
2079996697,3,0.32129,-0.559915,0.33446,0.686588
2079996707,3,0.321089,-0.56217,0.330042,0.686977
2079996717,3,0.321126,-0.564541,0.325603,0.687133
2079996727,3,0.321365,-0.567023,0.321173,0.687063
2079996737,3,0.321839,-0.569545,0.316767,0.6868
2079996747,3,0.322486,-0.572016,0.312448,0.686422
2079996757,3,0.323261,-0.574448,0.308258,0.685921
2079996767,3,0.3241,-0.576816,0.304316,0.685297
2079996777,3,0.324818,-0.577515,0.300663,0.685981
2079996787,3,0.325417,-0.578186,0.297399,0.686554
2079996797,3,0.325863,-0.578826,0.29459,0.687015
2079996807,3,0.326096,-0.579411,0.292248,0.687411
2079996817,3,0.326098,-0.579966,0.290374,0.687735
2079996827,3,0.325878,-0.580552,0.288932,0.687953
2079996838,3,0.325464,-0.581304,0.287862,0.687962
2079996848,3,0.324915,-0.582344,0.287073,0.687672
2079996858,3,0.324273,-0.583763,0.286495,0.687012
2079996868,3,0.323586,-0.585579,0.286069,0.685967
2079996878,3,0.322864,-0.587822,0.285754,0.68452
2079996888,3,0.321822,-0.59139,0.285869,0.681884
2079996898,3,0.32076,-0.595226,0.286019,0.678977
2079996908,3,0.319688,-0.599316,0.286167,0.675816
2079996918,3,0.319129,-0.603448,0.285802,0.67255
2079996928,3,0.318685,-0.608136,0.285307,0.668736
2079996938,3,0.318382,-0.613381,0.284629,0.664365
2079996948,3,0.318226,-0.619128,0.283751,0.659467
2079996958,3,0.318222,-0.625295,0.282645,0.654103
2079996969,3,0.318351,-0.631765,0.28131,0.648374
2079996979,3,0.318607,-0.638378,0.279743,0.642421
2079996989,3,0.318945,-0.644982,0.277958,0.636404
2079996999,3,0.319353,-0.651422,0.275997,0.630466
2079997009,3,0.319795,-0.657562,0.273891,0.62476
2079997019,3,0.320255,-0.663301,0.271659,0.61941
2079997029,3,0.320704,-0.668564,0.26934,0.614512
2079997039,3,0.321112,-0.673292,0.266961,0.61016
2079997049,3,0.321448,-0.677474,0.264575,0.606381
2079997059,3,0.321205,-0.681852,0.262789,0.602367
2079997069,3,0.320827,-0.685599,0.261049,0.599062
2079997079,3,0.32035,-0.688762,0.25934,0.596425
2079997089,3,0.31974,-0.691349,0.257693,0.594471
2079997100,3,0.319009,-0.693413,0.256114,0.593141
2079997110,3,0.318104,-0.69498,0.25463,0.59243
2079997120,3,0.317045,-0.696086,0.25322,0.592304
2079997130,3,0.315838,-0.696764,0.251855,0.592734
2079997140,3,0.314476,-0.697055,0.25052,0.593681
2079997150,3,0.31297,-0.697002,0.249185,0.595099
2079997160,3,0.311301,-0.69666,0.247832,0.596937
2079997170,3,0.309475,-0.696055,0.246435,0.599167
2079997180,3,0.307495,-0.695262,0.244964,0.601705
2079997190,3,0.305344,-0.69434,0.243422,0.604485
2079997200,3,0.303528,-0.69347,0.241204,0.60728
2079997210,3,0.301509,-0.692601,0.238916,0.610175
2079997220,3,0.299294,-0.691796,0.236552,0.613092
2079997231,3,0.296894,-0.691088,0.234106,0.61599
2079997241,3,0.29431,-0.69054,0.231554,0.618803
2079997251,3,0.291551,-0.690181,0.228905,0.62149
2079997261,3,0.288626,-0.690079,0.226127,0.62398
2079997271,3,0.28553,-0.69029,0.223232,0.626209
2079997281,3,0.282239,-0.690889,0.220235,0.628099
2079997291,3,0.278734,-0.691949,0.217166,0.629564
2079997301,3,0.274996,-0.693505,0.214058,0.63056
2079997311,3,0.271008,-0.695554,0.210967,0.63107
2079997321,3,0.266755,-0.698039,0.207947,0.631142
2079997331,3,0.262228,-0.700894,0.205023,0.630831
2079997341,3,0.257431,-0.704042,0.202259,0.630193
2079997351,3,0.252347,-0.707396,0.199692,0.629311
2079997361,3,0.246996,-0.710851,0.197359,0.628276
2079997372,3,0.241362,-0.714333,0.195294,0.627162
2079997382,3,0.23549,-0.717539,0.193479,0.626296
2079997392,3,0.229369,-0.720713,0.191968,0.625387
2079997402,3,0.223029,-0.723713,0.190736,0.624593
2079997412,3,0.216478,-0.726421,0.189779,0.624045
2079997422,3,0.209741,-0.728789,0.189089,0.623794
2079997432,3,0.202864,-0.730743,0.188615,0.623926
2079997442,3,0.19587,-0.732296,0.188322,0.624428
2079997452,3,0.188789,-0.733454,0.188159,0.625299
2079997462,3,0.181714,-0.734232,0.188054,0.626512
2079997472,3,0.174693,-0.734701,0.187987,0.627978
2079997482,3,0.167745,-0.73496,0.187953,0.629577
2079997492,3,0.1609,-0.735016,0.187945,0.631299
2079997503,3,0.154188,-0.734822,0.187929,0.633202
2079997513,3,0.14764,-0.734289,0.187857,0.635398
2079997523,3,0.14132,-0.733406,0.187663,0.637907
2079997533,3,0.135269,-0.732218,0.187304,0.640684
2079997543,3,0.129547,-0.730791,0.186748,0.64365
2079997553,3,0.124194,-0.729207,0.185956,0.646724
2079997563,3,0.119255,-0.727547,0.184927,0.649811
2079997573,3,0.114742,-0.725893,0.183691,0.652817
2079997583,3,0.110642,-0.724296,0.182275,0.655689
2079997593,3,0.106964,-0.722776,0.18071,0.658404
2079997603,3,0.103693,-0.721368,0.179048,0.660921
2079997613,3,0.100832,-0.720076,0.177337,0.663229
2079997623,3,0.09834,-0.718892,0.175626,0.66534
2079997634,3,0.096168,-0.717839,0.173979,0.667224
2079997644,3,0.094894,-0.716554,0.171817,0.669345
2079997654,3,0.09392,-0.715397,0.16976,0.671242
2079997664,3,0.092287,-0.714865,0.168644,0.672316
2079997674,3,0.090712,-0.714527,0.167674,0.673132
2079997684,3,0.089164,-0.714322,0.166792,0.673775
2079997694,3,0.087606,-0.714235,0.165989,0.67427
2079997704,3,0.086064,-0.714227,0.165209,0.674668
2079997714,3,0.084546,-0.714238,0.1644,0.675046
2079997724,3,0.083077,-0.71417,0.163455,0.675529
2079997734,3,0.081692,-0.713917,0.162274,0.67625
2079997744,3,0.080439,-0.713383,0.160713,0.677336
2079997754,3,0.079216,-0.713541,0.158692,0.677791
2079997764,3,0.078157,-0.713324,0.156157,0.67873
2079997775,3,0.077368,-0.712673,0.152992,0.680223
2079997785,3,0.076784,-0.71157,0.149262,0.68227
2079997795,3,0.076354,-0.710036,0.145019,0.684826
2079997805,3,0.076216,-0.707053,0.140243,0.68891
2079997815,3,0.076067,-0.704676,0.135056,0.69239
2079997825,3,0.076047,-0.701893,0.129473,0.696275
2079997835,3,0.076107,-0.69877,0.123637,0.700458
2079997845,3,0.07615,-0.695426,0.117674,0.704794
2079997855,3,0.076126,-0.691908,0.111695,0.709218
2079997865,3,0.075988,-0.6883,0.105772,0.713639
2079997875,3,0.075709,-0.684694,0.099975,0.717959
2079997885,3,0.075249,-0.681151,0.094358,0.722126
2079997895,3,0.074589,-0.677734,0.088967,0.726083
2079997906,3,0.073583,-0.673874,0.083937,0.730365
2079997916,3,0.072437,-0.670256,0.079071,0.734341
2079997926,3,0.071138,-0.666935,0.074379,0.737972
2079997936,3,0.069704,-0.663963,0.069834,0.741226
2079997946,3,0.068149,-0.66139,0.065432,0.744067
2079997956,3,0.066505,-0.659264,0.061143,0.746464
2079997966,3,0.064787,-0.65759,0.056944,0.748421
2079997976,3,0.06304,-0.656351,0.0528,0.74996
2079997986,3,0.060934,-0.656342,0.049012,0.750399
2079997996,3,0.058797,-0.65677,0.045294,0.750428
2079998006,3,0.056608,-0.657625,0.041641,0.750059
2079998016,3,0.054409,-0.658844,0.038016,0.749345
2079998026,3,0.052285,-0.660357,0.034384,0.748339
2079998037,3,0.050738,-0.661409,0.030283,0.747693
2079998047,3,0.049214,-0.662849,0.026225,0.746673
2079998057,3,0.047716,-0.664683,0.02223,0.745268
2079998067,3,0.046232,-0.666916,0.018324,0.743471
2079998077,3,0.044749,-0.669529,0.01454,0.741293
2079998087,3,0.043262,-0.67248,0.010897,0.738768
2079998097,3,0.041307,-0.676387,0.007879,0.735344
2079998107,3,0.039324,-0.680582,0.005068,0.731597
2079998117,3,0.037366,-0.684947,0.002468,0.727629
2079998127,3,0.035456,-0.689312,1.22E-4,0.723596
2079998137,3,0.033558,-0.693511,-0.001937,0.719661
2079998147,3,0.032026,-0.696409,-0.004103,0.716918
2079998157,3,0.030447,-0.698998,-0.005898,0.71445
2079998167,3,0.028803,-0.701246,-0.007292,0.712299
2079998178,3,0.027085,-0.703163,-0.008298,0.710463
2079998188,3,0.0253,-0.704744,-0.008938,0.708953
2079998198,3,0.023467,-0.706021,-0.009216,0.707741
2079998208,3,0.021575,-0.707001,-0.009186,0.706823
2079998218,3,0.019659,-0.707687,-0.008892,0.706195
2079998228,3,0.017703,-0.708152,-0.008376,0.705788
2079998238,3,0.01573,-0.708488,-0.007672,0.705505
2079998248,3,0.01336,-0.70916,-0.00643,0.704891
2079998258,3,0.010951,-0.709759,-0.005074,0.70434
2079998268,3,0.008532,-0.710375,-0.003625,0.703761
2079998278,3,0.006105,-0.711077,-0.002135,0.703084
2079998288,3,0.003714,-0.71191,-6.68E-4,0.70226
2079998298,3,0.001391,-0.712939,7.62E-4,0.701223
2079998309,3,-4.56E-4,-0.71461,0.001717,0.69952
2079998319,3,-0.002237,-0.716671,0.002592,0.697402
2079998329,3,-0.003936,-0.719141,0.003374,0.694844
2079998339,3,-0.005545,-0.722005,0.004055,0.691853
2079998349,3,-0.007029,-0.725203,0.004573,0.688483
2079998359,3,-0.008349,-0.728684,0.00491,0.684781
2079998369,3,-0.009485,-0.732367,0.005013,0.680825
2079998379,3,-0.010409,-0.736175,0.004878,0.676692
2079998389,3,-0.0117,-0.739785,0.005072,0.672722
2079998399,3,-0.012798,-0.743462,0.004997,0.668636
2079998409,3,-0.013733,-0.747068,0.004686,0.664588
2079998419,3,-0.014454,-0.750553,0.004126,0.660638
2079998429,3,-0.014931,-0.75385,0.00327,0.656868
2079998440,3,-0.015139,-0.756945,0.002103,0.653299
2079998450,3,-0.015069,-0.759823,6.45E-4,0.649954
2079998460,3,-0.014762,-0.762468,-0.001105,0.646856
2079998470,3,-0.014189,-0.76482,-0.003116,0.644079
2079998480,3,-0.013408,-0.766841,-0.005344,0.641673
2079998490,3,-0.012429,-0.768525,-0.007757,0.639651
2079998500,3,-0.011301,-0.769838,-0.010283,0.638056
2079998510,3,-0.010101,-0.770752,-0.012858,0.636925
2079998520,3,-0.008794,-0.771307,-0.015474,0.636213
2079998530,3,-0.007433,-0.771566,-0.018107,0.635847
2079998540,3,-0.006064,-0.771607,-0.020689,0.635733
2079998550,3,-0.004743,-0.771487,-0.02317,0.635805
2079998560,3,-0.003266,-0.771636,-0.025785,0.635532
2079998570,3,-0.00193,-0.771558,-0.028165,0.635531
2079998581,3,-7.52E-4,-0.771262,-0.030317,0.635793
2079998591,3,2.99E-4,-0.770776,-0.032227,0.636289
2079998601,3,0.001078,-0.770144,-0.033909,0.636966
2079998611,3,0.001682,-0.76943,-0.035358,0.637749
2079998621,3,0.002093,-0.768714,-0.036584,0.638541
2079998631,3,0.002257,-0.768092,-0.037583,0.639231
2079998641,3,0.002169,-0.76764,-0.038343,0.639728
2079998651,3,0.001785,-0.767434,-0.038873,0.639945
2079998661,3,0.001105,-0.767491,-0.039164,0.63986
2079998671,3,1.72E-4,-0.7678,-0.039211,0.639488
2079998681,3,-0.001132,-0.768307,-0.03901,0.638889
2079998691,3,-0.002629,-0.768954,-0.038568,0.638134
2079998701,3,-0.004363,-0.769666,-0.037893,0.637306
2079998712,3,-0.006514,-0.769637,-0.036786,0.637387
2079998722,3,-0.008853,-0.769627,-0.035469,0.637445
2079998732,3,-0.011321,-0.769521,-0.034013,0.637614
2079998742,3,-0.013973,-0.769268,-0.032364,0.637951
2079998752,3,-0.016821,-0.768863,-0.030505,0.638462
2079998762,3,-0.019918,-0.768286,-0.028378,0.639166
2079998772,3,-0.023213,-0.767483,-0.02603,0.640119
2079998782,3,-0.026711,-0.76642,-0.023469,0.641353
2079998792,3,-0.030403,-0.765111,-0.020737,0.642844
2079998802,3,-0.034241,-0.763587,-0.017865,0.644548
2079998812,3,-0.038212,-0.761941,-0.014888,0.646346
2079998822,3,-0.042283,-0.760217,-0.011836,0.648183
2079998832,3,-0.046431,-0.758465,-0.008737,0.649998
2079998843,3,-0.050428,-0.756933,-0.005846,0.651517
2079998853,3,-0.054231,-0.75519,-0.003185,0.65325
2079998863,3,-0.057762,-0.753227,-8.0E-4,0.655218
2079998873,3,-0.060984,-0.751016,0.00125,0.657459
2079998883,3,-0.063875,-0.748561,0.002965,0.659974
2079998893,3,-0.06644,-0.745872,0.004386,0.662752
2079998903,3,-0.06871,-0.742966,0.005541,0.665769
2079998913,3,-0.070734,-0.739867,0.006481,0.668992
2079998923,3,-0.072565,-0.73663,0.007248,0.672352
2079998933,3,-0.074217,-0.733314,0.007868,0.67578
2079998943,3,-0.075706,-0.730032,0.008351,0.679154
2079998953,3,-0.077054,-0.726926,0.008727,0.682322
2079998963,3,-0.077797,-0.723631,0.008577,0.685734
2079998974,3,-0.07835,-0.720643,0.008298,0.688815
2079998984,3,-0.078757,-0.718083,0.007964,0.69144
2079998994,3,-0.07978,-0.716974,0.008196,0.69247
2079999004,3,-0.080772,-0.716499,0.008388,0.692844
2079999014,3,-0.081701,-0.716592,0.008466,0.692638
2079999024,3,-0.082545,-0.717165,0.008402,0.691945
2079999034,3,-0.08323,-0.718126,0.008165,0.690868
2079999044,3,-0.08368,-0.719294,0.007672,0.689604
2079999054,3,-0.083934,-0.720867,0.006859,0.687937
2079999064,3,-0.083918,-0.722506,0.00567,0.686228
2079999074,3,-0.083553,-0.723922,0.004061,0.684791
2079999084,3,-0.08282,-0.72483,0.002049,0.683928
2079999094,3,-0.081755,-0.725074,-3.22E-4,0.6838
2079999104,3,-0.080394,-0.724572,-0.00299,0.684486
2079999115,3,-0.078763,-0.723381,-0.00592,0.685915
2079999125,3,-0.0769,-0.721673,-0.009074,0.687889
2079999135,3,-0.07484,-0.719616,-0.012416,0.690214
2079999145,3,-0.072647,-0.717358,-0.015908,0.692724
2079999155,3,-0.070346,-0.714959,-0.019522,0.695344
2079999165,3,-0.067963,-0.712404,-0.023239,0.698083
2079999175,3,-0.065492,-0.709656,-0.027043,0.700975
2079999185,3,-0.062969,-0.706693,-0.030907,0.704034
2079999195,3,-0.060414,-0.703535,-0.034786,0.707232
2079999205,3,-0.057763,-0.699968,-0.038745,0.710778
2079999215,3,-0.055198,-0.696588,-0.042639,0.714072
2079999225,3,-0.05276,-0.693523,-0.046445,0.716996
2079999235,3,-0.050474,-0.690883,-0.050172,0.719454
2079999246,3,-0.048364,-0.68875,-0.053846,0.721376
2079999256,3,-0.04644,-0.687166,-0.057492,0.722731
2079999266,3,-0.044697,-0.686121,-0.061127,0.723534
2079999276,3,-0.043136,-0.685558,-0.06476,0.723847
2079999286,3,-0.041762,-0.685404,-0.06839,0.723739
2079999296,3,-0.040596,-0.685599,-0.072007,0.72327
2079999306,3,-0.03965,-0.6861,-0.075531,0.722488
2079999316,3,-0.038942,-0.686891,-0.078922,0.721411
2079999326,3,-0.038477,-0.687966,-0.082136,0.720052
2079999336,3,-0.038242,-0.689309,-0.085135,0.718429
2079999346,3,-0.038224,-0.690892,-0.087886,0.716576
2079999356,3,-0.038401,-0.692671,-0.090386,0.714536
2079999366,3,-0.038745,-0.694604,-0.09261,0.712353
2079999377,3,-0.039221,-0.69663,-0.094553,0.710089
2079999387,3,-0.039817,-0.698709,-0.096192,0.707789
2079999397,3,-0.04054,-0.700779,-0.097536,0.705514
2079999407,3,-0.041872,-0.703364,-0.098015,0.702793
2079999417,3,-0.043272,-0.705836,-0.098199,0.700199
2079999427,3,-0.044745,-0.708172,-0.098084,0.69776
2079999437,3,-0.046292,-0.710333,-0.097677,0.695516
2079999447,3,-0.047863,-0.712302,-0.097046,0.693481
2079999457,3,-0.049445,-0.714047,-0.096199,0.691691
2079999467,3,-0.051035,-0.715591,-0.095137,0.690125
2079999477,3,-0.052622,-0.716952,-0.093902,0.688761
2079999487,3,-0.054214,-0.718146,-0.092495,0.687583
2079999497,3,-0.055779,-0.719261,-0.090938,0.686499
2079999507,3,-0.057324,-0.720278,-0.08923,0.68553
2079999518,3,-0.058811,-0.721187,-0.087393,0.684684
2079999528,3,-0.059736,-0.721722,-0.085976,0.684219
2079999538,3,-0.060646,-0.722132,-0.084414,0.683901
2079999548,3,-0.061891,-0.722487,-0.082337,0.683668
2079999558,3,-0.06308,-0.7227,-0.080183,0.68359
2079999568,3,-0.06422,-0.722869,-0.077929,0.683565
2079999578,3,-0.065386,-0.723127,-0.075522,0.683452
2079999588,3,-0.06673,-0.724099,-0.072791,0.682589
2079999598,3,-0.068184,-0.72537,-0.069823,0.681405
2079999608,3,-0.069717,-0.726371,-0.066695,0.680496
2079999618,3,-0.071344,-0.727696,-0.063355,0.67923
2079999628,3,-0.072982,-0.72928,-0.059906,0.677669
2079999638,3,-0.074591,-0.73106,-0.056424,0.675872
2079999649,3,-0.076106,-0.732949,-0.052978,0.673933
2079999659,3,-0.077497,-0.734827,-0.04962,0.671982
2079999669,3,-0.078744,-0.736646,-0.046417,0.670071
2079999679,3,-0.07986,-0.738427,-0.043367,0.668181
2079999689,3,-0.080888,-0.740246,-0.040448,0.666225
2079999699,3,-0.081827,-0.742102,-0.037693,0.664204
2079999709,3,-0.082683,-0.743999,-0.035106,0.662114
2079999719,3,-0.083432,-0.74585,-0.032723,0.660056
2079999729,3,-0.084075,-0.747613,-0.030562,0.658081
2079999739,3,-0.084611,-0.749209,-0.028648,0.656281
2079999749,3,-0.085027,-0.750618,-0.027001,0.654685
2079999759,3,-0.085353,-0.751792,-0.025609,0.653351
2079999769,3,-0.085565,-0.752747,-0.024476,0.652266
2079999780,3,-0.085681,-0.75355,-0.02358,0.651356
2079999790,3,-0.08574,-0.754227,-0.022866,0.650589
2079999800,3,-0.085695,-0.754824,-0.022382,0.64992
2079999810,3,-0.0856,-0.755399,-0.022074,0.649273
2079999820,3,-0.085456,-0.755969,-0.021938,0.648633
2079999830,3,-0.085288,-0.756548,-0.021915,0.647981
2079999840,3,-0.085085,-0.757172,-0.022029,0.647275
2079999850,3,-0.08509,-0.758396,-0.022027,0.64584
2079999860,3,-0.085064,-0.75958,-0.022167,0.644445
2079999870,3,-0.084768,-0.760189,-0.022622,0.64375
2079999880,3,-0.084462,-0.760747,-0.023185,0.64311
2079999890,3,-0.08411,-0.761215,-0.023877,0.642577
2079999900,3,-0.083694,-0.761464,-0.024702,0.642305
2079999910,3,-0.083198,-0.761434,-0.025691,0.642367
2079999921,3,-0.082574,-0.761076,-0.026857,0.642824
2079999931,3,-0.081885,-0.76036,-0.028164,0.643703
2079999941,3,-0.08117,-0.759282,-0.029569,0.645001
2079999951,3,-0.08044,-0.757898,-0.031054,0.646648
2079999961,3,-0.079775,-0.756272,-0.032552,0.648557
2079999971,3,-0.079249,-0.754501,-0.033997,0.650608
2079999981,3,-0.078898,-0.752621,-0.035344,0.652753
2079999991,3,-0.078738,-0.750667,-0.036577,0.654951
2080000001,3,-0.078781,-0.748686,-0.037726,0.657143
2080000011,3,-0.079023,-0.7467,-0.03879,0.659309
2080000021,3,-0.079406,-0.744705,-0.039843,0.661453
2080000031,3,-0.079872,-0.742741,-0.040957,0.663534
2080000041,3,-0.080402,-0.740816,-0.042144,0.665545
2080000052,3,-0.080998,-0.738938,-0.043389,0.667477
2080000062,3,-0.081625,-0.737139,-0.044724,0.669299
2080000072,3,-0.082257,-0.735427,-0.046139,0.671007
2080000082,3,-0.082917,-0.733849,-0.047614,0.672549
2080000092,3,-0.083638,-0.732639,-0.049093,0.673672
2080000102,3,-0.084395,-0.731483,-0.050608,0.67472
2080000112,3,-0.085184,-0.730365,-0.052132,0.675716
2080000122,3,-0.085991,-0.72926,-0.053697,0.676683
2080000132,3,-0.086821,-0.728136,-0.055292,0.677659
2080000142,3,-0.087695,-0.727034,-0.056897,0.678595
2080000152,3,-0.088605,-0.72592,-0.05852,0.679532
2080000162,3,-0.089524,-0.724745,-0.060181,0.68052
2080000172,3,-0.090449,-0.723525,-0.061867,0.681543
2080000183,3,-0.091384,-0.722282,-0.063568,0.68258
2080000193,3,-0.092344,-0.720989,-0.065257,0.683657
2080000203,3,-0.0933,-0.719666,-0.066956,0.684757
2080000213,3,-0.09427,-0.71834,-0.068671,0.685846
2080000223,3,-0.095278,-0.717004,-0.070353,0.686932
2080000233,3,-0.096285,-0.71567,-0.072055,0.688006
2080000243,3,-0.097261,-0.71431,-0.073803,0.689096
2080000253,3,-0.098184,-0.71292,-0.075611,0.690207
2080000263,3,-0.099042,-0.711479,-0.077491,0.691362
2080000273,3,-0.099835,-0.710004,-0.079436,0.692543
2080000283,3,-0.100573,-0.708492,-0.081426,0.693752
2080000293,3,-0.101278,-0.707028,-0.083426,0.694905
2080000303,3,-0.101981,-0.705612,-0.085417,0.695999
2080000313,3,-0.102725,-0.704269,-0.087349,0.697009
2080000324,3,-0.103518,-0.703042,-0.089214,0.697893
2080000334,3,-0.104268,-0.701746,-0.091115,0.69884
2080000344,3,-0.105092,-0.700572,-0.092985,0.699648
2080000354,3,-0.105971,-0.699524,-0.094826,0.700317
2080000364,3,-0.106913,-0.698604,-0.096653,0.700841
2080000374,3,-0.107917,-0.697826,-0.09849,0.701207
2080000384,3,-0.109261,-0.697404,-0.100084,0.701193
2080000394,3,-0.110666,-0.697159,-0.101691,0.700984
2080000404,3,-0.112125,-0.697086,-0.103338,0.700585
2080000414,3,-0.113575,-0.697159,-0.105066,0.700021
2080000424,3,-0.115011,-0.697376,-0.106858,0.699299
2080000434,3,-0.116427,-0.69772,-0.108718,0.698434
2080000444,3,-0.117868,-0.698168,-0.1106,0.697448
2080000455,3,-0.119352,-0.698734,-0.112489,0.696326
2080000465,3,-0.120896,-0.699427,-0.114336,0.695062
2080000475,3,-0.122517,-0.700227,-0.116082,0.693682
2080000485,3,-0.124244,-0.701087,-0.1177,0.692233
2080000495,3,-0.126085,-0.701958,-0.119137,0.69077
2080000505,3,-0.128089,-0.702831,-0.120346,0.689302
2080000515,3,-0.130248,-0.703678,-0.121321,0.687861
2080000525,3,-0.132586,-0.704513,-0.122038,0.686431
2080000535,3,-0.135087,-0.705357,-0.122484,0.684995
2080000545,3,-0.137755,-0.706201,-0.122674,0.683559
2080000555,3,-0.140579,-0.707064,-0.122634,0.682098
2080000565,3,-0.14351,-0.707907,-0.122418,0.68065
2080000575,3,-0.146472,-0.70871,-0.122123,0.679235
2080000586,3,-0.149427,-0.709482,-0.121801,0.677842
2080000596,3,-0.152352,-0.710202,-0.121487,0.676492
2080000606,3,-0.155236,-0.710883,-0.121213,0.675169
2080000616,3,-0.157992,-0.711518,-0.121054,0.673888
2080000626,3,-0.160609,-0.712118,-0.121034,0.672638
2080000636,3,-0.163087,-0.712674,-0.121166,0.671428
2080000646,3,-0.165332,-0.713218,-0.121542,0.670232
2080000656,3,-0.167334,-0.713726,-0.122165,0.66908
2080000666,3,-0.169106,-0.714224,-0.123014,0.667947
2080000676,3,-0.170622,-0.714683,-0.124103,0.666868
2080000686,3,-0.171918,-0.715063,-0.125401,0.665884
2080000696,3,-0.172968,-0.71538,-0.126906,0.664987
2080000706,3,-0.173772,-0.715599,-0.128601,0.664215
2080000716,3,-0.174372,-0.71572,-0.130438,0.663569
2080000727,3,-0.174836,-0.715746,-0.132335,0.663043
2080000737,3,-0.175148,-0.715664,-0.134301,0.662653
2080000747,3,-0.175382,-0.715497,-0.136263,0.662371
2080000757,3,-0.175559,-0.715267,-0.138181,0.662176
2080000767,3,-0.175727,-0.714991,-0.140007,0.662045
2080000777,3,-0.175943,-0.714731,-0.141718,0.661905
2080000787,3,-0.176211,-0.714526,-0.143297,0.661714
2080000797,3,-0.176547,-0.714405,-0.144757,0.661438
2080000807,3,-0.176959,-0.714382,-0.146093,0.66106
2080000817,3,-0.177424,-0.714435,-0.147308,0.660607
2080000827,3,-0.177954,-0.714539,-0.148391,0.660109
2080000837,3,-0.178547,-0.714702,-0.149337,0.659559
2080000847,3,-0.179237,-0.714908,-0.150101,0.658975
2080000858,3,-0.180012,-0.715174,-0.150696,0.658339
2080000868,3,-0.180851,-0.715502,-0.151126,0.657654
2080000878,3,-0.181768,-0.715874,-0.151375,0.656939
2080000888,3,-0.18271,-0.716264,-0.15149,0.656226
2080000898,3,-0.183663,-0.716645,-0.151507,0.655539
2080000908,3,-0.184569,-0.717009,-0.151468,0.654895
2080000918,3,-0.185427,-0.717324,-0.151376,0.654329
2080000928,3,-0.186215,-0.717575,-0.151251,0.653859
2080000938,3,-0.186887,-0.71777,-0.151134,0.653481
2080000948,3,-0.187464,-0.7179,-0.151002,0.653203
2080000958,3,-0.187954,-0.717985,-0.15086,0.653002
2080000968,3,-0.188323,-0.718039,-0.150707,0.65287
2080000978,3,-0.188585,-0.718032,-0.150559,0.652836
2080000989,3,-0.188725,-0.717963,-0.150402,0.652909
2080000999,3,-0.188742,-0.717829,-0.150251,0.653086
2080001009,3,-0.188598,-0.717609,-0.150139,0.653395
2080001019,3,-0.188284,-0.71726,-0.150063,0.653885
2080001029,3,-0.187794,-0.716768,-0.150021,0.654576
2080001039,3,-0.18714,-0.716154,-0.150006,0.655438
2080001049,3,-0.186356,-0.715452,-0.150006,0.656427
2080001059,3,-0.185464,-0.714717,-0.149982,0.657485
2080001069,3,-0.184481,-0.713969,-0.14991,0.65859
2080001079,3,-0.183443,-0.713232,-0.14978,0.659707
2080001089,3,-0.182354,-0.712549,-0.149589,0.66079
2080001099,3,-0.181232,-0.71191,-0.149327,0.661845
2080001109,3,-0.180055,-0.711296,-0.149024,0.662894
2080001120,3,-0.178854,-0.710728,-0.148656,0.663911
2080001130,3,-0.177629,-0.710206,-0.14823,0.664892
2080001140,3,-0.176382,-0.709707,-0.147753,0.665863
2080001150,3,-0.175117,-0.709222,-0.147212,0.666833
2080001160,3,-0.17384,-0.708741,-0.146617,0.667808
2080001170,3,-0.172563,-0.70828,-0.14598,0.668767
2080001180,3,-0.171294,-0.707821,-0.14528,0.669731
2080001190,3,-0.170048,-0.707383,-0.144544,0.67067
2080001200,3,-0.168801,-0.706962,-0.143764,0.671596
2080001210,3,-0.167592,-0.706565,-0.142943,0.672492
2080001220,3,-0.1664,-0.706186,-0.142104,0.673363
2080001230,3,-0.165242,-0.705848,-0.141252,0.674181
2080001240,3,-0.164123,-0.705524,-0.140389,0.674973
2080001250,3,-0.163031,-0.705237,-0.139534,0.675715
2080001261,3,-0.161982,-0.70501,-0.138678,0.67638
2080001271,3,-0.161001,-0.704815,-0.137803,0.676996
2080001281,3,-0.1601,-0.704649,-0.13694,0.677557
2080001291,3,-0.159188,-0.70451,-0.136186,0.678068
2080001301,3,-0.158285,-0.704372,-0.135527,0.678555
2080001311,3,-0.157407,-0.704235,-0.134934,0.679019
2080001321,3,-0.156584,-0.704068,-0.13442,0.679485
2080001331,3,-0.155813,-0.703907,-0.133972,0.679917
2080001341,3,-0.155139,-0.703745,-0.133563,0.680319
2080001351,3,-0.154543,-0.703599,-0.133202,0.680677
2080001361,3,-0.154033,-0.703446,-0.132875,0.681014
2080001371,3,-0.153657,-0.70333,-0.132541,0.681284
2080001381,3,-0.153425,-0.703243,-0.132182,0.681496
2080001392,3,-0.15333,-0.703191,-0.131812,0.681642
2080001402,3,-0.153373,-0.703157,-0.131446,0.681739
2080001412,3,-0.153536,-0.703133,-0.131087,0.681796
2080001422,3,-0.153805,-0.703112,-0.130756,0.68182
2080001432,3,-0.154192,-0.703102,-0.13045,0.681801
2080001442,3,-0.154683,-0.703062,-0.130181,0.681783
2080001452,3,-0.155264,-0.702992,-0.129969,0.681764
2080001462,3,-0.155932,-0.70293,-0.129831,0.681702
2080001472,3,-0.15664,-0.702868,-0.129784,0.681612
2080001482,3,-0.157405,-0.702847,-0.129818,0.681451
2080001492,3,-0.158216,-0.70285,-0.129921,0.68124
2080001502,3,-0.159037,-0.702918,-0.13012,0.680941
2080001512,3,-0.15986,-0.703027,-0.130411,0.68058
2080001523,3,-0.160673,-0.703182,-0.130789,0.680156
2080001533,3,-0.161492,-0.7034,-0.131216,0.679654
2080001543,3,-0.162309,-0.70368,-0.131683,0.679079
2080001553,3,-0.163111,-0.704041,-0.132177,0.678417
2080001563,3,-0.16392,-0.704495,-0.132664,0.677655
2080001573,3,-0.164724,-0.705017,-0.133151,0.676821
2080001583,3,-0.165493,-0.705626,-0.133637,0.675902
2080001593,3,-0.166246,-0.706316,-0.134105,0.674903
2080001603,3,-0.166956,-0.707082,-0.134552,0.673836
2080001613,3,-0.167621,-0.707925,-0.134968,0.672701
2080001623,3,-0.168242,-0.708803,-0.135328,0.671549
2080001633,3,-0.168799,-0.709701,-0.135671,0.67039
2080001643,3,-0.169293,-0.7106,-0.135957,0.669255
2080001653,3,-0.169695,-0.711484,-0.136202,0.668162
2080001664,3,-0.170032,-0.712357,-0.136392,0.667108
2080001674,3,-0.170297,-0.713196,-0.136506,0.666119
2080001684,3,-0.170493,-0.714032,-0.136536,0.665167
2080001694,3,-0.170619,-0.714877,-0.136509,0.664232
2080001704,3,-0.170678,-0.715723,-0.136406,0.663326
2080001714,3,-0.170655,-0.716566,-0.136257,0.662451
2080001724,3,-0.170564,-0.717391,-0.136048,0.661625
2080001734,3,-0.170395,-0.71821,-0.135794,0.660831
2080001744,3,-0.170135,-0.719012,-0.135533,0.660079
2080001754,3,-0.169807,-0.719777,-0.135242,0.65939
2080001764,3,-0.169391,-0.720478,-0.134979,0.658785
2080001774,3,-0.168882,-0.721091,-0.134742,0.658293
2080001784,3,-0.168293,-0.721618,-0.134526,0.657911
2080001795,3,-0.167617,-0.722075,-0.134354,0.657617
2080001805,3,-0.166859,-0.722444,-0.134215,0.657432
2080001815,3,-0.166025,-0.722742,-0.134086,0.657342
2080001825,3,-0.165148,-0.723003,-0.133941,0.657306
2080001835,3,-0.164226,-0.7232,-0.133793,0.657351
2080001845,3,-0.163264,-0.723372,-0.133627,0.657434
2080001855,3,-0.162257,-0.723511,-0.133466,0.657563
2080001865,3,-0.161255,-0.72364,-0.133267,0.657709
2080001875,3,-0.160277,-0.723744,-0.133018,0.657883
2080001885,3,-0.159309,-0.723824,-0.132732,0.658088
2080001895,3,-0.15838,-0.723865,-0.132402,0.658334
2080001905,3,-0.157475,-0.723865,-0.132033,0.658625
2080001915,3,-0.15658,-0.723799,-0.131673,0.658983
2080001926,3,-0.155691,-0.723657,-0.131329,0.659417
2080001936,3,-0.154808,-0.72343,-0.131014,0.659937
2080001946,3,-0.153919,-0.723105,-0.130754,0.660553
2080001956,3,-0.153034,-0.722693,-0.13053,0.661253
2080001966,3,-0.152173,-0.722207,-0.130345,0.662019
2080001976,3,-0.15136,-0.721668,-0.130188,0.662823
2080001986,3,-0.1506,-0.721113,-0.130056,0.663626
2080001996,3,-0.149886,-0.720566,-0.129954,0.664401
2080002006,3,-0.14925,-0.720013,-0.129873,0.665159
2080002016,3,-0.148688,-0.719424,-0.129833,0.66593
2080002026,3,-0.148193,-0.718829,-0.129825,0.666684
2080002036,3,-0.14778,-0.718225,-0.129835,0.667424
2080002046,3,-0.147448,-0.7176,-0.129881,0.668161
2080002056,3,-0.147183,-0.716939,-0.129944,0.668915
2080002067,3,-0.146996,-0.71626,-0.13003,0.669667
2080002077,3,-0.146892,-0.715573,-0.130133,0.670404
2080002087,3,-0.146877,-0.714893,-0.13024,0.671112
2080002097,3,-0.146955,-0.71423,-0.130345,0.67178
2080002107,3,-0.147127,-0.71358,-0.130434,0.672416
2080002117,3,-0.147387,-0.712968,-0.130503,0.672994
2080002127,3,-0.147758,-0.712374,-0.130535,0.673535
2080002137,3,-0.148193,-0.711803,-0.130573,0.674036
2080002147,3,-0.148706,-0.711253,-0.130592,0.6745
2080002157,3,-0.149282,-0.710698,-0.130615,0.674953
2080002167,3,-0.149881,-0.710112,-0.130662,0.675428
2080002177,3,-0.150535,-0.709533,-0.130712,0.675881
2080002187,3,-0.151204,-0.708947,-0.1308,0.676329
2080002198,3,-0.151878,-0.708362,-0.130943,0.676764
2080002208,3,-0.152555,-0.707777,-0.131142,0.677184
2080002218,3,-0.15325,-0.707208,-0.131367,0.677578
2080002228,3,-0.15396,-0.706663,-0.131643,0.677932
2080002238,3,-0.1547,-0.706142,-0.13194,0.678248
2080002248,3,-0.155465,-0.705683,-0.132247,0.678492
2080002258,3,-0.156234,-0.70524,-0.132589,0.678709
2080002268,3,-0.157001,-0.704824,-0.132978,0.678888
2080002278,3,-0.15779,-0.70443,-0.133368,0.679038
2080002288,3,-0.158608,-0.704016,-0.133758,0.679199
2080002298,3,-0.159433,-0.703601,-0.134155,0.679359
2080002308,3,-0.160246,-0.703172,-0.13457,0.679528
2080002318,3,-0.161067,-0.702747,-0.134983,0.679693
2080002329,3,-0.161883,-0.702345,-0.135404,0.67983
2080002339,3,-0.16269,-0.701991,-0.135829,0.679919
2080002349,3,-0.163493,-0.701721,-0.13626,0.679919
2080002359,3,-0.16429,-0.701561,-0.136706,0.679802
2080002369,3,-0.165065,-0.701508,-0.137167,0.679576
2080002379,3,-0.165797,-0.701558,-0.137665,0.679246
2080002389,3,-0.166492,-0.701707,-0.138188,0.678815
2080002399,3,-0.167129,-0.701959,-0.138726,0.678288
2080002409,3,-0.167705,-0.702282,-0.139292,0.677695
2080002419,3,-0.168184,-0.702654,-0.139893,0.677067
2080002429,3,-0.168581,-0.703086,-0.140514,0.676391
2080002439,3,-0.168885,-0.703533,-0.141151,0.675717
2080002449,3,-0.169131,-0.704014,-0.141765,0.675026
2080002459,3,-0.169315,-0.704531,-0.142349,0.674318
2080002470,3,-0.169439,-0.705046,-0.142896,0.673631
2080002480,3,-0.169518,-0.705585,-0.143385,0.672943
2080002490,3,-0.169567,-0.706144,-0.143781,0.672259
2080002500,3,-0.169565,-0.706713,-0.144124,0.671588
2080002510,3,-0.169539,-0.70729,-0.144378,0.670933
2080002520,3,-0.169477,-0.707887,-0.144563,0.670279
2080002530,3,-0.16935,-0.708454,-0.14473,0.669676
2080002540,3,-0.169156,-0.708982,-0.144875,0.669134
2080002550,3,-0.168902,-0.709497,-0.144999,0.668625
2080002560,3,-0.168603,-0.709977,-0.145101,0.668169
2080002570,3,-0.168264,-0.710432,-0.145185,0.667753
2080002580,3,-0.167891,-0.71086,-0.145244,0.667378
2080002590,3,-0.167504,-0.711252,-0.145298,0.667046
2080002601,3,-0.167146,-0.71163,-0.145306,0.666731
2080002611,3,-0.166818,-0.712011,-0.145267,0.666415
2080002621,3,-0.166494,-0.712391,-0.145238,0.666096
2080002631,3,-0.1662,-0.712777,-0.145195,0.665765
2080002641,3,-0.165917,-0.713189,-0.145164,0.665401
2080002651,3,-0.165651,-0.713601,-0.145139,0.665031
2080002661,3,-0.165413,-0.713994,-0.145117,0.664673
2080002671,3,-0.165209,-0.714333,-0.145076,0.664369
2080002681,3,-0.165009,-0.71463,-0.14504,0.664107
2080002691,3,-0.164803,-0.714887,-0.144996,0.66389
2080002701,3,-0.164603,-0.715107,-0.14496,0.663711
2080002711,3,-0.164426,-0.715308,-0.144894,0.663553
2080002721,3,-0.164236,-0.71551,-0.144831,0.663396
2080002732,3,-0.16405,-0.715689,-0.144765,0.663263
2080002742,3,-0.163849,-0.715861,-0.144707,0.66314
2080002752,3,-0.163631,-0.716013,-0.14466,0.66304
2080002762,3,-0.163401,-0.716142,-0.144611,0.662968
2080002772,3,-0.163151,-0.716233,-0.144569,0.662941
2080002782,3,-0.162883,-0.716284,-0.144524,0.662961
2080002792,3,-0.162625,-0.716297,-0.144464,0.663024
2080002802,3,-0.162352,-0.716272,-0.144398,0.663132
2080002812,3,-0.162054,-0.716202,-0.144338,0.663293
2080002822,3,-0.161735,-0.716078,-0.144273,0.663519
2080002832,3,-0.161417,-0.715923,-0.144182,0.663784
2080002842,3,-0.161088,-0.715725,-0.144061,0.664104
2080002852,3,-0.160794,-0.715499,-0.143899,0.664454
2080002863,3,-0.160488,-0.715237,-0.143714,0.664849
2080002873,3,-0.160189,-0.714936,-0.143497,0.665292
2080002883,3,-0.159879,-0.714586,-0.143272,0.665791
2080002893,3,-0.159578,-0.71421,-0.143036,0.666317
2080002903,3,-0.159295,-0.713807,-0.142771,0.666873
2080002913,3,-0.159037,-0.7134,-0.142463,0.667435
2080002923,3,-0.158835,-0.71301,-0.142103,0.667978
2080002933,3,-0.158692,-0.712655,-0.14167,0.668482
2080002943,3,-0.158606,-0.712352,-0.141189,0.668927
2080002953,3,-0.158596,-0.71209,-0.140645,0.669323
2080002963,3,-0.158644,-0.711878,-0.140049,0.669661
2080002973,3,-0.158739,-0.711729,-0.139434,0.669926
2080002983,3,-0.158867,-0.711628,-0.138806,0.670133
2080002993,3,-0.159007,-0.711564,-0.138196,0.670294
2080003004,3,-0.159132,-0.71146,-0.137649,0.670487
2080003014,3,-0.159203,-0.711252,-0.137176,0.670787
2080003024,3,-0.159232,-0.710955,-0.136782,0.671176
2080003034,3,-0.159259,-0.710564,-0.136424,0.671656
2080003044,3,-0.159289,-0.710112,-0.136105,0.672192
2080003054,3,-0.159373,-0.709622,-0.135762,0.672759
2080003064,3,-0.159507,-0.70914,-0.135415,0.673304
2080003074,3,-0.159709,-0.708665,-0.135045,0.673831
2080003084,3,-0.159952,-0.708236,-0.134669,0.6743
2080003094,3,-0.160237,-0.707842,-0.134288,0.674721
2080003104,3,-0.160589,-0.707508,-0.133883,0.675069
2080003114,3,-0.16097,-0.70724,-0.133469,0.67534
2080003124,3,-0.161389,-0.70701,-0.133068,0.67556
2080003135,3,-0.161838,-0.706822,-0.132678,0.675726
2080003145,3,-0.162282,-0.706679,-0.13233,0.675838
2080003155,3,-0.162732,-0.706566,-0.132009,0.675911
2080003165,3,-0.163166,-0.706456,-0.131747,0.675972
2080003175,3,-0.163585,-0.706383,-0.131535,0.675988
2080003185,3,-0.163953,-0.706324,-0.131396,0.675988
2080003195,3,-0.164299,-0.706287,-0.131293,0.675962
2080003205,3,-0.164597,-0.706257,-0.131243,0.675931
2080003215,3,-0.164857,-0.706238,-0.131229,0.675891
2080003225,3,-0.165092,-0.706244,-0.131246,0.675823
2080003235,3,-0.165295,-0.706269,-0.131284,0.67574
2080003245,3,-0.165479,-0.706316,-0.131331,0.675637
2080003255,3,-0.16563,-0.70638,-0.1314,0.67552
2080003266,3,-0.165727,-0.706467,-0.131497,0.675386
2080003276,3,-0.165773,-0.706569,-0.131625,0.675242
2080003286,3,-0.16575,-0.706702,-0.131803,0.675074
2080003296,3,-0.165659,-0.706847,-0.132015,0.674904
2080003306,3,-0.165514,-0.707025,-0.132268,0.674703
2080003316,3,-0.165311,-0.707258,-0.13256,0.674451
2080003326,3,-0.165024,-0.707502,-0.13292,0.674195
2080003336,3,-0.164666,-0.707764,-0.133294,0.673934
2080003346,3,-0.164253,-0.708052,-0.13369,0.673654
2080003356,3,-0.163809,-0.708375,-0.13409,0.673342
2080003366,3,-0.163346,-0.708753,-0.134482,0.672979
2080003376,3,-0.162864,-0.709165,-0.13486,0.672586
2080003386,3,-0.162361,-0.709614,-0.135241,0.672157
2080003396,3,-0.161845,-0.7101,-0.135624,0.671691
2080003407,3,-0.161316,-0.710611,-0.136012,0.6712
2080003417,3,-0.160758,-0.711129,-0.136398,0.670705
2080003427,3,-0.160191,-0.711633,-0.136781,0.670229
2080003437,3,-0.159628,-0.712122,-0.137153,0.669767
2080003447,3,-0.159101,-0.71258,-0.137469,0.66934
2080003457,3,-0.158593,-0.713031,-0.13776,0.668921
2080003467,3,-0.158123,-0.713436,-0.138006,0.66855
2080003477,3,-0.157682,-0.713847,-0.138225,0.668169
2080003487,3,-0.157316,-0.714231,-0.138393,0.667811
2080003497,3,-0.157019,-0.714581,-0.138507,0.667483
2080003507,3,-0.156755,-0.714906,-0.138609,0.667175
2080003517,3,-0.156554,-0.715202,-0.138696,0.666887
2080003527,3,-0.156385,-0.715465,-0.138773,0.666629
2080003538,3,-0.156193,-0.715665,-0.138927,0.666428
2080003548,3,-0.155994,-0.71583,-0.139126,0.666255
2080003558,3,-0.155837,-0.715932,-0.139337,0.666138
2080003568,3,-0.155669,-0.715981,-0.139583,0.666073
2080003578,3,-0.15553,-0.716007,-0.139855,0.666021
2080003588,3,-0.155416,-0.716015,-0.140127,0.665982
2080003598,3,-0.155362,-0.716046,-0.140376,0.665908
2080003608,3,-0.155391,-0.716122,-0.140573,0.665778
2080003618,3,-0.155473,-0.716228,-0.140739,0.66561
2080003628,3,-0.155593,-0.716352,-0.140882,0.665418
2080003638,3,-0.155748,-0.716457,-0.141013,0.665241
2080003648,3,-0.155914,-0.716549,-0.14114,0.665076
2080003658,3,-0.156085,-0.716591,-0.141289,0.66496
2080003669,3,-0.156274,-0.716601,-0.141422,0.664875
2080003679,3,-0.156477,-0.716597,-0.141553,0.664805
2080003689,3,-0.156696,-0.716587,-0.141678,0.664737
2080003699,3,-0.156933,-0.716551,-0.141797,0.664694
2080003709,3,-0.157217,-0.716508,-0.141858,0.66466
2080003719,3,-0.15753,-0.71646,-0.14191,0.664628
2080003729,3,-0.157899,-0.716395,-0.141899,0.664612
2080003739,3,-0.158298,-0.716308,-0.141868,0.664617
2080003749,3,-0.158716,-0.716202,-0.141805,0.664645
2080003759,3,-0.159153,-0.716057,-0.141732,0.664713
2080003769,3,-0.159579,-0.715866,-0.141655,0.664833
2080003779,3,-0.16001,-0.715646,-0.14158,0.664983
2080003789,3,-0.16043,-0.715405,-0.141523,0.665153
2080003799,3,-0.160805,-0.715164,-0.141489,0.665328
2080003810,3,-0.161177,-0.714914,-0.141465,0.665512
2080003820,3,-0.161516,-0.714674,-0.141467,0.665687
2080003830,3,-0.16184,-0.714412,-0.141484,0.665886
2080003840,3,-0.16212,-0.714109,-0.141541,0.666131
2080003850,3,-0.162352,-0.713759,-0.14165,0.666425
2080003860,3,-0.162554,-0.713361,-0.141771,0.666777
2080003870,3,-0.162748,-0.712892,-0.141896,0.667205
2080003880,3,-0.162949,-0.712391,-0.142022,0.667664
2080003890,3,-0.163161,-0.711883,-0.142117,0.668134
2080003900,3,-0.163424,-0.711371,-0.142182,0.6686
2080003910,3,-0.1637,-0.710883,-0.142232,0.669041
2080003920,3,-0.163992,-0.710424,-0.142272,0.669448
2080003930,3,-0.164288,-0.710006,-0.14232,0.669809
2080003941,3,-0.164589,-0.709635,-0.142369,0.670118
2080003951,3,-0.164866,-0.709276,-0.142458,0.670411
2080003961,3,-0.165137,-0.708943,-0.142569,0.670673
2080003971,3,-0.165392,-0.708614,-0.142702,0.670929
2080003981,3,-0.165627,-0.708269,-0.142863,0.671201
2080003991,3,-0.16584,-0.707921,-0.143046,0.671476
2080004001,3,-0.166055,-0.707589,-0.143243,0.671732
2080004011,3,-0.166276,-0.707272,-0.143433,0.671971
2080004021,3,-0.166502,-0.706971,-0.143624,0.67219
2080004031,3,-0.166724,-0.706662,-0.143818,0.672418
2080004041,3,-0.166926,-0.706341,-0.144022,0.672662
2080004051,3,-0.167097,-0.706026,-0.144265,0.672898
2080004061,3,-0.167236,-0.705707,-0.14453,0.673141
2080004072,3,-0.167343,-0.705393,-0.144819,0.673381
2080004082,3,-0.167423,-0.705096,-0.145127,0.673607
2080004092,3,-0.167476,-0.704792,-0.145452,0.673841
2080004102,3,-0.1675,-0.704503,-0.1458,0.674063
2080004112,3,-0.167481,-0.704241,-0.146182,0.674259
2080004122,3,-0.167438,-0.70397,-0.146573,0.674467
2080004132,3,-0.167372,-0.70372,-0.146963,0.674659
2080004142,3,-0.167318,-0.703499,-0.147333,0.674823
2080004152,3,-0.167278,-0.703331,-0.147663,0.674935
2080004162,3,-0.167269,-0.703239,-0.147953,0.67497
2080004172,3,-0.167299,-0.703243,-0.148195,0.674905
2080004182,3,-0.167338,-0.703328,-0.148404,0.674761
2080004192,3,-0.167388,-0.703465,-0.148572,0.674569
2080004202,3,-0.167456,-0.703605,-0.148714,0.674375
2080004213,3,-0.167503,-0.703746,-0.148864,0.674182
2080004223,3,-0.167538,-0.703868,-0.149011,0.674014
2080004233,3,-0.167573,-0.704,-0.149134,0.67384
2080004243,3,-0.167613,-0.704137,-0.149245,0.673662
2080004253,3,-0.167663,-0.704288,-0.149331,0.673473
2080004263,3,-0.167758,-0.704463,-0.149378,0.673256
2080004273,3,-0.167874,-0.704685,-0.149395,0.672991
2080004283,3,-0.167993,-0.704928,-0.149399,0.672706
2080004293,3,-0.168109,-0.705178,-0.149413,0.672412
2080004303,3,-0.168202,-0.705423,-0.149433,0.672127
2080004313,3,-0.168295,-0.705704,-0.149449,0.671805
2080004323,3,-0.168394,-0.70601,-0.149472,0.671454
2080004333,3,-0.168457,-0.706319,-0.149515,0.671103
2080004344,3,-0.168471,-0.706634,-0.149608,0.670747
2080004354,3,-0.168456,-0.706926,-0.149723,0.670418
2080004364,3,-0.16843,-0.70719,-0.149842,0.670119
2080004374,3,-0.16838,-0.707431,-0.149973,0.669847
2080004384,3,-0.1683,-0.707633,-0.150107,0.669624
2080004394,3,-0.168227,-0.707806,-0.150228,0.669433
2080004404,3,-0.168163,-0.707958,-0.150304,0.669271
2080004414,3,-0.168133,-0.708135,-0.150324,0.669086
2080004424,3,-0.168139,-0.708352,-0.150285,0.668865
2080004434,3,-0.168176,-0.708609,-0.150187,0.668605
2080004444,3,-0.168235,-0.708918,-0.150041,0.668295
2080004454,3,-0.16833,-0.709271,-0.149845,0.66794
2080004464,3,-0.168435,-0.709697,-0.149601,0.667516
2080004475,3,-0.168585,-0.710204,-0.149303,0.667005
2080004485,3,-0.16874,-0.710743,-0.148963,0.666469
2080004495,3,-0.168859,-0.711245,-0.148638,0.665974
2080004505,3,-0.16895,-0.711663,-0.148339,0.665572
2080004515,3,-0.169019,-0.712002,-0.148045,0.665257
2080004525,3,-0.169104,-0.712291,-0.147723,0.664997
2080004535,3,-0.169209,-0.712539,-0.147375,0.664783
2080004545,3,-0.169356,-0.712759,-0.147006,0.66459
2080004555,3,-0.16953,-0.712966,-0.146615,0.664411
2080004565,3,-0.1697,-0.713154,-0.146236,0.664249
2080004575,3,-0.16987,-0.713334,-0.145861,0.664094
2080004585,3,-0.170021,-0.71351,-0.145521,0.663942
2080004595,3,-0.170139,-0.713669,-0.145213,0.663808
2080004605,3,-0.170194,-0.713759,-0.144962,0.663751
2080004616,3,-0.170181,-0.713788,-0.144766,0.663767
2080004626,3,-0.170115,-0.713764,-0.144614,0.663843
2080004636,3,-0.170029,-0.713735,-0.144452,0.663931
2080004646,3,-0.169904,-0.713689,-0.144295,0.664047
2080004656,3,-0.169799,-0.713659,-0.144097,0.664148
2080004666,3,-0.169694,-0.713637,-0.143871,0.664249
2080004676,3,-0.169606,-0.713617,-0.143607,0.664349
2080004686,3,-0.169531,-0.713604,-0.1433,0.664449
2080004696,3,-0.169418,-0.713566,-0.143013,0.66458
2080004706,3,-0.169289,-0.713485,-0.142728,0.664761
2080004716,3,-0.169103,-0.713328,-0.142476,0.665031
2080004726,3,-0.168877,-0.713088,-0.14224,0.665397
2080004736,3,-0.168655,-0.712791,-0.141996,0.665823
2080004747,3,-0.168413,-0.712435,-0.141752,0.666316
2080004757,3,-0.168169,-0.712014,-0.141504,0.666881
2080004767,3,-0.167943,-0.711564,-0.141252,0.667472
2080004777,3,-0.167725,-0.711105,-0.140991,0.668071
2080004787,3,-0.167504,-0.71069,-0.140746,0.668618
2080004797,3,-0.167275,-0.710315,-0.140522,0.669121
2080004807,3,-0.167089,-0.71,-0.140266,0.669556
2080004817,3,-0.166932,-0.709761,-0.140007,0.669902
2080004827,3,-0.166806,-0.709581,-0.139736,0.670181
2080004837,3,-0.16666,-0.709443,-0.139504,0.670412
2080004847,3,-0.166515,-0.709332,-0.139307,0.670607
2080004857,3,-0.166342,-0.709228,-0.139173,0.670787
2080004867,3,-0.166127,-0.709112,-0.139129,0.670972
2080004878,3,-0.165888,-0.708993,-0.139147,0.671153
2080004888,3,-0.16568,-0.708848,-0.139204,0.671346
2080004898,3,-0.165471,-0.708683,-0.139316,0.671548
2080004908,3,-0.165315,-0.708481,-0.139454,0.671771
2080004918,3,-0.165231,-0.70828,-0.139597,0.671974
2080004928,3,-0.165264,-0.708069,-0.139706,0.672166
2080004938,3,-0.165419,-0.707875,-0.139799,0.672313
2080004948,3,-0.165706,-0.707706,-0.139856,0.672408
2080004958,3,-0.166095,-0.707558,-0.139924,0.672454
2080004968,3,-0.166608,-0.707422,-0.139979,0.672458
2080004978,3,-0.167232,-0.707296,-0.140035,0.672424
2080004988,3,-0.167954,-0.707186,-0.140103,0.672346
2080004998,3,-0.168768,-0.707093,-0.140196,0.67222
2080005009,3,-0.169641,-0.707031,-0.140346,0.672035
2080005019,3,-0.170596,-0.706996,-0.140531,0.671791
2080005029,3,-0.171637,-0.70701,-0.14075,0.671465
2080005039,3,-0.172768,-0.707047,-0.141013,0.671081
2080005049,3,-0.173956,-0.707109,-0.141359,0.670635
2080005059,3,-0.175173,-0.707207,-0.141813,0.67012
2080005069,3,-0.176386,-0.70733,-0.142411,0.669545
2080005079,3,-0.177536,-0.707453,-0.14322,0.668938
2080005089,3,-0.178596,-0.707561,-0.144263,0.668317
2080005099,3,-0.179577,-0.707625,-0.145531,0.667711
2080005109,3,-0.180466,-0.707638,-0.147003,0.667135
2080005119,3,-0.181308,-0.707568,-0.148638,0.666618
2080005129,3,-0.182119,-0.707418,-0.150402,0.666161
2080005139,3,-0.182904,-0.70718,-0.152256,0.665777
2080005150,3,-0.183679,-0.706877,-0.154164,0.665447
2080005160,3,-0.184503,-0.706542,-0.156076,0.665128
2080005170,3,-0.185376,-0.706212,-0.157973,0.664788
2080005180,3,-0.186303,-0.705939,-0.159829,0.664375
2080005190,3,-0.18727,-0.705734,-0.16163,0.663886
2080005200,3,-0.188262,-0.705603,-0.163383,0.663314
2080005210,3,-0.189254,-0.705553,-0.165109,0.662658
2080005220,3,-0.190196,-0.705516,-0.166838,0.661994
2080005230,3,-0.191068,-0.705461,-0.16856,0.661365
2080005240,3,-0.191849,-0.705341,-0.170291,0.660823
2080005250,3,-0.192531,-0.705154,-0.172017,0.660377
2080005260,3,-0.193091,-0.70487,-0.17375,0.660063
2080005270,3,-0.193555,-0.704528,-0.175473,0.659836
2080005281,3,-0.193955,-0.704136,-0.177133,0.659694
2080005291,3,-0.19434,-0.703731,-0.17867,0.659598
2080005301,3,-0.194719,-0.703344,-0.180068,0.659519
2080005311,3,-0.195119,-0.702993,-0.181307,0.659435
2080005321,3,-0.195536,-0.702696,-0.182377,0.659334
2080005331,3,-0.195962,-0.702458,-0.183283,0.65921
2080005341,3,-0.196359,-0.702282,-0.184056,0.659064
2080005351,3,-0.196724,-0.702153,-0.1847,0.658912
2080005361,3,-0.197045,-0.70206,-0.185211,0.658771
2080005371,3,-0.197308,-0.702005,-0.185628,0.658634
2080005381,3,-0.197496,-0.701943,-0.185937,0.658557
2080005391,3,-0.197597,-0.70189,-0.186159,0.65852
2080005401,3,-0.197613,-0.701854,-0.186305,0.658512
2080005412,3,-0.19756,-0.701849,-0.186355,0.65852
2080005422,3,-0.197462,-0.701861,-0.186312,0.658548
2080005432,3,-0.197297,-0.701859,-0.186178,0.658638
2080005442,3,-0.197071,-0.701862,-0.185967,0.658763
2080005452,3,-0.196786,-0.701844,-0.185685,0.658946
2080005462,3,-0.196448,-0.70179,-0.18533,0.659204
2080005472,3,-0.196061,-0.701696,-0.184909,0.659538
2080005482,3,-0.19563,-0.701568,-0.18442,0.659939
2080005492,3,-0.195143,-0.701417,-0.183872,0.660395
2080005502,3,-0.194621,-0.701234,-0.183248,0.660917
2080005512,3,-0.194097,-0.701044,-0.182518,0.661474
2080005522,3,-0.19356,-0.700839,-0.181731,0.662066
2080005532,3,-0.193041,-0.700671,-0.180847,0.662637
2080005542,3,-0.192532,-0.700554,-0.179896,0.663167
2080005553,3,-0.192061,-0.700528,-0.178885,0.663605
2080005563,3,-0.191638,-0.700583,-0.177789,0.663964
2080005573,3,-0.191262,-0.700772,-0.17663,0.664182
2080005583,3,-0.190952,-0.701056,-0.175419,0.664293
2080005593,3,-0.190703,-0.701432,-0.174161,0.664297
2080005603,3,-0.190485,-0.701858,-0.172902,0.664239
2080005613,3,-0.190316,-0.70231,-0.171638,0.664138
2080005623,3,-0.190182,-0.702721,-0.170399,0.66406
2080005633,3,-0.190059,-0.703092,-0.169203,0.664009
2080005643,3,-0.189967,-0.703412,-0.168081,0.663982
2080005653,3,-0.189899,-0.703655,-0.167026,0.664009
2080005663,3,-0.189871,-0.703864,-0.16603,0.664046
2080005673,3,-0.189897,-0.704018,-0.165077,0.664112
2080005684,3,-0.18997,-0.70414,-0.164197,0.664181
2080005694,3,-0.19008,-0.704212,-0.163377,0.664275
2080005704,3,-0.190232,-0.7042,-0.162649,0.664423
2080005714,3,-0.190406,-0.704113,-0.161989,0.664627
2080005724,3,-0.190594,-0.703966,-0.161454,0.664859
2080005734,3,-0.190783,-0.703756,-0.161023,0.665131
2080005744,3,-0.19096,-0.703508,-0.160706,0.66542
2080005754,3,-0.191132,-0.703235,-0.160477,0.665713
2080005764,3,-0.191315,-0.702977,-0.160323,0.665971
2080005774,3,-0.191559,-0.702758,-0.16017,0.666168
2080005784,3,-0.191863,-0.702628,-0.160017,0.666255
2080005794,3,-0.19225,-0.702602,-0.159848,0.666212
2080005804,3,-0.192702,-0.702703,-0.159658,0.66602
2080005815,3,-0.19321,-0.702917,-0.159458,0.665694
2080005825,3,-0.193738,-0.703233,-0.159301,0.665245
2080005835,3,-0.194284,-0.703599,-0.159183,0.664726
2080005845,3,-0.194813,-0.703981,-0.159142,0.664177
2080005855,3,-0.195321,-0.704339,-0.159175,0.66364
2080005865,3,-0.1958,-0.704673,-0.159277,0.663119
2080005875,3,-0.196236,-0.704925,-0.159464,0.662677
2080005885,3,-0.196642,-0.705067,-0.159715,0.662345
2080005895,3,-0.197011,-0.705091,-0.160035,0.662133
2080005905,3,-0.197332,-0.705,-0.16043,0.662039
2080005915,3,-0.197646,-0.704809,-0.160845,0.662048
2080005925,3,-0.197902,-0.704548,-0.161317,0.662135
2080005935,3,-0.19813,-0.704254,-0.161822,0.662256
2080005945,3,-0.198332,-0.703952,-0.162347,0.662387
2080005956,3,-0.19852,-0.703675,-0.162867,0.662498
2080005966,3,-0.198652,-0.703422,-0.163424,0.66259
2080005976,3,-0.198746,-0.703208,-0.163976,0.662652
2080005986,3,-0.198783,-0.703013,-0.16456,0.662704
2080005996,3,-0.198746,-0.702867,-0.165161,0.662721
2080006006,3,-0.19867,-0.702763,-0.165784,0.662698
2080006016,3,-0.198541,-0.702715,-0.166406,0.662632
2080006026,3,-0.198377,-0.702718,-0.167017,0.662523
2080006036,3,-0.198199,-0.70277,-0.167591,0.662377
2080006046,3,-0.19802,-0.702869,-0.168135,0.662187
2080006056,3,-0.197857,-0.703015,-0.16862,0.661958
2080006066,3,-0.19771,-0.703176,-0.16906,0.661718
2080006076,3,-0.197581,-0.703332,-0.169447,0.661492
2080006087,3,-0.197463,-0.70346,-0.169801,0.661301
2080006097,3,-0.197369,-0.703555,-0.170118,0.661146
2080006107,3,-0.197266,-0.703605,-0.170421,0.661045
2080006117,3,-0.197146,-0.703586,-0.170729,0.661022
2080006127,3,-0.197006,-0.703491,-0.171059,0.66108
2080006137,3,-0.196837,-0.703339,-0.171413,0.6612
2080006147,3,-0.196649,-0.703118,-0.171797,0.661391
2080006157,3,-0.196464,-0.702873,-0.172195,0.661603
2080006167,3,-0.196308,-0.702588,-0.172565,0.661856
2080006177,3,-0.196205,-0.702284,-0.172904,0.662121
2080006187,3,-0.196157,-0.701971,-0.173215,0.662385
2080006197,3,-0.196142,-0.701641,-0.173523,0.662658
2080006207,3,-0.196175,-0.701316,-0.173832,0.662912
2080006218,3,-0.196221,-0.700986,-0.174154,0.663163
2080006228,3,-0.196277,-0.700663,-0.174525,0.663389
2080006238,3,-0.196325,-0.700319,-0.174947,0.663628
2080006248,3,-0.196374,-0.699976,-0.175411,0.663853
2080006258,3,-0.196438,-0.699637,-0.175895,0.664063
2080006268,3,-0.196491,-0.699312,-0.176404,0.664254
2080006278,3,-0.19653,-0.699005,-0.176958,0.664418
2080006288,3,-0.196603,-0.698727,-0.177499,0.664545
2080006298,3,-0.196715,-0.698517,-0.178008,0.664597
2080006308,3,-0.196882,-0.698362,-0.178444,0.664593
2080006318,3,-0.19709,-0.698302,-0.178838,0.664488
2080006328,3,-0.197337,-0.698312,-0.179178,0.664313
2080006338,3,-0.197625,-0.698396,-0.179485,0.664056
2080006348,3,-0.197925,-0.69851,-0.179744,0.663777
2080006359,3,-0.198242,-0.698642,-0.179966,0.663483
2080006369,3,-0.198583,-0.698776,-0.180136,0.663194
2080006379,3,-0.19894,-0.698917,-0.180263,0.662904
2080006389,3,-0.199306,-0.699032,-0.180353,0.662648
2080006399,3,-0.19968,-0.699128,-0.180409,0.662419
2080006409,3,-0.200077,-0.69922,-0.180407,0.662202
2080006419,3,-0.200496,-0.69931,-0.180356,0.661994
2080006429,3,-0.20095,-0.699388,-0.180242,0.661806
2080006439,3,-0.20142,-0.699457,-0.180076,0.661635
2080006449,3,-0.201901,-0.699525,-0.179862,0.661475
2080006459,3,-0.202366,-0.699575,-0.179623,0.661345
2080006469,3,-0.202835,-0.699601,-0.179355,0.661246
2080006479,3,-0.203249,-0.699598,-0.1791,0.661192
2080006490,3,-0.203628,-0.699572,-0.178852,0.66117
2080006500,3,-0.203952,-0.699553,-0.178616,0.661153
2080006510,3,-0.204254,-0.699534,-0.178359,0.66115
2080006520,3,-0.204518,-0.699544,-0.178097,0.661129
2080006530,3,-0.204769,-0.699596,-0.177801,0.661075
2080006540,3,-0.205025,-0.699713,-0.17744,0.660969
2080006550,3,-0.205293,-0.699887,-0.177004,0.660818
2080006560,3,-0.205551,-0.700146,-0.176514,0.660595
2080006570,3,-0.205777,-0.700496,-0.175978,0.660297
2080006580,3,-0.205985,-0.700921,-0.175388,0.659937
2080006590,3,-0.206145,-0.701462,-0.174776,0.659475
2080006600,3,-0.206244,-0.702057,-0.174162,0.658973
2080006610,3,-0.206284,-0.702699,-0.173538,0.65844
2080006621,3,-0.206242,-0.703368,-0.172938,0.657897
2080006631,3,-0.20612,-0.704028,-0.17234,0.657386
2080006641,3,-0.205928,-0.704684,-0.171761,0.656895
2080006651,3,-0.205674,-0.705292,-0.171184,0.656473
2080006661,3,-0.205362,-0.70582,-0.170626,0.656148
2080006671,3,-0.205001,-0.706271,-0.170071,0.655919
2080006681,3,-0.204584,-0.706617,-0.169533,0.655816
2080006691,3,-0.204117,-0.70684,-0.169029,0.655851
2080006701,3,-0.203611,-0.706948,-0.168554,0.656014
2080006711,3,-0.203058,-0.70694,-0.168102,0.65631
2080006721,3,-0.202483,-0.706849,-0.167675,0.656695
2080006731,3,-0.201877,-0.706658,-0.167288,0.657186
2080006741,3,-0.201252,-0.706398,-0.166942,0.657745
2080006751,3,-0.200617,-0.706115,-0.166636,0.65832
2080006762,3,-0.199979,-0.705791,-0.166352,0.658933
2080006772,3,-0.199341,-0.705462,-0.166111,0.659539
2080006782,3,-0.198725,-0.705142,-0.165903,0.660119
2080006792,3,-0.198134,-0.704824,-0.16574,0.660677
2080006802,3,-0.197585,-0.704538,-0.16561,0.661179
2080006812,3,-0.197074,-0.7043,-0.165515,0.661609
2080006822,3,-0.19664,-0.704147,-0.165464,0.661913
2080006832,3,-0.196255,-0.704054,-0.165467,0.662126
2080006842,3,-0.195928,-0.704024,-0.165546,0.662235
2080006852,3,-0.19563,-0.704033,-0.165735,0.662266
2080006862,3,-0.195358,-0.704055,-0.166023,0.662252
2080006872,3,-0.195091,-0.704038,-0.16643,0.662246
2080006882,3,-0.194839,-0.703975,-0.166921,0.662264
2080006893,3,-0.194609,-0.703834,-0.167519,0.662329
2080006903,3,-0.194393,-0.703621,-0.168202,0.662446
2080006913,3,-0.194224,-0.703341,-0.168925,0.66261
2080006923,3,-0.194126,-0.702961,-0.169667,0.662851
2080006933,3,-0.194105,-0.702524,-0.170395,0.663134
2080006943,3,-0.19416,-0.702053,-0.171122,0.66343
2080006953,3,-0.194303,-0.701548,-0.171807,0.663745
2080006963,3,-0.19454,-0.701057,-0.172458,0.664026
2080006973,3,-0.194888,-0.700577,-0.173049,0.664277
2080006983,3,-0.195339,-0.700097,-0.173579,0.664511
2080006993,3,-0.19584,-0.69963,-0.174095,0.664721
2080007003,3,-0.196389,-0.699145,-0.174607,0.664935
2080007013,3,-0.196949,-0.698635,-0.175152,0.665162
2080007024,3,-0.197498,-0.69807,-0.175739,0.665437
2080007034,3,-0.198014,-0.69745,-0.176382,0.665764
2080007044,3,-0.198495,-0.696764,-0.177085,0.666152
2080007054,3,-0.198969,-0.696044,-0.177819,0.666568
2080007064,3,-0.199436,-0.695289,-0.178552,0.667021
2080007074,3,-0.199933,-0.694552,-0.179253,0.667451
2080007084,3,-0.200457,-0.693884,-0.17991,0.667812
2080007094,3,-0.201017,-0.693326,-0.180497,0.668064
2080007104,3,-0.201635,-0.692904,-0.181007,0.668179
2080007114,3,-0.202295,-0.692627,-0.181447,0.668146
2080007124,3,-0.202956,-0.692498,-0.18184,0.667973
2080007134,3,-0.203593,-0.692482,-0.182194,0.667699
2080007144,3,-0.204174,-0.692565,-0.182537,0.667342
2080007155,3,-0.204718,-0.692714,-0.182843,0.666937
2080007165,3,-0.205176,-0.692894,-0.183146,0.666526
2080007175,3,-0.205564,-0.693112,-0.18342,0.666104
2080007185,3,-0.205882,-0.693323,-0.183663,0.665719
2080007195,3,-0.206129,-0.693535,-0.183847,0.665371
2080007205,3,-0.206324,-0.693722,-0.183948,0.665088
2080007215,3,-0.206458,-0.693909,-0.183982,0.664842
2080007225,3,-0.206582,-0.694091,-0.183905,0.664634
2080007235,3,-0.206687,-0.694279,-0.183694,0.664463
2080007245,3,-0.206792,-0.694469,-0.183362,0.664324
2080007255,3,-0.206861,-0.694616,-0.182928,0.664269
2080007265,3,-0.206905,-0.694739,-0.182396,0.664272
2080007275,3,-0.206866,-0.694827,-0.181809,0.664354
2080007285,3,-0.206754,-0.694871,-0.181181,0.664514
2080007296,3,-0.206539,-0.694889,-0.180538,0.664736
2080007306,3,-0.206224,-0.694872,-0.179895,0.665027
2080007316,3,-0.205843,-0.694853,-0.179227,0.665345
2080007326,3,-0.205399,-0.694882,-0.178532,0.665639
2080007336,3,-0.204928,-0.694967,-0.177772,0.665899
2080007346,3,-0.204415,-0.695149,-0.176976,0.666078
2080007356,3,-0.20391,-0.69546,-0.176114,0.666136
2080007366,3,-0.203416,-0.695948,-0.175163,0.666029
2080007376,3,-0.202955,-0.696595,-0.174127,0.665765
2080007386,3,-0.202516,-0.697394,-0.173021,0.665351
2080007396,3,-0.202095,-0.698318,-0.171852,0.664812
2080007406,3,-0.201666,-0.699319,-0.170665,0.664195
2080007416,3,-0.201191,-0.700359,-0.169515,0.663538
2080007427,3,-0.200656,-0.701411,-0.168401,0.662871
2080007437,3,-0.200074,-0.702439,-0.167327,0.662231
2080007447,3,-0.199427,-0.703424,-0.166321,0.661634
2080007457,3,-0.198739,-0.704345,-0.165361,0.661102
2080007467,3,-0.198006,-0.705173,-0.164457,0.660664
2080007477,3,-0.197255,-0.705779,-0.16357,0.660462
2080007487,3,-0.196474,-0.706393,-0.162721,0.660248
2080007497,3,-0.195681,-0.706887,-0.161914,0.660153
2080007507,3,-0.19487,-0.707287,-0.161142,0.660154
2080007517,3,-0.194054,-0.707592,-0.160398,0.660248
2080007527,3,-0.193219,-0.70781,-0.159702,0.660428
2080007537,3,-0.192348,-0.707962,-0.159047,0.660677
2080007547,3,-0.191429,-0.708048,-0.158456,0.660994
2080007558,3,-0.190475,-0.708104,-0.157914,0.66134
2080007568,3,-0.189491,-0.708163,-0.157401,0.661681
2080007578,3,-0.188508,-0.708256,-0.156895,0.661982
2080007588,3,-0.187558,-0.708408,-0.156375,0.662213
2080007598,3,-0.186701,-0.708618,-0.155805,0.662364
2080007608,3,-0.18593,-0.708909,-0.155173,0.662418
2080007618,3,-0.185236,-0.709291,-0.154513,0.662358
2080007628,3,-0.184628,-0.709752,-0.153831,0.662192
2080007638,3,-0.184123,-0.710278,-0.153124,0.661933
2080007648,3,-0.18369,-0.710858,-0.152427,0.661592
2080007658,3,-0.183314,-0.71144,-0.151768,0.661221
2080007668,3,-0.183015,-0.712004,-0.151137,0.660842
2080007678,3,-0.182753,-0.712529,-0.150555,0.660481
2080007688,3,-0.182534,-0.712994,-0.150024,0.660161
2080007699,3,-0.182356,-0.713397,-0.149553,0.659881
2080007709,3,-0.182233,-0.713707,-0.149123,0.659677
2080007719,3,-0.182153,-0.713909,-0.148738,0.659568
2080007729,3,-0.182204,-0.714027,-0.14832,0.65952
2080007739,3,-0.182329,-0.71406,-0.147915,0.659541
2080007749,3,-0.182431,-0.714001,-0.147637,0.659639
2080007759,3,-0.182636,-0.713864,-0.147356,0.659794
2080007769,3,-0.182916,-0.713653,-0.147092,0.660002
2080007779,3,-0.183261,-0.713338,-0.146861,0.660299
2080007789,3,-0.183631,-0.712935,-0.146696,0.660668
2080007799,3,-0.183995,-0.71241,-0.146636,0.661146
2080007809,3,-0.184354,-0.711789,-0.146672,0.661707
2080007819,3,-0.184686,-0.711076,-0.146816,0.662349
2080007830,3,-0.184979,-0.71033,-0.147053,0.663014
2080007840,3,-0.185259,-0.709573,-0.14734,0.663683
2080007850,3,-0.185546,-0.708855,-0.147653,0.664299
2080007860,3,-0.185876,-0.708208,-0.147924,0.664838
2080007870,3,-0.186264,-0.707664,-0.148135,0.66526
2080007880,3,-0.18668,-0.707221,-0.148317,0.665575
2080007890,3,-0.187135,-0.706898,-0.148464,0.665757
2080007900,3,-0.187553,-0.706695,-0.148641,0.665815
2080007910,3,-0.187943,-0.706589,-0.14882,0.665778
2080007920,3,-0.188276,-0.706566,-0.149031,0.665662
2080007930,3,-0.18854,-0.706575,-0.149266,0.665525
2080007940,3,-0.188696,-0.706566,-0.149544,0.665427
2080007950,3,-0.188715,-0.706533,-0.149876,0.665382
2080007961,3,-0.188608,-0.706407,-0.150256,0.665461
2080007971,3,-0.188387,-0.706182,-0.150659,0.665671
2080007981,3,-0.188084,-0.705768,-0.151063,0.666104
2080007991,3,-0.187703,-0.705301,-0.151444,0.666619
2080008001,3,-0.18727,-0.704784,-0.151778,0.667212
2080008011,3,-0.186805,-0.704232,-0.152058,0.667861
2080008021,3,-0.186212,-0.703714,-0.152371,0.668501
2080008031,3,-0.18563,-0.703179,-0.152598,0.669173
2080008041,3,-0.185011,-0.702631,-0.15278,0.669878
2080008051,3,-0.184412,-0.702117,-0.152872,0.670561
2080008061,3,-0.183808,-0.701626,-0.152923,0.671229
2080008071,3,-0.183166,-0.701199,-0.152928,0.671849
2080008081,3,-0.182515,-0.700812,-0.152903,0.672436
2080008091,3,-0.181866,-0.700502,-0.152845,0.672948
2080008102,3,-0.181233,-0.700269,-0.152762,0.67338
2080008112,3,-0.180657,-0.700129,-0.152597,0.673717
2080008122,3,-0.180164,-0.700076,-0.152369,0.673956
2080008132,3,-0.179765,-0.700135,-0.152073,0.674068
2080008142,3,-0.179476,-0.700295,-0.151716,0.67406
2080008152,3,-0.179282,-0.700547,-0.15132,0.673938
2080008162,3,-0.179198,-0.700879,-0.150878,0.673715
2080008172,3,-0.179193,-0.70127,-0.150412,0.673412
2080008182,3,-0.179243,-0.701697,-0.14998,0.673051
2080008192,3,-0.179294,-0.702111,-0.149621,0.672685
2080008202,3,-0.179344,-0.70249,-0.149329,0.672341
2080008212,3,-0.179356,-0.70283,-0.149153,0.672022
2080008222,3,-0.179347,-0.703118,-0.149051,0.671745
2080008233,3,-0.179337,-0.703337,-0.149013,0.671527
2080008243,3,-0.179315,-0.703489,-0.149054,0.671365
2080008253,3,-0.179325,-0.703579,-0.149132,0.67125
2080008263,3,-0.179364,-0.703631,-0.149227,0.671164
2080008273,3,-0.179426,-0.70364,-0.149365,0.671108
2080008283,3,-0.179527,-0.703632,-0.149515,0.671056
2080008293,3,-0.179678,-0.70362,-0.149695,0.670987
2080008303,3,-0.179887,-0.703595,-0.149866,0.67092
2080008313,3,-0.180124,-0.703586,-0.150066,0.670821
2080008323,3,-0.180399,-0.703591,-0.150298,0.670689
2080008333,3,-0.180685,-0.703621,-0.150591,0.670516
2080008343,3,-0.180961,-0.703688,-0.150938,0.670293
2080008353,3,-0.181276,-0.703769,-0.151295,0.670042
2080008364,3,-0.181597,-0.703877,-0.151685,0.669754
2080008374,3,-0.181954,-0.704001,-0.15209,0.669435
2080008384,3,-0.182348,-0.704159,-0.152486,0.669071
2080008394,3,-0.182809,-0.704344,-0.152843,0.668669
2080008404,3,-0.183333,-0.704551,-0.153169,0.668233
2080008414,3,-0.1839,-0.704784,-0.153488,0.667757
2080008424,3,-0.184508,-0.705053,-0.153791,0.667236
2080008434,3,-0.185116,-0.705326,-0.154127,0.666701
2080008444,3,-0.185708,-0.705604,-0.154521,0.666151
2080008454,3,-0.186269,-0.705881,-0.154967,0.665597
2080008464,3,-0.18681,-0.706117,-0.155476,0.665076
2080008474,3,-0.187314,-0.706312,-0.156052,0.664592
2080008484,3,-0.187763,-0.706474,-0.156684,0.664145
2080008494,3,-0.188168,-0.706583,-0.157376,0.66375
2080008505,3,-0.188532,-0.706633,-0.158104,0.66342
2080008515,3,-0.188887,-0.706651,-0.158857,0.66312
2080008525,3,-0.189244,-0.706632,-0.159591,0.662863
2080008535,3,-0.189609,-0.706579,-0.160309,0.662641
2080008545,3,-0.189966,-0.706506,-0.161012,0.662447
2080008555,3,-0.190286,-0.706389,-0.161738,0.662303
2080008565,3,-0.19056,-0.706206,-0.162483,0.662237
2080008575,3,-0.190782,-0.705969,-0.163257,0.662235
2080008585,3,-0.190953,-0.705632,-0.164065,0.662345
2080008595,3,-0.19105,-0.705235,-0.1649,0.662534
2080008605,3,-0.191131,-0.70481,-0.165718,0.662758
2080008615,3,-0.191222,-0.704374,-0.166482,0.663003
2080008625,3,-0.19135,-0.703945,-0.167167,0.66325
2080008636,3,-0.19155,-0.703576,-0.16775,0.663436
2080008646,3,-0.191809,-0.70332,-0.168218,0.663515
2080008656,3,-0.192127,-0.703166,-0.1686,0.663489
2080008666,3,-0.192525,-0.703134,-0.168862,0.663341
2080008676,3,-0.192968,-0.703216,-0.169067,0.663073
2080008686,3,-0.193431,-0.703399,-0.169234,0.662701
2080008696,3,-0.193906,-0.703627,-0.169381,0.662282
2080008706,3,-0.194348,-0.703864,-0.169552,0.661857
2080008716,3,-0.194736,-0.704041,-0.169771,0.661498
2080008726,3,-0.195052,-0.704153,-0.17005,0.661215
2080008736,3,-0.195211,-0.70414,-0.170496,0.661067
2080008746,3,-0.195356,-0.704061,-0.170958,0.660988
2080008756,3,-0.195491,-0.703921,-0.171427,0.660977
2080008767,3,-0.195737,-0.703753,-0.171788,0.660988
2080008777,3,-0.195998,-0.703523,-0.172151,0.661061
2080008787,3,-0.196264,-0.703249,-0.172509,0.661181
2080008797,3,-0.196525,-0.70289,-0.172902,0.661382
2080008807,3,-0.196773,-0.702468,-0.173333,0.661644
2080008817,3,-0.196975,-0.701953,-0.173826,0.662002
2080008827,3,-0.197147,-0.701355,-0.174359,0.662444
2080008837,3,-0.197282,-0.7007,-0.174933,0.662945
2080008847,3,-0.197398,-0.700019,-0.175528,0.663473
2080008857,3,-0.197514,-0.699353,-0.176091,0.663991
2080008867,3,-0.19767,-0.698713,-0.1766,0.664483
2080008877,3,-0.1979,-0.698167,-0.176989,0.664885
2080008887,3,-0.198217,-0.697708,-0.177259,0.6652
2080008897,3,-0.19861,-0.697417,-0.177413,0.665347
2080008908,3,-0.199086,-0.697271,-0.17745,0.665348
2080008918,3,-0.199607,-0.697271,-0.177401,0.665205
2080008928,3,-0.200157,-0.697402,-0.177297,0.66493
2080008938,3,-0.200719,-0.697619,-0.17715,0.664572
2080008948,3,-0.201242,-0.697879,-0.176996,0.664182
2080008958,3,-0.201703,-0.698132,-0.176854,0.663814
2080008968,3,-0.202093,-0.698382,-0.176734,0.663464
2080008978,3,-0.202293,-0.698417,-0.176768,0.663358
2080008988,3,-0.202452,-0.698386,-0.176808,0.663331
2080008998,3,-0.202589,-0.698266,-0.176831,0.663409
2080009008,3,-0.202714,-0.698236,-0.176822,0.663405
2080009018,3,-0.202844,-0.698118,-0.176783,0.663499
2080009028,3,-0.202977,-0.697907,-0.176701,0.663702
2080009039,3,-0.203101,-0.697616,-0.176588,0.664
2080009049,3,-0.203212,-0.697235,-0.176468,0.664399
2080009059,3,-0.203259,-0.696754,-0.176372,0.664914
2080009069,3,-0.203266,-0.696215,-0.176274,0.665502
2080009079,3,-0.203245,-0.69565,-0.176169,0.666128
2080009089,3,-0.203208,-0.695094,-0.176027,0.666756
2080009099,3,-0.203181,-0.694585,-0.175834,0.667345
2080009109,3,-0.20318,-0.694181,-0.175552,0.66784
2080009119,3,-0.20322,-0.693925,-0.175185,0.66819
2080009129,3,-0.203316,-0.693855,-0.174719,0.668356
2080009139,3,-0.203478,-0.693979,-0.174149,0.668326
2080009149,3,-0.20367,-0.694292,-0.173498,0.668112
2080009159,3,-0.20392,-0.694787,-0.172766,0.667711
2080009170,3,-0.204166,-0.695429,-0.172005,0.667164
2080009180,3,-0.204373,-0.696168,-0.171247,0.666524
2080009190,3,-0.204519,-0.696959,-0.170523,0.665838
2080009200,3,-0.204558,-0.697748,-0.169884,0.665162
2080009210,3,-0.204497,-0.698482,-0.169328,0.664553
2080009220,3,-0.204311,-0.699125,-0.168874,0.664049
2080009230,3,-0.204013,-0.699658,-0.1685,0.663674
2080009240,3,-0.203646,-0.700062,-0.168163,0.663446
2080009250,3,-0.203213,-0.700356,-0.167881,0.66334
2080009260,3,-0.20273,-0.700542,-0.167622,0.663357
2080009270,3,-0.202204,-0.700662,-0.167401,0.663447
2080009280,3,-0.201657,-0.700712,-0.167201,0.663611
2080009290,3,-0.201116,-0.700717,-0.166985,0.663824
2080009301,3,-0.20055,-0.700682,-0.166802,0.664078
2080009311,3,-0.199949,-0.70064,-0.16666,0.664339
2080009321,3,-0.199344,-0.700606,-0.166527,0.66459
2080009331,3,-0.198737,-0.700603,-0.166402,0.664807
2080009341,3,-0.198152,-0.70063,-0.166258,0.664988
2080009351,3,-0.19761,-0.700746,-0.166091,0.66507
2080009361,3,-0.197154,-0.700949,-0.16587,0.665047
2080009371,3,-0.196781,-0.701258,-0.165599,0.664899
2080009381,3,-0.196505,-0.701664,-0.165277,0.664632
2080009391,3,-0.196311,-0.702164,-0.164931,0.664248
2080009401,3,-0.196211,-0.702741,-0.16456,0.663759
2080009411,3,-0.196164,-0.703354,-0.164208,0.66321
2080009421,3,-0.196167,-0.703964,-0.163893,0.662639
2080009431,3,-0.196179,-0.704543,-0.163652,0.662079
2080009442,3,-0.196204,-0.705047,-0.163473,0.661579
2080009452,3,-0.196202,-0.705437,-0.163405,0.661181
2080009462,3,-0.196168,-0.705726,-0.163439,0.660875
2080009472,3,-0.196113,-0.705903,-0.163564,0.660671
2080009482,3,-0.196064,-0.705967,-0.163752,0.660571
2080009492,3,-0.196006,-0.705933,-0.164008,0.660561
2080009502,3,-0.195941,-0.705806,-0.164325,0.660637
2080009512,3,-0.195888,-0.705603,-0.164688,0.660778
2080009522,3,-0.195829,-0.705342,-0.16511,0.660969
2080009532,3,-0.195785,-0.705037,-0.165552,0.661198
2080009542,3,-0.195733,-0.704692,-0.166053,0.661455
2080009552,3,-0.195654,-0.704317,-0.166594,0.661741
2080009562,3,-0.195553,-0.703902,-0.167187,0.662063
2080009573,3,-0.195447,-0.70349,-0.167815,0.662374
2080009583,3,-0.195363,-0.7031,-0.168436,0.662655
2080009593,3,-0.195281,-0.702737,-0.169063,0.662904
2080009603,3,-0.195256,-0.702432,-0.169633,0.663089
2080009613,3,-0.195269,-0.702157,-0.170166,0.66324
2080009623,3,-0.195346,-0.70193,-0.170646,0.663335
2080009633,3,-0.195479,-0.701749,-0.171054,0.663381
2080009643,3,-0.19564,-0.701567,-0.171437,0.663427
2080009653,3,-0.195864,-0.701398,-0.171749,0.663459
2080009663,3,-0.196118,-0.701236,-0.172012,0.663488
2080009673,3,-0.196441,-0.701087,-0.172184,0.663505
2080009683,3,-0.196813,-0.700936,-0.172298,0.663525
2080009693,3,-0.197184,-0.700816,-0.172383,0.663519
2080009704,3,-0.197565,-0.700706,-0.17245,0.663505
2080009714,3,-0.197948,-0.700592,-0.172492,0.6635
2080009724,3,-0.198286,-0.700459,-0.17255,0.663525
2080009734,3,-0.198563,-0.700276,-0.172639,0.663612
2080009744,3,-0.19876,-0.700053,-0.172781,0.663751
2080009754,3,-0.198885,-0.699788,-0.172959,0.663946
2080009764,3,-0.198925,-0.699488,-0.173174,0.664194
2080009774,3,-0.198918,-0.699177,-0.173393,0.664467
2080009784,3,-0.198894,-0.698879,-0.173578,0.664739
2080009794,3,-0.198865,-0.698597,-0.173731,0.665004
2080009804,3,-0.198817,-0.698345,-0.173829,0.665258
2080009814,3,-0.198755,-0.698145,-0.173875,0.665475
2080009824,3,-0.198704,-0.697979,-0.173849,0.66567
2080009834,3,-0.198624,-0.697869,-0.173786,0.665826
2080009845,3,-0.198508,-0.697791,-0.173679,0.66597
2080009855,3,-0.198369,-0.697739,-0.173521,0.666108
2080009865,3,-0.198204,-0.697723,-0.17333,0.666223
2080009875,3,-0.197996,-0.697745,-0.173096,0.666322
2080009885,3,-0.197771,-0.697798,-0.172806,0.666409
2080009895,3,-0.197535,-0.69789,-0.172447,0.666475
2080009905,3,-0.197327,-0.698026,-0.172008,0.666508
2080009915,3,-0.197127,-0.698209,-0.171503,0.666506
2080009925,3,-0.196955,-0.698438,-0.170937,0.666462
2080009935,3,-0.19681,-0.698741,-0.170313,0.666347
2080009945,3,-0.196686,-0.699054,-0.169667,0.66622
2080009955,3,-0.196547,-0.699382,-0.169038,0.666077
2080009965,3,-0.196386,-0.699694,-0.168451,0.665946
2080009976,3,-0.19617,-0.699937,-0.167921,0.665888
2080009986,3,-0.195901,-0.70013,-0.167452,0.665882
2080009996,3,-0.195582,-0.700262,-0.167042,0.66594
2080010006,3,-0.195234,-0.700387,-0.166675,0.666003
2080010016,3,-0.194884,-0.700497,-0.166332,0.666075
2080010026,3,-0.194564,-0.700632,-0.165993,0.666111
2080010036,3,-0.1943,-0.700831,-0.165639,0.666068
2080010046,3,-0.194102,-0.701109,-0.165267,0.665925
2080010056,3,-0.19395,-0.70145,-0.1649,0.665701
2080010066,3,-0.193863,-0.701855,-0.164533,0.66539
2080010076,3,-0.193828,-0.702256,-0.164195,0.66506
2080010086,3,-0.193797,-0.702612,-0.163919,0.664761
2080010096,3,-0.193758,-0.702888,-0.163728,0.664528
2080010107,3,-0.193693,-0.703083,-0.163615,0.664368
2080010117,3,-0.193652,-0.703204,-0.163553,0.664268
2080010127,3,-0.193598,-0.703283,-0.163558,0.664199
2080010137,3,-0.193556,-0.703358,-0.163571,0.664128
2080010147,3,-0.193566,-0.70344,-0.163581,0.664036
2080010157,3,-0.193629,-0.703563,-0.163579,0.663887
2080010167,3,-0.193724,-0.703746,-0.163566,0.663669
2080010177,3,-0.193829,-0.70399,-0.163563,0.66338
2080010187,3,-0.193991,-0.704269,-0.16353,0.663045
2080010197,3,-0.194171,-0.704582,-0.163498,0.662668
2080010207,3,-0.194369,-0.704922,-0.163477,0.662253
2080010217,3,-0.194552,-0.705239,-0.163476,0.661862
2080010227,3,-0.194689,-0.705498,-0.163538,0.66153
2080010237,3,-0.194783,-0.705713,-0.163652,0.661245
2080010248,3,-0.194824,-0.705879,-0.163823,0.661013
2080010258,3,-0.194857,-0.706001,-0.164021,0.660825
2080010268,3,-0.194871,-0.706058,-0.164248,0.660703
2080010278,3,-0.194909,-0.706052,-0.164477,0.660641
2080010288,3,-0.194957,-0.706026,-0.164689,0.660602
2080010298,3,-0.195036,-0.705958,-0.1649,0.660598
2080010308,3,-0.195142,-0.705854,-0.165094,0.66063
2080010318,3,-0.195258,-0.705682,-0.165308,0.660726
2080010328,3,-0.195378,-0.705472,-0.165538,0.660856
2080010338,3,-0.19549,-0.705217,-0.165799,0.66103
2080010348,3,-0.195585,-0.704919,-0.166121,0.66124
2080010358,3,-0.195643,-0.704601,-0.166478,0.661472
2080010368,3,-0.195683,-0.704268,-0.166874,0.661715
2080010379,3,-0.195724,-0.703944,-0.167282,0.661944
2080010389,3,-0.195755,-0.703654,-0.167722,0.662132
2080010399,3,-0.195801,-0.703407,-0.168144,0.662274
2080010409,3,-0.195867,-0.703211,-0.168542,0.662361
2080010419,3,-0.195942,-0.703057,-0.168931,0.662403
2080010429,3,-0.196039,-0.702971,-0.169288,0.662375
2080010439,3,-0.196135,-0.702899,-0.16963,0.662335
2080010449,3,-0.196222,-0.702845,-0.16998,0.662277
2080010459,3,-0.196296,-0.702785,-0.170321,0.662231
2080010469,3,-0.19634,-0.702715,-0.170679,0.6622
2080010479,3,-0.196357,-0.702591,-0.17106,0.662229
2080010489,3,-0.196344,-0.702409,-0.171475,0.662318
2080010499,3,-0.19631,-0.702178,-0.171892,0.662465
2080010510,3,-0.196262,-0.701883,-0.172326,0.662679
2080010520,3,-0.196236,-0.701555,-0.172718,0.662932
2080010530,3,-0.196252,-0.701239,-0.173063,0.663172
2080010540,3,-0.196326,-0.700939,-0.173342,0.663394
2080010550,3,-0.196468,-0.700651,-0.173567,0.663597
2080010560,3,-0.196661,-0.700378,-0.173738,0.663784
2080010570,3,-0.196886,-0.700123,-0.173897,0.663945
2080010580,3,-0.19712,-0.699871,-0.17406,0.664098
2080010590,3,-0.197329,-0.699634,-0.174278,0.664228
2080010600,3,-0.197536,-0.69939,-0.174529,0.664358
2080010610,3,-0.197723,-0.699116,-0.174813,0.664515
2080010620,3,-0.197902,-0.698843,-0.175129,0.664666
2080010630,3,-0.198104,-0.698561,-0.175442,0.66482
2080010640,3,-0.198314,-0.698292,-0.175759,0.664957
2080010651,3,-0.198562,-0.698069,-0.176064,0.665036
2080010661,3,-0.19882,-0.6979,-0.176349,0.665061
2080010671,3,-0.199067,-0.69778,-0.176672,0.665027
2080010681,3,-0.199277,-0.697713,-0.177016,0.664943
2080010691,3,-0.199465,-0.69768,-0.177362,0.664829
2080010701,3,-0.199623,-0.697657,-0.1777,0.664716
2080010711,3,-0.199769,-0.697687,-0.178008,0.664557
2080010721,3,-0.199907,-0.697751,-0.178257,0.664382
2080010731,3,-0.200097,-0.697864,-0.178401,0.664167
2080010741,3,-0.200312,-0.698058,-0.178469,0.663881
2080010751,3,-0.200542,-0.698292,-0.178477,0.663563
2080010761,3,-0.200749,-0.698563,-0.178458,0.66322
2080010771,3,-0.200965,-0.698835,-0.178409,0.662881
2080010782,3,-0.201184,-0.69909,-0.178343,0.662563
2080010792,3,-0.20139,-0.699303,-0.178271,0.662295
2080010802,3,-0.201654,-0.699577,-0.178118,0.661966
2080010812,3,-0.201929,-0.69979,-0.177972,0.661696
2080010822,3,-0.202198,-0.699926,-0.177842,0.661506
2080010832,3,-0.202468,-0.69997,-0.177737,0.661405
2080010842,3,-0.202735,-0.699918,-0.177667,0.661397
2080010852,3,-0.20301,-0.69978,-0.177636,0.661467
2080010862,3,-0.203281,-0.699572,-0.177657,0.661599
2080010872,3,-0.203567,-0.699303,-0.177716,0.661779
2080010882,3,-0.203874,-0.698989,-0.177814,0.661989
2080010892,3,-0.204213,-0.698632,-0.177923,0.662233
2080010902,3,-0.204593,-0.698277,-0.178039,0.662459
2080010913,3,-0.205018,-0.697969,-0.178148,0.662623
2080010923,3,-0.205482,-0.697765,-0.178231,0.662672
2080010933,3,-0.20599,-0.697687,-0.178292,0.66258
2080010943,3,-0.206512,-0.697771,-0.178361,0.662309
2080010953,3,-0.207019,-0.698007,-0.178456,0.661877
2080010963,3,-0.207525,-0.698351,-0.178554,0.661329
2080010973,3,-0.208028,-0.698775,-0.178654,0.660696
2080010983,3,-0.208513,-0.699232,-0.178756,0.660031
2080010993,3,-0.208937,-0.699687,-0.178893,0.659378
2080011003,3,-0.209305,-0.700093,-0.179069,0.658782
2080011013,3,-0.20961,-0.700427,-0.179279,0.658273
2080011023,3,-0.209875,-0.700652,-0.179493,0.657891
2080011033,3,-0.210078,-0.700746,-0.179718,0.657664
2080011043,3,-0.21025,-0.700714,-0.179925,0.657587
2080011054,3,-0.210428,-0.700568,-0.180095,0.657639
2080011064,3,-0.210588,-0.700299,-0.180238,0.657835
2080011074,3,-0.210757,-0.699967,-0.180347,0.658104
2080011084,3,-0.210935,-0.699577,-0.180418,0.658442
2080011094,3,-0.211137,-0.699164,-0.180444,0.658809
2080011104,3,-0.211367,-0.698738,-0.180431,0.65919
2080011114,3,-0.21161,-0.698308,-0.180402,0.659576
2080011124,3,-0.21184,-0.697904,-0.180403,0.659929
2080011134,3,-0.212047,-0.697519,-0.180438,0.660261
2080011144,3,-0.212249,-0.697183,-0.180495,0.660535
2080011154,3,-0.212419,-0.696919,-0.180615,0.660725
2080011164,3,-0.212589,-0.696727,-0.180766,0.660832
2080011174,3,-0.212744,-0.696621,-0.180963,0.66084
2080011185,3,-0.212908,-0.696618,-0.181174,0.660733
2080011195,3,-0.213066,-0.696695,-0.18141,0.660536
2080011205,3,-0.213201,-0.696852,-0.181674,0.660254
2080011215,3,-0.213316,-0.697051,-0.18198,0.659923
2080011225,3,-0.213415,-0.69723,-0.182296,0.659615
2080011235,3,-0.213482,-0.697381,-0.182629,0.659341
2080011245,3,-0.213505,-0.697493,-0.182982,0.659117
2080011255,3,-0.213496,-0.697539,-0.183347,0.65897
2080011265,3,-0.213418,-0.69751,-0.183727,0.65892
2080011275,3,-0.213316,-0.697401,-0.184113,0.658961
2080011285,3,-0.213171,-0.697219,-0.184494,0.659093
2080011295,3,-0.212999,-0.69697,-0.184861,0.659309
2080011305,3,-0.212812,-0.696676,-0.185202,0.659585
2080011316,3,-0.21262,-0.696371,-0.185512,0.659881
2080011326,3,-0.212448,-0.696054,-0.18576,0.660201
2080011336,3,-0.212294,-0.695725,-0.185952,0.660544
2080011346,3,-0.212156,-0.695423,-0.186091,0.660867
2080011356,3,-0.212044,-0.695155,-0.186157,0.661166
2080011366,3,-0.211927,-0.694922,-0.186206,0.661435
2080011376,3,-0.211778,-0.694712,-0.186234,0.661695
2080011386,3,-0.211621,-0.694537,-0.18624,0.661928
2080011396,3,-0.21143,-0.694371,-0.186257,0.662157
2080011406,3,-0.21124,-0.694248,-0.186236,0.662353
2080011416,3,-0.211057,-0.694168,-0.186191,0.662508
2080011426,3,-0.21087,-0.694143,-0.186135,0.662609
2080011436,3,-0.210681,-0.694169,-0.186059,0.662663
2080011447,3,-0.210489,-0.694231,-0.18597,0.662685
2080011457,3,-0.210342,-0.694338,-0.185842,0.662655
2080011467,3,-0.210213,-0.69448,-0.185666,0.662597
2080011477,3,-0.210097,-0.694679,-0.185462,0.662482
2080011487,3,-0.209997,-0.694899,-0.18522,0.66235
2080011497,3,-0.209889,-0.695127,-0.184951,0.66222
2080011507,3,-0.209777,-0.695346,-0.184667,0.662106
2080011517,3,-0.209656,-0.695563,-0.184371,0.661999
2080011527,3,-0.209532,-0.69579,-0.184058,0.661887
2080011537,3,-0.209425,-0.696014,-0.183694,0.661786
2080011547,3,-0.209315,-0.696233,-0.183307,0.661697
2080011557,3,-0.209252,-0.696456,-0.18286,0.661606
2080011567,3,-0.209208,-0.696654,-0.182375,0.661546
2080011577,3,-0.209173,-0.696836,-0.181859,0.661508
2080011588,3,-0.209176,-0.697005,-0.181297,0.661482
2080011598,3,-0.20919,-0.697157,-0.180702,0.661481
2080011608,3,-0.209193,-0.697291,-0.180123,0.661496
2080011618,3,-0.209164,-0.697417,-0.179582,0.661519
2080011628,3,-0.209116,-0.697543,-0.179081,0.661538
2080011638,3,-0.209057,-0.697664,-0.178617,0.661555
2080011648,3,-0.208969,-0.697788,-0.178225,0.661557
2080011658,3,-0.208852,-0.697937,-0.177891,0.661527
2080011668,3,-0.208739,-0.698089,-0.177587,0.661484
2080011678,3,-0.208631,-0.698279,-0.177321,0.661389
2080011688,3,-0.208526,-0.698494,-0.177101,0.661254
2080011698,3,-0.208436,-0.69874,-0.176916,0.661072
2080011708,3,-0.208394,-0.699014,-0.176718,0.660849
2080011719,3,-0.208403,-0.699342,-0.176516,0.660553
2080011729,3,-0.208449,-0.699725,-0.176295,0.660191
2080011739,3,-0.208535,-0.700159,-0.17606,0.659766
2080011749,3,-0.208654,-0.700633,-0.175833,0.659286
2080011759,3,-0.208772,-0.701111,-0.175624,0.658796
2080011769,3,-0.208871,-0.701619,-0.17545,0.65827
2080011779,3,-0.208938,-0.702101,-0.17532,0.657769
2080011789,3,-0.208975,-0.702556,-0.175222,0.657298
2080011799,3,-0.20895,-0.702965,-0.175187,0.656877
2080011809,3,-0.208885,-0.703325,-0.175202,0.656509
2080011819,3,-0.208766,-0.703599,-0.175245,0.656241
2080011829,3,-0.208615,-0.703805,-0.175323,0.656048
2080011839,3,-0.208429,-0.703934,-0.175426,0.655941
2080011850,3,-0.208223,-0.703986,-0.175533,0.655922
2080011860,3,-0.208013,-0.703991,-0.175636,0.655955
2080011870,3,-0.207784,-0.70394,-0.175767,0.656048
2080011880,3,-0.207556,-0.703863,-0.175896,0.656168
2080011890,3,-0.207298,-0.703751,-0.176063,0.656325
2080011900,3,-0.207041,-0.703624,-0.176242,0.656494
2080011910,3,-0.206772,-0.703485,-0.176447,0.656672
2080011920,3,-0.206524,-0.703371,-0.176659,0.656816
2080011930,3,-0.206288,-0.703263,-0.176872,0.656948
2080011940,3,-0.206086,-0.703197,-0.177072,0.657029
2080011950,3,-0.205933,-0.703186,-0.177266,0.657036
2080011960,3,-0.20581,-0.703196,-0.177445,0.657015
2080011970,3,-0.205716,-0.703237,-0.177626,0.656952
2080011980,3,-0.205658,-0.703285,-0.177809,0.656869
2080011991,3,-0.205619,-0.703328,-0.177985,0.656788
2080012001,3,-0.20562,-0.703321,-0.178146,0.656752
2080012011,3,-0.205646,-0.703264,-0.178294,0.656764
2080012021,3,-0.205685,-0.703131,-0.178441,0.656854
2080012031,3,-0.205733,-0.702924,-0.178582,0.657022
2080012041,3,-0.205818,-0.70264,-0.178703,0.657267
2080012051,3,-0.205899,-0.702313,-0.178835,0.657555
2080012061,3,-0.205988,-0.70197,-0.178968,0.657857
2080012071,3,-0.206068,-0.701623,-0.179096,0.658168
2080012081,3,-0.206174,-0.701285,-0.179217,0.658462
2080012091,3,-0.20629,-0.700959,-0.179327,0.658742
2080012101,3,-0.206399,-0.70064,-0.17945,0.659014
2080012111,3,-0.206501,-0.700331,-0.17958,0.659275
2080012122,3,-0.206576,-0.700034,-0.179745,0.659521
2080012132,3,-0.206611,-0.699716,-0.179953,0.659792
2080012142,3,-0.206645,-0.699364,-0.18018,0.660092
2080012152,3,-0.206659,-0.698985,-0.180422,0.660423
2080012162,3,-0.206684,-0.698582,-0.180662,0.660776
2080012172,3,-0.206735,-0.698186,-0.180876,0.661119
2080012182,3,-0.206814,-0.697786,-0.181075,0.661463
2080012192,3,-0.20695,-0.697427,-0.181238,0.661754
2080012202,3,-0.207122,-0.697113,-0.181375,0.661994
2080012212,3,-0.207309,-0.696813,-0.181517,0.662212
2080012222,3,-0.207463,-0.696514,-0.181715,0.662423
2080012232,3,-0.2076,-0.69621,-0.181959,0.662634
2080012242,3,-0.207714,-0.695886,-0.182248,0.662859
2080012253,3,-0.207796,-0.695564,-0.182571,0.663082
2080012263,3,-0.207865,-0.695229,-0.182929,0.663313
2080012273,3,-0.207937,-0.694911,-0.183276,0.663527
2080012283,3,-0.208026,-0.694597,-0.183614,0.663736
2080012293,3,-0.208139,-0.694326,-0.183911,0.663901
2080012303,3,-0.208284,-0.694117,-0.184167,0.664003
2080012313,3,-0.208468,-0.693967,-0.184366,0.664047
2080012323,3,-0.208661,-0.69389,-0.184509,0.664027
2080012333,3,-0.208878,-0.693887,-0.184604,0.663935
2080012343,3,-0.209098,-0.693979,-0.184647,0.663759
2080012353,3,-0.209319,-0.694164,-0.184652,0.663494
2080012363,3,-0.209515,-0.694409,-0.184658,0.663174
2080012373,3,-0.209685,-0.694692,-0.184632,0.66283
2080012383,3,-0.20984,-0.694957,-0.184583,0.662517
2080012394,3,-0.209933,-0.695216,-0.184564,0.662221
2080012404,3,-0.209987,-0.695447,-0.184541,0.661968
2080012414,3,-0.210031,-0.695668,-0.184494,0.661735
2080012424,3,-0.210069,-0.695881,-0.184426,0.661518
2080012434,3,-0.21013,-0.69606,-0.184321,0.661339
2080012444,3,-0.21019,-0.696221,-0.184189,0.661188
2080012454,3,-0.210275,-0.69634,-0.184034,0.661079
2080012464,3,-0.210367,-0.69643,-0.183871,0.661
2080012474,3,-0.210468,-0.6965,-0.183705,0.66094
2080012484,3,-0.210527,-0.696548,-0.183583,0.660905
2080012494,3,-0.210591,-0.696606,-0.183444,0.660862
2080012504,3,-0.210662,-0.696681,-0.183298,0.6608
2080012514,3,-0.210755,-0.696823,-0.183129,0.660668
2080012525,3,-0.210859,-0.697039,-0.182938,0.66046
2080012535,3,-0.210971,-0.697352,-0.182735,0.66015
2080012545,3,-0.211088,-0.697778,-0.182499,0.659728
2080012555,3,-0.211184,-0.698288,-0.182259,0.659223
2080012565,3,-0.211258,-0.698863,-0.182015,0.658657
2080012575,3,-0.211278,-0.699477,-0.181768,0.658067
2080012585,3,-0.211258,-0.700087,-0.181511,0.657496
2080012595,3,-0.21119,-0.700699,-0.181243,0.656939
2080012605,3,-0.211087,-0.701298,-0.180948,0.656414
2080012615,3,-0.210954,-0.701843,-0.180641,0.655959
2080012625,3,-0.210789,-0.702337,-0.18032,0.655571
2080012635,3,-0.210612,-0.702776,-0.179977,0.655252
2080012645,3,-0.2104,-0.70314,-0.17964,0.655022
2080012656,3,-0.210142,-0.703409,-0.179318,0.654904
2080012666,3,-0.20987,-0.703578,-0.178996,0.654898
2080012676,3,-0.209598,-0.703638,-0.178673,0.655009
2080012686,3,-0.209324,-0.703598,-0.178359,0.655225
2080012696,3,-0.209065,-0.70347,-0.178025,0.655536
2080012706,3,-0.208859,-0.703279,-0.177682,0.655899
2080012716,3,-0.208669,-0.70306,-0.177343,0.656286
2080012726,3,-0.20855,-0.702855,-0.176989,0.656639
2080012736,3,-0.208466,-0.702703,-0.176638,0.656923
2080012746,3,-0.208444,-0.702635,-0.17629,0.657097
2080012756,3,-0.208453,-0.70267,-0.175964,0.657144
2080012766,3,-0.208464,-0.702764,-0.175692,0.657112
2080012776,3,-0.208503,-0.702935,-0.175462,0.656979
2080012786,3,-0.208534,-0.703144,-0.17528,0.656793
2080012797,3,-0.20855,-0.703351,-0.175159,0.656599
2080012807,3,-0.208535,-0.703534,-0.175114,0.65642
2080012817,3,-0.208509,-0.703701,-0.175119,0.656247
2080012827,3,-0.208479,-0.70382,-0.175162,0.656118
2080012837,3,-0.208441,-0.703913,-0.175245,0.656007
2080012847,3,-0.208402,-0.703939,-0.175349,0.655964
2080012857,3,-0.208376,-0.703914,-0.17548,0.655965
2080012867,3,-0.208362,-0.703792,-0.175624,0.656061
2080012877,3,-0.208349,-0.703576,-0.175807,0.656248
2080012887,3,-0.208334,-0.703272,-0.176011,0.656524
2080012897,3,-0.208319,-0.702901,-0.176261,0.656859
2080012907,3,-0.208292,-0.702456,-0.176556,0.657264
2080012917,3,-0.208269,-0.701924,-0.176885,0.657751
2080012928,3,-0.20825,-0.701338,-0.177248,0.658285
2080012938,3,-0.208243,-0.700715,-0.177644,0.658843
2080012948,3,-0.208268,-0.700073,-0.178057,0.659406
2080012958,3,-0.208324,-0.699449,-0.17849,0.659933
2080012968,3,-0.208428,-0.698868,-0.178924,0.660399
2080012978,3,-0.2086,-0.698352,-0.179328,0.66078
2080012988,3,-0.208807,-0.697894,-0.179736,0.661087
2080012998,3,-0.209055,-0.697494,-0.180143,0.661321
2080013008,3,-0.209322,-0.697165,-0.180572,0.661466
2080013018,3,-0.209596,-0.696879,-0.181011,0.661561
2080013028,3,-0.209874,-0.696656,-0.181443,0.661589
2080013038,3,-0.210128,-0.696459,-0.181927,0.661584
2080013048,3,-0.210359,-0.696318,-0.182431,0.66152
2080013059,3,-0.210575,-0.696218,-0.182926,0.661419
2080013069,3,-0.210761,-0.696143,-0.183423,0.661302
2080013079,3,-0.210918,-0.696103,-0.183903,0.66116
2080013089,3,-0.211058,-0.696081,-0.184352,0.661013
2080013099,3,-0.21118,-0.696071,-0.184751,0.660873
2080013109,3,-0.211266,-0.696054,-0.185108,0.660764
2080013119,3,-0.21133,-0.696019,-0.18542,0.660693
2080013129,3,-0.211356,-0.695972,-0.185696,0.660656
2080013139,3,-0.21135,-0.695912,-0.185933,0.660655
2080013149,3,-0.2113,-0.695858,-0.186133,0.660672
2080013159,3,-0.211228,-0.695775,-0.186303,0.660734
2080013169,3,-0.211103,-0.695711,-0.186463,0.660797
2080013179,3,-0.21095,-0.695617,-0.186602,0.660905
2080013189,3,-0.210761,-0.695507,-0.186741,0.661042
2080013200,3,-0.210576,-0.695393,-0.18684,0.661192
2080013210,3,-0.21039,-0.695275,-0.18691,0.661356
2080013220,3,-0.210214,-0.695161,-0.186946,0.661521
2080013230,3,-0.210059,-0.695096,-0.186969,0.661633
2080013240,3,-0.209933,-0.695071,-0.186953,0.661704
2080013250,3,-0.209853,-0.695095,-0.186889,0.661722
2080013260,3,-0.209787,-0.695182,-0.186823,0.66167
2080013270,3,-0.209757,-0.695327,-0.186735,0.661551
2080013280,3,-0.209751,-0.695513,-0.18662,0.66139
2080013290,3,-0.20977,-0.695756,-0.186491,0.661166
2080013300,3,-0.209807,-0.696059,-0.186344,0.660876
2080013310,3,-0.209858,-0.696423,-0.186172,0.660525
2080013320,3,-0.209908,-0.696864,-0.185993,0.660095
2080013331,3,-0.209973,-0.69735,-0.185775,0.659621
2080013341,3,-0.210047,-0.697869,-0.185542,0.659114
2080013351,3,-0.210115,-0.698408,-0.185279,0.658595
2080013361,3,-0.210183,-0.698926,-0.185007,0.6581
2080013371,3,-0.210221,-0.699425,-0.184732,0.657635
2080013381,3,-0.210249,-0.699884,-0.184446,0.657218
2080013391,3,-0.210262,-0.700292,-0.184148,0.656863
2080013401,3,-0.21024,-0.700625,-0.183875,0.656592
2080013411,3,-0.210177,-0.700852,-0.183617,0.656441
2080013421,3,-0.21006,-0.700974,-0.183383,0.656414
2080013431,3,-0.209918,-0.70096,-0.183184,0.65653
2080013441,3,-0.209743,-0.700837,-0.183032,0.65676
2080013451,3,-0.209536,-0.700621,-0.182922,0.657087
2080013462,3,-0.209342,-0.700361,-0.182814,0.657456
2080013472,3,-0.209185,-0.700073,-0.182705,0.657843
2080013482,3,-0.209089,-0.699802,-0.182576,0.658197
2080013492,3,-0.209047,-0.699569,-0.18244,0.658496
2080013502,3,-0.20906,-0.699417,-0.182288,0.658696
2080013512,3,-0.209105,-0.699335,-0.182142,0.658808
2080013522,3,-0.209164,-0.69934,-0.182022,0.658817
2080013532,3,-0.209221,-0.699412,-0.181941,0.658745
2080013542,3,-0.209312,-0.699545,-0.181876,0.658593
2080013552,3,-0.20939,-0.699743,-0.181829,0.658371
2080013562,3,-0.209498,-0.699996,-0.181774,0.658082
2080013572,3,-0.209639,-0.700285,-0.181681,0.657756
2080013582,3,-0.209786,-0.700604,-0.181568,0.657401
2080013593,3,-0.209974,-0.700924,-0.181415,0.657042
2080013603,3,-0.210154,-0.701228,-0.181244,0.656706
2080013613,3,-0.210334,-0.701493,-0.181046,0.656421
2080013623,3,-0.210491,-0.701705,-0.180847,0.656198
2080013633,3,-0.210612,-0.701848,-0.180649,0.656061
2080013643,3,-0.210698,-0.7019,-0.180455,0.656031
2080013653,3,-0.210732,-0.701863,-0.18028,0.656108
2080013663,3,-0.210721,-0.701723,-0.180132,0.656302
2080013673,3,-0.210662,-0.701502,-0.180005,0.656592
2080013683,3,-0.210534,-0.701214,-0.179915,0.656966
2080013693,3,-0.210376,-0.700862,-0.179851,0.657409
2080013703,3,-0.210191,-0.70048,-0.179807,0.657887
2080013713,3,-0.210035,-0.700097,-0.179725,0.658367
2080013723,3,-0.209879,-0.69974,-0.17965,0.658816
2080013734,3,-0.209797,-0.699439,-0.179519,0.659198
2080013744,3,-0.20973,-0.699201,-0.179377,0.659511
2080013754,3,-0.209704,-0.69904,-0.179218,0.659732
2080013764,3,-0.209707,-0.698961,-0.179056,0.659859
2080013774,3,-0.209726,-0.698949,-0.178905,0.659906
2080013784,3,-0.20976,-0.698989,-0.178783,0.659887
2080013794,3,-0.209806,-0.699059,-0.178675,0.659827
2080013804,3,-0.20988,-0.69918,-0.178599,0.659695
2080013814,3,-0.209983,-0.699318,-0.178533,0.659534
2080013824,3,-0.21012,-0.699466,-0.178479,0.659348
2080013834,3,-0.210313,-0.699602,-0.178428,0.659157
2080013844,3,-0.210552,-0.699723,-0.178376,0.658966
2080013854,3,-0.210844,-0.699849,-0.178328,0.658751
2080013865,3,-0.211168,-0.699964,-0.178296,0.658534
2080013875,3,-0.211536,-0.700033,-0.178272,0.658349
2080013885,3,-0.21193,-0.700073,-0.178273,0.65818
2080013895,3,-0.212358,-0.700062,-0.178294,0.658048
2080013905,3,-0.212772,-0.699992,-0.178387,0.657963
2080013915,3,-0.213162,-0.699888,-0.178545,0.657905
2080013925,3,-0.213496,-0.699766,-0.17882,0.657852
2080013935,3,-0.213815,-0.699604,-0.179153,0.65783
2080013945,3,-0.214103,-0.699427,-0.179558,0.657814
2080013955,3,-0.214389,-0.699241,-0.180007,0.657796
2080013965,3,-0.21464,-0.699034,-0.180525,0.657792
2080013975,3,-0.214902,-0.698838,-0.181066,0.657766
2080013985,3,-0.215144,-0.698637,-0.181651,0.657739
2080013996,3,-0.215364,-0.698438,-0.182268,0.657708
2080014006,3,-0.215526,-0.698249,-0.182961,0.657663
2080014016,3,-0.21562,-0.698046,-0.183727,0.657634
2080014026,3,-0.215674,-0.697852,-0.184522,0.6576
2080014036,3,-0.215669,-0.697681,-0.185361,0.657547
2080014046,3,-0.215627,-0.697531,-0.186214,0.657479
2080014056,3,-0.215575,-0.697419,-0.187033,0.657382
2080014066,3,-0.215503,-0.697331,-0.18783,0.657272
2080014076,3,-0.215452,-0.697269,-0.188561,0.657145
2080014086,3,-0.215433,-0.697248,-0.189193,0.656992
2080014096,3,-0.215447,-0.69727,-0.189732,0.656808
2080014106,3,-0.215466,-0.697326,-0.190207,0.656605
2080014116,3,-0.215487,-0.697414,-0.190606,0.656389
2080014126,3,-0.215499,-0.69751,-0.190956,0.656181
2080014137,3,-0.215476,-0.69759,-0.191277,0.656011
2080014147,3,-0.215433,-0.697654,-0.191537,0.65588
2080014157,3,-0.215344,-0.697689,-0.191767,0.655806
2080014167,3,-0.215224,-0.697696,-0.191976,0.655776
2080014177,3,-0.215066,-0.697662,-0.192159,0.655811
2080014187,3,-0.214897,-0.697583,-0.192295,0.65591
2080014197,3,-0.214654,-0.697475,-0.192434,0.656064
2080014207,3,-0.214395,-0.697313,-0.192556,0.656285
2080014217,3,-0.214097,-0.697112,-0.192673,0.656562
2080014227,3,-0.213774,-0.69687,-0.192779,0.656892
2080014237,3,-0.213426,-0.696572,-0.192903,0.657284
2080014247,3,-0.21304,-0.696236,-0.193045,0.657725
2080014257,3,-0.212637,-0.695859,-0.193203,0.658207
2080014268,3,-0.2122,-0.695455,-0.193382,0.658722
2080014278,3,-0.211773,-0.695039,-0.193543,0.659251
2080014288,3,-0.211334,-0.694647,-0.193724,0.659752
2080014298,3,-0.210906,-0.694306,-0.193901,0.660196
2080014308,3,-0.210492,-0.693998,-0.194049,0.660608
2080014318,3,-0.210134,-0.693737,-0.19415,0.660966
2080014328,3,-0.209822,-0.693586,-0.19419,0.661212
2080014338,3,-0.209554,-0.69351,-0.19418,0.66138
2080014348,3,-0.209343,-0.693527,-0.194099,0.661453
2080014358,3,-0.209184,-0.6936,-0.193938,0.661474
2080014368,3,-0.209074,-0.69371,-0.193701,0.661462
2080014378,3,-0.208994,-0.693837,-0.193393,0.661445
2080014388,3,-0.208956,-0.693969,-0.193025,0.661426
2080014399,3,-0.208946,-0.694115,-0.192571,0.661408
2080014409,3,-0.208951,-0.69425,-0.192076,0.661409
2080014419,3,-0.20901,-0.694374,-0.191499,0.661427
2080014429,3,-0.209085,-0.694492,-0.190874,0.66146
2080014439,3,-0.209181,-0.694591,-0.190199,0.66152
2080014449,3,-0.209277,-0.69465,-0.189505,0.661628
2080014459,3,-0.209372,-0.694672,-0.188807,0.661773
2080014469,3,-0.209482,-0.694668,-0.188097,0.661946
2080014479,3,-0.2096,-0.694643,-0.187385,0.662136
2080014489,3,-0.209743,-0.694615,-0.186671,0.662322
2080014499,3,-0.209926,-0.694607,-0.185938,0.662478
2080014509,3,-0.210149,-0.694638,-0.185221,0.662576
2080014519,3,-0.210422,-0.694727,-0.184503,0.662596
2080014529,3,-0.210724,-0.694871,-0.183805,0.662544
2080014540,3,-0.21107,-0.695047,-0.183156,0.662428
2080014550,3,-0.211444,-0.695245,-0.182551,0.662268
2080014560,3,-0.21184,-0.695466,-0.182005,0.662059
2080014570,3,-0.212267,-0.695705,-0.181514,0.661807
2080014580,3,-0.212738,-0.695964,-0.181067,0.661506
2080014590,3,-0.213251,-0.69623,-0.180658,0.661173
2080014600,3,-0.213799,-0.696519,-0.180286,0.660792
2080014610,3,-0.214415,-0.696832,-0.179927,0.660361
2080014620,3,-0.215086,-0.697154,-0.179585,0.659895
2080014630,3,-0.215818,-0.697507,-0.179238,0.659378
2080014640,3,-0.216599,-0.69787,-0.1789,0.658829
2080014650,3,-0.21742,-0.698261,-0.17857,0.658234
2080014660,3,-0.218264,-0.698671,-0.178259,0.657603
2080014671,3,-0.219128,-0.699062,-0.177962,0.65698
2080014681,3,-0.219966,-0.699449,-0.17772,0.656353
2080014691,3,-0.220778,-0.699803,-0.177543,0.655752
2080014701,3,-0.221534,-0.700089,-0.177437,0.65522
2080014711,3,-0.222228,-0.700341,-0.177434,0.654715
2080014721,3,-0.222869,-0.700525,-0.177511,0.65428
2080014731,3,-0.223465,-0.700624,-0.177649,0.653933
2080014741,3,-0.224029,-0.700702,-0.177841,0.653604
2080014751,3,-0.224596,-0.700721,-0.178042,0.653334
2080014761,3,-0.225139,-0.700736,-0.178288,0.653065
2080014771,3,-0.225676,-0.700746,-0.178545,0.652798
2080014781,3,-0.226194,-0.700734,-0.178841,0.652551
2080014791,3,-0.226648,-0.700677,-0.179217,0.652351
2080014802,3,-0.227056,-0.700585,-0.179653,0.652188
2080014812,3,-0.227396,-0.700434,-0.180165,0.65209
2080014822,3,-0.227634,-0.700226,-0.180791,0.652058
2080014832,3,-0.22783,-0.699968,-0.181454,0.652082
2080014842,3,-0.227953,-0.699669,-0.182163,0.652163
2080014852,3,-0.22804,-0.699354,-0.18287,0.652271
2080014862,3,-0.228122,-0.69903,-0.183559,0.652397
2080014872,3,-0.22822,-0.698739,-0.184197,0.652494
2080014882,3,-0.228333,-0.698507,-0.18477,0.652542
2080014892,3,-0.228476,-0.698341,-0.185288,0.652522
2080014902,3,-0.228608,-0.698274,-0.185773,0.652409
2080014912,3,-0.228743,-0.698271,-0.186218,0.652238
2080014922,3,-0.22882,-0.698308,-0.186697,0.652035
2080014932,3,-0.228845,-0.698362,-0.187195,0.651825
2080014943,3,-0.22876,-0.69841,-0.187761,0.651641
2080014953,3,-0.228571,-0.69842,-0.188402,0.651512
2080014963,3,-0.228267,-0.698344,-0.189117,0.651493
2080014973,3,-0.227844,-0.698176,-0.189932,0.651584
2080014983,3,-0.227326,-0.6979,-0.190808,0.651805
2080014993,3,-0.226699,-0.697516,-0.191782,0.652148
2080015003,3,-0.226011,-0.697031,-0.192807,0.652603
2080015013,3,-0.225296,-0.696489,-0.193847,0.65312
2080015023,3,-0.224567,-0.695884,-0.194903,0.653702
2080015033,3,-0.223831,-0.695216,-0.195961,0.654349
2080015043,3,-0.223135,-0.694492,-0.196979,0.655049
2080015053,3,-0.222452,-0.693716,-0.197991,0.655798
2080015063,3,-0.221778,-0.692894,-0.19901,0.656586
2080015074,3,-0.221144,-0.692064,-0.19998,0.65738
2080015084,3,-0.220545,-0.691245,-0.200936,0.658152
2080015094,3,-0.220013,-0.690501,-0.201817,0.658841
2080015104,3,-0.21956,-0.689865,-0.202632,0.659407
2080015114,3,-0.219223,-0.689381,-0.203337,0.659808
2080015124,3,-0.219034,-0.689059,-0.2039,0.660034
2080015134,3,-0.218965,-0.688892,-0.204347,0.660093
2080015144,3,-0.219003,-0.688858,-0.204678,0.660014
2080015154,3,-0.219104,-0.688921,-0.204907,0.659843
2080015164,3,-0.219254,-0.689066,-0.205064,0.659593
2080015174,3,-0.21941,-0.689238,-0.205177,0.659326
2080015184,3,-0.219539,-0.689405,-0.205273,0.659079
2080015194,3,-0.219606,-0.689527,-0.205376,0.658897
2080015205,3,-0.219608,-0.68958,-0.205481,0.658807
2080015215,3,-0.219564,-0.689585,-0.205578,0.658787
2080015225,3,-0.219475,-0.689562,-0.205649,0.658819
2080015235,3,-0.219305,-0.689454,-0.205737,0.65896
2080015245,3,-0.219161,-0.689338,-0.205698,0.659142
2080015255,3,-0.219106,-0.689205,-0.205509,0.659358
2080015265,3,-0.21903,-0.689036,-0.205293,0.659628
2080015275,3,-0.218915,-0.688843,-0.205057,0.659941
2080015285,3,-0.218797,-0.688623,-0.204796,0.66029
2080015295,3,-0.218668,-0.68841,-0.204522,0.66064
2080015305,3,-0.218489,-0.688236,-0.204268,0.660959
2080015315,3,-0.218293,-0.688114,-0.204007,0.661231
2080015325,3,-0.218057,-0.688067,-0.203743,0.661439
2080015336,3,-0.217817,-0.688098,-0.203457,0.661574
2080015346,3,-0.217579,-0.688228,-0.203139,0.661615
2080015356,3,-0.217334,-0.688494,-0.202767,0.661533
2080015366,3,-0.217099,-0.688887,-0.202333,0.661334
2080015376,3,-0.216876,-0.689419,-0.201826,0.661007
2080015386,3,-0.216649,-0.690078,-0.201243,0.660572
2080015396,3,-0.21641,-0.690823,-0.200577,0.660074
2080015406,3,-0.216152,-0.691623,-0.19985,0.659541
2080015416,3,-0.215866,-0.692443,-0.199036,0.65902
2080015426,3,-0.21559,-0.69327,-0.198119,0.658517
2080015436,3,-0.215249,-0.694077,-0.197162,0.658065
2080015446,3,-0.214906,-0.69485,-0.196116,0.657674
2080015456,3,-0.214529,-0.69559,-0.195,0.657347
2080015466,3,-0.21414,-0.696263,-0.193814,0.657112
2080015477,3,-0.213745,-0.696891,-0.192558,0.656944
2080015487,3,-0.213357,-0.697458,-0.191228,0.656857
2080015497,3,-0.212998,-0.697979,-0.189816,0.65683
2080015507,3,-0.212648,-0.698463,-0.188333,0.656856
2080015517,3,-0.212315,-0.698914,-0.186784,0.656926
2080015527,3,-0.212014,-0.699327,-0.185197,0.657033
2080015537,3,-0.211749,-0.699707,-0.18356,0.657173
2080015547,3,-0.211512,-0.700068,-0.181907,0.657325
2080015557,3,-0.211309,-0.700405,-0.180269,0.657482
2080015567,3,-0.211101,-0.70072,-0.178691,0.657644
2080015577,3,-0.210894,-0.701012,-0.177182,0.657807
2080015587,3,-0.210689,-0.701311,-0.175746,0.65794
2080015597,3,-0.210478,-0.701642,-0.1744,0.658013
2080015608,3,-0.210234,-0.701986,-0.173171,0.658048
2080015618,3,-0.209977,-0.70236,-0.172049,0.658025
2080015628,3,-0.209728,-0.702754,-0.171014,0.657954
2080015638,3,-0.20949,-0.703166,-0.170053,0.657839
2080015648,3,-0.20928,-0.703596,-0.169159,0.657676
2080015658,3,-0.209109,-0.704049,-0.168327,0.65746
2080015668,3,-0.208985,-0.7045,-0.167551,0.657214
2080015678,3,-0.208896,-0.704949,-0.166834,0.656943
2080015688,3,-0.208848,-0.705373,-0.16618,0.656669
2080015698,3,-0.208835,-0.705741,-0.16561,0.656421
2080015708,3,-0.208829,-0.706056,-0.16514,0.656204
2080015718,3,-0.208836,-0.706284,-0.164772,0.656048
2080015728,3,-0.208848,-0.706416,-0.164521,0.655965
2080015739,3,-0.208851,-0.706443,-0.16438,0.655971
2080015749,3,-0.208862,-0.706344,-0.164369,0.656076
2080015759,3,-0.208887,-0.706104,-0.164458,0.656304
2080015769,3,-0.20893,-0.70577,-0.164624,0.656608
2080015779,3,-0.208968,-0.705325,-0.164913,0.657001
2080015789,3,-0.209029,-0.704852,-0.165282,0.657397
2080015799,3,-0.209111,-0.704365,-0.165713,0.657785
2080015809,3,-0.209235,-0.703879,-0.1662,0.658142
2080015819,3,-0.20938,-0.703402,-0.166764,0.658463
2080015829,3,-0.209553,-0.702928,-0.167376,0.658759
2080015839,3,-0.209723,-0.702487,-0.168067,0.659
2080015849,3,-0.209893,-0.702055,-0.168829,0.659211
2080015859,3,-0.210055,-0.70164,-0.169655,0.659389
2080015869,3,-0.210205,-0.701221,-0.170551,0.659556
2080015880,3,-0.210366,-0.700792,-0.171484,0.659718
2080015890,3,-0.210537,-0.700376,-0.172434,0.659857
2080015900,3,-0.210715,-0.699983,-0.173416,0.659961
2080015910,3,-0.210908,-0.699599,-0.1744,0.660047
2080015920,3,-0.211145,-0.699235,-0.17536,0.660103
2080015930,3,-0.211413,-0.698885,-0.176318,0.660132
2080015940,3,-0.211721,-0.698526,-0.177266,0.66016
2080015950,3,-0.21203,-0.698171,-0.178228,0.660177
2080015960,3,-0.212302,-0.697798,-0.179247,0.660208
2080015970,3,-0.21256,-0.697381,-0.180298,0.66028
2080015980,3,-0.21276,-0.69691,-0.181422,0.660404
2080015990,3,-0.212901,-0.69634,-0.182638,0.660625
2080016000,3,-0.213007,-0.695693,-0.183885,0.660926
2080016011,3,-0.21312,-0.694979,-0.185133,0.661293
2080016021,3,-0.213233,-0.694231,-0.18638,0.661692
2080016031,3,-0.213376,-0.693458,-0.187589,0.662115
2080016041,3,-0.213583,-0.692721,-0.188743,0.66249
2080016051,3,-0.213864,-0.69204,-0.189812,0.662806
2080016061,3,-0.214167,-0.691451,-0.190855,0.663024
2080016071,3,-0.214493,-0.690916,-0.191874,0.663182
2080016081,3,-0.214855,-0.690446,-0.192853,0.66327
2080016091,3,-0.215216,-0.690007,-0.193824,0.663327
2080016101,3,-0.215575,-0.689602,-0.194774,0.663354
2080016111,3,-0.215901,-0.689234,-0.195732,0.663348
2080016121,3,-0.216209,-0.688888,-0.196679,0.663327
2080016131,3,-0.216473,-0.688566,-0.197619,0.663295
2080016142,3,-0.216713,-0.688285,-0.198526,0.663239
2080016152,3,-0.216971,-0.688056,-0.199362,0.663141
2080016162,3,-0.217264,-0.687897,-0.200088,0.662991
2080016172,3,-0.217608,-0.687827,-0.200712,0.662763
2080016182,3,-0.217968,-0.68785,-0.201245,0.662459
2080016192,3,-0.218371,-0.687943,-0.201653,0.662104
2080016202,3,-0.218765,-0.688094,-0.201996,0.661713
2080016212,3,-0.219126,-0.688269,-0.202285,0.661324
2080016222,3,-0.219437,-0.688433,-0.202528,0.660975
2080016232,3,-0.219666,-0.68857,-0.202754,0.660687
2080016242,3,-0.219805,-0.68867,-0.202951,0.660476
2080016252,3,-0.219902,-0.688764,-0.2031,0.660301
2080016262,3,-0.219929,-0.688875,-0.203201,0.660144
2080016272,3,-0.219896,-0.689004,-0.203263,0.660002
2080016283,3,-0.219847,-0.689155,-0.203231,0.65987
2080016293,3,-0.219795,-0.689363,-0.203115,0.659706
2080016303,3,-0.219712,-0.689601,-0.202906,0.659549
2080016313,3,-0.219623,-0.6899,-0.202609,0.659357
2080016323,3,-0.219508,-0.690204,-0.202237,0.659191
2080016333,3,-0.219373,-0.690515,-0.20179,0.659048
2080016343,3,-0.219233,-0.690848,-0.201275,0.658902
2080016353,3,-0.219047,-0.691211,-0.200734,0.658749
2080016363,3,-0.218833,-0.691582,-0.20015,0.658608
2080016373,3,-0.218607,-0.692001,-0.199512,0.658437
2080016383,3,-0.218339,-0.692415,-0.198855,0.658289
2080016393,3,-0.2181,-0.692849,-0.198126,0.658132
2080016403,3,-0.217881,-0.693289,-0.19732,0.657983
2080016414,3,-0.217667,-0.693774,-0.196447,0.657803
2080016424,3,-0.217493,-0.694282,-0.195477,0.657614
2080016434,3,-0.217359,-0.694833,-0.19441,0.657393
2080016444,3,-0.21728,-0.695409,-0.193243,0.657154
2080016454,3,-0.217233,-0.69601,-0.191999,0.656898
2080016464,3,-0.217215,-0.69665,-0.19069,0.656607
2080016474,3,-0.217201,-0.697285,-0.189352,0.656324
2080016484,3,-0.21716,-0.697912,-0.188001,0.65606
2080016494,3,-0.217096,-0.698531,-0.186657,0.655806
2080016504,3,-0.216998,-0.699115,-0.185334,0.655591
2080016514,3,-0.216862,-0.699677,-0.184038,0.655402
2080016524,3,-0.216705,-0.7002,-0.182763,0.655252
2080016534,3,-0.216534,-0.700686,-0.181507,0.655138
2080016545,3,-0.216344,-0.701138,-0.180277,0.655057
2080016555,3,-0.21615,-0.701515,-0.179084,0.655044
2080016565,3,-0.21594,-0.701846,-0.177941,0.655071
2080016575,3,-0.215725,-0.70212,-0.176836,0.655147
2080016585,3,-0.215507,-0.702314,-0.175766,0.655298
2080016595,3,-0.215272,-0.702434,-0.174754,0.655518
2080016605,3,-0.214989,-0.702471,-0.173801,0.655825
2080016615,3,-0.214655,-0.702437,-0.17293,0.656201
2080016625,3,-0.214307,-0.702354,-0.172104,0.65662
2080016635,3,-0.213925,-0.702241,-0.171335,0.657066
2080016645,3,-0.213531,-0.702125,-0.170601,0.65751
2080016655,3,-0.213136,-0.702029,-0.169888,0.657925
2080016665,3,-0.21277,-0.701957,-0.169158,0.658308
2080016675,3,-0.212441,-0.701929,-0.168409,0.658636
2080016686,3,-0.212164,-0.701976,-0.167648,0.658869
2080016696,3,-0.211947,-0.70211,-0.166856,0.658998
2080016706,3,-0.21178,-0.70229,-0.166077,0.659055
2080016716,3,-0.21165,-0.702538,-0.165326,0.659022
2080016726,3,-0.211535,-0.702805,-0.164631,0.658949
2080016736,3,-0.211423,-0.703062,-0.164023,0.658861
2080016746,3,-0.211296,-0.703274,-0.163522,0.658801
2080016756,3,-0.211164,-0.703438,-0.163127,0.658766
2080016766,3,-0.211059,-0.703541,-0.162825,0.658764
2080016776,3,-0.210968,-0.703564,-0.162631,0.658817
2080016786,3,-0.210906,-0.703499,-0.162542,0.658928
2080016796,3,-0.210862,-0.703327,-0.162584,0.659115
2080016806,3,-0.210834,-0.703062,-0.162759,0.659363
2080016817,3,-0.210831,-0.702725,-0.163063,0.659649
2080016827,3,-0.210856,-0.702308,-0.163487,0.65998
2080016837,3,-0.210886,-0.701807,-0.16406,0.660361
2080016847,3,-0.21092,-0.701247,-0.164755,0.660772
2080016857,3,-0.210965,-0.700625,-0.165586,0.66121
2080016867,3,-0.211018,-0.699929,-0.166517,0.661695
2080016877,3,-0.211086,-0.699197,-0.167541,0.662189
2080016887,3,-0.21119,-0.698482,-0.168612,0.662639
2080016897,3,-0.211347,-0.697783,-0.169728,0.66304
2080016907,3,-0.211583,-0.697118,-0.170852,0.663376
2080016917,3,-0.211908,-0.696527,-0.171965,0.663605
2080016927,3,-0.212337,-0.696066,-0.173038,0.663673
2080016937,3,-0.212871,-0.695737,-0.174085,0.663572
2080016948,3,-0.213528,-0.695538,-0.175082,0.663308
2080016958,3,-0.214296,-0.695459,-0.176049,0.662887
2080016968,3,-0.215113,-0.695454,-0.177035,0.662365
2080016978,3,-0.215977,-0.695498,-0.178045,0.661766
2080016988,3,-0.216857,-0.695539,-0.179112,0.661147
2080016998,3,-0.217728,-0.695558,-0.180255,0.66053
2080017008,3,-0.218583,-0.695489,-0.181482,0.659984
2080017018,3,-0.219404,-0.69535,-0.182784,0.659499
2080017028,3,-0.220214,-0.695119,-0.184136,0.659096
2080017038,3,-0.221054,-0.694769,-0.185516,0.658796
2080017048,3,-0.221896,-0.694345,-0.186931,0.65856
2080017058,3,-0.222768,-0.693868,-0.188345,0.658366
2080017068,3,-0.223667,-0.693349,-0.189764,0.658201
2080017078,3,-0.224585,-0.692786,-0.191198,0.658067
2080017089,3,-0.225485,-0.692178,-0.192684,0.657965
2080017099,3,-0.226328,-0.691479,-0.194269,0.657944
2080017109,3,-0.227104,-0.690739,-0.195965,0.657951
2080017119,3,-0.227838,-0.689908,-0.197752,0.658034
2080017129,3,-0.228533,-0.68903,-0.199595,0.658157
2080017139,3,-0.22918,-0.68811,-0.201513,0.65831
2080017149,3,-0.229813,-0.687183,-0.203467,0.658456
2080017159,3,-0.230471,-0.686301,-0.205414,0.658542
2080017169,3,-0.231174,-0.685531,-0.207345,0.658492
2080017179,3,-0.231893,-0.68486,-0.209249,0.658335
2080017189,3,-0.232684,-0.684301,-0.211089,0.65805
2080017199,3,-0.233521,-0.683864,-0.212894,0.657627
2080017209,3,-0.234424,-0.683513,-0.214606,0.657113
2080017220,3,-0.235384,-0.683241,-0.216237,0.656518
2080017230,3,-0.236382,-0.683064,-0.217805,0.655826
2080017240,3,-0.237422,-0.682943,-0.219271,0.655086
2080017250,3,-0.238475,-0.682882,-0.220664,0.654299
2080017260,3,-0.239513,-0.682848,-0.221985,0.653508
2080017270,3,-0.240545,-0.682799,-0.223226,0.652758
2080017280,3,-0.241543,-0.682717,-0.224408,0.652069
2080017290,3,-0.242486,-0.682584,-0.22553,0.651471
2080017300,3,-0.243359,-0.682392,-0.226605,0.650973
2080017310,3,-0.244176,-0.682101,-0.22763,0.650615
2080017320,3,-0.244952,-0.681721,-0.228591,0.650384
2080017330,3,-0.24567,-0.68129,-0.229492,0.650247
2080017340,3,-0.246359,-0.680782,-0.230288,0.650237
2080017351,3,-0.247004,-0.680268,-0.231,0.650278
2080017361,3,-0.247591,-0.67971,-0.23165,0.650407
2080017371,3,-0.248149,-0.679147,-0.232193,0.650589
2080017381,3,-0.24862,-0.678605,-0.232695,0.650795
2080017391,3,-0.249035,-0.678088,-0.233104,0.651029
2080017401,3,-0.249396,-0.677637,-0.23343,0.651244
2080017411,3,-0.249713,-0.677289,-0.233658,0.651402
2080017421,3,-0.249998,-0.677079,-0.233752,0.651478
2080017431,3,-0.250278,-0.677022,-0.233692,0.651451
2080017441,3,-0.250573,-0.677098,-0.233458,0.651342
2080017451,3,-0.250847,-0.677333,-0.233075,0.65113
2080017461,3,-0.251102,-0.677695,-0.232528,0.65085
2080017471,3,-0.25134,-0.678192,-0.231834,0.650488
2080017482,3,-0.251562,-0.678792,-0.230991,0.650076
2080017492,3,-0.251749,-0.679456,-0.230038,0.649649
2080017502,3,-0.251869,-0.680124,-0.229012,0.649265
2080017512,3,-0.251884,-0.680782,-0.227923,0.648953
2080017522,3,-0.251786,-0.681381,-0.226801,0.648755
2080017532,3,-0.251592,-0.681905,-0.225638,0.648686
2080017542,3,-0.251323,-0.682346,-0.224439,0.648742
2080017552,3,-0.251001,-0.682732,-0.223167,0.648899
2080017562,3,-0.250625,-0.683071,-0.221873,0.649131
2080017572,3,-0.2502,-0.683363,-0.220544,0.649442
2080017582,3,-0.249735,-0.683649,-0.219158,0.649787
2080017592,3,-0.249247,-0.683933,-0.217747,0.65015
2080017602,3,-0.248723,-0.684197,-0.216314,0.650552
2080017612,3,-0.248136,-0.684454,-0.214907,0.650972
2080017623,3,-0.247483,-0.684685,-0.213524,0.651432
2080017633,3,-0.246776,-0.684883,-0.212179,0.651932
2080017643,3,-0.24601,-0.685078,-0.21087,0.652441
2080017653,3,-0.245193,-0.685291,-0.209612,0.65293
2080017663,3,-0.244366,-0.685529,-0.208346,0.653395
2080017673,3,-0.243551,-0.685828,-0.207071,0.653791
2080017683,3,-0.242749,-0.686196,-0.205781,0.65411
2080017693,3,-0.241982,-0.686643,-0.204459,0.65434
2080017703,3,-0.241293,-0.687171,-0.20309,0.654467
2080017713,3,-0.240666,-0.687787,-0.201677,0.654487
2080017723,3,-0.240083,-0.688465,-0.200247,0.654427
2080017733,3,-0.239567,-0.689197,-0.198792,0.654289
2080017743,3,-0.239078,-0.689929,-0.197369,0.654128
2080017754,3,-0.238615,-0.690613,-0.195994,0.653989
2080017764,3,-0.238119,-0.691247,-0.194722,0.65388
2080017774,3,-0.237614,-0.691775,-0.19355,0.653853
2080017784,3,-0.237102,-0.692213,-0.192463,0.653896
2080017794,3,-0.236584,-0.692575,-0.191478,0.65399
2080017804,3,-0.236095,-0.69287,-0.190555,0.654124
2080017814,3,-0.235652,-0.693094,-0.189703,0.654294
2080017824,3,-0.235246,-0.693282,-0.188911,0.654469
2080017834,3,-0.234901,-0.693426,-0.18819,0.654649
2080017844,3,-0.234603,-0.69352,-0.187562,0.654837
2080017854,3,-0.234346,-0.693546,-0.187038,0.65505
2080017864,3,-0.234139,-0.693527,-0.186594,0.655271
2080017874,3,-0.233945,-0.693474,-0.186268,0.655489
2080017885,3,-0.233779,-0.693365,-0.186058,0.655724
2080017895,3,-0.233662,-0.693225,-0.18594,0.655946
2080017905,3,-0.233562,-0.693077,-0.185942,0.656138
2080017915,3,-0.233492,-0.692935,-0.186049,0.656283
2080017925,3,-0.233484,-0.692809,-0.186239,0.656364
2080017935,3,-0.233532,-0.692723,-0.186507,0.656363
2080017945,3,-0.233656,-0.692677,-0.186831,0.656274
2080017955,3,-0.233866,-0.692695,-0.187195,0.656077
2080017965,3,-0.234159,-0.69277,-0.187572,0.655786
2080017975,3,-0.234526,-0.692882,-0.187984,0.655418
2080017985,3,-0.234927,-0.693018,-0.188469,0.654991
2080017995,3,-0.235351,-0.693153,-0.189008,0.65454
2080018005,3,-0.235752,-0.693275,-0.189649,0.654082
2080018015,3,-0.236164,-0.693374,-0.190366,0.653619
2080018026,3,-0.236567,-0.693426,-0.191159,0.653187
2080018036,3,-0.236945,-0.69342,-0.192036,0.652798
2080018046,3,-0.237316,-0.693354,-0.192965,0.65246
2080018056,3,-0.237659,-0.693216,-0.193969,0.652184
2080018066,3,-0.237988,-0.693017,-0.195017,0.651963
2080018076,3,-0.238318,-0.692746,-0.1961,0.651806
2080018086,3,-0.238657,-0.692444,-0.197188,0.651674
2080018096,3,-0.238981,-0.692079,-0.198304,0.651605
2080018106,3,-0.239301,-0.691696,-0.199422,0.651553
2080018116,3,-0.239598,-0.691288,-0.200573,0.651523
2080018126,3,-0.239863,-0.690863,-0.201741,0.651516
2080018136,3,-0.240101,-0.690413,-0.202947,0.651531
2080018146,3,-0.240313,-0.689963,-0.204169,0.651548
2080018157,3,-0.240507,-0.68954,-0.205398,0.651537
2080018167,3,-0.240699,-0.689145,-0.206606,0.651502
2080018177,3,-0.240859,-0.688759,-0.207835,0.651461
2080018187,3,-0.24102,-0.688397,-0.209039,0.651398
2080018197,3,-0.241164,-0.688063,-0.210235,0.651312
2080018207,3,-0.241297,-0.687761,-0.211422,0.651199
2080018217,3,-0.241433,-0.687469,-0.212574,0.651082
2080018227,3,-0.241576,-0.687213,-0.213675,0.650938
2080018237,3,-0.241725,-0.686964,-0.21474,0.650796
2080018247,3,-0.241867,-0.686715,-0.215775,0.650662
2080018257,3,-0.242011,-0.68648,-0.216772,0.650525
2080018267,3,-0.242119,-0.686247,-0.217748,0.650405
2080018277,3,-0.242211,-0.686013,-0.2187,0.650299
2080018288,3,-0.242308,-0.685779,-0.219604,0.650205
2080018298,3,-0.242412,-0.685537,-0.220444,0.650138
2080018308,3,-0.242544,-0.685292,-0.221205,0.650087
2080018318,3,-0.242707,-0.685077,-0.221895,0.650018
2080018328,3,-0.242872,-0.684881,-0.222517,0.64995
2080018338,3,-0.243057,-0.684666,-0.223069,0.649918
2080018348,3,-0.243228,-0.684466,-0.223577,0.64989
2080018358,3,-0.243393,-0.68427,-0.224035,0.649877
2080018368,3,-0.243539,-0.684059,-0.224469,0.649896
2080018378,3,-0.243663,-0.68385,-0.224874,0.649929
2080018388,3,-0.243763,-0.683642,-0.225254,0.649979
2080018398,3,-0.243858,-0.683433,-0.225603,0.650042
2080018408,3,-0.243936,-0.683237,-0.225921,0.650108
2080018418,3,-0.244008,-0.683027,-0.226218,0.650198
2080018429,3,-0.244092,-0.682833,-0.226484,0.650278
2080018439,3,-0.244201,-0.682641,-0.226697,0.650364
2080018449,3,-0.24434,-0.682452,-0.226852,0.650456
2080018459,3,-0.24451,-0.68228,-0.226972,0.650531
2080018469,3,-0.244707,-0.682111,-0.227043,0.65061
2080018479,3,-0.244948,-0.681962,-0.227048,0.650673
2080018489,3,-0.245221,-0.681828,-0.22703,0.650718
2080018499,3,-0.245524,-0.681713,-0.226973,0.650743
2080018509,3,-0.245865,-0.681653,-0.226878,0.65071
2080018519,3,-0.246234,-0.681653,-0.226748,0.650617
2080018529,3,-0.246641,-0.681716,-0.226563,0.65046
2080018539,3,-0.247064,-0.681852,-0.226341,0.650235
2080018549,3,-0.247484,-0.68203,-0.2261,0.649972
2080018560,3,-0.247908,-0.682232,-0.225821,0.649696
2080018570,3,-0.248334,-0.682454,-0.225505,0.649409
2080018580,3,-0.248758,-0.682686,-0.225149,0.649127
2080018590,3,-0.24915,-0.682912,-0.224784,0.648865
2080018600,3,-0.249544,-0.68312,-0.224375,0.648636
2080018610,3,-0.249925,-0.683329,-0.223936,0.648421
2080018620,3,-0.250311,-0.683526,-0.223456,0.64823
2080018630,3,-0.25069,-0.683728,-0.222948,0.648045
2080018640,3,-0.251029,-0.683913,-0.222444,0.647892
2080018650,3,-0.251316,-0.684058,-0.22198,0.647787
2080018660,3,-0.251551,-0.684175,-0.22154,0.647723
2080018670,3,-0.251722,-0.684249,-0.221146,0.647712
2080018680,3,-0.251842,-0.684263,-0.220777,0.647777
2080018691,3,-0.251911,-0.684213,-0.220463,0.647911
2080018701,3,-0.25192,-0.684123,-0.220198,0.648092
2080018711,3,-0.251919,-0.684002,-0.219944,0.648307
2080018721,3,-0.251919,-0.683847,-0.219695,0.648554
2080018731,3,-0.251918,-0.683707,-0.21944,0.648789
2080018741,3,-0.251946,-0.683586,-0.219168,0.648997
2080018751,3,-0.25199,-0.683514,-0.218876,0.649154
2080018761,3,-0.252056,-0.683487,-0.218587,0.649254
2080018771,3,-0.25215,-0.683552,-0.218273,0.649255
2080018781,3,-0.252253,-0.683679,-0.217956,0.649188
2080018791,3,-0.252373,-0.68386,-0.217619,0.649063
2080018801,3,-0.25249,-0.684098,-0.217278,0.648882
2080018811,3,-0.252622,-0.684374,-0.216912,0.648662
2080018821,3,-0.252777,-0.684687,-0.216515,0.648404
2080018832,3,-0.25294,-0.685052,-0.216103,0.648092
2080018842,3,-0.253117,-0.685434,-0.21567,0.647763
2080018852,3,-0.253285,-0.685824,-0.215233,0.64743
2080018862,3,-0.253452,-0.686172,-0.214807,0.647136
2080018872,3,-0.253597,-0.686483,-0.2144,0.646886
2080018882,3,-0.253732,-0.686723,-0.214014,0.646706
2080018892,3,-0.253821,-0.686906,-0.21367,0.64659
2080018902,3,-0.25388,-0.687007,-0.213375,0.646557
2080018912,3,-0.25391,-0.687037,-0.213142,0.64659
2080018922,3,-0.253916,-0.686966,-0.212959,0.646723
2080018932,3,-0.253899,-0.686845,-0.212829,0.646901
2080018942,3,-0.25385,-0.686634,-0.212767,0.647165
2080018952,3,-0.253798,-0.68639,-0.212765,0.647445
2080018963,3,-0.25373,-0.686131,-0.212811,0.647731
2080018973,3,-0.253645,-0.685859,-0.212938,0.648011
2080018983,3,-0.253567,-0.685611,-0.213094,0.648251
2080018993,3,-0.253455,-0.6854,-0.213325,0.648443
2080019003,3,-0.253368,-0.685222,-0.213576,0.648582
2080019013,3,-0.253288,-0.685101,-0.21385,0.648652
2080019023,3,-0.253203,-0.685031,-0.21416,0.648656
2080019033,3,-0.253126,-0.68502,-0.214487,0.64859
2080019043,3,-0.253065,-0.685067,-0.214823,0.648452
2080019053,3,-0.253022,-0.685192,-0.215146,0.64823
2080019063,3,-0.252975,-0.685368,-0.215474,0.647953
2080019073,3,-0.252947,-0.685573,-0.215788,0.647643
2080019083,3,-0.252927,-0.685802,-0.216081,0.64731
2080019094,3,-0.25291,-0.686017,-0.216346,0.647001
2080019104,3,-0.252879,-0.686186,-0.216597,0.64675
2080019114,3,-0.252818,-0.686296,-0.216854,0.64657
2080019124,3,-0.252739,-0.686325,-0.217108,0.646485
2080019134,3,-0.252631,-0.686292,-0.217374,0.646473
2080019144,3,-0.25248,-0.68619,-0.217663,0.646543
2080019154,3,-0.2523,-0.686024,-0.217962,0.646689
2080019164,3,-0.252104,-0.685827,-0.218264,0.646873
2080019174,3,-0.251864,-0.68559,-0.218607,0.647102
2080019184,3,-0.251612,-0.685302,-0.218972,0.647381
2080019194,3,-0.251351,-0.684945,-0.219342,0.647734
2080019204,3,-0.2511,-0.684566,-0.219704,0.64811
2080019214,3,-0.250864,-0.684166,-0.22006,0.648503
2080019225,3,-0.250683,-0.683762,-0.220367,0.648895
2080019235,3,-0.250563,-0.683389,-0.220623,0.649246
2080019245,3,-0.25052,-0.68308,-0.220812,0.649524
2080019255,3,-0.250542,-0.682834,-0.220953,0.649727
2080019265,3,-0.250634,-0.682685,-0.221039,0.649818
2080019275,3,-0.250742,-0.682643,-0.221106,0.649798
2080019285,3,-0.25087,-0.682675,-0.221158,0.649697
2080019295,3,-0.250989,-0.682778,-0.221202,0.649528
2080019305,3,-0.251121,-0.682937,-0.221225,0.649303
2080019315,3,-0.251236,-0.683119,-0.221229,0.649065
2080019325,3,-0.251351,-0.68333,-0.221218,0.648802
2080019335,3,-0.251443,-0.683542,-0.221197,0.64855
2080019345,3,-0.251542,-0.683745,-0.22114,0.648317
2080019355,3,-0.251616,-0.683945,-0.221067,0.648102
2080019366,3,-0.251667,-0.684112,-0.220984,0.647934
2080019376,3,-0.251698,-0.684239,-0.220887,0.647822
2080019386,3,-0.251703,-0.684323,-0.220782,0.647767
2080019396,3,-0.251681,-0.684376,-0.220685,0.647752
2080019406,3,-0.251634,-0.68438,-0.220578,0.647803
2080019416,3,-0.251545,-0.684334,-0.220488,0.647916
2080019426,3,-0.251457,-0.68426,-0.220399,0.648059
2080019436,3,-0.251355,-0.684159,-0.220289,0.648242
2080019446,3,-0.251246,-0.684046,-0.220173,0.648443
2080019456,3,-0.251172,-0.683937,-0.22003,0.648636
2080019466,3,-0.251104,-0.683829,-0.219864,0.648832
2080019476,3,-0.251069,-0.683732,-0.219677,0.649011
2080019486,3,-0.251042,-0.683677,-0.219473,0.649149
2080019497,3,-0.251041,-0.68365,-0.219261,0.649248
2080019507,3,-0.251046,-0.683672,-0.219034,0.6493
2080019517,3,-0.251059,-0.683762,-0.218801,0.649279
2080019527,3,-0.251083,-0.683901,-0.218555,0.649206
2080019537,3,-0.251116,-0.684092,-0.218288,0.649082
2080019547,3,-0.251178,-0.68436,-0.218003,0.648871
2080019557,3,-0.251231,-0.684687,-0.217709,0.648604
2080019567,3,-0.251274,-0.685072,-0.217409,0.648281
2080019577,3,-0.251318,-0.685521,-0.217085,0.647898
2080019587,3,-0.251339,-0.685984,-0.216753,0.647511
2080019597,3,-0.251341,-0.686472,-0.216406,0.64711
2080019607,3,-0.251289,-0.686948,-0.216066,0.646738
2080019617,3,-0.251202,-0.68737,-0.215727,0.646437
2080019628,3,-0.251076,-0.687751,-0.215371,0.646199
2080019638,3,-0.250907,-0.688088,-0.215018,0.646023
2080019648,3,-0.2507,-0.68837,-0.214646,0.645926
2080019658,3,-0.250446,-0.688593,-0.214297,0.645904
2080019668,3,-0.250132,-0.688749,-0.213975,0.645966
2080019678,3,-0.249771,-0.688844,-0.213657,0.646109
2080019688,3,-0.249367,-0.688873,-0.213365,0.646331
2080019698,3,-0.248903,-0.688854,-0.213094,0.646619
2080019708,3,-0.24838,-0.68879,-0.212836,0.646973
2080019718,3,-0.247838,-0.688665,-0.212584,0.647397
2080019728,3,-0.247276,-0.688508,-0.21231,0.647868
2080019738,3,-0.24671,-0.688331,-0.212039,0.648361
2080019748,3,-0.246141,-0.688141,-0.211749,0.648874
2080019758,3,-0.24559,-0.687986,-0.211439,0.649348
2080019769,3,-0.245083,-0.687873,-0.211079,0.649776
2080019779,3,-0.244569,-0.687812,-0.210716,0.650152
2080019789,3,-0.244071,-0.687801,-0.210341,0.650473
2080019799,3,-0.243562,-0.687848,-0.209968,0.650733
2080019809,3,-0.243087,-0.687959,-0.209573,0.650921
2080019819,3,-0.242623,-0.688139,-0.20915,0.651041
2080019829,3,-0.242192,-0.688391,-0.208686,0.651084
2080019839,3,-0.241794,-0.688684,-0.20818,0.651083
2080019849,3,-0.24142,-0.689018,-0.207634,0.651043
2080019859,3,-0.24107,-0.689367,-0.207038,0.650993
2080019869,3,-0.240674,-0.689716,-0.206455,0.650954
2080019879,3,-0.240201,-0.69,-0.205894,0.651007
2080019889,3,-0.239707,-0.690221,-0.205293,0.651144
2080019900,3,-0.239213,-0.690373,-0.204636,0.651371
2080019910,3,-0.238691,-0.69046,-0.203968,0.65168
2080019920,3,-0.238097,-0.690474,-0.203317,0.652086
2080019930,3,-0.237456,-0.690396,-0.202674,0.652603
2080019940,3,-0.236764,-0.690243,-0.202047,0.653209
2080019950,3,-0.236041,-0.690029,-0.201431,0.653887
2080019960,3,-0.23524,-0.68977,-0.200868,0.654622
2080019970,3,-0.234405,-0.689474,-0.20033,0.655398
2080019980,3,-0.233542,-0.68917,-0.199798,0.656187
2080019990,3,-0.232687,-0.688835,-0.199285,0.656998
2080020000,3,-0.231819,-0.688509,-0.198776,0.6578
2080020010,3,-0.23095,-0.688207,-0.198286,0.658569
2080020020,3,-0.230117,-0.687977,-0.197756,0.659261
2080020031,3,-0.229299,-0.687821,-0.19723,0.659866
2080020041,3,-0.228501,-0.687747,-0.196679,0.660384
2080020051,3,-0.227725,-0.68777,-0.196081,0.660806
2080020061,3,-0.227011,-0.687889,-0.195405,0.661128
2080020071,3,-0.226314,-0.688077,-0.194673,0.661387
2080020081,3,-0.225655,-0.688342,-0.193872,0.661572
2080020091,3,-0.22502,-0.688652,-0.193008,0.661718
2080020101,3,-0.224402,-0.689016,-0.192076,0.66182
2080020111,3,-0.223756,-0.689429,-0.1911,0.661892
2080020121,3,-0.223103,-0.689849,-0.190073,0.66197
2080020131,3,-0.22241,-0.690247,-0.189018,0.66209
2080020141,3,-0.221662,-0.69061,-0.18794,0.662269
2080020151,3,-0.22086,-0.690892,-0.186846,0.662553
2080020161,3,-0.219999,-0.691127,-0.185718,0.662911
2080020172,3,-0.219059,-0.691332,-0.18459,0.663324
2080020182,3,-0.218078,-0.691514,-0.183431,0.663779
2080020192,3,-0.217058,-0.691666,-0.182262,0.664276
2080020202,3,-0.215987,-0.691808,-0.181079,0.664801
2080020212,3,-0.214902,-0.691921,-0.179869,0.665363
2080020222,3,-0.213782,-0.692019,-0.17864,0.665952
2080020232,3,-0.212602,-0.692121,-0.177416,0.666551
2080020242,3,-0.21138,-0.692264,-0.176169,0.667122
2080020252,3,-0.210089,-0.69245,-0.174942,0.667659
2080020262,3,-0.208738,-0.692696,-0.173703,0.668151
2080020272,3,-0.20732,-0.693012,-0.17243,0.668594
2080020282,3,-0.205822,-0.69341,-0.1711,0.668987
2080020292,3,-0.204262,-0.693879,-0.169654,0.669346
2080020303,3,-0.202635,-0.694606,-0.168095,0.669481
2080020313,3,-0.200927,-0.695672,-0.166438,0.669302
2080020323,3,-0.199083,-0.697131,-0.164707,0.668764
2080020333,3,-0.197075,-0.698953,-0.162898,0.667898
2080020343,3,-0.194872,-0.701059,-0.16102,0.666792
2080020353,3,-0.192508,-0.703285,-0.159057,0.665605
2080020363,3,-0.189938,-0.705528,-0.157028,0.664451
2080020373,3,-0.187163,-0.707678,-0.154912,0.663447
2080020383,3,-0.184171,-0.709683,-0.152717,0.662651
2080020393,3,-0.181025,-0.711471,-0.150418,0.662127
2080020403,3,-0.177718,-0.713038,-0.148031,0.661875
2080020413,3,-0.174318,-0.714411,-0.145516,0.661856
2080020423,3,-0.170841,-0.715578,-0.142906,0.66207
2080020434,3,-0.167354,-0.716584,-0.140153,0.662461
2080020444,3,-0.163887,-0.717449,-0.137255,0.662998
2080020454,3,-0.160467,-0.718182,-0.134238,0.66366
2080020464,3,-0.157145,-0.718782,-0.131073,0.664437
2080020474,3,-0.153911,-0.719271,-0.127791,0.665304
2080020484,3,-0.150792,-0.719597,-0.124377,0.666311
2080020494,3,-0.147694,-0.719788,-0.120964,0.667426
2080020504,3,-0.144624,-0.719834,-0.117562,0.668656
2080020514,3,-0.141589,-0.719819,-0.114234,0.669897
2080020524,3,-0.138627,-0.719678,-0.110972,0.671215
2080020534,3,-0.135737,-0.719427,-0.107816,0.672588
2080020544,3,-0.132937,-0.719096,-0.104766,0.673982
2080020554,3,-0.130261,-0.71871,-0.101855,0.67536
2080020564,3,-0.127707,-0.718334,-0.099087,0.676659
2080020575,3,-0.125317,-0.717992,-0.096423,0.677853
2080020585,3,-0.1231,-0.717739,-0.093879,0.678883
2080020595,3,-0.12103,-0.717626,-0.091484,0.679701
2080020605,3,-0.119094,-0.717674,-0.089236,0.680291
2080020615,3,-0.117277,-0.717918,-0.087144,0.68062
2080020625,3,-0.11559,-0.718376,-0.085194,0.680673
2080020635,3,-0.114071,-0.719094,-0.083296,0.680405
2080020645,3,-0.112759,-0.720019,-0.081421,0.679873
2080020655,3,-0.11167,-0.721111,-0.079562,0.679115
2080020665,3,-0.110827,-0.722332,-0.077724,0.678167
2080020675,3,-0.11016,-0.723675,-0.075947,0.677045
2080020685,3,-0.109702,-0.72509,-0.074214,0.675796
2080020695,3,-0.109451,-0.726565,-0.072498,0.674438
2080020706,3,-0.109392,-0.728074,-0.070803,0.672999
2080020716,3,-0.109515,-0.729588,-0.069123,0.671512
2080020726,3,-0.109818,-0.731072,-0.06744,0.670018
2080020736,3,-0.110249,-0.732476,-0.065774,0.668578
2080020746,3,-0.110752,-0.733749,-0.064134,0.667257
2080020756,3,-0.111288,-0.734884,-0.062506,0.666072
2080020766,3,-0.111831,-0.735845,-0.060831,0.665075
2080020776,3,-0.11238,-0.736652,-0.059067,0.664247
2080020786,3,-0.112903,-0.737357,-0.05719,0.66354
2080020796,3,-0.113371,-0.737954,-0.055191,0.662966
2080020806,3,-0.113775,-0.738544,-0.053057,0.662413
2080020816,3,-0.11405,-0.739212,-0.050837,0.661795
2080020826,3,-0.114188,-0.740024,-0.048479,0.66104
2080020837,3,-0.114202,-0.74101,-0.046014,0.660109
2080020847,3,-0.114093,-0.742104,-0.04343,0.659073
2080020857,3,-0.113815,-0.743196,-0.040771,0.65806
2080020867,3,-0.113309,-0.744162,-0.038078,0.657216
2080020877,3,-0.11255,-0.744965,-0.035401,0.656585
2080020887,3,-0.111566,-0.745608,-0.032678,0.656165
2080020897,3,-0.110399,-0.746168,-0.02989,0.655858
2080020907,3,-0.109129,-0.746723,-0.026978,0.655565
2080020917,3,-0.107795,-0.747322,-0.023946,0.655222
2080020927,3,-0.106423,-0.748004,-0.020819,0.654774
2080020937,3,-0.105089,-0.748723,-0.0176,0.654262
2080020947,3,-0.103797,-0.749434,-0.014373,0.653733
2080020957,3,-0.102467,-0.750037,-0.011293,0.653311
2080020968,3,-0.101014,-0.750408,-0.008532,0.653154
2080020978,3,-0.099434,-0.750488,-0.006141,0.653331
2080020988,3,-0.097745,-0.750255,-0.004152,0.65387
2080020998,3,-0.096015,-0.749736,-0.002519,0.654728
2080021008,3,-0.094252,-0.748939,-0.001256,0.6559
2080021018,3,-0.092441,-0.747929,-3.86E-4,0.657309
2080021028,3,-0.090615,-0.746768,1.72E-4,0.658882
2080021038,3,-0.088824,-0.74557,4.72E-4,0.66048
2080021048,3,-0.087709,-0.744823,0.001214,0.66147
2080021058,3,-0.086591,-0.744228,0.001743,0.662286
2080021068,3,-0.085392,-0.743829,0.002016,0.662888
2080021078,3,-0.084082,-0.743612,0.001998,0.6633
2080021088,3,-0.082647,-0.74347,0.001708,0.66364
2080021098,3,-0.08111,-0.743232,0.001202,0.664097
2080021109,3,-0.079502,-0.742696,5.59E-4,0.664891
2080021119,3,-0.077851,-0.741722,-1.72E-4,0.666173
2080021129,3,-0.076194,-0.740236,-9.91E-4,0.668014
2080021139,3,-0.074554,-0.738255,-0.001895,0.670385
2080021149,3,-0.072521,-0.736204,-0.003343,0.672854
2080021159,3,-0.070539,-0.733694,-0.004824,0.675791
2080021169,3,-0.068621,-0.730893,-0.00632,0.679003
2080021179,3,-0.066737,-0.727992,-0.007903,0.682283
2080021189,3,-0.065173,-0.725563,-0.00929,0.684999
2080021199,3,-0.063619,-0.723399,-0.010814,0.687406
2080021209,3,-0.062078,-0.721478,-0.012481,0.689535
2080021219,3,-0.060532,-0.719762,-0.014305,0.691428
2080021229,3,-0.058973,-0.718174,-0.01632,0.693167
2080021240,3,-0.05738,-0.716649,-0.018565,0.694821
2080021250,3,-0.05573,-0.715116,-0.021049,0.696462
2080021260,3,-0.053959,-0.713515,-0.023819,0.698152
2080021270,3,-0.052017,-0.711808,-0.026925,0.699927
2080021280,3,-0.049863,-0.709934,-0.0304,0.701841
2080021290,3,-0.047455,-0.707854,-0.034251,0.70393
2080021300,3,-0.044793,-0.705502,-0.038464,0.706243
2080021310,3,-0.042824,-0.703937,-0.042085,0.707719
2080021320,3,-0.040625,-0.702051,-0.046026,0.709475
2080021330,3,-0.03822,-0.699827,-0.050234,0.711517
2080021340,3,-0.035666,-0.69723,-0.054683,0.713868
2080021350,3,-0.03301,-0.694276,-0.059319,0.716499
2080021360,3,-0.030305,-0.691028,-0.06414,0.719338
2080021371,3,-0.027622,-0.687558,-0.06911,0.722304
2080021381,3,-0.023838,-0.683249,-0.075371,0.725893
2080021391,3,-0.021311,-0.67973,-0.080646,0.728703
2080021401,3,-0.018905,-0.676379,-0.086093,0.73126
2080021411,3,-0.015416,-0.672811,-0.092893,0.733796
2080021421,3,-0.012097,-0.669618,-0.099812,0.735868
2080021431,3,-0.008974,-0.666858,-0.106811,0.737435
2080021441,3,-0.006069,-0.664593,-0.113843,0.738457
2080021451,3,-0.003428,-0.662866,-0.120861,0.73891
2080021461,3,-0.001091,-0.661694,-0.127802,0.7388
2080021471,3,8.97E-4,-0.661084,-0.134612,0.738137
2080021481,3,0.002483,-0.661032,-0.141223,0.736943
2080021491,3,0.003672,-0.661478,-0.147569,0.735293
2080021501,3,0.004428,-0.662333,-0.153592,0.733283
2080021512,3,0.004752,-0.663507,-0.159236,0.731012
2080021522,3,0.003651,-0.665895,-0.163409,0.727919
2080021532,3,0.002159,-0.668481,-0.167095,0.724711
2080021542,3,0.001138,-0.670139,-0.17122,0.722215
2080021552,3,-3.22E-4,-0.671861,-0.174767,0.719762
2080021562,3,-0.002267,-0.673662,-0.177686,0.717357
2080021572,3,-0.004622,-0.675565,-0.179957,0.714986
2080021582,3,-0.007375,-0.677571,-0.181579,0.712651
2080021592,3,-0.010466,-0.679659,-0.182609,0.710356
2080021602,3,-0.014904,-0.682711,-0.181883,0.707532
2080021612,3,-0.019631,-0.685766,-0.180512,0.704807
2080021622,3,-0.024492,-0.68877,-0.17863,0.702201
2080021632,3,-0.029418,-0.691571,-0.176312,0.69984
2080021643,3,-0.032963,-0.693098,-0.175135,0.698466
2080021653,3,-0.036435,-0.694402,-0.173701,0.697356
2080021663,3,-0.039824,-0.695512,-0.172036,0.696476
2080021673,3,-0.043098,-0.696469,-0.170188,0.695779
2080021683,3,-0.046254,-0.69728,-0.168194,0.695248
2080021693,3,-0.049271,-0.697951,-0.166085,0.694875
2080021703,3,-0.05213,-0.698432,-0.163894,0.694703
2080021713,3,-0.054785,-0.6987,-0.161666,0.694752
2080021723,3,-0.057226,-0.698714,-0.159419,0.69506
2080021733,3,-0.059439,-0.698474,-0.157185,0.695623
2080021743,3,-0.061445,-0.697999,-0.154949,0.696428
2080021753,3,-0.063315,-0.697343,-0.152687,0.697416
2080021763,3,-0.065108,-0.696588,-0.150358,0.698511
2080021774,3,-0.066889,-0.695814,-0.147924,0.699632
2080021784,3,-0.069545,-0.695477,-0.144508,0.700422
2080021794,3,-0.072142,-0.695114,-0.141121,0.70121
2080021804,3,-0.074735,-0.694828,-0.137716,0.701898
2080021814,3,-0.077411,-0.694761,-0.134205,0.702355
2080021824,3,-0.079953,-0.695418,-0.130749,0.702071
2080021834,3,-0.082701,-0.696609,-0.127055,0.70125
2080021844,3,-0.08564,-0.698341,-0.123124,0.699874
2080021854,3,-0.088739,-0.700608,-0.118997,0.697934
2080021864,3,-0.091929,-0.703363,-0.114695,0.695467
2080021874,3,-0.095166,-0.706533,-0.110268,0.692527
2080021884,3,-0.098392,-0.710033,-0.105753,0.689193
2080021894,3,-0.101547,-0.713753,-0.101222,0.685564
2080021904,3,-0.10456,-0.717575,-0.096727,0.681759
2080021915,3,-0.107375,-0.721376,-0.092351,0.677906
2080021925,3,-0.109923,-0.725043,-0.088175,0.674131
2080021935,3,-0.112709,-0.728791,-0.083673,0.670192
2080021945,3,-0.115162,-0.732233,-0.079475,0.666525
2080021955,3,-0.117234,-0.735292,-0.075661,0.663231
2080021965,3,-0.118902,-0.737943,-0.072267,0.660362
2080021975,3,-0.120134,-0.740209,-0.069332,0.657913
2080021985,3,-0.120977,-0.742138,-0.066837,0.655841
2080021995,3,-0.121453,-0.743807,-0.064772,0.654067
2080022005,3,-0.121595,-0.74531,-0.063123,0.652488
2080022015,3,-0.121444,-0.746729,-0.061844,0.651015
2080022025,3,-0.12096,-0.748644,-0.061036,0.648979
2080022035,3,-0.120366,-0.750575,-0.060394,0.646916
2080022046,3,-0.119513,-0.751984,-0.060035,0.64547
2080022056,3,-0.118562,-0.753381,-0.059854,0.644031
2080022066,3,-0.117556,-0.754747,-0.05981,0.642619
2080022076,3,-0.116573,-0.756006,-0.059832,0.641315
2080022086,3,-0.116371,-0.757289,-0.059064,0.639907
2080022096,3,-0.11639,-0.758319,-0.058117,0.638769
2080022106,3,-0.116639,-0.759117,-0.057003,0.637875
2080022116,3,-0.117098,-0.759725,-0.055736,0.637179
2080022126,3,-0.117768,-0.760171,-0.054319,0.636647
2080022136,3,-0.118622,-0.760479,-0.05278,0.63625
2080022146,3,-0.119652,-0.760648,-0.051176,0.635985
2080022156,3,-0.120819,-0.760658,-0.04955,0.635882
2080022166,3,-0.122061,-0.760481,-0.048007,0.635974
2080022177,3,-0.123351,-0.760089,-0.046596,0.636299
2080022187,3,-0.12465,-0.759492,-0.045362,0.636847
2080022197,3,-0.125944,-0.758722,-0.044345,0.637582
2080022207,3,-0.126857,-0.757447,-0.043935,0.638944
2080022217,3,-0.127727,-0.756041,-0.043766,0.640446
2080022227,3,-0.128504,-0.754504,-0.043894,0.642093
2080022237,3,-0.129156,-0.752859,-0.04434,0.643859
2080022247,3,-0.129701,-0.75106,-0.045067,0.645797
2080022257,3,-0.130124,-0.749135,-0.046045,0.647876
2080022267,3,-0.130506,-0.747142,-0.047141,0.650018
2080022277,3,-0.130846,-0.745204,-0.048279,0.652087
2080022287,3,-0.13117,-0.743428,-0.04935,0.653966
2080022297,3,-0.131478,-0.742042,-0.050255,0.655409
2080022307,3,-0.13265,-0.741978,-0.050057,0.65526
2080022318,3,-0.133758,-0.742136,-0.049707,0.654882
2080022328,3,-0.134778,-0.742349,-0.04931,0.654461
2080022338,3,-0.135673,-0.742487,-0.048957,0.654146
2080022348,3,-0.136428,-0.742449,-0.048712,0.654051
2080022358,3,-0.137055,-0.742195,-0.048607,0.654216
2080022368,3,-0.137553,-0.741702,-0.048674,0.654666
2080022378,3,-0.13793,-0.741007,-0.048901,0.655355
2080022388,3,-0.138196,-0.740186,-0.049247,0.656201
2080022398,3,-0.138368,-0.739309,-0.049657,0.657122
2080022408,3,-0.138454,-0.738435,-0.050095,0.658052
2080022418,3,-0.138469,-0.73756,-0.050526,0.658997
2080022428,3,-0.138401,-0.736651,-0.050959,0.659994
2080022438,3,-0.138224,-0.73564,-0.051399,0.661124
2080022449,3,-0.137924,-0.734459,-0.051872,0.662461
2080022459,3,-0.137461,-0.733047,-0.052421,0.664076
2080022469,3,-0.136835,-0.731375,-0.05306,0.665996
2080022479,3,-0.13606,-0.729458,-0.053803,0.668193
2080022489,3,-0.134683,-0.727482,-0.055212,0.670507
2080022499,3,-0.13319,-0.725346,-0.056738,0.672988
2080022509,3,-0.131669,-0.72307,-0.05832,0.675596
2080022519,3,-0.130694,-0.720784,-0.059381,0.678131
2080022529,3,-0.129714,-0.718581,-0.060567,0.680548
2080022539,3,-0.128716,-0.716472,-0.061934,0.682834
2080022549,3,-0.127696,-0.714458,-0.06353,0.684986
2080022559,3,-0.126649,-0.712483,-0.065405,0.687058
2080022569,3,-0.12553,-0.710489,-0.067621,0.689111
2080022580,3,-0.124327,-0.708379,-0.070261,0.691233
2080022590,3,-0.122982,-0.706073,-0.07338,0.693505
2080022600,3,-0.121463,-0.703495,-0.077028,0.695993
2080022610,3,-0.120434,-0.70163,-0.08063,0.697645
2080022620,3,-0.119304,-0.699423,-0.084766,0.699562
2080022630,3,-0.117919,-0.696867,-0.089616,0.70174
2080022640,3,-0.11635,-0.693894,-0.095064,0.704227
2080022650,3,-0.114577,-0.690601,-0.101101,0.706908
2080022660,3,-0.112622,-0.687055,-0.107681,0.709701
2080022670,3,-0.11054,-0.683285,-0.114712,0.71256
2080022680,3,-0.108404,-0.679317,-0.122087,0.715451
2080022690,3,-0.106293,-0.67517,-0.12969,0.71835
2080022700,3,-0.104281,-0.670851,-0.137406,0.72125
2080022711,3,-0.102468,-0.666391,-0.145094,0.724134
2080022721,3,-0.100929,-0.661796,-0.152661,0.727002
2080022731,3,-0.099329,-0.656018,-0.160447,0.730773
2080022741,3,-0.098067,-0.65035,-0.168019,0.734299
2080022751,3,-0.097194,-0.644918,-0.175359,0.737484
2080022761,3,-0.09673,-0.639849,-0.182454,0.740234
2080022771,3,-0.096697,-0.635251,-0.18932,0.74247
2080022781,3,-0.097093,-0.631215,-0.195925,0.744146
2080022791,3,-0.097921,-0.627785,-0.202282,0.745237
2080022801,3,-0.099201,-0.624992,-0.208392,0.745731
2080022811,3,-0.100919,-0.622795,-0.214248,0.745679
2080022821,3,-0.103059,-0.621177,-0.219867,0.7451
2080022831,3,-0.105607,-0.620087,-0.225259,0.74404
2080022841,3,-0.108528,-0.619467,-0.230447,0.742546
2080022852,3,-0.112805,-0.620454,-0.234483,0.739816
2080022862,3,-0.117389,-0.62183,-0.238324,0.736714
2080022872,3,-0.122277,-0.623542,-0.241952,0.733281
2080022882,3,-0.127412,-0.625577,-0.245401,0.729518
2080022892,3,-0.132797,-0.627929,-0.248645,0.725426
2080022902,3,-0.138448,-0.630635,-0.251616,0.720985
2080022912,3,-0.144349,-0.633657,-0.254295,0.716222
2080022922,3,-0.150469,-0.636955,-0.256654,0.711178
2080022932,3,-0.156786,-0.640457,-0.258667,0.70592
2080022942,3,-0.163263,-0.644035,-0.260332,0.700564
2080022952,3,-0.169825,-0.647571,-0.261682,0.695221
2080022962,3,-0.175548,-0.649752,-0.263605,0.691025
2080022972,3,-0.18127,-0.651712,-0.265232,0.687069
2080022983,3,-0.186959,-0.653393,-0.266554,0.683426
2080022993,3,-0.192605,-0.654777,-0.267586,0.680122
2080023003,3,-0.198206,-0.655869,-0.268333,0.67716
2080023013,3,-0.203741,-0.656684,-0.268824,0.674528
2080023023,3,-0.20921,-0.657227,-0.269079,0.672219
2080023033,3,-0.214598,-0.657505,-0.26913,0.670226
2080023043,3,-0.219895,-0.657518,-0.268998,0.668547
2080023053,3,-0.225057,-0.657264,-0.268738,0.667181
2080023063,3,-0.230075,-0.65677,-0.268358,0.666109
2080023073,3,-0.234964,-0.656074,-0.267903,0.665271
2080023083,3,-0.240273,-0.655858,-0.266812,0.664024
2080023093,3,-0.245394,-0.655486,-0.26574,0.662948
2080023103,3,-0.250377,-0.655088,-0.264611,0.66193
2080023114,3,-0.255273,-0.654775,-0.263385,0.660857
2080023124,3,-0.260112,-0.654614,-0.262007,0.659677
2080023134,3,-0.264983,-0.654738,-0.260401,0.658249
2080023144,3,-0.269865,-0.655183,-0.258583,0.656537
2080023154,3,-0.274731,-0.655958,-0.256562,0.654535
2080023164,3,-0.279552,-0.657078,-0.25437,0.652222
2080023174,3,-0.284276,-0.658535,-0.252076,0.649596
2080023184,3,-0.288882,-0.660292,-0.249732,0.646679
2080023194,3,-0.293355,-0.662334,-0.247372,0.643477
2080023204,3,-0.297698,-0.664631,-0.24501,0.640007
2080023214,3,-0.30189,-0.667142,-0.24268,0.636308
2080023224,3,-0.305791,-0.669622,-0.240561,0.632634
2080023234,3,-0.309528,-0.672248,-0.238566,0.628776
2080023244,3,-0.313082,-0.674908,-0.236735,0.624846
2080023255,3,-0.316442,-0.67753,-0.235085,0.620927
2080023265,3,-0.3196,-0.68004,-0.233649,0.617096
2080023275,3,-0.322491,-0.682316,-0.232499,0.613504
2080023285,3,-0.325082,-0.68436,-0.231622,0.610183
2080023295,3,-0.327483,-0.686152,-0.231038,0.6071
2080023305,3,-0.329698,-0.68765,-0.230775,0.604299
2080023315,3,-0.331786,-0.688857,-0.230797,0.601768
2080023325,3,-0.33377,-0.689797,-0.23109,0.599478
2080023335,3,-0.335637,-0.690462,-0.231657,0.597447
2080023345,3,-0.337434,-0.69087,-0.232483,0.59564
2080023355,3,-0.339492,-0.690915,-0.233158,0.594152
2080023365,3,-0.341439,-0.690571,-0.234155,0.593044
2080023375,3,-0.34324,-0.689828,-0.235483,0.592343
2080023386,3,-0.344899,-0.688676,-0.237153,0.592052
2080023396,3,-0.346394,-0.687119,-0.239186,0.592172
2080023406,3,-0.347718,-0.685163,-0.241603,0.59268
2080023416,3,-0.34889,-0.68286,-0.244394,0.593505
2080023426,3,-0.349913,-0.680263,-0.247541,0.594579
2080023436,3,-0.350822,-0.677446,-0.251019,0.5958
2080023446,3,-0.351653,-0.674483,-0.254771,0.597079
2080023456,3,-0.352463,-0.671432,-0.258755,0.598326
2080023466,3,-0.353301,-0.668359,-0.262903,0.599462
2080023476,3,-0.354234,-0.665299,-0.267137,0.600442
2080023486,3,-0.355311,-0.662263,-0.271395,0.601253
2080023496,3,-0.356587,-0.659239,-0.275636,0.601891
2080023506,3,-0.358085,-0.656223,-0.279811,0.602372
2080023517,3,-0.359845,-0.653182,-0.283865,0.60273
2080023527,3,-0.36114,-0.650054,-0.288597,0.60309
2080023537,3,-0.36276,-0.646904,-0.293165,0.603301
2080023547,3,-0.364726,-0.643714,-0.297522,0.603396
2080023557,3,-0.366983,-0.640433,-0.301726,0.603431
2080023567,3,-0.369639,-0.636982,-0.305651,0.603487
2080023577,3,-0.372717,-0.633405,-0.309243,0.603529
2080023587,3,-0.376199,-0.62982,-0.312545,0.603419
2080023597,3,-0.379968,-0.626306,-0.315687,0.603079
2080023607,3,-0.383979,-0.622885,-0.318725,0.602484
2080023617,3,-0.388163,-0.619555,-0.321717,0.601645
2080023627,3,-0.392466,-0.616264,-0.324723,0.600618
2080023637,3,-0.396821,-0.612938,-0.327781,0.599497
2080023647,3,-0.401132,-0.609521,-0.330929,0.598382
2080023658,3,-0.405387,-0.606033,-0.334141,0.597271
2080023668,3,-0.409562,-0.602482,-0.337386,0.596191
2080023678,3,-0.413527,-0.59833,-0.340736,0.595729
2080023688,3,-0.417169,-0.594029,-0.344341,0.595422
2080023698,3,-0.420397,-0.589587,-0.348282,0.595275
2080023708,3,-0.423203,-0.585025,-0.3526,0.595245
2080023718,3,-0.425588,-0.580393,-0.357268,0.595295
2080023728,3,-0.427601,-0.575726,-0.362221,0.595392
2080023738,3,-0.429297,-0.571052,-0.367375,0.595514
2080023748,3,-0.430724,-0.566346,-0.372675,0.595684
2080023758,3,-0.43188,-0.561591,-0.378092,0.595936
2080023768,3,-0.432772,-0.556745,-0.383623,0.596301
2080023778,3,-0.4334,-0.551782,-0.389287,0.596787
2080023789,3,-0.433774,-0.546701,-0.395056,0.5974
2080023799,3,-0.434227,-0.542458,-0.400747,0.597148
2080023809,3,-0.434473,-0.538158,-0.40653,0.59695
2080023819,3,-0.434592,-0.533823,-0.412353,0.596763
2080023829,3,-0.434639,-0.529525,-0.418156,0.59652
2080023839,3,-0.434621,-0.524646,-0.423925,0.596772
2080023849,3,-0.434701,-0.52001,-0.429569,0.596736
2080023859,3,-0.434914,-0.515662,-0.435104,0.596343
2080023869,3,-0.435275,-0.511622,-0.440554,0.595557
2080023879,3,-0.435768,-0.507905,-0.445948,0.594363
2080023889,3,-0.436347,-0.504521,-0.451359,0.592734
2080023899,3,-0.43695,-0.501443,-0.456883,0.590665
2080023909,3,-0.437496,-0.498611,-0.462595,0.588208
2080023920,3,-0.437954,-0.495957,-0.468524,0.585411
2080023930,3,-0.43946,-0.494235,-0.473702,0.581559
2080023940,3,-0.440822,-0.4926,-0.479104,0.577477
2080023950,3,-0.442177,-0.491075,-0.484579,0.573154
2080023960,3,-0.443615,-0.489742,-0.490052,0.568511
2080023970,3,-0.444147,-0.487927,-0.496349,0.564178
2080023980,3,-0.444688,-0.486179,-0.50265,0.559664
2080023990,3,-0.445183,-0.48435,-0.508977,0.555119
2080024000,3,-0.446857,-0.483628,-0.514224,0.549541
2080024010,3,-0.448355,-0.482688,-0.519511,0.544148
2080024020,3,-0.449706,-0.481457,-0.524788,0.539036
2080024030,3,-0.449933,-0.478573,-0.530932,0.535385
2080024040,3,-0.45024,-0.475474,-0.536873,0.531953
2080024050,3,-0.450681,-0.472205,-0.542568,0.528703
2080024061,3,-0.451308,-0.468831,-0.547989,0.525572
2080024071,3,-0.45217,-0.465412,-0.553112,0.522494
2080024081,3,-0.453288,-0.462014,-0.557941,0.519397
2080024091,3,-0.454629,-0.458667,-0.562512,0.516252
2080024101,3,-0.456143,-0.455375,-0.566874,0.513049
2080024111,3,-0.457765,-0.452153,-0.571067,0.509793
2080024121,3,-0.459458,-0.448988,-0.575131,0.506489
2080024131,3,-0.461176,-0.445855,-0.579095,0.503166
2080024141,3,-0.462887,-0.442776,-0.582972,0.499826
2080024151,3,-0.464561,-0.439753,-0.586777,0.496479
2080024161,3,-0.467933,-0.437577,-0.589021,0.492563
2080024171,3,-0.471213,-0.435419,-0.591231,0.488685
2080024181,3,-0.47435,-0.433357,-0.593438,0.484792
2080024192,3,-0.477348,-0.431397,-0.595622,0.480903
2080024202,3,-0.48029,-0.429514,-0.597713,0.47705
2080024212,3,-0.483241,-0.427739,-0.599643,0.473227
2080024222,3,-0.486287,-0.42609,-0.601333,0.469434
2080024232,3,-0.489481,-0.424617,-0.602728,0.465646
2080024242,3,-0.492799,-0.423338,-0.603832,0.461865
2080024252,3,-0.494778,-0.421906,-0.605917,0.458315
2080024262,3,-0.496784,-0.420643,-0.607789,0.454814
2080024272,3,-0.498766,-0.419497,-0.609466,0.451446
2080024282,3,-0.500705,-0.418441,-0.61094,0.448276
2080024292,3,-0.502605,-0.417422,-0.612211,0.445358
2080024302,3,-0.504523,-0.416449,-0.613228,0.442692
2080024312,3,-0.507783,-0.416037,-0.612816,0.439914
2080024323,3,-0.5111,-0.415703,-0.612111,0.437363
2080024333,3,-0.513329,-0.414997,-0.612166,0.435341
2080024343,3,-0.515648,-0.414386,-0.611931,0.433509
2080024353,3,-0.518006,-0.413876,-0.61146,0.431847
2080024363,3,-0.520365,-0.413464,-0.610815,0.430314
2080024373,3,-0.522691,-0.413171,-0.610032,0.428886
2080024383,3,-0.526282,-0.413149,-0.60794,0.427484
2080024393,3,-0.52973,-0.413221,-0.605807,0.426182
2080024403,3,-0.53308,-0.413402,-0.603606,0.424948
2080024413,3,-0.536374,-0.413738,-0.601296,0.42375
2080024423,3,-0.539662,-0.414263,-0.598838,0.422541
2080024433,3,-0.542489,-0.415208,-0.596648,0.421091
2080024443,3,-0.545554,-0.416443,-0.594073,0.419549
2080024454,3,-0.54887,-0.417948,-0.591109,0.417911
2080024464,3,-0.552408,-0.419693,-0.587785,0.416185
2080024474,3,-0.55614,-0.421652,-0.584121,0.41439
2080024484,3,-0.560004,-0.423799,-0.58017,0.412541
2080024494,3,-0.563983,-0.426093,-0.575971,0.410637
2080024504,3,-0.56805,-0.4285,-0.571548,0.408702
2080024514,3,-0.572175,-0.430984,-0.566934,0.406758
2080024524,3,-0.57632,-0.433503,-0.562177,0.404827
2080024534,3,-0.58043,-0.436017,-0.557346,0.402931
2080024544,3,-0.584479,-0.43849,-0.552494,0.401073
2080024554,3,-0.588714,-0.440685,-0.547368,0.399497
2080024564,3,-0.592812,-0.442781,-0.542328,0.397993
2080024574,3,-0.596706,-0.444732,-0.537475,0.396578
2080024584,3,-0.60038,-0.446566,-0.532851,0.39521
2080024595,3,-0.603774,-0.448239,-0.528538,0.393934
2080024605,3,-0.606866,-0.449768,-0.524594,0.392712
2080024615,3,-0.609625,-0.451154,-0.521075,0.391531
2080024625,3,-0.612046,-0.452408,-0.518005,0.390379
2080024635,3,-0.614181,-0.453515,-0.515328,0.389282
2080024645,3,-0.61604,-0.454418,-0.513075,0.388268
2080024655,3,-0.617632,-0.45514,-0.511226,0.387331
2080024665,3,-0.61899,-0.45564,-0.509784,0.386473
2080024675,3,-0.620256,-0.456136,-0.508607,0.385408
2080024685,3,-0.621373,-0.456376,-0.507784,0.384409
2080024695,3,-0.622384,-0.456349,-0.507271,0.38348
2080024705,3,-0.623318,-0.456066,-0.507047,0.382596
2080024715,3,-0.623822,-0.45524,-0.507545,0.382097
2080024726,3,-0.624748,-0.454454,-0.507735,0.381266
2080024736,3,-0.625758,-0.453431,-0.508041,0.38042
2080024746,3,-0.626925,-0.452187,-0.508391,0.379511
2080024756,3,-0.628285,-0.450742,-0.508746,0.378503
2080024766,3,-0.629884,-0.449125,-0.509064,0.377338
2080024776,3,-0.631738,-0.447363,-0.509308,0.376001
2080024786,3,-0.633836,-0.445465,-0.509489,0.374474
2080024796,3,-0.636161,-0.443449,-0.509624,0.372738
2080024806,3,-0.638672,-0.441319,-0.50974,0.370809
2080024816,3,-0.640587,-0.438607,-0.510762,0.369314
2080024826,3,-0.642657,-0.435807,-0.511777,0.367622
2080024836,3,-0.644827,-0.432902,-0.512839,0.36577
2080024846,3,-0.647005,-0.429851,-0.514053,0.363814
2080024857,3,-0.649127,-0.426643,-0.515476,0.361791
2080024867,3,-0.651164,-0.423251,-0.517127,0.359753
2080024877,3,-0.653099,-0.419654,-0.519031,0.35771
2080024887,3,-0.654935,-0.415811,-0.521153,0.355752
2080024897,3,-0.65671,-0.411738,-0.523409,0.353899
2080024907,3,-0.658428,-0.40742,-0.525784,0.352181
2080024917,3,-0.660115,-0.402883,-0.528218,0.350596
2080024927,3,-0.661756,-0.398176,-0.5307,0.349129
2080024937,3,-0.663286,-0.393305,-0.533288,0.347801
2080024947,3,-0.664663,-0.388297,-0.536011,0.34661
2080024957,3,-0.665792,-0.383164,-0.538987,0.34554
2080024967,3,-0.666644,-0.377948,-0.54225,0.344534
2080024977,3,-0.667184,-0.372684,-0.545835,0.343562
2080024987,3,-0.667457,-0.367427,-0.54967,0.342578
2080024998,3,-0.667684,-0.362411,-0.553514,0.341288
2080025008,3,-0.667601,-0.357408,-0.557659,0.339975
2080025018,3,-0.667175,-0.35241,-0.562139,0.338648
2080025028,3,-0.666396,-0.347386,-0.566966,0.337322
2080025038,3,-0.665319,-0.342342,-0.572053,0.336014
2080025048,3,-0.664064,-0.337279,-0.577238,0.334747
2080025058,3,-0.662772,-0.33222,-0.582307,0.333586
2080025068,3,-0.661546,-0.327208,-0.587104,0.332563
2080025078,3,-0.660471,-0.322311,-0.591487,0.331715
2080025088,3,-0.659546,-0.31756,-0.595426,0.33109
2080025098,3,-0.658699,-0.312974,-0.598998,0.3307
2080025108,3,-0.657878,-0.308532,-0.6023,0.330511
2080025118,3,-0.657037,-0.304233,-0.605405,0.330497
2080025129,3,-0.655979,-0.300466,-0.608594,0.330186
2080025139,3,-0.654979,-0.296799,-0.611577,0.329977
2080025149,3,-0.654254,-0.292793,-0.614139,0.330236
2080025159,3,-0.653578,-0.288845,-0.616601,0.330463
2080025169,3,-0.652928,-0.284909,-0.619036,0.330614
2080025179,3,-0.652275,-0.280943,-0.621508,0.330659
2080025189,3,-0.65158,-0.276927,-0.624071,0.330589
2080025199,3,-0.65083,-0.272857,-0.626723,0.330432
2080025209,3,-0.649943,-0.268729,-0.629578,0.330133
2080025219,3,-0.648875,-0.264536,-0.632679,0.329692
2080025229,3,-0.647554,-0.260316,-0.636098,0.329071
2080025239,3,-0.647114,-0.25658,-0.638797,0.327639
2080025249,3,-0.646412,-0.252859,-0.641838,0.32597
2080025260,3,-0.645397,-0.249183,-0.645281,0.324008
2080025270,3,-0.644022,-0.245632,-0.649172,0.321675
2080025280,3,-0.642208,-0.242229,-0.653573,0.31896
2080025290,3,-0.639932,-0.238941,-0.658474,0.315918
2080025300,3,-0.637265,-0.235724,-0.663764,0.312639
2080025310,3,-0.634229,-0.23257,-0.669395,0.309148
2080025320,3,-0.630919,-0.229437,-0.675237,0.305539
2080025330,3,-0.627459,-0.226334,-0.681164,0.301797
2080025340,3,-0.623985,-0.223287,-0.687045,0.297914
2080025350,3,-0.620574,-0.220326,-0.692805,0.293879
2080025360,3,-0.617378,-0.217498,-0.698307,0.289662
2080025370,3,-0.614492,-0.21478,-0.703482,0.285271
2080025380,3,-0.611959,-0.212174,-0.708295,0.280723
2080025390,3,-0.609819,-0.209655,-0.712714,0.276047
2080025401,3,-0.608104,-0.207182,-0.716711,0.271309
2080025411,3,-0.606842,-0.204721,-0.720262,0.266558
2080025421,3,-0.606033,-0.202292,-0.723379,0.261769
2080025431,3,-0.605695,-0.199897,-0.726044,0.256969
2080025441,3,-0.605845,-0.197561,-0.728252,0.252129
2080025451,3,-0.606443,-0.195319,-0.730032,0.247242
2080025461,3,-0.607507,-0.193162,-0.731375,0.242307
2080025471,3,-0.609009,-0.191073,-0.732305,0.237333
2080025481,3,-0.610883,-0.18903,-0.732873,0.232346
2080025491,3,-0.61201,-0.186748,-0.73401,0.227589
2080025501,3,-0.613561,-0.184576,-0.73475,0.222746
2080025511,3,-0.616624,-0.182713,-0.734174,0.217665
2080025521,3,-0.620103,-0.180904,-0.73319,0.212547
2080025532,3,-0.62397,-0.179224,-0.731814,0.207332
2080025542,3,-0.628128,-0.177654,-0.730118,0.202039
2080025552,3,-0.632486,-0.176243,-0.728168,0.196644
2080025562,3,-0.636987,-0.174995,-0.726003,0.191161
2080025572,3,-0.641532,-0.173868,-0.723703,0.18563
2080025582,3,-0.646041,-0.172879,-0.721329,0.180076
2080025592,3,-0.650452,-0.171991,-0.718936,0.174529
2080025602,3,-0.65342,-0.171288,-0.717754,0.168909
2080025612,3,-0.656214,-0.170663,-0.71664,0.163349
2080025622,3,-0.658777,-0.170081,-0.715647,0.157905
2080025632,3,-0.661081,-0.169523,-0.714799,0.152628
2080025642,3,-0.663146,-0.16896,-0.714076,0.147596
2080025652,3,-0.664944,-0.168334,-0.713508,0.142894
2080025663,3,-0.666446,-0.167601,-0.713124,0.138611
2080025673,3,-0.66765,-0.16671,-0.71293,0.134831
2080025683,3,-0.668581,-0.165634,-0.712915,0.131591
2080025693,3,-0.669329,-0.164352,-0.712997,0.128919
2080025703,3,-0.670028,-0.162867,-0.713064,0.126787
2080025713,3,-0.67136,-0.161369,-0.71246,0.125041
2080025723,3,-0.672665,-0.159706,-0.711832,0.123734
2080025733,3,-0.674092,-0.157684,-0.711055,0.123024
2080025743,3,-0.675994,-0.155523,-0.709783,0.122687
2080025753,3,-0.678428,-0.153257,-0.707956,0.122657
2080025763,3,-0.681427,-0.150927,-0.705532,0.122886
2080025773,3,-0.684996,-0.148591,-0.702496,0.123284
2080025783,3,-0.689095,-0.146306,-0.698871,0.123776
2080025793,3,-0.693625,-0.144121,-0.694739,0.124294
2080025804,3,-0.698464,-0.142075,-0.690213,0.124769
2080025814,3,-0.703481,-0.140203,-0.685413,0.125163
2080025824,3,-0.708554,-0.138527,-0.680461,0.12543
2080025834,3,-0.71359,-0.137041,-0.67546,0.125545
2080025844,3,-0.718505,-0.135729,-0.670503,0.125505
2080025854,3,-0.723263,-0.134544,-0.665645,0.125314
2080025864,3,-0.727976,-0.13315,-0.660771,0.12531
2080025874,3,-0.732466,-0.131852,-0.656084,0.125147
2080025884,3,-0.73671,-0.130631,-0.651626,0.1248
2080025894,3,-0.740695,-0.129453,-0.647431,0.124275
2080025904,3,-0.744389,-0.12835,-0.643545,0.123528
2080025914,3,-0.747779,-0.127274,-0.640003,0.12257
2080025924,3,-0.750876,-0.12624,-0.6368,0.121382
2080025935,3,-0.753646,-0.125207,-0.633991,0.119982
2080025945,3,-0.756083,-0.124161,-0.63159,0.118387
2080025955,3,-0.75821,-0.123046,-0.629583,0.116627
2080025965,3,-0.760027,-0.121817,-0.627978,0.11472
2080025975,3,-0.761563,-0.120427,-0.62675,0.112704
2080025985,3,-0.763056,-0.118844,-0.625605,0.11063
2080025995,3,-0.764277,-0.117062,-0.624823,0.108495
2080026005,3,-0.765243,-0.115077,-0.624388,0.106299
2080026015,3,-0.765937,-0.112914,-0.624316,0.104012
2080026025,3,-0.766332,-0.110601,-0.62464,0.101621
2080026035,3,-0.7664,-0.108146,-0.62539,0.099105
2080026045,3,-0.766134,-0.105539,-0.626576,0.096442
2080026055,3,-0.765555,-0.102806,-0.628165,0.093612
2080026066,3,-0.764707,-0.09993,-0.630098,0.090618
2080026076,3,-0.76366,-0.096926,-0.632281,0.087451
2080026086,3,-0.762504,-0.093787,-0.634598,0.084113
2080026096,3,-0.76131,-0.090509,-0.63696,0.080603
2080026106,3,-0.760154,-0.087087,-0.639265,0.076943
2080026116,3,-0.759082,-0.083519,-0.641459,0.073125
2080026126,3,-0.758152,-0.079788,-0.643467,0.069191
2080026136,3,-0.757368,-0.075909,-0.645276,0.065179
2080026146,3,-0.755904,-0.071779,-0.647847,0.061239
2080026156,3,-0.754653,-0.067527,-0.650122,0.057259
2080026166,3,-0.753599,-0.063173,-0.652122,0.053238
2080026176,3,-0.752708,-0.058744,-0.653881,0.049164
2080026186,3,-0.751927,-0.054237,-0.65546,0.045101
2080026196,3,-0.751207,-0.049661,-0.656911,0.041084
2080026207,3,-0.750531,-0.045045,-0.65825,0.037144
2080026217,3,-0.750438,-0.040422,-0.658863,0.033273
2080026227,3,-0.750376,-0.035815,-0.659381,0.029466
2080026237,3,-0.750338,-0.031278,-0.659812,0.025705
2080026247,3,-0.750292,-0.026836,-0.660195,0.021981
2080026257,3,-0.750206,-0.022504,-0.660567,0.018304
2080026267,3,-0.750032,-0.018313,-0.660983,0.014727
2080026277,3,-0.749734,-0.014262,-0.661489,0.01128
2080026287,3,-0.749284,-0.010352,-0.662118,0.007982
2080026297,3,-0.748664,-0.006636,-0.662898,0.004821
2080026307,3,-0.747807,-0.003131,-0.663906,0.0017
2080026317,3,0.746642,0.0,0.665223,0.001337
2080026327,3,0.745132,-0.003107,0.666893,0.004599
2080026338,3,0.743289,-0.005849,0.668897,0.007888
2080026348,3,0.741159,-0.008407,0.671181,0.011256
2080026358,3,0.738804,-0.010825,0.673673,0.014658
2080026368,3,0.736299,-0.013165,0.676286,0.018056
2080026378,3,0.733703,-0.015485,0.678957,0.021338
2080026388,3,0.731001,-0.017706,0.681702,0.024594
2080026398,3,0.728291,-0.019906,0.684417,0.027719
2080026408,3,0.725582,-0.02213,0.687095,0.030661
2080026418,3,0.72293,-0.024385,0.68968,0.033419
2080026428,3,0.720383,-0.026704,0.692126,0.035989
2080026438,3,0.718022,-0.029047,0.694352,0.038407
2080026448,3,0.715773,-0.031281,0.696434,0.040861
2080026458,3,0.713608,-0.033336,0.698402,0.04343
2080026469,3,0.711487,-0.035192,0.700297,0.046155
2080026479,3,0.709373,-0.036818,0.702158,0.049064
2080026489,3,0.707235,-0.038202,0.704014,0.05218
2080026499,3,0.70504,-0.039309,0.705892,0.055572
2080026509,3,0.702754,-0.040066,0.707823,0.059306
2080026519,3,0.700345,-0.040453,0.709827,0.063434
2080026529,3,0.69857,-0.041612,0.711198,0.066818
2080026539,3,0.696643,-0.042381,0.712672,0.070636
2080026549,3,0.69467,-0.042815,0.714139,0.074869
2080026559,3,0.692668,-0.042918,0.715574,0.079504
2080026569,3,0.690727,-0.042701,0.716886,0.084536
2080026579,3,0.688938,-0.042198,0.717982,0.089916
2080026589,3,0.687314,-0.041454,0.718848,0.09559
2080026600,3,0.685818,-0.040547,0.719529,0.101422
2080026610,3,0.6844,-0.039593,0.720083,0.107281
2080026620,3,0.683049,-0.038672,0.720536,0.113023
2080026630,3,0.681056,-0.037522,0.721528,0.118959
2080026640,3,0.679153,-0.036618,0.722424,0.12455
2080026650,3,0.677384,-0.035995,0.723196,0.129774
2080026660,3,0.675802,-0.035653,0.723803,0.134644
2080026670,3,0.674498,-0.035611,0.724167,0.139157
2080026680,3,0.673532,-0.035855,0.724239,0.143338
2080026690,3,0.672969,-0.036378,0.72396,0.147206
2080026700,3,0.672829,-0.037141,0.72331,0.150808
2080026710,3,0.673093,-0.038101,0.722306,0.154166
2080026720,3,0.673744,-0.039221,0.720961,0.157303
2080026730,3,0.674779,-0.040472,0.719284,0.160202
2080026741,3,0.676146,-0.041822,0.717322,0.162867
2080026751,3,0.677817,-0.043263,0.715099,0.1653
2080026761,3,0.679745,-0.044763,0.712664,0.167485
2080026771,3,0.681884,-0.046288,0.710061,0.169421
2080026781,3,0.684175,-0.047816,0.707342,0.171128
2080026791,3,0.686577,-0.049319,0.704542,0.172623
2080026801,3,0.689619,-0.051988,0.701354,0.172693
2080026811,3,0.692664,-0.054597,0.698183,0.172555
2080026821,3,0.695708,-0.057154,0.695038,0.172175
2080026831,3,0.698742,-0.059714,0.691946,0.171476
2080026841,3,0.701739,-0.062205,0.688933,0.170476
2080026851,3,0.704631,-0.064626,0.68607,0.169191
2080026861,3,0.706888,-0.065811,0.683728,0.168798
2080026872,3,0.708966,-0.066859,0.68164,0.168117
2080026882,3,0.710832,-0.067744,0.679843,0.167153
2080026892,3,0.712468,-0.068489,0.678365,0.165884
2080026902,3,0.71386,-0.069096,0.677227,0.164292
2080026912,3,0.714999,-0.069576,0.676436,0.162383
2080026922,3,0.715876,-0.069936,0.676003,0.160151
2080026932,3,0.716481,-0.070174,0.675939,0.157596
2080026942,3,0.716807,-0.070306,0.676239,0.154741
2080026952,3,0.716887,-0.070354,0.676868,0.151563
2080026962,3,0.716766,-0.070362,0.677772,0.148055
2080026972,3,0.716526,-0.070375,0.678851,0.144213
2080026982,3,0.71625,-0.070441,0.680007,0.140045
2080026992,3,0.716004,-0.070601,0.681161,0.135545
2080027003,3,0.715723,-0.071369,0.682416,0.130209
2080027013,3,0.715473,-0.072168,0.683623,0.124689
2080027023,3,0.715285,-0.073024,0.684744,0.118993
2080027033,3,0.715836,-0.073867,0.685067,0.113157
2080027043,3,0.716817,-0.074972,0.684914,0.106975
2080027053,3,0.718315,-0.076303,0.684182,0.100475
2080027063,3,0.720383,-0.077859,0.682798,0.093652
2080027073,3,0.723072,-0.079585,0.68069,0.086564
2080027083,3,0.726393,-0.081432,0.677821,0.079246
2080027093,3,0.7303,-0.083363,0.674215,0.071733
2080027103,3,0.734712,-0.085322,0.66993,0.064107
2080027113,3,0.739496,-0.087234,0.665094,0.056433
2080027123,3,0.744467,-0.089013,0.659895,0.048817
2080027133,3,0.749454,-0.090576,0.654524,0.041372
2080027144,3,0.754283,-0.091842,0.649192,0.034217
2080027154,3,0.758745,-0.093145,0.644127,0.026999
2080027164,3,0.762848,-0.094051,0.639377,0.020307
2080027174,3,0.766415,-0.09449,0.635197,0.01424
2080027184,3,0.769475,-0.094477,0.631587,0.008833
2080027194,3,0.772046,-0.094039,0.628557,0.004059
2080027204,3,-0.774201,0.093229,-0.626035,0.0
2080027214,3,-0.776075,0.092099,-0.623866,0.003794
2080027224,3,-0.778352,0.090978,-0.621158,0.007232
2080027234,3,-0.780458,0.089736,-0.618647,0.010401
2080027244,3,-0.782385,0.088394,-0.616346,0.013304
2080027254,3,-0.784106,0.086964,-0.614294,0.016028
2080027264,3,-0.785604,0.085482,-0.612514,0.018565
2080027275,3,-0.786817,0.083959,-0.611089,0.020947
2080027285,3,-0.787701,0.082403,-0.610081,0.023158
2080027295,3,-0.78822,0.080825,-0.609541,0.025182
2080027305,3,-0.78836,0.079217,-0.609493,0.02701
2080027315,3,-0.788149,0.077586,-0.609902,0.028632
2080027325,3,-0.78765,0.075922,-0.610687,0.030043
2080027335,3,-0.786921,0.074244,-0.611772,0.031244
2080027345,3,-0.786044,0.07258,-0.613045,0.032274
2080027355,3,-0.785115,0.070962,-0.614375,0.033188
2080027365,3,-0.784225,0.069448,-0.615637,0.034037
2080027375,3,-0.783469,0.068084,-0.616703,0.034891
2080027385,3,-0.782917,0.066897,-0.617481,0.035799
2080027395,3,-0.78259,0.065907,-0.617946,0.036764
2080027406,3,-0.782497,0.065123,-0.618084,0.03779
2080027416,3,-0.781396,0.063457,-0.619651,0.037752
2080027426,3,-0.780556,0.062022,-0.62085,0.037811
2080027436,3,-0.779941,0.06078,-0.621739,0.037907
2080027446,3,-0.779494,0.059718,-0.622397,0.038002
2080027456,3,-0.779159,0.058806,-0.622897,0.038094
2080027466,3,-0.778884,0.057988,-0.623314,0.038141
2080027476,3,-0.779618,0.058242,-0.622307,0.039195
2080027486,3,-0.780359,0.058639,-0.621271,0.040267
2080027496,3,-0.781033,0.059146,-0.620306,0.041333
2080027506,3,-0.78154,0.059723,-0.619541,0.042372
2080027516,3,-0.781788,0.060361,-0.619098,0.043354
2080027526,3,-0.781696,0.061014,-0.619086,0.044273
2080027536,3,-0.781172,0.061636,-0.619626,0.0451
2080027547,3,-0.780138,0.0622,-0.62082,0.045789
2080027557,3,-0.778574,0.06267,-0.622696,0.046297
2080027567,3,-0.776575,0.06301,-0.625131,0.046592
2080027577,3,-0.774273,0.063229,-0.62795,0.046692
2080027587,3,-0.771802,0.063337,-0.630975,0.046668
2080027597,3,-0.769257,0.063329,-0.634085,0.046555
2080027607,3,-0.766692,0.063208,-0.637209,0.046387
2080027617,3,-0.764164,0.062948,-0.640282,0.04614
2080027627,3,-0.760977,0.061716,-0.644267,0.044985
2080027637,3,-0.757889,0.060369,-0.648108,0.043757
2080027647,3,-0.754932,0.058885,-0.651774,0.042428
2080027657,3,-0.752134,0.057288,-0.655236,0.040943
2080027667,3,-0.749504,0.055558,-0.658494,0.039262
2080027678,3,-0.747046,0.053735,-0.661541,0.037367
2080027688,3,-0.744737,0.051884,-0.664401,0.035265
2080027698,3,-0.742586,0.050002,-0.667068,0.032931
2080027708,3,-0.740546,0.048128,-0.669593,0.030328
2080027718,3,-0.738257,0.046324,-0.672363,0.027533
2080027728,3,-0.735753,0.044396,-0.675357,0.024273
2080027738,3,-0.732977,0.042346,-0.678623,0.020539
2080027748,3,-0.729887,0.040184,-0.682189,0.016322
2080027758,3,-0.726482,0.037913,-0.686039,0.011617
2080027768,3,-0.723439,0.035837,-0.689423,0.006757
2080027778,3,-0.720095,0.033694,-0.693055,0.00148
2080027788,3,0.716514,-0.031536,0.696847,0.004061
2080027798,3,0.712757,-0.029296,0.700727,0.009993
2080027809,3,0.708928,-0.027014,0.704576,0.016212
2080027819,3,0.705048,-0.024624,0.708365,0.022779
2080027829,3,0.701108,-0.022071,0.712094,0.029684
2080027839,3,0.697109,-0.019354,0.715753,0.036889
2080027849,3,0.693039,-0.016548,0.71935,0.044247
2080027859,3,0.688235,-0.013133,0.723484,0.052237
2080027869,3,0.683531,-0.009815,0.727375,0.060118
2080027879,3,0.679035,-0.006628,0.730935,0.067823
2080027889,3,0.674862,-0.003619,0.734082,0.075303
2080027899,3,0.671126,-8.18E-4,0.736733,0.082532
2080027909,3,0.667913,0.00176,0.738837,0.089486
2080027919,3,0.665286,0.004077,0.740361,0.096135
2080027929,3,0.663276,0.006126,0.741295,0.102507
2080027939,3,0.661872,0.007886,0.741668,0.10859
2080027950,3,0.66105,0.009362,0.741512,0.114383
2080027960,3,0.660791,0.010547,0.740858,0.119882
2080027970,3,0.661037,0.011447,0.739768,0.125064
2080027980,3,0.662437,0.011043,0.737858,0.128917
2080027990,3,0.664326,0.01036,0.735552,0.132381
2080028000,3,0.666573,0.009436,0.732967,0.13546
2080028010,3,0.669074,0.0083,0.730197,0.138139
2080028020,3,0.671715,0.006961,0.727351,0.140394
2080028030,3,0.674484,0.005429,0.724443,0.142208
2080028040,3,0.677359,0.003688,0.721495,0.143577
2080028050,3,0.680351,0.00173,0.718503,0.14447
2080028060,3,0.682991,4.22E-4,0.715734,0.14576
2080028070,3,0.686373,-0.002013,0.712518,0.14562
2080028081,3,0.689953,-0.00467,0.709182,0.144923
2080028091,3,0.693709,-0.007561,0.705747,0.143634
2080028101,3,0.697565,-0.01064,0.702277,0.14176
2080028111,3,0.701397,-0.013796,0.698874,0.139375
2080028121,3,0.704151,-0.015773,0.696361,0.137849
2080028131,3,0.706557,-0.017657,0.694243,0.135982
2080028141,3,0.708593,-0.019425,0.692543,0.133797
2080028151,3,0.710287,-0.021098,0.691234,0.131311
2080028161,3,0.711716,-0.022689,0.690236,0.128523
2080028171,3,0.712926,-0.024238,0.689501,0.125443
2080028181,3,0.713958,-0.025739,0.688978,0.122102
2080028191,3,0.714836,-0.027195,0.68864,0.118503
2080028201,3,0.71558,-0.028589,0.688455,0.114701
2080028212,3,0.716205,-0.029944,0.688405,0.110683
2080028222,3,0.716749,-0.031264,0.688445,0.106466
2080028232,3,0.717255,-0.032588,0.688527,0.102039
2080028242,3,0.717837,-0.034609,0.688593,0.096695
2080028252,3,0.718347,-0.036539,0.688699,0.091291
2080028262,3,0.718824,-0.038409,0.688805,0.085809
2080028272,3,0.719756,-0.040111,0.688392,0.080356
2080028282,3,0.721013,-0.042003,0.687612,0.074594
2080028292,3,0.722683,-0.044092,0.686357,0.06854
2080028302,3,0.724807,-0.046337,0.684568,0.062226
2080028312,3,0.727397,-0.048666,0.682216,0.05572
2080028322,3,0.730402,-0.051038,0.679337,0.049083
2080028332,3,0.733776,-0.053361,0.675964,0.042392
2080028342,3,0.737454,-0.055602,0.672157,0.035689
2080028353,3,0.741364,-0.057677,0.667986,0.029088
2080028363,3,0.745403,-0.059544,0.663562,0.022667
2080028373,3,0.749455,-0.06113,0.659018,0.016524
2080028383,3,0.753106,-0.062799,0.654813,0.010286
2080028393,3,0.756665,-0.064097,0.650637,0.004473
2080028403,3,-0.760005,0.064973,-0.64666,9.45E-4
2080028413,3,-0.763071,0.065429,-0.642969,0.005609
2080028423,3,-0.765826,0.065473,-0.639631,0.009745
2080028433,3,-0.768286,0.065158,-0.636641,0.013348
2080028443,3,-0.770496,0.064543,-0.633955,0.016436
2080028453,3,-0.773242,0.063983,-0.630577,0.019344
2080028463,3,-0.775943,0.063405,-0.627221,0.022039
2080028473,3,-0.778595,0.062854,-0.623886,0.024556
2080028484,3,-0.78116,0.06235,-0.620623,0.026966
2080028494,3,-0.783585,0.061921,-0.617495,0.029304
2080028504,3,-0.785815,0.061575,-0.614576,0.031602
2080028514,3,-0.78781,0.061314,-0.61192,0.03389
2080028524,3,-0.789533,0.06115,-0.60958,0.036179
2080028534,3,-0.790945,0.061063,-0.607615,0.03847
2080028544,3,-0.792019,0.061059,-0.606066,0.040762
2080028554,3,-0.792755,0.061106,-0.604939,0.043043
2080028564,3,-0.793168,0.061188,-0.604224,0.045302
2080028574,3,-0.793292,0.061305,-0.603879,0.047524
2080028584,3,-0.793153,0.061441,-0.603872,0.049702
2080028594,3,-0.792805,0.061597,-0.604134,0.051836
2080028604,3,-0.792293,0.061779,-0.604604,0.053927
2080028615,3,-0.791674,0.062023,-0.605202,0.055982
2080028625,3,-0.789931,0.061248,-0.607475,0.056844
2080028635,3,-0.788171,0.060558,-0.609743,0.057718
2080028645,3,-0.786437,0.05993,-0.611958,0.058581
2080028655,3,-0.784791,0.059376,-0.614039,0.059441
2080028665,3,-0.783247,0.058859,-0.615978,0.060246
2080028675,3,-0.781799,0.058367,-0.61779,0.060976
2080028685,3,-0.780417,0.057885,-0.619518,0.061602
2080028695,3,-0.779062,0.057429,-0.621211,0.062123
2080028705,3,-0.778489,0.058021,-0.62172,0.063642
2080028715,3,-0.777866,0.058651,-0.622295,0.06505
2080028725,3,-0.777173,0.059335,-0.622959,0.066347
2080028735,3,-0.776409,0.060066,-0.623714,0.067533
2080028745,3,-0.775581,0.060832,-0.624551,0.068622
2080028756,3,-0.774694,0.061585,-0.62547,0.069588
2080028766,3,-0.773725,0.062267,-0.626511,0.070391
2080028776,3,-0.772616,0.062807,-0.62776,0.070961
2080028786,3,-0.771302,0.063141,-0.629308,0.071243
2080028796,3,-0.769742,0.063196,-0.631217,0.071183
2080028806,3,-0.767942,0.062984,-0.633471,0.07079
2080028816,3,-0.765925,0.062523,-0.636028,0.07012
2080028826,3,-0.763726,0.061852,-0.638829,0.06923
2080028836,3,-0.761379,0.060976,-0.64182,0.068189
2080028846,3,-0.758891,0.059929,-0.64498,0.067029
2080028856,3,-0.755968,0.057714,-0.648845,0.064663
2080028866,3,-0.752968,0.055407,-0.652757,0.062257
2080028876,3,-0.74989,0.053016,-0.656715,0.059817
2080028887,3,-0.746761,0.050549,-0.660682,0.057371
2080028897,3,-0.743626,0.048042,-0.664602,0.054912
2080028907,3,-0.740582,0.045479,-0.668373,0.052404
2080028917,3,-0.737692,0.042901,-0.671926,0.049846
2080028927,3,-0.73539,0.040849,-0.674725,0.047726
2080028937,3,-0.733245,0.038642,-0.677349,0.045342
2080028947,3,-0.731213,0.036292,-0.679844,0.042667
2080028957,3,-0.729233,0.033799,-0.682277,0.039664
2080028967,3,-0.727214,0.031162,-0.684739,0.03632
2080028977,3,-0.72505,0.028396,-0.687336,0.03262
2080028987,3,-0.723324,0.025464,-0.689451,0.028471
2080028997,3,-0.7214,0.022467,-0.691735,0.024071
2080029007,3,-0.719167,0.019444,-0.694292,0.019435
2080029018,3,-0.716645,0.016397,-0.697092,0.014587
2080029028,3,-0.713862,0.013348,-0.700093,0.009575
2080029038,3,-0.710916,0.010301,-0.703187,0.004399
2080029048,3,0.707836,-0.007252,0.706338,9.37E-4
2080029058,3,0.704683,-0.004184,0.709479,0.006474
2080029068,3,0.701513,-0.001138,0.712551,0.012161
2080029078,3,0.698398,0.001847,0.715481,0.017973
2080029088,3,0.694716,0.00516,0.718853,0.024314
2080029098,3,0.691129,0.008333,0.722029,0.030739
2080029108,3,0.687689,0.011328,0.724963,0.037188
2080029118,3,0.684444,0.014113,0.727621,0.043625
2080029128,3,0.681452,0.016687,0.729958,0.05004
2080029138,3,0.678763,0.019015,0.731942,0.056383
2080029149,3,0.676447,0.021068,0.73352,0.062636
2080029159,3,0.674546,0.022858,0.734664,0.068793
2080029169,3,0.673097,0.024379,0.735354,0.074829
2080029179,3,0.672104,0.025642,0.735594,0.080738
2080029189,3,0.671565,0.026655,0.735395,0.086498
2080029199,3,0.671449,0.027389,0.734795,0.09209
2080029209,3,0.671737,0.027867,0.733817,0.097487
2080029219,3,0.672389,0.028052,0.73251,0.102639
2080029229,3,0.673348,0.027945,0.730932,0.107507
2080029239,3,0.674579,0.027547,0.729131,0.112032
2080029249,3,0.676051,0.026841,0.727141,0.116183
2080029259,3,0.677739,0.02584,0.724997,0.119919
2080029269,3,0.679649,0.024511,0.722704,0.123184
2080029279,3,0.681762,0.022882,0.720283,0.125966
2080029290,3,0.684048,0.02097,0.717767,0.128244
2080029300,3,0.68647,0.018826,0.715193,0.130011
2080029310,3,0.689732,0.015461,0.712103,0.130146
2080029320,3,0.693053,0.011888,0.709025,0.129688
2080029330,3,0.696351,0.008205,0.70602,0.128694
2080029340,3,0.699581,0.004547,0.703113,0.127264
2080029350,3,0.701745,0.002465,0.701008,0.127016
2080029360,3,0.703629,5.98E-4,0.699217,0.12649
2080029370,3,0.705185,-0.001013,0.69779,0.125701
2080029380,3,0.706412,-0.002426,0.696736,0.124632
2080029390,3,0.70732,-0.003637,0.696047,0.123296
2080029400,3,0.707918,-0.004657,0.695714,0.121701
2080029410,3,0.708216,-0.005524,0.695726,0.11985
2080029421,3,0.708199,-0.006248,0.696097,0.117738
2080029431,3,0.70787,-0.006868,0.696821,0.115373
2080029441,3,0.707264,-0.007461,0.697862,0.112736
2080029451,3,0.706483,-0.008113,0.699114,0.109788
2080029461,3,0.70568,-0.008942,0.700429,0.106459
2080029471,3,0.705144,-0.010561,0.701583,0.102175
2080029481,3,0.704669,-0.012336,0.702676,0.097648
2080029491,3,0.704359,-0.01435,0.7036,0.092835
2080029501,3,0.704712,-0.016485,0.703839,0.087852
2080029511,3,0.70558,-0.01897,0.703557,0.082478
2080029521,3,0.706996,-0.021753,0.7027,0.076781
2080029531,3,0.708937,-0.024775,0.701269,0.070824
2080029541,3,0.711368,-0.027964,0.699279,0.064657
2080029552,3,0.714244,-0.031247,0.696759,0.058348
2080029562,3,0.717517,-0.034553,0.693739,0.051968
2080029572,3,0.721132,-0.037818,0.69026,0.045584
2080029582,3,0.725012,-0.040977,0.686393,0.039268
2080029592,3,0.729101,-0.043973,0.682188,0.033111
2080029602,3,0.733317,-0.04675,0.677733,0.027162
2080029612,3,0.737576,-0.049261,0.67312,0.021509
2080029622,3,0.741678,-0.052003,0.668554,0.015606
2080029632,3,0.745682,-0.054383,0.664001,0.010145
2080029642,3,0.749494,-0.056343,0.659587,0.005191
2080029652,3,0.753045,-0.057849,0.655419,6.79E-4
2080029662,3,-0.756301,0.058952,-0.651554,0.003092
2080029672,3,-0.759324,0.059645,-0.647941,0.006445
2080029682,3,-0.762376,0.059899,-0.64429,0.009163
2080029693,3,-0.76523,0.059938,-0.640855,0.011558
2080029703,3,-0.767863,0.059831,-0.637666,0.013672
2080029713,3,-0.770242,0.059606,-0.634768,0.01559
2080029723,3,-0.772333,0.059322,-0.632202,0.017358
2080029733,3,-0.77411,0.059033,-0.630004,0.01904
2080029743,3,-0.775545,0.05877,-0.62821,0.020672
2080029753,3,-0.77664,0.058578,-0.626817,0.02231
2080029763,3,-0.777388,0.058501,-0.625835,0.023987
2080029773,3,-0.777794,0.058562,-0.625255,0.025734
2080029783,3,-0.777864,0.058801,-0.625067,0.027572
2080029793,3,-0.777604,0.059222,-0.625263,0.029492
2080029803,3,-0.777056,0.059837,-0.625787,0.031517
2080029813,3,-0.776298,0.060654,-0.62654,0.033606
2080029824,3,-0.774691,0.060642,-0.628473,0.034596
2080029834,3,-0.772956,0.060831,-0.630527,0.035676
2080029844,3,-0.771154,0.061161,-0.632634,0.036793
2080029854,3,-0.769408,0.061647,-0.63464,0.037965
2080029864,3,-0.767854,0.062309,-0.636378,0.039233
2080029874,3,-0.76662,0.063093,-0.637703,0.040572
2080029884,3,-0.765806,0.063995,-0.638501,0.041963
2080029894,3,-0.765437,0.064967,-0.638751,0.043374
2080029904,3,-0.7655,0.065913,-0.638487,0.044703
2080029914,3,-0.765915,0.066796,-0.637811,0.04592
2080029924,3,-0.767308,0.068338,-0.635835,0.047748
2080029934,3,-0.768717,0.069734,-0.633852,0.049414
2080029944,3,-0.770073,0.07099,-0.631946,0.050904
2080029955,3,-0.771314,0.072084,-0.630198,0.052234
2080029965,3,-0.772368,0.073019,-0.628701,0.053385
2080029975,3,-0.773162,0.07378,-0.627552,0.054355
2080029985,3,-0.773647,0.074366,-0.626814,0.055165
2080029995,3,-0.77376,0.07476,-0.62657,0.055806
2080030005,3,-0.773422,0.074918,-0.626926,0.056278
2080030015,3,-0.772605,0.074807,-0.627925,0.056526
2080030025,3,-0.77132,0.074443,-0.629542,0.056562
2080030035,3,-0.769637,0.07381,-0.631686,0.056416
2080030045,3,-0.767632,0.072953,-0.634244,0.056137
2080030055,3,-0.765362,0.071892,-0.637135,0.055764
2080030065,3,-0.762847,0.070648,-0.640321,0.055331
2080030075,3,-0.760056,0.069249,-0.643824,0.054856
2080030085,3,-0.756952,0.067704,-0.64768,0.054306
2080030096,3,-0.753502,0.066036,-0.651914,0.053671
2080030106,3,-0.749723,0.063365,-0.65666,0.051932
2080030116,3,-0.745633,0.060632,-0.661692,0.050164
2080030126,3,-0.741286,0.05783,-0.666941,0.048367
2080030136,3,-0.736871,0.054978,-0.672184,0.046537
2080030146,3,-0.732641,0.05207,-0.677151,0.044614
2080030156,3,-0.728763,0.049123,-0.681674,0.042546
2080030166,3,-0.725373,0.046099,-0.68563,0.040236
2080030176,3,-0.722474,0.043035,-0.689026,0.037682
2080030186,3,-0.720052,0.039907,-0.691895,0.034811
2080030196,3,-0.717777,0.036515,-0.694603,0.031429
2080030206,3,-0.715514,0.032905,-0.697277,0.027579
2080030216,3,-0.713129,0.029111,-0.700039,0.023312
2080030227,3,-0.710536,0.025147,-0.702963,0.018652
2080030237,3,-0.708665,0.021366,-0.705083,0.01392
2080030247,3,-0.706532,0.01747,-0.707408,0.008927
2080030257,3,-0.704131,0.013494,-0.709931,0.0037
2080030267,3,0.701464,-0.00944,0.712639,0.001739
2080030277,3,0.698532,-0.005347,0.71552,0.007317
2080030287,3,0.695366,-0.001196,0.718535,0.013079
2080030297,3,0.692037,0.002975,0.721606,0.01897
2080030307,3,0.688626,0.007136,0.72465,0.024984
2080030317,3,0.685148,0.011237,0.727653,0.031077
2080030327,3,0.680783,0.015763,0.73134,0.037768
2080030337,3,0.676511,0.020051,0.734816,0.04444
2080030347,3,0.672394,0.02407,0.738039,0.051025
2080030358,3,0.668507,0.027782,0.74096,0.057478
2080030368,3,0.664931,0.031146,0.743525,0.063769
2080030378,3,0.661746,0.034135,0.745683,0.069876
2080030388,3,0.65902,0.036731,0.747393,0.075798
2080030398,3,0.656792,0.038914,0.748639,0.081531
2080030408,3,0.655103,0.040678,0.749403,0.087062
2080030418,3,0.653958,0.042026,0.749692,0.092373
2080030428,3,0.653345,0.042959,0.749529,0.097469
2080030438,3,0.653242,0.043465,0.748939,0.102344
2080030448,3,0.653608,0.043561,0.747966,0.106979
2080030458,3,0.654386,0.043259,0.746666,0.111337
2080030468,3,0.65552,0.042577,0.745095,0.115382
2080030478,3,0.656957,0.04152,0.743305,0.119077
2080030488,3,0.65865,0.040121,0.741345,0.122377
2080030499,3,0.660572,0.0384,0.739243,0.125251
2080030509,3,0.663819,0.035304,0.736262,0.126547
2080030519,3,0.667216,0.031943,0.733198,0.127365
2080030529,3,0.670711,0.02834,0.730091,0.127707
2080030539,3,0.674285,0.024568,0.726951,0.127585
2080030549,3,0.677884,0.020661,0.723824,0.126979
2080030559,3,0.681434,0.016712,0.720764,0.125963
2080030569,3,0.683691,0.014232,0.71865,0.126116
2080030579,3,0.685736,0.011879,0.716764,0.125983
2080030589,3,0.687534,0.009662,0.715145,0.125581
2080030599,3,0.68906,0.007579,0.713817,0.124912
2080030609,3,0.690311,0.005609,0.712787,0.123985
2080030619,3,0.691306,0.00375,0.712037,0.122817
2080030630,3,0.692074,0.001983,0.711536,0.121423
2080030640,3,0.692634,2.11E-4,0.711267,0.11982
2080030650,3,0.692997,-0.001407,0.711214,0.118013
2080030660,3,0.693158,-0.003083,0.711381,0.11601
2080030670,3,0.693171,-0.004816,0.711716,0.113793
2080030680,3,0.693143,-0.006702,0.712121,0.111315
2080030690,3,0.693186,-0.008825,0.712485,0.108533
2080030700,3,0.693735,-0.011842,0.712464,0.104806
2080030710,3,0.694353,-0.014989,0.71236,0.100955
2080030720,3,0.695358,-0.018069,0.71184,0.097126
2080030730,3,0.696862,-0.021496,0.710833,0.09293
2080030740,3,0.69891,-0.025238,0.709279,0.088376
2080030750,3,0.701507,-0.029214,0.707147,0.083523
2080030761,3,0.704613,-0.033331,0.704456,0.078422
2080030771,3,0.708141,-0.037514,0.701272,0.073111
2080030781,3,0.711974,-0.041677,0.697693,0.067665
2080030791,3,0.715988,-0.045758,0.693834,0.062133
2080030801,3,0.720057,-0.049697,0.689818,0.056552
2080030811,3,0.724108,-0.053457,0.685719,0.050968
2080030821,3,0.728075,-0.056992,0.681612,0.045408
2080030831,3,0.731922,-0.06028,0.67754,0.039931
2080030841,3,0.73562,-0.063683,0.673526,0.034187
2080030851,3,0.739149,-0.06674,0.669612,0.028699
2080030861,3,0.742477,-0.069457,0.665845,0.023485
2080030871,3,0.745589,-0.071793,0.662264,0.018632
2080030881,3,0.748546,-0.07375,0.658815,0.014155
2080030891,3,0.751329,-0.075317,0.655536,0.010107
2080030902,3,0.753959,-0.076525,0.652416,0.006468
2080030912,3,0.756891,-0.077561,0.648913,0.003088
2080030922,3,-0.759735,0.07845,-0.645482,2.72E-4
2080030932,3,-0.762481,0.079219,-0.642134,0.003088
2080030942,3,-0.765105,0.079919,-0.638898,0.005904
2080030952,3,-0.767564,0.080575,-0.635829,0.008636
2080030962,3,-0.769817,0.081213,-0.632976,0.011254
2080030972,3,-0.771822,0.081834,-0.630398,0.013777
2080030982,3,-0.773537,0.08244,-0.628156,0.016192
2080030992,3,-0.774936,0.083018,-0.626291,0.018482
2080031002,3,-0.775986,0.08355,-0.62485,0.020636
2080031012,3,-0.776695,0.084038,-0.623833,0.022666
2080031022,3,-0.777079,0.084506,-0.62322,0.024561
2080031033,3,-0.777196,0.084941,-0.622941,0.02635
2080031043,3,-0.7771,0.085377,-0.622928,0.028029
2080031053,3,-0.776876,0.08582,-0.623073,0.02963
2080031063,3,-0.776601,0.086297,-0.623273,0.031179
2080031073,3,-0.776356,0.086825,-0.623429,0.032685
2080031083,3,-0.776181,0.087404,-0.623485,0.034181
2080031093,3,-0.776087,0.088029,-0.623431,0.035671
2080031103,3,-0.775129,0.087461,-0.624691,0.035845
2080031113,3,-0.77427,0.086929,-0.62582,0.036031
2080031123,3,-0.773456,0.086401,-0.626886,0.036248
2080031133,3,-0.772648,0.085899,-0.627931,0.036569
2080031143,3,-0.771825,0.085394,-0.628989,0.036958
2080031153,3,-0.770997,0.084868,-0.630047,0.037431
2080031164,3,-0.770166,0.084393,-0.63109,0.03803
2080031174,3,-0.769356,0.083928,-0.632096,0.03874
2080031184,3,-0.769065,0.084505,-0.632252,0.040653
2080031194,3,-0.768606,0.084923,-0.632639,0.042415
2080031204,3,-0.767938,0.085137,-0.633318,0.043927
2080031214,3,-0.767023,0.085137,-0.63434,0.045152
2080031224,3,-0.765828,0.084881,-0.635752,0.046043
2080031234,3,-0.764318,0.084355,-0.637599,0.046557
2080031244,3,-0.762451,0.083543,-0.639929,0.046669
2080031254,3,-0.760237,0.082425,-0.642723,0.04638
2080031264,3,-0.757722,0.081025,-0.64591,0.04572
2080031274,3,-0.755005,0.079375,-0.649355,0.044765
2080031284,3,-0.752146,0.077514,-0.652967,0.043599
2080031294,3,-0.749182,0.075506,-0.656683,0.042312
2080031305,3,-0.746122,0.073403,-0.66048,0.040974
2080031315,3,-0.742954,0.07124,-0.664358,0.039638
2080031325,3,-0.739593,0.067944,-0.668584,0.037141
2080031335,3,-0.736172,0.064608,-0.672809,0.034694
2080031345,3,-0.732711,0.061333,-0.676996,0.032375
2080031355,3,-0.729285,0.05812,-0.681068,0.030185
2080031365,3,-0.726069,0.054999,-0.684841,0.028096
2080031375,3,-0.723297,0.051964,-0.688086,0.026035
2080031385,3,-0.721108,0.048983,-0.690674,0.023899
2080031395,3,-0.719532,0.045983,-0.692598,0.021576
2080031405,3,-0.71859,0.042897,-0.69385,0.018945
2080031415,3,-0.718112,0.039581,-0.69462,0.015814
2080031425,3,-0.71787,0.035963,-0.695141,0.012128
2080031436,3,-0.717674,0.0321,-0.695592,0.007974
2080031446,3,-0.717266,0.028065,-0.696224,0.003499
2080031456,3,0.716512,-0.02394,0.697162,0.001214
2080031466,3,0.715295,-0.019746,0.698517,0.006074
2080031476,3,0.713544,-0.015468,0.70035,0.011107
2080031486,3,0.711319,-0.011137,0.702592,0.016263
2080031496,3,0.70871,-0.006761,0.705138,0.021523
2080031506,3,0.705797,-0.002357,0.707899,0.02688
2080031516,3,0.702679,0.002068,0.710768,0.032336
2080031526,3,0.699401,0.006506,0.713695,0.037877
2080031536,3,0.696009,0.010915,0.71663,0.043503
2080031546,3,0.691713,0.015887,0.720274,0.049854
2080031556,3,0.687429,0.020663,0.723781,0.056169
2080031567,3,0.683236,0.025158,0.727092,0.062379
2080031577,3,0.679229,0.029336,0.730138,0.068445
2080031587,3,0.675496,0.033152,0.732858,0.074327
2080031597,3,0.672111,0.036582,0.735203,0.080023
2080031607,3,0.66914,0.039635,0.737133,0.085523
2080031617,3,0.666646,0.042301,0.738609,0.090828
2080031627,3,0.664675,0.044607,0.739599,0.095966
2080031637,3,0.663263,0.046569,0.74008,0.100964
2080031647,3,0.662378,0.048207,0.740084,0.105851
2080031657,3,0.661993,0.04953,0.739638,0.110663
2080031667,3,0.662058,0.050537,0.73879,0.11538
2080031677,3,0.662532,0.051221,0.737587,0.119966
2080031687,3,0.663384,0.0516,0.736061,0.124385
2080031698,3,0.664612,0.051649,0.734228,0.128573
2080031708,3,0.666195,0.051338,0.732118,0.132479
2080031718,3,0.668131,0.050675,0.729738,0.136064
2080031728,3,0.670407,0.049638,0.727111,0.13928
2080031738,3,0.672992,0.048247,0.724264,0.142106
2080031748,3,0.676623,0.045244,0.720848,0.143221
2080031758,3,0.680495,0.041872,0.717275,0.143837
2080031768,3,0.684564,0.03821,0.71357,0.143974
2080031778,3,0.688761,0.034323,0.709783,0.143652
2080031788,3,0.693049,0.030318,0.705934,0.142898
2080031798,3,0.697302,0.026265,0.702132,0.141736
2080031808,3,0.700417,0.023698,0.69911,0.141768
2080031818,3,0.703237,0.021149,0.696428,0.14141
2080031828,3,0.705692,0.018679,0.69416,0.140677
2080031839,3,0.707726,0.016319,0.692365,0.139592
2080031849,3,0.709283,0.01409,0.691102,0.138188
2080031859,3,0.710322,0.011997,0.690414,0.136478
2080031869,3,0.710858,0.010036,0.690287,0.134472
2080031879,3,0.710952,0.008144,0.690664,0.132149
2080031889,3,0.710723,0.006212,0.691425,0.129474
2080031899,3,0.710344,0.004161,0.692392,0.126431
2080031909,3,0.709959,0.001914,0.693415,0.122995
2080031919,3,0.70979,-0.001434,0.694411,0.118273
2080031929,3,0.709677,-0.004919,0.695336,0.113314
2080031939,3,0.709677,-0.008541,0.69613,0.108107
2080031949,3,0.709868,-0.012351,0.696709,0.102613
2080031959,3,0.710572,-0.01596,0.6967,0.097166
2080031970,3,0.7116,-0.019781,0.696335,0.091385
2080031980,3,0.71298,-0.023786,0.69557,0.0853
2080031990,3,0.714708,-0.027931,0.694387,0.078977
2080032000,3,0.716782,-0.032166,0.692775,0.07246
2080032010,3,0.719183,-0.036444,0.690736,0.065803
2080032020,3,0.721898,-0.040718,0.68827,0.059055
2080032030,3,0.724891,-0.044941,0.685405,0.052271
2080032040,3,0.728135,-0.049083,0.682156,0.045523
2080032050,3,0.73157,-0.053073,0.678582,0.038899
2080032060,3,0.73512,-0.056866,0.674765,0.032488
2080032070,3,0.738463,-0.060814,0.671044,0.025938
2080032080,3,0.741865,-0.064514,0.667146,0.019737
2080032090,3,0.745174,-0.067856,0.66326,0.014024
2080032101,3,0.748284,-0.070753,0.659533,0.008938
2080032111,3,0.751143,-0.073198,0.656052,0.004544
2080032121,3,0.753761,-0.075219,0.652828,7.22E-4
2080032131,3,-0.756161,0.076863,-0.649851,0.002312
2080032141,3,-0.758364,0.078202,-0.647103,0.00496
2080032151,3,-0.760782,0.079574,-0.644067,0.007347
2080032161,3,-0.763076,0.080839,-0.641163,0.009427
2080032171,3,-0.765208,0.08203,-0.638435,0.01126
2080032181,3,-0.767128,0.083161,-0.635949,0.012875
2080032191,3,-0.768773,0.084276,-0.633782,0.014302
2080032201,3,-0.770095,0.085366,-0.631998,0.015587
2080032211,3,-0.771057,0.086456,-0.630646,0.016791
2080032221,3,-0.771663,0.087564,-0.629719,0.01793
2080032231,3,-0.771952,0.0887,-0.629174,0.019019
2080032242,3,-0.771968,0.089869,-0.628955,0.020089
2080032252,3,-0.771747,0.091066,-0.629019,0.021154
2080032262,3,-0.771327,0.092264,-0.629323,0.022199
2080032272,3,-0.770748,0.093458,-0.62982,0.023222
2080032282,3,-0.769419,0.093615,-0.631425,0.023069
2080032292,3,-0.768654,0.094845,-0.632134,0.024102
2080032302,3,-0.767881,0.096104,-0.632841,0.025187
2080032312,3,-0.767148,0.097409,-0.633483,0.026334
2080032322,3,-0.766498,0.098769,-0.634006,0.027573
2080032332,3,-0.765968,0.100187,-0.634365,0.028896
2080032342,3,-0.764649,0.100328,-0.635932,0.028914
2080032352,3,-0.76351,0.100523,-0.637262,0.029031
2080032362,3,-0.762589,0.100778,-0.638314,0.029256
2080032373,3,-0.761939,0.101096,-0.639024,0.029594
2080032383,3,-0.761538,0.101383,-0.639439,0.029958
2080032393,3,-0.762415,0.102889,-0.638069,0.031677
2080032403,3,-0.763567,0.104326,-0.636364,0.033474
2080032413,3,-0.764903,0.105662,-0.634437,0.035318
2080032423,3,-0.766266,0.106868,-0.632484,0.037129
2080032433,3,-0.767475,0.10797,-0.630727,0.03881
2080032443,3,-0.768351,0.108952,-0.629399,0.04027
2080032453,3,-0.768771,0.109751,-0.628671,0.041434
2080032463,3,-0.768666,0.110304,-0.628649,0.042246
2080032473,3,-0.768046,0.110551,-0.629332,0.042705
2080032483,3,-0.767002,0.11047,-0.630611,0.042811
2080032493,3,-0.765624,0.110029,-0.632374,0.042594
2080032504,3,-0.764005,0.109252,-0.634498,0.042097
2080032514,3,-0.762187,0.108155,-0.636914,0.041388
2080032524,3,-0.76016,0.10678,-0.639619,0.040509
2080032534,3,-0.757894,0.105146,-0.642634,0.039504
2080032544,3,-0.755368,0.103284,-0.64597,0.038389
2080032554,3,-0.752471,0.100168,-0.649967,0.035991
2080032564,3,-0.749321,0.096904,-0.654219,0.033528
2080032574,3,-0.745919,0.093524,-0.658704,0.031068
2080032584,3,-0.742371,0.090082,-0.663287,0.028644
2080032594,3,-0.739525,0.087436,-0.666878,0.02701
2080032604,3,-0.736998,0.084619,-0.670104,0.025141
2080032614,3,-0.734846,0.081611,-0.672913,0.022966
2080032624,3,-0.733042,0.078394,-0.675341,0.020415
2080032634,3,-0.731524,0.074954,-0.677458,0.017417
2080032645,3,-0.730182,0.071295,-0.679378,0.013941
2080032655,3,-0.728999,0.067469,-0.681106,0.01004
2080032665,3,-0.728015,0.06356,-0.682583,0.00573
2080032675,3,-0.726951,0.059501,-0.684104,0.001013
2080032685,3,0.725685,-0.05529,0.685788,0.004152
2080032695,3,0.724085,-0.05093,0.687759,0.009631
2080032705,3,0.722115,-0.04645,0.690039,0.015401
2080032715,3,0.719764,-0.041862,0.692622,0.021447
2080032725,3,0.717058,-0.037186,0.695467,0.027724
2080032735,3,0.713995,-0.032434,0.698562,0.034195
2080032745,3,0.710706,-0.027652,0.701757,0.040831
2080032755,3,0.707275,-0.022884,0.704963,0.047592
2080032765,3,0.703833,-0.018192,0.708042,0.054432
2080032776,3,0.700337,-0.013111,0.711006,0.061851
2080032786,3,0.697086,-0.008235,0.713588,0.069242
2080032796,3,0.694113,-0.003594,0.715768,0.076604
2080032806,3,0.691451,7.81E-4,0.717533,0.083903
2080032816,3,0.689113,0.004873,0.718886,0.091106
2080032826,3,0.687103,0.008675,0.71984,0.0982
2080032836,3,0.685423,0.012169,0.720408,0.105152
2080032846,3,0.684089,0.01535,0.720594,0.111934
2080032856,3,0.68311,0.018183,0.720406,0.118505
2080032866,3,0.682478,0.020651,0.719872,0.124822
2080032876,3,0.68218,0.022716,0.719022,0.130849
2080032886,3,0.682195,0.024391,0.717891,0.136549
2080032896,3,0.682504,0.025656,0.716516,0.141891
2080032907,3,0.683086,0.026525,0.71493,0.146845
2080032917,3,0.68393,0.02699,0.713155,0.151391
2080032927,3,0.685005,0.027067,0.711233,0.155504
2080032937,3,0.686268,0.026769,0.709215,0.159164
2080032947,3,0.687669,0.026141,0.707155,0.162353
2080032957,3,0.689148,0.025205,0.705126,0.165032
2080032967,3,0.691522,0.022723,0.702698,0.165814
2080032977,3,0.693888,0.019996,0.700389,0.166053
2080032987,3,0.696184,0.017051,0.698257,0.165749
2080032997,3,0.698316,0.013934,0.69639,0.164924
2080033007,3,0.700278,0.010688,0.694783,0.163617
2080033017,3,0.702036,0.007334,0.693465,0.161854
2080033027,3,0.703624,0.003915,0.692387,0.159677
2080033037,3,0.705091,4.04E-4,0.691501,0.157072
2080033048,3,0.706442,-0.003176,0.69079,0.154071
2080033058,3,0.70767,-0.006741,0.690241,0.150743
2080033068,3,0.708219,-0.008966,0.690133,0.148528
2080033078,3,0.708619,-0.011157,0.690223,0.146032
2080033088,3,0.708793,-0.013257,0.69058,0.143301
2080033098,3,0.708639,-0.015215,0.691296,0.140382
2080033108,3,0.708137,-0.017052,0.692394,0.137259
2080033118,3,0.707327,-0.018836,0.693831,0.133904
2080033128,3,0.706361,-0.020693,0.695455,0.130252
2080033138,3,0.705396,-0.022737,0.69711,0.126241
2080033148,3,0.70466,-0.025633,0.69864,0.121238
2080033158,3,0.704051,-0.028699,0.700027,0.115972
2080033168,3,0.703694,-0.031963,0.701139,0.110434
2080033179,3,0.703652,-0.035492,0.701911,0.104565
2080033189,3,0.704326,-0.039085,0.70192,0.098511
2080033199,3,0.705438,-0.042903,0.701446,0.092138
2080033209,3,0.70697,-0.046867,0.700487,0.085524
2080033219,3,0.708872,-0.050878,0.699078,0.078741
2080033229,3,0.711118,-0.05488,0.697233,0.071862
2080033239,3,0.71367,-0.05879,0.694982,0.064943
2080033249,3,0.71648,-0.062571,0.692366,0.058038
2080033259,3,0.719512,-0.066175,0.689421,0.051196
2080033269,3,0.722718,-0.06957,0.686191,0.044485
2080033279,3,0.726045,-0.072739,0.682734,0.037942
2080033289,3,0.729443,-0.075658,0.679108,0.031619
2080033299,3,0.732861,-0.078306,0.675372,0.025589
2080033310,3,0.736141,-0.080853,0.671693,0.019683
2080033320,3,0.739384,-0.083073,0.667988,0.014166
2080033330,3,0.742531,-0.08498,0.664336,0.00908
2080033340,3,0.74556,-0.086549,0.660778,0.004506
2080033350,3,0.74842,-0.087721,0.657397,5.59E-4
2080033360,3,-0.751067,0.088479,-0.654263,0.003049
2080033370,3,-0.753559,0.089116,-0.65128,0.006257
2080033380,3,-0.755843,0.089585,-0.64853,0.009172
2080033390,3,-0.757903,0.089933,-0.646029,0.011838
2080033400,3,-0.759718,0.090201,-0.643806,0.01429
2080033410,3,-0.761285,0.090403,-0.641869,0.016587
2080033420,3,-0.762578,0.090597,-0.640245,0.018761
2080033430,3,-0.763577,0.090797,-0.63896,0.02085
2080033440,3,-0.76426,0.091021,-0.638042,0.022861
2080033451,3,-0.764624,0.091295,-0.637492,0.024852
2080033461,3,-0.764692,0.091656,-0.637277,0.026855
2080033471,3,-0.764485,0.09212,-0.637369,0.028914
2080033481,3,-0.764064,0.092709,-0.637688,0.031056
2080033491,3,-0.763488,0.093439,-0.638157,0.033301
2080033501,3,-0.762831,0.094312,-0.638687,0.035655
2080033511,3,-0.762173,0.095342,-0.639176,0.038146
2080033521,3,-0.761573,0.096528,-0.639551,0.040759
2080033531,3,-0.761086,0.097889,-0.639743,0.043521
2080033541,3,-0.760769,0.0994,-0.639683,0.046419
2080033551,3,-0.759774,0.099464,-0.640753,0.047794
2080033561,3,-0.759025,0.099701,-0.641485,0.049362
2080033571,3,-0.758558,0.100063,-0.64185,0.051035
2080033582,3,-0.758294,0.100468,-0.641962,0.052715
2080033592,3,-0.758155,0.100842,-0.641931,0.054356
2080033602,3,-0.758164,0.101137,-0.641744,0.055881
2080033612,3,-0.7583,0.101385,-0.641418,0.057303
2080033622,3,-0.759184,0.10299,-0.63986,0.060088
2080033632,3,-0.760163,0.104547,-0.638187,0.062751
2080033642,3,-0.761226,0.10604,-0.63642,0.065259
2080033652,3,-0.762322,0.107428,-0.634632,0.06756
2080033662,3,-0.763386,0.108687,-0.632915,0.069621
2080033672,3,-0.764339,0.109792,-0.631374,0.071392
2080033682,3,-0.765083,0.110717,-0.630144,0.072844
2080033692,3,-0.765529,0.111436,-0.629349,0.073925
2080033702,3,-0.7656,0.111905,-0.629101,0.074597
2080033713,3,-0.765285,0.112085,-0.629419,0.074879
2080033723,3,-0.764611,0.111939,-0.630277,0.074766
2080033733,3,-0.763618,0.11145,-0.63162,0.074299
2080033743,3,-0.762352,0.110628,-0.63338,0.073542
2080033753,3,-0.760816,0.109469,-0.63554,0.072548
2080033763,3,-0.758995,0.108011,-0.638094,0.071382
2080033773,3,-0.75688,0.106296,-0.64103,0.070094
2080033783,3,-0.754465,0.104352,-0.644337,0.068716
2080033793,3,-0.751692,0.100901,-0.648417,0.065823
2080033803,3,-0.748653,0.097291,-0.652754,0.062966
2080033813,3,-0.745403,0.093543,-0.657269,0.060161
2080033823,3,-0.742067,0.089666,-0.661816,0.057397
2080033833,3,-0.738834,0.085663,-0.666183,0.054626
2080033843,3,-0.73587,0.081567,-0.670192,0.051804
2080033854,3,-0.733349,0.077413,-0.673659,0.048869
2080033864,3,-0.731923,0.073642,-0.675825,0.046091
2080033874,3,-0.730817,0.069614,-0.677658,0.042872
2080033884,3,-0.729914,0.065323,-0.679281,0.039172
2080033894,3,-0.729255,0.060777,-0.680643,0.034874
2080033904,3,-0.728725,0.056098,-0.68184,0.030091
2080033914,3,-0.728106,0.051273,-0.683091,0.024846
2080033924,3,-0.727214,0.046335,-0.684576,0.019177
2080033934,3,-0.725884,0.041317,-0.686448,0.013128
2080033944,3,-0.724024,0.03617,-0.688792,0.006731
2080033954,3,0.721596,-0.030862,0.691626,0.0
2080033964,3,0.718705,-0.02539,0.694815,0.007066
2080033974,3,0.715504,-0.019808,0.69818,0.014319
2080033985,3,0.712168,-0.014168,0.701528,0.021743
2080033995,3,0.708814,-0.008534,0.704736,0.029257
2080034005,3,0.705496,-0.002975,0.707749,0.036818
2080034015,3,0.701622,0.002751,0.711143,0.04464
2080034025,3,0.69774,0.008199,0.714393,0.052272
2080034035,3,0.693893,0.013339,0.717476,0.059669
2080034045,3,0.690129,0.018124,0.720368,0.066798
2080034055,3,0.686531,0.022534,0.723012,0.073621
2080034065,3,0.683181,0.026535,0.725356,0.080111
2080034075,3,0.680187,0.030122,0.72732,0.086272
2080034085,3,0.677627,0.033304,0.728848,0.092153
2080034095,3,0.675545,0.036106,0.729915,0.097769
2080034105,3,0.67396,0.038507,0.730517,0.103144
2080034116,3,0.672858,0.040502,0.730685,0.108258
2080034126,3,0.672206,0.042062,0.730463,0.113105
2080034136,3,0.671961,0.043193,0.7299,0.117672
2080034146,3,0.672051,0.043924,0.729072,0.121946
2080034156,3,0.672408,0.044281,0.728047,0.125907
2080034166,3,0.672968,0.044321,0.726889,0.129538
2080034176,3,0.673684,0.044073,0.725645,0.132831
2080034186,3,0.674524,0.043569,0.724354,0.135755
2080034196,3,0.675465,0.042809,0.723045,0.138269
2080034206,3,0.677473,0.040686,0.721119,0.139143
2080034216,3,0.679561,0.038321,0.719198,0.139571
2080034226,3,0.681746,0.035703,0.717274,0.139514
2080034236,3,0.68409,0.032853,0.715283,0.138964
2080034246,3,0.686542,0.029842,0.713262,0.137931
2080034257,3,0.689068,0.026745,0.71123,0.136454
2080034267,3,0.690485,0.025032,0.709987,0.136095
2080034277,3,0.691716,0.023392,0.708977,0.135395
2080034287,3,0.692734,0.021857,0.708229,0.134357
2080034297,3,0.693556,0.020409,0.707725,0.13299
2080034307,3,0.694204,0.019076,0.707439,0.131322
2080034317,3,0.694676,0.017863,0.707367,0.129372
2080034327,3,0.69496,0.016767,0.707517,0.127154
2080034337,3,0.695047,0.015773,0.707896,0.124674
2080034347,3,0.69493,0.014844,0.708505,0.121948
2080034357,3,0.694657,0.013932,0.709296,0.118976
2080034367,3,0.694355,0.012964,0.710145,0.115741
2080034377,3,0.694597,0.010883,0.710663,0.111236
2080034388,3,0.694891,0.008768,0.711109,0.106638
2080034398,3,0.69541,0.006537,0.711318,0.101919
2080034408,3,0.696303,0.004721,0.711075,0.097529
2080034418,3,0.697629,0.002637,0.710414,0.092825
2080034428,3,0.699404,3.22E-4,0.70931,0.087817
2080034438,3,0.701597,-0.002214,0.707773,0.082543
2080034448,3,0.704159,-0.004891,0.705833,0.077032
2080034458,3,0.707055,-0.007692,0.703509,0.071327
2080034468,3,0.710246,-0.010578,0.700823,0.065454
2080034478,3,0.713694,-0.013498,0.697798,0.059453
2080034488,3,0.7174,-0.016448,0.69442,0.053346
2080034498,3,0.721342,-0.019406,0.690697,0.047168
2080034508,3,0.725463,-0.022352,0.686677,0.040952
2080034519,3,0.729688,-0.025244,0.682427,0.03478
2080034529,3,0.733921,-0.028019,0.678048,0.028712
2080034539,3,0.738064,-0.030632,0.673648,0.022811
2080034549,3,0.742088,-0.033453,0.669258,0.016688
2080034559,3,0.745865,-0.036038,0.665032,0.010841
2080034569,3,0.749344,-0.038314,0.661048,0.005431
2080034579,3,0.752473,-0.040322,0.657387,2.11E-4
2080034589,3,-0.755269,0.04203,-0.654052,0.004223
2080034599,3,-0.757828,0.043451,-0.650951,0.008359
2080034609,3,-0.760698,0.04465,-0.647454,0.012084
2080034619,3,-0.763485,0.045745,-0.644014,0.015549
2080034629,3,-0.766173,0.046763,-0.640654,0.018764
2080034639,3,-0.76871,0.047724,-0.637442,0.02176
2080034650,3,-0.771021,0.04864,-0.634473,0.024563
2080034660,3,-0.773051,0.049525,-0.63182,0.027229
2080034670,3,-0.774747,0.050393,-0.629555,0.029771
2080034680,3,-0.776104,0.051262,-0.627688,0.032254
2080034690,3,-0.777121,0.052154,-0.626226,0.034665
2080034700,3,-0.777829,0.053088,-0.625132,0.037043
2080034710,3,-0.778277,0.05408,-0.624347,0.039378
2080034720,3,-0.778524,0.055107,-0.623798,0.041702
2080034730,3,-0.778631,0.056204,-0.623408,0.044006
2080034740,3,-0.77866,0.057386,-0.623096,0.046313
2080034750,3,-0.778655,0.058673,-0.622806,0.048627
2080034760,3,-0.777743,0.058919,-0.623838,0.04969
2080034770,3,-0.776814,0.059274,-0.624872,0.0508
2080034780,3,-0.775909,0.059733,-0.625856,0.051958
2080034791,3,-0.775048,0.060293,-0.626765,0.053192
2080034801,3,-0.774234,0.06091,-0.627603,0.054452
2080034811,3,-0.773486,0.061549,-0.628352,0.055718
2080034821,3,-0.772831,0.06222,-0.628975,0.057007
2080034831,3,-0.772317,0.062894,-0.62942,0.058309
2080034841,3,-0.771939,0.063597,-0.629689,0.059634
2080034851,3,-0.772613,0.065629,-0.628388,0.06237
2080034861,3,-0.773355,0.067689,-0.626974,0.065127
2080034871,3,-0.774085,0.069728,-0.625562,0.067832
2080034881,3,-0.77469,0.071701,-0.624302,0.070433
2080034891,3,-0.775081,0.073534,-0.623323,0.072861
2080034901,3,-0.775212,0.075172,-0.622705,0.075044
2080034911,3,-0.775026,0.076573,-0.62253,0.076978
2080034922,3,-0.774472,0.077678,-0.622881,0.078595
2080034932,3,-0.773532,0.078419,-0.623796,0.079849
2080034942,3,-0.772235,0.078766,-0.625245,0.080729
2080034952,3,-0.770649,0.0787,-0.627139,0.081249
2080034962,3,-0.768845,0.07825,-0.62938,0.081446
2080034972,3,-0.766846,0.077447,-0.631923,0.081371
2080034982,3,-0.764637,0.07632,-0.634768,0.081075
2080034992,3,-0.762181,0.074938,-0.637938,0.080615
2080035002,3,-0.759446,0.073349,-0.641451,0.080004
2080035012,3,-0.756419,0.071591,-0.645309,0.079247
2080035022,3,-0.753061,0.068492,-0.64983,0.076997
2080035032,3,-0.749421,0.065303,-0.654618,0.074684
2080035042,3,-0.74561,0.062056,-0.659531,0.072334
2080035053,3,-0.7418,0.058817,-0.664361,0.069972
2080035063,3,-0.7382,0.055608,-0.668883,0.067556
2080035073,3,-0.734992,0.052452,-0.672905,0.065061
2080035083,3,-0.732672,0.050034,-0.675802,0.063072
2080035093,3,-0.730598,0.047522,-0.678436,0.060755
2080035103,3,-0.728664,0.044905,-0.680926,0.058062
2080035113,3,-0.72676,0.042191,-0.683385,0.054978
2080035123,3,-0.724776,0.039361,-0.68593,0.051473
2080035133,3,-0.722602,0.036392,-0.688666,0.047546
2080035143,3,-0.720133,0.033235,-0.691691,0.043192
2080035153,3,-0.718288,0.030069,-0.694028,0.038486
2080035163,3,-0.716049,0.026791,-0.696729,0.033509
2080035173,3,-0.713363,0.023336,-0.699836,0.028232
2080035183,3,-0.710259,0.019698,-0.703298,0.022679
2080035194,3,-0.706787,0.015901,-0.707045,0.016889
2080035204,3,-0.703041,0.011941,-0.710964,0.010881
2080035214,3,-0.699117,0.007842,-0.714948,0.004683
2080035224,3,0.695087,-0.003623,0.718913,0.001773
2080035234,3,0.690996,6.57E-4,0.72281,0.008314
2080035244,3,0.686888,0.004932,0.726592,0.014969
2080035254,3,0.682201,0.009729,0.73076,0.022284
2080035264,3,0.677741,0.014382,0.734563,0.029616
2080035274,3,0.673609,0.018834,0.737922,0.036948
2080035284,3,0.669891,0.023059,0.740782,0.044219
2080035294,3,0.666635,0.027012,0.743118,0.051412
2080035304,3,0.663903,0.030655,0.744898,0.058476
2080035314,3,0.661716,0.033953,0.746125,0.065385
2080035325,3,0.660079,0.036908,0.746813,0.072122
2080035335,3,0.659007,0.039507,0.746965,0.078677
2080035345,3,0.658492,0.041742,0.746601,0.085039
2080035355,3,0.658507,0.043603,0.745755,0.091189
2080035365,3,0.659001,0.045075,0.744487,0.097074
2080035375,3,0.659931,0.04614,0.742852,0.102628
2080035385,3,0.661242,0.046782,0.740912,0.107789
2080035395,3,0.662876,0.04699,0.738738,0.112483
2080035405,3,0.664813,0.046766,0.736357,0.116673
2080035415,3,0.667039,0.046113,0.733793,0.12033
2080035425,3,0.669506,0.045062,0.731093,0.123419
2080035435,3,0.672183,0.04365,0.728288,0.125933
2080035445,3,0.67503,0.04191,0.725419,0.127841
2080035456,3,0.678967,0.038895,0.721862,0.128077
2080035466,3,0.682975,0.035589,0.718315,0.127673
2080035476,3,0.686992,0.032088,0.714817,0.126681
2080035486,3,0.690944,0.028479,0.711418,0.125168
2080035496,3,0.694697,0.024847,0.708233,0.12322
2080035506,3,0.697079,0.022592,0.706116,0.122352
2080035516,3,0.699162,0.020446,0.704322,0.121173
2080035526,3,0.700932,0.018454,0.702861,0.119744
2080035536,3,0.702332,0.016632,0.701783,0.118124
2080035546,3,0.703328,0.014984,0.701124,0.116316
2080035556,3,0.703929,0.013489,0.700875,0.114344
2080035566,3,0.704143,0.012136,0.701029,0.11222
2080035576,3,0.704023,0.010855,0.70153,0.109942
2080035586,3,0.703678,0.00957,0.702277,0.107476
2080035597,3,0.703223,0.008196,0.703155,0.104794
2080035607,3,0.702756,0.006682,0.704068,0.101862
2080035617,3,0.702362,0.004944,0.704932,0.098651
2080035627,3,0.702138,0.002939,0.70565,0.095136
2080035637,3,0.702203,1.22E-4,0.706166,0.090774
2080035647,3,0.702422,-0.002886,0.706504,0.086287
2080035657,3,0.70338,-0.005911,0.706076,0.081713
2080035667,3,0.704895,-0.009263,0.705082,0.076783
2080035677,3,0.706996,-0.012914,0.703469,0.071548
2080035687,3,0.70968,-0.016781,0.701219,0.06605
2080035697,3,0.712913,-0.020793,0.698342,0.060338
2080035707,3,0.716648,-0.024854,0.694859,0.054483
2080035717,3,0.720817,-0.028894,0.690817,0.048556
2080035728,3,0.725327,-0.032823,0.686296,0.042664
2080035738,3,0.730068,-0.036538,0.681398,0.036905
2080035748,3,0.734916,-0.039973,0.67625,0.03139
2080035758,3,0.739755,-0.043038,0.670985,0.026245
2080035768,3,0.744474,-0.046507,0.665709,0.020638
2080035778,3,0.749006,-0.049478,0.660528,0.01559
2080035788,3,0.753209,-0.051879,0.655635,0.011205
2080035798,3,0.757034,-0.053685,0.651121,0.007541
2080035808,3,0.760496,-0.05494,0.646997,0.004547
2080035818,3,0.763611,-0.05571,0.643264,0.002135
2080035828,3,0.766429,-0.056049,0.639878,3.66E-4
2080035838,3,-0.768965,0.056046,-0.636827,8.71E-4
2080035848,3,-0.771647,0.055774,-0.633598,0.00181
2080035859,3,-0.774076,0.0554,-0.630658,0.002489
2080035869,3,-0.77622,0.054961,-0.628053,0.003109
2080035879,3,-0.77802,0.054501,-0.62586,0.003688
2080035889,3,-0.779428,0.054062,-0.624139,0.004254
2080035899,3,-0.78041,0.053647,-0.622942,0.004955
2080035909,3,-0.780962,0.053292,-0.622274,0.005725
2080035919,3,-0.781117,0.053007,-0.622095,0.006615
2080035929,3,-0.780935,0.052793,-0.622329,0.007625
2080035939,3,-0.780514,0.05265,-0.622854,0.008761
2080035949,3,-0.779933,0.052572,-0.623571,0.009968
2080035959,3,-0.779287,0.05255,-0.624358,0.011251
2080035969,3,-0.77866,0.052613,-0.625108,0.012596
2080035979,3,-0.778143,0.052815,-0.625703,0.014046
2080035989,3,-0.777792,0.053206,-0.626068,0.015674
2080036000,3,-0.777634,0.053859,-0.626159,0.01756
2080036010,3,-0.776446,0.053576,-0.627633,0.018351
2080036020,3,-0.775512,0.053592,-0.628753,0.019442
2080036030,3,-0.774791,0.053963,-0.629563,0.020909
2080036040,3,-0.774228,0.054702,-0.630126,0.022782
2080036050,3,-0.773779,0.055788,-0.630496,0.025039
2080036060,3,-0.77335,0.057185,-0.630789,0.027609
2080036070,3,-0.773703,0.060205,-0.629869,0.031979
2080036080,3,-0.77408,0.0635,-0.62883,0.036603
2080036090,3,-0.774561,0.067028,-0.62757,0.041428
2080036100,3,-0.775179,0.070712,-0.626056,0.046376
2080036110,3,-0.775888,0.074462,-0.624355,0.051313
2080036120,3,-0.77659,0.078176,-0.622614,0.056098
2080036131,3,-0.777188,0.081748,-0.620982,0.060628
2080036141,3,-0.77756,0.085097,-0.619645,0.06478
2080036151,3,-0.777582,0.088102,-0.618808,0.068413
2080036161,3,-0.777138,0.090656,-0.618658,0.071411
2080036171,3,-0.776175,0.092686,-0.619297,0.0737
2080036181,3,-0.774705,0.094128,-0.620734,0.075231
2080036191,3,-0.772778,0.095,-0.622901,0.076039
2080036201,3,-0.770459,0.09528,-0.625707,0.076178
2080036211,3,-0.767817,0.095014,-0.629041,0.075737
2080036221,3,-0.764915,0.094273,-0.632786,0.074817
2080036231,3,-0.761764,0.093136,-0.636894,0.073527
2080036241,3,-0.758353,0.091645,-0.641349,0.071921
2080036251,3,-0.754707,0.089881,-0.646088,0.07005
2080036262,3,-0.750727,0.086698,-0.6515,0.066627
2080036272,3,-0.746585,0.083341,-0.657027,0.063082
2080036282,3,-0.742392,0.079864,-0.662525,0.059463
2080036292,3,-0.738352,0.076323,-0.667757,0.055777
2080036302,3,-0.73461,0.072726,-0.672574,0.051976
2080036312,3,-0.731287,0.069047,-0.676866,0.047989
2080036322,3,-0.728736,0.06575,-0.680196,0.04419
2080036332,3,-0.726393,0.062211,-0.683287,0.040002
2080036342,3,-0.724136,0.058413,-0.686266,0.035398
2080036352,3,-0.721832,0.054349,-0.689262,0.030373
2080036362,3,-0.719357,0.050018,-0.692387,0.02494
2080036372,3,-0.716619,0.045431,-0.695719,0.019124
2080036382,3,-0.714476,0.040825,-0.698344,0.013101
2080036392,3,-0.712002,0.03606,-0.701216,0.006849
2080036403,3,-0.709218,0.031171,-0.704298,4.88E-4
2080036413,3,0.706093,-0.026164,0.707607,0.006196
2080036423,3,0.702668,-0.021081,0.711087,0.012955
2080036433,3,0.699016,-0.01599,0.714653,0.019776
2080036443,3,0.695289,-0.010911,0.718151,0.026682
2080036453,3,0.691546,-0.005874,0.721524,0.033643
2080036463,3,0.687844,-9.13E-4,0.724717,0.040666
2080036473,3,0.683332,0.004564,0.72849,0.048352
2080036483,3,0.678908,0.009856,0.732016,0.056014
2080036493,3,0.674679,0.014868,0.735213,0.063615
2080036503,3,0.670749,0.019532,0.738011,0.071087
2080036513,3,0.667251,0.023795,0.740314,0.078382
2080036523,3,0.664298,0.027611,0.742052,0.085463
2080036534,3,0.661955,0.030957,0.743189,0.092333
2080036544,3,0.66024,0.033843,0.743733,0.098981
2080036554,3,0.659135,0.036269,0.743719,0.105384
2080036564,3,0.658591,0.038239,0.743202,0.111562
2080036574,3,0.658529,0.039772,0.742262,0.117491
2080036584,3,0.658871,0.040873,0.740982,0.12314
2080036594,3,0.659557,0.041549,0.739424,0.128483
2080036604,3,0.660562,0.041812,0.737624,0.133488
2080036614,3,0.661853,0.041659,0.735619,0.138124
2080036624,3,0.663412,0.041116,0.733434,0.142362
2080036634,3,0.665216,0.040196,0.731097,0.14618
2080036644,3,0.667232,0.038911,0.728642,0.149553
2080036654,3,0.669427,0.037305,0.7261,0.152492
2080036665,3,0.671757,0.035414,0.723512,0.154973
2080036675,3,0.674181,0.033282,0.720919,0.156991
2080036685,3,0.676644,0.030973,0.718371,0.15854
2080036695,3,0.6791,0.02856,0.7159,0.159665
2080036705,3,0.682706,0.024584,0.712816,0.158742
2080036715,3,0.68621,0.020589,0.70987,0.157397
2080036725,3,0.689511,0.016678,0.707145,0.155697
2080036735,3,0.69251,0.012904,0.704731,0.153673
2080036745,3,0.695168,0.009307,0.702665,0.151379
2080036755,3,0.697503,0.005859,0.700938,0.148793
2080036765,3,0.699517,0.002583,0.699552,0.145926
2080036775,3,0.700338,9.53E-4,0.699049,0.144413
2080036785,3,0.700913,-5.32E-4,0.69884,0.142628
2080036795,3,0.701221,-0.001785,0.698941,0.140594
2080036806,3,0.701215,-0.002893,0.699398,0.138312
2080036816,3,0.700882,-0.003852,0.700221,0.135786
2080036826,3,0.700292,-0.004749,0.701343,0.132982
2080036836,3,0.699602,-0.005692,0.702613,0.129839
2080036846,3,0.698976,-0.006773,0.703871,0.126298
2080036856,3,0.698579,-0.008071,0.704947,0.12235
2080036866,3,0.698562,-0.010338,0.705792,0.117302
2080036876,3,0.698829,-0.012779,0.706355,0.111966
2080036886,3,0.699419,-0.015391,0.706587,0.106346
2080036896,3,0.700366,-0.018253,0.706451,0.100393
2080036906,3,0.701759,-0.021369,0.705847,0.094105
2080036916,3,0.704069,-0.024328,0.70426,0.087818
2080036926,3,0.706874,-0.027454,0.702117,0.081271
2080036937,3,0.710142,-0.030703,0.699432,0.074496
2080036947,3,0.713825,-0.034023,0.696227,0.067545
2080036957,3,0.717879,-0.037379,0.692528,0.060465
2080036967,3,0.722245,-0.040704,0.688376,0.053318
2080036977,3,0.726851,-0.043946,0.68383,0.046167
2080036987,3,0.731621,-0.047056,0.67896,0.039095
2080036997,3,0.736445,-0.04998,0.673879,0.032174
2080037007,3,0.741128,-0.053072,0.668792,0.025064
2080037017,3,0.745745,-0.055911,0.66363,0.018227
2080037027,3,0.750162,-0.058412,0.658563,0.011797
2080037037,3,0.754226,-0.060513,0.653793,0.005888
2080037047,3,0.75785,-0.062204,0.649456,5.98E-4
2080037057,3,-0.76097,0.06348,-0.645659,0.004202
2080037068,3,-0.763626,0.064329,-0.64239,0.008386
2080037078,3,-0.765906,0.064866,-0.639557,0.012074
2080037088,3,-0.767867,0.065141,-0.637102,0.015342
2080037098,3,-0.769622,0.065202,-0.6349,0.018222
2080037108,3,-0.771511,0.065397,-0.632492,0.0211
2080037118,3,-0.77312,0.065493,-0.630421,0.023741
2080037128,3,-0.774372,0.065489,-0.628787,0.026161
2080037138,3,-0.775206,0.065443,-0.627666,0.02842
2080037148,3,-0.7756,0.065406,-0.627083,0.030526
2080037158,3,-0.77556,0.065406,-0.627032,0.032534
2080037168,3,-0.775135,0.065452,-0.62745,0.03446
2080037178,3,-0.774393,0.065578,-0.628246,0.036325
2080037188,3,-0.773422,0.065799,-0.629312,0.038134
2080037198,3,-0.772305,0.066132,-0.630536,0.039926
2080037209,3,-0.771154,0.066608,-0.631776,0.041742
2080037219,3,-0.770061,0.067264,-0.632912,0.043618
2080037229,3,-0.769086,0.06811,-0.633869,0.045568
2080037239,3,-0.768293,0.069159,-0.634568,0.047593
2080037249,3,-0.767727,0.07042,-0.634951,0.049712
2080037259,3,-0.766336,0.070421,-0.636577,0.050393
2080037269,3,-0.765227,0.070624,-0.637824,0.051182
2080037279,3,-0.764405,0.071001,-0.638695,0.052076
2080037289,3,-0.763833,0.071555,-0.639229,0.05314
2080037299,3,-0.763548,0.072258,-0.639389,0.054353
2080037309,3,-0.763506,0.073051,-0.639235,0.055675
2080037319,3,-0.763663,0.073889,-0.638824,0.057105
2080037329,3,-0.764056,0.074762,-0.638114,0.058641
2080037340,3,-0.764706,0.075726,-0.63706,0.060363
2080037350,3,-0.765605,0.076814,-0.635669,0.062226
2080037360,3,-0.767151,0.079174,-0.63319,0.065421
2080037370,3,-0.768506,0.081467,-0.630929,0.068469
2080037380,3,-0.769523,0.083657,-0.629088,0.071293
2080037390,3,-0.770098,0.085683,-0.627818,0.073831
2080037400,3,-0.770121,0.087505,-0.627277,0.07602
2080037410,3,-0.769537,0.089072,-0.627557,0.077784
2080037420,3,-0.76833,0.09032,-0.628694,0.07908
2080037430,3,-0.766538,0.091226,-0.630645,0.079897
2080037440,3,-0.764257,0.091755,-0.633288,0.080233
2080037450,3,-0.761577,0.09188,-0.636503,0.080127
2080037460,3,-0.758589,0.091599,-0.640166,0.079615
2080037471,3,-0.755367,0.09092,-0.644168,0.078745
2080037481,3,-0.751953,0.089858,-0.648437,0.077588
2080037491,3,-0.748361,0.088455,-0.652937,0.076175
2080037501,3,-0.744608,0.08674,-0.65763,0.074537
2080037511,3,-0.740737,0.084732,-0.66245,0.072717
2080037521,3,-0.736818,0.082496,-0.667298,0.070743
2080037531,3,-0.732732,0.078808,-0.672575,0.06734
2080037541,3,-0.728741,0.074964,-0.677668,0.063877
2080037551,3,-0.725017,0.071048,-0.682389,0.060388
2080037561,3,-0.721751,0.06714,-0.686531,0.056928
2080037571,3,-0.719114,0.063282,-0.689939,0.05341
2080037581,3,-0.717148,0.059534,-0.692583,0.049816
2080037591,3,-0.715979,0.056644,-0.694242,0.046819
2080037601,3,-0.715095,0.053706,-0.6956,0.043515
2080037612,3,-0.714332,0.050702,-0.696828,0.039852
2080037622,3,-0.714235,0.047364,-0.6974,0.035446
2080037632,3,-0.714158,0.04403,-0.697922,0.030722
2080037642,3,-0.713858,0.040682,-0.698635,0.025676
2080037652,3,-0.713172,0.037328,-0.699698,0.020337
2080037662,3,-0.711996,0.033942,-0.701207,0.014747
2080037672,3,-0.710275,0.030491,-0.703206,0.008886
2080037682,3,-0.707969,0.026928,-0.705724,0.00271
2080037692,3,0.705066,-0.023265,0.708749,0.003734
2080037702,3,0.701639,-0.019514,0.712187,0.010475
2080037712,3,0.697785,-0.015712,0.715922,0.017412
2080037722,3,0.69364,-0.011915,0.719805,0.024527
2080037732,3,0.689301,-0.0082,0.723731,0.03177
2080037743,3,0.684855,-0.004606,0.727615,0.039095
2080037753,3,0.680406,-0.001196,0.731357,0.046488
2080037763,3,0.675157,0.002654,0.73565,0.054532
2080037773,3,0.670091,0.006224,0.739608,0.062592
2080037783,3,0.665299,0.009479,0.743168,0.07062
2080037793,3,0.660863,0.012409,0.746274,0.07862
2080037803,3,0.656858,0.01498,0.748877,0.086576
2080037813,3,0.653341,0.017186,0.750947,0.094485
2080037823,3,0.650355,0.019032,0.752464,0.102336
2080037833,3,0.647906,0.02049,0.75344,0.110111
2080037843,3,0.645972,0.021554,0.753909,0.117795
2080037853,3,0.644555,0.022205,0.753883,0.125359
2080037863,3,0.643642,0.022423,0.753386,0.13278
2080037874,3,0.643207,0.022191,0.75245,0.140038
2080037884,3,0.643228,0.021499,0.751107,0.147079
2080037894,3,0.643699,0.02034,0.749377,0.153849
2080037904,3,0.644606,0.018687,0.747287,0.160294
2080037914,3,0.64593,0.016529,0.744863,0.166366
2080037924,3,0.647654,0.013888,0.74214,0.171985
2080037934,3,0.649737,0.010771,0.739158,0.177118
2080037944,3,0.653216,0.006109,0.735296,0.180583
2080037954,3,0.656993,0.00105,0.731228,0.183474
2080037964,3,0.660998,-0.004326,0.727006,0.185806
2080037974,3,0.665173,-0.009994,0.722681,0.187552
2080037984,3,0.66943,-0.015883,0.718334,0.188696
2080037994,3,0.673711,-0.021958,0.714005,0.18928
2080038004,3,0.677913,-0.028119,0.709789,0.189316
2080038015,3,0.681991,-0.034277,0.70572,0.188869
2080038025,3,0.685853,-0.040369,0.701888,0.187958
2080038035,3,0.688305,-0.04497,0.699153,0.188142
2080038045,3,0.690432,-0.049397,0.696804,0.187955
2080038055,3,0.692156,-0.053599,0.694909,0.187476
2080038065,3,0.693423,-0.057528,0.693536,0.186714
2080038075,3,0.694207,-0.061194,0.692703,0.18572
2080038085,3,0.6945,-0.06458,0.692419,0.184535
2080038095,3,0.6944,-0.067768,0.692584,0.183145
2080038105,3,0.694055,-0.070853,0.693048,0.181522
2080038115,3,0.693654,-0.073934,0.693624,0.179613
2080038125,3,0.693327,-0.077104,0.694174,0.177407
2080038135,3,0.693167,-0.080418,0.6946,0.174877
2080038146,3,0.693366,-0.08461,0.694793,0.171306
2080038156,3,0.693693,-0.088833,0.694851,0.167569
2080038166,3,0.694191,-0.093121,0.694727,0.163647
2080038176,3,0.69526,-0.097209,0.694001,0.159765
2080038186,3,0.69677,-0.101495,0.692826,0.155568
2080038196,3,0.698745,-0.105946,0.69116,0.151086
2080038206,3,0.701207,-0.110497,0.688967,0.146361
2080038216,3,0.704132,-0.115107,0.686254,0.141433
2080038226,3,0.707491,-0.1197,0.68303,0.136372
2080038236,3,0.711218,-0.124213,0.679344,0.131261
2080038246,3,0.715233,-0.128544,0.675274,0.12618
2080038256,3,0.719448,-0.132626,0.6709,0.121226
2080038266,3,0.723737,-0.136404,0.666355,0.116484
2080038277,3,0.727979,-0.139805,0.661772,0.112059
2080038287,3,0.732105,-0.143506,0.65721,0.107246
2080038297,3,0.736052,-0.146724,0.652764,0.102948
2080038307,3,0.739639,-0.149404,0.648659,0.099257
2080038317,3,0.742744,-0.151527,0.645067,0.096218
2080038327,3,0.745354,-0.153165,0.642021,0.093789
2080038337,3,0.747512,-0.154382,0.639485,0.091921
2080038347,3,0.74932,-0.155291,0.637345,0.090522
2080038357,3,0.750878,-0.155958,0.635491,0.089489
2080038367,3,0.752288,-0.15647,0.633799,0.08875
2080038377,3,0.753605,-0.156915,0.632202,0.088189
2080038387,3,0.754809,-0.157331,0.63072,0.087756
2080038397,3,0.755841,-0.157791,0.629423,0.087359
2080038408,3,0.756787,-0.158884,0.628156,0.086308
2080038418,3,0.757356,-0.160083,0.627313,0.085213
2080038428,3,0.75755,-0.161392,0.626898,0.084071
2080038438,3,0.757404,-0.162805,0.626866,0.082886
2080038448,3,0.756981,-0.16429,0.62715,0.08167
2080038458,3,0.756369,-0.165842,0.627639,0.080432
2080038468,3,0.755658,-0.167444,0.628228,0.07919
2080038478,3,0.754912,-0.169104,0.628836,0.077953
2080038488,3,0.754193,-0.170812,0.62939,0.0767
2080038498,3,0.753543,-0.172562,0.629843,0.075441
2080038508,3,0.752998,-0.174363,0.630149,0.074172
2080038518,3,0.752576,-0.176225,0.630289,0.07286
2080038528,3,0.752291,-0.17814,0.630246,0.071503
2080038538,3,0.752116,-0.180107,0.630053,0.0701
2080038549,3,0.752028,-0.182109,0.629744,0.06864
2080038559,3,0.752002,-0.184156,0.629345,0.067105
2080038569,3,0.752027,-0.186264,0.628865,0.065481
2080038579,3,0.751409,-0.187321,0.629337,0.065022
2080038589,3,0.750847,-0.188433,0.629732,0.064477
2080038599,3,0.750343,-0.189593,0.630046,0.063883
2080038609,3,0.749892,-0.190831,0.630275,0.063233
2080038619,3,0.749475,-0.192141,0.630442,0.062535
2080038629,3,0.749033,-0.193546,0.630609,0.061806
2080038639,3,0.748559,-0.195049,0.630785,0.061021
2080038649,3,0.748004,-0.196636,0.631027,0.060232
2080038659,3,0.747276,-0.198286,0.631445,0.059472
2080038669,3,0.746243,-0.200961,0.631995,0.057584
2080038680,3,0.744793,-0.203556,0.633026,0.05589
2080038690,3,0.742899,-0.206012,0.63458,0.054477
2080038700,3,0.74056,-0.208258,0.636667,0.053411
2080038710,3,0.737791,-0.210235,0.63928,0.052777
2080038720,3,0.734671,-0.21191,0.642328,0.052587
2080038730,3,0.73132,-0.213296,0.645666,0.052821
2080038740,3,0.727876,-0.214394,0.649133,0.053442
2080038750,3,0.724445,-0.215213,0.652613,0.054393
2080038760,3,0.721085,-0.215758,0.656039,0.055645
2080038770,3,0.717815,-0.216013,0.659402,0.057156
2080038780,3,0.714611,-0.215987,0.662724,0.058956
2080038790,3,0.711416,-0.215678,0.666064,0.061047
2080038800,3,0.708215,-0.21506,0.669439,0.063484
2080038811,3,0.70503,-0.214132,0.672819,0.066291
2080038821,3,0.701924,-0.212934,0.676118,0.069453
2080038831,3,0.698985,-0.211543,0.679231,0.072891
2080038841,3,0.696304,-0.209082,0.682225,0.077536
2080038851,3,0.693892,-0.206579,0.68488,0.082316
2080038861,3,0.691857,-0.204998,0.686923,0.086285
2080038871,3,0.690117,-0.20344,0.688599,0.090445
2080038881,3,0.688593,-0.201877,0.689993,0.094837
2080038891,3,0.687179,-0.2003,0.691201,0.099522
2080038901,3,0.685756,-0.198682,0.692336,0.104561
2080038911,3,0.68417,-0.197004,0.693538,0.110017
2080038921,3,0.683544,-0.19532,0.693658,0.11599
2080038931,3,0.682588,-0.193696,0.69397,0.122312
2080038941,3,0.681154,-0.192027,0.694621,0.129057
2080038952,3,0.679154,-0.190278,0.695686,0.136246
2080038962,3,0.676579,-0.188372,0.697164,0.143935
2080038972,3,0.673468,-0.186291,0.699003,0.152087
2080038982,3,0.669899,-0.184036,0.701103,0.160685
2080038992,3,0.665942,-0.181633,0.703384,0.169648
2080039002,3,0.661668,-0.17911,0.705766,0.178909
2080039012,3,0.657152,-0.176523,0.708178,0.188344
2080039022,3,0.65243,-0.173957,0.710584,0.197845
2080039032,3,0.647607,-0.171439,0.712901,0.207327
2080039042,3,0.641554,-0.168626,0.71613,0.217095
2080039052,3,0.635546,-0.166057,0.719134,0.226607
2080039062,3,0.629694,-0.163793,0.721838,0.235809
2080039072,3,0.62411,-0.1619,0.724171,0.244641
2080039083,3,0.618917,-0.160422,0.726057,0.253073
2080039093,3,0.614228,-0.159389,0.727424,0.261097
2080039103,3,0.610114,-0.158862,0.728236,0.268691
2080039113,3,0.606626,-0.158855,0.728477,0.275845
2080039123,3,0.603777,-0.159367,0.728149,0.282581
2080039133,3,0.601545,-0.160385,0.727297,0.288891
2080039143,3,0.599902,-0.161894,0.72595,0.294793
2080039153,3,0.598797,-0.163866,0.724151,0.300324
2080039163,3,0.598195,-0.166275,0.721934,0.30549
2080039173,3,0.598071,-0.169092,0.71933,0.310291
2080039183,3,0.598389,-0.172297,0.716365,0.314744
2080039193,3,0.599118,-0.175857,0.713061,0.318864
2080039203,3,0.60022,-0.179731,0.709453,0.322658
2080039214,3,0.601652,-0.183891,0.705569,0.326144
2080039224,3,0.603402,-0.18834,0.701425,0.329295
2080039234,3,0.605454,-0.193042,0.697039,0.332108
2080039244,3,0.608864,-0.199151,0.691665,0.333499
2080039254,3,0.612503,-0.205445,0.686081,0.334551
2080039264,3,0.616308,-0.211904,0.680347,0.335241
2080039274,3,0.620224,-0.218457,0.674516,0.335598
2080039284,3,0.624085,-0.22496,0.668733,0.335715
2080039294,3,0.62778,-0.231288,0.6631,0.3357
2080039304,3,0.63117,-0.237407,0.657755,0.335588
2080039314,3,0.632855,-0.242029,0.653871,0.336701
2080039324,3,0.634136,-0.246461,0.650434,0.33773
2080039334,3,0.634998,-0.250693,0.647461,0.338709
2080039344,3,0.63545,-0.254715,0.644936,0.339675
2080039355,3,0.635479,-0.258514,0.642875,0.340658
2080039365,3,0.635043,-0.262049,0.641325,0.341689
2080039375,3,0.634127,-0.265329,0.640305,0.342769
2080039385,3,0.632743,-0.268401,0.639796,0.343885
2080039395,3,0.630982,-0.271386,0.639695,0.344965
2080039405,3,0.628994,-0.2744,0.63985,0.345922
2080039415,3,0.626946,-0.277562,0.640085,0.346682
2080039425,3,0.625305,-0.281472,0.639976,0.346692
2080039435,3,0.623691,-0.285563,0.639822,0.346538
2080039445,3,0.622401,-0.289733,0.639325,0.346315
2080039455,3,0.621594,-0.294316,0.638346,0.345703
2080039465,3,0.621332,-0.2993,0.636821,0.344707
2080039475,3,0.621626,-0.304638,0.63474,0.343336
2080039486,3,0.62245,-0.31026,0.632107,0.341663
2080039496,3,0.623742,-0.316067,0.628982,0.339746
2080039506,3,0.625411,-0.321967,0.625438,0.337675
2080039516,3,0.627362,-0.327883,0.621549,0.335538
2080039526,3,0.629489,-0.3337,0.617432,0.333413
2080039536,3,0.631716,-0.339351,0.613162,0.331372
2080039546,3,0.634092,-0.345373,0.60867,0.328882
2080039556,3,0.636453,-0.351106,0.60412,0.326633
2080039566,3,0.638717,-0.356542,0.599598,0.324652
2080039576,3,0.640816,-0.361619,0.595181,0.323025
2080039586,3,0.642682,-0.366342,0.590947,0.321765
2080039596,3,0.64436,-0.370783,0.586855,0.320811
2080039606,3,0.645816,-0.374954,0.582949,0.320157
2080039617,3,0.647057,-0.378896,0.579214,0.319787
2080039627,3,0.648101,-0.382655,0.575632,0.319666
2080039637,3,0.648916,-0.386213,0.572255,0.319797
2080039647,3,0.649478,-0.389581,0.569116,0.320173
2080039657,3,0.649801,-0.392774,0.566208,0.320773
2080039667,3,0.649909,-0.395781,0.56349,0.321641
2080039677,3,0.649818,-0.398625,0.56096,0.322734
2080039687,3,0.649538,-0.401354,0.558579,0.324041
2080039697,3,0.649073,-0.403982,0.556352,0.325536
2080039707,3,0.648382,-0.406563,0.554309,0.32718
2080039717,3,0.647424,-0.409048,0.552493,0.329046
2080039727,3,0.646192,-0.411405,0.550928,0.331146
2080039737,3,0.64484,-0.413689,0.549417,0.33344
2080039747,3,0.643233,-0.415853,0.548125,0.335969
2080039758,3,0.641437,-0.417926,0.546986,0.338676
2080039768,3,0.639505,-0.419979,0.545911,0.341513
2080039778,3,0.637499,-0.422065,0.544831,0.344404
2080039788,3,0.6355,-0.424243,0.543656,0.347267
2080039798,3,0.633554,-0.426585,0.54232,0.35003
2080039808,3,0.631693,-0.429137,0.540783,0.352644
2080039818,3,0.629928,-0.431936,0.539029,0.355061
2080039828,3,0.628223,-0.434988,0.537104,0.357265
2080039838,3,0.626552,-0.438268,0.535049,0.359271
2080039848,3,0.624877,-0.441759,0.532918,0.361075
2080039858,3,0.623168,-0.445458,0.530745,0.36268
2080039868,3,0.621372,-0.449355,0.5286,0.364084
2080039878,3,0.619432,-0.453428,0.526547,0.365312
2080039889,3,0.617051,-0.456995,0.524966,0.367168
2080039899,3,0.614493,-0.460712,0.523534,0.368853
2080039909,3,0.61169,-0.464555,0.52231,0.370425
2080039919,3,0.608603,-0.468459,0.521354,0.371936
2080039929,3,0.605193,-0.472396,0.520707,0.373424
2080039939,3,0.601476,-0.476363,0.520339,0.3749
2080039949,3,0.597481,-0.48032,0.520214,0.376411
2080039959,3,0.593265,-0.484208,0.520254,0.378037
2080039969,3,0.588817,-0.487975,0.52047,0.379847
2080039979,3,0.584156,-0.491602,0.520849,0.381841
2080039989,3,0.579299,-0.495053,0.521377,0.384056
2080039999,3,0.574254,-0.498251,0.522051,0.386574
2080040009,3,0.568954,-0.501038,0.522976,0.389546
2080040020,3,0.563445,-0.503362,0.524101,0.393031
2080040030,3,0.557738,-0.505214,0.525412,0.397024
2080040040,3,0.551888,-0.506602,0.526857,0.40149
2080040050,3,0.545955,-0.507536,0.528379,0.406391
2080040060,3,0.539981,-0.508067,0.529924,0.411663
2080040070,3,0.534013,-0.508238,0.531462,0.417217
2080040080,3,0.528066,-0.508132,0.532965,0.42296
2080040090,3,0.522161,-0.507816,0.534417,0.428796
2080040100,3,0.516321,-0.507365,0.535811,0.434624
2080040110,3,0.510573,-0.506852,0.537117,0.440363
2080040120,3,0.504955,-0.506332,0.538313,0.445943
2080040130,3,0.499898,-0.505485,0.539015,0.451718
2080040140,3,0.495052,-0.50468,0.53956,0.457269
2080040150,3,0.490475,-0.50398,0.53988,0.462564
2080040161,3,0.48605,-0.504307,0.540035,0.46668
2080040171,3,0.482056,-0.505014,0.539805,0.470311
2080040181,3,0.478514,-0.50609,0.53918,0.473477
2080040191,3,0.475388,-0.507501,0.538168,0.476259
2080040201,3,0.472646,-0.509176,0.536781,0.478759
2080040211,3,0.470227,-0.511013,0.535062,0.481101
2080040221,3,0.468069,-0.512912,0.53305,0.483413
2080040231,3,0.466094,-0.514735,0.530805,0.485848
2080040241,3,0.464201,-0.516343,0.528387,0.488582
2080040251,3,0.463111,-0.518715,0.52497,0.490783
2080040261,3,0.461937,-0.520718,0.521496,0.493464
2080040271,3,0.460649,-0.522236,0.517987,0.496749
2080040281,3,0.459285,-0.523246,0.514407,0.500653
2080040292,3,0.457919,-0.52383,0.510694,0.505076
2080040302,3,0.456609,-0.524028,0.506791,0.509965
2080040312,3,0.455363,-0.523868,0.502707,0.515258
2080040322,3,0.454143,-0.523424,0.498513,0.520831
2080040332,3,0.452838,-0.522707,0.494356,0.526617
2080040342,3,0.451374,-0.521781,0.490344,0.53251
2080040352,3,0.449694,-0.520722,0.486545,0.53842
2080040362,3,0.447846,-0.51954,0.482986,0.544275
2080040372,3,0.445103,-0.51777,0.480358,0.550502
2080040382,3,0.442329,-0.516055,0.477852,0.556496
2080040392,3,0.439583,-0.514452,0.475414,0.562215
2080040402,3,0.436917,-0.51303,0.472989,0.567612
2080040412,3,0.434401,-0.511846,0.470504,0.572655
2080040423,3,0.432089,-0.510911,0.467915,0.577341
2080040433,3,0.430008,-0.510188,0.465201,0.581711
2080040443,3,0.428401,-0.51054,0.462161,0.585002
2080040453,3,0.427032,-0.511144,0.458992,0.587963
2080040463,3,0.425867,-0.511909,0.45572,0.590681
2080040473,3,0.424899,-0.512722,0.452332,0.593272
2080040483,3,0.424074,-0.513503,0.448904,0.595784
2080040493,3,0.423413,-0.514198,0.445408,0.598274
2080040503,3,0.422894,-0.514833,0.44186,0.60072
2080040513,3,0.422496,-0.514421,0.438241,0.603995
2080040523,3,0.422331,-0.514177,0.434487,0.607024
2080040533,3,0.422401,-0.514159,0.430592,0.609759
2080040543,3,0.422725,-0.514387,0.426558,0.612173
2080040553,3,0.423293,-0.51484,0.42242,0.614266
2080040564,3,0.424074,-0.515496,0.418197,0.616064
2080040574,3,0.42502,-0.516332,0.413939,0.617585
2080040584,3,0.426057,-0.518555,0.409849,0.617737
2080040594,3,0.427232,-0.520874,0.405812,0.617639
2080040604,3,0.428495,-0.523189,0.401912,0.617357
2080040614,3,0.429777,-0.525439,0.398221,0.616946
2080040624,3,0.431029,-0.527616,0.394794,0.616418
2080040634,3,0.432207,-0.529689,0.391694,0.615792
2080040644,3,0.433281,-0.531739,0.388972,0.614996
2080040654,3,0.434239,-0.533749,0.38662,0.614062
2080040664,3,0.43507,-0.534577,0.384536,0.614062
2080040674,3,0.435771,-0.535404,0.382841,0.613903
2080040684,3,0.436312,-0.536212,0.381566,0.613607
2080040695,3,0.436706,-0.536987,0.380683,0.613198
2080040705,3,0.436938,-0.537749,0.380203,0.612663
2080040715,3,0.437024,-0.538538,0.380081,0.611983
2080040725,3,0.436993,-0.539417,0.380263,0.611117
2080040735,3,0.436879,-0.540469,0.380684,0.610007
2080040745,3,0.436727,-0.541779,0.381286,0.608576
2080040755,3,0.436205,-0.543996,0.382408,0.606264
2080040765,3,0.435644,-0.54643,0.383618,0.603708
2080040775,3,0.435083,-0.549119,0.384854,0.60088
2080040785,3,0.435145,-0.552049,0.385464,0.597751
2080040795,3,0.435355,-0.555473,0.385909,0.594128
2080040805,3,0.435746,-0.559357,0.38614,0.590034
2080040815,3,0.436303,-0.563646,0.386128,0.585531
2080040826,3,0.437016,-0.568292,0.38586,0.580664
2080040836,3,0.437848,-0.573223,0.385329,0.575521
2080040846,3,0.438784,-0.578352,0.384561,0.570165
2080040856,3,0.439779,-0.583624,0.383559,0.564675
2080040866,3,0.440805,-0.588964,0.382358,0.559118
2080040876,3,0.4418,-0.594299,0.381001,0.553586
2080040886,3,0.442721,-0.599552,0.379554,0.548154
2080040896,3,0.443518,-0.604697,0.378078,0.542851
2080040906,3,0.443849,-0.609829,0.376966,0.537588
2080040916,3,0.444005,-0.614749,0.375923,0.532563
2080040926,3,0.443964,-0.619468,0.374955,0.527789
2080040936,3,0.443746,-0.623887,0.374072,0.523376
2080040946,3,0.443385,-0.628043,0.37321,0.519311
2080040956,3,0.44288,-0.631881,0.372403,0.515652
2080040967,3,0.442222,-0.635404,0.371641,0.512428
2080040977,3,0.441428,-0.638549,0.370929,0.509712
2080040987,3,0.440496,-0.641337,0.370249,0.507508
2080040997,3,0.439417,-0.643815,0.369601,0.505774
2080041007,3,0.438192,-0.646034,0.368974,0.504464
2080041017,3,0.436856,-0.647998,0.368329,0.503574
2080041027,3,0.435407,-0.649733,0.367638,0.503099
2080041037,3,0.433823,-0.651251,0.36693,0.503022
2080041047,3,0.432104,-0.65251,0.366226,0.503382
2080041057,3,0.430606,-0.653741,0.365034,0.503934
2080041067,3,0.428961,-0.65473,0.363846,0.504911
2080041077,3,0.427167,-0.655524,0.362647,0.506262
2080041087,3,0.425241,-0.656184,0.361425,0.507901
2080041098,3,0.423192,-0.656797,0.360136,0.509732
2080041108,3,0.421023,-0.657435,0.358767,0.511667
2080041118,3,0.418735,-0.658167,0.35732,0.513612
2080041128,3,0.416341,-0.65904,0.355791,0.515498
2080041138,3,0.413823,-0.660122,0.354204,0.517231
2080041148,3,0.411168,-0.661462,0.352567,0.518752
2080041158,3,0.408365,-0.663079,0.350904,0.520028
2080041168,3,0.405404,-0.665009,0.349232,0.521004
2080041178,3,0.402277,-0.667252,0.347582,0.521664
2080041188,3,0.398944,-0.669784,0.346001,0.52203
2080041198,3,0.395379,-0.672568,0.344528,0.522136
2080041208,3,0.391625,-0.674391,0.343204,0.523484
2080041218,3,0.387654,-0.676471,0.34201,0.524536
2080041229,3,0.383445,-0.678701,0.340974,0.525424
2080041239,3,0.379002,-0.680974,0.340121,0.526258
2080041249,3,0.374301,-0.683223,0.339492,0.527114
2080041259,3,0.369358,-0.685376,0.33907,0.528076
2080041269,3,0.364166,-0.687385,0.33887,0.529198
2080041279,3,0.358724,-0.689194,0.338884,0.530551
2080041289,3,0.353099,-0.690777,0.339058,0.532152
2080041299,3,0.347324,-0.692126,0.339357,0.534006
2080041309,3,0.341474,-0.693228,0.339711,0.536121
2080041319,3,0.335626,-0.69407,0.340053,0.538502
2080041329,3,0.329828,-0.694961,0.340274,0.540791
2080041339,3,0.324157,-0.695372,0.340371,0.543623
2080041349,3,0.318652,-0.695245,0.340308,0.547069
2080041359,3,0.313359,-0.69456,0.340052,0.55114
2080041370,3,0.30831,-0.693356,0.339593,0.555768
2080041380,3,0.303504,-0.691695,0.338961,0.560845
2080041390,3,0.298956,-0.689652,0.338154,0.566265
2080041400,3,0.294648,-0.6873,0.337189,0.57193
2080041410,3,0.290578,-0.684674,0.336113,0.577764
2080041420,3,0.286731,-0.681828,0.334935,0.583706
2080041430,3,0.283102,-0.678796,0.333668,0.589705
2080041440,3,0.279675,-0.675633,0.332288,0.595721
2080041450,3,0.276459,-0.672395,0.330759,0.601708
2080041460,3,0.273455,-0.66915,0.329056,0.607603
2080041470,3,0.270652,-0.665977,0.327177,0.613332
2080041480,3,0.268482,-0.662682,0.324721,0.619133
2080041490,3,0.266499,-0.659538,0.322123,0.624678
2080041501,3,0.264666,-0.656623,0.31945,0.629879
2080041511,3,0.26252,-0.654278,0.317116,0.634381
2080041521,3,0.260546,-0.65222,0.314652,0.638527
2080041531,3,0.25873,-0.650438,0.312046,0.642351
2080041541,3,0.257049,-0.648903,0.309292,0.6459
2080041551,3,0.255503,-0.647537,0.306392,0.649259
2080041561,3,0.254037,-0.646273,0.303316,0.652529
2080041571,3,0.252643,-0.645016,0.300046,0.655818
2080041581,3,0.251322,-0.6437,0.296525,0.659211
2080041591,3,0.250087,-0.642289,0.292704,0.662755
2080041601,3,0.24899,-0.641927,0.288474,0.665368
2080041611,3,0.247927,-0.641457,0.283961,0.668154
2080041621,3,0.246945,-0.640889,0.279103,0.671103
2080041632,3,0.246048,-0.640176,0.273935,0.674235
2080041642,3,0.245232,-0.639208,0.268482,0.677635
2080041652,3,0.244478,-0.637953,0.26281,0.681304
2080041662,3,0.243729,-0.636406,0.25701,0.685221
2080041672,3,0.242888,-0.634603,0.251224,0.689325
2080041682,3,0.24191,-0.632632,0.245514,0.693525
2080041692,3,0.240796,-0.630548,0.239903,0.697762
2080041702,3,0.239538,-0.628471,0.234414,0.701921
2080041712,3,0.238126,-0.626472,0.229061,0.705945
2080041722,3,0.236543,-0.62464,0.223841,0.709765
2080041732,3,0.234823,-0.623016,0.218739,0.713345
2080041742,3,0.23295,-0.621617,0.213745,0.716685
2080041752,3,0.230913,-0.620466,0.208886,0.719768
2080041762,3,0.228708,-0.619594,0.204181,0.722568
2080041773,3,0.226317,-0.619071,0.199645,0.725032
2080041783,3,0.223759,-0.618922,0.195283,0.727139
2080041793,3,0.221057,-0.619175,0.191076,0.728865
2080041803,3,0.218206,-0.618596,0.186944,0.731283
2080041813,3,0.215277,-0.618287,0.182932,0.733424
2080041823,3,0.212291,-0.618224,0.179023,0.73531
2080041833,3,0.209277,-0.618386,0.1752,0.736956
2080041843,3,0.206251,-0.618786,0.171444,0.738356
2080041853,3,0.203247,-0.619416,0.167724,0.739514
2080041863,3,0.200284,-0.620309,0.164008,0.740407
2080041873,3,0.197408,-0.621476,0.160258,0.741022
2080041883,3,0.194629,-0.62292,0.156469,0.741354
2080041893,3,0.191963,-0.624629,0.152612,0.741415
2080041904,3,0.189444,-0.626589,0.148672,0.741209
2080041914,3,0.186486,-0.630136,0.14527,0.739626
2080041924,3,0.18371,-0.633878,0.141778,0.737799
2080041934,3,0.181109,-0.637753,0.138211,0.735776
2080041944,3,0.178663,-0.641687,0.134606,0.733619
2080041954,3,0.176361,-0.645588,0.131019,0.7314
2080041964,3,0.174182,-0.649408,0.127472,0.729164
2080041974,3,0.172067,-0.653146,0.124043,0.726915
2080041984,3,0.16998,-0.656723,0.120753,0.724734
2080041994,3,0.16786,-0.660107,0.117642,0.722662
2080042004,3,0.165679,-0.663274,0.114734,0.72073
2080042014,3,0.163388,-0.666224,0.112063,0.718951
2080042024,3,0.16096,-0.668985,0.109625,0.717309
2080042035,3,0.158353,-0.67163,0.10742,0.715749
2080042045,3,0.156096,-0.67348,0.10486,0.714886
2080042055,3,0.153836,-0.675463,0.102313,0.713873
2080042065,3,0.15161,-0.677599,0.099784,0.712682
2080042075,3,0.149415,-0.679876,0.097262,0.711325
2080042085,3,0.147254,-0.682262,0.094791,0.709823
2080042095,3,0.145094,-0.684764,0.092412,0.70817
2080042105,3,0.142931,-0.68738,0.090199,0.706358
2080042115,3,0.14072,-0.690145,0.088225,0.704353
2080042125,3,0.138177,-0.693337,0.086794,0.701895
2080042135,3,0.135634,-0.696563,0.085575,0.699342
2080042145,3,0.13303,-0.699868,0.084607,0.696655
2080042155,3,0.130478,-0.703652,0.083837,0.693411
2080042165,3,0.127842,-0.707826,0.083377,0.689699
2080042176,3,0.125141,-0.71242,0.083187,0.685475
2080042186,3,0.122404,-0.717422,0.083251,0.680728
2080042196,3,0.11967,-0.722792,0.08356,0.675475
2080042206,3,0.116955,-0.728459,0.084101,0.669772
2080042216,3,0.11429,-0.734315,0.084841,0.663716
2080042226,3,0.111707,-0.74023,0.085764,0.657438
2080042236,3,0.109218,-0.746067,0.086837,0.651087
2080042246,3,0.106856,-0.751708,0.088031,0.644799
2080042256,3,0.104621,-0.757035,0.08933,0.638726
2080042266,3,0.102308,-0.761888,0.090944,0.633078
2080042276,3,0.100108,-0.766289,0.092625,0.627852
2080042286,3,0.098046,-0.770132,0.094309,0.623208
2080042296,3,0.096166,-0.773354,0.095913,0.619254
2080042307,3,0.094476,-0.775861,0.097394,0.616139
2080042317,3,0.092984,-0.77769,0.098696,0.613849
2080042327,3,0.091612,-0.778949,0.099838,0.612272
2080042337,3,0.090401,-0.779744,0.100776,0.611285
2080042347,3,0.089384,-0.780159,0.101427,0.610798
2080042357,3,0.088542,-0.780315,0.101749,0.610667
2080042367,3,0.087912,-0.7803,0.101706,0.610785
2080042377,3,0.087475,-0.780144,0.101278,0.611117
2080042387,3,0.087179,-0.779833,0.100506,0.611684
2080042397,3,0.086992,-0.77931,0.099413,0.612555
2080042407,3,0.086903,-0.778548,0.098012,0.613761
2080042417,3,0.086898,-0.777498,0.096302,0.615362
2080042427,3,0.086957,-0.776125,0.094321,0.61739
2080042438,3,0.087008,-0.774477,0.092093,0.619785
2080042448,3,0.087033,-0.772587,0.089666,0.62249
2080042458,3,0.087159,-0.771413,0.086768,0.624336
2080042468,3,0.087169,-0.77034,0.083698,0.626075
2080042478,3,0.086873,-0.768264,0.080677,0.629058
2080042488,3,0.086419,-0.766402,0.077453,0.63179
2080042498,3,0.08582,-0.766292,0.073981,0.632421
2080042508,3,0.084942,-0.766606,0.070438,0.632564
2080042518,3,0.083771,-0.767316,0.066892,0.632244
2080042528,3,0.082286,-0.768371,0.063379,0.63152
2080042538,3,0.080491,-0.769705,0.059969,0.630458
2080042548,3,0.078383,-0.771225,0.056695,0.629168
2080042558,3,0.07595,-0.772864,0.053581,0.627726
2080042568,3,0.073219,-0.774533,0.050624,0.626238
2080042579,3,0.070187,-0.776159,0.047849,0.624788
2080042589,3,0.066857,-0.777669,0.04527,0.623466
2080042599,3,0.063293,-0.778414,0.042813,0.623082
2080042609,3,0.059402,-0.779049,0.04063,0.622818
2080042619,3,0.055273,-0.779403,0.038602,0.622884
2080042629,3,0.050975,-0.779404,0.036664,0.623366
2080042639,3,0.046472,-0.77895,0.034897,0.624386
2080042649,3,0.041644,-0.77807,0.033467,0.625901
2080042659,3,0.036476,-0.77677,0.032375,0.627892
2080042669,3,0.031048,-0.775135,0.031486,0.630245
2080042679,3,0.02548,-0.773232,0.030673,0.632867
2080042689,3,0.019783,-0.771131,0.029917,0.635665
2080042699,3,0.014005,-0.768883,0.029202,0.638568
2080042710,3,0.008163,-0.766491,0.028537,0.641567
2080042720,3,0.002303,-0.763917,0.027876,0.644707
2080042730,3,-0.003461,-0.761082,0.027161,0.648076
2080042740,3,-0.009108,-0.758197,0.026358,0.651428
2080042750,3,-0.014521,-0.755023,0.025364,0.655046
2080042760,3,-0.019647,-0.751578,0.024107,0.65891
2080042770,3,-0.024426,-0.747927,0.022561,0.662947
2080042780,3,-0.02881,-0.744182,0.02074,0.667032
2080042790,3,-0.032804,-0.740449,0.018683,0.67105
2080042800,3,-0.036449,-0.736809,0.016469,0.674916
2080042810,3,-0.039801,-0.73328,0.014194,0.678611
2080042820,3,-0.042903,-0.729868,0.011956,0.682135
2080042830,3,-0.045784,-0.726562,0.009817,0.685502
2080042841,3,-0.04848,-0.723371,0.007832,0.68871
2080042851,3,-0.050999,-0.720316,0.006016,0.691742
2080042861,3,-0.052874,-0.717277,0.003904,0.694767
2080042871,3,-0.054575,-0.714414,0.001953,0.697588
2080042881,3,-0.056103,-0.71177,1.72E-4,0.700167
2080042891,3,-0.058034,-0.710107,-9.76E-4,0.701697
2080042901,3,-0.059822,-0.709051,-0.002009,0.702611
2080042911,3,-0.061467,-0.70862,-0.002975,0.7029
2080042921,3,-0.06294,-0.708804,-0.003938,0.70258
2080042931,3,-0.064177,-0.709529,-0.004973,0.701729
2080042941,3,-0.065131,-0.710665,-0.00617,0.700481
2080042951,3,-0.065755,-0.712043,-0.007606,0.699008
2080042961,3,-0.066013,-0.713485,-0.009354,0.69749
2080042972,3,-0.065863,-0.714785,-0.011459,0.696141
2080042982,3,-0.065696,-0.716705,-0.013623,0.69414
2080042992,3,-0.065121,-0.718315,-0.01617,0.692474
2080043002,3,-0.064084,-0.719409,-0.019124,0.691359
2080043012,3,-0.062597,-0.719803,-0.022474,0.690984
2080043022,3,-0.06068,-0.719472,-0.026191,0.691368
2080043032,3,-0.058323,-0.718418,-0.030269,0.6925
2080043042,3,-0.055555,-0.716767,-0.034661,0.69423
2080043052,3,-0.052409,-0.714636,-0.039333,0.696419
2080043062,3,-0.048938,-0.712159,-0.044221,0.698911
2080043072,3,-0.045252,-0.70945,-0.049221,0.701576
2080043082,3,-0.041447,-0.706548,-0.054226,0.704365
2080043092,3,-0.037607,-0.703477,-0.059142,0.707253
2080043102,3,-0.033854,-0.700287,-0.063872,0.710191
2080043113,3,-0.030096,-0.696591,-0.068543,0.713551
2080043123,3,-0.026521,-0.693026,-0.072961,0.71672
2080043133,3,-0.023171,-0.689711,-0.077131,0.719591
2080043143,3,-0.020059,-0.686765,-0.081065,0.722066
2080043153,3,-0.017206,-0.68426,-0.084766,0.724089
2080043163,3,-0.014614,-0.682266,-0.088279,0.725607
2080043173,3,-0.012289,-0.680793,-0.091645,0.726615
2080043183,3,-0.0102,-0.67985,-0.094907,0.727112
2080043193,3,-0.008347,-0.679414,-0.098099,0.727119
2080043203,3,-0.006727,-0.679459,-0.10124,0.726664
2080043213,3,-0.005319,-0.679941,-0.10434,0.725785
2080043223,3,-0.00413,-0.68081,-0.107389,0.724532
2080043233,3,-0.00315,-0.682008,-0.11037,0.722961
2080043244,3,-0.002404,-0.683512,-0.113229,0.721099
2080043254,3,-0.001941,-0.685302,-0.115894,0.718974
2080043264,3,-0.001768,-0.687358,-0.118309,0.716615
2080043274,3,-0.001933,-0.689672,-0.120411,0.714037
2080043284,3,-0.00245,-0.692237,-0.12215,0.711252
2080043294,3,-0.003334,-0.695034,-0.123483,0.708284
2080043304,3,-0.004595,-0.698009,-0.124379,0.705188
2080043314,3,-0.006236,-0.701112,-0.124815,0.702014
2080043324,3,-0.008226,-0.704257,-0.124784,0.698843
2080043334,3,-0.010571,-0.707374,-0.124262,0.69575
2080043344,3,-0.013245,-0.710397,-0.123263,0.692796
2080043354,3,-0.01621,-0.713303,-0.121799,0.689999
2080043364,3,-0.019754,-0.716479,-0.119551,0.687004
2080043375,3,-0.023583,-0.719446,-0.116898,0.684233
2080043385,3,-0.02765,-0.722242,-0.113896,0.681636
2080043395,3,-0.03195,-0.724929,-0.110536,0.679145
2080043405,3,-0.036421,-0.72759,-0.106871,0.676656
2080043415,3,-0.041027,-0.730192,-0.102943,0.674194
2080043425,3,-0.045663,-0.732743,-0.098855,0.671736
2080043435,3,-0.050195,-0.735186,-0.094724,0.669334
2080043445,3,-0.054544,-0.73747,-0.090635,0.667043
2080043455,3,-0.058718,-0.739586,-0.086591,0.66488
2080043465,3,-0.062683,-0.741549,-0.082596,0.662837
2080043475,3,-0.066415,-0.743347,-0.078654,0.660936
2080043485,3,-0.069901,-0.744978,-0.074776,0.659187
2080043495,3,-0.072836,-0.746661,-0.071268,0.657352
2080043505,3,-0.075514,-0.748173,-0.067801,0.655696
2080043516,3,-0.077904,-0.749401,-0.064398,0.654355
2080043526,3,-0.079918,-0.750165,-0.061132,0.65355
2080043536,3,-0.081517,-0.750285,-0.058055,0.653495
2080043546,3,-0.082692,-0.749668,-0.055169,0.654305
2080043556,3,-0.083523,-0.748404,-0.052404,0.655872
2080043566,3,-0.084104,-0.746721,-0.049675,0.657925
2080043576,3,-0.084589,-0.744941,-0.046857,0.660083
2080043586,3,-0.085104,-0.743394,-0.043846,0.661966
2080043596,3,-0.085718,-0.742357,-0.040556,0.663259
2080043606,3,-0.085699,-0.74051,-0.037747,0.665488
2080043616,3,-0.085762,-0.739321,-0.034677,0.666967
2080043626,3,-0.085944,-0.738927,-0.031291,0.667548
2080043636,3,-0.086933,-0.740892,-0.026916,0.665429
2080043647,3,-0.087887,-0.743374,-0.022359,0.662699
2080043657,3,-0.088694,-0.746102,-0.017732,0.659659
2080043667,3,-0.088972,-0.748605,-0.013455,0.65688
2080043677,3,-0.089075,-0.75108,-0.009212,0.654109
2080043687,3,-0.088869,-0.753264,-0.005174,0.651665
2080043697,3,-0.088309,-0.754981,-0.001407,0.649771
2080043707,3,-0.087602,-0.756091,0.002316,0.648572
2080043717,3,-0.086627,-0.756856,0.005804,0.647788
2080043727,3,-0.08541,-0.757329,0.009045,0.64736
2080043737,3,-0.08394,-0.757509,0.012023,0.647293
2080043747,3,-0.082216,-0.757393,0.014701,0.647594
2080043757,3,-0.080214,-0.756977,0.017045,0.648274
2080043767,3,-0.077832,-0.756241,0.018963,0.649369
2080043778,3,-0.075171,-0.7552,0.02057,0.650844
2080043788,3,-0.072179,-0.753869,0.021827,0.652682
2080043798,3,-0.068875,-0.7523,0.022742,0.654815
2080043808,3,-0.065248,-0.750561,0.023318,0.657158
2080043818,3,-0.061329,-0.748757,0.023566,0.659579
2080043828,3,-0.057201,-0.746964,0.02355,0.661979
2080043838,3,-0.052951,-0.745285,0.023318,0.66423
2080043848,3,-0.048604,-0.743775,0.022891,0.666267
2080043858,3,-0.044215,-0.742488,0.022253,0.668027
2080043868,3,-0.039775,-0.741385,0.021396,0.669558
2080043878,3,-0.035314,-0.740414,0.020329,0.670914
2080043888,3,-0.030853,-0.739508,0.019081,0.672168
2080043898,3,-0.026424,-0.738599,0.017676,0.673394
2080043908,3,-0.022022,-0.737715,0.016126,0.674559
2080043919,3,-0.017687,-0.736881,0.014483,0.675635
2080043929,3,-0.013436,-0.736177,0.012748,0.676535
2080043939,3,-0.009299,-0.735671,0.01094,0.677186
2080043949,3,-0.00532,-0.735453,0.009094,0.677493
2080043959,3,-0.001485,-0.735557,0.007201,0.677422
2080043969,3,0.002135,-0.735983,0.005319,0.676975
2080043979,3,0.005569,-0.736681,0.003424,0.676208
2080043989,3,0.008783,-0.737596,0.001572,0.675183
2080043999,3,0.01177,-0.738693,-1.72E-4,0.673939
2080044009,3,0.014584,-0.740377,-0.002078,0.67203
2080044019,3,0.017153,-0.742192,-0.003848,0.669956
2080044029,3,0.019364,-0.74378,-0.005424,0.668121
2080044039,3,0.021291,-0.745485,-0.006871,0.666146
2080044050,3,0.022905,-0.747191,-0.008158,0.664163
2080044060,3,0.024232,-0.748819,-0.009277,0.662265
2080044070,3,0.025252,-0.750232,-0.010224,0.660612
2080044080,3,0.02606,-0.751297,-0.011084,0.659356
2080044090,3,0.026644,-0.751988,-0.01188,0.65853
2080044100,3,0.027003,-0.752344,-0.01262,0.658095
2080044110,3,0.027086,-0.752437,-0.013283,0.657972
2080044120,3,0.026885,-0.752368,-0.01386,0.658047
2080044130,3,0.026372,-0.75217,-0.014322,0.658284
2080044140,3,0.025543,-0.751867,-0.014692,0.658654
2080044150,3,0.024437,-0.751471,-0.015036,0.65914
2080044160,3,0.023083,-0.750986,-0.015388,0.659734
2080044170,3,0.021495,-0.75042,-0.015758,0.660423
2080044181,3,0.019746,-0.749723,-0.016249,0.661256
2080044191,3,0.017883,-0.748931,-0.016931,0.662189
2080044201,3,0.015936,-0.748072,-0.017843,0.663185
2080044211,3,0.013902,-0.747171,-0.019015,0.664213
2080044221,3,0.011784,-0.746273,-0.020421,0.665221
2080044231,3,0.009571,-0.745417,-0.02204,0.666164
2080044241,3,0.007221,-0.744664,-0.023826,0.666974
2080044251,3,0.004734,-0.744011,-0.025744,0.667654
2080044261,3,0.002093,-0.743476,-0.027776,0.668181
2080044271,3,-6.9E-4,-0.743039,-0.0299,0.668579
2080044281,3,-0.003608,-0.742634,-0.032085,0.668918
2080044291,3,-0.00665,-0.742181,-0.034333,0.669285
2080044301,3,-0.009777,-0.741651,-0.036635,0.669713
2080044311,3,-0.013024,-0.741048,-0.038949,0.670194
2080044322,3,-0.016413,-0.740362,-0.041232,0.670741
2080044332,3,-0.019955,-0.739658,-0.043445,0.671282
2080044342,3,-0.023647,-0.73894,-0.045555,0.671813
2080044352,3,-0.027513,-0.738253,-0.047516,0.672285
2080044362,3,-0.031523,-0.737566,-0.049354,0.67273
2080044372,3,-0.035462,-0.736948,-0.051271,0.673068
2080044382,3,-0.039424,-0.736253,-0.053142,0.673462
2080044392,3,-0.043367,-0.735454,-0.055013,0.673942
2080044402,3,-0.047218,-0.734523,-0.056922,0.67454
2080044412,3,-0.050952,-0.73344,-0.058907,0.675276
2080044422,3,-0.054506,-0.732224,-0.060996,0.676133
2080044432,3,-0.057882,-0.730891,-0.063196,0.677092
2080044442,3,-0.061055,-0.729465,-0.065494,0.678131
2080044453,3,-0.064012,-0.727968,-0.067904,0.679229
2080044463,3,-0.066747,-0.726393,-0.070423,0.680395
2080044473,3,-0.069246,-0.724725,-0.073022,0.681649
2080044483,3,-0.072041,-0.723167,-0.075141,0.682783
2080044493,3,-0.07459,-0.721528,-0.07735,0.683996
2080044503,3,-0.076896,-0.719806,-0.079647,0.68529
2080044513,3,-0.078961,-0.717919,-0.082027,0.686752
2080044523,3,-0.080798,-0.715879,-0.08447,0.68837
2080044533,3,-0.082448,-0.713715,-0.086935,0.690111
2080044543,3,-0.083929,-0.711476,-0.089384,0.69193
2080044553,3,-0.085307,-0.709227,-0.09175,0.693758
2080044563,3,-0.086637,-0.707023,-0.093983,0.695542
2080044573,3,-0.087945,-0.704925,-0.096082,0.697218
2080044584,3,-0.089238,-0.702987,-0.098018,0.698739
2080044594,3,-0.090526,-0.701217,-0.099797,0.700099
2080044604,3,-0.091816,-0.699679,-0.10141,0.701237
2080044614,3,-0.093118,-0.698402,-0.102866,0.702126
2080044624,3,-0.094422,-0.697374,-0.10418,0.70278
2080044634,3,-0.095712,-0.696638,-0.105369,0.703158
2080044644,3,-0.09698,-0.696194,-0.106417,0.703266
2080044654,3,-0.098258,-0.696058,-0.107299,0.703089
2080044664,3,-0.099538,-0.696165,-0.108023,0.702692
2080044674,3,-0.100838,-0.696526,-0.108577,0.702063
2080044684,3,-0.102139,-0.697086,-0.108959,0.70126
2080044694,3,-0.103477,-0.697824,-0.109147,0.7003
2080044704,3,-0.104811,-0.698713,-0.109172,0.69921
2080044714,3,-0.106134,-0.699716,-0.109037,0.698027
2080044725,3,-0.107454,-0.700809,-0.108754,0.696772
2080044735,3,-0.108759,-0.701925,-0.108352,0.695508
2080044745,3,-0.110074,-0.703063,-0.107812,0.694235
2080044755,3,-0.111371,-0.704158,-0.107173,0.693015
2080044765,3,-0.112635,-0.705185,-0.106472,0.691874
2080044775,3,-0.113898,-0.706133,-0.105685,0.69082
2080044785,3,-0.115122,-0.706953,-0.104851,0.689905
2080044795,3,-0.116353,-0.707654,-0.103969,0.689113
2080044805,3,-0.117574,-0.708256,-0.103062,0.688423
2080044815,3,-0.118792,-0.708723,-0.102145,0.687869
2080044825,3,-0.119977,-0.709066,-0.101269,0.687441
2080044835,3,-0.121137,-0.709307,-0.100468,0.687105
2080044845,3,-0.122231,-0.709483,-0.099795,0.686828
2080044856,3,-0.123256,-0.709652,-0.099268,0.686547
2080044866,3,-0.124237,-0.709874,-0.098888,0.686195
2080044876,3,-0.125177,-0.710183,-0.098652,0.685739
2080044886,3,-0.126101,-0.710639,-0.098545,0.685112
2080044896,3,-0.127,-0.711302,-0.098547,0.684257
2080044906,3,-0.127868,-0.712172,-0.09868,0.68317
2080044916,3,-0.128706,-0.713255,-0.098951,0.681843
2080044926,3,-0.129508,-0.714511,-0.099348,0.680317
2080044936,3,-0.130234,-0.715868,-0.099898,0.678669
2080044946,3,-0.130886,-0.717281,-0.100582,0.676948
2080044956,3,-0.131487,-0.718702,-0.101371,0.675205
2080044966,3,-0.132081,-0.720106,-0.10221,0.673464
2080044976,3,-0.132713,-0.7215,-0.10304,0.671718
2080044987,3,-0.13371,-0.722946,-0.103507,0.669892
2080044997,3,-0.134819,-0.724392,-0.103875,0.668048
2080045007,3,-0.136054,-0.725832,-0.10413,0.666193
2080045017,3,-0.137398,-0.727253,-0.104268,0.664343
2080045027,3,-0.138851,-0.728644,-0.104307,0.662508
2080045037,3,-0.140401,-0.729967,-0.104257,0.66073
2080045047,3,-0.142014,-0.731193,-0.104141,0.659047
2080045057,3,-0.143671,-0.732277,-0.103999,0.657505
2080045067,3,-0.145341,-0.733175,-0.103851,0.656158
2080045077,3,-0.147015,-0.733869,-0.103706,0.655031
2080045087,3,-0.148692,-0.734353,-0.103566,0.654132
2080045097,3,-0.150362,-0.734632,-0.103443,0.653457
2080045107,3,-0.151723,-0.734633,-0.103677,0.653104
2080045117,3,-0.153074,-0.734406,-0.103936,0.653002
2080045128,3,-0.1544,-0.734022,-0.104196,0.65308
2080045138,3,-0.1557,-0.733507,-0.104446,0.653311
2080045148,3,-0.156933,-0.732951,-0.104722,0.653595
2080045158,3,-0.158075,-0.732388,-0.105032,0.653901
2080045168,3,-0.159109,-0.731916,-0.105351,0.654128
2080045178,3,-0.160031,-0.731592,-0.105695,0.65421
2080045188,3,-0.160854,-0.731445,-0.106037,0.654117
2080045198,3,-0.161604,-0.731477,-0.106346,0.653846
2080045208,3,-0.162311,-0.731705,-0.106581,0.653377
2080045218,3,-0.162956,-0.732108,-0.106761,0.652735
2080045228,3,-0.163551,-0.732645,-0.106905,0.65196
2080045238,3,-0.164069,-0.733243,-0.10703,0.651137
2080045248,3,-0.164473,-0.733838,-0.107171,0.650341
2080045259,3,-0.164743,-0.73431,-0.107379,0.649705
2080045269,3,-0.164867,-0.734608,-0.107679,0.649287
2080045279,3,-0.164826,-0.734636,-0.108102,0.649196
2080045289,3,-0.164609,-0.734318,-0.108669,0.649516
2080045299,3,-0.164205,-0.733619,-0.109394,0.650286
2080045309,3,-0.163672,-0.732552,-0.110233,0.65148
2080045319,3,-0.163043,-0.731166,-0.111167,0.653034
2080045329,3,-0.162317,-0.7295,-0.1122,0.654899
2080045339,3,-0.161549,-0.727614,-0.113285,0.656997
2080045349,3,-0.160799,-0.725608,-0.11438,0.659206
2080045359,3,-0.160046,-0.723557,-0.115521,0.661441
2080045369,3,-0.159311,-0.721515,-0.116695,0.663639
2080045379,3,-0.158612,-0.719566,-0.117917,0.665704
2080045390,3,-0.157933,-0.717702,-0.119219,0.667642
2080045400,3,-0.157245,-0.715989,-0.120635,0.669388
2080045410,3,-0.156577,-0.714418,-0.12214,0.670948
2080045420,3,-0.155942,-0.713,-0.123714,0.672314
2080045430,3,-0.155335,-0.711817,-0.125367,0.673401
2080045440,3,-0.154747,-0.710851,-0.127101,0.674231
2080045450,3,-0.154187,-0.710103,-0.128898,0.674807
2080045460,3,-0.153699,-0.709578,-0.130708,0.675122
2080045470,3,-0.153281,-0.709224,-0.13252,0.675236
2080045480,3,-0.152915,-0.709003,-0.134333,0.675192
2080045490,3,-0.152648,-0.708828,-0.136098,0.675083
2080045500,3,-0.152433,-0.708646,-0.137844,0.674968
2080045510,3,-0.152266,-0.708381,-0.139551,0.674934
2080045520,3,-0.152118,-0.707972,-0.141219,0.675049
2080045531,3,-0.151975,-0.707393,-0.142856,0.675344
2080045541,3,-0.151844,-0.706614,-0.14443,0.675854
2080045551,3,-0.151739,-0.705682,-0.145894,0.676537
2080045561,3,-0.151642,-0.704613,-0.147268,0.677374
2080045571,3,-0.15151,-0.70344,-0.148572,0.678337
2080045581,3,-0.151336,-0.7022,-0.149814,0.679388
2080045591,3,-0.151132,-0.700883,-0.15097,0.680535
2080045601,3,-0.150863,-0.699548,-0.152066,0.681723
2080045611,3,-0.150551,-0.698242,-0.153084,0.682903
2080045621,3,-0.150139,-0.696973,-0.154069,0.684067
2080045631,3,-0.149641,-0.695776,-0.155022,0.685179
2080045641,3,-0.149082,-0.694676,-0.155889,0.686219
2080045651,3,-0.148485,-0.693749,-0.156664,0.68711
2080045662,3,-0.147812,-0.693023,-0.157354,0.687829
2080045672,3,-0.147125,-0.692535,-0.157921,0.688338
2080045682,3,-0.146397,-0.69231,-0.158363,0.688618
2080045692,3,-0.14566,-0.692316,-0.158625,0.688708
2080045702,3,-0.144922,-0.692538,-0.158706,0.688622
2080045712,3,-0.144208,-0.692983,-0.158559,0.688357
2080045722,3,-0.143526,-0.693629,-0.158168,0.68794
2080045732,3,-0.14286,-0.694437,-0.157526,0.68741
2080045742,3,-0.142244,-0.69539,-0.156607,0.686784
2080045752,3,-0.141675,-0.696421,-0.155413,0.686127
2080045762,3,-0.141156,-0.69754,-0.153948,0.685428
2080045772,3,-0.14068,-0.698695,-0.152205,0.684739
2080045782,3,-0.140246,-0.699882,-0.15022,0.684053
2080045793,3,-0.139816,-0.701073,-0.148031,0.683398
2080045803,3,-0.139392,-0.702215,-0.145646,0.682825
2080045813,3,-0.138961,-0.703302,-0.143098,0.682333
2080045823,3,-0.138546,-0.704316,-0.140395,0.681932
2080045833,3,-0.138151,-0.705264,-0.137563,0.68161
2080045843,3,-0.13779,-0.706159,-0.134609,0.681345
2080045853,3,-0.137425,-0.707031,-0.131592,0.681105
2080045863,3,-0.13708,-0.707861,-0.128525,0.680898
2080045873,3,-0.136735,-0.708707,-0.125448,0.680661
2080045883,3,-0.136428,-0.709574,-0.122354,0.680383
2080045893,3,-0.13614,-0.710473,-0.119274,0.680049
2080045903,3,-0.135878,-0.711424,-0.116245,0.679631
2080045913,3,-0.135625,-0.71243,-0.113292,0.679127
2080045923,3,-0.135373,-0.713469,-0.110443,0.678556
2080045934,3,-0.135122,-0.714556,-0.107709,0.6779
2080045944,3,-0.134843,-0.715649,-0.105143,0.677206
2080045954,3,-0.134561,-0.716732,-0.10272,0.676488
2080045964,3,-0.134278,-0.717844,-0.100438,0.675707
2080045974,3,-0.134049,-0.718966,-0.098255,0.67488
2080045984,3,-0.133868,-0.720138,-0.096168,0.673966
2080045994,3,-0.13378,-0.721365,-0.094171,0.672953
2080046004,3,-0.133738,-0.722629,-0.092299,0.671864
2080046014,3,-0.133738,-0.723911,-0.090542,0.670721
2080046024,3,-0.133785,-0.725209,-0.088888,0.66953
2080046034,3,-0.133888,-0.726497,-0.087313,0.66832
2080046044,3,-0.134017,-0.72775,-0.085852,0.667118
2080046054,3,-0.134152,-0.728928,-0.084527,0.665974
2080046065,3,-0.134285,-0.729989,-0.083332,0.664935
2080046075,3,-0.134448,-0.730928,-0.082247,0.664005
2080046085,3,-0.134625,-0.731766,-0.081266,0.663166
2080046095,3,-0.134801,-0.732496,-0.080402,0.662429
2080046105,3,-0.134996,-0.733138,-0.079628,0.661773
2080046115,3,-0.135219,-0.733716,-0.078923,0.66117
2080046125,3,-0.135483,-0.734255,-0.078277,0.660594
2080046135,3,-0.135749,-0.734755,-0.077706,0.660052
2080046145,3,-0.136007,-0.73522,-0.077236,0.659535
2080046155,3,-0.136257,-0.735657,-0.076839,0.659042
2080046165,3,-0.136488,-0.736101,-0.076528,0.658535
2080046175,3,-0.136673,-0.736538,-0.076318,0.658033
2080046185,3,-0.136805,-0.73696,-0.076207,0.657545
2080046196,3,-0.136873,-0.737341,-0.076211,0.657102
2080046206,3,-0.136852,-0.737648,-0.076341,0.656748
2080046216,3,-0.136714,-0.737868,-0.076638,0.656494
2080046226,3,-0.136457,-0.737994,-0.077108,0.656351
2080046236,3,-0.136101,-0.738031,-0.077714,0.656312
2080046246,3,-0.135627,-0.738015,-0.078486,0.656337
2080046256,3,-0.135061,-0.737919,-0.079387,0.656453
2080046266,3,-0.134408,-0.737732,-0.080413,0.656672
2080046276,3,-0.13366,-0.737474,-0.081567,0.656972
2080046286,3,-0.132855,-0.737151,-0.082816,0.657341
2080046296,3,-0.131966,-0.73676,-0.084191,0.657784
2080046306,3,-0.13102,-0.736279,-0.085648,0.658324
2080046316,3,-0.130004,-0.735694,-0.087201,0.658975
2080046326,3,-0.128914,-0.735,-0.088848,0.659742
2080046337,3,-0.127751,-0.734231,-0.090569,0.660591
2080046347,3,-0.126544,-0.733362,-0.092328,0.661545
2080046357,3,-0.125305,-0.732438,-0.094119,0.662551
2080046367,3,-0.124055,-0.73146,-0.095895,0.663611
2080046377,3,-0.122806,-0.730447,-0.097651,0.664702
2080046387,3,-0.121575,-0.729415,-0.099363,0.665807
2080046397,3,-0.120393,-0.728367,-0.101001,0.666922
2080046407,3,-0.119275,-0.727305,-0.102563,0.668042
2080046417,3,-0.118207,-0.726208,-0.104057,0.669194
2080046427,3,-0.117212,-0.725089,-0.105483,0.670358
2080046437,3,-0.116314,-0.723956,-0.106813,0.671526
2080046447,3,-0.11551,-0.722775,-0.108068,0.672735
2080046457,3,-0.114778,-0.721621,-0.109268,0.673905
2080046468,3,-0.114156,-0.720462,-0.110374,0.675069
2080046478,3,-0.113602,-0.719268,-0.111445,0.676259
2080046488,3,-0.113139,-0.718045,-0.112473,0.677465
2080046498,3,-0.112762,-0.716814,-0.113462,0.678666
2080046508,3,-0.112441,-0.715578,-0.114436,0.679858
2080046518,3,-0.112237,-0.714331,-0.115363,0.681046
2080046528,3,-0.112149,-0.713092,-0.116244,0.682209
2080046538,3,-0.112176,-0.711854,-0.11708,0.683353
2080046548,3,-0.112302,-0.710613,-0.117886,0.684484
2080046558,3,-0.11257,-0.709386,-0.118634,0.685583
2080046568,3,-0.112957,-0.708193,-0.119341,0.686629
2080046578,3,-0.113467,-0.707066,-0.120009,0.68759
2080046588,3,-0.114064,-0.706014,-0.120682,0.688453
2080046599,3,-0.114803,-0.70504,-0.121318,0.689216
2080046609,3,-0.115616,-0.704145,-0.121965,0.689881
2080046619,3,-0.116532,-0.703322,-0.1226,0.690453
2080046629,3,-0.117521,-0.702585,-0.123237,0.690923
2080046639,3,-0.118565,-0.701908,-0.123889,0.691316
2080046649,3,-0.119671,-0.701281,-0.124555,0.691642
2080046659,3,-0.12088,-0.700693,-0.125196,0.691912
2080046669,3,-0.122171,-0.700154,-0.125815,0.692118
2080046679,3,-0.123601,-0.699701,-0.126379,0.692219
2080046689,3,-0.125125,-0.699328,-0.126918,0.692225
2080046699,3,-0.126751,-0.699077,-0.127415,0.692091
2080046709,3,-0.128487,-0.69893,-0.127869,0.691836
2080046719,3,-0.130308,-0.698893,-0.128306,0.691451
2080046729,3,-0.132201,-0.698953,-0.128723,0.690954
2080046740,3,-0.13414,-0.69909,-0.129137,0.690363
2080046750,3,-0.136113,-0.69931,-0.129561,0.689674
2080046760,3,-0.138114,-0.69958,-0.129979,0.688923
2080046770,3,-0.140132,-0.699883,-0.130424,0.688124
2080046780,3,-0.142155,-0.700214,-0.130877,0.687286
2080046790,3,-0.144155,-0.700559,-0.131373,0.686423
2080046800,3,-0.146142,-0.700955,-0.13188,0.6855
2080046810,3,-0.148115,-0.701408,-0.132398,0.684513
2080046820,3,-0.150083,-0.701925,-0.132909,0.683454
2080046830,3,-0.152038,-0.702532,-0.1334,0.682302
2080046840,3,-0.153978,-0.703207,-0.133878,0.681077
2080046850,3,-0.155872,-0.703966,-0.134337,0.679771
2080046860,3,-0.157715,-0.7048,-0.134783,0.678391
2080046871,3,-0.159475,-0.705697,-0.135226,0.676958
2080046881,3,-0.161143,-0.706628,-0.13565,0.675505
2080046891,3,-0.162685,-0.70756,-0.136093,0.674069
2080046901,3,-0.164095,-0.708504,-0.136539,0.672645
2080046911,3,-0.165358,-0.709416,-0.136995,0.67128
2080046921,3,-0.166482,-0.710299,-0.137442,0.669976
2080046931,3,-0.167464,-0.711139,-0.13786,0.668753
2080046941,3,-0.168313,-0.711938,-0.138238,0.66761
2080046951,3,-0.169036,-0.712702,-0.138542,0.666549
2080046961,3,-0.169615,-0.713431,-0.138798,0.665568
2080046971,3,-0.170071,-0.714121,-0.138989,0.664671
2080046981,3,-0.170406,-0.714766,-0.139107,0.663866
2080046991,3,-0.170604,-0.715383,-0.139144,0.663143
2080047002,3,-0.170658,-0.715983,-0.139117,0.662488
2080047012,3,-0.170569,-0.716575,-0.13903,0.661887
2080047022,3,-0.170344,-0.717172,-0.13887,0.661333
2080047032,3,-0.169982,-0.717774,-0.138629,0.660823
2080047042,3,-0.169489,-0.718382,-0.138315,0.660354
2080047052,3,-0.16886,-0.71901,-0.13794,0.65991
2080047062,3,-0.168114,-0.719628,-0.137478,0.659524
2080047072,3,-0.167249,-0.720222,-0.136966,0.659202
2080047082,3,-0.166255,-0.720776,-0.136417,0.658961
2080047092,3,-0.16518,-0.721277,-0.13582,0.658806
2080047102,3,-0.164011,-0.72172,-0.13519,0.658744
2080047112,3,-0.16276,-0.722112,-0.134539,0.658757
2080047122,3,-0.161451,-0.722422,-0.133852,0.658879
2080047132,3,-0.160087,-0.722652,-0.133139,0.659104
2080047143,3,-0.158664,-0.722797,-0.132443,0.65943
2080047153,3,-0.157204,-0.722854,-0.13173,0.659859
2080047163,3,-0.155681,-0.722844,-0.131044,0.660367
2080047173,3,-0.154126,-0.722737,-0.130376,0.660982
2080047183,3,-0.152516,-0.722538,-0.129774,0.66169
2080047193,3,-0.150882,-0.722223,-0.129219,0.662517
2080047203,3,-0.149214,-0.721794,-0.128731,0.663457
2080047213,3,-0.147524,-0.721263,-0.128298,0.664496
2080047223,3,-0.145849,-0.720656,-0.127899,0.6656
2080047233,3,-0.144225,-0.720016,-0.127514,0.66672
2080047243,3,-0.142636,-0.719348,-0.12716,0.667849
2080047253,3,-0.141141,-0.718678,-0.126792,0.668957
2080047263,3,-0.139715,-0.718009,-0.126422,0.670043
2080047274,3,-0.138387,-0.71735,-0.126052,0.671094
2080047284,3,-0.137121,-0.716706,-0.125703,0.672107
2080047294,3,-0.135933,-0.716066,-0.125382,0.673089
2080047304,3,-0.134845,-0.715444,-0.12506,0.674029
2080047314,3,-0.133847,-0.714853,-0.124761,0.67491
2080047324,3,-0.132952,-0.714259,-0.124482,0.675767
2080047334,3,-0.132164,-0.713657,-0.12421,0.676607
2080047344,3,-0.131467,-0.71306,-0.123969,0.677416
2080047354,3,-0.130892,-0.712445,-0.123731,0.678217
2080047364,3,-0.130422,-0.711813,-0.123501,0.679013
2080047374,3,-0.130079,-0.711185,-0.123261,0.67978
2080047384,3,-0.129859,-0.710569,-0.123003,0.680513
2080047394,3,-0.129775,-0.709986,-0.122708,0.68119
2080047405,3,-0.129832,-0.709413,-0.122384,0.681834
2080047415,3,-0.129986,-0.708848,-0.122069,0.682449
2080047425,3,-0.130228,-0.708285,-0.121762,0.683042
2080047435,3,-0.130549,-0.707743,-0.121473,0.683593
2080047445,3,-0.130928,-0.707214,-0.121209,0.684114
2080047455,3,-0.131319,-0.706688,-0.121023,0.684616
2080047465,3,-0.131742,-0.706148,-0.120917,0.685111
2080047475,3,-0.132182,-0.705611,-0.120883,0.685585
2080047485,3,-0.132652,-0.705121,-0.120888,0.685997
2080047495,3,-0.133154,-0.704674,-0.120927,0.686353
2080047505,3,-0.133704,-0.704287,-0.120999,0.68663
2080047515,3,-0.134301,-0.703987,-0.121068,0.686809
2080047525,3,-0.134946,-0.703767,-0.121138,0.686895
2080047535,3,-0.135633,-0.703625,-0.121203,0.686894
2080047546,3,-0.136341,-0.70355,-0.121276,0.686818
2080047556,3,-0.137039,-0.703559,-0.121358,0.686655
2080047566,3,-0.137755,-0.703655,-0.121414,0.686404
2080047576,3,-0.138497,-0.703811,-0.121427,0.686092
2080047586,3,-0.139251,-0.704053,-0.121398,0.685696
2080047596,3,-0.139988,-0.704295,-0.121326,0.68531
2080047606,3,-0.140712,-0.704613,-0.121212,0.684855
2080047616,3,-0.141412,-0.704992,-0.121054,0.684349
2080047626,3,-0.14209,-0.705435,-0.120841,0.683789
2080047636,3,-0.142758,-0.705938,-0.120569,0.683179
2080047646,3,-0.143369,-0.706492,-0.120261,0.682532
2080047656,3,-0.14392,-0.707098,-0.11993,0.681847
2080047666,3,-0.144419,-0.707761,-0.119573,0.681116
2080047677,3,-0.144836,-0.708451,-0.119228,0.68037
2080047687,3,-0.145196,-0.709158,-0.118886,0.679616
2080047697,3,-0.14546,-0.709869,-0.118584,0.67887
2080047707,3,-0.145649,-0.710604,-0.118311,0.678107
2080047717,3,-0.145766,-0.711362,-0.118062,0.67733
2080047727,3,-0.145835,-0.712141,-0.117818,0.676538
2080047737,3,-0.145838,-0.712941,-0.117587,0.675735
2080047747,3,-0.145797,-0.713701,-0.117364,0.67498
2080047757,3,-0.145703,-0.714445,-0.117144,0.674251
2080047767,3,-0.145561,-0.71513,-0.116931,0.673593
2080047777,3,-0.145409,-0.715745,-0.116683,0.673015
2080047787,3,-0.145217,-0.7163,-0.116442,0.672507
2080047797,3,-0.14498,-0.716783,-0.116194,0.672087
2080047808,3,-0.144739,-0.717221,-0.115935,0.671716
2080047818,3,-0.144501,-0.717656,-0.115649,0.671352
2080047828,3,-0.144256,-0.718089,-0.115346,0.670993
2080047838,3,-0.144023,-0.718534,-0.115018,0.670623
2080047848,3,-0.143778,-0.718998,-0.114697,0.670234
2080047858,3,-0.143497,-0.719476,-0.11441,0.669829
2080047868,3,-0.143198,-0.719933,-0.114142,0.669448
2080047878,3,-0.142838,-0.720388,-0.113932,0.669071
2080047888,3,-0.142393,-0.720802,-0.113807,0.668741
2080047898,3,-0.141855,-0.721176,-0.113778,0.668457
2080047908,3,-0.141264,-0.721497,-0.113806,0.668232
2080047918,3,-0.140662,-0.721762,-0.113854,0.668064
2080047928,3,-0.14008,-0.721998,-0.113899,0.667923
2080047939,3,-0.139525,-0.722219,-0.113936,0.667794
2080047949,3,-0.139035,-0.7224,-0.113934,0.667701
2080047959,3,-0.138573,-0.722542,-0.113943,0.667642
2080047969,3,-0.138133,-0.722641,-0.113966,0.667622
2080047979,3,-0.137693,-0.722679,-0.11405,0.667658
2080047989,3,-0.137261,-0.722641,-0.114195,0.667763
2080047999,3,-0.136828,-0.722454,-0.114426,0.668014
2080048009,3,-0.136391,-0.722155,-0.114723,0.668377
2080048019,3,-0.135973,-0.721731,-0.115104,0.668854
2080048029,3,-0.135612,-0.721208,-0.115518,0.66942
2080048039,3,-0.135305,-0.720649,-0.115985,0.670002
2080048049,3,-0.135053,-0.720043,-0.116479,0.670618
2080048059,3,-0.13488,-0.719393,-0.117014,0.671258
2080048069,3,-0.134779,-0.718739,-0.117591,0.671878
2080048080,3,-0.13475,-0.71806,-0.118206,0.672502
2080048090,3,-0.134775,-0.717384,-0.118858,0.673102
2080048100,3,-0.134874,-0.716701,-0.119531,0.673691
2080048110,3,-0.135031,-0.716037,-0.120242,0.674239
2080048120,3,-0.135239,-0.715396,-0.120999,0.674742
2080048130,3,-0.135476,-0.714763,-0.121786,0.675223
2080048140,3,-0.135773,-0.714172,-0.12261,0.67564
2080048150,3,-0.136114,-0.713612,-0.123446,0.676011
2080048160,3,-0.136491,-0.713092,-0.124306,0.676325
2080048170,3,-0.136902,-0.712609,-0.125184,0.67659
2080048180,3,-0.137351,-0.71213,-0.126085,0.676836
2080048190,3,-0.13782,-0.711641,-0.12701,0.677082
2080048200,3,-0.138296,-0.711136,-0.127942,0.67734
2080048211,3,-0.13877,-0.710595,-0.128893,0.67763
2080048221,3,-0.139252,-0.710023,-0.129853,0.677948
2080048231,3,-0.13974,-0.709417,-0.130808,0.678298
2080048241,3,-0.140256,-0.708778,-0.131735,0.678679
2080048251,3,-0.140803,-0.708113,-0.13264,0.679085
2080048261,3,-0.141382,-0.707474,-0.133489,0.679463
2080048271,3,-0.141979,-0.706859,-0.134314,0.679817
2080048281,3,-0.142622,-0.706267,-0.135085,0.680144
2080048291,3,-0.143279,-0.705708,-0.135833,0.680437
2080048301,3,-0.143946,-0.705163,-0.136556,0.680717
2080048311,3,-0.144594,-0.70463,-0.137276,0.680987
2080048321,3,-0.145233,-0.704115,-0.137983,0.681241
2080048331,3,-0.145847,-0.703607,-0.13867,0.681494
2080048342,3,-0.146456,-0.703108,-0.139333,0.681744
2080048352,3,-0.147047,-0.702634,-0.139955,0.681978
2080048362,3,-0.147633,-0.702171,-0.140531,0.68221
2080048372,3,-0.148223,-0.701785,-0.141026,0.682377
2080048382,3,-0.148796,-0.701478,-0.14148,0.682473
2080048392,3,-0.149361,-0.701281,-0.141859,0.682474
2080048402,3,-0.149909,-0.701189,-0.142157,0.682387
2080048412,3,-0.150424,-0.701201,-0.142391,0.682212
2080048422,3,-0.150884,-0.701306,-0.142555,0.681968
2080048432,3,-0.151303,-0.701513,-0.142624,0.681647
2080048442,3,-0.151666,-0.70178,-0.14261,0.681295
2080048452,3,-0.15199,-0.702126,-0.142486,0.680893
2080048462,3,-0.152246,-0.70251,-0.142274,0.680483
2080048472,3,-0.152451,-0.702957,-0.141958,0.680041
2080048483,3,-0.152626,-0.703462,-0.141515,0.679573
2080048493,3,-0.152764,-0.70402,-0.140945,0.679082
2080048503,3,-0.152853,-0.704609,-0.140288,0.678587
2080048513,3,-0.152879,-0.705255,-0.139565,0.678058
2080048523,3,-0.152839,-0.705913,-0.138804,0.677539
2080048533,3,-0.152722,-0.706593,-0.138022,0.677016
2080048543,3,-0.152502,-0.707259,-0.137237,0.67653
2080048553,3,-0.152232,-0.707893,-0.136451,0.676086
2080048563,3,-0.151903,-0.708518,-0.135671,0.675663
2080048573,3,-0.151521,-0.709108,-0.134899,0.675283
2080048583,3,-0.151097,-0.709676,-0.134132,0.674934
2080048593,3,-0.150659,-0.71023,-0.133356,0.674604
2080048603,3,-0.150208,-0.710772,-0.132606,0.674281
2080048614,3,-0.149732,-0.711289,-0.131858,0.673989
2080048624,3,-0.149252,-0.71179,-0.131127,0.673709
2080048634,3,-0.148758,-0.712288,-0.130425,0.673427
2080048644,3,-0.148266,-0.712775,-0.129736,0.673153
2080048654,3,-0.147765,-0.713277,-0.129062,0.672862
2080048664,3,-0.14726,-0.713764,-0.1284,0.672583
2080048674,3,-0.146766,-0.714259,-0.127771,0.672285
2080048684,3,-0.146269,-0.714756,-0.127141,0.671984
2080048694,3,-0.145776,-0.715256,-0.126522,0.671676
2080048704,3,-0.145267,-0.71576,-0.125925,0.671362
2080048714,3,-0.144754,-0.716263,-0.125349,0.671044
2080048724,3,-0.144222,-0.716756,-0.124799,0.670734
2080048734,3,-0.143691,-0.717236,-0.124263,0.670435
2080048745,3,-0.143161,-0.717671,-0.123757,0.670176
2080048755,3,-0.142636,-0.71807,-0.12327,0.669951
2080048765,3,-0.142136,-0.718405,-0.122803,0.669784
2080048775,3,-0.141663,-0.718706,-0.122348,0.669644
2080048785,3,-0.141199,-0.718955,-0.121931,0.66955
2080048795,3,-0.140762,-0.719163,-0.121556,0.669487
2080048805,3,-0.14039,-0.719324,-0.121199,0.669457
2080048815,3,-0.140047,-0.719417,-0.1209,0.669484
2080048825,3,-0.139784,-0.719451,-0.120633,0.66955
2080048835,3,-0.139589,-0.719445,-0.120412,0.669636
2080048845,3,-0.139487,-0.7194,-0.120241,0.669737
2080048855,3,-0.139462,-0.7193,-0.120129,0.669869
2080048865,3,-0.139521,-0.719149,-0.120083,0.670027
2080048875,3,-0.139672,-0.718939,-0.120104,0.670218
2080048886,3,-0.139896,-0.718663,-0.12023,0.670445
2080048896,3,-0.140196,-0.718317,-0.120441,0.670715
2080048906,3,-0.14057,-0.717906,-0.120758,0.671019
2080048916,3,-0.140998,-0.717447,-0.121166,0.671347
2080048926,3,-0.141493,-0.716938,-0.121659,0.671697
2080048936,3,-0.142053,-0.716365,-0.122217,0.672089
2080048946,3,-0.142682,-0.715737,-0.122818,0.672515
2080048956,3,-0.143366,-0.715107,-0.123476,0.672919
2080048966,3,-0.14412,-0.714455,-0.124143,0.673328
2080048976,3,-0.144901,-0.713778,-0.124849,0.673748
2080048986,3,-0.145679,-0.713107,-0.125623,0.674146
2080048996,3,-0.14644,-0.712462,-0.12645,0.674509
2080049006,3,-0.147212,-0.711836,-0.127286,0.674845
2080049017,3,-0.147952,-0.711257,-0.128135,0.675132
2080049027,3,-0.148683,-0.710729,-0.128985,0.675365
2080049037,3,-0.149393,-0.710243,-0.129817,0.675561
2080049047,3,-0.15009,-0.709813,-0.130628,0.675702
2080049057,3,-0.150738,-0.709424,-0.131444,0.675808
2080049067,3,-0.151351,-0.709057,-0.132241,0.675901
2080049077,3,-0.151903,-0.70872,-0.133024,0.675977
2080049087,3,-0.152398,-0.708388,-0.133813,0.676058
2080049097,3,-0.152856,-0.708046,-0.134575,0.676161
2080049107,3,-0.15326,-0.707673,-0.135318,0.676312
2080049117,3,-0.153649,-0.707256,-0.136032,0.676517
2080049127,3,-0.154025,-0.706815,-0.136695,0.676758
2080049137,3,-0.154399,-0.706372,-0.137302,0.677013
2080049148,3,-0.154794,-0.705932,-0.137828,0.677274
2080049158,3,-0.15522,-0.705508,-0.138292,0.677524
2080049168,3,-0.155657,-0.705107,-0.138684,0.677761
2080049178,3,-0.156094,-0.704721,-0.139037,0.67799
2080049188,3,-0.156518,-0.704356,-0.139363,0.678204
2080049198,3,-0.156892,-0.704028,-0.139695,0.67839
2080049208,3,-0.157242,-0.703735,-0.140026,0.678545
2080049218,3,-0.157558,-0.703465,-0.140345,0.678685
2080049228,3,-0.157783,-0.70321,-0.140718,0.67882
2080049238,3,-0.15794,-0.702964,-0.141091,0.678961
2080049248,3,-0.158039,-0.70272,-0.141469,0.679112
2080049258,3,-0.158097,-0.702497,-0.141834,0.679253
2080049268,3,-0.158095,-0.702329,-0.142192,0.679352
2080049278,3,-0.158071,-0.702251,-0.142488,0.679377
2080049289,3,-0.158024,-0.702255,-0.142731,0.679333
2080049299,3,-0.157956,-0.702351,-0.142889,0.679216
2080049309,3,-0.157846,-0.702536,-0.142992,0.679028
2080049319,3,-0.157681,-0.702812,-0.143021,0.678775
2080049329,3,-0.157486,-0.703168,-0.142976,0.678461
2080049339,3,-0.157242,-0.703589,-0.142853,0.678107
2080049349,3,-0.156973,-0.704087,-0.142643,0.677696
2080049359,3,-0.156676,-0.704636,-0.142349,0.677257
2080049369,3,-0.156344,-0.705219,-0.141995,0.6768
2080049379,3,-0.156,-0.705835,-0.14157,0.676326
2080049389,3,-0.155634,-0.706464,-0.141088,0.675854
2080049399,3,-0.155264,-0.707061,-0.14056,0.675425
2080049409,3,-0.154882,-0.707616,-0.14,0.675047
2080049420,3,-0.154505,-0.70812,-0.139408,0.674728
2080049430,3,-0.154142,-0.70857,-0.13879,0.674467
2080049440,3,-0.153804,-0.708964,-0.138155,0.67426
2080049450,3,-0.15349,-0.709321,-0.137501,0.674089
2080049460,3,-0.15322,-0.709646,-0.13685,0.673942
2080049470,3,-0.152986,-0.709966,-0.136213,0.673786
2080049480,3,-0.152786,-0.710287,-0.135592,0.673619
2080049490,3,-0.152621,-0.7106,-0.135007,0.673443
2080049500,3,-0.152435,-0.710925,-0.134494,0.673245
2080049510,3,-0.152261,-0.711222,-0.134044,0.673061
2080049520,3,-0.152079,-0.71151,-0.133676,0.672871
2080049530,3,-0.151882,-0.711786,-0.133381,0.672682
2080049540,3,-0.151695,-0.712047,-0.133138,0.672496
2080049551,3,-0.151522,-0.712291,-0.132925,0.672318
2080049561,3,-0.15135,-0.712517,-0.132743,0.672153
2080049571,3,-0.151207,-0.712754,-0.132559,0.671971
2080049581,3,-0.151096,-0.713041,-0.132365,0.671729
2080049591,3,-0.150992,-0.713379,-0.132164,0.671434
2080049601,3,-0.150905,-0.713779,-0.131943,0.671071
2080049611,3,-0.150832,-0.714203,-0.131706,0.670683
2080049621,3,-0.150758,-0.714664,-0.131454,0.670258
2080049631,3,-0.150671,-0.71512,-0.131225,0.669836
2080049641,3,-0.150553,-0.715524,-0.131019,0.669471
2080049651,3,-0.150393,-0.71587,-0.130854,0.669169
2080049661,3,-0.150238,-0.716136,-0.130686,0.668952
2080049671,3,-0.15006,-0.716334,-0.130562,0.668804
2080049681,3,-0.149888,-0.716426,-0.130444,0.668767
2080049692,3,-0.149747,-0.71647,-0.130315,0.668778
2080049702,3,-0.149672,-0.716453,-0.130151,0.668844
2080049712,3,-0.149663,-0.716421,-0.129966,0.668916
2080049722,3,-0.149713,-0.716351,-0.129767,0.669019
2080049732,3,-0.149816,-0.716266,-0.129571,0.669124
2080049742,3,-0.149955,-0.716159,-0.129389,0.669244
2080049752,3,-0.15013,-0.716018,-0.129272,0.669378
2080049762,3,-0.1503,-0.71583,-0.129242,0.669546
2080049772,3,-0.150453,-0.715584,-0.129327,0.669758
2080049782,3,-0.150589,-0.715266,-0.129526,0.670029
2080049792,3,-0.150725,-0.714922,-0.129807,0.670311
2080049802,3,-0.150871,-0.714526,-0.130151,0.670634
2080049812,3,-0.151021,-0.714145,-0.13058,0.670923
2080049823,3,-0.151188,-0.713772,-0.131044,0.671192
2080049833,3,-0.151364,-0.713383,-0.131553,0.671466
2080049843,3,-0.151561,-0.712992,-0.132062,0.671737
2080049853,3,-0.151774,-0.712626,-0.132575,0.671976
2080049863,3,-0.151994,-0.7123,-0.133089,0.67217
2080049873,3,-0.152248,-0.712041,-0.133579,0.672289
2080049883,3,-0.152501,-0.711828,-0.134037,0.672366
2080049893,3,-0.15273,-0.711667,-0.134494,0.672393
2080049903,3,-0.152937,-0.711528,-0.134959,0.6724
2080049913,3,-0.153133,-0.711409,-0.135411,0.672391
2080049923,3,-0.153282,-0.711275,-0.135865,0.672407
2080049933,3,-0.153411,-0.711128,-0.136308,0.672444
2080049943,3,-0.153515,-0.710979,-0.136777,0.672482
2080049954,3,-0.153584,-0.71078,-0.137244,0.672582
2080049964,3,-0.153617,-0.710538,-0.137719,0.672733
2080049974,3,-0.153622,-0.710228,-0.138216,0.672957
2080049984,3,-0.153605,-0.709851,-0.138701,0.673259
2080049994,3,-0.153597,-0.709399,-0.139179,0.673638
2080050004,3,-0.1536,-0.708869,-0.139639,0.6741
2080050014,3,-0.153607,-0.70827,-0.140087,0.674635
2080050024,3,-0.153632,-0.707636,-0.140518,0.675205
2080050034,3,-0.153677,-0.706997,-0.140944,0.675775
2080050044,3,-0.15374,-0.706377,-0.141366,0.676321
2080050054,3,-0.153839,-0.705791,-0.141795,0.67682
2080050064,3,-0.153958,-0.705253,-0.142226,0.677263
2080050074,3,-0.154103,-0.704799,-0.142676,0.677607
2080050084,3,-0.154296,-0.704435,-0.143093,0.677854
2080050095,3,-0.154545,-0.704167,-0.143477,0.677996
2080050105,3,-0.154871,-0.703995,-0.14382,0.678026
2080050115,3,-0.155257,-0.703953,-0.144103,0.677922
2080050125,3,-0.155722,-0.704,-0.144305,0.677724
2080050135,3,-0.156232,-0.704131,-0.144484,0.677432
2080050145,3,-0.15681,-0.704311,-0.144618,0.677082
2080050155,3,-0.157386,-0.704544,-0.144737,0.676681
2080050165,3,-0.157971,-0.704749,-0.144825,0.676312
2080050175,3,-0.158528,-0.704954,-0.144949,0.675942
2080050185,3,-0.159052,-0.705112,-0.145077,0.675627
2080050195,3,-0.159528,-0.705197,-0.145246,0.675389
2080050205,3,-0.159942,-0.705211,-0.145434,0.675236
2080050215,3,-0.160311,-0.705135,-0.145639,0.675183
2080050226,3,-0.160611,-0.705004,-0.145878,0.675198
2080050236,3,-0.160896,-0.70483,-0.146101,0.675263
2080050246,3,-0.16114,-0.704641,-0.146322,0.675354
2080050256,3,-0.161375,-0.704449,-0.146514,0.675457
2080050266,3,-0.161602,-0.704266,-0.146684,0.675557
2080050276,3,-0.16182,-0.704105,-0.146825,0.675641
2080050286,3,-0.162015,-0.703957,-0.146937,0.675725
2080050296,3,-0.162188,-0.703836,-0.147033,0.675788
2080050306,3,-0.162342,-0.703765,-0.147095,0.675812
2080050316,3,-0.162474,-0.703753,-0.147128,0.675785
2080050326,3,-0.162588,-0.703807,-0.147134,0.6757
2080050336,3,-0.162694,-0.703947,-0.147072,0.675542
2080050346,3,-0.162805,-0.70419,-0.146954,0.675288
2080050357,3,-0.162942,-0.704512,-0.146765,0.67496
2080050367,3,-0.163091,-0.704922,-0.146503,0.674553
2080050377,3,-0.163241,-0.705367,-0.146188,0.67412
2080050387,3,-0.163364,-0.705851,-0.14584,0.673658
2080050397,3,-0.163479,-0.706351,-0.145448,0.673191
2080050407,3,-0.163548,-0.706842,-0.145028,0.672749
2080050417,3,-0.163567,-0.707335,-0.144598,0.672319
2080050427,3,-0.163544,-0.707811,-0.144143,0.671921
2080050437,3,-0.163448,-0.708246,-0.143708,0.671579
2080050447,3,-0.163293,-0.708639,-0.143279,0.671294
2080050457,3,-0.163074,-0.709,-0.142877,0.671051
2080050467,3,-0.162816,-0.709354,-0.14249,0.670823
2080050477,3,-0.162519,-0.709677,-0.142125,0.67063
2080050487,3,-0.162195,-0.709993,-0.141786,0.670446
2080050498,3,-0.161845,-0.710278,-0.141478,0.670294
2080050508,3,-0.161458,-0.710488,-0.141237,0.670215
2080050518,3,-0.161033,-0.71063,-0.14107,0.670203
2080050528,3,-0.160547,-0.710682,-0.14101,0.670277
2080050538,3,-0.16004,-0.710655,-0.141008,0.670426
2080050548,3,-0.159519,-0.710576,-0.141059,0.670624
2080050558,3,-0.158988,-0.710465,-0.141158,0.670846
2080050568,3,-0.158472,-0.710358,-0.141271,0.671059
2080050578,3,-0.157987,-0.710283,-0.141375,0.67123
2080050588,3,-0.157552,-0.710258,-0.14145,0.671342
2080050598,3,-0.157171,-0.71031,-0.141478,0.671372
2080050608,3,-0.15683,-0.710423,-0.141464,0.671334
2080050618,3,-0.156522,-0.710599,-0.141417,0.671229
2080050629,3,-0.156229,-0.710834,-0.14134,0.671065
2080050639,3,-0.15594,-0.711111,-0.141229,0.670863
2080050649,3,-0.15569,-0.711414,-0.141055,0.670636
2080050659,3,-0.155449,-0.711765,-0.140879,0.670356
2080050669,3,-0.155199,-0.712139,-0.140689,0.670057
2080050679,3,-0.154973,-0.712519,-0.140472,0.669751
2080050689,3,-0.154734,-0.712867,-0.14027,0.669478
2080050699,3,-0.154486,-0.713132,-0.140075,0.669293
2080050709,3,-0.15421,-0.713327,-0.139902,0.669186
2080050719,3,-0.153925,-0.713426,-0.139762,0.669175
2080050729,3,-0.153635,-0.713442,-0.139655,0.669247
2080050739,3,-0.15333,-0.713375,-0.13958,0.669405
2080050749,3,-0.153031,-0.713195,-0.13956,0.669669
2080050760,3,-0.152727,-0.712938,-0.139584,0.670006
2080050770,3,-0.152437,-0.712603,-0.139633,0.670418
2080050780,3,-0.15217,-0.712228,-0.139714,0.67086
2080050790,3,-0.151931,-0.711814,-0.139799,0.671336
2080050800,3,-0.151723,-0.711361,-0.139885,0.671845
2080050810,3,-0.15156,-0.710933,-0.139952,0.672321
2080050820,3,-0.151426,-0.710528,-0.140001,0.672769
2080050830,3,-0.151354,-0.71017,-0.140012,0.673161
2080050840,3,-0.151353,-0.709878,-0.139955,0.673481
2080050850,3,-0.151423,-0.709687,-0.13982,0.673694
2080050860,3,-0.151567,-0.709608,-0.139613,0.673788
2080050870,3,-0.1518,-0.709624,-0.139309,0.673782
2080050880,3,-0.152092,-0.709727,-0.138959,0.67368
2080050890,3,-0.15244,-0.709892,-0.138544,0.673513
2080050901,3,-0.152803,-0.710098,-0.138136,0.673297
2080050911,3,-0.153173,-0.71032,-0.137726,0.673062
2080050921,3,-0.153542,-0.710525,-0.13734,0.672842
2080050931,3,-0.153876,-0.710671,-0.137005,0.672679
2080050941,3,-0.154156,-0.710734,-0.136747,0.672601
2080050951,3,-0.154385,-0.7107,-0.136551,0.672624
2080050961,3,-0.154558,-0.71056,-0.136429,0.672757
2080050971,3,-0.154687,-0.710286,-0.136369,0.673029
2080050981,3,-0.154772,-0.709909,-0.136372,0.673406
2080050991,3,-0.15483,-0.70945,-0.136405,0.673869
2080051001,3,-0.154888,-0.708936,-0.136454,0.674387
2080051011,3,-0.154979,-0.708383,-0.136462,0.674946
2080051021,3,-0.155061,-0.707857,-0.136471,0.675476
2080051032,3,-0.155157,-0.707379,-0.136456,0.675959
2080051042,3,-0.155286,-0.706981,-0.136398,0.676356
2080051052,3,-0.155416,-0.706669,-0.136325,0.676668
2080051062,3,-0.155586,-0.706474,-0.136201,0.676857
2080051072,3,-0.155766,-0.706387,-0.136043,0.676938
2080051082,3,-0.155969,-0.70641,-0.135851,0.676906
2080051092,3,-0.156231,-0.706563,-0.135598,0.676737
2080051102,3,-0.156536,-0.706809,-0.135309,0.676467
2080051112,3,-0.156857,-0.707133,-0.135016,0.676112
2080051122,3,-0.157181,-0.707489,-0.134737,0.675721
2080051132,3,-0.157517,-0.707841,-0.134473,0.675326
2080051142,3,-0.157844,-0.708148,-0.134246,0.674973
2080051152,3,-0.158126,-0.708421,-0.134097,0.674649
2080051163,3,-0.158376,-0.708643,-0.134018,0.674373
2080051173,3,-0.158597,-0.708789,-0.133991,0.674174
2080051183,3,-0.158755,-0.708855,-0.134046,0.674057
2080051193,3,-0.158855,-0.708798,-0.134182,0.674065
2080051203,3,-0.158918,-0.708636,-0.134379,0.674182
2080051213,3,-0.158934,-0.708383,-0.134616,0.674397
2080051223,3,-0.158916,-0.708088,-0.134877,0.674658
2080051233,3,-0.158872,-0.707803,-0.135161,0.674911
2080051243,3,-0.158834,-0.707567,-0.135419,0.675115
2080051253,3,-0.158784,-0.707404,-0.135663,0.675249
2080051263,3,-0.158727,-0.707354,-0.135889,0.675269
2080051273,3,-0.15866,-0.70741,-0.136088,0.675186
2080051283,3,-0.158574,-0.70755,-0.136275,0.675022
2080051293,3,-0.158479,-0.707759,-0.136438,0.674792
2080051304,3,-0.15837,-0.708041,-0.136605,0.674488
2080051314,3,-0.158229,-0.708381,-0.136766,0.674131
2080051324,3,-0.158078,-0.708744,-0.136937,0.673751
2080051334,3,-0.157915,-0.709105,-0.137116,0.673372
2080051344,3,-0.157758,-0.709444,-0.13729,0.673017
2080051354,3,-0.157601,-0.709731,-0.137473,0.672714
2080051364,3,-0.157477,-0.709949,-0.137633,0.67248
2080051374,3,-0.157376,-0.710096,-0.137794,0.672315
2080051384,3,-0.157313,-0.710153,-0.137941,0.67224
2080051394,3,-0.157252,-0.71015,-0.138107,0.672223
2080051404,3,-0.157198,-0.710069,-0.138298,0.672282
2080051414,3,-0.157179,-0.709975,-0.138486,0.672347
2080051424,3,-0.157191,-0.709878,-0.13868,0.672406
2080051435,3,-0.157204,-0.709807,-0.138893,0.672434
2080051445,3,-0.157217,-0.709778,-0.139117,0.672416
2080051455,3,-0.157239,-0.709772,-0.139368,0.672365
2080051465,3,-0.157275,-0.709814,-0.139618,0.67226
2080051475,3,-0.157321,-0.709896,-0.139886,0.672107
2080051485,3,-0.157345,-0.710012,-0.140167,0.671921
2080051495,3,-0.157377,-0.71011,-0.140456,0.671749
2080051505,3,-0.157365,-0.710204,-0.140783,0.671584
2080051515,3,-0.157376,-0.710285,-0.14108,0.671434
2080051525,3,-0.157379,-0.710353,-0.141371,0.6713
2080051535,3,-0.157402,-0.710406,-0.141651,0.671179
2080051545,3,-0.157425,-0.710452,-0.141909,0.671071
2080051555,3,-0.157469,-0.710501,-0.142133,0.670961
2080051566,3,-0.157539,-0.710526,-0.142323,0.670877
2080051576,3,-0.157619,-0.710557,-0.14249,0.67079
2080051586,3,-0.157724,-0.710541,-0.14264,0.67075
2080051596,3,-0.157821,-0.710478,-0.1428,0.67076
2080051606,3,-0.157929,-0.710349,-0.142967,0.670836
2080051616,3,-0.158061,-0.710176,-0.14315,0.670949
2080051626,3,-0.158189,-0.709931,-0.143347,0.671137
2080051636,3,-0.15834,-0.709606,-0.143545,0.671402
2080051646,3,-0.158506,-0.709236,-0.143746,0.671711
2080051656,3,-0.158702,-0.708823,-0.14395,0.672057
2080051666,3,-0.158941,-0.708422,-0.144139,0.672383
2080051676,3,-0.159235,-0.708015,-0.144288,0.672709
2080051686,3,-0.159567,-0.707653,-0.144426,0.672983
2080051697,3,-0.159949,-0.707335,-0.144543,0.673201
2080051707,3,-0.160343,-0.70709,-0.144668,0.673338
2080051717,3,-0.160754,-0.706928,-0.144797,0.673382
2080051727,3,-0.161169,-0.706813,-0.144927,0.673376
2080051737,3,-0.161567,-0.706746,-0.145076,0.673319
2080051747,3,-0.16193,-0.7067,-0.145239,0.673244
2080051757,3,-0.162293,-0.706672,-0.145404,0.673151
2080051767,3,-0.162631,-0.706632,-0.145567,0.673076
2080051777,3,-0.162959,-0.706556,-0.145721,0.673043
2080051787,3,-0.163286,-0.706468,-0.145835,0.673031
2080051797,3,-0.163617,-0.706357,-0.145918,0.67305
2080051807,3,-0.163969,-0.706247,-0.145943,0.673073
2080051817,3,-0.164327,-0.706111,-0.145912,0.673136
2080051827,3,-0.164668,-0.705964,-0.145847,0.673221
2080051838,3,-0.164978,-0.705787,-0.145755,0.67335
2080051848,3,-0.165265,-0.70558,-0.14564,0.673522
2080051858,3,-0.165491,-0.705344,-0.145536,0.673736
2080051868,3,-0.165662,-0.705084,-0.14542,0.673991
2080051878,3,-0.165794,-0.704812,-0.14529,0.674272
2080051888,3,-0.165864,-0.704563,-0.145175,0.674539
2080051898,3,-0.165899,-0.704334,-0.145035,0.674799
2080051908,3,-0.165899,-0.704174,-0.144869,0.675003
2080051918,3,-0.165855,-0.704063,-0.144706,0.675163
2080051928,3,-0.16577,-0.704031,-0.14454,0.675253
2080051938,3,-0.165645,-0.704025,-0.14439,0.675323
2080051948,3,-0.165477,-0.704056,-0.144239,0.675364
2080051958,3,-0.165285,-0.704105,-0.144089,0.675392
2080051969,3,-0.165064,-0.704199,-0.143937,0.67538
2080051979,3,-0.164851,-0.70433,-0.143762,0.675333
2080051989,3,-0.164651,-0.704499,-0.143572,0.675246
2080051999,3,-0.164458,-0.704718,-0.143358,0.67511
2080052009,3,-0.164274,-0.704984,-0.143141,0.674923
2080052019,3,-0.164073,-0.705276,-0.142955,0.674706
2080052029,3,-0.163858,-0.705586,-0.142776,0.674472
2080052039,3,-0.163621,-0.70586,-0.142627,0.674274
2080052049,3,-0.163363,-0.706122,-0.142493,0.674091
2080052059,3,-0.163092,-0.706349,-0.142364,0.673946
2080052069,3,-0.162847,-0.706576,-0.142217,0.673799
2080052079,3,-0.162594,-0.706798,-0.142069,0.673657
2080052089,3,-0.162369,-0.707047,-0.141898,0.673487
2080052100,3,-0.162175,-0.707303,-0.141715,0.673302
2080052110,3,-0.16199,-0.707582,-0.141551,0.673089
2080052120,3,-0.161788,-0.707901,-0.141407,0.672832
2080052130,3,-0.161564,-0.708235,-0.141299,0.672557
2080052140,3,-0.161334,-0.70858,-0.141226,0.672264
2080052150,3,-0.161089,-0.708905,-0.141197,0.671987
2080052160,3,-0.160816,-0.709218,-0.141203,0.67172
2080052170,3,-0.160527,-0.709515,-0.141247,0.671467
2080052180,3,-0.160227,-0.709774,-0.141333,0.671247
2080052190,3,-0.159946,-0.710033,-0.141422,0.671021
2080052200,3,-0.159677,-0.710276,-0.14152,0.670807
2080052210,3,-0.159448,-0.710536,-0.141601,0.670569
2080052220,3,-0.159262,-0.710799,-0.141676,0.670318
2080052230,3,-0.159128,-0.711087,-0.141749,0.670029
2080052241,3,-0.159039,-0.7114,-0.141804,0.669707
2080052251,3,-0.158975,-0.711719,-0.141886,0.669366
2080052261,3,-0.158939,-0.712057,-0.141983,0.668993
2080052271,3,-0.158929,-0.712364,-0.142113,0.668642
2080052281,3,-0.15894,-0.712633,-0.142281,0.668316
2080052291,3,-0.158964,-0.712865,-0.142489,0.668019
2080052301,3,-0.158998,-0.713047,-0.142741,0.667763
2080052311,3,-0.159051,-0.713178,-0.143037,0.667547
2080052321,3,-0.159138,-0.713261,-0.143353,0.66737
2080052331,3,-0.159271,-0.713282,-0.143668,0.667248
2080052341,3,-0.159453,-0.71325,-0.143995,0.667168
2080052351,3,-0.159672,-0.713193,-0.144331,0.667104
2080052361,3,-0.159938,-0.713113,-0.14467,0.667052
2080052372,3,-0.160235,-0.713008,-0.145016,0.667018
2080052382,3,-0.160566,-0.712884,-0.145379,0.666992
2080052392,3,-0.160909,-0.712747,-0.145759,0.666973
2080052402,3,-0.161263,-0.712586,-0.146149,0.666974
2080052412,3,-0.161597,-0.712411,-0.146567,0.666988
2080052422,3,-0.161931,-0.712224,-0.147014,0.667009
2080052432,3,-0.162265,-0.712035,-0.14747,0.667029
2080052442,3,-0.162597,-0.711829,-0.147921,0.667068
2080052452,3,-0.162918,-0.711616,-0.148378,0.667115
2080052462,3,-0.163235,-0.711364,-0.148834,0.667205
2080052472,3,-0.163554,-0.711078,-0.149275,0.667334
2080052482,3,-0.163877,-0.710754,-0.149675,0.66751
2080052492,3,-0.164189,-0.710399,-0.150061,0.667724
2080052503,3,-0.164489,-0.710018,-0.150414,0.667977
2080052513,3,-0.164776,-0.709621,-0.150743,0.668253
2080052523,3,-0.165058,-0.70923,-0.151025,0.668535
2080052533,3,-0.165322,-0.708857,-0.151272,0.668809
2080052543,3,-0.165575,-0.708516,-0.151476,0.669062
2080052553,3,-0.165773,-0.708215,-0.151669,0.669288
2080052563,3,-0.165929,-0.707972,-0.151835,0.669468
2080052573,3,-0.166042,-0.707755,-0.151984,0.669636
2080052583,3,-0.166107,-0.707547,-0.152121,0.669808
2080052593,3,-0.166117,-0.707346,-0.152258,0.669987
2080052603,3,-0.166082,-0.707142,-0.152367,0.670187
2080052613,3,-0.166018,-0.706914,-0.152448,0.670424
2080052623,3,-0.165938,-0.706654,-0.152494,0.670708
2080052633,3,-0.165838,-0.706365,-0.152503,0.671035
2080052644,3,-0.165736,-0.706033,-0.152476,0.671415
2080052654,3,-0.165642,-0.705694,-0.152413,0.671809
2080052664,3,-0.165529,-0.705329,-0.152346,0.672235
2080052674,3,-0.165414,-0.704998,-0.152268,0.672629
2080052684,3,-0.1653,-0.704668,-0.15217,0.673024
2080052694,3,-0.16517,-0.704341,-0.152077,0.673419
2080052704,3,-0.165027,-0.704017,-0.15198,0.673815
2080052714,3,-0.164901,-0.703727,-0.151859,0.674176
2080052724,3,-0.164764,-0.703486,-0.151734,0.674489
2080052734,3,-0.164619,-0.703295,-0.151602,0.674753
2080052744,3,-0.164473,-0.703161,-0.151455,0.674961
2080052754,3,-0.164334,-0.703108,-0.151302,0.675085
2080052764,3,-0.164232,-0.703126,-0.151096,0.675137
2080052775,3,-0.16415,-0.703222,-0.150846,0.675113
2080052785,3,-0.164101,-0.7034,-0.150565,0.675003
2080052795,3,-0.164088,-0.703655,-0.150222,0.674816
2080052805,3,-0.164082,-0.703966,-0.149856,0.674574
2080052815,3,-0.164082,-0.704297,-0.149455,0.674318
2080052825,3,-0.164056,-0.704658,-0.149057,0.674035
2080052835,3,-0.163998,-0.705002,-0.148678,0.673773
2080052845,3,-0.163892,-0.705324,-0.148305,0.673544
2080052855,3,-0.163785,-0.705626,-0.147905,0.673341
2080052865,3,-0.163648,-0.705909,-0.147491,0.673169
2080052875,3,-0.163488,-0.70617,-0.147071,0.673026
2080052885,3,-0.163331,-0.706421,-0.14661,0.672901
2080052895,3,-0.163173,-0.706704,-0.146104,0.672752
2080052906,3,-0.163013,-0.707013,-0.145583,0.67258
2080052916,3,-0.162854,-0.70735,-0.145029,0.672384
2080052926,3,-0.162669,-0.707728,-0.144461,0.672153
2080052936,3,-0.162461,-0.708153,-0.143898,0.671876
2080052946,3,-0.162212,-0.708616,-0.14336,0.671563
2080052956,3,-0.16192,-0.70909,-0.142867,0.671238
2080052966,3,-0.161599,-0.709552,-0.142402,0.670926
2080052976,3,-0.161267,-0.709998,-0.141949,0.67063
2080052986,3,-0.160907,-0.710407,-0.141534,0.670372
2080052996,3,-0.160528,-0.710755,-0.141149,0.670174
2080053006,3,-0.16018,-0.711055,-0.140748,0.670024
2080053016,3,-0.159843,-0.711295,-0.140358,0.669931
2080053026,3,-0.159501,-0.711523,-0.139984,0.669849
2080053036,3,-0.159175,-0.711748,-0.139617,0.669765
2080053047,3,-0.158897,-0.711975,-0.139231,0.669669
2080053057,3,-0.158657,-0.712209,-0.138814,0.669564
2080053067,3,-0.158459,-0.712468,-0.138391,0.669423
2080053077,3,-0.158297,-0.712754,-0.137949,0.669248
2080053087,3,-0.158139,-0.713075,-0.137531,0.669029
2080053097,3,-0.157962,-0.713408,-0.137159,0.668792
2080053107,3,-0.157767,-0.713752,-0.136818,0.668541
2080053117,3,-0.157547,-0.714057,-0.136548,0.668322
2080053127,3,-0.157275,-0.714311,-0.136354,0.668154
2080053137,3,-0.156978,-0.714496,-0.136223,0.668054
2080053147,3,-0.156654,-0.714616,-0.136151,0.668016
2080053157,3,-0.156337,-0.714689,-0.136127,0.668017
2080053167,3,-0.156059,-0.714723,-0.13611,0.668048
2080053178,3,-0.155829,-0.714728,-0.136098,0.6681
2080053188,3,-0.155654,-0.714704,-0.13608,0.66817
2080053198,3,-0.155522,-0.714665,-0.136084,0.668241
2080053208,3,-0.155419,-0.714609,-0.136109,0.66832
2080053218,3,-0.155326,-0.714535,-0.136183,0.668406
2080053228,3,-0.155226,-0.714429,-0.136323,0.668514
2080053238,3,-0.155123,-0.714277,-0.136525,0.668659
2080053248,3,-0.155013,-0.714073,-0.136796,0.668847
2080053258,3,-0.154898,-0.713818,-0.137119,0.669079
2080053268,3,-0.154804,-0.713534,-0.137468,0.669333
2080053278,3,-0.154744,-0.713234,-0.137837,0.66959
2080053288,3,-0.154725,-0.712914,-0.138203,0.66986
2080053298,3,-0.154785,-0.71261,-0.13855,0.670097
2080053309,3,-0.154896,-0.712307,-0.138889,0.670324
2080053319,3,-0.155054,-0.712016,-0.139217,0.670528
2080053329,3,-0.155264,-0.711766,-0.139532,0.67068
2080053339,3,-0.155501,-0.711532,-0.139855,0.670807
2080053349,3,-0.155752,-0.711327,-0.140197,0.670894
2080053359,3,-0.155967,-0.711124,-0.140608,0.670973
2080053369,3,-0.156151,-0.710913,-0.141088,0.671053
2080053379,3,-0.156303,-0.710651,-0.141628,0.671181
2080053389,3,-0.156417,-0.71036,-0.142231,0.671336
2080053399,3,-0.156512,-0.710036,-0.142876,0.671519
2080053409,3,-0.156597,-0.709675,-0.143542,0.671739
2080053419,3,-0.156699,-0.70928,-0.144201,0.671991
2080053429,3,-0.156816,-0.708854,-0.144841,0.672276
2080053439,3,-0.156987,-0.708405,-0.145422,0.672583
2080053450,3,-0.157214,-0.70794,-0.145943,0.672907
2080053460,3,-0.157505,-0.707494,-0.146385,0.673212
2080053470,3,-0.157853,-0.707071,-0.146741,0.673497
2080053480,3,-0.158259,-0.706682,-0.147023,0.673749
2080053490,3,-0.158687,-0.706341,-0.147252,0.673956
2080053500,3,-0.15913,-0.706048,-0.147448,0.674115
2080053510,3,-0.159573,-0.705812,-0.14763,0.674218
2080053520,3,-0.159997,-0.705631,-0.147806,0.674268
2080053530,3,-0.160398,-0.705487,-0.147984,0.674285
2080053540,3,-0.160767,-0.705383,-0.148156,0.674268
2080053550,3,-0.161131,-0.705321,-0.14831,0.674212
2080053560,3,-0.161473,-0.705276,-0.148465,0.674143
2080053570,3,-0.161762,-0.705237,-0.148622,0.67408
2080053581,3,-0.162034,-0.705194,-0.148753,0.674031
2080053591,3,-0.16228,-0.705146,-0.148859,0.673998
2080053601,3,-0.162522,-0.705081,-0.148919,0.673995
2080053611,3,-0.162731,-0.705009,-0.148944,0.674014
2080053621,3,-0.162914,-0.704935,-0.148929,0.67405
2080053631,3,-0.16308,-0.704864,-0.148872,0.674098
2080053641,3,-0.163206,-0.704845,-0.148772,0.674108
2080053651,3,-0.163328,-0.70488,-0.148629,0.674074
2080053661,3,-0.163413,-0.704965,-0.148449,0.674004
2080053671,3,-0.163472,-0.705119,-0.148234,0.673876
2080053681,3,-0.163494,-0.705328,-0.147989,0.673706
2080053691,3,-0.163462,-0.70555,-0.147746,0.673535
2080053701,3,-0.163396,-0.705792,-0.147484,0.673355
2080053712,3,-0.163289,-0.706031,-0.147213,0.673189
2080053722,3,-0.163154,-0.706274,-0.146927,0.673029
2080053732,3,-0.163009,-0.706526,-0.1466,0.672871
2080053742,3,-0.162878,-0.706803,-0.14625,0.672689
2080053752,3,-0.162765,-0.70712,-0.145858,0.672467
2080053762,3,-0.162658,-0.70746,-0.145444,0.672226
2080053772,3,-0.162554,-0.707824,-0.145019,0.671959
2080053782,3,-0.162445,-0.708184,-0.144612,0.671694
2080053792,3,-0.162326,-0.708521,-0.144216,0.671453
2080053802,3,-0.162159,-0.708827,-0.143869,0.671244
2080053812,3,-0.161955,-0.709117,-0.143567,0.671052
2080053822,3,-0.161754,-0.709376,-0.143267,0.670891
2080053832,3,-0.161532,-0.709613,-0.142996,0.670751
2080053842,3,-0.161313,-0.709854,-0.142744,0.670603
2080053853,3,-0.161089,-0.710095,-0.142508,0.670452
2080053863,3,-0.160861,-0.710358,-0.1423,0.670272
2080053873,3,-0.160639,-0.710606,-0.142105,0.670104
2080053883,3,-0.160409,-0.710861,-0.141947,0.669922
2080053893,3,-0.160175,-0.711081,-0.141808,0.669774
2080053903,3,-0.159925,-0.71128,-0.141714,0.669642
2080053913,3,-0.159651,-0.711441,-0.141659,0.669548
2080053923,3,-0.159367,-0.711583,-0.141623,0.669473
2080053933,3,-0.159088,-0.711709,-0.141606,0.669408
2080053943,3,-0.158832,-0.711832,-0.141587,0.669343
2080053953,3,-0.158599,-0.711931,-0.141569,0.669296
2080053963,3,-0.158378,-0.712034,-0.141546,0.669244
2080053973,3,-0.158198,-0.712131,-0.141496,0.669194
2080053984,3,-0.158036,-0.712241,-0.141437,0.669127
2080053994,3,-0.157898,-0.712373,-0.141374,0.669033
2080054004,3,-0.157815,-0.712521,-0.141297,0.668911
2080054014,3,-0.157757,-0.71268,-0.141219,0.668772
2080054024,3,-0.15772,-0.712849,-0.14116,0.668612
2080054034,3,-0.157685,-0.71301,-0.141129,0.668456
2080054044,3,-0.157641,-0.713165,-0.141144,0.668297
2080054054,3,-0.157616,-0.713311,-0.141192,0.668137
2080054064,3,-0.157593,-0.713414,-0.141279,0.668015
2080054074,3,-0.15757,-0.713441,-0.141399,0.667967
2080054084,3,-0.15756,-0.713393,-0.141553,0.667987
2080054094,3,-0.157552,-0.713242,-0.14173,0.668113
2080054104,3,-0.157561,-0.713003,-0.14191,0.668327
2080054115,3,-0.157585,-0.712681,-0.1421,0.668625
2080054125,3,-0.157618,-0.712286,-0.142299,0.668995
2080054135,3,-0.157686,-0.711852,-0.142479,0.669403
2080054145,3,-0.15779,-0.711419,-0.142616,0.66981
2080054155,3,-0.157931,-0.711002,-0.142722,0.670196
2080054165,3,-0.158093,-0.710629,-0.142803,0.670536
2080054175,3,-0.158253,-0.710333,-0.14287,0.670798
2080054185,3,-0.158415,-0.710122,-0.142914,0.670974
2080054195,3,-0.158553,-0.710007,-0.142965,0.671052
2080054205,3,-0.158661,-0.709967,-0.143015,0.671058
2080054215,3,-0.158732,-0.709992,-0.143077,0.671002
2080054225,3,-0.15876,-0.710076,-0.143153,0.670889
2080054235,3,-0.158748,-0.710158,-0.143241,0.670787
2080054246,3,-0.158709,-0.710225,-0.143322,0.670708
2080054256,3,-0.158642,-0.710233,-0.143404,0.670697
2080054266,3,-0.158572,-0.710157,-0.143486,0.670777
2080054276,3,-0.158501,-0.710006,-0.143552,0.67094
2080054286,3,-0.158462,-0.709783,-0.143585,0.671177
2080054296,3,-0.158452,-0.709504,-0.143584,0.671475
2080054306,3,-0.158475,-0.709181,-0.14355,0.671818
2080054316,3,-0.15853,-0.708822,-0.143511,0.672193
2080054326,3,-0.158593,-0.708443,-0.1435,0.672579
2080054336,3,-0.158644,-0.708048,-0.143521,0.672978
2080054346,3,-0.158663,-0.707658,-0.143596,0.673369
2080054356,3,-0.158676,-0.707266,-0.14371,0.673753
2080054366,3,-0.158676,-0.706914,-0.143859,0.67409
2080054376,3,-0.158682,-0.706617,-0.144037,0.674362
2080054387,3,-0.158667,-0.706377,-0.144248,0.674572
2080054397,3,-0.158682,-0.706219,-0.14445,0.674691
2080054407,3,-0.158709,-0.706144,-0.144658,0.674718
2080054417,3,-0.158742,-0.706144,-0.144868,0.674665
2080054427,3,-0.158787,-0.706209,-0.145071,0.674543
2080054437,3,-0.158823,-0.70632,-0.145275,0.674374
2080054447,3,-0.158855,-0.706447,-0.145481,0.674189
2080054457,3,-0.15886,-0.706559,-0.145702,0.674023
2080054467,3,-0.158857,-0.706645,-0.145901,0.673891
2080054477,3,-0.158831,-0.706707,-0.146095,0.67379
2080054487,3,-0.158795,-0.70673,-0.146248,0.673741
2080054497,3,-0.15875,-0.706715,-0.146389,0.673737
2080054507,3,-0.158697,-0.706695,-0.146466,0.673754
2080054518,3,-0.158632,-0.706635,-0.146505,0.673823
2080054528,3,-0.158569,-0.706554,-0.146477,0.673929
2080054538,3,-0.158472,-0.706459,-0.146396,0.674069
2080054548,3,-0.158353,-0.706342,-0.146235,0.674254
2080054558,3,-0.158218,-0.706264,-0.146002,0.674419
2080054568,3,-0.158079,-0.70619,-0.145668,0.674601
2080054578,3,-0.157929,-0.70619,-0.145257,0.674724
2080054588,3,-0.157774,-0.706255,-0.144761,0.674799
2080054598,3,-0.157609,-0.706409,-0.144184,0.6748
2080054608,3,-0.157451,-0.706674,-0.143525,0.6747
2080054618,3,-0.157275,-0.70701,-0.14281,0.674541
2080054628,3,-0.157099,-0.707417,-0.142055,0.674315
2080054638,3,-0.156886,-0.707862,-0.141262,0.674064
2080054649,3,-0.156627,-0.708329,-0.140448,0.673803
2080054659,3,-0.156335,-0.708771,-0.13964,0.673574
2080054669,3,-0.155999,-0.709199,-0.138825,0.67337
2080054679,3,-0.155632,-0.70958,-0.138022,0.673219
2080054689,3,-0.15524,-0.709921,-0.13721,0.673116
2080054699,3,-0.154822,-0.710207,-0.136404,0.673074
2080054709,3,-0.15442,-0.710464,-0.135569,0.673064
2080054719,3,-0.154005,-0.710688,-0.134729,0.673091
2080054729,3,-0.153619,-0.710894,-0.133846,0.673137
2080054739,3,-0.153258,-0.711103,-0.132924,0.673182
2080054749,3,-0.152921,-0.711318,-0.131985,0.673216
2080054759,3,-0.152616,-0.711561,-0.131011,0.673219
2080054769,3,-0.152326,-0.71184,-0.130044,0.673177
2080054779,3,-0.152046,-0.712159,-0.129088,0.673087
2080054790,3,-0.151761,-0.712498,-0.128176,0.672966
2080054800,3,-0.151477,-0.71285,-0.12731,0.672823
2080054810,3,-0.151226,-0.713215,-0.126462,0.672652
2080054820,3,-0.150994,-0.713597,-0.12565,0.672452
2080054830,3,-0.15081,-0.713957,-0.124862,0.672257
2080054840,3,-0.150679,-0.714314,-0.124096,0.672049
2080054850,3,-0.15059,-0.71469,-0.123372,0.671803
2080054860,3,-0.150557,-0.715061,-0.122685,0.671541
2080054870,3,-0.150562,-0.715435,-0.122044,0.671258
2080054880,3,-0.150596,-0.715806,-0.121464,0.67096
2080054890,3,-0.150663,-0.71612,-0.12097,0.670699
2080054900,3,-0.150746,-0.716346,-0.12058,0.67051
2080054910,3,-0.150834,-0.716495,-0.120302,0.670381
2080054921,3,-0.150923,-0.71654,-0.120158,0.670338
2080054931,3,-0.151006,-0.716522,-0.120147,0.670341
2080054941,3,-0.151106,-0.716455,-0.120265,0.670368
2080054951,3,-0.151239,-0.716353,-0.120505,0.670404
2080054961,3,-0.151447,-0.716243,-0.12082,0.670418
2080054971,3,-0.1517,-0.716141,-0.121249,0.670392
2080054981,3,-0.151996,-0.716055,-0.121795,0.670318
2080054991,3,-0.152329,-0.715985,-0.122456,0.670197
2080055001,3,-0.152727,-0.715929,-0.123203,0.67003
2080055011,3,-0.153157,-0.715859,-0.124069,0.669846
2080055021,3,-0.153613,-0.715775,-0.125043,0.66965
2080055031,3,-0.154069,-0.715682,-0.126142,0.669439
2080055041,3,-0.154545,-0.715571,-0.127342,0.669221
2080055052,3,-0.155031,-0.715422,-0.12864,0.669019
2080055062,3,-0.155507,-0.715232,-0.130051,0.66884
2080055072,3,-0.155957,-0.715004,-0.131552,0.668684
2080055082,3,-0.156416,-0.714714,-0.133119,0.668578
2080055092,3,-0.15686,-0.714346,-0.134744,0.668541
2080055102,3,-0.157287,-0.713908,-0.136401,0.668573
2080055112,3,-0.157692,-0.713386,-0.138088,0.668688
2080055122,3,-0.158072,-0.712802,-0.139769,0.668872
2080055132,3,-0.158451,-0.712174,-0.141412,0.669105
2080055142,3,-0.158832,-0.711515,-0.143007,0.669377
2080055152,3,-0.159201,-0.710849,-0.144538,0.669669
2080055162,3,-0.159541,-0.710204,-0.146037,0.669947
2080055172,3,-0.15988,-0.709591,-0.147454,0.670205
2080055182,3,-0.160185,-0.709024,-0.14882,0.67043
2080055193,3,-0.160445,-0.708486,-0.150135,0.670644
2080055203,3,-0.160654,-0.707951,-0.151405,0.670873
2080055213,3,-0.160828,-0.707398,-0.152622,0.671139
2080055223,3,-0.160962,-0.706833,-0.153779,0.671438
2080055233,3,-0.161059,-0.706244,-0.154862,0.671785
2080055243,3,-0.161119,-0.705659,-0.155883,0.67215
2080055253,3,-0.161176,-0.705087,-0.156798,0.672523
2080055263,3,-0.161242,-0.704534,-0.157588,0.672902
2080055273,3,-0.161317,-0.704006,-0.158261,0.673279
2080055283,3,-0.1614,-0.703524,-0.158808,0.673633
2080055293,3,-0.161512,-0.703087,-0.159226,0.673965
2080055303,3,-0.161633,-0.702682,-0.159524,0.674287
2080055313,3,-0.161722,-0.702308,-0.159736,0.674605
2080055324,3,-0.161809,-0.701948,-0.159857,0.674931
2080055334,3,-0.161863,-0.70161,-0.15991,0.675257
2080055344,3,-0.161897,-0.701284,-0.159888,0.675592
2080055354,3,-0.161904,-0.700976,-0.159785,0.675934
2080055364,3,-0.161899,-0.700679,-0.159593,0.676289
2080055374,3,-0.16186,-0.700433,-0.159326,0.676616
2080055384,3,-0.161818,-0.700227,-0.158955,0.676926
2080055394,3,-0.161794,-0.700074,-0.158472,0.677204
2080055404,3,-0.161805,-0.700004,-0.157851,0.677418
2080055414,3,-0.161832,-0.700012,-0.157111,0.677575
2080055424,3,-0.161865,-0.700102,-0.156261,0.677671
2080055434,3,-0.161894,-0.700244,-0.15532,0.677734
2080055444,3,-0.161898,-0.70043,-0.154307,0.677772
2080055455,3,-0.161848,-0.700639,-0.153267,0.677804
2080055465,3,-0.161737,-0.700843,-0.152192,0.677861
2080055475,3,-0.161561,-0.701017,-0.15111,0.677966
2080055485,3,-0.161306,-0.701162,-0.150027,0.678117
2080055495,3,-0.160999,-0.701314,-0.148911,0.678279
2080055505,3,-0.160694,-0.701483,-0.147719,0.678437
2080055515,3,-0.16036,-0.701694,-0.146481,0.678566
2080055525,3,-0.160035,-0.701957,-0.145154,0.678656
2080055535,3,-0.159714,-0.702287,-0.143749,0.678689
2080055545,3,-0.15941,-0.702691,-0.142251,0.678658
2080055555,3,-0.159108,-0.703173,-0.14069,0.678555
2080055565,3,-0.158783,-0.703711,-0.139084,0.678404
2080055575,3,-0.158454,-0.704306,-0.137416,0.678204
2080055585,3,-0.15811,-0.70496,-0.135715,0.677947
2080055596,3,-0.157758,-0.70566,-0.133976,0.677646
2080055606,3,-0.157385,-0.706396,-0.132225,0.677311
2080055616,3,-0.156992,-0.707172,-0.130487,0.676929
2080055626,3,-0.156583,-0.707992,-0.128734,0.676502
2080055636,3,-0.156156,-0.708839,-0.126984,0.676045
2080055646,3,-0.155705,-0.70968,-0.125273,0.675585
2080055656,3,-0.15524,-0.7105,-0.123569,0.675144
2080055666,3,-0.154757,-0.711292,-0.12189,0.674726
2080055676,3,-0.154239,-0.712044,-0.12027,0.674342
2080055686,3,-0.153725,-0.712764,-0.118674,0.673981
2080055696,3,-0.153187,-0.713458,-0.117134,0.673639
2080055706,3,-0.152641,-0.714095,-0.115643,0.673345
2080055716,3,-0.152065,-0.714716,-0.114227,0.673059
2080055727,3,-0.151467,-0.715299,-0.112888,0.6728
2080055737,3,-0.150855,-0.715873,-0.111641,0.672535
2080055747,3,-0.150217,-0.716391,-0.110495,0.672316
2080055757,3,-0.149634,-0.716835,-0.109375,0.672156
2080055767,3,-0.149028,-0.717236,-0.108337,0.672031
2080055777,3,-0.148404,-0.717565,-0.107408,0.671966
2080055787,3,-0.147733,-0.717856,-0.106578,0.671935
2080055797,3,-0.14704,-0.718135,-0.105831,0.671907
2080055807,3,-0.146386,-0.71839,-0.105096,0.671893
2080055817,3,-0.14579,-0.718665,-0.104367,0.671842
2080055827,3,-0.145231,-0.718974,-0.103635,0.671746
2080055837,3,-0.144719,-0.719327,-0.102912,0.671589
2080055847,3,-0.144239,-0.71973,-0.102208,0.671369
2080055858,3,-0.143769,-0.720151,-0.101555,0.671117
2080055868,3,-0.143345,-0.720536,-0.100898,0.670894
2080055878,3,-0.142915,-0.720858,-0.100303,0.670728
2080055888,3,-0.1425,-0.72109,-0.099755,0.670649
2080055898,3,-0.14206,-0.721216,-0.099297,0.670675
2080055908,3,-0.141563,-0.721245,-0.098996,0.670794
2080055918,3,-0.140995,-0.7212,-0.098858,0.670982
2080055928,3,-0.140364,-0.721116,-0.098922,0.671195
2080055938,3,-0.139713,-0.721003,-0.099126,0.671422
2080055948,3,-0.139056,-0.720879,-0.09949,0.671637
2080055958,3,-0.138385,-0.720738,-0.100017,0.671849
2080055968,3,-0.137739,-0.720603,-0.100679,0.672027
2080055978,3,-0.137117,-0.720477,-0.101477,0.67217
2080055988,3,-0.136508,-0.720335,-0.102416,0.672304
2080055999,3,-0.135904,-0.720175,-0.103508,0.672431
2080056009,3,-0.135327,-0.719977,-0.10473,0.67257
2080056019,3,-0.134801,-0.719722,-0.106043,0.672742
2080056029,3,-0.134347,-0.719386,-0.107433,0.672972
2080056039,3,-0.13394,-0.718984,-0.108926,0.673243
2080056049,3,-0.133596,-0.718519,-0.110482,0.673553
2080056059,3,-0.133337,-0.717984,-0.112103,0.673908
2080056069,3,-0.133111,-0.717418,-0.113798,0.674271
2080056079,3,-0.132961,-0.716793,-0.115539,0.674669
2080056089,3,-0.132914,-0.716137,-0.117267,0.675077
2080056099,3,-0.132931,-0.715438,-0.119012,0.675509
2080056109,3,-0.133022,-0.714734,-0.120744,0.675928
2080056119,3,-0.133158,-0.714052,-0.122485,0.67631
2080056130,3,-0.133378,-0.713386,-0.124179,0.67666
2080056140,3,-0.133682,-0.712748,-0.125825,0.676968
2080056150,3,-0.134034,-0.712145,-0.127445,0.677231
2080056160,3,-0.13445,-0.711577,-0.129023,0.677446
2080056170,3,-0.134886,-0.711051,-0.130602,0.677609
2080056180,3,-0.135337,-0.710542,-0.132172,0.677748
2080056190,3,-0.135814,-0.70995,-0.1337,0.677974
2080056200,3,-0.136267,-0.709393,-0.13526,0.678156
2080056210,3,-0.136704,-0.708807,-0.136813,0.67837
2080056220,3,-0.137144,-0.708208,-0.138357,0.678594
2080056230,3,-0.137587,-0.707592,-0.139875,0.678835
2080056240,3,-0.138036,-0.706934,-0.14136,0.679121
2080056250,3,-0.138504,-0.706272,-0.142783,0.679417
2080056261,3,-0.139013,-0.7056,-0.144114,0.67973
2080056271,3,-0.139534,-0.704969,-0.145375,0.68001
2080056281,3,-0.140095,-0.704383,-0.146545,0.680251
2080056291,3,-0.140679,-0.703848,-0.147617,0.680452
2080056301,3,-0.141283,-0.703367,-0.148617,0.680606
2080056311,3,-0.141872,-0.702914,-0.149545,0.680749
2080056321,3,-0.142432,-0.702475,-0.150427,0.680891
2080056331,3,-0.142976,-0.702064,-0.151246,0.681019
2080056341,3,-0.14348,-0.701669,-0.152004,0.681152
2080056351,3,-0.143994,-0.701322,-0.152666,0.681252
2080056361,3,-0.144483,-0.701047,-0.153243,0.681302
2080056371,3,-0.144967,-0.700832,-0.153733,0.68131
2080056381,3,-0.145476,-0.700727,-0.15408,0.681231
2080056392,3,-0.145998,-0.7007,-0.154313,0.681095
2080056402,3,-0.146521,-0.700793,-0.154418,0.680862
2080056412,3,-0.147025,-0.700974,-0.154431,0.680565
2080056422,3,-0.147478,-0.701181,-0.154369,0.680268
2080056432,3,-0.14789,-0.701402,-0.154208,0.679987
2080056442,3,-0.148256,-0.70161,-0.153961,0.679748
2080056452,3,-0.148543,-0.701799,-0.153662,0.679559
2080056462,3,-0.148808,-0.701948,-0.153249,0.67944
2080056472,3,-0.149063,-0.702064,-0.1527,0.679388
2080056482,3,-0.149316,-0.702187,-0.152017,0.679358
2080056492,3,-0.149581,-0.70234,-0.151191,0.679326
2080056502,3,-0.149864,-0.702587,-0.150215,0.679224
2080056512,3,-0.150179,-0.702922,-0.14911,0.679052
2080056522,3,-0.150489,-0.703374,-0.147882,0.678784
2080056533,3,-0.150802,-0.703902,-0.146553,0.678455
2080056543,3,-0.151049,-0.704475,-0.145201,0.678096
2080056553,3,-0.151236,-0.705084,-0.143811,0.677717
2080056563,3,-0.151359,-0.705717,-0.14241,0.677326
2080056573,3,-0.151391,-0.706349,-0.14102,0.676951
2080056583,3,-0.151389,-0.706953,-0.139603,0.676615
2080056593,3,-0.151332,-0.707547,-0.138198,0.676295
2080056603,3,-0.151236,-0.708119,-0.136793,0.676004
2080056613,3,-0.15109,-0.708685,-0.1354,0.675724
2080056623,3,-0.150902,-0.709247,-0.13402,0.675451
2080056633,3,-0.150685,-0.709804,-0.132654,0.675184
2080056643,3,-0.150442,-0.710339,-0.13129,0.674942
2080056653,3,-0.150158,-0.710851,-0.129946,0.674727
2080056664,3,-0.149843,-0.711383,-0.12863,0.674488
2080056674,3,-0.149481,-0.711907,-0.127348,0.674259
2080056684,3,-0.149106,-0.712452,-0.126076,0.674005
2080056694,3,-0.148716,-0.712994,-0.124829,0.673751
2080056704,3,-0.1483,-0.713533,-0.1236,0.673498
2080056714,3,-0.147872,-0.714073,-0.122399,0.673238
2080056724,3,-0.147461,-0.71461,-0.121197,0.672977
2080056734,3,-0.14706,-0.715127,-0.120007,0.672729
2080056744,3,-0.146657,-0.715613,-0.118835,0.672508
2080056754,3,-0.146249,-0.716078,-0.117691,0.672303
2080056764,3,-0.145848,-0.716499,-0.11657,0.672137
2080056774,3,-0.145449,-0.716883,-0.115509,0.671996
2080056784,3,-0.145048,-0.71721,-0.114495,0.671908
2080056795,3,-0.144659,-0.7175,-0.113525,0.671847
2080056805,3,-0.144271,-0.717747,-0.112629,0.671817
2080056815,3,-0.143884,-0.717958,-0.11182,0.67181
2080056825,3,-0.143505,-0.71815,-0.111084,0.671808
2080056835,3,-0.143148,-0.718338,-0.110422,0.671792
2080056845,3,-0.142802,-0.718475,-0.109861,0.671811
2080056855,3,-0.142484,-0.718596,-0.109386,0.671827
2080056865,3,-0.14219,-0.718645,-0.10902,0.671896
2080056875,3,-0.14193,-0.718586,-0.108724,0.672062
2080056885,3,-0.141703,-0.718429,-0.108524,0.67231
2080056895,3,-0.1415,-0.718204,-0.108427,0.672609
2080056905,3,-0.141358,-0.717927,-0.108399,0.672939
2080056915,3,-0.141262,-0.717629,-0.108472,0.673265
2080056925,3,-0.141228,-0.717342,-0.108619,0.673554
2080056936,3,-0.141242,-0.71709,-0.108849,0.673782
2080056946,3,-0.141306,-0.716881,-0.109166,0.67394
2080056956,3,-0.141403,-0.716701,-0.109581,0.674044
2080056966,3,-0.141562,-0.716528,-0.110089,0.674112
2080056976,3,-0.141729,-0.716348,-0.110707,0.674167
2080056986,3,-0.141904,-0.716142,-0.111444,0.674227
2080056996,3,-0.142103,-0.715891,-0.112277,0.674314
2080057006,3,-0.142316,-0.715565,-0.11322,0.674457
2080057016,3,-0.142551,-0.715178,-0.114255,0.674643
2080057026,3,-0.1428,-0.714728,-0.115381,0.674876
2080057036,3,-0.143083,-0.714227,-0.116577,0.675141
2080057046,3,-0.143408,-0.713714,-0.11781,0.6754
2080057056,3,-0.14379,-0.713196,-0.119072,0.675645
2080057067,3,-0.144224,-0.712686,-0.120372,0.67586
2080057077,3,-0.144704,-0.712174,-0.121711,0.676057
2080057087,3,-0.145251,-0.711671,-0.123063,0.676225
2080057097,3,-0.145826,-0.71117,-0.124473,0.676371
2080057107,3,-0.146392,-0.710656,-0.125951,0.676515
2080057117,3,-0.146975,-0.710137,-0.127485,0.676645
2080057127,3,-0.147558,-0.709594,-0.129086,0.676785
2080057137,3,-0.148162,-0.709012,-0.130718,0.67695
2080057147,3,-0.148773,-0.708411,-0.132387,0.677121
2080057157,3,-0.14939,-0.707773,-0.134096,0.677316
2080057167,3,-0.150055,-0.707115,-0.135787,0.677519
2080057177,3,-0.150759,-0.706472,-0.137453,0.677698
2080057187,3,-0.151536,-0.705835,-0.13906,0.677861
2080057198,3,-0.152352,-0.705205,-0.140612,0.678013
2080057208,3,-0.153218,-0.704605,-0.142105,0.678131
2080057218,3,-0.154109,-0.704066,-0.143555,0.678183
2080057228,3,-0.155032,-0.70357,-0.144934,0.678193
2080057238,3,-0.155934,-0.703146,-0.146279,0.678138
2080057248,3,-0.156824,-0.7028,-0.147599,0.678006
2080057258,3,-0.15769,-0.702505,-0.148881,0.67783
2080057268,3,-0.158543,-0.70227,-0.150115,0.677602
2080057278,3,-0.15937,-0.702064,-0.151293,0.67736
2080057288,3,-0.160154,-0.70187,-0.152438,0.67712
2080057298,3,-0.160849,-0.701687,-0.153561,0.67689
2080057308,3,-0.161473,-0.70147,-0.15466,0.676717
2080057318,3,-0.162032,-0.701205,-0.155713,0.676616
2080057328,3,-0.162543,-0.700924,-0.156689,0.676559
2080057339,3,-0.162998,-0.700615,-0.157583,0.676562
2080057349,3,-0.163431,-0.700311,-0.158366,0.67659
2080057359,3,-0.163852,-0.700045,-0.159013,0.676611
2080057369,3,-0.164253,-0.699807,-0.159554,0.676633
2080057379,3,-0.164617,-0.69965,-0.159977,0.676607
2080057389,3,-0.164926,-0.699567,-0.160314,0.676538
2080057399,3,-0.165168,-0.699533,-0.160555,0.676457
2080057409,3,-0.165318,-0.699496,-0.16074,0.676415
2080057419,3,-0.165369,-0.699488,-0.160856,0.676383
2080057429,3,-0.165341,-0.699502,-0.160882,0.676369
2080057439,3,-0.165246,-0.699544,-0.160807,0.676366
2080057449,3,-0.165077,-0.699632,-0.160631,0.676358
2080057459,3,-0.164883,-0.699788,-0.160311,0.67632
2080057470,3,-0.164663,-0.70003,-0.15984,0.676235
2080057480,3,-0.16441,-0.700365,-0.159224,0.676095
2080057490,3,-0.164102,-0.70081,-0.158479,0.675883
2080057500,3,-0.163757,-0.701327,-0.157593,0.675638
2080057510,3,-0.163353,-0.7019,-0.156581,0.675377
2080057520,3,-0.16287,-0.70248,-0.155499,0.67514
2080057530,3,-0.1623,-0.703048,-0.154334,0.674953
2080057540,3,-0.161645,-0.703598,-0.153113,0.674815
2080057550,3,-0.160909,-0.704122,-0.151842,0.674732
2080057560,3,-0.160086,-0.704597,-0.150519,0.674728
2080057570,3,-0.159183,-0.705061,-0.149144,0.674763
2080057580,3,-0.158243,-0.705485,-0.14771,0.674856
2080057590,3,-0.15727,-0.70591,-0.146207,0.674966
2080057601,3,-0.156298,-0.706349,-0.144621,0.675074
2080057611,3,-0.155311,-0.706809,-0.142977,0.675171
2080057621,3,-0.154309,-0.707308,-0.141271,0.675237
2080057631,3,-0.153291,-0.707819,-0.139523,0.675297
2080057641,3,-0.15227,-0.708346,-0.13774,0.675341
2080057651,3,-0.151239,-0.708906,-0.135927,0.675353
2080057661,3,-0.15022,-0.709503,-0.134096,0.67532
2080057671,3,-0.149193,-0.710117,-0.132249,0.675265
2080057681,3,-0.148196,-0.710782,-0.130394,0.675147
2080057691,3,-0.147228,-0.711427,-0.128515,0.675039
2080057701,3,-0.146269,-0.712067,-0.126666,0.674922
2080057711,3,-0.145309,-0.712682,-0.124853,0.674819
2080057721,3,-0.144352,-0.713271,-0.123092,0.674724
2080057731,3,-0.143387,-0.713821,-0.121392,0.674657
2080057742,3,-0.14245,-0.714312,-0.119746,0.67463
2080057752,3,-0.141536,-0.714764,-0.118144,0.674626
2080057762,3,-0.140628,-0.715169,-0.116605,0.674655
2080057772,3,-0.139746,-0.715544,-0.115121,0.674695
2080057782,3,-0.13889,-0.715867,-0.113691,0.674771
2080057792,3,-0.138045,-0.71617,-0.112319,0.674854
2080057802,3,-0.137208,-0.716447,-0.111013,0.674946
2080057812,3,-0.136405,-0.716696,-0.109753,0.67505
2080057822,3,-0.135619,-0.716952,-0.108561,0.67513
2080057832,3,-0.134867,-0.717158,-0.107418,0.675244
2080057842,3,-0.134155,-0.717309,-0.106318,0.675401
2080057852,3,-0.133494,-0.717432,-0.105227,0.675571
2080057862,3,-0.132864,-0.717556,-0.104187,0.675725
2080057873,3,-0.13228,-0.71767,-0.103155,0.675877
2080057883,3,-0.13174,-0.717757,-0.102137,0.676045
2080057893,3,-0.131275,-0.717851,-0.101108,0.676189
2080057903,3,-0.130838,-0.717939,-0.100108,0.676329
2080057913,3,-0.130467,-0.718047,-0.099128,0.676431
2080057923,3,-0.130116,-0.718164,-0.098216,0.676508
2080057933,3,-0.129795,-0.718269,-0.097381,0.676579
2080057943,3,-0.129484,-0.718371,-0.096654,0.676634
2080057953,3,-0.129146,-0.718445,-0.096087,0.6767
2080057963,3,-0.128789,-0.718485,-0.095676,0.676785
2080057973,3,-0.128425,-0.718478,-0.095417,0.676898
2080057983,3,-0.128082,-0.718448,-0.095282,0.677014
2080057993,3,-0.127794,-0.718377,-0.09525,0.677148
2080058004,3,-0.127575,-0.718274,-0.095305,0.67729
2080058014,3,-0.127446,-0.71817,-0.095427,0.677408
2080058024,3,-0.127389,-0.718042,-0.09564,0.677525
2080058034,3,-0.127414,-0.717888,-0.095916,0.677644
2080058044,3,-0.127507,-0.717741,-0.096302,0.677727
2080058054,3,-0.127651,-0.717597,-0.096786,0.677783
2080058064,3,-0.127836,-0.717446,-0.097391,0.677822
2080058074,3,-0.128061,-0.717266,-0.098111,0.677866
2080058084,3,-0.128313,-0.717055,-0.098942,0.677921
2080058094,3,-0.128598,-0.716834,-0.099875,0.677963
2080058104,3,-0.128925,-0.716606,-0.100897,0.677991
2080058114,3,-0.12928,-0.716388,-0.102018,0.677986
2080058124,3,-0.129685,-0.716167,-0.103202,0.677964
2080058134,3,-0.130138,-0.715939,-0.104432,0.677929
2080058145,3,-0.130622,-0.715691,-0.105738,0.677895
2080058155,3,-0.13114,-0.715417,-0.107075,0.677874
2080058165,3,-0.131713,-0.715131,-0.108434,0.67785
2080058175,3,-0.132335,-0.714824,-0.109778,0.677836
2080058185,3,-0.133004,-0.714532,-0.111111,0.677796
2080058195,3,-0.133731,-0.714245,-0.112437,0.677736
2080058205,3,-0.1345,-0.713958,-0.113749,0.677668
2080058215,3,-0.135268,-0.713653,-0.11509,0.677609
2080058225,3,-0.136064,-0.713329,-0.116432,0.677563
2080058235,3,-0.136837,-0.712986,-0.117811,0.677529
2080058245,3,-0.137614,-0.712622,-0.119207,0.677511
2080058255,3,-0.138382,-0.712225,-0.120637,0.677518
2080058265,3,-0.139146,-0.711792,-0.122078,0.677559
2080058276,3,-0.139926,-0.711325,-0.123508,0.677629
2080058286,3,-0.140709,-0.710838,-0.124945,0.677715
2080058296,3,-0.1415,-0.710342,-0.126349,0.67781
2080058306,3,-0.142297,-0.70984,-0.127724,0.677911
2080058316,3,-0.143093,-0.709373,-0.12906,0.677979
2080058326,3,-0.143897,-0.708927,-0.130343,0.67803
2080058336,3,-0.144661,-0.708542,-0.131605,0.678027
2080058346,3,-0.145426,-0.708203,-0.132804,0.677983
2080058356,3,-0.146187,-0.707934,-0.133953,0.677874
2080058366,3,-0.146929,-0.707708,-0.135053,0.677732
2080058376,3,-0.147626,-0.707522,-0.136122,0.677561
2080058386,3,-0.148283,-0.707367,-0.137164,0.677369
2080058396,3,-0.148908,-0.707207,-0.138156,0.677197
2080058407,3,-0.149488,-0.707049,-0.139111,0.677039
2080058417,3,-0.150023,-0.706861,-0.140015,0.67693
2080058427,3,-0.150527,-0.706641,-0.140885,0.676868
2080058437,3,-0.150979,-0.706412,-0.141698,0.676836
2080058447,3,-0.15141,-0.706176,-0.142427,0.676833
2080058457,3,-0.151845,-0.705941,-0.143072,0.676845
2080058467,3,-0.152276,-0.705713,-0.14364,0.676866
2080058477,3,-0.15269,-0.705497,-0.144136,0.676892
2080058487,3,-0.153089,-0.705299,-0.144571,0.676916
2080058497,3,-0.153493,-0.705122,-0.144937,0.676931
2080058507,3,-0.153872,-0.704933,-0.145276,0.676968
2080058517,3,-0.154211,-0.704749,-0.145569,0.67702
2080058527,3,-0.154548,-0.704557,-0.145805,0.677092
2080058538,3,-0.154865,-0.70436,-0.145996,0.677183
2080058548,3,-0.1552,-0.704199,-0.146112,0.677249
2080058558,3,-0.155546,-0.704091,-0.146156,0.677272
2080058568,3,-0.15592,-0.704046,-0.14613,0.677239
2080058578,3,-0.156309,-0.704055,-0.146021,0.677163
2080058588,3,-0.156711,-0.704127,-0.145853,0.677032
2080058598,3,-0.157098,-0.704255,-0.145634,0.676857
2080058608,3,-0.157445,-0.704417,-0.145388,0.67666
2080058618,3,-0.157754,-0.704603,-0.145106,0.676454
2080058628,3,-0.158022,-0.704785,-0.144785,0.676271
2080058638,3,-0.158231,-0.704966,-0.144434,0.676109
2080058648,3,-0.158383,-0.705135,-0.144045,0.67598
2080058658,3,-0.158475,-0.705284,-0.143613,0.675895
2080058668,3,-0.158507,-0.705428,-0.143155,0.675834
2080058679,3,-0.158495,-0.705571,-0.142645,0.675796
2080058689,3,-0.158426,-0.705716,-0.142081,0.675779
2080058699,3,-0.158328,-0.705866,-0.141445,0.675779
2080058709,3,-0.158202,-0.706017,-0.140741,0.675798
2080058719,3,-0.158044,-0.706203,-0.139963,0.675802
2080058729,3,-0.157853,-0.706433,-0.139128,0.675779
2080058739,3,-0.157618,-0.706697,-0.138248,0.675738
2080058749,3,-0.157369,-0.707002,-0.137312,0.675667
2080058759,3,-0.157086,-0.707358,-0.136334,0.675559
2080058769,3,-0.156751,-0.70777,-0.135348,0.675404
2080058779,3,-0.156386,-0.708219,-0.134354,0.675216
2080058789,3,-0.155966,-0.708672,-0.133371,0.675033
2080058799,3,-0.155508,-0.709088,-0.132405,0.674891
2080058810,3,-0.154999,-0.709471,-0.131464,0.674791
2080058820,3,-0.154451,-0.709793,-0.130533,0.674758
2080058830,3,-0.153894,-0.710078,-0.129614,0.674763
2080058840,3,-0.153323,-0.710336,-0.128694,0.674797
2080058850,3,-0.152762,-0.710596,-0.127765,0.674827
2080058860,3,-0.152213,-0.710844,-0.12683,0.674867
2080058870,3,-0.151694,-0.711123,-0.125877,0.674868
2080058880,3,-0.151195,-0.711438,-0.124907,0.674828
2080058890,3,-0.150718,-0.711791,-0.123928,0.674743
2080058900,3,-0.150235,-0.712175,-0.122973,0.67462
2080058910,3,-0.149728,-0.712581,-0.122069,0.674468
2080058920,3,-0.149183,-0.712999,-0.121225,0.6743
2080058930,3,-0.148598,-0.713397,-0.120466,0.674144
2080058941,3,-0.14797,-0.713765,-0.119782,0.674014
2080058951,3,-0.14731,-0.714058,-0.119185,0.673954
2080058961,3,-0.146616,-0.71428,-0.118657,0.673964
2080058971,3,-0.145931,-0.714433,-0.118174,0.674035
2080058981,3,-0.145293,-0.714521,-0.117704,0.674161
2080058991,3,-0.144701,-0.714603,-0.11724,0.674283
2080059001,3,-0.144176,-0.71468,-0.116775,0.674394
2080059011,3,-0.143719,-0.714789,-0.116308,0.674458
2080059021,3,-0.143311,-0.71489,-0.115834,0.674518
2080059031,3,-0.142945,-0.714986,-0.115383,0.674572
2080059041,3,-0.14257,-0.715064,-0.115015,0.674631
2080059051,3,-0.1422,-0.715116,-0.114716,0.674705
2080059061,3,-0.141802,-0.715126,-0.114521,0.674811
2080059071,3,-0.14142,-0.715098,-0.114391,0.674944
2080059082,3,-0.141077,-0.715061,-0.114311,0.675068
2080059092,3,-0.140775,-0.715018,-0.114289,0.675181
2080059102,3,-0.140533,-0.714977,-0.114302,0.675272
2080059112,3,-0.140338,-0.714937,-0.114374,0.675343
2080059122,3,-0.140182,-0.714892,-0.114474,0.675406
2080059132,3,-0.140076,-0.714827,-0.114629,0.67547
2080059142,3,-0.14003,-0.714722,-0.114813,0.67556
2080059152,3,-0.140014,-0.7146,-0.115043,0.675653
2080059162,3,-0.140042,-0.714461,-0.115302,0.675749
2080059172,3,-0.1401,-0.71431,-0.115606,0.675845
2080059182,3,-0.140196,-0.714158,-0.115938,0.675929
2080059192,3,-0.140333,-0.714014,-0.116288,0.675993
2080059202,3,-0.140497,-0.713863,-0.116669,0.676052
2080059213,3,-0.140688,-0.713725,-0.117067,0.676089
2080059223,3,-0.140878,-0.713555,-0.11752,0.676151
2080059233,3,-0.14107,-0.71339,-0.118016,0.676199
2080059243,3,-0.141285,-0.713217,-0.118521,0.676248
2080059253,3,-0.14153,-0.713008,-0.119049,0.676324
2080059263,3,-0.141769,-0.712781,-0.119614,0.676414
2080059273,3,-0.142023,-0.712511,-0.12018,0.676545
2080059283,3,-0.142323,-0.71222,-0.120723,0.676691
2080059293,3,-0.14263,-0.711908,-0.121274,0.676857
2080059303,3,-0.142967,-0.711584,-0.121799,0.677031
2080059313,3,-0.143331,-0.711291,-0.122311,0.67717
2080059323,3,-0.143721,-0.711034,-0.122808,0.677268
2080059333,3,-0.144124,-0.710834,-0.123298,0.677303
2080059344,3,-0.144531,-0.710679,-0.123796,0.677288
2080059354,3,-0.144927,-0.710567,-0.124303,0.677228
2080059364,3,-0.145277,-0.710445,-0.124864,0.677178
2080059374,3,-0.145583,-0.71028,-0.125484,0.677171
2080059384,3,-0.145846,-0.710066,-0.126142,0.677216
2080059394,3,-0.146056,-0.709783,-0.126834,0.677339
2080059404,3,-0.146246,-0.709463,-0.127516,0.677504
2080059414,3,-0.146438,-0.709102,-0.128182,0.677716
2080059424,3,-0.14663,-0.708735,-0.128824,0.677935
2080059434,3,-0.146851,-0.708414,-0.129399,0.678114
2080059444,3,-0.147097,-0.708132,-0.129932,0.678253
2080059454,3,-0.14735,-0.707896,-0.130433,0.678348
2080059464,3,-0.147585,-0.707705,-0.130915,0.678404
2080059474,3,-0.147818,-0.707581,-0.13136,0.678397
2080059485,3,-0.148032,-0.707493,-0.131779,0.678361
2080059495,3,-0.148205,-0.70744,-0.132193,0.678298
2080059505,3,-0.148364,-0.707407,-0.132577,0.678222
2080059515,3,-0.14851,-0.707408,-0.13293,0.678121
2080059525,3,-0.148627,-0.707407,-0.13326,0.678031
2080059535,3,-0.148752,-0.707417,-0.13356,0.677934
2080059545,3,-0.148895,-0.707439,-0.1338,0.677832
2080059555,3,-0.149039,-0.707484,-0.134016,0.67771
2080059565,3,-0.149213,-0.707542,-0.134171,0.677581
2080059575,3,-0.149407,-0.70761,-0.134276,0.677446
2080059585,3,-0.149585,-0.707669,-0.134366,0.677327
2080059595,3,-0.14973,-0.7077,-0.134482,0.67724
2080059605,3,-0.149852,-0.7077,-0.134582,0.677194
2080059616,3,-0.149937,-0.707673,-0.13469,0.677181
2080059626,3,-0.149967,-0.707612,-0.134839,0.677209
2080059636,3,-0.149937,-0.707523,-0.134995,0.677277
2080059646,3,-0.149872,-0.707426,-0.135158,0.677361
2080059656,3,-0.149803,-0.707357,-0.135287,0.677422
2080059666,3,-0.149735,-0.707321,-0.135377,0.677457
2080059676,3,-0.149671,-0.707344,-0.135419,0.677438
2080059686,3,-0.149626,-0.707424,-0.135412,0.677366
2080059696,3,-0.149599,-0.70755,-0.135349,0.677254
2080059706,3,-0.149567,-0.707713,-0.135239,0.677112
2080059716,3,-0.149527,-0.707884,-0.135101,0.676969
2080059726,3,-0.149476,-0.708077,-0.134922,0.676814
2080059736,3,-0.149426,-0.708273,-0.134699,0.676665
2080059747,3,-0.149384,-0.708473,-0.134438,0.676517
2080059757,3,-0.149318,-0.708669,-0.134168,0.67638
2080059767,3,-0.149278,-0.708874,-0.133842,0.676238
2080059777,3,-0.14923,-0.709086,-0.133482,0.676098
2080059787,3,-0.14919,-0.709278,-0.133086,0.675984
2080059797,3,-0.14918,-0.709423,-0.132645,0.67592
2080059807,3,-0.149167,-0.709542,-0.132185,0.675888
2080059817,3,-0.149154,-0.709642,-0.131732,0.675875
2080059827,3,-0.149125,-0.709735,-0.131271,0.675873
2080059837,3,-0.149088,-0.709827,-0.130818,0.675872
2080059847,3,-0.149035,-0.709929,-0.130372,0.675863
2080059857,3,-0.148949,-0.710055,-0.129965,0.675828
2080059867,3,-0.148855,-0.710203,-0.129572,0.675769
2080059877,3,-0.148742,-0.710385,-0.129207,0.675673
2080059888,3,-0.148618,-0.710575,-0.128861,0.675566
2080059898,3,-0.148469,-0.710747,-0.128557,0.675476
2080059908,3,-0.148302,-0.710899,-0.128279,0.675405
2080059918,3,-0.148149,-0.711026,-0.127999,0.675358
2080059928,3,-0.148015,-0.71111,-0.127708,0.675354
2080059938,3,-0.147894,-0.71118,-0.1274,0.675365
2080059948,3,-0.147814,-0.71122,-0.127075,0.675402
2080059958,3,-0.147755,-0.711264,-0.126731,0.675433
2080059968,3,-0.147726,-0.711302,-0.126362,0.675469
2080059978,3,-0.147725,-0.711334,-0.125957,0.675511
2080059988,3,-0.147749,-0.711421,-0.125534,0.675493
2080059998,3,-0.147787,-0.711521,-0.125115,0.675456
2080060008,3,-0.147833,-0.711658,-0.124702,0.675379
2080060019,3,-0.147865,-0.71182,-0.124308,0.675273
2080060029,3,-0.147874,-0.71199,-0.123959,0.675157
2080060039,3,-0.147834,-0.712147,-0.12369,0.675049
2080060049,3,-0.147757,-0.71226,-0.123489,0.674983
2080060059,3,-0.147668,-0.712336,-0.123338,0.67495
2080060069,3,-0.147571,-0.712358,-0.123234,0.674967
2080060079,3,-0.147473,-0.71235,-0.123163,0.67501
2080060089,3,-0.147374,-0.712319,-0.123122,0.675071
2080060099,3,-0.14732,-0.712279,-0.12307,0.675135
2080060109,3,-0.147305,-0.712259,-0.123031,0.675167
2080060119,3,-0.147321,-0.712276,-0.122988,0.675153
2080060129,3,-0.147358,-0.712309,-0.122959,0.675115
2080060139,3,-0.147392,-0.712355,-0.122984,0.675055
2080060150,3,-0.147417,-0.712391,-0.123054,0.674998
2080060160,3,-0.147428,-0.712411,-0.12317,0.674954
2080060170,3,-0.147405,-0.712396,-0.123358,0.67494
2080060180,3,-0.147372,-0.712351,-0.123594,0.674952
2080060190,3,-0.147338,-0.712262,-0.123863,0.675004
2080060200,3,-0.147337,-0.71214,-0.124151,0.67508
2080060210,3,-0.147356,-0.712003,-0.124449,0.675166
2080060220,3,-0.147419,-0.711887,-0.124741,0.675221
2080060230,3,-0.147517,-0.71178,-0.125025,0.675259
2080060240,3,-0.147644,-0.711693,-0.125288,0.675275
2080060250,3,-0.147791,-0.711602,-0.125567,0.675286
2080060260,3,-0.147952,-0.711534,-0.125844,0.675272
2080060270,3,-0.148106,-0.71148,-0.126132,0.675241
2080060281,3,-0.148272,-0.711459,-0.126406,0.675175
2080060291,3,-0.148407,-0.711444,-0.126709,0.675105
2080060301,3,-0.148534,-0.711445,-0.127034,0.675015
2080060311,3,-0.148624,-0.711438,-0.127396,0.674934
2080060321,3,-0.148664,-0.711417,-0.127801,0.67487
2080060331,3,-0.14868,-0.711352,-0.12824,0.674852
2080060341,3,-0.148674,-0.711241,-0.12868,0.674887
2080060351,3,-0.148662,-0.711078,-0.129128,0.674976
2080060361,3,-0.148649,-0.710873,-0.129563,0.675111
2080060371,3,-0.148638,-0.710638,-0.129982,0.67528
2080060381,3,-0.148641,-0.710384,-0.130373,0.675472
2080060391,3,-0.148652,-0.710133,-0.130718,0.675666
2080060401,3,-0.148694,-0.709923,-0.131029,0.675818
2080060411,3,-0.148746,-0.70974,-0.131299,0.675946
2080060422,3,-0.148805,-0.70964,-0.131544,0.67599
2080060432,3,-0.148868,-0.709574,-0.131768,0.676002
2080060442,3,-0.148958,-0.709609,-0.131934,0.675913
2080060452,3,-0.149042,-0.709706,-0.132104,0.675759
2080060462,3,-0.149109,-0.709828,-0.132269,0.675584
2080060472,3,-0.149159,-0.709953,-0.132439,0.675408
2080060482,3,-0.149193,-0.710053,-0.132634,0.675258
2080060492,3,-0.14923,-0.71011,-0.132822,0.675152
2080060502,3,-0.149285,-0.710102,-0.132987,0.675117
2080060512,3,-0.149365,-0.710062,-0.133129,0.675113
2080060522,3,-0.149486,-0.70997,-0.133247,0.675159
2080060532,3,-0.149617,-0.70982,-0.133357,0.675267
2080060542,3,-0.149779,-0.70965,-0.133427,0.675395
2080060553,3,-0.149948,-0.70945,-0.13349,0.675555
2080060563,3,-0.150111,-0.70923,-0.13356,0.675737
2080060573,3,-0.150264,-0.70903,-0.133622,0.6759
2080060583,3,-0.150394,-0.708841,-0.133691,0.676055
2080060593,3,-0.150504,-0.708712,-0.13375,0.676155
2080060603,3,-0.150586,-0.708617,-0.13379,0.676228
2080060613,3,-0.150653,-0.708598,-0.133813,0.676228
2080060623,3,-0.150694,-0.708654,-0.133831,0.676157
2080060633,3,-0.150716,-0.708763,-0.133815,0.676042
2080060643,3,-0.150721,-0.708915,-0.133779,0.675888
2080060653,3,-0.150707,-0.709111,-0.133716,0.675697
2080060663,3,-0.150678,-0.709347,-0.133646,0.67547
2080060673,3,-0.150668,-0.709601,-0.133543,0.675226
2080060684,3,-0.150642,-0.709841,-0.133426,0.675002
2080060694,3,-0.150597,-0.710068,-0.133316,0.674796
2080060704,3,-0.150535,-0.710247,-0.133217,0.674641
2080060714,3,-0.150429,-0.710354,-0.133144,0.674566
2080060724,3,-0.150323,-0.710368,-0.133083,0.674587
2080060734,3,-0.150234,-0.710273,-0.133016,0.67472
2080060744,3,-0.150155,-0.710097,-0.13294,0.674938
2080060754,3,-0.150096,-0.709856,-0.132862,0.67522
2080060764,3,-0.150061,-0.709594,-0.132783,0.675518
2080060774,3,-0.150067,-0.709357,-0.132678,0.675787
2080060784,3,-0.150155,-0.709171,-0.132512,0.675995
2080060794,3,-0.150297,-0.709058,-0.132303,0.676122
2080060804,3,-0.150471,-0.709021,-0.132074,0.676168
2080060814,3,-0.150693,-0.7091,-0.131815,0.676086
2080060825,3,-0.150896,-0.709267,-0.131594,0.675909
2080060835,3,-0.151115,-0.709526,-0.131361,0.675632
2080060845,3,-0.15132,-0.709851,-0.131147,0.675287
2080060855,3,-0.151492,-0.71022,-0.130982,0.674893
2080060865,3,-0.151629,-0.710575,-0.130866,0.67451
2080060875,3,-0.151717,-0.710917,-0.130802,0.674143
2080060885,3,-0.151769,-0.711205,-0.130784,0.67383
2080060895,3,-0.151804,-0.711421,-0.130785,0.673594
2080060905,3,-0.151813,-0.711556,-0.130809,0.673445
2080060915,3,-0.151803,-0.711559,-0.130863,0.673434
2080060925,3,-0.151783,-0.711476,-0.130913,0.673516
2080060935,3,-0.151776,-0.711328,-0.130967,0.673663
2080060945,3,-0.151785,-0.711148,-0.131004,0.673844
2080060956,3,-0.151824,-0.710977,-0.131009,0.674015
2080060966,3,-0.151869,-0.710811,-0.131012,0.674179
2080060976,3,-0.151916,-0.71068,-0.131018,0.674306
2080060986,3,-0.151973,-0.710607,-0.131043,0.674365
2080060996,3,-0.152036,-0.710574,-0.131082,0.674378
2080061006,3,-0.152096,-0.710593,-0.131151,0.674331
2080061016,3,-0.152173,-0.710646,-0.131243,0.67424
2080061026,3,-0.152258,-0.710731,-0.131349,0.674111
2080061036,3,-0.152361,-0.710822,-0.131475,0.673966
2080061046,3,-0.152501,-0.710897,-0.131596,0.673833
2080061056,3,-0.152665,-0.710945,-0.13174,0.673716
2080061066,3,-0.152877,-0.710964,-0.131879,0.673621
2080061076,3,-0.153107,-0.710951,-0.13204,0.673551
2080061087,3,-0.153355,-0.7109,-0.132227,0.673512
2080061097,3,-0.15362,-0.710809,-0.13244,0.673505
2080061107,3,-0.153889,-0.71069,-0.132679,0.673522
2080061117,3,-0.154169,-0.710545,-0.132936,0.673561
2080061127,3,-0.154435,-0.710363,-0.133243,0.673631
2080061137,3,-0.154685,-0.710174,-0.133589,0.673705
2080061147,3,-0.154908,-0.709992,-0.133976,0.673769
2080061157,3,-0.155128,-0.709808,-0.134381,0.673831
2080061167,3,-0.155313,-0.709617,-0.134829,0.6739
2080061177,3,-0.155515,-0.709387,-0.135269,0.674008
2080061187,3,-0.155705,-0.709175,-0.135693,0.674102
2080061197,3,-0.155924,-0.708979,-0.136088,0.674178
2080061207,3,-0.15618,-0.708832,-0.136414,0.674206
2080061217,3,-0.156498,-0.708724,-0.136676,0.674193
2080061228,3,-0.156803,-0.70864,-0.136936,0.674158
2080061238,3,-0.157114,-0.708579,-0.137174,0.674102
2080061248,3,-0.157428,-0.708539,-0.137393,0.674026
2080061258,3,-0.157755,-0.708524,-0.137589,0.673925
2080061268,3,-0.15805,-0.708542,-0.137787,0.673796
2080061278,3,-0.158307,-0.708531,-0.13801,0.673702
2080061288,3,-0.158494,-0.708455,-0.138289,0.673681
2080061298,3,-0.158634,-0.708314,-0.138602,0.673731
2080061308,3,-0.158735,-0.708108,-0.138926,0.673858
2080061318,3,-0.158838,-0.707874,-0.139241,0.674014
2080061328,3,-0.158916,-0.70762,-0.139559,0.674197
2080061338,3,-0.159026,-0.707365,-0.139844,0.674379
2080061348,3,-0.159134,-0.707117,-0.140117,0.674558
2080061359,3,-0.159241,-0.706896,-0.140358,0.674714
2080061369,3,-0.159356,-0.706729,-0.140576,0.674816
2080061379,3,-0.159513,-0.706645,-0.140736,0.674834
2080061389,3,-0.159689,-0.706633,-0.140838,0.674783
2080061399,3,-0.159876,-0.706683,-0.140898,0.674673
2080061409,3,-0.160058,-0.706774,-0.140955,0.674523
2080061419,3,-0.160211,-0.706895,-0.14099,0.674353
2080061429,3,-0.160357,-0.707019,-0.141018,0.674183
2080061439,3,-0.160486,-0.707148,-0.141028,0.674015
2080061449,3,-0.160638,-0.707257,-0.140994,0.673871
2080061459,3,-0.16077,-0.707358,-0.140954,0.673741
2080061469,3,-0.160912,-0.707414,-0.140883,0.673664
2080061479,3,-0.161074,-0.707436,-0.140771,0.673626
2080061490,3,-0.161232,-0.707429,-0.140634,0.673624
2080061500,3,-0.161411,-0.707417,-0.140451,0.673632
2080061510,3,-0.161593,-0.707418,-0.140248,0.673629
2080061520,3,-0.161788,-0.707446,-0.140039,0.673597
2080061530,3,-0.161962,-0.707493,-0.139825,0.67355
2080061540,3,-0.162123,-0.707573,-0.139624,0.673468
2080061550,3,-0.16224,-0.707667,-0.139475,0.673373
2080061560,3,-0.162323,-0.707756,-0.139367,0.673282
2080061570,3,-0.162369,-0.707833,-0.139291,0.673205
2080061580,3,-0.162404,-0.707885,-0.139235,0.673154
2080061590,3,-0.162442,-0.70791,-0.139171,0.673132
2080061600,3,-0.162504,-0.707924,-0.139101,0.673116
2080061610,3,-0.162592,-0.707926,-0.139014,0.673111
2080061620,3,-0.162699,-0.707932,-0.13891,0.6731
2080061631,3,-0.162865,-0.707935,-0.138755,0.673089
2080061641,3,-0.163041,-0.707943,-0.138576,0.673075
2080061651,3,-0.163269,-0.707962,-0.138352,0.673045
2080061661,3,-0.163534,-0.707984,-0.13809,0.673011
2080061671,3,-0.163825,-0.708044,-0.137824,0.672932
2080061681,3,-0.164146,-0.708138,-0.137533,0.672814
2080061691,3,-0.164478,-0.70828,-0.137238,0.672644
2080061701,3,-0.164795,-0.708448,-0.136949,0.672449
2080061711,3,-0.16512,-0.708626,-0.136681,0.672236
2080061721,3,-0.165413,-0.708828,-0.136436,0.672001
2080061731,3,-0.165686,-0.709011,-0.136233,0.671781
2080061741,3,-0.165913,-0.709186,-0.136071,0.671574
2080061751,3,-0.16609,-0.709346,-0.135951,0.671385
2080061762,3,-0.16625,-0.709481,-0.135856,0.671222
2080061772,3,-0.166394,-0.709607,-0.135784,0.671068
2080061782,3,-0.166531,-0.709746,-0.135698,0.670904
2080061792,3,-0.166669,-0.709886,-0.135609,0.67074
2080061802,3,-0.16679,-0.710047,-0.135523,0.670556
2080061812,3,-0.166906,-0.710192,-0.135442,0.670391
2080061822,3,-0.166979,-0.710295,-0.135397,0.670273
2080061832,3,-0.167021,-0.710374,-0.135392,0.67018
2080061842,3,-0.167017,-0.710373,-0.13542,0.670176
2080061852,3,-0.166979,-0.710315,-0.135489,0.670233
2080061862,3,-0.166894,-0.71019,-0.135611,0.670361
2080061872,3,-0.166752,-0.709996,-0.135788,0.670567
2080061882,3,-0.166549,-0.709767,-0.136024,0.670811
2080061893,3,-0.166311,-0.709525,-0.136309,0.671069
2080061903,3,-0.16603,-0.709282,-0.136616,0.671333
2080061913,3,-0.165724,-0.709072,-0.136929,0.671566
2080061923,3,-0.165388,-0.708913,-0.137269,0.671747
2080061933,3,-0.165026,-0.708789,-0.137625,0.671894
2080061943,3,-0.164642,-0.708703,-0.137996,0.672004
2080061953,3,-0.164222,-0.708652,-0.138394,0.672078
2080061963,3,-0.163791,-0.708579,-0.138817,0.672173
2080061973,3,-0.163353,-0.708491,-0.139257,0.672281
2080061983,3,-0.162893,-0.708346,-0.139736,0.672447
2080061993,3,-0.162439,-0.708148,-0.140219,0.672664
2080062003,3,-0.161998,-0.707877,-0.140716,0.672952
2080062013,3,-0.161596,-0.707555,-0.141191,0.673288
2080062024,3,-0.161255,-0.707188,-0.141637,0.67366
2080062034,3,-0.160985,-0.706781,-0.142028,0.67407
2080062044,3,-0.160773,-0.706354,-0.142375,0.674495
2080062054,3,-0.160655,-0.705924,-0.142656,0.674914
2080062064,3,-0.160573,-0.705509,-0.142915,0.675313
2080062074,3,-0.160518,-0.705107,-0.143173,0.675691
2080062084,3,-0.160461,-0.704754,-0.143447,0.676014
2080062094,3,-0.160426,-0.704444,-0.14372,0.676288
2080062104,3,-0.160392,-0.704175,-0.144,0.676517
2080062114,3,-0.160361,-0.70395,-0.144306,0.676693
2080062124,3,-0.160338,-0.703728,-0.144612,0.676864
2080062134,3,-0.160316,-0.703532,-0.144917,0.677007
2080062144,3,-0.160291,-0.703331,-0.145226,0.677156
2080062154,3,-0.160294,-0.703119,-0.14551,0.677314
2080062165,3,-0.160301,-0.702904,-0.145791,0.677476
2080062175,3,-0.160354,-0.702697,-0.146012,0.677629
2080062185,3,-0.160443,-0.702511,-0.146169,0.677768
2080062195,3,-0.160583,-0.702345,-0.146275,0.677884
2080062205,3,-0.160779,-0.70223,-0.146294,0.677952
2080062215,3,-0.161025,-0.702184,-0.146247,0.677952
2080062225,3,-0.161281,-0.702218,-0.14617,0.677873
2080062235,3,-0.16157,-0.702294,-0.146051,0.67775
2080062245,3,-0.161885,-0.702398,-0.145905,0.677598
2080062255,3,-0.162209,-0.702516,-0.145723,0.677439
2080062265,3,-0.162535,-0.702648,-0.145506,0.677269
2080062275,3,-0.162866,-0.702813,-0.145279,0.677068
2080062285,3,-0.163183,-0.702996,-0.145037,0.676854
2080062296,3,-0.163525,-0.703222,-0.144739,0.6766
2080062306,3,-0.163873,-0.703459,-0.144413,0.676339
2080062316,3,-0.16422,-0.703745,-0.144034,0.676038
2080062326,3,-0.16456,-0.704051,-0.143626,0.675724
2080062336,3,-0.164898,-0.704384,-0.143174,0.675389
2080062346,3,-0.165219,-0.704729,-0.142694,0.675053
2080062356,3,-0.165507,-0.705075,-0.142218,0.674721
2080062366,3,-0.165747,-0.705407,-0.141745,0.674415
2080062376,3,-0.16594,-0.705728,-0.141277,0.674129
2080062386,3,-0.166098,-0.706023,-0.140809,0.67388
2080062396,3,-0.166235,-0.7063,-0.140317,0.673658
2080062406,3,-0.166337,-0.70656,-0.139824,0.673463
2080062416,3,-0.166425,-0.706801,-0.139301,0.673297
2080062427,3,-0.166492,-0.707055,-0.138753,0.673127
2080062437,3,-0.166543,-0.70732,-0.138167,0.672956
2080062447,3,-0.166569,-0.707622,-0.137553,0.672759
2080062457,3,-0.166575,-0.707971,-0.13689,0.672525
2080062467,3,-0.166524,-0.708343,-0.13619,0.672288
2080062477,3,-0.166445,-0.708782,-0.135417,0.672001
2080062487,3,-0.166316,-0.709307,-0.134593,0.671643
2080062497,3,-0.166133,-0.709898,-0.133731,0.671238
2080062507,3,-0.16586,-0.710538,-0.132831,0.670806
2080062517,3,-0.165463,-0.711186,-0.131931,0.670395
2080062527,3,-0.164939,-0.711821,-0.131053,0.670022
2080062537,3,-0.164298,-0.712374,-0.13017,0.669764
2080062547,3,-0.163547,-0.712802,-0.129292,0.669663
2080062557,3,-0.162671,-0.713088,-0.12842,0.669739
2080062568,3,-0.161693,-0.713253,-0.127538,0.669969
2080062578,3,-0.160638,-0.71333,-0.126603,0.670318
2080062588,3,-0.159521,-0.713312,-0.125606,0.670791
2080062598,3,-0.15836,-0.713229,-0.124504,0.67136
2080062608,3,-0.157145,-0.713137,-0.123335,0.671958
2080062618,3,-0.15589,-0.713046,-0.122068,0.672578
2080062628,3,-0.154569,-0.713007,-0.120742,0.673163
2080062638,3,-0.153198,-0.713031,-0.119342,0.673701
2080062648,3,-0.151764,-0.713134,-0.117889,0.674172
2080062658,3,-0.150267,-0.71334,-0.116393,0.67455
2080062668,3,-0.148709,-0.713628,-0.114862,0.674853
2080062678,3,-0.147122,-0.713947,-0.11327,0.675132
2080062688,3,-0.145511,-0.714303,-0.111623,0.675379
2080062699,3,-0.143871,-0.714663,-0.109917,0.675629
2080062709,3,-0.14223,-0.715013,-0.108154,0.67589
2080062719,3,-0.140557,-0.715326,-0.106353,0.676195
2080062729,3,-0.138873,-0.715604,-0.104498,0.676538
2080062739,3,-0.137167,-0.715834,-0.1026,0.676933
2080062749,3,-0.135461,-0.716021,-0.100626,0.677375
2080062759,3,-0.133722,-0.716182,-0.098625,0.677844
2080062769,3,-0.131975,-0.716331,-0.096573,0.678324
2080062779,3,-0.130205,-0.716481,-0.094475,0.678804
2080062789,3,-0.1284,-0.716653,-0.092334,0.679261
2080062799,3,-0.126583,-0.716843,-0.090128,0.679697
2080062809,3,-0.12472,-0.717058,-0.087896,0.680107
2080062819,3,-0.122812,-0.717295,-0.085631,0.680493
2080062830,3,-0.120862,-0.717582,-0.083336,0.680824
2080062840,3,-0.118885,-0.717922,-0.081005,0.681095
2080062850,3,-0.116866,-0.718301,-0.078661,0.68132
2080062860,3,-0.114815,-0.718737,-0.076308,0.681476
2080062870,3,-0.112748,-0.719189,-0.073932,0.681607
2080062880,3,-0.110666,-0.719652,-0.071562,0.681712
2080062890,3,-0.108581,-0.720117,-0.069202,0.6818
2080062900,3,-0.106483,-0.720578,-0.06685,0.681879
2080062910,3,-0.104387,-0.721041,-0.064541,0.681936
2080062920,3,-0.102347,-0.721524,-0.062231,0.681949
2080062930,3,-0.100455,-0.721879,-0.059911,0.682062
2080062940,3,-0.0985,-0.722188,-0.057845,0.682198
2080062950,3,-0.096349,-0.722422,-0.056198,0.682395
2080062960,3,-0.094061,-0.722573,-0.054902,0.68266
2080062971,3,-0.091728,-0.72269,-0.053892,0.682934
2080062981,3,-0.089394,-0.722764,-0.053144,0.683224
2080062991,3,-0.087098,-0.722875,-0.052639,0.683442
2080063001,3,-0.084866,-0.723077,-0.052328,0.683533
2080063011,3,-0.082736,-0.723334,-0.052176,0.683534
2080063021,3,-0.080742,-0.723658,-0.052126,0.683433
2080063031,3,-0.078857,-0.724042,-0.052185,0.683242
2080063041,3,-0.077104,-0.724443,-0.052316,0.683007
2080063051,3,-0.075435,-0.724796,-0.052527,0.682803
2080063061,3,-0.073831,-0.725079,-0.052788,0.682657
2080063071,3,-0.072296,-0.72531,-0.053054,0.682556
2080063081,3,-0.070834,-0.725525,-0.053277,0.682463
2080063091,3,-0.069446,-0.725769,-0.053393,0.682337
2080063102,3,-0.068141,-0.72607,-0.053357,0.682151
2080063112,3,-0.066914,-0.726465,-0.053084,0.681873
2080063122,3,-0.065733,-0.726963,-0.05257,0.681497
2080063132,3,-0.064571,-0.727557,-0.0518,0.681033
2080063142,3,-0.063372,-0.728261,-0.050752,0.680473
2080063152,3,-0.06211,-0.729127,-0.049418,0.679759
2080063162,3,-0.060759,-0.730081,-0.047851,0.678969
2080063172,3,-0.059329,-0.731104,-0.046045,0.678119
2080063182,3,-0.057821,-0.732221,-0.044021,0.677178
2080063192,3,-0.056216,-0.733381,-0.041866,0.676193
2080063202,3,-0.054517,-0.734573,-0.039603,0.675175
2080063212,3,-0.052754,-0.735809,-0.037261,0.674101
2080063222,3,-0.050998,-0.737074,-0.034858,0.672982
2080063233,3,-0.049286,-0.738344,-0.032431,0.671838
2080063243,3,-0.047633,-0.739555,-0.03002,0.670736
2080063253,3,-0.046029,-0.740719,-0.027702,0.669662
2080063263,3,-0.044502,-0.741839,-0.025542,0.668611
2080063273,3,-0.04304,-0.74284,-0.023585,0.667666
2080063283,3,-0.041642,-0.743693,-0.021889,0.666863
2080063293,3,-0.040322,-0.744438,-0.020469,0.666158
2080063303,3,-0.039078,-0.745067,-0.019341,0.665562
2080063313,3,-0.037914,-0.745617,-0.018531,0.665036
2080063323,3,-0.036851,-0.746077,-0.017997,0.664595
2080063333,3,-0.035879,-0.746486,-0.017766,0.664194
2080063343,3,-0.035014,-0.746854,-0.017807,0.663826
2080063353,3,-0.034226,-0.747163,-0.018122,0.66351
2080063363,3,-0.03351,-0.747394,-0.018681,0.663272
2080063374,3,-0.03285,-0.747568,-0.019423,0.663087
2080063384,3,-0.03224,-0.747712,-0.020279,0.662929
2080063394,3,-0.031649,-0.747849,-0.021213,0.662773
2080063404,3,-0.03106,-0.748013,-0.022166,0.662585
2080063414,3,-0.030417,-0.748213,-0.023121,0.662356
2080063424,3,-0.029702,-0.748415,-0.02404,0.662129
2080063434,3,-0.028905,-0.748609,-0.024914,0.661912
2080063444,3,-0.02804,-0.748782,-0.025669,0.661724
2080063454,3,-0.027088,-0.748902,-0.026304,0.661604
2080063464,3,-0.026095,-0.748906,-0.02677,0.66162
2080063474,3,-0.025044,-0.748747,-0.027072,0.661828
2080063484,3,-0.023973,-0.748358,-0.027197,0.662302
2080063494,3,-0.022947,-0.747705,-0.027083,0.663081
2080063505,3,-0.021948,-0.746763,-0.026782,0.664188
2080063515,3,-0.021023,-0.745499,-0.026272,0.665656
2080063525,3,-0.020213,-0.743996,-0.025538,0.667389
2080063535,3,-0.019541,-0.742291,-0.024589,0.66934
2080063545,3,-0.019021,-0.740417,-0.023429,0.671469
2080063555,3,-0.018644,-0.738379,-0.022088,0.673765
2080063565,3,-0.018389,-0.736243,-0.020605,0.676152
2080063575,3,-0.018206,-0.734076,-0.019032,0.678555
2080063585,3,-0.018087,-0.731916,-0.017403,0.680932
2080063595,3,-0.017987,-0.729825,-0.015778,0.683214
2080063605,3,-0.01792,-0.727912,-0.014153,0.68529
2080063615,3,-0.01789,-0.726216,-0.012565,0.687118
2080063625,3,-0.017894,-0.724758,-0.011016,0.688682
2080063636,3,-0.01793,-0.723499,-0.009536,0.690026
2080063646,3,-0.018056,-0.722519,-0.008111,0.691066
2080063656,3,-0.018284,-0.721876,-0.006757,0.691747
2080063666,3,-0.018611,-0.721533,-0.005489,0.692107
2080063676,3,-0.01906,-0.721414,-0.004341,0.692227
2080063686,3,-0.01967,-0.721476,-0.003304,0.692151
2080063696,3,-0.020577,-0.721342,-0.002277,0.692269
2080063706,3,-0.021637,-0.721161,-0.001391,0.692427
2080063716,3,-0.02286,-0.721,-6.79E-4,0.692556
2080063726,3,-0.024306,-0.72097,0.0,0.692539
2080063736,3,-0.025949,-0.721213,5.85E-4,0.692226
2080063746,3,-0.027398,-0.721459,8.45E-4,0.691913
2080063756,3,-0.028969,-0.722076,0.001164,0.691205
2080063766,3,-0.030621,-0.723175,0.001519,0.689983
2080063777,3,-0.032318,-0.724671,0.001898,0.688333
2080063787,3,-0.034063,-0.726411,0.002332,0.686411
2080063797,3,-0.035899,-0.728582,0.002875,0.684011
2080063807,3,-0.037579,-0.730879,0.003215,0.681463
2080063817,3,-0.039061,-0.733211,0.003307,0.678869
2080063827,3,-0.040335,-0.735426,0.00314,0.676395
2080063837,3,-0.041396,-0.737343,0.002635,0.674243
2080063847,3,-0.042244,-0.738774,0.001794,0.672625
2080063857,3,-0.042898,-0.739565,6.34E-4,0.671715
2080063867,3,-0.043459,-0.740428,-7.22E-4,0.670728
2080063877,3,-0.043793,-0.740577,-0.002363,0.670537
2080063887,3,-0.043938,-0.740011,-0.004159,0.671144
2080063897,3,-0.043941,-0.738811,-0.005995,0.672451
2080063908,3,-0.043814,-0.737017,-0.007803,0.674406
2080063918,3,-0.043519,-0.735102,-0.009597,0.676489
2080063928,3,-0.043027,-0.733167,-0.011352,0.67859
2080063938,3,-0.042359,-0.731274,-0.013073,0.680641
2080063948,3,-0.041482,-0.729418,-0.014815,0.682648
2080063958,3,-0.040388,-0.727549,-0.016652,0.684663
2080063968,3,-0.03906,-0.725608,-0.018621,0.686745
2080063978,3,-0.037496,-0.723555,-0.020802,0.688932
2080063988,3,-0.035674,-0.721373,-0.023238,0.691236
2080063998,3,-0.033591,-0.719051,-0.025979,0.693658
2080064008,3,-0.031271,-0.716547,-0.029008,0.696232
2080064018,3,-0.028729,-0.713833,-0.032356,0.698977
2080064028,3,-0.026007,-0.710887,-0.035938,0.701905
2080064039,3,-0.023171,-0.707728,-0.039679,0.704988
2080064049,3,-0.020237,-0.704375,-0.043505,0.708204
2080064059,3,-0.017836,-0.701693,-0.046773,0.710718
2080064069,3,-0.015426,-0.69885,-0.050046,0.713348
2080064079,3,-0.013078,-0.695875,-0.053293,0.716062
2080064089,3,-0.010812,-0.692771,-0.05655,0.718855
2080064099,3,-0.008612,-0.689576,-0.059849,0.721684
2080064109,3,-0.006523,-0.686392,-0.063196,0.724451
2080064119,3,-0.004612,-0.683284,-0.066558,0.727097
2080064129,3,-0.002952,-0.680379,-0.069904,0.729512
2080064139,3,-0.001548,-0.677752,-0.073211,0.731634
2080064149,3,-5.03E-4,-0.675455,-0.076457,0.733426
2080064159,3,1.72E-4,-0.673575,-0.079625,0.734816
2080064170,3,5.03E-4,-0.672177,-0.082711,0.735755
2080064180,3,0.001118,-0.671233,-0.086384,0.736194
2080064190,3,0.001375,-0.670947,-0.090009,0.73602
2080064200,3,0.00125,-0.671316,-0.09356,0.73524
2080064210,3,7.42E-4,-0.672294,-0.097007,0.7339
2080064220,3,-1.22E-4,-0.67381,-0.100306,0.732063
2080064230,3,-0.001434,-0.675778,-0.103431,0.72981
2080064240,3,-0.003112,-0.678135,-0.106325,0.727198
2080064250,3,-0.005164,-0.680788,-0.108951,0.724313
2080064260,3,-0.007561,-0.683639,-0.111271,0.721248
2080064270,3,-0.010293,-0.686618,-0.113251,0.718069
2080064280,3,-0.013342,-0.689668,-0.114845,0.714835
2080064290,3,-0.016693,-0.692739,-0.11603,0.711596
2080064300,3,-0.020337,-0.695802,-0.116766,0.708385
2080064311,3,-0.024245,-0.698829,-0.117067,0.705226
2080064321,3,-0.028399,-0.701794,-0.116919,0.702145
2080064331,3,-0.032767,-0.704669,-0.116348,0.699164
2080064341,3,-0.037302,-0.707432,-0.115378,0.696301
2080064351,3,-0.041993,-0.710063,-0.114019,0.693574
2080064361,3,-0.046796,-0.712536,-0.112323,0.691003
2080064371,3,-0.052093,-0.715349,-0.109879,0.688104
2080064381,3,-0.057466,-0.717924,-0.107154,0.685419
2080064391,3,-0.062888,-0.720261,-0.104202,0.682942
2080064401,3,-0.068279,-0.722274,-0.101096,0.680761
2080064411,3,-0.073559,-0.723933,-0.097961,0.678905
2080064421,3,-0.078636,-0.725159,-0.094905,0.67746
2080064431,3,-0.082971,-0.725348,-0.092554,0.677066
2080064442,3,-0.087547,-0.725634,-0.089837,0.67655
2080064452,3,-0.091877,-0.725467,-0.087305,0.676485
2080064462,3,-0.095767,-0.724534,-0.085218,0.677212
2080064472,3,-0.099532,-0.723325,-0.083229,0.678208
2080064482,3,-0.103174,-0.721885,-0.081366,0.679423
2080064492,3,-0.106663,-0.720236,-0.079658,0.680835
2080064502,3,-0.110001,-0.718407,-0.078136,0.682411
2080064512,3,-0.113166,-0.716445,-0.076797,0.684106
2080064522,3,-0.116167,-0.714374,-0.075684,0.68589
2080064532,3,-0.119024,-0.712252,-0.074761,0.687706
2080064542,3,-0.121779,-0.710143,-0.073992,0.689485
2080064552,3,-0.124491,-0.70812,-0.07333,0.69115
2080064562,3,-0.127223,-0.706264,-0.072715,0.692616
2080064573,3,-0.130023,-0.704669,-0.072082,0.693785
2080064583,3,-0.132348,-0.703245,-0.071961,0.694803
2080064593,3,-0.134731,-0.702139,-0.071797,0.69548
2080064603,3,-0.137185,-0.70143,-0.071567,0.695739
2080064613,3,-0.139679,-0.701156,-0.071266,0.69555
2080064623,3,-0.14315,-0.701969,-0.069923,0.694159
2080064633,3,-0.146742,-0.703379,-0.068324,0.692138
2080064643,3,-0.150403,-0.705338,-0.066482,0.689533
2080064653,3,-0.154057,-0.70775,-0.06447,0.686439
2080064663,3,-0.157638,-0.710462,-0.062393,0.683008
2080064673,3,-0.161033,-0.713333,-0.060392,0.679394
2080064683,3,-0.164168,-0.716231,-0.058551,0.675746
2080064693,3,-0.166982,-0.719053,-0.056951,0.672187
2080064703,3,-0.169417,-0.721707,-0.055637,0.668835
2080064714,3,-0.171418,-0.724115,-0.054681,0.665794
2080064724,3,-0.172956,-0.726208,-0.054156,0.663155
2080064734,3,-0.173981,-0.727938,-0.054134,0.660988
2080064744,3,-0.174582,-0.72981,-0.054629,0.658721
2080064754,3,-0.174614,-0.731184,-0.05571,0.657096
2080064764,3,-0.174039,-0.732056,-0.057424,0.656129
2080064774,3,-0.172871,-0.732423,-0.059734,0.655822
2080064784,3,-0.17117,-0.732385,-0.062573,0.656046
2080064794,3,-0.168959,-0.732035,-0.065922,0.656681
2080064804,3,-0.166265,-0.731433,-0.069762,0.657642
2080064814,3,-0.163106,-0.730655,-0.074057,0.658828
2080064824,3,-0.159533,-0.729687,-0.078725,0.660233
2080064834,3,-0.155599,-0.728587,-0.083715,0.661771
2080064845,3,-0.151374,-0.727343,-0.088931,0.663436
2080064855,3,-0.146947,-0.725939,-0.094263,0.665231
2080064865,3,-0.14234,-0.724351,-0.099668,0.667173
2080064875,3,-0.137671,-0.72251,-0.104991,0.669329
2080064885,3,-0.132985,-0.720564,-0.110197,0.671534
2080064895,3,-0.128341,-0.718604,-0.115226,0.67369
2080064905,3,-0.123782,-0.716726,-0.120036,0.675701
2080064915,3,-0.119359,-0.715059,-0.124592,0.677436
2080064925,3,-0.115123,-0.713704,-0.128874,0.678796
2080064935,3,-0.11113,-0.712722,-0.132869,0.679721
2080064945,3,-0.107427,-0.712151,-0.136576,0.680181
2080064955,3,-0.104083,-0.712007,-0.139959,0.680164
2080064965,3,-0.101164,-0.712289,-0.142995,0.679678
2080064976,3,-0.098705,-0.713013,-0.145666,0.678711
2080064986,3,-0.096739,-0.714168,-0.147944,0.677286
2080064996,3,-0.095269,-0.715709,-0.149823,0.675452
2080065006,3,-0.094321,-0.717581,-0.15129,0.673269
2080065016,3,-0.093898,-0.719716,-0.152301,0.670817
2080065026,3,-0.094004,-0.722031,-0.15287,0.668179
2080065036,3,-0.094489,-0.724285,-0.153134,0.665606
2080065046,3,-0.095493,-0.726638,-0.152898,0.662947
2080065056,3,-0.096975,-0.728976,-0.152194,0.660322
2080065066,3,-0.098852,-0.731231,-0.151073,0.657803
2080065076,3,-0.10112,-0.733314,-0.149557,0.655481
2080065086,3,-0.103717,-0.735149,-0.147683,0.653443
2080065096,3,-0.106634,-0.736688,-0.145469,0.651734
2080065106,3,-0.109824,-0.73792,-0.142965,0.650363
2080065117,3,-0.113129,-0.738601,-0.140367,0.649589
2080065127,3,-0.116568,-0.738861,-0.137647,0.649267
2080065137,3,-0.120069,-0.738693,-0.13488,0.649401
2080065147,3,-0.123542,-0.73806,-0.132162,0.650028
2080065157,3,-0.126904,-0.736939,-0.129583,0.651171
2080065167,3,-0.130082,-0.735301,-0.127243,0.652854
2080065177,3,-0.132997,-0.733175,-0.125221,0.655046
2080065187,3,-0.135637,-0.730637,-0.123539,0.657654
2080065197,3,-0.137991,-0.727769,-0.122214,0.660585
2080065207,3,-0.140077,-0.72467,-0.12125,0.663723
2080065217,3,-0.141917,-0.721434,-0.120613,0.666965
2080065227,3,-0.143516,-0.718203,-0.120287,0.670162
2080065237,3,-0.144898,-0.71523,-0.120133,0.673066
2080065248,3,-0.146042,-0.712871,-0.119969,0.675346
2080065258,3,-0.146894,-0.7113,-0.119684,0.676867
2080065268,3,-0.147391,-0.710438,-0.119341,0.677724
2080065278,3,-0.147513,-0.71013,-0.118983,0.678083
2080065288,3,-0.147363,-0.709721,-0.118544,0.678621
2080065298,3,-0.146888,-0.70981,-0.118163,0.678697
2080065308,3,-0.146209,-0.710436,-0.117814,0.678249
2080065318,3,-0.145464,-0.711771,-0.117475,0.677067
2080065328,3,-0.144665,-0.713218,-0.117256,0.675753
2080065338,3,-0.14387,-0.714647,-0.117184,0.674424
2080065348,3,-0.143092,-0.715919,-0.11732,0.673216
2080065358,3,-0.142371,-0.71696,-0.117694,0.672194
2080065368,3,-0.141729,-0.717697,-0.118325,0.671433
2080065379,3,-0.14117,-0.718009,-0.119243,0.671054
2080065389,3,-0.140709,-0.717775,-0.120447,0.671186
2080065399,3,-0.140318,-0.716939,-0.121924,0.671894
2080065409,3,-0.139976,-0.715442,-0.123683,0.673239
2080065419,3,-0.140007,-0.714489,-0.125354,0.673935
2080065429,3,-0.140077,-0.712847,-0.127284,0.675296
2080065439,3,-0.140152,-0.710485,-0.129542,0.677337
2080065449,3,-0.140242,-0.707503,-0.132143,0.679933
2080065459,3,-0.140314,-0.703948,-0.13517,0.683006
2080065469,3,-0.140388,-0.699946,-0.138606,0.686407
2080065479,3,-0.140508,-0.695569,-0.142387,0.690047
2080065489,3,-0.140769,-0.690908,-0.146445,0.693818
2080065499,3,-0.141164,-0.685997,-0.150752,0.697677
2080065509,3,-0.141753,-0.680854,-0.155245,0.701599
2080065520,3,-0.142554,-0.675504,-0.159867,0.705559
2080065530,3,-0.143225,-0.669148,-0.164937,0.710297
2080065540,3,-0.144166,-0.662833,-0.170043,0.714809
2080065550,3,-0.145425,-0.656719,-0.175135,0.718957
2080065560,3,-0.147024,-0.650958,-0.180191,0.722611
2080065570,3,-0.148981,-0.645713,-0.18519,0.725646
2080065580,3,-0.151302,-0.641121,-0.190148,0.727951
2080065590,3,-0.153979,-0.637277,-0.195064,0.729463
2080065600,3,-0.156957,-0.634247,-0.199961,0.730143
2080065610,3,-0.160213,-0.632013,-0.204867,0.730013
2080065620,3,-0.163698,-0.630543,-0.209799,0.72911
2080065630,3,-0.167365,-0.629748,-0.21476,0.727518
2080065640,3,-0.171197,-0.629532,-0.219717,0.72533
2080065651,3,-0.175182,-0.629828,-0.224609,0.722618
2080065661,3,-0.179345,-0.630587,-0.22938,0.719429
2080065671,3,-0.183663,-0.63179,-0.233969,0.715797
2080065681,3,-0.18814,-0.633435,-0.238336,0.711729
2080065691,3,-0.192757,-0.635507,-0.242448,0.707243
2080065701,3,-0.197469,-0.637982,-0.246295,0.702369
2080065711,3,-0.202669,-0.641244,-0.249471,0.696774
2080065721,3,-0.20795,-0.644877,-0.252317,0.690814
2080065731,3,-0.213274,-0.648801,-0.254835,0.684565
2080065741,3,-0.217863,-0.651956,-0.257729,0.679016
2080065751,3,-0.222203,-0.654821,-0.260492,0.673779
2080065761,3,-0.22624,-0.657228,-0.263153,0.669041
2080065771,3,-0.22999,-0.659102,-0.265663,0.664914
2080065782,3,-0.233534,-0.660454,-0.267927,0.661419
2080065792,3,-0.236927,-0.661335,-0.269849,0.658544
2080065802,3,-0.240227,-0.661787,-0.271403,0.656253
2080065812,3,-0.243459,-0.661861,-0.272564,0.654504
2080065822,3,-0.246651,-0.661625,-0.273325,0.653228
2080065832,3,-0.249791,-0.661159,-0.273682,0.652357
2080065842,3,-0.252912,-0.660509,-0.273655,0.651824
2080065852,3,-0.255995,-0.659711,-0.273271,0.65159
2080065862,3,-0.259006,-0.658808,-0.272572,0.651606
2080065872,3,-0.261953,-0.65783,-0.271567,0.651836
2080065882,3,-0.264849,-0.656846,-0.27027,0.652197
2080065892,3,-0.267729,-0.656093,-0.268666,0.652442
2080065902,3,-0.27049,-0.655403,-0.266871,0.652733
2080065913,3,-0.273162,-0.654815,-0.264869,0.653026
2080065923,3,-0.275671,-0.654355,-0.262681,0.653316
2080065933,3,-0.2787,-0.654741,-0.25958,0.652884
2080065943,3,-0.281802,-0.655708,-0.255979,0.652003
2080065953,3,-0.284942,-0.657287,-0.251902,0.650634
2080065963,3,-0.288062,-0.659481,-0.2474,0.648766
2080065973,3,-0.291068,-0.662259,-0.242548,0.646421
2080065983,3,-0.293886,-0.665539,-0.237439,0.643669
2080065993,3,-0.296402,-0.669204,-0.232201,0.640619
2080066003,3,-0.298525,-0.673112,-0.226973,0.637404
2080066013,3,-0.300186,-0.67714,-0.221869,0.634147
2080066023,3,-0.301323,-0.681177,-0.217026,0.630952
2080066033,3,-0.301874,-0.685112,-0.212534,0.62795
2080066043,3,-0.301783,-0.68883,-0.208502,0.625272
2080066054,3,-0.301432,-0.692433,-0.204579,0.622753
2080066064,3,-0.300399,-0.695685,-0.201265,0.620705
2080066074,3,-0.298709,-0.698585,-0.198577,0.619126
2080066084,3,-0.296248,-0.701162,-0.196619,0.61802
2080066094,3,-0.293246,-0.703433,-0.19518,0.617327
2080066104,3,-0.289697,-0.70546,-0.194279,0.616973
2080066114,3,-0.285683,-0.707302,-0.193856,0.616869
2080066124,3,-0.281239,-0.708974,-0.193907,0.616976
2080066134,3,-0.276395,-0.710479,-0.194403,0.617277
2080066144,3,-0.271283,-0.711848,-0.195184,0.617721
2080066154,3,-0.26596,-0.713021,-0.196218,0.618355
2080066164,3,-0.260504,-0.713987,-0.197435,0.619175
2080066174,3,-0.254939,-0.714709,-0.198796,0.620222
2080066185,3,-0.249304,-0.715145,-0.200263,0.621537
2080066195,3,-0.243714,-0.71542,-0.20172,0.622966
2080066205,3,-0.238134,-0.715562,-0.203182,0.624482
2080066215,3,-0.232617,-0.715689,-0.204565,0.625963
2080066225,3,-0.227218,-0.715927,-0.205812,0.627264
2080066235,3,-0.221985,-0.716406,-0.206851,0.628248
2080066245,3,-0.216947,-0.717209,-0.207637,0.628833
2080066255,3,-0.212127,-0.71836,-0.208146,0.628995
2080066265,3,-0.207569,-0.719872,-0.20834,0.628722
2080066275,3,-0.203297,-0.721709,-0.208227,0.628049
2080066285,3,-0.199326,-0.723785,-0.207798,0.627074
2080066295,3,-0.195695,-0.725993,-0.207087,0.6259
2080066305,3,-0.192402,-0.728236,-0.206095,0.624641
2080066316,3,-0.189468,-0.730443,-0.204827,0.623377
2080066326,3,-0.18689,-0.732568,-0.203324,0.622153
2080066336,3,-0.184686,-0.734598,-0.201592,0.62098
2080066346,3,-0.182845,-0.736494,-0.199644,0.619907
2080066356,3,-0.181375,-0.738202,-0.197523,0.618987
2080066366,3,-0.180178,-0.739375,-0.195356,0.618623
2080066376,3,-0.179265,-0.740321,-0.193107,0.618463
2080066386,3,-0.178669,-0.740954,-0.190749,0.61861
2080066396,3,-0.178458,-0.741234,-0.188214,0.619111
2080066406,3,-0.178634,-0.741237,-0.18556,0.619858
2080066416,3,-0.179208,-0.741009,-0.182775,0.620791
2080066426,3,-0.180192,-0.740612,-0.179854,0.621832
2080066436,3,-0.181768,-0.740218,-0.176558,0.622787
2080066446,3,-0.183636,-0.739446,-0.173277,0.624076
2080066457,3,-0.185707,-0.738205,-0.170127,0.625797
2080066467,3,-0.187862,-0.736393,-0.167239,0.628063
2080066477,3,-0.190078,-0.733936,-0.164659,0.630947
2080066487,3,-0.192316,-0.730826,-0.162439,0.634445
2080066497,3,-0.194581,-0.727115,-0.160584,0.638477
2080066507,3,-0.196876,-0.722939,-0.159089,0.642875
2080066517,3,-0.199205,-0.71851,-0.157947,0.647389
2080066527,3,-0.201579,-0.714053,-0.157084,0.65178
2080066537,3,-0.204024,-0.709777,-0.156431,0.655835
2080066547,3,-0.206559,-0.705819,-0.155898,0.659429
2080066557,3,-0.209202,-0.702239,-0.155421,0.662523
2080066567,3,-0.21197,-0.699055,-0.154948,0.665116
2080066577,3,-0.214847,-0.696296,-0.15445,0.667201
2080066588,3,-0.217342,-0.693501,-0.154387,0.669315
2080066598,3,-0.21994,-0.691124,-0.154269,0.670949
2080066608,3,-0.222983,-0.689733,-0.153785,0.671487
2080066618,3,-0.226011,-0.688787,-0.15341,0.671532
2080066628,3,-0.228993,-0.688233,-0.15321,0.671136
2080066638,3,-0.231914,-0.687998,-0.153256,0.670363
2080066648,3,-0.234711,-0.687996,-0.153629,0.669305
2080066658,3,-0.237338,-0.688106,-0.154417,0.668083
2080066668,3,-0.239771,-0.688212,-0.155707,0.666804
2080066678,3,-0.241954,-0.688212,-0.157578,0.665575
2080066688,3,-0.24383,-0.688039,-0.160033,0.664482
2080066698,3,-0.245408,-0.687623,-0.163023,0.663605
2080066708,3,-0.246636,-0.686949,-0.166534,0.662975
2080066719,3,-0.247481,-0.685973,-0.170588,0.66264
2080066729,3,-0.248504,-0.685334,-0.174634,0.661864
2080066739,3,-0.249091,-0.68429,-0.179236,0.661493
2080066749,3,-0.24917,-0.682885,-0.184456,0.661481
2080066759,3,-0.248693,-0.681199,-0.190316,0.661738
2080066769,3,-0.246957,-0.678798,-0.197463,0.662761
2080066779,3,-0.245354,-0.676629,-0.204453,0.663455
2080066789,3,-0.243306,-0.674217,-0.211808,0.664356
2080066799,3,-0.240926,-0.671559,-0.219389,0.665454
2080066809,3,-0.238295,-0.668676,-0.227054,0.666733
2080066819,3,-0.235459,-0.665568,-0.234765,0.668178
2080066829,3,-0.232524,-0.662291,-0.242405,0.669732
2080066839,3,-0.229291,-0.658545,-0.250145,0.671692
2080066849,3,-0.226149,-0.654885,-0.257626,0.673505
2080066860,3,-0.223176,-0.651451,-0.264804,0.675042
2080066870,3,-0.220456,-0.648379,-0.271618,0.676185
2080066880,3,-0.218029,-0.645779,-0.278021,0.676857
2080066890,3,-0.215967,-0.643743,-0.283992,0.676979
2080066900,3,-0.214294,-0.64234,-0.289501,0.676509
2080066910,3,-0.213017,-0.64159,-0.294525,0.675454
2080066920,3,-0.212157,-0.641475,-0.29905,0.673844
2080066930,3,-0.211694,-0.641931,-0.303088,0.671749
2080066940,3,-0.211624,-0.642891,-0.306603,0.669253
2080066950,3,-0.211923,-0.644297,-0.309573,0.666433
2080066960,3,-0.212605,-0.646088,-0.311951,0.663366
2080066970,3,-0.213657,-0.648225,-0.313718,0.660102
2080066980,3,-0.215067,-0.650664,-0.31487,0.656687
2080066991,3,-0.216813,-0.653346,-0.315408,0.653182
2080067001,3,-0.218845,-0.656219,-0.315347,0.649645
2080067011,3,-0.221095,-0.659232,-0.314691,0.646141
2080067021,3,-0.223498,-0.662312,-0.313494,0.642737
2080067031,3,-0.225972,-0.665394,-0.311795,0.639507
2080067041,3,-0.229022,-0.668793,-0.309011,0.63622
2080067051,3,-0.232079,-0.672074,-0.30573,0.633232
2080067061,3,-0.235048,-0.675174,-0.302022,0.630614
2080067071,3,-0.237881,-0.678034,-0.297945,0.628419
2080067081,3,-0.240506,-0.680581,-0.293571,0.626722
2080067091,3,-0.242199,-0.682369,-0.289723,0.625916
2080067101,3,-0.24366,-0.683851,-0.285653,0.625603
2080067111,3,-0.24491,-0.685049,-0.281405,0.625728
2080067122,3,-0.245932,-0.686002,-0.276993,0.626252
2080067132,3,-0.24675,-0.686719,-0.272455,0.627134
2080067142,3,-0.247326,-0.687205,-0.267849,0.628358
2080067152,3,-0.247656,-0.687458,-0.263214,0.629908
2080067162,3,-0.247712,-0.687486,-0.25859,0.631768
2080067172,3,-0.247506,-0.687318,-0.254001,0.63389
2080067182,3,-0.247064,-0.686999,-0.249464,0.636206
2080067192,3,-0.246375,-0.686588,-0.244982,0.638654
2080067202,3,-0.245475,-0.686128,-0.240584,0.641162
2080067212,3,-0.244391,-0.685682,-0.236263,0.643654
2080067222,3,-0.24315,-0.685312,-0.232014,0.646059
2080067232,3,-0.242,-0.684827,-0.227607,0.648569
2080067242,3,-0.240658,-0.684448,-0.223357,0.650941
2080067252,3,-0.239113,-0.684202,-0.21927,0.653155
2080067263,3,-0.237903,-0.684855,-0.214746,0.654415
2080067273,3,-0.236869,-0.68594,-0.209948,0.65521
2080067283,3,-0.236042,-0.687502,-0.204841,0.655488
2080067293,3,-0.235415,-0.689565,-0.199434,0.655213
2080067303,3,-0.234973,-0.692142,-0.193762,0.654356
2080067313,3,-0.234693,-0.695219,-0.187891,0.652906
2080067323,3,-0.234544,-0.698774,-0.181859,0.650868
2080067333,3,-0.234442,-0.702769,-0.175784,0.648268
2080067343,3,-0.234313,-0.707114,-0.169762,0.645188
2080067353,3,-0.23404,-0.711702,-0.163922,0.641742
2080067363,3,-0.233517,-0.716392,-0.158386,0.638094
2080067373,3,-0.232975,-0.720831,-0.152896,0.634623
2080067383,3,-0.232056,-0.725228,-0.147886,0.631128
2080067394,3,-0.230639,-0.729394,-0.143505,0.627849
2080067404,3,-0.228659,-0.733202,-0.139839,0.624959
2080067414,3,-0.226076,-0.736551,-0.13694,0.622598
2080067424,3,-0.222935,-0.739384,-0.134754,0.620847
2080067434,3,-0.219354,-0.74173,-0.133164,0.619667
2080067444,3,-0.215433,-0.743613,-0.132034,0.619027
2080067454,3,-0.211239,-0.745118,-0.131297,0.618819
2080067464,3,-0.207181,-0.746793,-0.130451,0.618351
2080067474,3,-0.203086,-0.748302,-0.1297,0.618042
2080067484,3,-0.199009,-0.749662,-0.128996,0.617868
2080067494,3,-0.194993,-0.75087,-0.12828,0.617831
2080067504,3,-0.191079,-0.751894,-0.127536,0.617962
2080067514,3,-0.18728,-0.752724,-0.126754,0.618275
2080067525,3,-0.183598,-0.75336,-0.125931,0.618773
2080067535,3,-0.180049,-0.753831,-0.125064,0.619418
2080067545,3,-0.176631,-0.754181,-0.124143,0.620161
2080067555,3,-0.173355,-0.754467,-0.123165,0.620932
2080067565,3,-0.170251,-0.754758,-0.122118,0.621644
2080067575,3,-0.167359,-0.755116,-0.120962,0.62222
2080067585,3,-0.164703,-0.755596,-0.119686,0.622593
2080067595,3,-0.162337,-0.756271,-0.118229,0.622672
2080067605,3,-0.160295,-0.757189,-0.116555,0.622402
2080067615,3,-0.158573,-0.758376,-0.114628,0.621755
2080067625,3,-0.157189,-0.759812,-0.112485,0.620743
2080067635,3,-0.156188,-0.761446,-0.110106,0.619419
2080067645,3,-0.155595,-0.763195,-0.107494,0.617873
2080067655,3,-0.1545,-0.764071,-0.10578,0.61736
2080067666,3,-0.153821,-0.765018,-0.103895,0.616677
2080067676,3,-0.153634,-0.765981,-0.101744,0.615887
2080067686,3,-0.153913,-0.766784,-0.09932,0.615214
2080067696,3,-0.154669,-0.767387,-0.09658,0.614708
2080067706,3,-0.156564,-0.768323,-0.092647,0.613663
2080067716,3,-0.158657,-0.769023,-0.088609,0.612844
2080067726,3,-0.160833,-0.769458,-0.08454,0.612306
2080067736,3,-0.16303,-0.769558,-0.080522,0.61214
2080067746,3,-0.165175,-0.769256,-0.076644,0.612443
2080067756,3,-0.167214,-0.768503,-0.073004,0.61328
2080067766,3,-0.169114,-0.767262,-0.069715,0.614693
2080067776,3,-0.170824,-0.765518,-0.066868,0.616707
2080067786,3,-0.172332,-0.76332,-0.06451,0.619259
2080067797,3,-0.173655,-0.760757,-0.062624,0.62223
2080067807,3,-0.174811,-0.757988,-0.061157,0.625423
2080067817,3,-0.175815,-0.75519,-0.060048,0.628625
2080067827,3,-0.176675,-0.752481,-0.059223,0.631703
2080067837,3,-0.177407,-0.749936,-0.058639,0.634573
2080067847,3,-0.178036,-0.747585,-0.058272,0.637199
2080067857,3,-0.178582,-0.745446,-0.05806,0.639567
2080067867,3,-0.179062,-0.743583,-0.057942,0.64161
2080067877,3,-0.179476,-0.742115,-0.057832,0.643201
2080067887,3,-0.178826,-0.739976,-0.058645,0.645767
2080067897,3,-0.178159,-0.738358,-0.059357,0.647736
2080067907,3,-0.177486,-0.737377,-0.060053,0.648973
2080067917,3,-0.1774,-0.737968,-0.060283,0.648303
2080067928,3,-0.177218,-0.738848,-0.06074,0.647307
2080067938,3,-0.176972,-0.739864,-0.061471,0.646143
2080067948,3,-0.176668,-0.740844,-0.062524,0.645002
2080067958,3,-0.176321,-0.74162,-0.063921,0.644068
2080067968,3,-0.175867,-0.742081,-0.065657,0.643486
2080067978,3,-0.175218,-0.742121,-0.067751,0.6434
2080067988,3,-0.174276,-0.741652,-0.07031,0.643922
2080067998,3,-0.172986,-0.740601,-0.073409,0.645132
2080068008,3,-0.171617,-0.739577,-0.076799,0.646277
2080068018,3,-0.169816,-0.737867,-0.080807,0.648216
2080068028,3,-0.167537,-0.735399,-0.085433,0.651014
2080068038,3,-0.164794,-0.732263,-0.090592,0.654542
2080068048,3,-0.161607,-0.728572,-0.096235,0.658638
2080068058,3,-0.15801,-0.724479,-0.102295,0.663097
2080068069,3,-0.153995,-0.7201,-0.108751,0.667768
2080068079,3,-0.149617,-0.715482,-0.115551,0.672567
2080068089,3,-0.144975,-0.71067,-0.122578,0.677424
2080068099,3,-0.14016,-0.705655,-0.129724,0.682332
2080068109,3,-0.13529,-0.700421,-0.136877,0.687291
2080068119,3,-0.130496,-0.694984,-0.143918,0.692282
2080068129,3,-0.125933,-0.689366,-0.150727,0.697277
2080068139,3,-0.121929,-0.683501,-0.157015,0.702357
2080068149,3,-0.118427,-0.677898,-0.162907,0.707029
2080068159,3,-0.115441,-0.672709,-0.168398,0.71118
2080068169,3,-0.112987,-0.66804,-0.173511,0.714737
2080068179,3,-0.111071,-0.663966,-0.178313,0.717646
2080068189,3,-0.109679,-0.660559,-0.18283,0.719864
2080068200,3,-0.108782,-0.657848,-0.18708,0.721389
2080068210,3,-0.108365,-0.655869,-0.191065,0.722209
2080068220,3,-0.108392,-0.654604,-0.194783,0.72236
2080068230,3,-0.108843,-0.654014,-0.198244,0.721884
2080068240,3,-0.109682,-0.654081,-0.20145,0.720808
2080068250,3,-0.110852,-0.654747,-0.20441,0.719189
2080068260,3,-0.1123,-0.655977,-0.207129,0.717063
2080068270,3,-0.113985,-0.657744,-0.209596,0.714457
2080068280,3,-0.11589,-0.660033,-0.211803,0.711382
2080068290,3,-0.117998,-0.662799,-0.213737,0.707877
2080068300,3,-0.120278,-0.665956,-0.215367,0.704025
2080068310,3,-0.122705,-0.669395,-0.216671,0.699933
2080068320,3,-0.126001,-0.673526,-0.216848,0.695314
2080068331,3,-0.129324,-0.677811,-0.216659,0.690583
2080068341,3,-0.132611,-0.682126,-0.216128,0.685861
2080068351,3,-0.135832,-0.68636,-0.215236,0.681272
2080068361,3,-0.138987,-0.690472,-0.21396,0.676868
2080068371,3,-0.142032,-0.694424,-0.212293,0.672705
2080068381,3,-0.144892,-0.698137,-0.210292,0.66887
2080068391,3,-0.147525,-0.701554,-0.207978,0.665434
2080068401,3,-0.149189,-0.704112,-0.206156,0.662923
2080068411,3,-0.150627,-0.706302,-0.204028,0.660923
2080068421,3,-0.151806,-0.708072,-0.201635,0.659493
2080068431,3,-0.152728,-0.709379,-0.19903,0.658666
2080068441,3,-0.153367,-0.710201,-0.19625,0.658466
2080068451,3,-0.153728,-0.71052,-0.193324,0.658903
2080068462,3,-0.153818,-0.710344,-0.190279,0.659958
2080068472,3,-0.153685,-0.70974,-0.18713,0.661537
2080068482,3,-0.153381,-0.70879,-0.183869,0.663537
2080068492,3,-0.15298,-0.707599,-0.180464,0.665832
2080068502,3,-0.152552,-0.706271,-0.176903,0.668291
2080068512,3,-0.152492,-0.704912,-0.172809,0.670806
2080068522,3,-0.152393,-0.703477,-0.168655,0.673387
2080068532,3,-0.152307,-0.702043,-0.164403,0.67595
2080068542,3,-0.152305,-0.700958,-0.159978,0.678135
2080068552,3,-0.152526,-0.700162,-0.155279,0.679997
2080068562,3,-0.152994,-0.699753,-0.150272,0.681436
2080068572,3,-0.153731,-0.699831,-0.14496,0.68234
2080068582,3,-0.154725,-0.700466,-0.139333,0.682636
2080068592,3,-0.155944,-0.701703,-0.133423,0.68227
2080068603,3,-0.157342,-0.703575,-0.127248,0.681199
2080068613,3,-0.158871,-0.706104,-0.120863,0.679387
2080068623,3,-0.16048,-0.70927,-0.114314,0.67684
2080068633,3,-0.162095,-0.71303,-0.107685,0.673584
2080068643,3,-0.163638,-0.717296,-0.101059,0.669697
2080068653,3,-0.165031,-0.721956,-0.094539,0.665286
2080068663,3,-0.166214,-0.726374,-0.088179,0.661042
2080068673,3,-0.167178,-0.731088,-0.082095,0.65637
2080068683,3,-0.1678,-0.735844,-0.076461,0.651559
2080068693,3,-0.167994,-0.740419,-0.071422,0.646881
2080068703,3,-0.167692,-0.744646,-0.067084,0.642557
2080068713,3,-0.166886,-0.748419,-0.063455,0.638741
2080068723,3,-0.16566,-0.75175,-0.060459,0.63543
2080068734,3,-0.164115,-0.754662,-0.05799,0.632604
2080068744,3,-0.162975,-0.757593,-0.055225,0.629636
2080068754,3,-0.161851,-0.760336,-0.052605,0.626837
2080068764,3,-0.160773,-0.762911,-0.050052,0.62419
2080068774,3,-0.159789,-0.765301,-0.047537,0.621707
2080068784,3,-0.158902,-0.767481,-0.045021,0.619431
2080068794,3,-0.158145,-0.769391,-0.042498,0.61743
2080068804,3,-0.157489,-0.770939,-0.040019,0.615831
2080068814,3,-0.156905,-0.772057,-0.03759,0.614731
2080068824,3,-0.156395,-0.772688,-0.035265,0.614206
2080068834,3,-0.155897,-0.772788,-0.033092,0.614327
2080068844,3,-0.154647,-0.772241,-0.032022,0.615388
2080068854,3,-0.154122,-0.771419,-0.030232,0.616639
2080068865,3,-0.153576,-0.770315,-0.028634,0.61823
2080068875,3,-0.153025,-0.769062,-0.027206,0.619989
2080068885,3,-0.152479,-0.767844,-0.025917,0.621685
2080068895,3,-0.151958,-0.766887,-0.024695,0.623042
2080068905,3,-0.151445,-0.766402,-0.023465,0.623811
2080068915,3,-0.15093,-0.766499,-0.022209,0.623863
2080068925,3,-0.150378,-0.767204,-0.020926,0.623174
2080068935,3,-0.148843,-0.766847,-0.020497,0.623995
2080068945,3,-0.147317,-0.76719,-0.020078,0.623949
2080068955,3,-0.14575,-0.768056,-0.019795,0.62326
2080068965,3,-0.144095,-0.769197,-0.019725,0.622239
2080068975,3,-0.142346,-0.770351,-0.019833,0.62121
2080068985,3,-0.141622,-0.772093,-0.018872,0.61924
2080068995,3,-0.14101,-0.773683,-0.017795,0.617424
2080069006,3,-0.140581,-0.7751,-0.016531,0.615778
2080069016,3,-0.140381,-0.776293,-0.015005,0.614359
2080069026,3,-0.140406,-0.77722,-0.013199,0.61322
2080069036,3,-0.140641,-0.777722,-0.011164,0.612571
2080069046,3,-0.141024,-0.77758,-0.009077,0.612697
2080069056,3,-0.141469,-0.776626,-0.007111,0.61383
2080069066,3,-0.141903,-0.774769,-0.005449,0.616088
2080069076,3,-0.142251,-0.77203,-0.004189,0.619448
2080069086,3,-0.142469,-0.768564,-0.00338,0.623697
2080069096,3,-0.142541,-0.764586,-0.003005,0.628554
2080069106,3,-0.142453,-0.76036,-0.003022,0.633679
2080069116,3,-0.142186,-0.756079,-0.003367,0.638838
2080069126,3,-0.14169,-0.751939,-0.004004,0.643812
2080069137,3,-0.140898,-0.748129,-0.004914,0.648402
2080069147,3,-0.139698,-0.74486,-0.006127,0.652403
2080069157,3,-0.137992,-0.742326,-0.007657,0.65563
2080069167,3,-0.135388,-0.739101,-0.009628,0.659777
2080069177,3,-0.132398,-0.736702,-0.011883,0.663022
2080069187,3,-0.129253,-0.736464,-0.014524,0.663854
2080069197,3,-0.125838,-0.736763,-0.017515,0.664106
2080069207,3,-0.122279,-0.737381,-0.020826,0.663989
2080069217,3,-0.11867,-0.738081,-0.02444,0.663743
2080069227,3,-0.115087,-0.738609,-0.028331,0.663632
2080069237,3,-0.111599,-0.738699,-0.032446,0.663939
2080069247,3,-0.108235,-0.738136,-0.036702,0.6649
2080069257,3,-0.10499,-0.736833,-0.041002,0.666612
2080069268,3,-0.101834,-0.734706,-0.045276,0.669168
2080069278,3,-0.098705,-0.731751,-0.049546,0.672563
2080069288,3,-0.095634,-0.72923,-0.053887,0.675406
2080069298,3,-0.092677,-0.725823,-0.058149,0.679124
2080069308,3,-0.089646,-0.72163,-0.062567,0.683592
2080069318,3,-0.086381,-0.716768,-0.067295,0.688659
2080069328,3,-0.082917,-0.711402,-0.072285,0.694122
2080069338,3,-0.079304,-0.705662,-0.077482,0.699819
2080069348,3,-0.075621,-0.699591,-0.082842,0.705683
2080069358,3,-0.071958,-0.693331,-0.088293,0.71156
2080069368,3,-0.068344,-0.686934,-0.093805,0.717391
2080069378,3,-0.064878,-0.680493,-0.099313,0.723088
2080069388,3,-0.061635,-0.67412,-0.104754,0.728553
2080069398,3,-0.058606,-0.667469,-0.110184,0.734104
2080069409,3,-0.055982,-0.661239,-0.115425,0.739124
2080069419,3,-0.053787,-0.655558,-0.120504,0.743524
2080069429,3,-0.052029,-0.650548,-0.125474,0.747218
2080069439,3,-0.050694,-0.646337,-0.130379,0.750119
2080069449,3,-0.049759,-0.643005,-0.135245,0.752181
2080069459,3,-0.049248,-0.640624,-0.140066,0.753363
2080069469,3,-0.04918,-0.639256,-0.1448,0.753634
2080069479,3,-0.049617,-0.638918,-0.149373,0.752999
2080069489,3,-0.050567,-0.639586,-0.153784,0.75148
2080069499,3,-0.052014,-0.641222,-0.157978,0.749113
2080069509,3,-0.05392,-0.643742,-0.161958,0.74596
2080069519,3,-0.056243,-0.647056,-0.165677,0.742095
2080069529,3,-0.058956,-0.651032,-0.169108,0.737619
2080069540,3,-0.062011,-0.655499,-0.172187,0.732684
2080069550,3,-0.065384,-0.660297,-0.174854,0.727432
2080069560,3,-0.069013,-0.66529,-0.177051,0.721996
2080069570,3,-0.073345,-0.671322,-0.178161,0.715684
2080069580,3,-0.07786,-0.67732,-0.178696,0.709395
2080069590,3,-0.08247,-0.68318,-0.178661,0.703237
2080069600,3,-0.087154,-0.688864,-0.178044,0.697259
2080069610,3,-0.09184,-0.69433,-0.176827,0.691521
2080069620,3,-0.096452,-0.699517,-0.175068,0.686092
2080069630,3,-0.099908,-0.703445,-0.173919,0.68186
2080069640,3,-0.102983,-0.706873,-0.172488,0.678212
2080069650,3,-0.105682,-0.709742,-0.170837,0.675212
2080069660,3,-0.108016,-0.712039,-0.16896,0.672892
2080069671,3,-0.109973,-0.713773,-0.166889,0.671253
2080069681,3,-0.111564,-0.714955,-0.164661,0.670282
2080069691,3,-0.112772,-0.715617,-0.162308,0.669948
2080069701,3,-0.113584,-0.715767,-0.159873,0.670235
2080069711,3,-0.114014,-0.715444,-0.157368,0.671099
2080069721,3,-0.114123,-0.714713,-0.154779,0.672461
2080069731,3,-0.113975,-0.713674,-0.152102,0.674198
2080069741,3,-0.113635,-0.712441,-0.149311,0.67618
2080069751,3,-0.113236,-0.711119,-0.14638,0.678276
2080069761,3,-0.112869,-0.709793,-0.143248,0.680391
2080069771,3,-0.112882,-0.708457,-0.139618,0.682533
2080069781,3,-0.112931,-0.707146,-0.1359,0.684632
2080069791,3,-0.11315,-0.706506,-0.131963,0.686025
2080069801,3,-0.113693,-0.70637,-0.127697,0.686882
2080069812,3,-0.114607,-0.706866,-0.123067,0.687065
2080069822,3,-0.115869,-0.708099,-0.118093,0.686457
2080069832,3,-0.117448,-0.71015,-0.112779,0.684961
2080069842,3,-0.119295,-0.713095,-0.107147,0.682482
2080069852,3,-0.121362,-0.716957,-0.101248,0.678963
2080069862,3,-0.123585,-0.721715,-0.095126,0.674392
2080069872,3,-0.125869,-0.727276,-0.088861,0.668827
2080069882,3,-0.128092,-0.733488,-0.082589,0.662393
2080069892,3,-0.130137,-0.740107,-0.076464,0.65533
2080069902,3,-0.131858,-0.746832,-0.070664,0.647967
2080069912,3,-0.133729,-0.753259,-0.064646,0.640731
2080069922,3,-0.134996,-0.759409,-0.059279,0.633686
2080069932,3,-0.135536,-0.764895,-0.054706,0.627352
2080069943,3,-0.1352,-0.769589,-0.051109,0.621965
2080069953,3,-0.13415,-0.773462,-0.048302,0.617596
2080069963,3,-0.132477,-0.776566,-0.046157,0.614218
2080069973,3,-0.130315,-0.779019,-0.044526,0.611689
2080069983,3,-0.128197,-0.781438,-0.042772,0.609171
2080069993,3,-0.125918,-0.783519,-0.041072,0.607087
2080070003,3,-0.123576,-0.785312,-0.039347,0.605363
2080070013,3,-0.12122,-0.786842,-0.037548,0.603966
2080070023,3,-0.118897,-0.788088,-0.035628,0.602917
2080070033,3,-0.116653,-0.788999,-0.033566,0.602283
2080070043,3,-0.114512,-0.789528,-0.031355,0.602119
2080070053,3,-0.112504,-0.789662,-0.02901,0.60244
2080070063,3,-0.110648,-0.789395,-0.026542,0.603246
2080070074,3,-0.108946,-0.788785,-0.023974,0.604461
2080070084,3,-0.10737,-0.787893,-0.02136,0.606002
2080070094,3,-0.104998,-0.785727,-0.019618,0.60928
2080070104,3,-0.102643,-0.783394,-0.017657,0.612736
2080070114,3,-0.100255,-0.781149,-0.015468,0.616047
2080070124,3,-0.097779,-0.779094,-0.013109,0.619094
2080070134,3,-0.09515,-0.777375,-0.010665,0.621706
2080070144,3,-0.092444,-0.776154,-0.008087,0.623677
2080070154,3,-0.089752,-0.775448,-0.005372,0.624976
2080070164,3,-0.087128,-0.775188,-0.002504,0.625687
2080070174,3,-0.084615,-0.775266,4.72E-4,0.62594
2080070184,3,-0.082257,-0.775613,0.003598,0.625815
2080070194,3,-0.079963,-0.776149,0.006683,0.625422
2080070204,3,-0.077688,-0.776657,0.009696,0.625039
2080070215,3,-0.076451,-0.77777,0.013814,0.623728
2080070225,3,-0.075372,-0.778703,0.018052,0.622586
2080070235,3,-0.074444,-0.779473,0.022421,0.621591
2080070245,3,-0.07367,-0.780041,0.026908,0.620793
2080070255,3,-0.073042,-0.780307,0.03145,0.620319
2080070265,3,-0.072547,-0.780159,0.035955,0.620318
2080070275,3,-0.072162,-0.779484,0.04034,0.620942
2080070285,3,-0.071868,-0.778204,0.044492,0.622297
2080070295,3,-0.071625,-0.776231,0.048285,0.624502
2080070305,3,-0.071364,-0.773527,0.051616,0.627613
2080070315,3,-0.071036,-0.770132,0.05442,0.631576
2080070325,3,-0.07063,-0.766154,0.056721,0.636239
2080070335,3,-0.07013,-0.761785,0.058558,0.641354
2080070346,3,-0.069532,-0.757234,0.059964,0.646657
2080070356,3,-0.068831,-0.752669,0.060999,0.651943
2080070366,3,-0.068051,-0.748215,0.061733,0.657062
2080070376,3,-0.066129,-0.743463,0.061108,0.662687
2080070386,3,-0.064138,-0.738984,0.060255,0.66795
2080070396,3,-0.062111,-0.734853,0.059198,0.672775
2080070406,3,-0.060118,-0.730873,0.058141,0.677369
2080070416,3,-0.05819,-0.727382,0.057139,0.681369
2080070426,3,-0.056311,-0.724628,0.056152,0.684536
2080070436,3,-0.054686,-0.72365,0.055133,0.685783
2080070446,3,-0.052806,-0.7233,0.05361,0.68642
2080070456,3,-0.050697,-0.723432,0.051532,0.6866
2080070466,3,-0.048435,-0.723862,0.048897,0.686502
2080070477,3,-0.046089,-0.724406,0.045773,0.686306
2080070487,3,-0.043722,-0.724843,0.042274,0.686223
2080070497,3,-0.040983,-0.725879,0.037965,0.685549
2080070507,3,-0.038353,-0.726647,0.033502,0.68512
2080070517,3,-0.035858,-0.726903,0.028964,0.685191
2080070527,3,-0.033437,-0.726515,0.024295,0.685905
2080070537,3,-0.030957,-0.725346,0.019349,0.687415
2080070547,3,-0.02828,-0.723297,0.014017,0.689814
2080070557,3,-0.025328,-0.720357,0.008274,0.69309
2080070567,3,-0.022165,-0.716671,0.002224,0.697054
2080070577,3,-0.018802,-0.712378,-0.004088,0.701531
2080070587,3,-0.015297,-0.707613,-0.010594,0.706355
2080070597,3,-0.011693,-0.702541,-0.017286,0.711337
2080070608,3,-0.008018,-0.697283,-0.024136,0.716344
2080070618,3,-0.004293,-0.691934,-0.031153,0.721275
2080070628,3,0.0,-0.685944,-0.038779,0.726619
2080070638,3,0.003921,-0.68011,-0.046368,0.731631
2080070648,3,0.007635,-0.674545,-0.053856,0.736227
2080070658,3,0.011001,-0.66939,-0.061208,0.740302
2080070668,3,0.013928,-0.664782,-0.0684,0.743768
2080070678,3,0.016372,-0.660862,-0.075444,0.746526
2080070688,3,0.018313,-0.65775,-0.082283,0.748503
2080070698,3,0.019733,-0.655526,-0.088931,0.749658
2080070708,3,0.020614,-0.654203,-0.095389,0.749995
2080070718,3,0.020954,-0.653772,-0.101636,0.749541
2080070728,3,0.020758,-0.654139,-0.107654,0.748385
2080070738,3,0.020055,-0.655193,-0.113403,0.746631
2080070749,3,0.018879,-0.656818,-0.118867,0.744381
2080070759,3,0.01726,-0.658932,-0.124011,0.741708
2080070769,3,0.015244,-0.661435,-0.128797,0.738702
2080070779,3,0.012869,-0.664253,-0.133187,0.735434
2080070789,3,0.010182,-0.667312,-0.137144,0.731971
2080070799,3,0.007205,-0.670535,-0.140619,0.728393
2080070809,3,0.003998,-0.673871,-0.143595,0.724749
2080070819,3,-2.99E-4,-0.678215,-0.145083,0.720398
2080070829,3,-0.004787,-0.682568,-0.145997,0.716073
2080070839,3,-0.009418,-0.686877,-0.146334,0.711826
2080070849,3,-0.014157,-0.691175,-0.146081,0.707627
2080070859,3,-0.018906,-0.695407,-0.14529,0.703521
2080070869,3,-0.02355,-0.699479,-0.143974,0.699603
2080070880,3,-0.026831,-0.702348,-0.143502,0.696702
2080070890,3,-0.029899,-0.704869,-0.142613,0.694209
2080070900,3,-0.032743,-0.707033,-0.141319,0.692142
2080070910,3,-0.035352,-0.708823,-0.139632,0.690523
2080070920,3,-0.0377,-0.71023,-0.137602,0.689359
2080070930,3,-0.039758,-0.711223,-0.135254,0.688685
2080070940,3,-0.041531,-0.711787,-0.132646,0.688505
2080070950,3,-0.042977,-0.711904,-0.129818,0.688833
2080070960,3,-0.044128,-0.711588,-0.126804,0.689648
2080070970,3,-0.045036,-0.710926,-0.123603,0.690852
2080070980,3,-0.045796,-0.710022,-0.120166,0.692337
2080070990,3,-0.046509,-0.708993,-0.116454,0.693976
2080071000,3,-0.047248,-0.707941,-0.112437,0.695661
2080071011,3,-0.048518,-0.707108,-0.107663,0.697174
2080071021,3,-0.049792,-0.706303,-0.102725,0.698643
2080071031,3,-0.051094,-0.705557,-0.09764,0.700031
2080071041,3,-0.052495,-0.70531,-0.092323,0.700897
2080071051,3,-0.054152,-0.705518,-0.086685,0.701282
2080071061,3,-0.056037,-0.706265,-0.080735,0.701092
2080071071,3,-0.058118,-0.707606,-0.074516,0.700258
2080071081,3,-0.060342,-0.709558,-0.068074,0.69875
2080071091,3,-0.062672,-0.712114,-0.061422,0.696557
2080071101,3,-0.065053,-0.715229,-0.05462,0.693708
2080071111,3,-0.067415,-0.718836,-0.047714,0.690255
2080071121,3,-0.069717,-0.722857,-0.040767,0.686261
2080071131,3,-0.071904,-0.727206,-0.033866,0.681801
2080071141,3,-0.073926,-0.731794,-0.027107,0.676961
2080071152,3,-0.075887,-0.736192,-0.020394,0.672194
2080071162,3,-0.077612,-0.740721,-0.013983,0.667167
2080071172,3,-0.079033,-0.745251,-0.008012,0.662034
2080071182,3,-0.080055,-0.749663,-0.002606,0.656953
2080071192,3,-0.080603,-0.75385,0.002078,0.652079
2080071202,3,-0.080662,-0.757736,0.006018,0.647527
2080071212,3,-0.080237,-0.761236,0.009216,0.643424
2080071222,3,-0.079377,-0.76435,0.01172,0.639789
2080071232,3,-0.078206,-0.767076,0.013682,0.636623
2080071242,3,-0.076833,-0.769428,0.015249,0.633911
2080071252,3,-0.075995,-0.771688,0.017287,0.631207
2080071262,3,-0.075157,-0.773675,0.019231,0.628814
2080071272,3,-0.074346,-0.775403,0.02113,0.626718
2080071283,3,-0.073567,-0.776866,0.023002,0.62493
2080071293,3,-0.072817,-0.778039,0.02485,0.623486
2080071303,3,-0.072098,-0.77886,0.026679,0.622468
2080071313,3,-0.071423,-0.779272,0.028461,0.62195
2080071323,3,-0.07075,-0.779233,0.030164,0.621996
2080071333,3,-0.070078,-0.778733,0.031754,0.622619
2080071343,3,-0.069374,-0.777806,0.033199,0.62378
2080071353,3,-0.068651,-0.776532,0.034507,0.625374
2080071363,3,-0.067918,-0.775023,0.035681,0.627258
2080071373,3,-0.067202,-0.7734,0.036768,0.629271
2080071383,3,-0.066533,-0.771774,0.037805,0.631274
2080071393,3,-0.065962,-0.770261,0.038851,0.633116
2080071403,3,-0.065548,-0.768961,0.039949,0.634669
2080071414,3,-0.065294,-0.767956,0.041129,0.635836
2080071424,3,-0.065241,-0.76729,0.042394,0.636561
2080071434,3,-0.064116,-0.765746,0.042453,0.638528
2080071444,3,-0.063232,-0.764628,0.042631,0.639943
2080071454,3,-0.062564,-0.763936,0.042945,0.640813
2080071464,3,-0.06206,-0.763701,0.043323,0.641117
2080071474,3,-0.062854,-0.764833,0.044966,0.639575
2080071484,3,-0.063832,-0.766218,0.046736,0.637691
2080071494,3,-0.065009,-0.767807,0.048652,0.635514
2080071504,3,-0.06639,-0.769521,0.050707,0.633133
2080071514,3,-0.067981,-0.771256,0.052859,0.630672
2080071524,3,-0.069712,-0.772869,0.055031,0.628319
2080071534,3,-0.071519,-0.774196,0.05709,0.626294
2080071544,3,-0.073335,-0.775045,0.058906,0.624865
2080071555,3,-0.075057,-0.775275,0.060378,0.624234
2080071565,3,-0.076584,-0.774796,0.061417,0.624542
2080071575,3,-0.077856,-0.773536,0.061973,0.62589
2080071585,3,-0.078827,-0.771535,0.062031,0.628228
2080071595,3,-0.079488,-0.768895,0.061586,0.631417
2080071605,3,-0.079824,-0.76578,0.060722,0.635232
2080071615,3,-0.079877,-0.762329,0.059546,0.639474
2080071625,3,-0.079689,-0.758623,0.058152,0.644017
2080071635,3,-0.078274,-0.754475,0.05545,0.64928
2080071645,3,-0.076712,-0.750194,0.052665,0.654637
2080071655,3,-0.075008,-0.745816,0.0498,0.660039
2080071665,3,-0.073177,-0.741358,0.04689,0.665458
2080071675,3,-0.072187,-0.737508,0.044894,0.669966
2080071686,3,-0.071001,-0.734102,0.042775,0.67396
2080071696,3,-0.069538,-0.73131,0.040422,0.677285
2080071706,3,-0.06773,-0.729219,0.037732,0.679873
2080071716,3,-0.065541,-0.727839,0.034631,0.681729
2080071726,3,-0.063007,-0.727097,0.031089,0.682929
2080071736,3,-0.060189,-0.726854,0.027111,0.683611
2080071746,3,-0.057188,-0.726904,0.022792,0.683973
2080071756,3,-0.054094,-0.727085,0.018239,0.684169
2080071766,3,-0.05098,-0.727192,0.013561,0.684403
2080071776,3,-0.047484,-0.727769,0.008341,0.684124
2080071786,3,-0.044179,-0.728102,0.003194,0.684035
2080071796,3,-0.041065,-0.727924,-0.001859,0.684423
2080071806,3,-0.038031,-0.727096,-0.006947,0.685445
2080071817,3,-0.035024,-0.725525,-0.012111,0.687196
2080071827,3,-0.031957,-0.723241,-0.01741,0.689635
2080071837,3,-0.028869,-0.720375,-0.022816,0.692607
2080071847,3,-0.025839,-0.717054,-0.028229,0.695965
2080071857,3,-0.022949,-0.713441,-0.033625,0.69953
2080071867,3,-0.020247,-0.709644,-0.038981,0.703189
2080071877,3,-0.017759,-0.70574,-0.044322,0.70686
2080071887,3,-0.01536,-0.701559,-0.049828,0.7107
2080071897,3,-0.013275,-0.697602,-0.0553,0.714224
2080071907,3,-0.011506,-0.693954,-0.060728,0.71736
2080071917,3,-0.010032,-0.690674,-0.066116,0.720067
2080071927,3,-0.008849,-0.687804,-0.071482,0.722313
2080071937,3,-0.007947,-0.685383,-0.076794,0.724078
2080071947,3,-0.00733,-0.683407,-0.082047,0.725375
2080071958,3,-0.00697,-0.68189,-0.087219,0.726201
2080071968,3,-0.006894,-0.680844,-0.092285,0.726558
2080071978,3,-0.007072,-0.680259,-0.09724,0.726458
2080071988,3,-0.007502,-0.680125,-0.10208,0.725915
2080071998,3,-0.008162,-0.680407,-0.106827,0.72496
2080072008,3,-0.009024,-0.681055,-0.111484,0.723638
2080072018,3,-0.010068,-0.682027,-0.116043,0.721991
2080072028,3,-0.011258,-0.683251,-0.120487,0.720086
2080072038,3,-0.012587,-0.684642,-0.124779,0.718008
2080072048,3,-0.015017,-0.686857,-0.127878,0.715295
2080072058,3,-0.017521,-0.689139,-0.130747,0.71252
2080072068,3,-0.020123,-0.69143,-0.133327,0.709748
2080072078,3,-0.022818,-0.693706,-0.135575,0.707014
2080072089,3,-0.025627,-0.695966,-0.137426,0.704334
2080072099,3,-0.028527,-0.698207,-0.138837,0.701724
2080072109,3,-0.031436,-0.700377,-0.139852,0.699231
2080072119,3,-0.034298,-0.702416,-0.140485,0.69692
2080072129,3,-0.03588,-0.703569,-0.141981,0.695373
2080072139,3,-0.037258,-0.704474,-0.143157,0.694142
2080072149,3,-0.038414,-0.705097,-0.144017,0.693268
2080072159,3,-0.039354,-0.70543,-0.144527,0.69277
2080072169,3,-0.040073,-0.705477,-0.144675,0.69265
2080072179,3,-0.040596,-0.70526,-0.144435,0.69289
2080072189,3,-0.040941,-0.704793,-0.143829,0.693471
2080072199,3,-0.041129,-0.704084,-0.142844,0.694383
2080072209,3,-0.041199,-0.703134,-0.14148,0.69562
2080072220,3,-0.041178,-0.701943,-0.139756,0.69717
2080072230,3,-0.041119,-0.700556,-0.137673,0.698982
2080072240,3,-0.041079,-0.699088,-0.135202,0.700933
2080072250,3,-0.04116,-0.697674,-0.132321,0.702884
2080072260,3,-0.042053,-0.696645,-0.128386,0.70458
2080072270,3,-0.043059,-0.695727,-0.124139,0.706185
2080072280,3,-0.044175,-0.694981,-0.119622,0.707629
2080072290,3,-0.045256,-0.694908,-0.114959,0.708405
2080072300,3,-0.046653,-0.695438,-0.109845,0.708606
2080072310,3,-0.048365,-0.696651,-0.104294,0.708138
2080072320,3,-0.050352,-0.698626,-0.098355,0.706902
2080072330,3,-0.05257,-0.701386,-0.092066,0.704852
2080072340,3,-0.054968,-0.704929,-0.085482,0.701958
2080072350,3,-0.057478,-0.709251,-0.078653,0.698191
2080072361,3,-0.060032,-0.714276,-0.071647,0.693593
2080072371,3,-0.06254,-0.719911,-0.064525,0.688224
2080072381,3,-0.06493,-0.726029,-0.057366,0.682183
2080072391,3,-0.067126,-0.732463,-0.050273,0.675621
2080072401,3,-0.069503,-0.738693,-0.042847,0.669077
2080072411,3,-0.071585,-0.745052,-0.035623,0.662196
2080072421,3,-0.073308,-0.751271,-0.028705,0.65528
2080072431,3,-0.074605,-0.757132,-0.022213,0.648607
2080072441,3,-0.075442,-0.762494,-0.016233,0.642376
2080072451,3,-0.075795,-0.767287,-0.010823,0.636716
2080072461,3,-0.075678,-0.771527,-0.006,0.63165
2080072471,3,-0.075149,-0.775266,-0.001717,0.627145
2080072481,3,-0.074284,-0.778574,0.002085,0.623136
2080072492,3,-0.073212,-0.781519,0.005528,0.619545
2080072502,3,-0.07234,-0.784661,0.009057,0.615622
2080072512,3,-0.071418,-0.787482,0.012402,0.61206
2080072522,3,-0.07045,-0.78994,0.015579,0.608923
2080072532,3,-0.06947,-0.791978,0.018602,0.606298
2080072542,3,-0.068521,-0.793555,0.021507,0.604245
2080072552,3,-0.067611,-0.794637,0.024301,0.602818
2080072562,3,-0.066753,-0.79521,0.027003,0.602042
2080072572,3,-0.06593,-0.795308,0.029589,0.601881
2080072582,3,-0.065144,-0.794984,0.032081,0.602268
2080072592,3,-0.064393,-0.794341,0.034452,0.603065
2080072602,3,-0.063666,-0.793499,0.036703,0.604118
2080072612,3,-0.062968,-0.792593,0.038826,0.605246
2080072623,3,-0.062316,-0.791736,0.040864,0.6063
2080072633,3,-0.061707,-0.791049,0.042818,0.607124
2080072643,3,-0.06115,-0.79062,0.044753,0.607599
2080072653,3,-0.060645,-0.790478,0.046699,0.607688
2080072663,3,-0.060194,-0.79059,0.048652,0.607434
2080072673,3,-0.058789,-0.789562,0.049588,0.608831
2080072683,3,-0.057455,-0.788803,0.050522,0.609864
2080072693,3,-0.056146,-0.788175,0.0514,0.610725
2080072703,3,-0.054843,-0.787497,0.052218,0.611647
2080072713,3,-0.053564,-0.786755,0.053042,0.612643
2080072723,3,-0.05234,-0.786018,0.05393,0.613618
2080072733,3,-0.05242,-0.786311,0.056256,0.613026
2080072743,3,-0.052689,-0.786551,0.058767,0.612459
2080072754,3,-0.053182,-0.786656,0.061481,0.612015
2080072764,3,-0.053905,-0.78654,0.064368,0.611804
2080072774,3,-0.054813,-0.786106,0.067334,0.611962
2080072784,3,-0.05586,-0.785248,0.070274,0.612638
2080072794,3,-0.056961,-0.783867,0.073041,0.61398
2080072804,3,-0.058025,-0.781894,0.075508,0.616094
2080072814,3,-0.05894,-0.779339,0.077559,0.618983
2080072824,3,-0.059627,-0.776286,0.079171,0.622539
2080072834,3,-0.06001,-0.772857,0.080337,0.626606
2080072844,3,-0.060054,-0.769201,0.081076,0.630991
2080072854,3,-0.059722,-0.765448,0.081407,0.635527
2080072864,3,-0.059046,-0.761691,0.081387,0.64009
2080072874,3,-0.05805,-0.757963,0.081061,0.644632
2080072884,3,-0.055907,-0.753757,0.079613,0.649912
2080072895,3,-0.053512,-0.749648,0.077935,0.655049
2080072905,3,-0.050925,-0.745564,0.076144,0.660108
2080072915,3,-0.048186,-0.741597,0.0743,0.664974
2080072925,3,-0.045211,-0.737903,0.072285,0.669499
2080072935,3,-0.042011,-0.734619,0.070062,0.673542
2080072945,3,-0.038819,-0.732551,0.067676,0.676225
2080072955,3,-0.035385,-0.730902,0.064931,0.678463
2080072965,3,-0.031779,-0.729621,0.061844,0.680307
2080072975,3,-0.028084,-0.72861,0.058437,0.681852
2080072985,3,-0.024398,-0.727744,0.054799,0.68322
2080072995,3,-0.020789,-0.726909,0.051018,0.68452
2080073005,3,-0.017309,-0.725971,0.047149,0.685888
2080073015,3,-0.013969,-0.724786,0.043183,0.687476
2080073026,3,-0.010726,-0.723255,0.039031,0.689393
2080073036,3,-0.007681,-0.72236,0.034678,0.690603
2080073046,3,-0.00479,-0.720986,0.030154,0.692276
2080073056,3,-0.001906,-0.71908,0.025316,0.694463
2080073066,3,0.00105,-0.716598,0.020113,0.697194
2080073076,3,0.00473,-0.712578,0.013955,0.701437
2080073086,3,0.008497,-0.708103,0.007458,0.706018
2080073096,3,0.011708,-0.704266,0.00128,0.709838
2080073106,3,0.014943,-0.700127,-0.005125,0.713843
2080073116,3,0.018113,-0.695718,-0.011646,0.717991
2080073126,3,0.021185,-0.691101,-0.018198,0.722218
2080073136,3,0.024273,-0.685377,-0.024946,0.727355
2080073146,3,0.027011,-0.679655,-0.031474,0.732358
2080073157,3,0.029304,-0.674076,-0.037721,0.737115
2080073167,3,0.031093,-0.668816,-0.043643,0.741493
2080073177,3,0.032342,-0.66401,-0.049226,0.7454
2080073187,3,0.033061,-0.659804,-0.054513,0.748728
2080073197,3,0.033297,-0.656253,-0.059523,0.751451
2080073207,3,0.033098,-0.653368,-0.064322,0.753576
2080073217,3,0.032479,-0.651149,-0.068946,0.755113
2080073227,3,0.031487,-0.649559,-0.073413,0.756102
2080073237,3,0.030137,-0.648565,-0.077745,0.756578
2080073247,3,0.028466,-0.648144,-0.081976,0.756557
2080073257,3,0.026473,-0.648308,-0.086101,0.756029
2080073267,3,0.024193,-0.649081,-0.090144,0.754971
2080073277,3,0.021653,-0.650487,-0.0941,0.753353
2080073287,3,0.01777,-0.653125,-0.096974,0.750804
2080073298,3,0.013614,-0.656437,-0.09971,0.747637
2080073308,3,0.009304,-0.660365,-0.102351,0.743878
2080073318,3,0.004979,-0.664761,-0.104974,0.739626
2080073328,3,6.79E-4,-0.669451,-0.107536,0.73503
2080073338,3,-0.003583,-0.674351,-0.110013,0.73016
2080073348,3,-0.006924,-0.678751,-0.113193,0.725559
2080073358,3,-0.010337,-0.683301,-0.116057,0.720779
2080073368,3,-0.01462,-0.688645,-0.117704,0.715331
2080073378,3,-0.01892,-0.694029,-0.118926,0.709803
2080073388,3,-0.023203,-0.699355,-0.119714,0.704295
2080073398,3,-0.027414,-0.704489,-0.120073,0.698946
2080073408,3,-0.03048,-0.708508,-0.121118,0.694562
2080073418,3,-0.033344,-0.712141,-0.12179,0.690586
2080073429,3,-0.03604,-0.715354,-0.122063,0.687073
2080073439,3,-0.038542,-0.718118,-0.121945,0.684068
2080073449,3,-0.040868,-0.720453,-0.12144,0.681564
2080073459,3,-0.043029,-0.722353,-0.120549,0.679574
2080073469,3,-0.044994,-0.723814,-0.11931,0.67811
2080073479,3,-0.046773,-0.724821,-0.117722,0.67719
2080073489,3,-0.048352,-0.725388,-0.115796,0.676804
2080073499,3,-0.049751,-0.725523,-0.113545,0.67694
2080073509,3,-0.05103,-0.725283,-0.110912,0.677538
2080073519,3,-0.052252,-0.72477,-0.107916,0.678477
2080073529,3,-0.053469,-0.72408,-0.104544,0.679646
2080073539,3,-0.055145,-0.723342,-0.100362,0.680926
2080073549,3,-0.056789,-0.72247,-0.095964,0.68235
2080073560,3,-0.058442,-0.721512,-0.091342,0.683857
2080073570,3,-0.059975,-0.721241,-0.086651,0.68462
2080073580,3,-0.061632,-0.721449,-0.081708,0.684861
2080073590,3,-0.063398,-0.722276,-0.076532,0.684427
2080073600,3,-0.06524,-0.723818,-0.071143,0.683204
2080073610,3,-0.067143,-0.726115,-0.065539,0.68114
2080073620,3,-0.06905,-0.729127,-0.059727,0.67826
2080073630,3,-0.07094,-0.732764,-0.053714,0.674639
2080073640,3,-0.0728,-0.736883,-0.047536,0.670405
2080073650,3,-0.074592,-0.741347,-0.041212,0.665688
2080073660,3,-0.076337,-0.746021,-0.034791,0.660616
2080073670,3,-0.077992,-0.750791,-0.028308,0.655308
2080073680,3,-0.07952,-0.755509,-0.021847,0.649926
2080073690,3,-0.08077,-0.759769,-0.015553,0.644968
2080073701,3,-0.081819,-0.763786,-0.009372,0.640193
2080073711,3,-0.082557,-0.767403,-0.003456,0.635817
2080073721,3,-0.082839,-0.770521,0.002078,0.632004
2080073731,3,-0.082584,-0.77312,0.007101,0.628819
2080073741,3,-0.081869,-0.775246,0.011634,0.626222
2080073751,3,-0.080776,-0.776962,0.015736,0.624144
2080073761,3,-0.079347,-0.778366,0.019449,0.622471
2080073771,3,-0.077671,-0.779545,0.022849,0.62109
2080073781,3,-0.075851,-0.780493,0.026035,0.619998
2080073791,3,-0.073897,-0.781213,0.029007,0.619195
2080073801,3,-0.071826,-0.781684,0.031744,0.618711
2080073811,3,-0.069647,-0.781869,0.034246,0.618592
2080073821,3,-0.067344,-0.781647,0.036493,0.618999
2080073832,3,-0.064968,-0.780949,0.03853,0.62001
2080073842,3,-0.063283,-0.779833,0.041253,0.621412
2080073852,3,-0.061644,-0.778296,0.043874,0.62332
2080073862,3,-0.060076,-0.776433,0.046393,0.625611
2080073872,3,-0.058587,-0.77433,0.048837,0.628167
2080073882,3,-0.057176,-0.772106,0.051189,0.630842
2080073892,3,-0.055863,-0.769875,0.053463,0.633492
2080073902,3,-0.054654,-0.76774,0.055673,0.635993
2080073912,3,-0.053566,-0.765798,0.057833,0.63823
2080073922,3,-0.052611,-0.7641,0.06,0.640142
2080073932,3,-0.05182,-0.762703,0.062185,0.641662
2080073942,3,-0.051208,-0.761647,0.064445,0.642742
2080073952,3,-0.050812,-0.760958,0.06678,0.64335
2080073963,3,-0.050633,-0.760633,0.069215,0.643492
2080073973,3,-0.050686,-0.760684,0.071721,0.643153
2080073983,3,-0.049561,-0.760087,0.072896,0.643813
2080073993,3,-0.048594,-0.759854,0.0741,0.644025
2080074003,3,-0.047825,-0.759967,0.075392,0.643799
2080074013,3,-0.047278,-0.760441,0.076842,0.643108
2080074023,3,-0.046964,-0.76126,0.078406,0.641972
2080074033,3,-0.046845,-0.762286,0.080004,0.640565
2080074043,3,-0.048104,-0.763785,0.082899,0.638314
2080074053,3,-0.049449,-0.765097,0.085678,0.63627
2080074063,3,-0.050837,-0.766066,0.088232,0.634643
2080074073,3,-0.05218,-0.766569,0.09048,0.63361
2080074083,3,-0.053424,-0.766506,0.092348,0.633313
2080074093,3,-0.054503,-0.765798,0.093815,0.633861
2080074104,3,-0.055393,-0.764443,0.094861,0.635262
2080074114,3,-0.056086,-0.76251,0.095497,0.637426
2080074124,3,-0.056583,-0.760115,0.095746,0.640199
2080074134,3,-0.056856,-0.757425,0.095649,0.64337
2080074144,3,-0.056909,-0.754601,0.095276,0.646731
2080074154,3,-0.056715,-0.751778,0.094648,0.650118
2080074164,3,-0.056271,-0.749036,0.093811,0.653435
2080074174,3,-0.055585,-0.746428,0.092798,0.656614
2080074184,3,-0.054674,-0.743977,0.091632,0.65963
2080074194,3,-0.053544,-0.741708,0.090303,0.662455
2080074204,3,-0.051098,-0.739222,0.087701,0.665768
2080074214,3,-0.048541,-0.736954,0.08502,0.668815
2080074224,3,-0.045864,-0.734809,0.082281,0.6717
2080074235,3,-0.043166,-0.732902,0.079584,0.674282
2080074245,3,-0.040928,-0.732218,0.077221,0.675439
2080074255,3,-0.038353,-0.731985,0.074407,0.676158
2080074265,3,-0.035493,-0.732141,0.071111,0.676499
2080074275,3,-0.032387,-0.732591,0.067322,0.676556
2080074285,3,-0.029054,-0.733189,0.063066,0.67647
2080074295,3,-0.025586,-0.733811,0.05843,0.676352
2080074305,3,-0.022042,-0.734313,0.053508,0.676339
2080074315,3,-0.018457,-0.734536,0.048366,0.676591
2080074325,3,-0.014854,-0.734344,0.043038,0.677248
2080074335,3,-0.011238,-0.733614,0.03754,0.678435
2080074345,3,-0.007607,-0.73334,0.031747,0.679077
2080074355,3,-0.004099,-0.732367,0.025932,0.680403
2080074366,3,-6.22E-4,-0.730641,0.020009,0.682468
2080074376,3,0.002914,-0.728146,0.0139,0.685274
2080074386,3,0.006562,-0.724896,0.007596,0.688784
2080074396,3,0.010311,-0.720936,0.001145,0.692923
2080074406,3,0.014107,-0.716389,-0.005391,0.697536
2080074416,3,0.017891,-0.711335,-0.011933,0.702523
2080074426,3,0.021575,-0.705852,-0.018408,0.70779
2080074436,3,0.025075,-0.700094,-0.024768,0.713179
2080074446,3,0.028608,-0.693527,-0.03127,0.719182
2080074456,3,0.031833,-0.687009,-0.037586,0.724977
2080074466,3,0.034736,-0.680648,-0.04371,0.730479
2080074476,3,0.037295,-0.674576,-0.049652,0.735588
2080074486,3,0.039504,-0.668911,-0.055436,0.740218
2080074497,3,0.041383,-0.66376,-0.061085,0.744296
2080074507,3,0.042897,-0.659204,-0.066624,0.747776
2080074517,3,0.04406,-0.655318,-0.072039,0.750618
2080074527,3,0.044891,-0.652153,-0.077351,0.752793
2080074537,3,0.045377,-0.649735,-0.082558,0.7543
2080074547,3,0.045557,-0.64805,-0.087662,0.755162
2080074557,3,0.045432,-0.64707,-0.092658,0.755413
2080074567,3,0.045003,-0.646754,-0.097516,0.755098
2080074577,3,0.044287,-0.647029,-0.102213,0.754283
2080074587,3,0.043271,-0.64785,-0.106676,0.753018
2080074597,3,0.04197,-0.649204,-0.110877,0.751317
2080074607,3,0.040373,-0.651046,-0.114759,0.749225
2080074617,3,0.038504,-0.653342,-0.11826,0.746776
2080074627,3,0.036377,-0.656055,-0.121353,0.744003
2080074638,3,0.034021,-0.659118,-0.12403,0.74096
2080074648,3,0.031474,-0.662471,-0.126247,0.7377
2080074658,3,0.027714,-0.66708,-0.126868,0.73358
2080074668,3,0.023827,-0.671863,-0.126968,0.729322
2080074678,3,0.019875,-0.676742,-0.12652,0.724994
2080074688,3,0.015923,-0.681586,-0.125594,0.720703
2080074698,3,0.013248,-0.685088,-0.125527,0.71744
2080074708,3,0.010703,-0.688321,-0.125087,0.714459
2080074718,3,0.008317,-0.691205,-0.124298,0.711839
2080074728,3,0.006097,-0.693694,-0.123182,0.709631
2080074738,3,0.004037,-0.695773,-0.121746,0.707856
2080074748,3,0.002131,-0.697446,-0.120028,0.70651
2080074758,3,3.45E-4,-0.698762,-0.118014,0.705552
2080074769,3,-0.001413,-0.699771,-0.115693,0.704934
2080074779,3,-0.003114,-0.700539,-0.113077,0.704591
2080074789,3,-0.004841,-0.701144,-0.110159,0.704441
2080074799,3,-0.006624,-0.701668,-0.106924,0.704403
2080074809,3,-0.008507,-0.702182,-0.1034,0.704397
2080074819,3,-0.010497,-0.70272,-0.09961,0.70438
2080074829,3,-0.012603,-0.703294,-0.095541,0.704336
2080074839,3,-0.015506,-0.704335,-0.090517,0.703901
2080074849,3,-0.018447,-0.705341,-0.085376,0.703465
2080074859,3,-0.0214,-0.706277,-0.08018,0.703054
2080074869,3,-0.024064,-0.70731,-0.075234,0.702475
2080074879,3,-0.026938,-0.708715,-0.070045,0.701491
2080074889,3,-0.030021,-0.710572,-0.064613,0.700007
2080074900,3,-0.033316,-0.712944,-0.058943,0.697944
2080074910,3,-0.036781,-0.715885,-0.053071,0.695225
2080074920,3,-0.040356,-0.719401,-0.047054,0.691822
2080074930,3,-0.043999,-0.72345,-0.040945,0.687754
2080074940,3,-0.047616,-0.727966,-0.034822,0.68307
2080074950,3,-0.051154,-0.732857,-0.028756,0.677846
2080074960,3,-0.054534,-0.73801,-0.022838,0.672194
2080074970,3,-0.057687,-0.7433,-0.01716,0.666244
2080074980,3,-0.060906,-0.748335,-0.011446,0.660418
2080074990,3,-0.063804,-0.75336,-0.006131,0.654476
2080075000,3,-0.066309,-0.758184,-0.001364,0.648658
2080075010,3,-0.068393,-0.762681,0.002834,0.643141
2080075020,3,-0.07001,-0.766773,0.006421,0.638056
2080075030,3,-0.071015,-0.770409,0.009278,0.633513
2080075041,3,-0.071428,-0.773671,0.01144,0.629443
2080075051,3,-0.071385,-0.776519,0.012977,0.625902
2080075061,3,-0.070936,-0.778961,0.013963,0.62289
2080075071,3,-0.070141,-0.780985,0.014486,0.620429
2080075081,3,-0.069429,-0.783077,0.015056,0.617853
2080075091,3,-0.068605,-0.784847,0.015489,0.615684
2080075101,3,-0.067702,-0.786306,0.015868,0.61391
2080075111,3,-0.066784,-0.78746,0.016251,0.612521
2080075121,3,-0.065872,-0.788311,0.016672,0.611512
2080075131,3,-0.065028,-0.788876,0.017188,0.61086
2080075141,3,-0.064263,-0.789167,0.017811,0.610546
2080075151,3,-0.06357,-0.789212,0.018542,0.61054
2080075161,3,-0.062931,-0.789045,0.019348,0.610796
2080075172,3,-0.062337,-0.7888,0.020284,0.611143
2080075182,3,-0.060812,-0.787188,0.020425,0.613366
2080075192,3,-0.059237,-0.785631,0.020859,0.615498
2080075202,3,-0.057637,-0.784338,0.021686,0.617268
2080075212,3,-0.055987,-0.783398,0.02288,0.61857
2080075222,3,-0.054241,-0.782886,0.024402,0.619314
2080075232,3,-0.052397,-0.782812,0.026222,0.619492
2080075242,3,-0.050508,-0.783173,0.028393,0.619097
2080075252,3,-0.048585,-0.7839,0.030823,0.618215
2080075262,3,-0.04663,-0.784802,0.033447,0.617083
2080075272,3,-0.044616,-0.785694,0.036187,0.615941
2080075282,3,-0.042469,-0.786429,0.03892,0.614988
2080075292,3,-0.040198,-0.786934,0.041633,0.614317
2080075303,3,-0.037846,-0.787174,0.04431,0.61397
2080075313,3,-0.035483,-0.787111,0.047049,0.613988
2080075323,3,-0.033171,-0.786934,0.049899,0.61412
2080075333,3,-0.030929,-0.786642,0.052846,0.614364
2080075343,3,-0.028808,-0.786202,0.055896,0.61476
2080075353,3,-0.027797,-0.78586,0.06026,0.614832
2080075363,3,-0.026852,-0.784965,0.064622,0.615574
2080075373,3,-0.025949,-0.783328,0.068822,0.617241
2080075383,3,-0.025076,-0.780828,0.072722,0.619991
2080075393,3,-0.024203,-0.777404,0.076217,0.623896
2080075403,3,-0.023301,-0.773103,0.079217,0.628881
2080075413,3,-0.022348,-0.768116,0.081684,0.634685
2080075423,3,-0.021285,-0.762715,0.083612,0.640953
2080075433,3,-0.020082,-0.757204,0.085042,0.647306
2080075444,3,-0.018737,-0.751855,0.086049,0.65342
2080075454,3,-0.017247,-0.746856,0.086705,0.659082
2080075464,3,-0.015637,-0.742307,0.087079,0.664193
2080075474,3,-0.013096,-0.737471,0.086417,0.669698
2080075484,3,-0.010488,-0.733203,0.08553,0.674527
2080075494,3,-0.007871,-0.729383,0.084443,0.678827
2080075504,3,-0.005387,-0.725897,0.08338,0.682708
2080075514,3,-0.003112,-0.723072,0.082354,0.685838
2080075524,3,-0.001381,-0.721821,0.0815,0.687262
2080075534,3,3.86E-4,-0.721174,0.080269,0.688087
2080075544,3,0.002237,-0.721,0.078651,0.688452
2080075554,3,0.004085,-0.721169,0.076656,0.688492
2080075564,3,0.005925,-0.721535,0.074333,0.688349
2080075575,3,0.007743,-0.721928,0.071737,0.688195
2080075585,3,0.009579,-0.722181,0.068839,0.688203
2080075595,3,0.011435,-0.722057,0.065579,0.688623
2080075605,3,0.013239,-0.722759,0.061885,0.688195
2080075615,3,0.015015,-0.72292,0.057909,0.688336
2080075625,3,0.016795,-0.722382,0.053627,0.689206
2080075635,3,0.018613,-0.721027,0.049057,0.690917
2080075645,3,0.020508,-0.718801,0.044213,0.693505
2080075655,3,0.022539,-0.715768,0.03904,0.696881
2080075665,3,0.024736,-0.712026,0.033515,0.700916
2080075675,3,0.027157,-0.707721,0.027599,0.705429
2080075685,3,0.029807,-0.703049,0.021293,0.710196
2080075695,3,0.032648,-0.698173,0.014651,0.715034
2080075706,3,0.035638,-0.693197,0.007713,0.719824
2080075716,3,0.03874,-0.688199,5.45E-4,0.724486
2080075726,3,0.041868,-0.683262,-0.006703,0.72894
2080075736,3,0.044981,-0.678379,-0.013999,0.733199
2080075746,3,0.048615,-0.672925,-0.021845,0.737787
2080075756,3,0.052063,-0.667739,-0.029531,0.741984
2080075766,3,0.055276,-0.662925,-0.037025,0.745723
2080075776,3,0.05821,-0.658601,-0.04431,0.748927
2080075786,3,0.060849,-0.654864,-0.051398,0.751536
2080075796,3,0.063157,-0.651798,-0.058286,0.753506
2080075806,3,0.065123,-0.649453,-0.06498,0.754815
2080075816,3,0.066728,-0.647857,-0.07148,0.755458
2080075826,3,0.067957,-0.647022,-0.077776,0.755443
2080075836,3,0.068766,-0.646933,-0.083828,0.754798
2080075847,3,0.069152,-0.647544,-0.089597,0.753576
2080075857,3,0.069081,-0.648807,-0.095022,0.751829
2080075867,3,0.068565,-0.650658,-0.100049,0.749621
2080075877,3,0.067617,-0.653026,-0.104644,0.747016
2080075887,3,0.06624,-0.655858,-0.108766,0.744064
2080075897,3,0.064475,-0.659075,-0.112402,0.740829
2080075907,3,0.062382,-0.662621,-0.115553,0.737352
2080075917,3,0.05999,-0.666459,-0.1182,0.733663
2080075927,3,0.057354,-0.670529,-0.120329,0.729808
2080075937,3,0.053323,-0.675776,-0.120659,0.725206
2080075947,3,0.04915,-0.681137,-0.120405,0.720513
2080075957,3,0.04486,-0.686485,-0.119573,0.71584
2080075967,3,0.040546,-0.691738,-0.118191,0.711255
2080075978,3,0.036309,-0.69676,-0.116327,0.706876
2080075988,3,0.032229,-0.701439,-0.114031,0.702809
2080075998,3,0.029695,-0.704696,-0.11287,0.699843
2080076008,3,0.027336,-0.70761,-0.111309,0.697244
2080076018,3,0.025176,-0.710159,-0.109371,0.695037
2080076028,3,0.023243,-0.712304,-0.107085,0.693264
2080076038,3,0.02155,-0.71398,-0.104481,0.69199
2080076048,3,0.020118,-0.715115,-0.101573,0.691294
2080076058,3,0.01894,-0.715673,-0.098386,0.691211
2080076068,3,0.018001,-0.715645,-0.094895,0.691753
2080076078,3,0.017237,-0.715135,-0.091101,0.692809
2080076088,3,0.016521,-0.714301,-0.086942,0.694219
2080076098,3,0.015766,-0.713309,-0.082399,0.69581
2080076109,3,0.014212,-0.712514,-0.076742,0.697303
2080076119,3,0.012616,-0.711685,-0.070846,0.698803
2080076129,3,0.010933,-0.71094,-0.064721,0.700182
2080076139,3,0.009267,-0.710675,-0.058478,0.701024
2080076149,3,0.007312,-0.710796,-0.051864,0.701444
2080076159,3,0.005059,-0.711355,-0.044917,0.701377
2080076169,3,0.002507,-0.712425,-0.037689,0.70073
2080076179,3,-2.99E-4,-0.714105,-0.03025,0.699384
2080076189,3,-0.003225,-0.716447,-0.022647,0.697266
2080076199,3,-0.006255,-0.719483,-0.014975,0.69432
2080076209,3,-0.009286,-0.723187,-0.007283,0.69055
2080076219,3,-0.012254,-0.727475,3.22E-4,0.686023
2080076229,3,-0.015079,-0.732187,0.007885,0.68089
2080076240,3,-0.017729,-0.737143,0.015214,0.675332
2080076250,3,-0.020509,-0.741978,0.022671,0.669726
2080076260,3,-0.022986,-0.746891,0.029732,0.663883
2080076270,3,-0.025119,-0.751626,0.036283,0.65811
2080076280,3,-0.026788,-0.755914,0.042161,0.652762
2080076290,3,-0.027985,-0.759585,0.047327,0.648079
2080076300,3,-0.028736,-0.76262,0.051768,0.64413
2080076310,3,-0.029093,-0.76504,0.055527,0.640923
2080076320,3,-0.029122,-0.76692,0.058679,0.638389
2080076330,3,-0.028931,-0.768372,0.061315,0.636401
2080076340,3,-0.028583,-0.769506,0.063537,0.634826
2080076350,3,-0.0286,-0.770758,0.065904,0.633064
2080076360,3,-0.028624,-0.771835,0.068016,0.631525
2080076370,3,-0.02867,-0.772721,0.069924,0.630229
2080076381,3,-0.028753,-0.773383,0.071646,0.62922
2080076391,3,-0.02889,-0.773766,0.073211,0.628562
2080076401,3,-0.02909,-0.773835,0.074652,0.628299
2080076411,3,-0.029359,-0.773544,0.075966,0.628487
2080076421,3,-0.029699,-0.772888,0.077174,0.62913
2080076431,3,-0.03011,-0.771887,0.07827,0.630204
2080076441,3,-0.030581,-0.770579,0.079257,0.631656
2080076451,3,-0.031132,-0.769023,0.080155,0.633409
2080076461,3,-0.03175,-0.767334,0.080977,0.635321
2080076471,3,-0.032471,-0.765611,0.081745,0.637262
2080076481,3,-0.033323,-0.763957,0.08248,0.639105
2080076491,3,-0.034329,-0.762457,0.083222,0.640744
2080076501,3,-0.035513,-0.761196,0.084019,0.642074
2080076512,3,-0.036896,-0.760224,0.084907,0.64303
2080076522,3,-0.038494,-0.759586,0.085895,0.643559
2080076532,3,-0.040295,-0.759314,0.087012,0.643619
2080076542,3,-0.042289,-0.759449,0.08824,0.643165
2080076552,3,-0.043025,-0.758855,0.088229,0.643819
2080076562,3,-0.043952,-0.758738,0.088399,0.64387
2080076572,3,-0.044982,-0.759128,0.088661,0.643304
2080076582,3,-0.047355,-0.760806,0.090303,0.640918
2080076592,3,-0.049769,-0.762706,0.092053,0.638222
2080076602,3,-0.052209,-0.764754,0.093934,0.635295
2080076612,3,-0.054699,-0.766817,0.095949,0.632291
2080076622,3,-0.05724,-0.768747,0.098074,0.62939
2080076632,3,-0.0598,-0.770362,0.100203,0.626837
2080076643,3,-0.062356,-0.771506,0.102245,0.624848
2080076653,3,-0.064811,-0.772062,0.104122,0.6236
2080076663,3,-0.067054,-0.771938,0.105746,0.623243
2080076673,3,-0.068964,-0.77108,0.107019,0.623878
2080076683,3,-0.070421,-0.769534,0.107832,0.625483
2080076693,3,-0.071342,-0.767433,0.108156,0.6279
2080076703,3,-0.071692,-0.764943,0.108007,0.630917
2080076713,3,-0.071482,-0.762198,0.107455,0.634347
2080076723,3,-0.070771,-0.759285,0.106577,0.638058
2080076733,3,-0.069621,-0.756261,0.105466,0.641948
2080076743,3,-0.066903,-0.752778,0.102965,0.64672
2080076753,3,-0.063852,-0.749246,0.100361,0.651521
2080076763,3,-0.060473,-0.745683,0.097702,0.656317
2080076773,3,-0.056815,-0.74209,0.095071,0.661086
2080076784,3,-0.052986,-0.738662,0.092599,0.665579
2080076794,3,-0.048985,-0.735664,0.090211,0.669522
2080076804,3,-0.045154,-0.734254,0.087957,0.671635
2080076814,3,-0.040905,-0.733356,0.085357,0.673222
2080076824,3,-0.036299,-0.732886,0.082392,0.674367
2080076834,3,-0.031433,-0.732693,0.079089,0.675216
2080076844,3,-0.026373,-0.732636,0.075541,0.6759
2080076854,3,-0.021191,-0.732534,0.0718,0.676601
2080076864,3,-0.015936,-0.732201,0.067951,0.677502
2080076874,3,-0.010589,-0.731477,0.064009,0.678772
2080076884,3,-0.00494,-0.731222,0.059628,0.679509
2080076894,3,6.45E-4,-0.730468,0.055325,0.680701
2080076904,3,0.006257,-0.729031,0.050995,0.682549
2080076915,3,0.012011,-0.726857,0.046545,0.685104
2080076925,3,0.017869,-0.723934,0.042022,0.688355
2080076935,3,0.023818,-0.720328,0.037437,0.692212
2080076945,3,0.029884,-0.716135,0.03275,0.696551
2080076955,3,0.036063,-0.711457,0.027921,0.701247
2080076965,3,0.042358,-0.706426,0.022929,0.706145
2080076975,3,0.048722,-0.701189,0.017786,0.711085
2080076985,3,0.055082,-0.695849,0.012519,0.715962
2080076995,3,0.061392,-0.69048,0.00715,0.720705
2080077005,3,0.067545,-0.685161,0.001734,0.72525
2080077015,3,0.073453,-0.679936,-0.003712,0.729572
2080077025,3,0.079855,-0.674259,-0.009976,0.734096
2080077035,3,0.08591,-0.668993,-0.016221,0.738108
2080077046,3,0.091542,-0.664277,-0.022428,0.74152
2080077056,3,0.096689,-0.660218,-0.028561,0.744276
2080077066,3,0.101289,-0.656915,-0.034571,0.746329
2080077076,3,0.105313,-0.654421,-0.040439,0.747667
2080077086,3,0.108745,-0.652781,-0.046152,0.748278
2080077096,3,0.111591,-0.651988,-0.051733,0.748186
2080077106,3,0.113859,-0.651996,-0.05718,0.74744
2080077116,3,0.115538,-0.652739,-0.062456,0.74611
2080077126,3,0.116627,-0.654111,-0.067499,0.744298
2080077136,3,0.11711,-0.656013,-0.072229,0.742101
2080077146,3,0.116976,-0.658368,-0.076562,0.739598
2080077156,3,0.116237,-0.661119,-0.080412,0.736846
2080077166,3,0.11491,-0.664225,-0.083736,0.733885
2080077176,3,0.113027,-0.667629,-0.086511,0.73076
2080077187,3,0.110644,-0.671286,-0.088722,0.727503
2080077197,3,0.107813,-0.67514,-0.090385,0.724149
2080077207,3,0.104598,-0.679143,-0.091507,0.720728
2080077217,3,0.099919,-0.684194,-0.090819,0.716691
2080077227,3,0.094943,-0.689288,-0.08954,0.712635
2080077237,3,0.089712,-0.694384,-0.087695,0.708584
2080077247,3,0.084311,-0.699347,-0.085324,0.704644
2080077257,3,0.078875,-0.704023,-0.082517,0.700942
2080077267,3,0.074903,-0.70724,-0.081003,0.698311
2080077277,3,0.071052,-0.71003,-0.07922,0.696083
2080077287,3,0.067377,-0.712332,-0.077207,0.694321
2080077297,3,0.063901,-0.714067,-0.075011,0.693107
2080077307,3,0.060648,-0.71519,-0.072649,0.692492
2080077318,3,0.057621,-0.715702,-0.070139,0.692481
2080077328,3,0.054814,-0.715638,-0.067514,0.693036
2080077338,3,0.052125,-0.715099,-0.064751,0.694062
2080077348,3,0.049485,-0.714213,-0.06182,0.695433
2080077358,3,0.046823,-0.713112,-0.058692,0.697017
2080077368,3,0.044053,-0.711937,-0.055358,0.698669
2080077378,3,0.04113,-0.710799,-0.051789,0.700278
2080077388,3,0.037419,-0.709863,-0.047379,0.701747
2080077398,3,0.033603,-0.709009,-0.042885,0.703091
2080077408,3,0.029649,-0.708373,-0.038259,0.704176
2080077418,3,0.025527,-0.708067,-0.033477,0.704889
2080077428,3,0.021345,-0.709027,-0.028549,0.704279
2080077438,3,0.016979,-0.710673,-0.023372,0.702928
2080077449,3,0.012463,-0.71303,-0.017962,0.700792
2080077459,3,0.007837,-0.7161,-0.012341,0.697844
2080077469,3,0.003173,-0.719844,-0.006555,0.694097
2080077479,3,-0.001464,-0.724221,-6.45E-4,0.689565
2080077489,3,-0.006017,-0.729134,0.00534,0.684322
2080077499,3,-0.010395,-0.734473,0.011293,0.678464
2080077509,3,-0.014511,-0.740082,0.017107,0.672142
2080077519,3,-0.018663,-0.74542,0.023099,0.665933
2080077529,3,-0.022442,-0.750856,0.028794,0.659455
2080077539,3,-0.025705,-0.756207,0.034002,0.652942
2080077549,3,-0.028334,-0.761279,0.038556,0.646656
2080077559,3,-0.030309,-0.765898,0.042425,0.640843
2080077569,3,-0.031596,-0.770014,0.045558,0.635613
2080077580,3,-0.03227,-0.773653,0.048055,0.630959
2080077590,3,-0.032416,-0.776858,0.050002,0.626849
2080077600,3,-0.032147,-0.779699,0.051512,0.623203
2080077610,3,-0.031542,-0.7822,0.052693,0.619992
2080077620,3,-0.03067,-0.784389,0.053633,0.617183
2080077630,3,-0.029535,-0.786216,0.054373,0.614845
2080077640,3,-0.028184,-0.787624,0.054981,0.613049
2080077650,3,-0.027487,-0.788856,0.056541,0.611352
2080077660,3,-0.026799,-0.789613,0.058305,0.610239
2080077670,3,-0.026178,-0.789949,0.060331,0.609634
2080077680,3,-0.025646,-0.789946,0.062644,0.609428
2080077690,3,-0.025182,-0.789708,0.065213,0.609486
2080077700,3,-0.024723,-0.789341,0.068004,0.609675
2080077710,3,-0.024213,-0.788946,0.070948,0.609871
2080077721,3,-0.023587,-0.7886,0.073981,0.609983
2080077731,3,-0.022809,-0.788367,0.077054,0.609933
2080077741,3,-0.021863,-0.788306,0.080164,0.609645
2080077751,3,-0.020734,-0.788453,0.083339,0.609069
2080077761,3,-0.019471,-0.788776,0.086605,0.608236
2080077771,3,-0.018134,-0.78924,0.089984,0.607184
2080077781,3,-0.016773,-0.789796,0.093489,0.605969
2080077791,3,-0.015448,-0.790405,0.097125,0.604638
2080077801,3,-0.012853,-0.789908,0.099457,0.604969
2080077811,3,-0.010339,-0.789473,0.101884,0.605181
2080077821,3,-0.007961,-0.789057,0.104457,0.605321
2080077831,3,-0.005761,-0.788597,0.107214,0.605463
2080077841,3,-0.003758,-0.788105,0.110152,0.605591
2080077852,3,-0.001968,-0.787545,0.113224,0.605762
2080077862,3,-3.86E-4,-0.786836,0.116395,0.606085
2080077872,3,-2.44E-4,-0.786446,0.121012,0.605687
2080077882,3,-1.72E-4,-0.785672,0.125538,0.605771
2080077892,3,-2.44E-4,-0.784469,0.129891,0.606412
2080077902,3,-3.45E-4,-0.782787,0.133976,0.607695
2080077912,3,-3.86E-4,-0.780562,0.137652,0.609732
2080077922,3,-3.45E-4,-0.777777,0.140804,0.612565
2080077932,3,0.0,-0.774542,0.143365,0.61606
2080077942,3,5.45E-4,-0.771016,0.145319,0.620013
2080077952,3,0.001348,-0.767342,0.146669,0.624236
2080077962,3,0.002392,-0.763618,0.147476,0.628595
2080077972,3,0.003702,-0.759895,0.147786,0.633012
2080077983,3,0.005304,-0.756215,0.147582,0.637439
2080077993,3,0.00726,-0.752621,0.146842,0.641829
2080078003,3,0.009624,-0.749215,0.145552,0.646063
2080078013,3,0.012447,-0.74612,0.143677,0.650004
2080078023,3,0.015752,-0.743435,0.141203,0.653541
2080078033,3,0.019927,-0.740407,0.137873,0.657564
2080078043,3,0.024412,-0.73787,0.134034,0.661049
2080078053,3,0.028683,-0.736192,0.130117,0.663526
2080078063,3,0.033021,-0.734635,0.125863,0.665867
2080078073,3,0.03732,-0.733098,0.121411,0.668156
2080078083,3,0.041448,-0.731535,0.116905,0.670425
2080078093,3,0.045353,-0.729888,0.112454,0.672725
2080078103,3,0.049008,-0.728127,0.108093,0.675088
2080078113,3,0.052435,-0.726175,0.103764,0.677608
2080078124,3,0.055675,-0.723924,0.099387,0.680408
2080078134,3,0.058781,-0.72126,0.094852,0.683616
2080078144,3,0.061806,-0.718121,0.090108,0.687286
2080078154,3,0.06481,-0.714476,0.085092,0.691435
2080078164,3,0.067397,-0.711575,0.080201,0.694755
2080078174,3,0.069948,-0.708159,0.075095,0.698553
2080078184,3,0.072514,-0.704258,0.069742,0.702778
2080078194,3,0.075157,-0.699893,0.064066,0.707386
2080078204,3,0.077884,-0.695127,0.058081,0.712291
2080078214,3,0.080664,-0.690036,0.051866,0.717393
2080078224,3,0.083465,-0.684667,0.045489,0.72263
2080078234,3,0.086178,-0.679114,0.039076,0.727907
2080078244,3,0.088739,-0.673465,0.03272,0.733142
2080078255,3,0.091552,-0.666829,0.025978,0.739108
2080078265,3,0.094112,-0.660408,0.019407,0.744732
2080078275,3,0.096393,-0.654351,0.01299,0.749909
2080078285,3,0.098377,-0.648825,0.006752,0.754521
2080078295,3,0.100055,-0.643953,6.9E-4,0.758493
2080078305,3,0.101426,-0.639852,-0.005291,0.761756
2080078315,3,0.102491,-0.63658,-0.011137,0.764288
2080078325,3,0.103209,-0.634159,-0.016849,0.766097
2080078335,3,0.10357,-0.632561,-0.022406,0.767226
2080078345,3,0.103548,-0.63176,-0.027752,0.767715
2080078355,3,0.103138,-0.631654,-0.032848,0.767656
2080078365,3,0.102357,-0.632128,-0.037638,0.76715
2080078375,3,0.101207,-0.633095,-0.042079,0.766274
2080078386,3,0.099712,-0.634499,-0.046131,0.765075
2080078396,3,0.097881,-0.63634,-0.049785,0.763552
2080078406,3,0.095743,-0.638627,-0.05304,0.761692
2080078416,3,0.09332,-0.641406,-0.055893,0.75945
2080078426,3,0.090648,-0.644683,-0.058359,0.756809
2080078436,3,0.08778,-0.648452,-0.060466,0.753755
2080078446,3,0.084756,-0.652689,-0.062217,0.750294
2080078456,3,0.080525,-0.658284,-0.062507,0.745835
2080078466,3,0.076217,-0.664234,-0.062408,0.741004
2080078476,3,0.071887,-0.670442,-0.061882,0.735873
2080078486,3,0.067627,-0.676756,-0.060973,0.730554
2080078496,3,0.06445,-0.681949,-0.060773,0.726014
2080078506,3,0.06132,-0.687027,-0.060117,0.721539
2080078516,3,0.058247,-0.691865,-0.058993,0.717251
2080078527,3,0.055252,-0.696373,-0.057408,0.713242
2080078537,3,0.052364,-0.700433,-0.055356,0.709638
2080078547,3,0.049585,-0.703966,-0.052877,0.706523
2080078557,3,0.04692,-0.706947,-0.049975,0.703936
2080078567,3,0.044348,-0.709376,-0.046666,0.701883
2080078577,3,0.041857,-0.711289,-0.042972,0.700334
2080078587,3,0.039391,-0.712757,-0.038916,0.699221
2080078597,3,0.036947,-0.71387,-0.034537,0.698449
2080078607,3,0.034482,-0.714707,-0.029862,0.697934
2080078617,3,0.032002,-0.715357,-0.024962,0.697578
2080078627,3,0.029467,-0.715951,-0.019877,0.697244
2080078637,3,0.026395,-0.716658,-0.014151,0.696781
2080078647,3,0.023383,-0.717298,-0.008468,0.696322
2080078658,3,0.02059,-0.71854,-0.00299,0.695174
2080078668,3,0.017687,-0.720258,0.002592,0.693475
2080078678,3,0.014688,-0.72252,0.008285,0.691143
2080078688,3,0.011617,-0.725348,0.014047,0.688139
2080078698,3,0.008543,-0.728721,0.019854,0.684468
2080078708,3,0.005505,-0.732596,0.025649,0.680157
2080078718,3,0.002572,-0.736903,0.031381,0.675263
2080078728,3,-2.44E-4,-0.74157,0.037011,0.669853
2080078738,3,-0.002799,-0.746483,0.04248,0.66404
2080078748,3,-0.005138,-0.751524,0.047705,0.657957
2080078758,3,-0.007199,-0.756549,0.052621,0.651776
2080078768,3,-0.009182,-0.761205,0.057444,0.645896
2080078778,3,-0.010829,-0.765717,0.061826,0.640106
2080078789,3,-0.012073,-0.769916,0.065649,0.634643
2080078799,3,-0.012783,-0.773656,0.06877,0.629732
2080078809,3,-0.012972,-0.77688,0.071187,0.625476
2080078819,3,-0.012664,-0.77958,0.07294,0.621911
2080078829,3,-0.011921,-0.781825,0.074114,0.618961
2080078839,3,-0.010922,-0.784175,0.074863,0.615909
2080078849,3,-0.00969,-0.786268,0.075276,0.613206
2080078859,3,-0.008243,-0.788121,0.075425,0.610825
2080078869,3,-0.006587,-0.789736,0.075382,0.608761
2080078879,3,-0.004818,-0.791117,0.075221,0.607002
2080078889,3,-0.002965,-0.792254,0.075031,0.605552
2080078899,3,-0.001105,-0.793157,0.074901,0.604392
2080078909,3,6.9E-4,-0.793855,0.074906,0.603475
2080078919,3,0.002328,-0.794374,0.075132,0.602759
2080078930,3,0.003742,-0.794811,0.075681,0.602107
2080078940,3,0.004879,-0.795272,0.076687,0.601363
2080078950,3,0.005761,-0.795789,0.078213,0.600473
2080078960,3,0.006433,-0.796372,0.080245,0.599425
2080078970,3,0.006922,-0.796999,0.082734,0.598247
2080078980,3,0.007291,-0.797598,0.085606,0.597039
2080078990,3,0.007542,-0.798077,0.088796,0.595928
2080079000,3,0.007683,-0.79836,0.09223,0.595025
2080079010,3,0.007741,-0.798393,0.095851,0.594408
2080079020,3,0.007745,-0.798204,0.099577,0.594049
2080079030,3,0.007751,-0.797841,0.103311,0.593898
2080079040,3,0.008504,-0.796253,0.10628,0.595493
2080079050,3,0.009286,-0.794541,0.109202,0.597237
2080079061,3,0.010145,-0.792758,0.11202,0.599067
2080079071,3,0.011206,-0.79096,0.114596,0.600934
2080079081,3,0.011642,-0.790422,0.117675,0.601039
2080079091,3,0.012167,-0.789915,0.120637,0.601108
2080079101,3,0.012777,-0.789413,0.123494,0.601175
2080079111,3,0.013434,-0.788843,0.126258,0.601335
2080079121,3,0.01409,-0.788198,0.128979,0.601588
2080079131,3,0.014683,-0.787403,0.131652,0.602036
2080079141,3,0.015181,-0.786323,0.134222,0.602867
2080079151,3,0.015531,-0.784792,0.136621,0.604313
2080079161,3,0.015697,-0.782709,0.138772,0.606516
2080079171,3,0.015658,-0.780037,0.140603,0.609529
2080079181,3,0.015474,-0.776796,0.142022,0.613332
2080079192,3,0.015186,-0.773072,0.14297,0.617808
2080079202,3,0.014843,-0.769059,0.143438,0.622697
2080079212,3,0.014479,-0.764923,0.143486,0.627769
2080079222,3,0.014103,-0.760788,0.143198,0.632847
2080079232,3,0.013712,-0.756724,0.142655,0.637831
2080079242,3,0.013287,-0.752761,0.141906,0.642678
2080079252,3,0.012829,-0.748922,0.141001,0.647355
2080079262,3,0.013632,-0.744729,0.138635,0.652665
2080079272,3,0.01438,-0.740647,0.136238,0.657779
2080079282,3,0.014973,-0.736702,0.133967,0.662644
2080079292,3,0.01464,-0.734129,0.132486,0.665798
2080079302,3,0.014529,-0.732124,0.130645,0.668366
2080079312,3,0.01468,-0.730656,0.128396,0.670402
2080079323,3,0.015074,-0.729668,0.125674,0.671983
2080079333,3,0.015686,-0.729019,0.122487,0.673262
2080079343,3,0.01648,-0.72858,0.118893,0.674361
2080079353,3,0.017409,-0.728188,0.11493,0.675447
2080079363,3,0.018452,-0.727667,0.110646,0.676695
2080079373,3,0.019635,-0.726852,0.106019,0.678276
2080079383,3,0.021053,-0.726605,0.100816,0.679291
2080079393,3,0.02256,-0.725936,0.095352,0.680746
2080079403,3,0.024264,-0.72465,0.089547,0.682842
2080079413,3,0.026232,-0.722718,0.083394,0.685591
2080079423,3,0.028479,-0.72018,0.076915,0.688921
2080079433,3,0.030997,-0.717045,0.070169,0.692792
2080079443,3,0.033803,-0.713419,0.063137,0.697068
2080079453,3,0.036903,-0.709409,0.055824,0.701611
2080079464,3,0.040238,-0.705118,0.04828,0.706298
2080079474,3,0.043758,-0.700672,0.040564,0.710984
2080079484,3,0.047426,-0.6962,0.032717,0.715531
2080079494,3,0.051143,-0.691809,0.024852,0.719837
2080079504,3,0.054824,-0.68754,0.017032,0.723872
2080079514,3,0.058729,-0.682995,0.009017,0.728001
2080079524,3,0.062484,-0.678718,0.001214,0.731734
2080079534,3,0.066037,-0.674787,-0.006301,0.735025
2080079544,3,0.069353,-0.671277,-0.013501,0.737831
2080079554,3,0.0724,-0.668284,-0.020345,0.740094
2080079564,3,0.075156,-0.665858,-0.026825,0.741798
2080079574,3,0.077595,-0.664055,-0.032929,0.742916
2080079584,3,0.079716,-0.662919,-0.038661,0.74343
2080079595,3,0.081476,-0.662479,-0.044028,0.743332
2080079605,3,0.082884,-0.662727,-0.049005,0.742644
2080079615,3,0.083944,-0.6636,-0.053591,0.741428
2080079625,3,0.084661,-0.665026,-0.057761,0.739754
2080079635,3,0.085037,-0.666915,-0.0615,0.737706
2080079645,3,0.085117,-0.669212,-0.06479,0.735331
2080079655,3,0.084926,-0.671856,-0.067636,0.732681
2080079665,3,0.083543,-0.675542,-0.069024,0.729314
2080079675,3,0.081914,-0.679472,-0.069921,0.725753
2080079685,3,0.080065,-0.68362,-0.070306,0.722018
2080079695,3,0.078063,-0.687956,-0.070231,0.718115
2080079705,3,0.075981,-0.692389,-0.069706,0.714118
2080079715,3,0.073863,-0.696839,-0.068733,0.710094
2080079726,3,0.071776,-0.701189,-0.067349,0.706148
2080079736,3,0.069773,-0.705348,-0.065598,0.702362
2080079746,3,0.067899,-0.709226,-0.063477,0.698825
2080079756,3,0.066144,-0.712781,-0.060984,0.695592
2080079766,3,0.065535,-0.715322,-0.059287,0.693184
2080079776,3,0.06501,-0.717609,-0.057184,0.691042
2080079786,3,0.06459,-0.719616,-0.054707,0.689193
2080079796,3,0.064302,-0.721271,-0.051901,0.687705
2080079806,3,0.064166,-0.722522,-0.048772,0.686633
2080079816,3,0.064161,-0.723326,-0.045333,0.686022
2080079826,3,0.064244,-0.723698,-0.041547,0.685862
2080079836,3,0.064328,-0.723731,-0.037383,0.686058
2080079846,3,0.064312,-0.723564,-0.032801,0.686471
2080079856,3,0.064146,-0.723316,-0.027788,0.686968
2080079867,3,0.063251,-0.723053,-0.021819,0.687544
2080079877,3,0.062236,-0.722725,-0.015604,0.68815
2080079887,3,0.061054,-0.722442,-0.009145,0.688669
2080079897,3,0.059809,-0.723143,-0.002489,0.688098
2080079907,3,0.058257,-0.724429,0.004524,0.686868
2080079917,3,0.056432,-0.726401,0.01185,0.684847
2080079927,3,0.054385,-0.729137,0.019448,0.681925
2080079937,3,0.052166,-0.732632,0.027277,0.678074
2080079947,3,0.049829,-0.736832,0.035299,0.673311
2080079957,3,0.047452,-0.741598,0.043441,0.667751
2080079967,3,0.045108,-0.746756,0.051695,0.661549
2080079977,3,0.042833,-0.752081,0.059974,0.654936
2080079987,3,0.040657,-0.757348,0.068232,0.648161
2080079998,3,0.03861,-0.762349,0.076389,0.64148
2080080008,3,0.03666,-0.766957,0.084428,0.635062
2080080018,3,0.034906,-0.771049,0.09216,0.629102
2080080028,3,0.03337,-0.774475,0.099525,0.623834
2080080038,3,0.032094,-0.777124,0.106418,0.619453
2080080048,3,0.03112,-0.779044,0.112804,0.615951
2080080058,3,0.030468,-0.780377,0.11861,0.6132
2080080068,3,0.029909,-0.781755,0.124059,0.610387
2080080078,3,0.029571,-0.782896,0.12905,0.607902
2080080088,3,0.029428,-0.783814,0.133604,0.605738
2080080098,3,0.029464,-0.784503,0.13774,0.603915
2080080108,3,0.029641,-0.784928,0.141496,0.602483
2080080118,3,0.029939,-0.785047,0.144889,0.601507
2080080129,3,0.030323,-0.784808,0.147959,0.601052
2080080139,3,0.030757,-0.784198,0.150728,0.601139
2080080149,3,0.031186,-0.783207,0.153245,0.601772
2080080159,3,0.031583,-0.781881,0.155548,0.602883
2080080169,3,0.031919,-0.780282,0.157647,0.60439
2080080179,3,0.032168,-0.778489,0.159592,0.606175
2080080189,3,0.032329,-0.7766,0.161407,0.608107
2080080199,3,0.032401,-0.774697,0.163117,0.61007
2080080209,3,0.032367,-0.77289,0.164746,0.611924
2080080219,3,0.032231,-0.771267,0.166298,0.613557
2080080229,3,0.031994,-0.769905,0.1678,0.61487
2080080239,3,0.031656,-0.768851,0.169273,0.615802
2080080249,3,0.031165,-0.768132,0.170737,0.616319
2080080259,3,0.03051,-0.76776,0.172224,0.616401
2080080270,3,0.029678,-0.767747,0.173748,0.616031
2080080280,3,0.030456,-0.766832,0.173617,0.617168
2080080290,3,0.031035,-0.766312,0.173603,0.617789
2080080300,3,0.031417,-0.766178,0.173706,0.617907
2080080310,3,0.031678,-0.766375,0.173865,0.617605
2080080320,3,0.031811,-0.766872,0.17406,0.616925
2080080330,3,0.031871,-0.767608,0.17426,0.61595
2080080340,3,0.03027,-0.769452,0.17608,0.613207
2080080350,3,0.028613,-0.7714,0.177907,0.610304
2080080360,3,0.026934,-0.77338,0.179715,0.607338
2080080370,3,0.025267,-0.77532,0.181463,0.604409
2080080380,3,0.023647,-0.777099,0.183116,0.601686
2080080390,3,0.022124,-0.778595,0.184598,0.599352
2080080401,3,0.020734,-0.779681,0.185862,0.597596
2080080411,3,0.019515,-0.780228,0.186846,0.596616
2080080421,3,0.018536,-0.780173,0.187496,0.596515
2080080431,3,0.017854,-0.779538,0.187787,0.597274
2080080441,3,0.017553,-0.778462,0.187674,0.59872
2080080451,3,0.017705,-0.777119,0.187193,0.600608
2080080461,3,0.018336,-0.775625,0.186375,0.602771
2080080471,3,0.019467,-0.774039,0.185254,0.605115
2080080481,3,0.021057,-0.772345,0.183891,0.607636
2080080491,3,0.023043,-0.770496,0.182351,0.61037
2080080501,3,0.025333,-0.768458,0.180681,0.613338
2080080511,3,0.029197,-0.765645,0.177531,0.617589
2080080521,3,0.033213,-0.762623,0.174391,0.622004
2080080532,3,0.037341,-0.759445,0.171309,0.626498
2080080542,3,0.041524,-0.756177,0.168404,0.63096
2080080552,3,0.045052,-0.754381,0.166136,0.633464
2080080562,3,0.04891,-0.752913,0.16354,0.635596
2080080572,3,0.053088,-0.751711,0.160514,0.637452
2080080582,3,0.057531,-0.750657,0.157085,0.639161
2080080592,3,0.062132,-0.749584,0.153291,0.640908
2080080602,3,0.067397,-0.748439,0.148504,0.642839
2080080612,3,0.072637,-0.747165,0.143476,0.644889
2080080622,3,0.077703,-0.74552,0.138396,0.647308
2080080632,3,0.082512,-0.743351,0.133359,0.650258
2080080642,3,0.08712,-0.740598,0.128295,0.653808
2080080652,3,0.091601,-0.737201,0.12315,0.658009
2080080663,3,0.095987,-0.733198,0.117915,0.662798
2080080673,3,0.100272,-0.728677,0.112597,0.668054
2080080683,3,0.104489,-0.723651,0.10715,0.673743
2080080693,3,0.108645,-0.718185,0.101577,0.67977
2080080703,3,0.112803,-0.712306,0.095809,0.686086
2080080713,3,0.116925,-0.706087,0.089897,0.692594
2080080723,3,0.120966,-0.699667,0.083878,0.69914
2080080733,3,0.124886,-0.693116,0.077826,0.705645
2080080743,3,0.129275,-0.685982,0.071121,0.7125
2080080753,3,0.133523,-0.679015,0.064395,0.719001
2080080763,3,0.137591,-0.672337,0.057681,0.725054
2080080773,3,0.141452,-0.666065,0.050983,0.730581
2080080783,3,0.145078,-0.660307,0.044302,0.735515
2080080793,3,0.148402,-0.655148,0.037648,0.739823
2080080804,3,0.151398,-0.650653,0.031051,0.743481
2080080814,3,0.154032,-0.646866,0.024551,0.746481
2080080824,3,0.156273,-0.643817,0.018162,0.748831
2080080834,3,0.158079,-0.64152,0.011937,0.750546
2080080844,3,0.159432,-0.639978,0.005913,0.751647
2080080854,3,0.160293,-0.639189,0.0,0.752158
2080080864,3,0.160661,-0.639124,-0.005364,0.752116
2080080874,3,0.160552,-0.639742,-0.010544,0.751559
2080080884,3,0.159983,-0.640991,-0.015379,0.750532
2080080894,3,0.159,-0.642795,-0.019872,0.749091
2080080904,3,0.157624,-0.645094,-0.023979,0.747283
2080080914,3,0.155889,-0.647822,-0.027681,0.745156
2080080924,3,0.153802,-0.650923,-0.03092,0.742756
2080080935,3,0.15138,-0.654351,-0.033666,0.740117
2080080945,3,0.148677,-0.658052,-0.035901,0.737274
2080080955,3,0.145738,-0.661963,-0.037618,0.734268
2080080965,3,0.141515,-0.667197,-0.037542,0.73035
2080080975,3,0.13711,-0.67253,-0.036838,0.726323
2080080985,3,0.132633,-0.677801,-0.035567,0.722307
2080080995,3,0.128182,-0.682857,-0.033795,0.718423
2080081005,3,0.125013,-0.686149,-0.032988,0.715879
2080081015,3,0.121915,-0.689035,-0.031699,0.713696
2080081025,3,0.118887,-0.691501,-0.029905,0.711896
2080081035,3,0.115956,-0.693531,-0.027644,0.710495
2080081045,3,0.113125,-0.695108,-0.02494,0.70951
2080081055,3,0.110422,-0.696216,-0.02184,0.708951
2080081066,3,0.107816,-0.696895,-0.018348,0.708784
2080081076,3,0.105265,-0.697206,-0.014473,0.708951
2080081086,3,0.102713,-0.697291,-0.010214,0.709316
2080081096,3,0.100056,-0.697311,-0.005567,0.709728
2080081106,3,0.097263,-0.697433,-5.59E-4,0.710018
2080081116,3,0.094299,-0.697789,0.00477,0.710052
2080081126,3,0.090611,-0.698501,0.010945,0.709764
2080081136,3,0.086807,-0.699406,0.017275,0.709222
2080081146,3,0.082926,-0.700579,0.023709,0.708342
2080081156,3,0.079342,-0.702831,0.029922,0.706284
2080081166,3,0.075693,-0.70574,0.036215,0.703483
2080081176,3,0.072063,-0.70931,0.04253,0.699912
2080081186,3,0.068503,-0.713513,0.048813,0.695573
2080081196,3,0.065091,-0.718272,0.055003,0.690523
2080081207,3,0.061883,-0.723482,0.061057,0.684846
2080081217,3,0.05893,-0.729018,0.066921,0.678661
2080081227,3,0.056262,-0.734726,0.072529,0.672124
2080081237,3,0.053905,-0.740451,0.07784,0.665407
2080081247,3,0.051429,-0.745986,0.08333,0.658722
2080081257,3,0.049338,-0.751335,0.088399,0.652109
2080081267,3,0.047634,-0.756367,0.093021,0.645744
2080081277,3,0.046315,-0.76097,0.097181,0.639792
2080081287,3,0.045348,-0.765085,0.100923,0.634352
2080081297,3,0.044775,-0.768766,0.10421,0.629391
2080081307,3,0.044545,-0.772075,0.107084,0.624858
2080081317,3,0.044587,-0.775058,0.109598,0.620712
2080081327,3,0.044822,-0.777731,0.111812,0.616946
2080081338,3,0.045196,-0.780113,0.113784,0.613541
2080081348,3,0.04566,-0.782201,0.115559,0.610509
2080081358,3,0.045548,-0.784462,0.117864,0.607167
2080081368,3,0.045351,-0.786344,0.120178,0.604286
2080081378,3,0.045024,-0.787825,0.122524,0.601907
2080081388,3,0.044532,-0.788862,0.124933,0.600086
2080081398,3,0.043855,-0.789459,0.127411,0.598829
2080081408,3,0.042985,-0.789635,0.129976,0.598108
2080081418,3,0.041944,-0.789437,0.132609,0.597866
2080081428,3,0.040771,-0.788937,0.135263,0.598012
2080081438,3,0.039485,-0.788204,0.137924,0.598457
2080081448,3,0.038108,-0.787327,0.140563,0.599086
2080081458,3,0.036636,-0.786398,0.1432,0.599773
2080081469,3,0.035069,-0.785508,0.145839,0.600397
2080081479,3,0.033399,-0.784736,0.148482,0.600854
2080081489,3,0.031661,-0.784132,0.151124,0.601078
2080081499,3,0.031109,-0.78236,0.15254,0.603054
2080081509,3,0.03049,-0.780855,0.153948,0.604678
2080081519,3,0.029854,-0.779604,0.15529,0.605979
2080081529,3,0.029194,-0.778587,0.156567,0.606989
2080081539,3,0.028546,-0.777789,0.157768,0.607731
2080081549,3,0.027919,-0.777179,0.158893,0.608247
2080081559,3,0.027326,-0.77679,0.159961,0.608491
2080081569,3,0.026722,-0.776677,0.160995,0.608389
2080081579,3,0.024669,-0.777943,0.163413,0.60621
2080081589,3,0.022583,-0.779314,0.165819,0.603873
2080081599,3,0.02048,-0.780666,0.168198,0.601539
2080081610,3,0.018409,-0.781865,0.170498,0.599397
2080081620,3,0.01638,-0.782742,0.172672,0.597687
2080081630,3,0.014433,-0.783156,0.174673,0.596612
2080081640,3,0.012615,-0.78299,0.176448,0.596348
2080081650,3,0.010956,-0.782208,0.177916,0.596971
2080081660,3,0.009507,-0.780835,0.179053,0.598452
2080081670,3,0.008322,-0.778975,0.179843,0.600653
2080081680,3,0.007419,-0.776726,0.180311,0.603431
2080081690,3,0.006838,-0.774184,0.180481,0.606645
2080081700,3,0.006566,-0.771403,0.180375,0.610211
2080081710,3,0.007802,-0.767958,0.178728,0.615007
2080081720,3,0.009253,-0.764397,0.176857,0.619945
2080081730,3,0.010884,-0.760713,0.174737,0.625031
2080081741,3,0.012704,-0.756839,0.172342,0.630341
2080081751,3,0.01468,-0.752771,0.169686,0.635866
2080081761,3,0.01683,-0.748545,0.166762,0.64155
2080081771,3,0.019152,-0.744169,0.163578,0.647369
2080081781,3,0.021646,-0.739706,0.160153,0.653235
2080081791,3,0.024221,-0.735351,0.156524,0.658917
2080081801,3,0.026927,-0.73121,0.152557,0.664328
2080081811,3,0.029875,-0.72741,0.147982,0.669389
2080081821,3,0.03324,-0.723793,0.142582,0.674305
2080081831,3,0.03709,-0.72031,0.136306,0.679114
2080081841,3,0.041272,-0.716974,0.129305,0.683757
2080081851,3,0.045628,-0.713667,0.121789,0.688305
2080081861,3,0.050123,-0.710195,0.113864,0.692924
2080081872,3,0.054612,-0.706527,0.105703,0.697612
2080081882,3,0.059115,-0.702546,0.09738,0.70246
2080081892,3,0.063608,-0.698208,0.088969,0.707491
2080081902,3,0.068059,-0.693599,0.080561,0.712599
2080081912,3,0.072431,-0.688822,0.072223,0.717678
2080081922,3,0.076719,-0.684009,0.064009,0.722597
2080081932,3,0.080877,-0.679201,0.055939,0.727334
2080081942,3,0.084938,-0.674439,0.048021,0.731853
2080081952,3,0.088853,-0.669749,0.040266,0.736152
2080081962,3,0.092831,-0.664201,0.032436,0.741057
2080081972,3,0.096515,-0.658837,0.024894,0.745652
2080081982,3,0.099866,-0.653732,0.017647,0.749899
2080081992,3,0.102859,-0.648995,0.010706,0.75373
2080082003,3,0.105471,-0.64468,0.00407,0.75713
2080082013,3,0.107714,-0.640847,-0.00226,0.76007
2080082023,3,0.109598,-0.637515,-0.008282,0.762557
2080082033,3,0.11115,-0.634685,-0.014018,0.764606
2080082043,3,0.112383,-0.632358,-0.019453,0.766234
2080082053,3,0.113308,-0.630545,-0.024597,0.767442
2080082063,3,0.113934,-0.629263,-0.029431,0.768231
2080082073,3,0.114263,-0.62853,-0.033944,0.768597
2080082083,3,0.114284,-0.628326,-0.038148,0.768563
2080082093,3,0.114021,-0.628613,-0.042025,0.768165
2080082103,3,0.113494,-0.62935,-0.045608,0.767435
2080082113,3,0.112724,-0.630472,-0.048898,0.766424
2080082123,3,0.111699,-0.632001,-0.051894,0.765117
2080082133,3,0.110418,-0.633929,-0.054571,0.76352
2080082144,3,0.108873,-0.636265,-0.056915,0.761625
2080082154,3,0.107088,-0.638979,-0.058909,0.759452
2080082164,3,0.10508,-0.642056,-0.060567,0.757003
2080082174,3,0.101685,-0.646804,-0.060593,0.753414
2080082184,3,0.098138,-0.65186,-0.060251,0.749544
2080082194,3,0.094474,-0.657149,-0.059508,0.745444
2080082204,3,0.090783,-0.662497,-0.058382,0.741247
2080082214,3,0.087106,-0.667748,-0.05689,0.73708
2080082224,3,0.084582,-0.671291,-0.056316,0.734195
2080082234,3,0.082072,-0.674614,-0.055332,0.731503
2080082244,3,0.079585,-0.677652,-0.053969,0.729068
2080082254,3,0.077166,-0.680342,-0.052241,0.726945
2080082264,3,0.074841,-0.682621,-0.050201,0.725193
2080082275,3,0.072622,-0.684435,-0.047872,0.723866
2080082285,3,0.070484,-0.685758,-0.045285,0.722991
2080082295,3,0.068399,-0.686654,-0.042444,0.722512
2080082305,3,0.066293,-0.687299,-0.039369,0.72227
2080082315,3,0.064085,-0.68789,-0.036047,0.72208
2080082325,3,0.061732,-0.688614,-0.03249,0.721764
2080082335,3,0.058528,-0.689996,-0.028014,0.720898
2080082345,3,0.055262,-0.691525,-0.023474,0.719852
2080082355,3,0.051923,-0.693251,-0.018879,0.718575
2080082365,3,0.048938,-0.695506,-0.014622,0.716702
2080082375,3,0.045846,-0.698292,-0.010254,0.714269
2080082385,3,0.042659,-0.70162,-0.005812,0.711248
2080082395,3,0.039434,-0.705483,-0.001331,0.707627
2080082406,3,0.036222,-0.709817,0.003143,0.703446
2080082416,3,0.033077,-0.714544,0.007533,0.698767
2080082426,3,0.030038,-0.71956,0.011809,0.693678
2080082436,3,0.027157,-0.724759,0.01593,0.688282
2080082446,3,0.024439,-0.730028,0.019869,0.68269
2080082456,3,0.021923,-0.735239,0.023571,0.677042
2080082466,3,0.019131,-0.74051,0.027546,0.671207
2080082476,3,0.016646,-0.745509,0.031176,0.665557
2080082486,3,0.014439,-0.750092,0.034445,0.660277
2080082496,3,0.012535,-0.754206,0.037384,0.655452
2080082506,3,0.010903,-0.757838,0.039977,0.651124
2080082516,3,0.009526,-0.760983,0.042238,0.647325
2080082526,3,0.008374,-0.763697,0.044216,0.644004
2080082536,3,0.007439,-0.766023,0.045918,0.641127
2080082547,3,0.00667,-0.768038,0.047391,0.638613
2080082557,3,0.00581,-0.770178,0.048906,0.635923
2080082567,3,0.004964,-0.772115,0.050365,0.633464
2080082577,3,0.004107,-0.773849,0.051787,0.631235
2080082587,3,0.003252,-0.775373,0.053196,0.629249
2080082597,3,0.002373,-0.776655,0.054586,0.627551
2080082607,3,0.001444,-0.777678,0.055964,0.626165
2080082617,3,5.17E-4,-0.778415,0.057317,0.625126
2080082627,3,-5.45E-4,-0.77886,0.058641,0.624449
2080082637,3,-0.001582,-0.779017,0.059932,0.624129
2080082647,3,-0.002707,-0.778896,0.061189,0.624154
2080082657,3,-0.003898,-0.778516,0.062396,0.624503
2080082667,3,-0.00515,-0.77794,0.06353,0.625097
2080082678,3,-0.00648,-0.777244,0.064586,0.625842
2080082688,3,-0.007858,-0.776524,0.065553,0.626618
2080082698,3,-0.009327,-0.775883,0.066449,0.627298
2080082708,3,-0.010878,-0.7754,0.067283,0.62778
2080082718,3,-0.012527,-0.775145,0.068074,0.627979
2080082728,3,-0.013478,-0.773887,0.068052,0.629512
2080082738,3,-0.014541,-0.77295,0.068007,0.630643
2080082748,3,-0.015687,-0.772381,0.067935,0.63132
2080082758,3,-0.01689,-0.772188,0.067768,0.631543
2080082768,3,-0.018147,-0.772315,0.067521,0.631379
2080082778,3,-0.019455,-0.772751,0.067229,0.630838
2080082788,3,-0.020794,-0.773494,0.066905,0.629918
2080082798,3,-0.022992,-0.77552,0.067428,0.62729
2080082809,3,-0.025241,-0.77767,0.06803,0.62447
2080082819,3,-0.027571,-0.779837,0.068742,0.621585
2080082829,3,-0.029992,-0.781843,0.069556,0.618856
2080082839,3,-0.032513,-0.783545,0.07045,0.61647
2080082849,3,-0.035122,-0.784799,0.071384,0.614622
2080082859,3,-0.037764,-0.785505,0.072331,0.613451
2080082869,3,-0.040396,-0.785565,0.073269,0.613095
2080082879,3,-0.042973,-0.784896,0.074164,0.613669
2080082889,3,-0.045462,-0.783442,0.074943,0.615251
2080082899,3,-0.047808,-0.781207,0.075565,0.617834
2080082909,3,-0.049961,-0.778252,0.075985,0.621331
2080082919,3,-0.051882,-0.774702,0.076211,0.625569
2080082929,3,-0.053563,-0.770698,0.076266,0.630347
2080082939,3,-0.054966,-0.766382,0.076149,0.635482
2080082950,3,-0.056063,-0.761843,0.075844,0.640858
2080082960,3,-0.056062,-0.756725,0.074553,0.647043
2080082970,3,-0.055748,-0.751521,0.073117,0.653269
2080082980,3,-0.055129,-0.746283,0.071513,0.659475
2080082990,3,-0.054229,-0.741068,0.069761,0.665589
2080083000,3,-0.053045,-0.735924,0.067915,0.671557
2080083010,3,-0.051684,-0.731063,0.066075,0.677132
2080083020,3,-0.050218,-0.727637,0.064083,0.681113
2080083030,3,-0.048273,-0.724736,0.061629,0.684564
2080083040,3,-0.045829,-0.722335,0.058652,0.687525
2080083050,3,-0.042953,-0.720367,0.055163,0.69006
2080083060,3,-0.039712,-0.718739,0.051223,0.692252
2080083070,3,-0.036183,-0.717312,0.046926,0.694227
2080083081,3,-0.032466,-0.715944,0.042396,0.696112
2080083091,3,-0.028361,-0.715112,0.037382,0.697432
2080083101,3,-0.024244,-0.714279,0.032332,0.698693
2080083111,3,-0.020203,-0.713245,0.027339,0.700089
2080083121,3,-0.016218,-0.711832,0.022375,0.701805
2080083131,3,-0.012225,-0.709898,0.017376,0.703983
2080083141,3,-0.008172,-0.707362,0.012317,0.706696
2080083151,3,-0.004099,-0.704329,0.007243,0.709823
2080083161,3,0.0,-0.700932,0.002145,0.713224
2080083171,3,0.004037,-0.697319,-0.002891,0.716743
2080083181,3,0.008007,-0.693617,-0.007881,0.720255
2080083191,3,0.011855,-0.689883,-0.012813,0.723709
2080083201,3,0.015534,-0.686184,-0.017638,0.727047
2080083212,3,0.019297,-0.681941,-0.022659,0.730801
2080083222,3,0.022803,-0.677933,-0.027539,0.734253
2080083232,3,0.026064,-0.674227,-0.032271,0.737358
2080083242,3,0.029054,-0.670903,-0.036854,0.740058
2080083252,3,0.031753,-0.668035,-0.04128,0.742304
2080083262,3,0.034159,-0.665684,-0.045548,0.744058
2080083272,3,0.036276,-0.663874,-0.049685,0.745309
2080083282,3,0.038114,-0.662614,-0.05369,0.74606
2080083292,3,0.039701,-0.661866,-0.057602,0.74635
2080083302,3,0.041021,-0.661587,-0.061426,0.746221
2080083312,3,0.042124,-0.661705,-0.065177,0.745737
2080083322,3,0.043034,-0.662123,-0.068862,0.744982
2080083332,3,0.04377,-0.662775,-0.072479,0.744016
2080083343,3,0.044314,-0.663624,-0.076003,0.742874
2080083353,3,0.044664,-0.664661,-0.079405,0.741569
2080083363,3,0.044796,-0.665906,-0.082635,0.740089
2080083373,3,0.044711,-0.667391,-0.085689,0.738408
2080083383,3,0.04439,-0.669163,-0.088553,0.736483
2080083393,3,0.04274,-0.67203,-0.090078,0.73378
2080083403,3,0.040849,-0.675166,-0.091349,0.730846
2080083413,3,0.038806,-0.678573,-0.092389,0.727665
2080083423,3,0.036639,-0.682191,-0.093202,0.724282
2080083433,3,0.03444,-0.685912,-0.093798,0.720791
2080083443,3,0.032233,-0.689571,-0.094178,0.717344
2080083453,3,0.030045,-0.693068,-0.094358,0.714037
2080083463,3,0.02788,-0.696345,-0.094326,0.710934
2080083473,3,0.025761,-0.699365,-0.094086,0.708076
2080083484,3,0.023648,-0.702088,-0.093655,0.705507
2080083494,3,0.02151,-0.704532,-0.093018,0.70322
2080083504,3,0.019317,-0.706787,-0.092177,0.701129
2080083514,3,0.016982,-0.708932,-0.091106,0.699161
2080083524,3,0.015422,-0.710486,-0.090773,0.697661
2080083534,3,0.013727,-0.711941,-0.090246,0.69628
2080083544,3,0.011882,-0.713249,-0.089497,0.695071
2080083554,3,0.009888,-0.714352,-0.088536,0.694091
2080083564,3,0.00776,-0.715235,-0.08733,0.693362
2080083574,3,0.005467,-0.715918,-0.085868,0.692862
2080083584,3,0.00297,-0.716459,-0.084132,0.692531
2080083594,3,-2.99E-4,-0.717224,-0.081502,0.692059
2080083604,3,-0.003722,-0.71784,-0.078677,0.691737
2080083615,3,-0.007258,-0.718375,-0.0757,0.691486
2080083625,3,-0.01093,-0.718945,-0.072543,0.691184
2080083635,3,-0.014468,-0.720092,-0.069453,0.690241
2080083645,3,-0.018188,-0.72161,-0.06614,0.688892
2080083655,3,-0.022053,-0.723503,-0.062631,0.687119
2080083665,3,-0.026008,-0.725789,-0.058953,0.684892
2080083675,3,-0.030017,-0.728442,-0.055163,0.682222
2080083685,3,-0.033993,-0.731435,-0.051311,0.679126
2080083695,3,-0.037907,-0.734717,-0.047437,0.67565
2080083705,3,-0.041692,-0.738228,-0.043577,0.671849
2080083715,3,-0.045313,-0.741898,-0.039775,0.667795
2080083725,3,-0.048727,-0.74565,-0.036088,0.663572
2080083735,3,-0.051919,-0.749396,-0.032551,0.659279
2080083746,3,-0.055183,-0.75277,-0.028825,0.655332
2080083756,3,-0.058161,-0.756068,-0.025343,0.65141
2080083766,3,-0.06084,-0.759171,-0.02216,0.647661
2080083776,3,-0.063184,-0.761969,-0.019324,0.644233
2080083786,3,-0.065204,-0.764412,-0.016863,0.6412
2080083796,3,-0.066899,-0.76643,-0.014781,0.638662
2080083806,3,-0.068309,-0.768018,-0.013072,0.63664
2080083816,3,-0.069478,-0.769231,-0.011656,0.635074
2080083826,3,-0.070495,-0.770153,-0.010483,0.633864
2080083836,3,-0.071703,-0.771384,-0.009147,0.63225
2080083846,3,-0.072897,-0.772471,-0.007881,0.630802
2080083856,3,-0.074084,-0.773434,-0.006664,0.629497
2080083866,3,-0.075278,-0.774261,-0.005498,0.628348
2080083876,3,-0.076456,-0.774945,-0.004379,0.62737
2080083887,3,-0.077612,-0.775472,-0.003325,0.626583
2080083897,3,-0.078735,-0.775836,-0.002344,0.625997
2080083907,3,-0.079791,-0.776029,-0.001464,0.625627
2080083917,3,-0.080784,-0.776057,-6.9E-4,0.625466
2080083927,3,-0.081725,-0.775955,0.0,0.62547
2080083937,3,-0.082652,-0.775773,6.1E-4,0.625574
2080083947,3,-0.083576,-0.775574,0.001208,0.625697
2080083957,3,-0.084526,-0.775412,0.001773,0.625769
2080083967,3,-0.085509,-0.775335,0.002325,0.62573
2080083977,3,-0.086542,-0.775358,0.002878,0.625556
2080083987,3,-0.087639,-0.775484,0.00345,0.625245
2080083997,3,-0.088793,-0.775674,0.00403,0.624842
2080084007,3,-0.089996,-0.77588,0.004614,0.62441
2080084018,3,-0.091269,-0.776052,0.005211,0.624007
2080084028,3,-0.091746,-0.7754,0.004876,0.62475
2080084038,3,-0.092271,-0.774704,0.004549,0.625538
2080084048,3,-0.092864,-0.773928,0.004256,0.626412
2080084058,3,-0.09351,-0.773057,0.00397,0.627393
2080084068,3,-0.094197,-0.772086,0.003702,0.628486
2080084078,3,-0.094959,-0.771041,0.003476,0.629654
2080084088,3,-0.095794,-0.769923,0.003284,0.630896
2080084098,3,-0.096685,-0.768708,0.003126,0.632241
2080084108,3,-0.097613,-0.767331,0.002997,0.63377
2080084118,3,-0.099312,-0.76626,0.003734,0.634797
2080084128,3,-0.100946,-0.764999,0.004438,0.636055
2080084138,3,-0.102486,-0.763534,0.005067,0.637562
2080084149,3,-0.1039,-0.761866,0.005593,0.639321
2080084159,3,-0.105163,-0.760024,0.006003,0.641301
2080084169,3,-0.106239,-0.758005,0.006263,0.643507
2080084179,3,-0.107088,-0.755803,0.006344,0.645951
2080084189,3,-0.107678,-0.753434,0.006213,0.648616
2080084199,3,-0.107976,-0.750921,0.005858,0.651477
2080084209,3,-0.107968,-0.748336,0.005273,0.654452
2080084219,3,-0.107647,-0.745763,0.004493,0.65744
2080084229,3,-0.107062,-0.743308,0.003546,0.660316
2080084239,3,-0.105602,-0.740388,0.001922,0.663829
2080084249,3,-0.103919,-0.737665,3.45E-4,0.667121
2080084259,3,-0.102018,-0.735319,-0.001303,0.669996
2080084269,3,-0.099991,-0.733354,-0.00299,0.672446
2080084279,3,-0.097831,-0.731709,-0.004768,0.674541
2080084290,3,-0.095592,-0.73036,-0.006628,0.676307
2080084300,3,-0.093648,-0.729367,-0.008261,0.677631
2080084310,3,-0.091626,-0.728455,-0.010045,0.678863
2080084320,3,-0.089549,-0.727608,-0.011981,0.680017
2080084330,3,-0.087414,-0.72679,-0.014062,0.681129
2080084340,3,-0.085241,-0.725993,-0.016234,0.682204
2080084350,3,-0.083062,-0.725196,-0.018463,0.683264
2080084360,3,-0.08088,-0.72435,-0.02071,0.684358
2080084370,3,-0.078732,-0.723386,-0.022972,0.685555
2080084380,3,-0.076418,-0.722715,-0.025531,0.686433
2080084390,3,-0.074262,-0.721934,-0.028017,0.687394
2080084400,3,-0.072237,-0.720927,-0.030499,0.68856
2080084410,3,-0.07028,-0.719649,-0.033035,0.689981
2080084421,3,-0.068119,-0.717195,-0.035855,0.692607
2080084431,3,-0.065889,-0.714307,-0.038855,0.695638
2080084441,3,-0.063586,-0.711021,-0.042028,0.699027
2080084451,3,-0.061214,-0.707399,-0.045364,0.702695
2080084461,3,-0.05918,-0.704289,-0.048482,0.705778
2080084471,3,-0.057154,-0.700942,-0.051706,0.709041
2080084481,3,-0.055165,-0.697466,-0.055046,0.712366
2080084491,3,-0.053242,-0.693977,-0.058509,0.715637
2080084501,3,-0.051431,-0.690645,-0.062101,0.718683
2080084511,3,-0.049691,-0.687557,-0.06585,0.721428
2080084521,3,-0.048057,-0.68478,-0.069741,0.72381
2080084531,3,-0.046006,-0.682193,-0.074294,0.72593
2080084541,3,-0.044182,-0.680077,-0.078905,0.727541
2080084552,3,-0.04261,-0.678457,-0.083532,0.72863
2080084562,3,-0.041307,-0.677367,-0.088168,0.729173
2080084572,3,-0.040297,-0.676809,-0.092812,0.729171
2080084582,3,-0.0403,-0.676969,-0.096769,0.728507
2080084592,3,-0.040625,-0.677712,-0.100671,0.727269
2080084602,3,-0.041277,-0.678998,-0.104526,0.725486
2080084612,3,-0.042144,-0.680731,-0.108375,0.723244
2080084622,3,-0.043183,-0.682828,-0.112201,0.720618
2080084632,3,-0.0444,-0.685188,-0.115987,0.717698
2080084642,3,-0.045802,-0.687699,-0.119685,0.714595
2080084652,3,-0.047387,-0.69034,-0.12325,0.711332
2080084662,3,-0.049159,-0.692999,-0.126616,0.708027
2080084672,3,-0.051119,-0.695595,-0.129754,0.704768
2080084682,3,-0.053295,-0.698092,-0.132625,0.701595
2080084693,3,-0.055681,-0.70047,-0.135192,0.698544
2080084703,3,-0.057683,-0.702259,-0.138067,0.696018
2080084713,3,-0.059865,-0.704029,-0.140639,0.693526
2080084723,3,-0.06222,-0.705793,-0.142905,0.691058
2080084733,3,-0.064722,-0.707565,-0.144886,0.6886
2080084743,3,-0.067337,-0.709338,-0.146576,0.686162
2080084753,3,-0.070077,-0.711103,-0.147995,0.683753
2080084763,3,-0.073645,-0.713085,-0.148396,0.681222
2080084773,3,-0.077325,-0.715031,-0.148522,0.678742
2080084783,3,-0.081092,-0.716878,-0.148395,0.676378
2080084793,3,-0.084938,-0.718538,-0.148034,0.67422
2080084803,3,-0.088809,-0.719924,-0.147509,0.672355
2080084813,3,-0.092694,-0.720993,-0.146874,0.670823
2080084824,3,-0.096543,-0.72177,-0.14617,0.669597
2080084834,3,-0.100431,-0.722265,-0.145394,0.66866
2080084844,3,-0.104406,-0.722541,-0.144536,0.667939
2080084854,3,-0.108166,-0.722589,-0.143929,0.667419
2080084864,3,-0.112106,-0.722587,-0.143187,0.66693
2080084874,3,-0.116228,-0.722565,-0.142337,0.666431
2080084884,3,-0.120516,-0.722537,-0.141403,0.665898
2080084894,3,-0.124934,-0.722529,-0.140416,0.6653
2080084904,3,-0.129433,-0.722517,-0.139428,0.664661
2080084914,3,-0.134321,-0.722405,-0.138086,0.664092
2080084924,3,-0.139196,-0.722265,-0.136813,0.663504
2080084934,3,-0.144048,-0.722116,-0.135619,0.662876
2080084944,3,-0.148827,-0.721967,-0.134537,0.662202
2080084955,3,-0.153453,-0.721785,-0.133664,0.661522
2080084965,3,-0.157903,-0.721605,-0.132978,0.660808
2080084975,3,-0.162143,-0.721392,-0.132521,0.660106
2080084985,3,-0.166164,-0.721144,-0.132296,0.659422
2080084995,3,-0.169944,-0.720836,-0.132328,0.658788
2080085005,3,-0.173497,-0.720472,-0.132578,0.65821
2080085015,3,-0.176823,-0.720054,-0.133053,0.657687
2080085025,3,-0.179948,-0.719655,-0.133692,0.657146
2080085035,3,-0.182823,-0.719273,-0.134524,0.6566
2080085045,3,-0.185448,-0.718955,-0.135546,0.656002
2080085055,3,-0.18783,-0.718677,-0.136727,0.655383
2080085065,3,-0.190006,-0.718446,-0.138032,0.654736
2080085075,3,-0.191998,-0.718288,-0.139406,0.654037
2080085086,3,-0.193878,-0.718195,-0.140777,0.65329
2080085096,3,-0.195646,-0.718171,-0.142123,0.652498
2080085106,3,-0.197313,-0.718248,-0.14344,0.651622
2080085116,3,-0.198865,-0.718399,-0.144721,0.650699
2080085126,3,-0.200317,-0.718611,-0.145988,0.649736
2080085136,3,-0.201661,-0.718885,-0.147238,0.648735
2080085146,3,-0.202898,-0.71922,-0.148477,0.647695
2080085156,3,-0.204045,-0.719582,-0.149686,0.646653
2080085166,3,-0.205133,-0.719994,-0.150828,0.645584
2080085176,3,-0.206186,-0.720402,-0.151875,0.644547
2080085186,3,-0.207179,-0.720806,-0.152842,0.643547
2080085196,3,-0.208147,-0.721115,-0.1537,0.642684
2080085206,3,-0.209059,-0.721329,-0.154478,0.641961
2080085216,3,-0.209897,-0.721408,-0.155188,0.641427
2080085227,3,-0.210648,-0.72135,-0.155838,0.641088
2080085237,3,-0.211342,-0.721189,-0.156377,0.64091
2080085247,3,-0.211991,-0.720963,-0.156822,0.640841
2080085257,3,-0.212632,-0.720704,-0.157112,0.640849
2080085267,3,-0.213253,-0.720406,-0.15725,0.640944
2080085277,3,-0.213921,-0.720156,-0.157174,0.641021
2080085287,3,-0.214634,-0.719983,-0.156859,0.641054
2080085297,3,-0.215343,-0.719852,-0.156362,0.641085
2080085307,3,-0.216053,-0.719812,-0.155656,0.641062
2080085317,3,-0.216714,-0.719882,-0.154775,0.640974
2080085327,3,-0.217293,-0.720059,-0.153739,0.640829
2080085337,3,-0.217774,-0.720332,-0.152567,0.640639
2080085347,3,-0.218152,-0.720707,-0.151267,0.640397
2080085358,3,-0.218401,-0.721184,-0.149851,0.640108
2080085368,3,-0.218493,-0.721732,-0.14838,0.639801
2080085378,3,-0.218423,-0.722322,-0.146868,0.639508
2080085388,3,-0.218174,-0.722897,-0.145352,0.639289
2080085398,3,-0.217716,-0.723439,-0.143883,0.639165
2080085408,3,-0.217031,-0.723867,-0.142495,0.639225
2080085418,3,-0.216142,-0.724165,-0.141192,0.639477
2080085428,3,-0.215035,-0.724314,-0.140001,0.639943
2080085438,3,-0.213736,-0.724256,-0.138904,0.640682
2080085448,3,-0.212266,-0.724044,-0.137915,0.641623
2080085458,3,-0.210649,-0.723632,-0.137015,0.642814
2080085468,3,-0.20891,-0.723077,-0.136191,0.644179
2080085478,3,-0.207067,-0.722415,-0.135427,0.645677
2080085489,3,-0.20516,-0.721678,-0.134715,0.647256
2080085499,3,-0.203194,-0.720904,-0.134033,0.648879
2080085509,3,-0.201188,-0.720095,-0.133407,0.650528
2080085519,3,-0.199155,-0.719312,-0.132814,0.65214
2080085529,3,-0.197095,-0.718522,-0.13228,0.653743
2080085539,3,-0.195025,-0.71775,-0.131809,0.655305
2080085549,3,-0.192916,-0.716986,-0.131457,0.656835
2080085559,3,-0.190784,-0.716222,-0.131203,0.65834
2080085569,3,-0.188642,-0.715479,-0.131071,0.65979
2080085579,3,-0.186484,-0.714779,-0.131085,0.661157
2080085589,3,-0.184319,-0.714129,-0.13125,0.662433
2080085599,3,-0.182149,-0.713505,-0.131564,0.663643
2080085609,3,-0.179981,-0.712878,-0.132037,0.664814
2080085619,3,-0.177839,-0.712235,-0.132618,0.665962
2080085630,3,-0.175736,-0.711533,-0.133306,0.667132
2080085640,3,-0.173705,-0.710763,-0.134066,0.668332
2080085650,3,-0.171746,-0.70991,-0.134885,0.669578
2080085660,3,-0.169913,-0.708987,-0.135711,0.670856
2080085670,3,-0.168241,-0.707996,-0.136495,0.672163
2080085680,3,-0.166717,-0.706975,-0.137253,0.673462
2080085690,3,-0.165374,-0.705946,-0.137927,0.674734
2080085700,3,-0.164192,-0.704912,-0.138506,0.675984
2080085710,3,-0.163165,-0.703901,-0.138984,0.677187
2080085720,3,-0.162275,-0.702963,-0.139394,0.67829
2080085730,3,-0.161499,-0.702114,-0.13975,0.67928
2080085740,3,-0.160795,-0.701354,-0.140099,0.68016
2080085750,3,-0.160169,-0.700719,-0.140441,0.680891
2080085761,3,-0.159597,-0.700143,-0.140802,0.681544
2080085771,3,-0.159103,-0.699599,-0.141156,0.682144
2080085781,3,-0.158698,-0.699121,-0.1415,0.682657
2080085791,3,-0.15839,-0.698713,-0.14184,0.683075
2080085801,3,-0.158154,-0.698399,-0.142187,0.683379
2080085811,3,-0.157975,-0.698182,-0.142548,0.683567
2080085821,3,-0.157863,-0.698087,-0.142915,0.683614
2080085831,3,-0.157833,-0.698107,-0.143264,0.683527
2080085841,3,-0.157859,-0.698228,-0.143616,0.683323
2080085851,3,-0.15793,-0.698419,-0.14395,0.683042
2080085861,3,-0.158039,-0.698657,-0.144276,0.682704
2080085871,3,-0.158205,-0.69892,-0.144566,0.682335
2080085881,3,-0.158396,-0.699226,-0.144837,0.681919
2080085892,3,-0.158607,-0.699565,-0.145081,0.681471
2080085902,3,-0.158839,-0.69993,-0.145304,0.680994
2080085912,3,-0.159064,-0.700317,-0.145512,0.680499
2080085922,3,-0.159335,-0.700691,-0.145666,0.680018
2080085932,3,-0.159631,-0.701066,-0.145788,0.679535
2080085942,3,-0.159945,-0.70141,-0.145892,0.679084
2080085952,3,-0.160249,-0.701723,-0.146009,0.678664
2080085962,3,-0.160572,-0.701978,-0.146113,0.678301
2080085972,3,-0.160911,-0.702182,-0.146232,0.677985
2080085982,3,-0.161267,-0.702325,-0.146359,0.677724
2080085992,3,-0.161635,-0.70239,-0.14651,0.677537
2080086002,3,-0.162005,-0.702397,-0.146697,0.677401
2080086012,3,-0.162404,-0.702361,-0.146923,0.677294
2080086022,3,-0.162827,-0.702294,-0.147176,0.677207
2080086033,3,-0.163279,-0.702215,-0.147459,0.677117
2080086043,3,-0.163753,-0.702141,-0.147792,0.677008
2080086053,3,-0.16426,-0.702076,-0.14815,0.676873
2080086063,3,-0.164795,-0.702051,-0.148558,0.67668
2080086073,3,-0.165383,-0.702052,-0.148992,0.67644
2080086083,3,-0.165993,-0.702106,-0.149482,0.676126
2080086093,3,-0.166634,-0.702208,-0.150012,0.675746
2080086103,3,-0.167301,-0.70237,-0.150588,0.675285
2080086113,3,-0.168004,-0.702592,-0.151205,0.674741
2080086123,3,-0.168729,-0.702889,-0.151864,0.674102
2080086133,3,-0.169466,-0.703229,-0.15256,0.673404
2080086143,3,-0.17023,-0.703606,-0.153263,0.672658
2080086153,3,-0.171004,-0.704012,-0.153998,0.671868
2080086164,3,-0.171765,-0.704425,-0.154754,0.671068
2080086174,3,-0.172527,-0.704823,-0.155529,0.670275
2080086184,3,-0.173274,-0.705199,-0.15632,0.669502
2080086194,3,-0.174023,-0.705543,-0.157109,0.66876
2080086204,3,-0.174773,-0.705852,-0.15789,0.668054
2080086214,3,-0.175551,-0.706162,-0.158627,0.667348
2080086224,3,-0.176332,-0.706464,-0.15934,0.666652
2080086234,3,-0.177139,-0.706761,-0.160012,0.665962
2080086244,3,-0.177969,-0.707061,-0.160638,0.665271
2080086254,3,-0.178813,-0.707359,-0.161221,0.664587
2080086264,3,-0.179642,-0.707666,-0.161791,0.663897
2080086274,3,-0.180474,-0.707958,-0.162323,0.663231
2080086284,3,-0.181304,-0.708222,-0.16283,0.662598
2080086295,3,-0.182129,-0.708413,-0.163294,0.662052
2080086305,3,-0.182941,-0.708538,-0.16373,0.661587
2080086315,3,-0.183772,-0.708615,-0.164105,0.661181
2080086325,3,-0.18463,-0.708675,-0.164423,0.660799
2080086335,3,-0.185493,-0.708709,-0.16472,0.660446
2080086345,3,-0.186362,-0.708758,-0.165012,0.660076
2080086355,3,-0.187266,-0.708834,-0.16526,0.659677
2080086365,3,-0.188179,-0.708922,-0.165505,0.659261
2080086375,3,-0.189134,-0.709047,-0.165704,0.658803
2080086385,3,-0.190078,-0.709184,-0.165926,0.658328
2080086395,3,-0.191035,-0.709363,-0.166145,0.657802
2080086405,3,-0.191981,-0.709572,-0.166385,0.657241
2080086415,3,-0.192927,-0.70982,-0.166635,0.656632
2080086426,3,-0.193821,-0.710081,-0.166951,0.656007
2080086436,3,-0.194674,-0.710325,-0.167299,0.655401
2080086446,3,-0.195498,-0.710549,-0.167667,0.654818
2080086456,3,-0.196265,-0.710735,-0.168063,0.654285
2080086466,3,-0.19697,-0.71088,-0.168486,0.653807
2080086476,3,-0.197609,-0.710978,-0.168918,0.653395
2080086486,3,-0.198188,-0.71102,-0.169374,0.653056
2080086496,3,-0.198708,-0.711015,-0.16982,0.652788
2080086506,3,-0.199164,-0.71094,-0.170261,0.652616
2080086516,3,-0.19956,-0.710813,-0.170682,0.652523
2080086526,3,-0.199905,-0.710624,-0.171093,0.652516
2080086536,3,-0.200169,-0.710383,-0.171488,0.652593
2080086546,3,-0.200389,-0.710078,-0.171829,0.652768
2080086556,3,-0.200529,-0.709713,-0.172147,0.653038
2080086567,3,-0.200628,-0.709286,-0.172407,0.653403
2080086577,3,-0.20067,-0.708799,-0.172627,0.653861
2080086587,3,-0.200642,-0.708265,-0.172804,0.654401
2080086597,3,-0.200579,-0.707704,-0.172925,0.654995
2080086607,3,-0.20051,-0.707125,-0.17296,0.655632
2080086617,3,-0.200401,-0.706566,-0.172942,0.656273
2080086627,3,-0.200298,-0.706038,-0.172823,0.656903
2080086637,3,-0.200209,-0.705561,-0.172624,0.657495
2080086647,3,-0.200109,-0.705129,-0.172365,0.658056
2080086657,3,-0.200008,-0.704753,-0.172041,0.658574
2080086667,3,-0.199913,-0.704412,-0.171663,0.659067
2080086677,3,-0.199844,-0.7041,-0.171214,0.659537
2080086687,3,-0.199781,-0.703795,-0.170724,0.660009
2080086698,3,-0.199711,-0.703506,-0.170212,0.66047
2080086708,3,-0.199633,-0.703236,-0.169686,0.660916
2080086718,3,-0.199561,-0.702957,-0.169155,0.661372
2080086728,3,-0.199521,-0.702689,-0.168598,0.661811
2080086738,3,-0.199468,-0.702439,-0.168054,0.662229
2080086748,3,-0.19942,-0.702208,-0.167535,0.662621
2080086758,3,-0.199375,-0.701989,-0.167049,0.662989
2080086768,3,-0.199353,-0.701785,-0.166578,0.66333
2080086778,3,-0.199327,-0.701566,-0.16617,0.663671
2080086788,3,-0.199284,-0.70131,-0.165828,0.664041
2080086798,3,-0.199254,-0.701014,-0.165533,0.664436
2080086808,3,-0.19922,-0.700675,-0.165313,0.664858
2080086818,3,-0.199184,-0.700267,-0.165162,0.665336
2080086829,3,-0.199163,-0.699789,-0.165071,0.665868
2080086839,3,-0.199146,-0.699273,-0.165057,0.666418
2080086849,3,-0.19916,-0.698733,-0.165098,0.66697
2080086859,3,-0.199222,-0.698192,-0.165185,0.667496
2080086869,3,-0.199322,-0.697675,-0.165349,0.667966
2080086879,3,-0.199502,-0.697199,-0.16554,0.668361
2080086889,3,-0.199725,-0.696735,-0.16582,0.668709
2080086899,3,-0.200009,-0.696292,-0.166175,0.668998
2080086909,3,-0.20036,-0.695856,-0.166585,0.669244
2080086919,3,-0.200788,-0.695451,-0.16706,0.669419
2080086929,3,-0.201308,-0.695101,-0.167569,0.669499
2080086939,3,-0.201906,-0.694839,-0.168125,0.669452
2080086949,3,-0.202598,-0.694664,-0.168726,0.669273
2080086959,3,-0.203367,-0.694563,-0.169378,0.668979
2080086970,3,-0.204198,-0.694524,-0.170094,0.668585
2080086980,3,-0.205088,-0.694559,-0.170863,0.66808
2080086990,3,-0.206003,-0.694635,-0.171706,0.667503
2080087000,3,-0.206922,-0.694745,-0.172638,0.666864
2080087010,3,-0.207866,-0.694871,-0.173622,0.666183
2080087020,3,-0.208788,-0.69498,-0.174702,0.665499
2080087030,3,-0.209708,-0.695074,-0.17584,0.664811
2080087040,3,-0.210612,-0.695122,-0.177036,0.664157
2080087050,3,-0.211496,-0.695147,-0.178286,0.663515
2080087060,3,-0.212387,-0.695133,-0.179563,0.662901
2080087070,3,-0.21325,-0.695114,-0.180874,0.662287
2080087080,3,-0.214118,-0.695066,-0.182206,0.661692
2080087090,3,-0.214956,-0.695008,-0.183562,0.661106
2080087101,3,-0.215758,-0.694905,-0.18493,0.660571
2080087111,3,-0.216545,-0.694783,-0.186292,0.66006
2080087121,3,-0.217303,-0.694623,-0.187651,0.659594
2080087131,3,-0.218049,-0.694451,-0.188978,0.65915
2080087141,3,-0.21879,-0.694278,-0.190262,0.658717
2080087151,3,-0.219518,-0.694121,-0.191498,0.658282
2080087161,3,-0.220223,-0.693995,-0.192687,0.657832
2080087171,3,-0.220913,-0.69392,-0.193828,0.657344
2080087181,3,-0.221563,-0.693909,-0.194927,0.656812
2080087191,3,-0.222186,-0.693975,-0.195957,0.656225
2080087201,3,-0.222783,-0.694081,-0.196909,0.655625
2080087211,3,-0.223325,-0.694203,-0.197805,0.655042
2080087221,3,-0.223807,-0.694375,-0.198614,0.65445
2080087232,3,-0.224225,-0.694566,-0.199342,0.653883
2080087242,3,-0.224578,-0.694779,-0.199997,0.653335
2080087252,3,-0.224867,-0.695028,-0.20054,0.652804
2080087262,3,-0.225072,-0.695304,-0.201024,0.65229
2080087272,3,-0.225207,-0.695597,-0.201405,0.651813
2080087282,3,-0.225289,-0.695906,-0.201679,0.651371
2080087292,3,-0.225277,-0.696223,-0.201876,0.650975
2080087302,3,-0.225191,-0.696544,-0.201975,0.650631
2080087312,3,-0.225047,-0.696846,-0.201983,0.650354
2080087322,3,-0.224835,-0.697119,-0.201897,0.650162
2080087332,3,-0.224551,-0.697371,-0.201713,0.650047
2080087342,3,-0.224189,-0.697603,-0.20145,0.650005
2080087352,3,-0.223799,-0.697818,-0.201088,0.65002
2080087362,3,-0.223369,-0.698007,-0.200613,0.650111
2080087373,3,-0.222877,-0.698172,-0.200079,0.650268
2080087383,3,-0.222324,-0.698303,-0.199486,0.650499
2080087393,3,-0.2217,-0.698422,-0.19883,0.650785
2080087403,3,-0.221018,-0.69851,-0.198128,0.651136
2080087413,3,-0.220275,-0.698614,-0.197372,0.651505
2080087423,3,-0.219498,-0.698698,-0.196563,0.651922
2080087433,3,-0.21868,-0.698787,-0.195698,0.652363
2080087443,3,-0.217785,-0.698857,-0.194827,0.652847
2080087453,3,-0.216831,-0.698956,-0.19394,0.653322
2080087463,3,-0.215798,-0.699067,-0.193064,0.653805
2080087473,3,-0.214717,-0.699224,-0.192162,0.654259
2080087483,3,-0.213549,-0.699381,-0.191294,0.654728
2080087493,3,-0.212302,-0.699528,-0.190457,0.65522
2080087504,3,-0.210989,-0.699649,-0.189631,0.655755
2080087514,3,-0.209609,-0.69973,-0.188808,0.656347
2080087524,3,-0.2082,-0.69977,-0.187957,0.656997
2080087534,3,-0.206773,-0.699758,-0.187067,0.657714
2080087544,3,-0.205311,-0.699726,-0.186149,0.658466
2080087554,3,-0.203829,-0.699656,-0.185206,0.659266
2080087564,3,-0.202358,-0.699578,-0.184201,0.660083
2080087574,3,-0.20088,-0.699487,-0.183172,0.660917
2080087584,3,-0.199393,-0.699395,-0.182113,0.661757
2080087594,3,-0.1979,-0.699304,-0.181038,0.662596
2080087604,3,-0.196399,-0.699199,-0.17997,0.663443
2080087614,3,-0.194902,-0.699108,-0.178903,0.664269
2080087624,3,-0.193408,-0.699018,-0.17784,0.665085
2080087635,3,-0.191935,-0.698954,-0.176756,0.665868
2080087645,3,-0.19049,-0.698906,-0.175654,0.666624
2080087655,3,-0.189052,-0.698904,-0.174565,0.667322
2080087665,3,-0.18764,-0.698932,-0.173456,0.667979
2080087675,3,-0.18624,-0.698985,-0.172348,0.668603
2080087685,3,-0.184832,-0.699036,-0.171252,0.669221
2080087695,3,-0.183457,-0.699107,-0.170151,0.669806
2080087705,3,-0.182091,-0.699211,-0.169075,0.670342
2080087715,3,-0.180771,-0.699375,-0.167995,0.6708
2080087725,3,-0.179466,-0.699607,-0.166934,0.671173
2080087735,3,-0.178221,-0.699927,-0.165869,0.671435
2080087745,3,-0.177035,-0.700321,-0.164803,0.671601
2080087755,3,-0.175904,-0.700773,-0.16374,0.671686
2080087766,3,-0.174819,-0.701258,-0.162687,0.67172
2080087776,3,-0.173779,-0.701762,-0.161633,0.671717
2080087786,3,-0.172777,-0.70228,-0.160613,0.671679
2080087796,3,-0.171825,-0.702805,-0.159581,0.67162
2080087806,3,-0.1709,-0.703328,-0.15858,0.671546
2080087816,3,-0.170027,-0.703853,-0.157594,0.671449
2080087826,3,-0.169218,-0.704408,-0.156588,0.671307
2080087836,3,-0.168478,-0.70498,-0.155556,0.671133
2080087846,3,-0.167804,-0.705615,-0.154494,0.670879
2080087856,3,-0.167158,-0.706269,-0.153456,0.670591
2080087866,3,-0.166569,-0.706955,-0.152396,0.670256
2080087876,3,-0.166012,-0.707637,-0.151343,0.669914
2080087886,3,-0.165485,-0.708284,-0.150294,0.669596
2080087896,3,-0.164967,-0.708903,-0.149258,0.6693
2080087907,3,-0.164468,-0.709507,-0.148241,0.669009
2080087917,3,-0.163978,-0.710074,-0.147243,0.668748
2080087927,3,-0.163499,-0.710634,-0.146262,0.668486
2080087937,3,-0.16301,-0.711171,-0.145321,0.668239
2080087947,3,-0.162514,-0.711698,-0.144409,0.667997
2080087957,3,-0.161994,-0.712223,-0.143521,0.667755
2080087967,3,-0.161477,-0.712743,-0.142631,0.667516
2080087977,3,-0.160968,-0.713283,-0.14174,0.667251
2080087987,3,-0.160465,-0.713842,-0.14083,0.666968
2080087997,3,-0.159945,-0.714428,-0.139893,0.666662
2080088007,3,-0.159411,-0.715009,-0.138922,0.666371
2080088017,3,-0.158879,-0.715581,-0.137921,0.666091
2080088027,3,-0.158354,-0.716147,-0.136874,0.665824
2080088038,3,-0.157836,-0.716721,-0.135763,0.665557
2080088048,3,-0.157357,-0.717297,-0.134562,0.665294
2080088058,3,-0.156893,-0.717885,-0.133305,0.665022
2080088068,3,-0.156425,-0.718462,-0.131988,0.664771
2080088078,3,-0.155963,-0.719015,-0.130622,0.664552
2080088088,3,-0.155482,-0.71955,-0.129218,0.66436
2080088098,3,-0.154986,-0.720047,-0.127765,0.664218
2080088108,3,-0.154482,-0.720517,-0.126275,0.664111
2080088118,3,-0.153954,-0.720952,-0.124748,0.664051
2080088128,3,-0.15338,-0.721353,-0.123222,0.664033
2080088138,3,-0.152745,-0.721714,-0.121735,0.664061
2080088148,3,-0.152067,-0.722047,-0.120256,0.664124
2080088158,3,-0.151308,-0.722333,-0.118822,0.664245
2080088169,3,-0.150526,-0.722585,-0.117395,0.664402
2080088179,3,-0.149705,-0.722826,-0.116,0.66457
2080088189,3,-0.148859,-0.723039,-0.114632,0.664766
2080088199,3,-0.147982,-0.723239,-0.113276,0.664977
2080088209,3,-0.147106,-0.723396,-0.111941,0.665226
2080088219,3,-0.146196,-0.723525,-0.110677,0.665497
2080088229,3,-0.145256,-0.723603,-0.109484,0.665816
2080088239,3,-0.14427,-0.723646,-0.108381,0.666164
2080088249,3,-0.14327,-0.723657,-0.107355,0.666534
2080088259,3,-0.14229,-0.723652,-0.106395,0.666903
2080088269,3,-0.141298,-0.723645,-0.105541,0.667258
2080088279,3,-0.14029,-0.723603,-0.104784,0.667635
2080088289,3,-0.139306,-0.72356,-0.104107,0.667993
2080088299,3,-0.138345,-0.723498,-0.103519,0.668351
2080088310,3,-0.137422,-0.723402,-0.103009,0.668724
2080088320,3,-0.136563,-0.723306,-0.10257,0.669072
2080088330,3,-0.135745,-0.723171,-0.102229,0.669436
2080088340,3,-0.134971,-0.723015,-0.101979,0.669799
2080088350,3,-0.134254,-0.722811,-0.101811,0.670189
2080088360,3,-0.133574,-0.722593,-0.101741,0.67057
2080088370,3,-0.132949,-0.722359,-0.101758,0.670944
2080088380,3,-0.1324,-0.722126,-0.101835,0.671292
2080088390,3,-0.131918,-0.721886,-0.101986,0.671621
2080088400,3,-0.131538,-0.72164,-0.102161,0.671934
2080088410,3,-0.131227,-0.721399,-0.102395,0.672217
2080088420,3,-0.131009,-0.721146,-0.102679,0.672488
2080088430,3,-0.130856,-0.72087,-0.103035,0.672759
2080088441,3,-0.130774,-0.720561,-0.103457,0.673041
2080088451,3,-0.130779,-0.720182,-0.103935,0.673373
2080088461,3,-0.130863,-0.719785,-0.10446,0.673699
2080088471,3,-0.13102,-0.719351,-0.105057,0.67404
2080088481,3,-0.131263,-0.718899,-0.105692,0.674376
2080088491,3,-0.131586,-0.718426,-0.106382,0.674708
2080088501,3,-0.131981,-0.717961,-0.107124,0.675008
2080088511,3,-0.132447,-0.717524,-0.107914,0.675256
2080088521,3,-0.132973,-0.717091,-0.10876,0.675476
2080088531,3,-0.133563,-0.716683,-0.109661,0.675648
2080088541,3,-0.134201,-0.716272,-0.110631,0.675798
2080088551,3,-0.134857,-0.715857,-0.111672,0.675937
2080088561,3,-0.13553,-0.715418,-0.112782,0.676082
2080088572,3,-0.136234,-0.714954,-0.113959,0.676235
2080088582,3,-0.136955,-0.714487,-0.115176,0.676376
2080088592,3,-0.1377,-0.714003,-0.116436,0.67652
2080088602,3,-0.138465,-0.713513,-0.117725,0.676658
2080088612,3,-0.139227,-0.713006,-0.119069,0.676801
2080088622,3,-0.140002,-0.7125,-0.120428,0.676933
2080088632,3,-0.140795,-0.71198,-0.121797,0.677071
2080088642,3,-0.141595,-0.711486,-0.123171,0.677175
2080088652,3,-0.142405,-0.711003,-0.12455,0.67726
2080088662,3,-0.143243,-0.710551,-0.125905,0.677307
2080088672,3,-0.144075,-0.710104,-0.127271,0.677345
2080088682,3,-0.144905,-0.70968,-0.128631,0.677355
2080088692,3,-0.145759,-0.70928,-0.129967,0.677335
2080088702,3,-0.146615,-0.708902,-0.131291,0.677291
2080088713,3,-0.147462,-0.708521,-0.132602,0.67725
2080088723,3,-0.148306,-0.708151,-0.133901,0.677198
2080088733,3,-0.149157,-0.707807,-0.135161,0.67712
2080088743,3,-0.15003,-0.707485,-0.136382,0.677019
2080088753,3,-0.150897,-0.707205,-0.13757,0.676878
2080088763,3,-0.151782,-0.706954,-0.138718,0.676708
2080088773,3,-0.15265,-0.706736,-0.139837,0.67651
2080088783,3,-0.15351,-0.706548,-0.140926,0.676286
2080088793,3,-0.154366,-0.706399,-0.141973,0.676028
2080088803,3,-0.155227,-0.706268,-0.142969,0.675758
2080088813,3,-0.156083,-0.706149,-0.143933,0.67548
2080088823,3,-0.156913,-0.70604,-0.144869,0.675202
2080088833,3,-0.157719,-0.705927,-0.145775,0.674937
2080088844,3,-0.158503,-0.705824,-0.146646,0.674672
2080088854,3,-0.15924,-0.705717,-0.147495,0.674426
2080088864,3,-0.159937,-0.705595,-0.148325,0.674206
2080088874,3,-0.160597,-0.705489,-0.149111,0.673987
2080088884,3,-0.161224,-0.705393,-0.149849,0.673774
2080088894,3,-0.161831,-0.705281,-0.150535,0.673592
2080088904,3,-0.162407,-0.705156,-0.151171,0.673443
2080088914,3,-0.16296,-0.705025,-0.151749,0.673316
2080088924,3,-0.163524,-0.704901,-0.152258,0.673195
2080088934,3,-0.164087,-0.704813,-0.152692,0.673051
2080088944,3,-0.164668,-0.704749,-0.153049,0.672895
2080088954,3,-0.165215,-0.704721,-0.153374,0.672716
2080088964,3,-0.165773,-0.704736,-0.153628,0.672505
2080088975,3,-0.1663,-0.70479,-0.153862,0.672265
2080088985,3,-0.166829,-0.704901,-0.154049,0.671975
2080088995,3,-0.16739,-0.705035,-0.154175,0.671666
2080089005,3,-0.167941,-0.705191,-0.154273,0.671342
2080089015,3,-0.168485,-0.705355,-0.154328,0.67102
2080089025,3,-0.169006,-0.705523,-0.154384,0.6707
2080089035,3,-0.169534,-0.705672,-0.154412,0.670403
2080089045,3,-0.170071,-0.705797,-0.154417,0.670134
2080089055,3,-0.170593,-0.705918,-0.154438,0.669869
2080089065,3,-0.17113,-0.706011,-0.154437,0.669634
2080089075,3,-0.171647,-0.70607,-0.154448,0.669437
2080089085,3,-0.172156,-0.706094,-0.154482,0.669273
2080089095,3,-0.172648,-0.706112,-0.154542,0.669114
2080089105,3,-0.173123,-0.706113,-0.15461,0.668975
2080089116,3,-0.173576,-0.706096,-0.15471,0.668853
2080089126,3,-0.174013,-0.70607,-0.154824,0.66874
2080089136,3,-0.174457,-0.706035,-0.154924,0.668637
2080089146,3,-0.174857,-0.705978,-0.155048,0.668564
2080089156,3,-0.175251,-0.70594,-0.155171,0.668473
2080089166,3,-0.175667,-0.705916,-0.155256,0.66837
2080089176,3,-0.176103,-0.705915,-0.15532,0.66824
2080089186,3,-0.176538,-0.705968,-0.155379,0.668057
2080089196,3,-0.176988,-0.706036,-0.155405,0.667859
2080089206,3,-0.177446,-0.706153,-0.155423,0.667609
2080089216,3,-0.177905,-0.706271,-0.155434,0.66736
2080089226,3,-0.178338,-0.706363,-0.155473,0.667139
2080089236,3,-0.178747,-0.706416,-0.15554,0.666957
2080089247,3,-0.179145,-0.706419,-0.155627,0.666827
2080089257,3,-0.179539,-0.706347,-0.155738,0.666771
2080089267,3,-0.179946,-0.706216,-0.155846,0.666775
2080089277,3,-0.180363,-0.706041,-0.15596,0.666821
2080089287,3,-0.180799,-0.705821,-0.15608,0.666908
2080089297,3,-0.181271,-0.705601,-0.1562,0.666984
2080089307,3,-0.181772,-0.705396,-0.156315,0.667038
2080089317,3,-0.182316,-0.705206,-0.156423,0.667065
2080089327,3,-0.182879,-0.70503,-0.156549,0.667068
2080089337,3,-0.1835,-0.704872,-0.156653,0.667039
2080089347,3,-0.184134,-0.704719,-0.156764,0.667
2080089357,3,-0.184785,-0.70457,-0.156885,0.666949
2080089367,3,-0.185446,-0.70443,-0.157025,0.66688
2080089378,3,-0.186081,-0.70431,-0.157219,0.666785
2080089388,3,-0.186723,-0.704211,-0.157427,0.666661
2080089398,3,-0.187371,-0.704126,-0.157664,0.666512
2080089408,3,-0.188006,-0.704071,-0.157914,0.666332
2080089418,3,-0.188629,-0.704024,-0.15819,0.666141
2080089428,3,-0.189255,-0.703971,-0.158477,0.665951
2080089438,3,-0.189866,-0.703919,-0.158779,0.66576
2080089448,3,-0.190434,-0.703834,-0.15911,0.665609
2080089458,3,-0.190969,-0.703738,-0.159474,0.665469
2080089468,3,-0.19148,-0.703618,-0.159848,0.66536
2080089478,3,-0.191941,-0.703475,-0.160265,0.665278
2080089488,3,-0.19236,-0.703283,-0.160704,0.665254
2080089498,3,-0.192729,-0.703062,-0.161156,0.665271
2080089509,3,-0.193056,-0.702819,-0.161636,0.665317
2080089519,3,-0.19335,-0.702547,-0.162125,0.6654
2080089529,3,-0.193617,-0.702269,-0.162619,0.665496
2080089539,3,-0.193865,-0.702002,-0.163101,0.665587
2080089549,3,-0.194102,-0.701766,-0.163556,0.665655
2080089559,3,-0.194321,-0.701541,-0.164003,0.665718
2080089569,3,-0.194506,-0.701315,-0.164469,0.665787
2080089579,3,-0.194664,-0.7011,-0.164939,0.665851
2080089589,3,-0.194786,-0.700884,-0.165421,0.665924
2080089599,3,-0.194904,-0.70068,-0.16589,0.665987
2080089609,3,-0.19498,-0.700496,-0.166385,0.666035
2080089619,3,-0.195036,-0.700348,-0.166891,0.666047
2080089629,3,-0.195095,-0.700226,-0.167386,0.666034
2080089639,3,-0.195146,-0.700112,-0.167881,0.666014
2080089650,3,-0.195182,-0.700008,-0.168384,0.665987
2080089660,3,-0.195213,-0.699892,-0.168875,0.665975
2080089670,3,-0.195257,-0.699797,-0.169347,0.665942
2080089680,3,-0.19528,-0.699698,-0.169824,0.665918
2080089690,3,-0.195289,-0.699582,-0.170308,0.665913
2080089700,3,-0.195298,-0.699455,-0.170786,0.665922
2080089710,3,-0.195297,-0.69931,-0.171244,0.665957
2080089720,3,-0.195314,-0.699168,-0.171684,0.665987
2080089730,3,-0.195333,-0.699037,-0.172106,0.66601
2080089740,3,-0.19537,-0.698913,-0.172504,0.666027
2080089750,3,-0.195402,-0.698799,-0.1729,0.666035
2080089760,3,-0.195446,-0.69867,-0.173276,0.666059
2080089770,3,-0.195499,-0.698542,-0.173635,0.666084
2080089781,3,-0.195558,-0.698418,-0.173975,0.666109
2080089791,3,-0.195625,-0.698301,-0.174297,0.666127
2080089801,3,-0.195695,-0.698194,-0.174616,0.666135
2080089811,3,-0.195775,-0.698074,-0.17491,0.666161
2080089821,3,-0.195822,-0.697961,-0.175221,0.666183
2080089831,3,-0.195844,-0.697853,-0.175543,0.666205
2080089841,3,-0.195848,-0.697746,-0.175876,0.666228
2080089851,3,-0.195865,-0.697645,-0.176188,0.666246
2080089861,3,-0.195892,-0.697562,-0.176482,0.666247
2080089871,3,-0.195925,-0.69748,-0.176756,0.666252
2080089881,3,-0.195938,-0.697402,-0.177034,0.666256
2080089891,3,-0.195912,-0.697285,-0.177339,0.666304
2080089901,3,-0.19587,-0.697128,-0.177638,0.666401
2080089912,3,-0.195807,-0.696938,-0.177939,0.666538
2080089922,3,-0.195704,-0.696699,-0.178252,0.666734
2080089932,3,-0.195583,-0.696412,-0.178557,0.666989
2080089942,3,-0.195467,-0.696108,-0.178821,0.667269
2080089952,3,-0.195364,-0.695803,-0.179043,0.667557
2080089962,3,-0.19527,-0.695514,-0.179213,0.66784
2080089972,3,-0.195184,-0.695247,-0.179344,0.668108
2080089982,3,-0.195122,-0.695042,-0.179408,0.668322
2080089992,3,-0.195071,-0.694892,-0.179432,0.668487
2080090002,3,-0.195048,-0.694817,-0.179382,0.668586
2080090012,3,-0.19506,-0.694828,-0.179245,0.668607
2080090022,3,-0.195095,-0.694964,-0.179025,0.668514
2080090032,3,-0.19517,-0.695215,-0.178712,0.668316
2080090042,3,-0.195233,-0.695548,-0.178329,0.668053
2080090053,3,-0.195316,-0.695959,-0.177858,0.667725
2080090063,3,-0.195399,-0.696422,-0.177322,0.667361
2080090073,3,-0.195444,-0.696947,-0.176735,0.666955
2080090083,3,-0.195468,-0.697496,-0.17611,0.66654
2080090093,3,-0.195479,-0.698065,-0.175432,0.66612
2080090103,3,-0.195479,-0.698652,-0.174713,0.665694
2080090113,3,-0.195436,-0.699242,-0.173984,0.665276
2080090123,3,-0.195332,-0.699809,-0.173273,0.664897
2080090133,3,-0.195182,-0.700341,-0.172542,0.664571
2080090143,3,-0.195,-0.700831,-0.171807,0.664298
2080090153,3,-0.194721,-0.701271,-0.171129,0.664091
2080090163,3,-0.1944,-0.701651,-0.170469,0.663952
2080090173,3,-0.194028,-0.701974,-0.169824,0.663886
2080090184,3,-0.193591,-0.702267,-0.169202,0.663862
2080090194,3,-0.193112,-0.702539,-0.168585,0.66387
2080090204,3,-0.192591,-0.702791,-0.167981,0.663908
2080090214,3,-0.192053,-0.703034,-0.16737,0.663961
2080090224,3,-0.19149,-0.703283,-0.166747,0.664017
2080090234,3,-0.190911,-0.703563,-0.166099,0.66405
2080090244,3,-0.190319,-0.703883,-0.165426,0.664049
2080090254,3,-0.189691,-0.704254,-0.164748,0.664004
2080090264,3,-0.189033,-0.704636,-0.164046,0.663959
2080090274,3,-0.188331,-0.705066,-0.163358,0.663872
2080090284,3,-0.187591,-0.705509,-0.162669,0.66378
2080090294,3,-0.186824,-0.705975,-0.161985,0.663669
2080090304,3,-0.186058,-0.706445,-0.161269,0.663558
2080090315,3,-0.185276,-0.706923,-0.160546,0.663442
2080090325,3,-0.184499,-0.707422,-0.15981,0.663304
2080090335,3,-0.183725,-0.707927,-0.159065,0.66316
2080090345,3,-0.182962,-0.708426,-0.158324,0.663015
2080090355,3,-0.182186,-0.708901,-0.157598,0.662895
2080090365,3,-0.18142,-0.709322,-0.156872,0.662826
2080090375,3,-0.180645,-0.709658,-0.15619,0.662839
2080090385,3,-0.179868,-0.709879,-0.155534,0.662968
2080090395,3,-0.179086,-0.710019,-0.15491,0.663177
2080090405,3,-0.178324,-0.710057,-0.154311,0.663481
2080090415,3,-0.177596,-0.710046,-0.153747,0.663819
2080090425,3,-0.176912,-0.710005,-0.153181,0.664176
2080090435,3,-0.176259,-0.709967,-0.152627,0.664517
2080090445,3,-0.175657,-0.709965,-0.152079,0.664804
2080090456,3,-0.175089,-0.709995,-0.151547,0.665044
2080090466,3,-0.174547,-0.710064,-0.151043,0.665227
2080090476,3,-0.174013,-0.710162,-0.150574,0.665368
2080090486,3,-0.173486,-0.710286,-0.15015,0.66547
2080090496,3,-0.17294,-0.71041,-0.149776,0.665564
2080090506,3,-0.172398,-0.710525,-0.149442,0.665657
2080090516,3,-0.171867,-0.710598,-0.149137,0.665784
2080090526,3,-0.171343,-0.710669,-0.148841,0.66591
2080090536,3,-0.170842,-0.710727,-0.148539,0.666044
2080090546,3,-0.170398,-0.710799,-0.148209,0.666155
2080090556,3,-0.169964,-0.710885,-0.147887,0.666246
2080090566,3,-0.169582,-0.710969,-0.147526,0.666333
2080090576,3,-0.169229,-0.711057,-0.147153,0.666411
2080090587,3,-0.168903,-0.711142,-0.146776,0.666486
2080090597,3,-0.168614,-0.71121,-0.146399,0.66657
2080090607,3,-0.168345,-0.71126,-0.146032,0.666666
2080090617,3,-0.168089,-0.711295,-0.145681,0.666769
2080090627,3,-0.167833,-0.71129,-0.145361,0.666909
2080090637,3,-0.167593,-0.711259,-0.145078,0.667064
2080090647,3,-0.16736,-0.711214,-0.14484,0.667222
2080090657,3,-0.167148,-0.711137,-0.144634,0.667402
2080090667,3,-0.166957,-0.711055,-0.14445,0.667577
2080090677,3,-0.166787,-0.710973,-0.144299,0.667739
2080090687,3,-0.166626,-0.710882,-0.144175,0.667903
2080090697,3,-0.166482,-0.710761,-0.144095,0.668085
2080090707,3,-0.166359,-0.71062,-0.144045,0.668276
2080090718,3,-0.166234,-0.710458,-0.14402,0.668486
2080090728,3,-0.16613,-0.710302,-0.144018,0.668677
2080090738,3,-0.166038,-0.710154,-0.144018,0.668857
2080090748,3,-0.165975,-0.710036,-0.144025,0.668996
2080090758,3,-0.165899,-0.709936,-0.144036,0.669119
2080090768,3,-0.1658,-0.709828,-0.144077,0.66925
2080090778,3,-0.165702,-0.70972,-0.144108,0.669382
2080090788,3,-0.165604,-0.709651,-0.144138,0.669472
2080090798,3,-0.165491,-0.709629,-0.14416,0.669519
2080090808,3,-0.165401,-0.709662,-0.14415,0.669509
2080090818,3,-0.165298,-0.709714,-0.144139,0.669481
2080090828,3,-0.165192,-0.709798,-0.144118,0.669423
2080090838,3,-0.165109,-0.709907,-0.144079,0.669336
2080090849,3,-0.165045,-0.710061,-0.143992,0.669207
2080090859,3,-0.164988,-0.710215,-0.143889,0.669079
2080090869,3,-0.164935,-0.710375,-0.143805,0.668941
2080090879,3,-0.164882,-0.710525,-0.143713,0.668815
2080090889,3,-0.164812,-0.710633,-0.14366,0.668728
2080090899,3,-0.164739,-0.710736,-0.143641,0.668641
2080090909,3,-0.164681,-0.710799,-0.143645,0.668588
2080090919,3,-0.164625,-0.710827,-0.143684,0.668564
2080090929,3,-0.164592,-0.710812,-0.143744,0.668574
2080090939,3,-0.164585,-0.710783,-0.143839,0.668587
2080090949,3,-0.164577,-0.710729,-0.143979,0.668616
2080090959,3,-0.164614,-0.710656,-0.144148,0.668648
2080090969,3,-0.164651,-0.710536,-0.144341,0.668725
2080090979,3,-0.164702,-0.710388,-0.14457,0.66882
2080090990,3,-0.164813,-0.710238,-0.144789,0.668904
2080091000,3,-0.164935,-0.710115,-0.145047,0.668949
2080091010,3,-0.165089,-0.710041,-0.145306,0.668934
2080091020,3,-0.165265,-0.709996,-0.145569,0.66888
2080091030,3,-0.165444,-0.71002,-0.145878,0.668744
2080091040,3,-0.16563,-0.710104,-0.146231,0.668531
2080091050,3,-0.165827,-0.710217,-0.146585,0.668284
2080091060,3,-0.16602,-0.710359,-0.146979,0.668
2080091070,3,-0.166231,-0.710487,-0.147399,0.667718
2080091080,3,-0.166399,-0.710589,-0.147871,0.667463
2080091090,3,-0.1666,-0.710664,-0.148333,0.66723
2080091100,3,-0.166801,-0.710721,-0.148802,0.667015
2080091110,3,-0.167023,-0.710742,-0.149273,0.666832
2080091121,3,-0.167271,-0.710736,-0.149724,0.666675
2080091131,3,-0.167535,-0.710705,-0.150175,0.666541
2080091141,3,-0.167786,-0.710615,-0.150639,0.666468
2080091151,3,-0.168049,-0.710486,-0.151121,0.666431
2080091161,3,-0.168316,-0.710292,-0.151613,0.666458
2080091171,3,-0.168586,-0.71006,-0.15211,0.666524
2080091181,3,-0.168856,-0.709784,-0.152636,0.666629
2080091191,3,-0.169123,-0.709476,-0.153187,0.666764
2080091201,3,-0.169397,-0.709144,-0.153769,0.666913
2080091211,3,-0.169666,-0.708761,-0.154387,0.667109
2080091221,3,-0.169949,-0.708353,-0.15502,0.667323
2080091231,3,-0.170238,-0.707915,-0.155663,0.667565
2080091241,3,-0.170559,-0.707469,-0.156312,0.667804
2080091252,3,-0.170904,-0.707042,-0.156951,0.668018
2080091262,3,-0.171281,-0.706624,-0.157582,0.668215
2080091272,3,-0.17169,-0.706234,-0.158187,0.668379
2080091282,3,-0.172138,-0.70588,-0.158766,0.668501
2080091292,3,-0.172615,-0.705578,-0.159324,0.668564
2080091302,3,-0.173107,-0.705315,-0.159874,0.668583
2080091312,3,-0.173634,-0.705082,-0.160404,0.668566
2080091322,3,-0.17418,-0.704862,-0.160923,0.66853
2080091332,3,-0.174729,-0.704658,-0.161425,0.668481
2080091342,3,-0.175275,-0.704436,-0.16194,0.668448
2080091352,3,-0.175826,-0.704175,-0.162453,0.668454
2080091362,3,-0.17639,-0.703905,-0.162928,0.668474
2080091372,3,-0.176987,-0.703624,-0.163347,0.668509
2080091382,3,-0.177605,-0.703319,-0.163733,0.668572
2080091393,3,-0.178226,-0.703026,-0.164063,0.668634
2080091403,3,-0.178885,-0.702773,-0.164333,0.668658
2080091413,3,-0.17955,-0.702557,-0.164566,0.66865
2080091423,3,-0.180211,-0.702359,-0.164772,0.668628
2080091433,3,-0.180852,-0.702174,-0.164961,0.668604
2080091443,3,-0.181441,-0.702018,-0.165148,0.668561
2080091453,3,-0.182003,-0.70186,-0.165333,0.668529
2080091463,3,-0.182509,-0.701718,-0.165519,0.668494
2080091473,3,-0.182953,-0.70157,-0.165732,0.668475
2080091483,3,-0.183332,-0.701427,-0.165965,0.668464
2080091493,3,-0.183672,-0.701287,-0.166192,0.668461
2080091503,3,-0.183965,-0.701171,-0.166414,0.668446
2080091513,3,-0.184201,-0.701076,-0.166644,0.668424
2080091524,3,-0.184398,-0.700975,-0.166853,0.668424
2080091534,3,-0.184564,-0.700885,-0.167028,0.668428
2080091544,3,-0.184696,-0.700814,-0.167172,0.66843
2080091554,3,-0.184779,-0.700727,-0.167285,0.66847
2080091564,3,-0.184853,-0.70064,-0.16735,0.668525
2080091574,3,-0.184917,-0.700584,-0.16736,0.668564
2080091584,3,-0.184984,-0.700575,-0.167276,0.668575
2080091594,3,-0.18506,-0.700647,-0.167117,0.668519
2080091604,3,-0.185151,-0.700779,-0.166874,0.668416
2080091614,3,-0.185233,-0.700986,-0.166579,0.66825
2080091624,3,-0.185301,-0.701231,-0.166247,0.668056
2080091634,3,-0.185358,-0.701513,-0.165887,0.667834
2080091644,3,-0.18538,-0.701808,-0.165525,0.667608
2080091655,3,-0.185371,-0.702101,-0.165165,0.667391
2080091665,3,-0.185327,-0.702377,-0.164825,0.667197
2080091675,3,-0.185262,-0.702636,-0.164521,0.667017
2080091685,3,-0.185184,-0.702855,-0.164228,0.666881
2080091695,3,-0.185109,-0.703075,-0.163955,0.666736
2080091705,3,-0.185064,-0.703299,-0.163695,0.666577
2080091715,3,-0.185036,-0.703556,-0.16346,0.66637
2080091725,3,-0.185042,-0.703846,-0.163243,0.666116
2080091735,3,-0.185086,-0.70413,-0.163054,0.66585
2080091745,3,-0.185151,-0.704415,-0.162903,0.665567
2080091755,3,-0.185242,-0.70466,-0.162801,0.665307
2080091765,3,-0.185353,-0.70487,-0.162761,0.665064
2080091775,3,-0.185488,-0.705019,-0.162774,0.664866
2080091785,3,-0.185668,-0.705116,-0.162806,0.664704
2080091796,3,-0.185901,-0.705198,-0.162875,0.664535
2080091806,3,-0.186198,-0.705277,-0.162973,0.664344
2080091816,3,-0.186553,-0.705388,-0.163085,0.664099
2080091826,3,-0.186973,-0.705528,-0.163218,0.663799
2080091836,3,-0.18744,-0.705711,-0.163375,0.663434
2080091846,3,-0.18795,-0.705921,-0.163548,0.663024
2080091856,3,-0.188486,-0.706171,-0.163753,0.662555
2080091866,3,-0.189034,-0.706411,-0.163974,0.662088
2080091876,3,-0.189559,-0.706622,-0.164257,0.661642
2080091886,3,-0.190083,-0.706766,-0.164572,0.66126
2080091896,3,-0.190608,-0.70686,-0.16491,0.660923
2080091906,3,-0.191122,-0.706889,-0.165275,0.660653
2080091916,3,-0.191625,-0.706866,-0.165673,0.660433
2080091927,3,-0.192143,-0.706827,-0.166064,0.660226
2080091937,3,-0.192647,-0.706766,-0.166469,0.660042
2080091947,3,-0.193155,-0.70671,-0.166879,0.65985
2080091957,3,-0.193676,-0.706644,-0.167261,0.659671
2080091967,3,-0.194187,-0.706573,-0.167638,0.659502
2080091977,3,-0.194706,-0.706479,-0.167992,0.659358
2080091987,3,-0.195216,-0.706371,-0.168333,0.659237
2080091997,3,-0.195713,-0.706267,-0.168665,0.659115
2080092007,3,-0.19618,-0.706147,-0.169013,0.659017
2080092017,3,-0.196622,-0.706034,-0.169352,0.658919
2080092027,3,-0.197036,-0.705901,-0.169689,0.658851
2080092037,3,-0.197455,-0.705771,-0.17,0.658785
2080092047,3,-0.197851,-0.705606,-0.170298,0.658766
2080092058,3,-0.198233,-0.705432,-0.170583,0.658763
2080092068,3,-0.198603,-0.705237,-0.170866,0.658788
2080092078,3,-0.198929,-0.70501,-0.171152,0.658858
2080092088,3,-0.19921,-0.704748,-0.171426,0.658982
2080092098,3,-0.199472,-0.704452,-0.171691,0.65915
2080092108,3,-0.199706,-0.70414,-0.171936,0.659349
2080092118,3,-0.19991,-0.703807,-0.172168,0.659582
2080092128,3,-0.200102,-0.703453,-0.172383,0.659845
2080092138,3,-0.200276,-0.703103,-0.172565,0.660117
2080092148,3,-0.200443,-0.702752,-0.172717,0.660401
2080092158,3,-0.200596,-0.702448,-0.17283,0.660648
2080092168,3,-0.200749,-0.702198,-0.172899,0.66085
2080092178,3,-0.200878,-0.701979,-0.172942,0.661031
2080092188,3,-0.200979,-0.701771,-0.17298,0.661212
2080092199,3,-0.201082,-0.701549,-0.172981,0.661416
2080092209,3,-0.201173,-0.701289,-0.172982,0.661664
2080092219,3,-0.201276,-0.701006,-0.172951,0.66194
2080092229,3,-0.201418,-0.700705,-0.172884,0.662233
2080092239,3,-0.201582,-0.700404,-0.172817,0.662519
2080092249,3,-0.201781,-0.700135,-0.172733,0.662765
2080092259,3,-0.202003,-0.69991,-0.172681,0.662948
2080092269,3,-0.202245,-0.699728,-0.172667,0.66307
2080092279,3,-0.202503,-0.699582,-0.172687,0.66314
2080092289,3,-0.202756,-0.699441,-0.172792,0.663184
2080092299,3,-0.203017,-0.699288,-0.172949,0.663225
2080092309,3,-0.203297,-0.699104,-0.173167,0.663276
2080092319,3,-0.203593,-0.698887,-0.173442,0.663343
2080092330,3,-0.203903,-0.69867,-0.173766,0.663391
2080092340,3,-0.204237,-0.698439,-0.174129,0.663437
2080092350,3,-0.204589,-0.698233,-0.174532,0.663439
2080092360,3,-0.204949,-0.698071,-0.174992,0.663377
2080092370,3,-0.205342,-0.697933,-0.175468,0.663275
2080092380,3,-0.20574,-0.697809,-0.175977,0.663147
2080092390,3,-0.206134,-0.697649,-0.176519,0.663049
2080092400,3,-0.206517,-0.697466,-0.177086,0.662971
2080092410,3,-0.206891,-0.697246,-0.177676,0.662928
2080092420,3,-0.207264,-0.697001,-0.178281,0.662907
2080092430,3,-0.207612,-0.696778,-0.178919,0.66286
2080092440,3,-0.207973,-0.696548,-0.179574,0.662812
2080092450,3,-0.208337,-0.696318,-0.180235,0.66276
2080092461,3,-0.208735,-0.696059,-0.180867,0.662735
2080092471,3,-0.209137,-0.695791,-0.18148,0.662721
2080092481,3,-0.209538,-0.695497,-0.182071,0.662742
2080092491,3,-0.209931,-0.695213,-0.18266,0.662753
2080092501,3,-0.21032,-0.694956,-0.183212,0.662747
2080092511,3,-0.210697,-0.694749,-0.18375,0.662694
2080092521,3,-0.211064,-0.694593,-0.184258,0.662601
2080092531,3,-0.211422,-0.694506,-0.184735,0.662445
2080092541,3,-0.211752,-0.694499,-0.185215,0.662212
2080092551,3,-0.212065,-0.694563,-0.185652,0.661924
2080092561,3,-0.212327,-0.694646,-0.186109,0.661624
2080092571,3,-0.212541,-0.694742,-0.186574,0.661324
2080092581,3,-0.212711,-0.694797,-0.187045,0.661078
2080092592,3,-0.212826,-0.694795,-0.187534,0.660904
2080092602,3,-0.212898,-0.694719,-0.188045,0.660816
2080092612,3,-0.212917,-0.69456,-0.188563,0.660829
2080092622,3,-0.212911,-0.694331,-0.189079,0.660925
2080092632,3,-0.212888,-0.694038,-0.189554,0.661103
2080092642,3,-0.212896,-0.693732,-0.189971,0.661302
2080092652,3,-0.212932,-0.693418,-0.190322,0.661519
2080092662,3,-0.213011,-0.693158,-0.19059,0.661689
2080092672,3,-0.213139,-0.69299,-0.190777,0.66177
2080092682,3,-0.213285,-0.692875,-0.190905,0.661806
2080092692,3,-0.213434,-0.69282,-0.191005,0.661787
2080092702,3,-0.213546,-0.692825,-0.191112,0.661715
2080092712,3,-0.213623,-0.692877,-0.191225,0.661602
2080092722,3,-0.213657,-0.69296,-0.19134,0.661472
2080092733,3,-0.213668,-0.693029,-0.191451,0.661363
2080092743,3,-0.213684,-0.693077,-0.19153,0.661286
2080092753,3,-0.213709,-0.693107,-0.19158,0.661231
2080092763,3,-0.213752,-0.693133,-0.191591,0.661187
2080092773,3,-0.21386,-0.693178,-0.19155,0.661117
2080092783,3,-0.214023,-0.693278,-0.191461,0.660985
2080092793,3,-0.214245,-0.693435,-0.191325,0.660787
2080092803,3,-0.214556,-0.693683,-0.191119,0.660486
2080092813,3,-0.214924,-0.694002,-0.19086,0.660106
2080092823,3,-0.215328,-0.694392,-0.190554,0.659652
2080092833,3,-0.215694,-0.694813,-0.190293,0.659165
2080092843,3,-0.216021,-0.695196,-0.190059,0.658721
2080092853,3,-0.216277,-0.695525,-0.189875,0.658343
2080092864,3,-0.216475,-0.695779,-0.189767,0.65804
2080092874,3,-0.216596,-0.695928,-0.189726,0.657855
2080092884,3,-0.216699,-0.695983,-0.189695,0.657772
2080092894,3,-0.216791,-0.696002,-0.189682,0.657725
2080092904,3,-0.216886,-0.69599,-0.189664,0.657711
2080092914,3,-0.216978,-0.696022,-0.189616,0.657661
2080092924,3,-0.21704,-0.696087,-0.189587,0.657579
2080092934,3,-0.217032,-0.696176,-0.189587,0.657489
2080092944,3,-0.216947,-0.69626,-0.189631,0.657415
2080092954,3,-0.216826,-0.696332,-0.189689,0.657362
2080092964,3,-0.216711,-0.696362,-0.189719,0.657359
2080092974,3,-0.216559,-0.696385,-0.189753,0.657375
2080092984,3,-0.21638,-0.696396,-0.189769,0.657418
2080092995,3,-0.216199,-0.696407,-0.189758,0.657469
2080093005,3,-0.216032,-0.696442,-0.189725,0.657496
2080093015,3,-0.215889,-0.696518,-0.189631,0.65749
2080093025,3,-0.215763,-0.696646,-0.189476,0.657441
2080093035,3,-0.21563,-0.696827,-0.189277,0.657349
2080093045,3,-0.2155,-0.697026,-0.189018,0.657256
2080093055,3,-0.215329,-0.697232,-0.188727,0.657176
2080093065,3,-0.215127,-0.697448,-0.188404,0.657107
2080093075,3,-0.214887,-0.697645,-0.18805,0.657078
2080093085,3,-0.214614,-0.697819,-0.187674,0.657089
2080093095,3,-0.214351,-0.69799,-0.187236,0.657118
2080093105,3,-0.214134,-0.69817,-0.18673,0.657142
2080093115,3,-0.213921,-0.698377,-0.186166,0.657151
2080093125,3,-0.213714,-0.698641,-0.185574,0.657106
2080093136,3,-0.213457,-0.698903,-0.185005,0.657071
2080093146,3,-0.213143,-0.69912,-0.184478,0.65709
2080093156,3,-0.212759,-0.699241,-0.184013,0.657217
2080093166,3,-0.212327,-0.699248,-0.183587,0.657468
2080093176,3,-0.211889,-0.6991,-0.183183,0.657879
2080093186,3,-0.211439,-0.698838,-0.182782,0.658413
2080093196,3,-0.210985,-0.698524,-0.182393,0.659
2080093206,3,-0.210521,-0.69827,-0.182016,0.659521
2080093216,3,-0.210046,-0.698126,-0.181659,0.659924
2080093226,3,-0.209544,-0.698081,-0.181342,0.660218
2080093236,3,-0.209025,-0.69812,-0.181064,0.660418
2080093246,3,-0.208499,-0.698187,-0.180824,0.660579
2080093256,3,-0.207969,-0.698237,-0.18062,0.660749
2080093267,3,-0.20746,-0.698226,-0.180434,0.660972
2080093277,3,-0.206947,-0.698167,-0.180291,0.661233
2080093287,3,-0.206485,-0.698054,-0.180163,0.661531
2080093297,3,-0.206077,-0.697943,-0.180049,0.661807
2080093307,3,-0.205772,-0.697881,-0.17989,0.662011
2080093317,3,-0.205579,-0.697886,-0.179698,0.662117
2080093327,3,-0.205497,-0.697951,-0.179466,0.662137
2080093337,3,-0.205512,-0.698053,-0.179226,0.662089
2080093347,3,-0.205602,-0.69815,-0.179008,0.662019
2080093357,3,-0.205773,-0.698244,-0.178797,0.661923
2080093367,3,-0.206014,-0.698292,-0.178628,0.661844
2080093377,3,-0.206308,-0.698304,-0.178508,0.661772
2080093387,3,-0.206694,-0.69833,-0.178398,0.661653
2080093398,3,-0.207166,-0.698371,-0.178301,0.661489
2080093408,3,-0.207706,-0.69846,-0.178251,0.661239
2080093418,3,-0.208314,-0.698576,-0.178242,0.660927
2080093428,3,-0.208973,-0.698734,-0.178284,0.660541
2080093438,3,-0.209676,-0.698888,-0.178395,0.660125
2080093448,3,-0.21041,-0.698991,-0.178579,0.659732
2080093458,3,-0.211203,-0.699035,-0.178794,0.659374
2080093468,3,-0.21203,-0.699041,-0.179057,0.659031
2080093478,3,-0.212898,-0.69898,-0.17937,0.65873
2080093488,3,-0.213835,-0.698921,-0.17969,0.658402
2080093498,3,-0.214797,-0.698903,-0.180064,0.658006
2080093508,3,-0.215802,-0.698904,-0.180487,0.65756
2080093518,3,-0.216822,-0.698911,-0.180983,0.65708
2080093528,3,-0.21783,-0.698884,-0.181575,0.656612
2080093539,3,-0.218854,-0.698812,-0.182228,0.656168
2080093549,3,-0.219906,-0.698647,-0.182936,0.655795
2080093559,3,-0.220967,-0.698354,-0.183709,0.655534
2080093569,3,-0.221998,-0.697967,-0.184556,0.65536
2080093579,3,-0.222952,-0.697525,-0.185499,0.65524
2080093589,3,-0.223865,-0.697032,-0.186475,0.655176
2080093599,3,-0.224753,-0.696552,-0.187456,0.655103
2080093609,3,-0.225635,-0.696095,-0.188415,0.65501
2080093619,3,-0.226539,-0.695628,-0.189335,0.654929
2080093629,3,-0.228057,-0.694909,-0.189592,0.655092
2080093639,3,-0.229742,-0.694087,-0.189685,0.655347
2080093649,3,-0.231567,-0.693239,-0.189629,0.655619
2080093659,3,-0.233534,-0.692444,-0.189444,0.655814
2080093670,3,-0.235588,-0.691798,-0.189146,0.655848
2080093680,3,-0.237686,-0.691373,-0.188793,0.65564
2080093690,3,-0.239771,-0.691204,-0.188437,0.655162
2080093700,3,-0.24178,-0.691286,-0.188152,0.654418
2080093710,3,-0.243683,-0.6916,-0.187969,0.653433
2080093720,3,-0.245447,-0.692114,-0.187923,0.65224
2080093730,3,-0.247027,-0.692798,-0.188038,0.650883
2080093740,3,-0.248371,-0.693604,-0.188347,0.649422
2080093750,3,-0.249436,-0.694474,-0.188877,0.647929
2080093760,3,-0.250185,-0.69531,-0.189652,0.646516
2080093770,3,-0.250592,-0.696006,-0.190679,0.645306
2080093780,3,-0.250852,-0.696836,-0.191744,0.643991
2080093790,3,-0.250737,-0.69739,-0.193041,0.643049
2080093801,3,-0.250267,-0.697641,-0.19452,0.642514
2080093811,3,-0.249508,-0.697535,-0.196076,0.642451
2080093821,3,-0.248503,-0.697135,-0.197622,0.642802
2080093831,3,-0.247202,-0.696443,-0.199196,0.643566
2080093841,3,-0.245687,-0.695537,-0.200739,0.644646
2080093851,3,-0.24395,-0.694445,-0.20225,0.64601
2080093861,3,-0.242013,-0.693175,-0.203731,0.647634
2080093871,3,-0.239898,-0.6917,-0.205165,0.649543
2080093881,3,-0.237713,-0.690072,-0.206475,0.651659
2080093891,3,-0.235514,-0.688391,-0.20761,0.653871
2080093901,3,-0.233361,-0.686748,-0.208544,0.65607
2080093911,3,-0.231196,-0.68525,-0.209355,0.658141
2080093921,3,-0.229001,-0.684,-0.210118,0.659964
2080093931,3,-0.226728,-0.683017,-0.210892,0.661517
2080093942,3,-0.224341,-0.682225,-0.211745,0.662874
2080093952,3,-0.22187,-0.681634,-0.212679,0.664014
2080093962,3,-0.21938,-0.681278,-0.21363,0.664901
2080093972,3,-0.216974,-0.681203,-0.214528,0.665478
2080093982,3,-0.214719,-0.681446,-0.215299,0.665711
2080093992,3,-0.212785,-0.682013,-0.215825,0.665582
2080094002,3,-0.211158,-0.682911,-0.216114,0.665084
2080094012,3,-0.20985,-0.684114,-0.216163,0.664246
2080094022,3,-0.208838,-0.685552,-0.215986,0.663139
2080094032,3,-0.208138,-0.687162,-0.215573,0.661826
2080094042,3,-0.207766,-0.688895,-0.21492,0.660352
2080094052,3,-0.207775,-0.690693,-0.213954,0.658783
2080094062,3,-0.208159,-0.69259,-0.212681,0.65708
2080094073,3,-0.208875,-0.694519,-0.211117,0.655318
2080094083,3,-0.20981,-0.696431,-0.209393,0.653542
2080094093,3,-0.210858,-0.698219,-0.207599,0.651867
2080094103,3,-0.211933,-0.699836,-0.205815,0.650348
2080094113,3,-0.212944,-0.701233,-0.204138,0.649041
2080094123,3,-0.21388,-0.70241,-0.202593,0.647943
2080094133,3,-0.214756,-0.703397,-0.201174,0.647024
2080094143,3,-0.215599,-0.704217,-0.199867,0.646256
2080094153,3,-0.216403,-0.704835,-0.19869,0.645676
2080094163,3,-0.217153,-0.705219,-0.197674,0.645318
2080094173,3,-0.21782,-0.70535,-0.196837,0.645205
2080094183,3,-0.218347,-0.705262,-0.196229,0.645308
2080094193,3,-0.21869,-0.704979,-0.19587,0.64561
2080094204,3,-0.218834,-0.704596,-0.19575,0.646016
2080094214,3,-0.218845,-0.70418,-0.195776,0.646458
2080094224,3,-0.218771,-0.703741,-0.195888,0.646927
2080094234,3,-0.218612,-0.703252,-0.196073,0.647456
2080094244,3,-0.218366,-0.70266,-0.196324,0.648105
2080094254,3,-0.217985,-0.701949,-0.19669,0.648893
2080094264,3,-0.217474,-0.701081,-0.197165,0.649857
2080094274,3,-0.21682,-0.700038,-0.197779,0.651013
2080094284,3,-0.21604,-0.698824,-0.198533,0.652345
2080094294,3,-0.215162,-0.697492,-0.199402,0.653795
2080094304,3,-0.21428,-0.696099,-0.200291,0.655295
2080094314,3,-0.213498,-0.694746,-0.201135,0.656726
2080094324,3,-0.212804,-0.693491,-0.201913,0.658038
2080094335,3,-0.212275,-0.692405,-0.202545,0.659158
2080094345,3,-0.211915,-0.691519,-0.203007,0.66006
2080094355,3,-0.211674,-0.690873,-0.203327,0.660716
2080094365,3,-0.211555,-0.690484,-0.203479,0.661114
2080094375,3,-0.211522,-0.690353,-0.203471,0.661263
2080094385,3,-0.211536,-0.69045,-0.20333,0.661201
2080094395,3,-0.211599,-0.690757,-0.203009,0.660958
2080094405,3,-0.211702,-0.691292,-0.202481,0.660528
2080094415,3,-0.211806,-0.692039,-0.201738,0.659939
2080094425,3,-0.211858,-0.693011,-0.200809,0.659186
2080094435,3,-0.211843,-0.69422,-0.199684,0.658259
2080094445,3,-0.211764,-0.695633,-0.198339,0.657199
2080094455,3,-0.211656,-0.697262,-0.196768,0.655979
2080094465,3,-0.211517,-0.699073,-0.194948,0.654638
2080094476,3,-0.211346,-0.701037,-0.192903,0.653197
2080094486,3,-0.211114,-0.70307,-0.190692,0.651735
2080094496,3,-0.210897,-0.70515,-0.188266,0.650262
2080094506,3,-0.210642,-0.707245,-0.185736,0.648795
2080094516,3,-0.210298,-0.709242,-0.183192,0.647448
2080094526,3,-0.209857,-0.711069,-0.180669,0.646295
2080094536,3,-0.209335,-0.712666,-0.178191,0.645393
2080094546,3,-0.20875,-0.713972,-0.175764,0.644805
2080094556,3,-0.208091,-0.714961,-0.173426,0.644555
2080094566,3,-0.207402,-0.71563,-0.171179,0.644635
2080094576,3,-0.206686,-0.715985,-0.169039,0.645036
2080094586,3,-0.205994,-0.716048,-0.166967,0.645726
2080094596,3,-0.205335,-0.715863,-0.164988,0.646649
2080094607,3,-0.20476,-0.715485,-0.163089,0.647731
2080094617,3,-0.204278,-0.714958,-0.161255,0.648923
2080094627,3,-0.203947,-0.714332,-0.159466,0.650157
2080094637,3,-0.203734,-0.713656,-0.157771,0.651378
2080094647,3,-0.20364,-0.712975,-0.156183,0.652536
2080094657,3,-0.203603,-0.7123,-0.154764,0.653621
2080094667,3,-0.203612,-0.711656,-0.153553,0.654605
2080094677,3,-0.203666,-0.711048,-0.152584,0.655474
2080094687,3,-0.203743,-0.710514,-0.151865,0.656197
2080094697,3,-0.203847,-0.710099,-0.151376,0.656726
2080094707,3,-0.203969,-0.709824,-0.151137,0.657041
2080094717,3,-0.204115,-0.709704,-0.151112,0.657131
2080094727,3,-0.204273,-0.709723,-0.1513,0.657017
2080094738,3,-0.204429,-0.709816,-0.151728,0.65677
2080094748,3,-0.204579,-0.709916,-0.152364,0.656468
2080094758,3,-0.204659,-0.709944,-0.153241,0.656209
2080094768,3,-0.20466,-0.709842,-0.154377,0.656053
2080094778,3,-0.204564,-0.70958,-0.155776,0.656035
2080094788,3,-0.204374,-0.70913,-0.157438,0.656184
2080094798,3,-0.204086,-0.708486,-0.159327,0.656513
2080094808,3,-0.20375,-0.707645,-0.161399,0.657018
2080094818,3,-0.203397,-0.706654,-0.163589,0.657652
2080094828,3,-0.203063,-0.705559,-0.16585,0.658365
2080094838,3,-0.202731,-0.704386,-0.168211,0.659124
2080094848,3,-0.202414,-0.703168,-0.17066,0.659892
2080094858,3,-0.202131,-0.701892,-0.173132,0.660692
2080094868,3,-0.201903,-0.70061,-0.175607,0.661469
2080094879,3,-0.201751,-0.699297,-0.178041,0.662254
2080094889,3,-0.201715,-0.697974,-0.180409,0.663019
2080094899,3,-0.201801,-0.696659,-0.182695,0.663749
2080094909,3,-0.202028,-0.695386,-0.184859,0.664416
2080094919,3,-0.202426,-0.694197,-0.1869,0.664967
2080094929,3,-0.202979,-0.693108,-0.188826,0.665389
2080094939,3,-0.203694,-0.69216,-0.190611,0.665649
2080094949,3,-0.204576,-0.691358,-0.19226,0.665738
2080094959,3,-0.205617,-0.690699,-0.193785,0.66566
2080094969,3,-0.206786,-0.690187,-0.195214,0.665411
2080094979,3,-0.208101,-0.689807,-0.19653,0.665007
2080094989,3,-0.209485,-0.689521,-0.197796,0.664494
2080094999,3,-0.210942,-0.689306,-0.198993,0.663898
2080095010,3,-0.212419,-0.689148,-0.200174,0.663236
2080095020,3,-0.213901,-0.688998,-0.201355,0.662557
2080095030,3,-0.215366,-0.688843,-0.202527,0.661886
2080095040,3,-0.216799,-0.688684,-0.203698,0.661224
2080095050,3,-0.218152,-0.6885,-0.204919,0.660593
2080095060,3,-0.219433,-0.688242,-0.206166,0.66005
2080095070,3,-0.220589,-0.6879,-0.207494,0.659605
2080095080,3,-0.221663,-0.687465,-0.208866,0.659266
2080095090,3,-0.222611,-0.686955,-0.210299,0.659022
2080095100,3,-0.223492,-0.686362,-0.211732,0.658883
2080095110,3,-0.224283,-0.68571,-0.213217,0.658814
2080095120,3,-0.225012,-0.685018,-0.214692,0.658806
2080095130,3,-0.225701,-0.684308,-0.216156,0.658829
2080095141,3,-0.226366,-0.683625,-0.217584,0.65884
2080095151,3,-0.226993,-0.682973,-0.218984,0.658837
2080095161,3,-0.227608,-0.682365,-0.220324,0.658808
2080095171,3,-0.228224,-0.681812,-0.221588,0.658744
2080095181,3,-0.228827,-0.681338,-0.222779,0.658623
2080095191,3,-0.229423,-0.680976,-0.223883,0.658416
2080095201,3,-0.230042,-0.6807,-0.224877,0.658147
2080095211,3,-0.230655,-0.680511,-0.225776,0.657819
2080095221,3,-0.231278,-0.680428,-0.226557,0.657418
2080095231,3,-0.231914,-0.680469,-0.227218,0.656923
2080095241,3,-0.232556,-0.680604,-0.227773,0.656364
2080095251,3,-0.233232,-0.680855,-0.22818,0.655722
2080095261,3,-0.233952,-0.681232,-0.228427,0.654988
2080095271,3,-0.234694,-0.681734,-0.228536,0.654161
2080095282,3,-0.235463,-0.682348,-0.22851,0.653253
2080095292,3,-0.236249,-0.683071,-0.228349,0.652269
2080095302,3,-0.237021,-0.683847,-0.228093,0.651265
2080095312,3,-0.237759,-0.684626,-0.227753,0.650296
2080095322,3,-0.238411,-0.685369,-0.227378,0.649406
2080095332,3,-0.238988,-0.686033,-0.226999,0.648624
2080095342,3,-0.239484,-0.686624,-0.226604,0.647954
2080095352,3,-0.239904,-0.687134,-0.226207,0.647396
2080095362,3,-0.240274,-0.687576,-0.225797,0.646933
2080095372,3,-0.240594,-0.687977,-0.225361,0.646539
2080095382,3,-0.240848,-0.6883,-0.224914,0.646256
2080095392,3,-0.24106,-0.688569,-0.224455,0.64605
2080095402,3,-0.24122,-0.688791,-0.223987,0.645917
2080095413,3,-0.241333,-0.688964,-0.223509,0.645856
2080095423,3,-0.241429,-0.689153,-0.222977,0.645802
2080095433,3,-0.241491,-0.68932,-0.222436,0.645787
2080095443,3,-0.241533,-0.689509,-0.221854,0.645769
2080095453,3,-0.241546,-0.689741,-0.221243,0.645727
2080095463,3,-0.241528,-0.690019,-0.220595,0.645658
2080095473,3,-0.241486,-0.690367,-0.219919,0.645533
2080095483,3,-0.241384,-0.690784,-0.219227,0.64536
2080095493,3,-0.241231,-0.69125,-0.218515,0.645159
2080095503,3,-0.24106,-0.691753,-0.217761,0.644938
2080095513,3,-0.240824,-0.692315,-0.216995,0.644682
2080095523,3,-0.240578,-0.692915,-0.216166,0.644408
2080095533,3,-0.240302,-0.693532,-0.215304,0.644136
2080095544,3,-0.239997,-0.694159,-0.214401,0.643875
2080095554,3,-0.239671,-0.694764,-0.213477,0.643651
2080095564,3,-0.239324,-0.69535,-0.212518,0.643465
2080095574,3,-0.238956,-0.695895,-0.211563,0.643327
2080095584,3,-0.238571,-0.69636,-0.210597,0.643284
2080095594,3,-0.238155,-0.696749,-0.209638,0.64333
2080095604,3,-0.237697,-0.697041,-0.208733,0.643477
2080095614,3,-0.2372,-0.697226,-0.207886,0.643734
2080095624,3,-0.236665,-0.697285,-0.207077,0.644128
2080095634,3,-0.23612,-0.697243,-0.206302,0.644622
2080095644,3,-0.235566,-0.697109,-0.205565,0.645205
2080095654,3,-0.235002,-0.696911,-0.204875,0.645844
2080095664,3,-0.234428,-0.696664,-0.204237,0.646519
2080095674,3,-0.233838,-0.696406,-0.203666,0.647192
2080095685,3,-0.23323,-0.696122,-0.203147,0.647879
2080095695,3,-0.232628,-0.695844,-0.202671,0.648544
2080095705,3,-0.232021,-0.695584,-0.202246,0.649172
2080095715,3,-0.231423,-0.695351,-0.201846,0.649759
2080095725,3,-0.230837,-0.69516,-0.201481,0.650285
2080095735,3,-0.230249,-0.695017,-0.201156,0.650747
2080095745,3,-0.229678,-0.694915,-0.20085,0.651152
2080095755,3,-0.229124,-0.694867,-0.200574,0.651483
2080095765,3,-0.228572,-0.694848,-0.200332,0.651772
2080095775,3,-0.228039,-0.694857,-0.200104,0.652019
2080095785,3,-0.227534,-0.694863,-0.199897,0.652252
2080095795,3,-0.227025,-0.694866,-0.199732,0.652477
2080095805,3,-0.226516,-0.694838,-0.199604,0.652723
2080095816,3,-0.226027,-0.694785,-0.199509,0.652978
2080095826,3,-0.225527,-0.69469,-0.199476,0.653262
2080095836,3,-0.225054,-0.694548,-0.199462,0.653579
2080095846,3,-0.224618,-0.694376,-0.199466,0.653912
2080095856,3,-0.224206,-0.694165,-0.199497,0.654267
2080095866,3,-0.223847,-0.693898,-0.199542,0.65466
2080095876,3,-0.223552,-0.693615,-0.199589,0.655046
2080095886,3,-0.223326,-0.693301,-0.199637,0.655441
2080095896,3,-0.223136,-0.692978,-0.199709,0.655825
2080095906,3,-0.22299,-0.692617,-0.199808,0.656226
2080095916,3,-0.222886,-0.692242,-0.199942,0.656616
2080095926,3,-0.222807,-0.691838,-0.200115,0.657015
2080095936,3,-0.222751,-0.691454,-0.200351,0.657367
2080095947,3,-0.222717,-0.691085,-0.200628,0.657682
2080095957,3,-0.222741,-0.690778,-0.200916,0.657908
2080095967,3,-0.222803,-0.690541,-0.20123,0.65804
2080095977,3,-0.222899,-0.690355,-0.20155,0.658104
2080095987,3,-0.223051,-0.69022,-0.201877,0.658094
2080095997,3,-0.223239,-0.690157,-0.202195,0.658
2080096007,3,-0.223462,-0.690126,-0.202535,0.657852
2080096017,3,-0.223696,-0.690111,-0.202891,0.657678
2080096027,3,-0.223922,-0.690112,-0.203254,0.657488
2080096037,3,-0.22415,-0.69011,-0.203629,0.657296
2080096047,3,-0.224394,-0.690129,-0.203986,0.657082
2080096057,3,-0.224633,-0.690166,-0.204356,0.656847
2080096067,3,-0.224852,-0.690192,-0.204732,0.656627
2080096078,3,-0.225035,-0.690217,-0.205123,0.656417
2080096088,3,-0.22523,-0.690248,-0.205472,0.656207
2080096098,3,-0.225449,-0.690288,-0.20577,0.655997
2080096108,3,-0.225681,-0.690366,-0.206023,0.655756
2080096118,3,-0.225939,-0.690458,-0.206228,0.655506
2080096128,3,-0.226203,-0.690575,-0.206375,0.655244
2080096138,3,-0.226437,-0.690723,-0.206509,0.654966
2080096148,3,-0.226648,-0.690867,-0.20663,0.654703
2080096158,3,-0.226843,-0.691003,-0.206732,0.65446
2080096168,3,-0.227008,-0.691111,-0.206813,0.654262
2080096178,3,-0.227154,-0.691223,-0.206878,0.654073
2080096188,3,-0.227285,-0.691317,-0.206915,0.653916
2080096198,3,-0.227403,-0.691417,-0.20693,0.653765
2080096208,3,-0.227483,-0.691515,-0.206926,0.653634
2080096219,3,-0.227575,-0.691643,-0.206879,0.653482
2080096229,3,-0.227654,-0.691775,-0.206795,0.653341
2080096239,3,-0.227724,-0.691953,-0.206667,0.653169
2080096249,3,-0.227796,-0.692168,-0.206482,0.652975
2080096259,3,-0.227814,-0.692442,-0.2063,0.652735
2080096269,3,-0.22778,-0.692721,-0.206105,0.652513
2080096279,3,-0.227724,-0.693012,-0.205881,0.652294
2080096289,3,-0.227615,-0.693304,-0.205644,0.652096
2080096299,3,-0.227426,-0.693606,-0.205395,0.65192
2080096309,3,-0.227184,-0.693904,-0.205126,0.651772
2080096319,3,-0.226908,-0.69421,-0.204828,0.651636
2080096329,3,-0.226576,-0.694512,-0.204515,0.651528
2080096339,3,-0.226243,-0.694808,-0.204145,0.651444
2080096350,3,-0.225885,-0.695081,-0.203742,0.651403
2080096360,3,-0.225499,-0.695341,-0.203308,0.651395
2080096370,3,-0.225073,-0.695598,-0.202879,0.651402
2080096380,3,-0.22462,-0.695849,-0.202434,0.651428
2080096390,3,-0.224171,-0.696096,-0.20197,0.651463
2080096400,3,-0.223734,-0.696339,-0.201478,0.651506
2080096410,3,-0.22329,-0.696592,-0.200994,0.651537
2080096420,3,-0.222838,-0.696842,-0.200516,0.651572
2080096430,3,-0.222393,-0.697099,-0.200069,0.651586
2080096440,3,-0.221955,-0.697353,-0.199628,0.6516
2080096450,3,-0.221526,-0.697568,-0.19921,0.651643
2080096460,3,-0.221114,-0.697745,-0.198812,0.651716
2080096470,3,-0.220719,-0.697886,-0.198457,0.651806
2080096481,3,-0.220353,-0.697994,-0.198127,0.651915
2080096491,3,-0.220039,-0.698057,-0.197816,0.652048
2080096501,3,-0.219729,-0.698082,-0.197556,0.652205
2080096511,3,-0.219453,-0.698075,-0.197344,0.652369
2080096521,3,-0.219242,-0.698007,-0.197146,0.652573
2080096531,3,-0.219074,-0.697897,-0.196991,0.652794
2080096541,3,-0.218944,-0.697762,-0.19689,0.653011
2080096551,3,-0.218823,-0.697582,-0.196868,0.653251
2080096561,3,-0.218703,-0.697372,-0.196924,0.653499
2080096571,3,-0.218581,-0.697121,-0.197054,0.653769
2080096581,3,-0.218469,-0.696838,-0.197255,0.654047
2080096591,3,-0.218367,-0.696577,-0.197495,0.654287
2080096601,3,-0.218288,-0.696304,-0.197786,0.654515
2080096611,3,-0.218241,-0.696048,-0.198088,0.654712
2080096622,3,-0.218208,-0.695818,-0.19842,0.654867
2080096632,3,-0.218218,-0.695612,-0.198737,0.654986
2080096642,3,-0.218259,-0.695417,-0.199054,0.655084
2080096652,3,-0.218347,-0.695238,-0.199359,0.655151
2080096662,3,-0.218482,-0.695062,-0.199639,0.655207
2080096672,3,-0.218635,-0.694879,-0.199922,0.655264
2080096682,3,-0.218805,-0.694669,-0.200226,0.655337
2080096692,3,-0.218977,-0.694437,-0.200552,0.655427
2080096702,3,-0.219183,-0.694183,-0.200879,0.655526
2080096712,3,-0.219392,-0.693897,-0.201234,0.65565
2080096722,3,-0.219611,-0.693578,-0.201618,0.655797
2080096732,3,-0.219842,-0.693236,-0.202007,0.655961
2080096742,3,-0.220111,-0.692874,-0.2024,0.656132
2080096753,3,-0.220396,-0.692473,-0.202786,0.656341
2080096763,3,-0.220702,-0.692043,-0.20318,0.656569
2080096773,3,-0.221033,-0.691599,-0.203579,0.656802
2080096783,3,-0.221377,-0.691155,-0.203986,0.657027
2080096793,3,-0.221766,-0.690733,-0.204389,0.657214
2080096803,3,-0.222166,-0.690334,-0.204794,0.657373
2080096813,3,-0.222593,-0.689967,-0.205185,0.657491
2080096823,3,-0.223013,-0.689637,-0.205587,0.65757
2080096833,3,-0.223458,-0.689338,-0.205992,0.657606
2080096843,3,-0.223886,-0.689056,-0.206418,0.657622
2080096853,3,-0.224278,-0.688803,-0.206873,0.657611
2080096863,3,-0.224629,-0.688578,-0.207362,0.657572
2080096873,3,-0.224996,-0.6884,-0.207826,0.657487
2080096884,3,-0.22534,-0.688259,-0.208269,0.657376
2080096894,3,-0.225684,-0.688164,-0.208676,0.657229
2080096904,3,-0.225992,-0.688074,-0.209078,0.657089
2080096914,3,-0.226288,-0.687996,-0.209433,0.656956
2080096924,3,-0.226606,-0.687941,-0.209717,0.656813
2080096934,3,-0.226924,-0.687921,-0.209943,0.656652
2080096944,3,-0.227259,-0.687937,-0.210085,0.656475
2080096954,3,-0.227581,-0.687975,-0.210173,0.656294
2080096964,3,-0.227871,-0.688039,-0.210236,0.656107
2080096974,3,-0.228133,-0.688132,-0.21027,0.655907
2080096984,3,-0.228367,-0.688239,-0.210281,0.655711
2080096994,3,-0.228562,-0.68834,-0.210266,0.655541
2080097004,3,-0.228713,-0.688449,-0.210239,0.655383
2080097014,3,-0.228834,-0.688561,-0.210175,0.655243
2080097025,3,-0.228928,-0.688682,-0.210074,0.655116
2080097035,3,-0.229006,-0.688818,-0.209928,0.654992
2080097045,3,-0.22906,-0.688983,-0.209755,0.654855
2080097055,3,-0.229104,-0.68919,-0.209545,0.654689
2080097065,3,-0.22909,-0.689443,-0.209335,0.654495
2080097075,3,-0.229045,-0.689739,-0.209118,0.654269
2080097085,3,-0.228962,-0.690063,-0.208885,0.65403
2080097095,3,-0.228839,-0.690413,-0.208654,0.653777
2080097105,3,-0.228681,-0.690772,-0.208405,0.653532
2080097115,3,-0.228458,-0.691146,-0.208191,0.653283
2080097125,3,-0.228193,-0.691538,-0.207968,0.653032
2080097135,3,-0.227888,-0.69196,-0.207749,0.652762
2080097145,3,-0.227545,-0.692367,-0.207544,0.652514
2080097156,3,-0.227156,-0.692763,-0.207339,0.652295
2080097166,3,-0.226761,-0.693158,-0.207117,0.652083
2080097176,3,-0.226367,-0.69352,-0.206873,0.651912
2080097186,3,-0.225967,-0.693866,-0.206624,0.651762
2080097196,3,-0.225584,-0.694211,-0.206338,0.651618
2080097206,3,-0.225233,-0.694554,-0.206005,0.65148
2080097216,3,-0.224924,-0.694884,-0.205646,0.651347
2080097226,3,-0.224643,-0.695193,-0.205267,0.651234
2080097236,3,-0.224404,-0.695488,-0.204883,0.651122
2080097246,3,-0.224181,-0.695767,-0.2045,0.651021
2080097256,3,-0.224,-0.696006,-0.204127,0.650945
2080097266,3,-0.223846,-0.69618,-0.203787,0.650919
2080097276,3,-0.223742,-0.696281,-0.203472,0.650945
2080097287,3,-0.22367,-0.696322,-0.203192,0.651014
2080097297,3,-0.223648,-0.696305,-0.202949,0.651116
2080097307,3,-0.223674,-0.69625,-0.202751,0.651227
2080097317,3,-0.22374,-0.696161,-0.202607,0.651344
2080097327,3,-0.223853,-0.696069,-0.202506,0.651434
2080097337,3,-0.223981,-0.696,-0.202485,0.651472
2080097347,3,-0.22412,-0.695916,-0.20253,0.651499
2080097357,3,-0.224279,-0.695827,-0.202643,0.651504
2080097367,3,-0.224446,-0.695735,-0.202804,0.651495
2080097377,3,-0.224623,-0.695638,-0.203022,0.651469
2080097387,3,-0.224798,-0.695534,-0.203264,0.651445
2080097397,3,-0.224948,-0.695399,-0.203564,0.651444
2080097407,3,-0.225101,-0.695235,-0.203865,0.651472
2080097417,3,-0.225264,-0.695064,-0.20415,0.651509
2080097428,3,-0.225447,-0.69487,-0.204403,0.651573
2080097438,3,-0.225628,-0.694643,-0.204646,0.651676
2080097448,3,-0.225821,-0.694396,-0.204845,0.65181
2080097458,3,-0.226025,-0.694146,-0.204988,0.651961
2080097468,3,-0.226252,-0.693919,-0.205078,0.652095
2080097478,3,-0.226454,-0.693663,-0.205141,0.652277
2080097488,3,-0.226614,-0.693397,-0.205212,0.652482
2080097498,3,-0.22673,-0.693134,-0.205283,0.652699
2080097508,3,-0.226825,-0.692843,-0.205345,0.652955
2080097518,3,-0.226877,-0.692547,-0.205421,0.653227
2080097528,3,-0.226886,-0.69226,-0.205496,0.653505
2080097538,3,-0.22686,-0.69199,-0.20557,0.653776
2080097548,3,-0.22681,-0.691756,-0.205623,0.654024
2080097559,3,-0.226731,-0.691557,-0.205669,0.654249
2080097569,3,-0.226618,-0.691343,-0.205721,0.654497
2080097579,3,-0.226458,-0.691119,-0.205798,0.654765
2080097589,3,-0.226284,-0.69091,-0.205845,0.655031
2080097599,3,-0.226087,-0.690694,-0.205891,0.655311
2080097609,3,-0.225903,-0.690524,-0.205903,0.65555
2080097619,3,-0.225692,-0.690396,-0.20591,0.655756
2080097629,3,-0.225473,-0.690299,-0.205896,0.655938
2080097639,3,-0.225259,-0.690274,-0.205845,0.656053
2080097649,3,-0.22505,-0.690299,-0.205766,0.656124
2080097659,3,-0.224819,-0.690388,-0.205686,0.656135
2080097669,3,-0.224575,-0.6905,-0.205588,0.656131
2080097679,3,-0.224312,-0.690633,-0.20549,0.656112
2080097690,3,-0.224043,-0.690775,-0.205376,0.65609
2080097700,3,-0.22376,-0.690901,-0.205247,0.656094
2080097710,3,-0.22348,-0.691028,-0.205097,0.656103
2080097720,3,-0.223224,-0.691172,-0.204907,0.656098
2080097730,3,-0.222971,-0.691342,-0.204693,0.656071
2080097740,3,-0.222782,-0.691544,-0.204405,0.656012
2080097750,3,-0.222643,-0.691775,-0.204081,0.655917
2080097760,3,-0.222502,-0.692049,-0.203756,0.655776
2080097770,3,-0.222393,-0.692316,-0.203414,0.655638
2080097780,3,-0.222292,-0.692576,-0.203106,0.655493
2080097790,3,-0.222192,-0.692818,-0.20283,0.655357
2080097800,3,-0.22209,-0.693019,-0.202599,0.65525
2080097810,3,-0.221982,-0.693211,-0.202418,0.655139
2080097821,3,-0.221903,-0.693383,-0.20228,0.655027
2080097831,3,-0.221826,-0.693531,-0.202197,0.654922
2080097841,3,-0.221776,-0.693681,-0.202144,0.654796
2080097851,3,-0.221741,-0.693848,-0.202147,0.654631
2080097861,3,-0.221724,-0.69403,-0.202176,0.654434
2080097871,3,-0.221739,-0.694219,-0.202224,0.654214
2080097881,3,-0.221774,-0.694394,-0.202295,0.653994
2080097891,3,-0.221844,-0.694553,-0.202368,0.653779
2080097901,3,-0.221922,-0.694715,-0.202447,0.653556
2080097911,3,-0.22203,-0.694861,-0.202526,0.653339
2080097921,3,-0.222164,-0.695035,-0.202592,0.653089
2080097931,3,-0.222328,-0.695213,-0.20264,0.652828
2080097941,3,-0.22251,-0.695392,-0.202685,0.652562
2080097951,3,-0.222702,-0.695591,-0.202724,0.652272
2080097962,3,-0.222878,-0.695786,-0.202779,0.651986
2080097972,3,-0.223039,-0.695975,-0.202852,0.651707
2080097982,3,-0.223189,-0.696153,-0.202928,0.651442
2080097992,3,-0.223341,-0.69629,-0.20301,0.651218
2080098002,3,-0.223485,-0.696382,-0.203103,0.651042
2080098012,3,-0.223606,-0.696418,-0.203198,0.650931
2080098022,3,-0.223729,-0.696423,-0.203286,0.650856
2080098032,3,-0.223841,-0.696383,-0.203374,0.650833
2080098042,3,-0.223944,-0.696319,-0.203463,0.650838
2080098052,3,-0.224071,-0.696226,-0.203529,0.650873
2080098062,3,-0.224197,-0.696106,-0.203596,0.650938
2080098072,3,-0.224304,-0.695954,-0.203668,0.65104
2080098082,3,-0.224407,-0.695783,-0.203746,0.651163
2080098093,3,-0.224493,-0.695569,-0.203843,0.651332
2080098103,3,-0.224557,-0.695309,-0.203972,0.651547
2080098113,3,-0.22461,-0.695021,-0.204114,0.651791
2080098123,3,-0.224663,-0.694714,-0.20425,0.652057
2080098133,3,-0.22473,-0.694404,-0.204367,0.652328
2080098143,3,-0.224836,-0.694117,-0.204452,0.65257
2080098153,3,-0.224969,-0.693857,-0.204507,0.652783
2080098163,3,-0.225098,-0.693603,-0.204573,0.652989
2080098173,3,-0.225245,-0.693357,-0.204613,0.653186
2080098183,3,-0.225385,-0.693132,-0.204658,0.653363
2080098193,3,-0.225504,-0.692933,-0.204724,0.653513
2080098203,3,-0.225625,-0.692757,-0.204785,0.653638
2080098213,3,-0.225704,-0.692592,-0.204881,0.653756
2080098224,3,-0.225772,-0.692427,-0.204981,0.653875
2080098234,3,-0.225806,-0.692261,-0.2051,0.654001
2080098244,3,-0.225813,-0.69208,-0.205241,0.654147
2080098254,3,-0.225798,-0.691893,-0.20539,0.654303
2080098264,3,-0.225785,-0.69171,-0.205523,0.65446
2080098274,3,-0.225755,-0.691538,-0.205651,0.654611
2080098284,3,-0.225739,-0.691369,-0.205744,0.654766
2080098294,3,-0.225721,-0.691218,-0.205824,0.654906
2080098304,3,-0.225707,-0.69108,-0.20588,0.655039
2080098314,3,-0.225718,-0.690953,-0.205894,0.655165
2080098324,3,-0.225727,-0.69084,-0.205896,0.655281
2080098334,3,-0.225724,-0.69074,-0.205903,0.655384
2080098344,3,-0.225731,-0.690637,-0.205907,0.65549
2080098354,3,-0.225745,-0.690535,-0.205911,0.655591
2080098365,3,-0.225751,-0.69042,-0.205931,0.655704
2080098375,3,-0.22577,-0.690305,-0.205952,0.655812
2080098385,3,-0.225784,-0.690179,-0.205985,0.655929
2080098395,3,-0.225821,-0.690068,-0.206024,0.656021
2080098405,3,-0.225855,-0.68995,-0.206073,0.656118
2080098415,3,-0.225883,-0.689831,-0.206149,0.656209
2080098425,3,-0.225936,-0.689741,-0.206213,0.656266
2080098435,3,-0.226029,-0.689685,-0.206256,0.656278
2080098445,3,-0.226127,-0.689668,-0.206308,0.656247
2080098455,3,-0.22621,-0.68968,-0.206382,0.656182
2080098465,3,-0.226292,-0.689715,-0.206461,0.656093
2080098475,3,-0.226373,-0.689764,-0.206557,0.655982
2080098485,3,-0.226438,-0.689856,-0.206652,0.655834
2080098496,3,-0.226522,-0.689973,-0.206736,0.655656
2080098506,3,-0.226623,-0.690089,-0.206793,0.65548
2080098516,3,-0.226713,-0.690192,-0.206855,0.655321
2080098526,3,-0.226762,-0.690288,-0.206942,0.655175
2080098536,3,-0.226824,-0.690408,-0.20701,0.655006
2080098546,3,-0.226885,-0.690552,-0.207056,0.654818
2080098556,3,-0.226941,-0.690703,-0.2071,0.654626
2080098566,3,-0.227017,-0.690869,-0.207102,0.654424
2080098576,3,-0.227115,-0.691048,-0.207065,0.654212
2080098586,3,-0.227206,-0.691241,-0.207028,0.653989
2080098596,3,-0.227266,-0.691447,-0.20701,0.653756
2080098606,3,-0.227323,-0.691622,-0.206972,0.653563
2080098616,3,-0.227361,-0.69176,-0.206933,0.653416
2080098627,3,-0.227357,-0.691826,-0.206917,0.653352
2080098637,3,-0.227318,-0.691878,-0.206929,0.653307
2080098647,3,-0.22726,-0.691886,-0.206941,0.653315
2080098657,3,-0.227213,-0.691886,-0.206912,0.65334
2080098667,3,-0.227165,-0.691898,-0.206872,0.653357
2080098677,3,-0.227141,-0.691924,-0.206792,0.653363
2080098687,3,-0.227136,-0.691988,-0.206662,0.653338
2080098697,3,-0.227151,-0.692084,-0.206482,0.653289
2080098707,3,-0.227148,-0.692217,-0.206303,0.653205
2080098717,3,-0.227104,-0.692329,-0.206145,0.653152
2080098727,3,-0.227017,-0.692441,-0.206001,0.653109
2080098737,3,-0.226902,-0.692565,-0.205847,0.653065
2080098747,3,-0.226761,-0.692701,-0.205684,0.653021
2080098757,3,-0.226607,-0.692848,-0.205513,0.652973
2080098768,3,-0.226442,-0.693023,-0.20531,0.652908
2080098778,3,-0.22629,-0.693217,-0.205072,0.65283
2080098788,3,-0.226134,-0.693445,-0.204811,0.652723
2080098798,3,-0.225968,-0.693664,-0.20454,0.652633
2080098808,3,-0.225797,-0.693856,-0.204257,0.652577
2080098818,3,-0.225624,-0.693999,-0.203964,0.652576
2080098828,3,-0.225458,-0.694099,-0.203652,0.652626
2080098838,3,-0.225289,-0.69413,-0.203331,0.652751
2080098848,3,-0.225096,-0.694099,-0.203044,0.65294
2080098858,3,-0.224929,-0.694024,-0.202753,0.653167
2080098868,3,-0.224765,-0.693946,-0.202461,0.653397
2080098878,3,-0.224605,-0.693865,-0.202171,0.653627
2080098888,3,-0.224474,-0.693746,-0.201872,0.653891
2080098899,3,-0.22434,-0.693648,-0.20158,0.654131
2080098909,3,-0.224226,-0.693616,-0.201302,0.654291
2080098919,3,-0.224102,-0.693598,-0.201068,0.654423
2080098929,3,-0.223959,-0.693589,-0.200882,0.654539
2080098939,3,-0.223799,-0.69359,-0.200743,0.654635
2080098949,3,-0.223629,-0.693584,-0.200649,0.654728
2080098959,3,-0.223459,-0.693574,-0.200586,0.654817
2080098969,3,-0.223285,-0.693544,-0.200577,0.654911
2080098979,3,-0.223135,-0.693513,-0.200565,0.654998
2080098989,3,-0.22299,-0.693502,-0.200567,0.655058
2080098999,3,-0.22287,-0.69352,-0.200572,0.655079
2080099009,3,-0.222738,-0.69355,-0.200612,0.655079
2080099019,3,-0.222604,-0.693581,-0.20068,0.655072
2080099030,3,-0.222475,-0.693596,-0.200749,0.655078
2080099040,3,-0.222338,-0.693614,-0.200841,0.655077
2080099050,3,-0.222194,-0.693637,-0.200969,0.655063
2080099060,3,-0.222025,-0.69364,-0.201129,0.655068
2080099070,3,-0.221859,-0.693636,-0.201287,0.655079
2080099080,3,-0.221687,-0.693597,-0.201474,0.655122
2080099090,3,-0.221529,-0.693561,-0.201647,0.655161
2080099100,3,-0.221412,-0.693521,-0.201815,0.65519
2080099110,3,-0.221344,-0.693502,-0.201961,0.655189
2080099120,3,-0.221322,-0.693498,-0.202087,0.655161
2080099130,3,-0.221334,-0.693536,-0.202208,0.655079
2080099140,3,-0.22137,-0.693609,-0.202338,0.65495
2080099150,3,-0.221437,-0.693699,-0.202481,0.654788
2080099160,3,-0.22151,-0.693765,-0.202653,0.65464
2080099171,3,-0.221596,-0.693788,-0.202848,0.654526
2080099181,3,-0.221679,-0.693793,-0.203097,0.654415
2080099191,3,-0.221772,-0.693761,-0.203373,0.654333
2080099201,3,-0.22187,-0.69371,-0.203679,0.654258
2080099211,3,-0.221963,-0.693659,-0.204012,0.654177
2080099221,3,-0.222081,-0.693597,-0.204356,0.654095
2080099231,3,-0.222211,-0.693567,-0.204695,0.653977
2080099241,3,-0.222364,-0.693544,-0.205024,0.653846
2080099251,3,-0.222539,-0.693534,-0.205339,0.653698
2080099261,3,-0.222707,-0.693522,-0.205654,0.653555
2080099271,3,-0.222853,-0.693471,-0.205976,0.653457
2080099281,3,-0.222985,-0.69341,-0.20629,0.653378
2080099291,3,-0.223089,-0.693312,-0.206613,0.653345
2080099302,3,-0.223187,-0.693195,-0.206919,0.653338
2080099312,3,-0.223241,-0.693069,-0.207235,0.653354
2080099322,3,-0.223283,-0.692941,-0.207519,0.653385
2080099332,3,-0.223345,-0.692832,-0.207755,0.653404
2080099342,3,-0.223402,-0.69275,-0.207961,0.653406
2080099352,3,-0.223484,-0.692712,-0.208103,0.653373
2080099362,3,-0.223545,-0.692682,-0.208225,0.653345
2080099372,3,-0.223598,-0.692684,-0.208325,0.653293
2080099382,3,-0.223671,-0.692679,-0.208376,0.653257
2080099392,3,-0.223701,-0.692671,-0.208435,0.653236
2080099402,3,-0.223722,-0.692631,-0.208468,0.653261
2080099412,3,-0.223729,-0.692599,-0.208495,0.653284
2080099422,3,-0.22374,-0.692558,-0.208495,0.653324
2080099433,3,-0.223752,-0.692537,-0.20848,0.653347
2080099443,3,-0.223761,-0.692526,-0.208456,0.653363
2080099453,3,-0.223774,-0.692499,-0.208412,0.653401
2080099463,3,-0.223787,-0.692477,-0.208349,0.65344
2080099473,3,-0.223778,-0.692433,-0.208293,0.653507
2080099483,3,-0.22377,-0.692383,-0.208237,0.653582
2080099493,3,-0.223761,-0.692308,-0.208175,0.653683
2080099503,3,-0.223739,-0.692213,-0.208119,0.65381
2080099513,3,-0.223686,-0.692095,-0.208066,0.653969
2080099523,3,-0.223606,-0.691976,-0.208035,0.654133
2080099533,3,-0.223544,-0.69187,-0.207979,0.654283
2080099543,3,-0.223486,-0.691793,-0.207897,0.654411
2080099553,3,-0.22343,-0.691733,-0.207797,0.654525
2080099563,3,-0.223385,-0.691739,-0.207671,0.654575
2080099574,3,-0.223343,-0.69179,-0.207511,0.654585
2080099584,3,-0.223299,-0.691905,-0.207331,0.654535
2080099594,3,-0.223241,-0.692043,-0.207143,0.65447
2080099604,3,-0.223179,-0.692207,-0.20693,0.654384
2080099614,3,-0.223094,-0.692413,-0.206726,0.65426
2080099624,3,-0.223023,-0.692647,-0.206471,0.654117
2080099634,3,-0.222945,-0.692924,-0.206201,0.653935
2080099644,3,-0.222877,-0.693234,-0.205899,0.653725
2080099654,3,-0.22283,-0.693555,-0.205562,0.653507
2080099664,3,-0.222781,-0.693907,-0.205206,0.653262
2080099674,3,-0.222722,-0.694233,-0.204838,0.653051
2080099684,3,-0.222656,-0.694547,-0.204471,0.652855
2080099694,3,-0.222581,-0.694833,-0.204097,0.652692
2080099705,3,-0.222498,-0.695107,-0.203732,0.652543
2080099715,3,-0.222415,-0.695348,-0.203366,0.652429
2080099725,3,-0.222284,-0.695586,-0.203033,0.652323
2080099735,3,-0.222142,-0.69578,-0.20272,0.652262
2080099745,3,-0.22196,-0.695952,-0.202456,0.652223
2080099755,3,-0.221761,-0.696093,-0.202223,0.652212
2080099765,3,-0.221568,-0.696224,-0.201983,0.652212
2080099775,3,-0.221375,-0.696345,-0.20175,0.65222
2080099785,3,-0.221189,-0.696462,-0.201546,0.652222
2080099795,3,-0.220993,-0.696588,-0.20135,0.652214
2080099805,3,-0.220797,-0.696726,-0.201168,0.65219
2080099815,3,-0.220591,-0.696873,-0.201002,0.652154
2080099825,3,-0.220367,-0.697021,-0.200861,0.652115
2080099836,3,-0.220128,-0.697162,-0.200743,0.652081
2080099846,3,-0.219886,-0.697296,-0.200626,0.652055
2080099856,3,-0.219628,-0.697427,-0.200518,0.652036
2080099866,3,-0.219366,-0.697563,-0.200401,0.652014
2080099876,3,-0.219098,-0.697724,-0.200266,0.651973
2080099886,3,-0.218836,-0.69793,-0.200103,0.651891
2080099896,3,-0.218549,-0.698157,-0.199943,0.651793
2080099906,3,-0.218263,-0.698395,-0.199759,0.65169
2080099916,3,-0.217974,-0.698618,-0.199557,0.65161
2080099926,3,-0.217641,-0.698797,-0.199362,0.651589
2080099936,3,-0.217291,-0.698971,-0.199179,0.651575
2080099946,3,-0.216931,-0.699094,-0.198976,0.651626
2080099956,3,-0.216572,-0.699213,-0.198772,0.651679
2080099967,3,-0.216238,-0.699345,-0.198546,0.651717
2080099977,3,-0.215881,-0.699502,-0.198349,0.651728
2080099987,3,-0.215543,-0.699662,-0.198167,0.651723
2080099997,3,-0.215202,-0.699828,-0.198015,0.651703
2080100007,3,-0.214854,-0.699966,-0.197907,0.651703
2080100017,3,-0.214498,-0.700059,-0.197855,0.651736
2080100027,3,-0.214129,-0.700098,-0.197856,0.651815
2080100037,3,-0.213748,-0.700089,-0.197914,0.651933
2080100047,3,-0.21337,-0.700019,-0.198015,0.652101
2080100057,3,-0.213031,-0.699896,-0.198148,0.652303
2080100067,3,-0.212725,-0.699719,-0.198301,0.652547
2080100077,3,-0.212475,-0.69951,-0.198442,0.652809
2080100087,3,-0.212293,-0.699274,-0.198566,0.653083
2080100097,3,-0.212168,-0.699027,-0.198685,0.653352
2080100108,3,-0.212095,-0.698782,-0.19881,0.653599
2080100118,3,-0.212071,-0.698554,-0.198921,0.653817
2080100128,3,-0.21207,-0.698324,-0.199067,0.654018
2080100138,3,-0.212114,-0.698071,-0.199212,0.654231
2080100148,3,-0.212182,-0.697824,-0.199353,0.654429
2080100158,3,-0.212268,-0.697583,-0.199527,0.654605
2080100168,3,-0.212366,-0.697397,-0.199725,0.654711
2080100178,3,-0.212498,-0.697253,-0.199925,0.65476
2080100188,3,-0.212664,-0.697133,-0.20012,0.654775
2080100198,3,-0.212867,-0.697026,-0.200302,0.654767
2080100208,3,-0.213099,-0.696943,-0.200469,0.654728
2080100218,3,-0.213342,-0.696875,-0.200639,0.65467
2080100228,3,-0.213603,-0.696791,-0.200791,0.654628
2080100239,3,-0.213881,-0.696705,-0.200934,0.654584
2080100249,3,-0.214183,-0.696612,-0.201067,0.654544
2080100259,3,-0.214473,-0.696495,-0.201195,0.654534
2080100269,3,-0.214762,-0.696359,-0.201324,0.654544
2080100279,3,-0.21501,-0.6962,-0.201496,0.654579
2080100289,3,-0.215218,-0.696032,-0.201688,0.654631
2080100299,3,-0.215414,-0.695834,-0.201879,0.654718
2080100309,3,-0.215588,-0.695611,-0.202064,0.65484
2080100319,3,-0.215745,-0.69538,-0.202247,0.654978
2080100329,3,-0.215912,-0.695132,-0.202383,0.655143
2080100339,3,-0.21607,-0.694877,-0.202503,0.655325
2080100349,3,-0.216257,-0.694659,-0.202556,0.655478
2080100359,3,-0.216444,-0.694463,-0.20258,0.655616
2080100370,3,-0.216642,-0.694303,-0.20255,0.655729
2080100380,3,-0.21685,-0.694199,-0.202472,0.655795
2080100390,3,-0.217042,-0.69413,-0.202374,0.655835
2080100400,3,-0.217242,-0.694109,-0.202252,0.655828
2080100410,3,-0.217422,-0.694132,-0.202112,0.655788
2080100420,3,-0.217596,-0.694192,-0.201964,0.655712
2080100430,3,-0.217745,-0.694295,-0.20181,0.655601
2080100440,3,-0.217883,-0.694434,-0.201654,0.655456
2080100450,3,-0.218011,-0.694598,-0.201478,0.655294
2080100460,3,-0.218133,-0.69476,-0.201295,0.655138
2080100470,3,-0.218241,-0.694902,-0.201119,0.655005
2080100480,3,-0.218306,-0.694999,-0.200965,0.654928
2080100490,3,-0.218355,-0.695058,-0.200813,0.654895
2080100500,3,-0.218394,-0.695117,-0.200671,0.654863
2080100511,3,-0.218421,-0.69516,-0.200534,0.65485
2080100521,3,-0.218458,-0.695202,-0.200399,0.654835
2080100531,3,-0.218495,-0.695268,-0.200269,0.654792
2080100541,3,-0.218524,-0.69534,-0.200154,0.654742
2080100551,3,-0.218546,-0.695423,-0.200051,0.654678
2080100561,3,-0.218547,-0.695522,-0.199975,0.654595
2080100571,3,-0.21856,-0.695624,-0.199908,0.654503
2080100581,3,-0.218561,-0.695721,-0.199888,0.654405
2080100591,3,-0.218549,-0.69581,-0.199904,0.65431
2080100601,3,-0.218514,-0.695884,-0.199953,0.654228
2080100611,3,-0.218483,-0.695937,-0.200006,0.654166
2080100621,3,-0.218467,-0.695993,-0.20006,0.654095
2080100631,3,-0.218476,-0.696045,-0.200104,0.654023
2080100642,3,-0.218517,-0.696106,-0.200116,0.653941
2080100652,3,-0.218613,-0.696173,-0.200079,0.653849
2080100662,3,-0.218713,-0.696264,-0.200044,0.653729
2080100672,3,-0.218802,-0.696363,-0.20002,0.653601
2080100682,3,-0.218914,-0.696458,-0.199981,0.653475
2080100692,3,-0.219015,-0.696527,-0.199958,0.653374
2080100702,3,-0.219092,-0.696564,-0.199944,0.653313
2080100712,3,-0.219163,-0.6966,-0.199944,0.653251
2080100722,3,-0.219208,-0.696641,-0.19996,0.653187
2080100732,3,-0.219219,-0.69669,-0.200002,0.653118
2080100742,3,-0.219216,-0.696725,-0.20005,0.653067
2080100752,3,-0.2192,-0.696751,-0.200119,0.653024
2080100762,3,-0.219177,-0.69678,-0.200186,0.65298
2080100773,3,-0.219127,-0.696782,-0.200274,0.652967
2080100783,3,-0.219065,-0.696758,-0.200382,0.652981
2080100793,3,-0.218998,-0.696694,-0.200494,0.653038
2080100803,3,-0.21892,-0.696634,-0.200618,0.65309
2080100813,3,-0.218846,-0.696542,-0.200738,0.653175
2080100823,3,-0.218765,-0.696452,-0.200857,0.653262
2080100833,3,-0.218685,-0.69635,-0.200976,0.65336
2080100843,3,-0.218609,-0.696233,-0.201098,0.653474
2080100853,3,-0.218521,-0.696089,-0.201226,0.653617
2080100863,3,-0.218432,-0.695912,-0.201377,0.653789
2080100873,3,-0.218336,-0.695704,-0.201543,0.653991
2080100883,3,-0.218245,-0.695494,-0.201721,0.65419
2080100893,3,-0.21817,-0.695275,-0.201906,0.654391
2080100903,3,-0.218125,-0.69507,-0.202061,0.654575
2080100914,3,-0.218136,-0.69489,-0.202183,0.654725
2080100924,3,-0.218193,-0.694711,-0.202274,0.654868
2080100934,3,-0.218265,-0.694533,-0.202373,0.655003
2080100944,3,-0.21836,-0.694375,-0.202447,0.655116
2080100954,3,-0.218457,-0.694224,-0.202521,0.655219
2080100964,3,-0.218563,-0.694078,-0.202594,0.655316
2080100974,3,-0.218683,-0.693941,-0.202632,0.65541
2080100984,3,-0.218814,-0.693829,-0.202644,0.655481
2080100994,3,-0.218949,-0.693739,-0.202637,0.655533
2080101004,3,-0.219097,-0.693717,-0.202594,0.655521
2080101014,3,-0.219243,-0.693705,-0.202516,0.655509
2080101024,3,-0.219401,-0.693738,-0.202408,0.655454
2080101034,3,-0.219562,-0.693816,-0.202289,0.655354
2080101045,3,-0.219712,-0.693938,-0.20215,0.655218
2080101055,3,-0.219847,-0.69408,-0.202026,0.65506
2080101065,3,-0.21995,-0.694246,-0.201911,0.654885
2080101075,3,-0.220011,-0.694382,-0.201819,0.654749
2080101085,3,-0.220064,-0.694484,-0.201744,0.654645
2080101095,3,-0.220095,-0.69454,-0.20168,0.654596
2080101105,3,-0.220128,-0.694533,-0.201616,0.654613
2080101115,3,-0.220163,-0.694479,-0.201551,0.654678
2080101125,3,-0.220212,-0.694399,-0.201481,0.654768
2080101135,3,-0.22027,-0.694311,-0.201396,0.654868
2080101145,3,-0.22033,-0.694206,-0.201325,0.65498
2080101155,3,-0.220395,-0.694098,-0.201249,0.655096
2080101165,3,-0.220482,-0.693966,-0.201158,0.655235
2080101176,3,-0.22058,-0.693863,-0.201062,0.655341
2080101186,3,-0.220675,-0.693786,-0.200973,0.655418
2080101196,3,-0.220791,-0.693771,-0.20086,0.655429
2080101206,3,-0.220913,-0.693818,-0.200738,0.655375
2080101216,3,-0.22105,-0.693948,-0.200611,0.65523
2080101226,3,-0.221173,-0.69416,-0.200488,0.655002
2080101236,3,-0.221261,-0.694403,-0.200401,0.654741
2080101246,3,-0.221336,-0.694663,-0.200341,0.654458
2080101256,3,-0.221396,-0.694953,-0.200273,0.654151
2080101266,3,-0.22142,-0.695223,-0.200224,0.653871
2080101276,3,-0.221468,-0.695476,-0.200152,0.653607
2080101286,3,-0.221483,-0.695707,-0.200078,0.653379
2080101296,3,-0.221513,-0.695903,-0.199984,0.653189
2080101306,3,-0.221531,-0.696058,-0.199874,0.653052
2080101317,3,-0.221533,-0.696152,-0.19975,0.652988
2080101327,3,-0.221534,-0.69624,-0.199605,0.652938
2080101337,3,-0.221525,-0.696322,-0.199445,0.652903
2080101347,3,-0.221483,-0.696418,-0.199301,0.652859
2080101357,3,-0.221391,-0.696545,-0.199175,0.652792
2080101367,3,-0.221298,-0.696695,-0.199048,0.652704
2080101377,3,-0.22117,-0.696882,-0.198931,0.652582
2080101387,3,-0.220997,-0.697096,-0.19882,0.652446
2080101397,3,-0.220785,-0.697351,-0.198724,0.652275
2080101407,3,-0.220552,-0.697621,-0.198639,0.65209
2080101417,3,-0.220278,-0.697901,-0.198568,0.651906
2080101427,3,-0.219981,-0.698185,-0.198498,0.651723
2080101437,3,-0.219668,-0.698463,-0.198418,0.651555
2080101448,3,-0.219327,-0.698713,-0.198338,0.651426
2080101458,3,-0.218984,-0.698928,-0.198225,0.651346
2080101468,3,-0.21862,-0.699092,-0.198097,0.65133
2080101478,3,-0.218271,-0.699221,-0.197947,0.651355
2080101488,3,-0.217908,-0.699303,-0.197798,0.651434
2080101498,3,-0.217535,-0.699329,-0.197659,0.651573
2080101508,3,-0.217158,-0.699302,-0.197518,0.65177
2080101518,3,-0.216766,-0.699237,-0.197391,0.652008
2080101528,3,-0.216383,-0.699113,-0.197285,0.6523
2080101538,3,-0.215973,-0.698973,-0.197222,0.652605
2080101548,3,-0.215568,-0.698825,-0.197178,0.652911
2080101558,3,-0.215179,-0.698662,-0.197148,0.653223
2080101568,3,-0.214827,-0.698481,-0.197126,0.653539
2080101579,3,-0.214513,-0.698307,-0.197083,0.653841
2080101589,3,-0.214258,-0.698129,-0.197033,0.65413
2080101599,3,-0.214064,-0.697971,-0.196958,0.654384
2080101609,3,-0.213921,-0.697829,-0.196899,0.6546
2080101619,3,-0.213843,-0.697679,-0.196811,0.654812
2080101629,3,-0.213808,-0.697503,-0.196746,0.655031
2080101639,3,-0.213824,-0.697315,-0.196695,0.655241
2080101649,3,-0.213857,-0.697095,-0.196687,0.655467
2080101659,3,-0.213922,-0.696843,-0.196726,0.655701
2080101669,3,-0.214006,-0.696548,-0.196797,0.655966
2080101679,3,-0.214081,-0.696202,-0.196955,0.656262
2080101689,3,-0.214169,-0.695806,-0.197167,0.656589
2080101699,3,-0.214284,-0.695364,-0.197404,0.656948
2080101710,3,-0.214421,-0.694897,-0.197671,0.657317
2080101720,3,-0.214607,-0.694395,-0.197933,0.657708
2080101730,3,-0.214818,-0.69388,-0.198216,0.658098
2080101740,3,-0.215064,-0.693391,-0.198499,0.658447
2080101750,3,-0.215329,-0.692948,-0.198763,0.658747
2080101760,3,-0.215642,-0.692538,-0.199006,0.659002
2080101770,3,-0.215998,-0.6922,-0.199225,0.659175
2080101780,3,-0.216361,-0.691898,-0.199436,0.659309
2080101790,3,-0.216744,-0.691671,-0.199625,0.659364
2080101800,3,-0.217116,-0.691519,-0.199832,0.659338
2080101810,3,-0.217474,-0.691386,-0.200039,0.659297
2080101820,3,-0.217846,-0.691294,-0.200231,0.659212
2080101830,3,-0.218207,-0.691218,-0.200413,0.659118
2080101840,3,-0.218578,-0.691153,-0.200563,0.659017
2080101851,3,-0.218952,-0.69108,-0.20072,0.658922
2080101861,3,-0.219335,-0.691026,-0.200851,0.658812
2080101871,3,-0.219732,-0.690969,-0.200954,0.658708
2080101881,3,-0.220115,-0.690933,-0.201049,0.658589
2080101891,3,-0.220503,-0.690891,-0.201132,0.658477
2080101901,3,-0.220875,-0.690842,-0.201216,0.658378
2080101911,3,-0.221232,-0.690778,-0.201306,0.658298
2080101921,3,-0.221566,-0.690706,-0.201411,0.658229
2080101931,3,-0.221879,-0.690634,-0.201529,0.658163
2080101941,3,-0.222183,-0.690585,-0.20166,0.658072
2080101951,3,-0.222473,-0.690582,-0.201788,0.657938
2080101961,3,-0.222748,-0.69064,-0.201935,0.657738
2080101971,3,-0.222995,-0.690741,-0.202103,0.657498
2080101982,3,-0.223226,-0.69086,-0.202276,0.657241
2080101992,3,-0.223447,-0.691017,-0.202444,0.656949
2080102002,3,-0.223652,-0.691214,-0.202612,0.65662
2080102012,3,-0.223833,-0.691438,-0.202789,0.656268
2080102022,3,-0.223994,-0.691673,-0.202963,0.655911
2080102032,3,-0.224137,-0.691934,-0.203133,0.655535
2080102042,3,-0.224257,-0.692183,-0.20329,0.655182
2080102052,3,-0.224357,-0.692419,-0.203431,0.654855
2080102062,3,-0.224452,-0.692631,-0.203533,0.654565
2080102072,3,-0.224516,-0.692866,-0.203607,0.654271
2080102082,3,-0.224579,-0.693131,-0.203639,0.65396
2080102092,3,-0.224601,-0.693402,-0.203661,0.653658
2080102102,3,-0.224618,-0.693679,-0.203638,0.653365
2080102113,3,-0.224617,-0.693975,-0.203586,0.653067
2080102123,3,-0.224601,-0.694289,-0.203508,0.652764
2080102133,3,-0.224556,-0.694598,-0.2034,0.652484
2080102143,3,-0.224506,-0.69489,-0.203276,0.652229
2080102153,3,-0.224435,-0.69519,-0.203121,0.651981
2080102163,3,-0.224363,-0.69548,-0.202938,0.651754
2080102173,3,-0.224264,-0.695742,-0.202762,0.651563
2080102183,3,-0.224138,-0.695987,-0.202593,0.651397
2080102193,3,-0.224006,-0.696217,-0.20241,0.651254
2080102203,3,-0.223873,-0.696426,-0.202207,0.65114
2080102213,3,-0.22374,-0.696624,-0.201977,0.651045
2080102223,3,-0.223649,-0.696816,-0.201717,0.650952
2080102233,3,-0.223557,-0.696996,-0.201449,0.650872
2080102243,3,-0.223449,-0.697158,-0.201192,0.650816
2080102254,3,-0.223321,-0.697301,-0.200955,0.65078
2080102264,3,-0.223156,-0.697409,-0.200749,0.650784
2080102274,3,-0.222977,-0.697458,-0.200559,0.650852
2080102284,3,-0.222763,-0.697461,-0.200405,0.650969
2080102294,3,-0.222518,-0.697426,-0.200261,0.651135
2080102304,3,-0.222245,-0.69739,-0.20014,0.651304
2080102314,3,-0.221967,-0.697341,-0.200002,0.651493
2080102324,3,-0.221669,-0.697312,-0.199877,0.651664
2080102334,3,-0.221369,-0.697306,-0.199725,0.65182
2080102344,3,-0.221087,-0.697324,-0.199518,0.651959
2080102354,3,-0.220792,-0.697366,-0.199317,0.652075
2080102364,3,-0.220494,-0.697419,-0.199082,0.652192
2080102374,3,-0.220183,-0.697473,-0.198838,0.652313
2080102385,3,-0.219882,-0.697536,-0.198562,0.652431
2080102395,3,-0.219556,-0.697587,-0.198306,0.652565
2080102405,3,-0.219199,-0.697649,-0.198052,0.652695
2080102415,3,-0.21885,-0.697722,-0.197779,0.652818
2080102425,3,-0.218507,-0.697784,-0.197486,0.652954
2080102435,3,-0.218172,-0.697848,-0.197164,0.653096
2080102445,3,-0.217845,-0.697889,-0.196852,0.653255
2080102455,3,-0.217543,-0.697945,-0.196508,0.653399
2080102465,3,-0.217261,-0.697965,-0.196153,0.653579
2080102475,3,-0.216999,-0.697963,-0.195792,0.653776
2080102485,3,-0.216757,-0.697934,-0.195455,0.653988
2080102495,3,-0.216512,-0.697874,-0.195143,0.654226
2080102505,3,-0.216288,-0.697807,-0.19486,0.654456
2080102516,3,-0.21608,-0.697718,-0.194603,0.654696
2080102526,3,-0.215879,-0.697621,-0.194397,0.654927
2080102536,3,-0.215663,-0.697505,-0.19425,0.655166
2080102546,3,-0.215465,-0.697366,-0.194142,0.655411
2080102556,3,-0.215284,-0.697222,-0.194072,0.655644
2080102566,3,-0.215105,-0.697064,-0.194067,0.655872
2080102576,3,-0.214935,-0.696915,-0.194086,0.65608
2080102586,3,-0.214764,-0.696799,-0.194157,0.656238
2080102596,3,-0.214608,-0.696693,-0.194263,0.65637
2080102606,3,-0.214477,-0.696623,-0.194387,0.656451
2080102616,3,-0.214354,-0.696569,-0.194531,0.656506
2080102626,3,-0.214237,-0.696553,-0.194698,0.656512
2080102636,3,-0.214154,-0.696547,-0.194868,0.656495
2080102646,3,-0.214074,-0.696543,-0.195034,0.656476
2080102657,3,-0.214003,-0.696542,-0.195215,0.656446
2080102667,3,-0.213945,-0.696526,-0.195377,0.656434
2080102677,3,-0.213892,-0.696521,-0.195535,0.656409
2080102687,3,-0.213868,-0.696507,-0.195664,0.656393
2080102697,3,-0.213875,-0.696493,-0.195771,0.656375
2080102707,3,-0.213889,-0.696468,-0.19584,0.656376
2080102717,3,-0.213936,-0.696452,-0.195884,0.656364
2080102727,3,-0.214001,-0.696451,-0.195909,0.656336
2080102737,3,-0.214105,-0.696447,-0.195907,0.656307
2080102747,3,-0.21418,-0.696427,-0.195933,0.656296
2080102757,3,-0.214251,-0.696383,-0.195991,0.656303
2080102767,3,-0.214302,-0.696321,-0.196083,0.656324
2080102777,3,-0.214337,-0.696244,-0.196221,0.656354
2080102788,3,-0.214364,-0.696171,-0.196366,0.656378
2080102798,3,-0.214385,-0.696081,-0.196545,0.656413
2080102808,3,-0.214398,-0.696,-0.196732,0.656439
2080102818,3,-0.214406,-0.695931,-0.196939,0.656448
2080102828,3,-0.214414,-0.695843,-0.197146,0.656476
2080102838,3,-0.214412,-0.695784,-0.197347,0.656479
2080102848,3,-0.214421,-0.695733,-0.197537,0.656473
2080102858,3,-0.214436,-0.695721,-0.197699,0.656432
2080102868,3,-0.214462,-0.695744,-0.197826,0.656361
2080102878,3,-0.21448,-0.695796,-0.197938,0.656266
2080102888,3,-0.214491,-0.695885,-0.198014,0.656145
2080102898,3,-0.214477,-0.695992,-0.198071,0.656019
2080102908,3,-0.214444,-0.696132,-0.198097,0.655873
2080102919,3,-0.214378,-0.696267,-0.198105,0.655749
2080102929,3,-0.214311,-0.696399,-0.198071,0.655641
2080102939,3,-0.214193,-0.696526,-0.198019,0.655561
2080102949,3,-0.214063,-0.69665,-0.197935,0.655496
2080102959,3,-0.213946,-0.696773,-0.19779,0.655449
2080102969,3,-0.213809,-0.696895,-0.197621,0.655413
2080102979,3,-0.213698,-0.697014,-0.197376,0.655398
2080102989,3,-0.213568,-0.69713,-0.197113,0.655395
2080102999,3,-0.213424,-0.697248,-0.196828,0.655402
2080103009,3,-0.213283,-0.697366,-0.196516,0.655416
2080103019,3,-0.213131,-0.697491,-0.196201,0.655428
2080103029,3,-0.212968,-0.697581,-0.195903,0.655474
2080103039,3,-0.212772,-0.697654,-0.195631,0.655541
2080103049,3,-0.212568,-0.697721,-0.195384,0.655609
2080103060,3,-0.212358,-0.69779,-0.195151,0.655674
2080103070,3,-0.212141,-0.697832,-0.194932,0.655764
2080103080,3,-0.211947,-0.697876,-0.194706,0.655847
2080103090,3,-0.211768,-0.697913,-0.194495,0.655928
2080103100,3,-0.2116,-0.69795,-0.194287,0.656004
2080103110,3,-0.211449,-0.697982,-0.194077,0.656081
2080103120,3,-0.211296,-0.698033,-0.193876,0.656135
2080103130,3,-0.211171,-0.698083,-0.193669,0.656185
2080103140,3,-0.211053,-0.698147,-0.193467,0.656213
2080103150,3,-0.210945,-0.698224,-0.193276,0.656222
2080103160,3,-0.210837,-0.698354,-0.193084,0.656176
2080103170,3,-0.210747,-0.698516,-0.192895,0.656087
2080103180,3,-0.210652,-0.698711,-0.192709,0.655965
2080103191,3,-0.210553,-0.698941,-0.192534,0.655803
2080103201,3,-0.210462,-0.699178,-0.192352,0.655633
2080103211,3,-0.210354,-0.699388,-0.192185,0.655493
2080103221,3,-0.210245,-0.699566,-0.192054,0.655377
2080103231,3,-0.210132,-0.699716,-0.191935,0.655287
2080103241,3,-0.21003,-0.699826,-0.191821,0.655236
2080103251,3,-0.209947,-0.699881,-0.191704,0.655238
2080103261,3,-0.209871,-0.699889,-0.191596,0.655286
2080103271,3,-0.209833,-0.699876,-0.191478,0.655346
2080103281,3,-0.209825,-0.699851,-0.191357,0.65541
2080103291,3,-0.209835,-0.699819,-0.191239,0.655476
2080103301,3,-0.209851,-0.699784,-0.191148,0.655535
2080103311,3,-0.209869,-0.699777,-0.191096,0.655552
2080103322,3,-0.209872,-0.699751,-0.191096,0.655579
2080103332,3,-0.209858,-0.699707,-0.191149,0.655615
2080103342,3,-0.209804,-0.699664,-0.191243,0.65565
2080103352,3,-0.209759,-0.699616,-0.191371,0.655678
2080103362,3,-0.209712,-0.69957,-0.191513,0.655702
2080103372,3,-0.209662,-0.699506,-0.191658,0.655743
2080103382,3,-0.20963,-0.699435,-0.191793,0.655789
2080103392,3,-0.209618,-0.699353,-0.191902,0.655849
2080103402,3,-0.209618,-0.699301,-0.191969,0.655884
2080103412,3,-0.209633,-0.699272,-0.191999,0.655902
2080103422,3,-0.209672,-0.699272,-0.191982,0.655895
2080103432,3,-0.209723,-0.6993,-0.191914,0.655868
2080103442,3,-0.209745,-0.699359,-0.191845,0.655819
2080103452,3,-0.209743,-0.699406,-0.191748,0.655797
2080103463,3,-0.209698,-0.69946,-0.191659,0.655781
2080103473,3,-0.209598,-0.699517,-0.191559,0.65578
2080103483,3,-0.209482,-0.699567,-0.191433,0.655801
2080103493,3,-0.209318,-0.699613,-0.191298,0.655844
2080103503,3,-0.209107,-0.699664,-0.191161,0.655896
2080103513,3,-0.208893,-0.699692,-0.190986,0.655986
2080103523,3,-0.208655,-0.699716,-0.190771,0.656099
2080103533,3,-0.208404,-0.699706,-0.190524,0.656261
2080103543,3,-0.208158,-0.699702,-0.190238,0.656426
2080103553,3,-0.207924,-0.699696,-0.189916,0.656599
2080103563,3,-0.207694,-0.699682,-0.189567,0.656788
2080103573,3,-0.207452,-0.699686,-0.189222,0.65696
2080103583,3,-0.207181,-0.699697,-0.188898,0.657127
2080103594,3,-0.206912,-0.699681,-0.188585,0.657319
2080103604,3,-0.206629,-0.699661,-0.188315,0.657506
2080103614,3,-0.206333,-0.699645,-0.188087,0.657681
2080103624,3,-0.206047,-0.699629,-0.187887,0.657846
2080103634,3,-0.205787,-0.699632,-0.187698,0.657977
2080103644,3,-0.205532,-0.69962,-0.187548,0.658113
2080103654,3,-0.205311,-0.699595,-0.187416,0.658246
2080103664,3,-0.205098,-0.699538,-0.187314,0.658403
2080103674,3,-0.204922,-0.699458,-0.187219,0.658568
2080103684,3,-0.204765,-0.699366,-0.187149,0.658735
2080103694,3,-0.204652,-0.699271,-0.187071,0.658893
2080103704,3,-0.204565,-0.699191,-0.187001,0.659025
2080103714,3,-0.204488,-0.699128,-0.186942,0.659132
2080103725,3,-0.204421,-0.699095,-0.186908,0.659198
2080103735,3,-0.204382,-0.699089,-0.186867,0.659229
2080103745,3,-0.20436,-0.699131,-0.186828,0.659202
2080103755,3,-0.204315,-0.699199,-0.186812,0.659148
2080103765,3,-0.204287,-0.699294,-0.186802,0.659058
2080103775,3,-0.20425,-0.699402,-0.186798,0.658956
2080103785,3,-0.204207,-0.699507,-0.18681,0.658856
2080103795,3,-0.20416,-0.69958,-0.186833,0.658785
2080103805,3,-0.204129,-0.699653,-0.186857,0.658711
2080103815,3,-0.204108,-0.699688,-0.186865,0.658678
2080103825,3,-0.204114,-0.699723,-0.186852,0.658642
2080103835,3,-0.204139,-0.699725,-0.186828,0.658639
2080103845,3,-0.204179,-0.699712,-0.186804,0.658648
2080103856,3,-0.204229,-0.699685,-0.186784,0.658667
2080103866,3,-0.204261,-0.699637,-0.186782,0.658708
2080103876,3,-0.204299,-0.6996,-0.18678,0.658736
2080103886,3,-0.204344,-0.699554,-0.186784,0.65877
2080103896,3,-0.204369,-0.699511,-0.186815,0.658799
2080103906,3,-0.204378,-0.699477,-0.186862,0.658819
2080103916,3,-0.20438,-0.699462,-0.18692,0.658818
2080103926,3,-0.20438,-0.699461,-0.186981,0.658802
2080103936,3,-0.204372,-0.699489,-0.187047,0.658755
2080103946,3,-0.204366,-0.699529,-0.187111,0.658697
2080103956,3,-0.204357,-0.699595,-0.187169,0.658613
2080103966,3,-0.204338,-0.699678,-0.187222,0.658515
2080103976,3,-0.204311,-0.699783,-0.187276,0.658397
2080103986,3,-0.204272,-0.699882,-0.187337,0.658287
2080103997,3,-0.204234,-0.699954,-0.187382,0.658209
2080104007,3,-0.204186,-0.699998,-0.187416,0.658167
2080104017,3,-0.204113,-0.700018,-0.187455,0.658158
2080104027,3,-0.204044,-0.700012,-0.187477,0.658179
2080104037,3,-0.203976,-0.699991,-0.187479,0.658223
2080104047,3,-0.203924,-0.69997,-0.187435,0.658273
2080104057,3,-0.203879,-0.699948,-0.187362,0.658331
2080104067,3,-0.203846,-0.699928,-0.187272,0.658389
2080104077,3,-0.203832,-0.699928,-0.187148,0.658428
2080104087,3,-0.20382,-0.699944,-0.187014,0.658452
2080104097,3,-0.203822,-0.699982,-0.186858,0.658456
2080104107,3,-0.203858,-0.700032,-0.186666,0.658446
2080104117,3,-0.203901,-0.700082,-0.186482,0.658431
2080104128,3,-0.203949,-0.700147,-0.186307,0.658397
2080104138,3,-0.203969,-0.700207,-0.186173,0.658365
2080104148,3,-0.204005,-0.700288,-0.186062,0.658299
2080104158,3,-0.204045,-0.700345,-0.185975,0.65825
2080104168,3,-0.204085,-0.700386,-0.185919,0.658211
2080104178,3,-0.204116,-0.700358,-0.185904,0.658236
2080104188,3,-0.204133,-0.700283,-0.185918,0.658306
2080104198,3,-0.204128,-0.70016,-0.185971,0.658423
2080104208,3,-0.204149,-0.700019,-0.186014,0.658554
2080104218,3,-0.204195,-0.699869,-0.186045,0.658691
2080104228,3,-0.204266,-0.699745,-0.186057,0.658796
2080104238,3,-0.204335,-0.699658,-0.186078,0.658862
2080104248,3,-0.204414,-0.699576,-0.186087,0.658922
2080104259,3,-0.204476,-0.699527,-0.186103,0.65895
2080104269,3,-0.204522,-0.699478,-0.186135,0.658979
2080104279,3,-0.204526,-0.699457,-0.18618,0.658988
2080104289,3,-0.204504,-0.699454,-0.186237,0.658981
2080104299,3,-0.20448,-0.699468,-0.186281,0.658961
2080104309,3,-0.204419,-0.699482,-0.186334,0.658951
2080104319,3,-0.204375,-0.699503,-0.186357,0.658936
2080104329,3,-0.204339,-0.699529,-0.186357,0.658919
2080104339,3,-0.204315,-0.699556,-0.186332,0.658905
2080104349,3,-0.204316,-0.699592,-0.186274,0.658882
2080104359,3,-0.204324,-0.699626,-0.18621,0.658863
2080104369,3,-0.204337,-0.699642,-0.186148,0.658858
2080104379,3,-0.204365,-0.699622,-0.18607,0.658893
2080104389,3,-0.20436,-0.699587,-0.186018,0.658947
2080104400,3,-0.204351,-0.699524,-0.186,0.659021
2080104410,3,-0.204347,-0.699426,-0.185997,0.659127
2080104420,3,-0.204334,-0.699314,-0.186026,0.659242
2080104430,3,-0.20431,-0.699219,-0.18608,0.659335
2080104440,3,-0.204298,-0.699136,-0.186142,0.65941
2080104450,3,-0.204298,-0.69907,-0.186215,0.659459
2080104460,3,-0.204298,-0.699041,-0.186308,0.659463
2080104470,3,-0.204315,-0.699021,-0.186398,0.659453
2080104480,3,-0.204333,-0.699019,-0.186495,0.659423
2080104490,3,-0.204354,-0.699022,-0.186595,0.659385
2080104500,3,-0.204378,-0.699044,-0.18669,0.659328
2080104510,3,-0.20438,-0.699068,-0.186799,0.659271
2080104520,3,-0.204375,-0.699113,-0.186899,0.659195
2080104531,3,-0.20438,-0.699171,-0.186973,0.659112
2080104541,3,-0.204366,-0.699243,-0.187045,0.659019
2080104551,3,-0.204331,-0.699339,-0.187115,0.658909
2080104561,3,-0.204264,-0.699458,-0.18719,0.658781
2080104571,3,-0.20419,-0.69958,-0.187236,0.658662
2080104581,3,-0.204101,-0.699697,-0.187254,0.65856
2080104591,3,-0.204011,-0.699789,-0.18723,0.658497
2080104601,3,-0.203912,-0.699891,-0.187186,0.658432
2080104611,3,-0.203815,-0.699968,-0.187112,0.658401
2080104621,3,-0.203713,-0.700045,-0.187013,0.658378
2080104631,3,-0.203608,-0.7001,-0.186912,0.658381
2080104641,3,-0.203526,-0.700167,-0.186765,0.658377
2080104651,3,-0.203442,-0.700224,-0.186597,0.65839
2080104662,3,-0.203368,-0.700277,-0.186417,0.658408
2080104672,3,-0.20328,-0.70035,-0.186259,0.658401
2080104682,3,-0.203206,-0.700437,-0.186098,0.658378
2080104692,3,-0.203119,-0.700544,-0.185966,0.658328
2080104702,3,-0.203033,-0.700655,-0.185846,0.65827
2080104712,3,-0.20295,-0.700774,-0.185745,0.658197
2080104722,3,-0.202878,-0.700879,-0.185664,0.658131
2080104732,3,-0.202806,-0.700958,-0.185597,0.658087
2080104742,3,-0.202726,-0.701013,-0.185556,0.658065
2080104752,3,-0.202631,-0.701025,-0.185555,0.658083
2080104762,3,-0.202553,-0.701007,-0.185546,0.658127
2080104772,3,-0.202498,-0.700959,-0.185528,0.658202
2080104782,3,-0.202466,-0.700882,-0.185503,0.6583
2080104792,3,-0.202449,-0.700797,-0.185455,0.65841
2080104803,3,-0.202429,-0.70073,-0.185412,0.658499
2080104813,3,-0.202436,-0.700718,-0.185331,0.658533
2080104823,3,-0.202435,-0.700753,-0.185234,0.658523
2080104833,3,-0.20245,-0.70085,-0.185105,0.658451
2080104843,3,-0.202454,-0.700973,-0.184978,0.658354
2080104853,3,-0.202449,-0.70111,-0.184852,0.658245
2080104863,3,-0.202421,-0.70126,-0.184736,0.658128
2080104873,3,-0.202359,-0.701391,-0.184632,0.658036
2080104883,3,-0.202289,-0.701504,-0.18453,0.657966
2080104893,3,-0.202213,-0.701581,-0.184443,0.657931
2080104903,3,-0.202152,-0.701631,-0.184351,0.657923
2080104913,3,-0.202078,-0.701641,-0.184289,0.657952
2080104923,3,-0.202026,-0.701596,-0.18422,0.658035
2080104934,3,-0.201988,-0.701502,-0.184162,0.658163
2080104944,3,-0.201968,-0.701387,-0.184115,0.658304
2080104954,3,-0.201973,-0.701243,-0.184073,0.658469
2080104964,3,-0.201984,-0.701055,-0.18404,0.658675
2080104974,3,-0.202027,-0.700866,-0.184026,0.658866
2080104984,3,-0.202071,-0.700679,-0.18403,0.65905
2080104994,3,-0.202124,-0.700494,-0.184071,0.65922
2080105004,3,-0.202183,-0.70031,-0.184127,0.659381
2080105014,3,-0.202254,-0.700144,-0.184199,0.659516
2080105024,3,-0.202339,-0.700002,-0.184292,0.659614
2080105034,3,-0.202451,-0.699894,-0.184386,0.659669
2080105044,3,-0.202559,-0.699827,-0.184491,0.659677
2080105054,3,-0.20269,-0.699813,-0.1846,0.659621
2080105065,3,-0.202841,-0.699817,-0.184711,0.659539
2080105075,3,-0.20298,-0.699811,-0.18484,0.659467
2080105085,3,-0.203103,-0.699807,-0.184986,0.659392
2080105095,3,-0.203206,-0.699785,-0.185146,0.659339
2080105105,3,-0.203288,-0.699742,-0.185335,0.659306
2080105115,3,-0.203358,-0.699649,-0.185539,0.659325
2080105125,3,-0.203428,-0.699536,-0.185729,0.659371
2080105135,3,-0.203497,-0.699371,-0.185907,0.659474
2080105145,3,-0.203581,-0.699194,-0.186055,0.659594
2080105155,3,-0.203659,-0.699018,-0.186193,0.659718
2080105165,3,-0.20374,-0.698833,-0.186314,0.659855
2080105175,3,-0.203801,-0.698661,-0.186439,0.659982
2080105185,3,-0.203878,-0.698529,-0.186539,0.66007
2080105196,3,-0.203955,-0.698436,-0.186638,0.660117
2080105206,3,-0.204021,-0.698345,-0.186726,0.660168
2080105216,3,-0.204089,-0.698313,-0.186817,0.660155
2080105226,3,-0.204142,-0.698287,-0.186923,0.660136
2080105236,3,-0.204189,-0.698279,-0.187027,0.6601
2080105246,3,-0.204233,-0.698291,-0.187157,0.660037
2080105256,3,-0.204287,-0.6983,-0.187277,0.659977
2080105266,3,-0.204349,-0.698318,-0.187396,0.659905
2080105276,3,-0.204432,-0.698334,-0.187508,0.65983
2080105286,3,-0.204536,-0.698337,-0.187614,0.659765
2080105296,3,-0.204636,-0.698333,-0.187746,0.659701
2080105306,3,-0.204743,-0.698297,-0.187887,0.659665
2080105316,3,-0.204845,-0.69823,-0.188038,0.659662
2080105326,3,-0.204947,-0.698143,-0.188211,0.659673
2080105337,3,-0.205048,-0.698016,-0.188399,0.659722
2080105347,3,-0.205109,-0.697895,-0.188627,0.659765
2080105357,3,-0.205179,-0.697779,-0.188866,0.659798
2080105367,3,-0.205254,-0.697673,-0.189106,0.659818
2080105377,3,-0.205327,-0.697586,-0.189354,0.659817
2080105387,3,-0.205387,-0.697535,-0.189621,0.659775
2080105397,3,-0.205457,-0.69752,-0.189878,0.659696
2080105407,3,-0.205512,-0.697535,-0.190136,0.659589
2080105417,3,-0.205567,-0.697579,-0.190377,0.659454
2080105427,3,-0.205622,-0.697616,-0.190607,0.659333
2080105437,3,-0.20568,-0.697671,-0.190811,0.659197
2080105447,3,-0.205734,-0.697722,-0.191012,0.659067
2080105457,3,-0.205797,-0.697778,-0.191169,0.658943
2080105468,3,-0.20587,-0.697833,-0.191302,0.658824
2080105478,3,-0.205953,-0.697914,-0.191396,0.658685
2080105488,3,-0.206069,-0.69802,-0.191441,0.658523
2080105498,3,-0.206209,-0.698162,-0.191454,0.658324
2080105508,3,-0.206345,-0.698313,-0.191449,0.658123
2080105518,3,-0.206495,-0.698505,-0.191414,0.657883
2080105528,3,-0.206671,-0.69871,-0.19136,0.657626
2080105538,3,-0.20685,-0.698928,-0.191303,0.657354
2080105548,3,-0.207012,-0.699127,-0.191255,0.657105
2080105558,3,-0.207159,-0.69928,-0.191232,0.656903
2080105568,3,-0.207275,-0.699381,-0.191241,0.656755
2080105578,3,-0.207389,-0.699425,-0.191262,0.656667
2080105588,3,-0.207499,-0.699423,-0.191295,0.656624
2080105599,3,-0.207615,-0.699395,-0.191338,0.656606
2080105609,3,-0.207736,-0.699352,-0.191374,0.656602
2080105619,3,-0.207889,-0.699325,-0.191407,0.656573
2080105629,3,-0.208021,-0.699315,-0.191449,0.656529
2080105639,3,-0.208157,-0.699323,-0.191493,0.656466
2080105649,3,-0.208264,-0.699349,-0.191563,0.656384
2080105659,3,-0.208341,-0.699391,-0.191641,0.656291
2080105669,3,-0.208351,-0.699431,-0.191764,0.65621
2080105679,3,-0.208342,-0.699498,-0.191899,0.656101
2080105689,3,-0.208321,-0.699587,-0.192004,0.655982
2080105699,3,-0.208291,-0.699698,-0.192097,0.655846
2080105709,3,-0.208256,-0.699824,-0.192155,0.655706
2080105719,3,-0.208242,-0.699965,-0.192159,0.655559
2080105729,3,-0.208263,-0.700119,-0.192109,0.655403
2080105740,3,-0.20831,-0.700288,-0.191991,0.655241
2080105750,3,-0.208386,-0.70045,-0.191824,0.655093
2080105760,3,-0.208484,-0.700618,-0.19161,0.654945
2080105770,3,-0.208603,-0.700763,-0.191353,0.654827
2080105780,3,-0.208755,-0.700872,-0.191047,0.654751
2080105790,3,-0.208895,-0.700944,-0.190748,0.654717
2080105800,3,-0.209044,-0.70096,-0.190447,0.654739
2080105810,3,-0.20916,-0.700957,-0.190178,0.654783
2080105820,3,-0.209253,-0.700922,-0.189954,0.654857
2080105830,3,-0.209332,-0.700869,-0.189782,0.654939
2080105840,3,-0.209401,-0.700789,-0.189639,0.655043
2080105850,3,-0.209456,-0.700688,-0.189548,0.655159
2080105860,3,-0.209508,-0.700567,-0.18949,0.65529
2080105871,3,-0.209559,-0.700414,-0.18949,0.655436
2080105881,3,-0.209604,-0.700267,-0.189542,0.655564
2080105891,3,-0.209659,-0.700098,-0.189628,0.655703
2080105901,3,-0.209732,-0.69993,-0.189731,0.655828
2080105911,3,-0.209811,-0.699777,-0.189857,0.65593
2080105921,3,-0.209903,-0.699627,-0.190005,0.656018
2080105931,3,-0.210027,-0.699491,-0.190148,0.656081
2080105941,3,-0.210168,-0.699383,-0.190317,0.656102
2080105951,3,-0.210302,-0.699319,-0.190494,0.656077
2080105961,3,-0.210483,-0.699304,-0.190651,0.655989
2080105971,3,-0.21066,-0.699319,-0.190827,0.655865
2080105981,3,-0.210855,-0.699346,-0.190984,0.655728
2080105991,3,-0.211054,-0.699377,-0.191146,0.655583
2080106002,3,-0.211256,-0.699401,-0.191321,0.655441
2080106012,3,-0.211458,-0.699393,-0.191507,0.655331
2080106022,3,-0.211676,-0.699355,-0.191678,0.65525
2080106032,3,-0.211924,-0.699296,-0.191828,0.65519
2080106042,3,-0.212186,-0.699219,-0.19195,0.655151
2080106052,3,-0.212464,-0.699144,-0.192048,0.655112
2080106062,3,-0.21276,-0.699066,-0.19214,0.655073
2080106072,3,-0.213059,-0.699004,-0.192221,0.655018
2080106082,3,-0.213334,-0.698931,-0.192315,0.654979
2080106092,3,-0.213585,-0.698858,-0.19241,0.654947
2080106102,3,-0.213794,-0.698765,-0.192544,0.654938
2080106112,3,-0.213945,-0.698663,-0.192713,0.654948
2080106122,3,-0.214035,-0.698543,-0.192925,0.654984
2080106132,3,-0.21407,-0.698424,-0.193169,0.655028
2080106143,3,-0.214052,-0.6983,-0.19345,0.655083
2080106153,3,-0.213975,-0.698197,-0.193752,0.655129
2080106163,3,-0.213871,-0.698079,-0.194052,0.6552
2080106173,3,-0.213723,-0.698011,-0.194352,0.655232
2080106183,3,-0.213546,-0.697972,-0.194638,0.655247
2080106193,3,-0.213358,-0.697977,-0.194877,0.655231
2080106203,3,-0.213164,-0.698019,-0.19508,0.655189
2080106213,3,-0.212963,-0.698069,-0.195219,0.65516
2080106223,3,-0.212784,-0.698144,-0.195263,0.655125
2080106233,3,-0.212584,-0.698245,-0.195265,0.655081
2080106243,3,-0.2124,-0.698321,-0.195189,0.655083
2080106253,3,-0.212205,-0.698406,-0.195082,0.655087
2080106263,3,-0.212025,-0.698467,-0.194904,0.655134
2080106274,3,-0.21186,-0.698514,-0.194686,0.655201
2080106284,3,-0.211697,-0.698569,-0.194425,0.655273
2080106294,3,-0.211571,-0.698612,-0.194098,0.655365
2080106304,3,-0.211479,-0.698687,-0.193739,0.655421
2080106314,3,-0.211447,-0.698786,-0.19332,0.65545
2080106324,3,-0.21145,-0.698912,-0.192887,0.655442
2080106334,3,-0.211491,-0.699061,-0.192437,0.655402
2080106344,3,-0.211555,-0.6992,-0.192001,0.65536
2080106354,3,-0.211643,-0.699323,-0.191614,0.655314
2080106364,3,-0.211756,-0.699422,-0.191266,0.655274
2080106374,3,-0.211869,-0.699491,-0.190991,0.655244
2080106384,3,-0.211981,-0.69951,-0.190797,0.655244
2080106394,3,-0.212103,-0.699526,-0.190673,0.655223
2080106405,3,-0.212246,-0.699521,-0.190615,0.655199
2080106415,3,-0.212424,-0.699526,-0.190595,0.655142
2080106425,3,-0.212632,-0.699551,-0.190613,0.655042
2080106435,3,-0.212881,-0.699624,-0.190654,0.654872
2080106445,3,-0.213131,-0.699703,-0.190763,0.654674
2080106455,3,-0.213411,-0.699807,-0.190899,0.654433
2080106465,3,-0.213695,-0.699934,-0.191078,0.654151
2080106475,3,-0.213971,-0.700037,-0.191324,0.653879
2080106485,3,-0.2142,-0.700076,-0.191648,0.653667
2080106495,3,-0.214397,-0.700086,-0.192027,0.653482
2080106505,3,-0.214597,-0.700051,-0.192416,0.653339
2080106515,3,-0.214759,-0.699989,-0.192835,0.653228
2080106525,3,-0.214917,-0.699915,-0.193257,0.65313
2080106535,3,-0.215055,-0.699855,-0.193678,0.653024
2080106546,3,-0.215174,-0.699794,-0.194096,0.652927
2080106556,3,-0.215291,-0.699774,-0.194487,0.652793
2080106566,3,-0.215406,-0.699772,-0.194835,0.652653
2080106576,3,-0.215504,-0.699781,-0.195148,0.652519
2080106586,3,-0.215604,-0.699821,-0.195413,0.652362
2080106596,3,-0.215686,-0.699865,-0.195652,0.652217
2080106606,3,-0.215749,-0.699929,-0.195856,0.652066
2080106616,3,-0.215785,-0.700027,-0.196029,0.651897
2080106626,3,-0.215813,-0.700139,-0.196177,0.651723
2080106636,3,-0.215817,-0.700261,-0.196321,0.651547
2080106646,3,-0.215806,-0.700377,-0.196456,0.651386
2080106656,3,-0.21578,-0.700493,-0.196584,0.651231
2080106666,3,-0.215727,-0.700574,-0.196727,0.651118
2080106677,3,-0.215647,-0.700607,-0.196891,0.651059
2080106687,3,-0.21554,-0.700568,-0.197078,0.651081
2080106697,3,-0.215421,-0.700458,-0.197272,0.65118
2080106707,3,-0.215315,-0.700276,-0.197457,0.651355
2080106717,3,-0.215215,-0.700018,-0.197649,0.651606
2080106727,3,-0.215126,-0.69971,-0.197845,0.651906
2080106737,3,-0.21504,-0.699383,-0.198044,0.652226
2080106747,3,-0.214946,-0.699059,-0.198265,0.652537
2080106757,3,-0.214877,-0.698756,-0.19846,0.652825
2080106767,3,-0.214787,-0.698489,-0.198673,0.653075
2080106777,3,-0.2147,-0.698252,-0.19888,0.653293
2080106787,3,-0.214601,-0.698074,-0.199084,0.653454
2080106797,3,-0.214488,-0.697951,-0.199293,0.653559
2080106808,3,-0.214369,-0.697877,-0.199494,0.653616
2080106818,3,-0.214239,-0.697817,-0.199687,0.653665
2080106828,3,-0.214129,-0.69776,-0.199848,0.653712
2080106838,3,-0.21402,-0.697724,-0.199982,0.653745
2080106848,3,-0.21394,-0.697705,-0.200062,0.653767
2080106858,3,-0.213905,-0.697679,-0.200077,0.653802
2080106868,3,-0.213892,-0.697647,-0.20002,0.653857
2080106878,3,-0.213905,-0.697572,-0.199918,0.653964
2080106888,3,-0.213926,-0.697456,-0.199778,0.654124
2080106898,3,-0.213957,-0.697309,-0.199605,0.654323
2080106908,3,-0.21396,-0.69715,-0.199431,0.654545
2080106918,3,-0.213923,-0.696996,-0.19926,0.654773
2080106928,3,-0.213864,-0.69685,-0.199102,0.654996
2080106939,3,-0.213769,-0.696699,-0.198951,0.655233
2080106949,3,-0.213662,-0.696591,-0.198779,0.655434
2080106959,3,-0.21352,-0.696521,-0.198642,0.655597
2080106969,3,-0.213363,-0.696468,-0.198505,0.655746
2080106979,3,-0.213169,-0.696459,-0.19839,0.655854
2080106989,3,-0.212973,-0.696509,-0.198262,0.655903
2080106999,3,-0.212783,-0.696589,-0.19812,0.655922
2080107009,3,-0.212602,-0.696681,-0.197976,0.655927
2080107019,3,-0.212424,-0.696771,-0.19783,0.655933
2080107029,3,-0.212243,-0.696848,-0.197695,0.655951
2080107039,3,-0.212075,-0.696907,-0.197547,0.655987
2080107049,3,-0.211916,-0.696961,-0.197408,0.656023
2080107059,3,-0.211751,-0.696986,-0.19729,0.656085
2080107069,3,-0.211616,-0.696991,-0.197159,0.656163
2080107080,3,-0.211503,-0.696979,-0.197012,0.656255
2080107090,3,-0.211418,-0.696951,-0.196868,0.656356
2080107100,3,-0.21136,-0.696918,-0.196734,0.65645
2080107110,3,-0.211341,-0.696907,-0.196587,0.656511
2080107120,3,-0.211353,-0.696925,-0.196439,0.656533
2080107130,3,-0.211387,-0.696987,-0.196282,0.656503
2080107140,3,-0.211445,-0.697118,-0.196137,0.656389
2080107150,3,-0.211541,-0.697292,-0.195974,0.656222
2080107160,3,-0.211676,-0.69751,-0.195805,0.655997
2080107170,3,-0.211846,-0.69776,-0.195629,0.655729
2080107180,3,-0.212018,-0.698024,-0.195487,0.655434
2080107190,3,-0.212213,-0.698299,-0.195358,0.655116
2080107200,3,-0.212412,-0.698545,-0.195268,0.654816
2080107211,3,-0.212614,-0.698796,-0.195218,0.654498
2080107221,3,-0.212826,-0.699004,-0.19521,0.654209
2080107231,3,-0.213025,-0.699181,-0.195242,0.653946
2080107241,3,-0.213204,-0.699293,-0.19534,0.653739
2080107251,3,-0.213376,-0.699348,-0.195454,0.65359
2080107261,3,-0.213493,-0.699347,-0.19563,0.653499
2080107271,3,-0.213577,-0.699313,-0.195827,0.65345
2080107281,3,-0.213628,-0.699219,-0.196051,0.653466
2080107291,3,-0.213655,-0.699092,-0.196266,0.653529
2080107301,3,-0.213651,-0.698971,-0.196483,0.653595
2080107311,3,-0.21365,-0.69886,-0.196655,0.653661
2080107321,3,-0.213632,-0.69877,-0.196799,0.653721
2080107331,3,-0.21363,-0.698727,-0.196882,0.653743
2080107342,3,-0.213649,-0.698718,-0.19689,0.653743
2080107352,3,-0.213666,-0.698759,-0.196861,0.653702
2080107362,3,-0.213659,-0.69883,-0.196817,0.653642
2080107372,3,-0.21362,-0.698918,-0.196768,0.653575
2080107382,3,-0.213551,-0.698984,-0.196746,0.653534
2080107392,3,-0.213452,-0.699041,-0.196734,0.653509
2080107402,3,-0.213297,-0.69908,-0.196784,0.653503
2080107412,3,-0.213131,-0.699092,-0.196845,0.653525
2080107422,3,-0.212962,-0.699085,-0.196917,0.653566
2080107432,3,-0.212777,-0.69904,-0.19702,0.653644
2080107442,3,-0.212586,-0.698978,-0.197137,0.653738
2080107452,3,-0.212401,-0.698879,-0.197272,0.653862
2080107462,3,-0.212219,-0.698718,-0.197427,0.654047
2080107472,3,-0.212038,-0.698473,-0.19761,0.654312
2080107483,3,-0.211856,-0.698158,-0.197804,0.654648
2080107493,3,-0.211692,-0.697792,-0.198009,0.655029
2080107503,3,-0.211528,-0.6974,-0.198231,0.655433
2080107513,3,-0.211368,-0.697007,-0.198455,0.655835
2080107523,3,-0.211211,-0.696636,-0.198683,0.65621
2080107533,3,-0.211079,-0.696315,-0.198893,0.65653
2080107543,3,-0.210984,-0.696065,-0.199065,0.656773
2080107553,3,-0.210912,-0.69588,-0.199214,0.656946
2080107563,3,-0.210871,-0.695734,-0.199347,0.657075
2080107573,3,-0.210843,-0.695638,-0.199452,0.657153
2080107583,3,-0.210847,-0.695581,-0.199517,0.657192
2080107593,3,-0.210886,-0.695575,-0.199546,0.657178
2080107603,3,-0.21094,-0.695599,-0.199559,0.657131
2080107614,3,-0.211005,-0.695651,-0.199561,0.657054
2080107624,3,-0.21108,-0.695739,-0.19953,0.656946
2080107634,3,-0.211164,-0.695826,-0.199491,0.656839
2080107644,3,-0.211227,-0.695889,-0.199473,0.656757
2080107654,3,-0.21127,-0.695931,-0.199462,0.656703
2080107664,3,-0.211302,-0.695938,-0.199454,0.656687
2080107674,3,-0.2113,-0.695891,-0.19946,0.656736
2080107684,3,-0.211264,-0.695825,-0.199479,0.656812
2080107694,3,-0.211229,-0.695744,-0.199484,0.656907
2080107704,3,-0.21118,-0.695641,-0.199481,0.657033
2080107714,3,-0.211133,-0.695547,-0.19944,0.65716
2080107724,3,-0.21109,-0.695461,-0.199396,0.657278
2080107734,3,-0.211035,-0.695404,-0.19934,0.657373
2080107745,3,-0.210986,-0.695357,-0.199262,0.657462
2080107755,3,-0.210914,-0.69534,-0.199177,0.657529
2080107765,3,-0.210818,-0.695308,-0.199109,0.657614
2080107775,3,-0.210709,-0.695273,-0.199047,0.657704
2080107785,3,-0.210588,-0.695243,-0.198999,0.65779
2080107795,3,-0.210474,-0.695201,-0.198944,0.657887
2080107805,3,-0.210388,-0.695163,-0.19887,0.657977
2080107815,3,-0.210333,-0.695142,-0.198771,0.658047
2080107825,3,-0.210271,-0.69513,-0.198679,0.658107
2080107835,3,-0.210253,-0.69516,-0.198566,0.658116
2080107845,3,-0.210273,-0.695207,-0.198436,0.658099
2080107855,3,-0.210318,-0.695254,-0.198302,0.658075
2080107865,3,-0.210389,-0.695324,-0.198165,0.65802
2080107875,3,-0.210471,-0.69539,-0.198034,0.657964
2080107886,3,-0.21057,-0.69543,-0.19793,0.657921
2080107896,3,-0.210712,-0.695465,-0.197811,0.657874
2080107906,3,-0.210896,-0.695512,-0.197685,0.657804
2080107916,3,-0.211109,-0.695567,-0.197566,0.657712
2080107926,3,-0.21132,-0.695655,-0.197486,0.657576
2080107936,3,-0.21154,-0.695733,-0.197434,0.657438
2080107946,3,-0.211755,-0.695792,-0.197402,0.657316
2080107956,3,-0.211972,-0.695852,-0.197397,0.657184
2080107966,3,-0.212194,-0.695853,-0.197418,0.657104
2080107976,3,-0.212422,-0.69587,-0.197442,0.657006
2080107986,3,-0.212668,-0.695878,-0.197478,0.656908
2080107996,3,-0.21293,-0.695906,-0.197498,0.656787
2080108006,3,-0.213232,-0.695919,-0.197482,0.65668
2080108017,3,-0.213532,-0.69593,-0.197476,0.656572
2080108027,3,-0.213825,-0.695938,-0.197476,0.656468
2080108037,3,-0.214078,-0.695922,-0.197503,0.656395
2080108047,3,-0.214289,-0.695862,-0.197566,0.65637
2080108057,3,-0.214471,-0.695766,-0.197653,0.656387
2080108067,3,-0.214628,-0.695653,-0.197758,0.656424
2080108077,3,-0.214768,-0.695516,-0.197867,0.65649
2080108087,3,-0.214916,-0.695409,-0.197937,0.656534
2080108097,3,-0.215081,-0.695392,-0.19796,0.656491
2080108107,3,-0.215271,-0.695459,-0.197928,0.656367
2080108117,3,-0.215498,-0.6956,-0.197849,0.656167
2080108127,3,-0.215723,-0.695816,-0.197743,0.655896
2080108137,3,-0.215952,-0.696087,-0.197602,0.655576
2080108148,3,-0.216178,-0.696362,-0.197435,0.65526
2080108158,3,-0.216376,-0.696642,-0.197265,0.654947
2080108168,3,-0.21655,-0.696908,-0.197091,0.654659
2080108178,3,-0.216701,-0.697165,-0.196917,0.654388
2080108188,3,-0.2168,-0.697405,-0.196772,0.654143
2080108198,3,-0.216882,-0.69766,-0.196615,0.653892
2080108208,3,-0.216936,-0.697907,-0.196469,0.653654
2080108218,3,-0.216962,-0.698148,-0.196337,0.653427
2080108228,3,-0.216962,-0.69837,-0.196222,0.653224
2080108238,3,-0.216887,-0.698565,-0.196153,0.653062
2080108248,3,-0.216782,-0.698698,-0.196115,0.652965
2080108258,3,-0.216637,-0.69878,-0.196104,0.652929
2080108268,3,-0.216427,-0.698782,-0.19614,0.652986
2080108278,3,-0.216196,-0.698721,-0.19619,0.653113
2080108289,3,-0.215935,-0.698599,-0.19628,0.653303
2080108299,3,-0.215668,-0.698441,-0.196355,0.653537
2080108309,3,-0.215394,-0.698285,-0.196422,0.653773
2080108319,3,-0.215149,-0.69815,-0.196459,0.653988
2080108329,3,-0.21495,-0.698053,-0.196462,0.654155
2080108339,3,-0.214781,-0.698021,-0.196436,0.654253
2080108349,3,-0.214645,-0.698036,-0.196398,0.654293
2080108359,3,-0.214532,-0.698094,-0.196343,0.654284
2080108369,3,-0.214425,-0.698158,-0.196298,0.654266
2080108379,3,-0.214345,-0.698223,-0.19625,0.654237
2080108389,3,-0.214288,-0.698283,-0.196209,0.654203
2080108399,3,-0.214275,-0.698327,-0.196148,0.654179
2080108409,3,-0.214302,-0.698364,-0.196079,0.654151
2080108420,3,-0.21439,-0.698392,-0.195983,0.654121
2080108430,3,-0.214519,-0.69841,-0.195898,0.654085
2080108440,3,-0.214716,-0.698431,-0.195801,0.654027
2080108450,3,-0.214933,-0.698455,-0.195729,0.653952
2080108460,3,-0.215204,-0.698456,-0.195671,0.653879
2080108470,3,-0.215479,-0.698425,-0.195668,0.653822
2080108480,3,-0.215742,-0.698356,-0.195742,0.653787
2080108490,3,-0.216005,-0.698247,-0.195873,0.653778
2080108500,3,-0.216259,-0.698092,-0.19608,0.653796
2080108510,3,-0.216524,-0.697931,-0.196325,0.653808
2080108520,3,-0.216775,-0.697766,-0.196605,0.653817
2080108530,3,-0.217031,-0.697625,-0.19691,0.65379
2080108540,3,-0.217293,-0.697526,-0.197222,0.653715
2080108551,3,-0.217578,-0.697464,-0.197508,0.6536
2080108561,3,-0.217861,-0.697443,-0.19778,0.653446
2080108571,3,-0.218135,-0.697453,-0.198039,0.653265
2080108581,3,-0.218376,-0.697476,-0.198303,0.65308
2080108591,3,-0.218599,-0.697484,-0.198534,0.652927
2080108601,3,-0.218772,-0.697493,-0.198744,0.652795
2080108611,3,-0.218912,-0.697502,-0.198931,0.652682
2080108621,3,-0.219001,-0.697485,-0.19909,0.652621
2080108631,3,-0.219057,-0.697461,-0.199197,0.652596
2080108641,3,-0.21908,-0.697423,-0.199257,0.65261
2080108651,3,-0.219067,-0.697377,-0.199261,0.652662
2080108661,3,-0.219027,-0.697348,-0.199196,0.652727
2080108671,3,-0.21894,-0.697358,-0.199083,0.65278
2080108682,3,-0.218822,-0.69737,-0.198913,0.652859
2080108692,3,-0.218651,-0.697421,-0.198708,0.652924
2080108702,3,-0.218432,-0.697482,-0.198468,0.653005
2080108712,3,-0.218146,-0.697556,-0.198208,0.6531
2080108722,3,-0.217825,-0.697653,-0.197925,0.65319
2080108732,3,-0.217449,-0.697751,-0.197631,0.653299
2080108742,3,-0.217047,-0.697858,-0.197305,0.653417
2080108752,3,-0.216598,-0.697987,-0.196967,0.65353
2080108762,3,-0.216147,-0.698134,-0.196595,0.653634
2080108772,3,-0.215691,-0.698337,-0.196184,0.653692
2080108782,3,-0.215227,-0.698571,-0.19575,0.653725
2080108792,3,-0.214791,-0.698818,-0.195281,0.653745
2080108802,3,-0.214363,-0.699108,-0.194779,0.653725
2080108812,3,-0.213942,-0.699417,-0.194265,0.653685
2080108823,3,-0.213495,-0.699708,-0.193793,0.653659
2080108833,3,-0.213022,-0.699962,-0.193346,0.653675
2080108843,3,-0.212508,-0.700195,-0.192949,0.65371
2080108853,3,-0.211974,-0.700417,-0.192587,0.653752
2080108863,3,-0.21144,-0.700614,-0.192233,0.653818
2080108873,3,-0.210912,-0.700804,-0.191889,0.653886
2080108883,3,-0.210381,-0.700986,-0.19155,0.653961
2080108893,3,-0.209868,-0.701139,-0.191214,0.65406
2080108903,3,-0.209365,-0.701251,-0.190894,0.654195
2080108913,3,-0.208884,-0.701332,-0.190569,0.654357
2080108923,3,-0.208424,-0.701381,-0.190247,0.654545
2080108933,3,-0.207999,-0.701414,-0.189912,0.654741
2080108943,3,-0.20762,-0.701433,-0.18957,0.65494
2080108954,3,-0.207278,-0.701442,-0.189235,0.655136
2080108964,3,-0.206993,-0.701422,-0.188907,0.655342
2080108974,3,-0.206732,-0.701377,-0.188606,0.655559
2080108984,3,-0.206523,-0.701342,-0.188344,0.655738
2080108994,3,-0.206361,-0.70128,-0.188122,0.655919
2080109004,3,-0.206227,-0.701206,-0.187988,0.656079
2080109014,3,-0.206148,-0.701133,-0.187907,0.656205
2080109024,3,-0.20609,-0.701026,-0.187911,0.656337
2080109034,3,-0.206069,-0.700916,-0.187995,0.656436
2080109044,3,-0.20609,-0.700786,-0.188153,0.656523
2080109054,3,-0.206129,-0.700647,-0.188411,0.656585
2080109064,3,-0.206231,-0.700468,-0.188725,0.656654
2080109074,3,-0.20637,-0.700266,-0.189089,0.656721
2080109085,3,-0.206578,-0.700054,-0.189494,0.656765
2080109095,3,-0.206858,-0.699843,-0.189915,0.65678
2080109105,3,-0.207197,-0.699641,-0.190343,0.656765
2080109115,3,-0.207597,-0.69945,-0.190781,0.656715
2080109125,3,-0.208031,-0.699279,-0.191227,0.65663
2080109135,3,-0.208478,-0.699112,-0.191695,0.65653
2080109145,3,-0.208929,-0.69894,-0.192174,0.656429
2080109155,3,-0.209346,-0.698738,-0.19269,0.65636
2080109165,3,-0.209735,-0.698511,-0.193214,0.656324
2080109175,3,-0.210107,-0.698252,-0.193719,0.656331
2080109185,3,-0.210487,-0.698,-0.194182,0.656341
2080109195,3,-0.210855,-0.697729,-0.194606,0.656385
2080109205,3,-0.211211,-0.697468,-0.194984,0.656436
2080109215,3,-0.211539,-0.697232,-0.195324,0.65648
2080109226,3,-0.211872,-0.697014,-0.195615,0.656517
2080109236,3,-0.21217,-0.696807,-0.195874,0.656563
2080109246,3,-0.212437,-0.696603,-0.196112,0.656622
2080109256,3,-0.212674,-0.696398,-0.196313,0.656704
2080109266,3,-0.212865,-0.696188,-0.196515,0.656803
2080109276,3,-0.213028,-0.696009,-0.196706,0.656883
2080109286,3,-0.213164,-0.695851,-0.196878,0.656955
2080109296,3,-0.213254,-0.695741,-0.197066,0.656986
2080109306,3,-0.213339,-0.695672,-0.197236,0.656981
2080109316,3,-0.213423,-0.695654,-0.197407,0.656921
2080109326,3,-0.213502,-0.695673,-0.197558,0.656829
2080109336,3,-0.213584,-0.695737,-0.197708,0.65669
2080109346,3,-0.21368,-0.695809,-0.197843,0.656542
2080109357,3,-0.213779,-0.695866,-0.197984,0.656407
2080109367,3,-0.213881,-0.695906,-0.198107,0.656294
2080109377,3,-0.214008,-0.695922,-0.198213,0.656204
2080109387,3,-0.214118,-0.695931,-0.19832,0.656125
2080109397,3,-0.214229,-0.695924,-0.198413,0.656069
2080109407,3,-0.214323,-0.6959,-0.198524,0.65603
2080109417,3,-0.214415,-0.695867,-0.198622,0.656005
2080109427,3,-0.214492,-0.695824,-0.198715,0.655997
2080109437,3,-0.214549,-0.695774,-0.198792,0.656008
2080109447,3,-0.214597,-0.695727,-0.198857,0.656023
2080109457,3,-0.214636,-0.695681,-0.19889,0.656049
2080109467,3,-0.21469,-0.695657,-0.198885,0.656059
2080109477,3,-0.21475,-0.695666,-0.198823,0.656048
2080109488,3,-0.214816,-0.69572,-0.198732,0.655997
2080109498,3,-0.214895,-0.695813,-0.198606,0.655911
2080109508,3,-0.214996,-0.695967,-0.198455,0.65576
2080109518,3,-0.215107,-0.696135,-0.198285,0.655596
2080109528,3,-0.215231,-0.696334,-0.198117,0.655395
2080109538,3,-0.215328,-0.696494,-0.197983,0.655234
2080109548,3,-0.215411,-0.696582,-0.197886,0.655142
2080109558,3,-0.215445,-0.696611,-0.197833,0.655117
2080109568,3,-0.215467,-0.696599,-0.197829,0.655123
2080109578,3,-0.215458,-0.696545,-0.197859,0.655173
2080109588,3,-0.215475,-0.696476,-0.197894,0.655232
2080109598,3,-0.215507,-0.696408,-0.197929,0.655282
2080109608,3,-0.215596,-0.696347,-0.197934,0.655317
2080109618,3,-0.215705,-0.696305,-0.197918,0.655331
2080109629,3,-0.215823,-0.6963,-0.197897,0.655303
2080109639,3,-0.21596,-0.696342,-0.19787,0.655221
2080109649,3,-0.216113,-0.696423,-0.197832,0.655097
2080109659,3,-0.216246,-0.696529,-0.197818,0.654944
2080109669,3,-0.216374,-0.696662,-0.197824,0.654758
2080109679,3,-0.216471,-0.696765,-0.19786,0.654606
2080109689,3,-0.216509,-0.696831,-0.197959,0.654493
2080109699,3,-0.216541,-0.696887,-0.198073,0.654388
2080109709,3,-0.216561,-0.696894,-0.198187,0.654339
2080109719,3,-0.216572,-0.696896,-0.198293,0.654302
2080109729,3,-0.216601,-0.696871,-0.198368,0.654296
2080109739,3,-0.216638,-0.696871,-0.198393,0.654276
2080109749,3,-0.216727,-0.696885,-0.198336,0.654249
2080109760,3,-0.216848,-0.696938,-0.198217,0.654188
2080109770,3,-0.216988,-0.697015,-0.198042,0.654113
2080109780,3,-0.217133,-0.697131,-0.197847,0.654001
2080109790,3,-0.217258,-0.697266,-0.197619,0.653883
2080109800,3,-0.217345,-0.697405,-0.197416,0.653768
2080109810,3,-0.217414,-0.697541,-0.197208,0.653663
2080109820,3,-0.217428,-0.697657,-0.197019,0.653591
2080109830,3,-0.217399,-0.697744,-0.196856,0.653557
2080109840,3,-0.217324,-0.697781,-0.196704,0.653589
2080109850,3,-0.217223,-0.697782,-0.196566,0.653662
2080109860,3,-0.217108,-0.697754,-0.196429,0.653772
2080109870,3,-0.217017,-0.69772,-0.196261,0.653889
2080109880,3,-0.216934,-0.697716,-0.196076,0.653976
2080109891,3,-0.216871,-0.697708,-0.195863,0.654069
2080109901,3,-0.216808,-0.697708,-0.195645,0.654155
2080109911,3,-0.21673,-0.697758,-0.195441,0.654189
2080109921,3,-0.216656,-0.697826,-0.195237,0.654201
2080109931,3,-0.216572,-0.69793,-0.195054,0.654173
2080109941,3,-0.216473,-0.698052,-0.194904,0.654121
2080109951,3,-0.216335,-0.698182,-0.194801,0.654058
2080109961,3,-0.216152,-0.698323,-0.194773,0.653977
2080109971,3,-0.215951,-0.698449,-0.194777,0.653907
2080109981,3,-0.21572,-0.698547,-0.194823,0.653865
2080109991,3,-0.215471,-0.698594,-0.194914,0.653869
2080110001,3,-0.215226,-0.69859,-0.194998,0.65393
2080110011,3,-0.215006,-0.698533,-0.195069,0.654042
2080110022,3,-0.214833,-0.698426,-0.195087,0.654208
2080110032,3,-0.214682,-0.698284,-0.195085,0.654409
2080110042,3,-0.214591,-0.698159,-0.195014,0.654593
2080110052,3,-0.214528,-0.698041,-0.194915,0.65477
2080110062,3,-0.214478,-0.697959,-0.194792,0.654909
2080110072,3,-0.214446,-0.697892,-0.194662,0.65503
2080110082,3,-0.21441,-0.697863,-0.194533,0.655112
2080110092,3,-0.214346,-0.697854,-0.194436,0.655171
2080110102,3,-0.214251,-0.697864,-0.194382,0.655207
2080110112,3,-0.21412,-0.697884,-0.194388,0.655227
2080110122,3,-0.213954,-0.697911,-0.194452,0.655234
2080110132,3,-0.213816,-0.697951,-0.194517,0.655216
2080110142,3,-0.213698,-0.698022,-0.194583,0.65516
2080110152,3,-0.213622,-0.69808,-0.194645,0.655104
2080110163,3,-0.213595,-0.69816,-0.194702,0.65501
2080110173,3,-0.213624,-0.698218,-0.194755,0.654924
2080110183,3,-0.213694,-0.698266,-0.194809,0.654833
2080110193,3,-0.2138,-0.69828,-0.194857,0.65477
2080110203,3,-0.21394,-0.698258,-0.194943,0.654723
2080110213,3,-0.214087,-0.698202,-0.19505,0.654702
2080110223,3,-0.214249,-0.69811,-0.195193,0.654705
2080110233,3,-0.214392,-0.697976,-0.195417,0.654734
2080110243,3,-0.214554,-0.697797,-0.19567,0.654796
2080110253,3,-0.214707,-0.697584,-0.195971,0.654883
2080110263,3,-0.21488,-0.697375,-0.196303,0.654949
2080110273,3,-0.215086,-0.69716,-0.196646,0.655007
2080110283,3,-0.215318,-0.696944,-0.197008,0.655052
2080110294,3,-0.215586,-0.696727,-0.197356,0.65509
2080110304,3,-0.215892,-0.6965,-0.197687,0.655131
2080110314,3,-0.216223,-0.696286,-0.198016,0.65515
2080110324,3,-0.216568,-0.696084,-0.198345,0.655151
2080110334,3,-0.21694,-0.695901,-0.198667,0.655125
2080110344,3,-0.217348,-0.695752,-0.198953,0.655061
2080110354,3,-0.217754,-0.695628,-0.199224,0.654976
2080110364,3,-0.218196,-0.695519,-0.199455,0.654874
2080110374,3,-0.218621,-0.695453,-0.199695,0.654729
2080110384,3,-0.219025,-0.695433,-0.199924,0.654546
2080110394,3,-0.219419,-0.695472,-0.20014,0.654305
2080110404,3,-0.219807,-0.69555,-0.200339,0.654031
2080110414,3,-0.22016,-0.69567,-0.200536,0.653725
2080110425,3,-0.220483,-0.695787,-0.200719,0.653435
2080110435,3,-0.220766,-0.695873,-0.200909,0.65319
2080110445,3,-0.221019,-0.695942,-0.201078,0.652979
2080110455,3,-0.221228,-0.69599,-0.201229,0.65281
2080110465,3,-0.221418,-0.695988,-0.201341,0.652713
2080110475,3,-0.221597,-0.695994,-0.201417,0.652623
2080110485,3,-0.221746,-0.695974,-0.201472,0.652577
2080110495,3,-0.221879,-0.695949,-0.201482,0.652555
2080110505,3,-0.221986,-0.695897,-0.201483,0.652573
2080110515,3,-0.22207,-0.695838,-0.201455,0.652617
2080110525,3,-0.22212,-0.69577,-0.201423,0.652682
2080110535,3,-0.222127,-0.695706,-0.2014,0.652755
2080110545,3,-0.222077,-0.695609,-0.20139,0.652878
2080110555,3,-0.221999,-0.695513,-0.201381,0.65301
2080110566,3,-0.221902,-0.695402,-0.201362,0.653167
2080110576,3,-0.221779,-0.695298,-0.201335,0.653328
2080110586,3,-0.221654,-0.695217,-0.201287,0.653471
2080110596,3,-0.221542,-0.695159,-0.201211,0.653594
2080110606,3,-0.221459,-0.695135,-0.201092,0.653684
2080110616,3,-0.22139,-0.695117,-0.200958,0.653769
2080110626,3,-0.221332,-0.695136,-0.200805,0.653814
2080110636,3,-0.221274,-0.695175,-0.200651,0.65384
2080110646,3,-0.221218,-0.695244,-0.200497,0.653833
2080110656,3,-0.221172,-0.69533,-0.200356,0.6538
2080110666,3,-0.2211,-0.695404,-0.200248,0.653779
2080110676,3,-0.221065,-0.695468,-0.200106,0.653767
2080110686,3,-0.221046,-0.695546,-0.199951,0.653737
2080110697,3,-0.221062,-0.695614,-0.199784,0.653711
2080110707,3,-0.221091,-0.695682,-0.199606,0.653683
2080110717,3,-0.221155,-0.695732,-0.199403,0.65367
2080110727,3,-0.221254,-0.695788,-0.199172,0.653647
2080110737,3,-0.221402,-0.695859,-0.198907,0.653602
2080110747,3,-0.221552,-0.695935,-0.198646,0.65355
2080110757,3,-0.221727,-0.696013,-0.198366,0.653493
2080110767,3,-0.221913,-0.696085,-0.198096,0.653435
2080110777,3,-0.222069,-0.696114,-0.197868,0.65342
2080110787,3,-0.222189,-0.696114,-0.197706,0.653428
2080110797,3,-0.222254,-0.696079,-0.197621,0.653469
2080110807,3,-0.22229,-0.696014,-0.197583,0.653538
2080110817,3,-0.222278,-0.695923,-0.197609,0.65363
2080110828,3,-0.222251,-0.69584,-0.197678,0.653707
2080110838,3,-0.222215,-0.695759,-0.197775,0.653776
2080110848,3,-0.222175,-0.695703,-0.197896,0.653812
2080110858,3,-0.222139,-0.695691,-0.198032,0.653797
2080110868,3,-0.222109,-0.695679,-0.198183,0.653774
2080110878,3,-0.222086,-0.695699,-0.198347,0.65371
2080110888,3,-0.222054,-0.695709,-0.198541,0.653652
2080110898,3,-0.222021,-0.695717,-0.198778,0.653582
2080110908,3,-0.222002,-0.695718,-0.199016,0.653515
2080110918,3,-0.221985,-0.6957,-0.19929,0.653457
2080110928,3,-0.221964,-0.695648,-0.199588,0.653428
2080110938,3,-0.221962,-0.695595,-0.19989,0.653393
2080110948,3,-0.221979,-0.695529,-0.200199,0.653363
2080110958,3,-0.222003,-0.695452,-0.20051,0.653342
2080110969,3,-0.222029,-0.695404,-0.20081,0.653292
2080110979,3,-0.222075,-0.695363,-0.201088,0.653234
2080110989,3,-0.222125,-0.695338,-0.201339,0.653166
2080110999,3,-0.222152,-0.695318,-0.201591,0.653101
2080111009,3,-0.222167,-0.695343,-0.201824,0.652997
2080111019,3,-0.222185,-0.69535,-0.20203,0.65292
2080111029,3,-0.222181,-0.695377,-0.202227,0.652831
2080111039,3,-0.222147,-0.695401,-0.202417,0.652758
2080111049,3,-0.222072,-0.695424,-0.202627,0.652694
2080111059,3,-0.221954,-0.695409,-0.202844,0.652683
2080111069,3,-0.221796,-0.695372,-0.203074,0.652705
2080111079,3,-0.221605,-0.695274,-0.203326,0.652796
2080111089,3,-0.221405,-0.695146,-0.203544,0.652932
2080111100,3,-0.221175,-0.694951,-0.203787,0.653142
2080111110,3,-0.220962,-0.694744,-0.203986,0.653372
2080111120,3,-0.220753,-0.694501,-0.204175,0.653641
2080111130,3,-0.220546,-0.694248,-0.204325,0.653933
2080111140,3,-0.220349,-0.69397,-0.204453,0.654255
2080111150,3,-0.220168,-0.693731,-0.204534,0.654544
2080111160,3,-0.220018,-0.693554,-0.204561,0.654773
2080111170,3,-0.219887,-0.693445,-0.204546,0.654938
2080111180,3,-0.21976,-0.693411,-0.204513,0.655027
2080111190,3,-0.219664,-0.693435,-0.204425,0.655061
2080111200,3,-0.219581,-0.693517,-0.204315,0.655036
2080111210,3,-0.219491,-0.693613,-0.204207,0.654998
2080111220,3,-0.219381,-0.693697,-0.20412,0.654974
2080111231,3,-0.219267,-0.693757,-0.204018,0.65498
2080111241,3,-0.219148,-0.693773,-0.203925,0.655032
2080111251,3,-0.219034,-0.693769,-0.203831,0.655103
2080111261,3,-0.218953,-0.693725,-0.203683,0.655223
2080111271,3,-0.218918,-0.693703,-0.203499,0.655315
2080111281,3,-0.218938,-0.693678,-0.203269,0.655406
2080111291,3,-0.219003,-0.693657,-0.203001,0.65549
2080111301,3,-0.219082,-0.693632,-0.202718,0.655577
2080111311,3,-0.219173,-0.693603,-0.202432,0.655666
2080111321,3,-0.219262,-0.693547,-0.202169,0.655777
2080111331,3,-0.219358,-0.693477,-0.201915,0.655897
2080111341,3,-0.219443,-0.6934,-0.201676,0.656023
2080111351,3,-0.219539,-0.693329,-0.201462,0.656132
2080111361,3,-0.219628,-0.693304,-0.201276,0.656185
2080111372,3,-0.21972,-0.693302,-0.201093,0.656213
2080111382,3,-0.219792,-0.693337,-0.200937,0.656199
2080111392,3,-0.219887,-0.693408,-0.20078,0.656141
2080111402,3,-0.219972,-0.693505,-0.20064,0.656052
2080111412,3,-0.220068,-0.693612,-0.200497,0.655951
2080111422,3,-0.220179,-0.693721,-0.200359,0.655841
2080111432,3,-0.220298,-0.693844,-0.200215,0.655715
2080111442,3,-0.220429,-0.693959,-0.200071,0.655592
2080111452,3,-0.220565,-0.694094,-0.199931,0.655446
2080111462,3,-0.220695,-0.694229,-0.199802,0.655299
2080111472,3,-0.220834,-0.69437,-0.199649,0.65515
2080111482,3,-0.220943,-0.694498,-0.199533,0.655012
2080111492,3,-0.221037,-0.69463,-0.19943,0.654872
2080111503,3,-0.221102,-0.694766,-0.19935,0.654731
2080111513,3,-0.221136,-0.694899,-0.199287,0.654596
2080111523,3,-0.221156,-0.695028,-0.199231,0.654471
2080111533,3,-0.221151,-0.695165,-0.199177,0.654343
2080111543,3,-0.221145,-0.695285,-0.199094,0.654242
2080111553,3,-0.221129,-0.695432,-0.198991,0.654123
2080111563,3,-0.221112,-0.695607,-0.198867,0.653981
2080111573,3,-0.221093,-0.695816,-0.198712,0.653812
2080111583,3,-0.221052,-0.696056,-0.198549,0.65362
2080111593,3,-0.220987,-0.69631,-0.198372,0.653425
2080111603,3,-0.220898,-0.696566,-0.198211,0.653231
2080111613,3,-0.220781,-0.696812,-0.198042,0.65306
2080111623,3,-0.220626,-0.697039,-0.197887,0.652916
2080111634,3,-0.220436,-0.697274,-0.197739,0.652774
2080111644,3,-0.220207,-0.697498,-0.197586,0.652659
2080111654,3,-0.219946,-0.69769,-0.197446,0.652585
2080111664,3,-0.219651,-0.697884,-0.197296,0.652521
2080111674,3,-0.219353,-0.698063,-0.197121,0.652483
2080111684,3,-0.219042,-0.698257,-0.196915,0.652442
2080111694,3,-0.218706,-0.698464,-0.196682,0.652404
2080111704,3,-0.21837,-0.698668,-0.196437,0.652371
2080111714,3,-0.217991,-0.698857,-0.196176,0.652374
2080111724,3,-0.217604,-0.699049,-0.195894,0.652383
2080111734,3,-0.217206,-0.699217,-0.195595,0.652425
2080111744,3,-0.216802,-0.699389,-0.195287,0.652467
2080111754,3,-0.216382,-0.699534,-0.194974,0.652545
2080111765,3,-0.215944,-0.699684,-0.194658,0.652624
2080111775,3,-0.215514,-0.699808,-0.194335,0.652729
2080111785,3,-0.215092,-0.699926,-0.19399,0.652844
2080111795,3,-0.214659,-0.700016,-0.193665,0.652986
2080111805,3,-0.214234,-0.700088,-0.19334,0.653145
2080111815,3,-0.213817,-0.700151,-0.192999,0.653315
2080111825,3,-0.213426,-0.700205,-0.192661,0.653485
2080111835,3,-0.213076,-0.700269,-0.192302,0.653637
2080111845,3,-0.212722,-0.70035,-0.191976,0.65376
2080111855,3,-0.212372,-0.70043,-0.191675,0.653877
2080111865,3,-0.212033,-0.700521,-0.1914,0.65397
2080111875,3,-0.211699,-0.700595,-0.191158,0.65407
2080111885,3,-0.211401,-0.700633,-0.190918,0.654196
2080111895,3,-0.211123,-0.70063,-0.190718,0.654347
2080111906,3,-0.210877,-0.700598,-0.190523,0.654517
2080111916,3,-0.210664,-0.700553,-0.190356,0.654683
2080111926,3,-0.2105,-0.700483,-0.190208,0.654853
2080111936,3,-0.210372,-0.700387,-0.190077,0.655035
2080111946,3,-0.210288,-0.700257,-0.189946,0.655239
2080111956,3,-0.210246,-0.700106,-0.189831,0.655447
2080111966,3,-0.210226,-0.699918,-0.189746,0.655679
2080111976,3,-0.210215,-0.699703,-0.189711,0.655923
2080111986,3,-0.210214,-0.699473,-0.189703,0.65617
2080111996,3,-0.210217,-0.699234,-0.189735,0.656414
2080112006,3,-0.210247,-0.698993,-0.189767,0.656652
2080112016,3,-0.210289,-0.698771,-0.189823,0.656858
2080112026,3,-0.210354,-0.698573,-0.189876,0.657034
2080112037,3,-0.210403,-0.69842,-0.189966,0.657154
2080112047,3,-0.210466,-0.6983,-0.190055,0.657236
2080112057,3,-0.210528,-0.698199,-0.190161,0.657293
2080112067,3,-0.210587,-0.698109,-0.19027,0.657338
2080112077,3,-0.210649,-0.698026,-0.190375,0.657375
2080112087,3,-0.21072,-0.697937,-0.190471,0.657419
2080112097,3,-0.210814,-0.697873,-0.190535,0.657439
2080112107,3,-0.2109,-0.69782,-0.190622,0.657442
2080112117,3,-0.211004,-0.697792,-0.190688,0.657419
2080112127,3,-0.211117,-0.697767,-0.190759,0.657389
2080112137,3,-0.211219,-0.697751,-0.190841,0.657349
2080112147,3,-0.211323,-0.697748,-0.190942,0.65729
2080112157,3,-0.211427,-0.697735,-0.19105,0.657238
2080112168,3,-0.2115,-0.697709,-0.191205,0.657198
2080112178,3,-0.211571,-0.69766,-0.191345,0.657186
2080112188,3,-0.211617,-0.697566,-0.191513,0.657221
2080112198,3,-0.211652,-0.697453,-0.191707,0.657274
2080112208,3,-0.21166,-0.697332,-0.191923,0.657337
2080112218,3,-0.211671,-0.697205,-0.192134,0.657407
2080112228,3,-0.211671,-0.697047,-0.19234,0.657513
2080112238,3,-0.211666,-0.696911,-0.192538,0.657602
2080112248,3,-0.211667,-0.696792,-0.192713,0.657677
2080112258,3,-0.211676,-0.696694,-0.192848,0.657737
2080112268,3,-0.21168,-0.696632,-0.192973,0.657766
2080112278,3,-0.211687,-0.696619,-0.193061,0.657751
2080112288,3,-0.211689,-0.696675,-0.193138,0.657669
2080112298,3,-0.211648,-0.69678,-0.193212,0.657549
2080112309,3,-0.2116,-0.696925,-0.193269,0.657393
2080112319,3,-0.21153,-0.697115,-0.193335,0.657196
2080112329,3,-0.211447,-0.697316,-0.193382,0.656995
2080112339,3,-0.211344,-0.697539,-0.193414,0.656782
2080112349,3,-0.211236,-0.697749,-0.193439,0.656586
2080112359,3,-0.211116,-0.697944,-0.193448,0.656415
2080112369,3,-0.210987,-0.698096,-0.193432,0.6563
2080112379,3,-0.210869,-0.698209,-0.193399,0.656227
2080112389,3,-0.210764,-0.698288,-0.193331,0.656196
2080112399,3,-0.210674,-0.69835,-0.193249,0.656184
2080112409,3,-0.210595,-0.698392,-0.193147,0.656194
2080112419,3,-0.210496,-0.698398,-0.193043,0.65625
2080112429,3,-0.210399,-0.698386,-0.192949,0.656322
2080112440,3,-0.210275,-0.698368,-0.192884,0.6564
2080112450,3,-0.210147,-0.698331,-0.192829,0.656497
2080112460,3,-0.209991,-0.698284,-0.192809,0.656603
2080112470,3,-0.209824,-0.698217,-0.192815,0.656725
2080112480,3,-0.209657,-0.698148,-0.192828,0.656848
2080112490,3,-0.209481,-0.698084,-0.192854,0.656964
2080112500,3,-0.209321,-0.69803,-0.192871,0.657068
2080112510,3,-0.209196,-0.698006,-0.19287,0.657133
2080112520,3,-0.209102,-0.698008,-0.192822,0.657175
2080112530,3,-0.209035,-0.698032,-0.192749,0.657192
2080112540,3,-0.209011,-0.698087,-0.192636,0.657175
2080112550,3,-0.209026,-0.698175,-0.192489,0.657119
2080112560,3,-0.209088,-0.698282,-0.192289,0.657045
2080112571,3,-0.209163,-0.698429,-0.19206,0.656932
2080112581,3,-0.20926,-0.698592,-0.19181,0.6568
2080112591,3,-0.209348,-0.698756,-0.191564,0.65667
2080112601,3,-0.209444,-0.698945,-0.191311,0.656512
2080112611,3,-0.209545,-0.699132,-0.191046,0.656357
2080112621,3,-0.209656,-0.699302,-0.190757,0.656225
2080112631,3,-0.209757,-0.699443,-0.190487,0.656121
2080112641,3,-0.209824,-0.699561,-0.190239,0.656046
2080112651,3,-0.209899,-0.699653,-0.189991,0.655995
2080112661,3,-0.209983,-0.699721,-0.189735,0.65597
2080112671,3,-0.210076,-0.69977,-0.189476,0.655963
2080112681,3,-0.210176,-0.699802,-0.189232,0.655967
2080112691,3,-0.210258,-0.699833,-0.189018,0.65597
2080112701,3,-0.210338,-0.69984,-0.188834,0.65599
2080112712,3,-0.210397,-0.699833,-0.188699,0.656017
2080112722,3,-0.210427,-0.69981,-0.188612,0.656056
2080112732,3,-0.210439,-0.699773,-0.18858,0.656102
2080112742,3,-0.210439,-0.69974,-0.188593,0.656133
2080112752,3,-0.210432,-0.699721,-0.188648,0.65614
2080112762,3,-0.210387,-0.699712,-0.188763,0.65613
2080112772,3,-0.21035,-0.699732,-0.188885,0.656086
2080112782,3,-0.210324,-0.699752,-0.189025,0.656032
2080112792,3,-0.210298,-0.6998,-0.189173,0.655947
2080112802,3,-0.210269,-0.699819,-0.189333,0.65589
2080112812,3,-0.210259,-0.699828,-0.189475,0.655843
2080112822,3,-0.210244,-0.69982,-0.189617,0.655815
2080112832,3,-0.210244,-0.699811,-0.189742,0.655788
2080112843,3,-0.210256,-0.699771,-0.189857,0.655794
2080112853,3,-0.210258,-0.699692,-0.189966,0.655846
2080112863,3,-0.210262,-0.699617,-0.190066,0.655896
2080112873,3,-0.210255,-0.699538,-0.190176,0.65595
2080112883,3,-0.210239,-0.699458,-0.190279,0.656011
2080112893,3,-0.210227,-0.699367,-0.190377,0.656084
2080112903,3,-0.210184,-0.69929,-0.190491,0.656146
2080112913,3,-0.210116,-0.699216,-0.190623,0.656208
2080112923,3,-0.210049,-0.69915,-0.190737,0.656267
2080112933,3,-0.209985,-0.699106,-0.190849,0.656302
2080112943,3,-0.209923,-0.699077,-0.190943,0.656325
2080112953,3,-0.209857,-0.699074,-0.191032,0.656324
2080112963,3,-0.209802,-0.69908,-0.191123,0.656308
2080112974,3,-0.209746,-0.699079,-0.191222,0.656298
2080112984,3,-0.209689,-0.699049,-0.191329,0.656318
2080112994,3,-0.20962,-0.698999,-0.191465,0.656353
2080113004,3,-0.20956,-0.698904,-0.19162,0.656428
2080113014,3,-0.209506,-0.698762,-0.191785,0.656548
2080113024,3,-0.209433,-0.698596,-0.191994,0.656687
2080113034,3,-0.209367,-0.698387,-0.192212,0.656867
2080113044,3,-0.209321,-0.698169,-0.192417,0.657053
2080113054,3,-0.209279,-0.69793,-0.192633,0.657257
2080113064,3,-0.209248,-0.697677,-0.192841,0.657474
2080113074,3,-0.209237,-0.697432,-0.19303,0.657682
2080113084,3,-0.209265,-0.697205,-0.193179,0.65787
2080113094,3,-0.209324,-0.697034,-0.193289,0.658001
2080113104,3,-0.209406,-0.696912,-0.193352,0.658086
2080113115,3,-0.209502,-0.696844,-0.193379,0.658119
2080113125,3,-0.209603,-0.696824,-0.193375,0.658109
2080113135,3,-0.209707,-0.696851,-0.193346,0.658055
2080113145,3,-0.209794,-0.696902,-0.193306,0.657986
2080113155,3,-0.209845,-0.696973,-0.19328,0.657902
2080113165,3,-0.20987,-0.697038,-0.193252,0.657833
2080113175,3,-0.209891,-0.697073,-0.193223,0.657799
2080113185,3,-0.2099,-0.697083,-0.19317,0.6578
2080113195,3,-0.209899,-0.697072,-0.193114,0.657829
2080113205,3,-0.209918,-0.697044,-0.193015,0.65788
2080113215,3,-0.209933,-0.697044,-0.192907,0.657908
2080113225,3,-0.209958,-0.697068,-0.192782,0.657911
2080113235,3,-0.210003,-0.697134,-0.192613,0.657876
2080113246,3,-0.210057,-0.697217,-0.192433,0.657824
2080113256,3,-0.210104,-0.697307,-0.192253,0.657766
2080113266,3,-0.210138,-0.697383,-0.192094,0.657721
2080113276,3,-0.210154,-0.697441,-0.191955,0.657696
2080113286,3,-0.210149,-0.697465,-0.191829,0.657708
2080113296,3,-0.210135,-0.697458,-0.19173,0.657749
2080113306,3,-0.210115,-0.697419,-0.191645,0.657821
2080113316,3,-0.210109,-0.697371,-0.191562,0.657899
2080113326,3,-0.210135,-0.697321,-0.191476,0.657968
2080113336,3,-0.210192,-0.697281,-0.191373,0.658023
2080113346,3,-0.210264,-0.697265,-0.191269,0.658046
2080113356,3,-0.210348,-0.697262,-0.191169,0.658052
2080113366,3,-0.210443,-0.697273,-0.191063,0.65804
2080113377,3,-0.21055,-0.697324,-0.19095,0.657985
2080113387,3,-0.210644,-0.69739,-0.190849,0.657915
2080113397,3,-0.210733,-0.697482,-0.190752,0.657817
2080113407,3,-0.210802,-0.697594,-0.190665,0.657701
2080113417,3,-0.210846,-0.697744,-0.190573,0.657554
2080113427,3,-0.210851,-0.697917,-0.190515,0.657387
2080113437,3,-0.210856,-0.698098,-0.190447,0.657211
2080113447,3,-0.210837,-0.698268,-0.190392,0.657053
2080113457,3,-0.210802,-0.698417,-0.190348,0.656919
2080113467,3,-0.210766,-0.698547,-0.190275,0.656812
2080113477,3,-0.210736,-0.698649,-0.1902,0.656736
2080113487,3,-0.210703,-0.698738,-0.190114,0.656677
2080113497,3,-0.210694,-0.698797,-0.190004,0.656649
2080113508,3,-0.210711,-0.698849,-0.189883,0.656624
2080113518,3,-0.21074,-0.698886,-0.189747,0.656614
2080113528,3,-0.210764,-0.698925,-0.189624,0.6566
2080113538,3,-0.210779,-0.698923,-0.189532,0.656623
2080113548,3,-0.210809,-0.698914,-0.189453,0.656647
2080113558,3,-0.210827,-0.698903,-0.189413,0.656664
2080113568,3,-0.210833,-0.698885,-0.189429,0.656677
2080113578,3,-0.210841,-0.698868,-0.189479,0.656677
2080113588,3,-0.210853,-0.698861,-0.189553,0.65666
2080113598,3,-0.210869,-0.698823,-0.189646,0.656668
2080113608,3,-0.210867,-0.698765,-0.189785,0.656691
2080113618,3,-0.210869,-0.69868,-0.189951,0.656733
2080113628,3,-0.210865,-0.698584,-0.190138,0.656782
2080113638,3,-0.210858,-0.698492,-0.190343,0.656823
2080113649,3,-0.210874,-0.698412,-0.190517,0.656852
2080113659,3,-0.210897,-0.698343,-0.190682,0.65687
2080113669,3,-0.210932,-0.698317,-0.190819,0.656847
2080113679,3,-0.21097,-0.698318,-0.190937,0.656799
2080113689,3,-0.211002,-0.698377,-0.191037,0.656697
2080113699,3,-0.211015,-0.698451,-0.191117,0.656591
2080113709,3,-0.21101,-0.698547,-0.191171,0.656474
2080113719,3,-0.210974,-0.698663,-0.191241,0.656342
2080113729,3,-0.210915,-0.698794,-0.191298,0.656206
2080113739,3,-0.210836,-0.698921,-0.191352,0.656079
2080113749,3,-0.21074,-0.699043,-0.191398,0.655968
2080113759,3,-0.210664,-0.699151,-0.191416,0.655872
2080113769,3,-0.210594,-0.699232,-0.19143,0.655803
2080113780,3,-0.210541,-0.699273,-0.191436,0.655774
2080113790,3,-0.210495,-0.69925,-0.191453,0.655809
2080113800,3,-0.210457,-0.69919,-0.191484,0.655876
2080113810,3,-0.210462,-0.699051,-0.191509,0.656015
2080113820,3,-0.210473,-0.698871,-0.191566,0.656187
2080113830,3,-0.210495,-0.698651,-0.191649,0.65639
2080113840,3,-0.210547,-0.698408,-0.191753,0.656602
2080113850,3,-0.2106,-0.698137,-0.191891,0.656832
2080113860,3,-0.210657,-0.697888,-0.192076,0.657025
2080113870,3,-0.210754,-0.697645,-0.192263,0.657197
2080113880,3,-0.210866,-0.697424,-0.19247,0.657335
2080113890,3,-0.210996,-0.697238,-0.192701,0.657423
2080113900,3,-0.211157,-0.69713,-0.192929,0.657419
2080113911,3,-0.211335,-0.697042,-0.193167,0.657385
2080113921,3,-0.211522,-0.696993,-0.193418,0.657303
2080113931,3,-0.211737,-0.69695,-0.193662,0.657207
2080113941,3,-0.211952,-0.69692,-0.193905,0.657098
2080113951,3,-0.212153,-0.696879,-0.194163,0.657001
2080113961,3,-0.212343,-0.696802,-0.194425,0.656943
2080113971,3,-0.212504,-0.696697,-0.194712,0.656918
2080113981,3,-0.212653,-0.696566,-0.194982,0.656928
2080113991,3,-0.21279,-0.696401,-0.195252,0.656978
2080114001,3,-0.212927,-0.696197,-0.195496,0.657078
2080114011,3,-0.213049,-0.695979,-0.195719,0.657202
2080114021,3,-0.213167,-0.695751,-0.195911,0.657349
2080114031,3,-0.213289,-0.695518,-0.196064,0.65751
2080114041,3,-0.213423,-0.695322,-0.196177,0.657641
2080114052,3,-0.213558,-0.695154,-0.196245,0.657753
2080114062,3,-0.213709,-0.695038,-0.196268,0.65782
2080114072,3,-0.213885,-0.694945,-0.196236,0.657871
2080114082,3,-0.214068,-0.694856,-0.196182,0.657922
2080114092,3,-0.214255,-0.694789,-0.196116,0.657952
2080114102,3,-0.214436,-0.694733,-0.196047,0.657972
2080114112,3,-0.214617,-0.694711,-0.195986,0.657954
2080114122,3,-0.214811,-0.694699,-0.195934,0.657919
2080114132,3,-0.215014,-0.69471,-0.195888,0.657855
2080114142,3,-0.215231,-0.694734,-0.195848,0.657771
2080114152,3,-0.215472,-0.694746,-0.195813,0.657689
2080114162,3,-0.215733,-0.69477,-0.195765,0.657593
2080114172,3,-0.215991,-0.694819,-0.195754,0.65746
2080114183,3,-0.216269,-0.694877,-0.19573,0.657314
2080114193,3,-0.216533,-0.694944,-0.195746,0.657151
2080114203,3,-0.216774,-0.694998,-0.195793,0.657001
2080114213,3,-0.217001,-0.695055,-0.19586,0.656846
2080114223,3,-0.217198,-0.695124,-0.195949,0.656682
2080114233,3,-0.217373,-0.69522,-0.196042,0.656494
2080114243,3,-0.217513,-0.695335,-0.196158,0.656291
2080114253,3,-0.217622,-0.695483,-0.196273,0.656063
2080114263,3,-0.217713,-0.695629,-0.19637,0.655849
2080114273,3,-0.217783,-0.695792,-0.196459,0.655626
2080114283,3,-0.217813,-0.695966,-0.196539,0.655409
2080114293,3,-0.21783,-0.696145,-0.196579,0.655201
2080114303,3,-0.217843,-0.696343,-0.196581,0.654985
2080114314,3,-0.217841,-0.696531,-0.196555,0.654794
2080114324,3,-0.217837,-0.696743,-0.196478,0.654593
2080114334,3,-0.217834,-0.696965,-0.196356,0.654394
2080114344,3,-0.217833,-0.697201,-0.196187,0.654193
2080114354,3,-0.217809,-0.697458,-0.196005,0.653982
2080114364,3,-0.217762,-0.697713,-0.195825,0.65378
2080114374,3,-0.217709,-0.697943,-0.19563,0.65361
2080114384,3,-0.217635,-0.698175,-0.195435,0.653445
2080114394,3,-0.21754,-0.698347,-0.195248,0.653348
2080114404,3,-0.21742,-0.698485,-0.195073,0.653293
2080114414,3,-0.217273,-0.69858,-0.194926,0.653285
2080114424,3,-0.217136,-0.698646,-0.194756,0.65331
2080114434,3,-0.216986,-0.698694,-0.1946,0.653355
2080114444,3,-0.216846,-0.698709,-0.194449,0.653431
2080114455,3,-0.216717,-0.698719,-0.194293,0.653509
2080114465,3,-0.216592,-0.698718,-0.194146,0.653595
2080114475,3,-0.216468,-0.698734,-0.194019,0.653657
2080114485,3,-0.216357,-0.69876,-0.193899,0.653701
2080114495,3,-0.21622,-0.698785,-0.193818,0.653744
2080114505,3,-0.216078,-0.69879,-0.193758,0.653804
2080114515,3,-0.215905,-0.698799,-0.193751,0.653852
2080114525,3,-0.215728,-0.698821,-0.193742,0.65389
2080114535,3,-0.215545,-0.698818,-0.193756,0.65395
2080114545,3,-0.215392,-0.698821,-0.193755,0.653997
2080114555,3,-0.215247,-0.69883,-0.193741,0.65404
2080114565,3,-0.215152,-0.698856,-0.193676,0.654062
2080114575,3,-0.215055,-0.69886,-0.193608,0.654111
2080114586,3,-0.214967,-0.698866,-0.193538,0.654154
2080114596,3,-0.214898,-0.698853,-0.193441,0.654219
2080114606,3,-0.214838,-0.69883,-0.193344,0.654291
2080114616,3,-0.214782,-0.698789,-0.193252,0.654381
2080114626,3,-0.214716,-0.698716,-0.193183,0.654501
2080114636,3,-0.214665,-0.698616,-0.193115,0.654644
2080114646,3,-0.214608,-0.69851,-0.193066,0.65479
2080114656,3,-0.214529,-0.698374,-0.193071,0.65496
2080114666,3,-0.214458,-0.698225,-0.193103,0.655133
2080114676,3,-0.214411,-0.698076,-0.193118,0.655303
2080114686,3,-0.214392,-0.697951,-0.193155,0.655431
2080114696,3,-0.21438,-0.697832,-0.193214,0.655545
2080114706,3,-0.21435,-0.697703,-0.193299,0.655666
2080114717,3,-0.214333,-0.697564,-0.193407,0.655788
2080114727,3,-0.214311,-0.697432,-0.19352,0.655902
2080114737,3,-0.214299,-0.697293,-0.193653,0.656015
2080114747,3,-0.214291,-0.697152,-0.193774,0.656132
2080114757,3,-0.214281,-0.697018,-0.193903,0.656239
2080114767,3,-0.214281,-0.696922,-0.194028,0.656304
2080114777,3,-0.214276,-0.696819,-0.194158,0.656377
2080114787,3,-0.214272,-0.696765,-0.194271,0.656402
2080114797,3,-0.214263,-0.696749,-0.194374,0.656391
2080114807,3,-0.214266,-0.696744,-0.19445,0.656374
2080114817,3,-0.214253,-0.696754,-0.194511,0.656348
2080114827,3,-0.214199,-0.696787,-0.194576,0.656312
2080114837,3,-0.214118,-0.696808,-0.194626,0.656301
2080114847,3,-0.214016,-0.696837,-0.194671,0.65629
2080114858,3,-0.2139,-0.69687,-0.194671,0.656293
2080114868,3,-0.213748,-0.696899,-0.194659,0.656315
2080114878,3,-0.213592,-0.696941,-0.194593,0.656341
2080114888,3,-0.213454,-0.697012,-0.194458,0.656351
2080114898,3,-0.213314,-0.697085,-0.194281,0.656371
2080114908,3,-0.213186,-0.697162,-0.194054,0.656398
2080114918,3,-0.213061,-0.697247,-0.193793,0.656425
2080114928,3,-0.212933,-0.697365,-0.19351,0.656425
2080114938,3,-0.212799,-0.697519,-0.193214,0.656392
2080114948,3,-0.212622,-0.697689,-0.192944,0.656348
2080114958,3,-0.212414,-0.697872,-0.192702,0.656292
2080114968,3,-0.212168,-0.698061,-0.192506,0.656228
2080114978,3,-0.211869,-0.698252,-0.19237,0.656162
2080114989,3,-0.21153,-0.69842,-0.192275,0.65612
2080114999,3,-0.211182,-0.698554,-0.192191,0.656114
2080115009,3,-0.210833,-0.698682,-0.192118,0.656111
2080115019,3,-0.210483,-0.698792,-0.192047,0.656128
2080115029,3,-0.210174,-0.698895,-0.191951,0.656145
2080115039,3,-0.209907,-0.699003,-0.191828,0.656151
2080115049,3,-0.209667,-0.699097,-0.191679,0.656171
2080115059,3,-0.209451,-0.6992,-0.191515,0.656178
2080115069,3,-0.209278,-0.69929,-0.191312,0.656197
2080115079,3,-0.209114,-0.699392,-0.19111,0.6562
2080115089,3,-0.208973,-0.699483,-0.190898,0.656209
2080115099,3,-0.208844,-0.699576,-0.190689,0.656212
2080115109,3,-0.208723,-0.699692,-0.190486,0.656186
2080115120,3,-0.208629,-0.699824,-0.190277,0.656135
2080115130,3,-0.208554,-0.699972,-0.190065,0.656062
2080115140,3,-0.208478,-0.700143,-0.189854,0.655965
2080115150,3,-0.208414,-0.700309,-0.189654,0.655867
2080115160,3,-0.208375,-0.700465,-0.189466,0.655766
2080115170,3,-0.208359,-0.700606,-0.189265,0.655679
2080115180,3,-0.208394,-0.700727,-0.189048,0.655602
2080115190,3,-0.208438,-0.70085,-0.188843,0.655514
2080115200,3,-0.208499,-0.700946,-0.188667,0.655444
2080115210,3,-0.208554,-0.701019,-0.188525,0.655389
2080115220,3,-0.208613,-0.701064,-0.188417,0.655352
2080115230,3,-0.208669,-0.701057,-0.188343,0.655363
2080115240,3,-0.208696,-0.700976,-0.188332,0.655445
2080115251,3,-0.208733,-0.70081,-0.188347,0.655606
2080115261,3,-0.208756,-0.700589,-0.188394,0.655821
2080115271,3,-0.208793,-0.700348,-0.188471,0.656045
2080115281,3,-0.208865,-0.700099,-0.188532,0.65627
2080115291,3,-0.208935,-0.699874,-0.188602,0.656468
2080115301,3,-0.209002,-0.699679,-0.188695,0.656627
2080115311,3,-0.209081,-0.699528,-0.188774,0.656741
2080115321,3,-0.209164,-0.699421,-0.188861,0.656803
2080115331,3,-0.209251,-0.699355,-0.188941,0.656823
2080115341,3,-0.20931,-0.699327,-0.189035,0.656807
2080115351,3,-0.20935,-0.699298,-0.189139,0.656795
2080115361,3,-0.209364,-0.699296,-0.189239,0.656764
2080115371,3,-0.209326,-0.699297,-0.189364,0.656739
2080115381,3,-0.209281,-0.699279,-0.189483,0.656738
2080115392,3,-0.209214,-0.699268,-0.189573,0.656744
2080115402,3,-0.209153,-0.699271,-0.189617,0.656749
2080115412,3,-0.209077,-0.699294,-0.189622,0.656747
2080115422,3,-0.209005,-0.699336,-0.189589,0.656735
2080115432,3,-0.208945,-0.699372,-0.189498,0.656742
2080115442,3,-0.208864,-0.699412,-0.189377,0.65676
2080115452,3,-0.208755,-0.699437,-0.189247,0.656806
2080115462,3,-0.208594,-0.699448,-0.189128,0.65688
2080115472,3,-0.208424,-0.699436,-0.188992,0.656984
2080115482,3,-0.208228,-0.699436,-0.188861,0.657084
2080115492,3,-0.208001,-0.699434,-0.188732,0.657196
2080115502,3,-0.207745,-0.699462,-0.188611,0.657282
2080115512,3,-0.20748,-0.699513,-0.188483,0.657347
2080115523,3,-0.207227,-0.699583,-0.188329,0.657397
2080115533,3,-0.206955,-0.699664,-0.188179,0.65744
2080115543,3,-0.206684,-0.699739,-0.188022,0.65749
2080115553,3,-0.206406,-0.699812,-0.187866,0.657545
2080115563,3,-0.206138,-0.699883,-0.187708,0.657598
2080115573,3,-0.205896,-0.699946,-0.187522,0.657659
2080115583,3,-0.20565,-0.700007,-0.18734,0.657723
2080115593,3,-0.205423,-0.700069,-0.187162,0.657779
2080115603,3,-0.205223,-0.700118,-0.186977,0.657842
2080115613,3,-0.205005,-0.700189,-0.186815,0.657881
2080115623,3,-0.204799,-0.700271,-0.186678,0.657897
2080115633,3,-0.204602,-0.700374,-0.186552,0.657884
2080115643,3,-0.204415,-0.700498,-0.186444,0.65784
2080115654,3,-0.204226,-0.700606,-0.186355,0.657809
2080115664,3,-0.204045,-0.700718,-0.186296,0.657763
2080115674,3,-0.203871,-0.700799,-0.186259,0.657741
2080115684,3,-0.203723,-0.700868,-0.186228,0.657722
2080115694,3,-0.203622,-0.700926,-0.186178,0.657706
2080115704,3,-0.203564,-0.700989,-0.186129,0.657671
2080115714,3,-0.203557,-0.701059,-0.186063,0.657617
2080115724,3,-0.203593,-0.701133,-0.18601,0.657542
2080115734,3,-0.203651,-0.701219,-0.185969,0.657443
2080115744,3,-0.203733,-0.701317,-0.185975,0.657312
2080115754,3,-0.203828,-0.70141,-0.186026,0.657169
2080115764,3,-0.203922,-0.701493,-0.186128,0.657022
2080115774,3,-0.20402,-0.701541,-0.186285,0.656896
2080115784,3,-0.204104,-0.701545,-0.186507,0.656803
2080115795,3,-0.204176,-0.701519,-0.186791,0.656727
2080115805,3,-0.204238,-0.701453,-0.187124,0.656684
2080115815,3,-0.204306,-0.701345,-0.187483,0.656676
2080115825,3,-0.204409,-0.701239,-0.187849,0.656652
2080115835,3,-0.204536,-0.701089,-0.188222,0.656666
2080115845,3,-0.20469,-0.700964,-0.188583,0.656648
2080115855,3,-0.20488,-0.700821,-0.18892,0.656644
2080115865,3,-0.205102,-0.700691,-0.189247,0.65662
2080115875,3,-0.205338,-0.700561,-0.189567,0.656592
2080115885,3,-0.205598,-0.700444,-0.189868,0.656549
2080115895,3,-0.205865,-0.700341,-0.19017,0.656488
2080115905,3,-0.206142,-0.700249,-0.190469,0.656412
2080115915,3,-0.206407,-0.700172,-0.190795,0.656317
2080115926,3,-0.206707,-0.700116,-0.191087,0.656197
2080115936,3,-0.207006,-0.700064,-0.191373,0.656074
2080115946,3,-0.207304,-0.699971,-0.191671,0.655993
2080115956,3,-0.20762,-0.699856,-0.191953,0.655933
2080115966,3,-0.20794,-0.699735,-0.192196,0.655889
2080115976,3,-0.208298,-0.699601,-0.19241,0.655855
2080115986,3,-0.20868,-0.699471,-0.19258,0.655823
2080115996,3,-0.209103,-0.699333,-0.192707,0.655798
2080116006,3,-0.209541,-0.699203,-0.192802,0.655769
2080116016,3,-0.209966,-0.699059,-0.192918,0.655753
2080116026,3,-0.210386,-0.698884,-0.193047,0.655767
2080116036,3,-0.210786,-0.698677,-0.193187,0.655818
2080116046,3,-0.211128,-0.698464,-0.193387,0.655876
2080116057,3,-0.211481,-0.698219,-0.19359,0.655963
2080116067,3,-0.211814,-0.697966,-0.193813,0.656059
2080116077,3,-0.21213,-0.697712,-0.194052,0.656156
2080116087,3,-0.212435,-0.697449,-0.194296,0.656265
2080116097,3,-0.21272,-0.697199,-0.194545,0.656364
2080116107,3,-0.212997,-0.696975,-0.194778,0.656444
2080116117,3,-0.213268,-0.696776,-0.195003,0.6565
2080116127,3,-0.21351,-0.696598,-0.195219,0.656546
2080116137,3,-0.213743,-0.696447,-0.195421,0.65657
2080116147,3,-0.213944,-0.696319,-0.195597,0.656588
2080116157,3,-0.214115,-0.696217,-0.19576,0.656592
2080116167,3,-0.21426,-0.696139,-0.195899,0.656585
2080116177,3,-0.214361,-0.696094,-0.196017,0.656566
2080116187,3,-0.214448,-0.696055,-0.196092,0.656556
2080116198,3,-0.214518,-0.696035,-0.196134,0.656542
2080116208,3,-0.214562,-0.696004,-0.196131,0.656561
2080116218,3,-0.214584,-0.695973,-0.196078,0.656603
2080116228,3,-0.214594,-0.69595,-0.195988,0.656651
2080116238,3,-0.214586,-0.695919,-0.195844,0.656729
2080116248,3,-0.214565,-0.695891,-0.195654,0.656822
2080116258,3,-0.214531,-0.695867,-0.195428,0.656926
2080116268,3,-0.214472,-0.695869,-0.195166,0.657021
2080116278,3,-0.214402,-0.695902,-0.19487,0.657097
2080116288,3,-0.214319,-0.695958,-0.194571,0.657153
2080116298,3,-0.214218,-0.696023,-0.194281,0.657203
2080116308,3,-0.214117,-0.696124,-0.193989,0.657215
2080116318,3,-0.214007,-0.696244,-0.193725,0.657202
2080116329,3,-0.213877,-0.696357,-0.193502,0.657191
2080116339,3,-0.213736,-0.696473,-0.193334,0.657163
2080116349,3,-0.213612,-0.696579,-0.1932,0.65713
2080116359,3,-0.213473,-0.696654,-0.19314,0.657113
2080116369,3,-0.213347,-0.696732,-0.193119,0.657078
2080116379,3,-0.213255,-0.696784,-0.193116,0.657054
2080116389,3,-0.213195,-0.696812,-0.19313,0.657038
2080116399,3,-0.213174,-0.696843,-0.193179,0.656998
2080116409,3,-0.213214,-0.696868,-0.193222,0.656946
2080116419,3,-0.213278,-0.696909,-0.193285,0.656864
2080116429,3,-0.21337,-0.696947,-0.193369,0.656769
2080116439,3,-0.213473,-0.69701,-0.193486,0.656634
2080116449,3,-0.213631,-0.697082,-0.193594,0.656473
2080116460,3,-0.213808,-0.697204,-0.193719,0.65625
2080116470,3,-0.21401,-0.697356,-0.193871,0.655977
2080116480,3,-0.214223,-0.69754,-0.194032,0.655665
2080116490,3,-0.214445,-0.697702,-0.194201,0.65537
2080116500,3,-0.21468,-0.697856,-0.194387,0.655074
2080116510,3,-0.214917,-0.697966,-0.194573,0.654823
2080116520,3,-0.215179,-0.698075,-0.194759,0.654566
2080116530,3,-0.215457,-0.698167,-0.194923,0.654327
2080116540,3,-0.215775,-0.69826,-0.19505,0.654086
2080116550,3,-0.216116,-0.698355,-0.195133,0.653847
2080116560,3,-0.216498,-0.698432,-0.195183,0.653623
2080116570,3,-0.216897,-0.698484,-0.195196,0.653432
2080116580,3,-0.21728,-0.698513,-0.195218,0.653266
2080116590,3,-0.21768,-0.698508,-0.195225,0.653136
2080116601,3,-0.218026,-0.69847,-0.19525,0.653054
2080116611,3,-0.218374,-0.69839,-0.195295,0.65301
2080116621,3,-0.218703,-0.698278,-0.195351,0.653003
2080116631,3,-0.218993,-0.698162,-0.195433,0.653006
2080116641,3,-0.219289,-0.69803,-0.195535,0.653016
2080116651,3,-0.219566,-0.697912,-0.195665,0.65301
2080116661,3,-0.219839,-0.697798,-0.195812,0.652996
2080116671,3,-0.220096,-0.697704,-0.195974,0.652962
2080116681,3,-0.220357,-0.697587,-0.196153,0.652945
2080116691,3,-0.220595,-0.697439,-0.196362,0.65296
2080116701,3,-0.220792,-0.697269,-0.196619,0.652998
2080116711,3,-0.22097,-0.697081,-0.19691,0.653051
2080116721,3,-0.221124,-0.696849,-0.19723,0.653149
2080116732,3,-0.221246,-0.696597,-0.197588,0.653269
2080116742,3,-0.221331,-0.696335,-0.197989,0.653398
2080116752,3,-0.221399,-0.696076,-0.198398,0.653527
2080116762,3,-0.221439,-0.695829,-0.198841,0.653642
2080116772,3,-0.221453,-0.695579,-0.199294,0.653765
2080116782,3,-0.221435,-0.695326,-0.199786,0.65389
2080116792,3,-0.221382,-0.69506,-0.20027,0.654043
2080116802,3,-0.221329,-0.694796,-0.200761,0.654191
2080116812,3,-0.221255,-0.694542,-0.20123,0.654342
2080116822,3,-0.22119,-0.694306,-0.201675,0.654476
2080116832,3,-0.221127,-0.694103,-0.202083,0.654587
2080116842,3,-0.221095,-0.693925,-0.202451,0.654674
2080116852,3,-0.22108,-0.693758,-0.202781,0.654753
2080116863,3,-0.22107,-0.693611,-0.203076,0.654821
2080116873,3,-0.22108,-0.693462,-0.203329,0.654896
2080116883,3,-0.2211,-0.693314,-0.203552,0.654978
2080116893,3,-0.221102,-0.693179,-0.20377,0.655052
2080116903,3,-0.221129,-0.693033,-0.203955,0.655139
2080116913,3,-0.22114,-0.692869,-0.204151,0.655249
2080116923,3,-0.22114,-0.69269,-0.204351,0.655375
2080116933,3,-0.221133,-0.692486,-0.204565,0.655526
2080116943,3,-0.221127,-0.692278,-0.204764,0.655686
2080116953,3,-0.221107,-0.692054,-0.204971,0.655864
2080116963,3,-0.221092,-0.691818,-0.205172,0.656055
2080116973,3,-0.221103,-0.691604,-0.205332,0.656227
2080116983,3,-0.221123,-0.691391,-0.205481,0.656398
2080116994,3,-0.221155,-0.691244,-0.205622,0.656499
2080117004,3,-0.221173,-0.691118,-0.205769,0.656579
2080117014,3,-0.221182,-0.691053,-0.205924,0.656596
2080117024,3,-0.221184,-0.69102,-0.206085,0.656579
2080117034,3,-0.221171,-0.691014,-0.206253,0.656537
2080117044,3,-0.221168,-0.691029,-0.206418,0.656471
2080117054,3,-0.221149,-0.69105,-0.206579,0.656405
2080117064,3,-0.221141,-0.691112,-0.206715,0.656299
2080117074,3,-0.221146,-0.69117,-0.206819,0.656203
2080117084,3,-0.221161,-0.691256,-0.206877,0.656089
2080117094,3,-0.221216,-0.69136,-0.206868,0.655964
2080117104,3,-0.221301,-0.691494,-0.206807,0.655814
2080117114,3,-0.221441,-0.691645,-0.206675,0.655648
2080117124,3,-0.221589,-0.691821,-0.206501,0.655468
2080117135,3,-0.221731,-0.692018,-0.206295,0.655276
2080117145,3,-0.221866,-0.692208,-0.206077,0.655099
2080117155,3,-0.221985,-0.69238,-0.20584,0.654951
2080117165,3,-0.222089,-0.692527,-0.205575,0.654844
2080117175,3,-0.222172,-0.692668,-0.20531,0.654749
2080117185,3,-0.222252,-0.692794,-0.205028,0.654677
2080117195,3,-0.222323,-0.692923,-0.204719,0.654614
2080117205,3,-0.22238,-0.693061,-0.2044,0.654547
2080117215,3,-0.222431,-0.693211,-0.204068,0.654475
2080117225,3,-0.222488,-0.693384,-0.203706,0.654385
2080117235,3,-0.22252,-0.693583,-0.203324,0.654282
2080117245,3,-0.22252,-0.693819,-0.202936,0.654152
2080117255,3,-0.222506,-0.694072,-0.202532,0.654014
2080117266,3,-0.222452,-0.694362,-0.202116,0.653854
2080117276,3,-0.222374,-0.69469,-0.201687,0.653664
2080117286,3,-0.222274,-0.695032,-0.201256,0.653467
2080117296,3,-0.222123,-0.695411,-0.200812,0.653252
2080117306,3,-0.221937,-0.695804,-0.20036,0.653035
2080117316,3,-0.22171,-0.696216,-0.199885,0.652818
2080117326,3,-0.221467,-0.696611,-0.199407,0.652625
2080117336,3,-0.221194,-0.696999,-0.198896,0.65246
2080117346,3,-0.220908,-0.69735,-0.198356,0.652346
2080117356,3,-0.220595,-0.697662,-0.197795,0.652289
2080117366,3,-0.220283,-0.69796,-0.197183,0.652261
2080117376,3,-0.219949,-0.698231,-0.196557,0.652272
2080117386,3,-0.219615,-0.698485,-0.195895,0.652312
2080117397,3,-0.219278,-0.698758,-0.195196,0.652343
2080117407,3,-0.218927,-0.699044,-0.194503,0.652362
2080117417,3,-0.218554,-0.699334,-0.193817,0.65238
2080117427,3,-0.218156,-0.699621,-0.19314,0.652406
2080117437,3,-0.217725,-0.699885,-0.192519,0.65245
2080117447,3,-0.217281,-0.700124,-0.191927,0.652516
2080117457,3,-0.216803,-0.70034,-0.19137,0.652607
2080117467,3,-0.216316,-0.700534,-0.190838,0.652717
2080117477,3,-0.21581,-0.700717,-0.190328,0.652837
2080117487,3,-0.215331,-0.700861,-0.189818,0.652988
2080117497,3,-0.214845,-0.700972,-0.189331,0.653171
2080117507,3,-0.214368,-0.701093,-0.188845,0.653339
2080117517,3,-0.213896,-0.701205,-0.188388,0.653504
2080117527,3,-0.213431,-0.701342,-0.187944,0.653638
2080117538,3,-0.212955,-0.701495,-0.187537,0.653746
2080117548,3,-0.212482,-0.701656,-0.187154,0.653837
2080117558,3,-0.211997,-0.701828,-0.186794,0.653912
2080117568,3,-0.211493,-0.701999,-0.186481,0.653982
2080117578,3,-0.21096,-0.702172,-0.186225,0.65404
2080117588,3,-0.21041,-0.70234,-0.186009,0.654098
2080117598,3,-0.209849,-0.702509,-0.185843,0.654145
2080117608,3,-0.20929,-0.702648,-0.185692,0.654217
2080117618,3,-0.208743,-0.702739,-0.18557,0.654329
2080117628,3,-0.208224,-0.702769,-0.185452,0.654495
2080117638,3,-0.207729,-0.702748,-0.18535,0.654704
2080117648,3,-0.207284,-0.702673,-0.185223,0.654962
2080117658,3,-0.206887,-0.702566,-0.185092,0.655239
2080117669,3,-0.206549,-0.702432,-0.184947,0.65553
2080117679,3,-0.206263,-0.70226,-0.1848,0.655846
2080117689,3,-0.206022,-0.702103,-0.184665,0.656128
2080117699,3,-0.205814,-0.701923,-0.18456,0.656415
2080117709,3,-0.205639,-0.70175,-0.184499,0.656672
2080117719,3,-0.205466,-0.701586,-0.184499,0.656902
2080117729,3,-0.205316,-0.701426,-0.184542,0.657107
2080117739,3,-0.205179,-0.701292,-0.184643,0.657264
2080117749,3,-0.205075,-0.701177,-0.184776,0.657382
2080117759,3,-0.205007,-0.701094,-0.184938,0.657447
2080117769,3,-0.20495,-0.701023,-0.185155,0.657479
2080117779,3,-0.204924,-0.700953,-0.185386,0.657497
2080117789,3,-0.204924,-0.700853,-0.185642,0.65753
2080117800,3,-0.204959,-0.700731,-0.185922,0.65757
2080117810,3,-0.205034,-0.700577,-0.186216,0.657629
2080117820,3,-0.205135,-0.700387,-0.186517,0.657714
2080117830,3,-0.205251,-0.700187,-0.18682,0.657805
2080117840,3,-0.205386,-0.699979,-0.18714,0.657893
2080117850,3,-0.205525,-0.699742,-0.187464,0.658009
2080117860,3,-0.205636,-0.699499,-0.187809,0.658134
2080117870,3,-0.205756,-0.699251,-0.188132,0.658269
2080117880,3,-0.205855,-0.699013,-0.188453,0.658398
2080117890,3,-0.205976,-0.698825,-0.188723,0.658483
2080117900,3,-0.206106,-0.698678,-0.188945,0.658535
2080117910,3,-0.206249,-0.698585,-0.189118,0.658539
2080117920,3,-0.206366,-0.698553,-0.189258,0.658496
2080117930,3,-0.20649,-0.69857,-0.189347,0.658414
2080117941,3,-0.206619,-0.698656,-0.189378,0.658272
2080117951,3,-0.206743,-0.69879,-0.189364,0.658095
2080117961,3,-0.206889,-0.698955,-0.189297,0.657893
2080117971,3,-0.207008,-0.699153,-0.189207,0.657671
2080117981,3,-0.2071,-0.699336,-0.189099,0.657479
2080117991,3,-0.207176,-0.699492,-0.188992,0.657319
2080118001,3,-0.207226,-0.699624,-0.188875,0.657198
2080118011,3,-0.207225,-0.699725,-0.188786,0.657115
2080118021,3,-0.20721,-0.699826,-0.188689,0.657041
2080118031,3,-0.20716,-0.69991,-0.188619,0.656987
2080118041,3,-0.207094,-0.699998,-0.188548,0.656935
2080118051,3,-0.207025,-0.700069,-0.188492,0.656896
2080118061,3,-0.206938,-0.70014,-0.188453,0.65686
2080118072,3,-0.206828,-0.700215,-0.188456,0.656813
2080118082,3,-0.206688,-0.700285,-0.188496,0.656772
2080118092,3,-0.206528,-0.70036,-0.188563,0.656723
2080118102,3,-0.206365,-0.700417,-0.188663,0.656684
2080118112,3,-0.206184,-0.700493,-0.188781,0.656625
2080118122,3,-0.206028,-0.700559,-0.188898,0.656571
2080118132,3,-0.205886,-0.700639,-0.189017,0.656496
2080118142,3,-0.205777,-0.700737,-0.189105,0.6564
2080118152,3,-0.205716,-0.70084,-0.189175,0.656289
2080118162,3,-0.205704,-0.70094,-0.189202,0.656178
2080118172,3,-0.205731,-0.701033,-0.1892,0.656071
2080118182,3,-0.205782,-0.701108,-0.18918,0.655981
2080118192,3,-0.205873,-0.701178,-0.189148,0.655886
2080118203,3,-0.205974,-0.70121,-0.189122,0.655828
2080118213,3,-0.206085,-0.701243,-0.189114,0.655761
2080118223,3,-0.206233,-0.701262,-0.189097,0.655699
2080118233,3,-0.206372,-0.701275,-0.189117,0.655635
2080118243,3,-0.206509,-0.701263,-0.189167,0.65559
2080118253,3,-0.206635,-0.701218,-0.18927,0.655569
2080118263,3,-0.206769,-0.701139,-0.189419,0.655569
2080118273,3,-0.206883,-0.701012,-0.189617,0.655611
2080118283,3,-0.206989,-0.70084,-0.189856,0.655692
2080118293,3,-0.207085,-0.700608,-0.190142,0.655826
2080118303,3,-0.207197,-0.700343,-0.190436,0.655989
2080118313,3,-0.207308,-0.700022,-0.190754,0.656204
2080118323,3,-0.207435,-0.699677,-0.191058,0.656444
2080118333,3,-0.20758,-0.69932,-0.191357,0.656691
2080118344,3,-0.20774,-0.698979,-0.191633,0.656922
2080118354,3,-0.207882,-0.698661,-0.191911,0.657135
2080118364,3,-0.208025,-0.698368,-0.192174,0.657324
2080118374,3,-0.208147,-0.698113,-0.192406,0.657488
2080118384,3,-0.208241,-0.697887,-0.19263,0.657633
2080118394,3,-0.20831,-0.697694,-0.19282,0.657761
2080118404,3,-0.208359,-0.697541,-0.192989,0.657858
2080118414,3,-0.208385,-0.697401,-0.193109,0.657963
2080118424,3,-0.208369,-0.69727,-0.193201,0.65808
2080118434,3,-0.208353,-0.697167,-0.19323,0.658185
2080118444,3,-0.208339,-0.697073,-0.1932,0.658298
2080118454,3,-0.208323,-0.697013,-0.193086,0.6584
2080118464,3,-0.208322,-0.69696,-0.192899,0.658512
2080118475,3,-0.208296,-0.696896,-0.192665,0.658656
2080118485,3,-0.208269,-0.696828,-0.192394,0.658815
2080118495,3,-0.208215,-0.696738,-0.192114,0.659009
2080118505,3,-0.208138,-0.696657,-0.191837,0.6592
2080118515,3,-0.208061,-0.696581,-0.191541,0.65939
2080118525,3,-0.207957,-0.696506,-0.19126,0.659584
2080118535,3,-0.207847,-0.696426,-0.190981,0.659784
2080118545,3,-0.20773,-0.696364,-0.190717,0.659962
2080118555,3,-0.2076,-0.696301,-0.19048,0.660139
2080118565,3,-0.207423,-0.696238,-0.190304,0.660311
2080118575,3,-0.207244,-0.696178,-0.190151,0.660475
2080118585,3,-0.207053,-0.696125,-0.190033,0.660625
2080118595,3,-0.206866,-0.696072,-0.189941,0.660766
2080118606,3,-0.206678,-0.696021,-0.189865,0.6609
2080118616,3,-0.206525,-0.695994,-0.189784,0.661
2080118626,3,-0.206398,-0.69598,-0.189698,0.661079
2080118636,3,-0.206304,-0.695978,-0.189586,0.661142
2080118646,3,-0.206247,-0.696014,-0.189473,0.661155
2080118656,3,-0.206217,-0.696101,-0.189347,0.661108
2080118666,3,-0.206224,-0.696211,-0.189211,0.661029
2080118676,3,-0.206238,-0.696339,-0.189083,0.660927
2080118686,3,-0.206273,-0.69649,-0.188965,0.660791
2080118696,3,-0.206346,-0.696662,-0.188836,0.660623
2080118706,3,-0.206426,-0.69686,-0.188723,0.660422
2080118716,3,-0.206531,-0.697067,-0.188615,0.660201
2080118726,3,-0.206689,-0.697303,-0.188474,0.659943
2080118736,3,-0.206891,-0.697563,-0.188328,0.659646
2080118747,3,-0.207129,-0.697825,-0.188172,0.659339
2080118757,3,-0.207386,-0.698101,-0.188019,0.659009
2080118767,3,-0.207687,-0.698389,-0.187855,0.658656
2080118777,3,-0.207977,-0.698685,-0.187724,0.658288
2080118787,3,-0.208279,-0.698999,-0.187614,0.657891
2080118797,3,-0.208593,-0.699307,-0.187534,0.657486
2080118807,3,-0.208894,-0.699601,-0.187494,0.657089
2080118817,3,-0.209164,-0.699879,-0.18752,0.6567
2080118827,3,-0.209413,-0.700116,-0.187612,0.656341
2080118837,3,-0.209617,-0.700293,-0.187772,0.656041
2080118847,3,-0.209801,-0.700419,-0.187989,0.655786
2080118857,3,-0.209947,-0.700479,-0.188261,0.655597
2080118867,3,-0.210092,-0.700497,-0.188556,0.655446
2080118878,3,-0.210235,-0.70049,-0.188863,0.65532
2080118888,3,-0.210383,-0.700471,-0.189173,0.655204
2080118898,3,-0.21055,-0.700455,-0.189464,0.655082
2080118908,3,-0.210733,-0.700427,-0.189747,0.654972
2080118918,3,-0.210952,-0.700408,-0.189993,0.65485
2080118928,3,-0.211182,-0.700391,-0.190213,0.65473
2080118938,3,-0.211417,-0.700391,-0.190427,0.654592
2080118948,3,-0.211665,-0.700425,-0.190611,0.654422
2080118958,3,-0.211919,-0.700503,-0.190766,0.654211
2080118968,3,-0.212149,-0.700568,-0.190922,0.654022
2080118978,3,-0.21235,-0.700619,-0.191084,0.653855
2080118988,3,-0.212519,-0.700662,-0.191254,0.653704
2080118998,3,-0.212655,-0.700727,-0.191435,0.653537
2080119009,3,-0.212771,-0.700791,-0.191609,0.653379
2080119019,3,-0.21285,-0.700863,-0.191782,0.653226
2080119029,3,-0.212922,-0.700914,-0.191934,0.653103
2080119039,3,-0.212954,-0.700953,-0.192082,0.653007
2080119049,3,-0.212981,-0.700975,-0.192203,0.652939
2080119059,3,-0.212985,-0.700975,-0.192319,0.652904
2080119069,3,-0.212946,-0.700949,-0.192449,0.652905
2080119079,3,-0.21289,-0.700904,-0.192587,0.652932
2080119089,3,-0.212792,-0.700821,-0.192739,0.653008
2080119099,3,-0.212658,-0.700718,-0.192911,0.653112
2080119109,3,-0.212489,-0.700576,-0.193113,0.653259
2080119119,3,-0.212298,-0.70039,-0.193333,0.653455
2080119129,3,-0.212104,-0.700166,-0.193549,0.653695
2080119140,3,-0.211918,-0.699904,-0.193766,0.653971
2080119150,3,-0.211737,-0.699604,-0.193988,0.654285
2080119160,3,-0.21157,-0.699277,-0.194204,0.654624
2080119170,3,-0.21142,-0.698922,-0.194418,0.654988
2080119180,3,-0.211299,-0.698567,-0.194612,0.655349
2080119190,3,-0.211208,-0.698211,-0.194813,0.655697
2080119200,3,-0.211139,-0.697871,-0.194991,0.656029
2080119210,3,-0.21112,-0.697553,-0.195147,0.656327
2080119220,3,-0.211128,-0.697236,-0.195312,0.656611
2080119230,3,-0.21114,-0.696906,-0.195487,0.656906
2080119240,3,-0.211178,-0.696611,-0.195657,0.657156
2080119250,3,-0.211224,-0.696345,-0.195849,0.657365
2080119260,3,-0.211277,-0.69607,-0.196043,0.657582
2080119270,3,-0.211346,-0.695809,-0.196252,0.657773
2080119281,3,-0.211443,-0.695537,-0.19645,0.657971
2080119291,3,-0.211561,-0.695279,-0.196635,0.658151
2080119301,3,-0.211708,-0.695027,-0.196797,0.65832
2080119311,3,-0.211885,-0.694789,-0.196925,0.658477
2080119321,3,-0.212112,-0.694562,-0.197015,0.658616
2080119331,3,-0.212356,-0.694356,-0.19708,0.658736
2080119341,3,-0.212595,-0.694178,-0.197136,0.658829
2080119351,3,-0.212839,-0.694011,-0.1972,0.658908
2080119361,3,-0.213068,-0.693874,-0.197249,0.658963
2080119371,3,-0.213297,-0.693743,-0.197305,0.65901
2080119381,3,-0.213494,-0.693619,-0.197379,0.659054
2080119391,3,-0.21367,-0.693497,-0.197474,0.659097
2080119401,3,-0.213828,-0.693357,-0.197581,0.659161
2080119412,3,-0.213967,-0.693199,-0.1977,0.659246
2080119422,3,-0.214084,-0.693029,-0.197815,0.659354
2080119432,3,-0.214203,-0.692859,-0.197925,0.65946
2080119442,3,-0.214337,-0.692713,-0.198006,0.659545
2080119452,3,-0.21449,-0.692625,-0.198052,0.659574
2080119462,3,-0.214631,-0.692572,-0.198095,0.659571
2080119472,3,-0.214774,-0.692537,-0.198119,0.659554
2080119482,3,-0.214895,-0.692547,-0.198142,0.659498
2080119492,3,-0.215009,-0.692591,-0.198172,0.659405
2080119502,3,-0.215098,-0.692663,-0.198204,0.659291
2080119512,3,-0.215178,-0.692762,-0.198216,0.659157
2080119522,3,-0.215246,-0.692892,-0.198209,0.659
2080119532,3,-0.215296,-0.693044,-0.198194,0.658829
2080119543,3,-0.215335,-0.693239,-0.198143,0.658626
2080119553,3,-0.215371,-0.693459,-0.198059,0.658408
2080119563,3,-0.21542,-0.693729,-0.197916,0.658151
2080119573,3,-0.215442,-0.694035,-0.197757,0.657868
2080119583,3,-0.21547,-0.6944,-0.19754,0.657539
2080119593,3,-0.215511,-0.694802,-0.197264,0.657184
2080119603,3,-0.21552,-0.695252,-0.196953,0.656798
2080119613,3,-0.21552,-0.695743,-0.19662,0.656378
2080119623,3,-0.215476,-0.696233,-0.196287,0.655972
2080119633,3,-0.215405,-0.696713,-0.195951,0.655586
2080119643,3,-0.2153,-0.697173,-0.195621,0.65523
2080119653,3,-0.215153,-0.697582,-0.195305,0.654937
2080119663,3,-0.214979,-0.697946,-0.195018,0.654692
2080119673,3,-0.21475,-0.698255,-0.19475,0.654518
2080119684,3,-0.214508,-0.698515,-0.194497,0.654394
2080119694,3,-0.214239,-0.698735,-0.194258,0.654319
2080119704,3,-0.213966,-0.698918,-0.194008,0.654287
2080119714,3,-0.213683,-0.699075,-0.19377,0.654282
2080119724,3,-0.213413,-0.699199,-0.193511,0.654315
2080119734,3,-0.213127,-0.699341,-0.193252,0.654333
2080119744,3,-0.212857,-0.699496,-0.192984,0.654334
2080119754,3,-0.212595,-0.699669,-0.192714,0.654314
2080119764,3,-0.212336,-0.699894,-0.192438,0.654238
2080119774,3,-0.212069,-0.700145,-0.192164,0.654137
2080119784,3,-0.211805,-0.700436,-0.191886,0.653993
2080119794,3,-0.21155,-0.700754,-0.191607,0.653816
2080119804,3,-0.211301,-0.701101,-0.191316,0.65361
2080119815,3,-0.211063,-0.701451,-0.191001,0.653404
2080119825,3,-0.210834,-0.701805,-0.190678,0.653192
2080119835,3,-0.210615,-0.70216,-0.190331,0.652981
2080119845,3,-0.210417,-0.702485,-0.189953,0.652806
2080119855,3,-0.210208,-0.702774,-0.189572,0.652673
2080119865,3,-0.210038,-0.703057,-0.189144,0.652547
2080119875,3,-0.209865,-0.703322,-0.188705,0.652444
2080119885,3,-0.209686,-0.703563,-0.188279,0.652365
2080119895,3,-0.209504,-0.703764,-0.187871,0.652325
2080119905,3,-0.209304,-0.703927,-0.187502,0.652319
2080119915,3,-0.209105,-0.704041,-0.187161,0.652358
2080119925,3,-0.208877,-0.704101,-0.186895,0.652442
2080119935,3,-0.208624,-0.70409,-0.186684,0.652596
2080119946,3,-0.208333,-0.704003,-0.186556,0.652818
2080119956,3,-0.208033,-0.703843,-0.186468,0.653112
2080119966,3,-0.207727,-0.703631,-0.18643,0.653449
2080119976,3,-0.207392,-0.703405,-0.186458,0.653791
2080119986,3,-0.207068,-0.703174,-0.186512,0.654126
2080119996,3,-0.206759,-0.702963,-0.186575,0.654433
2080120006,3,-0.206487,-0.702765,-0.186614,0.65472
2080120016,3,-0.206221,-0.702607,-0.186655,0.654962
2080120026,3,-0.205987,-0.702469,-0.186669,0.655179
2080120036,3,-0.205778,-0.702362,-0.186642,0.655368
2080120046,3,-0.205595,-0.7023,-0.186586,0.655507
2080120056,3,-0.205399,-0.70228,-0.186534,0.655605
2080120066,3,-0.205203,-0.702296,-0.186487,0.655663
2080120076,3,-0.205009,-0.702334,-0.186446,0.655694
2080120087,3,-0.204804,-0.702398,-0.186417,0.655698
2080120097,3,-0.2046,-0.70245,-0.186387,0.655714
2080120107,3,-0.204399,-0.702478,-0.186365,0.655753
2080120117,3,-0.204199,-0.702476,-0.186345,0.655823
2080120127,3,-0.203998,-0.702428,-0.186336,0.655939
2080120137,3,-0.203849,-0.702318,-0.186299,0.656115
2080120147,3,-0.203705,-0.702138,-0.186275,0.656359
2080120157,3,-0.203599,-0.701918,-0.18624,0.656637
2080120167,3,-0.203503,-0.701657,-0.186216,0.656952
2080120177,3,-0.203398,-0.70137,-0.186222,0.65729
2080120187,3,-0.203303,-0.701053,-0.18626,0.657646
2080120197,3,-0.203197,-0.700732,-0.186345,0.657997
2080120207,3,-0.203086,-0.70039,-0.18646,0.658363
2080120218,3,-0.202972,-0.700051,-0.186628,0.65871
2080120228,3,-0.202841,-0.69972,-0.18684,0.659042
2080120238,3,-0.202701,-0.699407,-0.187104,0.659343
2080120248,3,-0.202574,-0.699155,-0.187397,0.659566
2080120258,3,-0.202469,-0.698931,-0.187704,0.659748
2080120268,3,-0.202373,-0.698764,-0.188038,0.659859
2080120278,3,-0.202331,-0.698637,-0.18834,0.659921
2080120288,3,-0.202309,-0.698548,-0.188652,0.659932
2080120298,3,-0.202331,-0.698504,-0.188928,0.659893
2080120308,3,-0.202408,-0.698494,-0.189162,0.659813
2080120318,3,-0.202513,-0.698504,-0.189369,0.659711
2080120328,3,-0.202653,-0.69853,-0.189526,0.659595
2080120338,3,-0.202807,-0.698581,-0.189663,0.659454
2080120349,3,-0.202986,-0.698632,-0.189753,0.65932
2080120359,3,-0.203155,-0.69869,-0.189825,0.659185
2080120369,3,-0.203344,-0.698744,-0.189861,0.659059
2080120379,3,-0.203518,-0.69881,-0.189879,0.65893
2080120389,3,-0.20369,-0.698878,-0.189868,0.658809
2080120399,3,-0.203849,-0.69893,-0.189843,0.658711
2080120409,3,-0.204009,-0.698971,-0.189781,0.658636
2080120419,3,-0.204156,-0.699038,-0.189695,0.658544
2080120429,3,-0.204297,-0.699112,-0.1896,0.658449
2080120439,3,-0.204436,-0.6992,-0.189469,0.65835
2080120449,3,-0.204561,-0.699315,-0.189331,0.658229
2080120459,3,-0.204671,-0.699429,-0.189191,0.658114
2080120469,3,-0.204771,-0.699549,-0.189059,0.657993
2080120479,3,-0.204861,-0.69966,-0.188938,0.657882
2080120490,3,-0.204947,-0.699789,-0.188818,0.657752
2080120500,3,-0.205004,-0.699922,-0.188723,0.65762
2080120510,3,-0.205059,-0.700039,-0.188643,0.657501
2080120520,3,-0.20511,-0.700146,-0.188582,0.657389
2080120530,3,-0.205156,-0.700236,-0.188542,0.65729
2080120540,3,-0.205213,-0.700289,-0.188507,0.657226
2080120550,3,-0.205284,-0.700338,-0.188466,0.657164
2080120560,3,-0.205361,-0.700401,-0.188426,0.657084
2080120570,3,-0.205464,-0.700484,-0.188376,0.656977
2080120580,3,-0.205587,-0.700585,-0.188314,0.656849
2080120590,3,-0.205739,-0.700711,-0.188221,0.656694
2080120600,3,-0.205895,-0.700875,-0.188117,0.6565
2080120610,3,-0.206052,-0.701059,-0.18802,0.656281
2080120621,3,-0.206248,-0.70124,-0.187884,0.656065
2080120631,3,-0.206425,-0.701435,-0.18776,0.655837
2080120641,3,-0.206589,-0.701603,-0.187628,0.655643
2080120651,3,-0.206753,-0.701759,-0.187481,0.655467
2080120661,3,-0.206901,-0.701921,-0.187335,0.655289
2080120671,3,-0.207055,-0.702064,-0.187183,0.65513
2080120681,3,-0.2072,-0.702214,-0.187023,0.654969
2080120691,3,-0.207334,-0.702387,-0.186865,0.654786
2080120701,3,-0.207461,-0.702564,-0.18671,0.6546
2080120711,3,-0.207576,-0.702757,-0.186557,0.6544
2080120721,3,-0.20766,-0.702951,-0.186441,0.654198
2080120731,3,-0.207706,-0.703114,-0.18637,0.654029
2080120741,3,-0.207688,-0.703253,-0.186361,0.653887
2080120752,3,-0.207629,-0.703309,-0.186398,0.653836
2080120762,3,-0.207526,-0.703315,-0.186485,0.653837
2080120772,3,-0.207375,-0.703253,-0.186618,0.653914
2080120782,3,-0.20721,-0.703123,-0.186767,0.654064
2080120792,3,-0.207021,-0.702949,-0.186942,0.654259
2080120802,3,-0.206848,-0.702738,-0.187099,0.654497
2080120812,3,-0.206685,-0.702526,-0.187223,0.654739
2080120822,3,-0.206587,-0.702327,-0.187282,0.654968
2080120832,3,-0.206501,-0.702133,-0.187314,0.655194
2080120842,3,-0.206423,-0.701959,-0.187316,0.655404
2080120852,3,-0.206366,-0.701782,-0.187301,0.655616
2080120862,3,-0.206309,-0.701609,-0.18728,0.655825
2080120872,3,-0.20624,-0.701419,-0.18727,0.656052
2080120882,3,-0.206155,-0.70123,-0.187285,0.656277
2080120893,3,-0.206102,-0.701059,-0.187296,0.656473
2080120903,3,-0.206052,-0.700912,-0.187319,0.656639
2080120913,3,-0.206051,-0.700779,-0.18733,0.656778
2080120923,3,-0.206061,-0.700651,-0.187338,0.65691
2080120933,3,-0.20609,-0.70053,-0.187342,0.657029
2080120943,3,-0.206117,-0.700358,-0.187381,0.657192
2080120953,3,-0.20615,-0.700146,-0.18743,0.657394
2080120963,3,-0.206202,-0.699902,-0.187485,0.657622
2080120973,3,-0.206292,-0.69962,-0.187524,0.657882
2080120983,3,-0.206417,-0.699326,-0.187549,0.658148
2080120993,3,-0.206563,-0.699028,-0.18759,0.658407
2080121003,3,-0.206721,-0.698746,-0.187632,0.658645
2080121013,3,-0.206886,-0.698453,-0.187694,0.658885
2080121024,3,-0.207043,-0.698153,-0.187788,0.659128
2080121034,3,-0.20719,-0.697828,-0.187912,0.65939
2080121044,3,-0.207325,-0.697513,-0.188068,0.659636
2080121054,3,-0.207445,-0.697211,-0.188255,0.659865
2080121064,3,-0.207546,-0.696886,-0.18849,0.66011
2080121074,3,-0.207662,-0.696586,-0.188732,0.66032
2080121084,3,-0.207779,-0.696291,-0.188979,0.660524
2080121094,3,-0.207892,-0.695999,-0.189231,0.660724
2080121104,3,-0.208013,-0.695714,-0.189482,0.660913
2080121114,3,-0.208162,-0.695443,-0.189704,0.661088
2080121124,3,-0.208315,-0.695195,-0.189923,0.661238
2080121134,3,-0.208467,-0.694972,-0.190125,0.661367
2080121144,3,-0.208635,-0.69477,-0.190326,0.661468
2080121155,3,-0.208805,-0.694624,-0.190515,0.661514
2080121165,3,-0.20899,-0.694515,-0.190689,0.661519
2080121175,3,-0.209183,-0.694453,-0.190847,0.661478
2080121185,3,-0.20939,-0.694426,-0.190983,0.661401
2080121195,3,-0.209576,-0.694435,-0.191119,0.661294
2080121205,3,-0.209787,-0.694461,-0.191223,0.66117
2080121215,3,-0.20999,-0.694486,-0.191314,0.661053
2080121225,3,-0.210212,-0.694497,-0.191364,0.660956
2080121235,3,-0.210418,-0.694538,-0.191401,0.660837
2080121245,3,-0.21065,-0.694589,-0.191397,0.660711
2080121255,3,-0.210878,-0.694666,-0.191374,0.660563
2080121265,3,-0.211134,-0.694767,-0.191298,0.660397
2080121275,3,-0.211388,-0.69493,-0.191209,0.660171
2080121286,3,-0.211612,-0.695113,-0.191133,0.659928
2080121296,3,-0.211813,-0.695296,-0.191059,0.659692
2080121306,3,-0.211979,-0.695459,-0.191005,0.659483
2080121316,3,-0.212103,-0.695606,-0.190955,0.659302
2080121326,3,-0.212199,-0.695736,-0.190926,0.659143
2080121336,3,-0.212253,-0.695852,-0.190926,0.659002
2080121346,3,-0.212298,-0.695999,-0.190911,0.658837
2080121356,3,-0.212337,-0.696118,-0.190893,0.658703
2080121366,3,-0.212377,-0.696261,-0.19086,0.65855
2080121376,3,-0.212402,-0.696422,-0.190841,0.658377
2080121386,3,-0.212441,-0.696609,-0.190791,0.658181
2080121396,3,-0.212463,-0.696821,-0.190751,0.657961
2080121406,3,-0.212474,-0.697063,-0.190719,0.65771
2080121416,3,-0.212473,-0.697311,-0.190677,0.65746
2080121427,3,-0.21247,-0.697572,-0.190618,0.6572
2080121437,3,-0.21246,-0.697853,-0.190551,0.656925
2080121447,3,-0.212441,-0.698135,-0.190485,0.65665
2080121457,3,-0.212404,-0.698447,-0.190435,0.656345
2080121467,3,-0.212353,-0.698779,-0.190384,0.656023
2080121477,3,-0.212295,-0.69913,-0.190318,0.655687
2080121487,3,-0.212215,-0.699477,-0.190246,0.655363
2080121497,3,-0.212106,-0.699783,-0.190183,0.655091
2080121507,3,-0.211988,-0.700062,-0.190102,0.654854
2080121517,3,-0.211847,-0.700307,-0.190011,0.654664
2080121527,3,-0.211703,-0.700512,-0.18991,0.65452
2080121537,3,-0.211559,-0.700675,-0.189775,0.654431
2080121547,3,-0.211421,-0.700791,-0.189627,0.654396
2080121558,3,-0.211281,-0.70086,-0.189467,0.654413
2080121568,3,-0.211133,-0.700882,-0.189309,0.654483
2080121578,3,-0.210982,-0.700882,-0.189155,0.654576
2080121588,3,-0.210824,-0.70087,-0.189007,0.654682
2080121598,3,-0.210678,-0.700837,-0.188863,0.654806
2080121608,3,-0.210521,-0.700766,-0.188751,0.654965
2080121618,3,-0.210372,-0.700646,-0.188661,0.655167
2080121628,3,-0.210212,-0.700518,-0.188606,0.655371
2080121638,3,-0.210056,-0.700353,-0.188583,0.655604
2080121648,3,-0.20989,-0.700156,-0.188594,0.655865
2080121658,3,-0.209743,-0.699965,-0.188624,0.656107
2080121668,3,-0.2096,-0.699764,-0.188665,0.656355
2080121678,3,-0.209493,-0.699581,-0.188715,0.65657
2080121689,3,-0.209432,-0.699394,-0.188749,0.656779
2080121699,3,-0.209409,-0.69924,-0.188773,0.656944
2080121709,3,-0.20941,-0.699096,-0.188817,0.657084
2080121719,3,-0.209416,-0.698969,-0.188859,0.657204
2080121729,3,-0.209438,-0.698813,-0.188915,0.657347
2080121739,3,-0.209474,-0.698635,-0.188981,0.657506
2080121749,3,-0.209527,-0.698412,-0.189048,0.657707
2080121759,3,-0.209607,-0.698155,-0.189116,0.657934
2080121769,3,-0.209692,-0.69788,-0.18919,0.658178
2080121779,3,-0.209796,-0.697596,-0.189275,0.658421
2080121789,3,-0.209906,-0.697319,-0.189364,0.658654
2080121799,3,-0.210044,-0.697041,-0.189454,0.658879
2080121809,3,-0.210231,-0.696785,-0.189518,0.659071
2080121819,3,-0.210473,-0.696556,-0.189541,0.659229
2080121830,3,-0.210744,-0.696335,-0.189566,0.659369
2080121840,3,-0.211081,-0.696125,-0.189568,0.659482
2080121850,3,-0.21146,-0.695916,-0.189557,0.659584
2080121860,3,-0.211853,-0.695743,-0.189583,0.659634
2080121870,3,-0.212278,-0.695619,-0.189596,0.659624
2080121880,3,-0.212746,-0.695522,-0.189632,0.659565
2080121890,3,-0.213258,-0.695467,-0.189673,0.659446
2080121900,3,-0.213778,-0.695434,-0.189741,0.659293
2080121910,3,-0.214319,-0.695414,-0.189838,0.65911
2080121920,3,-0.214863,-0.695393,-0.189967,0.658918
2080121930,3,-0.2154,-0.695369,-0.190137,0.65872
2080121940,3,-0.215917,-0.695349,-0.190355,0.658508
2080121950,3,-0.21641,-0.695321,-0.19063,0.658296
2080121961,3,-0.216865,-0.695295,-0.190955,0.658079
2080121971,3,-0.217267,-0.695243,-0.191346,0.657889
2080121981,3,-0.217622,-0.695176,-0.191778,0.657716
2080121991,3,-0.217924,-0.695111,-0.192268,0.657542
2080122001,3,-0.218146,-0.695065,-0.192798,0.657362
2080122011,3,-0.218292,-0.695069,-0.193364,0.657143
2080122021,3,-0.218383,-0.695124,-0.19393,0.656887
2080122031,3,-0.218427,-0.695241,-0.194497,0.656581
2080122041,3,-0.218399,-0.695412,-0.19505,0.656245
2080122051,3,-0.218318,-0.695614,-0.195583,0.655899
2080122061,3,-0.218201,-0.695854,-0.196067,0.655539
2080122071,3,-0.218077,-0.696126,-0.196465,0.655172
2080122081,3,-0.217931,-0.69641,-0.196794,0.65482
2080122092,3,-0.217808,-0.696681,-0.19703,0.654502
2080122102,3,-0.217703,-0.69694,-0.197185,0.654214
2080122112,3,-0.217626,-0.697172,-0.197245,0.653975
2080122122,3,-0.217564,-0.697375,-0.197239,0.653781
2080122132,3,-0.217529,-0.697588,-0.197182,0.653582
2080122142,3,-0.217479,-0.697789,-0.197112,0.653406
2080122152,3,-0.217434,-0.69799,-0.197034,0.653229
2080122162,3,-0.217379,-0.698187,-0.196973,0.653055
2080122172,3,-0.21733,-0.69839,-0.196911,0.652873
2080122182,3,-0.217266,-0.698593,-0.196877,0.652688
2080122192,3,-0.21719,-0.698786,-0.196862,0.652511
2080122202,3,-0.217106,-0.698976,-0.196867,0.652334
2080122212,3,-0.217018,-0.699153,-0.196904,0.652162
2080122222,3,-0.216917,-0.699323,-0.196967,0.651995
2080122233,3,-0.2168,-0.699487,-0.197051,0.651832
2080122243,3,-0.21667,-0.699656,-0.197168,0.651659
2080122253,3,-0.21653,-0.699819,-0.19731,0.651487
2080122263,3,-0.216364,-0.699963,-0.197476,0.651337
2080122273,3,-0.216163,-0.700063,-0.197683,0.651233
2080122283,3,-0.215929,-0.70011,-0.19791,0.651191
2080122293,3,-0.215668,-0.700113,-0.198165,0.651197
2080122303,3,-0.215383,-0.700052,-0.198431,0.651277
2080122313,3,-0.215048,-0.699938,-0.198715,0.651423
2080122323,3,-0.214683,-0.699805,-0.198987,0.651603
2080122333,3,-0.214337,-0.699652,-0.199223,0.651809
2080122343,3,-0.213993,-0.699483,-0.199416,0.652045
2080122353,3,-0.213659,-0.699316,-0.199544,0.652294
2080122364,3,-0.213347,-0.699173,-0.199599,0.652532
2080122374,3,-0.213071,-0.699041,-0.199578,0.652771
2080122384,3,-0.212838,-0.698943,-0.199461,0.652987
2080122394,3,-0.212587,-0.698844,-0.199313,0.65322
2080122404,3,-0.212348,-0.698735,-0.199109,0.653476
2080122414,3,-0.21209,-0.698608,-0.198873,0.653767
2080122424,3,-0.211808,-0.698463,-0.198625,0.65409
2080122434,3,-0.211506,-0.698306,-0.198362,0.654435
2080122444,3,-0.211165,-0.698135,-0.198114,0.654802
2080122454,3,-0.210785,-0.697933,-0.197863,0.655215
2080122464,3,-0.210347,-0.697685,-0.197637,0.655689
2080122474,3,-0.209865,-0.697417,-0.197412,0.656195
2080122484,3,-0.20935,-0.697121,-0.197178,0.656744
2080122495,3,-0.208807,-0.696832,-0.196916,0.657303
2080122505,3,-0.208235,-0.696572,-0.196626,0.657847
2080122515,3,-0.207661,-0.696372,-0.196296,0.658339
2080122525,3,-0.207109,-0.696251,-0.195872,0.658766
2080122535,3,-0.206574,-0.696217,-0.195381,0.659116
2080122545,3,-0.20605,-0.696253,-0.194815,0.659409
2080122555,3,-0.205561,-0.696351,-0.194157,0.659652
2080122565,3,-0.205104,-0.696533,-0.193416,0.65982
2080122575,3,-0.204661,-0.69677,-0.192597,0.659947
2080122585,3,-0.204228,-0.69706,-0.19172,0.660031
2080122595,3,-0.203833,-0.697391,-0.190776,0.660077
2080122605,3,-0.203466,-0.69777,-0.189768,0.660079
2080122615,3,-0.203139,-0.698184,-0.188699,0.660049
2080122625,3,-0.202837,-0.698635,-0.187596,0.659979
2080122636,3,-0.202564,-0.699138,-0.186463,0.659851
2080122646,3,-0.202313,-0.699642,-0.185329,0.659713
2080122656,3,-0.202085,-0.700155,-0.184198,0.659556
2080122666,3,-0.201842,-0.700673,-0.183132,0.659377
2080122676,3,-0.201614,-0.701194,-0.182092,0.659181
2080122686,3,-0.201352,-0.701681,-0.181141,0.659005
2080122696,3,-0.201063,-0.702145,-0.180289,0.658833
2080122706,3,-0.200751,-0.702555,-0.179546,0.658693
2080122716,3,-0.20042,-0.702929,-0.178929,0.658563
2080122726,3,-0.200068,-0.70325,-0.178428,0.658463
2080122736,3,-0.199699,-0.703539,-0.178043,0.658371
2080122746,3,-0.199337,-0.703811,-0.177761,0.658266
2080122756,3,-0.198983,-0.704078,-0.177569,0.65814
2080122767,3,-0.19868,-0.704349,-0.177451,0.657973
2080122777,3,-0.198442,-0.704626,-0.177364,0.657772
2080122787,3,-0.198289,-0.704853,-0.177295,0.657593
2080122797,3,-0.198205,-0.705091,-0.177234,0.65738
2080122807,3,-0.198194,-0.70535,-0.1772,0.657114
2080122817,3,-0.198242,-0.705609,-0.177211,0.656819
2080122827,3,-0.198339,-0.705875,-0.17725,0.656493
2080122837,3,-0.198485,-0.706155,-0.177334,0.656125
2080122847,3,-0.198671,-0.706422,-0.177466,0.655745
2080122857,3,-0.198875,-0.706658,-0.177663,0.655375
2080122867,3,-0.199132,-0.706858,-0.177895,0.655019
2080122877,3,-0.199453,-0.707039,-0.178135,0.65466
2080122887,3,-0.199802,-0.707191,-0.178436,0.654308
2080122898,3,-0.200185,-0.707304,-0.178776,0.653976
2080122908,3,-0.200606,-0.707347,-0.179153,0.653697
2080122918,3,-0.201057,-0.707355,-0.179564,0.653437
2080122928,3,-0.201515,-0.707276,-0.180026,0.653255
2080122938,3,-0.201989,-0.707124,-0.180522,0.653136
2080122948,3,-0.202451,-0.706906,-0.181071,0.653076
2080122958,3,-0.202875,-0.706622,-0.181691,0.65308
2080122968,3,-0.203255,-0.70629,-0.182378,0.65313
2080122978,3,-0.203593,-0.7059,-0.183113,0.65324
2080122988,3,-0.203889,-0.705485,-0.183896,0.653377
2080122998,3,-0.204155,-0.705017,-0.184711,0.653568
2080123008,3,-0.204385,-0.704523,-0.185548,0.653792
2080123018,3,-0.204582,-0.703995,-0.186398,0.654057
2080123028,3,-0.204783,-0.703454,-0.18723,0.654339
2080123039,3,-0.204964,-0.702904,-0.18805,0.654638
2080123049,3,-0.205134,-0.702347,-0.188838,0.654955
2080123059,3,-0.205314,-0.701761,-0.189562,0.655319
2080123069,3,-0.205501,-0.701175,-0.190221,0.655696
2080123079,3,-0.205697,-0.70057,-0.190808,0.656111
2080123089,3,-0.205881,-0.69996,-0.191343,0.656548
2080123099,3,-0.206035,-0.699322,-0.191821,0.65704
2080123109,3,-0.206176,-0.698691,-0.192233,0.657546
2080123119,3,-0.206314,-0.698087,-0.192554,0.658051
2080123129,3,-0.206433,-0.697496,-0.192834,0.658558
2080123139,3,-0.206531,-0.696932,-0.193064,0.659057
2080123149,3,-0.206639,-0.696419,-0.193216,0.65952
2080123159,3,-0.206736,-0.695986,-0.193321,0.659916
2080123170,3,-0.206848,-0.69561,-0.193366,0.660264
2080123180,3,-0.20695,-0.695293,-0.193375,0.660564
2080123190,3,-0.207066,-0.695043,-0.193345,0.660799
2080123200,3,-0.207177,-0.694855,-0.193299,0.660975
2080123210,3,-0.207275,-0.694704,-0.193242,0.66112
2080123220,3,-0.207351,-0.694584,-0.193195,0.661236
2080123230,3,-0.20741,-0.694475,-0.193142,0.661347
2080123240,3,-0.207454,-0.694373,-0.193106,0.661451
2080123250,3,-0.207495,-0.69428,-0.193043,0.661554
2080123260,3,-0.207518,-0.694193,-0.192994,0.661652
2080123270,3,-0.207569,-0.694141,-0.192894,0.66172
2080123280,3,-0.207625,-0.694106,-0.192769,0.661775
2080123290,3,-0.207691,-0.694081,-0.192626,0.661822
2080123301,3,-0.207776,-0.694095,-0.192427,0.66184
2080123311,3,-0.207879,-0.694117,-0.1922,0.66185
2080123321,3,-0.207955,-0.694184,-0.191964,0.661825
2080123331,3,-0.208027,-0.694295,-0.191714,0.661758
2080123341,3,-0.208081,-0.694466,-0.191445,0.66164
2080123351,3,-0.208135,-0.6947,-0.19116,0.661458
2080123361,3,-0.208179,-0.695006,-0.190847,0.661214
2080123371,3,-0.208228,-0.695401,-0.190496,0.660884
2080123381,3,-0.208279,-0.695849,-0.190121,0.660504
2080123391,3,-0.20831,-0.696353,-0.189734,0.660075
2080123401,3,-0.208336,-0.696923,-0.189315,0.659585
2080123411,3,-0.208332,-0.697539,-0.188896,0.659055
2080123421,3,-0.208296,-0.698132,-0.18848,0.658557
2080123431,3,-0.208241,-0.69872,-0.18807,0.658068
2080123442,3,-0.208188,-0.69929,-0.187652,0.657599
2080123452,3,-0.20814,-0.699843,-0.187207,0.657152
2080123462,3,-0.208099,-0.700385,-0.186739,0.656721
2080123472,3,-0.208077,-0.70093,-0.186259,0.656283
2080123482,3,-0.208055,-0.701494,-0.185784,0.655821
2080123492,3,-0.208037,-0.702063,-0.185304,0.655354
2080123502,3,-0.20802,-0.702634,-0.184843,0.654878
2080123512,3,-0.207993,-0.703186,-0.184413,0.654414
2080123522,3,-0.207956,-0.703704,-0.184029,0.653978
2080123532,3,-0.207896,-0.704192,-0.183684,0.653569
2080123542,3,-0.207815,-0.704616,-0.183412,0.653213
2080123552,3,-0.20772,-0.704974,-0.183185,0.652921
2080123562,3,-0.207613,-0.705268,-0.183008,0.652687
2080123573,3,-0.207497,-0.705482,-0.182886,0.652527
2080123583,3,-0.207386,-0.705648,-0.18278,0.652413
2080123593,3,-0.207271,-0.705786,-0.182715,0.652318
2080123603,3,-0.207166,-0.705907,-0.182689,0.652228
2080123613,3,-0.20709,-0.706023,-0.182667,0.652133
2080123623,3,-0.207004,-0.706144,-0.182697,0.652021
2080123633,3,-0.206941,-0.706262,-0.182766,0.651892
2080123643,3,-0.206863,-0.706361,-0.182894,0.651775
2080123653,3,-0.206785,-0.706414,-0.183089,0.651687
2080123663,3,-0.206695,-0.706425,-0.183348,0.651631
2080123673,3,-0.206607,-0.706363,-0.183689,0.65163
2080123683,3,-0.206552,-0.706257,-0.184065,0.651657
2080123693,3,-0.206541,-0.706096,-0.18448,0.651717
2080123704,3,-0.206603,-0.705884,-0.184925,0.6518
2080123714,3,-0.206727,-0.70566,-0.185399,0.651869
2080123724,3,-0.206939,-0.705395,-0.185879,0.651952
2080123734,3,-0.20725,-0.705115,-0.186376,0.652014
2080123744,3,-0.207626,-0.704828,-0.186908,0.652052
2080123754,3,-0.208089,-0.704499,-0.187454,0.652104
2080123764,3,-0.208601,-0.704111,-0.188071,0.652181
2080123774,3,-0.209143,-0.703654,-0.188773,0.652298
2080123784,3,-0.209704,-0.703123,-0.189578,0.652458
2080123794,3,-0.210245,-0.702508,-0.190504,0.652676
2080123804,3,-0.210761,-0.701796,-0.191551,0.652969
2080123814,3,-0.211264,-0.700989,-0.192713,0.653331
2080123824,3,-0.211753,-0.700102,-0.193963,0.653754
2080123835,3,-0.212247,-0.699163,-0.195268,0.654211
2080123845,3,-0.212745,-0.698186,-0.196617,0.654687
2080123855,3,-0.213259,-0.69718,-0.197987,0.65518
2080123865,3,-0.213794,-0.696175,-0.199357,0.655658
2080123875,3,-0.214342,-0.695181,-0.200705,0.656123
2080123885,3,-0.214914,-0.694224,-0.202025,0.656543
2080123895,3,-0.215479,-0.69329,-0.203309,0.656949
2080123905,3,-0.216031,-0.692394,-0.204578,0.657318
2080123915,3,-0.216578,-0.691553,-0.205809,0.657639
2080123925,3,-0.217141,-0.690767,-0.206958,0.65792
2080123935,3,-0.217711,-0.690014,-0.208041,0.658179
2080123945,3,-0.218317,-0.689296,-0.209017,0.658422
2080123955,3,-0.218912,-0.6886,-0.209922,0.658664
2080123965,3,-0.219482,-0.687922,-0.210768,0.658914
2080123976,3,-0.220009,-0.687251,-0.211562,0.659182
2080123986,3,-0.220501,-0.686606,-0.212299,0.659453
2080123996,3,-0.220975,-0.685952,-0.212963,0.659761
2080124006,3,-0.221431,-0.685309,-0.213537,0.660092
2080124016,3,-0.221887,-0.684704,-0.21401,0.660412
2080124026,3,-0.222342,-0.684146,-0.214382,0.660717
2080124036,3,-0.22278,-0.683663,-0.214661,0.660979
2080124046,3,-0.223194,-0.68327,-0.214855,0.661183
2080124056,3,-0.223569,-0.682959,-0.21498,0.661336
2080124066,3,-0.22391,-0.682736,-0.215036,0.661433
2080124076,3,-0.224184,-0.682591,-0.215049,0.661486
2080124086,3,-0.224422,-0.682536,-0.215005,0.661476
2080124096,3,-0.224605,-0.682553,-0.214928,0.661421
2080124107,3,-0.224745,-0.68264,-0.214801,0.661325
2080124117,3,-0.224854,-0.682802,-0.21461,0.661183
2080124127,3,-0.224926,-0.683046,-0.214362,0.660987
2080124137,3,-0.224954,-0.683305,-0.214078,0.660801
2080124147,3,-0.224968,-0.68361,-0.213729,0.660594
2080124157,3,-0.224969,-0.683946,-0.213327,0.660376
2080124167,3,-0.224925,-0.684345,-0.212899,0.660116
2080124177,3,-0.224888,-0.684779,-0.212397,0.65984
2080124187,3,-0.224825,-0.685247,-0.211856,0.65955
2080124197,3,-0.224751,-0.685753,-0.211267,0.659238
2080124207,3,-0.224665,-0.686308,-0.210645,0.658888
2080124217,3,-0.224554,-0.686908,-0.209988,0.658511
2080124227,3,-0.224435,-0.687572,-0.209286,0.658081
2080124238,3,-0.224321,-0.688291,-0.208541,0.657605
2080124248,3,-0.224197,-0.689092,-0.207768,0.657053
2080124258,3,-0.224056,-0.689927,-0.206965,0.656479
2080124268,3,-0.223882,-0.69081,-0.206157,0.655863
2080124278,3,-0.223706,-0.691737,-0.205326,0.655206
2080124288,3,-0.223502,-0.69268,-0.204496,0.654538
2080124298,3,-0.223272,-0.693624,-0.203676,0.653873
2080124308,3,-0.223034,-0.694552,-0.20285,0.653226
2080124318,3,-0.222793,-0.695461,-0.202019,0.652598
2080124328,3,-0.222559,-0.696328,-0.201182,0.652012
2080124338,3,-0.222311,-0.69717,-0.200343,0.651454
2080124348,3,-0.222065,-0.697965,-0.199516,0.65094
2080124358,3,-0.221815,-0.698699,-0.1987,0.650488
2080124368,3,-0.221575,-0.699397,-0.197894,0.650065
2080124379,3,-0.221318,-0.70003,-0.197127,0.649704
2080124389,3,-0.221062,-0.700622,-0.196401,0.649374
2080124399,3,-0.220795,-0.701179,-0.195734,0.649064
2080124409,3,-0.220507,-0.701671,-0.195139,0.648809
2080124419,3,-0.220188,-0.702137,-0.194614,0.648571
2080124429,3,-0.219878,-0.702555,-0.194122,0.648372
2080124439,3,-0.219552,-0.702919,-0.193682,0.648219
2080124449,3,-0.219229,-0.703277,-0.193274,0.648061
2080124459,3,-0.218903,-0.703614,-0.192903,0.647917
2080124469,3,-0.21857,-0.703947,-0.192554,0.647771
2080124479,3,-0.218224,-0.704273,-0.192241,0.647626
2080124489,3,-0.217842,-0.704577,-0.191979,0.647501
2080124499,3,-0.217455,-0.704842,-0.19174,0.647414
2080124510,3,-0.217044,-0.70505,-0.191515,0.647392
2080124520,3,-0.216623,-0.705207,-0.191298,0.647426
2080124530,3,-0.21619,-0.705285,-0.1911,0.647544
2080124540,3,-0.215744,-0.705287,-0.190884,0.647755
2080124550,3,-0.215286,-0.705198,-0.190673,0.648067
2080124560,3,-0.214843,-0.705021,-0.190446,0.648472
2080124570,3,-0.214415,-0.704769,-0.190194,0.648962
2080124580,3,-0.214007,-0.704477,-0.189931,0.64949
2080124590,3,-0.213623,-0.704134,-0.189652,0.65007
2080124600,3,-0.213277,-0.703755,-0.189371,0.650675
2080124610,3,-0.212955,-0.70336,-0.189087,0.651291
2080124620,3,-0.212646,-0.702944,-0.188848,0.65191
2080124630,3,-0.212337,-0.702504,-0.188659,0.652538
2080124641,3,-0.212024,-0.702038,-0.188535,0.653179
2080124651,3,-0.211705,-0.701557,-0.188482,0.653814
2080124661,3,-0.211397,-0.70106,-0.188491,0.654443
2080124671,3,-0.211101,-0.700548,-0.188555,0.655068
2080124681,3,-0.210846,-0.700019,-0.188653,0.655687
2080124691,3,-0.210617,-0.699485,-0.18879,0.656291
2080124701,3,-0.210399,-0.698925,-0.188982,0.656902
2080124711,3,-0.210219,-0.698356,-0.189185,0.657507
2080124721,3,-0.210055,-0.697803,-0.189421,0.658078
2080124731,3,-0.209893,-0.697229,-0.189699,0.658657
2080124741,3,-0.209746,-0.696657,-0.189982,0.659227
2080124751,3,-0.209581,-0.696091,-0.190304,0.659784
2080124761,3,-0.209407,-0.695556,-0.190647,0.660305
2080124771,3,-0.209234,-0.695055,-0.191003,0.660784
2080124782,3,-0.209075,-0.694584,-0.191358,0.661227
2080124792,3,-0.208899,-0.694142,-0.19172,0.661642
2080124802,3,-0.208729,-0.693756,-0.192092,0.661993
2080124812,3,-0.208561,-0.693417,-0.192453,0.662296
2080124822,3,-0.208422,-0.693119,-0.192777,0.662557
2080124832,3,-0.208338,-0.692878,-0.193037,0.66276
2080124842,3,-0.208287,-0.692702,-0.193271,0.662891
2080124852,3,-0.208282,-0.692599,-0.193456,0.662947
2080124862,3,-0.208293,-0.692542,-0.193626,0.662954
2080124872,3,-0.208338,-0.692513,-0.193783,0.662923
2080124882,3,-0.208411,-0.692491,-0.193925,0.662882
2080124892,3,-0.208477,-0.692478,-0.194083,0.662829
2080124902,3,-0.208582,-0.692463,-0.19423,0.662768
2080124913,3,-0.208696,-0.69243,-0.19439,0.662719
2080124923,3,-0.208814,-0.692372,-0.194583,0.662687
2080124933,3,-0.208966,-0.692272,-0.194777,0.662686
2080124943,3,-0.209105,-0.692164,-0.195005,0.662688
2080124953,3,-0.209237,-0.692038,-0.195269,0.662701
2080124963,3,-0.209385,-0.69192,-0.195552,0.662694
2080124973,3,-0.209534,-0.691814,-0.195863,0.662665
2080124983,3,-0.209684,-0.691743,-0.196185,0.662597
2080124993,3,-0.209823,-0.691724,-0.196511,0.662475
2080125003,3,-0.209981,-0.691757,-0.196815,0.662301
2080125013,3,-0.210152,-0.691857,-0.197075,0.662064
2080125023,3,-0.210316,-0.692056,-0.19729,0.661741
2080125033,3,-0.210506,-0.692355,-0.197432,0.661325
2080125044,3,-0.210652,-0.692735,-0.197552,0.660844
2080125054,3,-0.210768,-0.693197,-0.197607,0.660307
2080125064,3,-0.210838,-0.693719,-0.197628,0.65973
2080125074,3,-0.210872,-0.69429,-0.197575,0.659134
2080125084,3,-0.210864,-0.694904,-0.19745,0.658526
2080125094,3,-0.210829,-0.695554,-0.197228,0.657917
2080125104,3,-0.210763,-0.696233,-0.196914,0.657314
2080125114,3,-0.210669,-0.696932,-0.196503,0.656726
2080125124,3,-0.210524,-0.697653,-0.196018,0.656152
2080125134,3,-0.210337,-0.698402,-0.195472,0.655578
2080125144,3,-0.210116,-0.699151,-0.194862,0.655031
2080125154,3,-0.209845,-0.699902,-0.194222,0.654507
2080125164,3,-0.209497,-0.700632,-0.193578,0.654027
2080125174,3,-0.209077,-0.701329,-0.192945,0.653601
2080125185,3,-0.208603,-0.70197,-0.192301,0.653255
2080125195,3,-0.20808,-0.702563,-0.191657,0.652973
2080125205,3,-0.207531,-0.703071,-0.190997,0.652795
2080125215,3,-0.206949,-0.703532,-0.190335,0.652676
2080125225,3,-0.206352,-0.703985,-0.18966,0.652573
2080125235,3,-0.205739,-0.704386,-0.188985,0.65253
2080125245,3,-0.205109,-0.704773,-0.188306,0.652506
2080125255,3,-0.204469,-0.705152,-0.18761,0.652498
2080125265,3,-0.203792,-0.705567,-0.186911,0.652462
2080125275,3,-0.203109,-0.706027,-0.186186,0.652385
2080125285,3,-0.202387,-0.706506,-0.185459,0.652297
2080125295,3,-0.201624,-0.707022,-0.184725,0.652183
2080125305,3,-0.200808,-0.707572,-0.184004,0.652042
2080125316,3,-0.199941,-0.70812,-0.183312,0.651908
2080125326,3,-0.199048,-0.708688,-0.182638,0.651754
2080125336,3,-0.198126,-0.709244,-0.181986,0.651612
2080125346,3,-0.197184,-0.70974,-0.181359,0.651532
2080125356,3,-0.196247,-0.710135,-0.180759,0.651552
2080125366,3,-0.195288,-0.710425,-0.180202,0.651679
2080125376,3,-0.194351,-0.710562,-0.179675,0.651954
2080125386,3,-0.193409,-0.710577,-0.179192,0.652351
2080125396,3,-0.192514,-0.710507,-0.178705,0.652825
2080125406,3,-0.191678,-0.710376,-0.178194,0.653353
2080125416,3,-0.190902,-0.710225,-0.177642,0.653895
2080125426,3,-0.190199,-0.710059,-0.177041,0.654442
2080125436,3,-0.189568,-0.709912,-0.176383,0.654963
2080125447,3,-0.188996,-0.709803,-0.175695,0.655431
2080125457,3,-0.188481,-0.709775,-0.174967,0.655804
2080125467,3,-0.188011,-0.709801,-0.174221,0.65611
2080125477,3,-0.187589,-0.709883,-0.17349,0.656335
2080125487,3,-0.187214,-0.71002,-0.172785,0.656481
2080125497,3,-0.186888,-0.71014,-0.17213,0.656615
2080125507,3,-0.186616,-0.710199,-0.171554,0.656779
2080125517,3,-0.186402,-0.710182,-0.171067,0.656986
2080125527,3,-0.18626,-0.710081,-0.170685,0.657234
2080125537,3,-0.186141,-0.70993,-0.170466,0.657489
2080125547,3,-0.186099,-0.709714,-0.170374,0.657756
2080125557,3,-0.186147,-0.709439,-0.170394,0.658035
2080125567,3,-0.186306,-0.70908,-0.170519,0.658344
2080125577,3,-0.186529,-0.708651,-0.170779,0.658676
2080125588,3,-0.186836,-0.70815,-0.171164,0.659027
2080125598,3,-0.187195,-0.707596,-0.171679,0.659386
2080125608,3,-0.1876,-0.707012,-0.172315,0.659732
2080125618,3,-0.188022,-0.706376,-0.173087,0.66009
2080125628,3,-0.188476,-0.705706,-0.173973,0.660445
2080125638,3,-0.188948,-0.705013,-0.174958,0.66079
2080125648,3,-0.189435,-0.704331,-0.176032,0.661092
2080125658,3,-0.189993,-0.703668,-0.177114,0.66135
2080125668,3,-0.190594,-0.703041,-0.178204,0.661551
2080125678,3,-0.191261,-0.702477,-0.17927,0.66167
2080125688,3,-0.191995,-0.701999,-0.180279,0.661689
2080125698,3,-0.192774,-0.701595,-0.181255,0.661625
2080125708,3,-0.193576,-0.701228,-0.18222,0.661515
2080125719,3,-0.194385,-0.700909,-0.183152,0.661359
2080125729,3,-0.195153,-0.700583,-0.184109,0.661212
2080125739,3,-0.195886,-0.700251,-0.185064,0.66108
2080125749,3,-0.196605,-0.699925,-0.185995,0.660951
2080125759,3,-0.197296,-0.69964,-0.186917,0.660786
2080125769,3,-0.197968,-0.699368,-0.187806,0.660621
2080125779,3,-0.198611,-0.69911,-0.188651,0.660461
2080125789,3,-0.199238,-0.698834,-0.189469,0.660329
2080125799,3,-0.199857,-0.698547,-0.190237,0.660225
2080125809,3,-0.200441,-0.698247,-0.190967,0.660155
2080125819,3,-0.201003,-0.697923,-0.191669,0.660123
2080125829,3,-0.201543,-0.697596,-0.192326,0.660114
2080125839,3,-0.202071,-0.697277,-0.192936,0.66011
2080125850,3,-0.202602,-0.696975,-0.19349,0.660105
2080125860,3,-0.203114,-0.696698,-0.19401,0.660087
2080125870,3,-0.203591,-0.696458,-0.194504,0.660048
2080125880,3,-0.204016,-0.696268,-0.194998,0.659971
2080125890,3,-0.204405,-0.696121,-0.195468,0.659868
2080125900,3,-0.204756,-0.696027,-0.195936,0.659719
2080125910,3,-0.205066,-0.695973,-0.196378,0.659547
2080125920,3,-0.205313,-0.695968,-0.19682,0.659344
2080125930,3,-0.205544,-0.696008,-0.197213,0.659113
2080125940,3,-0.205751,-0.696081,-0.19755,0.658871
2080125950,3,-0.205938,-0.696181,-0.197835,0.65862
2080125960,3,-0.206132,-0.696298,-0.198027,0.658379
2080125970,3,-0.206316,-0.696452,-0.198156,0.658119
2080125980,3,-0.206512,-0.696629,-0.198215,0.657852
2080125991,3,-0.206675,-0.696824,-0.198236,0.657588
2080126001,3,-0.206839,-0.697003,-0.198205,0.657356
2080126011,3,-0.206991,-0.697173,-0.198129,0.657152
2080126021,3,-0.207145,-0.697327,-0.198007,0.656976
2080126031,3,-0.207295,-0.697439,-0.197874,0.65685
2080126041,3,-0.207437,-0.697537,-0.197726,0.656745
2080126051,3,-0.207564,-0.697611,-0.197585,0.65667
2080126061,3,-0.207663,-0.697663,-0.197485,0.656613
2080126071,3,-0.207751,-0.697678,-0.197403,0.656594
2080126081,3,-0.207819,-0.697673,-0.197379,0.656585
2080126091,3,-0.207882,-0.697664,-0.197374,0.656576
2080126101,3,-0.20795,-0.69766,-0.197407,0.656548
2080126111,3,-0.208048,-0.69769,-0.197451,0.656473
2080126122,3,-0.208172,-0.697746,-0.197505,0.656358
2080126132,3,-0.208325,-0.697845,-0.197563,0.656186
2080126142,3,-0.208501,-0.697995,-0.197647,0.655945
2080126152,3,-0.208677,-0.69816,-0.197773,0.655676
2080126162,3,-0.208841,-0.698322,-0.197949,0.655398
2080126172,3,-0.209012,-0.698459,-0.198146,0.655138
2080126182,3,-0.209177,-0.698571,-0.198374,0.654897
2080126192,3,-0.209345,-0.698653,-0.198617,0.654682
2080126202,3,-0.209509,-0.698724,-0.198861,0.65448
2080126212,3,-0.209744,-0.698787,-0.199042,0.654282
2080126222,3,-0.210013,-0.698808,-0.199185,0.65413
2080126232,3,-0.210313,-0.698801,-0.19929,0.654009
2080126242,3,-0.210658,-0.698811,-0.199365,0.653864
2080126253,3,-0.211048,-0.698817,-0.199394,0.653723
2080126263,3,-0.211446,-0.698825,-0.199429,0.653575
2080126273,3,-0.211872,-0.698826,-0.199434,0.653435
2080126283,3,-0.212299,-0.698808,-0.199465,0.653306
2080126293,3,-0.212697,-0.698765,-0.199526,0.653204
2080126303,3,-0.213061,-0.698679,-0.199644,0.653141
2080126313,3,-0.213396,-0.698556,-0.199809,0.653113
2080126323,3,-0.21369,-0.698383,-0.200019,0.653137
2080126333,3,-0.213983,-0.698176,-0.200225,0.6532
2080126343,3,-0.214279,-0.697935,-0.200431,0.653296
2080126353,3,-0.214583,-0.697652,-0.200603,0.653447
2080126363,3,-0.214887,-0.697345,-0.200746,0.653631
2080126373,3,-0.215208,-0.697047,-0.20085,0.653811
2080126383,3,-0.215498,-0.696743,-0.200948,0.654009
2080126394,3,-0.215801,-0.696449,-0.201016,0.654202
2080126404,3,-0.216081,-0.696171,-0.201062,0.654391
2080126414,3,-0.216307,-0.695917,-0.20113,0.654566
2080126424,3,-0.216505,-0.695672,-0.201188,0.654742
2080126434,3,-0.216669,-0.69545,-0.201255,0.654904
2080126444,3,-0.216765,-0.695282,-0.201359,0.655019
2080126454,3,-0.216827,-0.695173,-0.201483,0.655075
2080126464,3,-0.216884,-0.695115,-0.201602,0.655081
2080126474,3,-0.21693,-0.695104,-0.201712,0.655044
2080126484,3,-0.216954,-0.695106,-0.201823,0.654999
2080126494,3,-0.216961,-0.695106,-0.201931,0.654964
2080126504,3,-0.216985,-0.695094,-0.202002,0.654947
2080126514,3,-0.217008,-0.695054,-0.202063,0.654963
2080126525,3,-0.217026,-0.694972,-0.202107,0.65503
2080126535,3,-0.217067,-0.694858,-0.202122,0.655134
2080126545,3,-0.217113,-0.694709,-0.202117,0.655277
2080126555,3,-0.217165,-0.69455,-0.2021,0.655434
2080126565,3,-0.217189,-0.694371,-0.202109,0.655613
2080126575,3,-0.217192,-0.694194,-0.202118,0.655797
2080126585,3,-0.217178,-0.694,-0.202143,0.655999
2080126595,3,-0.217131,-0.693811,-0.202188,0.6562
2080126605,3,-0.217082,-0.693648,-0.20222,0.656379
2080126615,3,-0.217013,-0.693486,-0.202259,0.65656
2080126625,3,-0.216934,-0.693368,-0.20228,0.656705
2080126635,3,-0.216833,-0.69326,-0.202282,0.656852
2080126645,3,-0.216761,-0.693151,-0.202249,0.657001
2080126656,3,-0.216691,-0.693043,-0.20218,0.657159
2080126666,3,-0.216636,-0.692933,-0.202084,0.657323
2080126676,3,-0.2166,-0.692833,-0.201969,0.657475
2080126686,3,-0.216621,-0.692757,-0.201782,0.657606
2080126696,3,-0.216665,-0.692681,-0.201594,0.657729
2080126706,3,-0.216737,-0.692635,-0.201376,0.65782
2080126716,3,-0.216814,-0.6926,-0.201183,0.657891
2080126726,3,-0.216906,-0.692569,-0.200997,0.657951
2080126736,3,-0.217001,-0.692566,-0.200821,0.657976
2080126746,3,-0.217096,-0.692557,-0.200665,0.658002
2080126756,3,-0.217201,-0.692572,-0.200528,0.657992
2080126766,3,-0.217341,-0.692612,-0.200398,0.657944
2080126776,3,-0.217489,-0.6927,-0.200285,0.657838
2080126786,3,-0.217643,-0.692844,-0.2002,0.657661
2080126797,3,-0.217804,-0.693003,-0.200155,0.657453
2080126807,3,-0.218023,-0.69325,-0.200091,0.65714
2080126817,3,-0.218208,-0.693551,-0.200109,0.656755
2080126827,3,-0.218377,-0.693842,-0.2002,0.656363
2080126837,3,-0.218561,-0.694134,-0.200324,0.655956
2080126847,3,-0.218721,-0.694392,-0.200521,0.655568
2080126857,3,-0.218867,-0.694624,-0.200789,0.655193
2080126867,3,-0.218995,-0.69482,-0.201126,0.654838
2080126877,3,-0.219104,-0.694991,-0.201524,0.654498
2080126887,3,-0.219215,-0.695113,-0.201964,0.654195
2080126897,3,-0.219319,-0.695195,-0.202442,0.653926
2080126907,3,-0.219449,-0.695257,-0.20293,0.653665
2080126917,3,-0.219589,-0.695306,-0.2034,0.65342
2080126928,3,-0.219741,-0.695341,-0.203873,0.653184
2080126938,3,-0.21992,-0.695378,-0.204339,0.652939
2080126948,3,-0.220118,-0.695443,-0.204761,0.65267
2080126958,3,-0.220351,-0.695554,-0.205138,0.652355
2080126968,3,-0.22058,-0.695722,-0.205486,0.651989
2080126978,3,-0.220809,-0.695954,-0.205803,0.651563
2080126988,3,-0.221022,-0.696226,-0.206111,0.651103
2080126998,3,-0.221209,-0.696548,-0.206414,0.650599
2080127008,3,-0.221371,-0.696877,-0.206714,0.650097
2080127018,3,-0.221497,-0.697204,-0.207007,0.64961
2080127028,3,-0.221613,-0.6975,-0.207269,0.649168
2080127038,3,-0.221714,-0.697757,-0.207497,0.648784
2080127048,3,-0.221805,-0.697956,-0.207694,0.648477
2080127059,3,-0.221888,-0.6981,-0.20786,0.64824
2080127069,3,-0.221959,-0.698197,-0.207987,0.64807
2080127079,3,-0.222008,-0.698266,-0.20809,0.647946
2080127089,3,-0.222053,-0.698292,-0.208147,0.647884
2080127099,3,-0.222077,-0.698276,-0.208161,0.647889
2080127109,3,-0.222085,-0.69821,-0.208151,0.64796
2080127119,3,-0.222045,-0.698098,-0.20812,0.648105
2080127129,3,-0.221993,-0.697947,-0.208065,0.648303
2080127139,3,-0.221918,-0.697761,-0.207972,0.648559
2080127149,3,-0.221799,-0.697564,-0.207874,0.648842
2080127159,3,-0.221658,-0.697354,-0.207758,0.649154
2080127169,3,-0.221533,-0.69715,-0.207599,0.649466
2080127179,3,-0.221426,-0.696959,-0.20738,0.649778
2080127190,3,-0.221341,-0.696782,-0.207116,0.65008
2080127200,3,-0.221252,-0.696639,-0.206806,0.650362
2080127210,3,-0.221176,-0.696542,-0.206459,0.650602
2080127220,3,-0.221126,-0.696495,-0.206076,0.650791
2080127230,3,-0.221048,-0.696478,-0.205711,0.650951
2080127240,3,-0.220961,-0.696492,-0.205345,0.651081
2080127250,3,-0.220823,-0.696504,-0.205015,0.651219
2080127260,3,-0.220645,-0.696486,-0.204742,0.651385
2080127270,3,-0.2204,-0.696423,-0.20453,0.651601
2080127280,3,-0.220145,-0.696335,-0.204331,0.651844
2080127290,3,-0.219886,-0.696231,-0.204137,0.652103
2080127300,3,-0.219619,-0.696126,-0.203948,0.652365
2080127310,3,-0.219371,-0.696021,-0.203731,0.652628
2080127320,3,-0.219145,-0.695908,-0.203503,0.652895
2080127331,3,-0.21896,-0.695799,-0.20324,0.653156
2080127341,3,-0.218804,-0.69569,-0.20297,0.653408
2080127351,3,-0.218652,-0.695571,-0.202711,0.653666
2080127361,3,-0.21851,-0.695448,-0.202464,0.653921
2080127371,3,-0.218389,-0.695315,-0.202232,0.654174
2080127381,3,-0.218295,-0.695157,-0.202017,0.65444
2080127391,3,-0.218208,-0.694988,-0.201826,0.654707
2080127401,3,-0.21813,-0.694802,-0.201676,0.654976
2080127411,3,-0.218068,-0.694601,-0.201554,0.655248
2080127421,3,-0.218052,-0.694406,-0.201445,0.655494
2080127431,3,-0.218068,-0.694226,-0.201356,0.655706
2080127441,3,-0.218107,-0.694044,-0.201294,0.655905
2080127451,3,-0.218183,-0.693882,-0.201247,0.656066
2080127462,3,-0.218298,-0.693751,-0.201194,0.656182
2080127472,3,-0.218457,-0.693652,-0.20114,0.65625
2080127482,3,-0.218633,-0.6936,-0.201103,0.656258
2080127492,3,-0.218823,-0.69358,-0.201073,0.656225
2080127502,3,-0.219032,-0.693588,-0.201041,0.656157
2080127512,3,-0.21922,-0.693611,-0.201038,0.65607
2080127522,3,-0.21938,-0.693653,-0.201067,0.655964
2080127532,3,-0.219503,-0.693691,-0.201126,0.655864
2080127542,3,-0.21958,-0.693727,-0.201216,0.655773
2080127552,3,-0.219602,-0.69376,-0.201346,0.65569
2080127562,3,-0.219573,-0.693783,-0.201478,0.655636
2080127572,3,-0.219509,-0.693801,-0.201608,0.655598
2080127582,3,-0.219417,-0.693837,-0.20171,0.65556
2080127593,3,-0.219311,-0.69389,-0.201781,0.655517
2080127603,3,-0.21919,-0.693983,-0.201793,0.655455
2080127613,3,-0.219061,-0.694108,-0.201754,0.655377
2080127623,3,-0.218911,-0.694265,-0.201671,0.655287
2080127633,3,-0.21872,-0.694448,-0.201563,0.65519
2080127643,3,-0.218523,-0.694636,-0.201403,0.655105
2080127653,3,-0.218305,-0.694844,-0.201229,0.655012
2080127663,3,-0.218071,-0.695053,-0.201019,0.654932
2080127673,3,-0.217828,-0.695266,-0.200775,0.654861
2080127683,3,-0.21759,-0.695485,-0.200514,0.654788
2080127693,3,-0.217361,-0.695719,-0.200229,0.654703
2080127703,3,-0.217152,-0.695942,-0.199924,0.654629
2080127713,3,-0.216953,-0.69618,-0.199596,0.654542
2080127723,3,-0.216772,-0.696394,-0.199248,0.65448
2080127734,3,-0.21661,-0.696631,-0.198895,0.654389
2080127744,3,-0.21647,-0.696871,-0.198532,0.654289
2080127754,3,-0.2163,-0.697091,-0.1982,0.654213
2080127764,3,-0.216125,-0.697294,-0.1979,0.654145
2080127774,3,-0.215926,-0.697508,-0.19763,0.654064
2080127784,3,-0.215702,-0.697717,-0.197398,0.653985
2080127794,3,-0.215471,-0.697931,-0.197186,0.653897
2080127804,3,-0.21523,-0.698121,-0.197005,0.653828
2080127814,3,-0.214942,-0.698294,-0.196871,0.653778
2080127824,3,-0.214631,-0.698436,-0.196767,0.653759
2080127834,3,-0.214288,-0.698552,-0.19671,0.653766
2080127844,3,-0.213921,-0.698666,-0.196663,0.653778
2080127854,3,-0.213527,-0.698724,-0.196639,0.653852
2080127865,3,-0.213143,-0.698786,-0.196591,0.653926
2080127875,3,-0.212766,-0.698861,-0.196514,0.653991
2080127885,3,-0.212404,-0.698948,-0.196408,0.654048
2080127895,3,-0.212082,-0.699063,-0.196246,0.654077
2080127905,3,-0.21178,-0.699234,-0.196043,0.654054
2080127915,3,-0.211508,-0.699434,-0.1958,0.654001
2080127925,3,-0.21127,-0.699678,-0.195529,0.653898
2080127935,3,-0.211054,-0.699942,-0.195235,0.653773
2080127945,3,-0.210853,-0.700221,-0.194971,0.653618
2080127955,3,-0.210685,-0.700481,-0.194703,0.653473
2080127965,3,-0.210539,-0.700724,-0.194466,0.65333
2080127975,3,-0.210427,-0.70092,-0.194257,0.653218
2080127985,3,-0.210347,-0.701049,-0.194084,0.653156
2080127996,3,-0.210312,-0.701118,-0.193943,0.653136
2080128006,3,-0.210339,-0.701111,-0.19383,0.653168
2080128016,3,-0.210425,-0.701044,-0.193725,0.653244
2080128026,3,-0.210587,-0.700929,-0.193647,0.653338
2080128036,3,-0.210794,-0.700777,-0.193602,0.653448
2080128046,3,-0.211054,-0.700606,-0.193589,0.653551
2080128056,3,-0.211341,-0.700419,-0.193633,0.653646
2080128066,3,-0.211628,-0.700214,-0.193748,0.653738
2080128076,3,-0.211884,-0.699997,-0.193929,0.653834
2080128086,3,-0.212086,-0.699759,-0.194221,0.653937
2080128096,3,-0.212262,-0.69949,-0.19457,0.654063
2080128106,3,-0.2124,-0.699226,-0.194962,0.654184
2080128116,3,-0.212507,-0.699025,-0.195371,0.654243
2080128126,3,-0.212606,-0.698861,-0.19576,0.654269
2080128137,3,-0.212707,-0.698737,-0.196127,0.654259
2080128147,3,-0.212816,-0.698651,-0.196444,0.65422
2080128157,3,-0.212946,-0.698589,-0.196681,0.654173
2080128167,3,-0.213079,-0.698536,-0.19685,0.654136
2080128177,3,-0.213184,-0.698453,-0.196996,0.654146
2080128187,3,-0.21328,-0.698342,-0.1971,0.654202
2080128197,3,-0.213331,-0.698196,-0.197208,0.654309
2080128207,3,-0.213394,-0.698028,-0.197295,0.654441
2080128217,3,-0.213448,-0.697841,-0.197362,0.654602
2080128227,3,-0.213501,-0.697665,-0.197409,0.654759
2080128237,3,-0.213571,-0.697519,-0.197439,0.654882
2080128247,3,-0.213656,-0.69738,-0.197469,0.654994
2080128257,3,-0.213775,-0.697248,-0.197501,0.655086
2080128268,3,-0.213925,-0.697125,-0.197532,0.655159
2080128278,3,-0.214108,-0.696988,-0.197575,0.655231
2080128288,3,-0.214334,-0.696865,-0.197634,0.65527
2080128298,3,-0.214601,-0.696735,-0.197696,0.655303
2080128308,3,-0.214933,-0.696596,-0.197758,0.655323
2080128318,3,-0.215296,-0.696436,-0.197855,0.655344
2080128328,3,-0.215693,-0.696264,-0.197983,0.655358
2080128338,3,-0.216133,-0.696075,-0.198138,0.655367
2080128348,3,-0.216593,-0.695859,-0.198353,0.655379
2080128358,3,-0.217055,-0.695633,-0.198609,0.655389
2080128368,3,-0.217483,-0.695381,-0.198942,0.655413
2080128378,3,-0.217895,-0.695075,-0.199326,0.655484
2080128388,3,-0.218298,-0.694743,-0.19974,0.655576
2080128399,3,-0.218683,-0.694416,-0.20017,0.655663
2080128409,3,-0.219034,-0.694106,-0.200632,0.655733
2080128419,3,-0.219356,-0.693861,-0.201084,0.655747
2080128429,3,-0.21964,-0.693698,-0.201535,0.655685
2080128439,3,-0.219909,-0.693621,-0.201933,0.655554
2080128449,3,-0.220147,-0.693611,-0.202304,0.655371
2080128459,3,-0.220346,-0.693667,-0.202617,0.655147
2080128469,3,-0.220506,-0.693784,-0.202882,0.654887
2080128479,3,-0.220619,-0.693924,-0.203094,0.654636
2080128489,3,-0.220692,-0.69409,-0.203267,0.654381
2080128499,3,-0.220743,-0.694267,-0.20338,0.654141
2080128509,3,-0.220763,-0.694414,-0.203462,0.653953
2080128519,3,-0.220792,-0.694499,-0.203497,0.653843
2080128529,3,-0.220823,-0.694534,-0.203474,0.653802
2080128540,3,-0.220869,-0.694501,-0.203419,0.653838
2080128550,3,-0.220934,-0.694408,-0.203332,0.653942
2080128560,3,-0.22104,-0.694273,-0.203184,0.654095
2080128570,3,-0.221169,-0.69412,-0.203006,0.65427
2080128580,3,-0.221347,-0.693944,-0.202789,0.654463
2080128590,3,-0.221559,-0.693802,-0.202546,0.654617
2080128600,3,-0.221742,-0.693729,-0.202311,0.654705
2080128610,3,-0.221884,-0.693725,-0.202124,0.654719
2080128620,3,-0.221946,-0.693774,-0.202026,0.654677
2080128630,3,-0.22193,-0.693894,-0.202007,0.65456
2080128640,3,-0.221798,-0.694049,-0.202087,0.654416
2080128650,3,-0.221595,-0.694249,-0.202227,0.65423
2080128660,3,-0.221326,-0.694499,-0.202402,0.654001
2080128671,3,-0.220992,-0.694788,-0.202598,0.653747
2080128681,3,-0.22061,-0.695105,-0.202799,0.653476
2080128691,3,-0.220206,-0.695433,-0.202988,0.653205
2080128701,3,-0.219776,-0.695755,-0.203149,0.652956
2080128711,3,-0.219355,-0.696046,-0.203269,0.652751
2080128721,3,-0.218973,-0.69627,-0.20331,0.652628
2080128731,3,-0.218623,-0.696443,-0.203262,0.652574
2080128741,3,-0.218313,-0.696584,-0.203157,0.652561
2080128751,3,-0.218036,-0.696683,-0.202998,0.652597
2080128761,3,-0.217815,-0.69678,-0.202777,0.652637
2080128771,3,-0.217648,-0.696874,-0.202494,0.65268
2080128781,3,-0.2175,-0.696977,-0.202195,0.652712
2080128791,3,-0.217397,-0.697092,-0.201857,0.652728
2080128802,3,-0.217334,-0.697209,-0.201495,0.652735
2080128812,3,-0.217289,-0.697311,-0.201128,0.652755
2080128822,3,-0.217272,-0.697405,-0.20077,0.65277
2080128832,3,-0.217259,-0.697484,-0.200422,0.652797
2080128842,3,-0.217247,-0.697542,-0.200103,0.652837
2080128852,3,-0.217274,-0.697588,-0.199773,0.65288
2080128862,3,-0.217288,-0.697641,-0.199456,0.652915
2080128872,3,-0.217302,-0.697678,-0.19916,0.652962
2080128882,3,-0.217308,-0.6977,-0.198899,0.653016
2080128892,3,-0.217276,-0.697688,-0.19867,0.653109
2080128902,3,-0.21721,-0.69766,-0.198496,0.653214
2080128912,3,-0.217125,-0.69761,-0.19835,0.653339
2080128922,3,-0.216985,-0.697513,-0.19827,0.653514
2080128932,3,-0.216836,-0.697378,-0.19822,0.653723
2080128943,3,-0.216704,-0.69722,-0.198157,0.653954
2080128953,3,-0.216569,-0.697039,-0.198095,0.654211
2080128963,3,-0.216497,-0.69685,-0.197984,0.654469
2080128973,3,-0.216502,-0.696668,-0.197815,0.654712
2080128983,3,-0.216574,-0.696476,-0.197601,0.654958
2080128993,3,-0.216767,-0.696329,-0.197292,0.655143
2080129003,3,-0.217075,-0.696173,-0.196918,0.655319
2080129013,3,-0.217493,-0.696022,-0.196467,0.655476
2080129023,3,-0.218054,-0.695873,-0.195931,0.655609
2080129033,3,-0.218722,-0.695744,-0.195354,0.655696
2080129043,3,-0.219477,-0.695626,-0.194763,0.655744
2080129053,3,-0.220336,-0.695534,-0.194154,0.655733
2080129063,3,-0.221269,-0.695436,-0.193569,0.655697
2080129074,3,-0.222224,-0.695331,-0.193062,0.655635
2080129084,3,-0.223189,-0.695211,-0.192635,0.655559
2080129094,3,-0.224119,-0.695042,-0.192333,0.65551
2080129104,3,-0.224991,-0.694856,-0.19218,0.655454
2080129114,3,-0.225784,-0.694626,-0.192179,0.655425
2080129124,3,-0.226452,-0.694366,-0.192365,0.655415
2080129134,3,-0.226994,-0.694077,-0.19271,0.655433
2080129144,3,-0.2274,-0.693793,-0.193229,0.65544
2080129154,3,-0.227672,-0.693483,-0.193902,0.655475
2080129164,3,-0.227811,-0.693168,-0.194719,0.655518
2080129174,3,-0.227836,-0.692874,-0.195625,0.65555
2080129184,3,-0.227761,-0.692577,-0.196609,0.655596
2080129194,3,-0.227621,-0.692315,-0.197614,0.655618
2080129205,3,-0.227426,-0.692059,-0.198616,0.655654
2080129215,3,-0.227219,-0.691819,-0.199564,0.655691
2080129225,3,-0.226995,-0.691606,-0.200433,0.655728
2080129235,3,-0.226777,-0.691419,-0.201238,0.655754
2080129245,3,-0.226553,-0.691273,-0.201962,0.655763
2080129255,3,-0.226357,-0.691162,-0.20257,0.65576
2080129265,3,-0.2262,-0.691081,-0.203073,0.655744
2080129275,3,-0.226104,-0.691053,-0.20347,0.655684
2080129285,3,-0.226037,-0.69109,-0.20377,0.655575
2080129295,3,-0.226048,-0.691236,-0.203952,0.65536
2080129305,3,-0.226097,-0.691418,-0.20405,0.655121
2080129315,3,-0.226156,-0.691655,-0.204105,0.654833
2080129325,3,-0.226198,-0.691915,-0.20416,0.654527
2080129335,3,-0.226204,-0.692167,-0.20422,0.654239
2080129346,3,-0.226164,-0.692421,-0.204319,0.653954
2080129356,3,-0.226089,-0.692634,-0.204445,0.653714
2080129366,3,-0.225976,-0.692817,-0.204601,0.653511
2080129376,3,-0.225805,-0.692969,-0.204807,0.653344
2080129386,3,-0.22561,-0.693062,-0.205038,0.653241
2080129396,3,-0.225379,-0.693111,-0.205289,0.65319
2080129406,3,-0.225116,-0.693127,-0.205563,0.653177
2080129416,3,-0.224806,-0.693121,-0.20587,0.653193
2080129426,3,-0.224475,-0.693085,-0.206191,0.653244
2080129436,3,-0.224124,-0.693022,-0.20654,0.653322
2080129446,3,-0.223767,-0.692921,-0.206893,0.653439
2080129456,3,-0.223425,-0.692845,-0.207221,0.653533
2080129466,3,-0.223117,-0.692794,-0.207529,0.653595
2080129477,3,-0.222805,-0.692785,-0.207838,0.653611
2080129487,3,-0.222516,-0.692842,-0.208126,0.653559
2080129497,3,-0.22223,-0.692943,-0.208418,0.653455
2080129507,3,-0.222011,-0.693115,-0.208628,0.653281
2080129517,3,-0.221808,-0.693298,-0.208818,0.653095
2080129527,3,-0.221647,-0.693517,-0.208953,0.652874
2080129537,3,-0.221547,-0.69374,-0.209036,0.652644
2080129547,3,-0.221479,-0.693986,-0.20907,0.652395
2080129557,3,-0.221475,-0.694259,-0.209048,0.652112
2080129567,3,-0.221541,-0.694537,-0.20895,0.651825
2080129577,3,-0.221667,-0.694787,-0.208787,0.651569
2080129587,3,-0.221826,-0.695,-0.208577,0.651354
2080129597,3,-0.221981,-0.695166,-0.208384,0.651186
2080129608,3,-0.222162,-0.695269,-0.208174,0.651081
2080129618,3,-0.222379,-0.695319,-0.207938,0.65103
2080129628,3,-0.222618,-0.695303,-0.207681,0.651047
2080129638,3,-0.222859,-0.695232,-0.20744,0.651117
2080129648,3,-0.223111,-0.695109,-0.207203,0.651237
2080129658,3,-0.223367,-0.694953,-0.206978,0.651387
2080129668,3,-0.223619,-0.694769,-0.206774,0.651563
2080129678,3,-0.223888,-0.694561,-0.206575,0.651755
2080129688,3,-0.224187,-0.694361,-0.206365,0.651931
2080129698,3,-0.224475,-0.6942,-0.206179,0.652063
2080129708,3,-0.22476,-0.694051,-0.206001,0.65218
2080129718,3,-0.225001,-0.693954,-0.205867,0.652242
2080129728,3,-0.225232,-0.693878,-0.205733,0.652285
2080129738,3,-0.225436,-0.693842,-0.20562,0.652289
2080129749,3,-0.225609,-0.693847,-0.205503,0.65226
2080129759,3,-0.22575,-0.693897,-0.205383,0.652196
2080129769,3,-0.225877,-0.693964,-0.205236,0.652128
2080129779,3,-0.225974,-0.694049,-0.20505,0.652062
2080129789,3,-0.22607,-0.69416,-0.204802,0.651989
2080129799,3,-0.226147,-0.694266,-0.204513,0.651939
2080129809,3,-0.22622,-0.694356,-0.204153,0.651931
2080129819,3,-0.226297,-0.694443,-0.203718,0.651948
2080129829,3,-0.226385,-0.694474,-0.203218,0.65204
2080129839,3,-0.226447,-0.694465,-0.202676,0.652197
2080129849,3,-0.226492,-0.694411,-0.202108,0.652415
2080129859,3,-0.226526,-0.694335,-0.201517,0.652667
2080129869,3,-0.226553,-0.694238,-0.200903,0.65295
2080129880,3,-0.22659,-0.694144,-0.200279,0.653229
2080129890,3,-0.226629,-0.694045,-0.199644,0.653515
2080129900,3,-0.226642,-0.693976,-0.199042,0.653767
2080129910,3,-0.226644,-0.693902,-0.198456,0.654023
2080129920,3,-0.22663,-0.693859,-0.197904,0.654241
2080129930,3,-0.22658,-0.693841,-0.197401,0.654429
2080129940,3,-0.226495,-0.693844,-0.196953,0.654591
2080129950,3,-0.22639,-0.693865,-0.196558,0.654723
2080129960,3,-0.226277,-0.693934,-0.196188,0.6548
2080129970,3,-0.226145,-0.694027,-0.195865,0.654844
2080129980,3,-0.225987,-0.694162,-0.195596,0.654836
2080129990,3,-0.225811,-0.694305,-0.195376,0.654811
2080130000,3,-0.22561,-0.694477,-0.195211,0.654746
2080130011,3,-0.225386,-0.694657,-0.195096,0.654667
2080130021,3,-0.225137,-0.694823,-0.195041,0.654593
2080130031,3,-0.224867,-0.694988,-0.195029,0.654514
2080130041,3,-0.224591,-0.695132,-0.19503,0.654455
2080130051,3,-0.22428,-0.695275,-0.195095,0.654391
2080130061,3,-0.223918,-0.695392,-0.195189,0.654362
2080130071,3,-0.223554,-0.695498,-0.195292,0.654343
2080130081,3,-0.223178,-0.695588,-0.1954,0.654343
2080130091,3,-0.2228,-0.695676,-0.195488,0.654353
2080130101,3,-0.222411,-0.695759,-0.195563,0.654374
2080130111,3,-0.221996,-0.695847,-0.195634,0.6544
2080130121,3,-0.22158,-0.695945,-0.19569,0.654421
2080130131,3,-0.221126,-0.696049,-0.195745,0.654448
2080130141,3,-0.220654,-0.696161,-0.195792,0.654474
2080130152,3,-0.220145,-0.696283,-0.195853,0.654496
2080130162,3,-0.219582,-0.696416,-0.195924,0.654523
2080130172,3,-0.218972,-0.696538,-0.196028,0.654567
2080130182,3,-0.218323,-0.696636,-0.196143,0.654645
2080130192,3,-0.21763,-0.696728,-0.196275,0.654738
2080130202,3,-0.216932,-0.696773,-0.196404,0.654883
2080130212,3,-0.216229,-0.696813,-0.196502,0.655043
2080130222,3,-0.215544,-0.696856,-0.196569,0.655203
2080130232,3,-0.214887,-0.696906,-0.196599,0.655357
2080130242,3,-0.214266,-0.696962,-0.196591,0.655503
2080130252,3,-0.213671,-0.697059,-0.196564,0.655603
2080130262,3,-0.213101,-0.697146,-0.196501,0.655714
2080130272,3,-0.212563,-0.697283,-0.196427,0.655765
2080130283,3,-0.212041,-0.69742,-0.196357,0.655809
2080130293,3,-0.2115,-0.69756,-0.196313,0.655848
2080130303,3,-0.210963,-0.697676,-0.196295,0.655903
2080130313,3,-0.21043,-0.697781,-0.196287,0.655966
2080130323,3,-0.209904,-0.697862,-0.196283,0.656049
2080130333,3,-0.209378,-0.697922,-0.196281,0.656154
2080130343,3,-0.208877,-0.697949,-0.196264,0.65629
2080130353,3,-0.208422,-0.69795,-0.196216,0.656447
2080130363,3,-0.208006,-0.697935,-0.196154,0.656614
2080130373,3,-0.207631,-0.69792,-0.196081,0.656771
2080130383,3,-0.207318,-0.697916,-0.195978,0.656904
2080130393,3,-0.207075,-0.697908,-0.195864,0.657024
2080130403,3,-0.206913,-0.697908,-0.195719,0.657118
2080130414,3,-0.206822,-0.697896,-0.195554,0.657208
2080130424,3,-0.206792,-0.697875,-0.195383,0.657291
2080130434,3,-0.206797,-0.697849,-0.195256,0.657355
2080130444,3,-0.206837,-0.697814,-0.195166,0.657406
2080130454,3,-0.2069,-0.697777,-0.195139,0.657433
2080130464,3,-0.206989,-0.697742,-0.195166,0.657434
2080130474,3,-0.207089,-0.697744,-0.195253,0.657375
2080130484,3,-0.207197,-0.697761,-0.195406,0.657278
2080130494,3,-0.20731,-0.697765,-0.195605,0.657179
2080130504,3,-0.207464,-0.697763,-0.195832,0.657064
2080130514,3,-0.207633,-0.697743,-0.19608,0.656958
2080130524,3,-0.207843,-0.697708,-0.196311,0.656861
2080130534,3,-0.208064,-0.697667,-0.196553,0.656761
2080130544,3,-0.20831,-0.697628,-0.196778,0.656657
2080130555,3,-0.208563,-0.697591,-0.196989,0.656553
2080130565,3,-0.208833,-0.697534,-0.197185,0.656469
2080130575,3,-0.209102,-0.697474,-0.197352,0.656396
2080130585,3,-0.209365,-0.697423,-0.197504,0.656321
2080130595,3,-0.209625,-0.697402,-0.197631,0.656223
2080130605,3,-0.209876,-0.697411,-0.197722,0.656105
2080130615,3,-0.210115,-0.697472,-0.197766,0.655951
2080130625,3,-0.210351,-0.697559,-0.197777,0.655779
2080130635,3,-0.210561,-0.697692,-0.197753,0.655578
2080130645,3,-0.210744,-0.697843,-0.197697,0.655375
2080130655,3,-0.210886,-0.697986,-0.197624,0.655199
2080130665,3,-0.210982,-0.69813,-0.197544,0.655038
2080130675,3,-0.211017,-0.69826,-0.197476,0.65491
2080130686,3,-0.211009,-0.698367,-0.197408,0.654818
2080130696,3,-0.210991,-0.698474,-0.197304,0.654742
2080130706,3,-0.210928,-0.698578,-0.197188,0.654686
2080130716,3,-0.210849,-0.698683,-0.197067,0.654636
2080130726,3,-0.210765,-0.698785,-0.196927,0.654596
2080130736,3,-0.210662,-0.698863,-0.196787,0.654588
2080130746,3,-0.210529,-0.698936,-0.196634,0.654598
2080130756,3,-0.210385,-0.69895,-0.196487,0.654674
2080130766,3,-0.210205,-0.698944,-0.196342,0.654782
2080130776,3,-0.210047,-0.698926,-0.196168,0.654904
2080130786,3,-0.209887,-0.698905,-0.195998,0.655029
2080130796,3,-0.20976,-0.698908,-0.195771,0.655134
2080130806,3,-0.209637,-0.698928,-0.195541,0.655221
2080130817,3,-0.209514,-0.698964,-0.195303,0.655292
2080130827,3,-0.209399,-0.699022,-0.195063,0.655339
2080130837,3,-0.20929,-0.699096,-0.194825,0.655365
2080130847,3,-0.209185,-0.69918,-0.194588,0.65538
2080130857,3,-0.209085,-0.699286,-0.194345,0.65537
2080130867,3,-0.208967,-0.699416,-0.194127,0.655334
2080130877,3,-0.208827,-0.699516,-0.193945,0.655326
2080130887,3,-0.208675,-0.699608,-0.193768,0.655329
2080130897,3,-0.208504,-0.69967,-0.193625,0.655359
2080130907,3,-0.208305,-0.699732,-0.193509,0.65539
2080130917,3,-0.208122,-0.699765,-0.1934,0.655446
2080130927,3,-0.207915,-0.699814,-0.193292,0.65549
2080130937,3,-0.207733,-0.699839,-0.19319,0.655552
2080130947,3,-0.207551,-0.699857,-0.193077,0.655623
2080130958,3,-0.207374,-0.699884,-0.192981,0.655679
2080130968,3,-0.207182,-0.699926,-0.192906,0.655717
2080130978,3,-0.206979,-0.699969,-0.192851,0.655751
2080130988,3,-0.206801,-0.700021,-0.192793,0.65577
2080130998,3,-0.206611,-0.700059,-0.192762,0.655798
2080131008,3,-0.20643,-0.700077,-0.192738,0.655843
2080131018,3,-0.206264,-0.700079,-0.192708,0.655901
2080131028,3,-0.206122,-0.700056,-0.192685,0.655977
2080131038,3,-0.206018,-0.700015,-0.192649,0.656065
2080131048,3,-0.205964,-0.699955,-0.192583,0.656165
2080131058,3,-0.205941,-0.699911,-0.192501,0.656243
2080131068,3,-0.205959,-0.699873,-0.192406,0.656305
2080131078,3,-0.206009,-0.699846,-0.192312,0.656346
2080131089,3,-0.206052,-0.699822,-0.192245,0.656378
2080131099,3,-0.206084,-0.699797,-0.192218,0.656402
2080131109,3,-0.206102,-0.699755,-0.192239,0.656435
2080131119,3,-0.206115,-0.699699,-0.192288,0.656477
2080131129,3,-0.206107,-0.69965,-0.192389,0.656502
2080131139,3,-0.206082,-0.699578,-0.192522,0.656547
2080131149,3,-0.206076,-0.699508,-0.19266,0.656583
2080131159,3,-0.206103,-0.699439,-0.192773,0.656616
2080131169,3,-0.206143,-0.699353,-0.192882,0.656662
2080131179,3,-0.206198,-0.699264,-0.192979,0.656712
2080131189,3,-0.206289,-0.699189,-0.193032,0.656747
2080131199,3,-0.206425,-0.699114,-0.19304,0.656782
2080131209,3,-0.206578,-0.69905,-0.193023,0.656807
2080131220,3,-0.206723,-0.699018,-0.192991,0.656805
2080131230,3,-0.206871,-0.699,-0.192943,0.656792
2080131240,3,-0.207047,-0.69901,-0.192864,0.656749
2080131250,3,-0.207186,-0.699046,-0.1928,0.656685
2080131260,3,-0.207314,-0.699094,-0.192726,0.656616
2080131270,3,-0.207425,-0.699149,-0.192654,0.656543
2080131280,3,-0.207527,-0.699193,-0.192586,0.656483
2080131290,3,-0.207627,-0.699254,-0.19249,0.656415
2080131300,3,-0.207704,-0.699299,-0.192405,0.656368
2080131310,3,-0.207788,-0.699338,-0.192307,0.656328
2080131320,3,-0.207854,-0.699365,-0.192229,0.656302
2080131330,3,-0.207929,-0.699352,-0.192129,0.656321
2080131340,3,-0.208003,-0.699328,-0.192015,0.656356
2080131350,3,-0.208098,-0.699302,-0.191879,0.656393
2080131361,3,-0.2082,-0.699289,-0.191736,0.656417
2080131371,3,-0.208302,-0.699273,-0.19159,0.656444
2080131381,3,-0.208406,-0.699283,-0.19144,0.656444
2080131391,3,-0.208487,-0.699309,-0.191326,0.656424
2080131401,3,-0.208548,-0.699343,-0.191238,0.656394
2080131411,3,-0.208575,-0.699381,-0.191206,0.656354
2080131421,3,-0.208569,-0.699449,-0.191207,0.656284
2080131431,3,-0.208545,-0.699513,-0.191233,0.656215
2080131441,3,-0.208527,-0.699568,-0.191274,0.65615
2080131451,3,-0.208509,-0.699618,-0.191316,0.656091
2080131461,3,-0.20849,-0.699683,-0.191357,0.656016
2080131471,3,-0.208476,-0.699765,-0.191401,0.655919
2080131481,3,-0.208469,-0.699862,-0.191429,0.655811
2080131492,3,-0.208466,-0.699972,-0.191458,0.655685
2080131502,3,-0.208494,-0.70011,-0.191474,0.655525
2080131512,3,-0.208516,-0.700248,-0.191488,0.655366
2080131522,3,-0.208545,-0.700406,-0.191535,0.655174
2080131532,3,-0.20856,-0.700568,-0.191625,0.65497
2080131542,3,-0.208586,-0.700717,-0.191731,0.654771
2080131552,3,-0.208622,-0.700841,-0.191887,0.654581
2080131562,3,-0.208664,-0.700939,-0.192087,0.654404
2080131572,3,-0.208733,-0.700978,-0.192319,0.654272
2080131582,3,-0.208802,-0.700974,-0.19259,0.654175
2080131592,3,-0.208911,-0.700901,-0.192884,0.654132
2080131602,3,-0.209022,-0.700784,-0.193221,0.654123
2080131612,3,-0.209162,-0.700626,-0.19357,0.654143
2080131623,3,-0.209298,-0.700447,-0.19396,0.654176
2080131633,3,-0.209463,-0.700257,-0.194348,0.654211
2080131643,3,-0.209616,-0.700072,-0.194762,0.654238
2080131653,3,-0.209759,-0.69989,-0.195184,0.654261
2080131663,3,-0.209887,-0.699714,-0.195628,0.654275
2080131673,3,-0.210004,-0.699557,-0.196062,0.654276
2080131683,3,-0.210072,-0.699422,-0.1965,0.654266
2080131693,3,-0.210138,-0.699302,-0.196898,0.654255
2080131703,3,-0.210171,-0.699196,-0.197272,0.654244
2080131713,3,-0.210175,-0.69908,-0.197613,0.654264
2080131723,3,-0.210168,-0.698962,-0.197889,0.654308
2080131733,3,-0.210138,-0.698823,-0.198112,0.6544
2080131743,3,-0.210113,-0.698678,-0.198253,0.65452
2080131754,3,-0.210093,-0.698521,-0.198291,0.654682
2080131764,3,-0.210069,-0.698386,-0.198232,0.654851
2080131774,3,-0.210049,-0.69825,-0.198075,0.65505
2080131784,3,-0.210023,-0.698134,-0.197837,0.655254
2080131794,3,-0.20999,-0.698049,-0.197517,0.655452
2080131804,3,-0.209929,-0.69802,-0.197158,0.65561
2080131814,3,-0.209867,-0.698044,-0.196749,0.655727
2080131824,3,-0.209779,-0.698072,-0.196322,0.655853
2080131834,3,-0.209647,-0.698101,-0.195898,0.655992
2080131844,3,-0.20949,-0.698109,-0.195478,0.656159
2080131854,3,-0.209307,-0.698083,-0.195073,0.656365
2080131864,3,-0.209111,-0.698033,-0.194678,0.656598
2080131874,3,-0.208921,-0.697962,-0.194257,0.656858
2080131884,3,-0.208778,-0.697871,-0.193807,0.657134
2080131895,3,-0.208663,-0.697781,-0.193337,0.657405
2080131905,3,-0.208591,-0.69766,-0.192845,0.6577
2080131915,3,-0.208534,-0.697561,-0.19236,0.657965
2080131925,3,-0.208485,-0.697461,-0.191883,0.658227
2080131935,3,-0.208443,-0.697366,-0.191426,0.658473
2080131945,3,-0.208421,-0.697288,-0.190962,0.658697
2080131955,3,-0.208396,-0.697238,-0.190521,0.658886
2080131965,3,-0.208358,-0.69721,-0.190107,0.659046
2080131975,3,-0.208299,-0.697217,-0.189734,0.659166
2080131985,3,-0.20822,-0.697269,-0.189386,0.659235
2080131995,3,-0.208125,-0.69738,-0.189062,0.659242
2080132005,3,-0.208031,-0.697538,-0.188751,0.659193
2080132015,3,-0.207933,-0.69773,-0.188443,0.659108
2080132026,3,-0.207865,-0.69795,-0.188119,0.65899
2080132036,3,-0.207791,-0.698189,-0.187808,0.658848
2080132046,3,-0.207716,-0.698448,-0.187484,0.65869
2080132056,3,-0.207662,-0.698725,-0.187167,0.658504
2080132066,3,-0.207613,-0.699013,-0.186852,0.658303
2080132076,3,-0.207569,-0.699296,-0.186552,0.658101
2080132086,3,-0.207533,-0.699578,-0.186266,0.657893
2080132096,3,-0.207488,-0.699833,-0.18602,0.657707
2080132106,3,-0.207442,-0.700054,-0.185795,0.657549
2080132116,3,-0.207397,-0.700247,-0.185609,0.657411
2080132126,3,-0.207357,-0.700401,-0.185447,0.657304
2080132136,3,-0.207326,-0.700538,-0.185303,0.657209
2080132146,3,-0.2073,-0.700654,-0.185169,0.657131
2080132157,3,-0.207282,-0.700772,-0.185056,0.657043
2080132167,3,-0.207277,-0.700882,-0.184949,0.656957
2080132177,3,-0.20728,-0.700993,-0.184833,0.656871
2080132187,3,-0.207255,-0.701108,-0.184748,0.65678
2080132197,3,-0.207209,-0.701235,-0.184675,0.656679
2080132207,3,-0.207135,-0.701359,-0.184621,0.656585
2080132217,3,-0.206995,-0.701493,-0.184611,0.656489
2080132227,3,-0.206819,-0.701631,-0.1846,0.6564
2080132237,3,-0.206616,-0.701763,-0.184588,0.656326
2080132247,3,-0.206395,-0.701896,-0.184566,0.65626
2080132257,3,-0.206155,-0.702025,-0.184519,0.65621
2080132267,3,-0.205909,-0.702132,-0.184435,0.656196
2080132277,3,-0.20565,-0.702236,-0.184307,0.656203
2080132287,3,-0.205371,-0.70233,-0.184163,0.656229
2080132298,3,-0.205077,-0.702423,-0.183984,0.656272
2080132308,3,-0.204784,-0.702536,-0.183746,0.65631
2080132318,3,-0.204482,-0.702648,-0.183459,0.656364
2080132328,3,-0.20416,-0.702761,-0.183127,0.656436
2080132338,3,-0.203851,-0.702854,-0.182745,0.656539
2080132348,3,-0.203524,-0.702957,-0.182317,0.65665
2080132358,3,-0.203163,-0.703063,-0.181864,0.656773
2080132368,3,-0.202796,-0.703182,-0.181365,0.656897
2080132378,3,-0.202393,-0.703301,-0.180828,0.657042
2080132388,3,-0.201948,-0.703427,-0.180256,0.657201
2080132398,3,-0.201463,-0.703549,-0.179649,0.657385
2080132408,3,-0.200934,-0.70365,-0.178992,0.657618
2080132418,3,-0.200351,-0.703741,-0.178269,0.657895
2080132429,3,-0.19967,-0.703863,-0.177512,0.658177
2080132439,3,-0.198887,-0.703993,-0.17672,0.658488
2080132449,3,-0.197997,-0.704136,-0.175862,0.658832
2080132459,3,-0.197015,-0.704287,-0.174908,0.65922
2080132469,3,-0.195899,-0.704472,-0.173872,0.659629
2080132479,3,-0.194691,-0.704668,-0.172712,0.660081
2080132489,3,-0.193411,-0.704919,-0.171388,0.660535
2080132499,3,-0.192085,-0.705217,-0.169875,0.660994
2080132509,3,-0.190697,-0.705572,-0.168178,0.661451
2080132519,3,-0.189192,-0.705981,-0.166369,0.661904
2080132529,3,-0.187591,-0.706425,-0.164428,0.662371
2080132539,3,-0.18587,-0.706857,-0.16237,0.662902
2080132549,3,-0.184034,-0.707289,-0.160233,0.663474
2080132560,3,-0.182184,-0.707709,-0.157935,0.664087
2080132570,3,-0.180307,-0.708128,-0.155586,0.664708
2080132580,3,-0.178235,-0.708532,-0.153352,0.665354
2080132590,3,-0.176029,-0.708964,-0.151178,0.665979
2080132600,3,-0.173739,-0.709441,-0.149056,0.666549
2080132610,3,-0.171389,-0.709962,-0.146962,0.667069
2080132620,3,-0.168952,-0.710541,-0.144953,0.667513
2080132630,3,-0.16643,-0.711141,-0.143047,0.667919
2080132640,3,-0.16382,-0.711744,-0.141246,0.668304
2080132650,3,-0.161117,-0.712284,-0.139581,0.668736
2080132660,3,-0.158345,-0.712735,-0.138019,0.669242
2080132670,3,-0.155496,-0.713072,-0.136577,0.669846
2080132680,3,-0.152571,-0.713308,-0.135211,0.670544
2080132690,3,-0.149586,-0.713503,-0.133875,0.671277
2080132701,3,-0.146543,-0.713748,-0.132516,0.671957
2080132711,3,-0.143473,-0.714111,-0.131046,0.672522
2080132721,3,-0.14043,-0.714635,-0.129355,0.672935
2080132731,3,-0.137435,-0.715355,-0.12739,0.673164
2080132741,3,-0.134476,-0.716333,-0.125157,0.67314
2080132751,3,-0.131536,-0.717541,-0.122705,0.672885
2080132761,3,-0.128618,-0.718916,-0.120062,0.672458
2080132771,3,-0.125784,-0.720331,-0.117228,0.67198
2080132781,3,-0.123107,-0.72177,-0.114205,0.671452
2080132791,3,-0.12077,-0.723169,-0.110846,0.670934
2080132801,3,-0.118544,-0.724489,-0.107476,0.670456
2080132811,3,-0.116446,-0.725722,-0.104114,0.67002
2080132821,3,-0.114485,-0.726847,-0.100769,0.669649
2080132832,3,-0.112668,-0.727876,-0.097477,0.669327
2080132842,3,-0.110987,-0.728819,-0.09424,0.669046
2080132852,3,-0.109447,-0.729702,-0.091088,0.668774
2080132862,3,-0.108048,-0.730548,-0.088013,0.668489
2080132872,3,-0.106776,-0.731427,-0.084997,0.668123
2080132882,3,-0.105609,-0.732407,-0.082029,0.667605
2080132892,3,-0.104533,-0.733535,-0.079113,0.666888
2080132902,3,-0.103168,-0.734324,-0.076656,0.666518
2080132912,3,-0.101891,-0.73534,-0.074264,0.665865
2080132922,3,-0.100707,-0.736548,-0.071962,0.664962
2080132932,3,-0.099635,-0.737955,-0.069738,0.6638
2080132942,3,-0.09868,-0.739486,-0.067594,0.662459
2080132952,3,-0.09788,-0.74106,-0.065526,0.661026
2080132963,3,-0.097162,-0.742587,-0.063554,0.659609
2080132973,3,-0.096497,-0.744016,-0.061678,0.658273
2080132983,3,-0.095783,-0.745256,-0.059938,0.657134
2080132993,3,-0.095284,-0.746617,-0.057994,0.655834
2080133003,3,-0.094753,-0.747863,-0.0561,0.654656
2080133013,3,-0.094206,-0.749039,-0.054251,0.653545
2080133023,3,-0.093435,-0.749729,-0.052719,0.65299
2080133033,3,-0.092684,-0.750363,-0.051254,0.652485
2080133043,3,-0.091953,-0.750977,-0.049907,0.651986
2080133053,3,-0.091194,-0.751499,-0.048734,0.65158
2080133063,3,-0.090296,-0.751772,-0.047846,0.651456
2080133073,3,-0.089244,-0.751911,-0.047227,0.651486
2080133083,3,-0.08812,-0.751914,-0.046784,0.651667
2080133093,3,-0.086928,-0.751826,-0.04644,0.651953
2080133104,3,-0.085685,-0.751607,-0.046114,0.652393
2080133114,3,-0.084757,-0.751684,-0.045342,0.65248
2080133124,3,-0.083738,-0.751714,-0.04449,0.652636
2080133134,3,-0.082572,-0.751739,-0.043546,0.652819
2080133144,3,-0.081218,-0.75181,-0.042502,0.652976
2080133154,3,-0.079683,-0.751904,-0.041359,0.65313
2080133164,3,-0.077944,-0.75191,-0.040165,0.653407
2080133174,3,-0.076023,-0.751659,-0.038941,0.653997
2080133184,3,-0.073927,-0.751021,-0.037704,0.655042
2080133194,3,-0.071736,-0.749943,-0.036363,0.656594
2080133204,3,-0.069042,-0.748536,-0.035407,0.658538
2080133214,3,-0.066347,-0.746769,-0.034305,0.660875
2080133224,3,-0.063782,-0.744709,-0.033019,0.663512
2080133235,3,-0.061699,-0.742741,-0.031246,0.665996
2080133245,3,-0.059667,-0.740852,-0.029565,0.668358
2080133255,3,-0.057668,-0.739108,-0.028076,0.670525
2080133265,3,-0.055652,-0.737513,-0.026884,0.672498
2080133275,3,-0.053586,-0.736006,-0.026094,0.674345
2080133285,3,-0.051734,-0.73453,-0.025424,0.676122
2080133295,3,-0.049816,-0.733182,-0.025201,0.677736
2080133305,3,-0.047807,-0.731864,-0.025435,0.679294
2080133315,3,-0.045708,-0.730495,-0.026144,0.680884
2080133325,3,-0.043478,-0.72894,-0.027404,0.682644
2080133335,3,-0.041083,-0.727116,-0.029257,0.684659
2080133345,3,-0.038535,-0.724958,-0.031658,0.686984
2080133355,3,-0.035876,-0.722429,-0.034527,0.689649
2080133366,3,-0.03314,-0.719547,-0.037786,0.692622
2080133376,3,-0.030355,-0.716329,-0.04134,0.695874
2080133386,3,-0.02719,-0.712273,-0.045526,0.699895
2080133396,3,-0.024102,-0.708135,-0.049828,0.703903
2080133406,3,-0.021095,-0.704012,-0.054212,0.707801
2080133416,3,-0.01819,-0.700004,-0.058641,0.711494
2080133426,3,-0.015409,-0.69622,-0.063056,0.714887
2080133436,3,-0.012729,-0.692764,-0.067458,0.717888
2080133446,3,-0.010131,-0.68974,-0.071807,0.720416
2080133456,3,-0.007595,-0.687216,-0.076104,0.722415
2080133466,3,-0.005102,-0.685217,-0.080318,0.723878
2080133476,3,-0.002649,-0.683722,-0.084416,0.724838
2080133486,3,-2.44E-4,-0.682687,-0.088356,0.725348
2080133496,3,0.002124,-0.682045,-0.092108,0.725482
2080133507,3,0.004428,-0.681739,-0.095625,0.725304
2080133517,3,0.00664,-0.68171,-0.098868,0.72488
2080133527,3,0.008751,-0.681907,-0.101792,0.724267
2080133537,3,0.010735,-0.682309,-0.104371,0.723494
2080133547,3,0.011732,-0.683588,-0.105696,0.722078
2080133557,3,0.012544,-0.68515,-0.106553,0.720456
2080133567,3,0.013232,-0.686812,-0.106978,0.718797
2080133577,3,0.013818,-0.688452,-0.106955,0.717219
2080133587,3,0.014318,-0.689948,-0.106518,0.715834
2080133597,3,0.014699,-0.691273,-0.10565,0.714676
2080133607,3,0.014902,-0.692469,-0.104303,0.713712
2080133617,3,0.014818,-0.693649,-0.102392,0.712843
2080133627,3,0.014389,-0.694893,-0.099872,0.711997
2080133638,3,0.013644,-0.696204,-0.096806,0.711155
2080133648,3,0.01267,-0.697612,-0.093321,0.710258
2080133658,3,0.012165,-0.698869,-0.090159,0.709439
2080133668,3,0.011365,-0.700282,-0.086543,0.708509
2080133678,3,0.01028,-0.701671,-0.082474,0.707636
2080133688,3,0.008944,-0.70282,-0.077958,0.707026
2080133698,3,0.007393,-0.703557,-0.073024,0.706837
2080133708,3,0.005649,-0.703897,-0.067704,0.707044
2080133718,3,0.003684,-0.704064,-0.061994,0.707414
2080133728,3,0.001262,-0.704434,-0.055716,0.707577
2080133738,3,-0.001353,-0.704786,-0.049201,0.707709
2080133748,3,-0.004246,-0.705483,-0.042371,0.707445
2080133758,3,-0.00738,-0.706743,-0.035264,0.706552
2080133769,3,-0.010689,-0.708786,-0.027953,0.704788
2080133779,3,-0.014037,-0.711746,-0.020538,0.701996
2080133789,3,-0.017329,-0.715632,-0.013143,0.698138
2080133799,3,-0.020529,-0.720282,-0.005787,0.693352
2080133809,3,-0.023586,-0.725478,0.001474,0.687839
2080133819,3,-0.026576,-0.730939,0.008654,0.681869
2080133829,3,-0.029392,-0.73638,0.015594,0.675748
2080133839,3,-0.031979,-0.741492,0.022159,0.669831
2080133849,3,-0.034256,-0.746089,0.02822,0.664364
2080133859,3,-0.036172,-0.750099,0.033671,0.659476
2080133869,3,-0.037723,-0.753481,0.038451,0.655259
2080133879,3,-0.038948,-0.75622,0.042574,0.651767
2080133889,3,-0.039835,-0.758374,0.045992,0.648973
2080133899,3,-0.040398,-0.760041,0.048698,0.646787
2080133910,3,-0.040644,-0.761305,0.050714,0.645127
2080133920,3,-0.040531,-0.762192,0.05204,0.643981
2080133930,3,-0.03984,-0.762992,0.052448,0.643043
2080133940,3,-0.038789,-0.763634,0.052275,0.642358
2080133950,3,-0.037351,-0.764142,0.051602,0.641893
2080133960,3,-0.035589,-0.76457,0.050496,0.641572
2080133970,3,-0.033519,-0.764978,0.049058,0.641309
2080133980,3,-0.031208,-0.765424,0.04738,0.64102
2080133990,3,-0.028724,-0.765985,0.045534,0.640599
2080134000,3,-0.02611,-0.76675,0.043636,0.639928
2080134010,3,-0.023403,-0.767797,0.041801,0.638898
2080134020,3,-0.020658,-0.769181,0.040125,0.637435
2080134030,3,-0.017862,-0.770908,0.038676,0.635519
2080134041,3,-0.014993,-0.772967,0.037534,0.633156
2080134051,3,-0.012023,-0.775288,0.036761,0.630422
2080134061,3,-0.008943,-0.77776,0.036386,0.627442
2080134071,3,-0.005733,-0.780233,0.036436,0.624399
2080134081,3,-0.001867,-0.781675,0.036364,0.622621
2080134091,3,0.002064,-0.783008,0.036718,0.620922
2080134101,3,0.006108,-0.784114,0.03745,0.619454
2080134111,3,0.010213,-0.78496,0.038552,0.61826
2080134121,3,0.01431,-0.785535,0.040032,0.617354
2080134131,3,0.018386,-0.785891,0.041874,0.616671
2080134141,3,0.022397,-0.786172,0.044049,0.616027
2080134151,3,0.026355,-0.786356,0.04647,0.615459
2080134161,3,0.030269,-0.786459,0.049101,0.614943
2080134172,3,0.034083,-0.78649,0.051919,0.614471
2080134182,3,0.03777,-0.786411,0.05487,0.614101
2080134192,3,0.041304,-0.786183,0.057993,0.613877
2080134202,3,0.044653,-0.785811,0.061282,0.6138
2080134212,3,0.047846,-0.785239,0.064665,0.613944
2080134222,3,0.050868,-0.784388,0.068169,0.61441
2080134232,3,0.053728,-0.783248,0.071755,0.615212
2080134242,3,0.056385,-0.781797,0.075407,0.616382
2080134252,3,0.058917,-0.780007,0.078985,0.617963
2080134262,3,0.061156,-0.778251,0.082631,0.61948
2080134272,3,0.063287,-0.776127,0.086058,0.621462
2080134282,3,0.065317,-0.773606,0.089202,0.623946
2080134292,3,0.067295,-0.770678,0.092017,0.626943
2080134302,3,0.069265,-0.767386,0.0945,0.630389
2080134313,3,0.071252,-0.763852,0.096657,0.634121
2080134323,3,0.073267,-0.760254,0.098516,0.637917
2080134333,3,0.07532,-0.75671,0.100109,0.641633
2080134343,3,0.077398,-0.753306,0.101468,0.645168
2080134353,3,0.079466,-0.750052,0.102644,0.648514
2080134363,3,0.081495,-0.74697,0.103662,0.651649
2080134373,3,0.083441,-0.744092,0.104554,0.654547
2080134383,3,0.08553,-0.740739,0.105134,0.657978
2080134393,3,0.087518,-0.737651,0.105631,0.661099
2080134403,3,0.089397,-0.734894,0.106007,0.663853
2080134413,3,0.091053,-0.733574,0.106313,0.665037
2080134423,3,0.092659,-0.732772,0.106409,0.665685
2080134433,3,0.094201,-0.732493,0.106299,0.665792
2080134444,3,0.095716,-0.732697,0.105986,0.665402
2080134454,3,0.097249,-0.73327,0.105476,0.664628
2080134464,3,0.098855,-0.734038,0.10472,0.663663
2080134474,3,0.100548,-0.734774,0.103678,0.662757
2080134484,3,0.102343,-0.735269,0.102337,0.662142
2080134494,3,0.104264,-0.735344,0.100693,0.662011
2080134504,3,0.106315,-0.734844,0.098751,0.662532
2080134514,3,0.107951,-0.734723,0.097101,0.662646
2080134524,3,0.109603,-0.733874,0.095259,0.663581
2080134534,3,0.111357,-0.732352,0.093136,0.66527
2080134544,3,0.11334,-0.730198,0.090612,0.667648
2080134554,3,0.1156,-0.7275,0.087634,0.670596
2080134564,3,0.118119,-0.724303,0.084231,0.674045
2080134575,3,0.120829,-0.720636,0.080487,0.677942
2080134585,3,0.12364,-0.716574,0.076502,0.682189
2080134595,3,0.126492,-0.712144,0.072359,0.686741
2080134605,3,0.129346,-0.707409,0.068134,0.691519
2080134615,3,0.132981,-0.702161,0.062972,0.696648
2080134625,3,0.136546,-0.697045,0.057814,0.701526
2080134635,3,0.139997,-0.692241,0.052692,0.705993
2080134645,3,0.143279,-0.687884,0.047657,0.70994
2080134655,3,0.146356,-0.684089,0.042731,0.713284
2080134665,3,0.149188,-0.680953,0.03796,0.715964
2080134675,3,0.151737,-0.678504,0.03337,0.717979
2080134685,3,0.15397,-0.676693,0.029013,0.7194
2080134695,3,0.155885,-0.675436,0.024906,0.720323
2080134705,3,0.157448,-0.674653,0.021097,0.720837
2080134716,3,0.157893,-0.674744,0.01841,0.720729
2080134726,3,0.158018,-0.675286,0.01608,0.72025
2080134736,3,0.157734,-0.676112,0.014204,0.719575
2080134746,3,0.157087,-0.677231,0.012792,0.718691
2080134756,3,0.156037,-0.67851,0.011888,0.717729
2080134766,3,0.154508,-0.679925,0.011575,0.716724
2080134776,3,0.153254,-0.681112,0.011066,0.715874
2080134786,3,0.150921,-0.682916,0.011791,0.714639
2080134796,3,0.148243,-0.685039,0.01298,0.713145
2080134806,3,0.145348,-0.687567,0.014558,0.711275
2080134816,3,0.142288,-0.690512,0.016508,0.708994
2080134826,3,0.139176,-0.693764,0.018769,0.706377
2080134836,3,0.136123,-0.697165,0.021235,0.703547
2080134847,3,0.133209,-0.700592,0.023838,0.700612
2080134857,3,0.130492,-0.703917,0.026519,0.697688
2080134867,3,0.128016,-0.707043,0.029269,0.69487
2080134877,3,0.125807,-0.709912,0.032048,0.69222
2080134887,3,0.123888,-0.712436,0.034822,0.689835
2080134897,3,0.122237,-0.714571,0.037634,0.687771
2080134907,3,0.120832,-0.71629,0.040468,0.686068
2080134917,3,0.120465,-0.716954,0.042402,0.685322
2080134927,3,0.120254,-0.717224,0.04445,0.684946
2080134937,3,0.12022,-0.717075,0.046587,0.684966
2080134947,3,0.12036,-0.716499,0.048821,0.685388
2080134957,3,0.120647,-0.715546,0.051151,0.686163
2080134967,3,0.121022,-0.714336,0.05362,0.687169
2080134978,3,0.120821,-0.71321,0.056952,0.688105
2080134988,3,0.120725,-0.711958,0.060382,0.689125
2080134998,3,0.120649,-0.710794,0.063968,0.690016
2080135008,3,0.120566,-0.709834,0.06777,0.690656
2080135018,3,0.120465,-0.709102,0.071787,0.691019
2080135028,3,0.120367,-0.708536,0.076008,0.691165
2080135038,3,0.120271,-0.708074,0.080392,0.691159
2080135048,3,0.120192,-0.707671,0.084931,0.691044
2080135058,3,0.120261,-0.707822,0.089503,0.6903
2080135068,3,0.120278,-0.70835,0.094287,0.689116
2080135078,3,0.120277,-0.709316,0.099265,0.687422
2080135088,3,0.120275,-0.710761,0.10442,0.685162
2080135098,3,0.120311,-0.712721,0.109728,0.682284
2080135108,3,0.120414,-0.715199,0.115155,0.67877
2080135119,3,0.120626,-0.718148,0.120677,0.674647
2080135129,3,0.121009,-0.721462,0.126223,0.670011
2080135139,3,0.121421,-0.724504,0.131937,0.665539
2080135149,3,0.122065,-0.727886,0.1376,0.660566
2080135159,3,0.122941,-0.731306,0.143168,0.655422
2080135169,3,0.12405,-0.73446,0.148609,0.650457
2080135179,3,0.125431,-0.736881,0.153852,0.646221
2080135189,3,0.126989,-0.738867,0.15894,0.642407
2080135199,3,0.128772,-0.740308,0.16383,0.639156
2080135209,3,0.130741,-0.741337,0.168533,0.636334
2080135219,3,0.13291,-0.742254,0.172998,0.633612
2080135229,3,0.135174,-0.743304,0.177309,0.630704
2080135239,3,0.137459,-0.74463,0.181505,0.627444
2080135250,3,0.139653,-0.746332,0.185695,0.623699
2080135260,3,0.141789,-0.74847,0.189832,0.619395
2080135270,3,0.143881,-0.751044,0.193882,0.614523
2080135280,3,0.14597,-0.753985,0.197797,0.609159
2080135290,3,0.14802,-0.757041,0.201583,0.603607
2080135300,3,0.149982,-0.759978,0.20531,0.598151
2080135310,3,0.151792,-0.762586,0.209032,0.593065
2080135320,3,0.153439,-0.764745,0.212742,0.588524
2080135330,3,0.154933,-0.766307,0.216472,0.584729
2080135340,3,0.156258,-0.767518,0.220168,0.581399
2080135350,3,0.157376,-0.768604,0.223776,0.578276
2080135360,3,0.158211,-0.769702,0.227281,0.575213
2080135370,3,0.158752,-0.770705,0.230647,0.572374
2080135381,3,0.158975,-0.771636,0.233836,0.569758
2080135391,3,0.158836,-0.772449,0.236837,0.56745
2080135401,3,0.158194,-0.773106,0.239818,0.56548
2080135411,3,0.156999,-0.773678,0.242862,0.563728
2080135421,3,0.153834,-0.775182,0.247472,0.560521
2080135431,3,0.150317,-0.776475,0.251886,0.557712
2080135441,3,0.146522,-0.777541,0.255982,0.555367
2080135451,3,0.142509,-0.778412,0.259644,0.553488
2080135461,3,0.138309,-0.779089,0.26274,0.552138
2080135471,3,0.133919,-0.779552,0.265206,0.551387
2080135481,3,0.129257,-0.779676,0.266958,0.551479
2080135491,3,0.124313,-0.779389,0.26792,0.552554
2080135501,3,0.119125,-0.778719,0.267958,0.554619
2080135511,3,0.113775,-0.777655,0.266988,0.557695
2080135522,3,0.108347,-0.776209,0.264882,0.56178
2080135532,3,0.102782,-0.774283,0.261598,0.566999
2080135542,3,0.096986,-0.771708,0.257096,0.573551
2080135552,3,0.090948,-0.768316,0.25134,0.581589
2080135562,3,0.08475,-0.764068,0.244241,0.591069
2080135572,3,0.078447,-0.759053,0.235743,0.601755
2080135582,3,0.072101,-0.753251,0.225751,0.613555
2080135592,3,0.065815,-0.746572,0.214113,0.626461
2080135602,3,0.059756,-0.738948,0.200649,0.640409
2080135612,3,0.054041,-0.730272,0.185286,0.655325
2080135622,3,0.048736,-0.720341,0.168051,0.671186
2080135632,3,0.043951,-0.708857,0.149114,0.688007
2080135642,3,0.039829,-0.69565,0.128706,0.705633
2080135653,3,0.036503,-0.680762,0.107022,0.723724
2080135663,3,0.03395,-0.663962,0.084484,0.742201
2080135673,3,0.032223,-0.645338,0.061455,0.760738
2080135683,3,0.031376,-0.625086,0.038218,0.778987
2080135693,3,0.031507,-0.603436,0.015071,0.796646
2080135703,3,0.032659,-0.580646,-0.007717,0.813463
2080135713,3,0.034782,-0.557089,-0.029858,0.829186
2080135723,3,0.03782,-0.533247,-0.051286,0.843555
2080135733,3,0.041592,-0.509608,-0.071979,0.85638
2080135743,3,0.045934,-0.486736,-0.091992,0.867476
2080135753,3,0.050699,-0.464985,-0.11146,0.876809
2080135763,3,0.055684,-0.444328,-0.130519,0.884554
2080135773,3,0.059535,-0.429626,-0.148157,0.888777
2080135784,3,0.063062,-0.416264,-0.165595,0.89181
2080135794,3,0.067923,-0.399011,-0.184564,0.895607
2080135804,3,0.07243,-0.38252,-0.203748,0.898286
2080135814,3,0.076491,-0.366536,-0.223066,0.900022
2080135824,3,0.080095,-0.350925,-0.242349,0.900945
2080135834,3,0.083247,-0.33556,-0.261439,0.901176
2080135844,3,0.085903,-0.320322,-0.280137,0.900853
2080135854,3,0.087958,-0.305258,-0.298368,0.900031
2080135864,3,0.089339,-0.290334,-0.315985,0.89882
2080135874,3,0.089852,-0.275662,-0.332861,0.897296
2080135884,3,0.089387,-0.261195,-0.348949,0.895556
2080135894,3,0.087925,-0.246801,-0.364276,0.893678
2080135904,3,0.085359,-0.232615,-0.37887,0.891662
2080135914,3,0.081609,-0.218732,-0.392713,0.889534
2080135925,3,0.076597,-0.205297,-0.405831,0.887291
2080135935,3,0.070191,-0.192478,-0.418332,0.884885
2080135945,3,0.06234,-0.180447,-0.430159,0.882335
2080135955,3,0.053009,-0.169418,-0.441307,0.879621
2080135965,3,0.042263,-0.159636,-0.451657,0.876775
2080135975,3,0.0302,-0.151295,-0.461127,0.873818
2080135985,3,0.01693,-0.144595,-0.469646,0.870768
2080135995,3,0.002707,-0.139487,-0.477146,0.867679
2080136005,3,-0.012422,-0.136254,-0.483708,0.864468
2080136015,3,-0.028271,-0.135076,-0.489315,0.861118
2080136025,3,-0.044552,-0.135972,-0.493978,0.85762
2080136035,3,-0.063546,-0.137102,-0.496901,0.854548
2080136045,3,-0.085839,-0.135903,-0.496752,0.852876
2080136056,3,-0.108471,-0.135256,-0.495251,0.851273
2080136066,3,-0.130309,-0.13451,-0.493045,0.849607
2080136076,3,-0.149143,-0.131775,-0.490542,0.848386
2080136086,3,-0.165288,-0.124847,-0.487414,0.848245
2080136096,3,-0.17807,-0.120147,-0.484569,0.847966
2080136106,3,-0.187637,-0.117585,-0.482459,0.847465
2080136116,3,-0.193537,-0.116888,-0.481633,0.846705
2080136126,3,-0.194396,-0.117263,-0.482624,0.845891
2080136136,3,-0.191804,-0.118506,-0.485432,0.844702
2080136146,3,-0.186537,-0.120022,-0.489987,0.843036
2080136156,3,-0.179757,-0.121604,-0.495863,0.840843
2080136166,3,-0.172536,-0.122912,-0.502574,0.838178
2080136176,3,-0.165622,-0.123527,-0.509646,0.835207
2080136187,3,-0.160205,-0.122663,-0.516506,0.832171
2080136197,3,-0.154926,-0.121545,-0.523314,0.829075
2080136207,3,-0.151004,-0.120153,-0.529554,0.826034
2080136217,3,-0.14712,-0.118779,-0.535346,0.823195
2080136227,3,-0.144576,-0.116595,-0.540919,0.82031
2080136237,3,-0.142554,-0.114177,-0.546295,0.817437
2080136247,3,-0.140795,-0.11135,-0.551371,0.814719
2080136257,3,-0.139749,-0.108337,-0.55615,0.812052
2080136267,3,-0.136937,-0.10576,-0.561203,0.80939
2080136277,3,-0.135251,-0.101872,-0.565901,0.806897
2080136287,3,-0.135395,-0.096784,-0.570119,0.804527
2080136297,3,-0.137279,-0.090207,-0.573975,0.802227
2080136307,3,-0.140388,-0.082386,-0.577652,0.799888
2080136317,3,-0.144381,-0.073616,-0.581179,0.797474
2080136328,3,-0.149247,-0.064124,-0.584582,0.794907
2080136338,3,-0.154785,-0.054069,-0.587968,0.792093
2080136348,3,-0.160024,-0.043123,-0.591521,0.789071
2080136358,3,-0.164355,-0.030844,-0.595235,0.785958
2080136368,3,-0.167815,-0.018476,-0.598655,0.783012
2080136378,3,-0.170508,-0.007213,-0.60136,0.780538
2080136388,3,-0.1725,0.002674,-0.603253,0.778666
2080136398,3,-0.173985,0.011368,-0.604599,0.777212
2080136408,3,-0.175206,0.019013,-0.60581,0.775844
2080136418,3,-0.176095,0.025768,-0.60721,0.774352
2080136428,3,-0.177199,0.031734,-0.608954,0.772507
2080136438,3,-0.17804,0.037053,-0.611127,0.770358
2080136448,3,-0.177928,0.041722,-0.613539,0.768225
2080136459,3,-0.17968,0.045299,-0.615555,0.765998
2080136469,3,-0.182429,0.047695,-0.617175,0.763897
2080136479,3,-0.18495,0.048901,-0.618745,0.761942
2080136489,3,-0.189788,0.0506,-0.620073,0.759558
2080136499,3,-0.195374,0.053259,-0.621579,0.756724
2080136509,3,-0.201375,0.057454,-0.623389,0.753347
2080136519,3,-0.20749,0.063167,-0.625443,0.749518
2080136529,3,-0.213528,0.06997,-0.627508,0.745481
2080136539,3,-0.219282,0.077501,-0.629374,0.741482
2080136549,3,-0.224545,0.085699,-0.630982,0.737628
2080136559,3,-0.22922,0.094632,-0.632371,0.7339
2080136569,3,-0.233306,0.104284,-0.633635,0.730204
2080136579,3,-0.236775,0.11459,-0.634881,0.726451
2080136590,3,-0.239681,0.125341,-0.636085,0.72266
2080136600,3,-0.240853,0.135859,-0.637434,0.719172
2080136610,3,-0.240858,0.14596,-0.638571,0.716177
2080136620,3,-0.240881,0.155186,-0.63937,0.713511
2080136630,3,-0.243385,0.164622,-0.638955,0.710914
2080136640,3,-0.246169,0.172522,-0.638047,0.708895
2080136650,3,-0.248759,0.179431,-0.637081,0.707142
2080136660,3,-0.250182,0.184658,-0.636577,0.705747
2080136670,3,-0.25134,0.189756,-0.636132,0.704383
2080136680,3,-0.252017,0.194837,-0.635735,0.703111
2080136690,3,-0.251818,0.199441,-0.635323,0.702263
2080136700,3,-0.25185,0.203407,-0.634794,0.701593
2080136710,3,-0.252552,0.206957,-0.634111,0.700919
2080136720,3,-0.254087,0.210312,-0.633418,0.699992
2080136731,3,-0.255918,0.213369,-0.632898,0.698869
2080136741,3,-0.257855,0.216196,-0.632574,0.69758
2080136751,3,-0.259942,0.218785,-0.632523,0.696043
2080136761,3,-0.261871,0.221122,-0.632795,0.694332
2080136771,3,-0.263226,0.223172,-0.633354,0.692653
2080136781,3,-0.26374,0.22491,-0.634022,0.691283
2080136791,3,-0.263575,0.226352,-0.634615,0.69033
2080136801,3,-0.263135,0.227663,-0.635007,0.689706
2080136811,3,-0.262694,0.22889,-0.635215,0.689276
2080136821,3,-0.262271,0.230002,-0.635359,0.688934
2080136831,3,-0.261877,0.230946,-0.635544,0.688598
2080136841,3,-0.261474,0.231705,-0.635843,0.688219
2080136851,3,-0.26112,0.232359,-0.636332,0.687681
2080136862,3,-0.260808,0.233147,-0.637109,0.686813
2080136872,3,-0.260126,0.233812,-0.638252,0.685784
2080136882,3,-0.25859,0.234151,-0.639679,0.684919
2080136892,3,-0.256291,0.234188,-0.641159,0.684385
2080136902,3,-0.253762,0.23382,-0.642583,0.684118
2080136912,3,-0.25127,0.232986,-0.64391,0.684075
2080136922,3,-0.248796,0.231751,-0.645105,0.684273
2080136932,3,-0.246389,0.230184,-0.646182,0.684657
2080136942,3,-0.244136,0.228298,-0.647192,0.685141
2080136952,3,-0.241881,0.22625,-0.648106,0.685756
2080136962,3,-0.239731,0.22396,-0.648978,0.686438
2080136972,3,-0.2376,0.221456,-0.649848,0.687168
2080136982,3,-0.235348,0.218761,-0.650719,0.687981
2080136993,3,-0.232898,0.215898,-0.651566,0.688917
2080137003,3,-0.230323,0.212866,-0.652367,0.689967
2080137013,3,-0.22783,0.209741,-0.653102,0.691056
2080137023,3,-0.225552,0.206508,-0.653792,0.692124
2080137033,3,-0.223535,0.203024,-0.654499,0.69314
2080137043,3,-0.221901,0.199204,-0.6553,0.694016
2080137053,3,-0.220634,0.195054,-0.656373,0.694585
2080137063,3,-0.219401,0.190405,-0.657783,0.694931
2080137073,3,-0.217976,0.185227,-0.659545,0.695109
2080137083,3,-0.215987,0.179505,-0.661631,0.695249
2080137093,3,-0.213652,0.173519,-0.663934,0.695295
2080137103,3,-0.211213,0.167498,-0.666535,0.695028
2080137113,3,-0.208637,0.161138,-0.669713,0.694253
2080137123,3,-0.205471,0.154843,-0.673483,0.692982
2080137134,3,-0.2017,0.148567,-0.677828,0.691226
2080137144,3,-0.197174,0.142294,-0.682721,0.689033
2080137154,3,-0.192205,0.136283,-0.688045,0.68635
2080137164,3,-0.186835,0.130714,-0.693633,0.683285
2080137174,3,-0.181183,0.125663,-0.699382,0.679886
2080137184,3,-0.175284,0.121189,-0.705206,0.676218
2080137194,3,-0.169151,0.117333,-0.711084,0.672294
2080137204,3,-0.162559,0.11365,-0.717161,0.668085
2080137214,3,-0.155672,0.110838,-0.723334,0.663526
2080137224,3,-0.148798,0.109055,-0.729552,0.658573
2080137234,3,-0.142195,0.108506,-0.73576,0.653195
2080137244,3,-0.136085,0.109323,-0.741907,0.647381
2080137254,3,-0.130525,0.111614,-0.747964,0.641134
2080137265,3,-0.125246,0.11543,-0.753961,0.634453
2080137275,3,-0.120146,0.119739,-0.759656,0.627813
2080137285,3,-0.113203,0.122603,-0.764975,0.622065
2080137295,3,-0.106079,0.125404,-0.769866,0.616705
2080137305,3,-0.099364,0.128742,-0.774327,0.61153
2080137315,3,-0.092965,0.132052,-0.778562,0.606432
2080137325,3,-0.086774,0.135263,-0.782684,0.601313
2080137335,3,-0.080822,0.138451,-0.786671,0.596193
2080137345,3,-0.074987,0.141685,-0.790548,0.591045
2080137355,3,-0.069274,0.145256,-0.794293,0.585832
2080137365,3,-0.064616,0.149887,-0.797835,0.580359
2080137375,3,-0.061945,0.155709,-0.801428,0.574134
2080137385,3,-0.060187,0.161773,-0.805184,0.567349
2080137396,3,-0.059578,0.167828,-0.808961,0.560236
2080137406,3,-0.060865,0.174984,-0.812495,0.552745
2080137416,3,-0.063176,0.180367,-0.816229,0.545201
2080137426,3,-0.065942,0.18395,-0.820415,0.537338
2080137436,3,-0.068786,0.186729,-0.824847,0.529175
2080137446,3,-0.071338,0.190284,-0.82907,0.520907
2080137456,3,-0.074953,0.19344,-0.833435,0.512199
2080137466,3,-0.078027,0.195581,-0.838094,0.503245
2080137476,3,-0.081621,0.197374,-0.84285,0.493948
2080137486,3,-0.086569,0.198786,-0.847593,0.48433
2080137496,3,-0.092164,0.199343,-0.852381,0.474567
2080137506,3,-0.098331,0.199217,-0.857139,0.46471
2080137516,3,-0.105166,0.198986,-0.861706,0.454759
2080137526,3,-0.112506,0.198643,-0.866104,0.444687
2080137537,3,-0.120323,0.198001,-0.870424,0.434372
2080137547,3,-0.128011,0.196971,-0.874724,0.423878
2080137557,3,-0.135455,0.195749,-0.87897,0.413213
2080137567,3,-0.142817,0.194489,-0.883155,0.402261
2080137577,3,-0.150467,0.193627,-0.88722,0.390779
2080137587,3,-0.158219,0.193205,-0.891271,0.378515
2080137597,3,-0.16582,0.192271,-0.895594,0.365301
2080137607,3,-0.172756,0.191565,-0.899993,0.351381
2080137617,3,-0.178929,0.190933,-0.904418,0.33698
2080137627,3,-0.184287,0.190064,-0.908825,0.322411
2080137637,3,-0.188793,0.188801,-0.913172,0.30794
2080137647,3,-0.192428,0.187115,-0.917462,0.293634
2080137657,3,-0.195126,0.185025,-0.92176,0.27937
2080137668,3,-0.195793,0.182884,-0.926176,0.265358
2080137678,3,-0.19622,0.180139,-0.93061,0.251022
2080137688,3,-0.196427,0.176353,-0.93517,0.23616
2080137698,3,-0.195855,0.171663,-0.939831,0.221107
2080137708,3,-0.195603,0.168859,-0.943707,0.206497
2080137718,3,-0.194097,0.166354,-0.947274,0.193193
2080137728,3,-0.191876,0.163837,-0.950587,0.180899
2080137738,3,-0.188381,0.158674,-0.954435,0.168484
2080137748,3,-0.184383,0.152466,-0.958348,0.155965
2080137758,3,-0.180344,0.146434,-0.961992,0.14354
2080137768,3,-0.175727,0.140463,-0.965492,0.131201
2080137778,3,-0.170174,0.134088,-0.969,0.118739
2080137788,3,-0.163159,0.126458,-0.972696,0.106057
2080137799,3,-0.155278,0.116313,-0.976595,0.092847
2080137809,3,-0.1477,0.104627,-0.980272,0.079394
2080137819,3,-0.140951,0.091783,-0.983545,0.06593
2080137829,3,-0.135587,0.078342,-0.986254,0.052724
2080137839,3,-0.131998,0.064675,-0.98833,0.039966
2080137849,3,-0.130511,0.051679,-0.98971,0.027748
2080137859,3,-0.131007,0.039943,-0.990446,0.016061
2080137869,3,-0.13337,0.029863,-0.990603,0.004972
2080137879,3,0.137188,-0.021408,0.990298,0.005468
2080137889,3,0.141862,-0.014682,0.989659,0.015301
2080137899,3,0.146729,-0.009664,0.988818,0.024789
2080137909,3,0.151191,-0.006018,0.987895,0.034176
2080137919,3,0.154643,-0.001968,0.986995,0.043839
2080137930,3,0.156635,0.001906,0.986194,0.053679
2080137940,3,0.156854,0.005938,0.985551,0.063632
2080137950,3,0.155271,0.01034,0.985073,0.073584
2080137960,3,0.153185,0.015871,0.984542,0.083419
2080137970,3,0.150471,0.021984,0.983991,0.09293
2080137980,3,0.146663,0.026461,0.983564,0.101937
2080137990,3,0.142937,0.030748,0.983011,0.110963
2080138000,3,0.139524,0.03542,0.982274,0.120058
2080138010,3,0.135682,0.03964,0.98152,0.12898
2080138020,3,0.131485,0.043839,0.980736,0.13764
2080138030,3,0.126825,0.048147,0.979962,0.145844
2080138040,3,0.121509,0.052679,0.979222,0.153569
2080138050,3,0.115663,0.05764,0.978484,0.160835
2080138060,3,0.10978,0.063006,0.977697,0.16759
2080138071,3,0.103741,0.067539,0.976977,0.173755
2080138081,3,0.099444,0.073358,0.975966,0.179495
2080138091,3,0.095877,0.079341,0.974917,0.184523
2080138101,3,0.092222,0.08603,0.97379,0.189276
2080138111,3,0.088535,0.092519,0.97266,0.193734
2080138121,3,0.084705,0.099116,0.97147,0.198105
2080138131,3,0.080914,0.105618,0.970195,0.20253
2080138141,3,0.076891,0.111168,0.968888,0.207325
2080138151,3,0.072916,0.116251,0.967471,0.212528
2080138161,3,0.068925,0.120957,0.965947,0.21809
2080138171,3,0.064629,0.125199,0.964365,0.223933
2080138181,3,0.06052,0.128829,0.962717,0.230034
2080138191,3,0.056406,0.132402,0.960868,0.236683
2080138202,3,0.052632,0.135795,0.95885,0.24371
2080138212,3,0.04937,0.13897,0.956727,0.250841
2080138222,3,0.04654,0.141769,0.954541,0.258042
2080138232,3,0.044256,0.14397,0.952277,0.265485
2080138242,3,0.042963,0.14551,0.949902,0.273251
2080138252,3,0.043127,0.146377,0.947409,0.281299
2080138262,3,0.045127,0.146516,0.944771,0.289661
2080138272,3,0.048997,0.145939,0.941972,0.298309
2080138282,3,0.054466,0.144688,0.938974,0.307286
2080138292,3,0.061311,0.14254,0.935811,0.316513
2080138302,3,0.069358,0.139773,0.932448,0.325871
2080138312,3,0.07825,0.136616,0.928808,0.335451
2080138322,3,0.087432,0.132552,0.924953,0.345321
2080138333,3,0.096915,0.127991,0.920805,0.355446
2080138343,3,0.106696,0.123298,0.91633,0.365721
2080138353,3,0.117137,0.118082,0.911613,0.375894
2080138363,3,0.127318,0.112693,0.906791,0.38577
2080138373,3,0.136512,0.107883,0.902243,0.394566
2080138383,3,0.144254,0.103622,0.898003,0.402545
2080138393,3,0.150879,0.100284,0.893983,0.409842
2080138403,3,0.156499,0.097695,0.890103,0.416749
2080138413,3,0.161133,0.095591,0.886422,0.423265
2080138423,3,0.164684,0.094059,0.883199,0.42894
2080138433,3,0.167303,0.092938,0.880497,0.4337
2080138443,3,0.168822,0.092212,0.878322,0.437658
2080138453,3,0.169233,0.091823,0.876567,0.441087
2080138463,3,0.168834,0.09131,0.875193,0.444065
2080138474,3,0.167494,0.09041,0.874262,0.446583
2080138484,3,0.165572,0.090071,0.873568,0.44872
2080138494,3,0.163336,0.09002,0.873019,0.450616
2080138504,3,0.161219,0.090135,0.87249,0.452376
2080138514,3,0.158922,0.08983,0.872098,0.454002
2080138524,3,0.156189,0.08926,0.871875,0.455488
2080138534,3,0.153609,0.088902,0.871762,0.456651
2080138544,3,0.151537,0.088706,0.871704,0.457491
2080138554,3,0.149935,0.08854,0.871687,0.458083
2080138564,3,0.149076,0.088865,0.871589,0.458488
2080138574,3,0.1491,0.0893,0.871487,0.458588
2080138584,3,0.149229,0.089135,0.871558,0.458443
2080138594,3,0.149489,0.088526,0.871725,0.458159
2080138605,3,0.149651,0.087635,0.871952,0.457845
2080138615,3,0.149995,0.085693,0.872318,0.457403
2080138625,3,0.149613,0.083118,0.872879,0.456934
2080138635,3,0.148705,0.08019,0.873579,0.456415
2080138645,3,0.148591,0.079672,0.873713,0.456286
2080138655,3,0.147277,0.077574,0.873822,0.456864
2080138665,3,0.146239,0.077153,0.873436,0.458006
2080138675,3,0.144912,0.077675,0.872811,0.459529
2080138685,3,0.143574,0.079394,0.871951,0.461285
2080138695,3,0.142679,0.082205,0.87083,0.463182
2080138705,3,0.142089,0.085868,0.869558,0.465085
2080138715,3,0.141161,0.090028,0.868334,0.466865
2080138725,3,0.139569,0.094679,0.867295,0.468352
2080138736,3,0.13748,0.099757,0.8665,0.469387
2080138746,3,0.135176,0.104893,0.865975,0.469905
2080138756,3,0.132788,0.11007,0.86564,0.470019
2080138766,3,0.130441,0.115204,0.865448,0.4698
2080138776,3,0.128043,0.120319,0.865329,0.469396
2080138786,3,0.125192,0.125482,0.865231,0.468994
2080138796,3,0.121689,0.130775,0.865071,0.468764
2080138806,3,0.117342,0.136269,0.864755,0.468891
2080138816,3,0.112021,0.142025,0.86416,0.469581
2080138826,3,0.106078,0.14807,0.863215,0.47083
2080138836,3,0.100191,0.154094,0.86192,0.472556
2080138846,3,0.09478,0.160081,0.860242,0.474735
2080138856,3,0.089924,0.166067,0.858181,0.477346
2080138866,3,0.085465,0.172035,0.855767,0.480376
2080138877,3,0.08126,0.178001,0.853052,0.483749
2080138887,3,0.077346,0.183673,0.850177,0.487319
2080138897,3,0.073967,0.189084,0.847201,0.490943
2080138907,3,0.071236,0.193727,0.844301,0.49452
2080138917,3,0.069222,0.197572,0.841473,0.498091
2080138927,3,0.067878,0.200546,0.838802,0.501581
2080138937,3,0.067021,0.202529,0.836372,0.504946
2080138947,3,0.066494,0.203515,0.834225,0.50816
2080138957,3,0.066269,0.203559,0.832373,0.511201
2080138967,3,0.066388,0.202826,0.830769,0.514077
2080138977,3,0.066957,0.20151,0.829331,0.516836
2080138987,3,0.067947,0.199795,0.827997,0.519504
2080138997,3,0.06923,0.197864,0.826714,0.52211
2080139008,3,0.070531,0.196185,0.825397,0.524647
2080139018,3,0.071732,0.194735,0.824074,0.5271
2080139028,3,0.072793,0.193573,0.822744,0.529454
2080139038,3,0.0737,0.192686,0.821424,0.531697
2080139048,3,0.074458,0.192147,0.820111,0.533808
2080139058,3,0.075142,0.191993,0.818805,0.53577
2080139068,3,0.075616,0.192214,0.817537,0.537557
2080139078,3,0.075807,0.192793,0.816323,0.539165
2080139088,3,0.075735,0.193658,0.815191,0.540577
2080139098,3,0.075417,0.194838,0.814116,0.541815
2080139108,3,0.074894,0.196259,0.813124,0.542863
2080139118,3,0.074204,0.197904,0.812214,0.543723
2080139128,3,0.073373,0.199747,0.811385,0.544399
2080139139,3,0.072395,0.201737,0.810651,0.54489
2080139149,3,0.071321,0.203764,0.810022,0.545213
2080139159,3,0.070227,0.205729,0.809491,0.545405
2080139169,3,0.069161,0.207604,0.809054,0.545479
2080139179,3,0.068225,0.209304,0.808703,0.545467
2080139189,3,0.067435,0.210857,0.808419,0.545389
2080139199,3,0.066795,0.212284,0.808196,0.545245
2080139209,3,0.066305,0.213546,0.808043,0.545038
2080139219,3,0.065897,0.214578,0.80799,0.544761
2080139229,3,0.065554,0.215361,0.808037,0.544424
2080139239,3,0.065293,0.215863,0.808184,0.544038
2080139249,3,0.065144,0.216074,0.808412,0.543633
2080139259,3,0.065139,0.215981,0.808705,0.543235
2080139269,3,0.06526,0.215653,0.80903,0.542867
2080139280,3,0.065481,0.2151,0.809363,0.542563
2080139290,3,0.065764,0.214336,0.809679,0.542359
2080139300,3,0.0661,0.213377,0.809963,0.542272
2080139310,3,0.066408,0.212271,0.810204,0.542309
2080139320,3,0.066633,0.211064,0.810392,0.542472
2080139330,3,0.066734,0.209854,0.810515,0.542745
2080139340,3,0.066746,0.208706,0.810556,0.543124
2080139350,3,0.066676,0.207641,0.810527,0.543584
2080139360,3,0.066533,0.206571,0.810471,0.544093
2080139370,3,0.066276,0.20546,0.810422,0.544618
2080139380,3,0.065925,0.204247,0.810393,0.545159
2080139390,3,0.06607,0.203349,0.810084,0.545936
2080139400,3,0.066726,0.203061,0.809547,0.54676
2080139411,3,0.067927,0.203393,0.808898,0.547448
2080139421,3,0.069374,0.204328,0.808294,0.54781
2080139431,3,0.070583,0.205626,0.807912,0.547735
2080139441,3,0.071047,0.206899,0.807804,0.547354
2080139451,3,0.070935,0.207935,0.807912,0.546816
2080139461,3,0.070314,0.208725,0.808177,0.546204
2080139471,3,0.069321,0.209225,0.808549,0.545588
2080139481,3,0.068103,0.209418,0.808971,0.545041
2080139572,3,0.068258,0.208556,0.808967,0.545358
2080139582,3,0.068656,0.20673,0.808953,0.546025
2080139592,3,0.069072,0.204821,0.808963,0.546676
2080139602,3,0.069441,0.202879,0.809007,0.547288
2080139612,3,0.069771,0.200911,0.809092,0.547846
2080139622,3,0.070099,0.199008,0.809198,0.548342
2080139632,3,0.070436,0.197152,0.809313,0.548799
2080139642,3,0.070806,0.195375,0.809425,0.549221
2080139652,3,0.071244,0.193685,0.809536,0.5496
