game_rotvec,mtk,2026-06-11_17-43-30.077_Active 10 Pro
imuTimestamp,accuracy(more=better),unknown
2079541798,3,0.202551,-0.150844,0.031594,0.967068
2079541808,3,0.204042,-0.150915,0.031852,0.966735
2079541818,3,0.207575,-0.148327,0.03186,0.966383
2079541829,3,0.209307,-0.148195,0.032109,0.966021
2079541839,3,0.210932,-0.146677,0.032031,0.965902
2079541849,3,0.21013,-0.147799,0.032153,0.965902
2079541859,3,0.209998,-0.149006,0.032401,0.965736
2079541869,3,0.212146,-0.149098,0.032769,0.96524
2079541879,3,0.214898,-0.148656,0.033115,0.964688
2079541889,3,0.217159,-0.149346,0.033641,0.964056
2079541899,3,0.21932,-0.150205,0.034194,0.963414
2079541909,3,0.219178,-0.151363,0.034441,0.963256
2079541919,3,0.219078,-0.15213,0.034603,0.963153
2079541929,3,0.217128,-0.1527,0.034411,0.963511
2079541939,3,0.216219,-0.152782,0.034278,0.963707
2079541949,3,0.21489,-0.153298,0.034175,0.963926
2079541959,3,0.215972,-0.152977,0.034282,0.963731
2079541970,3,0.217971,-0.152192,0.034434,0.9634
2079541980,3,0.217777,-0.146385,0.032631,0.964406
2079541990,3,0.217441,-0.140713,0.030793,0.965386
2079542000,3,0.216925,-0.135158,0.028927,0.966353
2079542010,3,0.216247,-0.129764,0.027049,0.967298
2079542020,3,0.215439,-0.124576,0.025156,0.968211
2079542030,3,0.214574,-0.119592,0.023268,0.969078
2079542040,3,0.213743,-0.114805,0.021407,0.969884
2079542050,3,0.212982,-0.110173,0.019594,0.970626
2079542060,3,0.212336,-0.105651,0.017838,0.971304
2079542070,3,0.211764,-0.101148,0.016158,0.971937
2079542080,3,0.211235,-0.096634,0.014552,0.972537
2079542090,3,0.210769,-0.092082,0.013021,0.973102
2079542101,3,0.210359,-0.087503,0.01156,0.973631
2079542111,3,0.210058,-0.082846,0.010146,0.974119
2079542121,3,0.209815,-0.078109,0.008782,0.974576
2079542131,3,0.209659,-0.073285,0.007449,0.974995
2079542141,3,0.209582,-0.068389,0.006141,0.975377
2079542151,3,0.209515,-0.063455,0.004873,0.975732
2079542161,3,0.209452,-0.05852,0.003637,0.976059
2079542171,3,0.209401,-0.05361,0.002438,0.976355
2079542181,3,0.209402,-0.048781,0.001274,0.976611
2079542191,3,0.209458,-0.044046,1.72E-4,0.976825
2079542201,3,0.209512,-0.039416,-9.29E-4,0.97701
2079542211,3,0.20951,-0.034922,-0.001953,0.97718
2079542221,3,0.209425,-0.030579,-0.002949,0.977341
2079542232,3,0.209288,-0.026417,-0.003925,0.977489
2079542242,3,0.209128,-0.022444,-0.004895,0.977618
2079542252,3,0.208969,-0.018688,-0.005842,0.977726
2079542262,3,0.208795,-0.015105,-0.006776,0.977819
2079542272,3,0.208621,-0.01168,-0.007678,0.977896
2079542282,3,0.208442,-0.008381,-0.00858,0.977961
2079542292,3,0.20823,-0.005176,-0.009488,0.978019
2079542302,3,0.208028,-0.002038,-0.010413,0.978065
2079542312,3,0.20785,0.001057,-0.011368,0.978094
2079542322,3,0.207718,0.004112,-0.012359,0.978101
2079542332,3,0.207626,0.007132,-0.013377,0.97809
2079542342,3,0.207594,0.010122,-0.014398,0.978056
2079542352,3,0.207606,0.013121,-0.015431,0.978002
2079542362,3,0.207622,0.016142,-0.016449,0.977937
2079542373,3,0.207629,0.019212,-0.01746,0.977863
2079542383,3,0.207599,0.022316,-0.018449,0.977785
2079542393,3,0.20757,0.025436,-0.01941,0.977696
2079542403,3,0.207541,0.028515,-0.02034,0.977598
2079542413,3,0.20755,0.031546,-0.021219,0.977485
2079542423,3,0.207586,0.0345,-0.022028,0.977359
2079542433,3,0.207622,0.037366,-0.022767,0.977229
2079542443,3,0.207683,0.040153,-0.023439,0.97709
2079542453,3,0.20773,0.042814,-0.024038,0.976953
2079542463,3,0.207778,0.045351,-0.024579,0.976814
2079542473,3,0.207838,0.047787,-0.025086,0.976673
2079542483,3,0.207911,0.050121,-0.025575,0.976527
2079542493,3,0.20801,0.052391,-0.026037,0.976375
2079542504,3,0.208109,0.054609,-0.026478,0.97622
2079542514,3,0.208216,0.056791,-0.026901,0.976062
2079542524,3,0.20833,0.058949,-0.027323,0.975898
2079542534,3,0.208432,0.061109,-0.027743,0.975731
2079542544,3,0.208517,0.063264,-0.028159,0.975563
2079542554,3,0.208586,0.065412,-0.028576,0.975395
2079542564,3,0.208636,0.067544,-0.028997,0.975227
2079542574,3,0.208688,0.069626,-0.029405,0.975057
2079542584,3,0.208754,0.071654,-0.029825,0.974883
2079542594,3,0.208814,0.073629,-0.030236,0.97471
2079542604,3,0.208885,0.075551,-0.030639,0.974535
2079542614,3,0.20894,0.077461,-0.031018,0.974362
2079542624,3,0.208956,0.079327,-0.031362,0.974197
2079542635,3,0.208901,0.081179,-0.03169,0.974046
2079542645,3,0.208798,0.082991,-0.032,0.973905
2079542655,3,0.208632,0.084747,-0.03231,0.973779
2079542665,3,0.208439,0.086451,-0.032635,0.97366
2079542675,3,0.208245,0.088065,-0.032962,0.973545
2079542685,3,0.208041,0.089617,-0.033285,0.973436
2079542695,3,0.207827,0.091117,-0.033611,0.973332
2079542705,3,0.207624,0.092571,-0.033949,0.973226
2079542715,3,0.207444,0.094002,-0.034321,0.973114
2079542725,3,0.207306,0.095406,-0.034735,0.972992
2079542735,3,0.207249,0.096751,-0.035193,0.972855
2079542745,3,0.20733,0.0981,-0.035682,0.972685
2079542755,3,0.207533,0.099477,-0.036189,0.972483
2079542766,3,0.207837,0.100939,-0.036696,0.972249
2079542776,3,0.208244,0.102484,-0.037161,0.971982
2079542786,3,0.208748,0.104203,-0.037588,0.971675
2079542796,3,0.209355,0.106144,-0.037967,0.971319
2079542806,3,0.210052,0.108237,-0.038278,0.970925
2079542816,3,0.210883,0.11053,-0.038505,0.970478
2079542826,3,0.211843,0.11307,-0.038645,0.969971
2079542836,3,0.212925,0.11565,-0.038675,0.969428
2079542846,3,0.214252,0.118538,-0.038632,0.968789
2079542856,3,0.215838,0.121783,-0.03848,0.96804
2079542866,3,0.217792,0.12556,-0.038198,0.96713
2079542876,3,0.220254,0.12994,-0.037718,0.966012
2079542886,3,0.223323,0.135146,-0.036997,0.96462
2079542896,3,0.22703,0.141486,-0.036026,0.962881
2079542907,3,0.23138,0.14906,-0.034824,0.960745
2079542917,3,0.236292,0.158018,-0.033392,0.958165
2079542927,3,0.2414,0.168276,-0.03183,0.955194
2079542937,3,0.24653,0.179439,-0.030248,0.951897
2079542947,3,0.251873,0.191292,-0.028799,0.948228
2079542957,3,0.257961,0.204464,-0.027407,0.943874
2079542967,3,0.264793,0.217592,-0.025422,0.93909
2079542977,3,0.271491,0.232709,-0.023575,0.933586
2079542987,3,0.278039,0.247633,-0.021625,0.927849
2079542997,3,0.284753,0.262268,-0.019596,0.921816
2079543007,3,0.291614,0.276445,-0.017481,0.91555
2079543017,3,0.29865,0.290216,-0.015205,0.909038
2079543027,3,0.305746,0.303698,-0.012609,0.90229
2079543038,3,0.312758,0.317189,-0.009583,0.895255
2079543048,3,0.317945,0.330125,-0.006318,0.888756
2079543058,3,0.322196,0.343406,-0.002831,0.882186
2079543068,3,0.325765,0.356951,7.32E-4,0.875477
2079543078,3,0.330056,0.370926,0.004577,0.868017
2079543088,3,0.334141,0.385033,0.008108,0.860251
2079543098,3,0.338144,0.39933,0.011097,0.852097
2079543108,3,0.342147,0.413923,0.013353,0.843459
2079543118,3,0.346098,0.428804,0.014748,0.834341
2079543128,3,0.350014,0.444103,0.015217,0.824639
2079543138,3,0.353854,0.459833,0.014779,0.814323
2079543148,3,0.357573,0.476081,0.01349,0.803309
2079543158,3,0.360932,0.492883,0.011522,0.791619
2079543169,3,0.363697,0.510083,0.009229,0.779393
2079543179,3,0.365746,0.527614,0.00688,0.766684
2079543189,3,0.366869,0.545375,0.00463,0.753624
2079543199,3,0.367031,0.56319,0.002637,0.740336
2079543209,3,0.366358,0.580882,0.001118,0.72688
2079543219,3,0.36519,0.597524,9.21E-4,0.713862
2079543229,3,0.363124,0.614012,0.001582,0.700804
2079543239,3,0.360077,0.63025,0.003204,0.687836
2079543249,3,0.356157,0.646128,0.005945,0.675007
2079543259,3,0.35112,0.662332,0.009286,0.661773
2079543269,3,0.345304,0.678323,0.013866,0.64842
2079543279,3,0.338936,0.693977,0.019837,0.63492
2079543289,3,0.332204,0.709552,0.027012,0.620842
2079543299,3,0.325252,0.725107,0.035239,0.60596
2079543310,3,0.318274,0.740453,0.044431,0.590301
2079543320,3,0.311505,0.755576,0.054363,0.573683
2079543330,3,0.305208,0.770424,0.06493,0.555948
2079543340,3,0.299516,0.78508,0.075948,0.536815
2079543350,3,0.294473,0.799583,0.087273,0.516076
2079543360,3,0.290074,0.813897,0.098868,0.493612
2079543370,3,0.286281,0.827935,0.110678,0.469378
2079543380,3,0.283055,0.841603,0.12268,0.44332
2079543390,3,0.280678,0.855823,0.134357,0.413199
2079543400,3,0.278833,0.869369,0.146305,0.380844
2079543410,3,0.277408,0.882044,0.15855,0.346272
2079543420,3,0.276316,0.893631,0.171104,0.309507
2079543430,3,0.275474,0.903899,0.183953,0.270629
2079543441,3,0.274783,0.912641,0.197101,0.229632
2079543451,3,0.274143,0.91964,0.21055,0.186482
2079543461,3,0.273431,0.924657,0.224289,0.1412
2079543471,3,0.272519,0.927436,0.238321,0.093793
2079543481,3,0.271223,0.927712,0.252642,0.044261
2079543491,3,-0.269489,-0.925185,-0.267125,0.007182
2079543501,3,-0.267243,-0.919572,-0.281646,0.060355
2079543511,3,-0.264308,-0.91059,-0.29615,0.115154
2079543521,3,-0.260579,-0.89787,-0.310641,0.171547
2079543531,3,-0.256156,-0.881087,-0.325121,0.228834
2079543541,3,-0.25104,-0.859956,-0.339702,0.286453
2079543551,3,-0.245811,-0.834586,-0.354226,0.342877
2079543561,3,-0.244395,-0.803011,-0.365466,0.40234
2079543572,3,-0.241823,-0.770558,-0.379273,0.451567
2079543582,3,-0.241619,-0.736092,-0.392313,0.495861
2079543592,3,-0.244466,-0.700852,-0.404263,0.534427
2079543602,3,-0.250919,-0.666288,-0.414791,0.56661
2079543612,3,-0.26125,-0.633645,-0.423634,0.592262
2079543622,3,-0.275512,-0.603884,-0.430498,0.611626
2079543632,3,-0.293375,-0.577671,-0.435244,0.625131
2079543642,3,-0.314166,-0.555323,-0.437928,0.633352
2079543652,3,-0.336924,-0.536817,-0.438758,0.637024
2079543662,3,-0.360513,-0.521835,-0.437991,0.637087
2079543672,3,-0.383991,-0.510021,-0.435849,0.6344
2079543682,3,-0.406596,-0.500985,-0.432612,0.629713
2079543692,3,-0.427777,-0.494273,-0.428569,0.623721
2079543702,3,-0.44722,-0.489487,-0.423964,0.616967
2079543713,3,-0.464853,-0.486254,-0.418971,0.60986
2079543723,3,-0.480692,-0.484182,-0.413772,0.602739
2079543733,3,-0.494782,-0.482962,-0.408533,0.59585
2079543743,3,-0.507256,-0.482334,-0.4033,0.5894
2079543753,3,-0.518293,-0.48207,-0.397972,0.583606
2079543763,3,-0.528051,-0.481948,-0.392424,0.578697
2079543773,3,-0.536577,-0.4818,-0.386649,0.574852
2079543783,3,-0.543837,-0.481599,-0.380795,0.572099
2079543793,3,-0.549724,-0.481517,-0.375109,0.570295
2079543803,3,-0.554397,-0.481392,-0.369471,0.569558
2079543813,3,-0.55814,-0.481989,-0.363915,0.568973
2079543823,3,-0.560986,-0.482358,-0.358243,0.569461
2079543833,3,-0.563082,-0.482434,-0.352332,0.571013
2079543844,3,-0.564472,-0.482185,-0.346154,0.573625
2079543854,3,-0.56532,-0.481545,-0.339585,0.577241
2079543864,3,-0.565707,-0.480513,-0.332645,0.581746
2079543874,3,-0.566091,-0.478037,-0.32457,0.58794
2079543884,3,-0.566125,-0.475307,-0.316241,0.594622
2079543894,3,-0.565968,-0.472485,-0.307569,0.601529
2079543904,3,-0.565772,-0.469768,-0.298453,0.608395
2079543914,3,-0.565727,-0.467332,-0.288773,0.614949
2079543924,3,-0.565963,-0.465367,-0.278415,0.620969
2079543934,3,-0.566575,-0.464008,-0.267321,0.62628
2079543944,3,-0.567614,-0.46338,-0.255444,0.630746
2079543954,3,-0.569075,-0.463517,-0.2428,0.634313
2079543964,3,-0.570866,-0.464372,-0.229478,0.637031
2079543975,3,-0.572843,-0.46582,-0.215645,0.63903
2079543985,3,-0.574849,-0.467745,-0.201522,0.64043
2079543995,3,-0.576723,-0.470098,-0.187316,0.641335
2079544005,3,-0.578326,-0.472773,-0.173237,0.641881
2079544015,3,-0.579513,-0.475597,-0.159568,0.642268
2079544025,3,-0.580189,-0.478549,-0.146489,0.642581
2079544035,3,-0.580294,-0.481571,-0.134197,0.642913
2079544045,3,-0.579803,-0.484645,-0.122827,0.643319
2079544055,3,-0.578679,-0.487782,-0.112524,0.643845
2079544065,3,-0.576929,-0.49093,-0.103385,0.644554
2079544075,3,-0.574538,-0.494139,-0.095548,0.645447
2079544085,3,-0.571465,-0.49741,-0.089187,0.646572
2079544095,3,-0.567726,-0.500696,-0.084398,0.647971
2079544106,3,-0.563381,-0.503942,-0.081134,0.649661
2079544116,3,-0.558539,-0.507068,-0.079252,0.651639
2079544126,3,-0.553312,-0.510023,-0.078543,0.653875
2079544136,3,-0.546597,-0.515119,-0.081555,0.655158
2079544146,3,-0.53956,-0.520013,-0.085331,0.656642
2079544156,3,-0.532263,-0.524696,-0.089671,0.658291
2079544166,3,-0.524756,-0.529198,-0.094415,0.660048
2079544176,3,-0.517057,-0.533592,-0.09947,0.661842
2079544186,3,-0.508974,-0.538116,-0.10506,0.663579
2079544196,3,-0.500746,-0.542793,-0.110983,0.665064
2079544206,3,-0.492302,-0.547543,-0.117207,0.666406
2079544216,3,-0.483714,-0.55236,-0.123621,0.667559
2079544226,3,-0.476645,-0.555783,-0.127735,0.669026
2079544236,3,-0.469657,-0.559559,-0.131755,0.670041
2079544247,3,-0.462804,-0.563769,-0.13552,0.670529
2079544257,3,-0.456127,-0.568485,-0.138916,0.670428
2079544267,3,-0.449647,-0.573759,-0.141835,0.669701
2079544277,3,-0.443365,-0.579556,-0.144253,0.66838
2079544287,3,-0.437278,-0.585768,-0.146213,0.666546
2079544297,3,-0.431334,-0.592289,-0.147806,0.664301
2079544307,3,-0.4255,-0.599015,-0.149129,0.661732
2079544317,3,-0.419716,-0.605879,-0.150302,0.658906
2079544327,3,-0.413934,-0.61287,-0.15143,0.655833
2079544337,3,-0.408088,-0.62,-0.152623,0.652509
2079544347,3,-0.402136,-0.627258,-0.153987,0.648938
2079544357,3,-0.396022,-0.634641,-0.155606,0.645122
2079544367,3,-0.389062,-0.642444,-0.158396,0.640941
2079544378,3,-0.382048,-0.650128,-0.161375,0.636654
2079544388,3,-0.374951,-0.657623,-0.16459,0.632338
2079544398,3,-0.367642,-0.664881,-0.168174,0.628083
2079544408,3,-0.360077,-0.671812,-0.17221,0.623983
2079544418,3,-0.352194,-0.678376,-0.176738,0.620102
2079544428,3,-0.343912,-0.684452,-0.181835,0.616591
2079544438,3,-0.335194,-0.689978,-0.187491,0.613531
2079544448,3,-0.326102,-0.694994,-0.19361,0.610864
2079544458,3,-0.316696,-0.699505,-0.200083,0.608574
2079544468,3,-0.307058,-0.703552,-0.206791,0.606602
2079544478,3,-0.29723,-0.707254,-0.213675,0.604804
2079544488,3,-0.287309,-0.710692,-0.220616,0.603074
2079544498,3,-0.277451,-0.713906,-0.227435,0.601357
2079544509,3,-0.267758,-0.716957,-0.234037,0.599585
2079544519,3,-0.258273,-0.719841,-0.240382,0.597779
2079544529,3,-0.249033,-0.722512,-0.246462,0.595998
2079544539,3,-0.240111,-0.724962,-0.252247,0.594261
2079544549,3,-0.230857,-0.72823,-0.25847,0.591251
2079544559,3,-0.222067,-0.731415,-0.264294,0.588103
2079544569,3,-0.213807,-0.734532,-0.269699,0.584816
2079544579,3,-0.206095,-0.73757,-0.274722,0.581413
2079544589,3,-0.199954,-0.739521,-0.278434,0.57931
2079544599,3,-0.194422,-0.741504,-0.281801,0.577025
2079544609,3,-0.188287,-0.7443,-0.286047,0.573359
2079544619,3,-0.182708,-0.746925,-0.290021,0.569743
2079544629,3,-0.177699,-0.749371,-0.293674,0.566234
2079544639,3,-0.173289,-0.751706,-0.296978,0.562771
2079544650,3,-0.169207,-0.753927,-0.300087,0.559383
2079544660,3,-0.165394,-0.756084,-0.303077,0.555989
2079544670,3,-0.162067,-0.75821,-0.305806,0.552569
2079544680,3,-0.159335,-0.760264,-0.308221,0.54919
2079544690,3,-0.157251,-0.762219,-0.310264,0.54592
2079544700,3,-0.155871,-0.764123,-0.311837,0.542749
2079544710,3,-0.155253,-0.766053,-0.312846,0.539615
2079544720,3,-0.155365,-0.768,-0.313234,0.536582
2079544730,3,-0.156059,-0.769915,-0.313046,0.53374
2079544740,3,-0.157858,-0.770892,-0.311851,0.532498
2079544750,3,-0.160022,-0.77182,-0.310033,0.531568
2079544760,3,-0.162337,-0.772533,-0.307866,0.531091
2079544770,3,-0.164788,-0.773001,-0.30536,0.531101
2079544781,3,-0.167396,-0.773201,-0.302437,0.531667
2079544791,3,-0.170144,-0.772972,-0.299085,0.533021
2079544801,3,-0.172993,-0.772228,-0.295351,0.53526
2079544811,3,-0.175028,-0.771338,-0.292263,0.537572
2079544821,3,-0.177077,-0.769965,-0.288966,0.540642
2079544831,3,-0.17917,-0.768099,-0.285488,0.544442
2079544841,3,-0.181394,-0.765748,-0.281804,0.548918
2079544851,3,-0.183838,-0.76296,-0.277868,0.553971
2079544861,3,-0.186558,-0.759801,-0.273662,0.559469
2079544871,3,-0.189615,-0.756375,-0.269182,0.565227
2079544881,3,-0.193058,-0.752796,-0.26442,0.571058
2079544891,3,-0.196914,-0.749125,-0.259388,0.576847
2079544901,3,-0.20117,-0.745406,-0.25412,0.582514
2079544912,3,-0.205804,-0.741702,-0.248653,0.587957
2079544922,3,-0.210769,-0.738056,-0.243017,0.59312
2079544932,3,-0.216484,-0.733643,-0.236811,0.599017
2079544942,3,-0.222387,-0.729398,-0.230506,0.604473
2079544952,3,-0.228418,-0.725249,-0.224169,0.609578
2079544962,3,-0.234493,-0.721349,-0.21789,0.614159
2079544972,3,-0.240523,-0.717567,-0.211771,0.618384
2079544982,3,-0.246556,-0.714133,-0.205736,0.622009
2079544992,3,-0.252281,-0.712199,-0.20012,0.623761
2079545002,3,-0.257872,-0.710659,-0.194738,0.624932
2079545012,3,-0.26323,-0.709455,-0.189662,0.625627
2079545022,3,-0.268249,-0.708515,-0.184953,0.625971
2079545032,3,-0.272793,-0.70777,-0.18072,0.626086
2079545042,3,-0.277685,-0.706737,-0.17589,0.626477
2079545053,3,-0.281929,-0.705903,-0.171642,0.626702
2079545063,3,-0.285389,-0.705231,-0.168099,0.626852
2079545073,3,-0.288,-0.704677,-0.165326,0.627018
2079545083,3,-0.289762,-0.704156,-0.163327,0.627315
2079545093,3,-0.290752,-0.703629,-0.162055,0.627778
2079545103,3,-0.291001,-0.703101,-0.161551,0.628385
2079545113,3,-0.290633,-0.702604,-0.161725,0.629065
2079545123,3,-0.289773,-0.702168,-0.162504,0.629748
2079545133,3,-0.288565,-0.701796,-0.163732,0.630399
2079545143,3,-0.287134,-0.701462,-0.16525,0.631027
2079545153,3,-0.285501,-0.701126,-0.167024,0.631674
2079545163,3,-0.283695,-0.700734,-0.168991,0.6324
2079545173,3,-0.281785,-0.700238,-0.171059,0.633246
2079545184,3,-0.279833,-0.699584,-0.173138,0.634269
2079545194,3,-0.277917,-0.698734,-0.175123,0.635503
2079545204,3,-0.27603,-0.697686,-0.176998,0.636954
2079545214,3,-0.274234,-0.696502,-0.17869,0.638552
2079545224,3,-0.27249,-0.695475,-0.180297,0.639964
2079545234,3,-0.270847,-0.694587,-0.181751,0.641214
2079545244,3,-0.269311,-0.693886,-0.183078,0.642242
2079545254,3,-0.267932,-0.693344,-0.184273,0.643061
2079545264,3,-0.266715,-0.692995,-0.185296,0.64365
2079545274,3,-0.26572,-0.693009,-0.186109,0.643811
2079545284,3,-0.264755,-0.693249,-0.186937,0.643711
2079545294,3,-0.26387,-0.693727,-0.187706,0.643335
2079545304,3,-0.263131,-0.694393,-0.188377,0.642723
2079545315,3,-0.262555,-0.695249,-0.188956,0.641863
2079545325,3,-0.262145,-0.696263,-0.189477,0.640776
2079545335,3,-0.261929,-0.697426,-0.189937,0.639463
2079545345,3,-0.261905,-0.698679,-0.190344,0.637981
2079545355,3,-0.262069,-0.69999,-0.1907,0.636369
2079545365,3,-0.262419,-0.70129,-0.191034,0.634691
2079545375,3,-0.262944,-0.702507,-0.191342,0.633034
2079545385,3,-0.263646,-0.703597,-0.191598,0.631451
2079545395,3,-0.264552,-0.704539,-0.191774,0.629967
2079545405,3,-0.265685,-0.705327,-0.191809,0.628597
2079545415,3,-0.267018,-0.705931,-0.191684,0.62739
2079545425,3,-0.268728,-0.706302,-0.191173,0.626397
2079545435,3,-0.270653,-0.70638,-0.190415,0.625711
2079545446,3,-0.272647,-0.706114,-0.189531,0.625415
2079545456,3,-0.274822,-0.705808,-0.188341,0.625168
2079545466,3,-0.276612,-0.704366,-0.187379,0.626292
2079545476,3,-0.278384,-0.702219,-0.186184,0.628271
2079545486,3,-0.280115,-0.699479,-0.184786,0.630966
2079545496,3,-0.281832,-0.696283,-0.183186,0.634194
2079545506,3,-0.283618,-0.692793,-0.181351,0.637737
2079545516,3,-0.285548,-0.689106,-0.179254,0.641452
2079545526,3,-0.287662,-0.685262,-0.176909,0.645266
2079545536,3,-0.289998,-0.681293,-0.174308,0.64912
2079545546,3,-0.292539,-0.677256,-0.171482,0.652945
2079545556,3,-0.295232,-0.673202,-0.168474,0.656698
2079545566,3,-0.298025,-0.669173,-0.165341,0.66034
2079545576,3,-0.300906,-0.665252,-0.162132,0.663782
2079545587,3,-0.303873,-0.661512,-0.15887,0.66695
2079545597,3,-0.306945,-0.65802,-0.155542,0.669775
2079545607,3,-0.310175,-0.654773,-0.152127,0.67225
2079545617,3,-0.313594,-0.651745,-0.1486,0.674392
2079545627,3,-0.316896,-0.649106,-0.145363,0.676097
2079545637,3,-0.320298,-0.646654,-0.142164,0.677522
2079545647,3,-0.323732,-0.644383,-0.139041,0.6787
2079545657,3,-0.327948,-0.642134,-0.135184,0.679586
2079545667,3,-0.332382,-0.640099,-0.131225,0.680127
2079545677,3,-0.337012,-0.638282,-0.127169,0.680328
2079545687,3,-0.341811,-0.636693,-0.123038,0.680182
2079545697,3,-0.346737,-0.635335,-0.11888,0.679697
2079545707,3,-0.351733,-0.634182,-0.114743,0.678918
2079545718,3,-0.356736,-0.633215,-0.110701,0.67788
2079545728,3,-0.361664,-0.632414,-0.106839,0.676635
2079545738,3,-0.366442,-0.631767,-0.103238,0.675227
2079545748,3,-0.370986,-0.631265,-0.09998,0.673703
2079545758,3,-0.375231,-0.630909,-0.097162,0.672096
2079545768,3,-0.379099,-0.630696,-0.094847,0.670455
2079545778,3,-0.382532,-0.630617,-0.093121,0.668819
2079545788,3,-0.385448,-0.630654,-0.092086,0.667251
2079545798,3,-0.387759,-0.631274,-0.092084,0.665323
2079545808,3,-0.389462,-0.63196,-0.092891,0.663563
2079545818,3,-0.390535,-0.632708,-0.094559,0.661982
2079545828,3,-0.390956,-0.633492,-0.097084,0.660617
2079545838,3,-0.390727,-0.63431,-0.100446,0.659464
2079545849,3,-0.389929,-0.635111,-0.104505,0.658533
2079545859,3,-0.388628,-0.635894,-0.109161,0.657792
2079545869,3,-0.387256,-0.636373,-0.113779,0.657355
2079545879,3,-0.38558,-0.636878,-0.11871,0.656978
2079545889,3,-0.383678,-0.6374,-0.123827,0.656641
2079545899,3,-0.381613,-0.637943,-0.129037,0.656314
2079545909,3,-0.379446,-0.638505,-0.134219,0.655985
2079545919,3,-0.377234,-0.639095,-0.139301,0.655626
2079545929,3,-0.375001,-0.639729,-0.144207,0.655228
2079545939,3,-0.372766,-0.640414,-0.148907,0.654783
2079545949,3,-0.370545,-0.641168,-0.153363,0.654277
2079545959,3,-0.368344,-0.641977,-0.157567,0.653727
2079545969,3,-0.36618,-0.642836,-0.161485,0.653142
2079545979,3,-0.364081,-0.643742,-0.165094,0.652521
2079545990,3,-0.362065,-0.644683,-0.16838,0.651874
2079546000,3,-0.360175,-0.645654,-0.171313,0.651196
2079546010,3,-0.358429,-0.646647,-0.173876,0.650494
2079546020,3,-0.356856,-0.64769,-0.176034,0.64974
2079546030,3,-0.35548,-0.648791,-0.177776,0.648921
2079546040,3,-0.354288,-0.649964,-0.179123,0.648028
2079546050,3,-0.353284,-0.651222,-0.180105,0.64704
2079546060,3,-0.351685,-0.65245,-0.181549,0.64627
2079546070,3,-0.350328,-0.653771,-0.182598,0.645376
2079546080,3,-0.349182,-0.655191,-0.183323,0.644351
2079546090,3,-0.348229,-0.656738,-0.183768,0.643164
2079546100,3,-0.347426,-0.65839,-0.183989,0.641844
2079546110,3,-0.346753,-0.660147,-0.184021,0.640393
2079546121,3,-0.3462,-0.661986,-0.183893,0.638829
2079546131,3,-0.345781,-0.663909,-0.183622,0.637136
2079546141,3,-0.345774,-0.666149,-0.182953,0.634991
2079546151,3,-0.345773,-0.668406,-0.182287,0.632806
2079546161,3,-0.345736,-0.670617,-0.181678,0.630659
2079546171,3,-0.345634,-0.672737,-0.181153,0.628605
2079546181,3,-0.345437,-0.674704,-0.180753,0.626717
2079546191,3,-0.345126,-0.676459,-0.1805,0.625068
2079546201,3,-0.344689,-0.677962,-0.180403,0.623707
2079546211,3,-0.344136,-0.679227,-0.180459,0.622619
2079546221,3,-0.343484,-0.68029,-0.180637,0.621765
2079546231,3,-0.342781,-0.681209,-0.180896,0.621072
2079546241,3,-0.342041,-0.682023,-0.181214,0.620494
2079546252,3,-0.341278,-0.68273,-0.181572,0.620031
2079546262,3,-0.340491,-0.6833,-0.181981,0.619716
2079546272,3,-0.339659,-0.683664,-0.182467,0.619628
2079546282,3,-0.338758,-0.683773,-0.183059,0.619827
2079546292,3,-0.337781,-0.683607,-0.183772,0.620332
2079546302,3,-0.336752,-0.683185,-0.184621,0.621104
2079546312,3,-0.33555,-0.682304,-0.185727,0.622391
2079546322,3,-0.334347,-0.681167,-0.186936,0.62392
2079546332,3,-0.333296,-0.679899,-0.188114,0.62551
2079546342,3,-0.332453,-0.678637,-0.189267,0.626979
2079546352,3,-0.331742,-0.678205,-0.190692,0.627391
2079546362,3,-0.331072,-0.677883,-0.192401,0.627571
2079546372,3,-0.330396,-0.677578,-0.194434,0.627631
2079546382,3,-0.329681,-0.677192,-0.196768,0.627696
2079546393,3,-0.328859,-0.676798,-0.199421,0.627715
2079546403,3,-0.327822,-0.676409,-0.20261,0.627655
2079546413,3,-0.326496,-0.675936,-0.206512,0.627584
2079546423,3,-0.326235,-0.675129,-0.209578,0.627573
2079546433,3,-0.325581,-0.674217,-0.213462,0.627583
2079546443,3,-0.324403,-0.673048,-0.21818,0.627825
2079546453,3,-0.32285,-0.671547,-0.22345,0.62838
2079546463,3,-0.320849,-0.669329,-0.229159,0.629714
2079546473,3,-0.318515,-0.666617,-0.235063,0.631595
2079546483,3,-0.316136,-0.663547,-0.240836,0.633845
2079546493,3,-0.313811,-0.660231,-0.246436,0.636306
2079546503,3,-0.310783,-0.657207,-0.252765,0.638436
2079546513,3,-0.307829,-0.65417,-0.258948,0.640505
2079546524,3,-0.304995,-0.651093,-0.264899,0.642559
2079546534,3,-0.302287,-0.647927,-0.270619,0.644652
2079546544,3,-0.299697,-0.644638,-0.276136,0.646816
2079546554,3,-0.297218,-0.641226,-0.281505,0.649032
2079546564,3,-0.294871,-0.637719,-0.286739,0.651264
2079546574,3,-0.292727,-0.634195,-0.291814,0.653415
2079546584,3,-0.290866,-0.63076,-0.296699,0.655368
2079546594,3,-0.28938,-0.627504,-0.301341,0.657031
2079546604,3,-0.288332,-0.624538,-0.305682,0.658311
2079546614,3,-0.2878,-0.621939,-0.309696,0.659128
2079546624,3,-0.287838,-0.619749,-0.313355,0.659445
2079546634,3,-0.288434,-0.617972,-0.316667,0.65927
2079546644,3,-0.289557,-0.616592,-0.31964,0.658634
2079546655,3,-0.291173,-0.615566,-0.322295,0.657588
2079546665,3,-0.293235,-0.614847,-0.324648,0.656184
2079546675,3,-0.295715,-0.614403,-0.326686,0.654474
2079546685,3,-0.298589,-0.614219,-0.328381,0.652491
2079546695,3,-0.301817,-0.614264,-0.329735,0.650277
2079546705,3,-0.306499,-0.614565,-0.32968,0.647825
2079546715,3,-0.311433,-0.615074,-0.329294,0.64518
2079546725,3,-0.315424,-0.615654,-0.329668,0.642491
2079546735,3,-0.319584,-0.616329,-0.329717,0.639757
2079546745,3,-0.323879,-0.617053,-0.329434,0.637039
2079546755,3,-0.328275,-0.617785,-0.328819,0.634392
2079546765,3,-0.332729,-0.618505,-0.327848,0.631868
2079546775,3,-0.338267,-0.619376,-0.325481,0.629292
2079546786,3,-0.343744,-0.62019,-0.322799,0.626899
2079546796,3,-0.349086,-0.620887,-0.319845,0.624769
2079546806,3,-0.354222,-0.6214,-0.316686,0.622975
2079546816,3,-0.359051,-0.621658,-0.313427,0.621599
2079546826,3,-0.36252,-0.621259,-0.311164,0.621121
2079546836,3,-0.365725,-0.62054,-0.308776,0.621153
2079546846,3,-0.368717,-0.619511,-0.306271,0.621652
2079546856,3,-0.371507,-0.618203,-0.303632,0.622586
2079546866,3,-0.374115,-0.616644,-0.300877,0.623907
2079546876,3,-0.376549,-0.614891,-0.298013,0.625545
2079546886,3,-0.378829,-0.613021,-0.295059,0.627401
2079546896,3,-0.380941,-0.611095,-0.29206,0.629402
2079546906,3,-0.38286,-0.609125,-0.289062,0.631527
2079546916,3,-0.384554,-0.607111,-0.286129,0.633768
2079546927,3,-0.386033,-0.60504,-0.283301,0.636116
2079546937,3,-0.387328,-0.602906,-0.280574,0.638559
2079546947,3,-0.388516,-0.600712,-0.277897,0.641071
2079546957,3,-0.389685,-0.598488,-0.275194,0.643602
2079546967,3,-0.390925,-0.596274,-0.272378,0.646098
2079546977,3,-0.392235,-0.594365,-0.269493,0.64827
2079546987,3,-0.393604,-0.592578,-0.266484,0.650317
2079546997,3,-0.395122,-0.590983,-0.263254,0.652161
2079547007,3,-0.396868,-0.589672,-0.259702,0.653709
2079547017,3,-0.398844,-0.588736,-0.25582,0.65488
2079547027,3,-0.400991,-0.58826,-0.251641,0.655615
2079547037,3,-0.40384,-0.588426,-0.246677,0.655604
2079547047,3,-0.406806,-0.5891,-0.241447,0.655111
2079547058,3,-0.40983,-0.590274,-0.235978,0.654162
2079547068,3,-0.412851,-0.591902,-0.230329,0.652804
2079547078,3,-0.415799,-0.593948,-0.224531,0.651093
2079547088,3,-0.418629,-0.596376,-0.218618,0.649069
2079547098,3,-0.4213,-0.599129,-0.212606,0.646798
2079547108,3,-0.423776,-0.602158,-0.206495,0.644342
2079547118,3,-0.426029,-0.605386,-0.200334,0.641772
2079547128,3,-0.428,-0.608763,-0.194192,0.639149
2079547138,3,-0.429622,-0.612217,-0.188172,0.636557
2079547148,3,-0.430828,-0.61569,-0.182384,0.634072
2079547158,3,-0.431562,-0.619125,-0.176944,0.631765
2079547168,3,-0.431507,-0.622738,-0.172336,0.629521
2079547178,3,-0.430947,-0.626242,-0.168228,0.627538
2079547189,3,-0.429856,-0.629588,-0.16463,0.625889
2079547199,3,-0.428233,-0.632823,-0.161574,0.624535
2079547209,3,-0.426081,-0.636001,-0.159067,0.623421
2079547219,3,-0.423476,-0.639144,-0.157048,0.622492
2079547229,3,-0.420473,-0.64226,-0.155463,0.621719
2079547239,3,-0.417871,-0.645474,-0.153458,0.620641
2079547249,3,-0.415045,-0.648704,-0.151711,0.619599
2079547259,3,-0.412024,-0.651907,-0.150225,0.618615
2079547269,3,-0.408802,-0.65505,-0.149015,0.617725
2079547279,3,-0.405362,-0.658112,-0.148108,0.616954
2079547289,3,-0.401707,-0.661076,-0.147505,0.61632
2079547299,3,-0.397826,-0.663944,-0.147223,0.615822
2079547309,3,-0.393743,-0.666722,-0.147229,0.615444
2079547319,3,-0.389484,-0.66943,-0.147461,0.615158
2079547330,3,-0.385104,-0.672098,-0.147864,0.61491
2079547340,3,-0.38065,-0.674772,-0.148369,0.614633
2079547350,3,-0.376185,-0.677482,-0.148914,0.614269
2079547360,3,-0.371752,-0.680228,-0.149464,0.613798
2079547370,3,-0.367413,-0.682986,-0.149972,0.613224
2079547380,3,-0.3632,-0.685718,-0.150401,0.612579
2079547390,3,-0.359123,-0.688374,-0.150767,0.611914
2079547400,3,-0.355182,-0.690919,-0.151084,0.611268
2079547410,3,-0.351379,-0.693319,-0.151341,0.610685
2079547420,3,-0.347747,-0.695566,-0.151543,0.610158
2079547430,3,-0.344333,-0.69766,-0.151652,0.609676
2079547440,3,-0.341178,-0.69961,-0.151625,0.609222
2079547450,3,-0.338319,-0.701378,-0.151457,0.608826
2079547461,3,-0.335761,-0.702953,-0.15116,0.608498
2079547471,3,-0.333519,-0.704302,-0.150735,0.608278
2079547481,3,-0.331569,-0.705393,-0.150219,0.608207
2079547491,3,-0.329902,-0.706209,-0.149641,0.608309
2079547501,3,-0.328492,-0.706741,-0.149017,0.608607
2079547511,3,-0.326676,-0.706806,-0.14913,0.60948
2079547521,3,-0.325115,-0.706576,-0.149214,0.610561
2079547531,3,-0.323777,-0.706063,-0.149304,0.611842
2079547541,3,-0.32267,-0.705283,-0.149421,0.613295
2079547551,3,-0.321829,-0.704233,-0.14957,0.614906
2079547561,3,-0.321217,-0.702869,-0.149784,0.616732
2079547571,3,-0.320813,-0.701199,-0.150087,0.618765
2079547581,3,-0.320579,-0.699216,-0.150518,0.621022
2079547592,3,-0.320477,-0.696913,-0.151136,0.623509
2079547602,3,-0.320484,-0.694301,-0.151967,0.626211
2079547612,3,-0.320532,-0.691381,-0.153072,0.629141
2079547622,3,-0.320625,-0.688189,-0.154436,0.632253
2079547632,3,-0.320781,-0.684804,-0.156025,0.635451
2079547642,3,-0.321002,-0.681316,-0.157811,0.63864
2079547652,3,-0.321333,-0.677802,-0.159757,0.641721
2079547662,3,-0.32179,-0.67435,-0.161833,0.644601
2079547672,3,-0.322385,-0.671027,-0.164047,0.647208
2079547682,3,-0.323321,-0.668316,-0.166224,0.648988
2079547692,3,-0.324394,-0.665895,-0.168514,0.650349
2079547702,3,-0.325592,-0.663758,-0.170892,0.651314
2079547712,3,-0.326891,-0.661851,-0.173331,0.651958
2079547722,3,-0.328264,-0.660105,-0.175827,0.652371
2079547733,3,-0.32969,-0.658444,-0.178369,0.65264
2079547743,3,-0.331132,-0.656811,-0.180937,0.652848
2079547753,3,-0.332595,-0.655161,-0.183493,0.65305
2079547763,3,-0.333991,-0.653659,-0.186121,0.653098
2079547773,3,-0.335414,-0.65212,-0.188667,0.653177
2079547783,3,-0.336917,-0.650549,-0.191084,0.653268
2079547793,3,-0.338527,-0.648996,-0.193382,0.653303
2079547803,3,-0.340203,-0.647423,-0.195619,0.653327
2079547813,3,-0.341941,-0.645827,-0.197851,0.653328
2079547823,3,-0.343709,-0.64422,-0.200139,0.65329
2079547833,3,-0.345443,-0.642687,-0.202568,0.653136
2079547843,3,-0.34709,-0.641325,-0.205206,0.652778
2079547853,3,-0.348631,-0.640176,-0.208039,0.652189
2079547864,3,-0.350109,-0.639229,-0.211011,0.65137
2079547874,3,-0.351551,-0.638492,-0.214067,0.650318
2079547884,3,-0.352967,-0.637891,-0.217158,0.649115
2079547894,3,-0.354372,-0.637344,-0.220245,0.647846
2079547904,3,-0.355728,-0.636798,-0.223372,0.646568
2079547914,3,-0.356947,-0.636194,-0.226657,0.645345
2079547924,3,-0.357999,-0.63549,-0.23015,0.644219
2079547934,3,-0.358873,-0.634638,-0.233889,0.643226
2079547944,3,-0.359591,-0.633608,-0.237888,0.642372
2079547954,3,-0.360151,-0.632393,-0.242159,0.64166
2079547964,3,-0.360542,-0.630992,-0.24671,0.641086
2079547974,3,-0.360768,-0.629419,-0.251532,0.640631
2079547984,3,-0.360829,-0.62775,-0.256598,0.640225
2079547995,3,-0.360701,-0.62604,-0.261925,0.639815
2079548005,3,-0.360351,-0.624309,-0.267526,0.639385
2079548015,3,-0.359811,-0.622566,-0.273331,0.638934
2079548025,3,-0.359131,-0.620796,-0.279288,0.638462
2079548035,3,-0.358376,-0.619004,-0.285304,0.637965
2079548045,3,-0.357635,-0.617216,-0.291275,0.637415
2079548055,3,-0.356982,-0.615435,-0.297108,0.636811
2079548065,3,-0.356486,-0.61371,-0.302702,0.636119
2079548075,3,-0.356231,-0.612121,-0.307976,0.63526
2079548085,3,-0.355633,-0.611015,-0.313546,0.633935
2079548095,3,-0.355356,-0.610136,-0.318716,0.632356
2079548105,3,-0.3554,-0.609499,-0.323501,0.630514
2079548115,3,-0.355782,-0.609104,-0.327871,0.628418
2079548126,3,-0.356515,-0.608956,-0.331828,0.626065
2079548136,3,-0.357604,-0.609038,-0.335335,0.62349
2079548146,3,-0.359598,-0.609033,-0.337811,0.621008
2079548156,3,-0.36191,-0.609275,-0.339807,0.618332
2079548166,3,-0.364548,-0.609734,-0.341289,0.615507
2079548176,3,-0.367476,-0.610375,-0.342256,0.612587
2079548186,3,-0.370656,-0.611147,-0.342718,0.609635
2079548196,3,-0.37404,-0.61204,-0.3427,0.606676
2079548206,3,-0.3776,-0.613057,-0.342192,0.603723
2079548216,3,-0.381266,-0.614109,-0.341255,0.600874
2079548226,3,-0.384977,-0.615181,-0.339942,0.598149
2079548236,3,-0.388684,-0.616194,-0.338297,0.595637
2079548246,3,-0.392349,-0.617046,-0.336372,0.593438
2079548256,3,-0.395901,-0.617696,-0.334247,0.5916
2079548267,3,-0.399255,-0.618159,-0.332025,0.590113
2079548277,3,-0.402349,-0.618428,-0.329764,0.588995
2079548287,3,-0.405202,-0.61852,-0.327483,0.588215
2079548297,3,-0.407812,-0.618433,-0.3252,0.58777
2079548307,3,-0.410175,-0.61817,-0.322923,0.587658
2079548317,3,-0.412291,-0.617736,-0.320683,0.587859
2079548327,3,-0.414189,-0.617182,-0.318469,0.58831
2079548337,3,-0.415847,-0.616492,-0.316314,0.589027
2079548347,3,-0.417284,-0.615688,-0.314218,0.589972
2079548357,3,-0.418526,-0.614771,-0.312183,0.591128
2079548367,3,-0.419556,-0.613721,-0.310229,0.592516
2079548377,3,-0.420441,-0.612628,-0.308333,0.594008
2079548387,3,-0.421217,-0.611512,-0.306462,0.595574
2079548398,3,-0.42192,-0.61045,-0.304621,0.597109
2079548408,3,-0.422542,-0.609392,-0.302851,0.598648
2079548418,3,-0.423087,-0.608315,-0.301179,0.600199
2079548428,3,-0.423542,-0.607211,-0.29965,0.60176
2079548438,3,-0.423952,-0.606097,-0.298223,0.603302
2079548448,3,-0.42429,-0.605075,-0.296918,0.604731
2079548458,3,-0.424627,-0.604183,-0.295647,0.606008
2079548468,3,-0.424948,-0.6035,-0.294394,0.607072
2079548478,3,-0.42527,-0.603098,-0.293117,0.607864
2079548488,3,-0.425534,-0.602931,-0.291861,0.608449
2079548498,3,-0.425683,-0.602924,-0.290646,0.608934
2079548508,3,-0.425701,-0.60298,-0.289458,0.60943
2079548518,3,-0.425634,-0.603094,-0.288227,0.609949
2079548529,3,-0.425548,-0.60331,-0.286876,0.610431
2079548539,3,-0.425588,-0.603762,-0.285294,0.610698
2079548549,3,-0.425813,-0.604523,-0.283431,0.610656
2079548559,3,-0.426196,-0.60557,-0.281368,0.610305
2079548569,3,-0.426661,-0.606824,-0.279213,0.609724
2079548579,3,-0.427111,-0.608151,-0.277083,0.609058
2079548589,3,-0.427403,-0.609411,-0.27512,0.608483
2079548599,3,-0.427484,-0.610539,-0.27337,0.608084
2079548609,3,-0.4274,-0.611499,-0.271795,0.607885
2079548619,3,-0.427222,-0.612327,-0.270318,0.607835
2079548629,3,-0.426993,-0.613031,-0.268897,0.607917
2079548639,3,-0.426786,-0.613661,-0.267473,0.608054
2079548649,3,-0.426677,-0.614257,-0.265977,0.608186
2079548659,3,-0.426707,-0.614852,-0.264384,0.608258
2079548670,3,-0.426894,-0.615445,-0.262701,0.608256
2079548680,3,-0.427222,-0.616018,-0.260952,0.608199
2079548690,3,-0.427633,-0.616533,-0.2592,0.608137
2079548700,3,-0.428082,-0.616961,-0.257505,0.608107
2079548710,3,-0.428546,-0.617321,-0.255883,0.6081
2079548720,3,-0.429053,-0.617672,-0.254279,0.608058
2079548730,3,-0.430357,-0.617987,-0.251846,0.60783
2079548740,3,-0.430982,-0.618325,-0.250217,0.607717
2079548750,3,-0.431666,-0.618641,-0.248527,0.607602
2079548760,3,-0.432371,-0.61898,-0.246817,0.607452
2079548770,3,-0.433056,-0.619354,-0.245145,0.60726
2079548780,3,-0.433617,-0.619679,-0.24359,0.607155
2079548790,3,-0.43407,-0.620006,-0.242141,0.607077
2079548801,3,-0.43434,-0.620274,-0.240874,0.607113
2079548811,3,-0.434419,-0.620443,-0.239794,0.607311
2079548821,3,-0.434248,-0.620543,-0.238952,0.607663
2079548831,3,-0.433874,-0.620599,-0.238296,0.608131
2079548841,3,-0.433362,-0.62065,-0.237764,0.608652
2079548851,3,-0.433634,-0.620591,-0.236279,0.609096
2079548861,3,-0.433928,-0.620492,-0.234738,0.609584
2079548871,3,-0.434242,-0.620345,-0.233141,0.610123
2079548881,3,-0.434574,-0.620156,-0.231512,0.610699
2079548891,3,-0.434894,-0.619949,-0.229884,0.611295
2079548901,3,-0.435186,-0.619737,-0.228302,0.611895
2079548911,3,-0.435419,-0.619541,-0.226803,0.612485
2079548921,3,-0.435587,-0.619382,-0.225424,0.613035
2079548932,3,-0.435654,-0.61928,-0.224202,0.613539
2079548942,3,-0.435612,-0.619229,-0.223182,0.613991
2079548952,3,-0.434946,-0.619287,-0.222963,0.614485
2079548962,3,-0.434184,-0.619373,-0.222963,0.614936
2079548972,3,-0.433274,-0.619442,-0.223251,0.615404
2079548982,3,-0.432158,-0.619452,-0.223888,0.615947
2079548992,3,-0.430811,-0.619378,-0.224917,0.616591
2079549002,3,-0.429201,-0.61918,-0.226371,0.617379
2079549012,3,-0.427306,-0.618843,-0.228261,0.618334
2079549022,3,-0.425144,-0.618399,-0.230558,0.619416
2079549032,3,-0.422821,-0.617878,-0.233145,0.620557
2079549042,3,-0.420397,-0.617355,-0.235919,0.621675
2079549052,3,-0.417954,-0.616871,-0.238806,0.6227
2079549063,3,-0.415561,-0.616464,-0.241714,0.623581
2079549073,3,-0.413232,-0.616128,-0.244615,0.62433
2079549083,3,-0.410989,-0.615847,-0.247481,0.624957
2079549093,3,-0.408854,-0.615632,-0.250256,0.625465
2079549103,3,-0.406844,-0.615488,-0.252915,0.625847
2079549113,3,-0.405366,-0.615429,-0.255016,0.626012
2079549123,3,-0.403983,-0.615483,-0.257011,0.626036
2079549133,3,-0.402696,-0.615651,-0.258886,0.625928
2079549143,3,-0.401174,-0.615893,-0.26095,0.625811
2079549153,3,-0.39977,-0.61625,-0.262831,0.62557
2079549163,3,-0.398466,-0.616719,-0.264531,0.625223
2079549173,3,-0.39722,-0.617283,-0.266094,0.624796
2079549183,3,-0.395975,-0.617903,-0.267574,0.624341
2079549193,3,-0.394698,-0.618534,-0.269011,0.623907
2079549204,3,-0.393341,-0.619142,-0.270443,0.623542
2079549214,3,-0.3919,-0.619684,-0.271877,0.623287
2079549224,3,-0.390395,-0.620119,-0.273291,0.623181
2079549234,3,-0.388837,-0.620384,-0.274674,0.623283
2079549244,3,-0.387219,-0.620457,-0.276033,0.623617
2079549254,3,-0.385592,-0.620352,-0.277328,0.624155
2079549264,3,-0.383969,-0.620094,-0.278568,0.624859
2079549274,3,-0.382356,-0.619705,-0.279767,0.625698
2079549284,3,-0.380806,-0.619242,-0.28089,0.626598
2079549294,3,-0.37935,-0.618722,-0.281917,0.627533
2079549304,3,-0.378027,-0.618211,-0.282848,0.628415
2079549314,3,-0.376861,-0.617774,-0.283682,0.629169
2079549324,3,-0.375853,-0.617411,-0.284435,0.629788
2079549335,3,-0.374993,-0.617142,-0.285134,0.630248
2079549345,3,-0.374299,-0.616971,-0.285792,0.63053
2079549355,3,-0.373726,-0.616867,-0.28643,0.630682
2079549365,3,-0.373271,-0.616836,-0.28706,0.630696
2079549375,3,-0.372924,-0.616867,-0.287679,0.630589
2079549385,3,-0.372679,-0.616939,-0.288269,0.630393
2079549395,3,-0.372542,-0.617052,-0.288833,0.630106
2079549405,3,-0.372525,-0.617208,-0.289356,0.629723
2079549415,3,-0.372609,-0.617403,-0.289821,0.629268
2079549425,3,-0.372819,-0.617618,-0.290213,0.628751
2079549435,3,-0.373125,-0.617824,-0.290542,0.628216
2079549445,3,-0.373519,-0.618042,-0.290822,0.627637
2079549455,3,-0.37402,-0.618228,-0.291031,0.627059
2079549466,3,-0.374626,-0.618402,-0.29116,0.626465
2079549476,3,-0.375356,-0.61856,-0.291195,0.625856
2079549486,3,-0.376207,-0.618713,-0.291138,0.625219
2079549496,3,-0.377156,-0.618855,-0.291008,0.624567
2079549506,3,-0.378188,-0.618976,-0.290815,0.623913
2079549516,3,-0.379305,-0.619085,-0.29056,0.623245
2079549526,3,-0.380499,-0.619204,-0.290264,0.622537
2079549536,3,-0.381747,-0.619301,-0.289938,0.621828
2079549546,3,-0.383023,-0.61938,-0.289609,0.621117
2079549556,3,-0.384325,-0.619438,-0.28928,0.620409
2079549566,3,-0.385652,-0.619459,-0.288952,0.619716
2079549576,3,-0.387012,-0.619427,-0.288616,0.619056
2079549586,3,-0.388369,-0.619356,-0.288302,0.618424
2079549596,3,-0.389731,-0.619247,-0.287999,0.617817
2079549607,3,-0.391143,-0.619115,-0.287679,0.617206
2079549617,3,-0.392609,-0.618972,-0.287333,0.616579
2079549627,3,-0.39414,-0.618806,-0.286946,0.615949
2079549637,3,-0.395732,-0.618638,-0.286522,0.615293
2079549647,3,-0.39738,-0.618447,-0.286089,0.614624
2079549657,3,-0.399101,-0.618258,-0.28562,0.613918
2079549667,3,-0.400907,-0.618065,-0.285124,0.613166
2079549677,3,-0.402767,-0.617862,-0.284636,0.612377
2079549687,3,-0.404662,-0.617644,-0.284178,0.61156
2079549697,3,-0.406574,-0.617394,-0.283761,0.610738
2079549707,3,-0.408456,-0.617094,-0.283432,0.609937
2079549717,3,-0.410273,-0.616724,-0.283216,0.609192
2079549727,3,-0.412044,-0.61632,-0.28308,0.608469
2079549738,3,-0.413762,-0.61586,-0.283036,0.607788
2079549748,3,-0.415416,-0.615369,-0.283096,0.607129
2079549758,3,-0.417,-0.614831,-0.28324,0.60652
2079549768,3,-0.418532,-0.614246,-0.283448,0.60596
2079549778,3,-0.419986,-0.613613,-0.283734,0.605462
2079549788,3,-0.421372,-0.612949,-0.284074,0.605011
2079549798,3,-0.422698,-0.612278,-0.284465,0.604582
2079549808,3,-0.42396,-0.611611,-0.284888,0.604175
2079549818,3,-0.425157,-0.610951,-0.285352,0.603782
2079549828,3,-0.42627,-0.610296,-0.285869,0.603415
2079549838,3,-0.427292,-0.609669,-0.286449,0.603051
2079549848,3,-0.428229,-0.609056,-0.28707,0.602711
2079549858,3,-0.429079,-0.608455,-0.287731,0.602398
2079549869,3,-0.429811,-0.607846,-0.288464,0.60214
2079549879,3,-0.430452,-0.607227,-0.289235,0.601937
2079549889,3,-0.431011,-0.6066,-0.290014,0.601794
2079549899,3,-0.431495,-0.605953,-0.290785,0.601727
2079549909,3,-0.431927,-0.605297,-0.29153,0.601716
2079549919,3,-0.432333,-0.604659,-0.292227,0.601728
2079549929,3,-0.43272,-0.604031,-0.292851,0.601777
2079549939,3,-0.433064,-0.603457,-0.293418,0.601831
2079549949,3,-0.433372,-0.602936,-0.29395,0.601871
2079549959,3,-0.433639,-0.602426,-0.294442,0.601948
2079549969,3,-0.433835,-0.601933,-0.294923,0.602065
2079549979,3,-0.433944,-0.601467,-0.29541,0.602214
2079549989,3,-0.433966,-0.601,-0.295907,0.60242
2079550000,3,-0.433883,-0.600548,-0.296414,0.60268
2079550010,3,-0.433702,-0.600115,-0.296941,0.602983
2079550020,3,-0.433434,-0.599689,-0.29747,0.603338
2079550030,3,-0.433098,-0.599283,-0.297983,0.603731
2079550040,3,-0.4327,-0.598899,-0.298472,0.604156
2079550050,3,-0.432272,-0.598528,-0.298914,0.604611
2079550060,3,-0.431828,-0.598171,-0.299291,0.605093
2079550070,3,-0.431388,-0.597849,-0.299585,0.60558
2079550080,3,-0.430962,-0.597574,-0.299798,0.60605
2079550090,3,-0.430588,-0.597355,-0.299887,0.606487
2079550100,3,-0.430272,-0.597186,-0.299879,0.606882
2079550110,3,-0.429981,-0.597052,-0.299798,0.60726
2079550120,3,-0.429687,-0.596959,-0.299677,0.607619
2079550130,3,-0.429404,-0.596907,-0.299529,0.607943
2079550141,3,-0.429124,-0.596899,-0.299371,0.608226
2079550151,3,-0.428832,-0.596915,-0.29922,0.608491
2079550161,3,-0.428514,-0.596955,-0.299092,0.608738
2079550171,3,-0.428188,-0.597003,-0.298996,0.608968
2079550181,3,-0.427871,-0.597074,-0.29891,0.609163
2079550191,3,-0.42759,-0.597161,-0.298812,0.609323
2079550201,3,-0.427339,-0.597258,-0.298728,0.609446
2079550211,3,-0.427114,-0.597344,-0.298662,0.609551
2079550221,3,-0.426917,-0.597422,-0.298627,0.60963
2079550231,3,-0.426723,-0.597477,-0.298656,0.609698
2079550241,3,-0.426528,-0.597493,-0.298745,0.609776
2079550251,3,-0.426327,-0.597461,-0.298899,0.609872
2079550261,3,-0.426098,-0.597393,-0.299143,0.609979
2079550272,3,-0.42587,-0.597295,-0.299452,0.610082
2079550282,3,-0.425646,-0.597188,-0.29981,0.610167
2079550292,3,-0.425411,-0.597075,-0.300239,0.610231
2079550302,3,-0.425183,-0.596951,-0.300718,0.610275
2079550312,3,-0.424985,-0.596828,-0.301237,0.610277
2079550322,3,-0.42482,-0.596704,-0.301772,0.610249
2079550332,3,-0.424698,-0.596585,-0.302319,0.61018
2079550342,3,-0.424585,-0.596444,-0.302913,0.610101
2079550352,3,-0.424464,-0.596276,-0.303555,0.61003
2079550362,3,-0.424343,-0.59609,-0.304251,0.60995
2079550372,3,-0.42423,-0.595879,-0.304982,0.60987
2079550382,3,-0.424122,-0.595662,-0.305739,0.609778
2079550392,3,-0.424038,-0.595421,-0.306517,0.609681
2079550403,3,-0.423978,-0.595193,-0.307309,0.609547
2079550413,3,-0.42395,-0.594988,-0.308091,0.609371
2079550423,3,-0.423982,-0.594811,-0.308846,0.609141
2079550433,3,-0.424087,-0.594663,-0.309557,0.60885
2079550443,3,-0.424265,-0.59454,-0.310212,0.608513
2079550453,3,-0.424525,-0.594459,-0.310792,0.608115
2079550463,3,-0.424861,-0.594433,-0.311312,0.607639
2079550473,3,-0.425294,-0.594457,-0.311732,0.607098
2079550483,3,-0.425799,-0.594525,-0.312081,0.606498
2079550493,3,-0.426374,-0.594627,-0.312342,0.605859
2079550503,3,-0.42701,-0.594759,-0.312533,0.605182
2079550513,3,-0.427678,-0.594898,-0.312665,0.604505
2079550523,3,-0.428373,-0.595019,-0.312738,0.603856
2079550533,3,-0.429101,-0.59512,-0.312743,0.603236
2079550544,3,-0.429837,-0.595179,-0.312704,0.602674
2079550554,3,-0.430565,-0.595166,-0.312655,0.602193
2079550564,3,-0.43127,-0.595088,-0.312605,0.601792
2079550574,3,-0.431951,-0.594952,-0.312556,0.601462
2079550584,3,-0.432597,-0.594736,-0.312526,0.601227
2079550594,3,-0.433226,-0.594449,-0.312519,0.601062
2079550604,3,-0.433846,-0.594104,-0.31253,0.60095
2079550614,3,-0.434461,-0.593724,-0.312564,0.600864
2079550624,3,-0.435094,-0.593326,-0.312607,0.600776
2079550634,3,-0.435714,-0.592909,-0.312691,0.600696
2079550644,3,-0.436319,-0.592485,-0.312827,0.600604
2079550654,3,-0.436913,-0.59205,-0.313025,0.600498
2079550664,3,-0.437491,-0.591627,-0.313282,0.60036
2079550675,3,-0.438071,-0.591207,-0.313603,0.600183
2079550685,3,-0.43863,-0.590807,-0.313987,0.599967
2079550695,3,-0.439173,-0.590441,-0.314422,0.599703
2079550705,3,-0.43972,-0.590106,-0.314899,0.599381
2079550715,3,-0.440254,-0.589813,-0.315397,0.599016
2079550725,3,-0.440776,-0.589558,-0.315905,0.598615
2079550735,3,-0.441292,-0.589341,-0.3164,0.598187
2079550745,3,-0.441819,-0.589163,-0.316839,0.597741
2079550755,3,-0.442361,-0.589042,-0.317219,0.597258
2079550765,3,-0.442929,-0.588951,-0.317515,0.596769
2079550775,3,-0.443488,-0.588906,-0.317765,0.596264
2079550785,3,-0.444034,-0.588888,-0.317966,0.595768
2079550795,3,-0.444543,-0.58887,-0.318131,0.595319
2079550806,3,-0.444989,-0.588809,-0.318288,0.594962
2079550816,3,-0.445346,-0.588696,-0.31845,0.59472
2079550826,3,-0.445631,-0.588505,-0.318604,0.594613
2079550836,3,-0.445813,-0.588213,-0.318782,0.59467
2079550846,3,-0.445909,-0.587827,-0.318971,0.594878
2079550856,3,-0.445953,-0.587373,-0.319142,0.595202
2079550866,3,-0.445954,-0.586853,-0.319299,0.59563
2079550876,3,-0.44593,-0.586295,-0.319435,0.596124
2079550886,3,-0.44588,-0.585716,-0.319564,0.596661
2079550896,3,-0.445816,-0.585118,-0.319692,0.597227
2079550906,3,-0.44573,-0.584507,-0.319816,0.597823
2079550916,3,-0.445638,-0.583902,-0.31994,0.598416
2079550926,3,-0.445554,-0.583308,-0.320056,0.598997
2079550937,3,-0.445502,-0.582732,-0.320136,0.599552
2079550947,3,-0.445476,-0.582192,-0.320191,0.600066
2079550957,3,-0.445495,-0.581699,-0.320208,0.600521
2079550967,3,-0.445565,-0.58128,-0.320175,0.600893
2079550977,3,-0.445709,-0.58092,-0.320078,0.601185
2079550987,3,-0.445931,-0.580623,-0.319924,0.60139
2079550997,3,-0.446212,-0.580376,-0.319719,0.601529
2079551007,3,-0.446556,-0.580177,-0.319465,0.6016
2079551017,3,-0.446938,-0.580018,-0.319191,0.601615
2079551027,3,-0.447375,-0.579894,-0.3189,0.601565
2079551037,3,-0.447841,-0.579817,-0.3186,0.601451
2079551047,3,-0.448321,-0.579767,-0.318325,0.601286
2079551057,3,-0.448799,-0.579745,-0.318085,0.601079
2079551067,3,-0.449253,-0.579729,-0.31791,0.600848
2079551078,3,-0.449655,-0.579707,-0.317822,0.600615
2079551088,3,-0.449996,-0.579664,-0.317834,0.600393
2079551098,3,-0.450264,-0.579591,-0.31796,0.600197
2079551108,3,-0.450469,-0.579473,-0.318183,0.600039
2079551118,3,-0.450624,-0.579315,-0.318489,0.599912
2079551128,3,-0.4507,-0.579092,-0.318907,0.599848
2079551138,3,-0.450742,-0.578812,-0.319406,0.599822
2079551148,3,-0.450743,-0.578481,-0.319989,0.59983
2079551158,3,-0.450728,-0.578099,-0.320626,0.599869
2079551168,3,-0.450695,-0.577707,-0.321304,0.599908
2079551178,3,-0.450674,-0.577312,-0.322011,0.599925
2079551188,3,-0.450655,-0.576924,-0.322758,0.599912
2079551198,3,-0.450654,-0.576544,-0.323529,0.599863
2079551209,3,-0.450679,-0.576218,-0.324291,0.599745
2079551219,3,-0.45073,-0.575936,-0.325039,0.599574
2079551229,3,-0.450792,-0.575707,-0.325775,0.599347
2079551239,3,-0.450879,-0.575541,-0.326475,0.599059
2079551249,3,-0.451013,-0.575474,-0.3271,0.598682
2079551259,3,-0.45121,-0.575515,-0.327621,0.598209
2079551269,3,-0.451448,-0.575658,-0.328065,0.597649
2079551279,3,-0.451693,-0.575907,-0.32844,0.597018
2079551289,3,-0.451954,-0.57624,-0.328744,0.596332
2079551299,3,-0.45222,-0.576645,-0.328975,0.59561
2079551309,3,-0.452457,-0.577101,-0.329146,0.594893
2079551319,3,-0.452648,-0.577599,-0.329282,0.59419
2079551329,3,-0.452769,-0.578108,-0.329394,0.59354
2079551340,3,-0.452808,-0.578617,-0.329498,0.592956
2079551350,3,-0.452769,-0.579095,-0.329574,0.592477
2079551360,3,-0.452649,-0.57951,-0.329635,0.592129
2079551370,3,-0.452432,-0.579876,-0.329702,0.591899
2079551380,3,-0.452108,-0.580187,-0.329775,0.5918
2079551390,3,-0.451732,-0.580459,-0.329824,0.591794
2079551400,3,-0.451302,-0.580696,-0.329839,0.591881
2079551410,3,-0.45084,-0.580917,-0.329817,0.592028
2079551420,3,-0.450362,-0.581115,-0.329749,0.592236
2079551430,3,-0.449917,-0.581317,-0.329592,0.592464
2079551440,3,-0.449501,-0.58153,-0.32935,0.592704
2079551450,3,-0.449114,-0.581778,-0.329036,0.592929
2079551460,3,-0.448797,-0.582058,-0.328616,0.593126
2079551470,3,-0.448556,-0.582378,-0.328096,0.593283
2079551481,3,-0.448403,-0.582745,-0.327472,0.593383
2079551491,3,-0.448323,-0.58317,-0.326762,0.593417
2079551501,3,-0.448326,-0.58365,-0.325969,0.59338
2079551511,3,-0.448408,-0.584198,-0.325101,0.593253
2079551521,3,-0.448551,-0.584807,-0.32419,0.593044
2079551531,3,-0.448747,-0.58547,-0.323246,0.592757
2079551541,3,-0.448958,-0.586174,-0.322313,0.592409
2079551551,3,-0.449182,-0.586921,-0.321389,0.592001
2079551561,3,-0.449403,-0.58768,-0.320493,0.591567
2079551571,3,-0.449615,-0.588444,-0.319635,0.591111
2079551581,3,-0.449835,-0.5892,-0.318796,0.590643
2079551591,3,-0.450046,-0.589927,-0.317998,0.590186
2079551601,3,-0.450258,-0.590596,-0.317243,0.589762
2079551612,3,-0.450426,-0.591187,-0.316563,0.589407
2079551622,3,-0.450545,-0.591674,-0.315982,0.589139
2079551632,3,-0.450611,-0.592027,-0.315509,0.588987
2079551642,3,-0.450622,-0.592239,-0.315148,0.588959
2079551652,3,-0.450588,-0.592289,-0.314897,0.589069
2079551662,3,-0.450508,-0.592189,-0.314761,0.589302
2079551672,3,-0.450365,-0.591935,-0.314761,0.589667
2079551682,3,-0.450167,-0.591537,-0.314901,0.590144
2079551692,3,-0.449921,-0.591016,-0.315165,0.590711
2079551702,3,-0.449685,-0.590398,-0.315514,0.591323
2079551712,3,-0.449454,-0.589726,-0.315932,0.591945
2079551722,3,-0.449264,-0.589009,-0.316404,0.592551
2079551732,3,-0.449144,-0.588285,-0.316909,0.593091
2079551743,3,-0.449094,-0.58758,-0.317431,0.593549
2079551753,3,-0.449153,-0.586916,-0.317942,0.593888
2079551763,3,-0.449281,-0.586301,-0.318485,0.594107
2079551773,3,-0.449467,-0.585713,-0.319046,0.594245
2079551783,3,-0.449715,-0.585149,-0.319639,0.594295
2079551793,3,-0.449974,-0.584605,-0.32028,0.594289
2079551803,3,-0.450261,-0.584079,-0.320938,0.594234
2079551813,3,-0.450585,-0.583548,-0.321611,0.594146
2079551823,3,-0.450923,-0.58301,-0.322298,0.594046
2079551833,3,-0.451274,-0.582458,-0.322992,0.593944
2079551843,3,-0.451641,-0.581887,-0.323682,0.593849
2079551853,3,-0.451983,-0.581292,-0.324402,0.593777
2079551863,3,-0.452317,-0.58066,-0.325142,0.593738
2079551874,3,-0.45263,-0.57999,-0.325896,0.593741
2079551884,3,-0.452924,-0.579275,-0.32666,0.593794
2079551894,3,-0.453206,-0.578495,-0.327426,0.593917
2079551904,3,-0.453494,-0.577663,-0.328171,0.594096
2079551914,3,-0.453786,-0.576786,-0.328906,0.594319
2079551924,3,-0.454097,-0.575863,-0.329597,0.594594
2079551934,3,-0.454441,-0.574917,-0.330251,0.594883
2079551944,3,-0.454796,-0.573945,-0.330893,0.595194
2079551954,3,-0.455168,-0.572944,-0.331536,0.595516
2079551964,3,-0.455529,-0.571909,-0.332194,0.595868
2079551974,3,-0.455871,-0.57084,-0.332901,0.596237
2079551984,3,-0.45619,-0.569759,-0.333677,0.596594
2079551994,3,-0.456508,-0.56866,-0.334492,0.596942
2079552004,3,-0.456811,-0.567579,-0.335361,0.59725
2079552015,3,-0.457125,-0.566528,-0.336263,0.597502
2079552025,3,-0.457445,-0.565537,-0.337202,0.597666
2079552035,3,-0.457781,-0.564606,-0.338176,0.597739
2079552045,3,-0.458128,-0.563725,-0.339169,0.597742
2079552055,3,-0.45847,-0.562926,-0.340201,0.597646
2079552065,3,-0.45882,-0.562206,-0.341256,0.597454
2079552075,3,-0.459176,-0.561577,-0.342311,0.597168
2079552085,3,-0.459543,-0.561057,-0.343357,0.596774
2079552095,3,-0.459926,-0.560629,-0.34436,0.596302
2079552105,3,-0.460307,-0.560299,-0.345333,0.595756
2079552115,3,-0.46067,-0.560044,-0.346283,0.595164
2079552125,3,-0.46101,-0.559873,-0.347202,0.594526
2079552135,3,-0.461318,-0.559793,-0.348087,0.593844
2079552146,3,-0.461606,-0.559784,-0.348917,0.593142
2079552156,3,-0.461866,-0.559845,-0.349682,0.59243
2079552166,3,-0.462117,-0.559967,-0.350361,0.591718
2079552176,3,-0.462361,-0.560155,-0.350936,0.591007
2079552186,3,-0.462598,-0.560385,-0.35141,0.590323
2079552196,3,-0.462821,-0.560673,-0.351788,0.58965
2079552206,3,-0.463001,-0.561011,-0.352079,0.589012
2079552216,3,-0.463165,-0.561366,-0.352264,0.588434
2079552226,3,-0.463271,-0.561758,-0.352384,0.587905
2079552236,3,-0.463325,-0.562175,-0.352437,0.587431
2079552246,3,-0.463344,-0.562604,-0.352412,0.587019
2079552256,3,-0.463304,-0.563045,-0.352326,0.586681
2079552266,3,-0.463202,-0.563494,-0.352188,0.586414
2079552277,3,-0.463057,-0.563949,-0.352002,0.586201
2079552287,3,-0.46287,-0.564407,-0.351767,0.586051
2079552297,3,-0.462639,-0.564863,-0.351486,0.585961
2079552307,3,-0.462361,-0.565322,-0.35118,0.585922
2079552317,3,-0.462042,-0.565778,-0.35085,0.58593
2079552327,3,-0.461697,-0.566237,-0.350491,0.585974
2079552337,3,-0.461326,-0.566715,-0.350111,0.586032
2079552347,3,-0.460941,-0.56722,-0.349695,0.586094
2079552357,3,-0.460561,-0.567777,-0.349247,0.586121
2079552367,3,-0.46021,-0.568397,-0.348732,0.586102
2079552377,3,-0.459898,-0.569088,-0.348136,0.58603
2079552387,3,-0.459631,-0.56988,-0.347465,0.585869
2079552397,3,-0.459411,-0.570765,-0.346717,0.585623
2079552407,3,-0.459257,-0.571741,-0.345877,0.585289
2079552418,3,-0.459136,-0.572793,-0.344974,0.584888
2079552428,3,-0.459031,-0.573901,-0.344021,0.584445
2079552438,3,-0.458943,-0.575025,-0.343019,0.583998
2079552448,3,-0.458868,-0.57615,-0.34198,0.583558
2079552458,3,-0.458798,-0.57725,-0.340903,0.583155
2079552468,3,-0.458721,-0.578299,-0.339796,0.582823
2079552478,3,-0.458653,-0.579272,-0.338667,0.582567
2079552488,3,-0.458605,-0.580171,-0.3375,0.582388
2079552498,3,-0.458555,-0.580981,-0.336322,0.582301
2079552508,3,-0.458534,-0.581709,-0.33511,0.582289
2079552518,3,-0.45853,-0.582357,-0.333882,0.582351
2079552528,3,-0.458553,-0.582905,-0.33264,0.582494
2079552538,3,-0.458586,-0.583376,-0.331419,0.582694
2079552549,3,-0.458616,-0.583749,-0.330226,0.582973
2079552559,3,-0.458638,-0.584049,-0.329079,0.583303
2079552569,3,-0.458643,-0.584262,-0.327993,0.583698
2079552579,3,-0.458635,-0.584403,-0.326977,0.584133
2079552589,3,-0.458602,-0.58448,-0.326042,0.584603
2079552599,3,-0.458543,-0.584474,-0.325193,0.585129
2079552609,3,-0.458469,-0.58442,-0.32443,0.585665
2079552619,3,-0.458361,-0.584327,-0.323762,0.586211
2079552629,3,-0.458261,-0.584206,-0.323168,0.586737
2079552639,3,-0.458151,-0.584066,-0.32265,0.587248
2079552649,3,-0.458049,-0.583919,-0.322201,0.58772
2079552659,3,-0.457967,-0.583754,-0.321813,0.58816
2079552669,3,-0.457902,-0.583592,-0.321484,0.588551
2079552680,3,-0.457862,-0.583434,-0.321197,0.588895
2079552690,3,-0.457859,-0.58328,-0.320941,0.589189
2079552700,3,-0.457903,-0.583138,-0.320702,0.589426
2079552710,3,-0.457985,-0.583026,-0.320492,0.589587
2079552720,3,-0.458095,-0.582934,-0.320313,0.58969
2079552730,3,-0.458237,-0.58286,-0.320155,0.589739
2079552740,3,-0.458387,-0.582799,-0.320044,0.589743
2079552750,3,-0.458536,-0.582713,-0.319981,0.589746
2079552760,3,-0.45866,-0.582611,-0.319975,0.589753
2079552770,3,-0.45878,-0.582455,-0.320005,0.589798
2079552780,3,-0.458857,-0.582254,-0.320114,0.589878
2079552790,3,-0.45891,-0.582,-0.320282,0.589996
2079552800,3,-0.458933,-0.581686,-0.320516,0.590161
2079552811,3,-0.458946,-0.581305,-0.32078,0.590383
2079552821,3,-0.458947,-0.580861,-0.321093,0.590649
2079552831,3,-0.45895,-0.580378,-0.321441,0.590931
2079552841,3,-0.458934,-0.57984,-0.321845,0.591253
2079552851,3,-0.458894,-0.579247,-0.322308,0.591612
2079552861,3,-0.458847,-0.578603,-0.322832,0.591994
2079552871,3,-0.458784,-0.577913,-0.323409,0.592401
2079552881,3,-0.458698,-0.577195,-0.324052,0.592815
2079552891,3,-0.458635,-0.576444,-0.324727,0.593226
2079552901,3,-0.458588,-0.575692,-0.32542,0.593613
2079552911,3,-0.458576,-0.57493,-0.326134,0.593969
2079552921,3,-0.458622,-0.574177,-0.326833,0.594276
2079552931,3,-0.458717,-0.57345,-0.327525,0.594525
2079552941,3,-0.458864,-0.572761,-0.328201,0.594702
2079552952,3,-0.459085,-0.572111,-0.328849,0.5948
2079552962,3,-0.459365,-0.57149,-0.329469,0.594838
2079552972,3,-0.45971,-0.570922,-0.330053,0.594792
2079552982,3,-0.460122,-0.570401,-0.330604,0.594668
2079552992,3,-0.460588,-0.569939,-0.331132,0.594456
2079553002,3,-0.46109,-0.569532,-0.331665,0.59416
2079553012,3,-0.461576,-0.56917,-0.33224,0.593808
2079553022,3,-0.462057,-0.568834,-0.332851,0.593414
2079553032,3,-0.462509,-0.568525,-0.33351,0.592987
2079553042,3,-0.462929,-0.568247,-0.33422,0.592525
2079553052,3,-0.46332,-0.567983,-0.334963,0.592054
2079553062,3,-0.46369,-0.56772,-0.335739,0.591576
2079553072,3,-0.464031,-0.567457,-0.336539,0.591106
2079553083,3,-0.464313,-0.567156,-0.337385,0.590692
2079553093,3,-0.464553,-0.566846,-0.338254,0.590303
2079553103,3,-0.464785,-0.566514,-0.339118,0.589944
2079553113,3,-0.464989,-0.566178,-0.339995,0.589601
2079553123,3,-0.465163,-0.565823,-0.34088,0.589293
2079553133,3,-0.465289,-0.565465,-0.341781,0.589015
2079553143,3,-0.465392,-0.56509,-0.342689,0.588767
2079553153,3,-0.465475,-0.56472,-0.343591,0.58853
2079553163,3,-0.465526,-0.564329,-0.344514,0.588325
2079553173,3,-0.465512,-0.563917,-0.345495,0.588157
2079553183,3,-0.465447,-0.563488,-0.346517,0.588018
2079553193,3,-0.465352,-0.563067,-0.347557,0.587883
2079553203,3,-0.465233,-0.562699,-0.3486,0.587711
2079553214,3,-0.465133,-0.56237,-0.349608,0.587507
2079553224,3,-0.465051,-0.562087,-0.350563,0.587274
2079553234,3,-0.464984,-0.561862,-0.351474,0.586997
2079553244,3,-0.464961,-0.561712,-0.352302,0.586663
2079553254,3,-0.464986,-0.561655,-0.353043,0.586252
2079553264,3,-0.465067,-0.56168,-0.353684,0.585777
2079553274,3,-0.46516,-0.561768,-0.354276,0.58526
2079553284,3,-0.46525,-0.561898,-0.354829,0.584728
2079553294,3,-0.465337,-0.562076,-0.35534,0.584178
2079553304,3,-0.465401,-0.562296,-0.355811,0.583628
2079553314,3,-0.465432,-0.562531,-0.356258,0.583105
2079553324,3,-0.465442,-0.562773,-0.356663,0.582615
2079553334,3,-0.465424,-0.563029,-0.357033,0.582155
2079553344,3,-0.465403,-0.563282,-0.35734,0.581738
2079553355,3,-0.465369,-0.56355,-0.357593,0.58135
2079553365,3,-0.465308,-0.563825,-0.357805,0.581002
2079553375,3,-0.465216,-0.564091,-0.357991,0.580702
2079553385,3,-0.465069,-0.564365,-0.358168,0.580445
2079553395,3,-0.464856,-0.56461,-0.358352,0.580264
2079553405,3,-0.464544,-0.564839,-0.358587,0.580146
2079553415,3,-0.46412,-0.565031,-0.35888,0.580116
2079553425,3,-0.463586,-0.565178,-0.359239,0.580179
2079553435,3,-0.462948,-0.565303,-0.359649,0.580312
2079553445,3,-0.462227,-0.5654,-0.360091,0.580518
2079553455,3,-0.461482,-0.565478,-0.360512,0.580774
2079553465,3,-0.46077,-0.565579,-0.360864,0.581023
2079553475,3,-0.460107,-0.565719,-0.361122,0.581252
2079553486,3,-0.459561,-0.565918,-0.36123,0.581423
2079553496,3,-0.459153,-0.56619,-0.361167,0.581518
2079553506,3,-0.458875,-0.566532,-0.360948,0.581541
2079553516,3,-0.458704,-0.566937,-0.3606,0.581497
2079553526,3,-0.458655,-0.567394,-0.360108,0.581395
2079553536,3,-0.458679,-0.567914,-0.359513,0.581237
2079553546,3,-0.458789,-0.568462,-0.358801,0.581053
2079553556,3,-0.458956,-0.569056,-0.358003,0.580834
2079553566,3,-0.459175,-0.569642,-0.357117,0.58063
2079553576,3,-0.459429,-0.570234,-0.356165,0.580433
2079553586,3,-0.459717,-0.570822,-0.355135,0.580258
2079553596,3,-0.460049,-0.571427,-0.354033,0.580073
2079553606,3,-0.460409,-0.572032,-0.35288,0.579894
2079553617,3,-0.46078,-0.572606,-0.351682,0.579761
2079553627,3,-0.46115,-0.573131,-0.350466,0.579684
2079553637,3,-0.461485,-0.573598,-0.349266,0.579679
2079553647,3,-0.461769,-0.574007,-0.348106,0.579746
2079553657,3,-0.462002,-0.574332,-0.34699,0.579907
2079553667,3,-0.462178,-0.574587,-0.345946,0.580139
2079553677,3,-0.4623,-0.57475,-0.344968,0.580463
2079553687,3,-0.462391,-0.574847,-0.344035,0.580848
2079553697,3,-0.462434,-0.57488,-0.34318,0.581286
2079553707,3,-0.462444,-0.574859,-0.342383,0.581768
2079553717,3,-0.462448,-0.574805,-0.341626,0.582263
2079553727,3,-0.462458,-0.574719,-0.340894,0.58277
2079553737,3,-0.462499,-0.574617,-0.340178,0.583256
2079553748,3,-0.462577,-0.574498,-0.33946,0.583728
2079553758,3,-0.462711,-0.574394,-0.33871,0.584161
2079553768,3,-0.462917,-0.574296,-0.337913,0.584556
2079553778,3,-0.463208,-0.574211,-0.337045,0.58491
2079553788,3,-0.463592,-0.574178,-0.3361,0.585182
2079553798,3,-0.464072,-0.574186,-0.33507,0.585384
2079553808,3,-0.46464,-0.574222,-0.333964,0.585529
2079553818,3,-0.46524,-0.574288,-0.332825,0.585636
2079553828,3,-0.465885,-0.574372,-0.331639,0.585715
2079553838,3,-0.466544,-0.574482,-0.330444,0.585757
2079553848,3,-0.467238,-0.574622,-0.329219,0.585757
2079553858,3,-0.4679,-0.574766,-0.328029,0.585755
2079553868,3,-0.468509,-0.574901,-0.32691,0.585761
2079553878,3,-0.469034,-0.575021,-0.325908,0.585782
2079553889,3,-0.469473,-0.575091,-0.325006,0.585863
2079553899,3,-0.469815,-0.575083,-0.324236,0.586023
2079553909,3,-0.470076,-0.575003,-0.323589,0.586249
2079553919,3,-0.470286,-0.574844,-0.323034,0.586543
2079553929,3,-0.470462,-0.574626,-0.322575,0.586868
2079553939,3,-0.470612,-0.574347,-0.322195,0.58723
2079553949,3,-0.470728,-0.574004,-0.321907,0.58763
2079553959,3,-0.470795,-0.573613,-0.321737,0.58805
2079553969,3,-0.470844,-0.573166,-0.321669,0.588484
2079553979,3,-0.470855,-0.572675,-0.321713,0.588929
2079553989,3,-0.47083,-0.572113,-0.321879,0.589405
2079553999,3,-0.470784,-0.571508,-0.322141,0.589885
2079554009,3,-0.470734,-0.570875,-0.322478,0.590354
2079554020,3,-0.470695,-0.57026,-0.322878,0.59076
2079554030,3,-0.470722,-0.569694,-0.323254,0.591079
2079554040,3,-0.470848,-0.569197,-0.323596,0.591271
2079554050,3,-0.471093,-0.568771,-0.323867,0.591337
2079554060,3,-0.471417,-0.568429,-0.324097,0.591281
2079554070,3,-0.471811,-0.568174,-0.324291,0.591106
2079554080,3,-0.472217,-0.567987,-0.324524,0.590833
2079554090,3,-0.472634,-0.567842,-0.324773,0.590503
2079554100,3,-0.473032,-0.567719,-0.325065,0.590141
2079554110,3,-0.473388,-0.56762,-0.325417,0.589757
2079554120,3,-0.473707,-0.567518,-0.325825,0.589374
2079554130,3,-0.473995,-0.56739,-0.326287,0.589009
2079554140,3,-0.474251,-0.56724,-0.326784,0.588673
2079554151,3,-0.474465,-0.567044,-0.327331,0.588385
2079554161,3,-0.474645,-0.566809,-0.327929,0.588133
2079554171,3,-0.474764,-0.566521,-0.328596,0.587942
2079554181,3,-0.474819,-0.56617,-0.329348,0.587815
2079554191,3,-0.474798,-0.56577,-0.330191,0.587745
2079554201,3,-0.474694,-0.565301,-0.331127,0.587753
2079554211,3,-0.474498,-0.564772,-0.332165,0.587834
2079554221,3,-0.474251,-0.564196,-0.333273,0.587959
2079554231,3,-0.473927,-0.563598,-0.33447,0.588114
2079554241,3,-0.473545,-0.562965,-0.335749,0.588299
2079554251,3,-0.473131,-0.562307,-0.337077,0.588502
2079554261,3,-0.472682,-0.561657,-0.338453,0.588694
2079554271,3,-0.472207,-0.561022,-0.339867,0.588866
2079554281,3,-0.471733,-0.560441,-0.341297,0.588972
2079554292,3,-0.47128,-0.559931,-0.342699,0.589006
2079554302,3,-0.470859,-0.559507,-0.344068,0.588948
2079554312,3,-0.470489,-0.559157,-0.34538,0.588807
2079554322,3,-0.470173,-0.558928,-0.346626,0.588544
2079554332,3,-0.469906,-0.558794,-0.347798,0.588194
2079554342,3,-0.469678,-0.558765,-0.348904,0.587749
2079554352,3,-0.469508,-0.558835,-0.349926,0.58721
2079554362,3,-0.469373,-0.558982,-0.350866,0.586617
2079554372,3,-0.469233,-0.559181,-0.35177,0.585997
2079554382,3,-0.469095,-0.559428,-0.352626,0.585357
2079554392,3,-0.468957,-0.559704,-0.353422,0.584724
2079554402,3,-0.468773,-0.559981,-0.354188,0.584142
2079554412,3,-0.468536,-0.560263,-0.35492,0.583617
2079554423,3,-0.468235,-0.560526,-0.355636,0.583171
2079554433,3,-0.467886,-0.560761,-0.356305,0.582817
2079554443,3,-0.467481,-0.560967,-0.356942,0.582552
2079554453,3,-0.467018,-0.561153,-0.357548,0.582374
2079554463,3,-0.46653,-0.561314,-0.358105,0.582267
2079554473,3,-0.466002,-0.561455,-0.358629,0.582232
2079554483,3,-0.465469,-0.561593,-0.359094,0.582239
2079554493,3,-0.464915,-0.561715,-0.359521,0.5823
2079554503,3,-0.464363,-0.561844,-0.359905,0.582379
2079554513,3,-0.463815,-0.561993,-0.360236,0.582468
2079554523,3,-0.463269,-0.562155,-0.360542,0.582555
2079554533,3,-0.462727,-0.562364,-0.360813,0.582617
2079554543,3,-0.462205,-0.562577,-0.36106,0.582672
2079554554,3,-0.461697,-0.5628,-0.361282,0.582722
2079554564,3,-0.461207,-0.56303,-0.361485,0.582762
2079554574,3,-0.460761,-0.563261,-0.361639,0.582797
2079554584,3,-0.460389,-0.563515,-0.361729,0.582789
2079554594,3,-0.460106,-0.563796,-0.361738,0.582736
2079554604,3,-0.459936,-0.564114,-0.361653,0.582614
2079554614,3,-0.459889,-0.564479,-0.361464,0.582416
2079554624,3,-0.45997,-0.564888,-0.361172,0.582136
2079554634,3,-0.460183,-0.565335,-0.360776,0.581779
2079554644,3,-0.4605,-0.565816,-0.360293,0.58136
2079554654,3,-0.460892,-0.566321,-0.359764,0.580885
2079554664,3,-0.46132,-0.566845,-0.359212,0.580376
2079554674,3,-0.461788,-0.567361,-0.358642,0.579851
2079554685,3,-0.462273,-0.567878,-0.358076,0.579308
2079554695,3,-0.46276,-0.568373,-0.357512,0.578782
2079554705,3,-0.463252,-0.568824,-0.356954,0.578289
2079554715,3,-0.463748,-0.569211,-0.356397,0.577855
2079554725,3,-0.464249,-0.569533,-0.355835,0.577481
2079554735,3,-0.464759,-0.569776,-0.355263,0.577183
2079554745,3,-0.465279,-0.569944,-0.354683,0.576956
2079554755,3,-0.465785,-0.570035,-0.35412,0.576803
2079554765,3,-0.466248,-0.570056,-0.353592,0.576732
2079554775,3,-0.466683,-0.569983,-0.353111,0.576747
2079554785,3,-0.467067,-0.569825,-0.352696,0.576846
2079554795,3,-0.467415,-0.569602,-0.352339,0.577003
2079554805,3,-0.467711,-0.569322,-0.352053,0.577213
2079554815,3,-0.46799,-0.568992,-0.351819,0.577456
2079554826,3,-0.468255,-0.568632,-0.351631,0.57771
2079554836,3,-0.468497,-0.568272,-0.351482,0.577959
2079554846,3,-0.468753,-0.567917,-0.351352,0.578178
2079554856,3,-0.469032,-0.56758,-0.35123,0.578358
2079554866,3,-0.469381,-0.567267,-0.351055,0.578488
2079554876,3,-0.469801,-0.566973,-0.350823,0.578576
2079554886,3,-0.470309,-0.566726,-0.350518,0.57859
2079554896,3,-0.470892,-0.566529,-0.350138,0.578539
2079554906,3,-0.471536,-0.566382,-0.349693,0.578427
2079554916,3,-0.472242,-0.566273,-0.349177,0.57827
2079554926,3,-0.472983,-0.566204,-0.348609,0.578074
2079554936,3,-0.47374,-0.566155,-0.348001,0.577869
2079554946,3,-0.474497,-0.566111,-0.347347,0.577684
2079554957,3,-0.475261,-0.566087,-0.346659,0.577493
2079554967,3,-0.47601,-0.566047,-0.345945,0.577344
2079554977,3,-0.476717,-0.565961,-0.345244,0.577265
2079554987,3,-0.477369,-0.565826,-0.344568,0.577261
2079554997,3,-0.47797,-0.565631,-0.343907,0.577349
2079555007,3,-0.478525,-0.565362,-0.343256,0.57754
2079555017,3,-0.479032,-0.565042,-0.342621,0.577811
2079555027,3,-0.479501,-0.564663,-0.341992,0.578165
2079555037,3,-0.479921,-0.564213,-0.341403,0.578603
2079555047,3,-0.480288,-0.56368,-0.340856,0.579141
2079555057,3,-0.480589,-0.56306,-0.34038,0.579773
2079555067,3,-0.480814,-0.562361,-0.339988,0.580495
2079555077,3,-0.481003,-0.561623,-0.339666,0.581241
2079555088,3,-0.481158,-0.560854,-0.3394,0.58201
2079555098,3,-0.481303,-0.560083,-0.339181,0.58276
2079555108,3,-0.48146,-0.559303,-0.338988,0.583491
2079555118,3,-0.481657,-0.558553,-0.338796,0.584157
2079555128,3,-0.481909,-0.557857,-0.338596,0.584731
2079555138,3,-0.482224,-0.557213,-0.338386,0.585207
2079555148,3,-0.482579,-0.556643,-0.33818,0.585575
2079555158,3,-0.482991,-0.556166,-0.337977,0.585807
2079555168,3,-0.483452,-0.555764,-0.337779,0.585921
2079555178,3,-0.483983,-0.555439,-0.337573,0.585909
2079555188,3,-0.484554,-0.555183,-0.337378,0.585792
2079555198,3,-0.485167,-0.554987,-0.337199,0.585574
2079555208,3,-0.485798,-0.554822,-0.337047,0.585295
2079555218,3,-0.486445,-0.554663,-0.336927,0.584977
2079555229,3,-0.4871,-0.554496,-0.336849,0.584636
2079555239,3,-0.487772,-0.554298,-0.336793,0.584295
2079555249,3,-0.488435,-0.554048,-0.33679,0.58398
2079555259,3,-0.489083,-0.553752,-0.336856,0.58368
2079555269,3,-0.489717,-0.55339,-0.336981,0.58342
2079555279,3,-0.490323,-0.552968,-0.3372,0.583185
2079555289,3,-0.490881,-0.552475,-0.337531,0.582991
2079555299,3,-0.491392,-0.551901,-0.337971,0.582848
2079555309,3,-0.491854,-0.551259,-0.338526,0.582745
2079555319,3,-0.492256,-0.550555,-0.339211,0.582673
2079555329,3,-0.492588,-0.549789,-0.34005,0.582626
2079555339,3,-0.492847,-0.548973,-0.341054,0.58259
2079555349,3,-0.493019,-0.548099,-0.342224,0.582581
2079555360,3,-0.493127,-0.547181,-0.34353,0.582584
2079555370,3,-0.49318,-0.546239,-0.344957,0.58258
2079555380,3,-0.493198,-0.545281,-0.346486,0.582555
2079555390,3,-0.493187,-0.544325,-0.34809,0.582501
2079555400,3,-0.493168,-0.543388,-0.349743,0.582403
2079555410,3,-0.49315,-0.542498,-0.351435,0.58223
2079555420,3,-0.493148,-0.541687,-0.353133,0.581958
2079555430,3,-0.493187,-0.540971,-0.354812,0.58157
2079555440,3,-0.493269,-0.540396,-0.356443,0.581037
2079555450,3,-0.493405,-0.539937,-0.358022,0.580378
2079555460,3,-0.493604,-0.539586,-0.359524,0.579606
2079555470,3,-0.493824,-0.539342,-0.360988,0.578735
2079555480,3,-0.494068,-0.539186,-0.362401,0.577787
2079555491,3,-0.494289,-0.539102,-0.363799,0.576798
2079555501,3,-0.494461,-0.539088,-0.365189,0.575785
2079555511,3,-0.494585,-0.53911,-0.366571,0.574778
2079555521,3,-0.494641,-0.539148,-0.367955,0.573809
2079555531,3,-0.494632,-0.53917,-0.36932,0.572919
2079555541,3,-0.494554,-0.539189,-0.370661,0.572102
2079555551,3,-0.49442,-0.539203,-0.371964,0.571358
2079555561,3,-0.494227,-0.539212,-0.373229,0.570691
2079555571,3,-0.493974,-0.539215,-0.374455,0.570104
2079555581,3,-0.493664,-0.53921,-0.37565,0.569591
2079555591,3,-0.493274,-0.539178,-0.376825,0.569182
2079555601,3,-0.492807,-0.539117,-0.377974,0.568883
2079555611,3,-0.492251,-0.539033,-0.379114,0.568685
2079555622,3,-0.49162,-0.538937,-0.38024,0.568571
2079555632,3,-0.490932,-0.53884,-0.381332,0.568525
2079555642,3,-0.490215,-0.538763,-0.38237,0.56852
2079555652,3,-0.489471,-0.538737,-0.383355,0.568522
2079555662,3,-0.488737,-0.538782,-0.384273,0.56849
2079555672,3,-0.488048,-0.538899,-0.385084,0.568424
2079555682,3,-0.487414,-0.539112,-0.385774,0.568298
2079555692,3,-0.486859,-0.539431,-0.386333,0.56809
2079555702,3,-0.486377,-0.539868,-0.386758,0.5678
2079555712,3,-0.485948,-0.54041,-0.387078,0.567433
2079555722,3,-0.485571,-0.541071,-0.387278,0.566989
2079555732,3,-0.485236,-0.541826,-0.387372,0.566491
2079555742,3,-0.484932,-0.54269,-0.387354,0.565936
2079555752,3,-0.484664,-0.543631,-0.387235,0.565344
2079555763,3,-0.484422,-0.544637,-0.387006,0.564739
2079555773,3,-0.484197,-0.5457,-0.386688,0.564123
2079555783,3,-0.483981,-0.546801,-0.386282,0.563521
2079555793,3,-0.483773,-0.547921,-0.385786,0.56295
2079555803,3,-0.483545,-0.549045,-0.385219,0.562439
2079555813,3,-0.483327,-0.550153,-0.38456,0.561995
2079555823,3,-0.48308,-0.551225,-0.383832,0.561654
2079555833,3,-0.482805,-0.552236,-0.383054,0.561429
2079555843,3,-0.482499,-0.553182,-0.382227,0.561324
2079555853,3,-0.48216,-0.554052,-0.381355,0.56135
2079555863,3,-0.481782,-0.554827,-0.380453,0.561522
2079555873,3,-0.481385,-0.555508,-0.379518,0.561821
2079555883,3,-0.480959,-0.556091,-0.378574,0.562247
2079555894,3,-0.480524,-0.556579,-0.377596,0.562792
2079555904,3,-0.480087,-0.55697,-0.3766,0.563446
2079555914,3,-0.479643,-0.557279,-0.375604,0.564183
2079555924,3,-0.47922,-0.557539,-0.37459,0.56496
2079555934,3,-0.478833,-0.557765,-0.373551,0.565752
2079555944,3,-0.47848,-0.557972,-0.372492,0.566544
2079555954,3,-0.478174,-0.558189,-0.371418,0.567293
2079555964,3,-0.477944,-0.558421,-0.370304,0.567986
2079555974,3,-0.477784,-0.558702,-0.369149,0.568596
2079555984,3,-0.477722,-0.559045,-0.367937,0.569097
2079555994,3,-0.477757,-0.559456,-0.366657,0.56949
2079556004,3,-0.477896,-0.559966,-0.365313,0.569735
2079556014,3,-0.478141,-0.560516,-0.363901,0.569892
2079556025,3,-0.478449,-0.561119,-0.362457,0.569961
2079556035,3,-0.478785,-0.561759,-0.36101,0.569967
2079556045,3,-0.479121,-0.562409,-0.359582,0.569946
2079556055,3,-0.479416,-0.563031,-0.358216,0.569943
2079556065,3,-0.47966,-0.563608,-0.356904,0.569992
2079556075,3,-0.479844,-0.564105,-0.355644,0.570133
2079556085,3,-0.479985,-0.564504,-0.354428,0.570376
2079556095,3,-0.480087,-0.564811,-0.353242,0.570722
2079556105,3,-0.480182,-0.565015,-0.352063,0.571168
2079556115,3,-0.480269,-0.565129,-0.350881,0.57171
2079556125,3,-0.480376,-0.565141,-0.349674,0.572347
2079556135,3,-0.480496,-0.565061,-0.348454,0.573069
2079556145,3,-0.480609,-0.564896,-0.347248,0.573868
2079556155,3,-0.480711,-0.564655,-0.346052,0.574741
2079556166,3,-0.480797,-0.56433,-0.344882,0.575691
2079556176,3,-0.480861,-0.563933,-0.343749,0.576703
2079556186,3,-0.480896,-0.563499,-0.342659,0.577746
2079556196,3,-0.480953,-0.56301,-0.341581,0.578813
2079556206,3,-0.481042,-0.562494,-0.340491,0.579882
2079556216,3,-0.481159,-0.562,-0.339408,0.580899
2079556226,3,-0.48132,-0.56152,-0.338317,0.581865
2079556236,3,-0.481507,-0.561077,-0.337242,0.58276
2079556246,3,-0.481737,-0.560674,-0.33618,0.583571
2079556256,3,-0.482003,-0.560341,-0.335127,0.584276
2079556266,3,-0.482291,-0.560088,-0.3341,0.58487
2079556276,3,-0.482598,-0.559888,-0.333105,0.585375
2079556286,3,-0.482898,-0.559742,-0.332168,0.585799
2079556297,3,-0.483184,-0.559645,-0.331298,0.586149
2079556307,3,-0.483437,-0.559601,-0.330518,0.586423
2079556317,3,-0.483627,-0.559573,-0.329849,0.586669
2079556327,3,-0.483746,-0.55956,-0.32931,0.586886
2079556337,3,-0.483776,-0.559557,-0.328902,0.587093
2079556347,3,-0.483734,-0.559571,-0.328618,0.587273
2079556357,3,-0.483627,-0.559593,-0.328439,0.587441
2079556367,3,-0.483463,-0.559602,-0.328349,0.587618
2079556377,3,-0.483223,-0.559587,-0.328348,0.587829
2079556387,3,-0.482929,-0.559543,-0.328434,0.588065
2079556397,3,-0.482575,-0.559438,-0.3286,0.588363
2079556407,3,-0.482162,-0.559292,-0.328836,0.588708
2079556417,3,-0.481721,-0.559102,-0.329115,0.589094
2079556428,3,-0.481269,-0.558861,-0.329429,0.589516
2079556438,3,-0.480821,-0.558595,-0.329766,0.589945
2079556448,3,-0.480365,-0.558301,-0.330137,0.590387
2079556458,3,-0.4799,-0.557997,-0.33055,0.590821
2079556468,3,-0.479422,-0.557681,-0.331025,0.591243
2079556478,3,-0.478916,-0.557376,-0.331569,0.591634
2079556488,3,-0.478389,-0.557081,-0.332173,0.591999
2079556498,3,-0.47785,-0.556832,-0.332832,0.592299
2079556508,3,-0.477325,-0.556622,-0.333511,0.592539
2079556518,3,-0.476844,-0.556463,-0.334173,0.592703
2079556528,3,-0.476409,-0.556372,-0.334799,0.592784
2079556538,3,-0.47605,-0.556369,-0.33537,0.592752
2079556548,3,-0.475799,-0.556467,-0.335854,0.592587
2079556559,3,-0.475623,-0.556683,-0.336272,0.592288
2079556569,3,-0.475482,-0.557007,-0.336679,0.591866
2079556579,3,-0.475342,-0.557425,-0.337096,0.591348
2079556589,3,-0.475156,-0.557904,-0.337558,0.590782
2079556599,3,-0.47491,-0.558423,-0.338078,0.590192
2079556609,3,-0.47458,-0.558968,-0.338675,0.589598
2079556619,3,-0.474149,-0.559516,-0.339348,0.589038
2079556629,3,-0.473639,-0.560058,-0.34007,0.588517
2079556639,3,-0.473047,-0.560584,-0.340839,0.588046
2079556649,3,-0.472405,-0.561114,-0.341616,0.587606
2079556659,3,-0.471717,-0.561638,-0.342396,0.587205
2079556669,3,-0.471013,-0.562161,-0.343147,0.58683
2079556679,3,-0.470312,-0.562682,-0.343851,0.586481
2079556689,3,-0.469632,-0.563182,-0.344495,0.586168
2079556700,3,-0.468952,-0.563648,-0.345105,0.585906
2079556710,3,-0.468283,-0.564085,-0.345671,0.585687
2079556720,3,-0.46762,-0.564483,-0.346214,0.585512
2079556730,3,-0.466947,-0.564833,-0.346758,0.58539
2079556740,3,-0.466285,-0.565143,-0.347295,0.5853
2079556750,3,-0.465635,-0.565418,-0.347816,0.585242
2079556760,3,-0.46504,-0.565684,-0.348294,0.585173
2079556770,3,-0.464506,-0.565954,-0.348739,0.585072
2079556780,3,-0.464035,-0.566248,-0.349143,0.584921
2079556790,3,-0.46362,-0.56658,-0.349519,0.584703
2079556800,3,-0.463263,-0.566964,-0.349868,0.584405
2079556810,3,-0.46294,-0.567394,-0.350207,0.584041
2079556820,3,-0.462666,-0.56787,-0.350535,0.583599
2079556831,3,-0.462435,-0.56839,-0.350829,0.583098
2079556841,3,-0.462239,-0.568962,-0.351109,0.582528
2079556851,3,-0.46208,-0.569584,-0.351361,0.581894
2079556861,3,-0.461968,-0.570236,-0.351582,0.58121
2079556871,3,-0.461906,-0.570919,-0.351756,0.580483
2079556881,3,-0.461858,-0.571609,-0.351914,0.579745
2079556891,3,-0.461814,-0.572282,-0.352065,0.579024
2079556901,3,-0.461762,-0.572927,-0.352213,0.578338
2079556911,3,-0.461674,-0.573513,-0.352392,0.577718
2079556921,3,-0.461586,-0.574033,-0.352558,0.57717
2079556931,3,-0.461496,-0.57449,-0.352699,0.576702
2079556941,3,-0.46141,-0.574876,-0.352824,0.576308
2079556951,3,-0.461319,-0.575195,-0.352932,0.575998
2079556962,3,-0.461244,-0.57543,-0.353011,0.575774
2079556972,3,-0.461173,-0.575595,-0.353065,0.575633
2079556982,3,-0.461121,-0.575687,-0.353084,0.57557
2079556992,3,-0.461078,-0.575718,-0.353082,0.575576
2079557002,3,-0.461027,-0.575695,-0.35309,0.575634
2079557012,3,-0.460971,-0.575603,-0.35311,0.57576
2079557022,3,-0.460892,-0.575446,-0.353164,0.575946
2079557032,3,-0.460802,-0.575238,-0.353238,0.57618
2079557042,3,-0.46072,-0.575003,-0.353316,0.576432
2079557052,3,-0.460656,-0.574746,-0.353393,0.576693
2079557062,3,-0.460624,-0.574483,-0.353451,0.576945
2079557072,3,-0.460639,-0.574225,-0.353474,0.577176
2079557082,3,-0.460699,-0.573981,-0.35346,0.577378
2079557092,3,-0.460826,-0.57377,-0.353384,0.577533
2079557103,3,-0.461023,-0.573595,-0.353252,0.577631
2079557113,3,-0.461283,-0.573458,-0.35306,0.577676
2079557123,3,-0.461612,-0.573344,-0.352795,0.577689
2079557133,3,-0.462013,-0.573276,-0.352444,0.57765
2079557143,3,-0.462479,-0.573238,-0.352011,0.57758
2079557153,3,-0.462999,-0.573205,-0.351504,0.577505
2079557163,3,-0.463532,-0.573184,-0.350952,0.577433
2079557173,3,-0.464087,-0.57314,-0.350354,0.577394
2079557183,3,-0.464644,-0.573047,-0.349729,0.577417
2079557193,3,-0.465185,-0.572901,-0.349087,0.577515
2079557203,3,-0.465712,-0.572664,-0.348432,0.577721
2079557213,3,-0.46624,-0.57236,-0.347754,0.578006
2079557223,3,-0.466774,-0.572001,-0.347043,0.578357
2079557234,3,-0.467326,-0.571558,-0.346314,0.578785
2079557244,3,-0.467851,-0.571048,-0.345604,0.57929
2079557254,3,-0.468363,-0.570481,-0.3449,0.579853
2079557264,3,-0.468901,-0.569871,-0.344182,0.580445
2079557274,3,-0.469436,-0.56921,-0.343494,0.581067
2079557284,3,-0.469975,-0.568512,-0.342827,0.581709
2079557294,3,-0.470511,-0.56779,-0.342199,0.58235
2079557304,3,-0.471064,-0.567068,-0.341602,0.582957
2079557314,3,-0.471625,-0.56636,-0.341044,0.583518
2079557324,3,-0.472196,-0.565666,-0.340535,0.584026
2079557334,3,-0.472777,-0.564984,-0.340056,0.584496
2079557344,3,-0.473364,-0.564341,-0.33962,0.584895
2079557354,3,-0.473987,-0.563743,-0.339201,0.585209
2079557365,3,-0.474618,-0.563174,-0.338812,0.585472
2079557375,3,-0.475252,-0.562647,-0.338462,0.585667
2079557385,3,-0.475893,-0.562153,-0.338138,0.585808
2079557395,3,-0.476566,-0.561702,-0.337803,0.585886
2079557405,3,-0.477267,-0.561297,-0.337464,0.585899
2079557415,3,-0.477993,-0.560941,-0.337103,0.585856
2079557425,3,-0.47874,-0.560614,-0.336746,0.585765
2079557435,3,-0.479502,-0.56032,-0.336385,0.58563
2079557445,3,-0.480244,-0.560035,-0.336049,0.585487
2079557455,3,-0.480945,-0.559741,-0.335763,0.585358
2079557465,3,-0.481565,-0.559413,-0.335579,0.585267
2079557475,3,-0.482114,-0.559059,-0.335475,0.585213
2079557485,3,-0.482569,-0.558678,-0.335472,0.585203
2079557496,3,-0.482959,-0.558248,-0.335538,0.585253
2079557506,3,-0.483318,-0.557774,-0.33564,0.585351
2079557516,3,-0.483623,-0.557262,-0.335795,0.585498
2079557526,3,-0.483887,-0.556714,-0.336012,0.585677
2079557536,3,-0.484121,-0.556158,-0.336276,0.585859
2079557546,3,-0.484309,-0.555571,-0.336601,0.586074
2079557556,3,-0.484437,-0.554982,-0.337013,0.586289
2079557566,3,-0.484519,-0.55438,-0.337504,0.58651
2079557576,3,-0.484521,-0.553768,-0.338095,0.586745
2079557586,3,-0.484452,-0.553162,-0.338775,0.586982
2079557596,3,-0.484305,-0.552568,-0.339547,0.587216
2079557606,3,-0.484082,-0.551999,-0.340396,0.587444
2079557616,3,-0.483804,-0.551493,-0.341304,0.587621
2079557626,3,-0.483466,-0.551067,-0.342268,0.587738
2079557637,3,-0.483105,-0.550731,-0.343238,0.587785
2079557647,3,-0.482735,-0.550522,-0.344189,0.587729
2079557657,3,-0.482377,-0.550439,-0.345099,0.587565
2079557667,3,-0.48204,-0.55049,-0.345944,0.587299
2079557677,3,-0.481693,-0.550647,-0.346759,0.586955
2079557687,3,-0.481325,-0.55089,-0.347534,0.58657
2079557697,3,-0.480925,-0.551186,-0.34829,0.586171
2079557707,3,-0.480496,-0.551519,-0.349012,0.585781
2079557717,3,-0.480021,-0.551845,-0.349695,0.585455
2079557727,3,-0.479545,-0.552173,-0.350311,0.585168
2079557737,3,-0.479068,-0.55247,-0.350852,0.584955
2079557747,3,-0.478628,-0.552741,-0.351282,0.584801
2079557757,3,-0.47824,-0.552978,-0.351602,0.584701
2079557768,3,-0.477912,-0.553188,-0.351792,0.584657
2079557778,3,-0.47764,-0.553374,-0.351879,0.584651
2079557788,3,-0.477433,-0.553533,-0.351853,0.584684
2079557798,3,-0.477267,-0.553677,-0.35176,0.58474
2079557808,3,-0.477123,-0.553802,-0.351615,0.584826
2079557818,3,-0.476977,-0.553918,-0.351463,0.584927
2079557828,3,-0.476801,-0.554023,-0.351329,0.585051
2079557838,3,-0.476611,-0.55415,-0.351228,0.585147
2079557848,3,-0.476374,-0.554291,-0.351187,0.58523
2079557858,3,-0.476102,-0.554485,-0.351212,0.585254
2079557868,3,-0.475772,-0.554735,-0.351334,0.585211
2079557878,3,-0.4754,-0.555049,-0.351545,0.58509
2079557888,3,-0.47499,-0.555438,-0.351837,0.584878
2079557899,3,-0.474566,-0.55588,-0.352198,0.584584
2079557909,3,-0.474119,-0.556405,-0.352616,0.584195
2079557919,3,-0.473677,-0.557018,-0.35307,0.583696
2079557929,3,-0.473259,-0.557718,-0.353516,0.583096
2079557939,3,-0.472873,-0.558504,-0.353947,0.582395
2079557949,3,-0.472532,-0.559358,-0.354331,0.581618
2079557959,3,-0.472236,-0.560256,-0.354663,0.580791
2079557969,3,-0.471971,-0.561198,-0.354955,0.579919
2079557979,3,-0.471728,-0.562169,-0.3552,0.579025
2079557989,3,-0.471488,-0.563147,-0.355404,0.578145
2079557999,3,-0.471216,-0.564126,-0.355595,0.577294
2079558009,3,-0.470893,-0.565071,-0.355773,0.576523
2079558019,3,-0.470537,-0.565969,-0.355927,0.575837
2079558030,3,-0.470118,-0.566815,-0.356073,0.575257
2079558040,3,-0.469647,-0.56763,-0.356182,0.57477
2079558050,3,-0.469159,-0.568404,-0.356232,0.574372
2079558060,3,-0.468651,-0.569146,-0.356222,0.574059
2079558070,3,-0.468126,-0.569879,-0.356141,0.573809
2079558080,3,-0.467614,-0.570578,-0.355988,0.573628
2079558090,3,-0.467074,-0.571265,-0.355782,0.573512
2079558100,3,-0.466496,-0.571912,-0.355554,0.573478
2079558110,3,-0.465875,-0.572496,-0.355316,0.573549
2079558120,3,-0.4652,-0.573029,-0.35507,0.573716
2079558130,3,-0.464466,-0.573509,-0.35484,0.573974
2079558140,3,-0.463681,-0.573953,-0.354622,0.574299
2079558150,3,-0.462873,-0.574371,-0.354404,0.574667
2079558160,3,-0.462059,-0.574769,-0.354161,0.575074
2079558171,3,-0.461261,-0.57518,-0.353873,0.575481
2079558181,3,-0.46051,-0.575622,-0.353525,0.575854
2079558191,3,-0.459838,-0.576098,-0.353092,0.576181
2079558201,3,-0.459265,-0.576641,-0.352537,0.576434
2079558211,3,-0.458831,-0.577241,-0.351845,0.576603
2079558221,3,-0.458554,-0.577897,-0.350984,0.576691
2079558231,3,-0.458452,-0.578589,-0.349945,0.576708
2079558241,3,-0.458484,-0.579297,-0.348776,0.576681
2079558251,3,-0.458662,-0.579989,-0.34746,0.576639
2079558261,3,-0.458989,-0.580648,-0.346006,0.576589
2079558271,3,-0.459433,-0.581256,-0.344448,0.576556
2079558281,3,-0.459966,-0.581799,-0.342822,0.576553
2079558291,3,-0.460591,-0.582246,-0.341134,0.576602
2079558302,3,-0.461278,-0.582597,-0.339421,0.57671
2079558312,3,-0.461995,-0.582825,-0.337732,0.576898
2079558322,3,-0.462717,-0.582927,-0.336097,0.57717
2079558332,3,-0.463421,-0.582899,-0.334559,0.577528
2079558342,3,-0.464096,-0.582732,-0.333146,0.577971
2079558352,3,-0.464727,-0.582426,-0.331875,0.578503
2079558362,3,-0.46531,-0.582001,-0.330763,0.579099
2079558372,3,-0.465837,-0.581472,-0.329846,0.579729
2079558382,3,-0.466312,-0.580838,-0.329114,0.580399
2079558392,3,-0.466733,-0.580111,-0.328584,0.581087
2079558402,3,-0.467124,-0.579275,-0.328244,0.581799
2079558412,3,-0.467479,-0.578332,-0.328093,0.582537
2079558422,3,-0.46781,-0.577312,-0.328119,0.583267
2079558433,3,-0.468141,-0.576236,-0.328297,0.583965
2079558443,3,-0.468505,-0.575147,-0.328587,0.584584
2079558453,3,-0.468925,-0.574047,-0.328953,0.585122
2079558463,3,-0.469411,-0.572974,-0.329373,0.585547
2079558473,3,-0.469999,-0.571954,-0.329792,0.585837
2079558483,3,-0.470699,-0.570984,-0.330192,0.585996
2079558493,3,-0.471512,-0.570073,-0.330545,0.58603
2079558503,3,-0.472434,-0.569224,-0.330835,0.585949
2079558513,3,-0.473458,-0.568414,-0.331061,0.585782
2079558523,3,-0.474546,-0.567645,-0.331249,0.58554
2079558533,3,-0.47567,-0.566907,-0.331418,0.585248
2079558543,3,-0.476807,-0.566174,-0.331571,0.584945
2079558553,3,-0.477917,-0.565412,-0.331746,0.584677
2079558563,3,-0.478995,-0.564619,-0.331931,0.584456
2079558574,3,-0.480036,-0.563768,-0.332128,0.584312
2079558584,3,-0.481041,-0.562859,-0.332331,0.584246
2079558594,3,-0.482011,-0.561891,-0.332549,0.584254
2079558604,3,-0.482962,-0.560857,-0.332761,0.584342
2079558614,3,-0.483886,-0.55976,-0.332979,0.584506
2079558624,3,-0.484768,-0.5586,-0.333223,0.584745
2079558634,3,-0.485606,-0.557371,-0.333524,0.585051
2079558644,3,-0.486354,-0.556105,-0.333915,0.58541
2079558654,3,-0.486995,-0.554789,-0.33444,0.585827
2079558664,3,-0.487515,-0.553441,-0.335121,0.58628
2079558674,3,-0.487911,-0.552061,-0.335957,0.586773
2079558684,3,-0.488174,-0.550642,-0.336951,0.587318
2079558694,3,-0.488314,-0.549219,-0.338093,0.587877
2079558705,3,-0.488371,-0.547829,-0.339333,0.588412
2079558715,3,-0.48837,-0.546504,-0.340646,0.588886
2079558725,3,-0.488362,-0.545271,-0.341963,0.589272
2079558735,3,-0.488356,-0.544134,-0.343278,0.589563
2079558745,3,-0.488385,-0.543133,-0.344531,0.589731
2079558755,3,-0.488462,-0.542266,-0.34571,0.589775
2079558765,3,-0.488585,-0.541534,-0.346819,0.589694
2079558775,3,-0.488747,-0.540951,-0.347866,0.589479
2079558785,3,-0.488926,-0.540495,-0.348857,0.589163
2079558795,3,-0.489106,-0.540172,-0.349811,0.588745
2079558805,3,-0.489262,-0.539969,-0.350732,0.588253
2079558815,3,-0.489397,-0.539855,-0.351617,0.587717
2079558825,3,-0.48949,-0.539798,-0.352494,0.587166
2079558836,3,-0.489552,-0.539765,-0.353343,0.586634
2079558846,3,-0.489567,-0.539763,-0.354166,0.586126
2079558856,3,-0.489505,-0.539773,-0.35501,0.585659
2079558866,3,-0.489386,-0.539795,-0.35584,0.585234
2079558876,3,-0.489222,-0.539807,-0.356641,0.584872
2079558886,3,-0.488975,-0.539827,-0.357465,0.584558
2079558896,3,-0.488636,-0.539824,-0.358322,0.584319
2079558906,3,-0.488201,-0.539802,-0.359216,0.584153
2079558916,3,-0.487658,-0.539754,-0.360169,0.584065
2079558926,3,-0.487006,-0.539687,-0.361188,0.584041
2079558936,3,-0.486265,-0.539622,-0.362263,0.584053
2079558946,3,-0.485468,-0.539568,-0.363362,0.584084
2079558956,3,-0.484627,-0.539547,-0.364478,0.584106
2079558967,3,-0.483759,-0.539595,-0.365611,0.584073
2079558977,3,-0.482881,-0.539727,-0.366732,0.583975
2079558987,3,-0.481993,-0.539949,-0.367859,0.583794
2079558997,3,-0.481094,-0.54029,-0.368976,0.583516
2079559007,3,-0.480194,-0.540752,-0.37008,0.58313
2079559017,3,-0.479303,-0.541338,-0.37115,0.582638
2079559027,3,-0.47844,-0.542058,-0.372166,0.58203
2079559037,3,-0.477606,-0.54293,-0.373114,0.581294
2079559047,3,-0.476813,-0.543953,-0.373971,0.580438
2079559057,3,-0.476053,-0.545137,-0.374737,0.579456
2079559067,3,-0.475321,-0.546463,-0.375409,0.578372
2079559077,3,-0.474568,-0.547931,-0.376019,0.577205
2079559087,3,-0.47383,-0.549521,-0.376524,0.575968
2079559097,3,-0.473103,-0.551207,-0.376923,0.574693
2079559108,3,-0.472381,-0.552958,-0.37721,0.573415
2079559118,3,-0.471643,-0.554767,-0.377394,0.572152
2079559128,3,-0.470899,-0.556609,-0.377471,0.570924
2079559138,3,-0.47013,-0.558443,-0.377465,0.56977
2079559148,3,-0.46932,-0.560254,-0.377387,0.56871
2079559158,3,-0.468475,-0.562011,-0.377235,0.567774
2079559168,3,-0.467597,-0.563696,-0.376996,0.566985
2079559178,3,-0.466717,-0.565291,-0.37666,0.566345
2079559188,3,-0.465849,-0.566828,-0.376198,0.56583
2079559198,3,-0.46504,-0.56828,-0.375591,0.565442
2079559208,3,-0.464302,-0.569644,-0.374833,0.565179
2079559218,3,-0.463665,-0.570938,-0.373911,0.565007
2079559228,3,-0.463144,-0.572165,-0.372804,0.564924
2079559239,3,-0.462733,-0.573316,-0.371538,0.564929
2079559249,3,-0.462432,-0.574417,-0.370122,0.564986
2079559259,3,-0.462256,-0.5755,-0.368563,0.565047
2079559269,3,-0.462185,-0.576574,-0.366882,0.565104
2079559279,3,-0.462228,-0.577667,-0.365089,0.565114
2079559289,3,-0.462379,-0.578768,-0.363198,0.565083
2079559299,3,-0.462595,-0.57987,-0.361249,0.565026
2079559309,3,-0.462872,-0.580982,-0.359257,0.564927
2079559319,3,-0.463193,-0.582075,-0.357258,0.564806
2079559329,3,-0.463535,-0.583124,-0.355269,0.564698
2079559339,3,-0.463898,-0.584113,-0.353294,0.564617
2079559349,3,-0.464273,-0.585017,-0.351345,0.564588
2079559359,3,-0.46466,-0.585817,-0.349433,0.564628
2079559370,3,-0.465041,-0.586529,-0.347575,0.564721
2079559380,3,-0.465414,-0.587125,-0.345775,0.5649
2079559390,3,-0.465769,-0.587582,-0.34405,0.565185
2079559400,3,-0.466096,-0.587905,-0.342413,0.565573
2079559410,3,-0.466396,-0.588101,-0.340861,0.566059
2079559420,3,-0.466661,-0.588139,-0.339402,0.566678
2079559430,3,-0.466864,-0.588032,-0.338056,0.567427
2079559440,3,-0.467009,-0.58777,-0.336839,0.568301
2079559450,3,-0.46708,-0.587361,-0.335758,0.569305
2079559460,3,-0.467093,-0.586787,-0.334815,0.570441
2079559470,3,-0.467065,-0.586073,-0.334,0.571674
2079559480,3,-0.467027,-0.585223,-0.333277,0.572995
2079559490,3,-0.467036,-0.584258,-0.332598,0.574366
2079559500,3,-0.467105,-0.583206,-0.331949,0.575753
2079559511,3,-0.467222,-0.582081,-0.331332,0.577151
2079559521,3,-0.467401,-0.580893,-0.330746,0.578536
2079559531,3,-0.467657,-0.579664,-0.330172,0.579889
2079559541,3,-0.467974,-0.57841,-0.329626,0.581194
2079559551,3,-0.468358,-0.577146,-0.329099,0.58244
2079559561,3,-0.468831,-0.575876,-0.328552,0.583623
2079559571,3,-0.469413,-0.574611,-0.327962,0.584732
2079559581,3,-0.470124,-0.573364,-0.327305,0.585753
2079559591,3,-0.470963,-0.572155,-0.326571,0.58667
2079559601,3,-0.471927,-0.570966,-0.325778,0.587494
2079559611,3,-0.472956,-0.569808,-0.324983,0.588231
2079559621,3,-0.474052,-0.568675,-0.324192,0.588881
2079559631,3,-0.475169,-0.567559,-0.32344,0.589471
2079559642,3,-0.476274,-0.566424,-0.322779,0.590032
2079559652,3,-0.477312,-0.565277,-0.32225,0.590583
2079559662,3,-0.478268,-0.564086,-0.321874,0.591152
2079559672,3,-0.479118,-0.562848,-0.321669,0.591756
2079559682,3,-0.479887,-0.561528,-0.321603,0.592422
2079559692,3,-0.480592,-0.560123,-0.321649,0.593156
2079559702,3,-0.481247,-0.558654,-0.321798,0.593928
2079559712,3,-0.481902,-0.557124,-0.322013,0.594717
2079559722,3,-0.482557,-0.555576,-0.322292,0.595483
2079559732,3,-0.483223,-0.554014,-0.322612,0.596225
2079559742,3,-0.483934,-0.552435,-0.322957,0.596926
2079559752,3,-0.48468,-0.550854,-0.32336,0.597564
2079559762,3,-0.485436,-0.549245,-0.323858,0.59816
2079559773,3,-0.486179,-0.547621,-0.324486,0.598705
2079559783,3,-0.486889,-0.545964,-0.325259,0.599222
2079559793,3,-0.487557,-0.544302,-0.3262,0.59968
2079559803,3,-0.488212,-0.542649,-0.327283,0.600054
2079559813,3,-0.488853,-0.541026,-0.328483,0.600342
2079559823,3,-0.489514,-0.53945,-0.329771,0.600516
2079559833,3,-0.490214,-0.537968,-0.33113,0.600526
2079559843,3,-0.490971,-0.536601,-0.332536,0.600354
2079559853,3,-0.491769,-0.535401,-0.333996,0.599962
2079559863,3,-0.492575,-0.534395,-0.335549,0.59933
2079559873,3,-0.493399,-0.533566,-0.337155,0.598489
2079559883,3,-0.494199,-0.532923,-0.338853,0.597442
2079559893,3,-0.494955,-0.532429,-0.340639,0.59624
2079559904,3,-0.495649,-0.532072,-0.342526,0.5949
2079559914,3,-0.496281,-0.531833,-0.344489,0.593451
2079559924,3,-0.496841,-0.5317,-0.346509,0.591923
2079559934,3,-0.49732,-0.531661,-0.348585,0.590335
2079559944,3,-0.497709,-0.531717,-0.350701,0.588703
2079559954,3,-0.49799,-0.531832,-0.352861,0.587067
2079559964,3,-0.498181,-0.532003,-0.355048,0.585429
2079559974,3,-0.498242,-0.532202,-0.35726,0.583848
2079559984,3,-0.498182,-0.532409,-0.359492,0.582339
2079559994,3,-0.497977,-0.53262,-0.361733,0.580933
2079560004,3,-0.49765,-0.532827,-0.363956,0.579632
2079560014,3,-0.497194,-0.533016,-0.366168,0.578456
2079560024,3,-0.496615,-0.533186,-0.368353,0.577409
2079560034,3,-0.495928,-0.533343,-0.370495,0.576483
2079560045,3,-0.49513,-0.533524,-0.372608,0.575638
2079560055,3,-0.494242,-0.533728,-0.374665,0.574878
2079560065,3,-0.493273,-0.533971,-0.376678,0.574168
2079560075,3,-0.492226,-0.534261,-0.378636,0.573509
2079560085,3,-0.491093,-0.534619,-0.380559,0.572873
2079560095,3,-0.489889,-0.535079,-0.382416,0.572238
2079560105,3,-0.488655,-0.535639,-0.384183,0.571584
2079560115,3,-0.487413,-0.5363,-0.385835,0.570912
2079560125,3,-0.48619,-0.537109,-0.387344,0.570172
2079560135,3,-0.485028,-0.538048,-0.388683,0.569364
2079560145,3,-0.483931,-0.539133,-0.389851,0.568473
2079560155,3,-0.482915,-0.540371,-0.390836,0.567483
2079560165,3,-0.481981,-0.541748,-0.391623,0.566421
2079560176,3,-0.48112,-0.543236,-0.392234,0.565304
2079560186,3,-0.480317,-0.544858,-0.392678,0.564117
2079560196,3,-0.479546,-0.546577,-0.392969,0.562906
2079560206,3,-0.478793,-0.54837,-0.393125,0.561693
2079560216,3,-0.478024,-0.550228,-0.393174,0.560495
2079560226,3,-0.477238,-0.552113,-0.393118,0.55935
2079560236,3,-0.476433,-0.553998,-0.392948,0.55829
2079560246,3,-0.47559,-0.55586,-0.392672,0.557351
2079560256,3,-0.474721,-0.557707,-0.392279,0.556523
2079560266,3,-0.473492,-0.55975,-0.392158,0.555604
2079560276,3,-0.472626,-0.561512,-0.391492,0.555032
2079560286,3,-0.471768,-0.563213,-0.390691,0.554604
2079560296,3,-0.470904,-0.564845,-0.389764,0.554329
2079560307,3,-0.470051,-0.566381,-0.388715,0.554223
2079560317,3,-0.469186,-0.567833,-0.387567,0.554274
2079560327,3,-0.468319,-0.569167,-0.386345,0.554492
2079560337,3,-0.467419,-0.57039,-0.385087,0.55487
2079560347,3,-0.466506,-0.571492,-0.383804,0.555393
2079560357,3,-0.465599,-0.572465,-0.382489,0.556059
2079560367,3,-0.46474,-0.573312,-0.381114,0.556849
2079560377,3,-0.463934,-0.574055,-0.379697,0.557723
2079560387,3,-0.463215,-0.574723,-0.378214,0.558639
2079560397,3,-0.462595,-0.575348,-0.376663,0.559557
2079560407,3,-0.462108,-0.575961,-0.375028,0.560426
2079560417,3,-0.461761,-0.576597,-0.37331,0.561205
2079560427,3,-0.46157,-0.577257,-0.371491,0.56189
2079560437,3,-0.461516,-0.577953,-0.369589,0.562472
2079560448,3,-0.46159,-0.578663,-0.367626,0.562969
2079560458,3,-0.461795,-0.579379,-0.365611,0.563376
2079560468,3,-0.462091,-0.580103,-0.363565,0.563712
2079560478,3,-0.462456,-0.580815,-0.361506,0.564003
2079560488,3,-0.462864,-0.581502,-0.359459,0.564269
2079560498,3,-0.463326,-0.582172,-0.357396,0.564509
2079560508,3,-0.463806,-0.58278,-0.355333,0.56479
2079560518,3,-0.464296,-0.583321,-0.353281,0.565116
2079560528,3,-0.464782,-0.583793,-0.351246,0.565497
2079560538,3,-0.465236,-0.584186,-0.349231,0.565966
2079560548,3,-0.46565,-0.584481,-0.34725,0.56654
2079560558,3,-0.466006,-0.584654,-0.345305,0.567256
2079560568,3,-0.466286,-0.584694,-0.343407,0.568137
2079560579,3,-0.466506,-0.584574,-0.341556,0.569196
2079560589,3,-0.466651,-0.584303,-0.339744,0.570437
2079560599,3,-0.466727,-0.583874,-0.337987,0.571857
2079560609,3,-0.466716,-0.58332,-0.336308,0.573419
2079560619,3,-0.466652,-0.582651,-0.3347,0.575089
2079560629,3,-0.466538,-0.581888,-0.333157,0.576848
2079560639,3,-0.466386,-0.581054,-0.331694,0.578651
2079560649,3,-0.466232,-0.580176,-0.330289,0.580458
2079560659,3,-0.466068,-0.579293,-0.328957,0.582225
2079560669,3,-0.46592,-0.578434,-0.327675,0.583918
2079560679,3,-0.465792,-0.577613,-0.326446,0.585518
2079560689,3,-0.465692,-0.576858,-0.325252,0.587005
2079560699,3,-0.465649,-0.576164,-0.324075,0.588371
2079560710,3,-0.465663,-0.575537,-0.322907,0.589614
2079560720,3,-0.465743,-0.574971,-0.321733,0.590744
2079560730,3,-0.465878,-0.574474,-0.320574,0.59175
2079560740,3,-0.466065,-0.574052,-0.319416,0.592638
2079560750,3,-0.466303,-0.573693,-0.318276,0.593411
2079560760,3,-0.466572,-0.573366,-0.31716,0.594112
2079560770,3,-0.466872,-0.573082,-0.316074,0.59473
2079560780,3,-0.467185,-0.572821,-0.315035,0.595286
2079560790,3,-0.467476,-0.572557,-0.314072,0.59582
2079560800,3,-0.467726,-0.57227,-0.31322,0.596348
2079560810,3,-0.467935,-0.571955,-0.31247,0.596879
2079560820,3,-0.468101,-0.571591,-0.311828,0.597433
2079560830,3,-0.46822,-0.571159,-0.311298,0.59803
2079560841,3,-0.468286,-0.570659,-0.310913,0.598655
2079560851,3,-0.468307,-0.57011,-0.310661,0.599293
2079560861,3,-0.468308,-0.569497,-0.310524,0.599945
2079560871,3,-0.468265,-0.568834,-0.310532,0.600602
2079560881,3,-0.468166,-0.56811,-0.310705,0.601276
2079560891,3,-0.468006,-0.567333,-0.311043,0.601959
2079560901,3,-0.467835,-0.566512,-0.311496,0.60263
2079560911,3,-0.467635,-0.565668,-0.312087,0.603271
2079560921,3,-0.467421,-0.564838,-0.3128,0.603846
2079560931,3,-0.467215,-0.564014,-0.313622,0.604349
2079560941,3,-0.467038,-0.563257,-0.314515,0.604728
2079560951,3,-0.466916,-0.562579,-0.315458,0.604962
2079560961,3,-0.466863,-0.561993,-0.316423,0.605044
2079560971,3,-0.466892,-0.561527,-0.317395,0.604945
2079560982,3,-0.467001,-0.561189,-0.318361,0.604666
2079560992,3,-0.467226,-0.560957,-0.319298,0.604213
2079561002,3,-0.467539,-0.560841,-0.320221,0.60359
2079561012,3,-0.467935,-0.560816,-0.321119,0.602829
2079561022,3,-0.46839,-0.560874,-0.322023,0.601939
2079561032,3,-0.468877,-0.560987,-0.322938,0.600963
2079561042,3,-0.469374,-0.561135,-0.323879,0.59993
2079561052,3,-0.469876,-0.561307,-0.324842,0.598855
2079561062,3,-0.470348,-0.561476,-0.325844,0.59778
2079561072,3,-0.470785,-0.561649,-0.326881,0.596707
2079561082,3,-0.47117,-0.561798,-0.327963,0.595668
2079561092,3,-0.471525,-0.561917,-0.329067,0.594665
2079561102,3,-0.47183,-0.562016,-0.330205,0.593699
2079561113,3,-0.472106,-0.562076,-0.331351,0.592782
2079561123,3,-0.472335,-0.562086,-0.33253,0.59193
2079561133,3,-0.472504,-0.562056,-0.333747,0.591138
2079561143,3,-0.472588,-0.561993,-0.335025,0.590407
2079561153,3,-0.472624,-0.561868,-0.336346,0.589746
2079561163,3,-0.472594,-0.561695,-0.337712,0.589154
2079561173,3,-0.472499,-0.56149,-0.339136,0.588607
2079561183,3,-0.47232,-0.561255,-0.340623,0.588116
2079561193,3,-0.47209,-0.561029,-0.342154,0.587629
2079561203,3,-0.471844,-0.560802,-0.343692,0.587144
2079561213,3,-0.471596,-0.560608,-0.345215,0.586635
2079561223,3,-0.471344,-0.56047,-0.346722,0.586081
2079561233,3,-0.471112,-0.560403,-0.348193,0.585459
2079561244,3,-0.470921,-0.560422,-0.349592,0.584759
2079561254,3,-0.47078,-0.56055,-0.35092,0.583955
2079561264,3,-0.470689,-0.560765,-0.352176,0.583065
2079561274,3,-0.47065,-0.561076,-0.353366,0.582076
2079561284,3,-0.470647,-0.561472,-0.354472,0.581024
2079561294,3,-0.470676,-0.561959,-0.355507,0.579896
2079561304,3,-0.47074,-0.562503,-0.356461,0.57873
2079561314,3,-0.470801,-0.56308,-0.357369,0.577558
2079561324,3,-0.470846,-0.563681,-0.358232,0.576398
2079561334,3,-0.470872,-0.56429,-0.35905,0.575272
2079561344,3,-0.470855,-0.564878,-0.359844,0.574211
2079561354,3,-0.470787,-0.565425,-0.360627,0.573237
2079561364,3,-0.470658,-0.565907,-0.361403,0.572378
2079561374,3,-0.470491,-0.566308,-0.362163,0.571638
2079561385,3,-0.470244,-0.566627,-0.362936,0.571034
2079561395,3,-0.469924,-0.566844,-0.363725,0.57058
2079561405,3,-0.469561,-0.566972,-0.364497,0.570259
2079561415,3,-0.469181,-0.567009,-0.365248,0.570055
2079561425,3,-0.468799,-0.566969,-0.365962,0.569951
2079561435,3,-0.468431,-0.566853,-0.366641,0.569932
2079561445,3,-0.468093,-0.566688,-0.367271,0.569968
2079561455,3,-0.467787,-0.566498,-0.367864,0.570026
2079561465,3,-0.467536,-0.566303,-0.368406,0.570075
2079561475,3,-0.46731,-0.566123,-0.368937,0.570096
2079561485,3,-0.46711,-0.565963,-0.369462,0.570079
2079561495,3,-0.466935,-0.565831,-0.369975,0.570021
2079561505,3,-0.466797,-0.565721,-0.370465,0.569925
2079561516,3,-0.466679,-0.565623,-0.37095,0.569803
2079561526,3,-0.466608,-0.565545,-0.371403,0.569643
2079561536,3,-0.466593,-0.565509,-0.371802,0.569431
2079561546,3,-0.466622,-0.565537,-0.372148,0.569154
2079561556,3,-0.466722,-0.565601,-0.372419,0.568831
2079561566,3,-0.466888,-0.565701,-0.372603,0.568475
2079561576,3,-0.467097,-0.565842,-0.372712,0.56809
2079561586,3,-0.467337,-0.56601,-0.372748,0.567702
2079561596,3,-0.46759,-0.5662,-0.372717,0.567324
2079561606,3,-0.467847,-0.566392,-0.372626,0.566981
2079561616,3,-0.468054,-0.566555,-0.372513,0.566722
2079561626,3,-0.468227,-0.56668,-0.372369,0.566549
2079561636,3,-0.468363,-0.566752,-0.372183,0.566486
2079561647,3,-0.468483,-0.566786,-0.371942,0.566511
2079561657,3,-0.468589,-0.566759,-0.371628,0.566655
2079561667,3,-0.468692,-0.566689,-0.37124,0.566896
2079561677,3,-0.468803,-0.566563,-0.370772,0.567236
2079561687,3,-0.468884,-0.566383,-0.370271,0.567676
2079561697,3,-0.468945,-0.566133,-0.369722,0.568232
2079561707,3,-0.46899,-0.565823,-0.36914,0.568882
2079561717,3,-0.469014,-0.565462,-0.36853,0.569616
2079561727,3,-0.469039,-0.565071,-0.367874,0.570407
2079561737,3,-0.469093,-0.564649,-0.367159,0.57124
2079561747,3,-0.469182,-0.564225,-0.366383,0.572085
2079561757,3,-0.469343,-0.563806,-0.365528,0.572912
2079561767,3,-0.469561,-0.563418,-0.364601,0.573705
2079561778,3,-0.469847,-0.563081,-0.363603,0.574434
2079561788,3,-0.470217,-0.562815,-0.362517,0.575078
2079561798,3,-0.470695,-0.562622,-0.361308,0.575636
2079561808,3,-0.471281,-0.562508,-0.359992,0.576093
2079561818,3,-0.471964,-0.562452,-0.358568,0.576477
2079561828,3,-0.472739,-0.56245,-0.357047,0.576787
2079561838,3,-0.473574,-0.562501,-0.355464,0.57703
2079561848,3,-0.474471,-0.562596,-0.353825,0.577208
2079561858,3,-0.475393,-0.562716,-0.352164,0.577349
2079561868,3,-0.476318,-0.56284,-0.350516,0.577468
2079561878,3,-0.477205,-0.562922,-0.348921,0.577621
2079561888,3,-0.478038,-0.562959,-0.34741,0.577807
2079561898,3,-0.478799,-0.56289,-0.346005,0.578088
2079561908,3,-0.479501,-0.562746,-0.344693,0.578429
2079561919,3,-0.480178,-0.562503,-0.343447,0.578845
2079561929,3,-0.480861,-0.562169,-0.342247,0.579313
2079561939,3,-0.481576,-0.561724,-0.341084,0.579837
2079561949,3,-0.482342,-0.561192,-0.339945,0.580383
2079561959,3,-0.483172,-0.560561,-0.338829,0.580955
2079561969,3,-0.484033,-0.559858,-0.337784,0.581525
2079561979,3,-0.484942,-0.559067,-0.336791,0.582105
2079561989,3,-0.485878,-0.558199,-0.335875,0.582686
2079561999,3,-0.486861,-0.557246,-0.335018,0.583271
2079562009,3,-0.487863,-0.556246,-0.33426,0.583823
2079562019,3,-0.488916,-0.55522,-0.333572,0.584311
2079562029,3,-0.490019,-0.554194,-0.332944,0.58472
2079562039,3,-0.491202,-0.553217,-0.332364,0.584982
2079562050,3,-0.492423,-0.552309,-0.331872,0.585092
2079562060,3,-0.493675,-0.551459,-0.331473,0.585066
2079562070,3,-0.494953,-0.550648,-0.331179,0.584916
2079562080,3,-0.49623,-0.549881,-0.331021,0.584645
2079562090,3,-0.497481,-0.549154,-0.330995,0.58428
2079562100,3,-0.498678,-0.54846,-0.331131,0.583834
2079562110,3,-0.499808,-0.547794,-0.331441,0.583318
2079562120,3,-0.500859,-0.547155,-0.331924,0.58274
2079562130,3,-0.501825,-0.546539,-0.332578,0.582114
2079562140,3,-0.502678,-0.545959,-0.33342,0.58144
2079562150,3,-0.503437,-0.545398,-0.334433,0.580727
2079562160,3,-0.504064,-0.544853,-0.335624,0.580008
2079562170,3,-0.504544,-0.544295,-0.337022,0.579303
2079562181,3,-0.504865,-0.543703,-0.338619,0.578648
2079562191,3,-0.505032,-0.543053,-0.340389,0.578073
2079562201,3,-0.505072,-0.542355,-0.3423,0.577566
2079562211,3,-0.505018,-0.541594,-0.344283,0.577149
2079562221,3,-0.504917,-0.540775,-0.346296,0.5768
2079562231,3,-0.504803,-0.539914,-0.348284,0.57651
2079562241,3,-0.504715,-0.539024,-0.350203,0.576257
2079562251,3,-0.504668,-0.538115,-0.352031,0.576033
2079562261,3,-0.504674,-0.537221,-0.353757,0.575805
2079562271,3,-0.5047,-0.536343,-0.355419,0.575577
2079562281,3,-0.504732,-0.535512,-0.35704,0.575319
2079562291,3,-0.504719,-0.534721,-0.35866,0.575059
2079562301,3,-0.504655,-0.534001,-0.360281,0.574771
2079562312,3,-0.504544,-0.533354,-0.361894,0.574455
2079562322,3,-0.504398,-0.532813,-0.363475,0.574088
2079562332,3,-0.504224,-0.532394,-0.365016,0.573652
2079562342,3,-0.504042,-0.532129,-0.366488,0.573119
2079562352,3,-0.503856,-0.532054,-0.367888,0.572454
2079562362,3,-0.503681,-0.532171,-0.369205,0.571651
2079562372,3,-0.503498,-0.532488,-0.370443,0.570715
2079562382,3,-0.503282,-0.532974,-0.371616,0.569689
2079562392,3,-0.50302,-0.533625,-0.372747,0.568571
2079562402,3,-0.50267,-0.534391,-0.373879,0.567417
2079562412,3,-0.502199,-0.535249,-0.375039,0.566258
2079562422,3,-0.501588,-0.536175,-0.376244,0.565123
2079562432,3,-0.500822,-0.537137,-0.377486,0.56406
2079562442,3,-0.499906,-0.53813,-0.378763,0.563069
2079562453,3,-0.498847,-0.539125,-0.380071,0.562174
2079562463,3,-0.497675,-0.540114,-0.381379,0.561378
2079562473,3,-0.49642,-0.541101,-0.382649,0.560674
2079562483,3,-0.495065,-0.542067,-0.3839,0.560083
2079562493,3,-0.493665,-0.543017,-0.385077,0.559591
2079562503,3,-0.49223,-0.543923,-0.38616,0.559228
2079562513,3,-0.490792,-0.544773,-0.387122,0.558999
2079562523,3,-0.489393,-0.545529,-0.387934,0.558926
2079562533,3,-0.48804,-0.546215,-0.388583,0.558988
2079562543,3,-0.486765,-0.546833,-0.389051,0.55917
2079562553,3,-0.485608,-0.547394,-0.389324,0.559437
2079562563,3,-0.484594,-0.54792,-0.389379,0.559763
2079562573,3,-0.483726,-0.548427,-0.389239,0.560114
2079562584,3,-0.482982,-0.548944,-0.388945,0.560454
2079562594,3,-0.482345,-0.549485,-0.388521,0.560767
2079562604,3,-0.48181,-0.550053,-0.387997,0.561032
2079562614,3,-0.481361,-0.550666,-0.387396,0.561232
2079562624,3,-0.480988,-0.551331,-0.386749,0.561345
2079562634,3,-0.480677,-0.552043,-0.386061,0.561385
2079562644,3,-0.480429,-0.552797,-0.385349,0.561345
2079562654,3,-0.480205,-0.553576,-0.384657,0.561243
2079562664,3,-0.480001,-0.554369,-0.383992,0.56109
2079562674,3,-0.479804,-0.555169,-0.383378,0.560888
2079562684,3,-0.479607,-0.555961,-0.382812,0.560658
2079562694,3,-0.479419,-0.556694,-0.382297,0.560444
2079562704,3,-0.479232,-0.557369,-0.381837,0.560245
2079562715,3,-0.479063,-0.557949,-0.381414,0.560101
2079562725,3,-0.478946,-0.558449,-0.380993,0.559989
2079562735,3,-0.478867,-0.558835,-0.380594,0.559943
2079562745,3,-0.478841,-0.559128,-0.380189,0.559947
2079562755,3,-0.478875,-0.559313,-0.379786,0.560007
2079562765,3,-0.478956,-0.559399,-0.379395,0.560118
2079562775,3,-0.479068,-0.559385,-0.379027,0.560284
2079562785,3,-0.479195,-0.559257,-0.3787,0.560525
2079562795,3,-0.479352,-0.558999,-0.378402,0.560849
2079562805,3,-0.479515,-0.558617,-0.378158,0.561255
2079562815,3,-0.479692,-0.558113,-0.377966,0.561734
2079562825,3,-0.479898,-0.557501,-0.377803,0.562275
2079562835,3,-0.480133,-0.556821,-0.377672,0.562836
2079562845,3,-0.480433,-0.556105,-0.377541,0.563376
2079562856,3,-0.480829,-0.555353,-0.377376,0.56389
2079562866,3,-0.48134,-0.554566,-0.37717,0.564365
2079562876,3,-0.481982,-0.553776,-0.3769,0.564775
2079562886,3,-0.482746,-0.552986,-0.37657,0.565116
2079562896,3,-0.48364,-0.55222,-0.376177,0.565362
2079562906,3,-0.484662,-0.551456,-0.375717,0.565539
2079562916,3,-0.485817,-0.55071,-0.375153,0.565649
2079562926,3,-0.487104,-0.549995,-0.374494,0.565674
2079562936,3,-0.488492,-0.549301,-0.373767,0.565632
2079562946,3,-0.489968,-0.548631,-0.372982,0.565524
2079562956,3,-0.491522,-0.547993,-0.372148,0.565345
2079562966,3,-0.493134,-0.547359,-0.371271,0.565131
2079562976,3,-0.494763,-0.546731,-0.370394,0.564891
2079562987,3,-0.49639,-0.546105,-0.36952,0.56464
2079562997,3,-0.497993,-0.545475,-0.368672,0.564393
2079563007,3,-0.499522,-0.544831,-0.367897,0.564169
2079563017,3,-0.500946,-0.544166,-0.367221,0.563989
2079563027,3,-0.502239,-0.543443,-0.366666,0.563897
2079563037,3,-0.503394,-0.542647,-0.366231,0.563916
2079563047,3,-0.504423,-0.541771,-0.365901,0.564054
2079563057,3,-0.505308,-0.540814,-0.365689,0.564317
2079563067,3,-0.506076,-0.539794,-0.365579,0.564677
2079563077,3,-0.506747,-0.538741,-0.365539,0.565106
2079563087,3,-0.507337,-0.537669,-0.365572,0.565577
2079563097,3,-0.507859,-0.536567,-0.365658,0.566099
2079563107,3,-0.508321,-0.535475,-0.365784,0.566636
2079563118,3,-0.508707,-0.534384,-0.36598,0.567193
2079563128,3,-0.509025,-0.533297,-0.366222,0.567774
2079563138,3,-0.509301,-0.532227,-0.36649,0.568357
2079563148,3,-0.509567,-0.531183,-0.366749,0.568929
2079563158,3,-0.509827,-0.530201,-0.366998,0.569451
2079563168,3,-0.51009,-0.5293,-0.367232,0.569902
2079563178,3,-0.510397,-0.528511,-0.367412,0.570243
2079563188,3,-0.510743,-0.52783,-0.367551,0.570474
2079563198,3,-0.511123,-0.527265,-0.36765,0.570593
2079563208,3,-0.511526,-0.526829,-0.367718,0.570591
2079563218,3,-0.511958,-0.526499,-0.367759,0.570482
2079563228,3,-0.512415,-0.526272,-0.367771,0.570274
2079563238,3,-0.512875,-0.526132,-0.367766,0.569991
2079563249,3,-0.513325,-0.526054,-0.367768,0.569657
2079563259,3,-0.513746,-0.526051,-0.367787,0.569268
2079563269,3,-0.514126,-0.526105,-0.367846,0.568837
2079563279,3,-0.514447,-0.526215,-0.367969,0.568365
2079563289,3,-0.514689,-0.526382,-0.368155,0.567871
2079563299,3,-0.51486,-0.526573,-0.368403,0.567378
2079563309,3,-0.51494,-0.526763,-0.36873,0.566916
2079563319,3,-0.514932,-0.52695,-0.369109,0.566502
2079563329,3,-0.514861,-0.527136,-0.369532,0.566118
2079563339,3,-0.514749,-0.527331,-0.369973,0.565751
2079563349,3,-0.514586,-0.527553,-0.370432,0.565391
2079563359,3,-0.514361,-0.52781,-0.370918,0.565037
2079563369,3,-0.5141,-0.528099,-0.371425,0.564671
2079563379,3,-0.513767,-0.528406,-0.371969,0.56433
2079563390,3,-0.513375,-0.528725,-0.372531,0.564017
2079563400,3,-0.512891,-0.529009,-0.373164,0.563772
2079563410,3,-0.512304,-0.529265,-0.37386,0.563604
2079563420,3,-0.511604,-0.529521,-0.37463,0.563488
2079563430,3,-0.510814,-0.529788,-0.375457,0.563403
2079563440,3,-0.509959,-0.530073,-0.376312,0.56334
2079563450,3,-0.509056,-0.530402,-0.377179,0.563266
2079563460,3,-0.508148,-0.530797,-0.378015,0.563154
2079563470,3,-0.50726,-0.531262,-0.378801,0.562988
2079563480,3,-0.506404,-0.531802,-0.379507,0.562773
2079563490,3,-0.505584,-0.532429,-0.380151,0.562483
2079563500,3,-0.504803,-0.533105,-0.380724,0.562157
2079563510,3,-0.504074,-0.533863,-0.381205,0.561766
2079563521,3,-0.503381,-0.534683,-0.381604,0.561336
2079563531,3,-0.502749,-0.535569,-0.381906,0.560853
2079563541,3,-0.502157,-0.536492,-0.382122,0.560353
2079563551,3,-0.501625,-0.537439,-0.38224,0.559841
2079563561,3,-0.501153,-0.538402,-0.382262,0.559324
2079563571,3,-0.500736,-0.539344,-0.382199,0.558832
2079563581,3,-0.500333,-0.540259,-0.382094,0.55838
2079563591,3,-0.499954,-0.541127,-0.381937,0.557987
2079563601,3,-0.499589,-0.541946,-0.381745,0.55765
2079563611,3,-0.499261,-0.542687,-0.381513,0.557382
2079563621,3,-0.498967,-0.543328,-0.381228,0.557216
2079563631,3,-0.498729,-0.543897,-0.380894,0.557103
2079563641,3,-0.498529,-0.544379,-0.380532,0.557058
2079563652,3,-0.498377,-0.544798,-0.380137,0.557054
2079563662,3,-0.498274,-0.54514,-0.379728,0.557091
2079563672,3,-0.498203,-0.545412,-0.379339,0.557154
2079563682,3,-0.49816,-0.545609,-0.378978,0.557245
2079563692,3,-0.498156,-0.545743,-0.378641,0.557346
2079563702,3,-0.498207,-0.545825,-0.378331,0.557431
2079563712,3,-0.498326,-0.545864,-0.378042,0.557482
2079563722,3,-0.498517,-0.545865,-0.377763,0.557499
2079563732,3,-0.49877,-0.545845,-0.3775,0.55747
2079563742,3,-0.499099,-0.545811,-0.377243,0.557384
2079563752,3,-0.499476,-0.545772,-0.377009,0.557242
2079563762,3,-0.499904,-0.545728,-0.376801,0.557042
2079563772,3,-0.500339,-0.545684,-0.376644,0.556801
2079563782,3,-0.500747,-0.545634,-0.376555,0.556544
2079563793,3,-0.501103,-0.545552,-0.376553,0.556306
2079563803,3,-0.501412,-0.545441,-0.376614,0.556094
2079563813,3,-0.501643,-0.545295,-0.376769,0.555923
2079563823,3,-0.501754,-0.545134,-0.377041,0.555797
2079563833,3,-0.501762,-0.544929,-0.377413,0.555738
2079563843,3,-0.501651,-0.5447,-0.377904,0.555729
2079563853,3,-0.501443,-0.544444,-0.378465,0.555786
2079563863,3,-0.501147,-0.544186,-0.379102,0.555872
2079563873,3,-0.500795,-0.543938,-0.379758,0.555984
2079563883,3,-0.50039,-0.543706,-0.380435,0.556112
2079563893,3,-0.499961,-0.543482,-0.38109,0.556268
2079563903,3,-0.499502,-0.543262,-0.381723,0.556462
2079563913,3,-0.499022,-0.543067,-0.382326,0.55667
2079563924,3,-0.498507,-0.542887,-0.382914,0.556902
2079563934,3,-0.497964,-0.542712,-0.38348,0.557168
2079563944,3,-0.497359,-0.542543,-0.384047,0.557483
2079563954,3,-0.496683,-0.542392,-0.384617,0.55784
2079563964,3,-0.495951,-0.542252,-0.385182,0.558237
2079563974,3,-0.495186,-0.542146,-0.38571,0.558654
2079563984,3,-0.494399,-0.542096,-0.386174,0.55908
2079563994,3,-0.49363,-0.542099,-0.38654,0.559502
2079564004,3,-0.492888,-0.542173,-0.386801,0.559904
2079564014,3,-0.49219,-0.542341,-0.386928,0.560268
2079564024,3,-0.491553,-0.542599,-0.386911,0.560588
2079564034,3,-0.490967,-0.542929,-0.386749,0.560895
2079564044,3,-0.490431,-0.543309,-0.386446,0.561204
2079564055,3,-0.489925,-0.543733,-0.386039,0.561515
2079564065,3,-0.489434,-0.544179,-0.385535,0.561858
2079564075,3,-0.488957,-0.54464,-0.384943,0.562232
2079564085,3,-0.488479,-0.545112,-0.384289,0.562638
2079564095,3,-0.487998,-0.545587,-0.38358,0.563078
2079564105,3,-0.487511,-0.546031,-0.382822,0.563586
2079564115,3,-0.487028,-0.546462,-0.382028,0.564125
2079564125,3,-0.48656,-0.546863,-0.38118,0.564712
2079564135,3,-0.486137,-0.547222,-0.380272,0.56534
2079564145,3,-0.485738,-0.547572,-0.379323,0.565983
2079564155,3,-0.485378,-0.547894,-0.378332,0.566642
2079564165,3,-0.48503,-0.548182,-0.377333,0.567327
2079564175,3,-0.484712,-0.548441,-0.376325,0.568018
2079564186,3,-0.48442,-0.548679,-0.375323,0.5687
2079564196,3,-0.484146,-0.548922,-0.37433,0.569353
2079564206,3,-0.483901,-0.54916,-0.373362,0.569967
2079564216,3,-0.483648,-0.5494,-0.37244,0.570553
2079564226,3,-0.483426,-0.549646,-0.371546,0.571087
2079564236,3,-0.483205,-0.549889,-0.370702,0.571589
2079564246,3,-0.48299,-0.550149,-0.369919,0.572027
2079564256,3,-0.48277,-0.55041,-0.369193,0.57243
2079564266,3,-0.482571,-0.550707,-0.368499,0.57276
2079564276,3,-0.482412,-0.551038,-0.36782,0.573011
2079564286,3,-0.482309,-0.551416,-0.367127,0.573179
2079564296,3,-0.482266,-0.551839,-0.366431,0.573254
2079564306,3,-0.482291,-0.552297,-0.365693,0.573263
2079564316,3,-0.482379,-0.552799,-0.364931,0.57319
2079564327,3,-0.482507,-0.553313,-0.364152,0.573083
2079564337,3,-0.482669,-0.553815,-0.36337,0.572957
2079564347,3,-0.482855,-0.554293,-0.362584,0.572836
2079564357,3,-0.483045,-0.554735,-0.361801,0.572743
2079564367,3,-0.483241,-0.555141,-0.361015,0.572681
2079564377,3,-0.483444,-0.555504,-0.360229,0.572652
2079564387,3,-0.483668,-0.55582,-0.359424,0.572663
2079564397,3,-0.483916,-0.556088,-0.358596,0.572711
2079564407,3,-0.48416,-0.556329,-0.357766,0.57279
2079564417,3,-0.484411,-0.556504,-0.356936,0.572926
2079564427,3,-0.48465,-0.556659,-0.356111,0.573086
2079564437,3,-0.484888,-0.556774,-0.35529,0.573283
2079564447,3,-0.485118,-0.556839,-0.354488,0.573521
2079564458,3,-0.485334,-0.556889,-0.3537,0.573776
2079564468,3,-0.485577,-0.556916,-0.352898,0.57404
2079564478,3,-0.485823,-0.556946,-0.352115,0.574283
2079564488,3,-0.486055,-0.556987,-0.351364,0.574506
2079564498,3,-0.486294,-0.55703,-0.350628,0.574711
2079564508,3,-0.486515,-0.557092,-0.349935,0.574887
2079564518,3,-0.48672,-0.557154,-0.349287,0.575048
2079564528,3,-0.486915,-0.557237,-0.348676,0.575173
2079564538,3,-0.487132,-0.557346,-0.348057,0.575257
2079564548,3,-0.487365,-0.557471,-0.347449,0.575308
2079564558,3,-0.487627,-0.557627,-0.346827,0.575309
2079564568,3,-0.487943,-0.557804,-0.346189,0.575255
2079564578,3,-0.488297,-0.558005,-0.345546,0.575147
2079564589,3,-0.488675,-0.558213,-0.344925,0.574995
2079564599,3,-0.48907,-0.558417,-0.344327,0.57482
2079564609,3,-0.48949,-0.558612,-0.34375,0.574619
2079564619,3,-0.489919,-0.558765,-0.343221,0.574421
2079564629,3,-0.490362,-0.558867,-0.342736,0.574233
2079564639,3,-0.490823,-0.558895,-0.342295,0.574075
2079564649,3,-0.49128,-0.558863,-0.341934,0.57393
2079564659,3,-0.491735,-0.558764,-0.34166,0.5738
2079564669,3,-0.492186,-0.558584,-0.34148,0.573695
2079564679,3,-0.492622,-0.558329,-0.341409,0.573612
2079564689,3,-0.493072,-0.557988,-0.341437,0.57354
2079564699,3,-0.493527,-0.557576,-0.341556,0.573479
2079564709,3,-0.494004,-0.557111,-0.341773,0.573391
2079564719,3,-0.494497,-0.556619,-0.342088,0.573255
2079564730,3,-0.495004,-0.556086,-0.342502,0.573088
2079564740,3,-0.495516,-0.555523,-0.343022,0.57288
2079564750,3,-0.496036,-0.554938,-0.343651,0.572621
2079564760,3,-0.496545,-0.554336,-0.344403,0.57231
2079564770,3,-0.497027,-0.553711,-0.345291,0.571962
2079564780,3,-0.497481,-0.553058,-0.346306,0.571585
2079564790,3,-0.497897,-0.552382,-0.347444,0.571186
2079564800,3,-0.498292,-0.55168,-0.348682,0.570765
2079564810,3,-0.498658,-0.550977,-0.350017,0.570307
2079564820,3,-0.499026,-0.550278,-0.351414,0.569802
2079564830,3,-0.499392,-0.549587,-0.352863,0.569251
2079564840,3,-0.499766,-0.548906,-0.354347,0.568659
2079564850,3,-0.500122,-0.548239,-0.355881,0.568031
2079564861,3,-0.500483,-0.547585,-0.357433,0.567369
2079564871,3,-0.5008,-0.546933,-0.359047,0.566698
2079564881,3,-0.501058,-0.546267,-0.360732,0.566042
2079564891,3,-0.501273,-0.545586,-0.362463,0.565402
2079564901,3,-0.501396,-0.544874,-0.364273,0.564816
2079564911,3,-0.501455,-0.544142,-0.366106,0.564285
2079564921,3,-0.501467,-0.543366,-0.367956,0.563818
2079564931,3,-0.5014,-0.542573,-0.369835,0.563413
2079564941,3,-0.501281,-0.541754,-0.371716,0.563067
2079564951,3,-0.501093,-0.540912,-0.373603,0.562795
2079564961,3,-0.500869,-0.540063,-0.375473,0.562566
2079564971,3,-0.500602,-0.539212,-0.377338,0.562372
2079564981,3,-0.500297,-0.538369,-0.379181,0.562211
2079564992,3,-0.499956,-0.53754,-0.381011,0.562071
2079565002,3,-0.499571,-0.536724,-0.382838,0.561951
2079565012,3,-0.499139,-0.535936,-0.384664,0.56184
2079565022,3,-0.498647,-0.535169,-0.386498,0.56175
2079565032,3,-0.498119,-0.534444,-0.388322,0.56165
2079565042,3,-0.497579,-0.533768,-0.390119,0.561527
2079565052,3,-0.497024,-0.533154,-0.391877,0.561377
2079565062,3,-0.496496,-0.532605,-0.393566,0.561184
2079565072,3,-0.495997,-0.53214,-0.395167,0.560941
2079565082,3,-0.495523,-0.53175,-0.396691,0.560654
2079565092,3,-0.495094,-0.531423,-0.398111,0.560336
2079565102,3,-0.49471,-0.531153,-0.399424,0.559998
2079565112,3,-0.494355,-0.530931,-0.400651,0.559645
2079565123,3,-0.494013,-0.530761,-0.401803,0.559283
2079565133,3,-0.493704,-0.530624,-0.402856,0.558928
2079565143,3,-0.49344,-0.530523,-0.403794,0.558579
2079565153,3,-0.493231,-0.530486,-0.404622,0.558199
2079565163,3,-0.493046,-0.530495,-0.405347,0.557829
2079565173,3,-0.492904,-0.530543,-0.405948,0.557471
2079565183,3,-0.49281,-0.530624,-0.406422,0.557132
2079565193,3,-0.492751,-0.530747,-0.406776,0.556808
2079565203,3,-0.492728,-0.530888,-0.407017,0.556518
2079565213,3,-0.492719,-0.531057,-0.407172,0.556251
2079565223,3,-0.492693,-0.531249,-0.40726,0.556026
2079565233,3,-0.492676,-0.531438,-0.407266,0.555857
2079565243,3,-0.492646,-0.531645,-0.407208,0.555727
2079565253,3,-0.492588,-0.531866,-0.407106,0.555642
2079565264,3,-0.49252,-0.532051,-0.406939,0.555648
2079565274,3,-0.492445,-0.532233,-0.406706,0.55571
2079565284,3,-0.492338,-0.532441,-0.406445,0.555798
2079565294,3,-0.492233,-0.532643,-0.406124,0.555931
2079565304,3,-0.492128,-0.532854,-0.405751,0.556094
2079565314,3,-0.492028,-0.533078,-0.405325,0.556279
2079565324,3,-0.491954,-0.533336,-0.404823,0.556462
2079565334,3,-0.491902,-0.533626,-0.404248,0.556648
2079565344,3,-0.491868,-0.533964,-0.403609,0.556818
2079565354,3,-0.491872,-0.534352,-0.402885,0.556967
2079565364,3,-0.491931,-0.534798,-0.402061,0.557081
2079565374,3,-0.492053,-0.535303,-0.401124,0.557165
2079565384,3,-0.492219,-0.535883,-0.400082,0.557209
2079565395,3,-0.492435,-0.536532,-0.398937,0.557215
2079565405,3,-0.492678,-0.537231,-0.397712,0.557203
2079565415,3,-0.492967,-0.537991,-0.39639,0.557155
2079565425,3,-0.493268,-0.538784,-0.394993,0.557116
2079565435,3,-0.493567,-0.53961,-0.393533,0.557084
2079565445,3,-0.493869,-0.540434,-0.39201,0.557092
2079565455,3,-0.494189,-0.541252,-0.390402,0.557143
2079565465,3,-0.494479,-0.542047,-0.388753,0.557266
2079565475,3,-0.494745,-0.542805,-0.387076,0.557459
2079565485,3,-0.495005,-0.543518,-0.385359,0.557723
2079565495,3,-0.495259,-0.544177,-0.383588,0.558074
2079565505,3,-0.495537,-0.544803,-0.381754,0.558476
2079565515,3,-0.495822,-0.545405,-0.379871,0.558919
2079565526,3,-0.496139,-0.545975,-0.377931,0.559396
2079565536,3,-0.496485,-0.546515,-0.375941,0.559902
2079565546,3,-0.49686,-0.547035,-0.373927,0.560411
2079565556,3,-0.497256,-0.547533,-0.37189,0.560927
2079565566,3,-0.497659,-0.547999,-0.369873,0.561448
2079565576,3,-0.498046,-0.548438,-0.367891,0.561979
2079565586,3,-0.498403,-0.548839,-0.36597,0.562525
2079565596,3,-0.498733,-0.549175,-0.364108,0.563112
2079565606,3,-0.499035,-0.54944,-0.362324,0.563737
2079565616,3,-0.499329,-0.549653,-0.360592,0.564379
2079565626,3,-0.499618,-0.549823,-0.358926,0.565018
2079565636,3,-0.499923,-0.549954,-0.357304,0.56565
2079565646,3,-0.500265,-0.550055,-0.355733,0.56624
2079565656,3,-0.500622,-0.55015,-0.354229,0.566774
2079565667,3,-0.500994,-0.550224,-0.35278,0.567276
2079565677,3,-0.501371,-0.550261,-0.351417,0.567753
2079565687,3,-0.501766,-0.550265,-0.350127,0.568197
2079565697,3,-0.502161,-0.550238,-0.348924,0.568615
2079565707,3,-0.502541,-0.550207,-0.347833,0.568977
2079565717,3,-0.502902,-0.550083,-0.346862,0.569371
2079565727,3,-0.503289,-0.549898,-0.34595,0.569762
2079565737,3,-0.503668,-0.549677,-0.345137,0.570134
2079565747,3,-0.504054,-0.549454,-0.34442,0.570441
2079565757,3,-0.504434,-0.549223,-0.343815,0.570692
2079565767,3,-0.504805,-0.548971,-0.343313,0.570909
2079565777,3,-0.505159,-0.548689,-0.342921,0.571103
2079565787,3,-0.505474,-0.548348,-0.34266,0.571308
2079565798,3,-0.505758,-0.547959,-0.342514,0.571518
2079565808,3,-0.506017,-0.547519,-0.342481,0.571729
2079565818,3,-0.506283,-0.547033,-0.342526,0.571933
2079565828,3,-0.506542,-0.546522,-0.342661,0.572111
2079565838,3,-0.506806,-0.545968,-0.342901,0.572262
2079565848,3,-0.507058,-0.54539,-0.343257,0.572376
2079565858,3,-0.507296,-0.544762,-0.34374,0.572473
2079565868,3,-0.507497,-0.544082,-0.344371,0.572563
2079565878,3,-0.507672,-0.543349,-0.345129,0.572647
2079565888,3,-0.507821,-0.542578,-0.346008,0.572716
2079565898,3,-0.507951,-0.541769,-0.347002,0.572766
2079565908,3,-0.508081,-0.540959,-0.348099,0.57275
2079565918,3,-0.50823,-0.540133,-0.349275,0.572682
2079565929,3,-0.508406,-0.539293,-0.350506,0.572565
2079565939,3,-0.508575,-0.538469,-0.351833,0.572376
2079565949,3,-0.508726,-0.537639,-0.353247,0.57215
2079565959,3,-0.508829,-0.536806,-0.354777,0.571895
2079565969,3,-0.50887,-0.535964,-0.35642,0.571626
2079565979,3,-0.508857,-0.535109,-0.358167,0.571347
2079565989,3,-0.508762,-0.534268,-0.360022,0.571053
2079565999,3,-0.508617,-0.533439,-0.36195,0.570737
2079566009,3,-0.508414,-0.532624,-0.363947,0.570409
2079566019,3,-0.508166,-0.531852,-0.365993,0.570043
2079566029,3,-0.507882,-0.531116,-0.368068,0.569645
2079566039,3,-0.507538,-0.530418,-0.370185,0.56923
2079566049,3,-0.507137,-0.529746,-0.37234,0.568808
2079566060,3,-0.506685,-0.529106,-0.374525,0.568372
2079566070,3,-0.506181,-0.528503,-0.376714,0.567934
2079566080,3,-0.505658,-0.527959,-0.378884,0.567463
2079566090,3,-0.50513,-0.527453,-0.381012,0.566979
2079566100,3,-0.504579,-0.526957,-0.383105,0.566521
2079566110,3,-0.50404,-0.5265,-0.385125,0.566055
2079566120,3,-0.503517,-0.52609,-0.387071,0.565575
2079566130,3,-0.503006,-0.525718,-0.388952,0.565084
2079566140,3,-0.502505,-0.525403,-0.390768,0.56457
2079566150,3,-0.502001,-0.52512,-0.39253,0.564059
2079566160,3,-0.501499,-0.52487,-0.39423,0.563553
2079566170,3,-0.500992,-0.524661,-0.395864,0.563052
2079566180,3,-0.500497,-0.524487,-0.397427,0.562553
2079566190,3,-0.500018,-0.524346,-0.398913,0.562058
2079566201,3,-0.499552,-0.524253,-0.40032,0.561559
2079566211,3,-0.499097,-0.524228,-0.40167,0.561022
2079566221,3,-0.498669,-0.524262,-0.402933,0.560465
2079566231,3,-0.498261,-0.52436,-0.404124,0.559879
2079566241,3,-0.497869,-0.524536,-0.405252,0.559247
2079566251,3,-0.497469,-0.52478,-0.406328,0.558593
2079566261,3,-0.497063,-0.525082,-0.407352,0.557924
2079566271,3,-0.496658,-0.525422,-0.40831,0.557264
2079566281,3,-0.496243,-0.525791,-0.409224,0.556615
2079566291,3,-0.495824,-0.526181,-0.410081,0.555989
2079566301,3,-0.495435,-0.526597,-0.410838,0.555383
2079566311,3,-0.495064,-0.527045,-0.411531,0.554775
2079566321,3,-0.49474,-0.527521,-0.412118,0.554176
2079566332,3,-0.494465,-0.528024,-0.412611,0.553575
2079566342,3,-0.494255,-0.528564,-0.412996,0.55296
2079566352,3,-0.494072,-0.529125,-0.413306,0.552355
2079566362,3,-0.493935,-0.529685,-0.413531,0.551772
2079566372,3,-0.493846,-0.530227,-0.413669,0.551227
2079566382,3,-0.493813,-0.530782,-0.413709,0.550693
2079566392,3,-0.493839,-0.531329,-0.413669,0.550172
2079566402,3,-0.493903,-0.531874,-0.413561,0.549669
2079566412,3,-0.493995,-0.532417,-0.413384,0.549193
2079566422,3,-0.494103,-0.532949,-0.413164,0.548745
2079566432,3,-0.49424,-0.533481,-0.412857,0.548336
2079566442,3,-0.494386,-0.533999,-0.412507,0.547964
2079566452,3,-0.494539,-0.534499,-0.412101,0.547643
2079566463,3,-0.494723,-0.534985,-0.411617,0.547367
2079566473,3,-0.494933,-0.53548,-0.41105,0.547119
2079566483,3,-0.495192,-0.53597,-0.410376,0.54691
2079566493,3,-0.495516,-0.536482,-0.409585,0.546707
2079566503,3,-0.495915,-0.537026,-0.408677,0.54649
2079566513,3,-0.496403,-0.537584,-0.407633,0.546279
2079566523,3,-0.496962,-0.538165,-0.406475,0.546061
2079566533,3,-0.497568,-0.538762,-0.405223,0.545851
2079566543,3,-0.49823,-0.539343,-0.403876,0.545673
2079566553,3,-0.498933,-0.539878,-0.402453,0.545552
2079566563,3,-0.499668,-0.540368,-0.400955,0.545497
2079566573,3,-0.500408,-0.540822,-0.39941,0.545503
2079566583,3,-0.501175,-0.541228,-0.397804,0.545569
2079566593,3,-0.501959,-0.541589,-0.396155,0.545689
2079566604,3,-0.502774,-0.541907,-0.394462,0.545851
2079566614,3,-0.503617,-0.542175,-0.392719,0.546064
2079566624,3,-0.504499,-0.542403,-0.390929,0.546309
2079566634,3,-0.505407,-0.54259,-0.389107,0.546584
2079566644,3,-0.506331,-0.542733,-0.387273,0.546889
2079566654,3,-0.507253,-0.542827,-0.385446,0.547231
2079566664,3,-0.508151,-0.542847,-0.38366,0.547634
2079566674,3,-0.509013,-0.542789,-0.381932,0.548098
2079566684,3,-0.509828,-0.542658,-0.380268,0.548627
2079566694,3,-0.510578,-0.542455,-0.378701,0.549214
2079566704,3,-0.511267,-0.542192,-0.377236,0.549841
2079566714,3,-0.51191,-0.541879,-0.375857,0.550495
2079566724,3,-0.512525,-0.541515,-0.374536,0.551182
2079566735,3,-0.513083,-0.541137,-0.373317,0.551859
2079566745,3,-0.513601,-0.54074,-0.372186,0.552531
2079566755,3,-0.514112,-0.540317,-0.371107,0.553194
2079566765,3,-0.514607,-0.5399,-0.37009,0.553822
2079566775,3,-0.515091,-0.539476,-0.369122,0.554431
2079566785,3,-0.515558,-0.53905,-0.368213,0.555016
2079566795,3,-0.515992,-0.538607,-0.367372,0.5556
2079566805,3,-0.516416,-0.538141,-0.366569,0.556187
2079566815,3,-0.516817,-0.537634,-0.365811,0.556804
2079566825,3,-0.517205,-0.537102,-0.365081,0.557436
2079566835,3,-0.517559,-0.536542,-0.364409,0.558085
2079566845,3,-0.517901,-0.535955,-0.363779,0.558742
2079566855,3,-0.518195,-0.535347,-0.363216,0.55942
2079566866,3,-0.518433,-0.534705,-0.362735,0.560124
2079566876,3,-0.518637,-0.534022,-0.362327,0.56085
2079566886,3,-0.518791,-0.533295,-0.36199,0.561617
2079566896,3,-0.518907,-0.532518,-0.361718,0.562422
2079566906,3,-0.518972,-0.531712,-0.361515,0.563255
2079566916,3,-0.518998,-0.530882,-0.36138,0.564099
2079566926,3,-0.518987,-0.530033,-0.361327,0.564942
2079566936,3,-0.51895,-0.529179,-0.361343,0.565765
2079566946,3,-0.518873,-0.528327,-0.361446,0.566566
2079566956,3,-0.518761,-0.527463,-0.361627,0.567357
2079566966,3,-0.51861,-0.526609,-0.361896,0.568116
2079566976,3,-0.518433,-0.525773,-0.362226,0.568842
2079566986,3,-0.518227,-0.524975,-0.362631,0.569507
2079566997,3,-0.51802,-0.524219,-0.363082,0.570105
2079567007,3,-0.517816,-0.523522,-0.363572,0.570618
2079567017,3,-0.517647,-0.5229,-0.364067,0.571026
2079567027,3,-0.517518,-0.522354,-0.36457,0.571321
2079567037,3,-0.517441,-0.521866,-0.365057,0.571527
2079567047,3,-0.517407,-0.521462,-0.365532,0.571623
2079567057,3,-0.517426,-0.52113,-0.365999,0.571609
2079567067,3,-0.517465,-0.520879,-0.366475,0.571498
2079567077,3,-0.517484,-0.520675,-0.367007,0.571325
2079567087,3,-0.517477,-0.520508,-0.367607,0.571097
2079567097,3,-0.517428,-0.52036,-0.368284,0.57084
2079567107,3,-0.517316,-0.520206,-0.369049,0.570588
2079567117,3,-0.517147,-0.520046,-0.369893,0.57034
2079567127,3,-0.516925,-0.519872,-0.370804,0.570109
2079567138,3,-0.516667,-0.519676,-0.371764,0.569896
2079567148,3,-0.51639,-0.519481,-0.372748,0.569682
2079567158,3,-0.516114,-0.5193,-0.373723,0.569459
2079567168,3,-0.515829,-0.519164,-0.374701,0.569198
2079567178,3,-0.51555,-0.519096,-0.375679,0.568868
2079567188,3,-0.515264,-0.519106,-0.376653,0.568474
2079567198,3,-0.514999,-0.519184,-0.37759,0.568021
2079567208,3,-0.514733,-0.519342,-0.378512,0.567504
2079567218,3,-0.514438,-0.519569,-0.379439,0.566944
2079567228,3,-0.514086,-0.51986,-0.380402,0.566351
2079567238,3,-0.513652,-0.520193,-0.381411,0.56576
2079567248,3,-0.513133,-0.520562,-0.382468,0.565178
2079567258,3,-0.512538,-0.520963,-0.383554,0.564611
2079567269,3,-0.511889,-0.521405,-0.384635,0.564057
2079567279,3,-0.511214,-0.5219,-0.385685,0.563494
2079567289,3,-0.510548,-0.522433,-0.386668,0.56293
2079567299,3,-0.509897,-0.523021,-0.387569,0.562355
2079567309,3,-0.509277,-0.523653,-0.388358,0.561783
2079567319,3,-0.508705,-0.524322,-0.389023,0.561218
2079567329,3,-0.508161,-0.525042,-0.389581,0.560649
2079567339,3,-0.50764,-0.525802,-0.390049,0.560084
2079567349,3,-0.507111,-0.526597,-0.39045,0.559537
2079567359,3,-0.506569,-0.527416,-0.390798,0.559012
2079567369,3,-0.506015,-0.528269,-0.391088,0.558506
2079567379,3,-0.505418,-0.529149,-0.391343,0.558034
2079567389,3,-0.504787,-0.530073,-0.39156,0.557576
2079567400,3,-0.504099,-0.531045,-0.391748,0.557142
2079567410,3,-0.503349,-0.532049,-0.391914,0.556744
2079567420,3,-0.502532,-0.533074,-0.39206,0.5564
2079567430,3,-0.501672,-0.534125,-0.392165,0.556094
2079567440,3,-0.500771,-0.535189,-0.392225,0.555841
2079567450,3,-0.499843,-0.536271,-0.392223,0.555635
2079567460,3,-0.498915,-0.537362,-0.392126,0.555483
2079567470,3,-0.497981,-0.538441,-0.391956,0.555397
2079567480,3,-0.497063,-0.539503,-0.391694,0.555373
2079567490,3,-0.496164,-0.540547,-0.391347,0.555405
2079567500,3,-0.495269,-0.541554,-0.390942,0.555508
2079567510,3,-0.494383,-0.542522,-0.390473,0.555684
2079567520,3,-0.493518,-0.54344,-0.389953,0.555921
2079567530,3,-0.492654,-0.544324,-0.389392,0.556215
2079567541,3,-0.491807,-0.545159,-0.388782,0.556574
2079567551,3,-0.490991,-0.545932,-0.388123,0.556996
2079567561,3,-0.490206,-0.546666,-0.387414,0.557461
2079567571,3,-0.489447,-0.54738,-0.38666,0.55795
2079567581,3,-0.488729,-0.54809,-0.385853,0.558442
2079567591,3,-0.488079,-0.548805,-0.384972,0.558916
2079567601,3,-0.487458,-0.549513,-0.384049,0.559396
2079567611,3,-0.486871,-0.550209,-0.383086,0.559884
2079567621,3,-0.486296,-0.550865,-0.382117,0.5604
2079567631,3,-0.48576,-0.551484,-0.381115,0.560938
2079567641,3,-0.485252,-0.552062,-0.380098,0.5615
2079567651,3,-0.484773,-0.552593,-0.37907,0.562086
2079567661,3,-0.484361,-0.553095,-0.377992,0.562674
2079567672,3,-0.483994,-0.553543,-0.376879,0.563295
2079567682,3,-0.483733,-0.553917,-0.375682,0.56395
2079567692,3,-0.483573,-0.554214,-0.374407,0.564642
2079567702,3,-0.483483,-0.554483,-0.373083,0.565332
2079567712,3,-0.483487,-0.554713,-0.371678,0.566028
2079567722,3,-0.48358,-0.554925,-0.370191,0.566715
2079567732,3,-0.48377,-0.555168,-0.368605,0.567347
2079567742,3,-0.48403,-0.555459,-0.36693,0.567926
2079567752,3,-0.484354,-0.55581,-0.365176,0.568437
2079567762,3,-0.484715,-0.556238,-0.363365,0.568871
2079567772,3,-0.485095,-0.556723,-0.361518,0.56925
2079567782,3,-0.485462,-0.557223,-0.359667,0.569619
2079567792,3,-0.485784,-0.55771,-0.357861,0.570007
2079567803,3,-0.486024,-0.558157,-0.356141,0.570441
2079567813,3,-0.486155,-0.558536,-0.354534,0.570959
2079567823,3,-0.48616,-0.558833,-0.353072,0.571571
2079567833,3,-0.486028,-0.559031,-0.351774,0.572288
2079567843,3,-0.485765,-0.559111,-0.350639,0.573129
2079567853,3,-0.485364,-0.559059,-0.349667,0.574113
2079567863,3,-0.484817,-0.558931,-0.348851,0.575195
2079567873,3,-0.48413,-0.558766,-0.348153,0.576357
2079567883,3,-0.483334,-0.558625,-0.347508,0.577549
2079567893,3,-0.482438,-0.558538,-0.346867,0.578766
2079567903,3,-0.481454,-0.558545,-0.346186,0.579986
2079567913,3,-0.480387,-0.558666,-0.345423,0.581207
2079567923,3,-0.479237,-0.558935,-0.344543,0.582419
2079567934,3,-0.478006,-0.559383,-0.343505,0.583612
2079567944,3,-0.476691,-0.560042,-0.342278,0.584775
2079567954,3,-0.475279,-0.560954,-0.340825,0.585899
2079567964,3,-0.473762,-0.562156,-0.339116,0.586965
2079567974,3,-0.472131,-0.563666,-0.337134,0.587972
2079567984,3,-0.470368,-0.565506,-0.33489,0.588899
2079567994,3,-0.468455,-0.567666,-0.332379,0.589769
2079568004,3,-0.466392,-0.570125,-0.329599,0.590592
2079568014,3,-0.46415,-0.572821,-0.326597,0.591416
2079568024,3,-0.461694,-0.575686,-0.323451,0.592286
2079568034,3,-0.459009,-0.578675,-0.320202,0.593224
2079568044,3,-0.456136,-0.581696,-0.316875,0.594272
2079568054,3,-0.453117,-0.584656,-0.313456,0.595488
2079568064,3,-0.450036,-0.587515,-0.309953,0.596842
2079568075,3,-0.446861,-0.590301,-0.306489,0.598266
2079568085,3,-0.443624,-0.592986,-0.303071,0.599761
2079568095,3,-0.440356,-0.595534,-0.299694,0.601338
2079568105,3,-0.437119,-0.597929,-0.296318,0.602994
2079568115,3,-0.433923,-0.600192,-0.292962,0.604692
2079568125,3,-0.430796,-0.602386,-0.289595,0.606365
2079568135,3,-0.427743,-0.604587,-0.286191,0.607951
2079568145,3,-0.424789,-0.606819,-0.282704,0.609428
2079568155,3,-0.42195,-0.609121,-0.279108,0.610759
2079568165,3,-0.419204,-0.611544,-0.275409,0.611907
2079568175,3,-0.416517,-0.614117,-0.271664,0.612838
2079568185,3,-0.413838,-0.616823,-0.267904,0.61359
2079568195,3,-0.41114,-0.619669,-0.264164,0.614157
2079568206,3,-0.408373,-0.622657,-0.260502,0.614546
2079568216,3,-0.405505,-0.625729,-0.256945,0.614823
2079568226,3,-0.40252,-0.62884,-0.253515,0.615033
2079568236,3,-0.399454,-0.631975,-0.250175,0.615187
2079568246,3,-0.396348,-0.635091,-0.246872,0.615322
2079568256,3,-0.393249,-0.638135,-0.243585,0.61547
2079568266,3,-0.390198,-0.641073,-0.240295,0.615653
2079568276,3,-0.38718,-0.643852,-0.237077,0.615905
2079568286,3,-0.384238,-0.64637,-0.233942,0.616308
2079568296,3,-0.381457,-0.648656,-0.230914,0.616776
2079568306,3,-0.37872,-0.65063,-0.22817,0.617404
2079568316,3,-0.37603,-0.65222,-0.225732,0.618267
2079568326,3,-0.373411,-0.653413,-0.223601,0.619368
2079568337,3,-0.370881,-0.654206,-0.221748,0.620716
2079568347,3,-0.368447,-0.654668,-0.220138,0.622249
2079568357,3,-0.36613,-0.65487,-0.218727,0.6239
2079568367,3,-0.363981,-0.654904,-0.217408,0.62558
2079568377,3,-0.362026,-0.654863,-0.216067,0.62722
2079568387,3,-0.36033,-0.654873,-0.214587,0.628692
2079568397,3,-0.358906,-0.655003,-0.212877,0.629952
2079568407,3,-0.357789,-0.655355,-0.210844,0.630904
2079568417,3,-0.356961,-0.655973,-0.208507,0.631507
2079568427,3,-0.356365,-0.656753,-0.205941,0.631876
2079568437,3,-0.355969,-0.657584,-0.203157,0.632135
2079568447,3,-0.355698,-0.658464,-0.200233,0.632304
2079568457,3,-0.355955,-0.659374,-0.196764,0.632301
2079568467,3,-0.356265,-0.66022,-0.193306,0.63231
2079568478,3,-0.356661,-0.660967,-0.189859,0.632351
2079568488,3,-0.3572,-0.661602,-0.186407,0.632409
2079568498,3,-0.357912,-0.662144,-0.182941,0.632452
2079568508,3,-0.358833,-0.662615,-0.179459,0.632434
2079568518,3,-0.359963,-0.66304,-0.17601,0.632316
2079568528,3,-0.361273,-0.663443,-0.172641,0.632075
2079568538,3,-0.362708,-0.663835,-0.169443,0.631707
2079568548,3,-0.364171,-0.664193,-0.166561,0.631254
2079568558,3,-0.365562,-0.664461,-0.164131,0.630805
2079568568,3,-0.366831,-0.664576,-0.162228,0.63044
2079568578,3,-0.367945,-0.66452,-0.160919,0.630184
2079568588,3,-0.36888,-0.664305,-0.160225,0.630041
2079568598,3,-0.36963,-0.663944,-0.160169,0.629997
2079568609,3,-0.370183,-0.663444,-0.160778,0.630044
2079568619,3,-0.370558,-0.66284,-0.162062,0.63013
2079568629,3,-0.370767,-0.66217,-0.164017,0.630206
2079568639,3,-0.370558,-0.661359,-0.166911,0.63042
2079568649,3,-0.370278,-0.660549,-0.170378,0.630506
2079568659,3,-0.36995,-0.659789,-0.174388,0.630399
2079568669,3,-0.369622,-0.659128,-0.178905,0.630016
2079568679,3,-0.369187,-0.658448,-0.183984,0.62952
2079568689,3,-0.368571,-0.657548,-0.189616,0.62915
2079568699,3,-0.367714,-0.656401,-0.195841,0.628943
2079568709,3,-0.366559,-0.654907,-0.202649,0.629017
2079568719,3,-0.365099,-0.653018,-0.209973,0.629427
2079568729,3,-0.363315,-0.650701,-0.217708,0.630232
2079568740,3,-0.361217,-0.647944,-0.225797,0.631431
2079568750,3,-0.35877,-0.644785,-0.234212,0.632993
2079568760,3,-0.35595,-0.641258,-0.242938,0.634876
2079568770,3,-0.352755,-0.637424,-0.251933,0.63701
2079568780,3,-0.349196,-0.633334,-0.261153,0.639334
2079568790,3,-0.345285,-0.629022,-0.270548,0.641803
2079568800,3,-0.341054,-0.624524,-0.280071,0.644368
2079568810,3,-0.336547,-0.619877,-0.289672,0.646975
2079568820,3,-0.331804,-0.615104,-0.299308,0.649589
2079568830,3,-0.326892,-0.610242,-0.308938,0.652152
2079568840,3,-0.321857,-0.60531,-0.318531,0.654633
2079568850,3,-0.316782,-0.600346,-0.328044,0.656977
2079568860,3,-0.311764,-0.59542,-0.33742,0.659109
2079568871,3,-0.306935,-0.590618,-0.346595,0.660932
2079568881,3,-0.302447,-0.586008,-0.355489,0.66238
2079568891,3,-0.29842,-0.581643,-0.364047,0.663404
2079568901,3,-0.294934,-0.577555,-0.372248,0.663984
2079568911,3,-0.292015,-0.573741,-0.380096,0.664134
2079568921,3,-0.289703,-0.570196,-0.3876,0.663862
2079568931,3,-0.287977,-0.566916,-0.394769,0.663198
2079568941,3,-0.286869,-0.563919,-0.401589,0.662137
2079568951,3,-0.286395,-0.561241,-0.408039,0.660673
2079568961,3,-0.286624,-0.55894,-0.414051,0.658781
2079568971,3,-0.287573,-0.55708,-0.419574,0.656444
2079568981,3,-0.289264,-0.555689,-0.424574,0.65366
2079568991,3,-0.291702,-0.554764,-0.429038,0.650439
2079569001,3,-0.294826,-0.554287,-0.432977,0.646817
2079569012,3,-0.298584,-0.554206,-0.436401,0.64285
2079569022,3,-0.302876,-0.55446,-0.439346,0.638603
2079569032,3,-0.307615,-0.554974,-0.441857,0.634143
2079569042,3,-0.312716,-0.555673,-0.44396,0.629551
2079569052,3,-0.318122,-0.556494,-0.44567,0.624892
2079569062,3,-0.323764,-0.557381,-0.447018,0.620223
2079569072,3,-0.329569,-0.558291,-0.448042,0.61559
2079569082,3,-0.335482,-0.55919,-0.448765,0.611037
2079569092,3,-0.343645,-0.560679,-0.447267,0.606216
2079569102,3,-0.351762,-0.562068,-0.445504,0.601554
2079569112,3,-0.359736,-0.563341,-0.443524,0.597094
2079569122,3,-0.367489,-0.564422,-0.4414,0.592912
2079569132,3,-0.374948,-0.565281,-0.439169,0.589067
2079569143,3,-0.380132,-0.565434,-0.43867,0.585961
2079569153,3,-0.385097,-0.565376,-0.437976,0.583289
2079569163,3,-0.389853,-0.565088,-0.437042,0.581104
2079569173,3,-0.394432,-0.564587,-0.43583,0.579409
2079569183,3,-0.398852,-0.563875,-0.434286,0.578235
2079569193,3,-0.403078,-0.562925,-0.43243,0.57762
2079569203,3,-0.407028,-0.561725,-0.430324,0.577592
2079569213,3,-0.410668,-0.560248,-0.428014,0.578166
2079569223,3,-0.413966,-0.558499,-0.425538,0.579333
2079569233,3,-0.416979,-0.556556,-0.422866,0.580996
2079569243,3,-0.419817,-0.554535,-0.419926,0.583013
2079569253,3,-0.42259,-0.552583,-0.416646,0.585213
2079569263,3,-0.425364,-0.550857,-0.412975,0.587428
2079569274,3,-0.428943,-0.549061,-0.408128,0.58989
2079569284,3,-0.432443,-0.547593,-0.40296,0.592247
2079569294,3,-0.435881,-0.546519,-0.397458,0.594432
2079569304,3,-0.439001,-0.546649,-0.391909,0.5957
2079569314,3,-0.442202,-0.547383,-0.385884,0.596592
2079569324,3,-0.445439,-0.548734,-0.37941,0.597094
2079569334,3,-0.448646,-0.550674,-0.372568,0.597216
2079569344,3,-0.451734,-0.553161,-0.365432,0.596998
2079569354,3,-0.454627,-0.556096,-0.358103,0.596516
2079569364,3,-0.457253,-0.559371,-0.350647,0.595877
2079569374,3,-0.459587,-0.562871,-0.343137,0.595156
2079569384,3,-0.461594,-0.566494,-0.335641,0.59444
2079569394,3,-0.463255,-0.570143,-0.328212,0.593807
2079569405,3,-0.464571,-0.573731,-0.320911,0.593314
2079569415,3,-0.46553,-0.577185,-0.313786,0.593022
2079569425,3,-0.466145,-0.580453,-0.306892,0.592958
2079569435,3,-0.466658,-0.583716,-0.300046,0.592855
2079569445,3,-0.466696,-0.586707,-0.293611,0.593094
2079569455,3,-0.466201,-0.589535,-0.287661,0.593594
2079569465,3,-0.46536,-0.592213,-0.282098,0.594258
2079569475,3,-0.464236,-0.594707,-0.276925,0.595079
2079569485,3,-0.462852,-0.597035,-0.272153,0.596026
2079569495,3,-0.461266,-0.599185,-0.267756,0.59709
2079569505,3,-0.459541,-0.601103,-0.263686,0.598301
2079569515,3,-0.457706,-0.602767,-0.259931,0.599676
2079569525,3,-0.456154,-0.603706,-0.255964,0.601617
2079569535,3,-0.454578,-0.604321,-0.252236,0.603763
2079569546,3,-0.453004,-0.604615,-0.248748,0.606094
2079569556,3,-0.451444,-0.604601,-0.245516,0.608585
2079569566,3,-0.449913,-0.604303,-0.242556,0.611196
2079569576,3,-0.448409,-0.603741,-0.239898,0.6139
2079569586,3,-0.44693,-0.602941,-0.237565,0.616666
2079569596,3,-0.445489,-0.601942,-0.235576,0.619442
2079569606,3,-0.444085,-0.600769,-0.233941,0.622202
2079569616,3,-0.442754,-0.599462,-0.232658,0.624885
2079569626,3,-0.441545,-0.598097,-0.231665,0.627413
2079569636,3,-0.440507,-0.59676,-0.230911,0.62969
2079569646,3,-0.439689,-0.595558,-0.230326,0.631611
2079569656,3,-0.439142,-0.594623,-0.22981,0.633058
2079569666,3,-0.438918,-0.594068,-0.229277,0.633928
2079569677,3,-0.439044,-0.593944,-0.228614,0.634196
2079569687,3,-0.439519,-0.594254,-0.227767,0.633881
2079569697,3,-0.440316,-0.594965,-0.226691,0.633047
2079569707,3,-0.441411,-0.59602,-0.225358,0.631766
2079569717,3,-0.441598,-0.597366,-0.224983,0.630497
2079569727,3,-0.442087,-0.599016,-0.224281,0.628836
2079569737,3,-0.44282,-0.600881,-0.223287,0.626892
2079569747,3,-0.443762,-0.602893,-0.222037,0.624735
2079569757,3,-0.444834,-0.604953,-0.220635,0.622473
2079569767,3,-0.446007,-0.60703,-0.219107,0.620147
2079569777,3,-0.448159,-0.608784,-0.216429,0.617813
2079569787,3,-0.45034,-0.610412,-0.213724,0.615558
2079569797,3,-0.452475,-0.611868,-0.211076,0.613457
2079569808,3,-0.454532,-0.613071,-0.20858,0.611586
2079569818,3,-0.456445,-0.613957,-0.206336,0.610031
2079569828,3,-0.45813,-0.61449,-0.204468,0.60886
2079569838,3,-0.459528,-0.614651,-0.203082,0.608107
2079569848,3,-0.460622,-0.614495,-0.202221,0.607725
2079569858,3,-0.461412,-0.61407,-0.201884,0.607666
2079569868,3,-0.461925,-0.613448,-0.202038,0.607854
2079569878,3,-0.462202,-0.612695,-0.202629,0.608205
2079569888,3,-0.462264,-0.611849,-0.203617,0.60868
2079569898,3,-0.462098,-0.610919,-0.205001,0.609275
2079569908,3,-0.461693,-0.609881,-0.206787,0.610018
2079569918,3,-0.461032,-0.60875,-0.208981,0.610899
2079569928,3,-0.460123,-0.607528,-0.211576,0.611907
2079569938,3,-0.458974,-0.606239,-0.214565,0.613006
2079569949,3,-0.457018,-0.605097,-0.218645,0.614154
2079569959,3,-0.454943,-0.603894,-0.222939,0.615334
2079569969,3,-0.452791,-0.602733,-0.227435,0.616412
2079569979,3,-0.450549,-0.601733,-0.232194,0.617258
2079569989,3,-0.448251,-0.600934,-0.237231,0.617793
2079569999,3,-0.446135,-0.600111,-0.242258,0.618173
2079570009,3,-0.443944,-0.599201,-0.247563,0.618532
2079570019,3,-0.441684,-0.598077,-0.253153,0.618975
2079570029,3,-0.439353,-0.596646,-0.259067,0.619568
2079570039,3,-0.436947,-0.594845,-0.265328,0.620352
2079570049,3,-0.434459,-0.592634,-0.271944,0.621349
2079570059,3,-0.431813,-0.590079,-0.278963,0.622513
2079570069,3,-0.429001,-0.587225,-0.286405,0.623775
2079570080,3,-0.425997,-0.584099,-0.294292,0.625096
2079570090,3,-0.423689,-0.581333,-0.30182,0.625654
2079570100,3,-0.421243,-0.578312,-0.309711,0.626249
2079570110,3,-0.418611,-0.575029,-0.317988,0.626888
2079570120,3,-0.415765,-0.57153,-0.326656,0.627525
2079570130,3,-0.412667,-0.567813,-0.335709,0.628165
2079570140,3,-0.409347,-0.563867,-0.345071,0.628819
2079570150,3,-0.405855,-0.559666,-0.354631,0.629516
2079570160,3,-0.402302,-0.555218,-0.364235,0.630251
2079570170,3,-0.398798,-0.550561,-0.373753,0.630991
2079570180,3,-0.395463,-0.545782,-0.383061,0.631659
2079570190,3,-0.39239,-0.540946,-0.392081,0.632201
2079570200,3,-0.388661,-0.535542,-0.401611,0.633123
2079570211,3,-0.38534,-0.53022,-0.410745,0.633771
2079570221,3,-0.382476,-0.525013,-0.419464,0.634131
2079570231,3,-0.380058,-0.519924,-0.427778,0.634223
2079570241,3,-0.378092,-0.514977,-0.43569,0.634048
2079570251,3,-0.376575,-0.510174,-0.443221,0.633615
2079570261,3,-0.375496,-0.505534,-0.450374,0.63293
2079570271,3,-0.374852,-0.501067,-0.457157,0.631999
2079570281,3,-0.376347,-0.497745,-0.462214,0.630055
2079570291,3,-0.378261,-0.494627,-0.466894,0.62791
2079570301,3,-0.380603,-0.49172,-0.471188,0.625566
2079570311,3,-0.38336,-0.489046,-0.475084,0.623027
2079570321,3,-0.386551,-0.486626,-0.47856,0.620284
2079570331,3,-0.390189,-0.484493,-0.481573,0.617337
2079570342,3,-0.394218,-0.482635,-0.484168,0.614195
2079570352,3,-0.396881,-0.480112,-0.48771,0.611649
2079570362,3,-0.399895,-0.477801,-0.49085,0.608978
2079570372,3,-0.405016,-0.476633,-0.492184,0.605423
2079570382,3,-0.410431,-0.475645,-0.493126,0.601775
2079570392,3,-0.4161,-0.474829,-0.4937,0.598044
2079570402,3,-0.421938,-0.474125,-0.493974,0.594274
2079570412,3,-0.427868,-0.47348,-0.494002,0.590512
2079570422,3,-0.433857,-0.472883,-0.493802,0.586777
2079570432,3,-0.439866,-0.472304,-0.4934,0.583096
2079570442,3,-0.444047,-0.470953,-0.494319,0.580235
2079570452,3,-0.44826,-0.46964,-0.495013,0.577461
2079570462,3,-0.452467,-0.468345,-0.495491,0.574816
2079570472,3,-0.456629,-0.46703,-0.495785,0.572336
2079570483,3,-0.460704,-0.465658,-0.495912,0.570074
2079570493,3,-0.464635,-0.464187,-0.495908,0.568083
2079570503,3,-0.468385,-0.46259,-0.495824,0.566377
2079570513,3,-0.471954,-0.460872,-0.495664,0.564953
2079570523,3,-0.475401,-0.459081,-0.495409,0.563743
2079570533,3,-0.478854,-0.45732,-0.494984,0.562625
2079570543,3,-0.482454,-0.455721,-0.494277,0.561467
2079570553,3,-0.487259,-0.454619,-0.492372,0.559882
2079570563,3,-0.492172,-0.453697,-0.49022,0.558218
2079570573,3,-0.496806,-0.453116,-0.488173,0.556377
2079570583,3,-0.501859,-0.452995,-0.485598,0.554189
2079570593,3,-0.507333,-0.453368,-0.4825,0.5516
2079570603,3,-0.513194,-0.454251,-0.478897,0.548583
2079570614,3,-0.519395,-0.455624,-0.474817,0.545144
2079570624,3,-0.525847,-0.457443,-0.470334,0.541309
2079570634,3,-0.532422,-0.45964,-0.465547,0.537142
2079570644,3,-0.538992,-0.462138,-0.460591,0.532702
2079570654,3,-0.545444,-0.464831,-0.455556,0.5281
2079570664,3,-0.551674,-0.467637,-0.450531,0.523443
2079570674,3,-0.557593,-0.470455,-0.445607,0.518839
2079570684,3,-0.563125,-0.473178,-0.440887,0.514402
2079570694,3,-0.568213,-0.475715,-0.436454,0.510231
2079570704,3,-0.572825,-0.478004,-0.432334,0.506428
2079570714,3,-0.57746,-0.480243,-0.428051,0.50267
2079570724,3,-0.581495,-0.482144,-0.424245,0.499415
2079570734,3,-0.58498,-0.483709,-0.420877,0.496673
2079570745,3,-0.588038,-0.484949,-0.417836,0.494416
2079570755,3,-0.590741,-0.485925,-0.415066,0.492565
2079570765,3,-0.593212,-0.486661,-0.412469,0.491048
2079570775,3,-0.595526,-0.487207,-0.409977,0.489791
2079570785,3,-0.597701,-0.487586,-0.40762,0.48873
2079570795,3,-0.5998,-0.487807,-0.405339,0.487834
2079570805,3,-0.601844,-0.487829,-0.403157,0.487103
2079570815,3,-0.603817,-0.487605,-0.401115,0.486571
2079570825,3,-0.605658,-0.48707,-0.399309,0.486304
2079570835,3,-0.607666,-0.486192,-0.397394,0.486247
2079570845,3,-0.609546,-0.485064,-0.395766,0.486348
2079570855,3,-0.611329,-0.483734,-0.394406,0.486539
2079570865,3,-0.61306,-0.48226,-0.393278,0.486738
2079570875,3,-0.614805,-0.480695,-0.39233,0.48685
2079570886,3,-0.616606,-0.479108,-0.391515,0.486793
2079570896,3,-0.618512,-0.477554,-0.390784,0.486489
2079570906,3,-0.620563,-0.476079,-0.390085,0.485883
2079570916,3,-0.622789,-0.474695,-0.389386,0.484949
2079570926,3,-0.625184,-0.473374,-0.388669,0.483733
2079570936,3,-0.627741,-0.472068,-0.387928,0.482289
2079570946,3,-0.63045,-0.470734,-0.387153,0.48068
2079570956,3,-0.633286,-0.469314,-0.386337,0.478994
2079570966,3,-0.636205,-0.467774,-0.385523,0.477285
2079570976,3,-0.638161,-0.466119,-0.386033,0.475878
2079570986,3,-0.640185,-0.464313,-0.386586,0.474475
2079570996,3,-0.642183,-0.462303,-0.387283,0.473166
2079571006,3,-0.644067,-0.46003,-0.388254,0.472024
2079571017,3,-0.645831,-0.457433,-0.389485,0.471123
2079571027,3,-0.647412,-0.454482,-0.391053,0.470509
2079571037,3,-0.648818,-0.451148,-0.392955,0.470197
2079571047,3,-0.650059,-0.447421,-0.395165,0.470192
2079571057,3,-0.651159,-0.443312,-0.397657,0.470461
2079571067,3,-0.652114,-0.438813,-0.400449,0.470987
2079571077,3,-0.652933,-0.433913,-0.403528,0.471765
2079571087,3,-0.653557,-0.428644,-0.406963,0.472764
2079571097,3,-0.654471,-0.422661,-0.410051,0.474217
2079571107,3,-0.655066,-0.416423,-0.41368,0.475759
2079571117,3,-0.655292,-0.409989,-0.417928,0.477322
2079571127,3,-0.655119,-0.403451,-0.422838,0.478803
2079571137,3,-0.654539,-0.396912,-0.428419,0.480099
2079571148,3,-0.653628,-0.39046,-0.434579,0.481093
2079571158,3,-0.652484,-0.384192,-0.441183,0.481681
2079571168,3,-0.651193,-0.378194,-0.448088,0.481801
2079571178,3,-0.649833,-0.372489,-0.455187,0.481427
2079571188,3,-0.648423,-0.367103,-0.462409,0.480582
2079571198,3,-0.646952,-0.361998,-0.469726,0.479339
2079571208,3,-0.645389,-0.357141,-0.477147,0.477757
2079571218,3,-0.643703,-0.352472,-0.48468,0.475914
2079571228,3,-0.641843,-0.347954,-0.492352,0.473871
2079571238,3,-0.639781,-0.34357,-0.500159,0.471676
2079571248,3,-0.637547,-0.33931,-0.508041,0.469356
2079571258,3,-0.635337,-0.335612,-0.515898,0.466432
2079571268,3,-0.633038,-0.332053,-0.523701,0.463401
2079571279,3,-0.630708,-0.328666,-0.531397,0.460219
2079571289,3,-0.628135,-0.324739,-0.539007,0.457669
2079571299,3,-0.625545,-0.320788,-0.54647,0.455145
2079571309,3,-0.622923,-0.31678,-0.553838,0.452635
2079571319,3,-0.620268,-0.312694,-0.561138,0.450125
2079571329,3,-0.617563,-0.308527,-0.568401,0.4476
2079571339,3,-0.614814,-0.304263,-0.575636,0.445048
2079571349,3,-0.612019,-0.299938,-0.582865,0.442421
2079571359,3,-0.609182,-0.29558,-0.590101,0.439668
2079571369,3,-0.607572,-0.291698,-0.596293,0.436121
2079571379,3,-0.60599,-0.287824,-0.602437,0.432438
2079571389,3,-0.60451,-0.284014,-0.608473,0.428559
2079571399,3,-0.603174,-0.280333,-0.614377,0.424423
2079571409,3,-0.601998,-0.276834,-0.620133,0.419993
2079571420,3,-0.600947,-0.273489,-0.625758,0.415322
2079571430,3,-0.600005,-0.270256,-0.631242,0.410471
2079571440,3,-0.599157,-0.267103,-0.63657,0.405515
2079571450,3,-0.598369,-0.263946,-0.641751,0.400551
2079571460,3,-0.596134,-0.260159,-0.647974,0.39632
2079571470,3,-0.594044,-0.25634,-0.65394,0.392125
2079571480,3,-0.592145,-0.252512,-0.659608,0.387965
2079571490,3,-0.590484,-0.24869,-0.664942,0.383839
2079571500,3,-0.589096,-0.244908,-0.669921,0.379724
2079571510,3,-0.587999,-0.241172,-0.674542,0.375612
2079571520,3,-0.587208,-0.237503,-0.678806,0.371482
2079571530,3,-0.586717,-0.23393,-0.682717,0.367334
2079571540,3,-0.586509,-0.230451,-0.686303,0.363161
2079571551,3,-0.58656,-0.227069,-0.689584,0.35897
2079571561,3,-0.586845,-0.223777,-0.69258,0.354778
2079571571,3,-0.587318,-0.220576,-0.695328,0.3506
2079571581,3,-0.589989,-0.217863,-0.69625,0.345952
2079571591,3,-0.590705,-0.214834,-0.698606,0.341849
2079571601,3,-0.591497,-0.211873,-0.700809,0.337797
2079571611,3,-0.594485,-0.209345,-0.701174,0.33334
2079571621,3,-0.597488,-0.206874,-0.701424,0.328959
2079571631,3,-0.600487,-0.204445,-0.701572,0.324673
2079571641,3,-0.603492,-0.202062,-0.701606,0.320493
2079571651,3,-0.606514,-0.199752,-0.701529,0.316378
2079571661,3,-0.609558,-0.197505,-0.701327,0.312362
2079571671,3,-0.612607,-0.195344,-0.70102,0.308421
2079571682,3,-0.615652,-0.193269,-0.700618,0.304554
2079571692,3,-0.618675,-0.191284,-0.700138,0.300759
2079571702,3,-0.621682,-0.189406,-0.699579,0.297026
2079571712,3,-0.624626,-0.187643,-0.698974,0.29337
2079571722,3,-0.627559,-0.185998,-0.69828,0.289789
2079571732,3,-0.630485,-0.184488,-0.697492,0.286279
2079571742,3,-0.631865,-0.183217,-0.697952,0.282914
2079571752,3,-0.633347,-0.182065,-0.698226,0.279647
2079571762,3,-0.63499,-0.18102,-0.698264,0.276486
2079571772,3,-0.636848,-0.180072,-0.69801,0.273457
2079571782,3,-0.638965,-0.179195,-0.697415,0.2706
2079571792,3,-0.641318,-0.178363,-0.6965,0.267923
2079571802,3,-0.643852,-0.177553,-0.695319,0.265441
2079571812,3,-0.646483,-0.176749,-0.693943,0.263173
2079571823,3,-0.649172,-0.175956,-0.692414,0.261106
2079571833,3,-0.651937,-0.175179,-0.690704,0.259261
2079571843,3,-0.654845,-0.174409,-0.688755,0.257631
2079571853,3,-0.658821,-0.173431,-0.685693,0.256318
2079571863,3,-0.662839,-0.172476,-0.682472,0.2552
2079571873,3,-0.666973,-0.171592,-0.679014,0.254246
2079571883,3,-0.671282,-0.171188,-0.675303,0.253061
2079571893,3,-0.676126,-0.170927,-0.670952,0.251913
2079571903,3,-0.681504,-0.170843,-0.66594,0.250773
2079571913,3,-0.687356,-0.170935,-0.660306,0.249637
2079571923,3,-0.693589,-0.171227,-0.654113,0.248496
2079571933,3,-0.700082,-0.171701,-0.647477,0.247336
2079571943,3,-0.706709,-0.172364,-0.640513,0.246161
2079571954,3,-0.713345,-0.173225,-0.633348,0.24495
2079571964,3,-0.719896,-0.174275,-0.626096,0.243679
2079571974,3,-0.726241,-0.175511,-0.618899,0.242347
2079571984,3,-0.732284,-0.176905,-0.611875,0.240983
2079571994,3,-0.737951,-0.178421,-0.605127,0.239613
2079572004,3,-0.743194,-0.180015,-0.598735,0.238267
2079572014,3,-0.7481,-0.181204,-0.592545,0.237486
2079572024,3,-0.752446,-0.18243,-0.58691,0.236809
2079572034,3,-0.756219,-0.183689,-0.58188,0.23623
2079572044,3,-0.7594,-0.18496,-0.5775,0.235785
2079572054,3,-0.762013,-0.186221,-0.573769,0.235467
2079572064,3,-0.764089,-0.187444,-0.570678,0.235282
2079572074,3,-0.765688,-0.188588,-0.568177,0.235223
2079572085,3,-0.766887,-0.18961,-0.56618,0.235309
2079572095,3,-0.767754,-0.190492,-0.564611,0.235542
2079572105,3,-0.768356,-0.191222,-0.563395,0.235899
2079572115,3,-0.768735,-0.191814,-0.562482,0.236359
2079572125,3,-0.769694,-0.192642,-0.560927,0.236261
2079572135,3,-0.770505,-0.193384,-0.559603,0.236153
2079572145,3,-0.771174,-0.194053,-0.558516,0.23599
2079572155,3,-0.771707,-0.194658,-0.55767,0.235753
2079572165,3,-0.772098,-0.195204,-0.557075,0.235425
2079572175,3,-0.772351,-0.195701,-0.55673,0.235001
2079572185,3,-0.77246,-0.196136,-0.556649,0.234471
2079572195,3,-0.772421,-0.196481,-0.55684,0.233856
2079572205,3,-0.772242,-0.196719,-0.557287,0.233182
2079572216,3,-0.771963,-0.196808,-0.557939,0.23247
2079572226,3,-0.771642,-0.1967,-0.558714,0.231766
2079572236,3,-0.77133,-0.196339,-0.559537,0.231121
2079572246,3,-0.771089,-0.195681,-0.560328,0.230566
2079572256,3,-0.770955,-0.194672,-0.561037,0.230145
2079572266,3,-0.77095,-0.193281,-0.561642,0.22986
2079572276,3,-0.771069,-0.191512,-0.56214,0.229724
2079572286,3,-0.771295,-0.189379,-0.562552,0.229723
2079572296,3,-0.771598,-0.186916,-0.562915,0.229834
2079572306,3,-0.770977,-0.184128,-0.564517,0.230239
2079572316,3,-0.7704,-0.18101,-0.566093,0.230775
2079572326,3,-0.769888,-0.177661,-0.567626,0.231318
2079572336,3,-0.769403,-0.174139,-0.569186,0.231776
2079572346,3,-0.768905,-0.170454,-0.570822,0.232147
2079572357,3,-0.768375,-0.166568,-0.572554,0.232457
2079572367,3,-0.767774,-0.162487,-0.574416,0.232735
2079572377,3,-0.767072,-0.15821,-0.57643,0.233019
2079572387,3,-0.766907,-0.153576,-0.577741,0.233412
2079572397,3,-0.766609,-0.148781,-0.579229,0.23381
2079572407,3,-0.766128,-0.143838,-0.580973,0.234153
2079572417,3,-0.765411,-0.138763,-0.583045,0.23441
2079572427,3,-0.764419,-0.133554,-0.585496,0.234564
2079572437,3,-0.763136,-0.12822,-0.588336,0.23461
2079572447,3,-0.761555,-0.122787,-0.591561,0.234545
2079572457,3,-0.759696,-0.117279,-0.595138,0.234346
2079572467,3,-0.757611,-0.111747,-0.598985,0.233997
2079572477,3,-0.755364,-0.106208,-0.603017,0.233481
2079572488,3,-0.753041,-0.100686,-0.607115,0.232811
2079572498,3,-0.750688,-0.095184,-0.611203,0.232027
2079572508,3,-0.748329,-0.089691,-0.615241,0.231165
2079572518,3,-0.745959,-0.084218,-0.619228,0.230232
2079572528,3,-0.743581,-0.078796,-0.623159,0.229236
2079572538,3,-0.741197,-0.073435,-0.62703,0.228179
2079572548,3,-0.738601,-0.068768,-0.631234,0.226454
2079572558,3,-0.736041,-0.064218,-0.635335,0.224648
2079572568,3,-0.733571,-0.059784,-0.639292,0.22272
2079572578,3,-0.731236,-0.055466,-0.643057,0.220667
2079572588,3,-0.729145,-0.051231,-0.646521,0.218479
2079572598,3,-0.72742,-0.046547,-0.649426,0.216654
2079572608,3,-0.725836,-0.042042,-0.652196,0.214553
2079572619,3,-0.724341,-0.037726,-0.654905,0.212143
2079572629,3,-0.722859,-0.033605,-0.657649,0.209385
2079572639,3,-0.721315,-0.029684,-0.660518,0.206246
2079572649,3,-0.719621,-0.025972,-0.663607,0.202719
2079572659,3,-0.717712,-0.022451,-0.666982,0.198793
2079572669,3,-0.715559,-0.019121,-0.670668,0.194455
2079572679,3,-0.713185,-0.015996,-0.674636,0.189674
2079572689,3,-0.710651,-0.013113,-0.67882,0.184402
2079572699,3,-0.708824,-0.010269,-0.682312,0.178637
2079572709,3,-0.706929,-0.007666,-0.685911,0.172387
2079572719,3,-0.705012,-0.005312,-0.689556,0.16565
2079572729,3,-0.703035,-0.003225,-0.693277,0.158423
2079572739,3,-0.700882,-0.001418,-0.697166,0.150729
2079572750,3,-0.698468,1.72E-4,-0.701269,0.142697
2079572760,3,-0.695731,0.001591,-0.705598,0.134486
2079572770,3,-0.692645,0.002929,-0.710132,0.126271
2079572780,3,-0.689265,0.004242,-0.714796,0.118161
2079572790,3,-0.684603,0.005645,-0.72047,0.110493
2079572800,3,-0.679903,0.007135,-0.725983,0.103092
2079572810,3,-0.675258,0.008736,-0.731257,0.095981
2079572820,3,-0.670752,0.010456,-0.736223,0.0892
2079572830,3,-0.666466,0.012309,-0.740826,0.082745
2079572840,3,-0.66244,0.014275,-0.745051,0.076592
2079572850,3,-0.658701,0.016356,-0.748894,0.070721
2079572860,3,-0.655255,0.018509,-0.752368,0.065102
2079572870,3,-0.652085,0.020717,-0.755505,0.059726
2079572880,3,-0.6492,0.02296,-0.758309,0.054565
2079572891,3,-0.646615,0.02523,-0.760782,0.049613
2079572901,3,-0.644345,0.027499,-0.762921,0.044863
2079572911,3,-0.642401,0.029748,-0.76473,0.040285
2079572921,3,-0.642167,0.032484,-0.765021,0.036169
2079572931,3,-0.642288,0.035247,-0.764972,0.032261
2079572941,3,-0.642753,0.037974,-0.7646,0.028502
2079572951,3,-0.643527,0.040617,-0.76394,0.024856
2079572961,3,-0.644603,0.043135,-0.763001,0.021331
2079572971,3,-0.645983,0.045545,-0.76178,0.017948
2079572981,3,-0.64768,0.047825,-0.760267,0.014713
2079572991,3,-0.649671,0.05,-0.758478,0.011697
2079573001,3,-0.651889,0.052025,-0.756474,0.008915
2079573011,3,-0.65427,0.053873,-0.754312,0.006362
2079573022,3,-0.656766,0.055529,-0.752035,0.004098
2079573032,3,-0.659351,0.056997,-0.749668,0.002114
2079573042,3,-0.662001,0.058258,-0.747234,4.72E-4
2079573052,3,0.664741,-0.059349,0.744711,7.42E-4
2079573062,3,0.666571,-0.059372,0.743068,0.002486
2079573072,3,0.668566,-0.059166,0.741284,0.003867
2079573082,3,0.670661,-0.058703,0.739419,0.005071
2079573092,3,0.672718,-0.057966,0.737598,0.006116
2079573102,3,0.674629,-0.056962,0.735921,0.00699
2079573112,3,0.676337,-0.055735,0.73444,0.007708
2079573122,3,0.677908,-0.054405,0.733084,0.008182
2079573132,3,0.679488,-0.053089,0.731714,0.008347
2079573142,3,0.681266,-0.051891,0.730148,0.008119
2079573153,3,0.683742,-0.051283,0.727883,0.007116
2079573163,3,0.686349,-0.050532,0.725488,0.006026
2079573173,3,0.68952,-0.050059,0.722519,0.004519
2079573183,3,0.693297,-0.04988,0.718918,0.002583
2079573193,3,0.69769,-0.049986,0.714652,3.22E-4
2079573203,3,-0.702665,0.050352,-0.709732,0.002438
2079573213,3,-0.708112,0.05092,-0.70424,0.005389
2079573223,3,-0.7139,0.051611,-0.69829,0.00857
2079573233,3,-0.719897,0.052356,-0.692,0.011917
2079573243,3,-0.72601,0.053117,-0.685456,0.015378
2079573253,3,-0.732154,0.053853,-0.678744,0.018832
2079573263,3,-0.738256,0.054509,-0.671946,0.022236
2079573273,3,-0.74424,0.055067,-0.665149,0.025495
2079573283,3,-0.750009,0.05553,-0.658473,0.028549
2079573294,3,-0.755482,0.055902,-0.652024,0.031387
2079573304,3,-0.760785,0.056722,-0.645596,0.034554
2079573314,3,-0.765623,0.057388,-0.639634,0.037354
2079573324,3,-0.769937,0.057949,-0.634235,0.039796
2079573334,3,-0.773692,0.058486,-0.629459,0.041946
2079573344,3,-0.776856,0.059029,-0.625373,0.043784
2079573354,3,-0.779439,0.059631,-0.621984,0.04533
2079573364,3,-0.781477,0.060343,-0.619256,0.046625
2079573374,3,-0.783051,0.061231,-0.617096,0.047687
2079573384,3,-0.784229,0.062345,-0.615416,0.048575
2079573394,3,-0.785099,0.063757,-0.6141,0.049339
2079573404,3,-0.785697,0.065487,-0.6131,0.049976
2079573414,3,-0.786396,0.067956,-0.611858,0.050916
2079573425,3,-0.786779,0.07078,-0.610973,0.051761
2079573435,3,-0.786828,0.073919,-0.610478,0.052458
2079573445,3,-0.786529,0.077337,-0.610398,0.052957
2079573455,3,-0.785889,0.080978,-0.610729,0.053196
2079573465,3,-0.784934,0.084801,-0.611445,0.053108
2079573475,3,-0.783712,0.088771,-0.612487,0.05267
2079573485,3,-0.782284,0.092863,-0.613774,0.051838
2079573495,3,-0.78073,0.097062,-0.615204,0.050621
2079573505,3,-0.779128,0.101364,-0.616667,0.049031
2079573515,3,-0.777542,0.105772,-0.618078,0.047104
2079573525,3,-0.776027,0.110289,-0.619356,0.044889
2079573535,3,-0.774608,0.114916,-0.620463,0.042442
2079573545,3,-0.773293,0.119669,-0.621377,0.03982
2079573556,3,-0.772058,0.124551,-0.622123,0.037078
2079573566,3,-0.770859,0.129557,-0.622748,0.034267
2079573576,3,-0.769654,0.134685,-0.623301,0.03142
2079573586,3,-0.767788,0.139356,-0.624735,0.028042
2079573596,3,-0.765904,0.144127,-0.626106,0.024668
2079573606,3,-0.763932,0.148984,-0.627499,0.02132
2079573616,3,-0.761843,0.153895,-0.628956,0.018
2079573626,3,-0.759581,0.158855,-0.630542,0.014713
2079573636,3,-0.757148,0.16388,-0.632248,0.011484
2079573646,3,-0.75455,0.168971,-0.63406,0.008316
2079573656,3,-0.751801,0.174101,-0.635968,0.005186
2079573666,3,-0.748893,0.17924,-0.637986,0.002057
2079573676,3,0.74589,-0.184679,0.639953,8.0E-4
2079573687,3,0.7426,-0.18998,0.642212,0.003896
2079573697,3,0.739024,-0.195111,0.644765,0.00716
2079573707,3,0.73521,-0.200075,0.647551,0.010627
2079573717,3,0.731201,-0.20487,0.650514,0.014258
2079573727,3,0.727031,-0.209481,0.653617,0.01808
2079573737,3,0.722741,-0.213898,0.656814,0.02207
2079573747,3,0.718382,-0.218116,0.660048,0.026244
2079573757,3,0.71399,-0.222147,0.663276,0.03055
2079573767,3,0.709618,-0.226015,0.666435,0.034976
2079573777,3,0.70529,-0.229733,0.6695,0.039467
2079573787,3,0.700999,-0.23329,0.672487,0.043999
2079573797,3,0.69673,-0.236683,0.675419,0.04855
2079573807,3,0.692451,-0.239895,0.678335,0.053118
2079573817,3,0.688144,-0.242889,0.681269,0.05774
2079573828,3,0.683793,-0.245664,0.684236,0.062417
2079573838,3,0.67943,-0.248237,0.687199,0.067158
2079573848,3,0.675099,-0.250648,0.690102,0.071931
2079573858,3,0.671283,-0.252574,0.692549,0.077194
2079573868,3,0.667577,-0.254409,0.694852,0.082438
2079573878,3,0.664032,-0.256231,0.696941,0.087626
2079573888,3,0.660344,-0.258273,0.69906,0.092488
2079573898,3,0.656906,-0.260222,0.700899,0.097456
2079573908,3,0.653697,-0.262068,0.702476,0.102596
2079573918,3,0.650704,-0.263799,0.703804,0.107948
2079573928,3,0.647896,-0.265388,0.704913,0.113561
2079573938,3,0.645243,-0.26682,0.705829,0.119467
2079573948,3,0.642722,-0.268083,0.706569,0.125692
2079573959,3,0.640353,-0.269181,0.707108,0.132236
2079573969,3,0.638174,-0.270115,0.70741,0.139069
2079573979,3,0.636742,-0.271523,0.706829,0.145689
2079573989,3,0.635569,-0.27284,0.705939,0.152508
2079573999,3,0.634657,-0.27401,0.704747,0.159557
2079574009,3,0.633978,-0.274955,0.703292,0.166888
2079574019,3,0.633386,-0.275602,0.701725,0.174487
2079574029,3,0.632756,-0.275972,0.70017,0.182263
2079574039,3,0.631979,-0.276133,0.698731,0.190066
2079574049,3,0.63101,-0.276153,0.697457,0.197782
2079574059,3,0.629843,-0.276092,0.696361,0.205304
2079574069,3,0.627557,-0.275487,0.696373,0.212935
2079574079,3,0.625193,-0.274924,0.696455,0.220225
2079574090,3,0.622795,-0.274466,0.696566,0.22713
2079574100,3,0.620405,-0.274136,0.696679,0.233631
2079574110,3,0.61805,-0.273954,0.696772,0.239728
2079574120,3,0.61575,-0.273888,0.696845,0.245445
2079574130,3,0.613482,-0.27392,0.696921,0.250813
2079574140,3,0.611234,-0.274008,0.697016,0.255891
2079574150,3,0.608997,-0.27412,0.697146,0.260705
2079574160,3,0.606781,-0.274231,0.697297,0.265311
2079574170,3,0.604603,-0.27432,0.697455,0.269739
2079574180,3,0.602486,-0.2744,0.697585,0.274024
2079574190,3,0.600463,-0.274462,0.697651,0.278202
2079574200,3,0.598563,-0.274505,0.697624,0.282291
2079574210,3,0.596826,-0.274525,0.697468,0.286307
2079574220,3,0.595268,-0.274529,0.69716,0.290269
2079574231,3,0.593916,-0.274518,0.696675,0.294186
2079574241,3,0.59278,-0.274492,0.696009,0.298052
2079574251,3,0.591872,-0.274459,0.695155,0.301857
2079574261,3,0.591924,-0.276149,0.693458,0.304109
2079574271,3,0.592187,-0.277852,0.6916,0.306269
2079574281,3,0.592711,-0.279602,0.689542,0.308297
2079574291,3,0.593537,-0.281438,0.687246,0.310157
2079574301,3,0.594671,-0.283342,0.684711,0.311854
2079574311,3,0.596085,-0.285284,0.681966,0.313395
2079574321,3,0.597284,-0.285645,0.679481,0.316168
2079574331,3,0.598761,-0.286146,0.676792,0.318678
2079574341,3,0.600495,-0.286809,0.673929,0.32088
2079574351,3,0.602449,-0.287666,0.67093,0.32273
2079574362,3,0.604557,-0.288692,0.667868,0.32422
2079574372,3,0.606739,-0.289861,0.664839,0.325324
2079574382,3,0.608912,-0.291148,0.661928,0.326049
2079574392,3,0.611008,-0.292578,0.659207,0.326361
2079574402,3,0.613024,-0.294176,0.656675,0.326249
2079574412,3,0.61499,-0.295987,0.654306,0.32567
2079574422,3,0.616959,-0.298045,0.65203,0.324632
2079574432,3,0.619252,-0.301509,0.649525,0.322078
2079574442,3,0.62151,-0.305153,0.647095,0.319177
2079574452,3,0.623758,-0.308957,0.644691,0.315979
2079574462,3,0.626252,-0.312218,0.642053,0.313201
2079574472,3,0.629015,-0.315827,0.639133,0.310001
2079574482,3,0.632091,-0.31978,0.635866,0.306389
2079574493,3,0.635482,-0.32404,0.632233,0.302392
2079574503,3,0.639173,-0.328545,0.628236,0.298051
2079574513,3,0.643118,-0.333221,0.623917,0.29341
2079574523,3,0.64727,-0.337993,0.619304,0.288552
2079574533,3,0.651566,-0.342762,0.61446,0.283573
2079574543,3,0.655948,-0.347423,0.609447,0.278571
2079574553,3,0.660366,-0.351884,0.604323,0.273653
2079574563,3,0.664758,-0.356072,0.599157,0.268921
2079574573,3,0.669068,-0.3599,0.594026,0.264482
2079574583,3,0.673239,-0.36331,0.589009,0.260428
2079574593,3,0.67673,-0.367242,0.584674,0.255587
2079574603,3,0.679976,-0.370617,0.580642,0.251254
2079574613,3,0.682909,-0.37339,0.57703,0.247487
2079574624,3,0.685496,-0.375526,0.573914,0.244328
2079574634,3,0.687767,-0.377039,0.571274,0.241792
2079574644,3,0.689774,-0.378024,0.569042,0.239791
2079574654,3,0.691554,-0.378548,0.567176,0.238255
2079574664,3,0.693111,-0.378683,0.565678,0.237071
2079574674,3,0.695506,-0.378626,0.563176,0.236105
2079574684,3,0.697858,-0.378552,0.560772,0.234999
2079574694,3,0.700234,-0.378526,0.558385,0.233657
2079574704,3,0.702657,-0.378578,0.55598,0.232027
2079574714,3,0.705084,-0.378703,0.553619,0.230098
2079574724,3,0.707426,-0.378852,0.551432,0.227904
2079574734,3,0.709562,-0.378954,0.549596,0.225519
2079574744,3,0.710553,-0.378741,0.549435,0.223134
2079574754,3,0.711234,-0.378352,0.549807,0.220698
2079574765,3,0.711514,-0.377705,0.550846,0.218299
2079574775,3,0.711346,-0.376853,0.552581,0.21592
2079574785,3,0.711511,-0.376421,0.553847,0.212865
2079574795,3,0.711345,-0.376043,0.55556,0.209596
2079574805,3,0.710919,-0.375745,0.557614,0.206096
2079574815,3,0.710254,-0.375556,0.559943,0.202383
2079574825,3,0.709353,-0.375458,0.562522,0.198535
2079574835,3,0.707408,-0.374824,0.566514,0.195298
2079574845,3,0.705289,-0.374304,0.570615,0.191992
2079574855,3,0.702956,-0.37385,0.574862,0.188735
2079574865,3,0.700397,-0.37339,0.579279,0.18563
2079574875,3,0.697594,-0.372897,0.583875,0.182751
2079574885,3,0.694624,-0.372386,0.588557,0.180066
2079574896,3,0.691693,-0.37192,0.593075,0.177471
2079574906,3,0.689061,-0.371597,0.597094,0.174896
2079574916,3,0.686849,-0.371518,0.600468,0.172191
2079574926,3,0.685094,-0.371764,0.603142,0.169279
2079574936,3,0.6838,-0.37234,0.605129,0.166127
2079574946,3,0.683399,-0.374158,0.605625,0.161826
2079574956,3,0.683006,-0.375998,0.606018,0.157695
2079574966,3,0.682469,-0.377715,0.606517,0.153958
2079574976,3,0.681633,-0.379231,0.607321,0.150727
2079574986,3,0.680386,-0.380467,0.608599,0.148069
2079574996,3,0.678663,-0.381374,0.610441,0.146051
2079575006,3,0.676462,-0.381908,0.612859,0.144732
2079575016,3,0.673842,-0.382051,0.615801,0.144092
2079575027,3,0.670902,-0.381811,0.619154,0.144078
2079575037,3,0.667754,-0.381254,0.622775,0.144569
2079575047,3,0.664499,-0.380411,0.626558,0.145436
2079575057,3,0.661201,-0.379294,0.630439,0.146608
2079575067,3,0.657878,-0.377903,0.634407,0.148029
2079575077,3,0.654511,-0.376241,0.638477,0.149678
2079575087,3,0.651091,-0.374349,0.642642,0.151504
2079575097,3,0.647636,-0.372318,0.646837,0.153452
2079575107,3,0.644477,-0.369359,0.650947,0.156493
2079575117,3,0.641354,-0.366361,0.654966,0.159571
2079575127,3,0.638326,-0.363466,0.65879,0.162562
2079575137,3,0.635434,-0.361852,0.662047,0.164252
2079575147,3,0.63291,-0.360479,0.664813,0.165838
2079575158,3,0.630804,-0.359342,0.667043,0.167367
2079575168,3,0.629119,-0.358418,0.668741,0.168907
2079575178,3,0.62783,-0.357668,0.669937,0.170543
2079575188,3,0.6269,-0.357045,0.67068,0.172345
2079575198,3,0.626292,-0.356479,0.671015,0.174412
2079575208,3,0.62595,-0.355888,0.671011,0.17684
2079575218,3,0.625807,-0.355165,0.670754,0.179751
2079575228,3,0.62627,-0.354712,0.669708,0.182907
2079575238,3,0.62682,-0.354097,0.668491,0.186628
2079575248,3,0.627351,-0.353206,0.667226,0.191007
2079575258,3,0.627764,-0.351959,0.666016,0.196107
2079575268,3,0.627967,-0.350318,0.664965,0.201878
2079575278,3,0.627913,-0.348274,0.664124,0.20825
2079575288,3,0.627626,-0.34589,0.663458,0.215101
2079575299,3,0.627166,-0.343256,0.662893,0.222282
2079575309,3,0.62663,-0.340485,0.662316,0.229653
2079575319,3,0.6261,-0.337628,0.661645,0.23713
2079575329,3,0.625563,-0.33423,0.660968,0.245114
2079575339,3,0.625096,-0.330874,0.660122,0.25301
2079575349,3,0.624684,-0.327573,0.659153,0.260735
2079575359,3,0.624299,-0.324369,0.658097,0.26822
2079575369,3,0.623928,-0.321275,0.65699,0.275423
2079575379,3,0.623576,-0.318314,0.655848,0.282295
2079575389,3,0.623252,-0.315511,0.654677,0.288801
2079575399,3,0.622963,-0.312883,0.65349,0.294908
2079575409,3,0.622715,-0.310449,0.652292,0.300601
2079575419,3,0.622505,-0.308192,0.651116,0.305862
2079575430,3,0.622314,-0.306111,0.649996,0.310684
2079575440,3,0.622132,-0.304203,0.648949,0.31508
2079575450,3,0.621954,-0.302446,0.647994,0.319063
2079575460,3,0.621786,-0.300863,0.64713,0.322622
2079575470,3,0.621636,-0.29949,0.64635,0.325737
2079575480,3,0.621533,-0.298366,0.645632,0.328378
2079575490,3,0.621493,-0.297529,0.644967,0.330513
2079575500,3,0.621534,-0.296998,0.644339,0.332133
2079575510,3,0.621649,-0.296768,0.643754,0.333257
2079575520,3,0.621808,-0.296813,0.643246,0.333899
2079575530,3,0.621983,-0.297088,0.642852,0.33409
2079575540,3,0.62214,-0.297563,0.642612,0.333836
2079575550,3,0.622628,-0.299471,0.64223,0.33195
2079575561,3,0.623078,-0.301489,0.642018,0.329681
2079575571,3,0.623431,-0.303616,0.642025,0.327036
2079575581,3,0.623683,-0.305845,0.64225,0.324023
2079575591,3,0.623813,-0.308174,0.642693,0.320671
2079575601,3,0.623842,-0.310621,0.643316,0.316983
2079575611,3,0.623792,-0.3132,0.644078,0.312971
2079575621,3,0.623675,-0.315931,0.644937,0.308661
2079575631,3,0.623451,-0.317825,0.645939,0.305051
2079575641,3,0.623374,-0.319874,0.64681,0.301199
2079575651,3,0.623484,-0.322043,0.647496,0.297159
2079575661,3,0.623792,-0.324276,0.647987,0.292985
2079575671,3,0.624226,-0.326507,0.648351,0.288746
2079575681,3,0.624699,-0.328659,0.648677,0.284518
2079575691,3,0.625115,-0.330652,0.649063,0.280384
2079575702,3,0.625417,-0.33246,0.649567,0.276377
2079575712,3,0.625611,-0.334116,0.650179,0.272476
2079575722,3,0.625748,-0.335694,0.650843,0.268608
2079575732,3,0.6259,-0.337277,0.651484,0.264687
2079575742,3,0.626253,-0.339282,0.651872,0.260301
2079575752,3,0.626646,-0.341252,0.652217,0.255875
2079575762,3,0.627163,-0.343258,0.652431,0.251343
2079575772,3,0.628262,-0.345583,0.65201,0.246457
2079575782,3,0.629811,-0.348179,0.651091,0.241224
2079575792,3,0.63188,-0.351053,0.649585,0.23564
2079575802,3,0.63451,-0.354168,0.647452,0.22971
2079575812,3,0.637697,-0.357484,0.644671,0.223484
2079575822,3,0.641412,-0.360902,0.64128,0.217022
2079575833,3,0.645578,-0.36433,0.637348,0.210425
2079575843,3,0.6501,-0.367683,0.63297,0.203782
2079575853,3,0.654823,-0.370855,0.62831,0.197228
2079575863,3,0.659584,-0.373746,0.623558,0.190885
2079575873,3,0.664203,-0.376273,0.618926,0.184881
2079575883,3,0.668715,-0.378568,0.614334,0.17916
2079575893,3,0.672873,-0.380379,0.61014,0.174014
2079575903,3,0.67653,-0.381662,0.606552,0.169511
2079575913,3,0.679607,-0.382425,0.603689,0.165658
2079575923,3,0.682108,-0.38274,0.601555,0.162387
2079575933,3,0.684037,-0.382637,0.600162,0.159647
2079575943,3,0.685477,-0.382623,0.599282,0.15678
2079575953,3,0.686583,-0.38246,0.598812,0.15411
2079575964,3,0.687426,-0.382198,0.598671,0.151534
2079575974,3,0.68805,-0.381905,0.59878,0.148982
2079575984,3,0.688483,-0.38162,0.599104,0.146391
2079575994,3,0.688717,-0.381375,0.599632,0.143742
2079576004,3,0.688761,-0.381191,0.600344,0.141018
2079576014,3,0.688625,-0.381113,0.601203,0.138206
2079576024,3,0.688333,-0.381131,0.602177,0.135344
2079576034,3,0.687898,-0.381218,0.603253,0.132487
2079576044,3,0.687338,-0.381352,0.604414,0.129692
2079576054,3,0.686655,-0.38151,0.605655,0.127028
2079576064,3,0.685864,-0.381686,0.606957,0.124527
2079576074,3,0.684981,-0.381888,0.608298,0.12221
2079576084,3,0.684017,-0.382138,0.60965,0.12007
2079576095,3,0.682993,-0.38246,0.610982,0.118089
2079576105,3,0.681932,-0.382896,0.612249,0.116228
2079576115,3,0.680871,-0.38347,0.613403,0.114457
2079576125,3,0.679572,-0.382873,0.615258,0.114219
2079576135,3,0.678335,-0.382431,0.616927,0.114049
2079576145,3,0.677177,-0.382171,0.618383,0.113919
2079576155,3,0.676138,-0.382099,0.61958,0.113824
2079576165,3,0.675224,-0.382189,0.620528,0.113789
2079576175,3,0.674441,-0.382418,0.621232,0.113823
2079576185,3,0.67378,-0.382786,0.621697,0.113956
2079576195,3,0.673177,-0.383306,0.62199,0.114178
2079576205,3,0.67255,-0.383949,0.622217,0.114473
2079576215,3,0.671681,-0.385911,0.62214,0.113391
2079576225,3,0.670664,-0.387924,0.622162,0.112415
2079576236,3,0.669502,-0.389954,0.622298,0.111567
2079576246,3,0.6682,-0.391955,0.622562,0.110885
2079576256,3,0.666732,-0.393867,0.623004,0.11046
2079576266,3,0.665055,-0.395583,0.623717,0.110417
2079576276,3,0.663138,-0.396998,0.624776,0.110879
2079576286,3,0.660972,-0.398044,0.626217,0.111922
2079576296,3,0.65857,-0.398718,0.628027,0.113534
2079576306,3,0.656,-0.399032,0.630131,0.115629
2079576316,3,0.653359,-0.399023,0.632423,0.11808
2079576326,3,0.650722,-0.398736,0.634813,0.120753
2079576336,3,0.648146,-0.398193,0.637242,0.12357
2079576346,3,0.645836,-0.396219,0.639972,0.127826
2079576356,3,0.643637,-0.394032,0.642669,0.132079
2079576367,3,0.641605,-0.391677,0.645263,0.136256
2079576377,3,0.639838,-0.389194,0.647643,0.14033
2079576387,3,0.638405,-0.386611,0.649729,0.144295
2079576397,3,0.637382,-0.38393,0.651454,0.148149
2079576407,3,0.636869,-0.381102,0.652729,0.151996
2079576417,3,0.636858,-0.378061,0.653572,0.155964
2079576427,3,0.637359,-0.374778,0.653965,0.160135
2079576437,3,0.638252,-0.371252,0.654015,0.164525
2079576447,3,0.639503,-0.367537,0.653718,0.169128
2079576457,3,0.641066,-0.363643,0.653098,0.173954
2079576467,3,0.642839,-0.359574,0.652228,0.179057
2079576477,3,0.644674,-0.355284,0.651255,0.18448
2079576487,3,0.64643,-0.350806,0.650302,0.190181
2079576498,3,0.647906,-0.346135,0.649565,0.19614
2079576508,3,0.648974,-0.341248,0.649185,0.202337
2079576518,3,0.649579,-0.336148,0.64922,0.208717
2079576528,3,0.649739,-0.330857,0.649653,0.215225
2079576538,3,0.649526,-0.32546,0.650399,0.221745
2079576548,3,0.649026,-0.320055,0.651357,0.228171
2079576558,3,0.648295,-0.31468,0.652475,0.234445
2079576568,3,0.647307,-0.30897,0.653814,0.240949
2079576578,3,0.646321,-0.303394,0.655055,0.247228
2079576588,3,0.645362,-0.297984,0.656179,0.253262
2079576598,3,0.644429,-0.292735,0.657192,0.259065
2079576608,3,0.643528,-0.287632,0.658092,0.264674
2079576618,3,0.642647,-0.282625,0.658899,0.270144
2079576629,3,0.641778,-0.277706,0.659615,0.275512
2079576639,3,0.640933,-0.272868,0.660227,0.280796
2079576649,3,0.640128,-0.268132,0.660718,0.285992
2079576659,3,0.639377,-0.263535,0.661073,0.291078
2079576669,3,0.638727,-0.259118,0.661251,0.296026
2079576679,3,0.638202,-0.254931,0.661226,0.300812
2079576689,3,0.637828,-0.251002,0.660989,0.305393
2079576699,3,0.637621,-0.247375,0.660523,0.309762
2079576709,3,0.637578,-0.244059,0.659845,0.313898
2079576719,3,0.637659,-0.241037,0.659007,0.317805
2079576729,3,0.637805,-0.23828,0.658079,0.321494
2079576739,3,0.637951,-0.235765,0.657134,0.324971
2079576749,3,0.638035,-0.233494,0.656255,0.328206
2079576759,3,0.638039,-0.231491,0.65547,0.331174
2079576770,3,0.63797,-0.229802,0.654788,0.333821
2079576780,3,0.637851,-0.228459,0.654213,0.33609
2079576790,3,0.637697,-0.227508,0.653736,0.33795
2079576800,3,0.638021,-0.228828,0.653137,0.337604
2079576810,3,0.638339,-0.230573,0.652621,0.336813
2079576820,3,0.638645,-0.232709,0.652205,0.335569
2079576830,3,0.638911,-0.235156,0.651919,0.333909
2079576840,3,0.639088,-0.23785,0.651807,0.331873
2079576850,3,0.638676,-0.238881,0.652141,0.33127
2079576860,3,0.638184,-0.240153,0.652668,0.330258
2079576870,3,0.637617,-0.241677,0.653379,0.328832
2079576880,3,0.637014,-0.243446,0.654231,0.326998
2079576890,3,0.636392,-0.24544,0.655188,0.324794
2079576901,3,0.635792,-0.247617,0.6562,0.322265
2079576911,3,0.635254,-0.249948,0.657209,0.319457
2079576921,3,0.634809,-0.2524,0.658166,0.316429
2079576931,3,0.634487,-0.254954,0.659034,0.313205
2079576941,3,0.63431,-0.257624,0.659773,0.309804
2079576951,3,0.634311,-0.260445,0.660344,0.306206
2079576961,3,0.634522,-0.263464,0.660706,0.302382
2079576971,3,0.63498,-0.266718,0.660815,0.298302
2079576981,3,0.635613,-0.271486,0.660755,0.292733
2079576991,3,0.636446,-0.276338,0.660444,0.287028
2079577001,3,0.637528,-0.281342,0.65983,0.281117
2079577011,3,0.639395,-0.285878,0.658398,0.275604
2079577021,3,0.641685,-0.29074,0.656486,0.269697
2079577032,3,0.644383,-0.295882,0.654089,0.263422
2079577042,3,0.647478,-0.301246,0.651206,0.256811
2079577052,3,0.650923,-0.306748,0.647874,0.249924
2079577062,3,0.654666,-0.312308,0.644136,0.242821
2079577072,3,0.658634,-0.317822,0.640067,0.23559
2079577082,3,0.662727,-0.323194,0.635763,0.228347
2079577092,3,0.666841,-0.328324,0.631344,0.221198
2079577102,3,0.670884,-0.333122,0.626928,0.214253
2079577112,3,0.674776,-0.337525,0.622618,0.207601
2079577122,3,0.678453,-0.341491,0.618513,0.201309
2079577132,3,0.681768,-0.345658,0.614672,0.194653
2079577142,3,0.68475,-0.349254,0.611216,0.188555
2079577152,3,0.687355,-0.352318,0.608222,0.182976
2079577162,3,0.68961,-0.354907,0.60567,0.177881
2079577173,3,0.691515,-0.357071,0.603571,0.173226
2079577183,3,0.69359,-0.358878,0.601295,0.169061
2079577193,3,0.695498,-0.360454,0.599238,0.165129
2079577203,3,0.69724,-0.361837,0.597398,0.161384
2079577213,3,0.698806,-0.363062,0.595788,0.157767
2079577223,3,0.700175,-0.364178,0.594422,0.154243
2079577233,3,0.70132,-0.365206,0.593329,0.150777
2079577243,3,0.702235,-0.366161,0.592513,0.147375
2079577253,3,0.702904,-0.367061,0.591981,0.144049
2079577263,3,0.703352,-0.367922,0.591695,0.1408
2079577273,3,0.703616,-0.368757,0.59161,0.13762
2079577283,3,0.703733,-0.369565,0.591682,0.134507
2079577293,3,0.703738,-0.370354,0.591864,0.131476
2079577304,3,0.703649,-0.37112,0.592137,0.128534
2079577314,3,0.703455,-0.37187,0.592504,0.125703
2079577324,3,0.703151,-0.37262,0.592965,0.122981
2079577334,3,0.702737,-0.373395,0.593504,0.120364
2079577344,3,0.702245,-0.374232,0.59407,0.117819
2079577354,3,0.70172,-0.375158,0.594594,0.115332
2079577364,3,0.701217,-0.376178,0.595014,0.112874
2079577374,3,0.700776,-0.377263,0.595298,0.110473
2079577384,3,0.699783,-0.3772,0.596703,0.109397
2079577394,3,0.6989,-0.377198,0.59792,0.108398
2079577404,3,0.698119,-0.377183,0.598992,0.107562
2079577414,3,0.697348,-0.377064,0.600062,0.107019
2079577424,3,0.6965,-0.376819,0.601244,0.10677
2079577435,3,0.695483,-0.376463,0.602642,0.10677
2079577445,3,0.694408,-0.377339,0.60357,0.105422
2079577455,3,0.693122,-0.378292,0.604685,0.104077
2079577465,3,0.691634,-0.379345,0.60596,0.102716
2079577475,3,0.689978,-0.380485,0.607359,0.101362
2079577485,3,0.688153,-0.381708,0.608881,0.100033
2079577495,3,0.686159,-0.38296,0.610546,0.098786
2079577505,3,0.68395,-0.384209,0.612415,0.097687
2079577515,3,0.681509,-0.38539,0.61453,0.096809
2079577525,3,0.67885,-0.386435,0.616901,0.09624
2079577535,3,0.676047,-0.387329,0.619455,0.09597
2079577545,3,0.673225,-0.38806,0.622065,0.095974
2079577555,3,0.67052,-0.388613,0.6246,0.096212
2079577566,3,0.668016,-0.388992,0.626977,0.096629
2079577576,3,0.665774,-0.389174,0.629154,0.097224
2079577586,3,0.663784,-0.389125,0.631159,0.098023
2079577596,3,0.662011,-0.388805,0.633049,0.099093
2079577606,3,0.660411,-0.388183,0.634882,0.100467
2079577616,3,0.658963,-0.387264,0.636676,0.102161
2079577626,3,0.657765,-0.384881,0.638817,0.105466
2079577636,3,0.656713,-0.382249,0.640888,0.108968
2079577646,3,0.6559,-0.380584,0.642303,0.111338
2079577656,3,0.655357,-0.378705,0.643518,0.113898
2079577666,3,0.655087,-0.376604,0.644526,0.116684
2079577676,3,0.655044,-0.374263,0.645373,0.119738
2079577686,3,0.655156,-0.371658,0.646127,0.123124
2079577696,3,0.655326,-0.368778,0.646874,0.126894
2079577707,3,0.655455,-0.365584,0.647714,0.131117
2079577717,3,0.655463,-0.362045,0.648717,0.135856
2079577727,3,0.655285,-0.358135,0.649932,0.141161
2079577737,3,0.654873,-0.353826,0.651399,0.147057
2079577747,3,0.654184,-0.349088,0.653149,0.153544
2079577757,3,0.653778,-0.344425,0.654425,0.160225
2079577767,3,0.653012,-0.339376,0.656045,0.167338
2079577777,3,0.651904,-0.333919,0.657981,0.174869
2079577787,3,0.650514,-0.328052,0.660153,0.182783
2079577797,3,0.648933,-0.321772,0.662456,0.19105
2079577807,3,0.647224,-0.315118,0.664802,0.199593
2079577817,3,0.645368,-0.308153,0.667206,0.208271
2079577827,3,0.643357,-0.300954,0.66966,0.216962
2079577838,3,0.64123,-0.293639,0.67211,0.225538
2079577848,3,0.638702,-0.285675,0.674887,0.234468
2079577858,3,0.636245,-0.27786,0.677436,0.243032
2079577868,3,0.633954,-0.2703,0.679675,0.251158
2079577878,3,0.631907,-0.263085,0.68154,0.25881
2079577888,3,0.630166,-0.256266,0.682985,0.265985
2079577898,3,0.62874,-0.249892,0.684015,0.272693
2079577908,3,0.627627,-0.244001,0.684651,0.278923
2079577918,3,0.626822,-0.238646,0.68492,0.284649
2079577928,3,0.626346,-0.233872,0.684828,0.289834
2079577938,3,0.626198,-0.229724,0.684389,0.294472
2079577948,3,0.62639,-0.226217,0.683605,0.29857
2079577958,3,0.626933,-0.22337,0.682479,0.302129
2079577969,3,0.627818,-0.221175,0.681022,0.305179
2079577979,3,0.629034,-0.219602,0.67925,0.307749
2079577989,3,0.630539,-0.218603,0.677194,0.309903
2079577999,3,0.632297,-0.218121,0.674894,0.311672
2079578009,3,0.634274,-0.218106,0.672378,0.313101
2079578019,3,0.636438,-0.218518,0.669681,0.3142
2079578029,3,0.639129,-0.221101,0.666667,0.31334
2079578039,3,0.641946,-0.224009,0.663537,0.312159
2079578049,3,0.644832,-0.227184,0.660345,0.310679
2079578059,3,0.647749,-0.23059,0.657138,0.308898
2079578069,3,0.650688,-0.234166,0.653941,0.306809
2079578079,3,0.653594,-0.237854,0.650815,0.304433
2079578089,3,0.656418,-0.241597,0.64783,0.301763
2079578099,3,0.659058,-0.245306,0.6451,0.298852
2079578110,3,0.660966,-0.247038,0.643063,0.297598
2079578120,3,0.66256,-0.248603,0.641468,0.296188
2079578130,3,0.663809,-0.249968,0.640363,0.29463
2079578140,3,0.664681,-0.251105,0.639791,0.292936
2079578150,3,0.665182,-0.252053,0.639741,0.291087
2079578160,3,0.66532,-0.252864,0.640201,0.289049
2079578170,3,0.665147,-0.253587,0.641106,0.2868
2079578180,3,0.664725,-0.254337,0.642369,0.284277
2079578190,3,0.664155,-0.255233,0.643862,0.281414
2079578200,3,0.663552,-0.256391,0.645439,0.278154
2079578210,3,0.662801,-0.258839,0.647213,0.273517
2079578220,3,0.662102,-0.261531,0.648904,0.268598
2079578230,3,0.661515,-0.264465,0.650448,0.263385
2079578241,3,0.66112,-0.267664,0.651752,0.257863
2079578251,3,0.661562,-0.270603,0.652161,0.252576
2079578261,3,0.662337,-0.273868,0.652167,0.246946
2079578271,3,0.663437,-0.27741,0.651765,0.241029
2079578281,3,0.664867,-0.281208,0.650939,0.234842
2079578291,3,0.666628,-0.285229,0.649676,0.22841
2079578301,3,0.668728,-0.289467,0.647946,0.221756
2079578311,3,0.671172,-0.29389,0.645733,0.214907
2079578321,3,0.673921,-0.298463,0.643063,0.207891
2079578331,3,0.676921,-0.303121,0.63999,0.200766
2079578341,3,0.6801,-0.307786,0.636595,0.19359
2079578351,3,0.683343,-0.312403,0.632993,0.186454
2079578361,3,0.686544,-0.31688,0.629321,0.179437
2079578372,3,0.689428,-0.321471,0.625843,0.172234
2079578382,3,0.692113,-0.325801,0.622493,0.165332
2079578392,3,0.694498,-0.329797,0.619417,0.158833
2079578402,3,0.696531,-0.333423,0.616707,0.152788
2079578412,3,0.698276,-0.336709,0.614305,0.147192
2079578422,3,0.699778,-0.339802,0.612132,0.141907
2079578432,3,0.701655,-0.343196,0.609315,0.136494
2079578442,3,0.703451,-0.34655,0.606489,0.131262
2079578452,3,0.705131,-0.349818,0.603716,0.126264
2079578462,3,0.706623,-0.352963,0.601101,0.121559
2079578472,3,0.707861,-0.355942,0.598752,0.117184
2079578482,3,0.708789,-0.358726,0.596756,0.113198
2079578492,3,0.709373,-0.361312,0.595168,0.109621
2079578503,3,0.709604,-0.363718,0.594002,0.106453
2079578513,3,0.709497,-0.365946,0.593251,0.103672
2079578523,3,0.709077,-0.368049,0.592874,0.101236
2079578533,3,0.708402,-0.370091,0.592775,0.099076
2079578543,3,0.707547,-0.372125,0.592847,0.097111
2079578553,3,0.706588,-0.374201,0.592983,0.095272
2079578563,3,0.705587,-0.37636,0.593092,0.093483
2079578573,3,0.704597,-0.37861,0.593115,0.091708
2079578583,3,0.703641,-0.380964,0.593019,0.089907
2079578593,3,0.702719,-0.383432,0.5928,0.088048
2079578603,3,0.70183,-0.386015,0.592465,0.086087
2079578613,3,0.70096,-0.3887,0.592037,0.084014
2079578623,3,0.699655,-0.389754,0.592921,0.083775
2079578633,3,0.698386,-0.390904,0.593709,0.083418
2079578644,3,0.69713,-0.392134,0.594439,0.082952
2079578654,3,0.695881,-0.393407,0.595138,0.0824
2079578664,3,0.694627,-0.394729,0.595819,0.081734
2079578674,3,0.693401,-0.396104,0.596435,0.080987
2079578684,3,0.692181,-0.397553,0.596999,0.080172
2079578694,3,0.691022,-0.40051,0.596708,0.077576
2079578704,3,0.68966,-0.403351,0.596676,0.075186
2079578714,3,0.68804,-0.406009,0.597002,0.073109
2079578724,3,0.686107,-0.408455,0.59776,0.071431
2079578734,3,0.683816,-0.410665,0.599014,0.070217
2079578744,3,0.681158,-0.412603,0.600789,0.069515
2079578754,3,0.678151,-0.414256,0.603068,0.069352
2079578764,3,0.674852,-0.415624,0.60578,0.069716
2079578775,3,0.671368,-0.416724,0.608794,0.070526
2079578785,3,0.667843,-0.41758,0.61194,0.071692
2079578795,3,0.664422,-0.418205,0.61506,0.073128
2079578805,3,0.661201,-0.418618,0.61805,0.074735
2079578815,3,0.658246,-0.418814,0.620853,0.076462
2079578825,3,0.655595,-0.418776,0.623449,0.078297
2079578835,3,0.65324,-0.418483,0.625863,0.080271
2079578845,3,0.651171,-0.417878,0.628138,0.082433
2079578855,3,0.649368,-0.416928,0.630314,0.084822
2079578865,3,0.647897,-0.414186,0.633045,0.08906
2079578875,3,0.646678,-0.411149,0.635637,0.093425
2079578885,3,0.645717,-0.407879,0.638046,0.097876
2079578895,3,0.645013,-0.405499,0.639747,0.101244
2079578906,3,0.644564,-0.402765,0.641328,0.104946
2079578916,3,0.64432,-0.399666,0.642829,0.109034
2079578926,3,0.644217,-0.396183,0.644301,0.113571
2079578936,3,0.644179,-0.392311,0.6458,0.118601
2079578946,3,0.644108,-0.388052,0.647396,0.124163
2079578956,3,0.643937,-0.383389,0.649139,0.13029
2079578966,3,0.64415,-0.378306,0.650486,0.137192
2079578976,3,0.644176,-0.372874,0.652003,0.144544
2079578986,3,0.643963,-0.367101,0.653729,0.152266
2079578996,3,0.643536,-0.361029,0.655611,0.160289
2079579006,3,0.64292,-0.354721,0.657591,0.16852
2079579016,3,0.642169,-0.348202,0.659607,0.176894
2079579026,3,0.640952,-0.341171,0.662058,0.185636
2079579037,3,0.639546,-0.333904,0.664572,0.1945
2079579047,3,0.638523,-0.326918,0.666468,0.203056
2079579057,3,0.637329,-0.319814,0.668416,0.211541
2079579067,3,0.635916,-0.312646,0.670471,0.219843
2079579077,3,0.633479,-0.305058,0.673477,0.228192
2079579087,3,0.630855,-0.297586,0.676521,0.236182
2079579097,3,0.628119,-0.290287,0.679537,0.243777
2079579107,3,0.625358,-0.283229,0.682442,0.250958
2079579117,3,0.622649,-0.276449,0.685166,0.25774
2079579127,3,0.620057,-0.269963,0.687659,0.264144
2079579137,3,0.618194,-0.264843,0.689334,0.26928
2079579147,3,0.616554,-0.260142,0.69072,0.274027
2079579157,3,0.614506,-0.254567,0.692404,0.279558
2079579167,3,0.612659,-0.24933,0.693804,0.284814
2079579178,3,0.611025,-0.24445,0.694923,0.289782
2079579188,3,0.609641,-0.239967,0.695743,0.294438
2079579198,3,0.608549,-0.235936,0.696233,0.298765
2079579208,3,0.607795,-0.232384,0.696362,0.302756
2079579218,3,0.607396,-0.229334,0.696116,0.306425
2079579228,3,0.607377,-0.226804,0.695476,0.30978
2079579238,3,0.607747,-0.224803,0.694432,0.312841
2079579248,3,0.60849,-0.223328,0.692994,0.315631
2079579258,3,0.60957,-0.22235,0.691202,0.318156
2079579268,3,0.610947,-0.221853,0.689096,0.320422
2079579278,3,0.612598,-0.221805,0.686714,0.322409
2079579288,3,0.615096,-0.224155,0.683726,0.322379
2079579298,3,0.617804,-0.226921,0.680546,0.321994
2079579309,3,0.620706,-0.230047,0.677192,0.321265
2079579319,3,0.623752,-0.233458,0.673722,0.3202
2079579329,3,0.626879,-0.237045,0.670204,0.318838
2079579339,3,0.629251,-0.238708,0.667274,0.319068
2079579349,3,0.631496,-0.240465,0.664547,0.319005
2079579359,3,0.633556,-0.242258,0.662109,0.318633
2079579369,3,0.635404,-0.244056,0.660006,0.317945
2079579379,3,0.637021,-0.245839,0.658268,0.316936
2079579389,3,0.63841,-0.247588,0.656912,0.315591
2079579399,3,0.639564,-0.249297,0.655944,0.313918
2079579409,3,0.640482,-0.250959,0.655355,0.311948
2079579419,3,0.641174,-0.252564,0.655131,0.309691
2079579429,3,0.64166,-0.254146,0.655234,0.307162
2079579440,3,0.641981,-0.255757,0.655611,0.304339
2079579450,3,0.642211,-0.257477,0.656166,0.30119
2079579460,3,0.642639,-0.260849,0.656661,0.296254
2079579470,3,0.642998,-0.264305,0.657231,0.291106
2079579480,3,0.643351,-0.267829,0.657802,0.285765
2079579490,3,0.643914,-0.270499,0.658143,0.281159
2079579500,3,0.644691,-0.273496,0.658264,0.276152
2079579510,3,0.645701,-0.276819,0.658129,0.270753
2079579520,3,0.646964,-0.280456,0.6577,0.264973
2079579530,3,0.648487,-0.284385,0.65696,0.258827
2079579540,3,0.650261,-0.288578,0.655898,0.252347
2079579550,3,0.652286,-0.292996,0.654499,0.245571
2079579560,3,0.654565,-0.297604,0.652743,0.23854
2079579570,3,0.657093,-0.302359,0.650617,0.23131
2079579581,3,0.659861,-0.307201,0.648121,0.22394
2079579591,3,0.662839,-0.312086,0.64527,0.2165
2079579601,3,0.665985,-0.316945,0.642099,0.209086
2079579611,3,0.669248,-0.321704,0.638669,0.201778
2079579621,3,0.672222,-0.326799,0.635339,0.194071
2079579631,3,0.675251,-0.331642,0.63183,0.186655
2079579641,3,0.678231,-0.336194,0.62827,0.179589
2079579651,3,0.681098,-0.34037,0.624759,0.173
2079579661,3,0.683798,-0.344139,0.621377,0.166964
2079579671,3,0.686287,-0.347556,0.618188,0.161422
2079579681,3,0.688566,-0.350658,0.615201,0.156337
2079579691,3,0.69065,-0.353534,0.612393,0.151622
2079579701,3,0.692836,-0.35669,0.609273,0.146751
2079579712,3,0.694811,-0.359803,0.606304,0.142034
2079579722,3,0.696516,-0.362872,0.603561,0.137482
2079579732,3,0.697896,-0.365908,0.601112,0.1331
2079579742,3,0.698876,-0.368908,0.599044,0.128934
2079579752,3,0.699397,-0.371883,0.597432,0.124983
2079579762,3,0.699442,-0.374846,0.596291,0.12127
2079579772,3,0.699066,-0.376915,0.5959,0.118925
2079579782,3,0.698216,-0.378923,0.596032,0.116855
2079579792,3,0.696965,-0.380861,0.596617,0.115031
2079579802,3,0.695723,-0.383845,0.596703,0.112149
2079579812,3,0.694399,-0.386849,0.596821,0.10937
2079579822,3,0.693098,-0.389879,0.596855,0.106643
2079579832,3,0.691918,-0.392918,0.596708,0.103932
2079579843,3,0.690926,-0.395973,0.596307,0.101205
2079579853,3,0.690171,-0.399013,0.595613,0.098464
2079579863,3,0.688911,-0.400459,0.596293,0.097298
2079579873,3,0.68799,-0.401895,0.596583,0.096117
2079579883,3,0.687343,-0.403273,0.596578,0.094989
2079579893,3,0.6869,-0.404571,0.596376,0.093939
2079579903,3,0.686621,-0.405722,0.596059,0.093022
2079579913,3,0.686456,-0.406756,0.595672,0.092202
2079579923,3,0.686384,-0.407719,0.59522,0.091399
2079579933,3,0.686671,-0.410427,0.593462,0.088513
2079579943,3,0.686901,-0.413124,0.591762,0.085508
2079579953,3,0.686995,-0.41577,0.590232,0.082446
2079579963,3,0.686838,-0.418333,0.589016,0.079435
2079579974,3,0.686301,-0.420757,0.588292,0.076579
2079579984,3,0.685286,-0.423,0.588197,0.073999
2079579994,3,0.683711,-0.425007,0.588854,0.071816
2079580004,3,0.68154,-0.426742,0.590315,0.070144
2079580014,3,0.678814,-0.428175,0.592541,0.069063
2079580024,3,0.67562,-0.429308,0.595422,0.068579
2079580034,3,0.672087,-0.430139,0.598801,0.068665
2079580044,3,0.668346,-0.43067,0.602525,0.069277
2079580054,3,0.664498,-0.430905,0.606473,0.070373
2079580064,3,0.660594,-0.430848,0.610583,0.071917
2079580074,3,0.656674,-0.430507,0.614801,0.073899
2079580084,3,0.652771,-0.429872,0.619094,0.076297
2079580094,3,0.648901,-0.428934,0.623445,0.079105
2079580104,3,0.645107,-0.427695,0.627801,0.082332
2079580115,3,0.641697,-0.424686,0.632593,0.087696
2079580125,3,0.638415,-0.421427,0.637279,0.093269
2079580135,3,0.635335,-0.417932,0.641779,0.098991
2079580145,3,0.632572,-0.414234,0.645968,0.104814
2079580155,3,0.630296,-0.411656,0.649065,0.109446
2079580165,3,0.628483,-0.408852,0.651737,0.114393
2079580175,3,0.627094,-0.405804,0.654023,0.119702
2079580185,3,0.62604,-0.40251,0.656005,0.125365
2079580195,3,0.625205,-0.398965,0.657782,0.1314
2079580205,3,0.624487,-0.395143,0.659452,0.137838
2079580215,3,0.623767,-0.39101,0.661115,0.144746
2079580225,3,0.623677,-0.386601,0.662083,0.152352
2079580235,3,0.623471,-0.381925,0.663094,0.16038
2079580246,3,0.623043,-0.376937,0.664258,0.168806
2079580256,3,0.622304,-0.371585,0.665671,0.177603
2079580266,3,0.621234,-0.365902,0.667333,0.186677
2079580276,3,0.619898,-0.359922,0.669175,0.195922
2079580286,3,0.618445,-0.353701,0.671034,0.205262
2079580296,3,0.61705,-0.347336,0.672718,0.214605
2079580306,3,0.615843,-0.340911,0.674092,0.223865
2079580316,3,0.614821,-0.334509,0.675158,0.232935
2079580326,3,0.613909,-0.3282,0.675994,0.241725
2079580336,3,0.612995,-0.322046,0.676721,0.250141
2079580346,3,0.611976,-0.316068,0.677461,0.258131
2079580356,3,0.609985,-0.309372,0.679134,0.266427
2079580366,3,0.607914,-0.302768,0.680793,0.274393
2079580377,3,0.60585,-0.296296,0.682361,0.28202
2079580387,3,0.60388,-0.289999,0.683755,0.28932
2079580397,3,0.602094,-0.283946,0.684893,0.296273
2079580407,3,0.600584,-0.278227,0.685684,0.302862
2079580417,3,0.599413,-0.272915,0.686073,0.309071
2079580427,3,0.598625,-0.268054,0.68603,0.314889
2079580437,3,0.598235,-0.263696,0.685555,0.320299
2079580447,3,0.598226,-0.259857,0.68467,0.325308
2079580457,3,0.598574,-0.256536,0.683416,0.329909
2079580467,3,0.599236,-0.253744,0.681838,0.334104
2079580477,3,0.60017,-0.251467,0.679983,0.337907
2079580487,3,0.601332,-0.249672,0.677904,0.341333
2079580497,3,0.602659,-0.248316,0.675672,0.344393
2079580508,3,0.60411,-0.247372,0.673349,0.347069
2079580518,3,0.605651,-0.246833,0.670982,0.349344
2079580528,3,0.607271,-0.246705,0.668604,0.351178
2079580538,3,0.608966,-0.247,0.666236,0.352532
2079580548,3,0.610754,-0.247703,0.663881,0.353386
2079580558,3,0.613173,-0.250702,0.66125,0.352013
2079580568,3,0.615652,-0.254103,0.658678,0.350065
2079580578,3,0.618156,-0.257824,0.656197,0.347581
2079580588,3,0.620665,-0.261741,0.653835,0.344623
2079580598,3,0.623102,-0.265682,0.651669,0.341296
2079580608,3,0.624744,-0.267325,0.650235,0.339744
2079580618,3,0.626178,-0.268848,0.649174,0.337926
2079580628,3,0.627398,-0.270264,0.648491,0.335837
2079580638,3,0.628422,-0.271576,0.648175,0.333465
2079580649,3,0.629271,-0.27276,0.648192,0.330856
2079580659,3,0.629951,-0.273814,0.648516,0.328043
2079580669,3,0.63049,-0.274733,0.649109,0.325054
2079580679,3,0.630888,-0.275548,0.649955,0.321886
2079580689,3,0.631153,-0.276299,0.651028,0.318535
2079580699,3,0.63132,-0.277061,0.652283,0.314956
2079580709,3,0.631425,-0.277905,0.653658,0.311127
2079580719,3,0.631542,-0.278898,0.655064,0.307019
2079580729,3,0.631795,-0.281509,0.656379,0.301253
2079580739,3,0.632069,-0.284215,0.657642,0.295321
2079580749,3,0.632441,-0.287039,0.658774,0.289207
2079580759,3,0.632959,-0.290064,0.659712,0.282849
2079580769,3,0.633901,-0.292676,0.660195,0.27686
2079580780,3,0.635129,-0.295651,0.660329,0.270491
2079580790,3,0.63666,-0.298967,0.660084,0.263762
2079580800,3,0.638488,-0.30257,0.65945,0.256727
2079580810,3,0.640612,-0.30641,0.65842,0.24942
2079580820,3,0.643026,-0.310456,0.656979,0.241893
2079580830,3,0.645728,-0.314646,0.655112,0.234222
2079580840,3,0.64871,-0.318932,0.652817,0.226463
2079580850,3,0.651973,-0.323262,0.650079,0.218697
2079580860,3,0.655482,-0.327591,0.646921,0.210995
2079580870,3,0.659201,-0.331856,0.643379,0.203437
2079580880,3,0.662651,-0.336498,0.639885,0.195468
2079580890,3,0.666261,-0.34093,0.636067,0.187828
2079580900,3,0.66995,-0.345087,0.632031,0.180601
2079580911,3,0.673586,-0.348901,0.627943,0.173884
2079580921,3,0.677062,-0.352303,0.623951,0.16779
2079580931,3,0.680299,-0.355337,0.620151,0.162296
2079580941,3,0.683246,-0.358079,0.616607,0.157318
2079580951,3,0.685915,-0.360613,0.613304,0.15276
2079580961,3,0.688306,-0.363052,0.610231,0.148476
2079580971,3,0.690433,-0.365437,0.60738,0.144379
2079580981,3,0.692488,-0.368445,0.604315,0.139678
2079580991,3,0.694225,-0.371464,0.601524,0.135032
2079581001,3,0.695609,-0.374482,0.599064,0.130428
2079581011,3,0.696606,-0.377488,0.596991,0.125868
2079581021,3,0.697197,-0.380466,0.595344,0.121351
2079581031,3,0.697375,-0.383412,0.594135,0.116898
2079581041,3,0.697159,-0.38633,0.593346,0.112504
2079581052,3,0.696562,-0.389229,0.592958,0.10817
2079581062,3,0.69563,-0.392132,0.592906,0.103884
2079581072,3,0.694421,-0.395053,0.593113,0.09964
2079581082,3,0.693003,-0.398011,0.593483,0.095445
2079581092,3,0.691454,-0.401018,0.59392,0.091286
2079581102,3,0.689436,-0.402469,0.595634,0.088971
2079581112,3,0.687419,-0.403894,0.597328,0.08673
2079581122,3,0.68547,-0.405363,0.598893,0.084481
2079581132,3,0.683668,-0.40693,0.600215,0.082134
2079581142,3,0.682069,-0.408597,0.601228,0.079704
2079581152,3,0.680735,-0.410344,0.60188,0.077186
2079581162,3,0.679678,-0.412131,0.602175,0.074633
2079581172,3,0.679345,-0.41589,0.600532,0.069892
2079581183,3,0.679252,-0.419661,0.598562,0.064986
2079581193,3,0.679345,-0.4234,0.596344,0.059951
2079581203,3,0.679512,-0.427052,0.594031,0.054906
2079581213,3,0.679612,-0.430577,0.591803,0.049982
2079581223,3,0.679503,-0.43395,0.589837,0.045311
2079581233,3,0.6791,-0.437106,0.588285,0.04099
2079581243,3,0.678298,-0.440028,0.587288,0.037131
2079581253,3,0.677049,-0.442656,0.586954,0.033818
2079581263,3,0.675317,-0.444938,0.587371,0.031154
2079581273,3,0.67309,-0.446818,0.588598,0.029233
2079581283,3,0.670416,-0.448238,0.590621,0.028107
2079581293,3,0.667374,-0.449172,0.593366,0.027782
2079581303,3,0.664072,-0.449589,0.596725,0.028216
2079581314,3,0.660629,-0.449487,0.600557,0.029339
2079581324,3,0.657147,-0.448859,0.604744,0.031089
2079581334,3,0.653701,-0.4477,0.609197,0.033423
2079581344,3,0.650332,-0.446029,0.613846,0.036312
2079581354,3,0.647072,-0.443863,0.61863,0.039718
2079581364,3,0.64421,-0.439596,0.624237,0.045558
2079581374,3,0.641463,-0.434988,0.629796,0.051628
2079581384,3,0.638905,-0.430003,0.635243,0.057978
2079581394,3,0.636631,-0.424659,0.640462,0.064593
2079581404,3,0.634663,-0.420515,0.644586,0.069836
2079581414,3,0.633119,-0.416049,0.648372,0.075343
2079581424,3,0.631964,-0.411261,0.651839,0.081173
2079581434,3,0.631112,-0.406111,0.655074,0.087454
2079581445,3,0.630847,-0.40006,0.657998,0.094981
2079581455,3,0.630748,-0.393772,0.660689,0.102901
2079581465,3,0.63067,-0.38725,0.663268,0.111206
2079581475,3,0.630448,-0.380437,0.665899,0.119915
2079581485,3,0.629891,-0.37319,0.668807,0.12908
2079581495,3,0.628827,-0.365394,0.672191,0.13864
2079581505,3,0.627143,-0.357053,0.676145,0.14843
2079581515,3,0.625,-0.348204,0.680488,0.158312
2079581525,3,0.62265,-0.338953,0.684935,0.168166
2079581535,3,0.620375,-0.329454,0.689165,0.17789
2079581545,3,0.618363,-0.319909,0.692946,0.187377
2079581555,3,0.616713,-0.310412,0.696177,0.196584
2079581565,3,0.615386,-0.301056,0.698888,0.205473
2079581575,3,0.614312,-0.291858,0.70116,0.21404
2079581586,3,0.613405,-0.282816,0.703092,0.222284
2079581596,3,0.612653,-0.273982,0.704701,0.230185
2079581606,3,0.611417,-0.264218,0.706659,0.238726
2079581616,3,0.610377,-0.254711,0.708222,0.246947
2079581626,3,0.609588,-0.245544,0.709344,0.254831
2079581636,3,0.609127,-0.236776,0.709972,0.262374
2079581646,3,0.609045,-0.22851,0.710071,0.269526
2079581656,3,0.60938,-0.220816,0.709621,0.276283
2079581666,3,0.61016,-0.213757,0.708614,0.282625
2079581676,3,0.611379,-0.207399,0.707072,0.288528
2079581686,3,0.613012,-0.201789,0.705036,0.293973
2079581782,3,0.61477,-0.202157,0.703209,0.294426
2079581792,3,0.61823,-0.203269,0.699629,0.294943
2079581802,3,0.622848,-0.206614,0.695206,0.293355
2079581812,3,0.627268,-0.21026,0.690974,0.291342
2079581822,3,0.631429,-0.214127,0.686983,0.288962
2079581832,3,0.635313,-0.218128,0.683259,0.286276
2079581842,3,0.638876,-0.22213,0.679852,0.283364
2079581853,3,0.642073,-0.226031,0.676817,0.280302
2079581863,3,0.644852,-0.229763,0.674212,0.277149
2079581873,3,0.646133,-0.231295,0.672992,0.275854
2079581883,3,0.647,-0.232678,0.672251,0.274461
2079581893,3,0.647493,-0.233913,0.671959,0.272958
2079581903,3,0.647673,-0.235023,0.672044,0.271366
2079581913,3,0.647596,-0.236068,0.672443,0.269648
2079581923,3,0.647323,-0.237114,0.673091,0.267764
2079581933,3,0.64693,-0.238256,0.673897,0.265664
2079581943,3,0.646477,-0.23958,0.674795,0.263285
2079581953,3,0.646364,-0.242524,0.675409,0.25926
2079581963,3,0.646242,-0.245603,0.676034,0.255005
2079581973,3,0.646137,-0.24882,0.676634,0.250522
2079581984,3,0.64604,-0.25218,0.677211,0.245809
2079581994,3,0.645987,-0.255712,0.677719,0.240849
2079582004,3,0.645967,-0.258987,0.678177,0.236067
2079582014,3,0.646186,-0.262751,0.678349,0.230751
2079582024,3,0.646693,-0.266999,0.678166,0.224921
2079582034,3,0.647544,-0.271701,0.677553,0.218597
2079582044,3,0.648735,-0.276805,0.676492,0.211846
2079582054,3,0.650277,-0.282238,0.674965,0.2047
2079582064,3,0.652143,-0.287924,0.672983,0.197238
2079582074,3,0.654295,-0.29381,0.670559,0.189535
2079582084,3,0.656684,-0.299794,0.667743,0.181681
2079582094,3,0.659238,-0.305816,0.664595,0.173764
2079582104,3,0.661825,-0.312035,0.66121,0.165596
2079582115,3,0.664486,-0.318114,0.657596,0.157566
2079582125,3,0.667154,-0.323995,0.653834,0.149771
2079582135,3,0.6698,-0.329632,0.649977,0.142266
2079582145,3,0.672364,-0.335022,0.646097,0.135071
2079582155,3,0.674846,-0.340155,0.642216,0.128196
2079582165,3,0.677211,-0.345051,0.638375,0.121654
2079582175,3,0.67941,-0.34967,0.634664,0.11547
2079582185,3,0.681414,-0.354032,0.631124,0.109627
2079582195,3,0.683204,-0.358192,0.627775,0.104058
2079582205,3,0.684774,-0.362169,0.624637,0.098713
2079582215,3,0.685809,-0.366921,0.621687,0.092401
2079582225,3,0.686464,-0.371621,0.619069,0.086118
2079582235,3,0.686712,-0.376276,0.616816,0.07987
2079582246,3,0.686535,-0.380873,0.614959,0.073687
2079582256,3,0.685945,-0.385401,0.613494,0.067598
2079582266,3,0.684979,-0.389868,0.612378,0.061628
2079582276,3,0.683661,-0.394274,0.611587,0.055822
2079582286,3,0.682029,-0.398598,0.61109,0.050229
2079582296,3,0.680432,-0.401363,0.611336,0.04677
2079582306,3,0.678577,-0.403979,0.611904,0.043668
2079582316,3,0.676545,-0.406407,0.612731,0.040982
2079582326,3,0.674368,-0.408643,0.613792,0.038679
2079582336,3,0.672107,-0.410691,0.615026,0.036704
2079582346,3,0.66987,-0.412621,0.616275,0.034948
2079582356,3,0.667754,-0.414503,0.617401,0.033267
2079582366,3,0.665892,-0.416408,0.618219,0.031544
2079582376,3,0.664382,-0.418422,0.618577,0.029673
2079582387,3,0.66327,-0.420588,0.618397,0.027614
2079582397,3,0.662585,-0.422896,0.617649,0.025452
2079582407,3,0.662082,-0.42732,0.61531,0.020921
2079582417,3,0.661697,-0.431595,0.612868,0.016578
2079582427,3,0.661324,-0.435679,0.610472,0.012531
2079582437,3,0.660897,-0.439541,0.608226,0.008827
2079582447,3,0.660342,-0.443137,0.606256,0.005532
2079582457,3,0.659613,-0.446415,0.60466,0.002783
2079582467,3,0.658697,-0.449338,0.6035,5.98E-4
2079582477,3,-0.657583,0.451869,-0.602824,9.61E-4
2079582487,3,-0.65625,0.45397,-0.602695,0.001914
2079582497,3,-0.654654,0.455621,-0.603184,0.002169
2079582507,3,-0.652763,0.456757,-0.604375,0.001637
2079582518,3,-0.650561,0.457347,-0.606302,0.0
2079582528,3,0.648069,-0.457353,0.608958,0.001914
2079582538,3,0.645303,-0.456783,0.612298,0.004756
2079582548,3,0.642312,-0.455639,0.616246,0.008234
2079582558,3,0.639176,-0.453962,0.620663,0.012185
2079582568,3,0.635964,-0.451784,0.625434,0.016501
2079582578,3,0.632748,-0.449122,0.630454,0.021107
2079582588,3,0.629592,-0.446013,0.635618,0.025973
2079582598,3,0.627178,-0.440569,0.641428,0.033399
2079582608,3,0.624883,-0.434764,0.647173,0.040836
2079582618,3,0.622774,-0.428641,0.652757,0.048228
2079582628,3,0.620628,-0.42416,0.657307,0.053442
2079582638,3,0.618948,-0.419443,0.661459,0.058665
2079582649,3,0.617731,-0.414518,0.665203,0.063926
2079582659,3,0.616968,-0.409348,0.668565,0.069306
2079582669,3,0.616563,-0.403888,0.671643,0.074958
2079582679,3,0.617059,-0.397451,0.674201,0.081984
2079582689,3,0.617799,-0.390919,0.676407,0.089322
2079582699,3,0.618613,-0.384211,0.678436,0.09707
2079582709,3,0.619317,-0.377227,0.680486,0.105276
2079582719,3,0.619867,-0.369911,0.682596,0.113985
2079582729,3,0.620175,-0.362233,0.684836,0.123157
2079582739,3,0.620276,-0.354202,0.687151,0.132743
2079582749,3,0.620179,-0.34587,0.689497,0.142635
2079582759,3,0.619951,-0.337276,0.691788,0.15275
2079582769,3,0.619092,-0.327707,0.694672,0.163591
2079582779,3,0.618221,-0.317841,0.697328,0.174675
2079582790,3,0.617327,-0.307751,0.699747,0.185875
2079582800,3,0.617152,-0.298504,0.701051,0.196329
2079582810,3,0.616971,-0.289242,0.702135,0.206616
2079582820,3,0.616737,-0.280057,0.703052,0.216607
2079582830,3,0.616417,-0.271076,0.703839,0.226179
2079582840,3,0.615104,-0.261533,0.705393,0.235937
2079582850,3,0.61379,-0.252378,0.706715,0.245193
2079582860,3,0.612504,-0.243667,0.707801,0.253932
2079582870,3,0.611271,-0.235436,0.708653,0.262158
2079582880,3,0.610098,-0.227731,0.709288,0.269866
2079582890,3,0.609018,-0.220568,0.709697,0.277085
2079582900,3,0.608055,-0.213978,0.709869,0.283843
2079582910,3,0.60724,-0.208003,0.709797,0.290138
2079582921,3,0.606594,-0.20264,0.709481,0.296
2079582931,3,0.606139,-0.197885,0.70893,0.301419
2079582941,3,0.605855,-0.193732,0.708169,0.306436
2079582951,3,0.605727,-0.190159,0.707226,0.31107
2079582961,3,0.605748,-0.187154,0.706125,0.315323
2079582971,3,0.605939,-0.184735,0.704856,0.319198
2079582981,3,0.606318,-0.18293,0.703421,0.322662
2079582991,3,0.606896,-0.181726,0.701808,0.325755
2079583001,3,0.607679,-0.181086,0.700024,0.328478
2079583011,3,0.608664,-0.18098,0.698084,0.330832
2079583021,3,0.609828,-0.181365,0.696019,0.332825
2079583031,3,0.61114,-0.182203,0.693858,0.334468
2079583041,3,0.612587,-0.18345,0.691623,0.335766
2079583052,3,0.614133,-0.185068,0.689351,0.336726
2079583062,3,0.616754,-0.189616,0.686582,0.335057
2079583072,3,0.619403,-0.194445,0.683829,0.333028
2079583082,3,0.622068,-0.199456,0.68111,0.330662
2079583092,3,0.624664,-0.204563,0.678483,0.328036
2079583102,3,0.627173,-0.20964,0.675967,0.325226
2079583112,3,0.629522,-0.214682,0.673637,0.32222
2079583122,3,0.631677,-0.219713,0.671534,0.318984
2079583132,3,0.632833,-0.222541,0.6702,0.317534
2079583142,3,0.633854,-0.225502,0.669109,0.315704
2079583152,3,0.634735,-0.228589,0.66826,0.313505
2079583162,3,0.63547,-0.231791,0.667657,0.310938
2079583172,3,0.636061,-0.235095,0.667296,0.308013
2079583183,3,0.636519,-0.238529,0.667157,0.304708
2079583193,3,0.636885,-0.242136,0.66719,0.301004
2079583203,3,0.637619,-0.247549,0.667024,0.295362
2079583213,3,0.638263,-0.253019,0.666953,0.289439
2079583223,3,0.638902,-0.258632,0.66688,0.283167
2079583233,3,0.639565,-0.264433,0.666758,0.27652
2079583243,3,0.640317,-0.269595,0.66652,0.270299
2079583253,3,0.64127,-0.275073,0.666045,0.26361
2079583263,3,0.642429,-0.280822,0.665311,0.256485
2079583273,3,0.643777,-0.286785,0.66431,0.24899
2079583283,3,0.645311,-0.29291,0.663025,0.24119
2079583293,3,0.647027,-0.299144,0.661443,0.233153
2079583303,3,0.648676,-0.30601,0.659741,0.224316
2079583313,3,0.650488,-0.312864,0.657723,0.215361
2079583324,3,0.652453,-0.31961,0.655398,0.20641
2079583334,3,0.654586,-0.326181,0.652765,0.197534
2079583344,3,0.656878,-0.332528,0.649833,0.188814
2079583354,3,0.659289,-0.338648,0.646652,0.180266
2079583364,3,0.661796,-0.344514,0.643242,0.171973
2079583374,3,0.664311,-0.350074,0.63972,0.164
2079583384,3,0.666792,-0.355332,0.636137,0.156379
2079583394,3,0.669144,-0.360301,0.632605,0.149129
2079583404,3,0.671329,-0.364938,0.629195,0.142299
2079583414,3,0.673352,-0.369242,0.625927,0.135909
2079583424,3,0.675213,-0.373276,0.622796,0.129908
2079583434,3,0.676891,-0.377095,0.619825,0.12423
2079583444,3,0.678401,-0.380798,0.616972,0.118782
2079583455,3,0.679718,-0.384437,0.614253,0.113504
2079583465,3,0.680805,-0.389238,0.611199,0.106924
2079583475,3,0.681621,-0.394087,0.608289,0.100357
2079583485,3,0.682134,-0.39893,0.605588,0.093858
2079583495,3,0.682313,-0.403725,0.603156,0.087494
2079583505,3,0.682136,-0.408431,0.601048,0.081325
2079583515,3,0.681603,-0.41301,0.599295,0.075389
2079583525,3,0.680943,-0.416098,0.598386,0.071499
2079583535,3,0.679957,-0.419008,0.597894,0.067914
2079583545,3,0.678673,-0.421703,0.597816,0.064688
2079583555,3,0.67715,-0.42417,0.598102,0.061805
2079583565,3,0.67548,-0.426404,0.598659,0.059272
2079583575,3,0.673718,-0.428471,0.59939,0.056975
2079583586,3,0.671948,-0.43044,0.600168,0.054808
2079583596,3,0.67024,-0.432303,0.600925,0.052728
2079583606,3,0.668688,-0.434113,0.601528,0.050646
2079583616,3,0.667372,-0.435931,0.601847,0.048565
2079583626,3,0.66625,-0.437752,0.60193,0.046497
2079583636,3,0.665282,-0.439537,0.60185,0.044514
2079583646,3,0.664397,-0.441264,0.6017,0.042642
2079583656,3,0.66352,-0.442865,0.601606,0.040995
2079583666,3,0.662618,-0.444268,0.601658,0.039612
2079583676,3,0.661716,-0.445429,0.601861,0.038559
2079583686,3,0.660354,-0.448292,0.601429,0.035341
2079583696,3,0.658865,-0.450945,0.601244,0.032384
2079583706,3,0.65724,-0.453365,0.60134,0.029736
2079583716,3,0.655455,-0.455508,0.601778,0.027443
2079583727,3,0.65347,-0.457357,0.602614,0.025614
2079583737,3,0.651234,-0.458919,0.6039,0.024299
2079583747,3,0.648751,-0.460178,0.605641,0.023576
2079583757,3,0.646019,-0.461142,0.607828,0.023477
2079583767,3,0.643062,-0.461763,0.610462,0.024099
2079583777,3,0.639961,-0.461967,0.613503,0.025491
2079583787,3,0.636825,-0.461685,0.616873,0.027693
2079583797,3,0.633768,-0.460839,0.620502,0.030679
2079583807,3,0.630843,-0.459433,0.624323,0.034303
2079583817,3,0.628101,-0.457479,0.62827,0.038439
2079583827,3,0.625528,-0.455023,0.632314,0.042974
2079583837,3,0.623079,-0.452133,0.636441,0.047848
2079583847,3,0.620713,-0.448871,0.640639,0.053018
2079583858,3,0.618411,-0.445248,0.644899,0.058535
2079583868,3,0.616161,-0.441266,0.649215,0.06441
2079583878,3,0.61397,-0.436899,0.653581,0.070639
2079583888,3,0.612634,-0.43097,0.657818,0.078851
2079583898,3,0.611289,-0.424737,0.662059,0.087183
2079583908,3,0.609925,-0.418267,0.666279,0.095473
2079583918,3,0.608611,-0.411875,0.670248,0.103528
2079583928,3,0.607467,-0.405059,0.674097,0.111819
2079583938,3,0.60617,-0.398874,0.677695,0.119102
2079583948,3,0.605177,-0.392497,0.680963,0.126469
2079583958,3,0.604395,-0.385924,0.683967,0.134001
2079583968,3,0.604557,-0.379027,0.686028,0.142174
2079583978,3,0.604828,-0.372154,0.687794,0.150407
2079583989,3,0.605106,-0.365302,0.689353,0.158722
2079583999,3,0.605285,-0.358434,0.690795,0.167203
2079584009,3,0.60526,-0.351345,0.692269,0.176007
2079584019,3,0.604983,-0.344086,0.693803,0.185032
2079584029,3,0.604431,-0.336632,0.695412,0.194273
2079584039,3,0.602627,-0.327958,0.698206,0.20443
2079584049,3,0.600696,-0.319092,0.70087,0.214766
2079584059,3,0.598696,-0.310102,0.703338,0.225198
2079584069,3,0.596646,-0.301093,0.705575,0.235623
2079584079,3,0.595665,-0.293387,0.706465,0.244976
2079584089,3,0.594724,-0.285859,0.707119,0.254103
2079584099,3,0.593851,-0.278584,0.707535,0.262915
2079584109,3,0.591763,-0.270449,0.708902,0.272269
2079584120,3,0.589668,-0.262747,0.710064,0.28118
2079584130,3,0.587604,-0.255534,0.711011,0.289631
2079584140,3,0.58562,-0.248857,0.711721,0.297607
2079584150,3,0.583763,-0.242785,0.712167,0.305112
2079584160,3,0.58208,-0.237351,0.712308,0.312189
2079584170,3,0.580621,-0.232558,0.712124,0.318865
2079584180,3,0.579399,-0.228391,0.711598,0.32521
2079584190,3,0.578408,-0.22484,0.710747,0.331253
2079584200,3,0.577628,-0.221914,0.709591,0.337015
2079584210,3,0.577071,-0.219569,0.708135,0.342523
2079584220,3,0.576715,-0.217812,0.706395,0.347795
2079584230,3,0.576535,-0.21661,0.704409,0.352837
2079584240,3,0.576517,-0.215943,0.702197,0.35765
2079584250,3,0.576648,-0.215791,0.699771,0.362258
2079584261,3,0.576921,-0.216104,0.697155,0.366653
2079584271,3,0.577317,-0.216877,0.69437,0.370834
2079584281,3,0.577844,-0.218088,0.691427,0.374781
2079584291,3,0.578509,-0.219753,0.688342,0.378445
2079584301,3,0.579309,-0.221839,0.685125,0.381824
2079584311,3,0.580237,-0.224308,0.681805,0.384904
2079584321,3,0.582386,-0.229937,0.677841,0.385339
2079584331,3,0.584598,-0.235848,0.673836,0.385441
2079584341,3,0.586833,-0.241964,0.669831,0.385234
2079584351,3,0.589055,-0.248188,0.665873,0.384744
2079584361,3,0.591214,-0.254407,0.662023,0.384014
2079584371,3,0.593249,-0.26059,0.658364,0.383019
2079584381,3,0.595069,-0.266681,0.65499,0.381786
2079584392,3,0.595776,-0.270239,0.652482,0.382475
2079584402,3,0.596349,-0.273859,0.650266,0.382782
2079584412,3,0.596822,-0.27751,0.648331,0.382697
2079584422,3,0.597187,-0.281207,0.646668,0.382242
2079584432,3,0.597462,-0.284949,0.645275,0.381394
2079584442,3,0.597667,-0.288776,0.64414,0.380111
2079584452,3,0.597853,-0.292767,0.643203,0.378348
2079584462,3,0.598097,-0.297033,0.642387,0.376016
2079584472,3,0.598665,-0.30333,0.64152,0.371538
2079584482,3,0.599272,-0.309822,0.640698,0.366589
2079584492,3,0.599986,-0.316516,0.639855,0.361134
2079584502,3,0.600878,-0.323408,0.638901,0.355184
2079584512,3,0.602508,-0.329643,0.637293,0.349537
2079584523,3,0.604567,-0.336264,0.635312,0.343223
2079584533,3,0.607038,-0.343219,0.632947,0.336276
2079584543,3,0.609912,-0.350398,0.630199,0.32875
2079584553,3,0.613128,-0.357702,0.627101,0.320725
2079584563,3,0.616626,-0.365017,0.623703,0.312295
2079584573,3,0.620327,-0.372253,0.620051,0.303574
2079584583,3,0.624169,-0.379296,0.616213,0.294666
2079584593,3,0.628076,-0.386063,0.612252,0.285694
2079584603,3,0.632007,-0.392513,0.608213,0.276722
2079584613,3,0.635916,-0.398629,0.604129,0.267828
2079584623,3,0.639284,-0.40496,0.600491,0.258327
2079584633,3,0.642589,-0.410795,0.596894,0.249083
2079584643,3,0.645788,-0.416097,0.593411,0.240173
2079584654,3,0.648796,-0.420845,0.590154,0.231666
2079584664,3,0.651551,-0.424969,0.587249,0.223649
2079584674,3,0.654037,-0.428498,0.584741,0.216105
2079584684,3,0.656256,-0.431476,0.582641,0.209007
2079584694,3,0.65825,-0.433985,0.580907,0.202262
2079584704,3,0.660048,-0.436115,0.579478,0.195814
2079584714,3,0.661723,-0.437936,0.578267,0.189581
2079584724,3,0.663673,-0.440184,0.57649,0.182848
2079584734,3,0.665351,-0.44226,0.575036,0.1762
2079584744,3,0.666714,-0.444172,0.573947,0.169669
2079584754,3,0.667725,-0.445919,0.573268,0.163285
2079584764,3,0.668343,-0.447507,0.573041,0.15709
2079584774,3,0.668544,-0.448946,0.573288,0.151116
2079584784,3,0.668341,-0.45026,0.573977,0.14538
2079584795,3,0.667738,-0.451462,0.575093,0.139909
2079584805,3,0.666744,-0.452609,0.576583,0.134713
2079584815,3,0.665364,-0.453748,0.578411,0.129781
2079584825,3,0.663618,-0.454904,0.580535,0.125102
2079584835,3,0.66153,-0.456151,0.582878,0.120645
2079584845,3,0.659146,-0.457568,0.585331,0.116379
2079584855,3,0.656494,-0.459206,0.58783,0.11225
2079584865,3,0.65363,-0.461095,0.590289,0.108241
2079584875,3,0.650694,-0.461444,0.593552,0.106591
2079584885,3,0.647688,-0.462067,0.596621,0.105052
2079584895,3,0.644583,-0.462965,0.599523,0.103669
2079584905,3,0.641361,-0.46407,0.602314,0.10252
2079584915,3,0.63798,-0.465345,0.605057,0.101684
2079584926,3,0.634416,-0.466769,0.607795,0.101127
2079584936,3,0.630697,-0.468375,0.61048,0.100788
2079584946,3,0.626275,-0.472175,0.612551,0.098025
2079584956,3,0.621746,-0.47629,0.614407,0.095292
2079584966,3,0.617193,-0.480675,0.615993,0.092606
2079584976,3,0.612658,-0.485278,0.617289,0.090044
2079584986,3,0.608181,-0.489998,0.618323,0.087701
2079584996,3,0.603743,-0.49474,0.619169,0.08576
2079585006,3,0.599279,-0.499371,0.619975,0.084398
2079585016,3,0.594748,-0.503757,0.620864,0.083849
2079585026,3,0.590096,-0.507775,0.621973,0.084259
2079585036,3,0.585321,-0.511389,0.623323,0.085715
2079585046,3,0.580482,-0.514581,0.624878,0.088162
2079585057,3,0.575653,-0.517343,0.626582,0.091504
2079585067,3,0.570891,-0.519678,0.628386,0.095645
2079585077,3,0.566226,-0.521607,0.630252,0.100481
2079585087,3,0.561659,-0.523099,0.632191,0.106014
2079585097,3,0.557164,-0.524103,0.634251,0.112288
2079585107,3,0.552731,-0.524554,0.636456,0.119387
2079585117,3,0.548334,-0.524412,0.638827,0.127356
2079585127,3,0.54396,-0.523674,0.641352,0.136161
2079585137,3,0.540691,-0.521499,0.643436,0.147242
2079585147,3,0.537396,-0.518809,0.645617,0.158808
2079585157,3,0.53324,-0.516587,0.648163,0.169338
2079585167,3,0.529266,-0.51404,0.650533,0.180129
2079585177,3,0.525488,-0.511212,0.652684,0.191119
2079585187,3,0.521923,-0.508137,0.654585,0.202262
2079585198,3,0.518531,-0.504844,0.656252,0.213517
2079585208,3,0.515237,-0.501334,0.657726,0.22492
2079585218,3,0.511987,-0.497585,0.659051,0.236492
2079585228,3,0.508721,-0.49357,0.660269,0.248262
2079585238,3,0.50541,-0.489274,0.661389,0.260259
2079585248,3,0.503218,-0.485063,0.661195,0.272589
2079585258,3,0.500925,-0.480635,0.660933,0.285009
2079585268,3,0.497452,-0.475187,0.661828,0.297861
2079585278,3,0.493944,-0.469311,0.662598,0.311011
2079585288,3,0.490419,-0.463058,0.663208,0.324375
2079585298,3,0.486829,-0.456524,0.663665,0.337833
2079585308,3,0.483092,-0.449765,0.66403,0.351277
2079585318,3,0.48076,-0.443954,0.662755,0.364044
2079585329,3,0.47831,-0.438103,0.661447,0.376526
2079585339,3,0.475687,-0.432302,0.660166,0.388608
2079585349,3,0.472933,-0.426652,0.65888,0.400221
2079585359,3,0.47009,-0.421273,0.657561,0.411286
2079585369,3,0.46725,-0.416278,0.656145,0.421737
2079585379,3,0.46311,-0.410682,0.655784,0.43222
2079585389,3,0.459163,-0.405641,0.655136,0.442063
2079585399,3,0.455441,-0.401176,0.654199,0.45128
2079585409,3,0.452001,-0.397334,0.652924,0.459902
2079585419,3,0.448879,-0.394126,0.651314,0.467933
2079585429,3,0.446131,-0.391553,0.64932,0.475431
2079585439,3,0.443747,-0.389579,0.646982,0.48242
2079585449,3,0.441722,-0.388162,0.644317,0.488943
2079585460,3,0.440041,-0.387286,0.641337,0.495033
2079585470,3,0.438688,-0.386903,0.638066,0.500728
2079585480,3,0.438877,-0.389274,0.633558,0.504435
2079585490,3,0.439358,-0.392104,0.628813,0.507751
2079585500,3,0.440049,-0.39533,0.623903,0.5107
2079585510,3,0.440975,-0.39892,0.618811,0.513297
2079585520,3,0.442109,-0.402861,0.613572,0.515529
2079585530,3,0.443465,-0.407156,0.608182,0.517375
2079585540,3,0.445017,-0.411791,0.602676,0.518814
2079585550,3,0.446743,-0.416717,0.597075,0.519872
2079585560,3,0.448609,-0.421914,0.591396,0.520565
2079585570,3,0.450566,-0.42727,0.585702,0.520943
2079585580,3,0.452568,-0.432708,0.580024,0.521072
2079585591,3,0.454609,-0.438096,0.574378,0.521047
2079585601,3,0.456629,-0.443438,0.568829,0.52085
2079585611,3,0.458022,-0.446393,0.563959,0.522396
2079585621,3,0.459343,-0.449256,0.559258,0.523833
2079585631,3,0.460542,-0.451946,0.554806,0.5252
2079585641,3,0.461504,-0.454373,0.550701,0.52658
2079585651,3,0.462184,-0.456456,0.547009,0.528027
2079585661,3,0.462535,-0.458169,0.543795,0.529554
2079585671,3,0.462561,-0.459611,0.541082,0.531059
2079585681,3,0.462337,-0.460963,0.538821,0.532379
2079585691,3,0.461946,-0.462446,0.536918,0.533353
2079585701,3,0.461806,-0.465768,0.535012,0.532499
2079585711,3,0.461551,-0.46922,0.53339,0.531316
2079585721,3,0.461327,-0.472001,0.531901,0.530539
2079585732,3,0.461323,-0.475446,0.53033,0.529038
2079585742,3,0.461608,-0.479592,0.528607,0.526766
2079585752,3,0.462211,-0.48445,0.526691,0.523701
2079585762,3,0.463144,-0.489961,0.524564,0.519872
2079585772,3,0.464382,-0.496014,0.522237,0.51535
2079585782,3,0.46593,-0.502483,0.519694,0.510231
2079585792,3,0.467756,-0.50923,0.516957,0.504621
2079585802,3,0.469823,-0.516135,0.514026,0.498645
2079585812,3,0.472094,-0.523076,0.510919,0.492421
2079585822,3,0.474545,-0.529928,0.507655,0.486073
2079585832,3,0.476542,-0.537658,0.504752,0.478597
2079585842,3,0.478623,-0.545068,0.501776,0.47121
2079585852,3,0.480847,-0.552125,0.498651,0.463992
2079585863,3,0.483183,-0.55879,0.49542,0.456995
2079585873,3,0.485617,-0.565073,0.492089,0.450239
2079585883,3,0.488114,-0.570963,0.488693,0.443762
2079585893,3,0.490592,-0.576469,0.485327,0.43756
2079585903,3,0.49303,-0.581548,0.482037,0.431696
2079585913,3,0.495406,-0.586249,0.478847,0.426132
2079585923,3,0.497599,-0.590597,0.475886,0.420857
2079585933,3,0.499613,-0.594669,0.473151,0.41579
2079585943,3,0.50141,-0.598581,0.470656,0.410816
2079585953,3,0.502986,-0.602355,0.468412,0.405909
2079585963,3,0.504354,-0.606099,0.466372,0.400957
2079585973,3,0.505472,-0.60983,0.464587,0.395932
2079585983,3,0.506316,-0.61351,0.463092,0.390888
2079585994,3,0.507199,-0.617803,0.461318,0.385037
2079586004,3,0.507715,-0.621933,0.459943,0.379309
2079586014,3,0.507848,-0.625871,0.458991,0.373766
2079586024,3,0.507611,-0.629624,0.458437,0.368428
2079586034,3,0.506711,-0.632367,0.458918,0.364346
2079586044,3,0.50544,-0.634853,0.459826,0.360625
2079586054,3,0.503841,-0.63712,0.461085,0.357239
2079586064,3,0.501955,-0.639222,0.462624,0.354139
2079586074,3,0.499844,-0.641205,0.464333,0.351291
2079586084,3,0.49755,-0.643112,0.466154,0.348639
2079586094,3,0.495143,-0.644963,0.468013,0.346147
2079586104,3,0.492637,-0.646843,0.469857,0.343708
2079586114,3,0.490023,-0.648823,0.471668,0.341223
2079586125,3,0.487277,-0.650887,0.473472,0.338718
2079586135,3,0.484372,-0.652998,0.475289,0.336267
2079586145,3,0.481255,-0.655047,0.47724,0.333987
2079586155,3,0.477913,-0.656972,0.479361,0.331963
2079586165,3,0.474358,-0.65881,0.481594,0.330182
2079586175,3,0.470577,-0.660599,0.483904,0.328636
2079586185,3,0.466583,-0.662359,0.486252,0.327319
2079586195,3,0.462404,-0.664093,0.48859,0.326253
2079586205,3,0.457644,-0.667145,0.490696,0.323566
2079586215,3,0.452634,-0.670083,0.492805,0.321331
2079586225,3,0.447376,-0.672867,0.494873,0.319691
2079586235,3,0.441934,-0.675442,0.496852,0.318761
2079586245,3,0.436325,-0.677767,0.498724,0.318629
2079586255,3,0.430597,-0.679781,0.500489,0.319362
2079586266,3,0.424728,-0.681492,0.502134,0.32099
2079586276,3,0.418743,-0.682839,0.503704,0.32352
2079586286,3,0.412625,-0.683814,0.505205,0.326963
2079586296,3,0.406418,-0.684383,0.506629,0.331315
2079586306,3,0.400148,-0.684531,0.507975,0.336538
2079586316,3,0.393849,-0.684268,0.509229,0.342556
2079586326,3,0.387553,-0.683592,0.510408,0.349266
2079586336,3,0.381255,-0.6825,0.511551,0.356584
2079586346,3,0.37492,-0.680963,0.512699,0.364503
2079586356,3,0.368496,-0.678941,0.513917,0.37301
2079586366,3,0.361949,-0.676404,0.515238,0.382097
2079586376,3,0.355251,-0.673368,0.516643,0.391727
2079586386,3,0.348418,-0.669888,0.518111,0.401764
2079586397,3,0.342761,-0.665433,0.518537,0.413318
2079586407,3,0.337037,-0.660685,0.518973,0.424931
2079586417,3,0.331282,-0.655786,0.519371,0.436404
2079586427,3,0.325581,-0.650859,0.519634,0.447613
2079586437,3,0.320052,-0.646026,0.519627,0.45848
2079586447,3,0.31395,-0.641829,0.519856,0.468229
2079586457,3,0.308207,-0.637739,0.519608,0.47781
2079586467,3,0.302784,-0.633734,0.518913,0.487268
2079586477,3,0.297641,-0.629764,0.517792,0.496686
2079586487,3,0.293762,-0.626288,0.515149,0.50605
2079586497,3,0.290063,-0.622943,0.512096,0.515326
2079586507,3,0.28653,-0.619635,0.508641,0.524628
2079586517,3,0.283064,-0.616229,0.50489,0.534061
2079586528,3,0.279653,-0.612684,0.500873,0.543633
2079586538,3,0.276332,-0.609004,0.496551,0.553344
2079586548,3,0.273131,-0.605266,0.491913,0.563092
2079586558,3,0.270086,-0.601568,0.486933,0.572769
2079586568,3,0.267246,-0.598008,0.481588,0.582268
2079586578,3,0.264593,-0.59464,0.475899,0.591534
2079586588,3,0.26214,-0.591521,0.469882,0.600495
2079586598,3,0.259836,-0.588631,0.463615,0.609145
2079586608,3,0.257646,-0.585965,0.457178,0.617454
2079586618,3,0.255544,-0.583521,0.450633,0.625403
2079586628,3,0.253518,-0.581334,0.444028,0.632943
2079586638,3,0.250755,-0.578087,0.438247,0.640996
2079586648,3,0.248109,-0.575185,0.432353,0.648593
2079586658,3,0.246285,-0.574188,0.425585,0.65462
2079586669,3,0.244584,-0.573634,0.418732,0.660139
2079586679,3,0.243029,-0.573511,0.411799,0.665163
2079586689,3,0.241609,-0.573748,0.404815,0.669747
2079586699,3,0.239632,-0.572563,0.398542,0.675212
2079586709,3,0.2377,-0.571678,0.392306,0.680277
2079586719,3,0.235793,-0.571078,0.38614,0.684957
2079586729,3,0.233908,-0.570755,0.380049,0.689266
2079586739,3,0.232057,-0.570677,0.374058,0.693222
2079586749,3,0.230223,-0.570804,0.368159,0.696876
2079586759,3,0.228444,-0.571082,0.362356,0.700268
2079586769,3,0.226692,-0.571496,0.356658,0.703418
2079586779,3,0.224993,-0.572028,0.351074,0.706333
2079586789,3,0.223352,-0.572665,0.345602,0.709032
2079586800,3,0.221767,-0.573395,0.340237,0.71153
2079586810,3,0.220404,-0.576643,0.334729,0.711941
2079586820,3,0.219082,-0.579942,0.32939,0.712159
2079586830,3,0.217819,-0.583273,0.324202,0.712207
2079586840,3,0.216615,-0.586556,0.319185,0.712144
2079586850,3,0.215494,-0.589776,0.314323,0.711987
2079586860,3,0.214418,-0.592892,0.309671,0.711763
2079586870,3,0.213372,-0.595936,0.305223,0.711456
2079586880,3,0.212376,-0.598978,0.30097,0.711012
2079586890,3,0.211434,-0.602144,0.296894,0.710331
2079586900,3,0.210962,-0.603747,0.29271,0.710847
2079586910,3,0.210651,-0.60562,0.288552,0.711046
2079586920,3,0.210504,-0.607726,0.284402,0.710965
2079586931,3,0.21051,-0.609998,0.280267,0.710659
2079586941,3,0.210618,-0.612419,0.276222,0.710129
2079586951,3,0.210773,-0.615075,0.272357,0.709279
2079586961,3,0.210943,-0.618107,0.268714,0.707982
2079586971,3,0.210672,-0.622766,0.265673,0.705121
2079586981,3,0.210393,-0.627808,0.262906,0.701763
2079586991,3,0.210106,-0.633294,0.260453,0.697823
2079587001,3,0.209808,-0.639243,0.258326,0.693264
2079587011,3,0.209511,-0.645587,0.256507,0.688132
2079587021,3,0.209857,-0.651833,0.254418,0.682894
2079587031,3,0.210289,-0.658542,0.252522,0.677002
2079587041,3,0.210829,-0.665701,0.250793,0.670444
2079587051,3,0.211506,-0.673258,0.249209,0.663236
2079587062,3,0.212324,-0.681143,0.247737,0.655429
2079587072,3,0.213302,-0.689267,0.246355,0.647086
2079587082,3,0.214451,-0.697481,0.245027,0.63835
2079587092,3,0.215777,-0.70562,0.243746,0.629386
2079587102,3,0.217269,-0.713528,0.242492,0.620378
2079587112,3,0.218909,-0.721074,0.241276,0.611486
2079587122,3,0.220651,-0.728148,0.240118,0.602872
2079587132,3,0.222457,-0.734694,0.239005,0.594653
2079587142,3,0.224266,-0.740694,0.23793,0.586911
2079587152,3,0.226068,-0.746129,0.236875,0.579718
2079587162,3,0.227006,-0.751232,0.236791,0.572755
2079587172,3,0.227931,-0.755704,0.236667,0.56652
2079587182,3,0.228769,-0.759502,0.236552,0.561127
2079587192,3,0.229433,-0.762622,0.236535,0.556613
2079587203,3,0.2299,-0.765108,0.236578,0.552978
2079587213,3,0.23016,-0.767082,0.236632,0.550105
2079587223,3,0.230123,-0.768628,0.236762,0.547901
2079587233,3,0.229742,-0.769843,0.236997,0.546253
2079587243,3,0.229006,-0.770735,0.237306,0.545168
2079587253,3,0.227879,-0.771372,0.237677,0.544578
2079587263,3,0.226345,-0.771821,0.238116,0.544389
2079587273,3,0.224384,-0.772066,0.238625,0.54463
2079587283,3,0.222022,-0.772073,0.239192,0.545339
2079587293,3,0.219568,-0.772236,0.239316,0.546047
2079587303,3,0.21677,-0.772141,0.239438,0.547245
2079587313,3,0.213675,-0.771824,0.239516,0.548873
2079587323,3,0.210343,-0.771339,0.239513,0.550839
2079587334,3,0.206302,-0.769965,0.24018,0.553991
2079587344,3,0.202631,-0.769405,0.239829,0.556271
2079587354,3,0.198807,-0.768979,0.23923,0.558492
2079587364,3,0.194338,-0.767581,0.239263,0.561963
2079587374,3,0.189783,-0.766388,0.238976,0.565262
2079587384,3,0.185154,-0.765485,0.238364,0.568271
2079587394,3,0.180476,-0.76488,0.237413,0.570982
2079587404,3,0.175904,-0.765978,0.23569,0.57165
2079587414,3,0.171114,-0.767496,0.233859,0.57182
2079587424,3,0.166087,-0.769449,0.231958,0.571452
2079587434,3,0.16081,-0.770387,0.230361,0.572342
2079587444,3,0.155345,-0.771792,0.228705,0.572623
2079587454,3,0.149668,-0.773562,0.227052,0.572405
2079587465,3,0.143818,-0.775541,0.225425,0.57187
2079587475,3,0.137801,-0.77761,0.223867,0.571152
2079587485,3,0.131627,-0.77954,0.222427,0.57054
2079587495,3,0.125325,-0.78117,0.221114,0.57024
2079587505,3,0.118871,-0.782439,0.21996,0.570328
2079587515,3,0.112259,-0.783262,0.218968,0.570921
2079587525,3,0.105246,-0.783875,0.218374,0.571642
2079587535,3,0.098086,-0.783937,0.217908,0.573007
2079587545,3,0.090801,-0.783446,0.217543,0.575014
2079587555,3,0.083446,-0.782382,0.217197,0.577702
2079587565,3,0.07606,-0.780754,0.216809,0.58106
2079587575,3,0.068687,-0.778608,0.216334,0.585021
2079587585,3,0.061354,-0.776046,0.215713,0.589453
2079587595,3,0.054075,-0.773146,0.214937,0.594241
2079587606,3,0.0469,-0.769982,0.21397,0.599286
2079587616,3,0.039841,-0.766636,0.21276,0.604494
2079587626,3,0.032978,-0.763155,0.211253,0.609818
2079587636,3,0.026379,-0.759617,0.209373,0.615181
2079587646,3,0.020086,-0.756121,0.207085,0.620477
2079587656,3,0.014156,-0.752772,0.204364,0.625594
2079587666,3,0.008579,-0.749622,0.201255,0.630466
2079587676,3,0.003316,-0.746666,0.197839,0.635088
2079587686,3,-0.001244,-0.74349,0.193864,0.640028
2079587696,3,-0.005513,-0.74052,0.189641,0.644697
2079587706,3,-0.010128,-0.737924,0.185821,0.648718
2079587716,3,-0.014617,-0.735434,0.181983,0.652537
2079587726,3,-0.018991,-0.733072,0.178188,0.656119
2079587737,3,-0.023267,-0.730874,0.174434,0.659434
2079587747,3,-0.027429,-0.728851,0.170738,0.662473
2079587757,3,-0.03146,-0.726981,0.167092,0.665272
2079587767,3,-0.035351,-0.725219,0.163477,0.667893
2079587777,3,-0.039096,-0.723481,0.159876,0.670436
2079587787,3,-0.042675,-0.721667,0.156266,0.673019
2079587797,3,-0.046088,-0.719685,0.15265,0.675741
2079587807,3,-0.049352,-0.71745,0.148997,0.678696
2079587817,3,-0.052448,-0.714882,0.145281,0.681971
2079587827,3,-0.055393,-0.711955,0.14148,0.68559
2079587837,3,-0.057935,-0.70978,0.136996,0.68854
2079587847,3,-0.060343,-0.707247,0.132414,0.691828
2079587857,3,-0.062623,-0.70446,0.127689,0.695348
2079587868,3,-0.064743,-0.701572,0.122745,0.698954
2079587878,3,-0.066677,-0.698633,0.117542,0.702601
2079587888,3,-0.068419,-0.695637,0.112061,0.706293
2079587898,3,-0.06999,-0.692548,0.106358,0.710046
2079587908,3,-0.071434,-0.68927,0.100534,0.713929
2079587918,3,-0.072783,-0.685826,0.094666,0.717901
2079587928,3,-0.074131,-0.68098,0.089148,0.723064
2079587938,3,-0.07537,-0.676062,0.083611,0.728195
2079587948,3,-0.076497,-0.671165,0.078041,0.733208
2079587958,3,-0.07754,-0.666384,0.07248,0.738014
2079587968,3,-0.078496,-0.661813,0.066911,0.742538
2079587978,3,-0.079363,-0.657526,0.061335,0.746724
2079587988,3,-0.080148,-0.653579,0.055742,0.750535
2079587999,3,-0.080861,-0.650024,0.05011,0.753935
2079588009,3,-0.081511,-0.646865,0.044461,0.75693
2079588019,3,-0.082392,-0.645279,0.038863,0.758495
2079588029,3,-0.083238,-0.644154,0.03328,0.759623
2079588039,3,-0.084094,-0.643454,0.027759,0.760344
2079588049,3,-0.084941,-0.643152,0.022301,0.760685
2079588059,3,-0.085813,-0.643219,0.016927,0.760669
2079588069,3,-0.086699,-0.643611,0.011668,0.760336
2079588079,3,-0.087316,-0.643008,0.006475,0.760838
2079588089,3,-0.088023,-0.642711,0.001464,0.761032
2079588099,3,-0.088826,-0.642729,-0.003347,0.760918
2079588109,3,-0.089745,-0.643071,-0.007912,0.760487
2079588119,3,-0.090749,-0.64375,-0.012252,0.759736
2079588129,3,-0.091818,-0.644751,-0.016363,0.758681
2079588140,3,-0.093528,-0.647301,-0.019928,0.756211
2079588150,3,-0.09532,-0.650107,-0.023259,0.753481
2079588160,3,-0.097125,-0.653118,-0.026407,0.750536
2079588170,3,-0.098904,-0.656206,-0.029405,0.747493
2079588180,3,-0.100653,-0.659323,-0.032254,0.744393
2079588190,3,-0.102349,-0.662405,-0.034928,0.741298
2079588200,3,-0.103992,-0.665435,-0.037405,0.738229
2079588210,3,-0.105636,-0.668387,-0.039656,0.735205
2079588220,3,-0.106561,-0.670233,-0.042251,0.733243
2079588230,3,-0.107457,-0.672101,-0.044668,0.731257
2079588240,3,-0.108309,-0.673947,-0.04691,0.729289
2079588250,3,-0.1091,-0.675727,-0.048993,0.727384
2079588260,3,-0.109814,-0.677415,-0.050921,0.725572
2079588271,3,-0.11046,-0.679013,-0.052692,0.723852
2079588281,3,-0.111064,-0.680562,-0.05426,0.722187
2079588291,3,-0.111655,-0.68212,-0.055583,0.720524
2079588301,3,-0.112955,-0.684372,-0.056032,0.718147
2079588311,3,-0.114259,-0.686614,-0.056195,0.715784
2079588321,3,-0.115548,-0.688866,-0.056089,0.713418
2079588331,3,-0.116819,-0.691153,-0.055748,0.711021
2079588341,3,-0.117476,-0.693388,-0.055782,0.708731
2079588351,3,-0.118145,-0.695889,-0.055602,0.706178
2079588361,3,-0.118833,-0.698713,-0.055248,0.703296
2079588371,3,-0.119532,-0.701877,-0.054766,0.700058
2079588381,3,-0.120218,-0.705368,-0.054179,0.696467
2079588391,3,-0.120878,-0.709146,-0.053569,0.692553
2079588402,3,-0.12148,-0.713147,-0.052979,0.688372
2079588412,3,-0.122002,-0.717313,-0.052479,0.683975
2079588422,3,-0.122444,-0.721593,-0.052088,0.679408
2079588432,3,-0.122782,-0.725931,-0.051853,0.674728
2079588442,3,-0.123009,-0.730282,-0.051778,0.669981
2079588452,3,-0.123136,-0.734597,-0.05187,0.665216
2079588462,3,-0.123195,-0.738822,-0.052141,0.660489
2079588472,3,-0.12403,-0.742692,-0.05159,0.65602
2079588482,3,-0.124782,-0.746398,-0.051194,0.651687
2079588492,3,-0.125426,-0.749862,-0.05102,0.647589
2079588502,3,-0.125987,-0.753062,-0.051024,0.643755
2079588512,3,-0.126502,-0.756005,-0.051186,0.640182
2079588522,3,-0.127017,-0.75865,-0.051409,0.636925
2079588533,3,-0.127564,-0.76101,-0.051659,0.633973
2079588543,3,-0.128198,-0.763091,-0.051868,0.631321
2079588553,3,-0.128966,-0.764917,-0.051982,0.628941
2079588563,3,-0.129864,-0.766467,-0.052016,0.626863
2079588573,3,-0.130893,-0.767744,-0.051986,0.625086
2079588583,3,-0.132033,-0.768797,-0.051915,0.623556
2079588593,3,-0.133271,-0.769627,-0.051865,0.622271
2079588603,3,-0.134623,-0.770248,-0.051835,0.621214
2079588613,3,-0.135673,-0.771398,-0.052446,0.619505
2079588623,3,-0.136867,-0.772399,-0.053088,0.617938
2079588633,3,-0.138221,-0.773253,-0.053783,0.616506
2079588643,3,-0.139715,-0.773975,-0.054538,0.615196
2079588653,3,-0.141357,-0.774579,-0.055358,0.613986
2079588663,3,-0.143133,-0.775075,-0.056249,0.612867
2079588674,3,-0.145059,-0.775486,-0.057197,0.611805
2079588684,3,-0.147143,-0.77582,-0.058184,0.610791
2079588694,3,-0.149431,-0.776113,-0.059157,0.609769
2079588704,3,-0.151958,-0.776422,-0.060045,0.608663
2079588714,3,-0.154754,-0.776769,-0.060805,0.607439
2079588724,3,-0.157824,-0.777187,-0.061422,0.606052
2079588734,3,-0.161166,-0.777668,-0.061868,0.604507
2079588744,3,-0.164761,-0.778186,-0.062137,0.602841
2079588754,3,-0.168552,-0.778676,-0.062246,0.601147
2079588764,3,-0.172509,-0.779074,-0.062218,0.599509
2079588774,3,-0.176589,-0.778354,-0.061899,0.59929
2079588784,3,-0.180737,-0.777526,-0.061483,0.59917
2079588794,3,-0.184936,-0.776543,-0.060984,0.599215
2079588805,3,-0.189162,-0.775379,-0.060404,0.599463
2079588815,3,-0.193407,-0.773947,-0.059736,0.600025
2079588825,3,-0.197659,-0.772191,-0.058977,0.600976
2079588835,3,-0.201902,-0.77009,-0.058144,0.602341
2079588845,3,-0.206132,-0.767667,-0.057258,0.604084
2079588855,3,-0.210333,-0.76495,-0.056319,0.606167
2079588865,3,-0.21447,-0.761968,-0.055326,0.60856
2079588875,3,-0.218517,-0.75878,-0.054315,0.611188
2079588885,3,-0.222473,-0.755399,-0.053272,0.614035
2079588895,3,-0.226478,-0.752423,-0.052162,0.616316
2079588905,3,-0.230262,-0.749201,-0.051169,0.618916
2079588915,3,-0.233769,-0.745755,-0.050383,0.621821
2079588925,3,-0.236977,-0.742131,-0.049835,0.624979
2079588936,3,-0.239873,-0.738401,-0.049546,0.628306
2079588946,3,-0.242494,-0.734639,-0.049498,0.631705
2079588956,3,-0.24486,-0.730883,-0.049654,0.635127
2079588966,3,-0.246987,-0.727151,-0.049991,0.638551
2079588976,3,-0.248884,-0.723423,-0.050503,0.642
2079588986,3,-0.250549,-0.719693,-0.0512,0.645479
2079588996,3,-0.251986,-0.715951,-0.052108,0.648999
2079589006,3,-0.253185,-0.71219,-0.053219,0.652571
2079589016,3,-0.254184,-0.708432,-0.054532,0.656155
2079589026,3,-0.255042,-0.704703,-0.055989,0.659705
2079589036,3,-0.255833,-0.701051,-0.057522,0.663149
2079589046,3,-0.255922,-0.697377,-0.059751,0.666781
2079589056,3,-0.25599,-0.693867,-0.061944,0.670208
2079589066,3,-0.256129,-0.690598,-0.063993,0.673332
2079589077,3,-0.257224,-0.687983,-0.065058,0.675485
2079589087,3,-0.258416,-0.685739,-0.066008,0.677218
2079589097,3,-0.25969,-0.68383,-0.066915,0.678571
2079589107,3,-0.260995,-0.682205,-0.067842,0.679613
2079589117,3,-0.262314,-0.680787,-0.068868,0.680424
2079589127,3,-0.263575,-0.679479,-0.070099,0.681118
2079589137,3,-0.264686,-0.67868,-0.071823,0.681303
2079589147,3,-0.265759,-0.677941,-0.073852,0.681405
2079589157,3,-0.266686,-0.677139,-0.076284,0.681571
2079589167,3,-0.267416,-0.676139,-0.079154,0.681952
2079589177,3,-0.267919,-0.674879,-0.082507,0.682605
2079589187,3,-0.26821,-0.673281,-0.086281,0.683601
2079589197,3,-0.26833,-0.671376,-0.090407,0.684893
2079589208,3,-0.268298,-0.669211,-0.094844,0.686423
2079589218,3,-0.268125,-0.666887,-0.099569,0.688081
2079589228,3,-0.267852,-0.664461,-0.104553,0.689792
2079589238,3,-0.267507,-0.66196,-0.109753,0.691521
2079589248,3,-0.267181,-0.659377,-0.115076,0.693247
2079589258,3,-0.26686,-0.656634,-0.120479,0.695055
2079589268,3,-0.266336,-0.652918,-0.125954,0.69778
2079589278,3,-0.26583,-0.649089,-0.131461,0.700524
2079589288,3,-0.265348,-0.645219,-0.136988,0.703218
2079589298,3,-0.264915,-0.641364,-0.14249,0.70581
2079589308,3,-0.264544,-0.637597,-0.147957,0.708233
2079589318,3,-0.264264,-0.633984,-0.153364,0.710427
2079589328,3,-0.264088,-0.630582,-0.158701,0.712345
2079589339,3,-0.264003,-0.627437,-0.163966,0.71396
2079589349,3,-0.264016,-0.624582,-0.169184,0.71524
2079589359,3,-0.26465,-0.622639,-0.17395,0.715556
2079589369,3,-0.265426,-0.621038,-0.178628,0.715508
2079589379,3,-0.266326,-0.619731,-0.183209,0.715147
2079589389,3,-0.267296,-0.61868,-0.187726,0.714524
2079589399,3,-0.268362,-0.61785,-0.192122,0.713674
2079589409,3,-0.269511,-0.617258,-0.196389,0.712591
2079589419,3,-0.270723,-0.616921,-0.200517,0.711272
2079589429,3,-0.271471,-0.616387,-0.204908,0.710198
2079589439,3,-0.272366,-0.616212,-0.209052,0.708798
2079589449,3,-0.273389,-0.616403,-0.212936,0.70708
2079589459,3,-0.27517,-0.617336,-0.216036,0.70463
2079589470,3,-0.27708,-0.618608,-0.21884,0.701896
2079589480,3,-0.279087,-0.620208,-0.221361,0.698892
2079589490,3,-0.281197,-0.622102,-0.223583,0.695648
2079589500,3,-0.283364,-0.624214,-0.225522,0.692242
2079589510,3,-0.28552,-0.626508,-0.227212,0.688723
2079589520,3,-0.287615,-0.628894,-0.228696,0.685176
2079589530,3,-0.289632,-0.631341,-0.229952,0.681647
2079589540,3,-0.291567,-0.633792,-0.230974,0.678193
2079589550,3,-0.29344,-0.636238,-0.231705,0.674837
2079589560,3,-0.295281,-0.63865,-0.232156,0.671593
2079589570,3,-0.297068,-0.641004,-0.232316,0.6685
2079589580,3,-0.297912,-0.643073,-0.233039,0.66588
2079589590,3,-0.298646,-0.645117,-0.233566,0.663385
2079589600,3,-0.299255,-0.647122,-0.233908,0.661033
2079589611,3,-0.299772,-0.649073,-0.234053,0.658831
2079589621,3,-0.300202,-0.650962,-0.233978,0.656795
2079589631,3,-0.300603,-0.652774,-0.233644,0.65493
2079589641,3,-0.301011,-0.654537,-0.23302,0.653202
2079589651,3,-0.301976,-0.6562,-0.231534,0.651615
2079589661,3,-0.302909,-0.657813,-0.229822,0.65016
2079589671,3,-0.303882,-0.659387,-0.227825,0.648813
2079589681,3,-0.304905,-0.661008,-0.225559,0.647473
2079589691,3,-0.305944,-0.663366,-0.223142,0.645406
2079589701,3,-0.30719,-0.666029,-0.220359,0.643024
2079589711,3,-0.308665,-0.66904,-0.217192,0.640264
2079589721,3,-0.310361,-0.672423,-0.213672,0.637076
2079589731,3,-0.312248,-0.676167,-0.209839,0.633455
2079589742,3,-0.314275,-0.680216,-0.205749,0.629446
2079589752,3,-0.316338,-0.684489,-0.201537,0.625129
2079589762,3,-0.318344,-0.688876,-0.197315,0.620623
2079589772,3,-0.320174,-0.693288,-0.193208,0.616043
2079589782,3,-0.321759,-0.697635,-0.189346,0.611493
2079589792,3,-0.323667,-0.701288,-0.184977,0.607632
2079589802,3,-0.325232,-0.704767,-0.180988,0.603961
2079589812,3,-0.326375,-0.708015,-0.177458,0.600584
2079589822,3,-0.327089,-0.711006,-0.174398,0.597551
2079589832,3,-0.327334,-0.713697,-0.17185,0.594941
2079589842,3,-0.327133,-0.71608,-0.169769,0.592782
2079589852,3,-0.326554,-0.718135,-0.168079,0.591093
2079589862,3,-0.325639,-0.719888,-0.166706,0.589854
2079589873,3,-0.324436,-0.721382,-0.165613,0.589
2079589883,3,-0.323018,-0.722627,-0.164739,0.588497
2079589893,3,-0.321447,-0.723674,-0.163997,0.588278
2079589903,3,-0.31983,-0.724521,-0.163307,0.588308
2079589913,3,-0.318216,-0.725243,-0.162617,0.588485
2079589923,3,-0.317005,-0.726894,-0.161632,0.587372
2079589933,3,-0.31593,-0.728462,-0.160526,0.586312
2079589943,3,-0.314985,-0.729956,-0.159296,0.585296
2079589953,3,-0.314154,-0.731364,-0.157977,0.584342
2079589963,3,-0.313446,-0.732683,-0.156565,0.583449
2079589973,3,-0.312844,-0.733921,-0.155069,0.582615
2079589983,3,-0.31238,-0.735097,-0.153481,0.581801
2079589993,3,-0.312066,-0.736224,-0.151787,0.580988
2079590003,3,-0.311924,-0.737308,-0.149979,0.58016
2079590014,3,-0.311977,-0.73835,-0.148053,0.5793
2079590024,3,-0.312226,-0.739357,-0.14598,0.578406
2079590034,3,-0.312694,-0.740313,-0.14378,0.577481
2079590044,3,-0.313372,-0.741202,-0.141456,0.576547
2079590054,3,-0.314263,-0.741994,-0.139008,0.575637
2079590064,3,-0.315331,-0.742644,-0.136487,0.574819
2079590074,3,-0.316568,-0.743094,-0.133903,0.574164
2079590084,3,-0.317987,-0.74329,-0.131272,0.573733
2079590094,3,-0.319585,-0.743192,-0.12861,0.573575
2079590104,3,-0.321365,-0.742774,-0.125925,0.573718
2079590114,3,-0.322585,-0.741311,-0.124067,0.575329
2079590124,3,-0.323963,-0.739515,-0.122252,0.577251
2079590134,3,-0.325526,-0.737427,-0.120463,0.579414
2079590145,3,-0.327292,-0.735056,-0.118682,0.581795
2079590155,3,-0.329213,-0.732448,-0.116966,0.584342
2079590165,3,-0.331333,-0.729628,-0.115267,0.587003
2079590175,3,-0.33364,-0.726574,-0.113613,0.589801
2079590185,3,-0.336037,-0.72321,-0.112098,0.592857
2079590195,3,-0.339,-0.719758,-0.110211,0.595718
2079590205,3,-0.341888,-0.715848,-0.108679,0.59905
2079590215,3,-0.344684,-0.711516,-0.107507,0.602809
2079590225,3,-0.347396,-0.706792,-0.106672,0.606944
2079590235,3,-0.350048,-0.701723,-0.106156,0.611375
2079590245,3,-0.352636,-0.696374,-0.105932,0.616026
2079590255,3,-0.355168,-0.690805,-0.105979,0.620815
2079590265,3,-0.357642,-0.685068,-0.106293,0.625679
2079590276,3,-0.360046,-0.679231,-0.106847,0.630551
2079590286,3,-0.362411,-0.673371,-0.107629,0.63533
2079590296,3,-0.364701,-0.667585,-0.108648,0.639935
2079590306,3,-0.366922,-0.661967,-0.109882,0.644277
2079590316,3,-0.369085,-0.656622,-0.111314,0.648252
2079590326,3,-0.371223,-0.651628,-0.112908,0.651785
2079590336,3,-0.372281,-0.646862,-0.115676,0.655434
2079590346,3,-0.373302,-0.642569,-0.118544,0.658556
2079590356,3,-0.374377,-0.638791,-0.1214,0.661096
2079590366,3,-0.37549,-0.635612,-0.124242,0.662999
2079590376,3,-0.37787,-0.63333,-0.125892,0.663519
2079590386,3,-0.38029,-0.631644,-0.127513,0.663434
2079590396,3,-0.382713,-0.630478,-0.12913,0.662837
2079590407,3,-0.38425,-0.629813,-0.131699,0.662073
2079590417,3,-0.38584,-0.629674,-0.134327,0.660752
2079590427,3,-0.387387,-0.629871,-0.137119,0.659084
2079590437,3,-0.388764,-0.630247,-0.140231,0.657255
2079590447,3,-0.389891,-0.630595,-0.143738,0.655495
2079590457,3,-0.390706,-0.630816,-0.147702,0.653913
2079590467,3,-0.391144,-0.63074,-0.152175,0.652698
2079590477,3,-0.391144,-0.63028,-0.1572,0.651951
2079590487,3,-0.390677,-0.629371,-0.162761,0.651744
2079590497,3,-0.38976,-0.62803,-0.168789,0.652053
2079590507,3,-0.388399,-0.62626,-0.175252,0.652862
2079590517,3,-0.386569,-0.624121,-0.182112,0.654119
2079590527,3,-0.384349,-0.621756,-0.189279,0.655642
2079590537,3,-0.381786,-0.619291,-0.196683,0.657291
2079590548,3,-0.378922,-0.61685,-0.20426,0.658931
2079590558,3,-0.375845,-0.6145,-0.211929,0.660465
2079590568,3,-0.372599,-0.612301,-0.219618,0.661833
2079590578,3,-0.369193,-0.610262,-0.227315,0.663025
2079590588,3,-0.365623,-0.608361,-0.234991,0.664074
2079590598,3,-0.361928,-0.606579,-0.242589,0.664995
2079590608,3,-0.358156,-0.604941,-0.250058,0.665762
2079590618,3,-0.354359,-0.603415,-0.257352,0.6664
2079590628,3,-0.350545,-0.602036,-0.264456,0.666882
2079590638,3,-0.346785,-0.600883,-0.271307,0.667136
2079590648,3,-0.343134,-0.599983,-0.277857,0.667137
2079590658,3,-0.339689,-0.599354,-0.284051,0.666858
2079590668,3,-0.336442,-0.599026,-0.289886,0.666287
2079590679,3,-0.333459,-0.599005,-0.29534,0.665411
2079590689,3,-0.33076,-0.59929,-0.300377,0.664245
2079590699,3,-0.328356,-0.599873,-0.305008,0.662799
2079590709,3,-0.326265,-0.600741,-0.309233,0.661086
2079590719,3,-0.324516,-0.60188,-0.313012,0.659129
2079590729,3,-0.323097,-0.60333,-0.316399,0.65688
2079590739,3,-0.322064,-0.6051,-0.319313,0.654345
2079590749,3,-0.32138,-0.607151,-0.321789,0.651562
2079590759,3,-0.321032,-0.609486,-0.323841,0.64853
2079590769,3,-0.320946,-0.61205,-0.325525,0.645306
2079590779,3,-0.321051,-0.614768,-0.326901,0.641966
2079590789,3,-0.321336,-0.617591,-0.327953,0.638569
2079590799,3,-0.321748,-0.620483,-0.328705,0.635162
2079590810,3,-0.322301,-0.623429,-0.329147,0.631759
2079590820,3,-0.322998,-0.62641,-0.329282,0.628375
2079590830,3,-0.323808,-0.629387,-0.329118,0.62506
2079590840,3,-0.324706,-0.632374,-0.328665,0.621809
2079590850,3,-0.324547,-0.635598,-0.329081,0.618376
2079590860,3,-0.324546,-0.638793,-0.329144,0.615042
2079590870,3,-0.324697,-0.641934,-0.328868,0.611831
2079590880,3,-0.325014,-0.645007,-0.32821,0.608776
2079590890,3,-0.325515,-0.647993,-0.327183,0.605883
2079590900,3,-0.326208,-0.650875,-0.325782,0.60317
2079590910,3,-0.327123,-0.653618,-0.32401,0.600659
2079590920,3,-0.328265,-0.656234,-0.321868,0.598329
2079590930,3,-0.329665,-0.65871,-0.319364,0.596178
2079590940,3,-0.331309,-0.661044,-0.31651,0.594201
2079590951,3,-0.333232,-0.663207,-0.313318,0.592405
2079590961,3,-0.335432,-0.665188,-0.309808,0.590786
2079590971,3,-0.337884,-0.666957,-0.306032,0.58936
2079590981,3,-0.34059,-0.668472,-0.302027,0.588151
2079590991,3,-0.343509,-0.669676,-0.297853,0.587211
2079591001,3,-0.347147,-0.670332,-0.29295,0.586789
2079591011,3,-0.350943,-0.670625,-0.287997,0.586649
2079591021,3,-0.35486,-0.67049,-0.28307,0.586845
2079591031,3,-0.358859,-0.669881,-0.278249,0.587413
2079591041,3,-0.362887,-0.668852,-0.273617,0.588287
2079591051,3,-0.366913,-0.667448,-0.269274,0.589387
2079591061,3,-0.370943,-0.665747,-0.26523,0.590621
2079591071,3,-0.374963,-0.663869,-0.261538,0.591841
2079591082,3,-0.378964,-0.661847,-0.258228,0.593011
2079591092,3,-0.382918,-0.659777,-0.255339,0.594027
2079591102,3,-0.386871,-0.6577,-0.252842,0.594837
2079591112,3,-0.390867,-0.655681,-0.250673,0.595371
2079591122,3,-0.394923,-0.653742,-0.248802,0.595611
2079591132,3,-0.39904,-0.651883,-0.247189,0.595577
2079591142,3,-0.403189,-0.650147,-0.245871,0.595225
2079591152,3,-0.407403,-0.64851,-0.244741,0.594607
2079591162,3,-0.411695,-0.646985,-0.243763,0.593714
2079591172,3,-0.416081,-0.645577,-0.242839,0.592566
2079591182,3,-0.420587,-0.644238,-0.241923,0.591216
2079591192,3,-0.425184,-0.642971,-0.240992,0.589684
2079591202,3,-0.42985,-0.641744,-0.240025,0.588031
2079591213,3,-0.434591,-0.640546,-0.238989,0.586271
2079591223,3,-0.439359,-0.639361,-0.237929,0.58444
2079591233,3,-0.444102,-0.638119,-0.236863,0.582642
2079591243,3,-0.448788,-0.636801,-0.235824,0.580912
2079591253,3,-0.453342,-0.635382,-0.234869,0.579314
2079591263,3,-0.457735,-0.633793,-0.234034,0.577936
2079591273,3,-0.46195,-0.632025,-0.233315,0.576809
2079591283,3,-0.465911,-0.630046,-0.23277,0.576008
2079591293,3,-0.469554,-0.627814,-0.232468,0.57561
2079591303,3,-0.472894,-0.625374,-0.232374,0.575568
2079591313,3,-0.475941,-0.622712,-0.232453,0.575911
2079591323,3,-0.478639,-0.619846,-0.232728,0.576655
2079591333,3,-0.480913,-0.616833,-0.233252,0.577782
2079591344,3,-0.482717,-0.613723,-0.234065,0.579258
2079591354,3,-0.484049,-0.610549,-0.235124,0.581068
2079591364,3,-0.484923,-0.607375,-0.236412,0.583141
2079591374,3,-0.485403,-0.604236,-0.237824,0.585423
2079591384,3,-0.485499,-0.601177,-0.239349,0.587866
2079591394,3,-0.485276,-0.598186,-0.240898,0.590463
2079591404,3,-0.484779,-0.595334,-0.242392,0.593137
2079591414,3,-0.484059,-0.592682,-0.24379,0.595801
2079591424,3,-0.483123,-0.590301,-0.24508,0.598389
2079591434,3,-0.482003,-0.588268,-0.246245,0.600812
2079591444,3,-0.480703,-0.586607,-0.247299,0.603041
2079591454,3,-0.47922,-0.585367,-0.248277,0.605021
2079591464,3,-0.477528,-0.584514,-0.249228,0.60679
2079591474,3,-0.475621,-0.584045,-0.250179,0.608346
2079591485,3,-0.473497,-0.583876,-0.25116,0.609759
2079591495,3,-0.471197,-0.583997,-0.252138,0.61102
2079591505,3,-0.46864,-0.584376,-0.253226,0.612173
2079591515,3,-0.465824,-0.584951,-0.254457,0.613261
2079591525,3,-0.46279,-0.585638,-0.255771,0.614356
2079591535,3,-0.459514,-0.586353,-0.257176,0.615546
2079591545,3,-0.45598,-0.587085,-0.258707,0.616832
2079591555,3,-0.452177,-0.587796,-0.26038,0.618249
2079591565,3,-0.448151,-0.588491,-0.262151,0.619769
2079591575,3,-0.443917,-0.589184,-0.264022,0.621362
2079591585,3,-0.439509,-0.589822,-0.265962,0.62306
2079591595,3,-0.43499,-0.590455,-0.267914,0.624794
2079591605,3,-0.430431,-0.591085,-0.26982,0.626533
2079591616,3,-0.425879,-0.591725,-0.271658,0.628242
2079591626,3,-0.421414,-0.592387,-0.273377,0.629882
2079591636,3,-0.417037,-0.593089,-0.274985,0.631433
2079591646,3,-0.412825,-0.593832,-0.276454,0.632859
2079591656,3,-0.408795,-0.594636,-0.277777,0.63414
2079591666,3,-0.40495,-0.595494,-0.278971,0.635277
2079591676,3,-0.401287,-0.596386,-0.28006,0.636284
2079591686,3,-0.397791,-0.597323,-0.281086,0.637146
2079591696,3,-0.394489,-0.598298,-0.282032,0.637867
2079591706,3,-0.391432,-0.599345,-0.282872,0.638395
2079591716,3,-0.388622,-0.600449,-0.283628,0.638739
2079591726,3,-0.386088,-0.601616,-0.284283,0.638886
2079591736,3,-0.383835,-0.602839,-0.28487,0.638829
2079591747,3,-0.381862,-0.604111,-0.2854,0.638574
2079591757,3,-0.380134,-0.605424,-0.2859,0.638138
2079591767,3,-0.37866,-0.606745,-0.286408,0.637531
2079591777,3,-0.377425,-0.60809,-0.286918,0.636752
2079591787,3,-0.376439,-0.609395,-0.287433,0.635855
2079591797,3,-0.375742,-0.610669,-0.287935,0.634817
2079591807,3,-0.375316,-0.611872,-0.288431,0.633685
2079591817,3,-0.375151,-0.612998,-0.288901,0.632479
2079591827,3,-0.375258,-0.614014,-0.289352,0.631223
2079591837,3,-0.375624,-0.614897,-0.289788,0.629944
2079591847,3,-0.376251,-0.615643,-0.290205,0.628648
2079591857,3,-0.377095,-0.616247,-0.290651,0.627342
2079591867,3,-0.378141,-0.616721,-0.291138,0.62602
2079591878,3,-0.379389,-0.617041,-0.291658,0.624707
2079591888,3,-0.380819,-0.617212,-0.292246,0.623391
2079591898,3,-0.382399,-0.617224,-0.292886,0.62211
2079591908,3,-0.384122,-0.617088,-0.293578,0.620856
2079591918,3,-0.385963,-0.616806,-0.294356,0.619625
2079591928,3,-0.387905,-0.616414,-0.295223,0.61839
2079591938,3,-0.38993,-0.61593,-0.296166,0.617145
2079591948,3,-0.392036,-0.615394,-0.297176,0.615859
2079591958,3,-0.394222,-0.614795,-0.298244,0.614545
2079591968,3,-0.396483,-0.614155,-0.299364,0.613184
2079591978,3,-0.398831,-0.613521,-0.300511,0.611733
2079591988,3,-0.401233,-0.612877,-0.301683,0.610229
2079591998,3,-0.403669,-0.61223,-0.302905,0.608664
2079592008,3,-0.406114,-0.611611,-0.304161,0.607032
2079592019,3,-0.408552,-0.611017,-0.305447,0.605346
2079592029,3,-0.411008,-0.610454,-0.306728,0.603601
2079592039,3,-0.413544,-0.60996,-0.307906,0.601766
2079592049,3,-0.416112,-0.609545,-0.309034,0.599835
2079592059,3,-0.418711,-0.609187,-0.310102,0.597836
2079592069,3,-0.421309,-0.608881,-0.311131,0.595784
2079592079,3,-0.423852,-0.608612,-0.312152,0.593718
2079592089,3,-0.42633,-0.608357,-0.313155,0.591673
2079592099,3,-0.428758,-0.608064,-0.31411,0.589709
2079592109,3,-0.431149,-0.607755,-0.314977,0.58782
2079592119,3,-0.433484,-0.607383,-0.315733,0.586079
2079592129,3,-0.435737,-0.606949,-0.31638,0.584507
2079592139,3,-0.437912,-0.606443,-0.316916,0.583115
2079592150,3,-0.439987,-0.605857,-0.317326,0.581937
2079592160,3,-0.441987,-0.605181,-0.317573,0.58099
2079592170,3,-0.443889,-0.604426,-0.317694,0.580259
2079592180,3,-0.445675,-0.603619,-0.317694,0.57973
2079592190,3,-0.447362,-0.602744,-0.317568,0.57941
2079592200,3,-0.448943,-0.601834,-0.317342,0.579257
2079592210,3,-0.450382,-0.600895,-0.31704,0.579279
2079592220,3,-0.451711,-0.599951,-0.316656,0.579434
2079592230,3,-0.452904,-0.599013,-0.316218,0.579711
2079592240,3,-0.453932,-0.598063,-0.315752,0.580142
2079592250,3,-0.454798,-0.597102,-0.315273,0.580714
2079592260,3,-0.455483,-0.596141,-0.314809,0.581415
2079592270,3,-0.455986,-0.595188,-0.314386,0.582226
2079592281,3,-0.456301,-0.594258,-0.314017,0.583128
2079592291,3,-0.456467,-0.593341,-0.313658,0.584124
2079592301,3,-0.456512,-0.59247,-0.313295,0.585168
2079592311,3,-0.456485,-0.591689,-0.312904,0.586187
2079592321,3,-0.456392,-0.591022,-0.312475,0.58716
2079592331,3,-0.456271,-0.590465,-0.311976,0.588079
2079592341,3,-0.45612,-0.589972,-0.311445,0.588971
2079592351,3,-0.45594,-0.589574,-0.310873,0.589811
2079592361,3,-0.455753,-0.589202,-0.310239,0.590661
2079592371,3,-0.455528,-0.58886,-0.309605,0.591507
2079592381,3,-0.455289,-0.58853,-0.308947,0.592363
2079592391,3,-0.454975,-0.588215,-0.308321,0.593243
2079592401,3,-0.454613,-0.587882,-0.307732,0.594156
2079592411,3,-0.454183,-0.587528,-0.307182,0.595118
2079592422,3,-0.453686,-0.58711,-0.306685,0.596165
2079592432,3,-0.453164,-0.586629,-0.306219,0.597275
2079592442,3,-0.452586,-0.586091,-0.305809,0.59845
2079592452,3,-0.451983,-0.585496,-0.305435,0.599678
2079592462,3,-0.451363,-0.584848,-0.305108,0.600942
2079592472,3,-0.450726,-0.584182,-0.304838,0.602204
2079592482,3,-0.450057,-0.583465,-0.304643,0.603496
2079592492,3,-0.449404,-0.582748,-0.304488,0.604752
2079592502,3,-0.448731,-0.581995,-0.304418,0.606012
2079592512,3,-0.448051,-0.581262,-0.304425,0.607214
2079592522,3,-0.447371,-0.580536,-0.304503,0.608369
2079592532,3,-0.446697,-0.57982,-0.304647,0.609475
2079592542,3,-0.446015,-0.57912,-0.304868,0.610528
2079592553,3,-0.445327,-0.578418,-0.305147,0.611555
2079592563,3,-0.444655,-0.577783,-0.305458,0.612489
2079592573,3,-0.444049,-0.577245,-0.305748,0.61329
2079592583,3,-0.443551,-0.576821,-0.305989,0.613929
2079592593,3,-0.443162,-0.576539,-0.306164,0.614387
2079592603,3,-0.44291,-0.576382,-0.30629,0.614654
2079592613,3,-0.442755,-0.576347,-0.30639,0.614749
2079592623,3,-0.442658,-0.576395,-0.306493,0.614722
2079592633,3,-0.442562,-0.576478,-0.306665,0.614627
2079592643,3,-0.44243,-0.576591,-0.306943,0.614478
2079592653,3,-0.442258,-0.576689,-0.307292,0.614335
2079592663,3,-0.442046,-0.576754,-0.307726,0.614209
2079592673,3,-0.44184,-0.576786,-0.308189,0.614095
2079592684,3,-0.441674,-0.576832,-0.308646,0.613943
2079592694,3,-0.441544,-0.576911,-0.309098,0.613734
2079592704,3,-0.441474,-0.577062,-0.309521,0.613429
2079592714,3,-0.441464,-0.577291,-0.309911,0.613024
2079592724,3,-0.441544,-0.577576,-0.310268,0.612517
2079592734,3,-0.441633,-0.57793,-0.310645,0.611927
2079592744,3,-0.441733,-0.578292,-0.311044,0.61131
2079592754,3,-0.441796,-0.578649,-0.311492,0.610699
2079592764,3,-0.441819,-0.578992,-0.311996,0.6101
2079592774,3,-0.441791,-0.579315,-0.312546,0.609531
2079592784,3,-0.441744,-0.579616,-0.313106,0.608991
2079592794,3,-0.441687,-0.579917,-0.313661,0.608461
2079592804,3,-0.441633,-0.580257,-0.314211,0.607891
2079592815,3,-0.44163,-0.580629,-0.314696,0.607287
2079592825,3,-0.441676,-0.58106,-0.315101,0.606631
2079592835,3,-0.441816,-0.581549,-0.315404,0.605902
2079592845,3,-0.442012,-0.582085,-0.31562,0.605132
2079592855,3,-0.442255,-0.582654,-0.315773,0.604326
2079592865,3,-0.4425,-0.583245,-0.3159,0.60351
2079592875,3,-0.442712,-0.583841,-0.316031,0.602709
2079592885,3,-0.44291,-0.584458,-0.316138,0.601908
2079592895,3,-0.443077,-0.585074,-0.316248,0.601129
2079592905,3,-0.443216,-0.585692,-0.316355,0.600368
2079592915,3,-0.443299,-0.586283,-0.316486,0.599661
2079592925,3,-0.443356,-0.586843,-0.316587,0.599018
2079592935,3,-0.443393,-0.587411,-0.316664,0.598392
2079592945,3,-0.443455,-0.587987,-0.316666,0.597779
2079592956,3,-0.443592,-0.588579,-0.316553,0.597155
2079592966,3,-0.443774,-0.5892,-0.316352,0.596513
2079592976,3,-0.443978,-0.589809,-0.316105,0.59589
2079592986,3,-0.444171,-0.590414,-0.315833,0.595291
2079592996,3,-0.444341,-0.591015,-0.315563,0.594711
2079593006,3,-0.444482,-0.591584,-0.315299,0.59418
2079593016,3,-0.444555,-0.592108,-0.315078,0.593719
2079593026,3,-0.444609,-0.592609,-0.314879,0.593285
2079593036,3,-0.444597,-0.593068,-0.314729,0.592914
2079593046,3,-0.444558,-0.593508,-0.314601,0.592572
2079593056,3,-0.444506,-0.593958,-0.314478,0.592225
2079593066,3,-0.444444,-0.594403,-0.314359,0.591888
2079593076,3,-0.444395,-0.594849,-0.314208,0.591556
2079593087,3,-0.444373,-0.595286,-0.31402,0.591233
2079593097,3,-0.444346,-0.595692,-0.313831,0.590945
2079593107,3,-0.444302,-0.596061,-0.313637,0.590708
2079593117,3,-0.44423,-0.596397,-0.313458,0.590519
2079593127,3,-0.444131,-0.596705,-0.313288,0.590372
2079593137,3,-0.443973,-0.596975,-0.313174,0.590278
2079593147,3,-0.44377,-0.597184,-0.313119,0.590248
2079593157,3,-0.443473,-0.597361,-0.313149,0.590277
2079593167,3,-0.443075,-0.59746,-0.313268,0.590412
2079593177,3,-0.442577,-0.597508,-0.313494,0.590618
2079593187,3,-0.441996,-0.597503,-0.313787,0.590902
2079593197,3,-0.441366,-0.597483,-0.314119,0.591217
2079593207,3,-0.440726,-0.597451,-0.314471,0.591539
2079593218,3,-0.440106,-0.597422,-0.314794,0.591859
2079593228,3,-0.43951,-0.597442,-0.315076,0.592131
2079593238,3,-0.43893,-0.59749,-0.315334,0.592376
2079593248,3,-0.438385,-0.597544,-0.315528,0.592621
2079593258,3,-0.437869,-0.597597,-0.315674,0.592871
2079593268,3,-0.437362,-0.597611,-0.315781,0.593175
2079593278,3,-0.436853,-0.597568,-0.315868,0.593546
2079593288,3,-0.436304,-0.597465,-0.315983,0.593993
2079593298,3,-0.435686,-0.597309,-0.316148,0.594515
2079593308,3,-0.435043,-0.597107,-0.316299,0.595109
2079593318,3,-0.434387,-0.596856,-0.316444,0.595761
2079593328,3,-0.433758,-0.596593,-0.316519,0.596443
2079593338,3,-0.433206,-0.596321,-0.316487,0.597134
2079593348,3,-0.43275,-0.596065,-0.316327,0.597803
2079593359,3,-0.432385,-0.595832,-0.316038,0.598452
2079593369,3,-0.432104,-0.595637,-0.315646,0.599057
2079593379,3,-0.431859,-0.595478,-0.315195,0.599627
2079593389,3,-0.43164,-0.595353,-0.314697,0.600171
2079593399,3,-0.431414,-0.595235,-0.314198,0.600712
2079593409,3,-0.431148,-0.595105,-0.313719,0.601282
2079593419,3,-0.430828,-0.594943,-0.313264,0.601908
2079593429,3,-0.430471,-0.594743,-0.312824,0.60259
2079593439,3,-0.4301,-0.594529,-0.312379,0.603297
2079593449,3,-0.429703,-0.594286,-0.311928,0.604052
2079593459,3,-0.429325,-0.594017,-0.311437,0.604839
2079593469,3,-0.428978,-0.593756,-0.310906,0.605613
2079593479,3,-0.428659,-0.593491,-0.310319,0.606399
2079593490,3,-0.428357,-0.593239,-0.30971,0.60717
2079593500,3,-0.428041,-0.592986,-0.309098,0.607951
2079593510,3,-0.427713,-0.592738,-0.308478,0.608739
2079593520,3,-0.42735,-0.592504,-0.307896,0.609516
2079593530,3,-0.426955,-0.592247,-0.30734,0.610323
2079593540,3,-0.426512,-0.592001,-0.306814,0.611135
2079593550,3,-0.426029,-0.591771,-0.30631,0.611947
2079593560,3,-0.42555,-0.59158,-0.305783,0.612728
2079593570,3,-0.425088,-0.591417,-0.305214,0.613489
2079593580,3,-0.424665,-0.591317,-0.304601,0.614182
2079593590,3,-0.424284,-0.591265,-0.303925,0.614831
2079593600,3,-0.423951,-0.59126,-0.303193,0.615426
2079593610,3,-0.423642,-0.591342,-0.302417,0.615942
2079593621,3,-0.423358,-0.591481,-0.301605,0.616402
2079593631,3,-0.42309,-0.591692,-0.300744,0.616804
2079593641,3,-0.422825,-0.591952,-0.299853,0.61717
2079593651,3,-0.42258,-0.592276,-0.298896,0.61749
2079593661,3,-0.42236,-0.592678,-0.297869,0.617752
2079593671,3,-0.422174,-0.593161,-0.296755,0.617952
2079593681,3,-0.422009,-0.593719,-0.295556,0.618102
2079593691,3,-0.421852,-0.594354,-0.294288,0.618205
2079593701,3,-0.421697,-0.595072,-0.292963,0.618249
2079593711,3,-0.421514,-0.595874,-0.29161,0.61824
2079593721,3,-0.421312,-0.596753,-0.290218,0.618186
2079593731,3,-0.421062,-0.597694,-0.288833,0.618096
2079593741,3,-0.42073,-0.598659,-0.287474,0.618021
2079593752,3,-0.420325,-0.599628,-0.286137,0.617978
2079593762,3,-0.419851,-0.600585,-0.284799,0.617989
2079593772,3,-0.419292,-0.60153,-0.283489,0.618052
2079593782,3,-0.418641,-0.602452,-0.28221,0.61818
2079593792,3,-0.417953,-0.603341,-0.280921,0.618366
2079593802,3,-0.417204,-0.604224,-0.279636,0.618592
2079593812,3,-0.416418,-0.605097,-0.278347,0.61885
2079593822,3,-0.415616,-0.605964,-0.277012,0.619139
2079593832,3,-0.414793,-0.606821,-0.275664,0.619453
2079593842,3,-0.413966,-0.607676,-0.274276,0.619784
2079593852,3,-0.413143,-0.608567,-0.272848,0.62009
2079593862,3,-0.412372,-0.609495,-0.271345,0.620351
2079593872,3,-0.411607,-0.610485,-0.269799,0.62056
2079593882,3,-0.410866,-0.611541,-0.26821,0.6207
2079593893,3,-0.410154,-0.612722,-0.266582,0.620707
2079593903,3,-0.409449,-0.613984,-0.264962,0.620619
2079593913,3,-0.408749,-0.615307,-0.26335,0.620456
2079593923,3,-0.40804,-0.61668,-0.261746,0.620239
2079593933,3,-0.407296,-0.6181,-0.260206,0.619963
2079593943,3,-0.406515,-0.619535,-0.258746,0.619653
2079593953,3,-0.405686,-0.620956,-0.257365,0.61935
2079593963,3,-0.404771,-0.622356,-0.256116,0.619061
2079593973,3,-0.403766,-0.623695,-0.254997,0.618831
2079593983,3,-0.402703,-0.624946,-0.253989,0.618676
2079593993,3,-0.401562,-0.626121,-0.25309,0.618598
2079594003,3,-0.400394,-0.627218,-0.25226,0.618583
2079594013,3,-0.39923,-0.628257,-0.251465,0.618605
2079594024,3,-0.398083,-0.629266,-0.250694,0.618631
2079594034,3,-0.396947,-0.630221,-0.249948,0.618691
2079594044,3,-0.395824,-0.631157,-0.249236,0.618743
2079594054,3,-0.394705,-0.632042,-0.248578,0.618819
2079594064,3,-0.393614,-0.632866,-0.247945,0.618926
2079594074,3,-0.392492,-0.633629,-0.247394,0.619079
2079594084,3,-0.391359,-0.634313,-0.246924,0.619283
2079594094,3,-0.390209,-0.634893,-0.246515,0.619577
2079594104,3,-0.389063,-0.635392,-0.246173,0.619923
2079594114,3,-0.387962,-0.635829,-0.245851,0.620293
2079594124,3,-0.386891,-0.636215,-0.245574,0.620674
2079594134,3,-0.38588,-0.636536,-0.245319,0.621076
2079594144,3,-0.384914,-0.636798,-0.245124,0.621484
2079594155,3,-0.384032,-0.637015,-0.244955,0.621874
2079594165,3,-0.38321,-0.63718,-0.24484,0.622257
2079594175,3,-0.382466,-0.637301,-0.244778,0.622615
2079594185,3,-0.38178,-0.637377,-0.244784,0.622956
2079594195,3,-0.381137,-0.637378,-0.244881,0.62331
2079594205,3,-0.380542,-0.63732,-0.245088,0.623651
2079594215,3,-0.379987,-0.637175,-0.24541,0.624011
2079594225,3,-0.379484,-0.636952,-0.245844,0.624374
2079594235,3,-0.379031,-0.636649,-0.246399,0.624739
2079594245,3,-0.378652,-0.636253,-0.247025,0.625125
2079594255,3,-0.378346,-0.635754,-0.247745,0.625533
2079594265,3,-0.37815,-0.635168,-0.248498,0.625948
2079594275,3,-0.378023,-0.634527,-0.249337,0.626342
2079594285,3,-0.378014,-0.633818,-0.250212,0.626716
2079594296,3,-0.378123,-0.633073,-0.251105,0.627046
2079594306,3,-0.378336,-0.63231,-0.252033,0.627315
2079594316,3,-0.378651,-0.631522,-0.253001,0.627528
2079594326,3,-0.379048,-0.630706,-0.254015,0.6277
2079594336,3,-0.37952,-0.629862,-0.25506,0.627838
2079594346,3,-0.380059,-0.629001,-0.256143,0.627935
2079594356,3,-0.380673,-0.6281,-0.257243,0.628015
2079594366,3,-0.381347,-0.627201,-0.258358,0.628047
2079594376,3,-0.382085,-0.626307,-0.259477,0.628029
2079594386,3,-0.382877,-0.625431,-0.260603,0.627953
2079594396,3,-0.383733,-0.624572,-0.261732,0.627816
2079594406,3,-0.384638,-0.623707,-0.262848,0.627655
2079594416,3,-0.385583,-0.622887,-0.263986,0.627413
2079594427,3,-0.386532,-0.622032,-0.265142,0.62719
2079594437,3,-0.387524,-0.621166,-0.266261,0.626961
2079594447,3,-0.388551,-0.620299,-0.267355,0.626719
2079594457,3,-0.389604,-0.619444,-0.268452,0.626442
2079594467,3,-0.390646,-0.618582,-0.269547,0.626174
2079594477,3,-0.391695,-0.6177,-0.270638,0.625919
2079594487,3,-0.392762,-0.616807,-0.271694,0.625674
2079594497,3,-0.393802,-0.615877,-0.272772,0.625467
2079594507,3,-0.394821,-0.614953,-0.27387,0.625254
2079594517,3,-0.395819,-0.61404,-0.274961,0.625041
2079594527,3,-0.396799,-0.613147,-0.276051,0.624815
2079594537,3,-0.397755,-0.612275,-0.277141,0.624581
2079594547,3,-0.398727,-0.611443,-0.278174,0.624317
2079594558,3,-0.399696,-0.61068,-0.279174,0.623998
2079594568,3,-0.400672,-0.609989,-0.280114,0.623626
2079594578,3,-0.401653,-0.609365,-0.281017,0.623198
2079594588,3,-0.402621,-0.608835,-0.281895,0.622696
2079594598,3,-0.403563,-0.608377,-0.282746,0.622147
2079594608,3,-0.404459,-0.60797,-0.283581,0.621583
2079594618,3,-0.405266,-0.607607,-0.284427,0.621026
2079594628,3,-0.405979,-0.607275,-0.285319,0.620475
2079594638,3,-0.406633,-0.607012,-0.286195,0.6199
2079594648,3,-0.407174,-0.606778,-0.287101,0.619356
2079594658,3,-0.407685,-0.606596,-0.287921,0.618816
2079594668,3,-0.408171,-0.606496,-0.28866,0.61825
2079594678,3,-0.408646,-0.606512,-0.289303,0.617619
2079594689,3,-0.40909,-0.606607,-0.289862,0.61697
2079594699,3,-0.409481,-0.606768,-0.290364,0.616315
2079594709,3,-0.409815,-0.606954,-0.29081,0.615701
2079594719,3,-0.410063,-0.607145,-0.291233,0.615146
2079594729,3,-0.410203,-0.607353,-0.291641,0.614654
2079594739,3,-0.4102,-0.607517,-0.292064,0.614293
2079594749,3,-0.410117,-0.607653,-0.292452,0.614029
2079594759,3,-0.409941,-0.607753,-0.292822,0.613872
2079594769,3,-0.409707,-0.607852,-0.293143,0.613776
2079594779,3,-0.409408,-0.60797,-0.293434,0.61372
2079594789,3,-0.409089,-0.608106,-0.293663,0.613688
2079594799,3,-0.408735,-0.608301,-0.29383,0.613651
2079594809,3,-0.408391,-0.608529,-0.293925,0.613609
2079594819,3,-0.408024,-0.608805,-0.293982,0.613551
2079594830,3,-0.407642,-0.609136,-0.293981,0.613477
2079594840,3,-0.407236,-0.609521,-0.293946,0.613382
2079594850,3,-0.406805,-0.609949,-0.293865,0.613281
2079594860,3,-0.406352,-0.61043,-0.293753,0.613157
2079594870,3,-0.405871,-0.61094,-0.29362,0.61303
2079594880,3,-0.405372,-0.611518,-0.293452,0.612865
2079594890,3,-0.404867,-0.612138,-0.293225,0.612688
2079594900,3,-0.404364,-0.61282,-0.292934,0.612479
2079594910,3,-0.403836,-0.61356,-0.292611,0.61224
2079594920,3,-0.403298,-0.614389,-0.292242,0.611939
2079594930,3,-0.402742,-0.615236,-0.291829,0.611651
2079594940,3,-0.402158,-0.616067,-0.291363,0.611421
2079594950,3,-0.401557,-0.616863,-0.29084,0.611263
2079594961,3,-0.400946,-0.6176,-0.290247,0.611202
2079594971,3,-0.400317,-0.618254,-0.289574,0.611272
2079594981,3,-0.39969,-0.618834,-0.28882,0.611453
2079594991,3,-0.399095,-0.619316,-0.287948,0.611763
2079595001,3,-0.398551,-0.619736,-0.286947,0.612164
2079595011,3,-0.398054,-0.620107,-0.285834,0.612632
2079595021,3,-0.397624,-0.620427,-0.284595,0.613163
2079595031,3,-0.397259,-0.62075,-0.283231,0.613705
2079595041,3,-0.396948,-0.621064,-0.281759,0.614265
2079595051,3,-0.396723,-0.621401,-0.280174,0.614795
2079595061,3,-0.396566,-0.621743,-0.278487,0.615316
2079595071,3,-0.396479,-0.622092,-0.276701,0.615825
2079595081,3,-0.396466,-0.622442,-0.27485,0.616309
2079595092,3,-0.396508,-0.622803,-0.272954,0.616759
2079595102,3,-0.396611,-0.623151,-0.271017,0.617195
2079595112,3,-0.396781,-0.623477,-0.269047,0.617619
2079595122,3,-0.397011,-0.623776,-0.267066,0.618029
2079595132,3,-0.397298,-0.624044,-0.265095,0.618422
2079595142,3,-0.397632,-0.62426,-0.263144,0.618822
2079595152,3,-0.39802,-0.624424,-0.261241,0.619214
2079595162,3,-0.398459,-0.624504,-0.259406,0.619622
2079595172,3,-0.398936,-0.624499,-0.257685,0.620038
2079595182,3,-0.399447,-0.624409,-0.256074,0.620467
2079595192,3,-0.40001,-0.624246,-0.254583,0.620882
2079595202,3,-0.400656,-0.624007,-0.25318,0.621279
2079595212,3,-0.401354,-0.623686,-0.251938,0.621656
2079595222,3,-0.402116,-0.623292,-0.25085,0.621999
2079595233,3,-0.402956,-0.622832,-0.249903,0.622297
2079595243,3,-0.403883,-0.622309,-0.249083,0.622548
2079595253,3,-0.404854,-0.621699,-0.248459,0.622775
2079595263,3,-0.405877,-0.621025,-0.248027,0.622955
2079595273,3,-0.406927,-0.620246,-0.247802,0.623135
2079595283,3,-0.408016,-0.619367,-0.247772,0.62331
2079595293,3,-0.409148,-0.6184,-0.24795,0.623457
2079595303,3,-0.410324,-0.61733,-0.248307,0.623602
2079595313,3,-0.411548,-0.616183,-0.248831,0.623721
2079595323,3,-0.412796,-0.614952,-0.249545,0.623826
2079595333,3,-0.414098,-0.613683,-0.250423,0.623861
2079595343,3,-0.41546,-0.612381,-0.25145,0.623822
2079595353,3,-0.416872,-0.611078,-0.252625,0.623683
2079595364,3,-0.418355,-0.609771,-0.25395,0.62343
2079595374,3,-0.41985,-0.608479,-0.255462,0.623071
2079595384,3,-0.42135,-0.607172,-0.257151,0.622638
2079595394,3,-0.422846,-0.605884,-0.259006,0.622109
2079595404,3,-0.424341,-0.604587,-0.261017,0.621512
2079595414,3,-0.425801,-0.603315,-0.26319,0.620833
2079595424,3,-0.427249,-0.602045,-0.265497,0.620089
2079595434,3,-0.42863,-0.600763,-0.267966,0.619316
2079595444,3,-0.429941,-0.599474,-0.270583,0.618518
2079595454,3,-0.431206,-0.598165,-0.27331,0.617706
2079595464,3,-0.432401,-0.596835,-0.276147,0.616894
2079595474,3,-0.433545,-0.595499,-0.279068,0.616068
2079595484,3,-0.434654,-0.594144,-0.282022,0.615249
2079595495,3,-0.435709,-0.592779,-0.285018,0.614438
2079595505,3,-0.436717,-0.591388,-0.288017,0.613664
2079595515,3,-0.437633,-0.589972,-0.291071,0.612932
2079595525,3,-0.43844,-0.58853,-0.294174,0.61226
2079595535,3,-0.439132,-0.587101,-0.297297,0.611628
2079595545,3,-0.439742,-0.585656,-0.300407,0.611055
2079595555,3,-0.440267,-0.584253,-0.303477,0.610502
2079595565,3,-0.44075,-0.582902,-0.306475,0.609947
2079595575,3,-0.441196,-0.581601,-0.309373,0.609404
2079595585,3,-0.44158,-0.580392,-0.312211,0.608831
2079595595,3,-0.441901,-0.579279,-0.314973,0.608235
2079595605,3,-0.442097,-0.578275,-0.317716,0.60762
2079595615,3,-0.442176,-0.577378,-0.320414,0.607
2079595626,3,-0.442114,-0.57655,-0.323078,0.606418
2079595636,3,-0.441925,-0.575804,-0.325681,0.605873
2079595646,3,-0.441631,-0.575151,-0.328197,0.60535
2079595656,3,-0.441284,-0.574594,-0.330541,0.604856
2079595666,3,-0.440889,-0.574156,-0.332736,0.604356
2079595676,3,-0.440447,-0.573834,-0.334756,0.603869
2079595686,3,-0.43998,-0.573645,-0.336593,0.603367
2079595696,3,-0.439482,-0.5736,-0.338254,0.602844
2079595706,3,-0.438947,-0.573675,-0.339737,0.602328
2079595716,3,-0.438371,-0.573854,-0.341048,0.601837
2079595726,3,-0.437756,-0.574145,-0.342171,0.601369
2079595736,3,-0.437064,-0.574525,-0.343135,0.60096
2079595746,3,-0.436322,-0.574999,-0.343924,0.600594
2079595756,3,-0.435508,-0.575577,-0.344546,0.600275
2079595767,3,-0.434631,-0.576219,-0.345009,0.600029
2079595777,3,-0.4337,-0.576944,-0.34531,0.599832
2079595787,3,-0.432741,-0.577724,-0.345435,0.599703
2079595797,3,-0.431733,-0.578554,-0.345387,0.599656
2079595807,3,-0.430679,-0.579435,-0.345199,0.599672
2079595817,3,-0.429613,-0.580402,-0.344846,0.599704
2079595827,3,-0.428525,-0.58142,-0.34435,0.599783
2079595837,3,-0.427414,-0.582517,-0.343711,0.599877
2079595847,3,-0.426316,-0.583704,-0.3429,0.599968
2079595857,3,-0.425239,-0.584975,-0.341916,0.600056
2079595867,3,-0.424177,-0.586314,-0.340774,0.600151
2079595877,3,-0.423124,-0.587684,-0.339475,0.600291
2079595887,3,-0.422093,-0.589082,-0.338007,0.600474
2079595898,3,-0.421085,-0.590511,-0.336377,0.600693
2079595908,3,-0.420151,-0.591972,-0.334548,0.600931
2079595918,3,-0.419263,-0.593462,-0.332554,0.601189
2079595928,3,-0.418454,-0.594986,-0.33036,0.601455
2079595938,3,-0.417731,-0.596537,-0.327973,0.601729
2079595948,3,-0.417105,-0.598109,-0.325388,0.602005
2079595958,3,-0.416553,-0.599673,-0.322628,0.602316
2079595968,3,-0.416062,-0.601245,-0.319717,0.602641
2079595978,3,-0.415604,-0.602802,-0.316692,0.602999
2079595988,3,-0.415153,-0.60435,-0.31358,0.603386
2079595998,3,-0.414724,-0.605859,-0.310381,0.603822
2079596008,3,-0.414309,-0.607338,-0.307112,0.604292
2079596018,3,-0.413867,-0.608764,-0.303818,0.604824
2079596029,3,-0.413404,-0.610131,-0.300503,0.60542
2079596039,3,-0.412932,-0.611413,-0.297166,0.606096
2079596049,3,-0.412455,-0.612606,-0.29382,0.606847
2079596059,3,-0.411963,-0.613727,-0.290466,0.607662
2079596069,3,-0.411503,-0.614777,-0.287093,0.608515
2079596079,3,-0.411103,-0.615766,-0.283694,0.609379
2079596089,3,-0.410723,-0.616736,-0.280327,0.610212
2079596099,3,-0.41038,-0.617643,-0.277006,0.611041
2079596109,3,-0.410058,-0.618526,-0.273757,0.611828
2079596119,3,-0.409774,-0.619339,-0.270579,0.612609
2079596129,3,-0.409548,-0.620102,-0.26747,0.613353
2079596139,3,-0.409377,-0.620825,-0.264459,0.614041
2079596149,3,-0.409244,-0.621504,-0.261575,0.614678
2079596160,3,-0.409152,-0.62213,-0.258834,0.615265
2079596170,3,-0.4091,-0.622705,-0.25625,0.6158
2079596180,3,-0.409097,-0.623236,-0.253818,0.616272
2079596190,3,-0.409138,-0.623708,-0.251545,0.616699
2079596200,3,-0.409232,-0.624083,-0.249428,0.617118
2079596210,3,-0.409378,-0.624329,-0.247477,0.617557
2079596220,3,-0.409566,-0.624452,-0.24569,0.618021
2079596230,3,-0.409809,-0.624443,-0.244033,0.618526
2079596240,3,-0.410094,-0.624305,-0.242516,0.619072
2079596250,3,-0.410428,-0.624052,-0.241138,0.619644
2079596260,3,-0.41082,-0.623666,-0.239888,0.620258
2079596270,3,-0.411241,-0.623213,-0.238802,0.620853
2079596280,3,-0.41171,-0.622662,-0.237831,0.621467
2079596290,3,-0.412193,-0.622032,-0.237023,0.622087
2079596301,3,-0.412703,-0.621308,-0.236355,0.622725
2079596311,3,-0.413234,-0.6205,-0.235838,0.623374
2079596321,3,-0.41375,-0.619617,-0.235506,0.624035
2079596331,3,-0.414268,-0.618691,-0.235332,0.624677
2079596341,3,-0.4148,-0.61772,-0.235304,0.625295
2079596351,3,-0.415365,-0.616754,-0.235392,0.625839
2079596361,3,-0.415957,-0.615802,-0.235591,0.626309
2079596371,3,-0.416604,-0.614858,-0.235877,0.626698
2079596381,3,-0.417314,-0.613976,-0.236239,0.626955
2079596391,3,-0.418076,-0.61314,-0.236662,0.627105
2079596401,3,-0.418896,-0.612374,-0.237175,0.627113
2079596411,3,-0.419726,-0.611652,-0.237824,0.627017
2079596421,3,-0.420534,-0.610973,-0.238631,0.626831
2079596432,3,-0.421321,-0.6103,-0.239601,0.626588
2079596442,3,-0.422035,-0.609657,-0.240773,0.626283
2079596452,3,-0.422679,-0.609007,-0.242135,0.625956
2079596462,3,-0.423261,-0.608332,-0.24367,0.625624
2079596472,3,-0.423796,-0.607659,-0.245353,0.625258
2079596482,3,-0.424252,-0.606975,-0.247199,0.624886
2079596492,3,-0.424644,-0.606276,-0.249176,0.624513
2079596502,3,-0.424981,-0.605581,-0.251258,0.624124
2079596512,3,-0.425244,-0.604864,-0.253456,0.623751
2079596522,3,-0.425414,-0.604113,-0.25578,0.623414
2079596532,3,-0.42549,-0.60331,-0.25821,0.623138
2079596542,3,-0.425478,-0.602456,-0.260718,0.622928
2079596552,3,-0.425364,-0.601551,-0.263312,0.62279
2079596563,3,-0.425182,-0.600597,-0.265964,0.622707
2079596573,3,-0.424942,-0.599603,-0.268645,0.622679
2079596583,3,-0.424659,-0.598583,-0.271329,0.622689
2079596593,3,-0.424363,-0.597572,-0.273986,0.622699
2079596603,3,-0.424065,-0.596589,-0.276602,0.622687
2079596613,3,-0.423764,-0.595667,-0.279182,0.622624
2079596623,3,-0.423466,-0.594803,-0.281702,0.622517
2079596633,3,-0.423158,-0.594029,-0.284193,0.622335
2079596643,3,-0.422874,-0.593352,-0.286612,0.622063
2079596653,3,-0.422594,-0.592767,-0.288985,0.621713
2079596663,3,-0.422347,-0.592283,-0.291287,0.621268
2079596673,3,-0.422106,-0.591874,-0.29354,0.620761
2079596683,3,-0.421882,-0.591561,-0.295735,0.620169
2079596693,3,-0.421657,-0.591306,-0.297888,0.619535
2079596704,3,-0.421407,-0.591091,-0.300008,0.618887
2079596714,3,-0.421136,-0.59092,-0.302116,0.618209
2079596724,3,-0.420852,-0.590779,-0.304174,0.617527
2079596734,3,-0.420535,-0.590696,-0.306209,0.616816
2079596744,3,-0.420221,-0.59064,-0.308191,0.616097
2079596754,3,-0.419913,-0.590632,-0.310115,0.615348
2079596764,3,-0.419613,-0.590667,-0.311966,0.614583
2079596774,3,-0.419333,-0.590728,-0.313761,0.613802
2079596784,3,-0.419078,-0.590822,-0.315485,0.613001
2079596794,3,-0.418834,-0.590951,-0.317147,0.612186
2079596804,3,-0.418605,-0.591093,-0.318753,0.61137
2079596814,3,-0.418359,-0.591259,-0.320323,0.610557
2079596824,3,-0.418113,-0.591414,-0.321851,0.609771
2079596835,3,-0.417843,-0.591548,-0.323355,0.609029
2079596845,3,-0.417541,-0.591675,-0.324855,0.608315
2079596855,3,-0.417204,-0.591789,-0.326356,0.607632
2079596865,3,-0.416854,-0.591864,-0.327841,0.606999
2079596875,3,-0.416495,-0.591928,-0.329311,0.606387
2079596885,3,-0.416117,-0.591963,-0.330781,0.605812
2079596895,3,-0.415736,-0.591999,-0.332242,0.605239
2079596905,3,-0.415385,-0.592046,-0.333658,0.604655
2079596915,3,-0.41506,-0.592092,-0.335039,0.604068
2079596925,3,-0.414788,-0.59215,-0.336346,0.603472
2079596935,3,-0.414576,-0.592214,-0.337588,0.602861
2079596945,3,-0.414432,-0.592291,-0.338749,0.602233
2079596955,3,-0.414362,-0.592388,-0.339804,0.601591
2079596966,3,-0.414394,-0.592527,-0.340743,0.600901
2079596976,3,-0.414525,-0.592693,-0.341558,0.600184
2079596986,3,-0.414745,-0.592891,-0.342246,0.599444
2079596996,3,-0.415041,-0.593147,-0.342815,0.59866
2079597006,3,-0.415432,-0.593434,-0.343234,0.597864
2079597016,3,-0.415911,-0.593747,-0.34351,0.597061
2079597026,3,-0.416457,-0.59407,-0.34366,0.596271
2079597036,3,-0.417062,-0.594409,-0.343674,0.595503
2079597046,3,-0.417737,-0.594738,-0.343549,0.594772
2079597056,3,-0.41844,-0.595065,-0.343285,0.594104
2079597066,3,-0.419158,-0.59537,-0.342903,0.593513
2079597076,3,-0.419896,-0.595658,-0.342397,0.592994
2079597086,3,-0.420607,-0.595899,-0.341792,0.592596
2079597097,3,-0.421351,-0.596118,-0.341044,0.592278
2079597107,3,-0.422102,-0.596287,-0.34018,0.592071
2079597117,3,-0.422862,-0.596415,-0.339195,0.591964
2079597127,3,-0.423661,-0.596521,-0.338058,0.591937
2079597137,3,-0.424497,-0.596608,-0.336775,0.591982
2079597147,3,-0.425379,-0.596677,-0.335352,0.592087
2079597157,3,-0.426305,-0.596764,-0.333784,0.592218
2079597167,3,-0.427249,-0.596884,-0.332093,0.592368
2079597177,3,-0.428196,-0.597053,-0.330282,0.592526
2079597187,3,-0.429155,-0.597263,-0.328349,0.592696
2079597197,3,-0.430093,-0.597531,-0.32633,0.59286
2079597207,3,-0.431004,-0.597816,-0.324208,0.593076
2079597217,3,-0.431862,-0.598128,-0.322006,0.593337
2079597227,3,-0.43271,-0.598459,-0.319666,0.59365
2079597238,3,-0.433518,-0.598838,-0.317224,0.593989
2079597248,3,-0.434288,-0.599245,-0.31468,0.594369
2079597258,3,-0.435016,-0.599716,-0.312026,0.594761
2079597268,3,-0.435688,-0.60022,-0.309263,0.595203
2079597278,3,-0.436289,-0.600758,-0.306434,0.595683
2079597288,3,-0.436801,-0.601302,-0.303548,0.596236
2079597298,3,-0.437193,-0.601843,-0.300639,0.596877
2079597308,3,-0.43744,-0.602357,-0.297731,0.597634
2079597318,3,-0.437546,-0.602831,-0.294837,0.598513
2079597328,3,-0.437499,-0.603237,-0.291972,0.599542
2079597338,3,-0.437313,-0.603609,-0.289139,0.600675
2079597348,3,-0.437025,-0.603926,-0.286307,0.601922
2079597358,3,-0.436624,-0.604172,-0.283496,0.603294
2079597369,3,-0.436148,-0.604385,-0.280658,0.60475
2079597379,3,-0.435599,-0.604569,-0.277819,0.606272
2079597389,3,-0.435012,-0.604745,-0.274945,0.607825
2079597399,3,-0.434393,-0.604918,-0.272044,0.609399
2079597409,3,-0.43375,-0.605093,-0.269123,0.610979
2079597419,3,-0.433081,-0.605273,-0.266175,0.612564
2079597429,3,-0.432391,-0.605471,-0.263231,0.614126
2079597439,3,-0.431673,-0.605668,-0.26031,0.61568
2079597449,3,-0.430939,-0.60589,-0.257418,0.617189
2079597459,3,-0.430188,-0.606132,-0.254598,0.618644
2079597469,3,-0.429423,-0.606394,-0.251847,0.620043
2079597479,3,-0.428642,-0.606653,-0.249195,0.621401
2079597489,3,-0.427859,-0.606918,-0.246646,0.622696
2079597500,3,-0.427088,-0.607193,-0.244193,0.623923
2079597510,3,-0.426338,-0.607469,-0.241839,0.625084
2079597520,3,-0.425609,-0.607764,-0.239598,0.626156
2079597530,3,-0.424918,-0.608043,-0.237463,0.627167
2079597540,3,-0.424228,-0.608314,-0.235496,0.628112
2079597550,3,-0.423558,-0.608544,-0.233689,0.629016
2079597560,3,-0.42288,-0.60876,-0.232067,0.629863
2079597570,3,-0.422221,-0.608944,-0.230633,0.630653
2079597580,3,-0.421566,-0.609109,-0.229398,0.631383
2079597590,3,-0.420923,-0.609231,-0.228362,0.632068
2079597600,3,-0.420285,-0.609323,-0.227536,0.632701
2079597610,3,-0.419631,-0.609369,-0.22693,0.633309
2079597620,3,-0.418982,-0.60938,-0.226551,0.633864
2079597630,3,-0.418343,-0.609366,-0.226396,0.634354
2079597641,3,-0.417732,-0.60933,-0.226437,0.634777
2079597651,3,-0.417138,-0.609278,-0.226676,0.635132
2079597661,3,-0.41659,-0.609216,-0.227079,0.635407
2079597671,3,-0.416089,-0.609173,-0.227644,0.635575
2079597681,3,-0.415657,-0.609176,-0.228334,0.635606
2079597691,3,-0.415293,-0.609223,-0.229153,0.635505
2079597701,3,-0.414996,-0.609317,-0.230102,0.635265
2079597711,3,-0.414757,-0.609441,-0.231192,0.634907
2079597721,3,-0.414557,-0.609584,-0.2324,0.634459
2079597731,3,-0.414431,-0.609721,-0.233704,0.633931
2079597741,3,-0.414364,-0.609855,-0.23513,0.633318
2079597751,3,-0.414353,-0.609969,-0.236653,0.632647
2079597761,3,-0.414413,-0.610052,-0.238254,0.631927
2079597772,3,-0.414546,-0.610107,-0.23992,0.631155
2079597782,3,-0.414747,-0.610115,-0.241663,0.63035
2079597792,3,-0.415017,-0.610057,-0.243483,0.629528
2079597802,3,-0.415381,-0.609928,-0.245349,0.628688
2079597812,3,-0.415781,-0.609723,-0.247314,0.627852
2079597822,3,-0.416208,-0.609457,-0.249383,0.627009
2079597832,3,-0.416628,-0.60912,-0.251588,0.626175
2079597842,3,-0.417008,-0.60872,-0.253954,0.625356
2079597852,3,-0.41734,-0.608255,-0.256512,0.624542
2079597862,3,-0.417649,-0.607719,-0.259214,0.623741
2079597872,3,-0.417966,-0.607123,-0.262031,0.622932
2079597882,3,-0.418287,-0.606478,-0.264964,0.622104
2079597892,3,-0.418628,-0.605825,-0.267981,0.621217
2079597903,3,-0.419017,-0.605178,-0.271043,0.620257
2079597913,3,-0.419426,-0.604516,-0.274163,0.619253
2079597923,3,-0.419869,-0.603853,-0.277326,0.618191
2079597933,3,-0.420332,-0.603199,-0.280527,0.617069
2079597943,3,-0.420818,-0.60254,-0.283734,0.615914
2079597953,3,-0.421324,-0.601903,-0.286949,0.614701
2079597963,3,-0.421834,-0.601246,-0.290178,0.613478
2079597973,3,-0.422352,-0.600608,-0.2934,0.612212
2079597983,3,-0.422894,-0.599957,-0.296601,0.610933
2079597993,3,-0.42346,-0.599278,-0.29977,0.609658
2079598003,3,-0.424043,-0.598615,-0.302897,0.608357
2079598013,3,-0.424666,-0.597943,-0.305966,0.607046
2079598023,3,-0.425295,-0.597246,-0.30899,0.60576
2079598034,3,-0.425902,-0.596527,-0.311993,0.604501
2079598044,3,-0.426493,-0.595769,-0.314967,0.603289
2079598054,3,-0.427047,-0.594967,-0.317924,0.602136
2079598064,3,-0.427578,-0.594126,-0.320845,0.601038
2079598074,3,-0.428061,-0.593256,-0.323738,0.600002
2079598084,3,-0.428501,-0.592352,-0.326587,0.599036
2079598094,3,-0.428899,-0.591459,-0.32939,0.598099
2079598104,3,-0.429288,-0.590537,-0.332114,0.597224
2079598114,3,-0.429668,-0.589633,-0.334741,0.596376
2079598124,3,-0.430043,-0.588747,-0.337286,0.595546
2079598134,3,-0.430429,-0.587886,-0.339714,0.594738
2079598144,3,-0.430846,-0.587066,-0.341989,0.593942
2079598154,3,-0.431308,-0.586274,-0.344118,0.593159
2079598164,3,-0.4318,-0.585534,-0.346107,0.592373
2079598175,3,-0.432333,-0.584823,-0.347944,0.591611
2079598185,3,-0.432902,-0.584145,-0.349648,0.59086
2079598195,3,-0.433508,-0.583492,-0.351216,0.590131
2079598205,3,-0.434122,-0.582856,-0.352681,0.589433
2079598215,3,-0.434761,-0.582219,-0.354018,0.588789
2079598225,3,-0.435412,-0.581598,-0.355247,0.588182
2079598235,3,-0.436091,-0.580995,-0.356359,0.587602
2079598245,3,-0.436815,-0.580433,-0.357348,0.587018
2079598255,3,-0.437607,-0.579917,-0.358204,0.586416
2079598265,3,-0.438455,-0.57941,-0.358941,0.585833
2079598275,3,-0.439389,-0.578929,-0.359546,0.585237
2079598285,3,-0.440419,-0.578461,-0.360022,0.584633
2079598295,3,-0.441542,-0.577995,-0.360358,0.58404
2079598306,3,-0.442755,-0.577513,-0.360563,0.583472
2079598316,3,-0.444047,-0.577025,-0.360662,0.582911
2079598326,3,-0.445421,-0.576538,-0.360666,0.582342
2079598336,3,-0.446841,-0.576037,-0.360601,0.58179
2079598346,3,-0.448331,-0.575528,-0.360454,0.581238
2079598356,3,-0.449884,-0.574989,-0.360227,0.580712
2079598366,3,-0.451481,-0.574412,-0.359932,0.580226
2079598376,3,-0.453147,-0.57381,-0.359555,0.579757
2079598386,3,-0.454844,-0.573169,-0.359134,0.579322
2079598396,3,-0.456561,-0.572517,-0.358667,0.578905
2079598406,3,-0.45833,-0.571837,-0.358133,0.578512
2079598416,3,-0.460122,-0.571164,-0.357554,0.578111
2079598426,3,-0.46193,-0.570502,-0.356928,0.57771
2079598437,3,-0.463736,-0.569851,-0.35628,0.577306
2079598447,3,-0.465555,-0.569208,-0.355578,0.576908
2079598457,3,-0.467354,-0.568592,-0.354854,0.576507
2079598467,3,-0.469094,-0.56799,-0.354141,0.576125
2079598477,3,-0.470771,-0.567396,-0.353462,0.57576
2079598487,3,-0.472362,-0.5668,-0.352812,0.575442
2079598497,3,-0.473866,-0.566187,-0.352194,0.575188
2079598507,3,-0.475268,-0.565555,-0.351605,0.575013
2079598517,3,-0.476578,-0.564896,-0.351059,0.57491
2079598527,3,-0.477804,-0.564215,-0.350545,0.574875
2079598537,3,-0.478972,-0.563508,-0.350039,0.574904
2079598547,3,-0.480078,-0.562791,-0.349531,0.574994
2079598557,3,-0.481142,-0.56208,-0.348991,0.575128
2079598567,3,-0.48217,-0.561388,-0.348435,0.57528
2079598578,3,-0.483157,-0.560698,-0.347845,0.575481
2079598588,3,-0.484102,-0.560039,-0.347229,0.575701
2079598598,3,-0.484991,-0.559405,-0.346609,0.575943
2079598608,3,-0.485815,-0.558776,-0.345979,0.576239
2079598618,3,-0.486556,-0.558154,-0.345367,0.576582
2079598628,3,-0.487204,-0.557535,-0.344791,0.576978
2079598638,3,-0.487752,-0.556947,-0.344254,0.577405
2079598648,3,-0.48823,-0.55641,-0.343725,0.577833
2079598658,3,-0.488626,-0.555918,-0.343228,0.578267
2079598668,3,-0.48894,-0.555461,-0.342732,0.578734
2079598678,3,-0.48917,-0.555074,-0.342257,0.579193
2079598688,3,-0.489359,-0.554733,-0.341754,0.579656
2079598698,3,-0.489525,-0.554451,-0.341215,0.580103
2079598709,3,-0.489701,-0.554241,-0.34061,0.58051
2079598719,3,-0.489881,-0.554113,-0.339929,0.58088
2079598729,3,-0.490073,-0.554041,-0.339182,0.581224
2079598739,3,-0.490248,-0.554013,-0.338413,0.581551
2079598749,3,-0.490372,-0.554014,-0.33766,0.581883
2079598759,3,-0.490455,-0.554058,-0.336921,0.582199
2079598769,3,-0.490491,-0.554109,-0.336203,0.582536
2079598779,3,-0.490478,-0.554179,-0.33551,0.582879
2079598789,3,-0.490426,-0.554238,-0.334837,0.583254
2079598799,3,-0.490328,-0.554283,-0.334189,0.583665
2079598809,3,-0.490187,-0.554305,-0.333571,0.584116
2079598819,3,-0.490028,-0.554316,-0.332967,0.584583
2079598829,3,-0.489835,-0.554331,-0.332404,0.585051
2079598840,3,-0.489614,-0.554345,-0.331873,0.585524
2079598850,3,-0.489335,-0.554398,-0.331432,0.585957
2079598860,3,-0.489005,-0.554425,-0.331078,0.586406
2079598870,3,-0.488594,-0.554435,-0.330838,0.586875
2079598880,3,-0.488127,-0.55443,-0.330691,0.587351
2079598890,3,-0.487602,-0.554386,-0.330659,0.587847
2079598900,3,-0.487009,-0.554319,-0.330722,0.588365
2079598910,3,-0.48638,-0.554253,-0.330877,0.58886
2079598920,3,-0.485704,-0.554184,-0.331129,0.589341
2079598930,3,-0.485016,-0.554128,-0.331445,0.589783
2079598940,3,-0.484352,-0.554114,-0.331816,0.590133
2079598950,3,-0.483711,-0.554114,-0.332228,0.590427
2079598960,3,-0.483104,-0.554155,-0.33267,0.590637
2079598971,3,-0.482534,-0.55422,-0.33315,0.590771
2079598981,3,-0.482,-0.554292,-0.333645,0.59086
2079598991,3,-0.481513,-0.554373,-0.334151,0.590895
2079599001,3,-0.481058,-0.554465,-0.334688,0.590875
2079599011,3,-0.48063,-0.554568,-0.335253,0.590807
2079599021,3,-0.480255,-0.554664,-0.335806,0.590708
2079599031,3,-0.479921,-0.554772,-0.336362,0.590561
2079599041,3,-0.479631,-0.554914,-0.336915,0.590348
2079599051,3,-0.479399,-0.555093,-0.337467,0.590053
2079599061,3,-0.479216,-0.555282,-0.337999,0.589719
2079599071,3,-0.47907,-0.555474,-0.338544,0.589344
2079599081,3,-0.478942,-0.555658,-0.33911,0.58895
2079599091,3,-0.478845,-0.555832,-0.339668,0.588542
2079599101,3,-0.478747,-0.555976,-0.340256,0.588146
2079599112,3,-0.478612,-0.556084,-0.340905,0.587777
2079599122,3,-0.478453,-0.556135,-0.341603,0.587454
2079599132,3,-0.478261,-0.556149,-0.342362,0.587155
2079599142,3,-0.478038,-0.556113,-0.343167,0.586901
2079599152,3,-0.477766,-0.556046,-0.344036,0.586678
2079599162,3,-0.477493,-0.555956,-0.344915,0.586468
2079599172,3,-0.47719,-0.555862,-0.345846,0.586256
2079599182,3,-0.476859,-0.555795,-0.346805,0.586022
2079599192,3,-0.476538,-0.555737,-0.347767,0.585768
2079599202,3,-0.476227,-0.555685,-0.348724,0.585501
2079599212,3,-0.475926,-0.555652,-0.349659,0.58522
2079599222,3,-0.475645,-0.555654,-0.350574,0.584898
2079599232,3,-0.475412,-0.555692,-0.351429,0.584538
2079599243,3,-0.475204,-0.555752,-0.352252,0.584156
2079599253,3,-0.474984,-0.555865,-0.353056,0.583741
2079599263,3,-0.474778,-0.55603,-0.353825,0.583286
2079599273,3,-0.474576,-0.556247,-0.354555,0.5828
2079599283,3,-0.474376,-0.55651,-0.355227,0.582302
2079599293,3,-0.474199,-0.556824,-0.355843,0.58177
2079599303,3,-0.474047,-0.557176,-0.356368,0.581235
2079599313,3,-0.473934,-0.557566,-0.35678,0.580701
2079599323,3,-0.47386,-0.557998,-0.35709,0.580155
2079599333,3,-0.473837,-0.558493,-0.357288,0.579575
2079599343,3,-0.473833,-0.559025,-0.35739,0.579003
2079599353,3,-0.473845,-0.559589,-0.357431,0.578423
2079599363,3,-0.473827,-0.560156,-0.357438,0.577884
2079599374,3,-0.473748,-0.560713,-0.357438,0.577408
2079599384,3,-0.473637,-0.561233,-0.357406,0.577013
2079599394,3,-0.473455,-0.561725,-0.357398,0.576689
2079599404,3,-0.473242,-0.562177,-0.357365,0.576444
2079599414,3,-0.472969,-0.562608,-0.357346,0.576259
2079599424,3,-0.472684,-0.563021,-0.357307,0.576113
2079599434,3,-0.472403,-0.563416,-0.357237,0.576001
2079599444,3,-0.472137,-0.563804,-0.357136,0.575902
2079599454,3,-0.471876,-0.564192,-0.357006,0.575816
2079599464,3,-0.471625,-0.56459,-0.356843,0.575734
2079599474,3,-0.471401,-0.565,-0.356637,0.575642
2079599484,3,-0.471202,-0.565416,-0.356396,0.575547
2079599494,3,-0.471023,-0.565855,-0.356118,0.575434
2079599504,3,-0.470871,-0.566325,-0.355812,0.575285
2079599515,3,-0.470708,-0.566841,-0.355488,0.57511
2079599525,3,-0.470541,-0.567391,-0.355152,0.574912
2079599535,3,-0.470356,-0.567976,-0.35481,0.574697
2079599545,3,-0.470152,-0.568583,-0.354454,0.574483
2079599555,3,-0.469953,-0.569209,-0.354047,0.574276
2079599565,3,-0.469745,-0.569843,-0.3536,0.574094
2079599575,3,-0.469532,-0.570472,-0.353111,0.573945
2079599585,3,-0.469319,-0.571091,-0.352565,0.573839
2079599595,3,-0.469096,-0.571687,-0.351962,0.573798
2079599605,3,-0.468859,-0.572303,-0.3513,0.573782
2079599615,3,-0.468594,-0.572908,-0.350597,0.573825
2079599625,3,-0.468305,-0.573492,-0.349817,0.573954
2079599635,3,-0.467994,-0.574032,-0.34897,0.574184
2079599646,3,-0.467667,-0.574547,-0.348036,0.574503
2079599656,3,-0.467316,-0.575024,-0.347019,0.574925
2079599666,3,-0.466952,-0.575458,-0.345915,0.575451
2079599676,3,-0.466569,-0.575903,-0.344721,0.576034
2079599686,3,-0.466184,-0.576352,-0.343438,0.576661
2079599696,3,-0.465772,-0.576815,-0.342072,0.577344
2079599706,3,-0.465348,-0.577312,-0.340626,0.578043
2079599716,3,-0.464902,-0.577833,-0.33912,0.578767
2079599726,3,-0.464428,-0.578364,-0.337587,0.579513
2079599736,3,-0.463921,-0.578921,-0.336026,0.580269
2079599746,3,-0.463391,-0.579482,-0.334452,0.581042
2079599756,3,-0.462814,-0.580021,-0.332894,0.581857
2079599766,3,-0.462229,-0.580544,-0.331306,0.582707
2079599777,3,-0.461602,-0.581024,-0.329745,0.583611
2079599787,3,-0.460948,-0.581487,-0.328204,0.584534
2079599797,3,-0.460283,-0.581917,-0.326667,0.585491
2079599807,3,-0.459613,-0.582334,-0.32515,0.586446
2079599817,3,-0.458954,-0.582732,-0.323641,0.5874
2079599827,3,-0.458316,-0.583114,-0.32215,0.588338
2079599837,3,-0.45774,-0.583481,-0.32065,0.589242
2079599847,3,-0.457203,-0.583826,-0.319166,0.590122
2079599857,3,-0.456696,-0.584167,-0.317724,0.590955
2079599867,3,-0.456224,-0.584473,-0.316333,0.591763
2079599877,3,-0.45577,-0.584729,-0.315012,0.592564
2079599887,3,-0.455329,-0.58492,-0.313778,0.593368
2079599897,3,-0.454872,-0.585041,-0.312663,0.594187
2079599908,3,-0.454448,-0.585099,-0.311619,0.595002
2079599918,3,-0.454039,-0.585106,-0.310668,0.595804
2079599928,3,-0.453645,-0.585051,-0.309821,0.596599
2079599938,3,-0.453275,-0.584953,-0.309063,0.597369
2079599948,3,-0.452907,-0.584781,-0.308436,0.598141
2079599958,3,-0.452591,-0.584557,-0.307888,0.59888
2079599968,3,-0.452314,-0.58428,-0.307442,0.599588
2079599978,3,-0.452086,-0.583959,-0.307065,0.600266
2079599988,3,-0.451924,-0.583604,-0.30675,0.600894
2079599998,3,-0.451802,-0.583241,-0.306531,0.60145
2079600008,3,-0.451763,-0.582849,-0.306367,0.601942
2079600018,3,-0.451785,-0.582464,-0.306273,0.602347
2079600028,3,-0.45185,-0.582038,-0.306256,0.602718
2079600038,3,-0.451972,-0.581609,-0.306308,0.603014
2079600049,3,-0.452125,-0.581157,-0.30643,0.603273
2079600059,3,-0.452326,-0.580698,-0.306607,0.603475
2079600069,3,-0.452583,-0.580211,-0.306844,0.603629
2079600079,3,-0.452894,-0.579704,-0.307111,0.603748
2079600089,3,-0.453245,-0.579199,-0.307429,0.603807
2079600099,3,-0.453676,-0.578675,-0.307739,0.603827
2079600109,3,-0.454153,-0.578181,-0.308082,0.603767
2079600119,3,-0.454707,-0.577673,-0.308418,0.603666
2079600129,3,-0.455324,-0.577181,-0.308754,0.603499
2079600139,3,-0.455958,-0.576703,-0.30912,0.60329
2079600149,3,-0.456625,-0.576241,-0.309515,0.603024
2079600159,3,-0.45733,-0.575784,-0.309927,0.602715
2079600169,3,-0.458041,-0.57532,-0.310365,0.602393
2079600180,3,-0.458743,-0.57484,-0.31086,0.602062
2079600190,3,-0.459428,-0.574338,-0.311407,0.601736
2079600200,3,-0.460111,-0.573836,-0.31199,0.60139
2079600210,3,-0.460788,-0.573326,-0.312599,0.601042
2079600220,3,-0.46145,-0.572806,-0.313241,0.600696
2079600230,3,-0.462094,-0.572284,-0.313932,0.600337
2079600240,3,-0.462728,-0.571735,-0.314641,0.600001
2079600250,3,-0.463362,-0.571156,-0.315379,0.599675
2079600260,3,-0.463998,-0.570567,-0.316113,0.599358
2079600270,3,-0.464627,-0.569961,-0.316875,0.599044
2079600280,3,-0.465218,-0.569369,-0.317693,0.598716
2079600290,3,-0.465793,-0.568794,-0.318563,0.598353
2079600300,3,-0.466333,-0.568248,-0.319484,0.59796
2079600311,3,-0.466853,-0.567732,-0.320459,0.597522
2079600321,3,-0.467332,-0.567241,-0.321501,0.597054
2079600331,3,-0.4678,-0.566774,-0.322566,0.596557
2079600341,3,-0.468245,-0.566351,-0.323677,0.596007
2079600351,3,-0.46869,-0.565942,-0.324792,0.595439
2079600361,3,-0.469113,-0.565558,-0.325932,0.594847
2079600371,3,-0.469551,-0.565233,-0.327051,0.594197
2079600381,3,-0.469992,-0.564964,-0.328163,0.59349
2079600391,3,-0.470443,-0.564774,-0.329249,0.592712
2079600401,3,-0.470905,-0.564665,-0.330323,0.59185
2079600411,3,-0.471363,-0.564647,-0.331372,0.590916
2079600421,3,-0.471798,-0.564678,-0.332417,0.589951
2079600431,3,-0.472195,-0.564739,-0.333479,0.588976
2079600441,3,-0.472547,-0.564811,-0.334559,0.588011
2079600452,3,-0.47284,-0.564862,-0.335676,0.587088
2079600462,3,-0.473057,-0.564915,-0.336821,0.586206
2079600472,3,-0.473211,-0.564942,-0.337982,0.585387
2079600482,3,-0.473321,-0.564949,-0.339152,0.584614
2079600492,3,-0.473354,-0.564933,-0.340347,0.583908
2079600502,3,-0.473337,-0.564875,-0.34156,0.583269
2079600512,3,-0.473292,-0.564805,-0.342749,0.582676
2079600522,3,-0.473234,-0.564727,-0.343917,0.58211
2079600532,3,-0.473188,-0.564656,-0.345045,0.581549
2079600542,3,-0.473155,-0.564593,-0.346136,0.580988
2079600552,3,-0.47315,-0.564553,-0.347161,0.580419
2079600562,3,-0.473171,-0.564553,-0.348146,0.579812
2079600572,3,-0.473217,-0.564586,-0.349095,0.579171
2079600583,3,-0.473286,-0.564645,-0.350005,0.578508
2079600593,3,-0.473337,-0.564707,-0.350931,0.577844
2079600603,3,-0.473334,-0.564778,-0.351882,0.577198
2079600613,3,-0.473289,-0.564836,-0.352863,0.576579
2079600623,3,-0.473175,-0.564879,-0.353879,0.576008
2079600633,3,-0.47302,-0.56489,-0.354907,0.575491
2079600643,3,-0.472828,-0.564861,-0.355941,0.575039
2079600653,3,-0.472584,-0.564784,-0.356991,0.574664
2079600663,3,-0.472312,-0.564684,-0.358032,0.574338
2079600673,3,-0.472004,-0.564561,-0.359066,0.574067
2079600683,3,-0.471679,-0.564396,-0.360085,0.573858
2079600693,3,-0.471316,-0.564209,-0.361105,0.5737
2079600703,3,-0.470918,-0.563993,-0.362131,0.573592
2079600714,3,-0.470459,-0.563721,-0.363172,0.573578
2079600724,3,-0.469979,-0.563432,-0.364211,0.573596
2079600734,3,-0.469479,-0.563117,-0.365245,0.573657
2079600744,3,-0.468991,-0.562789,-0.36624,0.573744
2079600754,3,-0.468544,-0.562475,-0.367166,0.573826
2079600764,3,-0.468111,-0.562188,-0.368064,0.573885
2079600774,3,-0.467767,-0.561935,-0.368844,0.573912
2079600784,3,-0.467484,-0.561737,-0.369553,0.573881
2079600794,3,-0.467274,-0.561593,-0.370172,0.573794
2079600804,3,-0.467149,-0.561501,-0.370682,0.573656
2079600814,3,-0.467069,-0.561456,-0.371103,0.573493
2079600824,3,-0.467032,-0.561446,-0.371443,0.573313
2079600834,3,-0.467018,-0.56146,-0.371708,0.573139
2079600845,3,-0.467019,-0.56151,-0.371899,0.572965
2079600855,3,-0.467032,-0.561574,-0.372014,0.572817
2079600865,3,-0.467051,-0.561645,-0.372055,0.572705
2079600875,3,-0.467118,-0.56173,-0.371979,0.572617
2079600885,3,-0.46722,-0.561834,-0.371797,0.572549
2079600895,3,-0.467374,-0.561976,-0.371482,0.572489
2079600905,3,-0.467554,-0.56215,-0.37106,0.572445
2079600915,3,-0.46775,-0.562344,-0.370544,0.572428
2079600925,3,-0.467922,-0.562577,-0.369958,0.572437
2079600935,3,-0.468075,-0.562829,-0.369294,0.572494
2079600945,3,-0.468238,-0.56311,-0.368526,0.572579
2079600955,3,-0.468373,-0.563383,-0.367686,0.57274
2079600965,3,-0.468494,-0.563669,-0.366759,0.572954
2079600975,3,-0.468615,-0.563961,-0.365722,0.573231
2079600986,3,-0.468751,-0.564256,-0.36457,0.573563
2079600996,3,-0.468921,-0.564573,-0.363266,0.573939
2079601006,3,-0.469119,-0.564923,-0.361839,0.574335
2079601016,3,-0.46934,-0.565322,-0.360287,0.574737
2079601026,3,-0.469595,-0.565767,-0.358621,0.575132
2079601036,3,-0.469834,-0.566242,-0.356877,0.575554
2079601046,3,-0.47008,-0.566735,-0.35506,0.575991
2079601056,3,-0.470299,-0.567213,-0.353181,0.576498
2079601066,3,-0.470478,-0.567656,-0.351283,0.577075
2079601076,3,-0.470587,-0.56809,-0.349393,0.577706
2079601086,3,-0.470607,-0.568471,-0.347528,0.57844
2079601096,3,-0.47057,-0.568816,-0.345679,0.579238
2079601106,3,-0.470446,-0.569128,-0.343878,0.580104
2079601117,3,-0.470284,-0.56941,-0.342073,0.581025
2079601127,3,-0.470157,-0.569688,-0.340217,0.581944
2079601137,3,-0.470042,-0.569979,-0.338336,0.582848
2079601147,3,-0.469977,-0.570282,-0.336401,0.583723
2079601157,3,-0.46998,-0.570632,-0.334428,0.584511
2079601167,3,-0.470038,-0.571016,-0.332422,0.585234
2079601177,3,-0.470121,-0.571432,-0.330428,0.58589
2079601187,3,-0.470215,-0.571868,-0.328484,0.586482
2079601197,3,-0.470287,-0.572299,-0.326624,0.587043
2079601207,3,-0.470304,-0.572697,-0.324905,0.587595
2079601217,3,-0.470268,-0.57305,-0.323314,0.588157
2079601227,3,-0.470152,-0.573368,-0.321885,0.588723
2079601237,3,-0.469975,-0.57363,-0.320604,0.589308
2079601248,3,-0.469739,-0.573851,-0.319468,0.589897
2079601258,3,-0.469468,-0.574037,-0.318454,0.59048
2079601268,3,-0.469165,-0.574185,-0.317565,0.591055
2079601278,3,-0.46885,-0.574322,-0.316776,0.591595
2079601288,3,-0.468531,-0.574417,-0.316075,0.592131
2079601298,3,-0.468196,-0.574495,-0.315468,0.592643
2079601308,3,-0.467857,-0.57453,-0.314934,0.593161
2079601318,3,-0.467531,-0.574544,-0.314464,0.593653
2079601328,3,-0.467215,-0.57454,-0.314053,0.594124
2079601338,3,-0.466914,-0.574523,-0.313686,0.59457
2079601348,3,-0.466645,-0.574495,-0.31334,0.594991
2079601358,3,-0.466408,-0.574453,-0.31301,0.595391
2079601368,3,-0.46622,-0.574419,-0.312693,0.595738
2079601378,3,-0.466083,-0.574382,-0.312365,0.596052
2079601389,3,-0.465992,-0.574376,-0.312035,0.596302
2079601399,3,-0.465964,-0.574389,-0.31169,0.596492
2079601409,3,-0.465986,-0.574413,-0.311329,0.596641
2079601419,3,-0.466027,-0.574434,-0.310994,0.596763
2079601429,3,-0.466108,-0.574427,-0.310662,0.596879
2079601439,3,-0.466184,-0.574422,-0.310375,0.596974
2079601449,3,-0.466269,-0.574382,-0.310135,0.59707
2079601459,3,-0.466338,-0.574335,-0.30996,0.597153
2079601469,3,-0.466423,-0.574269,-0.309834,0.597215
2079601479,3,-0.466515,-0.574156,-0.309752,0.597294
2079601489,3,-0.466613,-0.574039,-0.309745,0.597334
2079601499,3,-0.466695,-0.573928,-0.309826,0.597334
2079601509,3,-0.466784,-0.573803,-0.309962,0.597314
2079601520,3,-0.466877,-0.573665,-0.310182,0.59726
2079601530,3,-0.466993,-0.573488,-0.310474,0.597188
2079601540,3,-0.467089,-0.57332,-0.31087,0.597067
2079601550,3,-0.467163,-0.573116,-0.311364,0.596948
2079601560,3,-0.467234,-0.572878,-0.311956,0.596813
2079601570,3,-0.467284,-0.572645,-0.312632,0.596643
2079601580,3,-0.467318,-0.572382,-0.313402,0.596465
2079601590,3,-0.467334,-0.572114,-0.314267,0.596254
2079601600,3,-0.46735,-0.571829,-0.315191,0.596027
2079601610,3,-0.467362,-0.571557,-0.316179,0.595755
2079601620,3,-0.467396,-0.571311,-0.317192,0.595426
2079601630,3,-0.467399,-0.571087,-0.318301,0.595046
2079601640,3,-0.467401,-0.570886,-0.319452,0.594621
2079601651,3,-0.467385,-0.570712,-0.320646,0.594157
2079601661,3,-0.467353,-0.570557,-0.321875,0.593667
2079601671,3,-0.467336,-0.570413,-0.323111,0.593147
2079601681,3,-0.46732,-0.570266,-0.324352,0.592624
2079601691,3,-0.467307,-0.570145,-0.325592,0.59207
2079601701,3,-0.467278,-0.570022,-0.326839,0.591524
2079601711,3,-0.467228,-0.569904,-0.328097,0.590981
2079601721,3,-0.467153,-0.5698,-0.329353,0.590441
2079601731,3,-0.467082,-0.569698,-0.330581,0.589909
2079601741,3,-0.467004,-0.569576,-0.331787,0.589412
2079601751,3,-0.466931,-0.569412,-0.332956,0.588968
2079601761,3,-0.466866,-0.569226,-0.334088,0.588558
2079601771,3,-0.466791,-0.56901,-0.335202,0.588193
2079601782,3,-0.466717,-0.568798,-0.336287,0.587838
2079601792,3,-0.466639,-0.568568,-0.337365,0.587504
2079601802,3,-0.466538,-0.568317,-0.338445,0.587207
2079601812,3,-0.466409,-0.568057,-0.339545,0.586925
2079601822,3,-0.466251,-0.567784,-0.340665,0.586665
2079601832,3,-0.466071,-0.567485,-0.341804,0.586436
2079601842,3,-0.465888,-0.567169,-0.342943,0.586222
2079601852,3,-0.465692,-0.566838,-0.344109,0.586015
2079601862,3,-0.465496,-0.566505,-0.34527,0.585809
2079601872,3,-0.465313,-0.566191,-0.346422,0.585578
2079601882,3,-0.465158,-0.565906,-0.347559,0.585303
2079601892,3,-0.465041,-0.565645,-0.348674,0.584985
2079601902,3,-0.464949,-0.565406,-0.349763,0.584639
2079601912,3,-0.464902,-0.565196,-0.350826,0.584242
2079601923,3,-0.46487,-0.564999,-0.351875,0.583827
2079601933,3,-0.464873,-0.564816,-0.352897,0.583385
2079601943,3,-0.4649,-0.564642,-0.353905,0.582921
2079601953,3,-0.464951,-0.564483,-0.354887,0.582437
2079601963,3,-0.465,-0.564319,-0.35587,0.581957
2079601973,3,-0.465062,-0.564164,-0.356839,0.581464
2079601983,3,-0.465087,-0.564008,-0.357833,0.580984
2079601993,3,-0.465074,-0.563809,-0.358852,0.580559
2079602003,3,-0.465017,-0.563571,-0.359894,0.58019
2079602013,3,-0.46497,-0.563296,-0.3609,0.57987
2079602023,3,-0.464909,-0.562987,-0.361886,0.579605
2079602033,3,-0.464864,-0.562677,-0.362829,0.579352
2079602043,3,-0.464869,-0.562348,-0.363693,0.579126
2079602054,3,-0.464922,-0.562018,-0.364479,0.57891
2079602064,3,-0.465034,-0.561672,-0.365176,0.578717
2079602074,3,-0.465218,-0.561337,-0.365777,0.578514
2079602084,3,-0.465453,-0.561006,-0.366295,0.578319
2079602094,3,-0.465749,-0.560698,-0.366733,0.578101
2079602104,3,-0.466113,-0.560415,-0.367078,0.577863
2079602114,3,-0.466511,-0.560142,-0.367376,0.577617
2079602124,3,-0.466975,-0.559915,-0.36759,0.577327
2079602134,3,-0.467505,-0.559742,-0.367702,0.576993
2079602144,3,-0.468104,-0.559616,-0.36772,0.576619
2079602154,3,-0.468794,-0.559547,-0.367627,0.576184
2079602164,3,-0.469531,-0.559538,-0.367448,0.575707
2079602174,3,-0.470298,-0.559552,-0.3672,0.575225
2079602185,3,-0.471083,-0.559589,-0.366898,0.574739
2079602195,3,-0.471866,-0.55966,-0.366555,0.574246
2079602205,3,-0.472649,-0.559748,-0.366147,0.573777
2079602215,3,-0.473438,-0.559854,-0.365677,0.573322
2079602225,3,-0.474199,-0.559951,-0.365168,0.572924
2079602235,3,-0.474944,-0.560038,-0.364606,0.572579
2079602245,3,-0.475679,-0.560107,-0.363986,0.572296
2079602255,3,-0.476399,-0.560161,-0.363298,0.57208
2079602265,3,-0.477098,-0.560207,-0.362571,0.571914
2079602275,3,-0.477779,-0.560255,-0.36178,0.571799
2079602285,3,-0.478433,-0.560308,-0.360928,0.571739
2079602295,3,-0.479076,-0.560362,-0.359999,0.571734
2079602305,3,-0.47967,-0.560426,-0.359026,0.571784
2079602315,3,-0.480218,-0.560497,-0.358018,0.571887
2079602326,3,-0.480737,-0.560578,-0.356947,0.572041
2079602336,3,-0.48122,-0.560704,-0.355815,0.572216
2079602346,3,-0.481687,-0.56086,-0.354635,0.572403
2079602356,3,-0.482107,-0.561048,-0.353424,0.572614
2079602366,3,-0.482506,-0.561286,-0.352165,0.572821
2079602376,3,-0.482852,-0.561582,-0.350885,0.573025
2079602386,3,-0.48313,-0.561907,-0.349591,0.573262
2079602396,3,-0.483358,-0.56224,-0.348267,0.573549
2079602406,3,-0.483544,-0.562567,-0.346914,0.573893
2079602416,3,-0.483673,-0.562897,-0.345543,0.574287
2079602426,3,-0.483769,-0.56322,-0.344152,0.574725
2079602436,3,-0.483827,-0.563539,-0.342739,0.575207
2079602446,3,-0.483877,-0.563862,-0.341284,0.575714
2079602457,3,-0.483927,-0.564174,-0.339795,0.576246
2079602467,3,-0.483944,-0.56448,-0.338317,0.576801
2079602477,3,-0.483921,-0.564799,-0.336872,0.577354
2079602487,3,-0.483865,-0.565128,-0.335463,0.577899
2079602497,3,-0.483779,-0.565439,-0.33409,0.578462
2079602507,3,-0.483655,-0.565737,-0.332756,0.579043
2079602517,3,-0.48347,-0.566026,-0.331531,0.579617
2079602527,3,-0.48324,-0.566293,-0.330374,0.580209
2079602537,3,-0.482969,-0.566546,-0.32931,0.580792
2079602547,3,-0.482653,-0.566777,-0.328338,0.581379
2079602557,3,-0.482304,-0.567001,-0.327457,0.581947
2079602567,3,-0.481944,-0.567199,-0.326659,0.582501
2079602577,3,-0.481554,-0.56739,-0.325968,0.583025
2079602588,3,-0.481132,-0.56755,-0.32538,0.583545
2079602598,3,-0.480689,-0.567691,-0.324892,0.584044
2079602608,3,-0.48022,-0.567795,-0.324502,0.584547
2079602618,3,-0.479731,-0.567874,-0.324199,0.585039
2079602628,3,-0.479228,-0.56795,-0.323991,0.585492
2079602638,3,-0.478749,-0.56801,-0.323832,0.585915
2079602648,3,-0.478299,-0.56806,-0.323719,0.586296
2079602658,3,-0.477861,-0.568118,-0.323651,0.586633
2079602668,3,-0.477475,-0.568169,-0.323623,0.586914
2079602678,3,-0.477116,-0.5682,-0.323637,0.587168
2079602688,3,-0.476785,-0.568209,-0.323695,0.587396
2079602698,3,-0.476478,-0.568195,-0.323813,0.587593
2079602708,3,-0.476212,-0.568142,-0.323966,0.587777
2079602719,3,-0.475989,-0.568063,-0.324156,0.587928
2079602729,3,-0.475793,-0.567958,-0.324416,0.588046
2079602739,3,-0.475616,-0.567796,-0.324727,0.588173
2079602749,3,-0.475451,-0.567587,-0.325128,0.588287
2079602759,3,-0.475303,-0.567306,-0.325593,0.588421
2079602769,3,-0.475174,-0.566949,-0.326134,0.588569
2079602779,3,-0.475031,-0.566503,-0.326781,0.588755
2079602789,3,-0.474883,-0.565986,-0.327541,0.588949
2079602799,3,-0.47475,-0.565409,-0.328385,0.589141
2079602809,3,-0.474616,-0.564784,-0.329312,0.58933
2079602819,3,-0.474501,-0.564138,-0.330306,0.589486
2079602829,3,-0.4744,-0.563476,-0.33137,0.589603
2079602839,3,-0.474324,-0.562804,-0.332493,0.589674
2079602849,3,-0.474237,-0.562166,-0.33371,0.589665
2079602860,3,-0.474155,-0.561524,-0.334986,0.589618
2079602870,3,-0.474046,-0.560902,-0.336345,0.589525
2079602880,3,-0.473938,-0.560292,-0.337774,0.589374
2079602890,3,-0.473839,-0.559717,-0.339234,0.589163
2079602900,3,-0.473736,-0.559161,-0.340745,0.588901
2079602910,3,-0.473649,-0.558638,-0.34226,0.588588
2079602920,3,-0.473571,-0.558151,-0.343767,0.588235
2079602930,3,-0.473541,-0.557703,-0.345229,0.587828
2079602940,3,-0.473514,-0.557313,-0.346678,0.587367
2079602950,3,-0.473531,-0.556954,-0.348076,0.586866
2079602960,3,-0.473568,-0.556613,-0.349423,0.58636
2079602970,3,-0.473629,-0.556332,-0.350713,0.585806
2079602980,3,-0.473701,-0.556099,-0.35196,0.585221
2079602991,3,-0.473788,-0.555894,-0.353161,0.584621
2079603001,3,-0.473872,-0.555699,-0.354323,0.584035
2079603011,3,-0.473951,-0.555479,-0.355453,0.583493
2079603021,3,-0.474018,-0.555272,-0.356544,0.582971
2079603031,3,-0.474059,-0.555053,-0.357608,0.582493
2079603041,3,-0.474072,-0.55485,-0.358651,0.582035
2079603051,3,-0.474043,-0.554655,-0.359667,0.581617
2079603061,3,-0.47398,-0.554493,-0.36065,0.581215
2079603071,3,-0.473916,-0.554341,-0.36158,0.580835
2079603081,3,-0.473843,-0.554224,-0.362443,0.580467
2079603091,3,-0.473766,-0.554144,-0.363246,0.580104
2079603101,3,-0.473713,-0.554145,-0.363956,0.579702
2079603111,3,-0.473674,-0.554213,-0.36459,0.579269
2079603122,3,-0.473626,-0.554374,-0.365181,0.578781
2079603132,3,-0.473567,-0.554604,-0.365724,0.578267
2079603142,3,-0.473489,-0.554923,-0.366226,0.577707
2079603152,3,-0.473386,-0.555316,-0.366685,0.577122
2079603162,3,-0.473225,-0.555776,-0.367119,0.576535
2079603172,3,-0.473004,-0.556314,-0.367534,0.575933
2079603182,3,-0.472749,-0.556876,-0.367906,0.575361
2079603192,3,-0.472455,-0.557483,-0.368228,0.574809
2079603202,3,-0.472135,-0.558106,-0.368497,0.574294
2079603212,3,-0.471796,-0.558761,-0.368702,0.573804
2079603222,3,-0.471479,-0.559429,-0.368798,0.573352
2079603232,3,-0.471173,-0.560092,-0.368802,0.572954
2079603242,3,-0.470884,-0.560779,-0.368721,0.572572
2079603252,3,-0.470583,-0.561476,-0.368574,0.57223
2079603263,3,-0.470287,-0.562151,-0.368342,0.571961
2079603273,3,-0.469987,-0.562785,-0.368069,0.571759
2079603283,3,-0.469673,-0.563382,-0.367736,0.571643
2079603293,3,-0.469366,-0.563951,-0.36735,0.571584
2079603303,3,-0.469055,-0.564473,-0.366916,0.571602
2079603313,3,-0.468753,-0.564962,-0.366434,0.571676
2079603323,3,-0.468486,-0.565425,-0.365888,0.571786
2079603333,3,-0.468276,-0.565856,-0.365266,0.571929
2079603343,3,-0.468118,-0.56627,-0.36457,0.572093
2079603353,3,-0.468029,-0.566672,-0.363802,0.572257
2079603363,3,-0.46799,-0.567077,-0.362982,0.572408
2079603373,3,-0.468017,-0.567505,-0.362097,0.572523
2079603383,3,-0.46809,-0.567933,-0.361181,0.572617
2079603394,3,-0.46818,-0.568352,-0.36027,0.572702
2079603404,3,-0.468281,-0.568747,-0.359376,0.572789
2079603414,3,-0.468395,-0.569114,-0.358505,0.572877
2079603424,3,-0.468509,-0.569439,-0.357663,0.572986
2079603434,3,-0.468612,-0.569714,-0.356847,0.573137
2079603444,3,-0.46874,-0.569941,-0.35604,0.57331
2079603454,3,-0.468889,-0.570147,-0.355238,0.573479
2079603464,3,-0.469078,-0.570309,-0.354422,0.573669
2079603474,3,-0.469295,-0.57044,-0.353599,0.57387
2079603484,3,-0.469567,-0.570536,-0.352743,0.574079
2079603494,3,-0.469892,-0.570573,-0.351864,0.574315
2079603504,3,-0.47025,-0.570578,-0.35098,0.574558
2079603514,3,-0.470621,-0.570551,-0.350091,0.574823
2079603525,3,-0.471012,-0.570468,-0.349214,0.575119
2079603535,3,-0.471408,-0.570373,-0.348358,0.575408
2079603545,3,-0.471809,-0.570249,-0.347514,0.575712
2079603555,3,-0.472211,-0.570089,-0.346682,0.576043
2079603565,3,-0.472599,-0.569894,-0.34588,0.5764
2079603575,3,-0.472993,-0.569671,-0.345093,0.576769
2079603585,3,-0.473417,-0.569421,-0.344288,0.577149
2079603595,3,-0.473858,-0.569144,-0.34348,0.57754
2079603605,3,-0.47433,-0.568847,-0.342659,0.577933
2079603615,3,-0.474832,-0.568559,-0.341833,0.578294
2079603625,3,-0.475377,-0.568255,-0.340984,0.578645
2079603635,3,-0.475935,-0.567945,-0.340156,0.578978
2079603645,3,-0.476461,-0.567615,-0.339374,0.579329
2079603656,3,-0.476959,-0.567235,-0.338658,0.57971
2079603666,3,-0.477405,-0.566815,-0.338018,0.580128
2079603676,3,-0.477798,-0.566356,-0.337459,0.580577
2079603686,3,-0.47817,-0.565847,-0.336953,0.581061
2079603696,3,-0.478526,-0.565301,-0.336482,0.581571
2079603706,3,-0.478874,-0.564745,-0.336049,0.582075
2079603716,3,-0.479217,-0.564195,-0.335643,0.582561
2079603726,3,-0.479567,-0.563656,-0.335261,0.583015
2079603736,3,-0.479945,-0.563152,-0.33487,0.583414
2079603746,3,-0.480321,-0.562678,-0.334507,0.583771
2079603756,3,-0.48071,-0.562242,-0.334161,0.584069
2079603766,3,-0.481097,-0.561852,-0.333842,0.584307
2079603776,3,-0.481467,-0.561486,-0.333548,0.584523
2079603786,3,-0.481809,-0.561141,-0.333296,0.584716
2079603797,3,-0.482112,-0.560838,-0.333096,0.584872
2079603807,3,-0.482387,-0.560543,-0.33293,0.585021
2079603817,3,-0.482634,-0.560272,-0.332789,0.585157
2079603827,3,-0.482833,-0.560029,-0.332702,0.585275
2079603837,3,-0.483007,-0.559803,-0.332645,0.58538
2079603847,3,-0.483152,-0.559604,-0.332614,0.585469
2079603857,3,-0.48328,-0.559417,-0.332599,0.58555
2079603867,3,-0.483399,-0.559239,-0.332597,0.585623
2079603877,3,-0.483498,-0.559092,-0.332607,0.585677
2079603887,3,-0.483564,-0.558927,-0.332667,0.585745
2079603897,3,-0.483587,-0.558766,-0.332789,0.58581
2079603907,3,-0.483578,-0.558606,-0.332945,0.585881
2079603917,3,-0.483526,-0.558421,-0.333162,0.585977
2079603928,3,-0.483433,-0.558235,-0.333437,0.586075
2079603938,3,-0.483325,-0.558024,-0.33374,0.586193
2079603948,3,-0.483182,-0.557789,-0.334107,0.586326
2079603958,3,-0.483039,-0.557532,-0.33448,0.586475
2079603968,3,-0.482894,-0.557257,-0.334873,0.586631
2079603978,3,-0.482767,-0.55702,-0.335281,0.586728
2079603988,3,-0.482675,-0.55683,-0.335681,0.586755
2079603998,3,-0.482625,-0.556695,-0.336077,0.586699
2079604008,3,-0.482598,-0.556612,-0.336478,0.58657
2079604018,3,-0.482567,-0.556604,-0.336921,0.586347
2079604028,3,-0.482525,-0.556655,-0.337414,0.58605
2079604038,3,-0.482475,-0.556748,-0.337947,0.585696
2079604048,3,-0.482388,-0.556878,-0.33853,0.585307
2079604059,3,-0.482305,-0.557042,-0.339134,0.584869
2079604069,3,-0.482187,-0.557241,-0.339784,0.5844
2079604079,3,-0.482059,-0.557468,-0.340453,0.583899
2079604089,3,-0.48193,-0.557712,-0.341142,0.58337
2079604099,3,-0.481791,-0.557965,-0.341833,0.582839
2079604109,3,-0.481646,-0.558216,-0.342544,0.5823
2079604119,3,-0.48146,-0.558445,-0.343296,0.581791
2079604129,3,-0.481209,-0.558639,-0.344114,0.58133
2079604139,3,-0.480898,-0.558746,-0.344994,0.580963
2079604149,3,-0.480513,-0.55878,-0.345941,0.580685
2079604159,3,-0.48003,-0.558721,-0.346986,0.580517
2079604169,3,-0.479492,-0.558596,-0.348077,0.580429
2079604179,3,-0.478905,-0.558413,-0.349205,0.580414
2079604189,3,-0.478323,-0.558177,-0.35033,0.580442
2079604200,3,-0.477746,-0.557936,-0.351456,0.580468
2079604210,3,-0.477206,-0.557688,-0.352552,0.580486
2079604220,3,-0.476714,-0.557473,-0.353611,0.580452
2079604230,3,-0.476251,-0.557323,-0.354652,0.580341
2079604240,3,-0.475821,-0.557223,-0.35567,0.580167
2079604250,3,-0.475395,-0.557186,-0.356685,0.579928
2079604260,3,-0.474976,-0.557209,-0.357693,0.579629
2079604270,3,-0.474553,-0.557324,-0.358705,0.579239
2079604280,3,-0.474127,-0.557521,-0.359692,0.578787
2079604290,3,-0.473716,-0.557781,-0.360626,0.578291
2079604300,3,-0.473308,-0.558112,-0.36151,0.577754
2079604310,3,-0.472924,-0.558502,-0.362324,0.577181
2079604320,3,-0.47255,-0.558941,-0.363068,0.576595
2079604331,3,-0.472201,-0.559414,-0.363691,0.576029
2079604341,3,-0.471877,-0.559921,-0.364208,0.575475
2079604351,3,-0.471575,-0.560437,-0.364608,0.574967
2079604361,3,-0.47127,-0.560926,-0.364915,0.574544
2079604371,3,-0.470986,-0.561414,-0.365103,0.574182
2079604381,3,-0.470716,-0.561866,-0.365189,0.573906
2079604391,3,-0.470438,-0.562292,-0.365187,0.573718
2079604401,3,-0.470162,-0.562681,-0.365108,0.573613
2079604411,3,-0.469848,-0.563034,-0.364988,0.5736
2079604421,3,-0.469492,-0.563336,-0.364843,0.573687
2079604431,3,-0.469101,-0.563584,-0.364671,0.573873
2079604441,3,-0.468689,-0.563808,-0.36447,0.574117
2079604451,3,-0.46831,-0.563994,-0.364197,0.574417
2079604462,3,-0.467979,-0.564181,-0.363845,0.574726
2079604472,3,-0.467702,-0.564383,-0.363414,0.575026
2079604482,3,-0.467494,-0.564614,-0.362894,0.575297
2079604492,3,-0.467358,-0.564889,-0.362291,0.575518
2079604502,3,-0.46731,-0.565222,-0.361596,0.575666
2079604512,3,-0.467307,-0.565616,-0.360836,0.575758
2079604522,3,-0.467354,-0.56607,-0.360019,0.575785
2079604532,3,-0.467453,-0.5666,-0.359143,0.575732
2079604542,3,-0.467598,-0.567166,-0.35821,0.575637
2079604552,3,-0.467764,-0.567757,-0.357231,0.575528
2079604562,3,-0.467959,-0.568378,-0.356214,0.575387
2079604572,3,-0.468182,-0.569031,-0.355141,0.575224
2079604582,3,-0.468439,-0.569687,-0.354009,0.575063
2079604593,3,-0.468719,-0.570325,-0.352834,0.574925
2079604603,3,-0.46902,-0.570919,-0.351631,0.574826
2079604613,3,-0.469303,-0.571454,-0.350423,0.574802
2079604623,3,-0.469595,-0.57191,-0.349207,0.574849
2079604633,3,-0.469875,-0.572313,-0.347995,0.574955
2079604643,3,-0.470135,-0.572631,-0.346807,0.575143
2079604653,3,-0.470334,-0.572873,-0.345668,0.575425
2079604663,3,-0.470507,-0.572998,-0.344584,0.57581
2079604673,3,-0.470632,-0.57303,-0.343547,0.576296
2079604683,3,-0.470714,-0.572946,-0.342562,0.576897
2079604693,3,-0.470776,-0.572794,-0.341618,0.577557
2079604703,3,-0.47083,-0.572569,-0.34071,0.578272
2079604713,3,-0.47089,-0.572302,-0.339823,0.579009
2079604723,3,-0.470994,-0.572013,-0.338922,0.579737
2079604734,3,-0.47115,-0.571717,-0.338007,0.580437
2079604744,3,-0.471333,-0.571462,-0.337082,0.581077
2079604754,3,-0.47158,-0.571256,-0.33614,0.581624
2079604764,3,-0.471871,-0.57109,-0.335187,0.582101
2079604774,3,-0.472212,-0.57098,-0.334224,0.582486
2079604784,3,-0.472576,-0.570897,-0.333289,0.582808
2079604794,3,-0.472975,-0.570853,-0.332368,0.583053
2079604804,3,-0.473379,-0.570838,-0.331496,0.583236
2079604814,3,-0.473766,-0.570842,-0.330709,0.583365
2079604824,3,-0.474137,-0.57082,-0.329991,0.583491
2079604834,3,-0.474468,-0.570776,-0.329368,0.583618
2079604844,3,-0.474771,-0.570705,-0.328835,0.583742
2079604854,3,-0.475051,-0.57059,-0.328397,0.583872
2079604865,3,-0.475318,-0.570468,-0.328035,0.583978
2079604875,3,-0.475592,-0.570314,-0.327726,0.58408
2079604885,3,-0.475862,-0.570127,-0.327472,0.584184
2079604895,3,-0.476129,-0.569859,-0.327299,0.584325
2079604905,3,-0.47637,-0.569515,-0.327213,0.584511
2079604915,3,-0.476591,-0.569125,-0.327212,0.584712
2079604925,3,-0.476771,-0.568654,-0.327297,0.584976
2079604935,3,-0.476918,-0.568121,-0.327477,0.585273
2079604945,3,-0.477038,-0.567521,-0.327744,0.585608
2079604955,3,-0.477142,-0.566875,-0.328101,0.58595
2079604965,3,-0.477209,-0.566175,-0.328541,0.586324
2079604975,3,-0.477301,-0.565444,-0.329021,0.586685
2079604985,3,-0.477404,-0.5647,-0.32954,0.587027
2079604996,3,-0.477542,-0.563937,-0.33005,0.587362
2079605006,3,-0.477755,-0.563197,-0.330529,0.587629
2079605016,3,-0.477958,-0.562502,-0.331046,0.587839
2079605026,3,-0.478189,-0.561865,-0.331584,0.587957
2079605036,3,-0.478419,-0.561284,-0.332141,0.58801
2079605046,3,-0.478656,-0.560747,-0.33273,0.587997
2079605056,3,-0.478874,-0.56028,-0.333346,0.587915
2079605066,3,-0.479069,-0.559863,-0.333995,0.587785
2079605076,3,-0.479221,-0.559492,-0.334705,0.587611
2079605086,3,-0.479337,-0.559176,-0.335457,0.587388
2079605096,3,-0.479424,-0.558913,-0.336235,0.587123
2079605106,3,-0.479493,-0.558692,-0.337027,0.586822
2079605116,3,-0.479545,-0.558527,-0.337845,0.586466
2079605126,3,-0.479577,-0.558389,-0.338682,0.586089
2079605137,3,-0.479589,-0.558274,-0.33953,0.585698
2079605147,3,-0.4796,-0.558178,-0.340369,0.585293
2079605157,3,-0.479585,-0.558062,-0.341224,0.584918
2079605167,3,-0.479524,-0.557912,-0.342109,0.584594
2079605177,3,-0.479437,-0.557708,-0.343017,0.584328
2079605187,3,-0.479264,-0.557445,-0.344006,0.58414
2079605197,3,-0.479046,-0.557107,-0.345035,0.584034
2079605207,3,-0.478773,-0.556697,-0.346114,0.58401
2079605217,3,-0.478434,-0.556246,-0.347251,0.584044
2079605227,3,-0.478084,-0.555758,-0.348404,0.584108
2079605237,3,-0.477709,-0.555272,-0.349583,0.584173
2079605247,3,-0.477341,-0.554813,-0.35077,0.584198
2079605257,3,-0.476981,-0.554383,-0.351956,0.584186
2079605268,3,-0.476638,-0.554004,-0.353127,0.584119
2079605278,3,-0.476335,-0.553713,-0.354261,0.583955
2079605288,3,-0.476052,-0.55351,-0.355374,0.583703
2079605298,3,-0.4758,-0.553405,-0.356444,0.583355
2079605308,3,-0.475559,-0.553375,-0.357484,0.582943
2079605318,3,-0.475321,-0.553455,-0.358497,0.582439
2079605328,3,-0.47509,-0.553637,-0.359461,0.58186
2079605338,3,-0.474853,-0.553921,-0.360391,0.581208
2079605348,3,-0.474628,-0.55431,-0.361238,0.580494
2079605358,3,-0.474398,-0.554773,-0.362022,0.579751
2079605368,3,-0.474159,-0.555321,-0.362731,0.578978
2079605378,3,-0.4739,-0.555907,-0.363356,0.578236
2079605388,3,-0.473613,-0.556531,-0.363912,0.577521
2079605399,3,-0.473305,-0.557163,-0.364385,0.576865
2079605409,3,-0.472966,-0.5578,-0.364781,0.576277
2079605419,3,-0.472583,-0.558424,-0.365105,0.575782
2079605429,3,-0.472157,-0.559012,-0.365367,0.575395
2079605439,3,-0.471685,-0.559547,-0.365556,0.575141
2079605449,3,-0.471173,-0.560043,-0.365692,0.574992
2079605459,3,-0.470638,-0.560488,-0.365746,0.574962
2079605469,3,-0.470052,-0.560888,-0.365775,0.575032
2079605479,3,-0.469485,-0.561263,-0.365725,0.575161
2079605489,3,-0.468915,-0.561629,-0.365609,0.575343
2079605499,3,-0.468361,-0.561991,-0.365427,0.575556
2079605509,3,-0.46783,-0.562387,-0.365165,0.575768
2079605519,3,-0.467365,-0.562829,-0.364788,0.575953
2079605530,3,-0.466944,-0.563335,-0.364326,0.576093
2079605540,3,-0.466577,-0.563898,-0.363784,0.576182
2079605550,3,-0.466263,-0.564537,-0.363146,0.576212
2079605560,3,-0.465984,-0.565294,-0.362427,0.576147
2079605570,3,-0.465775,-0.56612,-0.361616,0.576015
2079605580,3,-0.465626,-0.567025,-0.360707,0.575816
2079605590,3,-0.465523,-0.568006,-0.359712,0.575554
2079605600,3,-0.465481,-0.569019,-0.358635,0.57526
2079605610,3,-0.465476,-0.570084,-0.357485,0.574925
2079605620,3,-0.465507,-0.571152,-0.356272,0.574593
2079605630,3,-0.465561,-0.572211,-0.355007,0.574278
2079605640,3,-0.465639,-0.573251,-0.353702,0.573983
2079605650,3,-0.465723,-0.574225,-0.352369,0.573762
2079605660,3,-0.4658,-0.575108,-0.351033,0.573633
2079605671,3,-0.465885,-0.575865,-0.349683,0.57363
2079605681,3,-0.465975,-0.576509,-0.348325,0.573736
2079605691,3,-0.466039,-0.577038,-0.346991,0.57396
2079605701,3,-0.466094,-0.577423,-0.345688,0.574314
2079605711,3,-0.466127,-0.577681,-0.344421,0.574789
2079605721,3,-0.466143,-0.57781,-0.343201,0.575376
2079605731,3,-0.466184,-0.57785,-0.341983,0.576028
2079605741,3,-0.466237,-0.577813,-0.340792,0.576727
2079605751,3,-0.466332,-0.577753,-0.33959,0.577419
2079605761,3,-0.46649,-0.577678,-0.338371,0.578081
2079605771,3,-0.466698,-0.577619,-0.337126,0.578699
2079605781,3,-0.466994,-0.577579,-0.335839,0.579249
2079605791,3,-0.467344,-0.57756,-0.334531,0.579742
2079605802,3,-0.467736,-0.577617,-0.333203,0.580134
2079605812,3,-0.468164,-0.577717,-0.331903,0.580435
2079605822,3,-0.468605,-0.577864,-0.330628,0.58066
2079605832,3,-0.469037,-0.578044,-0.329404,0.580828
2079605842,3,-0.469475,-0.578211,-0.328242,0.580965
2079605852,3,-0.469883,-0.578367,-0.327152,0.581095
2079605862,3,-0.470296,-0.578506,-0.326128,0.581198
2079605872,3,-0.470707,-0.578597,-0.325178,0.581307
2079605882,3,-0.47111,-0.578656,-0.324313,0.581405
2079605892,3,-0.471503,-0.578661,-0.323551,0.581506
2079605902,3,-0.47189,-0.578589,-0.322903,0.581624
2079605912,3,-0.472252,-0.578456,-0.322368,0.581759
2079605922,3,-0.472578,-0.578229,-0.321977,0.581936
2079605933,3,-0.472863,-0.577893,-0.321729,0.582176
2079605943,3,-0.473073,-0.57747,-0.321656,0.582465
2079605953,3,-0.47322,-0.576916,-0.321766,0.582834
2079605963,3,-0.473293,-0.576256,-0.322048,0.583272
2079605973,3,-0.473334,-0.575485,-0.322461,0.583772
2079605983,3,-0.473329,-0.574636,-0.323004,0.58431
2079605993,3,-0.473328,-0.573733,-0.323625,0.584856
2079606003,3,-0.473354,-0.572824,-0.324281,0.585362
2079606013,3,-0.473408,-0.571917,-0.32495,0.585834
2079606023,3,-0.473492,-0.57105,-0.325629,0.586234
2079606033,3,-0.473604,-0.570209,-0.326301,0.58659
2079606043,3,-0.473716,-0.569388,-0.326963,0.586928
2079606053,3,-0.473802,-0.568583,-0.327656,0.587251
2079606063,3,-0.473857,-0.5678,-0.328375,0.587563
2079606074,3,-0.473908,-0.567066,-0.329089,0.587832
2079606084,3,-0.473933,-0.566379,-0.329833,0.588057
2079606094,3,-0.473979,-0.56574,-0.330572,0.58822
2079606104,3,-0.474039,-0.565186,-0.331301,0.588293
2079606114,3,-0.474142,-0.564694,-0.332021,0.588277
2079606124,3,-0.474271,-0.56428,-0.332732,0.588169
2079606134,3,-0.474437,-0.563926,-0.333439,0.587975
2079606144,3,-0.474609,-0.563589,-0.334172,0.587742
2079606154,3,-0.474791,-0.563248,-0.33493,0.58749
2079606164,3,-0.474954,-0.562894,-0.335749,0.587231
2079606174,3,-0.475088,-0.562488,-0.336629,0.587007
2079606184,3,-0.475185,-0.562031,-0.337579,0.586821
2079606194,3,-0.475261,-0.561508,-0.338601,0.586672
2079606205,3,-0.475304,-0.56093,-0.339689,0.586561
2079606215,3,-0.475336,-0.560271,-0.340848,0.586492
2079606225,3,-0.475361,-0.559561,-0.342039,0.586456
2079606235,3,-0.475384,-0.558834,-0.343278,0.586407
2079606245,3,-0.475403,-0.55808,-0.344575,0.586349
2079606255,3,-0.475431,-0.5573,-0.345898,0.58629
2079606265,3,-0.475483,-0.556531,-0.347239,0.586185
2079606275,3,-0.475547,-0.555773,-0.34862,0.586033
2079606285,3,-0.475664,-0.555044,-0.349997,0.585807
2079606295,3,-0.475804,-0.554365,-0.351392,0.585502
2079606305,3,-0.475966,-0.553726,-0.352804,0.585126
2079606315,3,-0.476144,-0.55312,-0.354222,0.584696
2079606325,3,-0.476319,-0.552578,-0.355676,0.584184
2079606336,3,-0.476509,-0.552103,-0.357119,0.583597
2079606346,3,-0.476708,-0.551708,-0.358535,0.58294
2079606356,3,-0.476949,-0.551384,-0.359888,0.582214
2079606366,3,-0.477242,-0.551151,-0.361166,0.581403
2079606376,3,-0.47761,-0.550988,-0.362346,0.580521
2079606386,3,-0.478021,-0.550885,-0.36343,0.579602
2079606396,3,-0.478499,-0.550834,-0.364395,0.578649
2079606406,3,-0.479021,-0.55082,-0.365257,0.577687
2079606416,3,-0.479545,-0.550841,-0.366048,0.576731
2079606426,3,-0.480073,-0.55089,-0.36677,0.575785
2079606436,3,-0.480571,-0.550969,-0.367438,0.574867
2079606446,3,-0.481039,-0.551056,-0.368043,0.574005
2079606456,3,-0.481444,-0.551136,-0.368637,0.573206
2079606467,3,-0.481746,-0.55121,-0.369235,0.572496
2079606477,3,-0.481956,-0.551252,-0.369831,0.571894
2079606487,3,-0.482057,-0.551272,-0.370441,0.571395
2079606497,3,-0.482088,-0.551277,-0.371036,0.570978
2079606507,3,-0.482047,-0.551256,-0.37161,0.570659
2079606517,3,-0.481941,-0.551232,-0.372159,0.570414
2079606527,3,-0.48177,-0.551223,-0.372672,0.570232
2079606537,3,-0.481534,-0.551239,-0.37318,0.570084
2079606547,3,-0.481233,-0.551297,-0.373662,0.569965
2079606557,3,-0.480889,-0.551418,-0.374105,0.569849
2079606567,3,-0.480494,-0.551631,-0.374505,0.569713
2079606577,3,-0.480069,-0.551925,-0.374853,0.569557
2079606587,3,-0.479601,-0.552306,-0.375139,0.569394
2079606597,3,-0.479122,-0.552797,-0.375332,0.569194
2079606608,3,-0.478606,-0.553416,-0.375456,0.568944
2079606618,3,-0.478106,-0.554135,-0.375447,0.568671
2079606628,3,-0.477589,-0.554971,-0.375339,0.568361
2079606638,3,-0.477064,-0.555883,-0.375128,0.56805
2079606648,3,-0.476551,-0.556872,-0.374779,0.567742
2079606658,3,-0.476026,-0.557903,-0.374324,0.567471
2079606668,3,-0.475514,-0.558957,-0.373727,0.567256
2079606678,3,-0.475013,-0.560007,-0.373009,0.567113
2079606688,3,-0.474532,-0.561011,-0.372148,0.567089
2079606698,3,-0.474064,-0.562002,-0.371178,0.567135
2079606708,3,-0.473624,-0.562971,-0.370104,0.567243
2079606718,3,-0.473207,-0.563901,-0.368922,0.567438
2079606728,3,-0.472816,-0.564771,-0.367647,0.567726
2079606739,3,-0.472466,-0.565546,-0.366277,0.568131
2079606749,3,-0.472143,-0.566226,-0.364849,0.568641
2079606759,3,-0.471841,-0.566817,-0.363388,0.569238
2079606769,3,-0.471576,-0.567316,-0.361873,0.569925
2079606779,3,-0.471337,-0.567733,-0.360351,0.570672
2079606789,3,-0.471128,-0.568078,-0.358814,0.571468
2079606799,3,-0.470964,-0.568355,-0.357274,0.572293
2079606809,3,-0.470842,-0.568596,-0.355735,0.573112
2079606819,3,-0.47078,-0.568845,-0.354203,0.573864
2079606829,3,-0.470762,-0.569088,-0.3527,0.574563
2079606839,3,-0.470794,-0.569334,-0.351214,0.575203
2079606849,3,-0.470865,-0.569583,-0.349754,0.575788
2079606859,3,-0.470984,-0.569857,-0.348324,0.576286
2079606870,3,-0.471164,-0.57014,-0.3469,0.576718
2079606880,3,-0.471389,-0.570432,-0.34552,0.577074
2079606890,3,-0.471666,-0.570743,-0.344171,0.577347
2079606900,3,-0.471969,-0.571066,-0.342871,0.577552
2079606910,3,-0.472321,-0.571377,-0.341599,0.577711
2079606920,3,-0.472695,-0.571671,-0.34038,0.577834
2079606930,3,-0.473083,-0.571909,-0.339213,0.577967
2079606940,3,-0.473468,-0.572111,-0.338144,0.578078
2079606950,3,-0.473828,-0.572242,-0.337174,0.578219
2079606960,3,-0.474145,-0.572276,-0.336324,0.578421
2079606970,3,-0.474434,-0.572198,-0.335582,0.578693
2079606980,3,-0.474695,-0.571997,-0.334938,0.579051
2079606990,3,-0.474921,-0.571675,-0.334408,0.579489
2079607000,3,-0.47514,-0.571223,-0.333951,0.580018
2079607011,3,-0.475365,-0.570679,-0.33355,0.580599
2079607021,3,-0.475645,-0.570062,-0.333179,0.581189
2079607031,3,-0.475968,-0.569401,-0.332829,0.581774
2079607041,3,-0.476344,-0.568726,-0.332493,0.582318
2079607051,3,-0.476777,-0.568021,-0.332186,0.582827
2079607061,3,-0.477227,-0.567322,-0.331917,0.583292
2079607071,3,-0.477716,-0.566654,-0.331663,0.583685
2079607081,3,-0.478242,-0.565997,-0.331424,0.584027
2079607091,3,-0.478784,-0.56539,-0.331215,0.58429
2079607101,3,-0.479358,-0.56482,-0.331024,0.584479
2079607111,3,-0.479943,-0.564294,-0.330855,0.584603
2079607121,3,-0.480545,-0.563837,-0.330697,0.584638
2079607131,3,-0.481157,-0.563437,-0.330566,0.584595
2079607142,3,-0.481767,-0.563107,-0.330473,0.584462
2079607152,3,-0.482368,-0.562817,-0.330408,0.584283
2079607162,3,-0.482963,-0.562566,-0.330384,0.584047
2079607172,3,-0.483508,-0.562356,-0.330441,0.583766
2079607182,3,-0.48402,-0.562146,-0.330569,0.583471
2079607192,3,-0.484472,-0.561924,-0.33079,0.583185
2079607202,3,-0.484854,-0.561702,-0.331113,0.582897
2079607212,3,-0.485171,-0.561452,-0.331533,0.582636
2079607222,3,-0.48542,-0.561167,-0.33206,0.582404
2079607232,3,-0.485608,-0.56085,-0.332664,0.582206
2079607242,3,-0.485745,-0.560485,-0.333359,0.582047
2079607252,3,-0.48584,-0.560079,-0.334121,0.581921
2079607262,3,-0.485891,-0.559591,-0.33495,0.581871
2079607273,3,-0.485913,-0.559064,-0.335836,0.581849
2079607283,3,-0.485907,-0.558521,-0.336763,0.58184
2079607293,3,-0.485905,-0.557968,-0.337709,0.581823
2079607303,3,-0.485893,-0.557404,-0.338678,0.581811
2079607313,3,-0.485881,-0.556846,-0.339677,0.581773
2079607323,3,-0.48585,-0.556312,-0.340714,0.581703
2079607333,3,-0.485835,-0.5558,-0.341745,0.581601
2079607343,3,-0.485841,-0.555321,-0.342788,0.581439
2079607353,3,-0.48583,-0.554874,-0.343861,0.581242
2079607363,3,-0.485844,-0.554478,-0.344917,0.580982
2079607373,3,-0.485866,-0.554128,-0.345988,0.58066
2079607383,3,-0.485881,-0.553833,-0.347079,0.580278
2079607393,3,-0.48589,-0.553591,-0.348191,0.579836
2079607404,3,-0.485872,-0.553399,-0.349321,0.579354
2079607414,3,-0.485856,-0.55325,-0.350433,0.578838
2079607424,3,-0.485848,-0.55313,-0.351517,0.578302
2079607434,3,-0.485832,-0.553045,-0.352584,0.577747
2079607444,3,-0.4858,-0.552988,-0.353621,0.577194
2079607454,3,-0.485747,-0.552943,-0.354637,0.576658
2079607464,3,-0.485689,-0.552893,-0.355607,0.576157
2079607474,3,-0.485601,-0.552855,-0.356556,0.575682
2079607484,3,-0.485484,-0.552818,-0.357486,0.575238
2079607494,3,-0.485347,-0.552766,-0.358385,0.574844
2079607504,3,-0.48517,-0.552698,-0.359271,0.574506
2079607514,3,-0.484936,-0.552616,-0.360149,0.574233
2079607524,3,-0.484637,-0.552484,-0.361047,0.574048
2079607534,3,-0.484276,-0.552333,-0.361953,0.573928
2079607545,3,-0.483849,-0.552172,-0.362888,0.573852
2079607555,3,-0.483359,-0.552003,-0.363838,0.573826
2079607565,3,-0.482858,-0.55185,-0.364765,0.573807
2079607575,3,-0.482327,-0.5517,-0.365683,0.573813
2079607585,3,-0.481787,-0.551585,-0.366571,0.57381
2079607595,3,-0.481235,-0.551508,-0.367436,0.573795
2079607605,3,-0.480715,-0.5515,-0.368246,0.573719
2079607615,3,-0.480234,-0.551554,-0.368992,0.573591
2079607625,3,-0.479789,-0.551672,-0.369685,0.573403
2079607635,3,-0.47937,-0.551865,-0.370333,0.573149
2079607645,3,-0.47896,-0.552116,-0.37095,0.572853
2079607655,3,-0.478538,-0.552408,-0.371553,0.572533
2079607665,3,-0.4781,-0.552749,-0.372131,0.572194
2079607676,3,-0.477649,-0.553143,-0.372672,0.571837
2079607686,3,-0.477175,-0.553589,-0.37317,0.571476
2079607696,3,-0.476694,-0.554083,-0.373603,0.571116
2079607706,3,-0.476204,-0.554636,-0.373963,0.570753
2079607716,3,-0.475695,-0.555195,-0.374237,0.570454
2079607726,3,-0.47515,-0.555751,-0.374455,0.570224
2079607736,3,-0.474548,-0.556308,-0.374626,0.57007
2079607746,3,-0.473908,-0.556827,-0.374725,0.57003
2079607756,3,-0.473224,-0.557335,-0.374748,0.570086
2079607766,3,-0.472518,-0.557821,-0.37468,0.570241
2079607776,3,-0.471831,-0.558302,-0.374488,0.570466
2079607786,3,-0.471143,-0.558772,-0.374186,0.570772
2079607796,3,-0.470488,-0.559279,-0.373755,0.571098
2079607807,3,-0.469871,-0.559814,-0.373207,0.57144
2079607817,3,-0.469272,-0.560369,-0.372559,0.571811
2079607827,3,-0.468714,-0.560964,-0.37181,0.572173
2079607837,3,-0.468155,-0.561578,-0.370999,0.572554
2079607847,3,-0.467601,-0.562216,-0.37015,0.572931
2079607857,3,-0.46704,-0.562887,-0.369269,0.573298
2079607867,3,-0.466487,-0.563577,-0.368355,0.573658
2079607877,3,-0.465924,-0.564263,-0.367437,0.57403
2079607887,3,-0.465354,-0.564937,-0.366514,0.574419
2079607897,3,-0.464801,-0.565606,-0.365586,0.574799
2079607907,3,-0.464288,-0.566267,-0.364628,0.575172
2079607917,3,-0.463836,-0.566882,-0.363627,0.575564
2079607927,3,-0.463452,-0.567479,-0.362585,0.575942
2079607937,3,-0.463142,-0.568039,-0.361504,0.57632
2079607948,3,-0.462914,-0.568561,-0.36038,0.576692
2079607958,3,-0.462793,-0.569071,-0.359193,0.577026
2079607968,3,-0.462764,-0.569561,-0.357985,0.577317
2079607978,3,-0.462807,-0.570053,-0.356754,0.577559
2079607988,3,-0.462895,-0.570537,-0.355534,0.577763
2079607998,3,-0.463021,-0.571015,-0.354354,0.577914
2079608008,3,-0.463163,-0.57147,-0.353219,0.578045
2079608018,3,-0.463295,-0.571893,-0.352164,0.578165
2079608028,3,-0.463434,-0.572265,-0.351156,0.578298
2079608038,3,-0.463562,-0.572578,-0.350206,0.578462
2079608048,3,-0.46369,-0.572846,-0.349304,0.57864
2079608058,3,-0.463841,-0.573081,-0.348409,0.578826
2079608068,3,-0.464035,-0.573282,-0.347507,0.579012
2079608079,3,-0.464257,-0.573453,-0.346601,0.579209
2079608089,3,-0.464536,-0.573596,-0.345665,0.579403
2079608099,3,-0.464867,-0.573729,-0.344684,0.57959
2079608109,3,-0.46526,-0.573852,-0.343658,0.579762
2079608119,3,-0.465716,-0.573938,-0.342573,0.579953
2079608129,3,-0.466208,-0.573992,-0.341454,0.580164
2079608139,3,-0.466692,-0.574048,-0.340339,0.580375
2079608149,3,-0.467157,-0.574078,-0.339247,0.58061
2079608159,3,-0.467619,-0.57412,-0.338167,0.580827
2079608169,3,-0.46807,-0.574133,-0.337081,0.581082
2079608179,3,-0.468515,-0.57413,-0.336002,0.581351
2079608189,3,-0.468959,-0.574139,-0.334902,0.581619
2079608199,3,-0.469412,-0.574148,-0.333771,0.581895
2079608210,3,-0.469868,-0.57415,-0.332625,0.582181
2079608220,3,-0.470317,-0.574171,-0.331474,0.582454
2079608230,3,-0.470763,-0.574218,-0.330292,0.582719
2079608240,3,-0.471184,-0.574281,-0.32911,0.582985
2079608250,3,-0.471571,-0.574365,-0.327948,0.583245
2079608260,3,-0.471909,-0.574455,-0.326799,0.583527
2079608270,3,-0.472217,-0.574548,-0.325649,0.583828
2079608280,3,-0.472495,-0.574647,-0.324503,0.584145
2079608290,3,-0.472721,-0.574747,-0.323378,0.584488
2079608300,3,-0.472889,-0.574866,-0.322279,0.584841
2079608310,3,-0.47301,-0.575005,-0.321196,0.585202
2079608320,3,-0.473092,-0.575174,-0.320133,0.585553
2079608330,3,-0.473161,-0.575372,-0.319064,0.585886
2079608341,3,-0.473185,-0.575605,-0.318042,0.586192
2079608351,3,-0.473193,-0.575885,-0.31705,0.58645
2079608361,3,-0.473184,-0.576164,-0.316089,0.5867
2079608371,3,-0.473146,-0.57646,-0.31517,0.586935
2079608381,3,-0.47307,-0.576766,-0.314305,0.587159
2079608391,3,-0.472965,-0.577041,-0.313532,0.587387
2079608401,3,-0.472798,-0.577304,-0.312879,0.587611
2079608411,3,-0.472557,-0.577508,-0.312357,0.587883
2079608421,3,-0.472261,-0.577652,-0.311957,0.588191
2079608431,3,-0.471935,-0.577731,-0.311668,0.588528
2079608441,3,-0.471565,-0.577741,-0.311502,0.588903
2079608451,3,-0.471194,-0.57769,-0.311426,0.58929
2079608461,3,-0.470839,-0.577569,-0.311416,0.589697
2079608471,3,-0.470502,-0.577433,-0.311489,0.590061
2079608482,3,-0.470238,-0.577252,-0.311616,0.590382
2079608492,3,-0.469985,-0.577044,-0.311844,0.590665
2079608502,3,-0.469748,-0.576803,-0.312189,0.590907
2079608512,3,-0.469508,-0.576529,-0.312658,0.591117
2079608522,3,-0.469226,-0.576203,-0.313303,0.591317
2079608532,3,-0.468939,-0.575805,-0.314083,0.591519
2079608542,3,-0.468637,-0.575346,-0.315,0.591717
2079608552,3,-0.468323,-0.574834,-0.316062,0.591897
2079608562,3,-0.46804,-0.574267,-0.317208,0.592058
2079608572,3,-0.467801,-0.573671,-0.318424,0.592173
2079608582,3,-0.467636,-0.573057,-0.319678,0.592222
2079608592,3,-0.467551,-0.572432,-0.320953,0.592203
2079608602,3,-0.467535,-0.571819,-0.322272,0.592091
2079608613,3,-0.467587,-0.57124,-0.323614,0.591878
2079608623,3,-0.467689,-0.570704,-0.324995,0.591558
2079608633,3,-0.467814,-0.570192,-0.326432,0.591161
2079608643,3,-0.467939,-0.569704,-0.32794,0.590698
2079608653,3,-0.468027,-0.569224,-0.329537,0.590201
2079608663,3,-0.468088,-0.568736,-0.331206,0.58969
2079608673,3,-0.468099,-0.568216,-0.332959,0.589195
2079608683,3,-0.468059,-0.567662,-0.334784,0.588726
2079608693,3,-0.467964,-0.567093,-0.336671,0.588274
2079608703,3,-0.467845,-0.56651,-0.338589,0.587829
2079608713,3,-0.467702,-0.565908,-0.340503,0.587416
2079608723,3,-0.467566,-0.565283,-0.342386,0.587033
2079608733,3,-0.467436,-0.564645,-0.344224,0.586675
2079608744,3,-0.467299,-0.564011,-0.346027,0.586333
2079608754,3,-0.467158,-0.563373,-0.347787,0.586018
2079608764,3,-0.466992,-0.562738,-0.349517,0.58573
2079608774,3,-0.466792,-0.56213,-0.35123,0.58545
2079608784,3,-0.466543,-0.561551,-0.352923,0.585184
2079608794,3,-0.466225,-0.561,-0.354617,0.584943
2079608804,3,-0.465864,-0.560465,-0.356284,0.584731
2079608814,3,-0.465441,-0.559988,-0.357926,0.584522
2079608824,3,-0.464973,-0.559552,-0.359543,0.584319
2079608834,3,-0.464467,-0.55917,-0.361114,0.584118
2079608844,3,-0.4639,-0.558863,-0.36265,0.583912
2079608854,3,-0.463313,-0.558642,-0.364127,0.58367
2079608864,3,-0.462709,-0.558526,-0.365522,0.583388
2079608874,3,-0.462086,-0.558487,-0.366841,0.58309
2079608885,3,-0.461468,-0.558567,-0.368059,0.582736
2079608895,3,-0.460856,-0.558748,-0.369172,0.582342
2079608905,3,-0.460253,-0.55902,-0.37017,0.581924
2079608915,3,-0.459645,-0.559385,-0.371053,0.581492
2079608925,3,-0.459077,-0.559839,-0.371796,0.581028
2079608935,3,-0.458525,-0.560382,-0.372422,0.58054
2079608945,3,-0.457998,-0.560993,-0.372916,0.580048
2079608955,3,-0.457463,-0.561667,-0.373304,0.579569
2079608965,3,-0.456902,-0.562372,-0.373601,0.579136
2079608975,3,-0.456296,-0.5631,-0.37382,0.578765
2079608985,3,-0.455679,-0.563847,-0.373939,0.578447
2079608995,3,-0.455046,-0.564619,-0.373971,0.578171
2079609005,3,-0.454449,-0.5654,-0.373863,0.577948
2079609016,3,-0.453883,-0.566217,-0.373647,0.577732
2079609026,3,-0.45337,-0.567042,-0.373281,0.577563
2079609036,3,-0.452914,-0.567901,-0.372773,0.577404
2079609046,3,-0.452518,-0.568802,-0.372125,0.577245
2079609056,3,-0.452159,-0.569714,-0.371367,0.577116
2079609066,3,-0.451831,-0.570608,-0.370511,0.57704
2079609076,3,-0.451509,-0.5715,-0.369579,0.577006
2079609086,3,-0.451189,-0.572372,-0.368588,0.577027
2079609096,3,-0.450864,-0.573205,-0.367556,0.577113
2079609106,3,-0.45057,-0.574001,-0.366447,0.577255
2079609116,3,-0.450322,-0.574775,-0.365241,0.577444
2079609126,3,-0.450132,-0.575551,-0.363925,0.57765
2079609136,3,-0.450043,-0.576345,-0.362474,0.577839
2079609147,3,-0.450078,-0.577183,-0.360881,0.577972
2079609157,3,-0.450218,-0.578027,-0.359142,0.578103
2079609167,3,-0.45045,-0.578886,-0.357301,0.578203
2079609177,3,-0.450776,-0.579772,-0.355356,0.578261
2079609187,3,-0.451201,-0.58064,-0.353301,0.578318
2079609197,3,-0.451663,-0.581509,-0.351195,0.578366
2079609207,3,-0.452156,-0.582343,-0.349056,0.578437
2079609217,3,-0.452668,-0.583137,-0.346903,0.578532
2079609227,3,-0.453174,-0.583852,-0.34476,0.578696
2079609237,3,-0.453653,-0.584503,-0.342666,0.578906
2079609247,3,-0.454114,-0.585083,-0.340589,0.579185
2079609257,3,-0.454561,-0.585604,-0.338537,0.579511
2079609267,3,-0.454988,-0.586052,-0.336497,0.579911
2079609278,3,-0.455395,-0.586442,-0.334484,0.580362
2079609288,3,-0.455781,-0.586776,-0.33248,0.580873
2079609298,3,-0.456161,-0.587079,-0.330459,0.581421
2079609308,3,-0.456554,-0.587326,-0.328399,0.58203
2079609318,3,-0.456942,-0.587581,-0.326328,0.582633
2079609328,3,-0.457327,-0.58782,-0.324229,0.583262
2079609338,3,-0.457691,-0.588084,-0.322109,0.583883
2079609348,3,-0.458025,-0.588349,-0.319997,0.584515
2079609358,3,-0.458303,-0.588652,-0.3179,0.585136
2079609368,3,-0.458539,-0.588971,-0.31581,0.585763
2079609378,3,-0.458756,-0.58929,-0.313698,0.586406
2079609388,3,-0.45894,-0.589636,-0.311598,0.587033
2079609398,3,-0.459053,-0.589988,-0.309531,0.587685
2079609408,3,-0.459123,-0.590385,-0.307508,0.588293
2079609419,3,-0.45915,-0.590793,-0.305533,0.588891
2079609429,3,-0.459106,-0.591193,-0.303651,0.589497
2079609439,3,-0.458998,-0.591579,-0.30186,0.590113
2079609449,3,-0.458824,-0.591909,-0.300187,0.59077
2079609459,3,-0.4586,-0.592195,-0.298642,0.591441
2079609469,3,-0.45827,-0.592441,-0.297293,0.59213
2079609479,3,-0.457885,-0.592625,-0.296089,0.592846
2079609489,3,-0.457466,-0.592719,-0.294995,0.593621
2079609499,3,-0.457027,-0.592772,-0.294016,0.594391
2079609509,3,-0.456595,-0.592768,-0.293132,0.595164
2079609519,3,-0.456156,-0.592713,-0.292345,0.595941
2079609529,3,-0.455701,-0.592629,-0.291681,0.596697
2079609539,3,-0.45524,-0.592501,-0.291132,0.597444
2079609550,3,-0.454798,-0.592326,-0.290706,0.598161
2079609560,3,-0.45435,-0.592156,-0.290425,0.598806
2079609570,3,-0.453894,-0.591982,-0.290295,0.599387
2079609580,3,-0.453475,-0.591788,-0.290269,0.599908
2079609590,3,-0.453081,-0.591583,-0.290373,0.600357
2079609600,3,-0.45274,-0.59135,-0.290582,0.600743
2079609610,3,-0.45245,-0.591098,-0.290916,0.601048
2079609620,3,-0.452219,-0.590824,-0.291362,0.601275
2079609630,3,-0.45206,-0.590544,-0.291935,0.601392
2079609640,3,-0.451963,-0.590222,-0.29266,0.601428
2079609650,3,-0.451904,-0.589889,-0.293566,0.601357
2079609660,3,-0.451888,-0.589529,-0.294641,0.601196
2079609670,3,-0.451933,-0.58912,-0.29586,0.600965
2079609681,3,-0.452029,-0.588621,-0.297251,0.600696
2079609691,3,-0.452151,-0.588036,-0.298814,0.600401
2079609701,3,-0.452306,-0.587354,-0.30053,0.600096
2079609711,3,-0.452496,-0.586571,-0.302402,0.599778
2079609721,3,-0.452761,-0.585692,-0.304367,0.599443
2079609731,3,-0.453078,-0.584717,-0.306446,0.599096
2079609741,3,-0.453476,-0.58367,-0.308586,0.598717
2079609751,3,-0.453973,-0.58258,-0.310764,0.598275
2079609761,3,-0.454523,-0.581439,-0.313029,0.597786
2079609771,3,-0.455114,-0.580253,-0.315362,0.597262
2079609781,3,-0.455747,-0.579004,-0.317756,0.596724
2079609791,3,-0.456431,-0.577684,-0.32018,0.596183
2079609801,3,-0.457118,-0.576316,-0.322659,0.595644
2079609811,3,-0.457834,-0.574897,-0.325136,0.595118
2079609822,3,-0.458564,-0.573453,-0.327632,0.59458
2079609832,3,-0.459339,-0.572017,-0.330097,0.594001
2079609842,3,-0.46019,-0.570627,-0.332511,0.593333
2079609852,3,-0.46111,-0.569257,-0.334871,0.592608
2079609862,3,-0.462085,-0.567929,-0.337177,0.591814
2079609872,3,-0.463115,-0.566666,-0.339434,0.590929
2079609882,3,-0.464187,-0.565451,-0.341648,0.589975
2079609892,3,-0.46524,-0.564279,-0.343867,0.588978
2079609902,3,-0.466216,-0.563134,-0.346123,0.587979
2079609912,3,-0.467113,-0.562,-0.348414,0.586998
2079609922,3,-0.467903,-0.560885,-0.350745,0.586047
2079609932,3,-0.468585,-0.559745,-0.353093,0.585181
2079609942,3,-0.469187,-0.558595,-0.355421,0.584388
2079609953,3,-0.469702,-0.55746,-0.357718,0.583656
2079609963,3,-0.470174,-0.556375,-0.359926,0.582953
2079609973,3,-0.470632,-0.55535,-0.362005,0.582273
2079609983,3,-0.471096,-0.554407,-0.363937,0.581592
2079609993,3,-0.471561,-0.553568,-0.365726,0.580892
2079610003,3,-0.472023,-0.552815,-0.367375,0.580193
2079610013,3,-0.472466,-0.552151,-0.368897,0.579498
2079610023,3,-0.472856,-0.55158,-0.370309,0.578823
2079610033,3,-0.473209,-0.55111,-0.371605,0.578152
2079610043,3,-0.473486,-0.550707,-0.372834,0.577517
2079610053,3,-0.473724,-0.550328,-0.373928,0.576976
2079610063,3,-0.473878,-0.549981,-0.374947,0.576519
2079610073,3,-0.473967,-0.549693,-0.375867,0.57612
2079610084,3,-0.473983,-0.549485,-0.3767,0.575762
2079610094,3,-0.473953,-0.549333,-0.377432,0.575452
2079610104,3,-0.473869,-0.549257,-0.37808,0.575168
2079610114,3,-0.473756,-0.549261,-0.378593,0.57492
2079610124,3,-0.473592,-0.549343,-0.379003,0.574707
2079610134,3,-0.473406,-0.549483,-0.379286,0.574539
2079610144,3,-0.473214,-0.549684,-0.379434,0.574407
2079610154,3,-0.472981,-0.549953,-0.379496,0.5743
2079610164,3,-0.472723,-0.550286,-0.379443,0.57423
2079610174,3,-0.47244,-0.550685,-0.37931,0.574167
2079610184,3,-0.472128,-0.55116,-0.379091,0.574113
2079610194,3,-0.471792,-0.551709,-0.378794,0.574058
2079610204,3,-0.471437,-0.552316,-0.378439,0.574
2079610215,3,-0.471052,-0.552976,-0.378034,0.573948
2079610225,3,-0.470657,-0.553685,-0.377544,0.57391
2079610235,3,-0.47022,-0.554414,-0.377021,0.573909
2079610245,3,-0.469784,-0.555153,-0.376417,0.573948
2079610255,3,-0.469373,-0.555912,-0.375733,0.573998
2079610265,3,-0.468988,-0.556683,-0.374953,0.574075
2079610275,3,-0.468641,-0.557444,-0.374089,0.574184
2079610285,3,-0.468333,-0.558236,-0.373135,0.574287
2079610295,3,-0.468077,-0.559033,-0.372098,0.574393
2079610305,3,-0.467863,-0.559837,-0.371003,0.574493
2079610315,3,-0.467666,-0.560617,-0.369874,0.57462
2079610325,3,-0.467497,-0.561393,-0.368699,0.574756
2079610335,3,-0.467327,-0.562136,-0.367528,0.574917
2079610345,3,-0.467189,-0.562851,-0.366329,0.575094
2079610356,3,-0.466983,-0.563518,-0.365205,0.575325
2079610366,3,-0.466811,-0.56417,-0.364063,0.575549
2079610376,3,-0.466672,-0.564783,-0.362911,0.575787
2079610386,3,-0.466574,-0.565357,-0.361737,0.576043
2079610396,3,-0.466512,-0.56591,-0.360545,0.576296
2079610406,3,-0.4665,-0.566431,-0.359342,0.576546
2079610416,3,-0.466516,-0.56695,-0.358138,0.576771
2079610426,3,-0.46658,-0.567448,-0.356918,0.576986
2079610436,3,-0.466671,-0.567951,-0.355696,0.577172
2079610446,3,-0.466812,-0.568415,-0.354471,0.577355
2079610456,3,-0.46695,-0.568857,-0.353272,0.577543
2079610466,3,-0.467076,-0.569258,-0.352108,0.577758
2079610476,3,-0.467196,-0.569613,-0.35098,0.577996
2079610487,3,-0.467319,-0.569938,-0.34987,0.578249
2079610497,3,-0.467466,-0.57025,-0.34875,0.5785
2079610507,3,-0.467624,-0.570534,-0.347629,0.578767
2079610517,3,-0.467816,-0.570788,-0.346472,0.579055
2079610527,3,-0.468029,-0.571016,-0.3453,0.579358
2079610537,3,-0.468266,-0.571228,-0.344101,0.579671
2079610547,3,-0.468526,-0.571431,-0.342885,0.579981
2079610557,3,-0.46881,-0.571565,-0.341639,0.580355
2079610567,3,-0.469117,-0.571664,-0.340366,0.580757
2079610577,3,-0.469407,-0.571716,-0.339097,0.581213
2079610587,3,-0.469706,-0.57171,-0.337822,0.58172
2079610597,3,-0.470025,-0.571662,-0.336529,0.582259
2079610607,3,-0.470356,-0.571585,-0.335195,0.582836
2079610618,3,-0.4707,-0.571494,-0.333852,0.583419
2079610628,3,-0.471102,-0.571374,-0.332445,0.584014
2079610638,3,-0.471542,-0.571225,-0.330992,0.58463
2079610648,3,-0.472045,-0.571119,-0.329491,0.585176
2079610658,3,-0.47261,-0.571018,-0.327932,0.585694
2079610668,3,-0.473212,-0.570908,-0.326354,0.586196
2079610678,3,-0.473815,-0.570798,-0.324808,0.586675
2079610688,3,-0.474446,-0.570652,-0.323264,0.587159
2079610698,3,-0.475086,-0.570468,-0.321742,0.587656
2079610708,3,-0.475704,-0.57024,-0.320299,0.588165
2079610718,3,-0.476271,-0.569983,-0.318942,0.588693
2079610728,3,-0.476797,-0.569673,-0.317667,0.589256
2079610738,3,-0.477286,-0.569328,-0.316487,0.589829
2079610748,3,-0.477732,-0.568951,-0.315398,0.590415
2079610759,3,-0.478147,-0.568544,-0.314403,0.591001
2079610769,3,-0.478551,-0.568118,-0.3135,0.591562
2079610779,3,-0.478948,-0.567697,-0.312677,0.592081
2079610789,3,-0.479329,-0.567268,-0.311957,0.592563
2079610799,3,-0.479648,-0.566861,-0.311367,0.593006
2079610809,3,-0.479908,-0.566482,-0.310927,0.593387
2079610819,3,-0.480102,-0.566139,-0.310651,0.593702
2079610829,3,-0.480239,-0.565841,-0.310515,0.593947
2079610839,3,-0.480321,-0.56558,-0.310495,0.594139
2079610849,3,-0.48038,-0.565367,-0.310569,0.594257
2079610859,3,-0.480424,-0.565203,-0.310706,0.594305
2079610869,3,-0.480484,-0.565085,-0.310864,0.594286
2079610879,3,-0.480545,-0.565015,-0.311067,0.594197
2079610890,3,-0.480584,-0.565014,-0.311321,0.594033
2079610900,3,-0.480649,-0.565037,-0.311576,0.593825
2079610910,3,-0.480694,-0.565061,-0.311862,0.593616
2079610920,3,-0.480724,-0.565091,-0.312164,0.593404
2079610930,3,-0.480721,-0.565095,-0.312463,0.593246
2079610940,3,-0.480668,-0.565122,-0.31279,0.593089
2079610950,3,-0.480556,-0.565191,-0.313148,0.592926
2079610960,3,-0.480356,-0.565305,-0.31355,0.592767
2079610970,3,-0.48007,-0.565469,-0.313991,0.592609
2079610980,3,-0.479708,-0.56566,-0.314476,0.592463
2079610990,3,-0.479271,-0.565878,-0.314988,0.592337
2079611000,3,-0.478753,-0.566113,-0.315527,0.592244
2079611010,3,-0.47816,-0.566359,-0.316102,0.592181
2079611021,3,-0.477503,-0.566633,-0.316704,0.592127
2079611031,3,-0.47677,-0.566946,-0.31735,0.592072
2079611041,3,-0.475973,-0.567296,-0.318026,0.592016
2079611051,3,-0.475118,-0.567693,-0.31873,0.591943
2079611061,3,-0.474254,-0.568135,-0.31943,0.591835
2079611071,3,-0.473316,-0.56862,-0.320193,0.591708
2079611081,3,-0.472309,-0.569134,-0.321031,0.591563
2079611091,3,-0.471163,-0.56968,-0.321981,0.591436
2079611101,3,-0.469871,-0.570247,-0.323073,0.591322
2079611111,3,-0.468384,-0.570822,-0.324327,0.591259
2079611121,3,-0.466664,-0.571373,-0.325757,0.591302
2079611131,3,-0.464698,-0.571897,-0.327323,0.591479
2079611141,3,-0.462546,-0.572411,-0.328903,0.591792
2079611152,3,-0.460271,-0.572964,-0.330383,0.592206
2079611162,3,-0.457883,-0.573558,-0.331703,0.592744
2079611172,3,-0.455406,-0.57422,-0.332819,0.593385
2079611182,3,-0.452825,-0.575038,-0.333683,0.594083
2079611192,3,-0.450165,-0.576093,-0.334253,0.594762
2079611202,3,-0.44746,-0.577446,-0.334453,0.595378
2079611212,3,-0.444787,-0.579195,-0.334173,0.595839
2079611222,3,-0.442137,-0.581431,-0.333405,0.596064
2079611232,3,-0.439543,-0.58412,-0.332109,0.596077
2079611242,3,-0.436944,-0.587201,-0.330374,0.595925
2079611252,3,-0.434216,-0.59061,-0.328349,0.595669
2079611262,3,-0.431302,-0.594305,-0.326109,0.595341
2079611272,3,-0.428143,-0.598161,-0.323744,0.595051
2079611282,3,-0.424767,-0.602086,-0.321258,0.594858
2079611293,3,-0.421222,-0.605998,-0.318679,0.594794
2079611303,3,-0.417585,-0.60983,-0.316009,0.594866
2079611313,3,-0.413878,-0.613516,-0.313281,0.59511
2079611323,3,-0.410095,-0.61698,-0.310525,0.595592
2079611333,3,-0.406327,-0.620157,-0.307675,0.596354
2079611343,3,-0.402595,-0.622984,-0.304726,0.597452
2079611353,3,-0.398937,-0.625481,-0.301678,0.598842
2079611363,3,-0.39536,-0.627715,-0.298552,0.600441
2079611373,3,-0.39208,-0.629813,-0.295125,0.602087
2079611383,3,-0.389074,-0.631852,-0.291441,0.603692
2079611393,3,-0.386372,-0.633897,-0.287482,0.60518
2079611403,3,-0.383991,-0.636008,-0.283255,0.606473
2079611413,3,-0.381907,-0.638238,-0.278783,0.607518
2079611424,3,-0.38007,-0.640583,-0.274124,0.608321
2079611434,3,-0.378445,-0.643045,-0.269321,0.608882
2079611444,3,-0.376991,-0.645606,-0.264438,0.609214
2079611454,3,-0.375673,-0.648221,-0.259519,0.609367
2079611464,3,-0.374476,-0.650848,-0.254613,0.609373
2079611474,3,-0.373289,-0.653175,-0.249804,0.609601
2079611484,3,-0.372229,-0.655516,-0.245019,0.609679
2079611494,3,-0.371229,-0.657825,-0.240367,0.609654
2079611504,3,-0.370246,-0.660034,-0.235935,0.609595
2079611514,3,-0.369277,-0.662001,-0.23174,0.609659
2079611524,3,-0.36828,-0.663638,-0.227806,0.609965
2079611534,3,-0.367221,-0.664921,-0.224189,0.610546
2079611544,3,-0.366091,-0.665817,-0.220946,0.611429
2079611555,3,-0.365113,-0.666214,-0.217822,0.612701
2079611565,3,-0.364266,-0.666249,-0.214878,0.614206
2079611575,3,-0.363633,-0.665979,-0.212007,0.615869
2079611585,3,-0.363291,-0.665503,-0.209092,0.617579
2079611595,3,-0.363284,-0.664932,-0.206034,0.619223
2079611605,3,-0.363642,-0.66438,-0.202728,0.620697
2079611615,3,-0.364379,-0.663919,-0.199155,0.621913
2079611625,3,-0.365468,-0.663603,-0.195317,0.622827
2079611635,3,-0.366877,-0.663443,-0.191213,0.623442
2079611645,3,-0.368533,-0.663404,-0.1869,0.623816
2079611655,3,-0.370379,-0.663452,-0.182421,0.623996
2079611665,3,-0.372349,-0.663563,-0.17787,0.624019
2079611675,3,-0.374385,-0.663713,-0.1733,0.623928
2079611685,3,-0.376442,-0.6639,-0.168746,0.62374
2079611696,3,-0.377789,-0.66401,-0.16507,0.623792
2079611706,3,-0.379251,-0.664146,-0.16149,0.623696
2079611716,3,-0.381103,-0.664299,-0.157776,0.623356
2079611726,3,-0.38283,-0.664398,-0.154552,0.623
2079611736,3,-0.384434,-0.664458,-0.151818,0.622621
2079611746,3,-0.385914,-0.664496,-0.149528,0.622218
2079611756,3,-0.3873,-0.664535,-0.147609,0.621773
2079611766,3,-0.388579,-0.664639,-0.145976,0.621249
2079611776,3,-0.389738,-0.664829,-0.144581,0.620646
2079611786,3,-0.390765,-0.665067,-0.143432,0.620012
2079611796,3,-0.391645,-0.665268,-0.142511,0.619452
2079611806,3,-0.391583,-0.665525,-0.142817,0.619145
2079611816,3,-0.391395,-0.665632,-0.143405,0.619013
2079611827,3,-0.391018,-0.665465,-0.144316,0.619218
2079611837,3,-0.390445,-0.664888,-0.145578,0.619905
2079611847,3,-0.389607,-0.66385,-0.147237,0.621151
2079611857,3,-0.388517,-0.66233,-0.149234,0.622977
2079611867,3,-0.387984,-0.660029,-0.150472,0.62545
2079611877,3,-0.387353,-0.65759,-0.151872,0.628065
2079611887,3,-0.386632,-0.655162,-0.153417,0.630666
2079611897,3,-0.385821,-0.652876,-0.155093,0.633118
2079611907,3,-0.384881,-0.650788,-0.156944,0.63538
2079611917,3,-0.383765,-0.648903,-0.159053,0.637456
2079611927,3,-0.382431,-0.647194,-0.161502,0.639376
2079611937,3,-0.380835,-0.6456,-0.164383,0.641204
2079611947,3,-0.378928,-0.644071,-0.167758,0.642994
2079611958,3,-0.376613,-0.642556,-0.171795,0.644801
2079611968,3,-0.374527,-0.641329,-0.175996,0.646104
2079611978,3,-0.371854,-0.640074,-0.181151,0.647466
2079611988,3,-0.368438,-0.638634,-0.187266,0.649099
2079611998,3,-0.364547,-0.636842,-0.193827,0.651128
2079612008,3,-0.360342,-0.634458,-0.200526,0.653762
2079612018,3,-0.355873,-0.6315,-0.207303,0.656952
2079612028,3,-0.351067,-0.628177,-0.214296,0.66047
2079612038,3,-0.345877,-0.624603,-0.221534,0.664199
2079612048,3,-0.339963,-0.62031,-0.229242,0.668645
2079612058,3,-0.334014,-0.61603,-0.236864,0.672931
2079612068,3,-0.328144,-0.611884,-0.244331,0.67692
2079612078,3,-0.322458,-0.60798,-0.251604,0.680496
2079612089,3,-0.317042,-0.604449,-0.258655,0.683536
2079612099,3,-0.311965,-0.601404,-0.265443,0.685952
2079612109,3,-0.307283,-0.598947,-0.271952,0.687663
2079612119,3,-0.30304,-0.597135,-0.278188,0.688626
2079612129,3,-0.2992,-0.595952,-0.284188,0.68888
2079612139,3,-0.295765,-0.595344,-0.289951,0.688488
2079612149,3,-0.292712,-0.59524,-0.2955,0.687522
2079612159,3,-0.290027,-0.595577,-0.300833,0.686054
2079612169,3,-0.287706,-0.596294,-0.30594,0.684147
2079612179,3,-0.285755,-0.597346,-0.310791,0.681857
2079612189,3,-0.284213,-0.598705,-0.315322,0.679225
2079612199,3,-0.283094,-0.600343,-0.319494,0.67629
2079612209,3,-0.282391,-0.60223,-0.323273,0.673102
2079612219,3,-0.282128,-0.604302,-0.326625,0.669729
2079612230,3,-0.282309,-0.6065,-0.329496,0.66625
2079612240,3,-0.282931,-0.608762,-0.33183,0.662756
2079612250,3,-0.283998,-0.611048,-0.333596,0.6593
2079612260,3,-0.286459,-0.613936,-0.33388,0.655398
2079612270,3,-0.289313,-0.616747,-0.33357,0.651652
2079612280,3,-0.292542,-0.619431,-0.33265,0.648126
2079612290,3,-0.29607,-0.621975,-0.331142,0.644851
2079612300,3,-0.299882,-0.624338,-0.329065,0.641863
2079612310,3,-0.303874,-0.626476,-0.326495,0.639209
2079612320,3,-0.307964,-0.62834,-0.323502,0.636939
2079612330,3,-0.310742,-0.629247,-0.321498,0.635708
2079612340,3,-0.31346,-0.629807,-0.319294,0.63493
2079612350,3,-0.3161,-0.630014,-0.316923,0.634604
2079612361,3,-0.318638,-0.629873,-0.314449,0.634705
2079612371,3,-0.321077,-0.629389,-0.311931,0.635198
2079612381,3,-0.323391,-0.628573,-0.309404,0.636068
2079612391,3,-0.325601,-0.627448,-0.306897,0.637264
2079612401,3,-0.327744,-0.626081,-0.304404,0.638703
2079612411,3,-0.329923,-0.624534,-0.301863,0.640301
2079612421,3,-0.332215,-0.622883,-0.299222,0.641961
2079612431,3,-0.334716,-0.621186,-0.296421,0.643604
2079612441,3,-0.338033,-0.61964,-0.292866,0.644986
2079612451,3,-0.341512,-0.618105,-0.289231,0.646266
2079612461,3,-0.345187,-0.616665,-0.285493,0.64735
2079612471,3,-0.349087,-0.615385,-0.281603,0.64818
2079612481,3,-0.353153,-0.614607,-0.277644,0.648423
2079612492,3,-0.357503,-0.614195,-0.273467,0.648205
2079612502,3,-0.362071,-0.614152,-0.269137,0.647522
2079612512,3,-0.366776,-0.61447,-0.264745,0.646382
2079612522,3,-0.371533,-0.61512,-0.260381,0.644819
2079612532,3,-0.376245,-0.616065,-0.256136,0.642881
2079612542,3,-0.380847,-0.617258,-0.252109,0.640615
2079612552,3,-0.385773,-0.618545,-0.247842,0.638087
2079612562,3,-0.390463,-0.620025,-0.24397,0.635283
2079612572,3,-0.394815,-0.621618,-0.240613,0.63231
2079612582,3,-0.398775,-0.623279,-0.237876,0.629218
2079612592,3,-0.402322,-0.624976,-0.235794,0.626053
2079612602,3,-0.405521,-0.626729,-0.234318,0.622781
2079612612,3,-0.408372,-0.628565,-0.233476,0.619375
2079612622,3,-0.410936,-0.630479,-0.233183,0.615834
2079612633,3,-0.413024,-0.632772,-0.233674,0.611886
2079612643,3,-0.414876,-0.635103,-0.234591,0.607855
2079612653,3,-0.416475,-0.637407,-0.235862,0.603845
2079612663,3,-0.41783,-0.639624,-0.237407,0.599947
2079612673,3,-0.418972,-0.641704,-0.239148,0.596225
2079612683,3,-0.419962,-0.643618,-0.240982,0.592716
2079612693,3,-0.420837,-0.645341,-0.242845,0.589454
2079612703,3,-0.421614,-0.646877,-0.244685,0.586446
2079612713,3,-0.422315,-0.648259,-0.24644,0.583675
2079612723,3,-0.422958,-0.649506,-0.248056,0.581132
2079612733,3,-0.423539,-0.650639,-0.249516,0.578813
2079612743,3,-0.424054,-0.651671,-0.250801,0.576715
2079612753,3,-0.4245,-0.652602,-0.251905,0.57485
2079612764,3,-0.424886,-0.653397,-0.252832,0.573253
2079612774,3,-0.425191,-0.654053,-0.253579,0.571947
2079612784,3,-0.425445,-0.654548,-0.254129,0.570947
2079612794,3,-0.425701,-0.654884,-0.254447,0.570229
2079612804,3,-0.425989,-0.655081,-0.254507,0.569759
2079612814,3,-0.426352,-0.655166,-0.254274,0.569495
2079612824,3,-0.426843,-0.655157,-0.253747,0.569372
2079612834,3,-0.427472,-0.655107,-0.252908,0.569331
2079612844,3,-0.428217,-0.65503,-0.251782,0.569359
2079612854,3,-0.428326,-0.654166,-0.251142,0.570552
2079612864,3,-0.428574,-0.653307,-0.250187,0.571768
2079612874,3,-0.428882,-0.652454,-0.249038,0.573012
2079612884,3,-0.429155,-0.651634,-0.247803,0.574274
2079612895,3,-0.429409,-0.650908,-0.246487,0.575473
2079612905,3,-0.429723,-0.650218,-0.244991,0.576657
2079612915,3,-0.430927,-0.650176,-0.242439,0.576884
2079612925,3,-0.432236,-0.650097,-0.239661,0.577154
2079612935,3,-0.43365,-0.649888,-0.236727,0.577539
2079612945,3,-0.435128,-0.649482,-0.233734,0.578103
2079612955,3,-0.436614,-0.648834,-0.230816,0.578882
2079612965,3,-0.43807,-0.647918,-0.228083,0.579891
2079612975,3,-0.439458,-0.646715,-0.225631,0.581141
2079612985,3,-0.440758,-0.645206,-0.223531,0.582644
2079612995,3,-0.441945,-0.643406,-0.221845,0.584377
2079613005,3,-0.443016,-0.641344,-0.220612,0.586296
2079613015,3,-0.443969,-0.639075,-0.21983,0.588343
2079613026,3,-0.444837,-0.636613,-0.219466,0.590489
2079613036,3,-0.445616,-0.633985,-0.219473,0.592722
2079613046,3,-0.446288,-0.631175,-0.219853,0.59507
2079613056,3,-0.446838,-0.628169,-0.220591,0.597559
2079613066,3,-0.447251,-0.624953,-0.221688,0.60021
2079613076,3,-0.447547,-0.621551,-0.223119,0.602986
2079613086,3,-0.447082,-0.618184,-0.225685,0.60583
2079613096,3,-0.44657,-0.61469,-0.228469,0.608713
2079613106,3,-0.446062,-0.611129,-0.231461,0.611534
2079613116,3,-0.445594,-0.60757,-0.234645,0.614202
2079613126,3,-0.445216,-0.604063,-0.237991,0.616643
2079613136,3,-0.444933,-0.600633,-0.241527,0.61882
2079613146,3,-0.444915,-0.596955,-0.244961,0.621037
2079613156,3,-0.444778,-0.593191,-0.248815,0.623207
2079613167,3,-0.444465,-0.589278,-0.253149,0.625393
2079613177,3,-0.443944,-0.585156,-0.257995,0.627648
2079613187,3,-0.443196,-0.580802,-0.263373,0.629984
2079613197,3,-0.442232,-0.576222,-0.269284,0.632363
2079613207,3,-0.441049,-0.571454,-0.275698,0.634748
2079613217,3,-0.439644,-0.566533,-0.282586,0.6371
2079613227,3,-0.438038,-0.561469,-0.28993,0.639386
2079613237,3,-0.436887,-0.557089,-0.297244,0.640645
2079613247,3,-0.435589,-0.552606,-0.304887,0.641818
2079613257,3,-0.434103,-0.548055,-0.31288,0.64288
2079613267,3,-0.432419,-0.543387,-0.321197,0.643875
2079613277,3,-0.430529,-0.538597,-0.329781,0.644826
2079613287,3,-0.427804,-0.532725,-0.338982,0.646744
2079613298,3,-0.425089,-0.526775,-0.348171,0.648523
2079613308,3,-0.422494,-0.520813,-0.357221,0.650111
2079613318,3,-0.420104,-0.514933,-0.366058,0.651426
2079613328,3,-0.418026,-0.509217,-0.374599,0.652401
2079613338,3,-0.416316,-0.50372,-0.382812,0.652994
2079613348,3,-0.414994,-0.498477,-0.39068,0.653198
2079613358,3,-0.414078,-0.493512,-0.398192,0.653013
2079613368,3,-0.413569,-0.488788,-0.405367,0.652475
2079613378,3,-0.413451,-0.484296,-0.412218,0.651606
2079613388,3,-0.413711,-0.480017,-0.418753,0.650439
2079613398,3,-0.414315,-0.475938,-0.424989,0.649005
2079613408,3,-0.415248,-0.472063,-0.430925,0.647323
2079613418,3,-0.416497,-0.468411,-0.436561,0.645395
2079613429,3,-0.418053,-0.464985,-0.441914,0.643219
2079613439,3,-0.419906,-0.461814,-0.446978,0.640793
2079613449,3,-0.422072,-0.458917,-0.451739,0.638106
2079613459,3,-0.424526,-0.456313,-0.456216,0.635154
2079613469,3,-0.428665,-0.455067,-0.459407,0.630954
2079613479,3,-0.433138,-0.454106,-0.46226,0.626492
2079613489,3,-0.437894,-0.453416,-0.464813,0.621779
2079613499,3,-0.442811,-0.452954,-0.467148,0.616865
2079613509,3,-0.447751,-0.452679,-0.469358,0.611802
2079613519,3,-0.452611,-0.452526,-0.471488,0.60668
2079613529,3,-0.457374,-0.452453,-0.473521,0.601558
2079613539,3,-0.462042,-0.452368,-0.475431,0.596527
2079613549,3,-0.466631,-0.45226,-0.477191,0.591611
2079613559,3,-0.469654,-0.451087,-0.479929,0.587888
2079613570,3,-0.472637,-0.449874,-0.482465,0.58434
2079613580,3,-0.475558,-0.448597,-0.484799,0.58101
2079613590,3,-0.478336,-0.447183,-0.486983,0.577986
2079613600,3,-0.480883,-0.44553,-0.489073,0.575378
2079613610,3,-0.483164,-0.443552,-0.491116,0.573251
2079613620,3,-0.485186,-0.441251,-0.493087,0.571625
2079613630,3,-0.487115,-0.438728,-0.494876,0.57038
2079613640,3,-0.489161,-0.43612,-0.496292,0.569397
2079613650,3,-0.492226,-0.434407,-0.49667,0.567734
2079613660,3,-0.495403,-0.432691,-0.4967,0.566252
2079613670,3,-0.498803,-0.430736,-0.496269,0.565136
2079613680,3,-0.502804,-0.429223,-0.495112,0.563754
2079613690,3,-0.507379,-0.428208,-0.493273,0.562036
2079613701,3,-0.512467,-0.427719,-0.490815,0.55994
2079613711,3,-0.517951,-0.427776,-0.487852,0.557435
2079613721,3,-0.523676,-0.42836,-0.484545,0.554513
2079613731,3,-0.530277,-0.429414,-0.480353,0.551061
2079613741,3,-0.536941,-0.430923,-0.476013,0.547184
2079613751,3,-0.543506,-0.432859,-0.471712,0.542881
2079613761,3,-0.549788,-0.435116,-0.467642,0.538253
2079613771,3,-0.555697,-0.437577,-0.463904,0.533403
2079613781,3,-0.561238,-0.440174,-0.460529,0.528365
2079613791,3,-0.565631,-0.442817,-0.458313,0.523375
2079613801,3,-0.569723,-0.445505,-0.456451,0.518258
2079613811,3,-0.573511,-0.448157,-0.454946,0.513091
2079613821,3,-0.577615,-0.450865,-0.453169,0.50766
2079613832,3,-0.581317,-0.453392,-0.451832,0.502348
2079613842,3,-0.584653,-0.45573,-0.450903,0.497167
2079613852,3,-0.587336,-0.457887,-0.450688,0.492193
2079613862,3,-0.589861,-0.459921,-0.450653,0.487285
2079613872,3,-0.592267,-0.461805,-0.450746,0.482475
2079613882,3,-0.594596,-0.463484,-0.450928,0.477808
2079613892,3,-0.596856,-0.464939,-0.451188,0.473309
2079613902,3,-0.599062,-0.466148,-0.451508,0.469008
2079613912,3,-0.601218,-0.467087,-0.451885,0.464935
2079613922,3,-0.603319,-0.467743,-0.452332,0.461103
2079613932,3,-0.605321,-0.468097,-0.452898,0.457551
2079613942,3,-0.607191,-0.468116,-0.453623,0.454324
2079613952,3,-0.608915,-0.46776,-0.454563,0.451435
2079613963,3,-0.610468,-0.467045,-0.455744,0.44888
2079613973,3,-0.611855,-0.465981,-0.457179,0.446632
2079613983,3,-0.613092,-0.464576,-0.458858,0.444673
2079613993,3,-0.614218,-0.462839,-0.460756,0.442966
2079614003,3,-0.615259,-0.460804,-0.46284,0.441467
2079614013,3,-0.61626,-0.458475,-0.465071,0.440149
2079614023,3,-0.617259,-0.455878,-0.467407,0.43897
2079614033,3,-0.618307,-0.453041,-0.469786,0.437891
2079614043,3,-0.619439,-0.449995,-0.472173,0.436864
2079614053,3,-0.620708,-0.446762,-0.474505,0.435853
2079614063,3,-0.622151,-0.443353,-0.476758,0.434817
2079614073,3,-0.623772,-0.439765,-0.47891,0.433773
2079614083,3,-0.625562,-0.435986,-0.480983,0.432714
2079614093,3,-0.627198,-0.431711,-0.483307,0.432042
2079614104,3,-0.629015,-0.427284,-0.485544,0.431294
2079614114,3,-0.63094,-0.42267,-0.487774,0.430512
2079614124,3,-0.632959,-0.417836,-0.490015,0.429721
2079614134,3,-0.635,-0.412781,-0.492338,0.428938
2079614144,3,-0.637033,-0.407464,-0.494788,0.428188
2079614154,3,-0.639025,-0.401916,-0.497378,0.427461
2079614164,3,-0.64097,-0.396139,-0.500118,0.426745
2079614174,3,-0.642747,-0.390132,-0.50314,0.426052
2079614184,3,-0.644421,-0.383845,-0.506355,0.425427
2079614194,3,-0.645965,-0.37727,-0.509789,0.424865
2079614204,3,-0.647335,-0.370417,-0.513489,0.424355
2079614214,3,-0.648464,-0.363307,-0.517527,0.423869
2079614224,3,-0.649301,-0.356012,-0.521963,0.42334
2079614235,3,-0.64987,-0.348605,-0.526777,0.422668
2079614245,3,-0.650272,-0.341174,-0.531842,0.421769
2079614255,3,-0.65064,-0.33381,-0.536988,0.420573
2079614265,3,-0.651091,-0.326595,-0.54205,0.419041
2079614275,3,-0.651692,-0.319548,-0.546941,0.417182
2079614285,3,-0.652378,-0.312745,-0.551697,0.414996
2079614295,3,-0.653244,-0.306169,-0.556195,0.412527
2079614305,3,-0.654257,-0.299797,-0.560457,0.409823
2079614315,3,-0.655432,-0.293633,-0.564466,0.406897
2079614325,3,-0.656715,-0.287661,-0.568274,0.403781
2079614335,3,-0.658138,-0.281907,-0.571864,0.400442
2079614345,3,-0.659736,-0.27634,-0.57523,0.396853
2079614355,3,-0.661431,-0.270973,-0.57849,0.392976
2079614366,3,-0.662778,-0.265502,-0.582029,0.389197
2079614376,3,-0.664072,-0.260064,-0.585607,0.385276
2079614386,3,-0.665242,-0.25464,-0.589322,0.381194
2079614396,3,-0.666241,-0.249187,-0.593254,0.376931
2079614406,3,-0.667025,-0.243683,-0.597458,0.372475
2079614416,3,-0.667586,-0.238108,-0.601942,0.367827
2079614426,3,-0.667912,-0.232465,-0.606722,0.362959
2079614436,3,-0.669225,-0.22686,-0.610645,0.357469
2079614446,3,-0.670286,-0.221201,-0.614908,0.351672
2079614456,3,-0.670955,-0.215457,-0.619615,0.345649
2079614466,3,-0.671315,-0.209635,-0.624624,0.339459
2079614476,3,-0.671341,-0.203825,-0.629901,0.333136
2079614486,3,-0.67125,-0.197959,-0.635175,0.326782
2079614496,3,-0.671073,-0.191885,-0.640386,0.32054
2079614507,3,-0.670072,-0.185347,-0.646209,0.314741
2079614517,3,-0.669061,-0.178687,-0.651914,0.308925
2079614527,3,-0.668064,-0.171902,-0.657454,0.303138
2079614537,3,-0.667091,-0.165014,-0.662806,0.297399
2079614547,3,-0.666174,-0.158087,-0.66793,0.291698
2079614557,3,-0.665341,-0.15114,-0.672813,0.286005
2079614567,3,-0.664613,-0.144227,-0.67743,0.280312
2079614577,3,-0.664024,-0.137386,-0.681754,0.274603
2079614587,3,-0.663601,-0.130629,-0.685759,0.268893
2079614597,3,-0.66336,-0.124007,-0.689437,0.263157
2079614607,3,-0.663296,-0.117513,-0.69279,0.257428
2079614617,3,-0.663405,-0.111163,-0.695827,0.251714
2079614627,3,-0.663666,-0.104948,-0.698566,0.246042
2079614638,3,-0.664063,-0.098878,-0.701025,0.240427
2079614648,3,-0.664606,-0.092949,-0.703201,0.234875
2079614658,3,-0.665276,-0.087152,-0.705112,0.22941
2079614668,3,-0.66606,-0.081481,-0.706768,0.224058
2079614678,3,-0.668041,-0.076186,-0.707244,0.218452
2079614688,3,-0.670033,-0.070987,-0.707544,0.213066
2079614698,3,-0.672052,-0.06593,-0.707659,0.207886
2079614708,3,-0.674145,-0.061043,-0.707557,0.20289
2079614718,3,-0.676285,-0.056339,-0.707265,0.198091
2079614728,3,-0.678522,-0.051806,-0.706727,0.193544
2079614738,3,-0.680768,-0.047416,-0.706031,0.189272
2079614748,3,-0.682972,-0.043268,-0.705245,0.185216
2079614758,3,-0.684997,-0.039449,-0.704515,0.181329
2079614769,3,-0.685363,-0.03631,-0.705288,0.177555
2079614779,3,-0.685351,-0.033591,-0.706345,0.1739
2079614789,3,-0.684975,-0.031293,-0.707677,0.170358
2079614799,3,-0.684294,-0.029409,-0.709229,0.166941
2079614809,3,-0.683396,-0.027948,-0.710921,0.163643
2079614819,3,-0.682389,-0.026895,-0.712646,0.160485
2079614829,3,-0.681389,-0.026241,-0.714303,0.157452
2079614839,3,-0.680443,-0.025963,-0.715837,0.15459
2079614849,3,-0.679577,-0.026042,-0.717238,0.151872
2079614859,3,-0.678834,-0.026396,-0.718461,0.149335
2079614869,3,-0.678252,-0.026937,-0.719468,0.147013
2079614879,3,-0.677872,-0.027576,-0.720218,0.144962
2079614889,3,-0.678434,-0.028264,-0.720035,0.143094
2079614900,3,-0.679155,-0.029025,-0.719639,0.14151
2079614910,3,-0.67987,-0.029704,-0.719163,0.140349
2079614920,3,-0.681158,-0.03036,-0.718085,0.139481
2079614930,3,-0.683109,-0.03101,-0.716323,0.138857
2079614940,3,-0.685754,-0.031701,-0.713843,0.138432
2079614950,3,-0.689082,-0.032464,-0.710648,0.138169
2079614960,3,-0.693016,-0.033313,-0.706796,0.138048
2079614970,3,-0.697455,-0.03428,-0.702369,0.138051
2079614980,3,-0.702283,-0.035405,-0.697469,0.138135
2079614990,3,-0.707369,-0.036709,-0.692207,0.138308
2079615000,3,-0.712601,-0.038191,-0.686685,0.138573
2079615010,3,-0.717882,-0.039863,-0.680994,0.138934
2079615020,3,-0.72314,-0.041724,-0.6752,0.139396
2079615030,3,-0.728308,-0.043788,-0.669378,0.139934
2079615041,3,-0.733325,-0.046049,-0.6636,0.140527
2079615051,3,-0.738392,-0.048071,-0.657587,0.141582
2079615061,3,-0.743196,-0.05027,-0.651748,0.142673
2079615071,3,-0.747613,-0.05267,-0.646238,0.143787
2079615081,3,-0.751528,-0.05523,-0.641201,0.144964
2079615091,3,-0.754867,-0.057957,-0.636746,0.146185
2079615101,3,-0.757625,-0.06084,-0.632898,0.147447
2079615111,3,-0.75987,-0.063874,-0.629596,0.148742
2079615121,3,-0.761723,-0.067016,-0.626704,0.150089
2079615131,3,-0.763716,-0.070495,-0.62365,0.151084
2079615141,3,-0.765613,-0.074039,-0.620662,0.152092
2079615151,3,-0.767443,-0.07762,-0.617713,0.153087
2079615161,3,-0.769223,-0.081222,-0.614786,0.154066
2079615172,3,-0.770913,-0.084846,-0.611932,0.155022
2079615182,3,-0.772465,-0.08847,-0.609214,0.155973
2079615192,3,-0.773833,-0.092068,-0.606689,0.156951
2079615202,3,-0.774952,-0.095604,-0.604443,0.157975
2079615212,3,-0.775784,-0.099042,-0.602522,0.15911
2079615222,3,-0.776321,-0.102334,-0.60094,0.160383
2079615232,3,-0.776626,-0.105472,-0.599625,0.161791
2079615242,3,-0.776801,-0.10842,-0.59845,0.163344
2079615252,3,-0.776966,-0.111165,-0.597276,0.165005
2079615262,3,-0.77723,-0.11372,-0.595973,0.166722
2079615272,3,-0.77767,-0.116073,-0.594452,0.16847
2079615282,3,-0.778342,-0.11822,-0.592651,0.170211
2079615292,3,-0.779251,-0.12015,-0.590562,0.171953
2079615303,3,-0.780365,-0.12183,-0.588228,0.173707
2079615313,3,-0.780531,-0.123215,-0.587123,0.175713
2079615323,3,-0.780894,-0.124339,-0.585797,0.17772
2079615333,3,-0.781375,-0.125193,-0.584356,0.179738
2079615343,3,-0.781883,-0.125763,-0.58292,0.181786
2079615353,3,-0.782359,-0.12598,-0.581571,0.183894
2079615363,3,-0.782725,-0.125862,-0.580422,0.186036
2079615373,3,-0.782962,-0.125365,-0.5795,0.188234
2079615383,3,-0.783077,-0.124457,-0.578805,0.190483
2079615393,3,-0.783081,-0.123122,-0.578323,0.192785
2079615403,3,-0.78296,-0.121331,-0.578076,0.195136
2079615413,3,-0.782696,-0.119119,-0.578099,0.197478
2079615423,3,-0.782697,-0.116389,-0.577848,0.199821
2079615433,3,-0.7824,-0.113368,-0.578098,0.201984
2079615444,3,-0.781767,-0.110119,-0.578905,0.203914
2079615454,3,-0.780775,-0.106695,-0.580306,0.20555
2079615464,3,-0.77939,-0.103153,-0.582344,0.206846
2079615474,3,-0.777604,-0.09955,-0.585027,0.20776
2079615484,3,-0.775464,-0.09591,-0.588274,0.2083
2079615494,3,-0.773062,-0.092243,-0.59195,0.20847
2079615504,3,-0.770458,-0.088559,-0.595949,0.208316
2079615514,3,-0.767682,-0.084831,-0.600212,0.207875
2079615524,3,-0.764689,-0.081048,-0.604761,0.207233
2079615534,3,-0.761435,-0.077202,-0.609632,0.206407
2079615544,3,-0.75786,-0.073295,-0.614878,0.205427
2079615554,3,-0.753941,-0.069328,-0.620511,0.204283
2079615564,3,-0.749706,-0.065318,-0.626479,0.202971
2079615575,3,-0.745247,-0.061248,-0.632668,0.201459
2079615585,3,-0.740625,-0.057482,-0.639064,0.199414
2079615595,3,-0.735939,-0.053671,-0.645466,0.197195
2079615605,3,-0.731311,-0.049834,-0.651735,0.194783
2079615615,3,-0.726977,-0.04569,-0.65756,0.192435
2079615625,3,-0.722841,-0.041543,-0.66313,0.189824
2079615635,3,-0.718915,-0.03741,-0.668444,0.18693
2079615645,3,-0.715161,-0.033266,-0.67355,0.183756
2079615655,3,-0.711562,-0.029115,-0.678476,0.180279
2079615665,3,-0.708086,-0.024962,-0.68326,0.176481
2079615675,3,-0.704708,-0.02084,-0.687941,0.1723
2079615685,3,-0.701386,-0.016765,-0.692562,0.167728
2079615695,3,-0.699027,-0.01258,-0.696221,0.16272
2079615706,3,-0.69675,-0.008462,-0.699808,0.157276
2079615716,3,-0.694471,-0.004448,-0.7034,0.151388
2079615726,3,-0.69206,-5.17E-4,-0.707102,0.145114
2079615736,3,-0.689469,0.0033,-0.710938,0.138521
2079615746,3,-0.685396,0.007096,-0.716076,0.131968
2079615756,3,-0.681208,0.010975,-0.721194,0.12535
2079615766,3,-0.67695,0.014937,-0.726239,0.118707
2079615776,3,-0.672656,0.018991,-0.731167,0.112104
2079615786,3,-0.668353,0.023156,-0.735949,0.105575
2079615796,3,-0.664055,0.027404,-0.740574,0.099138
2079615806,3,-0.659757,0.031723,-0.745053,0.092783
2079615816,3,-0.655452,0.036078,-0.749395,0.086527
2079615826,3,-0.651149,0.04047,-0.753594,0.080384
2079615837,3,-0.646872,0.044866,-0.757638,0.074342
2079615847,3,-0.642613,0.049257,-0.761538,0.068413
2079615857,3,-0.638404,0.053631,-0.765274,0.0626
2079615867,3,-0.634276,0.057971,-0.768826,0.056912
2079615877,3,-0.630245,0.062268,-0.77219,0.05134
2079615887,3,-0.628283,0.066725,-0.773764,0.045797
2079615897,3,-0.626493,0.071167,-0.77512,0.04037
2079615907,3,-0.624874,0.075502,-0.776275,0.035039
2079615917,3,-0.623418,0.079717,-0.777242,0.029796
2079615927,3,-0.622157,0.083814,-0.778001,0.024652
2079615937,3,-0.621052,0.087788,-0.778589,0.019634
2079615947,3,-0.62018,0.091697,-0.77894,0.014811
2079615957,3,-0.619531,0.095543,-0.779069,0.010173
2079615967,3,-0.619152,0.099299,-0.778946,0.005725
2079615978,3,-0.619064,0.102992,-0.778556,0.001504
2079615988,3,0.61925,-0.1066,0.777919,0.002525
2079615998,3,0.619709,-0.110063,0.777049,0.00636
2079616008,3,0.620425,-0.113342,0.775966,0.010074
2079616018,3,0.619597,-0.116082,0.776167,0.013689
2079616028,3,0.619046,-0.118679,0.776146,0.017117
2079616038,3,0.618785,-0.121122,0.775898,0.020386
2079616048,3,0.618755,-0.123417,0.775471,0.023513
2079616058,3,0.618875,-0.125582,0.774931,0.026505
2079616068,3,0.61908,-0.127612,0.774333,0.029353
2079616078,3,0.619321,-0.129541,0.773714,0.032019
2079616088,3,0.619602,-0.131415,0.773065,0.034526
2079616098,3,0.619998,-0.133249,0.772327,0.036846
2079616109,3,0.620609,-0.135081,0.771412,0.038981
2079616119,3,0.621547,-0.136943,0.770226,0.040938
2079616129,3,0.622917,-0.138875,0.768677,0.04269
2079616139,3,0.626026,-0.14099,0.765669,0.044317
2079616149,3,0.629483,-0.143135,0.762343,0.045772
2079616159,3,0.632575,-0.145439,0.759276,0.046837
2079616169,3,0.636316,-0.147903,0.755615,0.047661
2079616179,3,0.640696,-0.150513,0.751348,0.048264
2079616189,3,0.645655,-0.15325,0.746506,0.048687
2079616199,3,0.651104,-0.156056,0.741155,0.048974
2079616209,3,0.656925,-0.158883,0.735381,0.049186
2079616219,3,0.663009,-0.161685,0.72927,0.049403
2079616229,3,0.669274,-0.164407,0.722892,0.049679
2079616240,3,0.675592,-0.167028,0.716358,0.050072
2079616250,3,0.681847,-0.169503,0.709779,0.05066
2079616260,3,0.687936,-0.171807,0.703259,0.051491
2079616270,3,0.693782,-0.173941,0.696884,0.052547
2079616280,3,0.699323,-0.175913,0.690725,0.053845
2079616290,3,0.705322,-0.178142,0.683925,0.055062
2079616300,3,0.710872,-0.180167,0.677499,0.056509
2079616310,3,0.715862,-0.181951,0.671602,0.058186
2079616320,3,0.720174,-0.183421,0.666402,0.060106
2079616330,3,0.723816,-0.184668,0.661904,0.062203
2079616340,3,0.726865,-0.185702,0.658046,0.064472
2079616350,3,0.729433,-0.186608,0.654699,0.066874
2079616360,3,0.731698,-0.187377,0.651675,0.069467
2079616370,3,0.733844,-0.188083,0.648754,0.072216
2079616381,3,0.735947,-0.188757,0.645835,0.075152
2079616391,3,0.738068,-0.189457,0.642836,0.078241
2079616401,3,0.740579,-0.190109,0.639323,0.081646
2079616411,3,0.742891,-0.190843,0.635955,0.085156
2079616421,3,0.744909,-0.191665,0.632846,0.088768
2079616431,3,0.746569,-0.192549,0.630082,0.092489
2079616441,3,0.747851,-0.193517,0.627688,0.09631
2079616451,3,0.748767,-0.194551,0.625662,0.100216
2079616461,3,0.74935,-0.195652,0.623964,0.104222
2079616471,3,0.749658,-0.19684,0.622523,0.108305
2079616481,3,0.749742,-0.198147,0.621275,0.112431
2079616491,3,0.74966,-0.199588,0.62015,0.116568
2079616501,3,0.749479,-0.201222,0.619053,0.120671
2079616512,3,0.749243,-0.203076,0.617926,0.124742
2079616522,3,0.748998,-0.20517,0.616711,0.128734
2079616532,3,0.748744,-0.207532,0.61541,0.132601
2079616542,3,0.748448,-0.210135,0.61407,0.136329
2079616552,3,0.747269,-0.213103,0.613733,0.139669
2079616562,3,0.746043,-0.216294,0.613385,0.142808
2079616572,3,0.744724,-0.219647,0.613098,0.145774
2079616582,3,0.743252,-0.223126,0.612954,0.148585
2079616592,3,0.741609,-0.226707,0.612974,0.151264
2079616602,3,0.739778,-0.230363,0.613176,0.153865
2079616612,3,0.737779,-0.234126,0.613535,0.156332
2079616622,3,0.735588,-0.238043,0.614064,0.158648
2079616632,3,0.733232,-0.242107,0.614738,0.160779
2079616643,3,0.730707,-0.246263,0.615563,0.162797
2079616653,3,0.728479,-0.250045,0.616009,0.165308
2079616663,3,0.725996,-0.253739,0.616725,0.167915
2079616673,3,0.723204,-0.257296,0.617775,0.170667
2079616683,3,0.720077,-0.2607,0.619184,0.173593
2079616693,3,0.71658,-0.263909,0.620987,0.176746
2079616703,3,0.712725,-0.266908,0.623154,0.180165
2079616713,3,0.708557,-0.269731,0.625611,0.183849
2079616723,3,0.704147,-0.272434,0.628254,0.187755
2079616733,3,0.699601,-0.275116,0.630934,0.191809
2079616743,3,0.695061,-0.277878,0.633477,0.195908
2079616753,3,0.690654,-0.280773,0.635747,0.199969
2079616763,3,0.686419,-0.283793,0.637726,0.203946
2079616774,3,0.682366,-0.286898,0.639444,0.207791
2079616784,3,0.678486,-0.290044,0.640951,0.211451
2079616794,3,0.674367,-0.293552,0.642693,0.214478
2079616804,3,0.670474,-0.29703,0.644204,0.217338
2079616814,3,0.666768,-0.300394,0.645541,0.220132
2079616824,3,0.663572,-0.303277,0.646399,0.223296
2079616834,3,0.660537,-0.306078,0.647111,0.226389
2079616844,3,0.657615,-0.308773,0.64774,0.229417
2079616854,3,0.654766,-0.311339,0.648335,0.2324
2079616864,3,0.651959,-0.313735,0.64894,0.23536
2079616874,3,0.649141,-0.3159,0.649623,0.238352
2079616884,3,0.646233,-0.317779,0.650469,0.241428
2079616894,3,0.643189,-0.319308,0.651538,0.244634
2079616904,3,0.640537,-0.321465,0.652188,0.247026
2079616915,3,0.637705,-0.323228,0.653104,0.249618
2079616925,3,0.634644,-0.324542,0.654341,0.25246
2079616935,3,0.631352,-0.325388,0.655892,0.255578
2079616945,3,0.627934,-0.325881,0.657633,0.258879
2079616955,3,0.624235,-0.325429,0.659769,0.262926
2079616965,3,0.620602,-0.324891,0.661855,0.26692
2079616975,3,0.617024,-0.324314,0.663899,0.27081
2079616985,3,0.613474,-0.323712,0.665938,0.274564
2079616995,3,0.609931,-0.323111,0.667986,0.278166
2079617005,3,0.6064,-0.322514,0.670038,0.281622
2079617015,3,0.602929,-0.321923,0.672056,0.284922
2079617025,3,0.59956,-0.321358,0.673998,0.288067
2079617035,3,0.596372,-0.32084,0.675793,0.291041
2079617046,3,0.593423,-0.320405,0.677382,0.293839
2079617056,3,0.590801,-0.320076,0.678684,0.296467
2079617066,3,0.588572,-0.319861,0.679644,0.298922
2079617076,3,0.586789,-0.319775,0.68021,0.301223
2079617086,3,0.585478,-0.319809,0.680364,0.303383
2079617096,3,0.584646,-0.319955,0.680101,0.305416
2079617106,3,0.584277,-0.320193,0.67944,0.307338
2079617116,3,0.584704,-0.321664,0.677993,0.308184
2079617126,3,0.585565,-0.323208,0.67617,0.308938
2079617136,3,0.586782,-0.324769,0.674051,0.309622
2079617146,3,0.588282,-0.326341,0.671694,0.310242
2079617156,3,0.590007,-0.327894,0.669167,0.31079
2079617166,3,0.591923,-0.329457,0.666504,0.311216
2079617177,3,0.593966,-0.331051,0.663764,0.311487
2079617187,3,0.596119,-0.332716,0.660968,0.311547
2079617197,3,0.59831,-0.334497,0.658189,0.311324
2079617207,3,0.600543,-0.336365,0.655441,0.310809
2079617217,3,0.602764,-0.338313,0.652785,0.309984
2079617227,3,0.60497,-0.340313,0.650232,0.308861
2079617237,3,0.606603,-0.341465,0.648395,0.308247
2079617247,3,0.608124,-0.342619,0.646793,0.307336
2079617257,3,0.609472,-0.343751,0.645479,0.30616
2079617267,3,0.610597,-0.344787,0.644514,0.304785
2079617277,3,0.611432,-0.345676,0.643962,0.303266
2079617287,3,0.611935,-0.346403,0.643858,0.301638
2079617297,3,0.61213,-0.346983,0.644163,0.299919
2079617307,3,0.61207,-0.347462,0.644815,0.29808
2079617318,3,0.611825,-0.347929,0.645721,0.296071
2079617328,3,0.611492,-0.348508,0.64674,0.293844
2079617338,3,0.611188,-0.349247,0.647768,0.291325
2079617348,3,0.610974,-0.350203,0.648725,0.288483
2079617358,3,0.611014,-0.351706,0.649419,0.284986
2079617368,3,0.61118,-0.353331,0.650016,0.281234
2079617378,3,0.611539,-0.35505,0.650449,0.277261
2079617388,3,0.61214,-0.356864,0.650677,0.273039
2079617398,3,0.61338,-0.358787,0.65029,0.268621
2079617408,3,0.61507,-0.360881,0.649466,0.263904
2079617418,3,0.617242,-0.363139,0.648162,0.258895
2079617428,3,0.619906,-0.365551,0.646353,0.253606
2079617438,3,0.623062,-0.36811,0.644016,0.248054
2079617449,3,0.626685,-0.370764,0.641169,0.242281
2079617459,3,0.63073,-0.373457,0.637851,0.236334
2079617469,3,0.635141,-0.376108,0.634122,0.230274
2079617479,3,0.639823,-0.378645,0.630077,0.224178
2079617489,3,0.644689,-0.381024,0.625787,0.218142
2079617499,3,0.649641,-0.383195,0.621353,0.212243
2079617509,3,0.654311,-0.385193,0.61717,0.206402
2079617519,3,0.658943,-0.38693,0.612981,0.200829
2079617529,3,0.66346,-0.388317,0.608902,0.195624
2079617539,3,0.667817,-0.389286,0.605,0.190921
2079617549,3,0.671984,-0.389823,0.601333,0.186742
2079617559,3,0.675985,-0.38994,0.597887,0.183084
2079617569,3,0.680343,-0.389902,0.59396,0.179778
2079617580,3,0.684569,-0.38968,0.590151,0.176737
2079617590,3,0.688667,-0.389328,0.586449,0.173889
2079617600,3,0.692627,-0.388866,0.582873,0.171196
2079617610,3,0.696447,-0.388329,0.579421,0.168617
2079617620,3,0.700132,-0.387728,0.5761,0.1661
2079617630,3,0.703675,-0.387081,0.572918,0.163625
2079617640,3,0.707066,-0.386398,0.569892,0.161169
2079617650,3,0.710278,-0.385675,0.567064,0.158737
2079617660,3,0.713263,-0.384888,0.564511,0.156342
2079617670,3,0.715965,-0.384035,0.562305,0.154019
2079617680,3,0.71834,-0.383092,0.560523,0.151789
2079617690,3,0.72035,-0.382064,0.55922,0.149647
2079617700,3,0.721977,-0.380997,0.558407,0.14755
2079617711,3,0.723222,-0.379973,0.558057,0.145401
2079617721,3,0.724134,-0.379049,0.558089,0.143131
2079617731,3,0.724754,-0.378295,0.558427,0.140647
2079617741,3,0.725107,-0.37774,0.559021,0.137935
2079617751,3,0.725177,-0.377391,0.559886,0.134982
2079617761,3,0.724248,-0.375973,0.562431,0.133339
2079617771,3,0.723008,-0.374789,0.565249,0.131471
2079617781,3,0.721395,-0.37379,0.568419,0.12949
2079617791,3,0.720053,-0.374232,0.570633,0.125896
2079617801,3,0.71847,-0.374924,0.572991,0.122115
2079617811,3,0.71678,-0.375876,0.575322,0.118094
2079617821,3,0.715071,-0.37706,0.577514,0.113909
2079617831,3,0.713348,-0.378415,0.57956,0.109749
2079617841,3,0.711566,-0.379869,0.58153,0.105808
2079617852,3,0.70963,-0.38132,0.583568,0.102309
2079617862,3,0.707439,-0.382678,0.58583,0.099444
2079617872,3,0.704921,-0.38385,0.588436,0.097398
2079617882,3,0.702075,-0.384737,0.59144,0.096255
2079617892,3,0.698921,-0.38525,0.594861,0.096073
2079617902,3,0.695555,-0.385334,0.598616,0.09684
2079617912,3,0.692082,-0.385023,0.602564,0.098457
2079617922,3,0.68861,-0.384313,0.606599,0.100779
2079617932,3,0.685186,-0.383265,0.610642,0.103644
2079617942,3,0.68181,-0.381921,0.614684,0.106929
2079617952,3,0.678424,-0.380355,0.618751,0.110528
2079617962,3,0.674983,-0.377532,0.623296,0.115618
2079617972,3,0.671542,-0.374573,0.627777,0.120916
2079617983,3,0.668072,-0.371591,0.63218,0.126278
2079617993,3,0.664528,-0.369767,0.636148,0.130343
2079618003,3,0.661102,-0.367984,0.639888,0.134438
2079618013,3,0.6579,-0.366232,0.643302,0.138575
2079618023,3,0.654669,-0.363747,0.646918,0.1435
2079618033,3,0.651811,-0.361374,0.650017,0.148413
2079618043,3,0.649376,-0.35906,0.652573,0.153404
2079618053,3,0.647381,-0.356779,0.654575,0.158545
2079618063,3,0.645736,-0.354492,0.656124,0.163893
2079618073,3,0.644381,-0.352243,0.657259,0.169429
2079618083,3,0.643129,-0.349934,0.658197,0.17523
2079618093,3,0.641906,-0.347511,0.659018,0.181344
2079618103,3,0.640468,-0.344938,0.659978,0.18774
2079618114,3,0.638765,-0.342152,0.661135,0.194449
2079618124,3,0.636798,-0.339169,0.662481,0.201419
2079618134,3,0.634608,-0.335971,0.663978,0.208632
2079618144,3,0.632253,-0.3326,0.665555,0.216026
2079618154,3,0.629803,-0.329163,0.667117,0.223503
2079618164,3,0.626981,-0.325102,0.669032,0.23151
2079618174,3,0.624159,-0.321115,0.670814,0.239412
2079618184,3,0.621362,-0.317256,0.672439,0.247149
2079618194,3,0.618608,-0.313556,0.673906,0.254667
2079618204,3,0.615931,-0.310072,0.675196,0.2619
2079618214,3,0.613378,-0.306837,0.676291,0.268789
2079618224,3,0.610972,-0.303888,0.677181,0.275298
2079618234,3,0.608757,-0.301254,0.677843,0.281404
2079618244,3,0.606783,-0.298948,0.678242,0.287108
2079618255,3,0.605118,-0.297017,0.67832,0.292391
2079618265,3,0.603846,-0.295498,0.678017,0.297223
2079618275,3,0.603041,-0.294453,0.677268,0.301571
2079618285,3,0.602761,-0.2939,0.676013,0.305461
2079618295,3,0.603015,-0.293837,0.674248,0.308904
2079618305,3,0.60375,-0.294225,0.672034,0.311905
2079618315,3,0.604894,-0.295034,0.669448,0.314478
2079618325,3,0.606379,-0.296212,0.66656,0.316635
2079618335,3,0.608347,-0.298776,0.663243,0.317417
2079618345,3,0.610567,-0.301634,0.659739,0.317754
2079618355,3,0.612932,-0.304728,0.656154,0.317672
2079618365,3,0.6154,-0.308021,0.652542,0.317164
2079618375,3,0.617952,-0.311501,0.648916,0.316243
2079618386,3,0.620565,-0.315148,0.645303,0.3149
2079618396,3,0.623237,-0.31892,0.641722,0.31314
2079618406,3,0.625829,-0.321505,0.638348,0.312223
2079618416,3,0.62841,-0.323973,0.635107,0.311095
2079618426,3,0.630937,-0.326236,0.632056,0.309826
2079618436,3,0.633347,-0.328224,0.629269,0.308479
2079618446,3,0.635589,-0.329877,0.626825,0.307078
2079618456,3,0.637593,-0.331161,0.624802,0.30566
2079618466,3,0.639304,-0.332033,0.623276,0.304253
2079618476,3,0.640674,-0.332476,0.622296,0.30289
2079618486,3,0.641654,-0.33249,0.62192,0.30157
2079618496,3,0.642231,-0.332129,0.622147,0.300268
2079618506,3,0.642437,-0.331479,0.622938,0.298904
2079618517,3,0.642379,-0.330682,0.624157,0.297363
2079618527,3,0.642186,-0.329887,0.62563,0.295563
2079618537,3,0.641709,-0.329806,0.627458,0.292802
2079618547,3,0.641194,-0.329763,0.629387,0.289823
2079618557,3,0.641317,-0.329825,0.630681,0.28665
2079618567,3,0.641717,-0.33032,0.631703,0.282909
2079618577,3,0.642425,-0.33128,0.632389,0.278616
2079618587,3,0.643453,-0.332685,0.632712,0.273793
2079618597,3,0.644806,-0.334475,0.632656,0.268509
2079618607,3,0.646472,-0.336586,0.632212,0.26285
2079618617,3,0.648451,-0.338974,0.63137,0.256862
2079618627,3,0.650742,-0.341586,0.63012,0.2506
2079618637,3,0.653333,-0.344395,0.628455,0.244112
2079618648,3,0.656205,-0.34735,0.626381,0.237462
2079618658,3,0.659325,-0.350407,0.623913,0.230728
2079618668,3,0.662655,-0.353502,0.621093,0.223982
2079618678,3,0.666153,-0.356559,0.617962,0.217317
2079618688,3,0.669758,-0.359478,0.614611,0.210833
2079618698,3,0.67287,-0.362481,0.611689,0.204177
2079618708,3,0.675996,-0.365234,0.608677,0.19785
2079618718,3,0.679603,-0.367407,0.605111,0.19233
2079618728,3,0.683136,-0.369312,0.601584,0.187161
2079618738,3,0.68658,-0.370986,0.59811,0.182318
2079618748,3,0.689934,-0.372466,0.594701,0.177732
2079618758,3,0.693168,-0.373776,0.591404,0.173346
2079618768,3,0.696269,-0.374929,0.588257,0.169086
2079618778,3,0.699215,-0.375933,0.585302,0.164904
2079618789,3,0.701984,-0.376782,0.58258,0.160789
2079618799,3,0.704546,-0.377472,0.580146,0.156714
2079618809,3,0.706865,-0.377958,0.578074,0.152702
2079618819,3,0.708879,-0.378239,0.576442,0.148793
2079618829,3,0.710545,-0.378304,0.575305,0.145032
2079618839,3,0.711823,-0.378177,0.574714,0.141395
2079618849,3,0.712706,-0.377893,0.574662,0.137874
2079618859,3,0.713214,-0.377509,0.5751,0.134425
2079618869,3,0.713407,-0.377101,0.575917,0.131008
2079618879,3,0.713369,-0.376745,0.576967,0.127573
2079618889,3,0.71318,-0.37651,0.578117,0.12407
2079618899,3,0.712909,-0.376452,0.579248,0.120476
2079618909,3,0.711826,-0.375132,0.581858,0.118406
2079618920,3,0.710771,-0.374078,0.584275,0.116154
2079618930,3,0.709819,-0.373225,0.586433,0.113824
2079618940,3,0.709026,-0.372509,0.588282,0.111539
2079618950,3,0.708379,-0.37184,0.589876,0.109449
2079618960,3,0.708537,-0.37231,0.589936,0.106461
2079618970,3,0.708745,-0.372805,0.589853,0.103772
2079618980,3,0.708981,-0.37331,0.589665,0.101386
2079618990,3,0.709239,-0.373837,0.589378,0.099288
2079619000,3,0.709494,-0.374381,0.589027,0.097485
2079619010,3,0.709722,-0.374913,0.58866,0.09598
2079619020,3,0.709908,-0.375402,0.588323,0.094757
2079619030,3,0.710005,-0.37585,0.58807,0.093811
2079619040,3,0.709934,-0.376193,0.588036,0.09319
2079619051,3,0.709597,-0.376331,0.588386,0.092989
2079619061,3,0.708921,-0.376199,0.589234,0.093308
2079619071,3,0.707838,-0.375753,0.590682,0.094176
2079619081,3,0.706309,-0.375014,0.592753,0.095567
2079619091,3,0.704326,-0.374039,0.595423,0.097413
2079619101,3,0.701924,-0.372899,0.598596,0.099652
2079619111,3,0.699146,-0.371639,0.602188,0.102211
2079619121,3,0.696024,-0.370308,0.606128,0.105026
2079619131,3,0.692628,-0.367816,0.610742,0.109412
2079619141,3,0.68899,-0.365301,0.61552,0.11393
2079619151,3,0.685184,-0.362818,0.620361,0.118481
2079619161,3,0.681324,-0.360383,0.625123,0.12305
2079619171,3,0.677472,-0.358027,0.629733,0.127602
2079619181,3,0.673883,-0.356547,0.633652,0.1313
2079619192,3,0.670442,-0.354987,0.637348,0.135198
2079619202,3,0.667183,-0.353323,0.640791,0.139338
2079619212,3,0.664117,-0.351501,0.643987,0.143789
2079619222,3,0.661212,-0.349469,0.646982,0.148599
2079619232,3,0.65842,-0.347205,0.649826,0.153807
2079619242,3,0.655686,-0.344681,0.652576,0.159416
2079619252,3,0.652954,-0.34188,0.65528,0.165457
2079619262,3,0.65052,-0.33907,0.657551,0.171697
2079619272,3,0.64804,-0.336032,0.659808,0.178264
2079619282,3,0.645487,-0.332781,0.662075,0.185089
2079619292,3,0.642868,-0.329325,0.664349,0.192104
2079619302,3,0.640193,-0.325671,0.666626,0.199247
2079619312,3,0.637478,-0.321878,0.668884,0.206421
2079619323,3,0.634369,-0.31758,0.671539,0.2139
2079619333,3,0.631259,-0.313219,0.674126,0.221266
2079619343,3,0.62818,-0.308862,0.676615,0.228438
2079619353,3,0.625144,-0.304576,0.679002,0.235336
2079619363,3,0.622178,-0.300422,0.681263,0.24191
2079619373,3,0.619318,-0.296445,0.683377,0.248113
2079619383,3,0.616593,-0.292686,0.685317,0.253944
2079619393,3,0.614049,-0.28917,0.687045,0.259408
2079619403,3,0.611723,-0.285904,0.688532,0.264529
2079619413,3,0.609683,-0.28291,0.689727,0.269302
2079619423,3,0.60799,-0.280237,0.690566,0.273737
2079619433,3,0.606701,-0.277904,0.691,0.27785
2079619443,3,0.605839,-0.275933,0.691005,0.281657
2079619454,3,0.605423,-0.27431,0.690574,0.285173
2079619464,3,0.605433,-0.273041,0.689713,0.288434
2079619474,3,0.60584,-0.272102,0.688456,0.291453
2079619484,3,0.606598,-0.271505,0.686837,0.294239
2079619494,3,0.608108,-0.272615,0.68449,0.295563
2079619504,3,0.609912,-0.274013,0.681847,0.296659
2079619514,3,0.611906,-0.27564,0.679007,0.297558
2079619524,3,0.614022,-0.277495,0.676036,0.29824
2079619534,3,0.61626,-0.279621,0.672937,0.298647
2079619544,3,0.618594,-0.28209,0.66974,0.298686
2079619554,3,0.621043,-0.284962,0.666433,0.298276
2079619564,3,0.623581,-0.288213,0.663052,0.29739
2079619574,3,0.625985,-0.290582,0.659841,0.297175
2079619584,3,0.628492,-0.293163,0.656582,0.296566
2079619595,3,0.631051,-0.295869,0.653349,0.295582
2079619605,3,0.633588,-0.298605,0.650221,0.294298
2079619615,3,0.636044,-0.30126,0.647295,0.292742
2079619625,3,0.638331,-0.303735,0.644673,0.290987
2079619635,3,0.64031,-0.305905,0.642518,0.289126
2079619645,3,0.641858,-0.307653,0.640975,0.287258
2079619655,3,0.642871,-0.308939,0.640163,0.285419
2079619665,3,0.643348,-0.309801,0.640074,0.283603
2079619675,3,0.643378,-0.310403,0.640605,0.281671
2079619685,3,0.643391,-0.311848,0.641231,0.278604
2079619695,3,0.643067,-0.313126,0.642287,0.275469
2079619705,3,0.642861,-0.31409,0.64329,0.272495
2079619715,3,0.6429,-0.315395,0.644064,0.269046
2079619726,3,0.643268,-0.31707,0.644495,0.265137
2079619736,3,0.644012,-0.319094,0.644516,0.260815
2079619746,3,0.64515,-0.321438,0.644095,0.256122
2079619756,3,0.646679,-0.324038,0.643223,0.251136
2079619766,3,0.648586,-0.32684,0.641896,0.245927
2079619776,3,0.650841,-0.329783,0.640144,0.240545
2079619786,3,0.653417,-0.332857,0.637973,0.235032
2079619796,3,0.656283,-0.335976,0.635426,0.229444
2079619806,3,0.659412,-0.339115,0.632514,0.223833
2079619816,3,0.662744,-0.342207,0.629309,0.21825
2079619826,3,0.666238,-0.345207,0.625854,0.212753
2079619836,3,0.669838,-0.348046,0.622224,0.207404
2079619846,3,0.673487,-0.350668,0.61849,0.202276
2079619857,3,0.677132,-0.353036,0.614726,0.197403
2079619867,3,0.68073,-0.355103,0.610994,0.192855
2079619877,3,0.684232,-0.356885,0.607351,0.188635
2079619887,3,0.687587,-0.358392,0.603868,0.18472
2079619897,3,0.690756,-0.35966,0.600589,0.181086
2079619907,3,0.693735,-0.360736,0.59753,0.177644
2079619917,3,0.696514,-0.361658,0.594709,0.174332
2079619927,3,0.699082,-0.362449,0.59215,0.17109
2079619937,3,0.701427,-0.363161,0.589866,0.167843
2079619947,3,0.703533,-0.363798,0.587885,0.164566
2079619957,3,0.705385,-0.364375,0.586225,0.161248
2079619967,3,0.706952,-0.36491,0.584912,0.157913
2079619977,3,0.708213,-0.365356,0.584,0.154568
2079619988,3,0.709176,-0.365731,0.583476,0.151213
2079619998,3,0.709838,-0.366036,0.583338,0.147861
2079620008,3,0.710214,-0.366318,0.58355,0.144483
2079620018,3,0.710342,-0.366593,0.584055,0.141074
2079620028,3,0.710258,-0.366891,0.584791,0.137635
2079620038,3,0.710007,-0.367225,0.585689,0.134171
2079620048,3,0.709645,-0.367632,0.586663,0.130673
2079620058,3,0.709235,-0.368133,0.587622,0.127132
2079620068,3,0.708051,-0.367473,0.589938,0.124898
2079620078,3,0.706955,-0.366904,0.59208,0.122619
2079620088,3,0.706007,-0.366457,0.593959,0.120309
2079620098,3,0.705188,-0.366064,0.595626,0.118048
2079620108,3,0.704539,-0.365672,0.597054,0.1159
2079620118,3,0.70405,-0.365334,0.59825,0.113756
2079620129,3,0.703669,-0.365024,0.599287,0.111627
2079620139,3,0.70391,-0.365951,0.599071,0.108178
2079620149,3,0.704127,-0.366819,0.598877,0.104848
2079620159,3,0.704253,-0.36762,0.598779,0.10171
2079620169,3,0.704238,-0.368335,0.598836,0.098851
2079620179,3,0.704039,-0.36897,0.599087,0.096351
2079620189,3,0.703635,-0.369528,0.599557,0.094214
2079620199,3,0.702978,-0.369917,0.600351,0.092518
2079620209,3,0.702025,-0.370057,0.60155,0.091407
2079620219,3,0.700707,-0.369901,0.603244,0.090985
2079620229,3,0.699007,-0.369406,0.605473,0.091264
2079620239,3,0.696914,-0.368624,0.608215,0.092195
2079620249,3,0.694431,-0.367588,0.611443,0.093702
2079620260,3,0.69161,-0.366309,0.61509,0.09569
2079620270,3,0.68848,-0.364855,0.619082,0.098042
2079620280,3,0.6851,-0.363283,0.62332,0.100667
2079620290,3,0.681678,-0.360509,0.627979,0.10483
2079620300,3,0.678092,-0.35769,0.632729,0.109098
2079620310,3,0.674426,-0.354872,0.637457,0.113412
2079620320,3,0.670766,-0.352129,0.642046,0.117699
2079620330,3,0.667631,-0.350474,0.645601,0.120976
2079620340,3,0.664922,-0.348836,0.648625,0.124404
2079620350,3,0.662672,-0.347179,0.651111,0.128008
2079620360,3,0.660864,-0.345459,0.653086,0.131881
2079620370,3,0.65943,-0.343614,0.654644,0.136093
2079620380,3,0.658223,-0.341587,0.655937,0.140734
2079620391,3,0.657099,-0.339323,0.657112,0.145887
2079620401,3,0.65632,-0.337125,0.657786,0.151347
2079620411,3,0.655506,-0.334741,0.658428,0.157261
2079620421,3,0.654521,-0.332142,0.659172,0.16363
2079620431,3,0.653288,-0.329301,0.6601,0.170418
2079620441,3,0.651802,-0.326248,0.661201,0.177561
2079620451,3,0.650141,-0.323005,0.6624,0.184955
2079620461,3,0.648359,-0.319586,0.663634,0.192568
2079620471,3,0.64646,-0.316017,0.664901,0.200318
2079620481,3,0.64446,-0.312371,0.66618,0.208079
2079620491,3,0.641498,-0.308225,0.668413,0.216104
2079620501,3,0.63821,-0.304123,0.670869,0.223897
2079620511,3,0.6346,-0.300087,0.673562,0.231393
2079620521,3,0.630724,-0.296157,0.676432,0.23857
2079620532,3,0.626658,-0.292358,0.679418,0.245391
2079620542,3,0.622489,-0.288758,0.682424,0.251839
2079620552,3,0.618338,-0.285399,0.685346,0.257886
2079620562,3,0.614342,-0.28234,0.688045,0.263555
2079620572,3,0.610603,-0.279598,0.69044,0.268848
2079620582,3,0.607211,-0.277193,0.692453,0.273799
2079620592,3,0.604223,-0.275132,0.694033,0.278448
2079620602,3,0.601691,-0.273432,0.695143,0.282803
2079620612,3,0.599635,-0.272079,0.695769,0.286904
2079620622,3,0.598319,-0.272394,0.695656,0.289614
2079620632,3,0.597536,-0.273067,0.695042,0.292061
2079620642,3,0.597273,-0.274067,0.693945,0.294265
2079620652,3,0.597453,-0.275318,0.692443,0.296262
2079620663,3,0.598021,-0.276767,0.690599,0.298065
2079620673,3,0.598929,-0.278436,0.688468,0.299613
2079620683,3,0.60019,-0.280424,0.686056,0.300764
2079620693,3,0.601844,-0.282794,0.683339,0.301424
2079620703,3,0.603875,-0.285637,0.680326,0.301498
2079620713,3,0.606284,-0.288942,0.677021,0.300955
2079620723,3,0.608708,-0.291223,0.67379,0.301115
2079620733,3,0.611328,-0.293556,0.670452,0.30099
2079620743,3,0.61402,-0.2958,0.66715,0.300649
2079620753,3,0.616666,-0.297852,0.66401,0.30016
2079620763,3,0.619184,-0.299613,0.661138,0.299563
2079620773,3,0.62151,-0.301043,0.658616,0.298868
2079620783,3,0.623604,-0.302098,0.656507,0.298081
2079620794,3,0.625445,-0.302801,0.65484,0.297172
2079620804,3,0.627026,-0.303205,0.653631,0.296091
2079620814,3,0.628346,-0.303392,0.652869,0.294781
2079620824,3,0.629443,-0.303473,0.652496,0.293178
2079620834,3,0.630403,-0.303544,0.65241,0.291225
2079620844,3,0.631307,-0.303722,0.652506,0.288858
2079620854,3,0.632254,-0.305012,0.652627,0.285129
2079620864,3,0.633138,-0.30638,0.652879,0.281095
2079620874,3,0.634353,-0.30729,0.652887,0.277319
2079620884,3,0.635825,-0.308545,0.652671,0.273029
2079620894,3,0.637587,-0.3102,0.652159,0.268227
2079620904,3,0.639683,-0.312265,0.651283,0.262916
2079620914,3,0.642137,-0.31472,0.649998,0.257124
2079620925,3,0.644975,-0.317528,0.648246,0.250915
2079620935,3,0.648203,-0.320652,0.645992,0.244352
2079620945,3,0.651809,-0.324027,0.643227,0.237503
2079620955,3,0.655768,-0.327597,0.639955,0.230444
2079620965,3,0.66003,-0.331264,0.636212,0.223286
2079620975,3,0.664552,-0.334948,0.632034,0.216128
2079620985,3,0.669227,-0.338572,0.627528,0.20907
2079620995,3,0.673945,-0.342042,0.622814,0.202252
2079621005,3,0.678285,-0.345829,0.618287,0.195065
2079621015,3,0.682503,-0.34924,0.613809,0.188306
2079621025,3,0.686449,-0.35212,0.609616,0.182113
2079621035,3,0.690048,-0.354354,0.605872,0.17659
2079621045,3,0.693275,-0.355918,0.602664,0.171718
2079621055,3,0.696099,-0.356878,0.600048,0.167406
2079621066,3,0.698944,-0.357894,0.597366,0.162917
2079621076,3,0.701603,-0.358887,0.594885,0.158316
2079621086,3,0.704158,-0.359903,0.592506,0.153517
2079621096,3,0.706657,-0.360956,0.590157,0.148524
2079621106,3,0.7091,-0.362068,0.587822,0.143346
2079621116,3,0.711477,-0.363205,0.585517,0.138028
2079621126,3,0.713758,-0.364306,0.583296,0.132645
2079621136,3,0.715911,-0.365304,0.58122,0.127304
2079621146,3,0.717899,-0.366138,0.579358,0.122096
2079621156,3,0.719674,-0.366733,0.577798,0.117152
2079621166,3,0.721182,-0.367061,0.57663,0.112513
2079621176,3,0.721923,-0.366361,0.57681,0.109067
2079621186,3,0.722364,-0.365289,0.577485,0.106129
2079621197,3,0.722557,-0.363975,0.578539,0.103563
2079621207,3,0.722594,-0.362502,0.579807,0.101348
2079621217,3,0.722536,-0.360976,0.581167,0.099403
2079621227,3,0.722419,-0.359515,0.582522,0.097603
2079621237,3,0.722218,-0.358234,0.583855,0.095823
2079621247,3,0.721912,-0.357163,0.585179,0.094029
2079621257,3,0.721493,-0.356291,0.586513,0.092228
2079621267,3,0.720907,-0.355556,0.58795,0.090479
2079621277,3,0.720175,-0.354916,0.589483,0.088829
2079621287,3,0.719297,-0.354342,0.591124,0.087319
2079621297,3,0.71869,-0.355233,0.591759,0.084342
2079621307,3,0.717963,-0.356187,0.592461,0.08154
2079621317,3,0.717114,-0.357177,0.593242,0.078959
2079621328,3,0.716152,-0.358146,0.594122,0.076647
2079621338,3,0.715045,-0.359057,0.595156,0.074673
2079621348,3,0.713778,-0.359848,0.596395,0.073091
2079621358,3,0.712286,-0.360457,0.59794,0.072014
2079621368,3,0.71051,-0.360781,0.599908,0.071557
2079621378,3,0.708405,-0.360777,0.602368,0.071788
2079621388,3,0.70595,-0.360366,0.605372,0.07276
2079621398,3,0.703162,-0.359556,0.608883,0.07445
2079621408,3,0.700085,-0.358386,0.612815,0.076781
2079621418,3,0.696809,-0.3569,0.617039,0.079632
2079621428,3,0.693415,-0.355159,0.621421,0.082891
2079621438,3,0.689962,-0.353231,0.625864,0.086444
2079621448,3,0.686483,-0.351207,0.630283,0.090199
2079621458,3,0.683021,-0.347888,0.635086,0.095504
2079621469,3,0.67957,-0.34458,0.639754,0.100811
2079621479,3,0.676182,-0.341327,0.644226,0.106039
2079621489,3,0.672967,-0.338201,0.648375,0.111103
2079621499,3,0.670079,-0.335237,0.652034,0.116019
2079621509,3,0.667628,-0.332369,0.65512,0.120913
2079621519,3,0.665623,-0.329577,0.657634,0.125856
2079621529,3,0.664098,-0.326817,0.659555,0.130958
2079621539,3,0.662975,-0.324025,0.66098,0.136293
2079621549,3,0.662094,-0.321105,0.662098,0.141939
2079621559,3,0.661308,-0.318049,0.663054,0.1479
2079621569,3,0.660465,-0.314768,0.664024,0.154199
2079621579,3,0.659498,-0.311238,0.665075,0.160834
2079621589,3,0.658264,-0.307431,0.666357,0.167753
2079621600,3,0.656733,-0.303377,0.667889,0.174889
2079621610,3,0.654917,-0.299131,0.669651,0.182126
2079621620,3,0.652858,-0.294769,0.671586,0.18936
2079621630,3,0.650103,-0.289686,0.674241,0.197092
2079621640,3,0.647216,-0.284554,0.676918,0.204746
2079621650,3,0.644208,-0.279408,0.679616,0.212245
2079621660,3,0.64109,-0.274341,0.682314,0.219516
2079621670,3,0.637857,-0.269412,0.685026,0.226481
2079621680,3,0.634511,-0.264685,0.68775,0.233102
2079621690,3,0.631092,-0.260202,0.690458,0.23934
2079621700,3,0.627658,-0.25602,0.6931,0.245173
2079621710,3,0.624285,-0.252176,0.695609,0.250602
2079621720,3,0.621069,-0.2487,0.697903,0.25564
2079621731,3,0.618123,-0.245646,0.699869,0.260315
2079621741,3,0.615532,-0.243009,0.701442,0.264657
2079621751,3,0.613362,-0.240799,0.702571,0.268693
2079621761,3,0.611659,-0.239003,0.703213,0.27247
2079621771,3,0.610454,-0.23759,0.70335,0.276032
2079621781,3,0.609744,-0.236545,0.702979,0.279425
2079621791,3,0.609528,-0.235839,0.702108,0.282663
2079621801,3,0.609771,-0.235475,0.700772,0.285741
2079621811,3,0.61044,-0.235427,0.699017,0.288635
2079621821,3,0.611951,-0.237354,0.696519,0.289894
2079621831,3,0.61383,-0.239604,0.69366,0.290924
2079621841,3,0.61605,-0.242079,0.69047,0.291769
2079621851,3,0.618554,-0.24476,0.687004,0.292415
2079621862,3,0.621273,-0.247632,0.683343,0.292812
2079621872,3,0.624201,-0.250715,0.679505,0.292893
2079621882,3,0.627256,-0.253971,0.675574,0.292654
2079621892,3,0.630327,-0.257386,0.671669,0.29206
2079621902,3,0.633361,-0.260909,0.667853,0.29112
2079621912,3,0.635649,-0.262731,0.664797,0.291491
2079621922,3,0.637743,-0.264459,0.662032,0.291645
2079621932,3,0.639582,-0.266049,0.65964,0.291593
2079621942,3,0.641133,-0.267459,0.657674,0.291337
2079621952,3,0.642351,-0.268633,0.656189,0.290921
2079621962,3,0.643191,-0.269537,0.655235,0.290379
2079621972,3,0.643628,-0.270179,0.654837,0.289713
2079621982,3,0.643643,-0.270572,0.655011,0.288918
2079621992,3,0.643265,-0.270824,0.655719,0.287914
2079622003,3,0.642607,-0.271071,0.65683,0.286617
2079622013,3,0.641792,-0.271478,0.658184,0.284947
2079622023,3,0.641127,-0.273106,0.659451,0.281943
2079622033,3,0.640407,-0.274925,0.660791,0.278656
2079622043,3,0.640041,-0.276669,0.661789,0.275382
2079622053,3,0.640047,-0.279014,0.662411,0.271478
2079622063,3,0.640446,-0.281981,0.662612,0.266944
2079622073,3,0.641265,-0.285504,0.662356,0.261818
2079622083,3,0.642511,-0.289503,0.661619,0.256177
2079622093,3,0.64418,-0.293882,0.6604,0.250072
2079622103,3,0.646253,-0.298565,0.658697,0.243583
2079622113,3,0.648696,-0.303465,0.656527,0.236796
2079622123,3,0.65148,-0.308483,0.653926,0.229763
2079622134,3,0.654562,-0.31355,0.650922,0.222563
2079622144,3,0.657518,-0.318928,0.647915,0.214847
2079622154,3,0.660733,-0.324171,0.644551,0.207115
2079622164,3,0.664145,-0.32924,0.640888,0.199433
2079622174,3,0.667704,-0.33407,0.636986,0.191873
2079622184,3,0.671356,-0.338571,0.632921,0.184552
2079622194,3,0.675,-0.342699,0.62881,0.17756
2079622204,3,0.678559,-0.346398,0.624765,0.170976
2079622214,3,0.681951,-0.349627,0.620908,0.164849
2079622224,3,0.685153,-0.352351,0.617295,0.159245
2079622234,3,0.688276,-0.354468,0.613849,0.154325
2079622244,3,0.691199,-0.356221,0.610668,0.149775
2079622254,3,0.69393,-0.357698,0.607731,0.145515
2079622265,3,0.696466,-0.358993,0.605024,0.141437
2079622275,3,0.698802,-0.360185,0.602531,0.137463
2079622285,3,0.700912,-0.361275,0.600297,0.133583
2079622295,3,0.70274,-0.362286,0.598379,0.129795
2079622305,3,0.704221,-0.363213,0.596856,0.126134
2079622315,3,0.705331,-0.364069,0.595762,0.12259
2079622325,3,0.70609,-0.364857,0.595078,0.119154
2079622335,3,0.706551,-0.365578,0.594757,0.11576
2079622345,3,0.706792,-0.36627,0.594693,0.112381
2079622355,3,0.706899,-0.36696,0.59478,0.108948
2079622365,3,0.706905,-0.367712,0.594942,0.10543
2079622375,3,0.706858,-0.368554,0.595107,0.101817
2079622385,3,0.706873,-0.369549,0.59511,0.098015
2079622395,3,0.706265,-0.368784,0.596631,0.096008
2079622406,3,0.705848,-0.368216,0.597872,0.093506
2079622416,3,0.705737,-0.367856,0.598696,0.090441
2079622426,3,0.706074,-0.367586,0.598977,0.086981
2079622436,3,0.707574,-0.368753,0.59722,0.081773
2079622446,3,0.709207,-0.36967,0.595408,0.076527
2079622456,3,0.710842,-0.370343,0.593687,0.071291
2079622466,3,0.712466,-0.370839,0.592039,0.06602
2079622476,3,0.714076,-0.371192,0.590435,0.060808
2079622486,3,0.715601,-0.37144,0.58893,0.055744
2079622496,3,0.716892,-0.371603,0.58769,0.050958
2079622506,3,0.717815,-0.371643,0.586895,0.046649
2079622516,3,0.718209,-0.371522,0.586768,0.043004
2079622526,3,0.717958,-0.371202,0.58748,0.040139
2079622537,3,0.716987,-0.370609,0.589172,0.038125
2079622547,3,0.715261,-0.369693,0.591906,0.037062
2079622557,3,0.712832,-0.368396,0.595637,0.037011
2079622567,3,0.709779,-0.366694,0.600257,0.037951
2079622577,3,0.706229,-0.364583,0.605588,0.039759
2079622587,3,0.702342,-0.362116,0.611387,0.042317
2079622597,3,0.698265,-0.359324,0.617446,0.045512
2079622607,3,0.694069,-0.356259,0.623637,0.049221
2079622617,3,0.689798,-0.352994,0.629863,0.053337
2079622627,3,0.685653,-0.34829,0.636437,0.059336
2079622637,3,0.681482,-0.343494,0.642881,0.065554
2079622647,3,0.677267,-0.338684,0.649179,0.071881
2079622657,3,0.673075,-0.333914,0.655248,0.078226
2079622668,3,0.669048,-0.329284,0.660913,0.084495
2079622678,3,0.665441,-0.324906,0.66589,0.090624
2079622688,3,0.662454,-0.320815,0.66999,0.096665
2079622698,3,0.660255,-0.316984,0.673075,0.102726
2079622708,3,0.659133,-0.313788,0.674753,0.108572
2079622718,3,0.658407,-0.310565,0.675935,0.114717
2079622728,3,0.658234,-0.307259,0.676461,0.121322
2079622738,3,0.658292,-0.304054,0.676592,0.128158
2079622748,3,0.658357,-0.300878,0.676559,0.135293
2079622758,3,0.65818,-0.297565,0.676644,0.142852
2079622768,3,0.657569,-0.294009,0.677062,0.150822
2079622778,3,0.656408,-0.290185,0.677925,0.159173
2079622788,3,0.654717,-0.286148,0.679198,0.167789
2079622799,3,0.652524,-0.28192,0.680842,0.176594
2079622809,3,0.649943,-0.277569,0.682736,0.18547
2079622819,3,0.647079,-0.273156,0.684764,0.194349
2079622829,3,0.644093,-0.268791,0.686767,0.203092
2079622839,3,0.641051,-0.264563,0.688678,0.211614
2079622849,3,0.637336,-0.259646,0.69117,0.220608
2079622859,3,0.63354,-0.254863,0.693604,0.229311
2079622869,3,0.629661,-0.250241,0.696005,0.237661
2079622879,3,0.625724,-0.245815,0.698371,0.245603
2079622889,3,0.621796,-0.241653,0.700668,0.253056
2079622899,3,0.617985,-0.237794,0.70281,0.260008
2079622909,3,0.614415,-0.234299,0.704697,0.266454
2079622919,3,0.611227,-0.231229,0.706211,0.272394
2079622929,3,0.608513,-0.228614,0.707284,0.277841
2079622940,3,0.606335,-0.22648,0.707865,0.282826
2079622950,3,0.604711,-0.224837,0.70795,0.287364
2079622960,3,0.603607,-0.223683,0.70758,0.291469
2079622970,3,0.60299,-0.223019,0.706792,0.295142
2079622980,3,0.60283,-0.222801,0.70563,0.298396
2079622990,3,0.603089,-0.223015,0.704136,0.301228
2079623000,3,0.603753,-0.223633,0.702333,0.303642
2079623010,3,0.604782,-0.224618,0.700259,0.30565
2079623020,3,0.606168,-0.225971,0.697927,0.307235
2079623030,3,0.608511,-0.229275,0.694906,0.307003
2079623040,3,0.611162,-0.232978,0.691666,0.306266
2079623050,3,0.614101,-0.237007,0.688224,0.305047
2079623060,3,0.616683,-0.239577,0.685076,0.304917
2079623071,3,0.619473,-0.242312,0.68181,0.304418
2079623081,3,0.622421,-0.245108,0.678486,0.303594
2079623091,3,0.625438,-0.24787,0.675192,0.30249
2079623101,3,0.628432,-0.250524,0.672036,0.301126
2079623111,3,0.631297,-0.252998,0.669143,0.299502
2079623121,3,0.633913,-0.255201,0.666649,0.297664
2079623131,3,0.636201,-0.257058,0.664647,0.295657
2079623141,3,0.638091,-0.258541,0.663208,0.293511
2079623151,3,0.639558,-0.259652,0.662362,0.291241
2079623161,3,0.640613,-0.260462,0.66209,0.288809
2079623171,3,0.641344,-0.261108,0.662284,0.286145
2079623181,3,0.641893,-0.261733,0.662781,0.283176
2079623191,3,0.642399,-0.262481,0.663408,0.279849
2079623202,3,0.643067,-0.26455,0.663952,0.275035
2079623212,3,0.64374,-0.266674,0.664516,0.27
2079623222,3,0.644794,-0.268294,0.664727,0.265322
2079623232,3,0.646175,-0.270301,0.664612,0.260161
2079623242,3,0.647904,-0.27271,0.664128,0.254522
2079623252,3,0.649967,-0.275488,0.663269,0.248438
2079623262,3,0.652335,-0.278568,0.662046,0.241974
2079623272,3,0.654983,-0.28189,0.660463,0.235207
2079623282,3,0.657889,-0.285398,0.658521,0.228207
2079623292,3,0.661049,-0.289057,0.656204,0.22103
2079623302,3,0.66446,-0.292822,0.653503,0.213729
2079623312,3,0.66812,-0.296648,0.6504,0.206384
2079623322,3,0.671991,-0.300463,0.64693,0.199072
2079623332,3,0.676001,-0.304213,0.643164,0.191875
2079623343,3,0.680086,-0.307785,0.639196,0.184873
2079623353,3,0.684154,-0.311127,0.635135,0.178144
2079623363,3,0.687898,-0.314683,0.631263,0.171104
2079623373,3,0.691502,-0.317824,0.627491,0.16452
2079623383,3,0.694873,-0.320497,0.623958,0.158454
2079623393,3,0.69802,-0.322763,0.62067,0.152839
2079623403,3,0.701319,-0.324739,0.61717,0.147635
2079623413,3,0.704471,-0.326557,0.613795,0.142603
2079623423,3,0.707461,-0.328255,0.61056,0.1377
2079623433,3,0.710275,-0.329852,0.607493,0.132882
2079623443,3,0.712896,-0.331366,0.604611,0.12814
2079623453,3,0.715285,-0.332816,0.601965,0.123444
2079623463,3,0.717398,-0.334232,0.599597,0.118785
2079623474,3,0.719213,-0.335618,0.597539,0.114185
2079623484,3,0.72067,-0.336971,0.595863,0.109683
2079623494,3,0.721698,-0.338277,0.594661,0.105337
2079623504,3,0.722258,-0.339504,0.593999,0.101212
2079623514,3,0.722338,-0.340652,0.593888,0.097359
2079623524,3,0.72198,-0.341744,0.594273,0.093771
2079623534,3,0.721268,-0.342822,0.595038,0.090411
2079623544,3,0.720287,-0.343925,0.596063,0.087232
2079623554,3,0.71915,-0.34507,0.59721,0.084191
2079623564,3,0.717354,-0.344971,0.599638,0.082652
2079623574,3,0.715526,-0.344869,0.602069,0.081237
2079623584,3,0.713761,-0.344833,0.604363,0.079865
2079623594,3,0.712107,-0.344926,0.606442,0.07847
2079623605,3,0.710532,-0.345111,0.608361,0.077064
2079623615,3,0.709601,-0.346904,0.608805,0.074021
2079623625,3,0.708795,-0.348862,0.608996,0.070898
2079623635,3,0.708163,-0.350995,0.608873,0.067676
2079623645,3,0.707747,-0.353306,0.608382,0.06434
2079623655,3,0.707574,-0.355768,0.607502,0.060887
2079623665,3,0.707611,-0.358316,0.606303,0.057371
2079623675,3,0.707748,-0.360905,0.604926,0.05389
2079623685,3,0.707838,-0.363451,0.603582,0.050558
2079623695,3,0.70773,-0.365857,0.602499,0.047534
2079623705,3,0.7073,-0.368015,0.601888,0.044958
2079623715,3,0.706468,-0.369849,0.601888,0.042942
2079623725,3,0.705232,-0.3713,0.602541,0.041544
2079623736,3,0.703654,-0.372345,0.603792,0.040785
2079623746,3,0.701763,-0.372982,0.605607,0.040637
2079623756,3,0.699589,-0.373224,0.60794,0.04106
2079623766,3,0.69713,-0.373118,0.610761,0.041979
2079623776,3,0.694392,-0.372734,0.614011,0.043343
2079623786,3,0.691759,-0.370619,0.617975,0.047073
2079623796,3,0.688914,-0.368352,0.622173,0.051125
2079623806,3,0.685835,-0.366,0.62658,0.055407
2079623816,3,0.682385,-0.365058,0.630638,0.058115
2079623826,3,0.679023,-0.364021,0.634567,0.061155
2079623836,3,0.675904,-0.362847,0.638221,0.064563
2079623846,3,0.672851,-0.360356,0.642324,0.069517
2079623856,3,0.670166,-0.357815,0.645956,0.074741
2079623866,3,0.66794,-0.355265,0.648999,0.08026
2079623877,3,0.66625,-0.352618,0.651407,0.086246
2079623887,3,0.665007,-0.349818,0.653281,0.09282
2079623897,3,0.664063,-0.346731,0.654802,0.100149
2079623907,3,0.663239,-0.343292,0.656154,0.10828
2079623917,3,0.662259,-0.339464,0.657607,0.117167
2079623927,3,0.660948,-0.335223,0.659332,0.126701
2079623937,3,0.659232,-0.330589,0.661372,0.136782
2079623947,3,0.657074,-0.325584,0.663744,0.14728
2079623957,3,0.654497,-0.320292,0.666385,0.158037
2079623967,3,0.651544,-0.31475,0.669239,0.168938
2079623977,3,0.648312,-0.308978,0.672199,0.17992
2079623987,3,0.644853,-0.303057,0.675198,0.19086
2079623997,3,0.641251,-0.297067,0.678146,0.201656
2079624008,3,0.637279,-0.290525,0.681334,0.212727
2079624018,3,0.633319,-0.284074,0.6843,0.223477
2079624028,3,0.629427,-0.277797,0.687001,0.233834
2079624038,3,0.625666,-0.27174,0.689419,0.24372
2079624048,3,0.622089,-0.26596,0.691529,0.253094
2079624058,3,0.618739,-0.260512,0.693318,0.261925
2079624068,3,0.615664,-0.255438,0.694759,0.270219
2079624078,3,0.612905,-0.250772,0.695844,0.277957
2079624088,3,0.610518,-0.246542,0.696538,0.285164
2079624098,3,0.608532,-0.242746,0.696831,0.291868
2079624108,3,0.606964,-0.239388,0.696722,0.298101
2079624118,3,0.605825,-0.236495,0.696206,0.303878
2079624128,3,0.605115,-0.234068,0.6953,0.309198
2079624139,3,0.604844,-0.232132,0.694013,0.314042
2079624149,3,0.605008,-0.230699,0.69236,0.318401
2079624159,3,0.605595,-0.229767,0.69036,0.322278
2079624169,3,0.606563,-0.229284,0.688073,0.325675
2079624179,3,0.608387,-0.231007,0.685231,0.327043
2079624189,3,0.610546,-0.233133,0.682173,0.327905
2079624199,3,0.612984,-0.235564,0.678956,0.328294
2079624209,3,0.615653,-0.238248,0.675638,0.328208
2079624219,3,0.618503,-0.24119,0.67227,0.327617
2079624229,3,0.621477,-0.244363,0.668914,0.326504
2079624239,3,0.624557,-0.24771,0.665595,0.324884
2079624249,3,0.627721,-0.251157,0.66234,0.322784
2079624259,3,0.630454,-0.252615,0.659513,0.32211
2079624269,3,0.633157,-0.253958,0.656886,0.321118
2079624280,3,0.635757,-0.255086,0.65455,0.319855
2079624290,3,0.638163,-0.255926,0.652597,0.318378
2079624300,3,0.640306,-0.256395,0.651123,0.316711
2079624310,3,0.642101,-0.256487,0.650202,0.314891
2079624320,3,0.643505,-0.256195,0.6499,0.31288
2079624330,3,0.644494,-0.255557,0.650239,0.310653
2079624340,3,0.645083,-0.254718,0.651192,0.308115
2079624350,3,0.645382,-0.253867,0.65263,0.305134
2079624360,3,0.645845,-0.25455,0.654148,0.300295
2079624370,3,0.646049,-0.255252,0.656001,0.295175
2079624380,3,0.646369,-0.255309,0.657762,0.290467
2079624390,3,0.646952,-0.255904,0.659306,0.285096
2079624400,3,0.647875,-0.25706,0.660516,0.279097
2079624411,3,0.649174,-0.258793,0.661327,0.272478
2079624421,3,0.65087,-0.261056,0.661686,0.265308
2079624431,3,0.652977,-0.263804,0.661548,0.257646
2079624441,3,0.655465,-0.266972,0.660906,0.249586
2079624451,3,0.658329,-0.270502,0.659743,0.241182
2079624461,3,0.661553,-0.274348,0.658041,0.232512
2079624471,3,0.665087,-0.278436,0.655831,0.223645
2079624481,3,0.668865,-0.282687,0.653162,0.214676
2079624491,3,0.672811,-0.287014,0.650097,0.205721
2079624501,3,0.676527,-0.292035,0.646973,0.196089
2079624511,3,0.680375,-0.296971,0.64347,0.186658
2079624521,3,0.684164,-0.301706,0.639801,0.17761
2079624531,3,0.687787,-0.306109,0.636132,0.169058
2079624542,3,0.69114,-0.310101,0.63261,0.161138
2079624552,3,0.694164,-0.313649,0.629347,0.153884
2079624562,3,0.696852,-0.316746,0.626393,0.147307
2079624572,3,0.699475,-0.3195,0.623441,0.141327
2079624582,3,0.701961,-0.322154,0.620548,0.135594
2079624592,3,0.704324,-0.32476,0.617691,0.130057
2079624602,3,0.706578,-0.327337,0.614859,0.124676
2079624612,3,0.70869,-0.329904,0.612094,0.119423
2079624622,3,0.710624,-0.332443,0.609455,0.114275
2079624632,3,0.712325,-0.334947,0.607016,0.109243
2079624642,3,0.713729,-0.337399,0.604867,0.104339
2079624652,3,0.714769,-0.339782,0.603105,0.099577
2079624662,3,0.715433,-0.342099,0.601748,0.094985
2079624672,3,0.715695,-0.344334,0.60084,0.090574
2079624683,3,0.715561,-0.346498,0.600375,0.086372
2079624693,3,0.715032,-0.348585,0.600357,0.082388
2079624703,3,0.714131,-0.350611,0.60075,0.078658
2079624713,3,0.712895,-0.352586,0.601506,0.07518
2079624723,3,0.711296,-0.353365,0.603162,0.073378
2079624733,3,0.709413,-0.354082,0.605137,0.071877
2079624743,3,0.707323,-0.354756,0.607327,0.070669
2079624753,3,0.705084,-0.355414,0.609649,0.069747
2079624763,3,0.702735,-0.356033,0.612067,0.069109
2079624773,3,0.700329,-0.35663,0.614516,0.068729
2079624783,3,0.697944,-0.357284,0.616872,0.068489
2079624793,3,0.695715,-0.358053,0.618961,0.0683
2079624803,3,0.694263,-0.360802,0.619222,0.066209
2079624814,3,0.693199,-0.363752,0.618913,0.064071
2079624824,3,0.692522,-0.366871,0.618054,0.061859
2079624834,3,0.692158,-0.370082,0.616764,0.059642
2079624844,3,0.692002,-0.373319,0.615187,0.057526
2079624854,3,0.691946,-0.376496,0.613487,0.055611
2079624864,3,0.691863,-0.379533,0.611856,0.053949
2079624874,3,0.691648,-0.382372,0.610446,0.052625
2079624884,3,0.6912,-0.38489,0.609444,0.051751
2079624894,3,0.690453,-0.386999,0.608981,0.051445
2079624904,3,0.689384,-0.38863,0.609128,0.05174
2079624914,3,0.688018,-0.389746,0.609884,0.052627
2079624924,3,0.686377,-0.390382,0.611203,0.054025
2079624934,3,0.684466,-0.390553,0.61307,0.05584
2079624945,3,0.68225,-0.39034,0.615471,0.057987
2079624955,3,0.679727,-0.389787,0.618372,0.060428
2079624965,3,0.677384,-0.387444,0.621933,0.065088
2079624975,3,0.674748,-0.384922,0.625835,0.069855
2079624985,3,0.671847,-0.382215,0.630039,0.074716
2079624995,3,0.668771,-0.379403,0.634404,0.079552
2079625005,3,0.665721,-0.376491,0.638706,0.084397
2079625015,3,0.662828,-0.373479,0.642805,0.089289
2079625025,3,0.660206,-0.370338,0.646595,0.094295
2079625035,3,0.657956,-0.367032,0.649977,0.099541
2079625045,3,0.656147,-0.363551,0.652882,0.105091
2079625055,3,0.654779,-0.359879,0.655304,0.111027
2079625065,3,0.653782,-0.356008,0.657303,0.117383
2079625076,3,0.653075,-0.351895,0.658959,0.124233
2079625086,3,0.652509,-0.347512,0.660418,0.131585
2079625096,3,0.65194,-0.34284,0.661812,0.139422
2079625106,3,0.651264,-0.337879,0.663235,0.147686
2079625116,3,0.650379,-0.332672,0.664764,0.156278
2079625126,3,0.649231,-0.327241,0.666437,0.165145
2079625136,3,0.647803,-0.321583,0.668275,0.174191
2079625146,3,0.646106,-0.315708,0.67026,0.183375
2079625156,3,0.644212,-0.309669,0.672305,0.192614
2079625166,3,0.642184,-0.303517,0.674342,0.201836
2079625176,3,0.640119,-0.297334,0.67627,0.210943
2079625186,3,0.638095,-0.291255,0.678005,0.219801
2079625196,3,0.63584,-0.284928,0.67986,0.228721
2079625206,3,0.633663,-0.278884,0.681488,0.237206
2079625217,3,0.631597,-0.273185,0.682876,0.245222
2079625227,3,0.629664,-0.267869,0.684023,0.252745
2079625237,3,0.627885,-0.262955,0.684931,0.259775
2079625247,3,0.62628,-0.258452,0.685601,0.26632
2079625257,3,0.624853,-0.254382,0.686034,0.272404
2079625267,3,0.62364,-0.250705,0.686214,0.278081
2079625277,3,0.622638,-0.247425,0.686142,0.283391
2079625287,3,0.621867,-0.244543,0.685818,0.288328
2079625297,3,0.621336,-0.242091,0.685227,0.292909
2079625307,3,0.62107,-0.240089,0.684358,0.297123
2079625317,3,0.621077,-0.238555,0.683212,0.300956
2079625327,3,0.621376,-0.237487,0.681783,0.304405
2079625337,3,0.621966,-0.236858,0.680082,0.307481
2079625348,3,0.622814,-0.236634,0.678147,0.310195
2079625358,3,0.624251,-0.238463,0.675805,0.311017
2079625368,3,0.625919,-0.240636,0.673285,0.311455
2079625378,3,0.627766,-0.24309,0.670655,0.311507
2079625388,3,0.629747,-0.245754,0.667961,0.311208
2079625398,3,0.631796,-0.248561,0.665284,0.310559
2079625408,3,0.63347,-0.249615,0.662948,0.311298
2079625418,3,0.635158,-0.250687,0.660732,0.311708
2079625428,3,0.636822,-0.251729,0.658691,0.311792
2079625438,3,0.638416,-0.252717,0.656881,0.311551
2079625448,3,0.639901,-0.253578,0.655364,0.311
2079625458,3,0.641221,-0.254256,0.654201,0.310176
2079625468,3,0.642315,-0.254682,0.653467,0.309108
2079625479,3,0.643145,-0.254832,0.653186,0.307848
2079625489,3,0.64368,-0.254684,0.653384,0.306431
2079625499,3,0.643937,-0.254281,0.654037,0.304828
2079625509,3,0.643976,-0.253771,0.655054,0.302981
2079625519,3,0.643921,-0.253322,0.65629,0.300791
2079625529,3,0.643892,-0.253075,0.65761,0.298165
2079625539,3,0.643947,-0.254484,0.658981,0.293789
2079625549,3,0.644073,-0.256091,0.660297,0.289124
2079625559,3,0.64434,-0.257938,0.661479,0.284143
2079625569,3,0.645392,-0.259532,0.661873,0.279347
2079625579,3,0.646892,-0.261696,0.661811,0.273953
2079625589,3,0.64886,-0.264422,0.661244,0.267985
2079625599,3,0.651271,-0.267636,0.660178,0.261498
2079625609,3,0.654103,-0.271277,0.658608,0.254543
2079625620,3,0.657308,-0.275288,0.656554,0.247183
2079625630,3,0.660839,-0.27957,0.654047,0.239485
2079625640,3,0.664641,-0.284059,0.651124,0.231513
2079625650,3,0.66864,-0.28864,0.647849,0.223376
2079625660,3,0.672736,-0.2932,0.644324,0.215186
2079625670,3,0.676841,-0.2976,0.640647,0.2071
2079625680,3,0.680837,-0.301727,0.636957,0.199266
2079625690,3,0.684592,-0.306562,0.633266,0.19059
2079625700,3,0.688086,-0.310906,0.62975,0.182453
2079625710,3,0.691249,-0.31464,0.626537,0.175002
2079625720,3,0.694019,-0.317742,0.623736,0.168312
2079625730,3,0.696594,-0.319663,0.62127,0.163079
2079625740,3,0.698932,-0.321285,0.61904,0.158299
2079625751,3,0.701087,-0.322706,0.616981,0.153849
2079625761,3,0.703114,-0.324007,0.615028,0.149632
2079625771,3,0.705038,-0.325226,0.613154,0.14557
2079625781,3,0.706841,-0.326414,0.611369,0.141619
2079625791,3,0.708475,-0.327592,0.609727,0.137762
2079625801,3,0.709873,-0.3288,0.608299,0.133948
2079625811,3,0.710974,-0.330052,0.607153,0.130171
2079625821,3,0.711748,-0.33136,0.606329,0.126405
2079625831,3,0.71217,-0.332737,0.605849,0.122655
2079625841,3,0.712235,-0.334157,0.605735,0.118926
2079625851,3,0.711938,-0.335625,0.60599,0.115216
2079625861,3,0.711154,-0.336215,0.607073,0.112605
2079625871,3,0.709992,-0.336762,0.60859,0.110087
2079625882,3,0.708508,-0.337331,0.610448,0.107597
2079625892,3,0.706802,-0.338035,0.612484,0.104998
2079625902,3,0.704969,-0.338948,0.614558,0.102226
2079625912,3,0.70314,-0.34012,0.616497,0.099207
2079625922,3,0.701414,-0.341535,0.618192,0.095966
2079625932,3,0.699847,-0.343169,0.61958,0.092565
2079625942,3,0.698442,-0.344964,0.620679,0.089074
2079625952,3,0.697191,-0.346826,0.62154,0.085576
2079625962,3,0.696104,-0.348718,0.622167,0.082104
2079625972,3,0.695228,-0.350638,0.62251,0.07868
2079625982,3,0.694966,-0.353927,0.621526,0.073905
2079625992,3,0.694893,-0.357154,0.620291,0.069292
2079626002,3,0.694968,-0.36027,0.618877,0.064919
2079626013,3,0.695132,-0.363203,0.617386,0.060887
2079626023,3,0.695313,-0.365897,0.615937,0.057266
2079626033,3,0.695426,-0.368335,0.614641,0.054108
2079626043,3,0.695405,-0.370507,0.613585,0.051458
2079626053,3,0.695177,-0.372351,0.612898,0.049378
2079626063,3,0.694699,-0.373812,0.612664,0.047937
2079626073,3,0.693983,-0.374835,0.612911,0.047166
2079626083,3,0.69305,-0.375414,0.613622,0.04703
2079626093,3,0.69193,-0.375538,0.614774,0.047491
2079626103,3,0.690651,-0.375221,0.616326,0.048479
2079626113,3,0.689228,-0.374503,0.61824,0.049904
2079626123,3,0.687658,-0.373402,0.620503,0.051695
2079626133,3,0.685931,-0.371999,0.623074,0.053782
2079626143,3,0.684316,-0.368938,0.626298,0.057836
2079626154,3,0.682532,-0.365675,0.629748,0.062036
2079626164,3,0.680606,-0.362254,0.633364,0.066297
2079626174,3,0.678642,-0.358722,0.63701,0.070573
2079626184,3,0.676757,-0.355125,0.640533,0.074851
2079626194,3,0.675073,-0.351437,0.64381,0.079222
2079626204,3,0.673674,-0.347681,0.646737,0.083737
2079626214,3,0.672563,-0.343825,0.649314,0.088506
2079626224,3,0.671752,-0.339816,0.651539,0.093644
2079626234,3,0.671141,-0.335603,0.653521,0.099247
2079626244,3,0.670589,-0.331165,0.655395,0.10534
2079626254,3,0.669987,-0.32647,0.657269,0.111943
2079626264,3,0.669164,-0.321488,0.65931,0.119053
2079626274,3,0.66799,-0.316229,0.66163,0.12662
2079626285,3,0.666388,-0.310669,0.664295,0.13462
2079626295,3,0.664323,-0.304835,0.667316,0.142962
2079626305,3,0.661799,-0.298736,0.670665,0.15161
2079626315,3,0.658858,-0.292377,0.674284,0.160503
2079626325,3,0.655601,-0.285805,0.678045,0.169575
2079626335,3,0.652113,-0.2791,0.681842,0.178722
2079626345,3,0.648494,-0.272385,0.68555,0.187832
2079626355,3,0.644391,-0.265114,0.689576,0.197378
2079626365,3,0.640315,-0.258035,0.693316,0.206701
2079626375,3,0.636322,-0.251223,0.69673,0.215748
2079626385,3,0.632456,-0.244738,0.69979,0.22449
2079626395,3,0.628779,-0.238635,0.702459,0.232896
2079626405,3,0.625334,-0.232952,0.704718,0.24096
2079626416,3,0.622188,-0.227737,0.706527,0.248667
2079626426,3,0.619416,-0.223033,0.707831,0.256034
2079626436,3,0.617041,-0.218871,0.708631,0.263051
2079626446,3,0.615097,-0.215239,0.708926,0.269724
2079626456,3,0.613584,-0.212133,0.708715,0.276108
2079626466,3,0.612528,-0.209563,0.707987,0.282215
2079626476,3,0.611922,-0.207541,0.70676,0.288041
2079626486,3,0.611761,-0.206052,0.70506,0.293563
2079626496,3,0.612001,-0.205118,0.702925,0.29879
2079626506,3,0.613218,-0.206479,0.700013,0.302176
2079626516,3,0.614149,-0.20655,0.697182,0.306745
2079626526,3,0.61535,-0.207112,0.694093,0.310938
2079626536,3,0.616797,-0.208161,0.690804,0.314672
2079626546,3,0.619169,-0.211287,0.686894,0.316484
2079626557,3,0.621729,-0.21489,0.682885,0.317713
2079626567,3,0.624509,-0.218985,0.678772,0.318279
2079626577,3,0.627386,-0.223448,0.67469,0.318197
2079626587,3,0.630228,-0.228093,0.670783,0.317544
2079626597,3,0.632924,-0.232735,0.667152,0.316463
2079626607,3,0.63537,-0.237215,0.663912,0.315045
2079626617,3,0.636561,-0.239452,0.661849,0.315289
2079626627,3,0.637464,-0.241471,0.66025,0.315278
2079626637,3,0.638064,-0.243251,0.659132,0.315033
2079626647,3,0.638364,-0.24476,0.658498,0.314584
2079626657,3,0.63837,-0.246052,0.658321,0.313934
2079626667,3,0.63812,-0.247147,0.658564,0.31307
2079626677,3,0.637632,-0.248082,0.65919,0.312006
2079626688,3,0.636969,-0.248944,0.660123,0.310699
2079626698,3,0.636235,-0.249855,0.661253,0.309064
2079626708,3,0.635793,-0.252443,0.662283,0.305647
2079626718,3,0.635364,-0.255088,0.663352,0.302003
2079626728,3,0.635078,-0.25793,0.664329,0.298016
2079626738,3,0.635284,-0.260329,0.664861,0.294281
2079626748,3,0.635894,-0.263213,0.665049,0.289941
2079626758,3,0.636877,-0.266558,0.664908,0.285009
2079626768,3,0.638234,-0.270295,0.664417,0.279546
2079626778,3,0.639939,-0.274349,0.663577,0.273632
2079626788,3,0.641959,-0.278639,0.662403,0.267338
2079626798,3,0.644269,-0.283129,0.660887,0.260734
2079626808,3,0.646861,-0.287781,0.659014,0.253873
2079626819,3,0.649723,-0.292558,0.656769,0.246824
2079626829,3,0.652852,-0.297423,0.654134,0.239646
2079626839,3,0.655856,-0.303014,0.651433,0.231664
2079626849,3,0.659072,-0.308573,0.648356,0.223697
2079626859,3,0.662436,-0.314009,0.644968,0.215851
2079626869,3,0.665898,-0.319267,0.641333,0.208181
2079626879,3,0.669402,-0.324315,0.637517,0.200725
2079626889,3,0.672883,-0.329127,0.633602,0.193521
2079626899,3,0.676652,-0.333139,0.629365,0.18724
2079626909,3,0.680358,-0.336876,0.625118,0.181255
2079626919,3,0.68396,-0.340323,0.620928,0.175569
2079626929,3,0.687401,-0.343488,0.61689,0.170117
2079626939,3,0.690623,-0.346384,0.613093,0.164842
2079626950,3,0.693589,-0.349031,0.609594,0.159703
2079626960,3,0.696296,-0.351444,0.60642,0.154637
2079626970,3,0.698763,-0.353661,0.603558,0.149565
2079626980,3,0.70104,-0.355718,0.600942,0.144481
2079626990,3,0.703188,-0.357589,0.598515,0.139407
2079627000,3,0.70522,-0.359263,0.596271,0.134367
2079627010,3,0.707138,-0.360715,0.594225,0.129366
2079627020,3,0.708917,-0.361942,0.592408,0.124439
2079627030,3,0.710512,-0.362959,0.590866,0.119621
2079627040,3,0.711882,-0.363743,0.589658,0.114966
2079627050,3,0.713004,-0.364279,0.588824,0.110502
2079627060,3,0.713866,-0.364612,0.588359,0.10623
2079627070,3,0.714475,-0.364814,0.588224,0.102116
2079627080,3,0.714832,-0.365003,0.588357,0.098099
2079627091,3,0.714954,-0.365266,0.588695,0.094115
2079627101,3,0.714841,-0.365707,0.589185,0.090114
2079627111,3,0.714514,-0.366364,0.589775,0.086087
2079627121,3,0.713712,-0.365636,0.591496,0.083999
2079627131,3,0.712722,-0.365193,0.593262,0.081855
2079627141,3,0.711569,-0.364993,0.595057,0.079719
2079627151,3,0.71026,-0.364962,0.596901,0.077721
2079627161,3,0.708836,-0.365061,0.598761,0.075933
2079627171,3,0.707292,-0.365281,0.600644,0.074385
2079627181,3,0.705641,-0.365632,0.602525,0.073118
2079627191,3,0.703896,-0.367354,0.603816,0.070615
2079627201,3,0.701917,-0.369048,0.605317,0.068595
2079627211,3,0.699689,-0.370662,0.607074,0.067115
2079627222,3,0.697228,-0.372143,0.609094,0.066225
2079627232,3,0.694535,-0.373427,0.611402,0.066025
2079627242,3,0.691605,-0.374443,0.614037,0.06658
2079627252,3,0.688429,-0.375167,0.61701,0.067915
2079627262,3,0.685054,-0.375576,0.620278,0.069986
2079627272,3,0.681516,-0.375715,0.623767,0.072718
2079627282,3,0.677891,-0.375607,0.627381,0.07599
2079627292,3,0.674235,-0.375316,0.631029,0.079668
2079627302,3,0.670608,-0.374852,0.634641,0.083667
2079627312,3,0.667026,-0.374216,0.638203,0.087949
2079627322,3,0.663507,-0.373404,0.641694,0.092496
2079627332,3,0.660063,-0.372403,0.645103,0.097329
2079627342,3,0.656727,-0.371211,0.648393,0.102451
2079627353,3,0.653529,-0.369831,0.651531,0.107843
2079627363,3,0.650667,-0.367338,0.654657,0.114536
2079627373,3,0.648005,-0.364798,0.65749,0.12131
2079627383,3,0.645595,-0.362269,0.659956,0.128158
2079627393,3,0.643458,-0.359763,0.66203,0.135079
2079627403,3,0.641578,-0.357297,0.663719,0.1421
2079627413,3,0.639899,-0.354876,0.665075,0.149218
2079627423,3,0.637922,-0.352697,0.666551,0.156101
2079627433,3,0.635905,-0.350408,0.667972,0.163251
2079627443,3,0.633779,-0.348005,0.669391,0.170677
2079627453,3,0.631516,-0.34553,0.670812,0.178339
2079627463,3,0.629095,-0.342953,0.67227,0.186213
2079627473,3,0.626497,-0.340286,0.673769,0.194272
2079627483,3,0.624545,-0.33791,0.67441,0.202308
2079627494,3,0.622466,-0.335503,0.675056,0.210408
2079627504,3,0.62022,-0.333054,0.675746,0.21856
2079627514,3,0.61783,-0.330539,0.676473,0.226745
2079627524,3,0.61525,-0.327983,0.677273,0.234934
2079627534,3,0.611384,-0.32472,0.679301,0.243547
2079627544,3,0.607269,-0.321429,0.681432,0.252102
2079627554,3,0.602934,-0.31814,0.683631,0.260583
2079627564,3,0.598432,-0.314886,0.685855,0.268938
2079627574,3,0.593814,-0.311705,0.688058,0.277128
2079627584,3,0.589132,-0.308646,0.690189,0.285128
2079627594,3,0.584437,-0.305734,0.692212,0.292918
2079627604,3,0.579756,-0.302996,0.694098,0.300505
2079627614,3,0.575126,-0.300436,0.695823,0.307892
2079627625,3,0.570571,-0.29806,0.697367,0.315097
2079627635,3,0.566123,-0.295873,0.698714,0.322121
2079627645,3,0.561794,-0.293904,0.699863,0.328935
2079627655,3,0.557616,-0.292194,0.7008,0.335508
2079627665,3,0.553628,-0.290804,0.701505,0.341787
2079627675,3,0.549861,-0.289769,0.701979,0.347721
2079627685,3,0.546338,-0.28913,0.70222,0.353276
2079627695,3,0.543077,-0.288899,0.70223,0.358434
2079627705,3,0.540096,-0.289091,0.702014,0.363177
2079627715,3,0.537376,-0.289682,0.701588,0.367537
2079627725,3,0.534918,-0.290669,0.700957,0.371526
2079627735,3,0.532742,-0.292037,0.700116,0.375148
2079627745,3,0.532281,-0.295483,0.697941,0.377151
2079627756,3,0.532091,-0.29933,0.695538,0.378821
2079627766,3,0.532215,-0.303638,0.692872,0.380103
2079627776,3,0.532681,-0.308382,0.689902,0.381032
2079627786,3,0.533494,-0.313504,0.686613,0.381653
2079627796,3,0.534635,-0.318938,0.683021,0.381999
2079627806,3,0.534827,-0.322553,0.680192,0.38374
2079627816,3,0.535219,-0.32626,0.677179,0.385385
2079627826,3,0.535699,-0.329974,0.674094,0.386962
2079627836,3,0.53619,-0.333662,0.671005,0.388486
2079627846,3,0.536605,-0.337255,0.668013,0.389963
2079627856,3,0.536867,-0.340725,0.665202,0.391388
2079627866,3,0.536913,-0.344077,0.662651,0.392716
2079627876,3,0.53674,-0.347408,0.66037,0.393863
2079627887,3,0.53644,-0.350841,0.658289,0.39471
2079627897,3,0.536152,-0.354508,0.656286,0.395161
2079627907,3,0.536874,-0.359847,0.653447,0.394058
2079627917,3,0.537608,-0.365412,0.65063,0.392595
2079627927,3,0.538475,-0.371257,0.647706,0.390753
2079627937,3,0.539447,-0.376641,0.644739,0.389164
2079627947,3,0.540949,-0.382515,0.641301,0.387024
2079627957,3,0.543016,-0.388874,0.637341,0.384324
2079627967,3,0.545611,-0.395636,0.63288,0.381106
2079627977,3,0.548664,-0.402689,0.627963,0.377453
2079627987,3,0.552073,-0.409872,0.622669,0.3735
2079627997,3,0.555709,-0.417004,0.617106,0.369423
2079628007,3,0.559435,-0.423919,0.611388,0.365415
2079628017,3,0.563164,-0.430489,0.605599,0.361626
2079628028,3,0.566802,-0.436621,0.599838,0.358176
2079628038,3,0.570273,-0.442285,0.594182,0.35513
2079628048,3,0.573782,-0.448702,0.588271,0.351249
2079628058,3,0.576991,-0.454482,0.582654,0.347908
2079628068,3,0.579883,-0.459672,0.577373,0.345074
2079628078,3,0.58246,-0.464332,0.572447,0.342694
2079628088,3,0.584727,-0.468511,0.567904,0.340699
2079628098,3,0.586707,-0.472314,0.563713,0.338999
2079628108,3,0.588464,-0.475822,0.559802,0.337526
2079628118,3,0.590017,-0.4791,0.556134,0.336238
2079628128,3,0.591367,-0.482218,0.552702,0.335066
2079628138,3,0.592464,-0.485178,0.549559,0.334022
2079628148,3,0.593346,-0.488034,0.546641,0.333085
2079628159,3,0.594593,-0.491099,0.543207,0.331971
2079628169,3,0.595717,-0.494205,0.539849,0.330823
2079628179,3,0.59668,-0.497338,0.536599,0.329678
2079628189,3,0.597438,-0.500473,0.533504,0.328582
2079628199,3,0.597952,-0.503596,0.5306,0.327578
2079628209,3,0.598187,-0.506681,0.527933,0.326698
2079628219,3,0.598101,-0.509708,0.525539,0.326007
2079628229,3,0.597685,-0.512691,0.523406,0.325522
2079628239,3,0.596954,-0.515627,0.521534,0.32523
2079628249,3,0.595929,-0.518555,0.519882,0.3251
2079628259,3,0.594644,-0.521528,0.51839,0.32508
2079628269,3,0.593126,-0.524609,0.516999,0.32511
2079628279,3,0.591406,-0.52785,0.51566,0.325125
2079628290,3,0.589516,-0.531294,0.514317,0.325074
2079628300,3,0.587464,-0.534952,0.512949,0.324953
2079628310,3,0.585234,-0.538798,0.51157,0.324796
2079628320,3,0.582782,-0.542779,0.510239,0.32467
2079628330,3,0.579699,-0.54617,0.509653,0.325421
2079628340,3,0.576361,-0.549636,0.509176,0.326259
2079628350,3,0.572692,-0.55303,0.508934,0.327362
2079628360,3,0.568656,-0.556281,0.50897,0.328829
2079628370,3,0.564213,-0.55938,0.509325,0.330672
2079628380,3,0.55935,-0.56235,0.509987,0.332869
2079628390,3,0.554102,-0.565284,0.510884,0.335293
2079628400,3,0.548481,-0.568195,0.511993,0.337911
2079628410,3,0.542506,-0.571068,0.5133,0.340719
2079628420,3,0.536222,-0.573923,0.51474,0.343685
2079628431,3,0.529675,-0.576735,0.516281,0.346806
2079628441,3,0.522882,-0.579439,0.517917,0.350149
2079628451,3,0.515834,-0.582478,0.519539,0.353146
2079628461,3,0.508598,-0.585317,0.521231,0.356439
2079628471,3,0.501217,-0.58795,0.522951,0.360022
2079628481,3,0.493782,-0.590346,0.524629,0.363913
2079628491,3,0.486354,-0.592469,0.526211,0.368159
2079628501,3,0.478982,-0.594315,0.527645,0.372766
2079628511,3,0.471734,-0.595861,0.52889,0.377744
2079628521,3,0.464607,-0.597102,0.529926,0.383126
2079628531,3,0.457618,-0.598002,0.530757,0.388941
2079628541,3,0.450738,-0.598579,0.531397,0.395163
2079628551,3,0.443914,-0.59888,0.531884,0.401721
2079628562,3,0.437107,-0.598958,0.532234,0.408548
2079628572,3,0.430299,-0.598864,0.532469,0.415548
2079628582,3,0.423487,-0.598634,0.532597,0.422652
2079628592,3,0.416665,-0.598335,0.532609,0.429781
2079628602,3,0.410538,-0.597723,0.53191,0.437329
2079628612,3,0.404486,-0.597126,0.531056,0.444758
2079628622,3,0.398541,-0.596612,0.530025,0.451985
2079628632,3,0.392706,-0.596227,0.528821,0.458957
2079628642,3,0.386398,-0.596229,0.527951,0.465266
2079628652,3,0.380276,-0.596331,0.526845,0.471394
2079628662,3,0.374344,-0.596497,0.525491,0.477406
2079628672,3,0.368607,-0.596687,0.523884,0.483361
2079628682,3,0.363044,-0.596879,0.522036,0.489297
2079628693,3,0.357659,-0.597031,0.51992,0.495294
2079628703,3,0.352438,-0.597126,0.517548,0.501368
2079628713,3,0.347372,-0.597124,0.514943,0.507551
2079628723,3,0.343158,-0.59782,0.511251,0.513298
2079628733,3,0.33913,-0.598445,0.507305,0.519128
2079628743,3,0.335255,-0.598949,0.503157,0.525067
2079628753,3,0.331539,-0.599339,0.498811,0.531094
2079628763,3,0.327918,-0.599565,0.494335,0.537236
2079628773,3,0.324378,-0.599654,0.48979,0.543413
2079628783,3,0.320842,-0.599624,0.485247,0.549586
2079628793,3,0.317276,-0.599467,0.480791,0.55571
2079628803,3,0.312504,-0.598182,0.477702,0.562422
2079628813,3,0.307595,-0.596795,0.474799,0.569021
2079628824,3,0.302575,-0.595321,0.472091,0.575473
2079628834,3,0.297458,-0.593778,0.469553,0.581777
2079628844,3,0.292286,-0.592167,0.467166,0.58793
2079628854,3,0.287107,-0.590512,0.464869,0.593936
2079628864,3,0.281977,-0.588831,0.462632,0.59978
2079628874,3,0.276938,-0.58718,0.460394,0.605443
2079628884,3,0.272041,-0.585577,0.458108,0.610924
2079628894,3,0.267313,-0.584056,0.455747,0.61621
2079628904,3,0.262771,-0.582619,0.4533,0.621309
2079628914,3,0.258451,-0.58125,0.450748,0.62624
2079628924,3,0.254347,-0.579958,0.44809,0.631007
2079628934,3,0.25048,-0.578733,0.44531,0.63563
2079628944,3,0.247666,-0.5794,0.441479,0.638789
2079628954,3,0.245086,-0.580135,0.437542,0.641819
2079628965,3,0.24272,-0.580899,0.433535,0.64474
2079628975,3,0.240586,-0.581735,0.429451,0.647512
2079628985,3,0.23865,-0.58264,0.425339,0.650125
2079628995,3,0.236933,-0.583624,0.421188,0.652568
2079629005,3,0.235451,-0.584752,0.416991,0.654786
2079629015,3,0.234235,-0.586064,0.41274,0.656739
2079629025,3,0.233235,-0.587608,0.408478,0.658378
2079629035,3,0.232478,-0.589429,0.404185,0.659667
2079629045,3,0.231933,-0.591555,0.399904,0.660564
2079629055,3,0.231617,-0.593963,0.395632,0.661086
2079629065,3,0.231561,-0.59669,0.391354,0.661197
2079629075,3,0.231817,-0.599718,0.387034,0.660911
2079629085,3,0.232092,-0.601573,0.383133,0.6614
2079629096,3,0.232665,-0.603644,0.379243,0.661554
2079629106,3,0.233478,-0.605924,0.375404,0.661374
2079629116,3,0.23454,-0.608398,0.371643,0.660849
2079629126,3,0.235847,-0.611042,0.367988,0.65999
2079629136,3,0.237355,-0.613808,0.364484,0.658826
2079629146,3,0.239024,-0.616666,0.36115,0.657388
2079629156,3,0.240833,-0.619584,0.358021,0.655694
2079629166,3,0.242747,-0.622579,0.355117,0.653727
2079629176,3,0.244729,-0.625696,0.352431,0.651462
2079629186,3,0.246943,-0.629966,0.349649,0.648001
2079629196,3,0.249126,-0.634331,0.347058,0.64429
2079629206,3,0.251272,-0.638803,0.344624,0.640332
2079629216,3,0.253305,-0.64338,0.342341,0.636161
2079629227,3,0.25536,-0.647689,0.34012,0.632145
2079629237,3,0.257479,-0.652288,0.33783,0.627769
2079629247,3,0.259669,-0.657177,0.335426,0.623039
2079629257,3,0.261944,-0.66231,0.33289,0.617991
2079629267,3,0.264288,-0.667598,0.330234,0.612706
2079629277,3,0.266692,-0.672953,0.327456,0.607273
2079629287,3,0.269104,-0.678275,0.324599,0.601797
2079629297,3,0.271507,-0.683483,0.321688,0.596363
2079629307,3,0.273902,-0.688516,0.318738,0.59104
2079629317,3,0.276271,-0.693363,0.315766,0.585843
2079629327,3,0.278616,-0.697999,0.312764,0.580816
2079629337,3,0.280915,-0.702377,0.309748,0.576028
2079629347,3,0.283143,-0.706437,0.306748,0.57156
2079629357,3,0.284793,-0.710452,0.304303,0.567052
2079629368,3,0.286308,-0.713972,0.301977,0.563098
2079629378,3,0.28766,-0.716996,0.299789,0.559726
2079629388,3,0.288905,-0.719538,0.297681,0.556941
2079629398,3,0.289991,-0.721586,0.2957,0.554778
2079629408,3,0.290915,-0.723233,0.293861,0.553124
2079629418,3,0.29165,-0.724595,0.292138,0.551866
2079629428,3,0.292213,-0.72572,0.290521,0.550942
2079629438,3,0.292597,-0.726691,0.288993,0.550262
2079629448,3,0.292817,-0.727572,0.287474,0.549776
2079629458,3,0.292869,-0.728415,0.285954,0.549425
2079629468,3,0.292762,-0.72928,0.284396,0.549143
2079629478,3,0.293041,-0.730583,0.282036,0.548479
2079629488,3,0.293096,-0.731807,0.279721,0.548003
2079629499,3,0.292934,-0.73295,0.277445,0.54772
2079629509,3,0.292559,-0.734013,0.2752,0.547628
2079629519,3,0.291963,-0.73502,0.272964,0.547715
2079629529,3,0.291162,-0.735997,0.27074,0.547933
2079629539,3,0.290123,-0.736997,0.268527,0.548229
2079629549,3,0.288856,-0.738064,0.266313,0.548543
2079629559,3,0.287334,-0.739221,0.264107,0.548851
2079629569,3,0.28556,-0.740497,0.261914,0.549108
2079629579,3,0.28354,-0.741878,0.259768,0.549309
2079629589,3,0.28127,-0.743361,0.257684,0.549453
2079629599,3,0.278754,-0.744935,0.255682,0.54954
2079629609,3,0.275974,-0.746593,0.253765,0.549581
2079629619,3,0.272938,-0.748298,0.25196,0.549608
2079629630,3,0.26965,-0.749992,0.250272,0.549693
2079629640,3,0.265534,-0.750972,0.24957,0.550678
2079629650,3,0.261207,-0.751878,0.248972,0.55178
2079629660,3,0.25667,-0.752617,0.248503,0.553111
2079629670,3,0.251928,-0.753175,0.248155,0.554686
2079629680,3,0.246968,-0.753553,0.247935,0.556499
2079629690,3,0.241798,-0.753798,0.247834,0.55848
2079629700,3,0.236393,-0.753948,0.247907,0.560554
2079629710,3,0.230764,-0.753981,0.248137,0.56275
2079629720,3,0.22493,-0.75388,0.248537,0.565065
2079629730,3,0.218918,-0.753613,0.249076,0.567541
2079629740,3,0.212754,-0.753135,0.249737,0.570221
2079629750,3,0.206467,-0.752457,0.250484,0.573093
2079629760,3,0.200345,-0.752012,0.250892,0.575666
2079629771,3,0.194175,-0.751317,0.251339,0.578486
2079629781,3,0.188013,-0.750311,0.251781,0.581627
2079629791,3,0.181895,-0.748969,0.252171,0.585122
2079629801,3,0.175836,-0.747307,0.252495,0.588947
2079629811,3,0.169853,-0.745391,0.252738,0.593012
2079629821,3,0.163933,-0.743319,0.25291,0.597192
2079629831,3,0.158085,-0.741173,0.253028,0.60137
2079629841,3,0.152269,-0.739004,0.253114,0.60549
2079629851,3,0.146502,-0.736819,0.253203,0.609526
2079629861,3,0.140783,-0.734603,0.25328,0.613503
2079629871,3,0.135117,-0.732374,0.253311,0.617417
2079629881,3,0.129548,-0.730141,0.253248,0.621269
2079629891,3,0.124079,-0.727967,0.253068,0.624998
2079629902,3,0.118715,-0.725916,0.252779,0.628533
2079629912,3,0.113818,-0.723792,0.252038,0.632175
2079629922,3,0.109045,-0.721858,0.25116,0.635568
2079629932,3,0.10398,-0.720278,0.250575,0.638434
2079629942,3,0.099044,-0.718863,0.249843,0.641095
2079629952,3,0.094259,-0.717602,0.248945,0.643574
2079629962,3,0.089659,-0.716465,0.247825,0.645926
2079629972,3,0.085234,-0.715389,0.246445,0.648241
2079629982,3,0.080987,-0.714306,0.244778,0.650608
2079629992,3,0.076928,-0.713131,0.242799,0.653125
2079630002,3,0.073045,-0.711817,0.240469,0.655861
2079630012,3,0.06934,-0.710325,0.237754,0.658864
2079630022,3,0.06589,-0.70955,0.234337,0.661273
2079630033,3,0.062604,-0.708588,0.230541,0.663952
2079630043,3,0.05951,-0.707425,0.226332,0.666919
2079630053,3,0.056621,-0.706079,0.221731,0.670135
2079630063,3,0.053911,-0.704522,0.216791,0.673604
2079630073,3,0.05139,-0.702772,0.211573,0.677278
2079630083,3,0.048967,-0.700818,0.206197,0.68113
2079630093,3,0.046612,-0.698652,0.200774,0.685129
2079630103,3,0.043883,-0.695409,0.195945,0.689988
2079630113,3,0.041138,-0.692085,0.191176,0.694821
2079630123,3,0.038388,-0.68872,0.186484,0.699581
2079630133,3,0.035621,-0.685363,0.181896,0.704217
2079630143,3,0.032851,-0.682075,0.177407,0.708674
2079630153,3,0.030086,-0.67888,0.173007,0.712941
2079630164,3,0.027307,-0.675799,0.168712,0.716997
2079630174,3,0.024577,-0.672856,0.164494,0.720833
2079630184,3,0.021873,-0.670053,0.160346,0.724457
2079630194,3,0.019204,-0.667396,0.15626,0.72787
2079630204,3,0.016609,-0.664883,0.15221,0.731085
2079630214,3,0.014067,-0.66251,0.148202,0.73411
2079630224,3,0.011725,-0.661582,0.143921,0.735838
2079630234,3,0.009404,-0.660845,0.139714,0.737343
2079630244,3,0.007137,-0.660262,0.135553,0.738666
2079630254,3,0.00489,-0.658618,0.131657,0.740853
2079630264,3,0.002707,-0.657232,0.127782,0.742771
2079630274,3,5.98E-4,-0.656131,0.123946,0.744397
2079630284,3,-0.001444,-0.655352,0.120145,0.745705
2079630294,3,-0.003415,-0.654899,0.116371,0.746694
2079630305,3,-0.005386,-0.655964,0.112516,0.746339
2079630315,3,-0.007317,-0.657333,0.108711,0.745681
2079630325,3,-0.009182,-0.659003,0.104941,0.744726
2079630335,3,-0.010968,-0.660936,0.101193,0.743507
2079630345,3,-0.012678,-0.663067,0.097482,0.742077
2079630355,3,-0.014271,-0.665347,0.093792,0.740481
2079630365,3,-0.015753,-0.667763,0.090143,0.738727
2079630375,3,-0.017192,-0.670278,0.086614,0.736837
2079630385,3,-0.018569,-0.67288,0.083208,0.734822
2079630395,3,-0.020002,-0.675638,0.080032,0.732602
2079630405,3,-0.021462,-0.678582,0.077027,0.730158
2079630415,3,-0.022602,-0.680716,0.074019,0.728447
2079630425,3,-0.02367,-0.682893,0.07113,0.726661
2079630436,3,-0.024666,-0.684973,0.068372,0.724933
2079630446,3,-0.025598,-0.686848,0.06574,0.723368
2079630456,3,-0.026487,-0.688496,0.063284,0.721988
2079630466,3,-0.027346,-0.689965,0.061048,0.720744
2079630476,3,-0.028216,-0.691351,0.059085,0.719546
2079630486,3,-0.029111,-0.69275,0.057386,0.718301
2079630496,3,-0.030033,-0.69426,0.055953,0.716917
2079630506,3,-0.03099,-0.695965,0.054791,0.71531
2079630516,3,-0.032158,-0.698227,0.054003,0.713111
2079630526,3,-0.03329,-0.70062,0.053421,0.710752
2079630536,3,-0.034434,-0.703322,0.053009,0.708054
2079630546,3,-0.035658,-0.706483,0.052828,0.704854
2079630556,3,-0.036956,-0.710125,0.05286,0.701114
2079630567,3,-0.038314,-0.714258,0.053077,0.696814
2079630577,3,-0.039701,-0.718847,0.053439,0.691972
2079630587,3,-0.041097,-0.723822,0.053901,0.686649
2079630597,3,-0.042455,-0.729061,0.054413,0.680959
2079630607,3,-0.043726,-0.734413,0.0549,0.675063
2079630617,3,-0.044855,-0.739751,0.055311,0.669101
2079630627,3,-0.045819,-0.74494,0.055607,0.663228
2079630637,3,-0.046583,-0.749826,0.055772,0.657632
2079630647,3,-0.047161,-0.754264,0.055798,0.652493
2079630657,3,-0.047893,-0.758644,0.056001,0.647323
2079630667,3,-0.048415,-0.762393,0.056049,0.642861
2079630677,3,-0.048755,-0.765455,0.055948,0.639194
2079630687,3,-0.048933,-0.767808,0.055726,0.636373
2079630697,3,-0.048947,-0.769495,0.055375,0.634361
2079630708,3,-0.048841,-0.770561,0.054904,0.633114
2079630718,3,-0.048621,-0.771058,0.054328,0.632576
2079630728,3,-0.048322,-0.771069,0.053622,0.632645
2079630738,3,-0.048011,-0.770692,0.052852,0.633193
2079630748,3,-0.047753,-0.770073,0.051991,0.634037
2079630758,3,-0.047604,-0.76931,0.051049,0.63505
2079630768,3,-0.047575,-0.768486,0.050023,0.63613
2079630778,3,-0.047684,-0.767649,0.048865,0.637222
2079630788,3,-0.047924,-0.766786,0.047542,0.638342
2079630798,3,-0.048265,-0.765927,0.046014,0.639459
2079630808,3,-0.048733,-0.765033,0.044289,0.640614
2079630818,3,-0.049339,-0.764088,0.042397,0.641823
2079630828,3,-0.0501,-0.763092,0.04034,0.64308
2079630839,3,-0.050747,-0.762454,0.037714,0.643944
2079630849,3,-0.051529,-0.761842,0.034919,0.644764
2079630859,3,-0.052471,-0.761271,0.031969,0.645516
2079630869,3,-0.053584,-0.760804,0.028876,0.64612
2079630879,3,-0.05489,-0.760468,0.025683,0.64654
2079630889,3,-0.056417,-0.760296,0.022418,0.646733
2079630899,3,-0.058207,-0.760285,0.019115,0.646693
2079630909,3,-0.060258,-0.760433,0.015796,0.64642
2079630919,3,-0.062586,-0.760711,0.012504,0.645944
2079630929,3,-0.065224,-0.761079,0.009278,0.645304
2079630939,3,-0.068167,-0.76149,0.00616,0.644552
2079630949,3,-0.071448,-0.7619,0.003201,0.643733
2079630959,3,-0.075068,-0.762282,4.04E-4,0.642876
2079630970,3,-0.079039,-0.762589,-0.002173,0.642032
2079630980,3,-0.083226,-0.76244,-0.004669,0.641666
2079630990,3,-0.087782,-0.762198,-0.006926,0.641326
2079631000,3,-0.092657,-0.761797,-0.008973,0.641092
2079631010,3,-0.097848,-0.761206,-0.010781,0.640995
2079631020,3,-0.103331,-0.760376,-0.012394,0.64109
2079631030,3,-0.109079,-0.759251,-0.013833,0.641441
2079631040,3,-0.115042,-0.757808,-0.015128,0.642076
2079631050,3,-0.121203,-0.756022,-0.016315,0.643018
2079631060,3,-0.127523,-0.753903,-0.01742,0.644254
2079631070,3,-0.1339,-0.751716,-0.018561,0.645483
2079631080,3,-0.140278,-0.749352,-0.019786,0.64684
2079631090,3,-0.146583,-0.746817,-0.02115,0.648328
2079631101,3,-0.152742,-0.744116,-0.022693,0.649957
2079631111,3,-0.1587,-0.741232,-0.024478,0.651759
2079631121,3,-0.164398,-0.738186,-0.026497,0.653721
2079631131,3,-0.169795,-0.735021,-0.028779,0.655808
2079631141,3,-0.174855,-0.731841,-0.0313,0.657916
2079631151,3,-0.179592,-0.728765,-0.034016,0.659916
2079631161,3,-0.184027,-0.725912,-0.036848,0.661685
2079631171,3,-0.188209,-0.723377,-0.039716,0.663117
2079631181,3,-0.192112,-0.721174,-0.042602,0.664217
2079631191,3,-0.195712,-0.719256,-0.045497,0.665053
2079631201,3,-0.198908,-0.71722,-0.048402,0.666098
2079631211,3,-0.201764,-0.715449,-0.051337,0.666923
2079631221,3,-0.204286,-0.713841,-0.054318,0.667643
2079631231,3,-0.206524,-0.712263,-0.057345,0.668385
2079631242,3,-0.208469,-0.710644,-0.060447,0.669232
2079631252,3,-0.210162,-0.709001,-0.063616,0.67015
2079631262,3,-0.211624,-0.70733,-0.066859,0.671139
2079631272,3,-0.212931,-0.705664,-0.070125,0.672146
2079631282,3,-0.214314,-0.703958,-0.07316,0.673171
2079631292,3,-0.215603,-0.702273,-0.076169,0.674184
2079631302,3,-0.216793,-0.700598,-0.079205,0.675195
2079631312,3,-0.21787,-0.698929,-0.082283,0.676209
2079631322,3,-0.218852,-0.697255,-0.085438,0.677228
2079631332,3,-0.219729,-0.695573,-0.088711,0.678252
2079631342,3,-0.220488,-0.693874,-0.092139,0.679288
2079631352,3,-0.221107,-0.692135,-0.095758,0.68036
2079631362,3,-0.221971,-0.690735,-0.099278,0.680997
2079631373,3,-0.222733,-0.689298,-0.103007,0.68165
2079631383,3,-0.223415,-0.687799,-0.106928,0.682337
2079631393,3,-0.223998,-0.686175,-0.111043,0.683123
2079631403,3,-0.224413,-0.684382,-0.115424,0.684058
2079631413,3,-0.224689,-0.68236,-0.120017,0.685197
2079631423,3,-0.224818,-0.680114,-0.124781,0.686535
2079631433,3,-0.224864,-0.677618,-0.129631,0.688087
2079631443,3,-0.224862,-0.674873,-0.134504,0.689848
2079631453,3,-0.224855,-0.671917,-0.139342,0.691773
2079631463,3,-0.224857,-0.668819,-0.144123,0.693792
2079631473,3,-0.22465,-0.664999,-0.148997,0.696497
2079631483,3,-0.224573,-0.661178,-0.153718,0.699128
2079631493,3,-0.224664,-0.657419,-0.158263,0.701625
2079631504,3,-0.224922,-0.653776,-0.162636,0.703943
2079631514,3,-0.225367,-0.650302,-0.166845,0.70603
2079631524,3,-0.226005,-0.647054,-0.17089,0.70784
2079631534,3,-0.226834,-0.644097,-0.174778,0.709321
2079631544,3,-0.227864,-0.641479,-0.178507,0.710434
2079631554,3,-0.229064,-0.639242,-0.182113,0.711149
2079631564,3,-0.230428,-0.637387,-0.185597,0.711473
2079631574,3,-0.231912,-0.635914,-0.188989,0.711416
2079631584,3,-0.23347,-0.634757,-0.192328,0.711044
2079631594,3,-0.235938,-0.634523,-0.194876,0.709743
2079631604,3,-0.238459,-0.634547,-0.197335,0.708198
2079631614,3,-0.24094,-0.634756,-0.199784,0.706482
2079631624,3,-0.243358,-0.635141,-0.202225,0.704611
2079631634,3,-0.245713,-0.63564,-0.204648,0.702641
2079631645,3,-0.248035,-0.636275,-0.206985,0.700563
2079631655,3,-0.250384,-0.637037,-0.209172,0.698382
2079631665,3,-0.252772,-0.637973,-0.211194,0.696055
2079631675,3,-0.255218,-0.639095,-0.213005,0.693577
2079631685,3,-0.25769,-0.640399,-0.214628,0.690954
2079631695,3,-0.260198,-0.641924,-0.216027,0.688157
2079631705,3,-0.262713,-0.643613,-0.217198,0.68525
2079631715,3,-0.265174,-0.645397,-0.218167,0.68231
2079631725,3,-0.267607,-0.647175,-0.218902,0.679434
2079631735,3,-0.269945,-0.648859,-0.219418,0.676732
2079631745,3,-0.272175,-0.65037,-0.219721,0.674285
2079631755,3,-0.274294,-0.651668,-0.219799,0.672145
2079631765,3,-0.275587,-0.652161,-0.220324,0.670965
2079631776,3,-0.276809,-0.652471,-0.220639,0.670056
2079631786,3,-0.277954,-0.652633,-0.220734,0.669392
2079631796,3,-0.279024,-0.652686,-0.220626,0.668932
2079631806,3,-0.280032,-0.652637,-0.220336,0.668654
2079631816,3,-0.280997,-0.652515,-0.219859,0.668524
2079631826,3,-0.281957,-0.652401,-0.219178,0.668455
2079631836,3,-0.283471,-0.652463,-0.217764,0.668217
2079631846,3,-0.284989,-0.652589,-0.216162,0.667968
2079631856,3,-0.286557,-0.652841,-0.21432,0.667644
2079631866,3,-0.288209,-0.653319,-0.212224,0.667135
2079631876,3,-0.289912,-0.654034,-0.209913,0.666427
2079631886,3,-0.291605,-0.654923,-0.207457,0.665584
2079631896,3,-0.293265,-0.65596,-0.204891,0.664628
2079631907,3,-0.29484,-0.657038,-0.202279,0.663666
2079631917,3,-0.296243,-0.658154,-0.199709,0.662712
2079631927,3,-0.297563,-0.659371,-0.197106,0.66169
2079631937,3,-0.298901,-0.661116,-0.194406,0.660142
2079631947,3,-0.300378,-0.663213,-0.191478,0.658222
2079631957,3,-0.302005,-0.665708,-0.188319,0.655865
2079631967,3,-0.303763,-0.668615,-0.184932,0.653055
2079631977,3,-0.30562,-0.671928,-0.18136,0.649782
2079631987,3,-0.307582,-0.675611,-0.177628,0.646057
2079631997,3,-0.309591,-0.67962,-0.17377,0.641928
2079632007,3,-0.311588,-0.683878,-0.16986,0.637471
2079632017,3,-0.313518,-0.688301,-0.165967,0.632773
2079632027,3,-0.315288,-0.692777,-0.162194,0.627969
2079632038,3,-0.317019,-0.696848,-0.158339,0.623561
2079632048,3,-0.318478,-0.700816,-0.15474,0.619259
2079632058,3,-0.319626,-0.704561,-0.151448,0.615219
2079632068,3,-0.320385,-0.708019,-0.148538,0.611554
2079632078,3,-0.320692,-0.711189,-0.146084,0.608296
2079632088,3,-0.320566,-0.714091,-0.144066,0.605438
2079632098,3,-0.320033,-0.716783,-0.142473,0.60291
2079632108,3,-0.319151,-0.719985,-0.141388,0.59981
2079632118,3,-0.318062,-0.723062,-0.140494,0.596889
2079632128,3,-0.316796,-0.726013,-0.139756,0.594148
2079632138,3,-0.315406,-0.728786,-0.139159,0.591627
2079632148,3,-0.313907,-0.731374,-0.13868,0.58934
2079632158,3,-0.312319,-0.73378,-0.138312,0.587275
2079632168,3,-0.310693,-0.736029,-0.138014,0.585391
2079632179,3,-0.309082,-0.738156,-0.137745,0.583626
2079632189,3,-0.307554,-0.740179,-0.137453,0.581936
2079632199,3,-0.306175,-0.742107,-0.137095,0.580291
2079632209,3,-0.304979,-0.74392,-0.136667,0.578698
2079632219,3,-0.304,-0.745592,-0.136146,0.577182
2079632229,3,-0.303242,-0.747097,-0.135542,0.575776
2079632239,3,-0.302721,-0.748403,-0.134869,0.57451
2079632249,3,-0.302416,-0.74953,-0.134136,0.573372
2079632259,3,-0.302324,-0.750481,-0.133345,0.57236
2079632269,3,-0.302465,-0.751261,-0.132505,0.571457
2079632279,3,-0.302833,-0.75189,-0.13164,0.570634
2079632289,3,-0.303426,-0.752386,-0.130734,0.569872
2079632299,3,-0.304238,-0.752774,-0.129812,0.569137
2079632310,3,-0.305264,-0.753036,-0.128895,0.568449
2079632320,3,-0.306482,-0.753151,-0.128006,0.567842
2079632330,3,-0.307873,-0.753098,-0.127181,0.567346
2079632340,3,-0.308815,-0.751904,-0.127064,0.568442
2079632350,3,-0.309909,-0.750542,-0.127041,0.569651
2079632360,3,-0.31116,-0.748927,-0.127098,0.571079
2079632370,3,-0.312501,-0.747086,-0.127284,0.572716
2079632380,3,-0.313966,-0.744963,-0.127613,0.574603
2079632390,3,-0.315522,-0.742597,-0.128086,0.576705
2079632400,3,-0.317201,-0.740025,-0.128677,0.578953
2079632410,3,-0.319025,-0.737281,-0.129339,0.581299
2079632420,3,-0.320989,-0.734388,-0.130044,0.583718
2079632430,3,-0.323108,-0.731325,-0.130741,0.586234
2079632441,3,-0.325368,-0.728085,-0.131454,0.588851
2079632451,3,-0.327731,-0.72467,-0.132218,0.591577
2079632461,3,-0.330147,-0.721056,-0.133052,0.594455
2079632471,3,-0.332616,-0.717237,-0.13395,0.597489
2079632481,3,-0.335151,-0.713258,-0.134891,0.600617
2079632491,3,-0.338319,-0.709578,-0.135264,0.60311
2079632501,3,-0.341418,-0.705763,-0.135799,0.605714
2079632511,3,-0.344424,-0.701831,-0.136533,0.608409
2079632521,3,-0.347294,-0.697803,-0.137493,0.611189
2079632531,3,-0.350021,-0.693688,-0.138688,0.61404
2079632541,3,-0.3526,-0.689503,-0.140102,0.616951
2079632551,3,-0.355005,-0.685273,-0.141722,0.619908
2079632561,3,-0.357236,-0.680986,-0.143543,0.622923
2079632571,3,-0.359267,-0.67666,-0.14556,0.625994
2079632582,3,-0.361075,-0.672285,-0.147759,0.629145
2079632592,3,-0.362671,-0.667886,-0.150123,0.632345
2079632602,3,-0.364088,-0.663509,-0.152606,0.635535
2079632612,3,-0.365344,-0.659232,-0.155156,0.63864
2079632622,3,-0.365701,-0.654963,-0.158503,0.641998
2079632632,3,-0.365923,-0.650894,-0.161811,0.645177
2079632642,3,-0.365984,-0.647119,-0.1651,0.6481
2079632652,3,-0.365907,-0.643701,-0.168344,0.650707
2079632662,3,-0.366334,-0.641233,-0.170991,0.652212
2079632672,3,-0.366561,-0.639293,-0.173694,0.653273
2079632682,3,-0.366554,-0.63786,-0.17652,0.65392
2079632692,3,-0.366266,-0.636888,-0.179524,0.654212
2079632702,3,-0.365664,-0.636278,-0.182775,0.654241
2079632713,3,-0.364707,-0.635916,-0.186322,0.654126
2079632723,3,-0.363572,-0.635861,-0.190022,0.653748
2079632733,3,-0.362102,-0.635988,-0.194036,0.653261
2079632743,3,-0.360307,-0.636179,-0.198337,0.652776
2079632753,3,-0.358134,-0.636322,-0.20293,0.65242
2079632763,3,-0.355604,-0.636341,-0.207751,0.652268
2079632773,3,-0.35275,-0.636189,-0.212745,0.652356
2079632783,3,-0.349587,-0.635876,-0.217851,0.652679
2079632793,3,-0.346172,-0.635417,-0.222997,0.653208
2079632803,3,-0.342542,-0.634769,-0.228143,0.653975
2079632813,3,-0.338704,-0.63395,-0.233259,0.654963
2079632823,3,-0.334714,-0.632935,-0.238279,0.656186
2079632833,3,-0.330601,-0.631743,-0.24318,0.657621
2079632844,3,-0.326464,-0.630426,-0.247903,0.659186
2079632854,3,-0.322357,-0.629059,-0.252411,0.660801
2079632864,3,-0.318334,-0.627759,-0.256678,0.662342
2079632874,3,-0.314406,-0.626624,-0.260732,0.663708
2079632884,3,-0.310628,-0.62576,-0.264536,0.664796
2079632894,3,-0.3064,-0.625482,-0.268732,0.665336
2079632904,3,-0.302337,-0.625627,-0.272712,0.665439
2079632914,3,-0.298446,-0.626196,-0.276504,0.665096
2079632924,3,-0.294754,-0.627166,-0.280106,0.664321
2079632934,3,-0.292262,-0.628354,-0.282553,0.663262
2079632944,3,-0.290019,-0.629942,-0.284786,0.661783
2079632954,3,-0.287991,-0.631855,-0.286819,0.659964
2079632964,3,-0.286122,-0.633985,-0.288687,0.657917
2079632975,3,-0.284363,-0.636258,-0.290436,0.655713
2079632985,3,-0.282706,-0.638598,-0.292049,0.653433
2079632995,3,-0.281173,-0.641027,-0.293521,0.651052
2079633005,3,-0.279794,-0.643546,-0.294794,0.648582
2079633015,3,-0.278573,-0.64614,-0.295853,0.646041
2079633025,3,-0.277504,-0.648796,-0.296707,0.643442
2079633035,3,-0.276545,-0.651482,-0.297376,0.640828
2079633045,3,-0.275749,-0.654185,-0.297802,0.638214
2079633055,3,-0.275237,-0.656828,-0.297879,0.635679
2079633065,3,-0.275091,-0.659333,-0.297526,0.63331
2079633075,3,-0.275343,-0.661669,-0.296709,0.631143
2079633085,3,-0.276042,-0.66379,-0.295417,0.629214
2079633095,3,-0.277138,-0.665724,-0.293727,0.627479
2079633105,3,-0.27857,-0.667511,-0.291718,0.62588
2079633116,3,-0.280285,-0.669205,-0.28945,0.624357
2079633126,3,-0.28224,-0.670821,-0.28699,0.622876
2079633136,3,-0.283371,-0.672526,-0.285468,0.621222
2079633146,3,-0.284669,-0.674142,-0.283881,0.619601
2079633156,3,-0.286109,-0.675682,-0.282252,0.618003
2079633166,3,-0.287724,-0.677134,-0.280598,0.616415
2079633176,3,-0.289501,-0.678526,-0.278903,0.614819
2079633186,3,-0.291448,-0.679852,-0.277186,0.613209
2079633196,3,-0.293576,-0.681139,-0.275416,0.61156
2079633206,3,-0.295908,-0.682407,-0.273551,0.609859
2079633216,3,-0.298451,-0.683664,-0.271587,0.608086
2079633226,3,-0.301227,-0.684919,-0.269497,0.606232
2079633236,3,-0.304236,-0.686158,-0.267262,0.604315
2079633247,3,-0.307465,-0.687349,-0.264888,0.60237
2079633257,3,-0.310908,-0.688456,-0.262362,0.60044
2079633267,3,-0.314562,-0.689457,-0.259686,0.59855
2079633277,3,-0.318403,-0.690297,-0.256878,0.59676
2079633287,3,-0.322402,-0.690927,-0.253973,0.595125
2079633297,3,-0.326696,-0.691025,-0.250758,0.59403
2079633307,3,-0.331028,-0.690858,-0.247517,0.593186
2079633317,3,-0.335302,-0.690398,-0.244323,0.592645
2079633327,3,-0.339483,-0.689602,-0.241217,0.592463
2079633337,3,-0.343542,-0.688513,-0.238242,0.592594
2079633347,3,-0.347472,-0.687164,-0.23539,0.593008
2079633357,3,-0.351269,-0.685569,-0.232698,0.593679
2079633367,3,-0.354941,-0.683797,-0.230153,0.594531
2079633378,3,-0.358492,-0.681914,-0.227749,0.595488
2079633388,3,-0.361919,-0.679963,-0.225481,0.596508
2079633398,3,-0.365222,-0.677958,-0.223379,0.597566
2079633408,3,-0.368382,-0.675931,-0.221464,0.598635
2079633418,3,-0.371407,-0.673868,-0.219735,0.599728
2079633428,3,-0.374268,-0.671757,-0.218228,0.600867
2079633438,3,-0.376968,-0.669602,-0.216946,0.602048
2079633448,3,-0.379501,-0.667408,-0.215908,0.603265
2079633458,3,-0.381885,-0.665225,-0.215094,0.60446
2079633468,3,-0.384156,-0.66307,-0.214469,0.60561
2079633478,3,-0.386377,-0.660991,-0.213968,0.606646
2079633488,3,-0.388576,-0.658963,-0.213564,0.60759
2079633498,3,-0.390739,-0.656993,-0.213269,0.608438
2079633508,3,-0.392868,-0.655096,-0.21309,0.609175
2079633519,3,-0.39497,-0.653255,-0.21302,0.609818
2079633529,3,-0.397054,-0.65142,-0.213054,0.610415
2079633539,3,-0.399114,-0.649582,-0.213227,0.61097
2079633549,3,-0.401179,-0.647737,-0.213488,0.611484
2079633559,3,-0.403273,-0.645893,-0.213844,0.611933
2079633569,3,-0.405364,-0.644034,-0.214308,0.612348
2079633579,3,-0.40747,-0.642197,-0.214891,0.612676
2079633589,3,-0.409561,-0.640342,-0.215619,0.612966
2079633599,3,-0.411614,-0.638442,-0.216526,0.613254
2079633609,3,-0.413638,-0.636491,-0.21763,0.613528
2079633619,3,-0.415637,-0.634507,-0.218888,0.613785
2079633629,3,-0.41757,-0.632486,-0.220322,0.614046
2079633639,3,-0.419485,-0.630472,-0.221868,0.614256
2079633650,3,-0.421413,-0.628494,-0.223503,0.61437
2079633660,3,-0.42335,-0.626557,-0.225215,0.614392
2079633670,3,-0.425253,-0.624671,-0.227079,0.614312
2079633680,3,-0.427079,-0.622847,-0.229116,0.614142
2079633690,3,-0.428817,-0.621091,-0.231331,0.613878
2079633700,3,-0.430441,-0.619397,-0.233771,0.613528
2079633710,3,-0.431918,-0.617802,-0.236458,0.613069
2079633720,3,-0.433226,-0.616304,-0.239408,0.612508
2079633730,3,-0.43436,-0.614875,-0.242604,0.611883
2079633740,3,-0.43528,-0.613523,-0.246071,0.611202
2079633750,3,-0.435979,-0.612217,-0.249791,0.610504
2079633760,3,-0.436457,-0.610963,-0.253732,0.609793
2079633770,3,-0.436763,-0.609754,-0.257829,0.609065
2079633781,3,-0.436879,-0.60861,-0.262065,0.608318
2079633791,3,-0.436818,-0.60751,-0.266402,0.607577
2079633801,3,-0.436614,-0.606438,-0.270795,0.606852
2079633811,3,-0.436254,-0.605393,-0.275223,0.606161
2079633821,3,-0.435774,-0.604352,-0.279623,0.605531
2079633831,3,-0.435162,-0.603323,-0.283974,0.604973
2079633841,3,-0.43447,-0.602296,-0.288234,0.604478
2079633851,3,-0.433669,-0.60128,-0.292411,0.604058
2079633861,3,-0.432796,-0.600238,-0.296446,0.603755
2079633871,3,-0.431864,-0.599199,-0.300336,0.603532
2079633881,3,-0.43088,-0.598165,-0.304046,0.603403
2079633891,3,-0.429894,-0.59715,-0.307551,0.603335
2079633901,3,-0.428929,-0.59616,-0.310837,0.603317
2079633911,3,-0.428029,-0.595231,-0.313866,0.603306
2079633922,3,-0.42717,-0.594362,-0.316668,0.603307
2079633932,3,-0.426316,-0.593538,-0.319265,0.603354
2079633942,3,-0.425502,-0.592748,-0.321594,0.603468
2079633952,3,-0.424724,-0.591954,-0.323641,0.603701
2079633962,3,-0.424001,-0.591152,-0.325408,0.604045
2079633972,3,-0.423323,-0.590386,-0.326896,0.604466
2079633982,3,-0.422726,-0.58966,-0.328094,0.604944
2079633992,3,-0.422212,-0.589015,-0.329007,0.605434
2079634002,3,-0.421792,-0.588479,-0.32965,0.605898
2079634012,3,-0.421455,-0.588052,-0.330057,0.606326
2079634022,3,-0.421165,-0.587686,-0.330286,0.606757
2079634032,3,-0.420877,-0.587437,-0.330397,0.607138
2079634042,3,-0.420548,-0.58729,-0.330456,0.607475
2079634053,3,-0.420186,-0.587221,-0.330499,0.60777
2079634063,3,-0.419768,-0.587225,-0.330552,0.608025
2079634073,3,-0.419326,-0.587325,-0.330606,0.608205
2079634083,3,-0.418872,-0.587526,-0.330663,0.608292
2079634093,3,-0.418476,-0.587845,-0.330654,0.608261
2079634103,3,-0.418192,-0.588296,-0.33055,0.608078
2079634113,3,-0.41804,-0.588872,-0.330366,0.607724
2079634123,3,-0.418012,-0.589542,-0.330092,0.607243
2079634133,3,-0.418107,-0.590319,-0.329756,0.606605
2079634143,3,-0.418294,-0.591168,-0.329379,0.605853
2079634153,3,-0.418564,-0.592042,-0.328979,0.60503
2079634163,3,-0.418905,-0.592918,-0.328551,0.604169
2079634173,3,-0.419312,-0.593736,-0.328123,0.603315
2079634184,3,-0.419799,-0.594503,-0.327669,0.602467
2079634194,3,-0.420371,-0.595187,-0.327199,0.601648
2079634204,3,-0.421034,-0.595818,-0.326711,0.600824
2079634214,3,-0.421798,-0.596378,-0.326202,0.600008
2079634224,3,-0.422627,-0.596906,-0.325732,0.599155
2079634234,3,-0.423507,-0.597428,-0.325296,0.59825
2079634244,3,-0.42442,-0.597905,-0.324918,0.59733
2079634254,3,-0.42535,-0.598332,-0.324606,0.596411
2079634264,3,-0.426304,-0.598659,-0.32435,0.595539
2079634274,3,-0.427252,-0.598921,-0.324169,0.594695
2079634284,3,-0.428199,-0.599108,-0.324035,0.593898
2079634294,3,-0.429135,-0.599208,-0.323946,0.593169
2079634304,3,-0.430106,-0.599208,-0.323832,0.592528
2079634315,3,-0.431104,-0.599119,-0.323677,0.591978
2079634325,3,-0.432151,-0.59897,-0.323442,0.591493
2079634335,3,-0.433213,-0.598743,-0.323175,0.591091
2079634345,3,-0.434358,-0.598502,-0.322775,0.590714
2079634355,3,-0.435549,-0.59827,-0.322286,0.590338
2079634365,3,-0.436795,-0.598023,-0.321725,0.589974
2079634375,3,-0.438061,-0.597792,-0.321099,0.589611
2079634385,3,-0.439366,-0.597596,-0.320414,0.589211
2079634395,3,-0.440715,-0.597484,-0.319662,0.588726
2079634405,3,-0.442094,-0.597463,-0.318855,0.588151
2079634415,3,-0.443507,-0.597505,-0.317996,0.587509
2079634425,3,-0.444956,-0.597585,-0.317091,0.58682
2079634435,3,-0.446393,-0.597695,-0.316193,0.586101
2079634445,3,-0.44778,-0.597794,-0.315348,0.585396
2079634456,3,-0.4491,-0.597852,-0.314586,0.584736
2079634466,3,-0.450341,-0.597885,-0.313934,0.584098
2079634476,3,-0.451492,-0.597873,-0.313419,0.583498
2079634486,3,-0.452507,-0.597777,-0.313089,0.582987
2079634496,3,-0.453424,-0.597578,-0.312905,0.582577
2079634506,3,-0.454246,-0.5973,-0.312853,0.58225
2079634516,3,-0.455002,-0.596927,-0.312905,0.582014
2079634526,3,-0.455716,-0.596483,-0.313021,0.581848
2079634536,3,-0.456423,-0.595979,-0.31317,0.581731
2079634546,3,-0.457119,-0.595437,-0.313342,0.581646
2079634556,3,-0.457793,-0.594846,-0.31356,0.581603
2079634566,3,-0.458415,-0.594218,-0.31385,0.581598
2079634576,3,-0.458934,-0.593551,-0.314263,0.581647
2079634587,3,-0.459388,-0.592861,-0.314754,0.581727
2079634597,3,-0.459718,-0.59214,-0.315387,0.581859
2079634607,3,-0.45995,-0.591413,-0.316117,0.582019
2079634617,3,-0.46001,-0.590654,-0.317005,0.582258
2079634627,3,-0.459938,-0.589861,-0.317993,0.58258
2079634637,3,-0.459748,-0.589051,-0.319053,0.58297
2079634647,3,-0.459492,-0.588253,-0.320113,0.583397
2079634657,3,-0.459169,-0.587481,-0.321169,0.583848
2079634667,3,-0.458827,-0.586767,-0.322154,0.584292
2079634677,3,-0.458503,-0.586115,-0.323041,0.58471
2079634687,3,-0.458202,-0.585533,-0.323835,0.585091
2079634697,3,-0.457878,-0.584992,-0.324568,0.58548
2079634707,3,-0.457529,-0.584496,-0.325258,0.585864
2079634718,3,-0.457145,-0.584033,-0.325911,0.586263
2079634728,3,-0.456721,-0.583549,-0.326547,0.586721
2079634738,3,-0.456291,-0.583053,-0.327134,0.587222
2079634748,3,-0.455841,-0.58256,-0.327686,0.587753
2079634758,3,-0.455408,-0.582048,-0.328181,0.588319
2079634768,3,-0.45499,-0.581533,-0.328643,0.588894
2079634778,3,-0.454577,-0.581042,-0.329092,0.589446
2079634788,3,-0.45416,-0.580527,-0.329557,0.590014
2079634798,3,-0.453741,-0.580006,-0.330037,0.590582
2079634808,3,-0.453298,-0.579469,-0.330568,0.591151
2079634818,3,-0.452851,-0.578944,-0.331133,0.591692
2079634828,3,-0.452396,-0.578381,-0.331754,0.592242
2079634838,3,-0.451921,-0.577777,-0.332445,0.592807
2079634848,3,-0.451427,-0.577158,-0.333203,0.59336
2079634859,3,-0.450939,-0.576511,-0.334004,0.59391
2079634869,3,-0.450482,-0.575862,-0.334833,0.594419
2079634879,3,-0.450054,-0.575218,-0.335685,0.594886
2079634889,3,-0.449674,-0.574605,-0.336561,0.595271
2079634899,3,-0.449339,-0.574015,-0.337466,0.59558
2079634909,3,-0.449054,-0.573434,-0.338393,0.595829
2079634919,3,-0.448796,-0.572868,-0.339355,0.596021
2079634929,3,-0.448587,-0.572307,-0.340334,0.596159
2079634939,3,-0.448432,-0.571737,-0.341319,0.596259
2079634949,3,-0.448309,-0.571163,-0.342334,0.59632
2079634959,3,-0.448243,-0.570619,-0.343347,0.596308
2079634969,3,-0.448264,-0.57009,-0.344307,0.596244
2079634979,3,-0.448368,-0.569587,-0.345252,0.596101
2079634990,3,-0.448582,-0.569111,-0.346127,0.595887
2079635000,3,-0.448929,-0.568681,-0.346921,0.595575
2079635010,3,-0.449378,-0.568268,-0.347638,0.595212
2079635020,3,-0.449944,-0.567889,-0.348272,0.594775
2079635030,3,-0.45058,-0.567525,-0.348847,0.594303
2079635040,3,-0.451271,-0.56715,-0.349373,0.593827
2079635050,3,-0.451978,-0.566734,-0.349871,0.593394
2079635060,3,-0.452707,-0.566287,-0.350343,0.592986
2079635070,3,-0.453457,-0.565789,-0.350788,0.592626
2079635080,3,-0.454208,-0.56524,-0.351214,0.592322
2079635090,3,-0.454968,-0.56466,-0.351618,0.592052
2079635100,3,-0.455782,-0.564052,-0.351967,0.591799
2079635110,3,-0.456642,-0.563448,-0.35226,0.591536
2079635121,3,-0.457579,-0.562872,-0.352467,0.591238
2079635131,3,-0.458588,-0.562318,-0.352612,0.590897
2079635141,3,-0.459672,-0.561803,-0.352681,0.590502
2079635151,3,-0.460787,-0.561323,-0.352714,0.59007
2079635161,3,-0.461962,-0.560906,-0.352666,0.589576
2079635171,3,-0.463163,-0.560535,-0.352576,0.589041
2079635181,3,-0.464365,-0.560244,-0.35245,0.588447
2079635191,3,-0.465568,-0.560051,-0.352307,0.587765
2079635201,3,-0.466742,-0.559959,-0.352153,0.587013
2079635211,3,-0.467859,-0.559953,-0.352001,0.586221
2079635221,3,-0.468919,-0.560034,-0.351872,0.585373
2079635231,3,-0.469921,-0.560201,-0.351745,0.584486
2079635241,3,-0.470881,-0.560404,-0.351603,0.583603
2079635252,3,-0.471761,-0.560657,-0.351478,0.582724
2079635262,3,-0.472586,-0.560947,-0.35133,0.581864
2079635272,3,-0.473377,-0.561278,-0.351146,0.581013
2079635282,3,-0.474121,-0.561641,-0.350925,0.580188
2079635292,3,-0.474759,-0.562029,-0.350718,0.579416
2079635302,3,-0.475331,-0.562436,-0.350482,0.578694
2079635312,3,-0.475813,-0.562836,-0.350247,0.57805
2079635322,3,-0.476203,-0.563206,-0.350017,0.577508
2079635332,3,-0.476473,-0.563556,-0.349829,0.577059
2079635342,3,-0.476642,-0.563912,-0.34966,0.576672
2079635352,3,-0.476718,-0.56425,-0.349503,0.576374
2079635362,3,-0.476726,-0.564572,-0.349337,0.576154
2079635372,3,-0.476659,-0.564853,-0.34915,0.576047
2079635382,3,-0.476538,-0.565091,-0.348937,0.576042
2079635393,3,-0.476372,-0.565313,-0.348685,0.576115
2079635403,3,-0.476148,-0.565502,-0.348413,0.576279
2079635413,3,-0.47591,-0.565685,-0.348094,0.576488
2079635423,3,-0.47562,-0.565903,-0.347749,0.576722
2079635433,3,-0.475334,-0.566125,-0.347344,0.576984
2079635443,3,-0.475037,-0.566398,-0.346893,0.577231
2079635453,3,-0.474743,-0.566751,-0.346398,0.577423
2079635463,3,-0.474438,-0.567128,-0.345866,0.577624
2079635473,3,-0.47411,-0.567544,-0.345316,0.577814
2079635483,3,-0.473737,-0.567998,-0.344781,0.577992
2079635493,3,-0.473301,-0.568492,-0.344281,0.578162
2079635503,3,-0.472816,-0.568998,-0.343821,0.578335
2079635513,3,-0.472302,-0.569553,-0.34338,0.578471
2079635524,3,-0.471746,-0.570129,-0.342978,0.578596
2079635534,3,-0.471196,-0.570708,-0.342571,0.578714
2079635544,3,-0.470654,-0.571283,-0.342159,0.578832
2079635554,3,-0.470105,-0.57184,-0.341758,0.578964
2079635564,3,-0.469598,-0.572381,-0.34133,0.579094
2079635574,3,-0.469081,-0.57289,-0.340936,0.579242
2079635584,3,-0.468586,-0.573352,-0.340561,0.579406
2079635594,3,-0.468079,-0.573718,-0.34023,0.579648
2079635604,3,-0.467568,-0.573994,-0.339959,0.579946
2079635614,3,-0.467052,-0.574182,-0.33974,0.580304
2079635624,3,-0.466521,-0.574291,-0.3396,0.580705
2079635634,3,-0.466024,-0.574289,-0.33948,0.581176
2079635644,3,-0.465535,-0.574193,-0.339443,0.581684
2079635655,3,-0.465099,-0.574037,-0.339432,0.582192
2079635665,3,-0.464693,-0.573821,-0.33946,0.582713
2079635675,3,-0.464352,-0.573549,-0.339501,0.583229
2079635685,3,-0.46407,-0.573228,-0.339572,0.583727
2079635695,3,-0.463855,-0.572887,-0.339659,0.584182
2079635705,3,-0.463678,-0.572533,-0.339795,0.584591
2079635715,3,-0.463552,-0.572168,-0.33997,0.584946
2079635725,3,-0.463464,-0.571803,-0.340193,0.585243
2079635735,3,-0.463392,-0.571434,-0.340494,0.585485
2079635745,3,-0.463383,-0.57106,-0.340823,0.585665
2079635755,3,-0.463431,-0.570678,-0.341188,0.585788
2079635765,3,-0.463487,-0.570307,-0.34162,0.585853
2079635775,3,-0.463572,-0.569928,-0.342105,0.585872
2079635785,3,-0.463666,-0.569526,-0.342633,0.585878
2079635796,3,-0.463788,-0.569104,-0.343191,0.585867
2079635806,3,-0.463921,-0.568654,-0.343774,0.585857
2079635816,3,-0.464066,-0.568172,-0.34438,0.585854
2079635826,3,-0.464225,-0.567664,-0.345013,0.585847
2079635836,3,-0.464369,-0.567149,-0.345664,0.585848
2079635846,3,-0.464529,-0.566603,-0.346337,0.585853
2079635856,3,-0.46469,-0.566047,-0.347022,0.585856
2079635866,3,-0.464846,-0.565484,-0.347726,0.585859
2079635876,3,-0.464991,-0.564923,-0.348454,0.585852
2079635886,3,-0.465121,-0.564351,-0.349209,0.585851
2079635896,3,-0.465222,-0.563763,-0.349985,0.585874
2079635906,3,-0.465273,-0.563173,-0.350802,0.585913
2079635916,3,-0.465287,-0.562583,-0.351664,0.585951
2079635927,3,-0.465276,-0.561996,-0.352542,0.585996
2079635937,3,-0.465256,-0.561414,-0.353403,0.586051
2079635947,3,-0.465252,-0.560887,-0.354226,0.586061
2079635957,3,-0.465294,-0.560395,-0.354982,0.586041
2079635967,3,-0.465389,-0.559945,-0.355646,0.585994
2079635977,3,-0.465563,-0.559582,-0.356197,0.585868
2079635987,3,-0.465803,-0.559283,-0.356658,0.585682
2079635997,3,-0.466107,-0.55905,-0.357012,0.585447
2079636007,3,-0.466475,-0.558908,-0.357279,0.585126
2079636017,3,-0.466896,-0.558814,-0.357465,0.584767
2079636027,3,-0.467339,-0.558788,-0.357594,0.584358
2079636037,3,-0.467804,-0.558827,-0.357665,0.583906
2079636047,3,-0.468265,-0.558919,-0.357693,0.583431
2079636058,3,-0.468693,-0.559046,-0.357704,0.582959
2079636068,3,-0.469065,-0.559213,-0.35771,0.582495
2079636078,3,-0.469387,-0.55942,-0.357698,0.582044
2079636088,3,-0.46965,-0.559664,-0.35767,0.581615
2079636098,3,-0.469859,-0.559915,-0.357619,0.581235
2079636108,3,-0.469997,-0.560171,-0.357541,0.580925
2079636118,3,-0.470044,-0.560414,-0.357474,0.580693
2079636128,3,-0.470031,-0.560663,-0.357379,0.580522
2079636138,3,-0.469945,-0.560907,-0.357251,0.580435
2079636148,3,-0.469789,-0.561173,-0.357096,0.5804
2079636158,3,-0.469572,-0.561462,-0.356896,0.580419
2079636168,3,-0.469293,-0.561789,-0.356662,0.580472
2079636178,3,-0.468976,-0.562131,-0.356372,0.580575
2079636189,3,-0.468623,-0.562529,-0.35602,0.58069
2079636199,3,-0.468224,-0.562973,-0.355639,0.580816
2079636209,3,-0.467818,-0.563487,-0.355167,0.580933
2079636219,3,-0.467384,-0.564106,-0.354644,0.581
2079636229,3,-0.466917,-0.564782,-0.354063,0.581074
2079636239,3,-0.466398,-0.565522,-0.353446,0.581147
2079636249,3,-0.465834,-0.566302,-0.352785,0.581241
2079636259,3,-0.46519,-0.567133,-0.352106,0.581358
2079636269,3,-0.464459,-0.567994,-0.351437,0.581508
2079636279,3,-0.463624,-0.568876,-0.350798,0.581697
2079636289,3,-0.462732,-0.569802,-0.350129,0.581904
2079636299,3,-0.461761,-0.570771,-0.349463,0.582126
2079636309,3,-0.460729,-0.571795,-0.348767,0.582357
2079636319,3,-0.45969,-0.572863,-0.348002,0.582585
2079636330,3,-0.458635,-0.573974,-0.34718,0.582814
2079636340,3,-0.457577,-0.575141,-0.346292,0.583023
2079636350,3,-0.456503,-0.576309,-0.345349,0.583271
2079636360,3,-0.455429,-0.577473,-0.344352,0.583549
2079636370,3,-0.454386,-0.578614,-0.343287,0.583859
2079636380,3,-0.453366,-0.579756,-0.342158,0.584182
2079636390,3,-0.452414,-0.580867,-0.340949,0.584522
2079636400,3,-0.451529,-0.581944,-0.339674,0.584878
2079636410,3,-0.450737,-0.582995,-0.338342,0.585215
2079636420,3,-0.450006,-0.584,-0.336987,0.585556
2079636430,3,-0.449344,-0.584932,-0.335617,0.585921
2079636440,3,-0.448757,-0.5858,-0.33425,0.586286
2079636450,3,-0.448263,-0.586575,-0.332885,0.586665
2079636461,3,-0.447869,-0.587281,-0.33155,0.587015
2079636471,3,-0.447567,-0.587896,-0.330254,0.587361
2079636481,3,-0.447355,-0.588413,-0.328997,0.58771
2079636491,3,-0.447251,-0.588823,-0.327796,0.588049
2079636501,3,-0.447234,-0.589128,-0.326672,0.588383
2079636511,3,-0.447281,-0.589335,-0.325667,0.588696
2079636521,3,-0.447402,-0.58942,-0.324779,0.589009
2079636531,3,-0.447587,-0.589394,-0.324016,0.589315
2079636541,3,-0.447822,-0.589265,-0.323405,0.589602
2079636551,3,-0.448133,-0.589036,-0.322915,0.589862
2079636561,3,-0.448485,-0.588715,-0.32259,0.590093
2079636571,3,-0.448868,-0.588298,-0.322406,0.590318
2079636581,3,-0.449298,-0.587824,-0.32235,0.590493
2079636592,3,-0.449772,-0.587282,-0.322434,0.590626
2079636602,3,-0.450327,-0.586697,-0.322599,0.590695
2079636612,3,-0.450938,-0.586087,-0.322869,0.590687
2079636622,3,-0.451622,-0.585468,-0.323212,0.59059
2079636632,3,-0.452398,-0.584854,-0.323593,0.590396
2079636642,3,-0.453246,-0.584227,-0.324042,0.590121
2079636652,3,-0.454157,-0.583592,-0.324543,0.589773
2079636662,3,-0.455079,-0.582907,-0.32514,0.589411
2079636672,3,-0.455981,-0.582185,-0.325852,0.589033
2079636682,3,-0.456863,-0.58138,-0.326666,0.588695
2079636692,3,-0.457708,-0.580492,-0.327606,0.588392
2079636702,3,-0.458533,-0.579504,-0.328644,0.588144
2079636712,3,-0.459345,-0.578439,-0.329753,0.587938
2079636722,3,-0.460137,-0.577277,-0.330952,0.587787
2079636733,3,-0.460923,-0.576019,-0.332218,0.587692
2079636743,3,-0.461734,-0.574699,-0.33351,0.587615
2079636753,3,-0.462565,-0.573297,-0.33483,0.587581
2079636763,3,-0.463409,-0.571881,-0.336168,0.587532
2079636773,3,-0.464271,-0.57041,-0.337536,0.587496
2079636783,3,-0.465104,-0.568928,-0.338964,0.587453
2079636793,3,-0.465913,-0.567415,-0.340467,0.587406
2079636803,3,-0.466681,-0.565904,-0.342024,0.58735
2079636813,3,-0.467388,-0.564394,-0.343656,0.587288
2079636823,3,-0.46806,-0.562908,-0.345325,0.587199
2079636833,3,-0.468738,-0.561441,-0.346981,0.587086
2079636843,3,-0.469413,-0.560055,-0.348631,0.586894
2079636853,3,-0.470109,-0.558763,-0.35024,0.586611
2079636864,3,-0.470821,-0.55755,-0.35179,0.586266
2079636874,3,-0.471568,-0.556441,-0.353291,0.585817
2079636884,3,-0.472342,-0.555417,-0.354742,0.585288
2079636894,3,-0.473123,-0.554475,-0.356139,0.584701
2079636904,3,-0.473915,-0.553585,-0.357498,0.584073
2079636914,3,-0.474702,-0.552755,-0.358813,0.583414
2079636924,3,-0.475453,-0.552001,-0.36012,0.58271
2079636934,3,-0.476173,-0.55128,-0.361399,0.582013
2079636944,3,-0.476847,-0.550597,-0.362671,0.581316
2079636954,3,-0.477422,-0.549954,-0.363987,0.580629
2079636964,3,-0.477928,-0.54935,-0.365328,0.579942
2079636974,3,-0.478326,-0.548772,-0.366708,0.579291
2079636984,3,-0.478644,-0.548192,-0.368103,0.578692
2079636995,3,-0.478874,-0.54764,-0.369521,0.578119
2079637005,3,-0.479012,-0.547111,-0.370953,0.577589
2079637015,3,-0.479057,-0.546585,-0.372407,0.577114
2079637025,3,-0.479009,-0.54608,-0.373864,0.576689
2079637035,3,-0.478888,-0.545576,-0.375298,0.576336
2079637045,3,-0.478708,-0.545114,-0.376693,0.576011
2079637055,3,-0.47853,-0.544675,-0.377988,0.575726
2079637065,3,-0.478337,-0.544308,-0.379191,0.575444
2079637075,3,-0.478141,-0.544011,-0.380281,0.575167
2079637085,3,-0.477926,-0.543799,-0.3813,0.574872
2079637095,3,-0.47769,-0.543676,-0.382215,0.574577
2079637105,3,-0.477443,-0.543662,-0.383029,0.574253
2079637115,3,-0.477168,-0.543736,-0.383722,0.573949
2079637125,3,-0.476849,-0.543937,-0.384332,0.573616
2079637136,3,-0.476523,-0.544234,-0.384792,0.573296
2079637146,3,-0.476185,-0.544649,-0.385129,0.572956
2079637156,3,-0.475826,-0.545172,-0.385324,0.572626
2079637166,3,-0.475479,-0.545829,-0.385352,0.572269
2079637176,3,-0.475121,-0.546634,-0.38523,0.571881
2079637186,3,-0.474749,-0.547569,-0.384958,0.571478
2079637196,3,-0.474389,-0.548629,-0.384524,0.571053
2079637206,3,-0.474,-0.549801,-0.383949,0.570635
2079637216,3,-0.473579,-0.551048,-0.383241,0.570257
2079637226,3,-0.473102,-0.552363,-0.382422,0.569931
2079637236,3,-0.472594,-0.553731,-0.381472,0.569662
2079637246,3,-0.472013,-0.555131,-0.380437,0.569472
2079637256,3,-0.471347,-0.556554,-0.37932,0.56938
2079637267,3,-0.470592,-0.557991,-0.378125,0.569393
2079637277,3,-0.469763,-0.559391,-0.376858,0.569545
2079637287,3,-0.468873,-0.560762,-0.375505,0.569822
2079637297,3,-0.467927,-0.562127,-0.374067,0.570201
2079637307,3,-0.466944,-0.563488,-0.372543,0.570661
2079637317,3,-0.465953,-0.564836,-0.370907,0.571205
2079637327,3,-0.464943,-0.566167,-0.369195,0.571818
2079637337,3,-0.463933,-0.567493,-0.367383,0.57249
2079637347,3,-0.462926,-0.56882,-0.365486,0.573203
2079637357,3,-0.461959,-0.570136,-0.363476,0.573953
2079637367,3,-0.461044,-0.571466,-0.361349,0.574709
2079637377,3,-0.460201,-0.572799,-0.359093,0.575471
2079637387,3,-0.459433,-0.574171,-0.35672,0.576193
2079637398,3,-0.458736,-0.575566,-0.354242,0.576885
2079637408,3,-0.458116,-0.576983,-0.351665,0.577538
2079637418,3,-0.457545,-0.578403,-0.349027,0.578171
2079637428,3,-0.457068,-0.579826,-0.346298,0.578763
2079637438,3,-0.456605,-0.581233,-0.343568,0.579343
2079637448,3,-0.456195,-0.582621,-0.340814,0.579898
2079637458,3,-0.455808,-0.583958,-0.338073,0.580463
2079637468,3,-0.455427,-0.585237,-0.335377,0.581037
2079637478,3,-0.455064,-0.586458,-0.332719,0.581619
2079637488,3,-0.454737,-0.587591,-0.330098,0.582224
2079637498,3,-0.454411,-0.588638,-0.327559,0.582854
2079637508,3,-0.454126,-0.589598,-0.325066,0.583502
2079637518,3,-0.453885,-0.590459,-0.322631,0.584169
2079637529,3,-0.453652,-0.59122,-0.320298,0.584864
2079637539,3,-0.453415,-0.591878,-0.318097,0.585583
2079637549,3,-0.453156,-0.592411,-0.316063,0.586346
2079637559,3,-0.452888,-0.592806,-0.314169,0.587171
2079637569,3,-0.452593,-0.593076,-0.312449,0.588042
2079637579,3,-0.452293,-0.593217,-0.31088,0.588962
2079637589,3,-0.452027,-0.593262,-0.309444,0.589877
2079637599,3,-0.451817,-0.59324,-0.308115,0.590755
2079637609,3,-0.451679,-0.593145,-0.306858,0.591609
2079637619,3,-0.451624,-0.593001,-0.305688,0.592401
2079637629,3,-0.451639,-0.592801,-0.304619,0.59314
2079637639,3,-0.45176,-0.592559,-0.303623,0.593799
2079637649,3,-0.451928,-0.592278,-0.302764,0.59439
2079637659,3,-0.452117,-0.591914,-0.302054,0.59497
2079637670,3,-0.452378,-0.591456,-0.301444,0.595536
2079637680,3,-0.452684,-0.590915,-0.300961,0.596085
2079637690,3,-0.453014,-0.590315,-0.300637,0.596592
2079637700,3,-0.453368,-0.589669,-0.300464,0.597049
2079637710,3,-0.45376,-0.588984,-0.30043,0.597444
2079637720,3,-0.45419,-0.588255,-0.30053,0.597785
2079637730,3,-0.454691,-0.587489,-0.300744,0.59805
2079637740,3,-0.455274,-0.586667,-0.301061,0.598254
2079637750,3,-0.4559,-0.585808,-0.301498,0.598399
2079637760,3,-0.456578,-0.584924,-0.302063,0.598462
2079637770,3,-0.457278,-0.584011,-0.302778,0.598457
2079637780,3,-0.457986,-0.583063,-0.303674,0.598387
2079637790,3,-0.458666,-0.582066,-0.30476,0.598284
2079637801,3,-0.459289,-0.581016,-0.306064,0.598162
2079637811,3,-0.459884,-0.579901,-0.307554,0.598022
2079637821,3,-0.460438,-0.578743,-0.309241,0.597847
2079637831,3,-0.460939,-0.57752,-0.311115,0.597672
2079637841,3,-0.461401,-0.576248,-0.313151,0.59748
2079637851,3,-0.461844,-0.574946,-0.315318,0.597251
2079637861,3,-0.462277,-0.57361,-0.317596,0.596995
2079637871,3,-0.462698,-0.572237,-0.319987,0.59671
2079637881,3,-0.463113,-0.570845,-0.322479,0.596379
2079637891,3,-0.46355,-0.569416,-0.32502,0.596026
2079637901,3,-0.463999,-0.567976,-0.32761,0.595633
2079637911,3,-0.464466,-0.566539,-0.330223,0.595194
2079637921,3,-0.464951,-0.565085,-0.332859,0.594729
2079637932,3,-0.465446,-0.563638,-0.335524,0.594217
2079637942,3,-0.465941,-0.562187,-0.338209,0.593682
2079637952,3,-0.466458,-0.560731,-0.340885,0.593122
2079637962,3,-0.466989,-0.55928,-0.343543,0.59254
2079637972,3,-0.467561,-0.557828,-0.346145,0.591942
2079637982,3,-0.468159,-0.556408,-0.348694,0.59131
2079637992,3,-0.468819,-0.555021,-0.351172,0.590624
2079638002,3,-0.469508,-0.553685,-0.353578,0.589895
2079638012,3,-0.470225,-0.552399,-0.355908,0.589128
2079638022,3,-0.470983,-0.551172,-0.358152,0.588311
2079638032,3,-0.47177,-0.550005,-0.360297,0.587462
2079638042,3,-0.472593,-0.548906,-0.362341,0.586571
2079638052,3,-0.473441,-0.547881,-0.364266,0.585653
2079638062,3,-0.474289,-0.546945,-0.366102,0.584696
2079638073,3,-0.475115,-0.54611,-0.367865,0.583698
2079638083,3,-0.475906,-0.54537,-0.369558,0.582675
2079638093,3,-0.47663,-0.544691,-0.371209,0.581668
2079638103,3,-0.477248,-0.544084,-0.372863,0.580671
2079638113,3,-0.477751,-0.543524,-0.374515,0.579718
2079638123,3,-0.478113,-0.543003,-0.376197,0.578818
2079638133,3,-0.478341,-0.5425,-0.37787,0.578011
2079638143,3,-0.478438,-0.54202,-0.379547,0.577281
2079638153,3,-0.47845,-0.541567,-0.381157,0.576635
2079638163,3,-0.478368,-0.541165,-0.382721,0.576045
2079638173,3,-0.478248,-0.540797,-0.384178,0.57552
2079638183,3,-0.478121,-0.540503,-0.385505,0.575014
2079638193,3,-0.477998,-0.5403,-0.386683,0.574515
2079638204,3,-0.477917,-0.540226,-0.387689,0.573974
2079638214,3,-0.477875,-0.540272,-0.388541,0.573389
2079638224,3,-0.477823,-0.540419,-0.389268,0.572801
2079638234,3,-0.477786,-0.540649,-0.389861,0.57221
2079638244,3,-0.477732,-0.540996,-0.39033,0.571608
2079638254,3,-0.477668,-0.541423,-0.390674,0.571022
2079638264,3,-0.47759,-0.541932,-0.39091,0.570443
2079638274,3,-0.477493,-0.542503,-0.391016,0.569908
2079638284,3,-0.477386,-0.543142,-0.390989,0.569407
2079638294,3,-0.477276,-0.543868,-0.390819,0.568923
2079638304,3,-0.477182,-0.544681,-0.390485,0.568454
2079638314,3,-0.477088,-0.545562,-0.390006,0.568016
2079638324,3,-0.477008,-0.54652,-0.389355,0.567609
2079638335,3,-0.476931,-0.547532,-0.388548,0.567251
2079638345,3,-0.476797,-0.548604,-0.38764,0.56695
2079638355,3,-0.476618,-0.549719,-0.386614,0.56672
2079638365,3,-0.476345,-0.550841,-0.385521,0.566605
2079638375,3,-0.475957,-0.551973,-0.384403,0.566589
2079638385,3,-0.475476,-0.553095,-0.383205,0.56671
2079638395,3,-0.474887,-0.554219,-0.381951,0.566953
2079638405,3,-0.47423,-0.555349,-0.380611,0.567298
2079638415,3,-0.473511,-0.556486,-0.37919,0.567736
2079638425,3,-0.472734,-0.557644,-0.377668,0.568261
2079638435,3,-0.471928,-0.558821,-0.376039,0.568855
2079638445,3,-0.471135,-0.560033,-0.37427,0.569486
2079638455,3,-0.470332,-0.561274,-0.372388,0.570162
2079638466,3,-0.469522,-0.562538,-0.370399,0.570879
2079638476,3,-0.468719,-0.56383,-0.368286,0.571631
2079638486,3,-0.467919,-0.56513,-0.366079,0.57242
2079638496,3,-0.467099,-0.566432,-0.363805,0.573251
2079638506,3,-0.466277,-0.567717,-0.361462,0.574131
2079638516,3,-0.465431,-0.569003,-0.359072,0.575044
2079638526,3,-0.464584,-0.570249,-0.35662,0.576019
2079638536,3,-0.463725,-0.571458,-0.35413,0.577048
2079638546,3,-0.462876,-0.572658,-0.351583,0.578097
2079638556,3,-0.462055,-0.573834,-0.348986,0.57916
2079638566,3,-0.461268,-0.575009,-0.34635,0.580204
2079638576,3,-0.46051,-0.576164,-0.343692,0.581239
2079638586,3,-0.459774,-0.577299,-0.34104,0.582257
2079638596,3,-0.459056,-0.578391,-0.3384,0.58328
2079638607,3,-0.458339,-0.579442,-0.33581,0.584296
2079638617,3,-0.457622,-0.580431,-0.333308,0.585309
2079638627,3,-0.456868,-0.581348,-0.330927,0.586337
2079638637,3,-0.456107,-0.582205,-0.328655,0.587357
2079638647,3,-0.455321,-0.582978,-0.326513,0.588393
2079638657,3,-0.454486,-0.583664,-0.324537,0.589451
2079638667,3,-0.453643,-0.584275,-0.322693,0.590507
2079638677,3,-0.452803,-0.584816,-0.320968,0.591555
2079638687,3,-0.451974,-0.585281,-0.319373,0.592592
2079638697,3,-0.45115,-0.585681,-0.317891,0.59362
2079638707,3,-0.450373,-0.586024,-0.316493,0.594617
2079638717,3,-0.449654,-0.586305,-0.315159,0.595593
2079638727,3,-0.44895,-0.586556,-0.31393,0.596525
2079638738,3,-0.448299,-0.58676,-0.312777,0.59742
2079638748,3,-0.44772,-0.58696,-0.31169,0.598224
2079638758,3,-0.447203,-0.587044,-0.310671,0.599058
2079638768,3,-0.446736,-0.587106,-0.309745,0.599825
2079638778,3,-0.446347,-0.587126,-0.308879,0.60054
2079638788,3,-0.446031,-0.58709,-0.30809,0.601216
2079638798,3,-0.445795,-0.587021,-0.307369,0.601827
2079638808,3,-0.445666,-0.586937,-0.306712,0.60234
2079638818,3,-0.445642,-0.586835,-0.306105,0.602765
2079638828,3,-0.445724,-0.586703,-0.305544,0.603117
2079638838,3,-0.445928,-0.586535,-0.305037,0.603387
2079638848,3,-0.446235,-0.586367,-0.304579,0.603554
2079638858,3,-0.446642,-0.586186,-0.304179,0.603631
2079638869,3,-0.447117,-0.585995,-0.303847,0.603631
2079638879,3,-0.447628,-0.585775,-0.303625,0.603578
2079638889,3,-0.448164,-0.585523,-0.303526,0.603475
2079638899,3,-0.448704,-0.585219,-0.303569,0.603348
2079638909,3,-0.449207,-0.584859,-0.303795,0.603208
2079638919,3,-0.449669,-0.584464,-0.304196,0.603044
2079638929,3,-0.450067,-0.584011,-0.304793,0.602885
2079638939,3,-0.450427,-0.583502,-0.305563,0.602719
2079638949,3,-0.450746,-0.582948,-0.306489,0.602546
2079638959,3,-0.451061,-0.582371,-0.307548,0.602328
2079638969,3,-0.451356,-0.581769,-0.308728,0.602085
2079638979,3,-0.451661,-0.581127,-0.310005,0.601821
2079638989,3,-0.451996,-0.580458,-0.311325,0.601534
2079638999,3,-0.452375,-0.579769,-0.31269,0.601206
2079639010,3,-0.452796,-0.579084,-0.314075,0.600827
2079639020,3,-0.453264,-0.57839,-0.315476,0.600408
2079639030,3,-0.453797,-0.577694,-0.3169,0.599926
2079639040,3,-0.454366,-0.576992,-0.318355,0.5994
2079639050,3,-0.454955,-0.576277,-0.319864,0.598837
2079639060,3,-0.455551,-0.575532,-0.321438,0.598257
2079639070,3,-0.456157,-0.574737,-0.32305,0.597691
2079639080,3,-0.456772,-0.573934,-0.324712,0.597092
2079639090,3,-0.457419,-0.573089,-0.326402,0.596487
2079639100,3,-0.458097,-0.572207,-0.328098,0.595883
2079639110,3,-0.458822,-0.571297,-0.329781,0.595268
2079639120,3,-0.459607,-0.570356,-0.331436,0.594647
2079639130,3,-0.460435,-0.569411,-0.333066,0.594
2079639141,3,-0.461327,-0.568442,-0.334662,0.593338
2079639151,3,-0.462259,-0.56748,-0.33622,0.592653
2079639161,3,-0.463243,-0.566539,-0.337737,0.591922
2079639171,3,-0.464221,-0.565602,-0.339252,0.591184
2079639181,3,-0.465182,-0.564676,-0.340777,0.590437
2079639191,3,-0.466096,-0.563779,-0.342321,0.58968
2079639201,3,-0.46696,-0.562904,-0.343881,0.588924
2079639211,3,-0.467746,-0.562033,-0.3455,0.588183
2079639221,3,-0.468445,-0.56117,-0.347155,0.587477
2079639231,3,-0.469073,-0.560297,-0.348825,0.586819
2079639241,3,-0.469662,-0.559419,-0.350458,0.586214
2079639251,3,-0.47023,-0.558576,-0.352028,0.58562
2079639261,3,-0.470785,-0.557755,-0.353524,0.585056
2079639272,3,-0.471332,-0.556952,-0.354931,0.584528
2079639282,3,-0.471903,-0.556222,-0.356202,0.583989
2079639292,3,-0.472454,-0.555557,-0.357392,0.583449
2079639302,3,-0.472983,-0.554954,-0.358489,0.582921
2079639312,3,-0.473477,-0.554425,-0.359521,0.582388
2079639322,3,-0.473919,-0.553959,-0.360493,0.58187
2079639332,3,-0.474296,-0.553571,-0.361414,0.581362
2079639342,3,-0.474597,-0.553238,-0.362287,0.580889
2079639352,3,-0.474821,-0.552989,-0.363119,0.580423
2079639362,3,-0.474961,-0.552801,-0.363904,0.579996
2079639372,3,-0.475092,-0.552699,-0.364587,0.579557
2079639382,3,-0.47521,-0.552664,-0.365159,0.579133
2079639392,3,-0.475311,-0.552723,-0.36562,0.578703
2079639403,3,-0.475388,-0.552838,-0.365978,0.578303
2079639413,3,-0.475444,-0.553044,-0.366218,0.577908
2079639423,3,-0.475481,-0.553294,-0.366346,0.577558
2079639433,3,-0.475487,-0.553612,-0.366387,0.577222
2079639443,3,-0.475469,-0.553973,-0.366332,0.576925
2079639453,3,-0.475398,-0.554392,-0.366214,0.576656
2079639463,3,-0.475278,-0.554843,-0.366037,0.576433
2079639473,3,-0.4751,-0.555295,-0.36582,0.576282
2079639483,3,-0.474859,-0.555775,-0.365568,0.576178
2079639493,3,-0.474563,-0.556286,-0.365284,0.576109
2079639503,3,-0.474227,-0.5568,-0.364959,0.576096
2079639513,3,-0.473842,-0.557309,-0.364607,0.576142
2079639523,3,-0.473426,-0.557794,-0.364225,0.576256
2079639533,3,-0.472981,-0.558265,-0.363807,0.576431
2079639544,3,-0.472527,-0.55873,-0.36334,0.576647
2079639554,3,-0.472059,-0.559189,-0.362831,0.576905
2079639564,3,-0.471592,-0.559638,-0.362272,0.577204
2079639574,3,-0.471133,-0.560081,-0.361669,0.577526
2079639584,3,-0.47072,-0.560534,-0.360988,0.577849
2079639594,3,-0.47034,-0.560994,-0.360252,0.578173
2079639604,3,-0.469993,-0.561448,-0.359456,0.578508
2079639614,3,-0.469672,-0.561926,-0.358604,0.578834
2079639624,3,-0.469368,-0.562405,-0.357721,0.579162
2079639634,3,-0.469062,-0.56286,-0.356822,0.579522
2079639644,3,-0.468774,-0.563297,-0.355907,0.579892
2079639654,3,-0.468518,-0.563711,-0.35496,0.580278
2079639664,3,-0.468283,-0.564104,-0.353979,0.580685
2079639675,3,-0.468096,-0.564473,-0.352955,0.5811
2079639685,3,-0.467962,-0.564839,-0.351891,0.581498
2079639695,3,-0.467861,-0.565205,-0.350798,0.581883
2079639705,3,-0.467801,-0.565574,-0.349682,0.582245
2079639715,3,-0.467787,-0.565934,-0.34854,0.582591
2079639725,3,-0.467819,-0.566311,-0.347376,0.582894
2079639735,3,-0.467855,-0.566689,-0.346224,0.583183
2079639745,3,-0.467898,-0.567054,-0.345075,0.583474
2079639755,3,-0.467927,-0.567404,-0.343976,0.58376
2079639765,3,-0.467929,-0.567715,-0.342924,0.584075
2079639775,3,-0.467891,-0.567988,-0.341918,0.584429
2079639785,3,-0.467842,-0.568227,-0.340944,0.584805
2079639795,3,-0.467809,-0.568422,-0.339975,0.585207
2079639806,3,-0.467784,-0.568576,-0.339011,0.585635
2079639816,3,-0.467761,-0.56872,-0.338059,0.586065
2079639826,3,-0.467765,-0.568839,-0.337111,0.586492
2079639836,3,-0.467766,-0.568935,-0.33619,0.586926
2079639846,3,-0.46776,-0.569016,-0.335307,0.587358
2079639856,3,-0.467739,-0.569067,-0.334486,0.587793
2079639866,3,-0.467691,-0.569077,-0.333731,0.588251
2079639876,3,-0.467578,-0.569083,-0.33307,0.588709
2079639886,3,-0.467432,-0.569049,-0.332491,0.589184
2079639896,3,-0.467246,-0.569017,-0.331989,0.589646
2079639906,3,-0.46707,-0.568969,-0.331534,0.590087
2079639916,3,-0.466892,-0.568936,-0.331112,0.590497
2079639926,3,-0.466717,-0.568919,-0.330735,0.590863
2079639936,3,-0.466564,-0.568926,-0.330368,0.591182
2079639947,3,-0.466407,-0.568912,-0.330034,0.591506
2079639957,3,-0.466292,-0.568875,-0.329698,0.59182
2079639967,3,-0.466219,-0.568856,-0.32935,0.592089
2079639977,3,-0.4662,-0.56885,-0.328975,0.592318
2079639987,3,-0.466267,-0.568888,-0.328561,0.592459
2079639997,3,-0.466382,-0.568978,-0.328153,0.592508
2079640007,3,-0.466529,-0.569104,-0.327803,0.592465
2079640017,3,-0.46668,-0.569277,-0.327533,0.592329
2079640027,3,-0.466777,-0.569447,-0.327417,0.592153
2079640037,3,-0.466846,-0.569611,-0.32743,0.591934
2079640047,3,-0.466852,-0.569722,-0.327614,0.591721
2079640057,3,-0.466814,-0.569754,-0.327953,0.591532
2079640067,3,-0.466741,-0.569699,-0.328438,0.591373
2079640078,3,-0.466649,-0.569585,-0.329061,0.591209
2079640088,3,-0.466579,-0.569384,-0.329763,0.591067
2079640098,3,-0.466552,-0.569095,-0.330535,0.590936
2079640108,3,-0.466621,-0.568754,-0.331326,0.590766
2079640118,3,-0.466818,-0.568373,-0.332108,0.590538
2079640128,3,-0.46712,-0.567964,-0.33291,0.590241
2079640138,3,-0.467534,-0.567527,-0.333747,0.589861
2079640148,3,-0.468008,-0.567058,-0.334643,0.589429
2079640158,3,-0.468531,-0.566525,-0.335642,0.588957
2079640168,3,-0.469065,-0.565925,-0.336762,0.588469
2079640178,3,-0.469602,-0.565229,-0.338,0.588001
2079640188,3,-0.470173,-0.564462,-0.339333,0.587512
2079640198,3,-0.47079,-0.563635,-0.340736,0.587001
2079640209,3,-0.471472,-0.562752,-0.342176,0.586462
2079640219,3,-0.47223,-0.561833,-0.343643,0.585876
2079640229,3,-0.47308,-0.560905,-0.3451,0.585222
2079640239,3,-0.474023,-0.559989,-0.346546,0.584481
2079640249,3,-0.475044,-0.559078,-0.347986,0.583668
2079640259,3,-0.47614,-0.558165,-0.349434,0.582783
2079640269,3,-0.477319,-0.557254,-0.350857,0.581835
2079640279,3,-0.478506,-0.55632,-0.352317,0.580871
2079640289,3,-0.479696,-0.55538,-0.353798,0.579887
2079640299,3,-0.480871,-0.554423,-0.355311,0.578905
2079640309,3,-0.482005,-0.553447,-0.35688,0.577929
2079640319,3,-0.483086,-0.552454,-0.358487,0.576981
2079640329,3,-0.484119,-0.551423,-0.360114,0.576089
2079640339,3,-0.485082,-0.550363,-0.361769,0.575254
2079640350,3,-0.486015,-0.549307,-0.363417,0.574437
2079640360,3,-0.486878,-0.548228,-0.365058,0.573695
2079640370,3,-0.487692,-0.547125,-0.366678,0.573024
2079640380,3,-0.488429,-0.546004,-0.368289,0.572432
2079640390,3,-0.489133,-0.544881,-0.369824,0.571911
2079640400,3,-0.48981,-0.543728,-0.371281,0.571484
2079640410,3,-0.490442,-0.542571,-0.372651,0.571151
2079640420,3,-0.491021,-0.541427,-0.373934,0.5709
2079640430,3,-0.491544,-0.540352,-0.375131,0.570682
2079640440,3,-0.49197,-0.539334,-0.376271,0.570528
2079640450,3,-0.492352,-0.538381,-0.3773,0.570419
2079640460,3,-0.492643,-0.537515,-0.378243,0.57036
2079640470,3,-0.492868,-0.536749,-0.379056,0.570348
2079640481,3,-0.49303,-0.5361,-0.379728,0.570371
2079640491,3,-0.493126,-0.535597,-0.380271,0.570399
2079640501,3,-0.493138,-0.53524,-0.380681,0.570449
2079640511,3,-0.493098,-0.53503,-0.380932,0.570514
2079640521,3,-0.493007,-0.534951,-0.381016,0.570611
2079640531,3,-0.492849,-0.534995,-0.38096,0.570743
2079640541,3,-0.492633,-0.535152,-0.380739,0.57093
2079640551,3,-0.492343,-0.535404,-0.380387,0.571178
2079640561,3,-0.491963,-0.535734,-0.379922,0.571506
2079640571,3,-0.491515,-0.536128,-0.379329,0.571916
2079640581,3,-0.491014,-0.536601,-0.378603,0.572383
2079640591,3,-0.490469,-0.537125,-0.377766,0.572912
2079640601,3,-0.489909,-0.537708,-0.376799,0.57348
2079640612,3,-0.489335,-0.53834,-0.375712,0.57409
2079640622,3,-0.488773,-0.539024,-0.374523,0.574705
2079640632,3,-0.488235,-0.539736,-0.373221,0.57534
2079640642,3,-0.487722,-0.540451,-0.371835,0.576001
2079640652,3,-0.487244,-0.541186,-0.370371,0.576657
2079640662,3,-0.486797,-0.541928,-0.36885,0.577314
2079640672,3,-0.486359,-0.542672,-0.367317,0.57796
2079640682,3,-0.485949,-0.543395,-0.36578,0.5786
2079640692,3,-0.485554,-0.54409,-0.364263,0.579236
2079640702,3,-0.485137,-0.544764,-0.362808,0.579865
2079640712,3,-0.484728,-0.545425,-0.361417,0.580453
2079640722,3,-0.48431,-0.546072,-0.360099,0.581012
2079640732,3,-0.483889,-0.546703,-0.358874,0.581528
2079640743,3,-0.483444,-0.54734,-0.357735,0.582001
2079640753,3,-0.482992,-0.547974,-0.356681,0.582426
2079640763,3,-0.482549,-0.548614,-0.355672,0.582808
2079640773,3,-0.48212,-0.549265,-0.354699,0.583142
2079640783,3,-0.481725,-0.549914,-0.353736,0.583442
2079640793,3,-0.48138,-0.550562,-0.352746,0.583715
2079640803,3,-0.481105,-0.55123,-0.351724,0.583928
2079640813,3,-0.480886,-0.551912,-0.350669,0.584099
2079640823,3,-0.480743,-0.552609,-0.349571,0.584215
2079640833,3,-0.480651,-0.553343,-0.348446,0.584268
2079640843,3,-0.480603,-0.554077,-0.347306,0.584291
2079640853,3,-0.480592,-0.554808,-0.346153,0.58429
2079640863,3,-0.480588,-0.555516,-0.345012,0.584296
2079640873,3,-0.480566,-0.556186,-0.343917,0.584322
2079640884,3,-0.480509,-0.556809,-0.3429,0.584374
2079640894,3,-0.480409,-0.557382,-0.341959,0.584461
2079640904,3,-0.480264,-0.557917,-0.341093,0.584576
2079640914,3,-0.480068,-0.558413,-0.340284,0.584734
2079640924,3,-0.47985,-0.558885,-0.339541,0.584894
2079640934,3,-0.479589,-0.559331,-0.338851,0.585082
2079640944,3,-0.479303,-0.559788,-0.338209,0.585252
2079640954,3,-0.478961,-0.56024,-0.337639,0.585428
2079640964,3,-0.478583,-0.560716,-0.337118,0.585581
2079640974,3,-0.478143,-0.561205,-0.336686,0.585721
2079640984,3,-0.477648,-0.561719,-0.336333,0.585835
2079640994,3,-0.477103,-0.562223,-0.336048,0.585959
2079641004,3,-0.476537,-0.562728,-0.33582,0.586065
2079641015,3,-0.475964,-0.563205,-0.335626,0.586184
2079641025,3,-0.475403,-0.56368,-0.335463,0.586277
2079641035,3,-0.474873,-0.564164,-0.335314,0.586326
2079641045,3,-0.474393,-0.564628,-0.335171,0.586349
2079641055,3,-0.473961,-0.56507,-0.335033,0.586351
2079641065,3,-0.473574,-0.565492,-0.334913,0.586325
2079641075,3,-0.473226,-0.565881,-0.334828,0.58628
2079641085,3,-0.472858,-0.566235,-0.334834,0.586231
2079641095,3,-0.472522,-0.56656,-0.334912,0.586145
2079641105,3,-0.472172,-0.566832,-0.335097,0.586057
2079641115,3,-0.471789,-0.56704,-0.335398,0.585993
2079641125,3,-0.471381,-0.567167,-0.335805,0.585965
2079641135,3,-0.470979,-0.567209,-0.336276,0.585977
2079641146,3,-0.47058,-0.56717,-0.336825,0.58602
2079641156,3,-0.470202,-0.567066,-0.337411,0.586087
2079641166,3,-0.469865,-0.566905,-0.338016,0.586165
2079641176,3,-0.469586,-0.566703,-0.338626,0.586231
2079641186,3,-0.469352,-0.566475,-0.339245,0.586281
2079641196,3,-0.469127,-0.566213,-0.33992,0.586323
2079641206,3,-0.468926,-0.565924,-0.340635,0.586348
2079641216,3,-0.468721,-0.565634,-0.341404,0.586345
2079641226,3,-0.468509,-0.565334,-0.34223,0.586322
2079641236,3,-0.468314,-0.56504,-0.343088,0.58626
2079641246,3,-0.468102,-0.564767,-0.344006,0.586154
2079641256,3,-0.467911,-0.564496,-0.344932,0.586023
2079641266,3,-0.467742,-0.564218,-0.345862,0.585878
2079641276,3,-0.467585,-0.563929,-0.346805,0.585724
2079641287,3,-0.467465,-0.563616,-0.347729,0.585573
2079641297,3,-0.467403,-0.563296,-0.3486,0.585413
2079641307,3,-0.467409,-0.562956,-0.349425,0.585243
2079641317,3,-0.467491,-0.56261,-0.350197,0.585048
2079641327,3,-0.467676,-0.562249,-0.350899,0.584828
2079641337,3,-0.467956,-0.561902,-0.351531,0.584557
2079641347,3,-0.468312,-0.561566,-0.352124,0.584238
2079641357,3,-0.468751,-0.561215,-0.352664,0.583898
2079641367,3,-0.469269,-0.5609,-0.353156,0.583486
2079641377,3,-0.469867,-0.560611,-0.353599,0.583014
2079641387,3,-0.470527,-0.560355,-0.354025,0.58247
2079641397,3,-0.471217,-0.560117,-0.35444,0.581887
2079641407,3,-0.471926,-0.559905,-0.354875,0.581253
2079641418,3,-0.472624,-0.559693,-0.355347,0.5806
2079641428,3,-0.473271,-0.559425,-0.355887,0.58
2079641438,3,-0.473875,-0.55911,-0.356489,0.579442
2079641448,3,-0.474456,-0.558733,-0.357112,0.578946
2079641458,3,-0.475018,-0.558309,-0.357744,0.578504
2079641468,3,-0.475564,-0.557858,-0.358381,0.578096
2079641478,3,-0.476112,-0.557368,-0.35899,0.57774
2079641488,3,-0.476665,-0.55686,-0.359569,0.577413
2079641498,3,-0.477224,-0.556333,-0.360104,0.577126
2079641508,3,-0.47778,-0.555777,-0.360592,0.576896
2079641518,3,-0.478367,-0.555214,-0.360979,0.57671
2079641528,3,-0.478965,-0.554666,-0.361286,0.576549
2079641538,3,-0.479573,-0.55413,-0.361525,0.576409
2079641549,3,-0.480203,-0.553623,-0.361665,0.576284
2079641559,3,-0.480856,-0.553161,-0.361712,0.576153
2079641569,3,-0.481525,-0.552755,-0.361668,0.576011
2079641579,3,-0.482179,-0.552373,-0.361558,0.575901
2079641589,3,-0.482816,-0.552031,-0.361396,0.575796
2079641599,3,-0.483447,-0.55169,-0.361177,0.575732
2079641609,3,-0.484046,-0.551371,-0.360902,0.575706
2079641619,3,-0.484587,-0.55108,-0.360612,0.575712
2079641629,3,-0.485072,-0.55085,-0.360296,0.575721
2079641639,3,-0.485545,-0.550693,-0.359902,0.575719
2079641649,3,-0.485999,-0.550636,-0.359446,0.575676
2079641659,3,-0.486412,-0.550667,-0.358962,0.575598
2079641669,3,-0.486756,-0.55079,-0.358449,0.57551
2079641680,3,-0.487034,-0.55099,-0.357939,0.575401
2079641690,3,-0.487219,-0.551253,-0.357435,0.575306
2079641700,3,-0.487289,-0.551587,-0.356957,0.575223
2079641710,3,-0.487245,-0.551977,-0.356507,0.575165
2079641720,3,-0.487133,-0.552412,-0.356027,0.575139
2079641730,3,-0.48695,-0.552903,-0.355531,0.575129
2079641740,3,-0.486733,-0.553426,-0.354981,0.57515
2079641750,3,-0.486467,-0.553988,-0.354381,0.575204
2079641760,3,-0.486142,-0.554567,-0.353757,0.575304
2079641770,3,-0.485755,-0.555159,-0.35309,0.57547
2079641780,3,-0.485272,-0.555732,-0.352429,0.57573
2079641790,3,-0.484686,-0.556283,-0.35177,0.576094
2079641800,3,-0.483988,-0.556813,-0.351128,0.57656
2079641810,3,-0.483204,-0.557339,-0.350479,0.577104
2079641821,3,-0.482363,-0.557896,-0.349797,0.577683
2079641831,3,-0.481467,-0.558507,-0.349092,0.578266
2079641841,3,-0.480563,-0.55917,-0.348304,0.578853
2079641851,3,-0.479643,-0.559885,-0.347474,0.579423
2079641861,3,-0.478715,-0.560659,-0.346609,0.57996
2079641871,3,-0.477787,-0.561474,-0.345721,0.580467
2079641881,3,-0.476924,-0.562316,-0.344772,0.580925
2079641891,3,-0.476116,-0.563195,-0.343796,0.581316
2079641901,3,-0.475371,-0.564094,-0.342802,0.58164
2079641911,3,-0.474702,-0.564992,-0.3418,0.581904
2079641921,3,-0.474116,-0.565882,-0.340818,0.582093
2079641931,3,-0.473599,-0.566759,-0.33988,0.582209
2079641941,3,-0.473143,-0.567585,-0.339019,0.582278
2079641952,3,-0.47274,-0.568363,-0.338262,0.582286
2079641962,3,-0.472404,-0.569026,-0.337627,0.58228
2079641972,3,-0.472113,-0.569581,-0.337138,0.582257
2079641982,3,-0.471892,-0.569993,-0.336777,0.582242
2079641992,3,-0.471737,-0.57024,-0.336565,0.582248
2079642002,3,-0.471643,-0.570347,-0.336513,0.582249
2079642012,3,-0.471565,-0.570297,-0.336661,0.582276
2079642022,3,-0.471509,-0.570091,-0.337017,0.582317
2079642032,3,-0.471496,-0.569756,-0.337553,0.582346
2079642042,3,-0.471526,-0.569311,-0.338258,0.582347
2079642052,3,-0.471593,-0.568781,-0.339125,0.582306
2079642062,3,-0.47172,-0.568165,-0.340124,0.582222
2079642072,3,-0.471928,-0.567476,-0.34122,0.582084
2079642083,3,-0.47224,-0.56673,-0.342396,0.581868
2079642093,3,-0.472674,-0.565944,-0.343591,0.581575
2079642103,3,-0.473221,-0.565112,-0.344823,0.58121
2079642113,3,-0.473887,-0.56424,-0.346081,0.580767
2079642123,3,-0.474681,-0.563309,-0.347345,0.580268
2079642133,3,-0.475562,-0.562309,-0.348651,0.579733
2079642143,3,-0.476538,-0.561219,-0.349969,0.579193
2079642153,3,-0.477551,-0.560069,-0.351342,0.578641
2079642163,3,-0.478652,-0.558832,-0.352725,0.578085
2079642173,3,-0.479802,-0.557522,-0.354138,0.577533
2079642183,3,-0.481006,-0.556142,-0.355577,0.576977
2079642193,3,-0.482229,-0.554704,-0.357051,0.57643
2079642203,3,-0.483502,-0.553216,-0.358519,0.575882
2079642213,3,-0.484772,-0.551658,-0.359999,0.575385
2079642224,3,-0.486031,-0.55006,-0.361515,0.574902
2079642234,3,-0.487264,-0.548423,-0.36307,0.574442
2079642244,3,-0.488457,-0.546744,-0.36467,0.574016
2079642254,3,-0.489605,-0.545022,-0.366322,0.573624
2079642264,3,-0.490707,-0.543265,-0.368008,0.573269
2079642274,3,-0.491749,-0.541498,-0.369737,0.572936
2079642284,3,-0.492755,-0.539725,-0.371485,0.572614
2079642294,3,-0.49372,-0.53796,-0.373233,0.572307
2079642304,3,-0.494684,-0.536227,-0.37494,0.571985
2079642314,3,-0.495662,-0.534527,-0.376601,0.571638
2079642324,3,-0.496651,-0.532883,-0.378183,0.571269
2079642334,3,-0.49766,-0.531318,-0.379683,0.570854
2079642344,3,-0.498703,-0.529803,-0.381074,0.570425
2079642355,3,-0.499736,-0.528341,-0.382399,0.56999
2079642365,3,-0.500771,-0.5269,-0.383642,0.56958
2079642375,3,-0.501811,-0.525487,-0.384813,0.56918
2079642385,3,-0.50283,-0.524081,-0.385915,0.568832
2079642395,3,-0.50378,-0.522693,-0.386995,0.568535
2079642405,3,-0.504659,-0.52134,-0.388044,0.568281
2079642415,3,-0.505443,-0.52004,-0.389086,0.568064
2079642425,3,-0.506159,-0.5188,-0.390094,0.567869
2079642435,3,-0.506788,-0.517643,-0.391074,0.567689
2079642445,3,-0.507323,-0.516577,-0.392042,0.567514
2079642455,3,-0.507808,-0.515597,-0.392935,0.567353
2079642465,3,-0.508258,-0.514723,-0.393751,0.56718
2079642475,3,-0.508648,-0.513958,-0.394483,0.567015
2079642486,3,-0.508967,-0.513329,-0.39515,0.566834
2079642496,3,-0.509225,-0.512833,-0.39574,0.56664
2079642506,3,-0.509394,-0.512466,-0.396276,0.566444
2079642516,3,-0.509484,-0.512201,-0.396745,0.566275
2079642526,3,-0.509537,-0.512047,-0.397098,0.566119
2079642536,3,-0.509563,-0.511987,-0.397332,0.565986
2079642546,3,-0.509583,-0.512023,-0.39743,0.565867
2079642556,3,-0.509581,-0.51215,-0.397408,0.565768
2079642566,3,-0.50954,-0.512365,-0.397276,0.565704
2079642576,3,-0.509455,-0.512651,-0.397049,0.565681
2079642586,3,-0.509284,-0.513021,-0.39677,0.565694
2079642596,3,-0.508994,-0.513486,-0.396469,0.565745
2079642606,3,-0.508636,-0.51406,-0.396113,0.565795
2079642617,3,-0.508197,-0.514729,-0.39571,0.565863
2079642627,3,-0.507654,-0.515501,-0.39527,0.565956
2079642637,3,-0.507015,-0.516383,-0.394795,0.566056
2079642647,3,-0.506289,-0.517369,-0.394279,0.566164
2079642657,3,-0.505482,-0.518458,-0.393717,0.566281
2079642667,3,-0.504594,-0.519639,-0.393121,0.566404
2079642677,3,-0.503618,-0.520928,-0.392464,0.566546
2079642687,3,-0.502599,-0.522303,-0.391726,0.566695
2079642697,3,-0.501564,-0.523777,-0.390861,0.566848
2079642707,3,-0.500569,-0.525344,-0.389847,0.566976
2079642717,3,-0.499609,-0.526996,-0.38869,0.567084
2079642727,3,-0.49869,-0.52871,-0.387387,0.56719
2079642737,3,-0.49778,-0.530475,-0.385982,0.567298
2079642747,3,-0.496847,-0.53229,-0.384521,0.567409
2079642758,3,-0.495914,-0.534119,-0.382977,0.56755
2079642768,3,-0.49499,-0.535959,-0.381367,0.567706
2079642778,3,-0.494079,-0.537827,-0.379689,0.567857
2079642788,3,-0.493156,-0.539717,-0.377961,0.56802
2079642798,3,-0.49224,-0.54163,-0.376198,0.568163
2079642808,3,-0.491316,-0.543541,-0.374398,0.568327
2079642818,3,-0.490385,-0.545428,-0.372566,0.568527
2079642828,3,-0.489455,-0.547298,-0.370713,0.568743
2079642838,3,-0.488535,-0.549137,-0.368818,0.568993
2079642848,3,-0.487614,-0.550932,-0.366907,0.569284
2079642858,3,-0.486705,-0.552667,-0.364949,0.569638
2079642868,3,-0.485818,-0.554372,-0.362964,0.570007
2079642878,3,-0.484951,-0.556028,-0.360938,0.570418
2079642889,3,-0.484098,-0.557631,-0.35888,0.570877
2079642899,3,-0.483252,-0.559188,-0.356783,0.571385
2079642909,3,-0.482396,-0.560722,-0.354673,0.571917
2079642919,3,-0.481548,-0.562222,-0.352533,0.572482
2079642929,3,-0.480657,-0.563709,-0.35042,0.573066
2079642939,3,-0.479751,-0.56516,-0.348312,0.573682
2079642949,3,-0.478818,-0.566563,-0.346229,0.574337
2079642959,3,-0.47786,-0.567933,-0.344153,0.575029
2079642969,3,-0.476907,-0.569247,-0.342072,0.575762
2079642979,3,-0.475957,-0.57049,-0.33998,0.576557
2079642989,3,-0.47501,-0.571701,-0.337863,0.577383
2079642999,3,-0.474089,-0.572881,-0.335725,0.578216
2079643009,3,-0.473183,-0.574031,-0.333574,0.579062
2079643020,3,-0.472287,-0.57514,-0.331431,0.579923
2079643030,3,-0.471394,-0.576193,-0.329323,0.580805
2079643040,3,-0.4705,-0.577178,-0.327295,0.581697
2079643050,3,-0.469598,-0.578075,-0.325359,0.582621
2079643060,3,-0.468702,-0.57885,-0.323533,0.583588
2079643070,3,-0.467827,-0.579539,-0.321826,0.584549
2079643080,3,-0.466996,-0.5801,-0.320235,0.58553
2079643090,3,-0.466201,-0.580564,-0.318789,0.586493
2079643100,3,-0.465459,-0.580905,-0.317498,0.587444
2079643110,3,-0.464785,-0.581144,-0.316374,0.588347
2079643120,3,-0.464159,-0.58128,-0.315441,0.589207
2079643130,3,-0.463589,-0.581307,-0.314708,0.590021
2079643140,3,-0.463091,-0.581232,-0.314148,0.590784
2079643150,3,-0.462658,-0.581082,-0.31378,0.591466
2079643161,3,-0.462291,-0.580891,-0.31358,0.592046
2079643171,3,-0.461977,-0.580666,-0.313567,0.592519
2079643181,3,-0.461708,-0.580377,-0.31372,0.59293
2079643191,3,-0.46148,-0.58005,-0.314042,0.593258
2079643201,3,-0.461275,-0.579647,-0.314512,0.593561
2079643211,3,-0.461106,-0.579205,-0.315118,0.593802
2079643221,3,-0.460988,-0.578704,-0.31583,0.594005
2079643231,3,-0.460903,-0.57817,-0.31664,0.59416
2079643241,3,-0.460865,-0.577599,-0.317514,0.594278
2079643251,3,-0.46087,-0.576998,-0.31844,0.594363
2079643261,3,-0.460933,-0.57639,-0.319398,0.594389
2079643271,3,-0.461065,-0.575739,-0.320348,0.594407
2079643281,3,-0.461232,-0.575042,-0.321335,0.594419
2079643292,3,-0.461445,-0.574321,-0.322329,0.594412
2079643302,3,-0.461672,-0.573569,-0.323334,0.594417
2079643312,3,-0.461888,-0.572769,-0.324385,0.594448
2079643322,3,-0.462088,-0.571949,-0.325502,0.594472
2079643332,3,-0.462234,-0.571108,-0.326695,0.594512
2079643342,3,-0.462363,-0.570231,-0.327939,0.594568
2079643352,3,-0.462463,-0.569323,-0.329218,0.594654
2079643362,3,-0.462577,-0.568394,-0.330502,0.594742
2079643372,3,-0.462764,-0.567382,-0.331728,0.59488
2079643382,3,-0.462985,-0.566411,-0.332947,0.594953
2079643392,3,-0.463235,-0.565481,-0.334182,0.59495
2079643402,3,-0.463486,-0.564641,-0.335471,0.594827
2079643412,3,-0.463794,-0.563873,-0.336752,0.594592
2079643423,3,-0.464129,-0.563163,-0.338047,0.594268
2079643433,3,-0.46451,-0.562483,-0.339334,0.593881
2079643443,3,-0.464931,-0.561809,-0.340606,0.59346
2079643453,3,-0.465391,-0.561124,-0.341864,0.593025
2079643463,3,-0.465918,-0.560411,-0.343078,0.592584
2079643473,3,-0.466388,-0.559679,-0.344347,0.59217
2079643483,3,-0.466835,-0.558955,-0.345636,0.59175
2079643493,3,-0.46727,-0.558223,-0.346918,0.591348
2079643503,3,-0.467728,-0.557499,-0.348144,0.590948
2079643513,3,-0.468218,-0.556804,-0.349295,0.590536
2079643523,3,-0.468751,-0.556192,-0.350334,0.590074
2079643533,3,-0.46932,-0.555697,-0.351271,0.589531
2079643543,3,-0.469893,-0.555322,-0.352132,0.588913
2079643553,3,-0.470439,-0.55506,-0.352943,0.588238
2079643564,3,-0.470935,-0.554889,-0.353734,0.587528
2079643574,3,-0.471364,-0.554793,-0.354504,0.58681
2079643584,3,-0.47169,-0.55479,-0.355309,0.586064
2079643594,3,-0.471882,-0.554849,-0.356162,0.585335
2079643604,3,-0.471974,-0.554967,-0.357033,0.584618
2079643614,3,-0.471977,-0.555108,-0.357893,0.583955
2079643624,3,-0.471926,-0.555331,-0.358715,0.583279
2079643634,3,-0.471903,-0.555603,-0.35943,0.582599
2079643644,3,-0.471909,-0.555875,-0.360019,0.581971
2079643654,3,-0.471975,-0.556209,-0.360474,0.581315
2079643664,3,-0.472121,-0.556575,-0.360781,0.580655
2079643674,3,-0.472313,-0.556967,-0.360977,0.580001
2079643684,3,-0.472556,-0.557356,-0.361068,0.579373
2079643695,3,-0.472834,-0.557745,-0.361063,0.578775
2079643705,3,-0.473119,-0.558109,-0.360978,0.578243
2079643715,3,-0.473426,-0.558443,-0.360822,0.577767
2079643725,3,-0.473744,-0.558751,-0.360616,0.577337
2079643735,3,-0.474061,-0.559056,-0.360353,0.576946
2079643745,3,-0.474337,-0.559332,-0.360094,0.576612
2079643755,3,-0.474549,-0.559625,-0.35987,0.576295
2079643765,3,-0.474677,-0.55992,-0.359692,0.576013
2079643775,3,-0.474744,-0.560209,-0.359546,0.575768
2079643785,3,-0.474751,-0.560496,-0.359425,0.575558
2079643795,3,-0.474713,-0.560795,-0.359311,0.575371
2079643805,3,-0.474668,-0.5611,-0.359133,0.575221
2079643815,3,-0.474634,-0.561431,-0.358896,0.575074
2079643826,3,-0.474636,-0.561784,-0.35856,0.574937
2079643836,3,-0.474689,-0.56215,-0.358145,0.574794
2079643846,3,-0.47478,-0.562534,-0.357674,0.574637
2079643856,3,-0.474921,-0.562899,-0.357147,0.57449
2079643866,3,-0.475081,-0.563248,-0.356602,0.574355
2079643876,3,-0.475291,-0.563541,-0.356032,0.574246
2079643886,3,-0.475553,-0.563777,-0.355447,0.574161
2079643896,3,-0.47586,-0.563916,-0.354857,0.574134
2079643906,3,-0.476221,-0.563956,-0.354266,0.574161
2079643916,3,-0.476631,-0.563889,-0.353692,0.57424
2079643926,3,-0.477055,-0.563679,-0.353186,0.574407
2079643936,3,-0.477503,-0.563353,-0.352726,0.574636
2079643946,3,-0.477946,-0.562861,-0.352355,0.574978
2079643957,3,-0.478386,-0.56224,-0.352073,0.575392
2079643967,3,-0.478818,-0.561499,-0.351885,0.575871
2079643977,3,-0.479226,-0.560667,-0.351818,0.576383
2079643987,3,-0.479618,-0.559765,-0.351848,0.576914
2079643997,3,-0.479996,-0.558835,-0.35197,0.577427
2079644007,3,-0.480383,-0.557931,-0.352167,0.577859
2079644017,3,-0.480762,-0.557048,-0.352424,0.578239
2079644027,3,-0.481154,-0.556223,-0.352729,0.578521
2079644037,3,-0.481567,-0.555464,-0.353052,0.578711
2079644047,3,-0.482004,-0.554798,-0.353396,0.578775
2079644057,3,-0.482474,-0.554194,-0.35373,0.578759
2079644067,3,-0.482963,-0.553648,-0.354068,0.578666
2079644077,3,-0.483466,-0.553158,-0.35441,0.578505
2079644087,3,-0.483971,-0.552688,-0.354756,0.57832
2079644098,3,-0.484498,-0.552224,-0.355081,0.578123
2079644108,3,-0.485014,-0.551784,-0.355418,0.577903
2079644118,3,-0.485494,-0.551326,-0.355786,0.577711
2079644128,3,-0.485944,-0.550868,-0.356163,0.577538
2079644138,3,-0.486336,-0.550385,-0.35658,0.577411
2079644148,3,-0.486671,-0.549913,-0.357022,0.577304
2079644158,3,-0.486944,-0.549423,-0.357508,0.57724
2079644168,3,-0.487171,-0.548961,-0.358013,0.577175
2079644178,3,-0.487374,-0.54853,-0.358513,0.577104
2079644188,3,-0.48748,-0.548121,-0.359055,0.577065
2079644198,3,-0.487532,-0.547767,-0.359623,0.577004
2079644208,3,-0.487541,-0.547444,-0.360199,0.576943
2079644218,3,-0.487492,-0.547171,-0.360785,0.576878
2079644229,3,-0.487371,-0.546928,-0.361387,0.576833
2079644239,3,-0.487178,-0.546703,-0.362009,0.576819
2079644249,3,-0.486926,-0.546519,-0.36263,0.576817
2079644259,3,-0.486664,-0.546371,-0.363205,0.576817
2079644269,3,-0.486381,-0.546242,-0.363747,0.576836
2079644279,3,-0.486069,-0.546133,-0.364241,0.57689
2079644289,3,-0.485757,-0.546041,-0.364666,0.576972
2079644299,3,-0.485446,-0.545993,-0.364994,0.577072
2079644309,3,-0.485149,-0.545985,-0.365229,0.577179
2079644319,3,-0.484855,-0.546027,-0.365378,0.577293
2079644329,3,-0.484551,-0.546124,-0.365462,0.577404
2079644339,3,-0.484246,-0.546292,-0.365461,0.577501
2079644349,3,-0.483928,-0.546532,-0.365393,0.577583
2079644360,3,-0.483628,-0.546839,-0.365231,0.577646
2079644370,3,-0.483337,-0.547209,-0.364979,0.577699
2079644380,3,-0.483031,-0.547646,-0.364663,0.57774
2079644390,3,-0.482711,-0.548117,-0.364292,0.577795
2079644400,3,-0.482332,-0.548611,-0.363892,0.577895
2079644410,3,-0.481928,-0.549131,-0.363424,0.578033
2079644420,3,-0.481484,-0.549669,-0.362918,0.578209
2079644430,3,-0.481011,-0.550197,-0.362333,0.578468
2079644440,3,-0.480529,-0.550736,-0.361665,0.578773
2079644450,3,-0.48004,-0.551278,-0.360907,0.579135
2079644460,3,-0.479551,-0.551841,-0.360058,0.579533
2079644470,3,-0.479048,-0.552416,-0.359125,0.57998
2079644480,3,-0.478553,-0.553008,-0.358097,0.58046
2079644490,3,-0.478058,-0.553612,-0.356983,0.580979
2079644501,3,-0.477541,-0.554245,-0.355808,0.581521
2079644511,3,-0.476979,-0.554885,-0.354596,0.582111
2079644521,3,-0.476388,-0.555566,-0.353334,0.582713
2079644531,3,-0.475749,-0.556283,-0.352039,0.583334
2079644541,3,-0.47508,-0.557014,-0.3507,0.583987
2079644551,3,-0.474361,-0.557763,-0.349342,0.584672
2079644561,3,-0.473603,-0.558523,-0.347939,0.585397
2079644571,3,-0.472828,-0.559271,-0.346481,0.586173
2079644581,3,-0.472022,-0.56001,-0.344984,0.586999
2079644591,3,-0.471192,-0.560739,-0.343453,0.587867
2079644601,3,-0.470342,-0.561466,-0.34186,0.588782
2079644611,3,-0.46949,-0.562208,-0.340215,0.589706
2079644621,3,-0.468639,-0.562949,-0.338529,0.590646
2079644632,3,-0.467775,-0.5637,-0.336809,0.591596
2079644642,3,-0.466899,-0.56448,-0.335063,0.592536
2079644652,3,-0.466022,-0.565294,-0.33332,0.593432
2079644662,3,-0.465125,-0.56613,-0.331568,0.59432
2079644672,3,-0.464209,-0.567008,-0.329831,0.595164
2079644682,3,-0.463264,-0.567905,-0.328128,0.595988
2079644692,3,-0.462296,-0.568826,-0.326464,0.596773
2079644702,3,-0.461283,-0.569777,-0.324874,0.597518
2079644712,3,-0.460232,-0.570728,-0.323348,0.598247
2079644722,3,-0.45915,-0.571711,-0.321895,0.598924
2079644732,3,-0.458037,-0.572701,-0.320509,0.599572
2079644742,3,-0.45691,-0.573681,-0.319172,0.600209
2079644752,3,-0.455771,-0.574672,-0.317893,0.600805
2079644763,3,-0.454621,-0.57565,-0.316661,0.601391
2079644773,3,-0.453404,-0.576624,-0.315534,0.601969
2079644783,3,-0.452183,-0.577564,-0.314454,0.602551
2079644793,3,-0.450935,-0.578502,-0.313431,0.603119
2079644803,3,-0.449626,-0.579424,-0.312502,0.603692
2079644813,3,-0.448278,-0.580363,-0.311643,0.604238
2079644823,3,-0.446873,-0.581282,-0.310852,0.604801
2079644833,3,-0.445407,-0.58221,-0.310152,0.60535
2079644843,3,-0.443884,-0.583152,-0.309507,0.605891
2079644853,3,-0.442306,-0.584114,-0.308921,0.606417
2079644863,3,-0.44068,-0.585097,-0.308362,0.606938
2079644873,3,-0.438989,-0.586113,-0.307832,0.607452
2079644883,3,-0.437261,-0.587115,-0.307297,0.608001
2079644894,3,-0.435504,-0.588137,-0.306742,0.608555
2079644904,3,-0.43371,-0.589202,-0.306142,0.609108
2079644914,3,-0.431882,-0.590283,-0.305485,0.609689
2079644924,3,-0.430034,-0.591381,-0.304744,0.610302
2079644934,3,-0.428162,-0.592499,-0.303911,0.610949
2079644944,3,-0.426296,-0.593652,-0.302954,0.611609
2079644954,3,-0.424447,-0.594836,-0.301847,0.612292
2079644964,3,-0.422608,-0.596048,-0.300595,0.613001
2079644974,3,-0.420801,-0.59731,-0.299188,0.613703
2079644984,3,-0.418995,-0.598608,-0.297646,0.614424
2079644994,3,-0.417222,-0.599934,-0.295918,0.615171
2079645004,3,-0.415439,-0.601284,-0.294085,0.615939
2079645014,3,-0.41364,-0.602627,-0.292137,0.616763
2079645024,3,-0.411812,-0.603949,-0.290091,0.617659
2079645035,3,-0.409984,-0.605233,-0.287938,0.618624
2079645045,3,-0.408136,-0.60651,-0.285696,0.619634
2079645055,3,-0.406287,-0.607783,-0.28334,0.620682
2079645065,3,-0.404424,-0.609093,-0.280909,0.621719
2079645075,3,-0.402582,-0.61047,-0.278377,0.622702
2079645085,3,-0.400756,-0.611896,-0.275744,0.623651
2079645095,3,-0.398934,-0.613386,-0.273047,0.624542
2079645105,3,-0.397117,-0.614942,-0.270277,0.625374
2079645115,3,-0.395304,-0.616547,-0.267452,0.626156
2079645125,3,-0.393464,-0.618165,-0.264609,0.626928
2079645135,3,-0.391592,-0.619793,-0.261769,0.627684
2079645145,3,-0.389664,-0.621391,-0.258948,0.628474
2079645155,3,-0.387669,-0.62295,-0.256175,0.6293
2079645166,3,-0.385595,-0.62444,-0.253453,0.6302
2079645176,3,-0.383449,-0.625879,-0.25079,0.631145
2079645186,3,-0.381259,-0.627257,-0.248164,0.632142
2079645196,3,-0.379029,-0.628596,-0.24556,0.633169
2079645206,3,-0.376782,-0.629906,-0.242961,0.63421
2079645216,3,-0.374571,-0.631194,-0.240318,0.635245
2079645226,3,-0.372378,-0.632475,-0.237656,0.636261
2079645236,3,-0.370262,-0.633726,-0.234927,0.637263
2079645246,3,-0.368228,-0.634998,-0.232155,0.638191
2079645256,3,-0.366289,-0.636301,-0.229322,0.639033
2079645266,3,-0.36444,-0.637636,-0.226467,0.639777
2079645276,3,-0.36269,-0.638983,-0.223622,0.640429
2079645286,3,-0.361024,-0.640352,-0.22082,0.640974
2079645297,3,-0.359459,-0.641709,-0.218084,0.641433
2079645307,3,-0.358003,-0.643042,-0.215421,0.641812
2079645317,3,-0.35667,-0.644324,-0.212847,0.642128
2079645327,3,-0.35545,-0.64553,-0.210398,0.6424
2079645337,3,-0.354354,-0.646636,-0.2081,0.642641
2079645347,3,-0.353416,-0.64765,-0.205948,0.64283
2079645357,3,-0.352638,-0.648553,-0.203961,0.64298
2079645367,3,-0.352077,-0.649337,-0.202136,0.643073
2079645377,3,-0.3517,-0.650041,-0.200545,0.643066
2079645387,3,-0.351434,-0.65068,-0.199266,0.642963
2079645397,3,-0.351339,-0.651227,-0.198244,0.642776
2079645407,3,-0.35141,-0.651684,-0.197477,0.64251
2079645417,3,-0.351664,-0.652034,-0.196945,0.64218
2079645427,3,-0.352072,-0.652278,-0.19671,0.641781
2079645438,3,-0.352622,-0.652408,-0.196778,0.641326
2079645448,3,-0.353297,-0.652423,-0.19715,0.640824
2079645458,3,-0.35414,-0.652334,-0.197784,0.640254
2079645468,3,-0.355112,-0.65215,-0.198711,0.639616
2079645478,3,-0.35624,-0.651878,-0.199912,0.638891
2079645488,3,-0.357507,-0.651543,-0.201375,0.638065
2079645498,3,-0.358897,-0.651144,-0.203119,0.637138
2079645508,3,-0.360409,-0.65068,-0.205097,0.636125
2079645518,3,-0.362041,-0.65011,-0.207317,0.63506
2079645528,3,-0.363777,-0.649464,-0.209743,0.633932
2079645538,3,-0.365608,-0.648695,-0.212358,0.632794
2079645548,3,-0.367501,-0.647821,-0.215179,0.631638
2079645558,3,-0.369461,-0.646839,-0.218181,0.630471
2079645569,3,-0.371471,-0.64574,-0.221346,0.629312
2079645579,3,-0.373524,-0.644512,-0.224664,0.628179
2079645589,3,-0.375604,-0.643163,-0.228142,0.627066
2079645599,3,-0.377681,-0.641663,-0.231764,0.626026
2079645609,3,-0.379743,-0.640033,-0.235517,0.625046
2079645619,3,-0.381819,-0.638279,-0.239367,0.624112
2079645629,3,-0.383923,-0.636423,-0.243285,0.623201
2079645639,3,-0.386045,-0.634493,-0.247264,0.622292
2079645649,3,-0.388172,-0.632476,-0.251318,0.621396
2079645659,3,-0.390336,-0.630374,-0.255389,0.620516
2079645669,3,-0.392531,-0.628214,-0.259482,0.619624
2079645679,3,-0.394737,-0.625981,-0.263594,0.618746
2079645689,3,-0.39695,-0.623692,-0.267726,0.617868
2079645700,3,-0.399186,-0.621336,-0.271854,0.616997
2079645710,3,-0.401418,-0.618926,-0.275967,0.616146
2079645720,3,-0.403666,-0.616476,-0.280056,0.615287
2079645730,3,-0.405938,-0.613965,-0.28409,0.614452
2079645740,3,-0.408232,-0.611407,-0.288061,0.613634
2079645750,3,-0.410549,-0.60884,-0.29196,0.612798
2079645760,3,-0.412872,-0.606259,-0.295778,0.611964
2079645770,3,-0.415216,-0.60368,-0.29951,0.611112
2079645780,3,-0.417541,-0.601073,-0.303163,0.610296
2079645790,3,-0.419848,-0.598451,-0.306722,0.609511
2079645800,3,-0.422133,-0.595784,-0.310193,0.608789
2079645810,3,-0.424387,-0.593075,-0.313578,0.608132
2079645820,3,-0.426583,-0.590339,-0.31688,0.607546
2079645830,3,-0.428743,-0.587582,-0.320087,0.607017
2079645841,3,-0.430857,-0.58482,-0.323187,0.606544
2079645851,3,-0.432922,-0.582068,-0.326188,0.606115
2079645861,3,-0.434967,-0.579349,-0.329065,0.6057
2079645871,3,-0.437015,-0.576673,-0.331809,0.605282
2079645881,3,-0.439063,-0.574057,-0.334425,0.604848
2079645891,3,-0.441092,-0.571518,-0.336919,0.60439
2079645901,3,-0.443098,-0.569058,-0.339306,0.60391
2079645911,3,-0.445091,-0.566674,-0.341589,0.603399
2079645921,3,-0.44706,-0.564365,-0.343762,0.602873
2079645931,3,-0.449003,-0.562127,-0.345838,0.602332
2079645941,3,-0.450916,-0.559956,-0.347812,0.601788
2079645951,3,-0.452769,-0.557873,-0.349713,0.60123
2079645961,3,-0.454614,-0.555879,-0.351506,0.600638
2079645972,3,-0.45644,-0.553963,-0.353205,0.600027
2079645982,3,-0.458239,-0.552152,-0.354799,0.599383
2079645992,3,-0.460056,-0.550425,-0.356256,0.598715
2079646002,3,-0.461877,-0.548792,-0.357588,0.598018
2079646012,3,-0.463713,-0.54726,-0.358802,0.597274
2079646022,3,-0.465545,-0.545815,-0.359905,0.596507
2079646032,3,-0.467408,-0.544487,-0.360889,0.595668
2079646042,3,-0.469261,-0.543271,-0.36178,0.594781
2079646052,3,-0.471095,-0.542179,-0.362594,0.593831
2079646062,3,-0.472915,-0.541189,-0.363325,0.59284
2079646072,3,-0.474695,-0.540317,-0.363988,0.591805
2079646082,3,-0.476423,-0.539544,-0.364602,0.590742
2079646092,3,-0.478073,-0.538869,-0.365197,0.589657
2079646103,3,-0.479661,-0.538259,-0.365763,0.588572
2079646113,3,-0.481193,-0.537741,-0.366277,0.587475
2079646123,3,-0.48266,-0.537323,-0.366767,0.586348
2079646133,3,-0.484068,-0.536987,-0.367207,0.585218
2079646143,3,-0.485413,-0.536721,-0.367603,0.584098
2079646153,3,-0.486708,-0.536528,-0.367947,0.582981
2079646163,3,-0.48794,-0.536418,-0.368236,0.581868
2079646173,3,-0.489068,-0.536355,-0.36852,0.580798
2079646183,3,-0.490132,-0.536328,-0.368761,0.579773
2079646193,3,-0.491105,-0.536339,-0.368968,0.578807
2079646203,3,-0.49201,-0.536387,-0.369134,0.577887
2079646213,3,-0.492844,-0.536488,-0.369256,0.577004
2079646223,3,-0.493623,-0.536642,-0.369321,0.576153
2079646234,3,-0.494354,-0.536868,-0.369329,0.575309
2079646244,3,-0.495055,-0.537144,-0.369283,0.574478
2079646254,3,-0.495715,-0.537477,-0.369177,0.573665
2079646264,3,-0.496376,-0.537846,-0.368978,0.572876
2079646274,3,-0.497018,-0.538261,-0.368729,0.572089
2079646284,3,-0.497668,-0.538714,-0.368421,0.571295
2079646294,3,-0.498309,-0.539212,-0.368078,0.570488
2079646304,3,-0.498951,-0.539735,-0.367696,0.569677
2079646314,3,-0.499586,-0.540286,-0.367313,0.568844
2079646324,3,-0.500191,-0.540832,-0.366945,0.568031
2079646334,3,-0.500773,-0.541398,-0.36663,0.567182
2079646344,3,-0.501314,-0.541962,-0.36637,0.566334
2079646354,3,-0.501791,-0.542512,-0.366196,0.565495
2079646364,3,-0.502179,-0.543033,-0.366142,0.564686
2079646375,3,-0.50247,-0.543495,-0.366213,0.563935
2079646385,3,-0.502677,-0.543866,-0.366409,0.563266
2079646395,3,-0.502786,-0.544142,-0.366732,0.562691
2079646405,3,-0.502765,-0.544339,-0.367217,0.562204
2079646415,3,-0.502672,-0.544451,-0.367796,0.561798
2079646425,3,-0.502515,-0.544476,-0.368463,0.561479
2079646435,3,-0.502336,-0.544418,-0.369172,0.56123
2079646445,3,-0.502159,-0.544297,-0.369884,0.561036
2079646455,3,-0.502011,-0.544148,-0.370587,0.560849
2079646465,3,-0.501829,-0.543972,-0.371336,0.560687
2079646475,3,-0.501637,-0.543781,-0.372107,0.560533
2079646485,3,-0.501421,-0.543566,-0.372909,0.560401
2079646495,3,-0.501188,-0.543327,-0.373734,0.560293
2079646506,3,-0.500963,-0.543063,-0.374548,0.560206
2079646516,3,-0.500725,-0.542784,-0.375374,0.560136
2079646526,3,-0.50047,-0.542462,-0.376209,0.560116
2079646536,3,-0.50019,-0.542118,-0.377055,0.56013
2079646546,3,-0.499905,-0.541718,-0.377891,0.560209
2079646556,3,-0.499617,-0.541256,-0.378713,0.560357
2079646566,3,-0.499314,-0.540756,-0.379535,0.560553
2079646576,3,-0.499036,-0.540192,-0.38029,0.560832
2079646586,3,-0.498813,-0.539577,-0.380967,0.561163
2079646596,3,-0.498651,-0.538918,-0.381556,0.561541
2079646606,3,-0.498543,-0.538201,-0.382063,0.561979
2079646616,3,-0.498471,-0.537445,-0.382516,0.562458
2079646626,3,-0.49844,-0.53667,-0.382896,0.562968
2079646637,3,-0.498427,-0.535883,-0.383224,0.563505
2079646647,3,-0.498398,-0.535096,-0.383555,0.564053
2079646657,3,-0.49838,-0.534317,-0.383854,0.564604
2079646667,3,-0.49834,-0.533541,-0.38415,0.565171
2079646677,3,-0.498282,-0.532802,-0.384447,0.565717
2079646687,3,-0.498229,-0.532067,-0.384705,0.56628
2079646697,3,-0.498167,-0.531346,-0.384943,0.566849
2079646707,3,-0.498102,-0.530654,-0.385149,0.567414
2079646717,3,-0.49802,-0.529965,-0.385339,0.568002
2079646727,3,-0.497951,-0.529289,-0.385481,0.568595
2079646737,3,-0.497858,-0.528655,-0.38561,0.569178
2079646747,3,-0.497758,-0.528023,-0.385709,0.569785
2079646757,3,-0.49764,-0.52743,-0.385779,0.570389
2079646767,3,-0.497491,-0.526854,-0.38586,0.570998
2079646778,3,-0.497295,-0.52632,-0.385954,0.571596
2079646788,3,-0.497087,-0.525856,-0.386026,0.572155
2079646798,3,-0.496856,-0.525467,-0.386092,0.572669
2079646808,3,-0.496611,-0.525154,-0.386136,0.573139
2079646818,3,-0.496367,-0.524935,-0.386149,0.573542
2079646828,3,-0.496141,-0.524794,-0.386122,0.573884
2079646838,3,-0.495935,-0.524738,-0.386024,0.574179
2079646848,3,-0.495772,-0.524753,-0.385852,0.574422
2079646858,3,-0.495664,-0.524854,-0.385593,0.574597
2079646868,3,-0.495612,-0.52502,-0.385243,0.574725
2079646878,3,-0.495604,-0.525272,-0.384799,0.574798
2079646888,3,-0.495661,-0.525592,-0.384255,0.574822
2079646898,3,-0.495738,-0.525993,-0.383649,0.574792
2079646909,3,-0.495807,-0.526459,-0.38299,0.574747
2079646919,3,-0.495875,-0.526965,-0.382296,0.574686
2079646929,3,-0.495872,-0.527522,-0.381616,0.574629
2079646939,3,-0.495825,-0.528083,-0.380936,0.574605
2079646949,3,-0.495717,-0.528662,-0.380248,0.574622
2079646959,3,-0.49556,-0.529243,-0.379549,0.574686
2079646969,3,-0.495345,-0.529832,-0.378834,0.574799
2079646979,3,-0.495094,-0.530424,-0.378085,0.574962
2079646989,3,-0.494819,-0.531035,-0.377291,0.575156
2079646999,3,-0.494517,-0.531665,-0.376439,0.575393
2079647009,3,-0.494186,-0.532319,-0.375535,0.575664
2079647019,3,-0.493834,-0.532995,-0.37457,0.575968
2079647029,3,-0.493454,-0.533719,-0.373559,0.57628
2079647040,3,-0.493063,-0.534511,-0.372472,0.576585
2079647050,3,-0.492674,-0.535387,-0.371289,0.576868
2079647060,3,-0.492271,-0.536371,-0.370032,0.577105
2079647070,3,-0.491875,-0.53747,-0.368684,0.577283
2079647080,3,-0.491491,-0.538669,-0.36724,0.577412
2079647090,3,-0.491131,-0.539998,-0.365679,0.577468
2079647100,3,-0.490795,-0.54142,-0.363997,0.577485
2079647110,3,-0.490461,-0.542951,-0.362232,0.577441
2079647120,3,-0.490132,-0.544556,-0.360362,0.577379
2079647130,3,-0.489788,-0.546206,-0.358427,0.577317
2079647140,3,-0.489415,-0.547926,-0.356427,0.577242
2079647150,3,-0.489016,-0.549675,-0.354369,0.577184
2079647160,3,-0.488556,-0.551431,-0.352288,0.577172
2079647171,3,-0.488051,-0.553193,-0.350184,0.577194
2079647181,3,-0.487486,-0.55494,-0.348057,0.577281
2079647191,3,-0.486852,-0.556662,-0.345938,0.577432
2079647201,3,-0.486147,-0.55835,-0.343841,0.577648
2079647211,3,-0.485364,-0.559959,-0.34175,0.57799
2079647221,3,-0.484492,-0.561493,-0.339689,0.578449
2079647231,3,-0.483532,-0.562955,-0.337678,0.579008
2079647241,3,-0.482493,-0.564342,-0.335695,0.579677
2079647251,3,-0.481376,-0.565663,-0.333745,0.580444
2079647261,3,-0.480199,-0.566952,-0.331804,0.581274
2079647271,3,-0.478985,-0.568208,-0.329873,0.582147
2079647281,3,-0.477726,-0.569471,-0.327951,0.583033
2079647291,3,-0.47643,-0.570738,-0.326035,0.583928
2079647301,3,-0.475129,-0.572026,-0.324111,0.584798
2079647312,3,-0.473817,-0.573341,-0.322196,0.585632
2079647322,3,-0.472529,-0.574705,-0.320269,0.586393
2079647332,3,-0.471246,-0.576088,-0.318357,0.587109
2079647342,3,-0.469938,-0.577491,-0.316507,0.587779
2079647352,3,-0.468633,-0.578844,-0.314704,0.588457
2079647362,3,-0.467314,-0.580153,-0.312973,0.589141
2079647372,3,-0.465977,-0.581399,-0.31131,0.589851
2079647382,3,-0.464619,-0.582579,-0.309755,0.590577
2079647392,3,-0.463254,-0.583678,-0.308288,0.591331
2079647402,3,-0.461885,-0.584691,-0.306905,0.59212
2079647412,3,-0.46053,-0.585615,-0.305624,0.592924
2079647422,3,-0.459221,-0.586457,-0.30441,0.593732
2079647432,3,-0.457942,-0.587228,-0.303309,0.59452
2079647443,3,-0.456724,-0.587937,-0.302276,0.595282
2079647453,3,-0.455551,-0.588569,-0.30135,0.596026
2079647463,3,-0.45442,-0.589149,-0.30054,0.596724
2079647473,3,-0.453341,-0.589631,-0.299867,0.597407
2079647483,3,-0.452306,-0.590018,-0.299349,0.598069
2079647493,3,-0.451298,-0.590297,-0.298998,0.59873
2079647503,3,-0.450327,-0.590456,-0.298835,0.599386
2079647513,3,-0.449408,-0.590509,-0.298842,0.600019
2079647523,3,-0.448562,-0.590436,-0.299016,0.600637
2079647533,3,-0.447795,-0.590256,-0.299353,0.601218
2079647543,3,-0.447124,-0.589983,-0.299828,0.601749
2079647553,3,-0.446575,-0.589608,-0.300447,0.602215
2079647563,3,-0.446136,-0.589183,-0.301202,0.602579
2079647574,3,-0.445808,-0.588689,-0.302089,0.602861
2079647584,3,-0.445631,-0.588169,-0.303079,0.603003
2079647594,3,-0.445583,-0.587596,-0.304181,0.603041
2079647604,3,-0.445653,-0.587006,-0.305386,0.602954
2079647614,3,-0.445821,-0.586331,-0.306706,0.602818
2079647624,3,-0.446097,-0.585599,-0.308104,0.602612
2079647634,3,-0.446454,-0.584785,-0.309579,0.602383
2079647644,3,-0.446912,-0.583914,-0.311103,0.602102
2079647654,3,-0.447464,-0.582987,-0.312677,0.601775
2079647664,3,-0.448091,-0.582013,-0.314303,0.601405
2079647674,3,-0.448818,-0.581002,-0.315948,0.600978
2079647684,3,-0.449607,-0.579958,-0.317631,0.600509
2079647694,3,-0.450444,-0.578862,-0.319367,0.600018
2079647704,3,-0.45134,-0.577728,-0.32113,0.599496
2079647715,3,-0.452251,-0.576553,-0.322955,0.598961
2079647725,3,-0.453203,-0.57533,-0.324817,0.59841
2079647735,3,-0.45418,-0.57407,-0.326721,0.597843
2079647745,3,-0.455184,-0.57276,-0.328666,0.597269
2079647755,3,-0.456199,-0.571427,-0.330644,0.596679
2079647765,3,-0.457244,-0.570062,-0.33264,0.596076
2079647775,3,-0.458313,-0.568702,-0.334662,0.595422
2079647785,3,-0.45942,-0.56734,-0.336697,0.59472
2079647795,3,-0.460556,-0.565982,-0.338735,0.593977
2079647805,3,-0.461695,-0.564611,-0.340811,0.593209
2079647815,3,-0.462836,-0.563216,-0.34292,0.592431
2079647825,3,-0.463999,-0.561808,-0.345019,0.591639
2079647835,3,-0.465187,-0.560354,-0.347112,0.590861
2079647846,3,-0.466389,-0.558883,-0.349205,0.590072
2079647856,3,-0.467631,-0.55741,-0.351257,0.589264
2079647866,3,-0.468899,-0.555921,-0.353291,0.588447
2079647876,3,-0.470215,-0.554466,-0.355262,0.587581
2079647886,3,-0.471553,-0.553026,-0.357209,0.586686
2079647896,3,-0.472929,-0.551606,-0.359105,0.585756
2079647906,3,-0.474335,-0.550208,-0.360947,0.584802
2079647916,3,-0.475741,-0.548832,-0.362744,0.58384
2079647926,3,-0.477176,-0.547462,-0.36447,0.582879
2079647936,3,-0.478634,-0.546126,-0.366121,0.581902
2079647946,3,-0.480122,-0.544797,-0.367679,0.580939
2079647956,3,-0.481647,-0.543497,-0.369139,0.579968
2079647966,3,-0.48321,-0.54225,-0.370495,0.578969
2079647977,3,-0.484781,-0.541048,-0.371792,0.577947
2079647987,3,-0.486356,-0.539891,-0.373007,0.576922
2079647997,3,-0.487919,-0.538781,-0.374165,0.57589
2079648007,3,-0.489437,-0.537724,-0.375278,0.574864
2079648017,3,-0.490898,-0.536694,-0.376354,0.573877
2079648027,3,-0.492289,-0.535705,-0.377385,0.572931
2079648037,3,-0.493617,-0.53475,-0.378372,0.572029
2079648047,3,-0.494865,-0.533843,-0.379314,0.571173
2079648057,3,-0.496033,-0.533004,-0.380214,0.570345
2079648067,3,-0.497123,-0.532215,-0.381058,0.569569
2079648077,3,-0.498112,-0.531513,-0.381845,0.568832
2079648087,3,-0.499026,-0.530847,-0.382552,0.568179
2079648097,3,-0.499845,-0.530242,-0.383187,0.567595
2079648108,3,-0.50059,-0.529676,-0.383717,0.567109
2079648118,3,-0.501257,-0.52915,-0.384137,0.566727
2079648128,3,-0.501871,-0.528694,-0.384416,0.56642
2079648138,3,-0.502431,-0.528307,-0.384571,0.566178
2079648148,3,-0.502972,-0.528008,-0.384555,0.565988
2079648158,3,-0.503485,-0.527821,-0.384388,0.565819
2079648168,3,-0.503937,-0.527737,-0.384099,0.565692
2079648178,3,-0.504341,-0.527733,-0.38368,0.565619
2079648188,3,-0.504694,-0.527836,-0.383149,0.565569
2079648198,3,-0.504997,-0.52802,-0.382496,0.565568
2079648208,3,-0.505279,-0.528277,-0.381714,0.565605
2079648218,3,-0.505484,-0.528619,-0.380864,0.565676
2079648228,3,-0.505653,-0.529035,-0.379917,0.565772
2079648238,3,-0.5058,-0.529519,-0.378883,0.565882
2079648249,3,-0.505909,-0.530079,-0.377764,0.566008
2079648259,3,-0.505965,-0.530666,-0.37661,0.566177
2079648269,3,-0.505976,-0.531309,-0.375419,0.566355
2079648279,3,-0.505941,-0.531961,-0.374197,0.566583
2079648289,3,-0.505868,-0.532606,-0.372967,0.566853
2079648299,3,-0.505731,-0.53325,-0.371779,0.567151
2079648309,3,-0.505541,-0.533867,-0.37062,0.567498
2079648319,3,-0.505302,-0.53446,-0.369514,0.567873
2079648329,3,-0.505027,-0.534994,-0.368454,0.568304
2079648339,3,-0.504738,-0.535475,-0.367432,0.568768
2079648349,3,-0.50444,-0.535926,-0.366457,0.569237
2079648359,3,-0.50416,-0.536344,-0.365511,0.569699
2079648369,3,-0.503908,-0.536748,-0.3646,0.570125
2079648380,3,-0.503672,-0.537173,-0.363762,0.570469
2079648390,3,-0.503472,-0.537591,-0.362973,0.570754
2079648400,3,-0.503283,-0.537987,-0.362287,0.570984
2079648410,3,-0.503113,-0.53837,-0.361695,0.571148
2079648420,3,-0.502952,-0.538742,-0.361228,0.571235
2079648430,3,-0.502813,-0.539068,-0.360872,0.571274
2079648440,3,-0.502705,-0.539361,-0.360631,0.571245
2079648450,3,-0.502617,-0.539607,-0.36052,0.57116
2079648460,3,-0.502584,-0.539803,-0.360511,0.57101
2079648470,3,-0.502605,-0.539951,-0.360598,0.570796
2079648480,3,-0.502695,-0.540021,-0.360794,0.570527
2079648490,3,-0.502871,-0.540014,-0.361073,0.570202
2079648500,3,-0.503111,-0.539927,-0.361447,0.569836
2079648511,3,-0.503422,-0.539763,-0.361918,0.569417
2079648521,3,-0.503806,-0.53952,-0.362498,0.568938
2079648531,3,-0.504249,-0.539203,-0.363201,0.568398
2079648541,3,-0.50473,-0.538824,-0.364042,0.567792
2079648551,3,-0.505237,-0.538386,-0.365008,0.567136
2079648561,3,-0.505772,-0.537902,-0.36609,0.566421
2079648571,3,-0.506331,-0.537325,-0.367293,0.56569
2079648581,3,-0.506907,-0.536683,-0.368609,0.564926
2079648591,3,-0.507513,-0.53594,-0.370017,0.564166
2079648601,3,-0.508132,-0.535113,-0.371512,0.563412
2079648611,3,-0.508773,-0.534208,-0.373088,0.562651
2079648621,3,-0.50943,-0.533232,-0.374733,0.561887
2079648631,3,-0.510108,-0.532198,-0.376437,0.561114
2079648641,3,-0.510799,-0.531093,-0.378203,0.560344
2079648652,3,-0.511508,-0.529924,-0.380031,0.559567
2079648662,3,-0.512216,-0.528716,-0.381932,0.558767
2079648672,3,-0.512918,-0.527451,-0.383887,0.557978
2079648682,3,-0.513599,-0.526127,-0.3859,0.557213
2079648692,3,-0.514269,-0.524759,-0.387948,0.556462
2079648702,3,-0.514919,-0.523334,-0.390042,0.555739
2079648712,3,-0.515569,-0.521899,-0.392135,0.555013
2079648722,3,-0.516214,-0.520449,-0.394228,0.554291
2079648732,3,-0.516886,-0.519014,-0.396286,0.553542
2079648742,3,-0.517543,-0.51759,-0.398323,0.552799
2079648752,3,-0.518204,-0.516186,-0.400318,0.552051
2079648762,3,-0.518903,-0.514799,-0.402236,0.551295
2079648772,3,-0.519629,-0.513459,-0.404079,0.550512
2079648783,3,-0.520381,-0.51214,-0.40584,0.549734
2079648793,3,-0.521151,-0.510874,-0.407524,0.548936
2079648803,3,-0.521942,-0.509635,-0.409137,0.548136
2079648813,3,-0.522712,-0.508424,-0.410691,0.547364
2079648823,3,-0.523502,-0.507254,-0.412169,0.546584
2079648833,3,-0.524252,-0.506101,-0.413619,0.545838
2079648843,3,-0.524988,-0.504974,-0.415004,0.545122
2079648853,3,-0.525673,-0.50385,-0.416372,0.544459
2079648863,3,-0.526295,-0.502714,-0.417707,0.543885
2079648873,3,-0.526854,-0.501569,-0.419016,0.543394
2079648883,3,-0.527338,-0.500424,-0.420317,0.542975
2079648893,3,-0.527786,-0.499281,-0.421554,0.542633
2079648903,3,-0.528173,-0.498175,-0.422752,0.542341
2079648914,3,-0.528548,-0.49708,-0.423864,0.542112
2079648924,3,-0.528887,-0.496013,-0.424919,0.541933
2079648934,3,-0.529191,-0.494997,-0.425914,0.541784
2079648944,3,-0.52949,-0.494034,-0.426802,0.541672
2079648954,3,-0.529764,-0.493126,-0.427624,0.541583
2079648964,3,-0.530022,-0.492276,-0.428366,0.541518
2079648974,3,-0.530249,-0.491521,-0.429053,0.541438
2079648984,3,-0.530465,-0.490841,-0.429663,0.54136
2079648994,3,-0.530676,-0.490267,-0.430186,0.541258
2079649004,3,-0.530884,-0.489779,-0.430616,0.541153
2079649014,3,-0.531107,-0.489382,-0.43094,0.541035
2079649024,3,-0.53136,-0.489082,-0.431141,0.540898
2079649034,3,-0.531638,-0.488865,-0.431213,0.540763
2079649044,3,-0.531953,-0.488757,-0.431151,0.540601
2079649055,3,-0.532303,-0.488743,-0.430949,0.540431
2079649065,3,-0.532679,-0.488844,-0.430634,0.540219
2079649075,3,-0.533068,-0.489047,-0.430219,0.539982
2079649085,3,-0.533443,-0.489319,-0.429719,0.539764
2079649095,3,-0.533793,-0.48968,-0.429149,0.539544
2079649105,3,-0.534097,-0.490122,-0.428524,0.539339
2079649115,3,-0.534303,-0.490617,-0.427884,0.539192
2079649125,3,-0.534411,-0.491158,-0.427235,0.539108
2079649135,3,-0.534426,-0.491713,-0.426561,0.539121
2079649145,3,-0.534352,-0.492295,-0.425854,0.539222
2079649155,3,-0.534217,-0.492888,-0.425083,0.539422
2079649165,3,-0.534042,-0.493526,-0.424236,0.539679
2079649175,3,-0.533832,-0.494211,-0.423284,0.540007
2079649186,3,-0.533594,-0.494937,-0.422243,0.540392
2079649196,3,-0.533324,-0.495715,-0.421115,0.540825
2079649206,3,-0.533052,-0.496571,-0.419877,0.541271
2079649216,3,-0.53275,-0.497494,-0.418545,0.541753
2079649226,3,-0.532428,-0.498483,-0.417123,0.542257
2079649236,3,-0.532079,-0.499559,-0.415611,0.542769
2079649246,3,-0.531708,-0.500708,-0.41402,0.54329
2079649256,3,-0.531302,-0.501924,-0.412377,0.543814
2079649266,3,-0.530871,-0.503201,-0.410651,0.544361
2079649276,3,-0.530422,-0.504572,-0.408857,0.54488
2079649286,3,-0.529945,-0.506032,-0.407005,0.545376
2079649296,3,-0.529448,-0.507566,-0.405099,0.545852
2079649306,3,-0.528918,-0.50916,-0.403143,0.54633
2079649317,3,-0.528337,-0.51081,-0.401167,0.546805
2079649327,3,-0.527721,-0.5125,-0.399169,0.547281
2079649337,3,-0.527041,-0.514212,-0.39717,0.547784
2079649347,3,-0.526268,-0.515916,-0.395233,0.548326
2079649357,3,-0.525404,-0.517643,-0.393357,0.548876
2079649367,3,-0.524483,-0.519388,-0.391513,0.549426
2079649377,3,-0.523563,-0.521157,-0.389656,0.549948
2079649387,3,-0.522609,-0.522933,-0.387822,0.550467
2079649397,3,-0.521634,-0.524716,-0.386017,0.550963
2079649407,3,-0.520611,-0.526487,-0.38427,0.551462
2079649417,3,-0.51955,-0.528222,-0.38257,0.551985
2079649427,3,-0.518414,-0.529883,-0.380965,0.552571
2079649437,3,-0.517172,-0.531434,-0.379486,0.553263
2079649448,3,-0.515815,-0.532875,-0.378132,0.554071
2079649458,3,-0.514382,-0.534171,-0.376855,0.555023
2079649468,3,-0.51291,-0.535387,-0.375624,0.556047
2079649478,3,-0.511423,-0.536529,-0.374417,0.557129
2079649488,3,-0.50997,-0.537629,-0.373189,0.558223
2079649498,3,-0.50855,-0.538693,-0.371958,0.559313
2079649508,3,-0.507209,-0.539763,-0.37069,0.560341
2079649518,3,-0.505929,-0.540831,-0.369415,0.56131
2079649528,3,-0.504732,-0.541932,-0.368148,0.562157
2079649538,3,-0.503566,-0.54303,-0.366939,0.562933
2079649548,3,-0.502444,-0.544095,-0.365802,0.563646
2079649558,3,-0.501293,-0.545111,-0.364816,0.564329
2079649568,3,-0.50014,-0.54605,-0.363959,0.564997
2079649578,3,-0.498991,-0.546901,-0.36322,0.565665
2079649589,3,-0.497898,-0.547655,-0.362543,0.566332
2079649599,3,-0.496908,-0.548299,-0.361896,0.566992
2079649609,3,-0.496026,-0.548875,-0.361262,0.567611
2079649619,3,-0.495269,-0.54938,-0.360647,0.568175
2079649629,3,-0.494617,-0.549811,-0.360064,0.568695
2079649639,3,-0.494036,-0.550191,-0.359558,0.569152
2079649649,3,-0.493516,-0.550537,-0.359165,0.569517
2079649659,3,-0.493036,-0.550817,-0.358911,0.569822
2079649669,3,-0.492564,-0.551001,-0.358839,0.570098
2079649679,3,-0.492062,-0.551112,-0.358977,0.570337
2079649689,3,-0.49155,-0.551092,-0.359303,0.570593
2079649699,3,-0.491032,-0.55098,-0.359824,0.570818
2079649709,3,-0.490525,-0.550752,-0.360497,0.57105
2079649720,3,-0.490071,-0.550409,-0.361256,0.571291
2079649730,3,-0.48968,-0.549979,-0.362086,0.571515
2079649740,3,-0.489355,-0.549479,-0.362971,0.571713
2079649750,3,-0.489128,-0.548943,-0.363856,0.571858
2079649760,3,-0.488995,-0.548407,-0.364733,0.571928
2079649770,3,-0.488946,-0.547896,-0.365581,0.571918
2079649780,3,-0.489002,-0.5474,-0.36638,0.571834
2079649790,3,-0.489153,-0.546923,-0.367106,0.571696
2079649800,3,-0.489375,-0.546454,-0.367784,0.571517
2079649810,3,-0.489649,-0.546008,-0.368407,0.571309
2079649820,3,-0.489975,-0.545597,-0.368983,0.57105
2079649830,3,-0.490335,-0.545217,-0.369519,0.570757
2079649840,3,-0.490749,-0.544859,-0.369977,0.570446
2079649851,3,-0.491199,-0.544502,-0.370385,0.570135
2079649861,3,-0.491665,-0.544137,-0.370753,0.569843
2079649871,3,-0.492153,-0.543765,-0.371087,0.569559
2079649881,3,-0.492646,-0.543373,-0.371394,0.569307
2079649891,3,-0.493128,-0.542958,-0.371699,0.569087
2079649901,3,-0.49361,-0.542503,-0.371978,0.568921
2079649911,3,-0.49406,-0.542033,-0.372274,0.568784
2079649921,3,-0.494493,-0.541538,-0.372558,0.568694
2079649931,3,-0.494902,-0.541031,-0.372829,0.568643
2079649941,3,-0.495316,-0.540547,-0.373078,0.568579
2079649951,3,-0.495707,-0.540107,-0.37331,0.568504
2079649961,3,-0.496057,-0.539718,-0.373561,0.568404
2079649971,3,-0.496377,-0.539385,-0.373794,0.568287
2079649981,3,-0.496673,-0.539103,-0.374008,0.568154
2079649992,3,-0.496957,-0.538876,-0.374206,0.567992
2079650002,3,-0.497208,-0.538697,-0.374397,0.567816
2079650012,3,-0.49743,-0.538551,-0.374566,0.567648
2079650022,3,-0.497638,-0.53843,-0.374704,0.56749
2079650032,3,-0.49785,-0.538344,-0.374801,0.567321
2079650042,3,-0.498097,-0.538299,-0.374833,0.567126
2079650052,3,-0.498319,-0.53827,-0.37484,0.566953
2079650062,3,-0.498508,-0.53825,-0.374841,0.566807
2079650072,3,-0.49867,-0.538211,-0.374838,0.566702
2079650082,3,-0.498802,-0.538139,-0.374836,0.566656
2079650092,3,-0.498889,-0.538066,-0.374845,0.566643
2079650102,3,-0.498971,-0.537973,-0.374834,0.566667
2079650112,3,-0.499047,-0.537871,-0.374797,0.56672
2079650123,3,-0.499132,-0.537777,-0.374746,0.566768
2079650133,3,-0.499206,-0.537695,-0.374677,0.566827
2079650143,3,-0.499309,-0.537664,-0.374562,0.566842
2079650153,3,-0.499422,-0.537668,-0.374439,0.56682
2079650163,3,-0.499561,-0.537745,-0.374285,0.566725
2079650173,3,-0.499731,-0.537864,-0.374106,0.56658
2079650183,3,-0.499949,-0.538028,-0.373888,0.566378
2079650193,3,-0.500167,-0.538266,-0.373675,0.566099
2079650203,3,-0.500388,-0.538551,-0.373479,0.565762
2079650213,3,-0.500595,-0.538844,-0.373314,0.565408
2079650223,3,-0.500791,-0.539127,-0.373181,0.565052
2079650233,3,-0.500954,-0.539386,-0.373099,0.564714
2079650243,3,-0.501101,-0.539605,-0.373034,0.564418
2079650254,3,-0.501205,-0.539765,-0.373012,0.564187
2079650264,3,-0.501303,-0.539869,-0.37299,0.564016
2079650274,3,-0.501424,-0.53994,-0.372942,0.563871
2079650284,3,-0.501559,-0.539984,-0.372874,0.563754
2079650294,3,-0.501691,-0.539998,-0.372804,0.56367
2079650304,3,-0.501824,-0.539993,-0.372743,0.563596
2079650314,3,-0.501936,-0.539954,-0.372717,0.563552
2079650324,3,-0.502016,-0.539913,-0.372728,0.563512
2079650334,3,-0.502041,-0.539867,-0.372819,0.563474
2079650344,3,-0.502019,-0.539802,-0.372985,0.563445
2079650354,3,-0.501948,-0.539753,-0.373222,0.563399
2079650364,3,-0.501835,-0.539707,-0.373527,0.563341
2079650374,3,-0.501685,-0.539653,-0.373894,0.563284
2079650385,3,-0.501476,-0.539606,-0.374327,0.563227
2079650395,3,-0.501231,-0.539549,-0.37482,0.563172
2079650405,3,-0.500965,-0.539484,-0.375328,0.563132
2079650415,3,-0.500708,-0.539414,-0.375841,0.563085
2079650425,3,-0.500471,-0.539347,-0.37633,0.563034
2079650435,3,-0.500253,-0.539267,-0.376802,0.562989
2079650445,3,-0.500043,-0.539172,-0.37727,0.562953
2079650455,3,-0.49983,-0.53904,-0.377731,0.56296
2079650465,3,-0.49962,-0.538898,-0.378188,0.562975
2079650475,3,-0.499393,-0.538712,-0.378664,0.563035
2079650485,3,-0.499166,-0.538511,-0.379133,0.563112
2079650495,3,-0.498955,-0.538272,-0.379566,0.563236
2079650505,3,-0.498775,-0.537993,-0.379966,0.563392
2079650515,3,-0.49862,-0.537713,-0.380315,0.563561
2079650526,3,-0.498516,-0.537452,-0.380616,0.563699
2079650536,3,-0.498441,-0.537204,-0.380862,0.563836
2079650546,3,-0.498389,-0.536988,-0.381071,0.563946
2079650556,3,-0.498331,-0.536782,-0.381284,0.564049
2079650566,3,-0.498248,-0.536565,-0.381504,0.564181
2079650576,3,-0.498181,-0.536316,-0.381693,0.564349
2079650586,3,-0.498095,-0.536042,-0.381885,0.564556
2079650596,3,-0.49799,-0.535767,-0.382088,0.564771
2079650606,3,-0.497877,-0.535478,-0.382285,0.565012
2079650616,3,-0.497776,-0.535185,-0.382457,0.565262
2079650626,3,-0.497694,-0.534888,-0.382601,0.565518
2079650636,3,-0.497605,-0.534604,-0.382737,0.565772
2079650646,3,-0.497526,-0.534337,-0.38287,0.566004
2079650657,3,-0.497426,-0.534087,-0.383017,0.566229
2079650667,3,-0.497314,-0.533862,-0.383154,0.566446
2079650677,3,-0.497209,-0.533656,-0.383272,0.566652
2079650687,3,-0.497118,-0.533489,-0.383379,0.566818
2079650697,3,-0.497026,-0.533364,-0.383478,0.566948
2079650707,3,-0.496956,-0.533291,-0.383544,0.567034
2079650717,3,-0.496901,-0.533246,-0.383592,0.567092
2079650727,3,-0.496873,-0.533229,-0.383596,0.56713
2079650737,3,-0.496872,-0.533239,-0.38356,0.567147
2079650747,3,-0.496888,-0.533289,-0.38349,0.567132
2079650757,3,-0.496919,-0.533332,-0.383391,0.567132
2079650767,3,-0.496934,-0.533359,-0.383288,0.567162
2079650777,3,-0.496938,-0.533354,-0.383171,0.567243
2079650788,3,-0.496933,-0.533309,-0.383034,0.567382
2079650798,3,-0.496914,-0.53324,-0.382871,0.567573
2079650808,3,-0.496883,-0.53313,-0.382698,0.56782
2079650818,3,-0.496835,-0.533017,-0.382496,0.568105
2079650828,3,-0.496806,-0.532914,-0.382235,0.568403
2079650838,3,-0.496765,-0.53283,-0.381954,0.568705
2079650848,3,-0.496731,-0.532808,-0.381641,0.568965
2079650858,3,-0.496698,-0.532833,-0.381291,0.569205
2079650868,3,-0.496663,-0.532918,-0.380923,0.569403
2079650878,3,-0.49661,-0.533033,-0.380538,0.569599
2079650888,3,-0.496554,-0.533213,-0.380112,0.569764
2079650898,3,-0.496488,-0.533424,-0.379668,0.56992
2079650908,3,-0.496401,-0.533695,-0.379204,0.570051
2079650918,3,-0.496305,-0.533985,-0.378716,0.570186
2079650929,3,-0.496193,-0.53432,-0.378194,0.570317
2079650939,3,-0.496076,-0.534687,-0.377628,0.57045
2079650949,3,-0.495959,-0.535063,-0.377008,0.57061
2079650959,3,-0.495846,-0.535483,-0.376319,0.570768
2079650969,3,-0.495771,-0.535937,-0.375535,0.570924
2079650979,3,-0.495707,-0.536452,-0.374686,0.571054
2079650989,3,-0.495616,-0.537021,-0.373816,0.571168
2079650999,3,-0.495515,-0.537653,-0.372928,0.571242
2079651009,3,-0.4954,-0.53833,-0.372027,0.571292
2079651019,3,-0.495255,-0.53903,-0.371121,0.571346
2079651029,3,-0.495042,-0.539735,-0.370259,0.571424
2079651039,3,-0.494734,-0.540433,-0.369479,0.571536
2079651049,3,-0.494333,-0.541103,-0.368749,0.571721
2079651060,3,-0.493851,-0.54172,-0.368066,0.571993
2079651070,3,-0.493322,-0.542315,-0.367386,0.572323
2079651080,3,-0.492778,-0.542869,-0.366688,0.572714
2079651090,3,-0.49224,-0.543393,-0.365956,0.573148
2079651100,3,-0.491708,-0.543898,-0.365191,0.573613
2079651110,3,-0.491212,-0.544397,-0.364369,0.574088
2079651120,3,-0.490755,-0.544892,-0.363483,0.574571
2079651130,3,-0.490331,-0.545432,-0.362565,0.574999
2079651140,3,-0.48994,-0.546007,-0.361603,0.575392
2079651150,3,-0.489573,-0.546646,-0.360609,0.575722
2079651160,3,-0.489203,-0.547333,-0.359632,0.575995
2079651170,3,-0.488822,-0.548066,-0.358666,0.576224
2079651180,3,-0.488433,-0.548836,-0.357714,0.576413
2079651191,3,-0.488017,-0.549585,-0.356787,0.576626
2079651201,3,-0.487579,-0.550329,-0.355881,0.576846
2079651211,3,-0.487148,-0.551032,-0.354972,0.5771
2079651221,3,-0.486705,-0.551708,-0.35407,0.577381
2079651231,3,-0.486284,-0.552333,-0.353144,0.577705
2079651241,3,-0.485892,-0.552924,-0.352178,0.57806
2079651251,3,-0.485537,-0.553479,-0.351173,0.578437
2079651261,3,-0.485219,-0.554,-0.350123,0.578842
2079651271,3,-0.484933,-0.554505,-0.349042,0.579252
2079651281,3,-0.484683,-0.55501,-0.347949,0.579634
2079651291,3,-0.484459,-0.555533,-0.346846,0.579981
2079651301,3,-0.484212,-0.556084,-0.345796,0.580286
2079651311,3,-0.483961,-0.556627,-0.34478,0.58058
2079651321,3,-0.483661,-0.557175,-0.343859,0.58085
2079651332,3,-0.483317,-0.557683,-0.343021,0.581145
2079651342,3,-0.482908,-0.558158,-0.342286,0.581462
2079651352,3,-0.482455,-0.558554,-0.341626,0.581846
2079651362,3,-0.481955,-0.558913,-0.341045,0.582256
2079651372,3,-0.481461,-0.559217,-0.34049,0.582698
2079651382,3,-0.480959,-0.559489,-0.339986,0.583145
2079651392,3,-0.480489,-0.5597,-0.339478,0.583625
2079651402,3,-0.480065,-0.559889,-0.338941,0.584105
2079651412,3,-0.479679,-0.560058,-0.338395,0.584577
2079651422,3,-0.479347,-0.560244,-0.33783,0.584998
2079651432,3,-0.479054,-0.560444,-0.337267,0.585371
2079651442,3,-0.47877,-0.560656,-0.336731,0.585708
2079651452,3,-0.47847,-0.560894,-0.336249,0.586003
2079651463,3,-0.478146,-0.561136,-0.335822,0.58628
2079651473,3,-0.477797,-0.561399,-0.335455,0.586523
2079651483,3,-0.477423,-0.561669,-0.335147,0.586745
2079651493,3,-0.477048,-0.561947,-0.334876,0.586939
2079651503,3,-0.476655,-0.562226,-0.334649,0.58712
2079651513,3,-0.476285,-0.562491,-0.334407,0.587304
2079651523,3,-0.475881,-0.562737,-0.334209,0.587509
2079651533,3,-0.475465,-0.562971,-0.334025,0.587726
2079651543,3,-0.47499,-0.563188,-0.333885,0.587982
2079651553,3,-0.474463,-0.563358,-0.333785,0.588302
2079651563,3,-0.473876,-0.563518,-0.333709,0.588664
2079651573,3,-0.473223,-0.563659,-0.333677,0.589072
2079651583,3,-0.472541,-0.56383,-0.333641,0.589476
2079651594,3,-0.471835,-0.564023,-0.333575,0.589895
2079651604,3,-0.471095,-0.564263,-0.333497,0.5903
2079651614,3,-0.470341,-0.564532,-0.333383,0.590708
2079651624,3,-0.469566,-0.564841,-0.333243,0.591108
2079651634,3,-0.468783,-0.565185,-0.333061,0.591504
2079651644,3,-0.467979,-0.565571,-0.332838,0.591897
2079651654,3,-0.467173,-0.565986,-0.332553,0.592297
2079651664,3,-0.466376,-0.566433,-0.332194,0.592699
2079651674,3,-0.465621,-0.566912,-0.331735,0.593092
2079651684,3,-0.464889,-0.567423,-0.331202,0.593475
2079651694,3,-0.464177,-0.567978,-0.330586,0.593845
2079651704,3,-0.463494,-0.568562,-0.3299,0.5942
2079651714,3,-0.462787,-0.569194,-0.32917,0.594552
2079651725,3,-0.462067,-0.569856,-0.328381,0.594914
2079651735,3,-0.461304,-0.570564,-0.32754,0.595291
2079651745,3,-0.460489,-0.571331,-0.326666,0.595667
2079651755,3,-0.459635,-0.572148,-0.325716,0.596061
2079651765,3,-0.45876,-0.573011,-0.324675,0.596475
2079651775,3,-0.457846,-0.573949,-0.32357,0.596876
2079651785,3,-0.456881,-0.57493,-0.322374,0.597317
2079651795,3,-0.455879,-0.575969,-0.3211,0.597768
2079651805,3,-0.454833,-0.577072,-0.31974,0.59823
2079651815,3,-0.453749,-0.578224,-0.318285,0.598716
2079651825,3,-0.452621,-0.579438,-0.316723,0.599224
2079651835,3,-0.451439,-0.580708,-0.315062,0.599763
2079651845,3,-0.450196,-0.582068,-0.313305,0.600299
2079651855,3,-0.448856,-0.583554,-0.311486,0.600806
2079651866,3,-0.447443,-0.585155,-0.309589,0.601283
2079651876,3,-0.44594,-0.586863,-0.307633,0.601738
2079651886,3,-0.444348,-0.588582,-0.305628,0.602259
2079651896,3,-0.442572,-0.590319,-0.303686,0.602849
2079651906,3,-0.440647,-0.592094,-0.301806,0.603462
2079651916,3,-0.43854,-0.593872,-0.300029,0.604135
2079651926,3,-0.43633,-0.595666,-0.298287,0.604831
2079651936,3,-0.434014,-0.597488,-0.29659,0.605535
2079651946,3,-0.431642,-0.599323,-0.294934,0.606225
2079651956,3,-0.429201,-0.601169,-0.293336,0.606906
2079651966,3,-0.426712,-0.603004,-0.2918,0.60758
2079651976,3,-0.424198,-0.604805,-0.290328,0.608256
2079651986,3,-0.421631,-0.60655,-0.288962,0.608953
2079651997,3,-0.419016,-0.608221,-0.287682,0.609697
2079652007,3,-0.416386,-0.609808,-0.286456,0.61049
2079652017,3,-0.413747,-0.6113,-0.285254,0.611354
2079652027,3,-0.4111,-0.612714,-0.284081,0.61227
2079652037,3,-0.408437,-0.614047,-0.282922,0.613252
2079652047,3,-0.405793,-0.615361,-0.281703,0.614251
2079652057,3,-0.403135,-0.616681,-0.280426,0.615261
2079652067,3,-0.400518,-0.61806,-0.278976,0.616245
2079652077,3,-0.397913,-0.619532,-0.277352,0.617187
2079652087,3,-0.395366,-0.621122,-0.275452,0.618076
2079652097,3,-0.392884,-0.622826,-0.27324,0.618925
2079652107,3,-0.390457,-0.624607,-0.270713,0.619776
2079652117,3,-0.388032,-0.626522,-0.267929,0.620575
2079652128,3,-0.385574,-0.628567,-0.264955,0.621315
2079652138,3,-0.383101,-0.630697,-0.261833,0.62201
2079652148,3,-0.38067,-0.632847,-0.258526,0.622701
2079652158,3,-0.378298,-0.634963,-0.255087,0.623412
2079652168,3,-0.376086,-0.637028,-0.251463,0.624114
2079652178,3,-0.373972,-0.639022,-0.247796,0.624813
2079652188,3,-0.371981,-0.640909,-0.244148,0.625505
2079652198,3,-0.370161,-0.642662,-0.240513,0.626194
2079652208,3,-0.368542,-0.644211,-0.23689,0.626938
2079652218,3,-0.367099,-0.645564,-0.233348,0.62772
2079652228,3,-0.365779,-0.646697,-0.229947,0.628579
2079652238,3,-0.364585,-0.647619,-0.226719,0.629496
2079652248,3,-0.363485,-0.648369,-0.223686,0.630444
2079652258,3,-0.362529,-0.648979,-0.220776,0.631392
2079652269,3,-0.36171,-0.649522,-0.218002,0.632266
2079652279,3,-0.361059,-0.65003,-0.215302,0.633041
2079652289,3,-0.360608,-0.650571,-0.212575,0.633664
2079652299,3,-0.360343,-0.651172,-0.209802,0.634121
2079652309,3,-0.360229,-0.651901,-0.206976,0.634365
2079652319,3,-0.360261,-0.65273,-0.204112,0.634423
2079652329,3,-0.36034,-0.653632,-0.201286,0.634352
2079652339,3,-0.360404,-0.654519,-0.19856,0.63426
2079652349,3,-0.360378,-0.655374,-0.196002,0.634188
2079652359,3,-0.360267,-0.656154,-0.193585,0.634186
2079652369,3,-0.360041,-0.656883,-0.191319,0.634248
2079652379,3,-0.359742,-0.657543,-0.189155,0.634382
2079652389,3,-0.359285,-0.658121,-0.187125,0.634644
2079652400,3,-0.358698,-0.658596,-0.185159,0.635061
2079652410,3,-0.357989,-0.658967,-0.183183,0.635648
2079652420,3,-0.357133,-0.659222,-0.181184,0.636438
2079652430,3,-0.356054,-0.659293,-0.179145,0.637545
2079652440,3,-0.354774,-0.659197,-0.176957,0.638967
2079652450,3,-0.353292,-0.659001,-0.174545,0.640652
2079652460,3,-0.351598,-0.658813,-0.171824,0.64251
2079652470,3,-0.349725,-0.658768,-0.168768,0.644386
2079652480,3,-0.34764,-0.658972,-0.165407,0.646175
2079652490,3,-0.345353,-0.659486,-0.161784,0.647792
2079652500,3,-0.342858,-0.660366,-0.157962,0.649162
2079652510,3,-0.340141,-0.661586,-0.154057,0.650286
2079652520,3,-0.337208,-0.663151,-0.150162,0.651131
2079652531,3,-0.334065,-0.665017,-0.146332,0.651719
2079652541,3,-0.33073,-0.667165,-0.142594,0.652053
2079652551,3,-0.327278,-0.669587,-0.138969,0.652095
2079652561,3,-0.323718,-0.672257,-0.135527,0.65185
2079652571,3,-0.320048,-0.675109,-0.132317,0.651374
2079652581,3,-0.316276,-0.678048,-0.129388,0.650752
2079652591,3,-0.312486,-0.681032,-0.126708,0.649993
2079652601,3,-0.309083,-0.683942,-0.123869,0.649112
2079652611,3,-0.305667,-0.686856,-0.121413,0.648115
2079652621,3,-0.302247,-0.689818,-0.119379,0.646951
2079652631,3,-0.29888,-0.69292,-0.117796,0.645489
2079652641,3,-0.295578,-0.696196,-0.116728,0.643676
2079652651,3,-0.292328,-0.699601,-0.1163,0.641542
2079652662,3,-0.289082,-0.702938,-0.116688,0.63929
2079652672,3,-0.285845,-0.706014,-0.117917,0.637127
2079652682,3,-0.282664,-0.708614,-0.119935,0.63528
2079652692,3,-0.27956,-0.710585,-0.122642,0.633934
2079652702,3,-0.276545,-0.711859,-0.125921,0.633183
2079652712,3,-0.27367,-0.712406,-0.129666,0.633062
2079652722,3,-0.270877,-0.712752,-0.133939,0.632984
2079652732,3,-0.26825,-0.712427,-0.138499,0.633487
2079652742,3,-0.265799,-0.711423,-0.143294,0.634581
2079652752,3,-0.263662,-0.709733,-0.148118,0.636255
2079652762,3,-0.261761,-0.707819,-0.153051,0.638002
2079652772,3,-0.260114,-0.705799,-0.1581,0.63968
2079652782,3,-0.258707,-0.703758,-0.163244,0.641207
2079652792,3,-0.257516,-0.701717,-0.16848,0.642566
2079652803,3,-0.256516,-0.69969,-0.17384,0.643748
2079652813,3,-0.255654,-0.697655,-0.179333,0.644792
2079652823,3,-0.254859,-0.695588,-0.184999,0.645738
2079652833,3,-0.254043,-0.693426,-0.190878,0.646674
2079652843,3,-0.253097,-0.691067,-0.197049,0.647717
2079652853,3,-0.253174,-0.688764,-0.202205,0.648551
2079652863,3,-0.253041,-0.686203,-0.207608,0.649609
2079652873,3,-0.252581,-0.68323,-0.213283,0.651083
2079652883,3,-0.251851,-0.679811,-0.219132,0.652999
2079652893,3,-0.250872,-0.675909,-0.225112,0.655388
2079652903,3,-0.249673,-0.671635,-0.231207,0.658112
2079652913,3,-0.248277,-0.667078,-0.237397,0.661065
2079652923,3,-0.246758,-0.662292,-0.243641,0.664167
2079652934,3,-0.245207,-0.657361,-0.249872,0.667318
2079652944,3,-0.243748,-0.652375,-0.256004,0.670413
2079652954,3,-0.241184,-0.647335,-0.263244,0.673415
2079652964,3,-0.238865,-0.642485,-0.270307,0.676084
2079652974,3,-0.236836,-0.637927,-0.277202,0.678318
2079652984,3,-0.235167,-0.633745,-0.283906,0.680043
2079652994,3,-0.233903,-0.630025,-0.290399,0.681194
2079653004,3,-0.233102,-0.626814,-0.296669,0.681728
2079653014,3,-0.232792,-0.624168,-0.302689,0.681616
2079653024,3,-0.232996,-0.622115,-0.308447,0.680841
2079653034,3,-0.23372,-0.62065,-0.313927,0.679424
2079653044,3,-0.234962,-0.619734,-0.319097,0.67742
2079653054,3,-0.236696,-0.619269,-0.323951,0.674933
2079653065,3,-0.238889,-0.619162,-0.328468,0.672069
2079653075,3,-0.241476,-0.619294,-0.332629,0.66897
2079653085,3,-0.24441,-0.619553,-0.33643,0.665755
2079653095,3,-0.247676,-0.619889,-0.339824,0.662504
2079653105,3,-0.251244,-0.620254,-0.342793,0.659282
2079653115,3,-0.255101,-0.620616,-0.345303,0.656143
2079653125,3,-0.259217,-0.620979,-0.347362,0.653092
2079653135,3,-0.26357,-0.621321,-0.348989,0.650151
2079653145,3,-0.269847,-0.622156,-0.348581,0.646988
2079653155,3,-0.27625,-0.622916,-0.34779,0.643973
2079653165,3,-0.282714,-0.623572,-0.346662,0.641135
2079653175,3,-0.289203,-0.624109,-0.345203,0.6385
2079653185,3,-0.293921,-0.623995,-0.345135,0.636491
2079653195,3,-0.298574,-0.623704,-0.344815,0.634781
2079653206,3,-0.303125,-0.623227,-0.344261,0.633393
2079653216,3,-0.307558,-0.622553,-0.343486,0.632338
2079653226,3,-0.311862,-0.621677,-0.342489,0.631633
2079653236,3,-0.31604,-0.620595,-0.341276,0.631276
2079653246,3,-0.320089,-0.619327,-0.339825,0.631264
2079653256,3,-0.324043,-0.617883,-0.33816,0.631555
2079653266,3,-0.327889,-0.616303,-0.336295,0.63211
2079653276,3,-0.331604,-0.61458,-0.334274,0.632921
2079653286,3,-0.335129,-0.612657,-0.332158,0.634042
2079653296,3,-0.338392,-0.610493,-0.330029,0.635506
2079653306,3,-0.341383,-0.608098,-0.327927,0.637288
2079653316,3,-0.344188,-0.60553,-0.325799,0.639313
2079653326,3,-0.346938,-0.602893,-0.323561,0.641452
2079653337,3,-0.349743,-0.600308,-0.321129,0.643571
2079653347,3,-0.35346,-0.597892,-0.317682,0.645498
2079653357,3,-0.357221,-0.595656,-0.31407,0.64726
2079653367,3,-0.361068,-0.593681,-0.310273,0.64877
2079653377,3,-0.364848,-0.592276,-0.306443,0.649758
2079653387,3,-0.368946,-0.591276,-0.302184,0.65035
2079653397,3,-0.373348,-0.590685,-0.297493,0.650537
2079653407,3,-0.377998,-0.590495,-0.292409,0.65033
2079653417,3,-0.382843,-0.590666,-0.286974,0.649761
2079653427,3,-0.387793,-0.591145,-0.28128,0.648878
2079653437,3,-0.392925,-0.591991,-0.275243,0.647609
2079653447,3,-0.397981,-0.593083,-0.269098,0.646103
2079653457,3,-0.402897,-0.594348,-0.262943,0.644425
2079653468,3,-0.407608,-0.595738,-0.256842,0.642637
2079653478,3,-0.412017,-0.596982,-0.250865,0.64103
2079653488,3,-0.416214,-0.59829,-0.244996,0.639367
2079653498,3,-0.420214,-0.59964,-0.239259,0.637657
2079653508,3,-0.423996,-0.601038,-0.233687,0.635901
2079653518,3,-0.427559,-0.602452,-0.228314,0.634126
2079653528,3,-0.43088,-0.603853,-0.223198,0.632364
2079653538,3,-0.433943,-0.605223,-0.218371,0.630643
2079653548,3,-0.436724,-0.606537,-0.21386,0.629005
2079653558,3,-0.439218,-0.607792,-0.209676,0.627463
2079653568,3,-0.441477,-0.609015,-0.205777,0.625982
2079653578,3,-0.443535,-0.610245,-0.202104,0.624523
2079653588,3,-0.44543,-0.611542,-0.198615,0.623024
2079653599,3,-0.44719,-0.612915,-0.195275,0.621467
2079653609,3,-0.448794,-0.614362,-0.192095,0.619871
2079653619,3,-0.450243,-0.615846,-0.189104,0.618266
2079653629,3,-0.451496,-0.617323,-0.186339,0.616717
2079653639,3,-0.452528,-0.618709,-0.183857,0.615315
2079653649,3,-0.453276,-0.619951,-0.181733,0.614144
2079653659,3,-0.453711,-0.620969,-0.180027,0.613297
2079653669,3,-0.453823,-0.621725,-0.178808,0.612804
2079653679,3,-0.453587,-0.622205,-0.178064,0.612708
2079653689,3,-0.453034,-0.62241,-0.1778,0.612985
2079653699,3,-0.4522,-0.622389,-0.177973,0.613572
2079653709,3,-0.451154,-0.622215,-0.178497,0.614367
2079653719,3,-0.449974,-0.621963,-0.179292,0.615254
2079653729,3,-0.448726,-0.62173,-0.180243,0.616123
2079653740,3,-0.447487,-0.621603,-0.181261,0.616853
2079653750,3,-0.446336,-0.62164,-0.182251,0.617358
2079653760,3,-0.44532,-0.621881,-0.183155,0.617582
2079653770,3,-0.444462,-0.622343,-0.183959,0.617495
2079653780,3,-0.442488,-0.622815,-0.186047,0.61781
2079653790,3,-0.440779,-0.623517,-0.187987,0.617737
2079653800,3,-0.439262,-0.624407,-0.189895,0.617335
2079653810,3,-0.437898,-0.625399,-0.191832,0.616701
2079653820,3,-0.4376,-0.626358,-0.19272,0.615661
2079653830,3,-0.437407,-0.627245,-0.193608,0.614616
2079653840,3,-0.437325,-0.628005,-0.194478,0.613623
2079653850,3,-0.437325,-0.628572,-0.195367,0.612759
2079653860,3,-0.437388,-0.6289,-0.196328,0.61207
2079653871,3,-0.437458,-0.628967,-0.197413,0.611603
2079653881,3,-0.437507,-0.628749,-0.198665,0.611386
2079653891,3,-0.437494,-0.628253,-0.20012,0.61143
2079653901,3,-0.437365,-0.627486,-0.20185,0.611742
2079653911,3,-0.437071,-0.626425,-0.203915,0.612354
2079653921,3,-0.436561,-0.625114,-0.206352,0.61324
2079653931,3,-0.435838,-0.623611,-0.209123,0.614346
2079653941,3,-0.434931,-0.621988,-0.212171,0.615586
2079653951,3,-0.433874,-0.620327,-0.215426,0.616877
2079653961,3,-0.432693,-0.618664,-0.218799,0.618188
2079653971,3,-0.431403,-0.617015,-0.222255,0.619504
2079653981,3,-0.430018,-0.615361,-0.225781,0.620835
2079653991,3,-0.428029,-0.61383,-0.229968,0.622187
2079654002,3,-0.426003,-0.612278,-0.234161,0.623541
2079654012,3,-0.423953,-0.61066,-0.238345,0.624939
2079654022,3,-0.421899,-0.608998,-0.242505,0.626348
2079654032,3,-0.419871,-0.607366,-0.246638,0.627681
2079654042,3,-0.4179,-0.605841,-0.25073,0.628847
2079654052,3,-0.415995,-0.604489,-0.254803,0.629773
2079654062,3,-0.414189,-0.60345,-0.258906,0.630286
2079654072,3,-0.412462,-0.60273,-0.263125,0.630361
2079654082,3,-0.410752,-0.602249,-0.267562,0.63007
2079654092,3,-0.408979,-0.601896,-0.272311,0.629526
2079654102,3,-0.407072,-0.601523,-0.277448,0.628875
2079654112,3,-0.40496,-0.600942,-0.283038,0.628303
2079654122,3,-0.40155,-0.5993,-0.290047,0.628863
2079654132,3,-0.397853,-0.597255,-0.297541,0.629656
2079654143,3,-0.393863,-0.594827,-0.305551,0.630626
2079654153,3,-0.389647,-0.59207,-0.313985,0.631696
2079654163,3,-0.386579,-0.589494,-0.321479,0.632221
2079654173,3,-0.383321,-0.5867,-0.329234,0.632812
2079654183,3,-0.379899,-0.58374,-0.337137,0.633452
2079654193,3,-0.3764,-0.580594,-0.345053,0.634169
2079654203,3,-0.372905,-0.577272,-0.352868,0.634966
2079654213,3,-0.368193,-0.572985,-0.361638,0.636661
2079654223,3,-0.363569,-0.568443,-0.370174,0.638483
2079654233,3,-0.359113,-0.563712,-0.378389,0.64038
2079654243,3,-0.354953,-0.558867,-0.386183,0.64229
2079654253,3,-0.35117,-0.554028,-0.393489,0.644125
2079654263,3,-0.347853,-0.549271,-0.400277,0.645814
2079654274,3,-0.345083,-0.544703,-0.406525,0.647265
2079654284,3,-0.342897,-0.540387,-0.41225,0.648422
2079654294,3,-0.341345,-0.536386,-0.41746,0.649229
2079654304,3,-0.340422,-0.532729,-0.422157,0.649688
2079654314,3,-0.340125,-0.529431,-0.426374,0.649785
2079654324,3,-0.340416,-0.526509,-0.430172,0.649504
2079654334,3,-0.341222,-0.523967,-0.433609,0.648851
2079654344,3,-0.342506,-0.521805,-0.436722,0.647828
2079654354,3,-0.34422,-0.52001,-0.439515,0.646473
2079654364,3,-0.346363,-0.518571,-0.441993,0.644792
2079654374,3,-0.348924,-0.517471,-0.444145,0.642813
2079654384,3,-0.353757,-0.517317,-0.444457,0.640075
2079654394,3,-0.358935,-0.517458,-0.444445,0.637079
2079654405,3,-0.364421,-0.517906,-0.444113,0.633824
2079654415,3,-0.37015,-0.518621,-0.44348,0.630353
2079654425,3,-0.376122,-0.519599,-0.442492,0.626696
2079654435,3,-0.38233,-0.520857,-0.441133,0.622842
2079654445,3,-0.388689,-0.522373,-0.439409,0.618842
2079654455,3,-0.395156,-0.524117,-0.437319,0.614738
2079654465,3,-0.401659,-0.525999,-0.434883,0.610631
2079654475,3,-0.406466,-0.527442,-0.433599,0.607107
2079654485,3,-0.411142,-0.528864,-0.432077,0.603799
2079654495,3,-0.415588,-0.530176,-0.430415,0.600783
2079654505,3,-0.419704,-0.5313,-0.428679,0.598164
2079654515,3,-0.423427,-0.532166,-0.426933,0.596016
2079654525,3,-0.426734,-0.532744,-0.425228,0.594358
2079654535,3,-0.429689,-0.533033,-0.423527,0.593183
2079654546,3,-0.432349,-0.533074,-0.421803,0.592441
2079654556,3,-0.434848,-0.532907,-0.419968,0.592066
2079654566,3,-0.437309,-0.532622,-0.417952,0.591937
2079654576,3,-0.439842,-0.532302,-0.41568,0.591947
2079654586,3,-0.443301,-0.532177,-0.412393,0.591778
2079654596,3,-0.446775,-0.532067,-0.408932,0.591667
2079654606,3,-0.450288,-0.532013,-0.405301,0.591551
2079654616,3,-0.453749,-0.532276,-0.40162,0.591179
2079654626,3,-0.45755,-0.532851,-0.39748,0.59053
2079654636,3,-0.461694,-0.533755,-0.392895,0.589555
2079654646,3,-0.466132,-0.535025,-0.387896,0.588222
2079654656,3,-0.47083,-0.536637,-0.38251,0.586536
2079654666,3,-0.475686,-0.538591,-0.376811,0.584512
2079654677,3,-0.4806,-0.540867,-0.370873,0.582183
2079654687,3,-0.485501,-0.543434,-0.364778,0.579571
2079654697,3,-0.490306,-0.546251,-0.358631,0.576707
2079654707,3,-0.494911,-0.549283,-0.352538,0.573643
2079654717,3,-0.499213,-0.552469,-0.346632,0.570446
2079654727,3,-0.503136,-0.555748,-0.341035,0.567178
2079654737,3,-0.507027,-0.558791,-0.335302,0.564134
2079654747,3,-0.510362,-0.561833,-0.330098,0.561166
2079654757,3,-0.513084,-0.564813,-0.325508,0.558366
2079654767,3,-0.515148,-0.567708,-0.321592,0.555794
2079654777,3,-0.516558,-0.570505,-0.31836,0.553478
2079654787,3,-0.517421,-0.573211,-0.315706,0.551391
2079654797,3,-0.517829,-0.575874,-0.313523,0.549475
2079654808,3,-0.51837,-0.578983,-0.311261,0.546978
2079654818,3,-0.51881,-0.582062,-0.309068,0.544532
2079654828,3,-0.519209,-0.585097,-0.306871,0.542136
2079654838,3,-0.519604,-0.588078,-0.30463,0.539791
2079654848,3,-0.519998,-0.590982,-0.302331,0.537528
2079654858,3,-0.520386,-0.593765,-0.300001,0.535387
2079654868,3,-0.520759,-0.596385,-0.297666,0.533412
2079654878,3,-0.521106,-0.598813,-0.295364,0.531629
2079654888,3,-0.521422,-0.601002,-0.293139,0.530079
2079654898,3,-0.521679,-0.602886,-0.29103,0.528847
2079654908,3,-0.521869,-0.60438,-0.289093,0.528016
2079654918,3,-0.521972,-0.605425,-0.287373,0.527656
2079654928,3,-0.522035,-0.606005,-0.285827,0.527768
2079654939,3,-0.522134,-0.606158,-0.284369,0.528281
2079654949,3,-0.522335,-0.60594,-0.282926,0.529108
2079654959,3,-0.52271,-0.605416,-0.2814,0.530149
2079654969,3,-0.523329,-0.60465,-0.279728,0.531296
2079654979,3,-0.524206,-0.603708,-0.27788,0.532472
2079654989,3,-0.525322,-0.60262,-0.275888,0.533639
2079654999,3,-0.525373,-0.60098,-0.275302,0.535737
2079655009,3,-0.525676,-0.599258,-0.274552,0.537749
2079655019,3,-0.526106,-0.597446,-0.273811,0.539719
2079655029,3,-0.526491,-0.595493,-0.273307,0.541753
2079655039,3,-0.526742,-0.593331,-0.273168,0.543948
2079655049,3,-0.526811,-0.591013,-0.273443,0.54626
2079655059,3,-0.526764,-0.588571,-0.274043,0.548636
2079655069,3,-0.527691,-0.586419,-0.273708,0.550215
2079655080,3,-0.528625,-0.584317,-0.273561,0.551627
2079655090,3,-0.529533,-0.582282,-0.273668,0.552853
2079655100,3,-0.530339,-0.580316,-0.274133,0.553916
2079655110,3,-0.530957,-0.578381,-0.275061,0.554887
2079655120,3,-0.531296,-0.576402,-0.276577,0.555867
2079655130,3,-0.531277,-0.574326,-0.27876,0.556943
2079655140,3,-0.530889,-0.572114,-0.281593,0.558164
2079655150,3,-0.530173,-0.569779,-0.284975,0.559514
2079655160,3,-0.529219,-0.567335,-0.288763,0.560956
2079655170,3,-0.528109,-0.564826,-0.292771,0.562455
2079655180,3,-0.526885,-0.562268,-0.296881,0.564009
2079655190,3,-0.525604,-0.559677,-0.300972,0.565611
2079655200,3,-0.523339,-0.557167,-0.306114,0.567427
2079655211,3,-0.521068,-0.554639,-0.311133,0.569261
2079655221,3,-0.518783,-0.552061,-0.315979,0.571181
2079655231,3,-0.516506,-0.549418,-0.320611,0.573209
2079655241,3,-0.514264,-0.546753,-0.324991,0.575302
2079655251,3,-0.512086,-0.544158,-0.329099,0.577367
2079655261,3,-0.510747,-0.541897,-0.332176,0.578915
2079655271,3,-0.509401,-0.539905,-0.335146,0.580249
2079655281,3,-0.508022,-0.538162,-0.338072,0.581378
2079655291,3,-0.506558,-0.53663,-0.341028,0.582344
2079655301,3,-0.504944,-0.535235,-0.344127,0.583207
2079655311,3,-0.50311,-0.533911,-0.347456,0.584031
2079655321,3,-0.50099,-0.53257,-0.351117,0.584888
2079655331,3,-0.498545,-0.531158,-0.355164,0.585816
2079655342,3,-0.496404,-0.530115,-0.35905,0.58621
2079655352,3,-0.493947,-0.528928,-0.36332,0.586727
2079655362,3,-0.491147,-0.527571,-0.367989,0.587389
2079655372,3,-0.488003,-0.526053,-0.373072,0.588164
2079655382,3,-0.484571,-0.524451,-0.378509,0.588958
2079655392,3,-0.480897,-0.522824,-0.384237,0.589706
2079655402,3,-0.47702,-0.521259,-0.390217,0.590313
2079655412,3,-0.472987,-0.519794,-0.396388,0.590739
2079655422,3,-0.468093,-0.518415,-0.403416,0.59109
2079655432,3,-0.463247,-0.517181,-0.41037,0.591203
2079655442,3,-0.458557,-0.516095,-0.417183,0.59104
2079655452,3,-0.454089,-0.515188,-0.423757,0.590603
2079655462,3,-0.449888,-0.514499,-0.430054,0.589867
2079655472,3,-0.446007,-0.514044,-0.436028,0.588824
2079655483,3,-0.442484,-0.513849,-0.441675,0.587443
2079655493,3,-0.439332,-0.513932,-0.446991,0.585712
2079655503,3,-0.436552,-0.514275,-0.451998,0.583642
2079655513,3,-0.434146,-0.514876,-0.456684,0.581255
2079655523,3,-0.432142,-0.515697,-0.461016,0.578595
2079655533,3,-0.430566,-0.516695,-0.464947,0.575727
2079655543,3,-0.429441,-0.517801,-0.468452,0.572724
2079655553,3,-0.428769,-0.518956,-0.47149,0.569681
2079655563,3,-0.428545,-0.520101,-0.474028,0.566692
2079655573,3,-0.428738,-0.521167,-0.476086,0.563834
2079655583,3,-0.42933,-0.522115,-0.477655,0.561174
2079655593,3,-0.430298,-0.52291,-0.478716,0.558782
2079655603,3,-0.431626,-0.523554,-0.479272,0.556675
2079655614,3,-0.433278,-0.524039,-0.479342,0.554872
2079655624,3,-0.435234,-0.524414,-0.478924,0.553347
2079655634,3,-0.438529,-0.524924,-0.477059,0.551869
2079655644,3,-0.442114,-0.525314,-0.474719,0.550655
2079655654,3,-0.445958,-0.525627,-0.471908,0.549671
2079655664,3,-0.449975,-0.525913,-0.468698,0.548871
2079655674,3,-0.454038,-0.526178,-0.465194,0.548251
2079655684,3,-0.456555,-0.526439,-0.462938,0.547819
2079655694,3,-0.458842,-0.526689,-0.460665,0.547584
2079655704,3,-0.460819,-0.526932,-0.458448,0.547552
2079655714,3,-0.462421,-0.527148,-0.456347,0.547747
2079655724,3,-0.463576,-0.527319,-0.454442,0.548191
2079655734,3,-0.464229,-0.527426,-0.452779,0.548911
2079655745,3,-0.464406,-0.527463,-0.451344,0.549905
2079655755,3,-0.464174,-0.527445,-0.450095,0.551142
2079655765,3,-0.463636,-0.5274,-0.448917,0.552596
2079655775,3,-0.462945,-0.527392,-0.447682,0.554183
2079655785,3,-0.462259,-0.527476,-0.446265,0.555816
2079655795,3,-0.461684,-0.527715,-0.444554,0.557435
2079655805,3,-0.461297,-0.528113,-0.442481,0.559026
2079655815,3,-0.461741,-0.528482,-0.439411,0.56073
2079655825,3,-0.462313,-0.528997,-0.436039,0.562403
2079655835,3,-0.463066,-0.529642,-0.432316,0.564049
2079655845,3,-0.46403,-0.530411,-0.428212,0.565662
2079655855,3,-0.46551,-0.531618,-0.423442,0.566902
2079655865,3,-0.467502,-0.533064,-0.417982,0.567956
2079655876,3,-0.470001,-0.534782,-0.411833,0.568771
2079655886,3,-0.472968,-0.536775,-0.405032,0.569316
2079655896,3,-0.476359,-0.539061,-0.397609,0.569562
2079655906,3,-0.480117,-0.541647,-0.389616,0.569476
2079655916,3,-0.48414,-0.544551,-0.381129,0.569045
2079655926,3,-0.488295,-0.547741,-0.372291,0.568283
2079655936,3,-0.49245,-0.55119,-0.363261,0.567206
2079655946,3,-0.496455,-0.554861,-0.354211,0.565857
2079655956,3,-0.500174,-0.558677,-0.345326,0.564317
2079655966,3,-0.503498,-0.562566,-0.336772,0.562665
2079655976,3,-0.506821,-0.56619,-0.328097,0.561171
2079655986,3,-0.509553,-0.569784,-0.32007,0.559693
2079655996,3,-0.511615,-0.573303,-0.312824,0.558313
2079656006,3,-0.512955,-0.576683,-0.306432,0.557145
2079656017,3,-0.513657,-0.580113,-0.300877,0.555964
2079656027,3,-0.514028,-0.583445,-0.295758,0.55488
2079656037,3,-0.514152,-0.586731,-0.290972,0.55383
2079656047,3,-0.514082,-0.589998,-0.286452,0.552781
2079656057,3,-0.513852,-0.593235,-0.282162,0.551735
2079656067,3,-0.51347,-0.596424,-0.278057,0.550736
2079656077,3,-0.512947,-0.5995,-0.274122,0.549855
2079656087,3,-0.512301,-0.602379,-0.270325,0.54919
2079656097,3,-0.511524,-0.604968,-0.266677,0.548851
2079656107,3,-0.510569,-0.607184,-0.263215,0.548966
2079656117,3,-0.509426,-0.608937,-0.25996,0.549636
2079656127,3,-0.50811,-0.610203,-0.256881,0.550896
2079656137,3,-0.506675,-0.611014,-0.253943,0.552678
2079656148,3,-0.50521,-0.611445,-0.251042,0.554864
2079656158,3,-0.503785,-0.611629,-0.248087,0.55728
2079656168,3,-0.502486,-0.611685,-0.245015,0.559745
2079656178,3,-0.501397,-0.611749,-0.24177,0.562058
2079656188,3,-0.500567,-0.611957,-0.238287,0.564056
2079656198,3,-0.500061,-0.612404,-0.234521,0.565596
2079656208,3,-0.498064,-0.612422,-0.232395,0.56821
2079656218,3,-0.496507,-0.612874,-0.229822,0.570128
2079656228,3,-0.495297,-0.613775,-0.226951,0.57136
2079656238,3,-0.495673,-0.615481,-0.222462,0.570965
2079656248,3,-0.496108,-0.617298,-0.21801,0.570341
2079656258,3,-0.496579,-0.619113,-0.213637,0.569619
2079656268,3,-0.497072,-0.620817,-0.20939,0.568912
2079656279,3,-0.497568,-0.622333,-0.205327,0.568301
2079656289,3,-0.498052,-0.623596,-0.201515,0.567857
2079656299,3,-0.498516,-0.624576,-0.197981,0.567616
2079656309,3,-0.498945,-0.625242,-0.194736,0.567629
2079656319,3,-0.499285,-0.625572,-0.191816,0.56796
2079656329,3,-0.499472,-0.625521,-0.189328,0.568686
2079656339,3,-0.499388,-0.625058,-0.187399,0.569907
2079656349,3,-0.498973,-0.62419,-0.186111,0.571641
2079656359,3,-0.4982,-0.62296,-0.18546,0.573864
2079656369,3,-0.497059,-0.621456,-0.18539,0.576501
2079656379,3,-0.495592,-0.619737,-0.185801,0.579474
2079656389,3,-0.49383,-0.617832,-0.186623,0.58274
2079656399,3,-0.491824,-0.615771,-0.18777,0.586238
2079656409,3,-0.489629,-0.613561,-0.189179,0.589929
2079656420,3,-0.485931,-0.611489,-0.192523,0.594042
2079656430,3,-0.482106,-0.609337,-0.196011,0.598214
2079656440,3,-0.478195,-0.60712,-0.199553,0.602421
2079656450,3,-0.474284,-0.604935,-0.203052,0.606528
2079656460,3,-0.470426,-0.602929,-0.206459,0.610368
2079656470,3,-0.467986,-0.601665,-0.208437,0.612814
2079656480,3,-0.465598,-0.600893,-0.210473,0.61469
2079656490,3,-0.463253,-0.600617,-0.212602,0.615999
2079656500,3,-0.460898,-0.600772,-0.214891,0.616819
2079656510,3,-0.458497,-0.601238,-0.217456,0.617256
2079656520,3,-0.45597,-0.601854,-0.220408,0.61748
2079656530,3,-0.453256,-0.602445,-0.223858,0.61766
2079656540,3,-0.45026,-0.602874,-0.227913,0.617951
2079656551,3,-0.447234,-0.60367,-0.232549,0.617644
2079656561,3,-0.443961,-0.604143,-0.237796,0.617544
2079656571,3,-0.440361,-0.604114,-0.243678,0.617857
2079656581,3,-0.436415,-0.603551,-0.250169,0.618613
2079656591,3,-0.432107,-0.602453,-0.257242,0.619805
2079656601,3,-0.427443,-0.600868,-0.264838,0.621377
2079656611,3,-0.422435,-0.598892,-0.272901,0.623217
2079656621,3,-0.417153,-0.596646,-0.281337,0.625175
2079656631,3,-0.411636,-0.594193,-0.290063,0.627178
2079656641,3,-0.40597,-0.591643,-0.298984,0.62909
2079656651,3,-0.399526,-0.588879,-0.308682,0.631122
2079656661,3,-0.39309,-0.586099,-0.318335,0.632953
2079656671,3,-0.386785,-0.583345,-0.327823,0.634536
2079656682,3,-0.38068,-0.580665,-0.337042,0.635855
2079656692,3,-0.37486,-0.578102,-0.345904,0.636889
2079656702,3,-0.369408,-0.575703,-0.354319,0.637621
2079656712,3,-0.364415,-0.573516,-0.362213,0.638029
2079656722,3,-0.359942,-0.571612,-0.369542,0.638074
2079656732,3,-0.356047,-0.570032,-0.376266,0.637743
2079656742,3,-0.352756,-0.568818,-0.382397,0.637009
2079656752,3,-0.350085,-0.567968,-0.387934,0.635892
2079656762,3,-0.348016,-0.567451,-0.392903,0.634436
2079656772,3,-0.346542,-0.567216,-0.397309,0.632708
2079656782,3,-0.34562,-0.567207,-0.401166,0.630783
2079656792,3,-0.345265,-0.567389,-0.40447,0.6287
2079656802,3,-0.345469,-0.567755,-0.407199,0.626492
2079656812,3,-0.346232,-0.568303,-0.409333,0.62418
2079656823,3,-0.347556,-0.569037,-0.410857,0.62177
2079656833,3,-0.350447,-0.570113,-0.410828,0.619174
2079656843,3,-0.353881,-0.571339,-0.410145,0.616538
2079656853,3,-0.357839,-0.572745,-0.408811,0.61383
2079656863,3,-0.362258,-0.574384,-0.406828,0.611017
2079656873,3,-0.36705,-0.576265,-0.404235,0.6081
2079656883,3,-0.372074,-0.578336,-0.401102,0.605148
2079656893,3,-0.375728,-0.580443,-0.398937,0.602297
2079656903,3,-0.379308,-0.582567,-0.396476,0.599621
2079656913,3,-0.382724,-0.584646,-0.393795,0.597189
2079656923,3,-0.385899,-0.586635,-0.390942,0.595066
2079656933,3,-0.388769,-0.588515,-0.387972,0.593282
2079656943,3,-0.391265,-0.590268,-0.384968,0.591856
2079656954,3,-0.393369,-0.591884,-0.381981,0.590781
2079656964,3,-0.395051,-0.593365,-0.379054,0.590058
2079656974,3,-0.396324,-0.594711,-0.376198,0.589678
2079656984,3,-0.397216,-0.595917,-0.373385,0.589648
2079656994,3,-0.397797,-0.596975,-0.370586,0.589951
2079657004,3,-0.398122,-0.597899,-0.367759,0.590565
2079657014,3,-0.398287,-0.598703,-0.364832,0.591454
2079657024,3,-0.39841,-0.59946,-0.361726,0.592512
2079657034,3,-0.399196,-0.599837,-0.357729,0.594025
2079657044,3,-0.399916,-0.600187,-0.353633,0.595637
2079657054,3,-0.400701,-0.601443,-0.349357,0.596366
2079657064,3,-0.401871,-0.603054,-0.344564,0.59674
2079657074,3,-0.40346,-0.605057,-0.339231,0.596696
2079657085,3,-0.405445,-0.607466,-0.333367,0.596208
2079657095,3,-0.407789,-0.610296,-0.327002,0.595243
2079657105,3,-0.410437,-0.613505,-0.320195,0.593823
2079657115,3,-0.413267,-0.617048,-0.313053,0.591995
2079657125,3,-0.416167,-0.620867,-0.305687,0.589817
2079657135,3,-0.419019,-0.624873,-0.298233,0.587378
2079657145,3,-0.421681,-0.628972,-0.290839,0.584799
2079657155,3,-0.424008,-0.633039,-0.283678,0.582239
2079657165,3,-0.425865,-0.636958,-0.27692,0.579859
2079657175,3,-0.427944,-0.640363,-0.269681,0.577987
2079657185,3,-0.42935,-0.643504,-0.26311,0.576483
2079657195,3,-0.430036,-0.646246,-0.257306,0.575524
2079657205,3,-0.430027,-0.648592,-0.252273,0.575119
2079657216,3,-0.429416,-0.650564,-0.247934,0.575235
2079657226,3,-0.428192,-0.652626,-0.244412,0.575319
2079657236,3,-0.426758,-0.654463,-0.241167,0.575667
2079657246,3,-0.425207,-0.656114,-0.238086,0.576218
2079657256,3,-0.423639,-0.657596,-0.235054,0.576927
2079657266,3,-0.422126,-0.658893,-0.232006,0.57779
2079657276,3,-0.420719,-0.659999,-0.228877,0.578801
2079657286,3,-0.419455,-0.660898,-0.225639,0.579962
2079657296,3,-0.418363,-0.66158,-0.222283,0.581268
2079657306,3,-0.417459,-0.662014,-0.218802,0.582743
2079657316,3,-0.416768,-0.662181,-0.215201,0.584387
2079657326,3,-0.416264,-0.662065,-0.211491,0.586228
2079657336,3,-0.415964,-0.661647,-0.2077,0.588266
2079657346,3,-0.415887,-0.660916,-0.203836,0.59049
2079657357,3,-0.416056,-0.659887,-0.199899,0.592862
2079657367,3,-0.416473,-0.658624,-0.195892,0.595306
2079657377,3,-0.417149,-0.657164,-0.19183,0.597764
2079657387,3,-0.418085,-0.655567,-0.187724,0.600162
2079657397,3,-0.419266,-0.653884,-0.183605,0.602444
2079657407,3,-0.419508,-0.651936,-0.180811,0.605225
2079657417,3,-0.42001,-0.649996,-0.178016,0.607787
2079657427,3,-0.420708,-0.648109,-0.175305,0.610103
2079657437,3,-0.421545,-0.646278,-0.172752,0.612193
2079657447,3,-0.423495,-0.64466,-0.169279,0.613521
2079657457,3,-0.425553,-0.643142,-0.165998,0.614586
2079657467,3,-0.427787,-0.641768,-0.162833,0.615318
2079657477,3,-0.430222,-0.640572,-0.159726,0.61568
2079657488,3,-0.432864,-0.639579,-0.156643,0.615652
2079657498,3,-0.435699,-0.638784,-0.153546,0.615259
2079657508,3,-0.438687,-0.638168,-0.150427,0.614545
2079657518,3,-0.441769,-0.637696,-0.147337,0.613575
2079657528,3,-0.444826,-0.637284,-0.14437,0.612498
2079657538,3,-0.447747,-0.63682,-0.141682,0.61148
2079657548,3,-0.45041,-0.636192,-0.139442,0.610692
2079657558,3,-0.452712,-0.635326,-0.137779,0.610268
2079657568,3,-0.454636,-0.634179,-0.136722,0.610269
2079657578,3,-0.456188,-0.63278,-0.136216,0.610676
2079657588,3,-0.457424,-0.631168,-0.136199,0.611423
2079657598,3,-0.458358,-0.629416,-0.13662,0.612436
2079657608,3,-0.459016,-0.627601,-0.137415,0.613626
2079657619,3,-0.458117,-0.626074,-0.140151,0.615236
2079657629,3,-0.456986,-0.624577,-0.14315,0.616907
2079657639,3,-0.455627,-0.623159,-0.146412,0.618578
2079657649,3,-0.454078,-0.621828,-0.149864,0.620228
2079657659,3,-0.453576,-0.620394,-0.152051,0.621497
2079657669,3,-0.452869,-0.61905,-0.154458,0.622758
2079657679,3,-0.451948,-0.617788,-0.157109,0.624016
2079657689,3,-0.450807,-0.61662,-0.159996,0.625262
2079657699,3,-0.449443,-0.615567,-0.163137,0.626469
2079657709,3,-0.447843,-0.614637,-0.166544,0.62763
2079657719,3,-0.446,-0.61382,-0.17027,0.628741
2079657729,3,-0.443854,-0.613108,-0.174387,0.629825
2079657739,3,-0.440995,-0.612698,-0.179465,0.630805
2079657749,3,-0.437895,-0.612337,-0.184913,0.631741
2079657760,3,-0.4345,-0.611968,-0.19079,0.632694
2079657770,3,-0.430783,-0.611531,-0.19711,0.633721
2079657780,3,-0.426738,-0.610973,-0.203859,0.634859
2079657790,3,-0.422382,-0.610249,-0.210981,0.63614
2079657800,3,-0.417766,-0.609325,-0.218372,0.637578
2079657810,3,-0.413006,-0.608268,-0.225951,0.639047
2079657820,3,-0.408113,-0.607047,-0.233709,0.640559
2079657830,3,-0.403219,-0.605722,-0.241547,0.642003
2079657840,3,-0.398365,-0.604346,-0.249441,0.643311
2079657850,3,-0.393507,-0.60299,-0.257435,0.644423
2079657860,3,-0.388644,-0.601481,-0.26545,0.645531
2079657870,3,-0.384023,-0.600012,-0.27322,0.646422
2079657880,3,-0.379721,-0.598647,-0.28064,0.64705
2079657891,3,-0.375764,-0.597474,-0.287712,0.647338
2079657901,3,-0.372148,-0.596536,-0.294474,0.647251
2079657911,3,-0.368869,-0.595876,-0.300951,0.646757
2079657921,3,-0.365937,-0.595526,-0.307147,0.645831
2079657931,3,-0.363358,-0.595504,-0.313045,0.644474
2079657941,3,-0.361108,-0.59581,-0.31866,0.642701
2079657951,3,-0.359182,-0.596429,-0.323983,0.640542
2079657961,3,-0.357571,-0.597307,-0.329012,0.638057
2079657971,3,-0.356257,-0.598404,-0.333759,0.635293
2079657981,3,-0.355223,-0.599675,-0.338211,0.632311
2079657991,3,-0.355339,-0.600998,-0.341522,0.629204
2079658001,3,-0.355761,-0.60244,-0.344471,0.625969
2079658011,3,-0.356472,-0.603928,-0.347075,0.622684
2079658022,3,-0.357407,-0.605455,-0.349342,0.619389
2079658032,3,-0.358599,-0.606929,-0.351235,0.616179
2079658042,3,-0.360038,-0.608397,-0.3527,0.613047
2079658052,3,-0.361791,-0.609839,-0.353664,0.61002
2079658062,3,-0.363883,-0.6113,-0.354005,0.607108
2079658072,3,-0.366279,-0.612782,-0.353719,0.604334
2079658082,3,-0.368826,-0.614266,-0.352883,0.601761
2079658092,3,-0.370206,-0.615689,-0.352815,0.599496
2079658102,3,-0.37135,-0.616877,-0.352486,0.597757
2079658112,3,-0.37216,-0.617756,-0.351958,0.596656
2079658122,3,-0.372563,-0.618254,-0.351295,0.596279
2079658132,3,-0.372489,-0.618342,-0.350564,0.596665
2079658142,3,-0.371936,-0.61801,-0.349798,0.597802
2079658153,3,-0.370942,-0.617277,-0.349001,0.599639
2079658163,3,-0.369571,-0.616178,-0.348157,0.602102
2079658173,3,-0.367956,-0.614781,-0.34719,0.60507
2079658183,3,-0.366205,-0.613168,-0.346056,0.608409
2079658193,3,-0.364438,-0.611415,-0.344679,0.612006
2079658203,3,-0.36276,-0.6096,-0.343013,0.615738
2079658213,3,-0.361285,-0.607828,-0.341023,0.619451
2079658223,3,-0.360773,-0.605873,-0.337992,0.623314
2079658233,3,-0.360409,-0.604036,-0.334769,0.627036
2079658243,3,-0.360105,-0.602957,-0.331533,0.629961
2079658253,3,-0.36036,-0.602305,-0.327779,0.632399
2079658263,3,-0.361214,-0.602127,-0.323495,0.634285
2079658273,3,-0.362648,-0.602475,-0.318696,0.635564
2079658283,3,-0.364624,-0.603359,-0.313406,0.636225
2079658294,3,-0.367075,-0.604786,-0.307677,0.636257
2079658304,3,-0.36994,-0.606744,-0.301547,0.635667
2079658314,3,-0.373131,-0.609187,-0.295101,0.63449
2079658324,3,-0.376546,-0.612073,-0.28843,0.632761
2079658334,3,-0.380065,-0.615333,-0.281644,0.630548
2079658344,3,-0.383572,-0.618842,-0.274874,0.627972
2079658354,3,-0.386922,-0.622492,-0.268273,0.625158
2079658364,3,-0.390001,-0.626149,-0.261992,0.62225
2079658374,3,-0.393574,-0.629704,-0.255214,0.619222
2079658384,3,-0.396678,-0.633119,-0.248974,0.616293
2079658394,3,-0.39927,-0.636314,-0.243352,0.613569
2079658404,3,-0.401337,-0.639277,-0.238368,0.611092
2079658414,3,-0.402932,-0.642046,-0.233991,0.608827
2079658425,3,-0.404108,-0.644878,-0.230237,0.606481
2079658435,3,-0.405207,-0.64761,-0.226684,0.60417
2079658445,3,-0.406274,-0.650253,-0.223254,0.601887
2079658455,3,-0.407373,-0.652767,-0.219871,0.599664
2079658465,3,-0.408508,-0.655108,-0.216517,0.597556
2079658475,3,-0.409697,-0.657215,-0.213153,0.595635
2079658485,3,-0.410933,-0.659009,-0.209787,0.593994
2079658495,3,-0.412189,-0.660443,-0.206428,0.592707
2079658505,3,-0.413452,-0.661498,-0.203078,0.591806
2079658515,3,-0.414724,-0.662176,-0.199743,0.591293
2079658525,3,-0.415987,-0.662506,-0.19644,0.591143
2079658535,3,-0.417254,-0.662534,-0.193164,0.591299
2079658545,3,-0.418518,-0.662336,-0.189917,0.591679
2079658556,3,-0.419822,-0.661978,-0.186664,0.592191
2079658566,3,-0.421165,-0.661523,-0.183396,0.592766
2079658576,3,-0.422559,-0.661038,-0.180118,0.59332
2079658586,3,-0.423974,-0.660581,-0.176842,0.593805
2079658596,3,-0.424336,-0.659661,-0.174717,0.595196
2079658606,3,-0.424712,-0.658858,-0.172621,0.596428
2079658616,3,-0.425034,-0.658149,-0.170604,0.59756
2079658626,3,-0.425222,-0.657528,-0.168747,0.598637
2079658636,3,-0.425259,-0.656978,-0.167053,0.599688
2079658646,3,-0.425157,-0.656498,-0.165512,0.600713
2079658656,3,-0.424961,-0.656103,-0.164038,0.601687
2079658666,3,-0.424693,-0.655783,-0.162633,0.602605
2079658676,3,-0.425433,-0.655823,-0.160111,0.602715
2079658686,3,-0.426053,-0.65588,-0.157703,0.60285
2079658697,3,-0.426543,-0.655894,-0.155439,0.603076
2079658707,3,-0.426914,-0.655806,-0.153324,0.603451
2079658717,3,-0.427152,-0.655575,-0.151385,0.604023
2079658727,3,-0.427227,-0.655142,-0.149684,0.604863
2079658737,3,-0.42712,-0.654462,-0.148277,0.60602
2079658747,3,-0.426812,-0.653531,-0.147203,0.607502
2079658757,3,-0.426323,-0.652384,-0.146444,0.609258
2079658767,3,-0.425712,-0.651064,-0.145926,0.611219
2079658777,3,-0.425039,-0.649617,-0.145543,0.613314
2079658787,3,-0.42431,-0.648094,-0.145252,0.615496
2079658797,3,-0.423526,-0.646543,-0.14501,0.61772
2079658807,3,-0.421315,-0.64509,-0.146387,0.620421
2079658817,3,-0.419038,-0.64367,-0.147727,0.623115
2079658828,3,-0.416685,-0.642314,-0.149042,0.625772
2079658838,3,-0.414278,-0.641058,-0.150303,0.628352
2079658848,3,-0.411822,-0.639971,-0.151537,0.630773
2079658858,3,-0.409345,-0.63911,-0.152748,0.632962
2079658868,3,-0.406852,-0.638592,-0.15398,0.634791
2079658878,3,-0.404347,-0.638494,-0.155299,0.636167
2079658888,3,-0.401781,-0.638791,-0.156856,0.637112
2079658898,3,-0.399109,-0.639435,-0.158755,0.637676
2079658908,3,-0.396252,-0.640322,-0.161116,0.637975
2079658918,3,-0.393194,-0.641319,-0.164012,0.638127
2079658928,3,-0.389867,-0.642253,-0.167489,0.638327
2079658938,3,-0.38623,-0.643024,-0.171592,0.638671
2079658948,3,-0.382268,-0.643518,-0.176312,0.639272
2079658959,3,-0.377981,-0.643585,-0.181585,0.640276
2079658969,3,-0.373391,-0.643113,-0.187306,0.641794
2079658979,3,-0.36853,-0.642091,-0.193361,0.643828
2079658989,3,-0.363484,-0.640563,-0.199597,0.646311
2079658999,3,-0.358336,-0.638585,-0.205884,0.649164
2079659009,3,-0.353173,-0.636303,-0.212144,0.652212
2079659019,3,-0.34804,-0.63383,-0.218308,0.655338
2079659029,3,-0.342958,-0.631243,-0.224372,0.658458
2079659039,3,-0.337586,-0.628286,-0.230614,0.661897
2079659049,3,-0.332222,-0.625326,-0.236787,0.665226
2079659059,3,-0.326918,-0.622425,-0.24286,0.668378
2079659069,3,-0.321723,-0.619656,-0.248812,0.671276
2079659079,3,-0.31669,-0.617107,-0.254606,0.673841
2079659090,3,-0.311871,-0.614889,-0.260211,0.67597
2079659100,3,-0.307357,-0.613106,-0.265607,0.677557
2079659110,3,-0.303195,-0.611825,-0.270784,0.678541
2079659120,3,-0.29941,-0.611089,-0.275748,0.678886
2079659130,3,-0.296012,-0.610906,-0.280529,0.678582
2079659140,3,-0.292991,-0.611228,-0.285141,0.677679
2079659150,3,-0.290313,-0.611978,-0.28962,0.676254
2079659160,3,-0.28797,-0.613076,-0.293971,0.674381
2079659170,3,-0.285948,-0.614446,-0.298195,0.672137
2079659180,3,-0.28425,-0.616021,-0.302263,0.669594
2079659190,3,-0.284263,-0.617971,-0.304857,0.666608
2079659200,3,-0.284549,-0.620068,-0.307247,0.663434
2079659210,3,-0.285072,-0.622224,-0.309429,0.660169
2079659220,3,-0.28584,-0.624444,-0.311348,0.65683
2079659231,3,-0.286828,-0.626679,-0.312993,0.653481
2079659241,3,-0.28807,-0.628942,-0.314293,0.650127
2079659251,3,-0.289578,-0.631233,-0.315184,0.646798
2079659261,3,-0.291414,-0.633593,-0.315532,0.643487
2079659271,3,-0.293614,-0.635975,-0.315254,0.640266
2079659281,3,-0.296063,-0.638356,-0.314365,0.637198
2079659291,3,-0.298609,-0.640605,-0.312959,0.634438
2079659301,3,-0.299602,-0.642079,-0.312656,0.632628
2079659311,3,-0.3004,-0.643112,-0.312074,0.631487
2079659321,3,-0.300954,-0.643657,-0.311251,0.631073
2079659331,3,-0.301251,-0.643708,-0.310202,0.631396
2079659341,3,-0.301342,-0.6433,-0.308917,0.632398
2079659351,3,-0.301318,-0.642495,-0.307355,0.633986
2079659362,3,-0.301265,-0.641351,-0.305461,0.636082
2079659372,3,-0.301286,-0.639934,-0.303208,0.638572
2079659382,3,-0.301477,-0.638363,-0.300569,0.641296
2079659392,3,-0.301962,-0.63676,-0.29748,0.644096
2079659402,3,-0.302832,-0.635232,-0.293906,0.646832
2079659412,3,-0.304858,-0.633615,-0.289135,0.64961
2079659422,3,-0.307153,-0.632124,-0.284056,0.652217
2079659432,3,-0.309397,-0.631259,-0.279035,0.654159
2079659442,3,-0.31215,-0.630745,-0.273526,0.655672
2079659452,3,-0.315364,-0.630637,-0.267543,0.656705
2079659462,3,-0.318995,-0.630976,-0.261149,0.6572
2079659472,3,-0.32299,-0.63178,-0.254392,0.657126
2079659482,3,-0.327271,-0.633054,-0.247348,0.65647
2079659493,3,-0.331745,-0.634785,-0.240083,0.655249
2079659503,3,-0.336338,-0.636953,-0.232673,0.653475
2079659513,3,-0.340952,-0.639482,-0.225243,0.651213
2079659523,3,-0.345495,-0.642305,-0.217906,0.648531
2079659533,3,-0.349852,-0.645343,-0.210783,0.645527
2079659543,3,-0.353915,-0.648463,-0.204006,0.642355
2079659553,3,-0.358422,-0.651502,-0.196808,0.639018
2079659563,3,-0.362391,-0.654512,-0.190251,0.63568
2079659573,3,-0.365776,-0.657344,-0.184428,0.632528
2079659583,3,-0.368602,-0.659879,-0.179324,0.629709
2079659593,3,-0.370898,-0.662128,-0.1749,0.62724
2079659603,3,-0.372731,-0.664134,-0.171088,0.62508
2079659613,3,-0.374177,-0.666017,-0.167779,0.623107
2079659623,3,-0.375305,-0.66784,-0.164892,0.621245
2079659634,3,-0.376596,-0.669923,-0.161922,0.618998
2079659644,3,-0.377822,-0.671879,-0.159035,0.616876
2079659654,3,-0.378991,-0.673647,-0.156182,0.614956
2079659664,3,-0.380127,-0.67514,-0.153356,0.613327
2079659674,3,-0.381194,-0.676307,-0.150554,0.612072
2079659684,3,-0.382182,-0.677113,-0.147817,0.611231
2079659694,3,-0.38308,-0.67755,-0.145166,0.61082
2079659704,3,-0.383884,-0.677655,-0.142615,0.6108
2079659714,3,-0.384607,-0.677451,-0.140157,0.611139
2079659724,3,-0.385274,-0.67701,-0.137767,0.611751
2079659734,3,-0.385906,-0.676386,-0.135431,0.612564
2079659744,3,-0.386553,-0.67565,-0.133115,0.613475
2079659754,3,-0.387269,-0.674885,-0.130776,0.614369
2079659765,3,-0.388062,-0.674164,-0.128411,0.615159
2079659775,3,-0.388915,-0.673575,-0.126047,0.615753
2079659785,3,-0.388578,-0.672623,-0.124984,0.617222
2079659795,3,-0.388306,-0.671892,-0.123951,0.618396
2079659805,3,-0.388091,-0.671456,-0.123009,0.619192
2079659815,3,-0.387912,-0.671305,-0.122214,0.619626
2079659825,3,-0.387814,-0.671445,-0.121506,0.619675
2079659835,3,-0.387894,-0.671864,-0.12079,0.619311
2079659845,3,-0.388151,-0.672528,-0.120051,0.618572
2079659855,3,-0.388576,-0.673388,-0.119291,0.617515
2079659865,3,-0.390556,-0.674704,-0.116992,0.615266
2079659875,3,-0.392704,-0.676134,-0.114558,0.612782
2079659885,3,-0.394999,-0.677627,-0.111969,0.61013
2079659896,3,-0.397356,-0.679062,-0.109321,0.607478
2079659906,3,-0.399696,-0.680296,-0.106774,0.605011
2079659916,3,-0.4019,-0.681177,-0.104521,0.60295
2079659926,3,-0.403917,-0.681565,-0.10269,0.601476
2079659936,3,-0.405665,-0.681401,-0.101362,0.600711
2079659946,3,-0.407127,-0.680673,-0.100568,0.600679
2079659956,3,-0.408288,-0.679468,-0.100304,0.6013
2079659966,3,-0.409167,-0.677867,-0.100538,0.602469
2079659976,3,-0.409752,-0.675956,-0.101218,0.604103
2079659986,3,-0.410061,-0.673776,-0.102311,0.606141
2079659996,3,-0.410067,-0.671368,-0.103797,0.60855
2079660006,3,-0.409782,-0.668744,-0.105653,0.611307
2079660016,3,-0.40919,-0.665917,-0.107908,0.614388
2079660026,3,-0.40725,-0.663039,-0.11176,0.61809
2079660037,3,-0.404995,-0.659945,-0.11588,0.622111
2079660047,3,-0.402399,-0.656652,-0.120143,0.626455
2079660057,3,-0.399542,-0.653451,-0.124441,0.630779
2079660067,3,-0.396541,-0.650692,-0.128765,0.634644
2079660077,3,-0.393405,-0.648592,-0.133288,0.637803
2079660087,3,-0.390872,-0.647774,-0.137552,0.639285
2079660097,3,-0.388196,-0.647307,-0.14209,0.640396
2079660107,3,-0.3854,-0.64703,-0.146862,0.641287
2079660117,3,-0.38244,-0.646724,-0.151901,0.642194
2079660127,3,-0.379119,-0.646799,-0.157618,0.642709
2079660137,3,-0.375765,-0.646612,-0.163515,0.643393
2079660147,3,-0.372222,-0.64596,-0.169736,0.644495
2079660157,3,-0.368395,-0.644812,-0.176377,0.646059
2079660168,3,-0.364211,-0.643071,-0.183456,0.648192
2079660178,3,-0.359702,-0.640743,-0.190885,0.650864
2079660188,3,-0.354929,-0.637866,-0.19858,0.654001
2079660198,3,-0.350023,-0.63455,-0.20639,0.657444
2079660208,3,-0.345038,-0.630933,-0.214275,0.661028
2079660218,3,-0.340052,-0.627175,-0.222196,0.664562
2079660228,3,-0.335113,-0.62343,-0.230145,0.667882
2079660238,3,-0.330256,-0.619788,-0.238084,0.670901
2079660248,3,-0.325538,-0.616267,-0.24597,0.6736
2079660258,3,-0.321,-0.612841,-0.253739,0.676018
2079660268,3,-0.315924,-0.609057,-0.261991,0.678676
2079660278,3,-0.311081,-0.605337,-0.270025,0.681088
2079660288,3,-0.306506,-0.60174,-0.277801,0.683219
2079660299,3,-0.302256,-0.598338,-0.285272,0.685019
2079660309,3,-0.298388,-0.595243,-0.292419,0.686397
2079660319,3,-0.294951,-0.59256,-0.299239,0.687263
2079660329,3,-0.291965,-0.590367,-0.305709,0.687578
2079660339,3,-0.289468,-0.588695,-0.311838,0.687314
2079660349,3,-0.287472,-0.587553,-0.317613,0.686485
2079660359,3,-0.285996,-0.586895,-0.323011,0.685144
2079660369,3,-0.285042,-0.58669,-0.328029,0.683331
2079660379,3,-0.284616,-0.586895,-0.332641,0.681099
2079660389,3,-0.284699,-0.587464,-0.33681,0.678521
2079660399,3,-0.285261,-0.588356,-0.34051,0.675659
2079660409,3,-0.287614,-0.589956,-0.342563,0.67222
2079660419,3,-0.290406,-0.59179,-0.344106,0.668609
2079660430,3,-0.293609,-0.593823,-0.345134,0.664868
2079660440,3,-0.29716,-0.596051,-0.345647,0.661018
2079660450,3,-0.301045,-0.598509,-0.345631,0.657036
2079660460,3,-0.305197,-0.601131,-0.345097,0.652994
2079660470,3,-0.309557,-0.603895,-0.344056,0.648929
2079660480,3,-0.314066,-0.606747,-0.342502,0.644912
2079660490,3,-0.31864,-0.609619,-0.340489,0.641013
2079660500,3,-0.323182,-0.612457,-0.338061,0.637309
2079660510,3,-0.327544,-0.615191,-0.335326,0.633884
2079660520,3,-0.329893,-0.617237,-0.334035,0.631354
2079660530,3,-0.331842,-0.618957,-0.332646,0.629379
2079660540,3,-0.333305,-0.62029,-0.331214,0.628048
2079660550,3,-0.334208,-0.621176,-0.329801,0.627434
2079660560,3,-0.334535,-0.621586,-0.328446,0.627566
2079660571,3,-0.334301,-0.621515,-0.327153,0.628436
2079660581,3,-0.333572,-0.620994,-0.325856,0.63001
2079660591,3,-0.332473,-0.620101,-0.324491,0.632171
2079660601,3,-0.331164,-0.618945,-0.322941,0.63478
2079660611,3,-0.329789,-0.617639,-0.321108,0.63769
2079660621,3,-0.328493,-0.616282,-0.318909,0.640768
2079660631,3,-0.328262,-0.614968,-0.315419,0.643869
2079660641,3,-0.328112,-0.613676,-0.311637,0.647012
2079660651,3,-0.327726,-0.612762,-0.307947,0.649835
2079660661,3,-0.327823,-0.612198,-0.303659,0.652331
2079660671,3,-0.328497,-0.612086,-0.298726,0.654371
2079660681,3,-0.329758,-0.612483,-0.293157,0.655882
2079660691,3,-0.331598,-0.613438,-0.286947,0.656808
2079660702,3,-0.333946,-0.614969,-0.280155,0.657118
2079660712,3,-0.336731,-0.617074,-0.272865,0.656792
2079660722,3,-0.339847,-0.619696,-0.265183,0.655864
2079660732,3,-0.343181,-0.622753,-0.257245,0.654391
2079660742,3,-0.346617,-0.626163,-0.24913,0.652464
2079660752,3,-0.350023,-0.629834,-0.240965,0.650174
2079660762,3,-0.353899,-0.633535,-0.232219,0.647659
2079660772,3,-0.357571,-0.637378,-0.22364,0.644885
2079660782,3,-0.36091,-0.641264,-0.215369,0.64198
2079660792,3,-0.363816,-0.645072,-0.207487,0.639114
2079660802,3,-0.366195,-0.648704,-0.200084,0.636435
2079660812,3,-0.368063,-0.652115,-0.193086,0.634028
2079660822,3,-0.369435,-0.655276,-0.186444,0.631956
2079660833,3,-0.370385,-0.658227,-0.180049,0.630184
2079660843,3,-0.371458,-0.661055,-0.173316,0.628478
2079660853,3,-0.372455,-0.663761,-0.166446,0.626891
2079660863,3,-0.373422,-0.666335,-0.159428,0.625408
2079660873,3,-0.374341,-0.668787,-0.152293,0.624018
2079660883,3,-0.375212,-0.671127,-0.145087,0.622697
2079660893,3,-0.375997,-0.673366,-0.137873,0.621444
2079660903,3,-0.376709,-0.675506,-0.130694,0.620241
2079660913,3,-0.377335,-0.677546,-0.123596,0.619089
2079660923,3,-0.377873,-0.679438,-0.11661,0.618042
2079660933,3,-0.378314,-0.681157,-0.109795,0.617128
2079660943,3,-0.378651,-0.68266,-0.103204,0.616397
2079660953,3,-0.37888,-0.683918,-0.096891,0.615887
2079660963,3,-0.379012,-0.684943,-0.09088,0.615583
2079660974,3,-0.379046,-0.685773,-0.085176,0.615454
2079660984,3,-0.379011,-0.686432,-0.079756,0.615467
2079660994,3,-0.378938,-0.686944,-0.074607,0.615586
2079661004,3,-0.378863,-0.687341,-0.069699,0.615764
2079661014,3,-0.378835,-0.68764,-0.064984,0.615964
2079661024,3,-0.377264,-0.687919,-0.062371,0.616886
2079661034,3,-0.375745,-0.688135,-0.059958,0.61781
2079661044,3,-0.374343,-0.688332,-0.057682,0.618658
2079661054,3,-0.373085,-0.688521,-0.055555,0.619402
2079661064,3,-0.371976,-0.6887,-0.053591,0.620042
2079661074,3,-0.371009,-0.688846,-0.051816,0.62061
2079661084,3,-0.37014,-0.68892,-0.050264,0.621175
2079661094,3,-0.369381,-0.688904,-0.048908,0.621752
2079661105,3,-0.368743,-0.688811,-0.047725,0.622326
2079661115,3,-0.369931,-0.688495,-0.044674,0.622196
2079661125,3,-0.371146,-0.688136,-0.041877,0.622065
2079661135,3,-0.372325,-0.687732,-0.039431,0.621966
2079661145,3,-0.373377,-0.687257,-0.037447,0.621983
2079661155,3,-0.37421,-0.686673,-0.036051,0.62221
2079661165,3,-0.374736,-0.685946,-0.035375,0.622735
2079661175,3,-0.374924,-0.685052,-0.03549,0.623598
2079661185,3,-0.374773,-0.684031,-0.03635,0.624759
2079661195,3,-0.374332,-0.682927,-0.037874,0.626139
2079661205,3,-0.373667,-0.681789,-0.039945,0.627646
2079661215,3,-0.372851,-0.680638,-0.042426,0.629215
2079661225,3,-0.371938,-0.679498,-0.045199,0.630794
2079661236,3,-0.370979,-0.678372,-0.048167,0.632348
2079661246,3,-0.368316,-0.677467,-0.053212,0.634468
2079661256,3,-0.365668,-0.676563,-0.05829,0.636514
2079661266,3,-0.363021,-0.675676,-0.063356,0.638485
2079661276,3,-0.360338,-0.674883,-0.068448,0.640314
2079661286,3,-0.357658,-0.67426,-0.073522,0.641909
2079661296,3,-0.356383,-0.674097,-0.077126,0.642367
2079661306,3,-0.354999,-0.674211,-0.080865,0.642553
2079661316,3,-0.353455,-0.674569,-0.084798,0.642522
2079661326,3,-0.351684,-0.675101,-0.089008,0.642365
2079661336,3,-0.349041,-0.675738,-0.094239,0.642391
2079661346,3,-0.34624,-0.676445,-0.099738,0.642332
2079661356,3,-0.343193,-0.677099,-0.105587,0.642344
2079661367,3,-0.339851,-0.677599,-0.111816,0.642539
2079661377,3,-0.336189,-0.677848,-0.118431,0.643018
2079661387,3,-0.332191,-0.677746,-0.12542,0.643877
2079661397,3,-0.327884,-0.677242,-0.132705,0.645154
2079661407,3,-0.323307,-0.676341,-0.140224,0.646815
2079661417,3,-0.318475,-0.675079,-0.147946,0.648808
2079661427,3,-0.313418,-0.673477,-0.155843,0.651084
2079661437,3,-0.308138,-0.671568,-0.163905,0.65359
2079661447,3,-0.302669,-0.669368,-0.172086,0.656295
2079661457,3,-0.297058,-0.6669,-0.180322,0.659154
2079661467,3,-0.291415,-0.664192,-0.188506,0.66211
2079661477,3,-0.285337,-0.661004,-0.197007,0.665465
2079661487,3,-0.279344,-0.657697,-0.205342,0.668756
2079661497,3,-0.273521,-0.654348,-0.213447,0.671903
2079661508,3,-0.267934,-0.65103,-0.22128,0.674837
2079661518,3,-0.262641,-0.647841,-0.228831,0.677463
2079661528,3,-0.257706,-0.644861,-0.236086,0.679708
2079661538,3,-0.253144,-0.642162,-0.243066,0.681515
2079661548,3,-0.248957,-0.639764,-0.249833,0.682864
2079661558,3,-0.2451,-0.637685,-0.256415,0.683764
2079661568,3,-0.241568,-0.635921,-0.26285,0.684221
2079661578,3,-0.238332,-0.634458,-0.269152,0.684264
2079661588,3,-0.235403,-0.633262,-0.275353,0.683918
2079661598,3,-0.232816,-0.632346,-0.281386,0.683195
2079661608,3,-0.230622,-0.631724,-0.287199,0.682095
2079661618,3,-0.228868,-0.631416,-0.292743,0.680613
2079661628,3,-0.227592,-0.631436,-0.297974,0.678749
2079661639,3,-0.226826,-0.631794,-0.302843,0.676514
2079661649,3,-0.226584,-0.632445,-0.307286,0.673978
2079661659,3,-0.22831,-0.633541,-0.30992,0.671154
2079661669,3,-0.2305,-0.634919,-0.312017,0.668125
2079661679,3,-0.23313,-0.636497,-0.313539,0.664991
2079661689,3,-0.23614,-0.638191,-0.314458,0.661865
2079661699,3,-0.239504,-0.639972,-0.314761,0.658785
2079661709,3,-0.243167,-0.641797,-0.314411,0.655828
2079661719,3,-0.247033,-0.643599,-0.31344,0.653076
2079661729,3,-0.250985,-0.645377,-0.311915,0.65054
2079661739,3,-0.253079,-0.64654,-0.311695,0.648677
2079661749,3,-0.25502,-0.647494,-0.311101,0.647249
2079661759,3,-0.256744,-0.648204,-0.310182,0.646297
2079661770,3,-0.25819,-0.648659,-0.308989,0.645835
2079661780,3,-0.259296,-0.648863,-0.307595,0.645853
2079661790,3,-0.260097,-0.648842,-0.306001,0.646309
2079661800,3,-0.260626,-0.648625,-0.304208,0.647159
2079661810,3,-0.260973,-0.648247,-0.302197,0.648339
2079661820,3,-0.261229,-0.647772,-0.299898,0.649777
2079661830,3,-0.261454,-0.64723,-0.297307,0.651416
2079661840,3,-0.261709,-0.646653,-0.29442,0.653195
2079661850,3,-0.263498,-0.646142,-0.289808,0.655041
2079661860,3,-0.265259,-0.645603,-0.285059,0.656943
2079661870,3,-0.267037,-0.645081,-0.280165,0.658838
2079661880,3,-0.268206,-0.645119,-0.27578,0.660174
2079661890,3,-0.269787,-0.645558,-0.270937,0.661107
2079661900,3,-0.271799,-0.646449,-0.265626,0.661566
2079661911,3,-0.274226,-0.647806,-0.259864,0.661525
2079661921,3,-0.277023,-0.649635,-0.253692,0.660962
2079661931,3,-0.280142,-0.651904,-0.247163,0.659887
2079661941,3,-0.283499,-0.654564,-0.240324,0.658344
2079661951,3,-0.287019,-0.657536,-0.233274,0.65639
2079661961,3,-0.290605,-0.660741,-0.226094,0.654102
2079661971,3,-0.294182,-0.664076,-0.218879,0.651575
2079661981,3,-0.297634,-0.667447,-0.211769,0.648907
2079661991,3,-0.301797,-0.670721,-0.203865,0.646134
2079662001,3,-0.305702,-0.673927,-0.196226,0.643321
2079662011,3,-0.309208,-0.676942,-0.188998,0.640639
2079662021,3,-0.312242,-0.679667,-0.182319,0.638213
2079662031,3,-0.314768,-0.682077,-0.176241,0.636105
2079662042,3,-0.316852,-0.684184,-0.17073,0.634308
2079662052,3,-0.318609,-0.686057,-0.165663,0.632746
2079662062,3,-0.320179,-0.688093,-0.160979,0.63095
2079662072,3,-0.321754,-0.690074,-0.156406,0.629132
2079662082,3,-0.323365,-0.691983,-0.151893,0.627313
2079662092,3,-0.325015,-0.693793,-0.14743,0.625523
2079662102,3,-0.326703,-0.695438,-0.143016,0.623839
2079662112,3,-0.328408,-0.696846,-0.138678,0.62235
2079662122,3,-0.330085,-0.697952,-0.134447,0.621151
2079662132,3,-0.331735,-0.698703,-0.130345,0.620301
2079662142,3,-0.33334,-0.69907,-0.12642,0.61984
2079662152,3,-0.334892,-0.699028,-0.122698,0.619799
2079662162,3,-0.336424,-0.698588,-0.119168,0.620155
2079662173,3,-0.337973,-0.697798,-0.115798,0.62084
2079662183,3,-0.339569,-0.696727,-0.112558,0.621766
2079662193,3,-0.341286,-0.695406,-0.109414,0.622866
2079662203,3,-0.343162,-0.6939,-0.106289,0.624054
2079662213,3,-0.344008,-0.692115,-0.104551,0.625861
2079662223,3,-0.345041,-0.690245,-0.102824,0.627642
2079662233,3,-0.346337,-0.688337,-0.101012,0.629316
2079662243,3,-0.347975,-0.686457,-0.098993,0.630785
2079662253,3,-0.349978,-0.684671,-0.09672,0.631969
2079662263,3,-0.352294,-0.683067,-0.094223,0.632794
2079662273,3,-0.354819,-0.681698,-0.091566,0.63325
2079662283,3,-0.357506,-0.680618,-0.088774,0.633298
2079662293,3,-0.361872,-0.680295,-0.084302,0.631775
2079662304,3,-0.366353,-0.68032,-0.07974,0.629754
2079662314,3,-0.370886,-0.680673,-0.075129,0.627281
2079662324,3,-0.375394,-0.681297,-0.070563,0.624446
2079662334,3,-0.379786,-0.682083,-0.066194,0.621403
2079662344,3,-0.383959,-0.682928,-0.062151,0.618321
2079662354,3,-0.387811,-0.683745,-0.058556,0.615358
2079662364,3,-0.391299,-0.684447,-0.055479,0.612648
2079662374,3,-0.394346,-0.684948,-0.053005,0.610349
2079662384,3,-0.396917,-0.685184,-0.051198,0.60857
2079662394,3,-0.39897,-0.685143,-0.050068,0.607367
2079662404,3,-0.400521,-0.684844,-0.04955,0.606725
2079662414,3,-0.401572,-0.684331,-0.049555,0.606608
2079662424,3,-0.40216,-0.68364,-0.049998,0.606961
2079662434,3,-0.402299,-0.682795,-0.050791,0.607755
2079662445,3,-0.402034,-0.681774,-0.051847,0.608985
2079662455,3,-0.399863,-0.680796,-0.055048,0.611223
2079662465,3,-0.397395,-0.679661,-0.058422,0.613777
2079662475,3,-0.394707,-0.678276,-0.061925,0.616694
2079662485,3,-0.391793,-0.676616,-0.065557,0.619991
2079662495,3,-0.388622,-0.674711,-0.069364,0.623638
2079662505,3,-0.385213,-0.672659,-0.073317,0.627506
2079662515,3,-0.381563,-0.670587,-0.077411,0.63145
2079662525,3,-0.377736,-0.668551,-0.08158,0.635372
2079662535,3,-0.37374,-0.666639,-0.085853,0.63917
2079662545,3,-0.369597,-0.664818,-0.09021,0.642865
2079662555,3,-0.366066,-0.663238,-0.093899,0.645982
2079662565,3,-0.362247,-0.661829,-0.097901,0.648979
2079662576,3,-0.358143,-0.66059,-0.102217,0.651848
2079662586,3,-0.353767,-0.659488,-0.106896,0.654596
2079662596,3,-0.349129,-0.658445,-0.111959,0.657285
2079662606,3,-0.344233,-0.657374,-0.117431,0.659978
2079662616,3,-0.339108,-0.656684,-0.123463,0.662214
2079662626,3,-0.33388,-0.655879,-0.129819,0.664449
2079662636,3,-0.328469,-0.654776,-0.136521,0.666886
2079662646,3,-0.323068,-0.653415,-0.143419,0.669407
2079662656,3,-0.317407,-0.65173,-0.150835,0.672122
2079662666,3,-0.311454,-0.649742,-0.158771,0.674998
2079662676,3,-0.305223,-0.647511,-0.167105,0.677969
2079662686,3,-0.298762,-0.645116,-0.175694,0.680953
2079662696,3,-0.291796,-0.642077,-0.184653,0.684466
2079662707,3,-0.284931,-0.639047,-0.193499,0.687743
2079662717,3,-0.278248,-0.636111,-0.202223,0.690684
2079662727,3,-0.271796,-0.633312,-0.210789,0.69326
2079662737,3,-0.265642,-0.630712,-0.219131,0.695426
2079662747,3,-0.259844,-0.62834,-0.227204,0.69717
2079662757,3,-0.254437,-0.626215,-0.234959,0.698505
2079662767,3,-0.249435,-0.624338,-0.242387,0.69945
2079662777,3,-0.244863,-0.622732,-0.249448,0.700015
2079662787,3,-0.240733,-0.62141,-0.256128,0.70021
2079662797,3,-0.237047,-0.620377,-0.262421,0.700053
2079662807,3,-0.233805,-0.619638,-0.268343,0.699553
2079662817,3,-0.231025,-0.619192,-0.273877,0.698727
2079662827,3,-0.228728,-0.619042,-0.279002,0.697586
2079662837,3,-0.226925,-0.619185,-0.283705,0.69615
2079662848,3,-0.225625,-0.619601,-0.287967,0.69445
2079662858,3,-0.224815,-0.62026,-0.291789,0.692526
2079662868,3,-0.224473,-0.621126,-0.29515,0.690434
2079662878,3,-0.224578,-0.622171,-0.298037,0.688216
2079662888,3,-0.225075,-0.623374,-0.300457,0.685908
2079662898,3,-0.227373,-0.625321,-0.301089,0.683095
2079662908,3,-0.230021,-0.627396,-0.30121,0.680247
2079662918,3,-0.232992,-0.629585,-0.300797,0.677389
2079662928,3,-0.236223,-0.631868,-0.299862,0.674553
2079662938,3,-0.239629,-0.634221,-0.298464,0.671759
2079662948,3,-0.241258,-0.63592,-0.29841,0.669589
2079662958,3,-0.242773,-0.637537,-0.298135,0.667624
2079662968,3,-0.244125,-0.63904,-0.297689,0.665891
2079662979,3,-0.245253,-0.640396,-0.297115,0.664428
2079662989,3,-0.246153,-0.641571,-0.296418,0.663272
2079662999,3,-0.24684,-0.642549,-0.295589,0.66244
2079663009,3,-0.247379,-0.643306,-0.294598,0.661945
2079663019,3,-0.247822,-0.643846,-0.29341,0.661782
2079663029,3,-0.248243,-0.6442,-0.291986,0.661909
2079663039,3,-0.248725,-0.644419,-0.290271,0.66227
2079663049,3,-0.249364,-0.644565,-0.28822,0.662783
2079663059,3,-0.251546,-0.64498,-0.284546,0.663142
2079663069,3,-0.253864,-0.645314,-0.280642,0.663597
2079663079,3,-0.256344,-0.645644,-0.276522,0.664053
2079663089,3,-0.258174,-0.646124,-0.273011,0.664329
2079663099,3,-0.260395,-0.64685,-0.269121,0.664344
2079663110,3,-0.263013,-0.647857,-0.264862,0.664041
2079663120,3,-0.26601,-0.649154,-0.260269,0.663397
2079663130,3,-0.26933,-0.650746,-0.255378,0.662398
2079663140,3,-0.272935,-0.652651,-0.250239,0.661008
2079663150,3,-0.276784,-0.654858,-0.24491,0.659218
2079663160,3,-0.280803,-0.657355,-0.239435,0.657041
2079663170,3,-0.284943,-0.660083,-0.233896,0.654514
2079663180,3,-0.289126,-0.663002,-0.22837,0.651674
2079663190,3,-0.293254,-0.66604,-0.222957,0.648599
2079663200,3,-0.297235,-0.669114,-0.217765,0.645379
2079663210,3,-0.300984,-0.672152,-0.212888,0.642103
2079663220,3,-0.305477,-0.675044,-0.207296,0.638769
2079663230,3,-0.309576,-0.677767,-0.202198,0.635539
2079663241,3,-0.313249,-0.680204,-0.197685,0.632548
2079663251,3,-0.316493,-0.682326,-0.193759,0.629856
2079663261,3,-0.319345,-0.68418,-0.190401,0.627425
2079663271,3,-0.321883,-0.685839,-0.18755,0.625172
2079663281,3,-0.324197,-0.687354,-0.185101,0.623038
2079663291,3,-0.326424,-0.689157,-0.182968,0.620508
2079663301,3,-0.328724,-0.69087,-0.180865,0.618002
2079663311,3,-0.33112,-0.69245,-0.178752,0.615563
2079663321,3,-0.333639,-0.693852,-0.176594,0.613243
2079663331,3,-0.336256,-0.69503,-0.174389,0.611107
2079663341,3,-0.338953,-0.695956,-0.172144,0.609196
2079663351,3,-0.341704,-0.696615,-0.169865,0.607544
2079663361,3,-0.34449,-0.697042,-0.167564,0.606118
2079663371,3,-0.347319,-0.697254,-0.165237,0.604898
2079663382,3,-0.350188,-0.697293,-0.162882,0.603836
2079663392,3,-0.353107,-0.697165,-0.16051,0.602919
2079663402,3,-0.356051,-0.696859,-0.158144,0.602166
2079663412,3,-0.359006,-0.696371,-0.155827,0.60158
2079663422,3,-0.361955,-0.695722,-0.15355,0.601148
2079663432,3,-0.364907,-0.694934,-0.151328,0.600839
2079663442,3,-0.367844,-0.69404,-0.149153,0.600626
2079663452,3,-0.370762,-0.693053,-0.147006,0.6005
2079663462,3,-0.373657,-0.691988,-0.144881,0.600451
2079663472,3,-0.375617,-0.690388,-0.143716,0.601349
2079663482,3,-0.377555,-0.688769,-0.142566,0.602265
2079663492,3,-0.379457,-0.687065,-0.141393,0.603291
2079663502,3,-0.381249,-0.685182,-0.14026,0.604566
2079663513,3,-0.382922,-0.683156,-0.139125,0.606062
2079663523,3,-0.385676,-0.6816,-0.136735,0.606612
2079663533,3,-0.388496,-0.680141,-0.134124,0.607033
2079663543,3,-0.391393,-0.67885,-0.131261,0.607242
2079663553,3,-0.394322,-0.677742,-0.128189,0.607242
2079663563,3,-0.397205,-0.676805,-0.124991,0.607074
2079663573,3,-0.399953,-0.675999,-0.121805,0.606816
2079663583,3,-0.402476,-0.675265,-0.118746,0.60657
2079663593,3,-0.404664,-0.674532,-0.115978,0.606467
2079663603,3,-0.406407,-0.673725,-0.113658,0.606636
2079663613,3,-0.40761,-0.672805,-0.111909,0.607176
2079663623,3,-0.408235,-0.671755,-0.110779,0.608124
2079663633,3,-0.40832,-0.670585,-0.110226,0.609459
2079663644,3,-0.40791,-0.669307,-0.110146,0.61115
2079663654,3,-0.407085,-0.667938,-0.110429,0.613143
2079663664,3,-0.405932,-0.666446,-0.11097,0.615429
2079663674,3,-0.404521,-0.664811,-0.1117,0.617989
2079663684,3,-0.401708,-0.663205,-0.114029,0.621117
2079663694,3,-0.398724,-0.661459,-0.116438,0.624445
2079663704,3,-0.39558,-0.659611,-0.118926,0.627921
2079663714,3,-0.393567,-0.657633,-0.12006,0.631037
2079663724,3,-0.391505,-0.655722,-0.121262,0.634071
2079663734,3,-0.38942,-0.653943,-0.122556,0.636937
2079663744,3,-0.38728,-0.65235,-0.123994,0.639592
2079663754,3,-0.385065,-0.650946,-0.125653,0.642031
2079663764,3,-0.382745,-0.649714,-0.127598,0.644279
2079663774,3,-0.380288,-0.64861,-0.1299,0.646382
2079663785,3,-0.377656,-0.64758,-0.132623,0.648402
2079663795,3,-0.374799,-0.646542,-0.135839,0.650427
2079663805,3,-0.371704,-0.645901,-0.139778,0.652003
2079663815,3,-0.368443,-0.645138,-0.144198,0.653645
2079663825,3,-0.364979,-0.644175,-0.1491,0.655436
2079663835,3,-0.361271,-0.642942,-0.154494,0.657449
2079663845,3,-0.357261,-0.641354,-0.16036,0.659783
2079663855,3,-0.353078,-0.639516,-0.166583,0.662272
2079663865,3,-0.34863,-0.637462,-0.17328,0.664885
2079663875,3,-0.34388,-0.635282,-0.180432,0.667537
2079663885,3,-0.338836,-0.633016,-0.18797,0.670184
2079663895,3,-0.333392,-0.6302,-0.195812,0.673315
2079663905,3,-0.328014,-0.627403,-0.203632,0.676242
2079663916,3,-0.322765,-0.624683,-0.211418,0.678892
2079663926,3,-0.317712,-0.622089,-0.219135,0.681207
2079663936,3,-0.312922,-0.619703,-0.226728,0.683111
2079663946,3,-0.308442,-0.617588,-0.234174,0.68455
2079663956,3,-0.304323,-0.61579,-0.241437,0.68549
2079663966,3,-0.300583,-0.614331,-0.248487,0.68593
2079663976,3,-0.297243,-0.613222,-0.255304,0.685874
2079663986,3,-0.294321,-0.612435,-0.261872,0.685361
2079663996,3,-0.291798,-0.611942,-0.268171,0.684443
2079664006,3,-0.289667,-0.611729,-0.27418,0.683157
2079664016,3,-0.28793,-0.611766,-0.279881,0.681544
2079664026,3,-0.286587,-0.612036,-0.285253,0.679639
2079664036,3,-0.285628,-0.6125,-0.290289,0.677489
2079664047,3,-0.286028,-0.613522,-0.294058,0.674764
2079664057,3,-0.286764,-0.61468,-0.297464,0.671899
2079664067,3,-0.287844,-0.615961,-0.300467,0.668921
2079664077,3,-0.289226,-0.617338,-0.303052,0.665883
2079664087,3,-0.290889,-0.618781,-0.305186,0.662838
2079664097,3,-0.292922,-0.620336,-0.306769,0.659751
2079664107,3,-0.295323,-0.622004,-0.307762,0.65664
2079664117,3,-0.298037,-0.623761,-0.308186,0.65354
2079664127,3,-0.301038,-0.625622,-0.308018,0.650458
2079664137,3,-0.304173,-0.627563,-0.307366,0.647432
2079664147,3,-0.30594,-0.629302,-0.307687,0.644753
2079664157,3,-0.307545,-0.630973,-0.307812,0.642292
2079664167,3,-0.308902,-0.632517,-0.307816,0.640117
2079664178,3,-0.309942,-0.633886,-0.30775,0.638289
2079664188,3,-0.31061,-0.635025,-0.307699,0.636855
2079664198,3,-0.310888,-0.635899,-0.307656,0.635867
2079664208,3,-0.310799,-0.636492,-0.307634,0.635328
2079664218,3,-0.310411,-0.636824,-0.30755,0.635226
2079664228,3,-0.309836,-0.636927,-0.307319,0.635515
2079664238,3,-0.309191,-0.636873,-0.306859,0.636105
2079664248,3,-0.308597,-0.63675,-0.306066,0.636898
2079664258,3,-0.308137,-0.636633,-0.3049,0.637797
2079664268,3,-0.308819,-0.636453,-0.30236,0.638854
2079664278,3,-0.309604,-0.636317,-0.299493,0.63996
2079664288,3,-0.310515,-0.63624,-0.296281,0.641089
2079664298,3,-0.311021,-0.636598,-0.293301,0.641857
2079664308,3,-0.311878,-0.6372,-0.289801,0.642434
2079664319,3,-0.313093,-0.638107,-0.28578,0.642744
2079664329,3,-0.314666,-0.639349,-0.281251,0.64274
2079664339,3,-0.316577,-0.640944,-0.276246,0.642383
2079664349,3,-0.318786,-0.642912,-0.270791,0.641646
2079664359,3,-0.321251,-0.645241,-0.264939,0.640522
2079664369,3,-0.323899,-0.647907,-0.258778,0.639013
2079664379,3,-0.326655,-0.650882,-0.252366,0.637149
2079664389,3,-0.329437,-0.654113,-0.245823,0.634962
2079664399,3,-0.332164,-0.657524,-0.239251,0.632524
2079664409,3,-0.334746,-0.661025,-0.232777,0.629923
2079664419,3,-0.33788,-0.664215,-0.225626,0.627492
2079664429,3,-0.340728,-0.667396,-0.218762,0.625003
2079664439,3,-0.343174,-0.670479,-0.212321,0.622581
2079664450,3,-0.345188,-0.673387,-0.206368,0.620327
2079664460,3,-0.346756,-0.67607,-0.200935,0.618314
2079664470,3,-0.347939,-0.678553,-0.195972,0.61652
2079664480,3,-0.348617,-0.681394,-0.191747,0.614329
2079664490,3,-0.349189,-0.684196,-0.187713,0.612131
2079664500,3,-0.349715,-0.686949,-0.183821,0.609925
2079664510,3,-0.35023,-0.689647,-0.180008,0.607718
2079664520,3,-0.350772,-0.692253,-0.176228,0.605546
2079664530,3,-0.351381,-0.694704,-0.172447,0.603472
2079664540,3,-0.352067,-0.696939,-0.168645,0.601566
2079664550,3,-0.352829,-0.698892,-0.164835,0.599907
2079664560,3,-0.353639,-0.700511,-0.161044,0.598571
2079664570,3,-0.354476,-0.701778,-0.157317,0.597582
2079664581,3,-0.355333,-0.702689,-0.153633,0.59696
2079664591,3,-0.356233,-0.703263,-0.149992,0.596674
2079664601,3,-0.357227,-0.703557,-0.146348,0.596638
2079664611,3,-0.358351,-0.703632,-0.142661,0.596769
2079664621,3,-0.359629,-0.70356,-0.138911,0.596969
2079664631,3,-0.36108,-0.703383,-0.13507,0.597183
2079664641,3,-0.362687,-0.703143,-0.131158,0.597365
2079664651,3,-0.364423,-0.702855,-0.127218,0.597499
2079664661,3,-0.366248,-0.702512,-0.123294,0.597608
2079664671,3,-0.367161,-0.701592,-0.12049,0.5987
2079664681,3,-0.368105,-0.700638,-0.117791,0.599774
2079664691,3,-0.369037,-0.699603,-0.115266,0.600899
2079664701,3,-0.369901,-0.698474,-0.113017,0.602107
2079664711,3,-0.370647,-0.697249,-0.111081,0.603428
2079664722,3,-0.371308,-0.695936,-0.109422,0.604838
2079664732,3,-0.371934,-0.69457,-0.107974,0.606282
2079664742,3,-0.372567,-0.693209,-0.106669,0.607679
2079664752,3,-0.373272,-0.6919,-0.105452,0.60895
2079664762,3,-0.375167,-0.690907,-0.103079,0.609319
2079664772,3,-0.377021,-0.689826,-0.100896,0.609764
2079664782,3,-0.378784,-0.688543,-0.098965,0.610439
2079664792,3,-0.380412,-0.686962,-0.097353,0.611466
2079664802,3,-0.381872,-0.684983,-0.096121,0.612968
2079664812,3,-0.383126,-0.682589,-0.095321,0.614979
2079664822,3,-0.384148,-0.679836,-0.094958,0.617442
2079664832,3,-0.384959,-0.676835,-0.095001,0.620221
2079664842,3,-0.385578,-0.673739,-0.095383,0.623142
2079664853,3,-0.386031,-0.670674,-0.096012,0.626064
2079664863,3,-0.386364,-0.66773,-0.096817,0.628875
2079664873,3,-0.386571,-0.664965,-0.097755,0.631527
2079664883,3,-0.386668,-0.662391,-0.098806,0.634005
2079664893,3,-0.386652,-0.660011,-0.099951,0.636313
2079664903,3,-0.385232,-0.657848,-0.102623,0.638983
2079664913,3,-0.383724,-0.655875,-0.105381,0.641465
2079664923,3,-0.382066,-0.654115,-0.108274,0.643766
2079664933,3,-0.380276,-0.652558,-0.11124,0.645897
2079664943,3,-0.378437,-0.651273,-0.114217,0.647751
2079664953,3,-0.3766,-0.650332,-0.117185,0.649236
2079664963,3,-0.375764,-0.649875,-0.119165,0.649817
2079664973,3,-0.374801,-0.649692,-0.121344,0.650153
2079664984,3,-0.373682,-0.649673,-0.123769,0.650359
2079664994,3,-0.372401,-0.649688,-0.126488,0.650555
2079665004,3,-0.370522,-0.650164,-0.130214,0.650418
2079665014,3,-0.368526,-0.650544,-0.134273,0.650346
2079665024,3,-0.366361,-0.650704,-0.138704,0.650479
2079665034,3,-0.364027,-0.650518,-0.143491,0.650937
2079665044,3,-0.361518,-0.649902,-0.148612,0.651801
2079665054,3,-0.358802,-0.648853,-0.154081,0.653076
2079665064,3,-0.355956,-0.647354,-0.159786,0.654748
2079665074,3,-0.353065,-0.645539,-0.165646,0.656646
2079665084,3,-0.350051,-0.643504,-0.171779,0.658679
2079665094,3,-0.346933,-0.641321,-0.178199,0.660748
2079665104,3,-0.343656,-0.639067,-0.184921,0.662794
2079665115,3,-0.340231,-0.636672,-0.191893,0.664881
2079665125,3,-0.336743,-0.634107,-0.198962,0.667027
2079665135,3,-0.333267,-0.631387,-0.206063,0.669193
2079665145,3,-0.329205,-0.628153,-0.213733,0.671837
2079665155,3,-0.325107,-0.624943,-0.221474,0.674314
2079665165,3,-0.321048,-0.621855,-0.229208,0.676526
2079665175,3,-0.317083,-0.618954,-0.236848,0.678422
2079665185,3,-0.313275,-0.616308,-0.244356,0.679935
2079665195,3,-0.309671,-0.613977,-0.251678,0.681023
2079665205,3,-0.306303,-0.611975,-0.258782,0.681686
2079665215,3,-0.303194,-0.610296,-0.265637,0.681944
2079665225,3,-0.300355,-0.608925,-0.272211,0.681834
2079665235,3,-0.297806,-0.607821,-0.27849,0.681401
2079665245,3,-0.295579,-0.606958,-0.284426,0.680687
2079665256,3,-0.29368,-0.606319,-0.290004,0.679724
2079665266,3,-0.292143,-0.605882,-0.295194,0.678541
2079665276,3,-0.290957,-0.605633,-0.29999,0.677168
2079665286,3,-0.290123,-0.605558,-0.304389,0.675628
2079665296,3,-0.289627,-0.605658,-0.308377,0.673941
2079665306,3,-0.289459,-0.605922,-0.311944,0.672132
2079665316,3,-0.2896,-0.606352,-0.315072,0.670221
2079665326,3,-0.29006,-0.60696,-0.317728,0.668216
2079665336,3,-0.2908,-0.607751,-0.319896,0.666137
2079665346,3,-0.291787,-0.608706,-0.321586,0.664016
2079665356,3,-0.294221,-0.610207,-0.321681,0.661514
2079665366,3,-0.296869,-0.611828,-0.321273,0.659027
2079665376,3,-0.299611,-0.613528,-0.320441,0.656607
2079665387,3,-0.302392,-0.615273,-0.319217,0.654291
2079665397,3,-0.303529,-0.61657,-0.319167,0.652566
2079665407,3,-0.30448,-0.617796,-0.318925,0.65108
2079665417,3,-0.3052,-0.618912,-0.318524,0.649879
2079665427,3,-0.305633,-0.61988,-0.318013,0.649002
2079665437,3,-0.30578,-0.620672,-0.317413,0.648469
2079665447,3,-0.305667,-0.621262,-0.31672,0.648296
2079665457,3,-0.305291,-0.621648,-0.31592,0.648494
2079665467,3,-0.304748,-0.621826,-0.314971,0.64904
2079665477,3,-0.304161,-0.621833,-0.313776,0.649887
2079665487,3,-0.303625,-0.621735,-0.312286,0.650948
2079665497,3,-0.303244,-0.621595,-0.310436,0.652143
2079665507,3,-0.304115,-0.621684,-0.307226,0.653172
2079665518,3,-0.305143,-0.621746,-0.303753,0.654257
2079665528,3,-0.305664,-0.62188,-0.300699,0.655296
2079665538,3,-0.306611,-0.622257,-0.297202,0.656091
2079665548,3,-0.308007,-0.622948,-0.293262,0.656554
2079665558,3,-0.309867,-0.62401,-0.288883,0.656612
2079665568,3,-0.312188,-0.625468,-0.284097,0.656213
2079665578,3,-0.314937,-0.62734,-0.278928,0.655329
2079665588,3,-0.318063,-0.629639,-0.27344,0.653927
2079665598,3,-0.321495,-0.632354,-0.267695,0.652002
2079665608,3,-0.325154,-0.63543,-0.261792,0.64959
2079665618,3,-0.328902,-0.63878,-0.255857,0.646776
2079665628,3,-0.332614,-0.642301,-0.250031,0.643661
2079665638,3,-0.336148,-0.645875,-0.244461,0.640381
2079665649,3,-0.340585,-0.649389,-0.238024,0.636898
2079665659,3,-0.344648,-0.6528,-0.232081,0.633409
2079665669,3,-0.348179,-0.655963,-0.22679,0.630118
2079665679,3,-0.351163,-0.658827,-0.222185,0.627107
2079665689,3,-0.353622,-0.661367,-0.218275,0.624419
2079665699,3,-0.355622,-0.663613,-0.214992,0.622035
2079665709,3,-0.357313,-0.665655,-0.212183,0.619845
2079665719,3,-0.358653,-0.668011,-0.21,0.617275
2079665729,3,-0.360029,-0.67033,-0.20793,0.614654
2079665739,3,-0.361506,-0.672588,-0.205884,0.612004
2079665749,3,-0.36312,-0.674738,-0.203803,0.609373
2079665759,3,-0.364887,-0.676708,-0.201661,0.60684
2079665769,3,-0.366779,-0.678448,-0.199457,0.604481
2079665779,3,-0.368784,-0.679886,-0.197197,0.602383
2079665790,3,-0.370876,-0.680961,-0.194914,0.600625
2079665800,3,-0.373019,-0.681669,-0.192631,0.599229
2079665810,3,-0.375179,-0.681981,-0.190404,0.598236
2079665820,3,-0.377357,-0.681928,-0.188237,0.597612
2079665830,3,-0.379548,-0.68156,-0.186158,0.597296
2079665840,3,-0.381765,-0.680931,-0.184152,0.597223
2079665850,3,-0.384054,-0.680092,-0.182196,0.597311
2079665860,3,-0.386421,-0.679112,-0.180274,0.597482
2079665870,3,-0.388884,-0.678024,-0.178371,0.597691
2079665880,3,-0.391446,-0.676855,-0.176475,0.597906
2079665890,3,-0.394107,-0.67561,-0.174596,0.598118
2079665900,3,-0.39685,-0.674319,-0.172749,0.598298
2079665910,3,-0.399661,-0.672988,-0.170925,0.598448
2079665921,3,-0.401664,-0.671172,-0.170037,0.599399
2079665931,3,-0.403688,-0.66936,-0.169202,0.600301
2079665941,3,-0.405694,-0.667567,-0.16847,0.601151
2079665951,3,-0.407633,-0.665752,-0.167882,0.602016
2079665961,3,-0.409513,-0.663921,-0.167438,0.602885
2079665971,3,-0.411331,-0.662073,-0.167094,0.603775
2079665981,3,-0.413101,-0.660196,-0.166819,0.604697
2079665991,3,-0.415817,-0.658679,-0.16552,0.604846
2079666001,3,-0.418497,-0.657244,-0.164244,0.604907
2079666011,3,-0.421136,-0.655901,-0.162978,0.604875
2079666021,3,-0.423686,-0.654669,-0.161744,0.604761
2079666031,3,-0.426105,-0.653546,-0.160571,0.604589
2079666041,3,-0.428354,-0.652514,-0.1595,0.604398
2079666052,3,-0.430324,-0.651566,-0.15863,0.604251
2079666062,3,-0.431937,-0.650672,-0.158025,0.604221
2079666072,3,-0.43314,-0.649807,-0.157748,0.604363
2079666082,3,-0.433914,-0.648925,-0.157844,0.60473
2079666092,3,-0.434255,-0.647991,-0.158295,0.605368
2079666102,3,-0.43421,-0.646948,-0.15905,0.606318
2079666112,3,-0.433847,-0.645766,-0.160036,0.607577
2079666122,3,-0.433218,-0.644475,-0.161183,0.609091
2079666132,3,-0.431293,-0.643089,-0.163681,0.611253
2079666142,3,-0.429171,-0.641652,-0.166218,0.613567
2079666152,3,-0.426923,-0.640216,-0.168757,0.615938
2079666162,3,-0.424583,-0.63889,-0.171266,0.618236
2079666172,3,-0.423412,-0.638064,-0.172467,0.619557
2079666182,3,-0.422227,-0.637491,-0.173635,0.620628
2079666193,3,-0.421018,-0.637167,-0.174792,0.621456
2079666203,3,-0.419747,-0.637106,-0.17601,0.622035
2079666213,3,-0.418361,-0.637305,-0.177375,0.622377
2079666223,3,-0.416799,-0.637748,-0.178991,0.622509
2079666233,3,-0.414994,-0.638413,-0.180945,0.622467
2079666243,3,-0.412914,-0.639236,-0.183323,0.62231
2079666253,3,-0.410519,-0.640114,-0.186198,0.622138
2079666263,3,-0.407806,-0.641041,-0.189623,0.621934
2079666273,3,-0.404811,-0.641902,-0.193602,0.621777
2079666283,3,-0.401545,-0.642606,-0.198089,0.621754
2079666293,3,-0.398004,-0.64303,-0.203047,0.621993
2079666303,3,-0.394123,-0.643085,-0.208477,0.62261
2079666313,3,-0.389906,-0.642753,-0.21434,0.623617
2079666324,3,-0.385382,-0.642071,-0.220577,0.624956
2079666334,3,-0.380561,-0.641057,-0.227131,0.626601
2079666344,3,-0.375572,-0.639781,-0.23384,0.628445
2079666354,3,-0.370275,-0.638239,-0.240854,0.630504
2079666364,3,-0.365014,-0.636571,-0.247828,0.632551
2079666374,3,-0.359867,-0.634809,-0.254716,0.634532
2079666384,3,-0.354897,-0.633026,-0.261441,0.636375
2079666394,3,-0.35014,-0.631266,-0.267979,0.638036
2079666404,3,-0.345596,-0.629595,-0.274316,0.639471
2079666414,3,-0.341281,-0.628063,-0.280408,0.640651
2079666424,3,-0.337222,-0.626741,-0.286219,0.641524
2079666434,3,-0.333469,-0.625703,-0.291693,0.642034
2079666444,3,-0.330069,-0.625013,-0.296795,0.642124
2079666455,3,-0.327058,-0.624701,-0.301504,0.641775
2079666465,3,-0.324449,-0.624792,-0.305809,0.640973
2079666475,3,-0.322251,-0.625243,-0.309719,0.639764
2079666485,3,-0.320432,-0.62602,-0.313251,0.638196
2079666495,3,-0.318961,-0.627063,-0.316429,0.636338
2079666505,3,-0.31777,-0.628311,-0.319268,0.634282
2079666515,3,-0.316838,-0.629723,-0.321768,0.632081
2079666525,3,-0.31616,-0.631283,-0.323906,0.629768
2079666535,3,-0.315728,-0.632991,-0.32565,0.627366
2079666545,3,-0.315527,-0.634814,-0.327006,0.624916
2079666555,3,-0.316543,-0.636505,-0.326935,0.622715
2079666565,3,-0.317785,-0.638281,-0.326384,0.62055
2079666575,3,-0.319154,-0.640132,-0.325387,0.61846
2079666586,3,-0.320591,-0.642004,-0.323983,0.61651
2079666596,3,-0.322007,-0.643834,-0.322214,0.614789
2079666606,3,-0.323349,-0.645615,-0.320107,0.613316
2079666616,3,-0.324564,-0.647323,-0.317695,0.612127
2079666626,3,-0.325614,-0.648919,-0.31502,0.611261
2079666636,3,-0.326465,-0.650402,-0.312084,0.610736
2079666646,3,-0.325909,-0.651876,-0.310188,0.610428
2079666656,3,-0.325158,-0.653165,-0.30805,0.610534
2079666666,3,-0.324189,-0.654229,-0.3057,0.61109
2079666676,3,-0.322962,-0.655039,-0.303185,0.612124
2079666686,3,-0.321473,-0.655541,-0.300536,0.613676
2079666696,3,-0.319722,-0.655719,-0.297783,0.615739
2079666706,3,-0.317782,-0.655579,-0.294914,0.618268
2079666716,3,-0.315741,-0.655196,-0.29187,0.621156
2079666727,3,-0.313726,-0.654643,-0.288594,0.624284
2079666737,3,-0.311839,-0.653993,-0.285042,0.627534
2079666747,3,-0.310131,-0.6533,-0.28121,0.630822
2079666757,3,-0.308674,-0.6526,-0.277091,0.634076
2079666767,3,-0.308153,-0.651666,-0.272006,0.637483
2079666777,3,-0.307845,-0.650767,-0.26677,0.640754
2079666787,3,-0.307759,-0.649921,-0.261398,0.64386
2079666797,3,-0.307714,-0.649623,-0.256127,0.646297
2079666807,3,-0.308132,-0.649574,-0.250522,0.64834
2079666817,3,-0.30902,-0.64983,-0.244595,0.649923
2079666827,3,-0.310354,-0.650426,-0.238331,0.651017
2079666837,3,-0.312052,-0.651379,-0.231781,0.651617
2079666847,3,-0.314041,-0.652678,-0.224991,0.651742
2079666858,3,-0.316225,-0.654303,-0.218036,0.65142
2079666868,3,-0.318473,-0.656214,-0.211009,0.650716
2079666878,3,-0.320671,-0.658371,-0.203997,0.649693
2079666888,3,-0.322699,-0.660735,-0.197095,0.648419
2079666898,3,-0.324483,-0.663261,-0.190407,0.646946
2079666908,3,-0.326595,-0.665608,-0.18329,0.645527
2079666918,3,-0.328335,-0.668084,-0.176541,0.643966
2079666928,3,-0.329649,-0.670579,-0.170208,0.642405
2079666938,3,-0.33047,-0.673073,-0.164387,0.640888
2079666948,3,-0.330748,-0.675547,-0.159124,0.639468
2079666958,3,-0.330481,-0.677976,-0.154441,0.638183
2079666968,3,-0.329727,-0.680352,-0.150234,0.637047
2079666978,3,-0.328735,-0.683071,-0.146347,0.635554
2079666989,3,-0.327647,-0.685834,-0.142516,0.634008
2079666999,3,-0.326504,-0.688666,-0.138672,0.632378
2079667009,3,-0.325345,-0.691556,-0.134739,0.63067
2079667019,3,-0.324187,-0.694465,-0.13071,0.628915
2079667029,3,-0.323034,-0.697363,-0.126553,0.627149
2079667039,3,-0.321893,-0.700201,-0.122212,0.625432
2079667049,3,-0.320759,-0.702919,-0.117655,0.623839
2079667059,3,-0.319609,-0.705442,-0.112902,0.622457
2079667069,3,-0.317675,-0.7076,-0.10885,0.621719
2079667079,3,-0.315681,-0.709457,-0.104698,0.621331
2079667089,3,-0.313628,-0.710961,-0.100429,0.621357
2079667099,3,-0.311503,-0.712127,-0.096042,0.621785
2079667109,3,-0.309348,-0.713015,-0.091478,0.62253
2079667119,3,-0.308501,-0.714174,-0.08535,0.622493
2079667130,3,-0.307808,-0.715293,-0.078938,0.622397
2079667140,3,-0.307289,-0.716407,-0.072263,0.622182
2079667150,3,-0.306947,-0.717519,-0.065339,0.621835
2079667160,3,-0.305396,-0.718194,-0.059711,0.622385
2079667170,3,-0.304054,-0.7189,-0.053889,0.622758
2079667180,3,-0.302876,-0.719598,-0.047984,0.623009
2079667190,3,-0.301774,-0.720239,-0.042115,0.623228
2079667200,3,-0.300708,-0.720793,-0.036351,0.623466
2079667210,3,-0.300697,-0.721524,-0.029658,0.62298
2079667220,3,-0.300642,-0.722166,-0.023269,0.622534
2079667230,3,-0.300533,-0.722723,-0.017188,0.622137
2079667240,3,-0.300409,-0.723205,-0.01142,0.621769
2079667250,3,-0.300265,-0.723625,-0.005962,0.621426
2079667261,3,-0.300085,-0.723986,-8.0E-4,0.62112
2079667271,3,-0.299814,-0.724278,0.004007,0.620898
2079667281,3,-0.299387,-0.724484,0.008424,0.620821
2079667291,3,-0.298732,-0.724579,0.012363,0.620959
2079667301,3,-0.297801,-0.724515,0.015751,0.621404
2079667311,3,-0.296587,-0.724253,0.018579,0.622212
2079667321,3,-0.295091,-0.72379,0.020867,0.623388
2079667331,3,-0.29333,-0.723198,0.022687,0.624841
2079667341,3,-0.291303,-0.72254,0.024095,0.626495
2079667351,3,-0.289031,-0.721887,0.025151,0.628256
2079667361,3,-0.286547,-0.721252,0.025906,0.63009
2079667371,3,-0.282437,-0.720548,0.024792,0.63279
2079667381,3,-0.278218,-0.71991,0.02344,0.635432
2079667392,3,-0.273946,-0.719304,0.021913,0.638024
2079667402,3,-0.269705,-0.718793,0.02027,0.640456
2079667412,3,-0.265591,-0.718432,0.018558,0.642628
2079667422,3,-0.261603,-0.718178,0.016817,0.644592
2079667432,3,-0.259038,-0.718321,0.016325,0.645481
2079667442,3,-0.256413,-0.718665,0.015526,0.646166
2079667452,3,-0.25369,-0.719196,0.01435,0.646677
2079667462,3,-0.250842,-0.719888,0.012708,0.647052
2079667472,3,-0.247859,-0.72068,0.010565,0.647359
2079667482,3,-0.244689,-0.721491,0.007853,0.647699
2079667492,3,-0.241345,-0.722234,0.004546,0.648158
2079667502,3,-0.237817,-0.722813,6.1E-4,0.648832
2079667512,3,-0.233898,-0.723464,-0.004232,0.649517
2079667523,3,-0.229865,-0.72386,-0.009607,0.650457
2079667533,3,-0.225744,-0.723911,-0.015428,0.651731
2079667543,3,-0.221502,-0.723518,-0.021648,0.653444
2079667553,3,-0.217106,-0.722624,-0.028239,0.655653
2079667563,3,-0.212514,-0.721255,-0.035168,0.658325
2079667573,3,-0.207797,-0.719465,-0.042326,0.661361
2079667583,3,-0.202991,-0.717311,-0.049629,0.664677
2079667593,3,-0.198117,-0.714856,-0.057042,0.668188
2079667603,3,-0.19324,-0.712197,-0.064493,0.671768
2079667613,3,-0.188406,-0.709388,-0.071897,0.675353
2079667623,3,-0.183264,-0.706472,-0.079644,0.678946
2079667633,3,-0.178168,-0.703527,-0.087304,0.68241
2079667643,3,-0.173159,-0.700585,-0.094845,0.685711
2079667653,3,-0.168272,-0.697677,-0.102232,0.688824
2079667664,3,-0.163535,-0.694873,-0.109405,0.691691
2079667674,3,-0.159007,-0.692227,-0.116333,0.694265
2079667684,3,-0.154718,-0.68981,-0.122994,0.696488
2079667694,3,-0.150683,-0.687686,-0.129371,0.698315
2079667704,3,-0.146902,-0.685904,-0.135483,0.699713
2079667714,3,-0.143377,-0.684455,-0.141352,0.700701
2079667724,3,-0.140086,-0.683312,-0.146976,0.701325
2079667734,3,-0.137059,-0.682446,-0.152351,0.701619
2079667744,3,-0.1343,-0.681838,-0.15745,0.701618
2079667754,3,-0.131837,-0.68148,-0.162254,0.701339
2079667764,3,-0.129688,-0.681349,-0.166743,0.700814
2079667774,3,-0.127841,-0.681427,-0.170907,0.700074
2079667784,3,-0.126314,-0.681704,-0.174709,0.699142
2079667795,3,-0.12512,-0.682153,-0.178107,0.69806
2079667805,3,-0.125601,-0.683066,-0.179755,0.696658
2079667815,3,-0.126391,-0.684137,-0.180908,0.695163
2079667825,3,-0.127445,-0.685305,-0.181558,0.69365
2079667835,3,-0.128748,-0.686529,-0.18166,0.692171
2079667845,3,-0.130255,-0.68779,-0.181214,0.690752
2079667855,3,-0.131933,-0.689045,-0.180237,0.689437
2079667865,3,-0.133707,-0.690262,-0.178751,0.688264
2079667875,3,-0.135528,-0.691408,-0.176783,0.687265
2079667885,3,-0.135921,-0.692019,-0.175817,0.68682
2079667895,3,-0.136359,-0.69254,-0.174373,0.686577
2079667905,3,-0.13685,-0.692952,-0.17245,0.686549
2079667915,3,-0.13737,-0.693222,-0.170099,0.686758
2079667926,3,-0.137856,-0.693308,-0.167337,0.687253
2079667936,3,-0.138287,-0.693182,-0.164219,0.688045
2079667946,3,-0.138663,-0.692862,-0.160761,0.689108
2079667956,3,-0.13903,-0.692417,-0.156986,0.69035
2079667966,3,-0.13948,-0.691959,-0.152865,0.691642
2079667976,3,-0.141171,-0.69174,-0.14729,0.692728
2079667986,3,-0.142941,-0.691532,-0.141506,0.693776
2079667996,3,-0.144829,-0.691406,-0.135501,0.694709
2079668006,3,-0.146867,-0.691408,-0.12929,0.695462
2079668016,3,-0.148418,-0.692012,-0.123558,0.695574
2079668026,3,-0.150224,-0.693078,-0.117587,0.69516
2079668036,3,-0.152276,-0.694633,-0.111398,0.69418
2079668046,3,-0.154535,-0.696713,-0.105016,0.692589
2079668057,3,-0.156967,-0.699274,-0.098482,0.690418
2079668067,3,-0.159537,-0.702238,-0.091815,0.687734
2079668077,3,-0.162177,-0.705497,-0.085056,0.684644
2079668087,3,-0.164857,-0.708919,-0.078251,0.681272
2079668097,3,-0.167515,-0.712398,-0.071436,0.677733
2079668107,3,-0.170097,-0.715794,-0.06471,0.674179
2079668117,3,-0.172561,-0.719001,-0.058126,0.670731
2079668127,3,-0.174847,-0.721922,-0.05177,0.667514
2079668137,3,-0.176934,-0.724503,-0.045715,0.664603
2079668147,3,-0.179328,-0.727068,-0.039497,0.661552
2079668157,3,-0.181456,-0.729172,-0.033705,0.658972
2079668167,3,-0.183322,-0.730889,-0.028369,0.656801
2079668177,3,-0.184909,-0.732316,-0.023552,0.654955
2079668187,3,-0.186245,-0.73355,-0.01924,0.653334
2079668198,3,-0.187322,-0.734693,-0.015454,0.651841
2079668208,3,-0.188181,-0.735947,-0.012215,0.650246
2079668218,3,-0.188986,-0.737091,-0.00927,0.648763
2079668228,3,-0.189778,-0.738073,-0.006564,0.647447
2079668238,3,-0.1906,-0.738855,-0.004032,0.646333
2079668248,3,-0.191478,-0.739408,-0.001624,0.645451
2079668258,3,-0.192465,-0.739738,7.01E-4,0.644782
2079668268,3,-0.193571,-0.73986,0.002982,0.644304
2079668278,3,-0.194812,-0.739815,0.005247,0.643966
2079668288,3,-0.196189,-0.739635,0.007507,0.643733
2079668298,3,-0.197696,-0.739341,0.009784,0.643579
2079668308,3,-0.199323,-0.738954,0.01207,0.643483
2079668318,3,-0.201063,-0.738467,0.014348,0.643454
2079668329,3,-0.202905,-0.737871,0.01656,0.643507
2079668339,3,-0.204838,-0.737163,0.018707,0.643647
2079668349,3,-0.206876,-0.736378,0.020789,0.643829
2079668359,3,-0.209028,-0.735588,0.02282,0.643968
2079668369,3,-0.211305,-0.734854,0.024821,0.643989
2079668379,3,-0.213705,-0.734254,0.026819,0.643802
2079668389,3,-0.216228,-0.733844,0.028844,0.643339
2079668399,3,-0.218856,-0.733656,0.030893,0.642569
2079668409,3,-0.220292,-0.733146,0.031762,0.642617
2079668419,3,-0.221786,-0.732901,0.032658,0.642339
2079668429,3,-0.223321,-0.732877,0.033599,0.641786
2079668439,3,-0.224848,-0.733086,0.03453,0.640964
2079668449,3,-0.226379,-0.73347,0.035477,0.639933
2079668460,3,-0.229195,-0.734366,0.037753,0.637768
2079668470,3,-0.232002,-0.735349,0.040081,0.635475
2079668480,3,-0.234784,-0.736385,0.042408,0.633099
2079668490,3,-0.237514,-0.737428,0.044712,0.630703
2079668500,3,-0.240152,-0.738438,0.046963,0.628354
2079668510,3,-0.242654,-0.739362,0.049094,0.62614
2079668520,3,-0.244968,-0.740126,0.051053,0.624176
2079668530,3,-0.247014,-0.740667,0.052748,0.622586
2079668540,3,-0.248712,-0.740935,0.054101,0.621474
2079668550,3,-0.249995,-0.740922,0.055069,0.620889
2079668560,3,-0.250837,-0.740646,0.055667,0.620825
2079668570,3,-0.251228,-0.740161,0.055962,0.621219
2079668580,3,-0.251225,-0.73948,0.056012,0.622026
2079668590,3,-0.250866,-0.738627,0.055887,0.623194
2079668601,3,-0.250184,-0.737615,0.055636,0.624688
2079668611,3,-0.247816,-0.736334,0.053762,0.627302
2079668621,3,-0.245238,-0.734873,0.051905,0.630178
2079668631,3,-0.242456,-0.733235,0.050116,0.6333
2079668641,3,-0.239435,-0.731528,0.048364,0.636551
2079668651,3,-0.236158,-0.729902,0.046624,0.639763
2079668661,3,-0.232615,-0.728551,0.044835,0.642722
2079668671,3,-0.228847,-0.727555,0.042911,0.645329
2079668681,3,-0.22565,-0.727334,0.04146,0.646797
2079668691,3,-0.22216,-0.727267,0.039699,0.648189
2079668701,3,-0.218401,-0.727261,0.037601,0.649598
2079668711,3,-0.214355,-0.727205,0.035144,0.651144
2079668721,3,-0.210026,-0.726983,0.032296,0.652948
2079668732,3,-0.20542,-0.726457,0.029037,0.655148
2079668742,3,-0.200482,-0.72616,0.024993,0.657169
2079668752,3,-0.195397,-0.725441,0.020596,0.659644
2079668762,3,-0.190177,-0.724194,0.015873,0.662663
2079668772,3,-0.184774,-0.72233,0.01075,0.666319
2079668782,3,-0.179154,-0.719814,0.005211,0.670629
2079668792,3,-0.173276,-0.716658,-7.32E-4,0.675555
2079668802,3,-0.167204,-0.712887,-0.006987,0.681017
2079668812,3,-0.161029,-0.708581,-0.013418,0.686878
2079668822,3,-0.154823,-0.703876,-0.019939,0.692957
2079668832,3,-0.148639,-0.698923,-0.026541,0.699075
2079668842,3,-0.142536,-0.693874,-0.033152,0.705069
2079668852,3,-0.136063,-0.688618,-0.040208,0.711108
2079668863,3,-0.129734,-0.683598,-0.047279,0.716677
2079668873,3,-0.12359,-0.678902,-0.054342,0.721708
2079668883,3,-0.117668,-0.674586,-0.06138,0.726168
2079668893,3,-0.112026,-0.670703,-0.068385,0.73002
2079668903,3,-0.106681,-0.667276,-0.075347,0.733269
2079668913,3,-0.101667,-0.664344,-0.082233,0.735899
2079668923,3,-0.097018,-0.66191,-0.088999,0.73793
2079668933,3,-0.092753,-0.659966,-0.09562,0.73939
2079668943,3,-0.088853,-0.658478,-0.102101,0.740328
2079668953,3,-0.085341,-0.657402,-0.108407,0.740801
2079668963,3,-0.082239,-0.656698,-0.114504,0.740859
2079668973,3,-0.07956,-0.656322,-0.12034,0.740559
2079668983,3,-0.077335,-0.656259,-0.125861,0.739933
2079668994,3,-0.07563,-0.656501,-0.130992,0.739003
2079669004,3,-0.07448,-0.657062,-0.135666,0.737778
2079669014,3,-0.07391,-0.657942,-0.13982,0.736273
2079669024,3,-0.073906,-0.65914,-0.143421,0.734507
2079669034,3,-0.074462,-0.660634,-0.146443,0.73251
2079669044,3,-0.075543,-0.662388,-0.148856,0.730326
2079669054,3,-0.07709,-0.664353,-0.150649,0.728008
2079669064,3,-0.080272,-0.667411,-0.150637,0.724863
2079669074,3,-0.08389,-0.670609,-0.149898,0.721647
2079669084,3,-0.087817,-0.673834,-0.14851,0.718456
2079669094,3,-0.090397,-0.675796,-0.148002,0.716395
2079669104,3,-0.093028,-0.67753,-0.14703,0.714618
2079669114,3,-0.095647,-0.679019,-0.145631,0.713145
2079669124,3,-0.098272,-0.680296,-0.143831,0.711935
2079669135,3,-0.100864,-0.681419,-0.141669,0.710931
2079669145,3,-0.103423,-0.682427,-0.13917,0.710089
2079669155,3,-0.105917,-0.683333,-0.136417,0.709384
2079669165,3,-0.108294,-0.684115,-0.133462,0.708834
2079669175,3,-0.11049,-0.684727,-0.13041,0.708472
2079669185,3,-0.112422,-0.685128,-0.127321,0.708342
2079669195,3,-0.114097,-0.685322,-0.124239,0.708434
2079669205,3,-0.115576,-0.685388,-0.121148,0.708665
2079669215,3,-0.11698,-0.685479,-0.117994,0.70888
2079669225,3,-0.119619,-0.68598,-0.113541,0.708682
2079669235,3,-0.122175,-0.686584,-0.109079,0.708361
2079669245,3,-0.1247,-0.6874,-0.104562,0.707811
2079669255,3,-0.126563,-0.688722,-0.100618,0.706766
2079669266,3,-0.128601,-0.69046,-0.096419,0.705286
2079669276,3,-0.130792,-0.692598,-0.092002,0.703374
2079669286,3,-0.133097,-0.695098,-0.087387,0.701061
2079669296,3,-0.135451,-0.697888,-0.082647,0.698407
2079669306,3,-0.137789,-0.700882,-0.077851,0.695497
2079669316,3,-0.140072,-0.703988,-0.073043,0.692419
2079669326,3,-0.142273,-0.707146,-0.068255,0.689234
2079669336,3,-0.144396,-0.710329,-0.063521,0.685964
2079669346,3,-0.14643,-0.713516,-0.058845,0.682634
2079669356,3,-0.148399,-0.716673,-0.054261,0.679273
2079669366,3,-0.150817,-0.719843,-0.049271,0.67576
2079669376,3,-0.153128,-0.722938,-0.044466,0.672261
2079669386,3,-0.155325,-0.725896,-0.039885,0.668847
2079669397,3,-0.15741,-0.728659,-0.035543,0.665592
2079669407,3,-0.15937,-0.731216,-0.031459,0.66252
2079669417,3,-0.161168,-0.733508,-0.027695,0.659714
2079669427,3,-0.162805,-0.735541,-0.024247,0.65718
2079669437,3,-0.164272,-0.737309,-0.021148,0.654936
2079669447,3,-0.165641,-0.738827,-0.018317,0.652963
2079669457,3,-0.167126,-0.740355,-0.01556,0.650922
2079669467,3,-0.168714,-0.741799,-0.012859,0.648925
2079669477,3,-0.170428,-0.743177,-0.010173,0.646944
2079669487,3,-0.172282,-0.744483,-0.0075,0.644985
2079669497,3,-0.174281,-0.745712,-0.004809,0.643051
2079669507,3,-0.176409,-0.746829,-0.002117,0.641187
2079669517,3,-0.178632,-0.747763,5.17E-4,0.639484
2079669527,3,-0.180923,-0.74844,0.003138,0.638038
2079669538,3,-0.183257,-0.748805,0.005631,0.636926
2079669548,3,-0.185622,-0.748843,0.008,0.636171
2079669558,3,-0.188042,-0.748587,0.01024,0.635729
2079669568,3,-0.190535,-0.748085,0.012377,0.63554
2079669578,3,-0.193149,-0.74742,0.014434,0.63549
2079669588,3,-0.195915,-0.746696,0.016441,0.635445
2079669598,3,-0.198882,-0.746006,0.018411,0.63528
2079669608,3,-0.202085,-0.745454,0.020375,0.634857
2079669618,3,-0.205518,-0.745109,0.022337,0.634093
2079669628,3,-0.209152,-0.745003,0.024271,0.632958
2079669638,3,-0.21294,-0.745112,0.02614,0.631491
2079669648,3,-0.215849,-0.744843,0.026956,0.630785
2079669658,3,-0.218825,-0.744739,0.02758,0.629855
2079669669,3,-0.221807,-0.744645,0.027957,0.628905
2079669679,3,-0.224766,-0.744457,0.028123,0.62807
2079669689,3,-0.22771,-0.744132,0.028133,0.627394
2079669699,3,-0.230677,-0.743685,0.02808,0.626842
2079669709,3,-0.233682,-0.743162,0.028023,0.626351
2079669719,3,-0.238099,-0.743119,0.029398,0.624673
2079669729,3,-0.242553,-0.743126,0.030828,0.62288
2079669739,3,-0.246985,-0.74319,0.032268,0.620987
2079669749,3,-0.251305,-0.74329,0.033664,0.619057
2079669759,3,-0.255425,-0.74336,0.03492,0.617214
2079669769,3,-0.259236,-0.743285,0.035939,0.615655
2079669779,3,-0.262682,-0.742946,0.036617,0.614562
2079669789,3,-0.265686,-0.742261,0.036897,0.614082
2079669800,3,-0.268206,-0.741212,0.036763,0.614261
2079669810,3,-0.270248,-0.739832,0.036251,0.61506
2079669820,3,-0.271851,-0.738162,0.035437,0.616406
2079669830,3,-0.273047,-0.73627,0.03442,0.618196
2079669840,3,-0.273889,-0.734195,0.033263,0.62035
2079669850,3,-0.273053,-0.73178,0.030547,0.623703
2079669860,3,-0.271969,-0.729261,0.027824,0.627245
2079669870,3,-0.270604,-0.7267,0.025054,0.630913
2079669880,3,-0.268954,-0.724169,0.022162,0.634627
2079669890,3,-0.266984,-0.721734,0.019102,0.638321
2079669900,3,-0.2647,-0.71945,0.015855,0.641929
2079669910,3,-0.262145,-0.717339,0.012443,0.645405
2079669920,3,-0.259401,-0.715434,0.008916,0.648679
2079669931,3,-0.256483,-0.713713,0.005254,0.651768
2079669941,3,-0.253352,-0.712153,0.001397,0.654712
2079669951,3,-0.249967,-0.71072,-0.002696,0.65756
2079669961,3,-0.246293,-0.709412,-0.007128,0.660319
2079669971,3,-0.242346,-0.708145,-0.011906,0.663066
2079669981,3,-0.238138,-0.706831,-0.017039,0.665874
2079669991,3,-0.233633,-0.705401,-0.022572,0.668815
2079670001,3,-0.228898,-0.703747,-0.028421,0.671964
2079670011,3,-0.223931,-0.701758,-0.034546,0.675422
2079670021,3,-0.218716,-0.699409,-0.040941,0.6792
2079670031,3,-0.213276,-0.696699,-0.047552,0.683272
2079670041,3,-0.207667,-0.693657,-0.054315,0.687577
2079670051,3,-0.201904,-0.690367,-0.061162,0.692016
2079670061,3,-0.196067,-0.686841,-0.068007,0.69655
2079670072,3,-0.190211,-0.683141,-0.074801,0.7011
2079670082,3,-0.1841,-0.678783,-0.081678,0.706178
2079670092,3,-0.178142,-0.674387,-0.088373,0.711095
2079670102,3,-0.172396,-0.670013,-0.094831,0.715799
2079670112,3,-0.166936,-0.665722,-0.101022,0.720236
2079670122,3,-0.161815,-0.661574,-0.106934,0.724361
2079670132,3,-0.157066,-0.657623,-0.112558,0.728143
2079670142,3,-0.15269,-0.653912,-0.117911,0.731561
2079670152,3,-0.148696,-0.650467,-0.123019,0.734606
2079670162,3,-0.145091,-0.647318,-0.127903,0.73727
2079670172,3,-0.141882,-0.64446,-0.132562,0.739572
2079670182,3,-0.139058,-0.64189,-0.13702,0.741528
2079670192,3,-0.136586,-0.639592,-0.141304,0.743168
2079670203,3,-0.13445,-0.637528,-0.145449,0.744529
2079670213,3,-0.132614,-0.635693,-0.149477,0.745629
2079670223,3,-0.131063,-0.634102,-0.153392,0.746463
2079670233,3,-0.129828,-0.632792,-0.157212,0.746996
2079670243,3,-0.128904,-0.631828,-0.160941,0.747177
2079670253,3,-0.128311,-0.631267,-0.164564,0.746964
2079670263,3,-0.128057,-0.631154,-0.168112,0.746313
2079670273,3,-0.128125,-0.631507,-0.171608,0.745206
2079670283,3,-0.128477,-0.632319,-0.175034,0.743659
2079670293,3,-0.130827,-0.634397,-0.176891,0.741035
2079670303,3,-0.133424,-0.636929,-0.178621,0.737978
2079670313,3,-0.136236,-0.639868,-0.180221,0.734525
2079670323,3,-0.139185,-0.643157,-0.181684,0.73073
2079670334,3,-0.140197,-0.645597,-0.184778,0.727602
2079670344,3,-0.141149,-0.648035,-0.187803,0.724469
2079670354,3,-0.142026,-0.650378,-0.190715,0.721432
2079670364,3,-0.142842,-0.652539,-0.193437,0.718588
2079670374,3,-0.14363,-0.654513,-0.195886,0.715968
2079670384,3,-0.144422,-0.656301,-0.197993,0.713589
2079670394,3,-0.145261,-0.657907,-0.199743,0.711448
2079670404,3,-0.146176,-0.659349,-0.201088,0.709545
2079670414,3,-0.147211,-0.660655,-0.201992,0.707857
2079670424,3,-0.148442,-0.661845,-0.202402,0.70637
2079670434,3,-0.149921,-0.662964,-0.202271,0.705044
2079670444,3,-0.151698,-0.664055,-0.201575,0.703835
2079670454,3,-0.153824,-0.665165,-0.200286,0.702693
2079670465,3,-0.157491,-0.666902,-0.197295,0.701078
2079670475,3,-0.161387,-0.668575,-0.193884,0.699548
2079670485,3,-0.164712,-0.670126,-0.190863,0.698119
2079670495,3,-0.168487,-0.67201,-0.187286,0.696374
2079670505,3,-0.172703,-0.674291,-0.183204,0.694219
2079670515,3,-0.177296,-0.677021,-0.178677,0.691579
2079670525,3,-0.18221,-0.680203,-0.173772,0.688422
2079670535,3,-0.187363,-0.683823,-0.168566,0.684737
2079670545,3,-0.192671,-0.687824,-0.163147,0.680557
2079670555,3,-0.198008,-0.692139,-0.157611,0.675939
2079670565,3,-0.203272,-0.696681,-0.15208,0.670959
2079670575,3,-0.208368,-0.701351,-0.146676,0.665713
2079670585,3,-0.213168,-0.706028,-0.141526,0.660343
2079670595,3,-0.217591,-0.710565,-0.136751,0.655018
2079670606,3,-0.222911,-0.714977,-0.130937,0.649594
2079670616,3,-0.227606,-0.719061,-0.125745,0.644464
2079670626,3,-0.231673,-0.722672,-0.121231,0.639824
2079670636,3,-0.235085,-0.725725,-0.117433,0.635819
2079670646,3,-0.237896,-0.728202,-0.114337,0.632497
2079670656,3,-0.240234,-0.730158,-0.111825,0.629802
2079670666,3,-0.242196,-0.731682,-0.109825,0.62763
2079670676,3,-0.243847,-0.732858,-0.108273,0.625886
2079670686,3,-0.245299,-0.733783,-0.107057,0.624443
2079670696,3,-0.246628,-0.735033,-0.106205,0.622591
2079670706,3,-0.248059,-0.736115,-0.105366,0.620884
2079670716,3,-0.249619,-0.737003,-0.104485,0.619353
2079670726,3,-0.251357,-0.737643,-0.103538,0.618046
2079670737,3,-0.25327,-0.738004,-0.102497,0.617006
2079670747,3,-0.255367,-0.738058,-0.101383,0.616262
2079670757,3,-0.257638,-0.737801,-0.100192,0.615818
2079670767,3,-0.260076,-0.737256,-0.09894,0.615649
2079670777,3,-0.262666,-0.736487,-0.097665,0.615673
2079670787,3,-0.265418,-0.735574,-0.096364,0.615789
2079670797,3,-0.268341,-0.73458,-0.09505,0.615914
2079670807,3,-0.271449,-0.733581,-0.093701,0.615949
2079670817,3,-0.274777,-0.732629,-0.092315,0.615815
2079670827,3,-0.278335,-0.731759,-0.090864,0.615467
2079670837,3,-0.282105,-0.731005,-0.089358,0.614868
2079670847,3,-0.286078,-0.730356,-0.0878,0.614027
2079670857,3,-0.290212,-0.729772,-0.08622,0.613005
2079670868,3,-0.29374,-0.728525,-0.08534,0.61293
2079670878,3,-0.297354,-0.72734,-0.084531,0.612708
2079670888,3,-0.301031,-0.726143,-0.083814,0.61243
2079670898,3,-0.304708,-0.724867,-0.083245,0.612201
2079670908,3,-0.308377,-0.723447,-0.082833,0.612099
2079670918,3,-0.312047,-0.721801,-0.082538,0.612223
2079670928,3,-0.3157,-0.719909,-0.082347,0.612602
2079670938,3,-0.319369,-0.717811,-0.082205,0.613181
2079670948,3,-0.323027,-0.715482,-0.082156,0.613993
2079670958,3,-0.326673,-0.712927,-0.082202,0.615029
2079670968,3,-0.330266,-0.710133,-0.082391,0.616316
2079670978,3,-0.334542,-0.707151,-0.081858,0.617508
2079670988,3,-0.33865,-0.703794,-0.081611,0.619136
2079670998,3,-0.342487,-0.70001,-0.081776,0.621288
2079671009,3,-0.34598,-0.695758,-0.082458,0.624034
2079671019,3,-0.349081,-0.691054,-0.08371,0.627357
2079671029,3,-0.351809,-0.685967,-0.085521,0.631161
2079671039,3,-0.354204,-0.680614,-0.087825,0.635287
2079671049,3,-0.356298,-0.675119,-0.090527,0.639585
2079671059,3,-0.358116,-0.669575,-0.093552,0.643948
2079671069,3,-0.359679,-0.664085,-0.096834,0.648262
2079671079,3,-0.360994,-0.658687,-0.100343,0.652491
2079671089,3,-0.362077,-0.653441,-0.104064,0.656571
2079671099,3,-0.362882,-0.64844,-0.108008,0.660435
2079671109,3,-0.36339,-0.643774,-0.112138,0.664023
2079671119,3,-0.362894,-0.639441,-0.117167,0.667602
2079671129,3,-0.362161,-0.635545,-0.122331,0.670787
2079671140,3,-0.361261,-0.632074,-0.12755,0.673574
2079671150,3,-0.361171,-0.629373,-0.131952,0.675302
2079671160,3,-0.361051,-0.627284,-0.136282,0.676449
2079671170,3,-0.360926,-0.625772,-0.140561,0.67704
2079671180,3,-0.360794,-0.624771,-0.144807,0.67714
2079671190,3,-0.360641,-0.624184,-0.149053,0.676841
2079671200,3,-0.360435,-0.623904,-0.153317,0.676257
2079671210,3,-0.360147,-0.623782,-0.157657,0.675524
2079671220,3,-0.359717,-0.623689,-0.162126,0.674781
2079671230,3,-0.359124,-0.624381,-0.167026,0.67326
2079671240,3,-0.358393,-0.624917,-0.172061,0.671883
2079671250,3,-0.357465,-0.625164,-0.177262,0.670795
2079671260,3,-0.35631,-0.625096,-0.182623,0.670034
2079671271,3,-0.3549,-0.6247,-0.188145,0.669623
2079671281,3,-0.353191,-0.62398,-0.193852,0.66957
2079671291,3,-0.351169,-0.622922,-0.199728,0.669892
2079671301,3,-0.348832,-0.621514,-0.205745,0.670599
2079671311,3,-0.3462,-0.61972,-0.211835,0.671727
2079671321,3,-0.343315,-0.61751,-0.217922,0.673294
2079671331,3,-0.340263,-0.614919,-0.223908,0.675247
2079671341,3,-0.336615,-0.611087,-0.230023,0.678491
2079671351,3,-0.332862,-0.607126,-0.236,0.681838
2079671361,3,-0.329078,-0.603137,-0.241809,0.685172
2079671371,3,-0.325305,-0.599217,-0.247432,0.688398
2079671381,3,-0.321563,-0.595429,-0.25286,0.691463
2079671391,3,-0.317892,-0.591831,-0.258081,0.694315
2079671402,3,-0.314307,-0.588481,-0.263097,0.696907
2079671412,3,-0.310833,-0.585433,-0.267902,0.699198
2079671422,3,-0.307489,-0.582718,-0.272512,0.70116
2079671432,3,-0.304275,-0.580382,-0.276919,0.702771
2079671442,3,-0.301204,-0.578413,-0.281124,0.704047
2079671452,3,-0.298252,-0.576808,-0.285148,0.705001
2079671462,3,-0.295426,-0.575544,-0.288996,0.705658
2079671472,3,-0.29274,-0.574596,-0.292654,0.706042
2079671482,3,-0.290234,-0.573981,-0.296096,0.706141
2079671492,3,-0.287949,-0.573757,-0.299284,0.705915
2079671502,3,-0.285935,-0.573975,-0.302193,0.705317
2079671512,3,-0.285513,-0.575271,-0.303756,0.703759
2079671522,3,-0.285466,-0.577035,-0.30497,0.701806
2079671532,3,-0.28577,-0.579267,-0.305847,0.699458
2079671543,3,-0.286316,-0.581926,-0.306469,0.69675
2079671553,3,-0.28709,-0.584967,-0.306847,0.693712
2079671563,3,-0.28804,-0.588346,-0.307,0.690385
2079671573,3,-0.289204,-0.592098,-0.306897,0.686727
2079671583,3,-0.2906,-0.596221,-0.306504,0.682734
2079671593,3,-0.292235,-0.600671,-0.305788,0.678443
2079671603,3,-0.29408,-0.605395,-0.30474,0.673903
2079671613,3,-0.296145,-0.610322,-0.303334,0.669173
2079671623,3,-0.298363,-0.615361,-0.301601,0.664338
2079671633,3,-0.299272,-0.619888,-0.300868,0.660039
2079671643,3,-0.300169,-0.624241,-0.299921,0.655948
2079671653,3,-0.301033,-0.62834,-0.298763,0.652156
2079671663,3,-0.30185,-0.632094,-0.297408,0.648761
2079671674,3,-0.302607,-0.635455,-0.295845,0.645833
2079671684,3,-0.303303,-0.638384,-0.294085,0.643417
2079671694,3,-0.30398,-0.6409,-0.292116,0.64149
2079671704,3,-0.305735,-0.643487,-0.288875,0.639531
2079671714,3,-0.307437,-0.645607,-0.285561,0.638065
2079671724,3,-0.30917,-0.647408,-0.282124,0.636931
2079671734,3,-0.310572,-0.649321,-0.278985,0.635683
2079671744,3,-0.312356,-0.651378,-0.275443,0.634247
2079671754,3,-0.314541,-0.653639,-0.271493,0.632542
2079671764,3,-0.317109,-0.65612,-0.267158,0.630534
2079671774,3,-0.320009,-0.658806,-0.262472,0.628232
2079671784,3,-0.323144,-0.661656,-0.257512,0.62568
2079671794,3,-0.326418,-0.664578,-0.252366,0.622974
2079671805,3,-0.329704,-0.66746,-0.247151,0.620247
2079671815,3,-0.332871,-0.670199,-0.241959,0.617644
2079671825,3,-0.335806,-0.672722,-0.236896,0.615271
2079671835,3,-0.338463,-0.674968,-0.232026,0.613208
2079671845,3,-0.340786,-0.676908,-0.227395,0.611515
2079671855,3,-0.343392,-0.678458,-0.222333,0.610199
2079671865,3,-0.345573,-0.679632,-0.217663,0.609345
2079671875,3,-0.347358,-0.680448,-0.2134,0.608927
2079671885,3,-0.348805,-0.680963,-0.209502,0.608878
2079671895,3,-0.350003,-0.681214,-0.205926,0.60913
2079671905,3,-0.35102,-0.681268,-0.202626,0.609589
2079671915,3,-0.351881,-0.681167,-0.199605,0.610203
2079671925,3,-0.352683,-0.680947,-0.196805,0.610894
2079671936,3,-0.353476,-0.680616,-0.194196,0.61164
2079671946,3,-0.354315,-0.680161,-0.191733,0.612436
2079671956,3,-0.355215,-0.679617,-0.189396,0.613246
2079671966,3,-0.356218,-0.678964,-0.187177,0.614069
2079671976,3,-0.357369,-0.678214,-0.185035,0.614877
2079671986,3,-0.35926,-0.677616,-0.18235,0.615236
2079671996,3,-0.361334,-0.676914,-0.179711,0.615572
2079672006,3,-0.363575,-0.676104,-0.177156,0.615882
2079672016,3,-0.365961,-0.675202,-0.174739,0.616149
2079672026,3,-0.368441,-0.674215,-0.172519,0.616378
2079672036,3,-0.370518,-0.672911,-0.171003,0.61698
2079672046,3,-0.373098,-0.671831,-0.169299,0.617072
2079672056,3,-0.37569,-0.670766,-0.167881,0.617045
2079672066,3,-0.378315,-0.669769,-0.166738,0.616833
2079672077,3,-0.380976,-0.668871,-0.165838,0.616414
2079672087,3,-0.38368,-0.668094,-0.165177,0.615756
2079672097,3,-0.386421,-0.667421,-0.164748,0.614886
2079672107,3,-0.389205,-0.66683,-0.164549,0.613824
2079672117,3,-0.392047,-0.666273,-0.16458,0.61261
2079672127,3,-0.394924,-0.665708,-0.164824,0.61131
2079672137,3,-0.397021,-0.664902,-0.166171,0.610463
2079672147,3,-0.399171,-0.664058,-0.167694,0.609562
2079672157,3,-0.401335,-0.663105,-0.169426,0.608699
2079672167,3,-0.403468,-0.662001,-0.171398,0.607938
2079672177,3,-0.40557,-0.660658,-0.173564,0.607386
2079672187,3,-0.407655,-0.659078,-0.175894,0.607037
2079672197,3,-0.409729,-0.657255,-0.17835,0.6069
2079672208,3,-0.411802,-0.655233,-0.180907,0.606927
2079672218,3,-0.413882,-0.653003,-0.183505,0.607135
2079672228,3,-0.416021,-0.650647,-0.186089,0.607417
2079672238,3,-0.41819,-0.648164,-0.188657,0.607788
2079672248,3,-0.420364,-0.645581,-0.191241,0.60823
2079672258,3,-0.422445,-0.642866,-0.193915,0.608817
2079672268,3,-0.424377,-0.640018,-0.196695,0.609583
2079672278,3,-0.42613,-0.637054,-0.199568,0.61053
2079672288,3,-0.427691,-0.634017,-0.202515,0.611628
2079672298,3,-0.429031,-0.630974,-0.205531,0.612828
2079672308,3,-0.430128,-0.627968,-0.208642,0.614095
2079672318,3,-0.430926,-0.625078,-0.211915,0.615362
2079672328,3,-0.43172,-0.62246,-0.215067,0.616365
2079672339,3,-0.432077,-0.619893,-0.218532,0.617482
2079672349,3,-0.43198,-0.617353,-0.222296,0.61875
2079672359,3,-0.431457,-0.614814,-0.22631,0.620186
2079672369,3,-0.430277,-0.612282,-0.230808,0.621851
2079672379,3,-0.428721,-0.609754,-0.235436,0.623672
2079672389,3,-0.426841,-0.607318,-0.240069,0.625569
2079672399,3,-0.424773,-0.605029,-0.244588,0.627442
2079672409,3,-0.422573,-0.602886,-0.24894,0.629275
2079672419,3,-0.420336,-0.600937,-0.25305,0.630997
2079672429,3,-0.418109,-0.599227,-0.256896,0.632547
2079672439,3,-0.415955,-0.597776,-0.26048,0.633872
2079672449,3,-0.4139,-0.596648,-0.263828,0.634895
2079672459,3,-0.411955,-0.595937,-0.266964,0.635516
2079672470,3,-0.41005,-0.595698,-0.270037,0.635674
2079672480,3,-0.408218,-0.595969,-0.27302,0.635324
2079672490,3,-0.406382,-0.596651,-0.276032,0.63456
2079672500,3,-0.404489,-0.59769,-0.279103,0.633447
2079672510,3,-0.40246,-0.598987,-0.28229,0.632101
2079672520,3,-0.400223,-0.600399,-0.285625,0.630681
2079672530,3,-0.397731,-0.601828,-0.289091,0.629315
2079672540,3,-0.394964,-0.603127,-0.292676,0.628156
2079672550,3,-0.391928,-0.604198,-0.296337,0.627312
2079672560,3,-0.388637,-0.604973,-0.300046,0.626849
2079672570,3,-0.385076,-0.605436,-0.303786,0.626799
2079672580,3,-0.381312,-0.605547,-0.307507,0.627177
2079672590,3,-0.377391,-0.605364,-0.311174,0.627916
2079672600,3,-0.373361,-0.604935,-0.314763,0.628949
2079672611,3,-0.369293,-0.604297,-0.318229,0.63022
2079672621,3,-0.365238,-0.603552,-0.321556,0.631606
2079672631,3,-0.361268,-0.602724,-0.324702,0.633068
2079672641,3,-0.357449,-0.601882,-0.327648,0.634519
2079672651,3,-0.353844,-0.601086,-0.330368,0.635881
2079672661,3,-0.349802,-0.600466,-0.333502,0.637067
2079672671,3,-0.346077,-0.600066,-0.336351,0.63798
2079672681,3,-0.343577,-0.599749,-0.338074,0.638717
2079672691,3,-0.341492,-0.599689,-0.339498,0.639137
2079672701,3,-0.339847,-0.599926,-0.34063,0.639189
2079672711,3,-0.338611,-0.600485,-0.341507,0.638851
2079672721,3,-0.337779,-0.601348,-0.342148,0.638137
2079672731,3,-0.337359,-0.602546,-0.342558,0.637008
2079672742,3,-0.33733,-0.604076,-0.342768,0.63546
2079672752,3,-0.337691,-0.605912,-0.342752,0.633526
2079672762,3,-0.338403,-0.608004,-0.342559,0.631241
2079672772,3,-0.339479,-0.610319,-0.342137,0.628653
2079672782,3,-0.340955,-0.612854,-0.341457,0.625751
2079672792,3,-0.342786,-0.615516,-0.340512,0.622645
2079672802,3,-0.344898,-0.618193,-0.339329,0.619465
2079672812,3,-0.347198,-0.62076,-0.337996,0.616334
2079672822,3,-0.348935,-0.622905,-0.337246,0.613594
2079672832,3,-0.350979,-0.624843,-0.33621,0.61102
2079672842,3,-0.353337,-0.626597,-0.334883,0.60859
2079672852,3,-0.35599,-0.628191,-0.333269,0.606281
2079672862,3,-0.358919,-0.629627,-0.331376,0.604099
2079672873,3,-0.362095,-0.630913,-0.329181,0.602058
2079672883,3,-0.365988,-0.631956,-0.32613,0.600268
2079672893,3,-0.370009,-0.632809,-0.322792,0.598706
2079672903,3,-0.374131,-0.633502,-0.31918,0.597347
2079672913,3,-0.378325,-0.634066,-0.315299,0.596168
2079672923,3,-0.382499,-0.634501,-0.311255,0.595165
2079672933,3,-0.386624,-0.634752,-0.307099,0.594391
2079672943,3,-0.390746,-0.634805,-0.302844,0.593821
2079672953,3,-0.394832,-0.634642,-0.298542,0.593471
2079672963,3,-0.398885,-0.634282,-0.294249,0.59329
2079672973,3,-0.402882,-0.633729,-0.290023,0.593261
2079672983,3,-0.406726,-0.633071,-0.286052,0.593269
2079672993,3,-0.410584,-0.632224,-0.282164,0.593376
2079673003,3,-0.41443,-0.631204,-0.278434,0.593551
2079673014,3,-0.418243,-0.630049,-0.274915,0.593743
2079673024,3,-0.422143,-0.628541,-0.271444,0.594178
2079673034,3,-0.425931,-0.626939,-0.268302,0.594595
2079673044,3,-0.429598,-0.625279,-0.265505,0.594961
2079673054,3,-0.433119,-0.623593,-0.263109,0.59524
2079673064,3,-0.436415,-0.621783,-0.261196,0.595569
2079673074,3,-0.439456,-0.619898,-0.259777,0.595919
2079673084,3,-0.442208,-0.617996,-0.258894,0.596242
2079673094,3,-0.44467,-0.616087,-0.258548,0.596537
2079673104,3,-0.446871,-0.614151,-0.258709,0.596819
2079673114,3,-0.44884,-0.61218,-0.259308,0.597107
2079673124,3,-0.450643,-0.610132,-0.260268,0.597427
2079673134,3,-0.452312,-0.608045,-0.261522,0.597746
2079673145,3,-0.453881,-0.605906,-0.262996,0.598081
2079673155,3,-0.455399,-0.603754,-0.264619,0.598387
2079673165,3,-0.456884,-0.601621,-0.266359,0.598632
2079673175,3,-0.458326,-0.599519,-0.268204,0.598815
2079673185,3,-0.4597,-0.597467,-0.27015,0.598938
2079673195,3,-0.461011,-0.595434,-0.272144,0.599052
2079673205,3,-0.462309,-0.593468,-0.27409,0.599115
2079673215,3,-0.463612,-0.591572,-0.275923,0.599142
2079673225,3,-0.464925,-0.589773,-0.277597,0.599125
2079673235,3,-0.466257,-0.588093,-0.279086,0.59905
2079673245,3,-0.467638,-0.586599,-0.280328,0.598858
2079673255,3,-0.46903,-0.585261,-0.281344,0.598601
2079673265,3,-0.470413,-0.584099,-0.282171,0.598262
2079673276,3,-0.471788,-0.583076,-0.282798,0.597881
2079673286,3,-0.47309,-0.582199,-0.283279,0.597479
2079673296,3,-0.474271,-0.581445,-0.28369,0.597082
2079673306,3,-0.475305,-0.580743,-0.284064,0.596765
2079673316,3,-0.476173,-0.580084,-0.284428,0.596541
2079673326,3,-0.476869,-0.579439,-0.28478,0.596443
2079673336,3,-0.477376,-0.578794,-0.285166,0.59648
2079673346,3,-0.477697,-0.578114,-0.285578,0.596685
2079673356,3,-0.47781,-0.577429,-0.28603,0.597041
2079673366,3,-0.477707,-0.576706,-0.286532,0.597581
2079673376,3,-0.477431,-0.57598,-0.287044,0.598256
2079673386,3,-0.476983,-0.575267,-0.287559,0.599052
2079673396,3,-0.476377,-0.574606,-0.288053,0.59993
2079673407,3,-0.475615,-0.574072,-0.288555,0.600805
2079673417,3,-0.47472,-0.573673,-0.289052,0.601654
2079673427,3,-0.473707,-0.573419,-0.289548,0.602455
2079673437,3,-0.472567,-0.573333,-0.29006,0.603186
2079673447,3,-0.471326,-0.573398,-0.290556,0.603856
2079673457,3,-0.469986,-0.57361,-0.291045,0.604463
2079673467,3,-0.468557,-0.573978,-0.291509,0.604999
2079673477,3,-0.467045,-0.57443,-0.291931,0.605536
2079673487,3,-0.465481,-0.574982,-0.292291,0.606042
2079673497,3,-0.463852,-0.575621,-0.29261,0.606531
2079673507,3,-0.462118,-0.576302,-0.292896,0.607069
2079673517,3,-0.460257,-0.577003,-0.293188,0.607676
2079673527,3,-0.458294,-0.577728,-0.293451,0.608344
2079673537,3,-0.456278,-0.578445,-0.293623,0.609094
2079673548,3,-0.454277,-0.579203,-0.293674,0.609844
2079673558,3,-0.452229,-0.580012,-0.293688,0.61059
2079673568,3,-0.450136,-0.580809,-0.293623,0.611409
2079673578,3,-0.448134,-0.58162,-0.293369,0.612231
2079673588,3,-0.446198,-0.58246,-0.292949,0.613047
2079673598,3,-0.444327,-0.583353,-0.292375,0.613831
2079673608,3,-0.442528,-0.58433,-0.29167,0.614535
2079673618,3,-0.440807,-0.585408,-0.290834,0.615142
2079673628,3,-0.439118,-0.586548,-0.289928,0.615692
2079673638,3,-0.437447,-0.58778,-0.288983,0.616151
2079673648,3,-0.435789,-0.589061,-0.288023,0.616551
2079673658,3,-0.434133,-0.590391,-0.287063,0.616895
2079673668,3,-0.432503,-0.591722,-0.286099,0.617213
2079673679,3,-0.430949,-0.593031,-0.285079,0.617515
2079673689,3,-0.429466,-0.594352,-0.28406,0.617748
2079673699,3,-0.427963,-0.595669,-0.283171,0.617931
2079673709,3,-0.426464,-0.596942,-0.282379,0.618101
2079673719,3,-0.42498,-0.598156,-0.281657,0.618279
2079673729,3,-0.423564,-0.5993,-0.280969,0.618456
2079673739,3,-0.422242,-0.600364,-0.280268,0.618646
2079673749,3,-0.421015,-0.601379,-0.279588,0.618804
2079673759,3,-0.4199,-0.602316,-0.278918,0.618953
2079673769,3,-0.418924,-0.603215,-0.278233,0.619048
2079673779,3,-0.418063,-0.604096,-0.277575,0.619065
2079673789,3,-0.417296,-0.604951,-0.276946,0.619029
2079673799,3,-0.416623,-0.605774,-0.276374,0.618933
2079673810,3,-0.416026,-0.606557,-0.275849,0.618802
2079673820,3,-0.415484,-0.607277,-0.275397,0.618662
2079673830,3,-0.415009,-0.607953,-0.274999,0.618494
2079673840,3,-0.414568,-0.608582,-0.274687,0.618309
2079673850,3,-0.414178,-0.60918,-0.27445,0.618087
2079673860,3,-0.413829,-0.609741,-0.27431,0.61783
2079673870,3,-0.413494,-0.61024,-0.274277,0.617576
2079673880,3,-0.413152,-0.610661,-0.274393,0.617337
2079673890,3,-0.412776,-0.610962,-0.274678,0.617165
2079673900,3,-0.412366,-0.611139,-0.275127,0.617063
2079673910,3,-0.411919,-0.611204,-0.275736,0.617026
2079673920,3,-0.411454,-0.611178,-0.276486,0.617026
2079673930,3,-0.411008,-0.611063,-0.277361,0.617044
2079673941,3,-0.410598,-0.61087,-0.278311,0.617081
2079673951,3,-0.410246,-0.610632,-0.279341,0.617084
2079673961,3,-0.409982,-0.610354,-0.280429,0.617042
2079673971,3,-0.409778,-0.610039,-0.281586,0.616962
2079673981,3,-0.409679,-0.609718,-0.282776,0.6168
2079673991,3,-0.409654,-0.609351,-0.284021,0.616608
2079674001,3,-0.409709,-0.608976,-0.285313,0.616345
2079674011,3,-0.409847,-0.608588,-0.286652,0.616015
2079674021,3,-0.410033,-0.608171,-0.288048,0.615652
2079674031,3,-0.410264,-0.607726,-0.289487,0.615263
2079674041,3,-0.410528,-0.607245,-0.290974,0.61486
2079674051,3,-0.410838,-0.60676,-0.292492,0.614411
2079674061,3,-0.411218,-0.60626,-0.294002,0.61393
2079674071,3,-0.411664,-0.605761,-0.295507,0.6134
2079674082,3,-0.412189,-0.605214,-0.296979,0.612877
2079674092,3,-0.412806,-0.60463,-0.298403,0.612347
2079674102,3,-0.413467,-0.604002,-0.299798,0.611838
2079674112,3,-0.414203,-0.603328,-0.301146,0.611343
2079674122,3,-0.415037,-0.602599,-0.302408,0.610873
2079674132,3,-0.415948,-0.601858,-0.303591,0.610398
2079674142,3,-0.416949,-0.601099,-0.304672,0.609923
2079674152,3,-0.41802,-0.600333,-0.30566,0.60945
2079674162,3,-0.419136,-0.599576,-0.306579,0.608967
2079674172,3,-0.420299,-0.598816,-0.307412,0.608493
2079674182,3,-0.4215,-0.598057,-0.308175,0.608023
2079674192,3,-0.422721,-0.597283,-0.308891,0.607572
2079674202,3,-0.423934,-0.596491,-0.309549,0.607171
2079674213,3,-0.425152,-0.595672,-0.310164,0.606808
2079674223,3,-0.426344,-0.594849,-0.310759,0.606475
2079674233,3,-0.427519,-0.593982,-0.311326,0.606207
2079674243,3,-0.428679,-0.593121,-0.311862,0.605956
2079674253,3,-0.429842,-0.592235,-0.312336,0.605754
2079674263,3,-0.430986,-0.591345,-0.312776,0.605584
2079674273,3,-0.432102,-0.590431,-0.313189,0.605467
2079674283,3,-0.433181,-0.589483,-0.313579,0.605418
2079674293,3,-0.434221,-0.588519,-0.313942,0.605422
2079674303,3,-0.435242,-0.587562,-0.314273,0.605447
2079674313,3,-0.436253,-0.586613,-0.31457,0.605485
2079674323,3,-0.437248,-0.585694,-0.314829,0.605523
2079674333,3,-0.43821,-0.5848,-0.31506,0.605571
2079674344,3,-0.439149,-0.583932,-0.315272,0.605619
2079674354,3,-0.440034,-0.583135,-0.315482,0.605634
2079674364,3,-0.440877,-0.582366,-0.315711,0.605642
2079674374,3,-0.441683,-0.581642,-0.315943,0.60563
2079674384,3,-0.442476,-0.580967,-0.316157,0.605587
2079674394,3,-0.443262,-0.580346,-0.316354,0.605504
2079674404,3,-0.444029,-0.579787,-0.316548,0.605376
2079674414,3,-0.444811,-0.579241,-0.316722,0.605235
2079674424,3,-0.44559,-0.578736,-0.316879,0.605062
2079674434,3,-0.446339,-0.57826,-0.317041,0.60488
2079674444,3,-0.447049,-0.577805,-0.317207,0.604703
2079674454,3,-0.447749,-0.577385,-0.317364,0.604504
2079674464,3,-0.448435,-0.576976,-0.317522,0.604304
2079674474,3,-0.449103,-0.576594,-0.317661,0.604099
2079674485,3,-0.449761,-0.576242,-0.317788,0.603878
2079674495,3,-0.450433,-0.575925,-0.317882,0.603631
2079674505,3,-0.451094,-0.575658,-0.317965,0.603348
2079674515,3,-0.451771,-0.575432,-0.318011,0.603033
2079674525,3,-0.452447,-0.57524,-0.318034,0.602698
2079674535,3,-0.453082,-0.575047,-0.318072,0.602383
2079674545,3,-0.453657,-0.574849,-0.318148,0.6021
2079674555,3,-0.45417,-0.574636,-0.318231,0.601873
2079674565,3,-0.454644,-0.574403,-0.318314,0.601693
2079674575,3,-0.455072,-0.574172,-0.318389,0.60155
2079674585,3,-0.455466,-0.57395,-0.318448,0.601432
2079674595,3,-0.455834,-0.573763,-0.318497,0.601306
2079674605,3,-0.456192,-0.573604,-0.318507,0.601181
2079674616,3,-0.456514,-0.573472,-0.318485,0.601075
2079674626,3,-0.456819,-0.573397,-0.318434,0.600941
2079674636,3,-0.457075,-0.573351,-0.318372,0.600823
2079674646,3,-0.457274,-0.573341,-0.318308,0.600714
2079674656,3,-0.457415,-0.573376,-0.318218,0.600623
2079674666,3,-0.457496,-0.57346,-0.318129,0.600527
2079674676,3,-0.457539,-0.573591,-0.318007,0.600435
2079674686,3,-0.457567,-0.573781,-0.317817,0.600332
2079674696,3,-0.457564,-0.574063,-0.317569,0.600196
2079674706,3,-0.457541,-0.574411,-0.317276,0.600035
2079674716,3,-0.457499,-0.574819,-0.316922,0.599864
2079674726,3,-0.457418,-0.57527,-0.316529,0.5997
2079674736,3,-0.457322,-0.575761,-0.316097,0.599531
2079674747,3,-0.457188,-0.576282,-0.315626,0.599381
2079674757,3,-0.45704,-0.576828,-0.315116,0.599236
2079674767,3,-0.456869,-0.577358,-0.314582,0.599137
2079674777,3,-0.456688,-0.577883,-0.314013,0.599067
2079674787,3,-0.456458,-0.578388,-0.313455,0.599047
2079674797,3,-0.456185,-0.578877,-0.312902,0.599072
2079674807,3,-0.455897,-0.57933,-0.312358,0.599137
2079674817,3,-0.455595,-0.579761,-0.311816,0.599232
2079674827,3,-0.455266,-0.580149,-0.311305,0.599373
2079674837,3,-0.454915,-0.580528,-0.310824,0.599521
2079674847,3,-0.454552,-0.58087,-0.310373,0.5997
2079674857,3,-0.454167,-0.581177,-0.309973,0.599901
2079674867,3,-0.453764,-0.581469,-0.309622,0.600104
2079674878,3,-0.453356,-0.581744,-0.309307,0.600308
2079674888,3,-0.452927,-0.581999,-0.309048,0.600518
2079674898,3,-0.452481,-0.582252,-0.308855,0.600707
2079674908,3,-0.452017,-0.58249,-0.308721,0.600895
2079674918,3,-0.451542,-0.582724,-0.308644,0.601066
2079674928,3,-0.451077,-0.58295,-0.308604,0.601217
2079674938,3,-0.45063,-0.58318,-0.308594,0.601334
2079674948,3,-0.450205,-0.583415,-0.308603,0.601419
2079674958,3,-0.449803,-0.583664,-0.30863,0.601464
2079674968,3,-0.449415,-0.583908,-0.308693,0.601485
2079674978,3,-0.449034,-0.584156,-0.308803,0.601472
2079674988,3,-0.448656,-0.584389,-0.308955,0.60145
2079674998,3,-0.44826,-0.584566,-0.309168,0.601464
2079675008,3,-0.447843,-0.584707,-0.309439,0.601499
2079675019,3,-0.447413,-0.584779,-0.309758,0.601583
2079675029,3,-0.447006,-0.584787,-0.310086,0.601709
2079675039,3,-0.446617,-0.584724,-0.310426,0.601885
2079675049,3,-0.446253,-0.584626,-0.310778,0.602068
2079675059,3,-0.445941,-0.584465,-0.311107,0.602285
2079675069,3,-0.445716,-0.584293,-0.311376,0.602479
2079675079,3,-0.445563,-0.584098,-0.311616,0.602658
2079675089,3,-0.445481,-0.583895,-0.311827,0.602807
2079675099,3,-0.445465,-0.583682,-0.312004,0.602933
2079675109,3,-0.445525,-0.583457,-0.312157,0.603026
2079675119,3,-0.445612,-0.58321,-0.312315,0.60312
2079675129,3,-0.445711,-0.582957,-0.312504,0.603193
2079675139,3,-0.445824,-0.582683,-0.312732,0.603256
2079675150,3,-0.44593,-0.582392,-0.313,0.60332
2079675160,3,-0.446029,-0.582072,-0.313306,0.603397
2079675170,3,-0.446107,-0.581749,-0.313651,0.603472
2079675180,3,-0.446208,-0.581444,-0.313977,0.603521
2079675190,3,-0.446355,-0.581173,-0.314269,0.603521
2079675200,3,-0.446541,-0.580979,-0.314521,0.603439
2079675210,3,-0.446769,-0.580863,-0.314728,0.603275
2079675220,3,-0.447024,-0.580828,-0.314893,0.603033
2079675230,3,-0.447252,-0.580868,-0.315072,0.602731
2079675240,3,-0.447438,-0.580937,-0.315273,0.602422
2079675250,3,-0.447562,-0.581011,-0.315521,0.602129
2079675260,3,-0.447558,-0.581078,-0.315871,0.601883
2079675270,3,-0.447467,-0.581102,-0.316259,0.601724
2079675281,3,-0.447328,-0.581095,-0.316658,0.601625
2079675291,3,-0.447136,-0.581049,-0.317046,0.601607
2079675301,3,-0.446932,-0.581004,-0.317398,0.601617
2079675311,3,-0.446772,-0.58096,-0.317649,0.601646
2079675321,3,-0.446658,-0.580928,-0.317809,0.601677
2079675331,3,-0.446599,-0.580927,-0.317851,0.601699
2079675341,3,-0.446585,-0.580964,-0.317795,0.601704
2079675351,3,-0.446617,-0.581015,-0.31764,0.601712
2079675361,3,-0.446673,-0.581094,-0.317417,0.601712
2079675371,3,-0.446735,-0.581171,-0.317158,0.601728
2079675381,3,-0.44679,-0.581285,-0.31685,0.60174
2079675391,3,-0.446828,-0.581408,-0.316544,0.601754
2079675401,3,-0.44684,-0.58157,-0.316221,0.601758
2079675412,3,-0.446825,-0.581757,-0.315894,0.60176
2079675422,3,-0.446807,-0.581996,-0.315564,0.601716
2079675432,3,-0.44677,-0.582272,-0.315251,0.60164
2079675442,3,-0.446716,-0.582577,-0.31494,0.601547
2079675452,3,-0.446649,-0.582924,-0.314644,0.601416
2079675462,3,-0.446569,-0.583293,-0.314372,0.601261
2079675472,3,-0.44645,-0.583658,-0.314142,0.601115
2079675482,3,-0.446316,-0.584037,-0.313943,0.60095
2079675492,3,-0.446128,-0.584402,-0.313811,0.600803
2079675502,3,-0.445921,-0.584738,-0.313695,0.600691
2079675512,3,-0.445689,-0.585056,-0.31362,0.600592
2079675522,3,-0.445434,-0.585352,-0.313585,0.600511
2079675532,3,-0.445169,-0.585624,-0.313569,0.600452
2079675542,3,-0.444907,-0.585871,-0.313561,0.600408
2079675553,3,-0.444634,-0.586109,-0.313585,0.600366
2079675563,3,-0.444369,-0.586336,-0.313613,0.600326
2079675573,3,-0.44414,-0.586575,-0.313618,0.60026
2079675583,3,-0.443965,-0.586795,-0.313591,0.600188
2079675593,3,-0.443817,-0.587015,-0.313546,0.600106
2079675603,3,-0.443683,-0.587216,-0.313489,0.600038
2079675613,3,-0.44355,-0.587383,-0.313442,0.599997
2079675623,3,-0.443408,-0.587502,-0.313417,0.599999
2079675633,3,-0.443247,-0.587618,-0.313422,0.600001
2079675643,3,-0.443071,-0.587708,-0.313452,0.600028
2079675653,3,-0.442898,-0.587788,-0.313496,0.600054
2079675663,3,-0.442757,-0.58789,-0.31352,0.600045
2079675673,3,-0.442643,-0.588033,-0.313542,0.599979
2079675684,3,-0.442591,-0.588195,-0.313543,0.599857
2079675694,3,-0.442563,-0.588364,-0.313536,0.599716
2079675704,3,-0.442543,-0.588524,-0.31355,0.599566
2079675714,3,-0.44252,-0.588658,-0.313592,0.599429
2079675724,3,-0.442479,-0.588762,-0.313663,0.599321
2079675734,3,-0.442435,-0.588834,-0.313752,0.599236
2079675744,3,-0.442382,-0.588894,-0.313864,0.599157
2079675754,3,-0.442368,-0.588927,-0.313949,0.599091
2079675764,3,-0.442363,-0.588953,-0.314043,0.59902
2079675774,3,-0.442372,-0.588957,-0.31414,0.598958
2079675784,3,-0.442389,-0.588939,-0.314245,0.598908
2079675794,3,-0.442422,-0.588869,-0.314356,0.598894
2079675804,3,-0.44247,-0.588763,-0.314458,0.59891
2079675815,3,-0.442543,-0.588597,-0.314553,0.59897
2079675825,3,-0.442654,-0.588399,-0.314634,0.599038
2079675835,3,-0.44278,-0.58817,-0.314717,0.599128
2079675845,3,-0.442923,-0.587918,-0.314816,0.599216
2079675855,3,-0.443082,-0.587655,-0.314928,0.599299
2079675865,3,-0.443225,-0.587355,-0.315086,0.599404
2079675875,3,-0.44334,-0.58704,-0.315301,0.599514
2079675885,3,-0.443447,-0.586679,-0.315564,0.599649
2079675895,3,-0.443556,-0.586293,-0.315848,0.599798
2079675905,3,-0.44364,-0.585904,-0.316175,0.599943
2079675915,3,-0.443721,-0.585508,-0.316524,0.600086
2079675925,3,-0.443797,-0.585115,-0.316881,0.600224
2079675935,3,-0.443888,-0.584717,-0.31723,0.60036
2079675946,3,-0.443986,-0.584315,-0.317578,0.600495
2079675956,3,-0.444085,-0.583906,-0.317903,0.600648
2079675966,3,-0.444193,-0.583516,-0.318187,0.600797
2079675976,3,-0.444298,-0.583139,-0.318436,0.600953
2079675986,3,-0.44442,-0.582777,-0.318638,0.601107
2079675996,3,-0.444532,-0.58244,-0.318818,0.601255
2079676006,3,-0.444652,-0.582134,-0.318947,0.601396
2079676016,3,-0.444786,-0.581851,-0.319017,0.601532
2079676026,3,-0.444911,-0.581589,-0.319053,0.601674
2079676036,3,-0.445029,-0.581359,-0.319061,0.601805
2079676046,3,-0.445182,-0.581137,-0.319001,0.601938
2079676056,3,-0.445348,-0.580938,-0.318891,0.602066
2079676066,3,-0.445517,-0.580774,-0.31875,0.602173
2079676076,3,-0.445696,-0.580641,-0.318562,0.602269
2079676087,3,-0.445914,-0.580527,-0.318326,0.602342
2079676097,3,-0.446113,-0.580459,-0.31809,0.602385
2079676107,3,-0.446288,-0.580383,-0.31787,0.602445
2079676117,3,-0.44642,-0.580302,-0.317677,0.602527
2079676127,3,-0.446525,-0.580212,-0.31751,0.602623
2079676137,3,-0.446627,-0.580143,-0.317358,0.602694
2079676147,3,-0.446699,-0.58007,-0.317243,0.602773
2079676157,3,-0.446728,-0.580011,-0.317173,0.602845
2079676167,3,-0.446734,-0.579969,-0.31713,0.602902
2079676177,3,-0.446745,-0.57995,-0.317078,0.602941
2079676187,3,-0.44677,-0.579958,-0.317013,0.602947
2079676197,3,-0.446782,-0.579993,-0.316949,0.602939
2079676207,3,-0.446782,-0.580045,-0.316899,0.602916
2079676218,3,-0.446755,-0.580105,-0.316851,0.602903
2079676228,3,-0.44673,-0.580177,-0.316785,0.602887
2079676238,3,-0.446724,-0.580281,-0.316685,0.602843
2079676248,3,-0.446742,-0.580414,-0.31654,0.602778
2079676258,3,-0.446758,-0.580612,-0.316372,0.602664
2079676268,3,-0.44679,-0.58083,-0.316173,0.602535
2079676278,3,-0.44684,-0.581071,-0.315929,0.602393
2079676288,3,-0.446921,-0.581356,-0.315632,0.602215
2079676298,3,-0.447019,-0.581663,-0.315272,0.602033
2079676308,3,-0.447119,-0.581982,-0.314888,0.601851
2079676318,3,-0.447188,-0.582316,-0.31451,0.601675
2079676328,3,-0.447243,-0.582674,-0.314125,0.601489
2079676338,3,-0.447278,-0.583036,-0.313724,0.601321
2079676349,3,-0.447316,-0.583419,-0.313277,0.601154
2079676359,3,-0.447344,-0.583822,-0.312817,0.600982
2079676369,3,-0.44735,-0.58423,-0.312354,0.600821
2079676379,3,-0.447311,-0.584641,-0.311904,0.600685
2079676389,3,-0.447214,-0.585047,-0.311495,0.600573
2079676399,3,-0.447086,-0.585445,-0.311094,0.600489
2079676409,3,-0.446884,-0.585835,-0.310739,0.600443
2079676419,3,-0.446633,-0.586214,-0.310412,0.600429
2079676429,3,-0.446332,-0.586599,-0.310113,0.600432
2079676439,3,-0.445995,-0.587001,-0.309813,0.600443
2079676449,3,-0.44559,-0.587411,-0.309567,0.60047
2079676459,3,-0.445132,-0.587808,-0.309355,0.600531
2079676469,3,-0.444629,-0.588211,-0.309167,0.600605
2079676479,3,-0.444109,-0.588639,-0.308992,0.600661
2079676490,3,-0.443545,-0.589085,-0.308852,0.600712
2079676500,3,-0.442973,-0.589542,-0.308722,0.600753
2079676510,3,-0.442423,-0.590039,-0.308567,0.60075
2079676520,3,-0.441869,-0.590566,-0.308422,0.600714
2079676530,3,-0.441314,-0.591098,-0.308281,0.600671
2079676540,3,-0.440783,-0.591634,-0.308128,0.600612
2079676550,3,-0.44025,-0.592144,-0.307985,0.600574
2079676560,3,-0.439736,-0.592611,-0.30782,0.600574
2079676570,3,-0.439242,-0.593034,-0.307635,0.600613
2079676580,3,-0.438766,-0.593389,-0.307435,0.600712
2079676590,3,-0.438326,-0.593701,-0.307206,0.600843
2079676600,3,-0.437926,-0.593944,-0.306939,0.601031
2079676610,3,-0.437565,-0.594174,-0.306652,0.601212
2079676621,3,-0.437236,-0.594364,-0.306342,0.601422
2079676631,3,-0.43696,-0.594536,-0.306025,0.601615
2079676641,3,-0.436673,-0.594671,-0.305752,0.601828
2079676651,3,-0.436397,-0.594805,-0.305517,0.602015
2079676661,3,-0.436123,-0.594917,-0.305344,0.60219
2079676671,3,-0.435832,-0.595007,-0.305234,0.602368
2079676681,3,-0.435538,-0.59507,-0.305185,0.602543
2079676691,3,-0.435246,-0.595108,-0.305202,0.602709
2079676701,3,-0.434954,-0.595116,-0.305261,0.602881
2079676711,3,-0.434646,-0.595109,-0.305366,0.603057
2079676721,3,-0.434366,-0.595078,-0.305484,0.60323
2079676731,3,-0.434089,-0.595026,-0.30563,0.603407
2079676741,3,-0.433835,-0.594951,-0.305786,0.603584
2079676752,3,-0.433578,-0.594872,-0.305954,0.603761
2079676762,3,-0.433321,-0.594788,-0.306138,0.603936
2079676772,3,-0.433066,-0.59469,-0.306333,0.604116
2079676782,3,-0.432838,-0.594602,-0.306502,0.60428
2079676792,3,-0.432621,-0.594503,-0.306653,0.604456
2079676802,3,-0.432432,-0.594375,-0.306785,0.604651
2079676812,3,-0.432262,-0.594267,-0.306891,0.604824
2079676822,3,-0.432122,-0.594166,-0.306975,0.604981
2079676832,3,-0.432007,-0.594051,-0.307021,0.605153
2079676842,3,-0.431926,-0.59393,-0.307036,0.605322
2079676852,3,-0.431873,-0.593787,-0.307023,0.605507
2079676862,3,-0.431859,-0.593657,-0.306978,0.605666
2079676872,3,-0.431864,-0.593529,-0.306936,0.60581
2079676883,3,-0.431913,-0.59343,-0.306881,0.605899
2079676893,3,-0.431987,-0.593349,-0.30683,0.605952
2079676903,3,-0.432066,-0.593271,-0.306823,0.605975
2079676913,3,-0.432112,-0.593173,-0.30688,0.60601
2079676923,3,-0.432129,-0.593046,-0.307014,0.606054
2079676933,3,-0.43214,-0.592891,-0.307195,0.606106
2079676943,3,-0.43216,-0.592685,-0.307397,0.606191
2079676953,3,-0.432176,-0.592429,-0.307644,0.606305
2079676963,3,-0.432198,-0.592139,-0.307912,0.606436
2079676973,3,-0.432278,-0.591827,-0.308157,0.606559
2079676983,3,-0.432406,-0.591526,-0.308368,0.606654
2079676993,3,-0.432589,-0.591247,-0.308544,0.606706
2079677003,3,-0.432806,-0.590981,-0.308721,0.606721
2079677013,3,-0.433031,-0.590729,-0.308899,0.606715
2079677024,3,-0.433287,-0.590503,-0.309066,0.606667
2079677034,3,-0.433585,-0.590303,-0.309215,0.606572
2079677044,3,-0.433908,-0.590109,-0.309342,0.606466
2079677054,3,-0.434223,-0.589903,-0.309492,0.606365
2079677064,3,-0.434523,-0.589697,-0.309677,0.606255
2079677074,3,-0.434844,-0.589467,-0.30984,0.606165
2079677084,3,-0.435187,-0.589245,-0.309985,0.606061
2079677094,3,-0.435553,-0.589054,-0.310085,0.605932
2079677104,3,-0.435933,-0.588858,-0.310155,0.605814
2079677114,3,-0.436331,-0.588657,-0.310195,0.605702
2079677124,3,-0.436742,-0.58846,-0.310201,0.605595
2079677134,3,-0.437182,-0.588269,-0.310172,0.605477
2079677144,3,-0.437612,-0.588118,-0.31013,0.605335
2079677155,3,-0.438047,-0.587989,-0.310081,0.605172
2079677165,3,-0.438455,-0.587889,-0.310062,0.604982
2079677175,3,-0.438822,-0.587798,-0.310079,0.604795
2079677185,3,-0.439149,-0.587722,-0.310146,0.604598
2079677195,3,-0.439438,-0.587662,-0.310259,0.604388
2079677205,3,-0.439703,-0.587616,-0.310403,0.604166
2079677215,3,-0.439938,-0.587574,-0.31057,0.60395
2079677225,3,-0.440176,-0.587532,-0.310735,0.603733
2079677235,3,-0.440403,-0.587501,-0.310899,0.603513
2079677245,3,-0.440592,-0.58751,-0.311054,0.603286
2079677255,3,-0.440784,-0.587531,-0.311193,0.603053
2079677265,3,-0.440976,-0.587602,-0.311283,0.602797
2079677275,3,-0.441178,-0.587687,-0.311336,0.60254
2079677286,3,-0.441364,-0.587794,-0.311352,0.60229
2079677296,3,-0.441545,-0.587925,-0.31133,0.602042
2079677306,3,-0.441717,-0.588079,-0.311293,0.601784
2079677316,3,-0.44184,-0.588263,-0.311269,0.601526
2079677326,3,-0.441915,-0.588442,-0.311277,0.601292
2079677336,3,-0.441929,-0.588618,-0.311324,0.601085
2079677346,3,-0.441887,-0.588752,-0.311406,0.600942
2079677356,3,-0.441805,-0.588868,-0.311491,0.600844
2079677366,3,-0.441693,-0.588942,-0.311596,0.6008
2079677376,3,-0.441549,-0.589031,-0.31171,0.600759
2079677386,3,-0.441404,-0.589107,-0.311802,0.600744
2079677396,3,-0.441263,-0.589194,-0.311861,0.600731
2079677406,3,-0.44111,-0.589272,-0.311902,0.600746
2079677417,3,-0.440965,-0.589376,-0.311913,0.600744
2079677427,3,-0.44081,-0.589497,-0.311917,0.600738
2079677437,3,-0.440662,-0.589628,-0.311902,0.600726
2079677447,3,-0.440517,-0.589788,-0.311872,0.600691
2079677457,3,-0.440393,-0.589933,-0.311829,0.600661
2079677467,3,-0.440249,-0.59008,-0.311827,0.600624
2079677477,3,-0.440082,-0.590204,-0.311847,0.600614
2079677487,3,-0.439904,-0.590304,-0.31189,0.600623
2079677497,3,-0.43971,-0.590372,-0.311942,0.600671
2079677507,3,-0.43952,-0.590419,-0.312008,0.60073
2079677517,3,-0.439335,-0.590422,-0.312072,0.600829
2079677527,3,-0.439192,-0.590409,-0.312108,0.600928
2079677537,3,-0.439056,-0.590373,-0.312123,0.601055
2079677547,3,-0.438952,-0.590319,-0.312109,0.601191
2079677558,3,-0.438878,-0.590251,-0.312067,0.601333
2079677568,3,-0.438812,-0.59018,-0.312022,0.601475
2079677578,3,-0.438801,-0.590117,-0.311925,0.601595
2079677588,3,-0.438811,-0.59007,-0.311807,0.601696
2079677598,3,-0.438832,-0.590013,-0.311697,0.601793
2079677608,3,-0.438838,-0.589945,-0.311613,0.601899
2079677618,3,-0.438829,-0.589865,-0.311553,0.602014
2079677628,3,-0.438819,-0.589772,-0.311507,0.602136
2079677638,3,-0.438806,-0.589668,-0.311465,0.602269
2079677648,3,-0.438796,-0.589565,-0.31143,0.602396
2079677658,3,-0.438763,-0.589471,-0.311429,0.602512
2079677668,3,-0.438734,-0.589378,-0.311419,0.602629
2079677678,3,-0.438698,-0.589261,-0.311413,0.602773
2079677689,3,-0.438673,-0.589156,-0.311389,0.602906
2079677699,3,-0.438664,-0.589042,-0.311342,0.603048
2079677709,3,-0.43866,-0.588922,-0.311283,0.603199
2079677719,3,-0.438677,-0.588806,-0.311209,0.603338
2079677729,3,-0.438698,-0.588693,-0.311125,0.603476
2079677739,3,-0.438718,-0.58857,-0.311047,0.603622
2079677749,3,-0.438744,-0.588465,-0.310966,0.603747
2079677759,3,-0.438794,-0.588379,-0.310874,0.603842
2079677769,3,-0.438877,-0.588261,-0.310762,0.603955
2079677779,3,-0.438952,-0.588133,-0.310674,0.60407
2079677789,3,-0.439032,-0.588015,-0.310595,0.604168
2079677799,3,-0.439133,-0.587869,-0.310493,0.604288
2079677809,3,-0.439255,-0.587725,-0.310383,0.604397
2079677820,3,-0.439395,-0.587562,-0.310257,0.604518
2079677830,3,-0.439551,-0.587405,-0.310133,0.604621
2079677840,3,-0.439716,-0.587252,-0.310006,0.604715
2079677850,3,-0.439911,-0.587118,-0.309868,0.604773
2079677860,3,-0.440134,-0.587,-0.309716,0.604804
2079677870,3,-0.440353,-0.586899,-0.309575,0.604814
2079677880,3,-0.44059,-0.58684,-0.309447,0.604764
2079677890,3,-0.440835,-0.58681,-0.30933,0.604674
2079677900,3,-0.44107,-0.58679,-0.309245,0.604566
2079677910,3,-0.441293,-0.586782,-0.309182,0.604444
2079677920,3,-0.441493,-0.586786,-0.309153,0.604308
2079677930,3,-0.441655,-0.586787,-0.309176,0.604177
2079677940,3,-0.441789,-0.586777,-0.309244,0.604055
2079677951,3,-0.441908,-0.58677,-0.309329,0.60393
2079677961,3,-0.442007,-0.58676,-0.309434,0.603814
2079677971,3,-0.442088,-0.586754,-0.309555,0.603699
2079677981,3,-0.442152,-0.586757,-0.309684,0.603582
2079677991,3,-0.442217,-0.586776,-0.309796,0.603459
2079678001,3,-0.442285,-0.586798,-0.309901,0.603334
2079678011,3,-0.442344,-0.586808,-0.310007,0.603226
2079678021,3,-0.44237,-0.586824,-0.310135,0.603126
2079678031,3,-0.442375,-0.586854,-0.310281,0.603018
2079678041,3,-0.442368,-0.586895,-0.310429,0.602907
2079678051,3,-0.442337,-0.586922,-0.310599,0.602816
2079678061,3,-0.442283,-0.586955,-0.310789,0.602725
2079678071,3,-0.442235,-0.586989,-0.310964,0.602637
2079678081,3,-0.4422,-0.587045,-0.311112,0.602532
2079678092,3,-0.442177,-0.587112,-0.31123,0.602422
2079678102,3,-0.442177,-0.587183,-0.311315,0.60231
2079678112,3,-0.442177,-0.587258,-0.311384,0.602201
2079678122,3,-0.442185,-0.587332,-0.311445,0.602092
2079678132,3,-0.442197,-0.587413,-0.311489,0.601981
2079678142,3,-0.442207,-0.587492,-0.311536,0.601871
2079678152,3,-0.442212,-0.587558,-0.31159,0.601776
2079678162,3,-0.442207,-0.587617,-0.31165,0.60169
2079678172,3,-0.442187,-0.587681,-0.311714,0.60161
2079678182,3,-0.442155,-0.587723,-0.311799,0.601549
2079678192,3,-0.442125,-0.587755,-0.31186,0.601507
2079678202,3,-0.442092,-0.587776,-0.311916,0.601482
2079678212,3,-0.44207,-0.587805,-0.311968,0.601443
2079678223,3,-0.442036,-0.587805,-0.312021,0.601441
2079678233,3,-0.441999,-0.587808,-0.312082,0.601432
2079678243,3,-0.441972,-0.587794,-0.312112,0.601452
2079678253,3,-0.441952,-0.587759,-0.31212,0.601495
2079678263,3,-0.441937,-0.58771,-0.312118,0.601556
2079678273,3,-0.441956,-0.587654,-0.312081,0.601616
2079678283,3,-0.441968,-0.587589,-0.312039,0.601692
2079678293,3,-0.441986,-0.587505,-0.311996,0.601783
2079678303,3,-0.442014,-0.587422,-0.311948,0.601868
2079678313,3,-0.442059,-0.58734,-0.311895,0.601943
2079678323,3,-0.442109,-0.587242,-0.311851,0.602024
2079678333,3,-0.442192,-0.587163,-0.311787,0.602074
2079678343,3,-0.442302,-0.587082,-0.311735,0.602099
2079678354,3,-0.442408,-0.587023,-0.311694,0.6021
2079678364,3,-0.442515,-0.586949,-0.311674,0.602104
2079678374,3,-0.442633,-0.586858,-0.311668,0.602108
2079678384,3,-0.442721,-0.586777,-0.311714,0.602099
2079678394,3,-0.442802,-0.586692,-0.311788,0.602084
2079678404,3,-0.442878,-0.586606,-0.311876,0.602067
2079678414,3,-0.442945,-0.586524,-0.311981,0.602043
2079678424,3,-0.443014,-0.586449,-0.312101,0.602003
2079678434,3,-0.443074,-0.586365,-0.312225,0.601976
2079678444,3,-0.443134,-0.586283,-0.312354,0.601945
2079678454,3,-0.443176,-0.586185,-0.312497,0.601935
2079678464,3,-0.443184,-0.586072,-0.312651,0.601959
2079678474,3,-0.443195,-0.585935,-0.312798,0.602008
2079678484,3,-0.443198,-0.585788,-0.31293,0.60208
2079678495,3,-0.443198,-0.58565,-0.313047,0.602154
2079678505,3,-0.44323,-0.585536,-0.313118,0.602204
2079678515,3,-0.443275,-0.585452,-0.313156,0.602233
2079678525,3,-0.44332,-0.585409,-0.313175,0.602232
2079678535,3,-0.443413,-0.585381,-0.313138,0.60221
2079678545,3,-0.443525,-0.585383,-0.313076,0.602157
2079678555,3,-0.443605,-0.585389,-0.313037,0.602114
2079678565,3,-0.443663,-0.5854,-0.313017,0.60207
2079678575,3,-0.443708,-0.585401,-0.313007,0.602042
2079678585,3,-0.443729,-0.58541,-0.313011,0.602015
2079678595,3,-0.443748,-0.585417,-0.313008,0.601995
2079678605,3,-0.443738,-0.585402,-0.31301,0.602016
2079678615,3,-0.443719,-0.585366,-0.313018,0.602062
2079678626,3,-0.443682,-0.585336,-0.313029,0.602111
2079678636,3,-0.443683,-0.585339,-0.312986,0.60213
2079678646,3,-0.443694,-0.585352,-0.312919,0.602145
2079678656,3,-0.443687,-0.585373,-0.31285,0.602165
2079678666,3,-0.443675,-0.585396,-0.312778,0.602189
2079678676,3,-0.443642,-0.585426,-0.312703,0.602224
2079678686,3,-0.443608,-0.585469,-0.312623,0.602248
2079678696,3,-0.443564,-0.585546,-0.312536,0.602251
2079678706,3,-0.443519,-0.585642,-0.31245,0.602235
2079678716,3,-0.443478,-0.585774,-0.312362,0.602182
2079678726,3,-0.443406,-0.585923,-0.312301,0.602123
2079678736,3,-0.443334,-0.586048,-0.312253,0.602079
2079678746,3,-0.443249,-0.586181,-0.312213,0.602033
2079678757,3,-0.443151,-0.586285,-0.312194,0.602013
2079678767,3,-0.443049,-0.586366,-0.312171,0.602021
2079678777,3,-0.442931,-0.5864,-0.312166,0.602078
2079678787,3,-0.442801,-0.58641,-0.312163,0.602166
2079678797,3,-0.442692,-0.586398,-0.312135,0.602272
2079678807,3,-0.442617,-0.586396,-0.312068,0.602363
2079678817,3,-0.442563,-0.586413,-0.312,0.602422
2079678827,3,-0.442561,-0.586451,-0.311889,0.602444
2079678837,3,-0.44257,-0.586541,-0.31177,0.602411
2079678847,3,-0.442589,-0.586653,-0.311663,0.602344
2079678857,3,-0.4426,-0.586786,-0.311579,0.602249
2079678867,3,-0.442619,-0.586917,-0.311509,0.602144
2079678877,3,-0.442601,-0.587034,-0.31149,0.602053
2079678888,3,-0.442562,-0.587156,-0.3115,0.601957
2079678898,3,-0.44252,-0.587245,-0.311536,0.601883
2079678908,3,-0.442481,-0.587315,-0.311576,0.601822
2079678918,3,-0.442435,-0.587345,-0.311622,0.601803
2079678928,3,-0.442376,-0.587341,-0.311694,0.601814
2079678938,3,-0.442321,-0.5873,-0.311771,0.601854
2079678948,3,-0.442256,-0.587229,-0.31185,0.60193
2079678958,3,-0.442205,-0.587137,-0.311911,0.602026
2079678968,3,-0.442187,-0.587018,-0.311939,0.60214
2079678978,3,-0.442186,-0.586913,-0.311948,0.602239
2079678988,3,-0.442209,-0.586804,-0.311917,0.602344
2079678998,3,-0.442262,-0.586721,-0.311858,0.602416
2079679008,3,-0.442331,-0.586656,-0.311789,0.602465
2079679018,3,-0.442404,-0.586613,-0.311715,0.602492
2079679029,3,-0.44248,-0.586579,-0.311635,0.602509
2079679039,3,-0.442557,-0.586549,-0.311561,0.602521
2079679049,3,-0.442638,-0.586533,-0.311483,0.602518
2079679059,3,-0.442716,-0.58651,-0.311405,0.602522
2079679069,3,-0.442822,-0.586496,-0.3113,0.602512
2079679079,3,-0.442929,-0.586483,-0.311193,0.602503
2079679089,3,-0.443022,-0.586472,-0.311079,0.602502
2079679099,3,-0.443105,-0.586459,-0.310978,0.602507
2079679109,3,-0.443184,-0.586454,-0.310862,0.602513
2079679119,3,-0.443237,-0.586482,-0.310775,0.602493
2079679129,3,-0.443226,-0.586492,-0.310736,0.602511
2079679139,3,-0.443149,-0.586481,-0.310748,0.602573
2079679149,3,-0.443062,-0.58645,-0.310771,0.602654
2079679160,3,-0.442955,-0.58639,-0.310805,0.602774
2079679170,3,-0.442813,-0.586306,-0.310869,0.602926
2079679180,3,-0.442657,-0.58621,-0.310956,0.603089
2079679190,3,-0.442472,-0.586103,-0.31106,0.603276
2079679200,3,-0.442302,-0.58599,-0.311154,0.603462
2079679210,3,-0.442142,-0.585886,-0.311225,0.603643
2079679220,3,-0.442001,-0.585795,-0.311279,0.603807
2079679230,3,-0.441917,-0.58571,-0.31127,0.603955
2079679240,3,-0.44188,-0.585651,-0.311217,0.604067
2079679250,3,-0.441879,-0.585623,-0.31112,0.604145
2079679260,3,-0.441963,-0.585615,-0.310939,0.604184
2079679270,3,-0.442076,-0.58563,-0.310738,0.604191
2079679280,3,-0.442211,-0.585676,-0.310526,0.604156
2079679291,3,-0.442368,-0.585731,-0.310284,0.604113
2079679301,3,-0.442527,-0.585793,-0.310073,0.604044
2079679311,3,-0.442695,-0.585869,-0.309869,0.603952
2079679321,3,-0.442859,-0.585944,-0.309696,0.603848
2079679331,3,-0.443001,-0.586005,-0.309565,0.603752
2079679341,3,-0.443113,-0.586047,-0.309507,0.603659
2079679351,3,-0.443222,-0.586055,-0.309469,0.60359
2079679361,3,-0.443322,-0.586032,-0.309482,0.603532
2079679371,3,-0.443397,-0.585975,-0.309544,0.603501
2079679381,3,-0.443456,-0.58587,-0.309658,0.6035
2079679391,3,-0.443488,-0.585733,-0.30984,0.603517
2079679401,3,-0.443535,-0.585568,-0.31004,0.603539
2079679411,3,-0.443588,-0.585373,-0.310266,0.603574
2079679422,3,-0.443636,-0.585152,-0.310534,0.603615
2079679432,3,-0.443694,-0.584889,-0.310824,0.603678
2079679442,3,-0.443743,-0.584613,-0.311139,0.603747
2079679452,3,-0.443819,-0.584329,-0.311456,0.603802
2079679462,3,-0.443924,-0.584039,-0.311767,0.603846
2079679472,3,-0.444057,-0.583786,-0.312059,0.603842
2079679482,3,-0.444234,-0.583563,-0.312323,0.60379
2079679492,3,-0.444454,-0.583368,-0.312556,0.603696
2079679502,3,-0.444701,-0.583214,-0.312772,0.603551
2079679512,3,-0.444958,-0.583077,-0.312987,0.603383
2079679522,3,-0.445217,-0.582971,-0.313207,0.603181
2079679532,3,-0.44545,-0.582871,-0.31344,0.602984
2079679542,3,-0.445705,-0.582779,-0.313651,0.602774
2079679552,3,-0.445964,-0.582698,-0.31384,0.602563
2079679563,3,-0.44621,-0.582614,-0.314022,0.602367
2079679573,3,-0.446426,-0.582512,-0.314219,0.602203
2079679583,3,-0.446637,-0.582383,-0.314395,0.602079
2079679593,3,-0.446817,-0.582248,-0.314567,0.601987
2079679603,3,-0.446996,-0.582097,-0.314731,0.601913
2079679613,3,-0.447139,-0.581948,-0.314903,0.601861
2079679623,3,-0.447271,-0.581815,-0.315067,0.601806
2079679633,3,-0.447382,-0.58169,-0.315219,0.601765
2079679643,3,-0.447462,-0.581579,-0.315385,0.601726
2079679653,3,-0.44751,-0.581456,-0.315543,0.601726
2079679663,3,-0.447549,-0.581371,-0.315693,0.6017
2079679673,3,-0.447546,-0.581318,-0.315846,0.601674
2079679683,3,-0.447525,-0.581288,-0.315989,0.601643
2079679694,3,-0.447474,-0.58129,-0.316136,0.601602
2079679704,3,-0.447407,-0.581324,-0.316294,0.601537
2079679714,3,-0.447334,-0.581379,-0.316435,0.601463
2079679724,3,-0.447262,-0.581446,-0.316542,0.601395
2079679734,3,-0.447185,-0.581533,-0.316626,0.601324
2079679744,3,-0.447118,-0.581632,-0.316668,0.601256
2079679754,3,-0.447041,-0.581746,-0.31669,0.601192
2079679764,3,-0.446938,-0.581854,-0.316718,0.601149
2079679774,3,-0.446813,-0.581967,-0.316733,0.601125
2079679784,3,-0.446681,-0.582103,-0.316733,0.601091
2079679794,3,-0.446523,-0.582261,-0.316711,0.601067
2079679804,3,-0.446366,-0.582439,-0.316668,0.601035
2079679814,3,-0.446185,-0.582648,-0.316622,0.600989
2079679825,3,-0.445988,-0.582875,-0.31656,0.600949
2079679835,3,-0.445789,-0.583111,-0.316479,0.60091
2079679845,3,-0.445589,-0.583371,-0.316346,0.600876
2079679855,3,-0.445392,-0.583637,-0.316195,0.600843
2079679865,3,-0.445213,-0.583896,-0.316005,0.600824
2079679875,3,-0.445038,-0.58415,-0.315797,0.600816
2079679885,3,-0.444858,-0.584415,-0.315562,0.600815
2079679895,3,-0.444666,-0.584688,-0.315328,0.600815
2079679905,3,-0.444476,-0.584969,-0.315092,0.600806
2079679915,3,-0.44427,-0.585227,-0.314857,0.60083
2079679925,3,-0.444045,-0.585488,-0.314643,0.600855
2079679935,3,-0.443799,-0.585752,-0.314432,0.600889
2079679945,3,-0.44354,-0.586034,-0.314238,0.600907
2079679956,3,-0.44324,-0.586333,-0.314092,0.600913
2079679966,3,-0.442903,-0.586619,-0.313979,0.600941
2079679976,3,-0.442534,-0.586909,-0.313892,0.600976
2079679986,3,-0.442149,-0.587176,-0.313847,0.601022
2079679996,3,-0.441778,-0.58744,-0.313807,0.601057
2079680006,3,-0.441426,-0.58769,-0.313749,0.601102
2079680016,3,-0.44113,-0.587935,-0.313655,0.601128
2079680026,3,-0.440907,-0.588181,-0.31351,0.601127
2079680036,3,-0.440769,-0.588411,-0.313311,0.601106
2079680046,3,-0.440695,-0.588639,-0.313083,0.601057
2079680056,3,-0.440667,-0.588822,-0.312846,0.601021
2079680066,3,-0.440659,-0.588973,-0.312628,0.600993
2079680076,3,-0.440684,-0.589077,-0.31243,0.600975
2079680086,3,-0.44074,-0.589154,-0.312257,0.600949
2079680097,3,-0.440825,-0.58922,-0.312124,0.600891
2079680107,3,-0.440934,-0.589272,-0.312027,0.600811
2079680117,3,-0.441075,-0.589325,-0.311967,0.600685
2079680127,3,-0.441234,-0.589355,-0.311958,0.600544
2079680137,3,-0.44138,-0.589378,-0.312026,0.600379
2079680147,3,-0.441518,-0.58937,-0.312158,0.600217
2079680157,3,-0.441652,-0.589334,-0.312342,0.600058
2079680167,3,-0.441803,-0.589275,-0.312556,0.599893
2079680177,3,-0.441948,-0.589198,-0.312803,0.599733
2079680187,3,-0.442088,-0.589096,-0.313081,0.599585
2079680197,3,-0.442222,-0.588983,-0.313383,0.599439
2079680207,3,-0.442397,-0.588857,-0.313673,0.599283
2079680217,3,-0.442561,-0.588733,-0.313972,0.599127
2079680228,3,-0.442744,-0.588618,-0.314262,0.598952
2079680238,3,-0.442911,-0.588502,-0.314572,0.598781
2079680248,3,-0.443085,-0.588394,-0.314868,0.598602
2079680258,3,-0.443245,-0.588276,-0.315167,0.598443
2079680268,3,-0.443365,-0.588131,-0.31549,0.598326
2079680278,3,-0.44349,-0.587966,-0.315792,0.598236
2079680288,3,-0.443593,-0.587794,-0.316078,0.598178
2079680298,3,-0.443691,-0.587616,-0.316342,0.598141
2079680308,3,-0.443783,-0.587438,-0.316566,0.598129
2079680318,3,-0.443885,-0.587261,-0.31675,0.598129
2079680328,3,-0.444012,-0.587111,-0.316863,0.598122
2079680338,3,-0.44414,-0.586982,-0.316923,0.598122
2079680348,3,-0.444285,-0.586892,-0.316935,0.598096
2079680359,3,-0.44443,-0.586841,-0.316911,0.598051
2079680369,3,-0.444574,-0.586802,-0.31687,0.598004
2079680379,3,-0.444693,-0.58679,-0.316825,0.597951
2079680389,3,-0.444764,-0.586801,-0.316815,0.597893
2079680399,3,-0.444818,-0.586823,-0.316802,0.597838
2079680409,3,-0.444845,-0.586839,-0.316795,0.597806
2079680419,3,-0.444852,-0.586844,-0.316806,0.59779
2079680429,3,-0.444846,-0.58684,-0.316819,0.597792
2079680439,3,-0.444828,-0.586826,-0.316846,0.597805
2079680449,3,-0.444813,-0.586821,-0.316864,0.597811
2079680459,3,-0.444804,-0.586787,-0.316868,0.597849
2079680469,3,-0.444795,-0.586774,-0.31687,0.597868
2079680479,3,-0.44479,-0.586743,-0.31688,0.597896
2079680489,3,-0.444775,-0.58671,-0.3169,0.597929
2079680500,3,-0.444748,-0.586672,-0.316949,0.597961
2079680510,3,-0.444692,-0.586605,-0.317054,0.598012
2079680520,3,-0.444627,-0.586514,-0.317205,0.598069
2079680530,3,-0.444555,-0.586396,-0.31739,0.59814
2079680540,3,-0.444487,-0.586251,-0.317593,0.598226
2079680550,3,-0.444421,-0.586098,-0.317816,0.598307
2079680560,3,-0.44438,-0.585916,-0.318033,0.5984
2079680570,3,-0.444364,-0.58573,-0.318249,0.598479
2079680580,3,-0.444394,-0.585545,-0.318429,0.598541
2079680590,3,-0.444431,-0.585381,-0.318611,0.598578
2079680600,3,-0.444529,-0.585234,-0.318743,0.598578
2079680610,3,-0.44467,-0.585118,-0.318831,0.598541
2079680620,3,-0.444832,-0.585021,-0.318893,0.598481
2079680631,3,-0.445009,-0.584934,-0.318913,0.598425
2079680641,3,-0.445192,-0.58486,-0.318936,0.598349
2079680651,3,-0.445339,-0.584799,-0.318977,0.598277
2079680661,3,-0.445453,-0.584722,-0.319046,0.598231
2079680671,3,-0.445517,-0.584647,-0.319137,0.598208
2079680681,3,-0.445571,-0.584565,-0.319214,0.598206
2079680691,3,-0.445599,-0.584497,-0.319286,0.598213
2079680701,3,-0.445625,-0.584458,-0.319327,0.59821
2079680711,3,-0.445662,-0.584455,-0.319324,0.598187
2079680721,3,-0.4457,-0.584479,-0.319283,0.598158
2079680731,3,-0.445747,-0.584544,-0.3192,0.598103
2079680741,3,-0.445775,-0.584645,-0.319098,0.598039
2079680751,3,-0.445774,-0.584752,-0.318985,0.597995
2079680762,3,-0.445745,-0.584862,-0.318862,0.597974
2079680772,3,-0.445676,-0.58494,-0.318757,0.598005
2079680782,3,-0.445568,-0.585005,-0.318663,0.598073
2079680792,3,-0.445433,-0.585077,-0.31857,0.598151
2079680802,3,-0.445325,-0.585156,-0.318435,0.598227
2079680812,3,-0.445265,-0.585226,-0.318235,0.598309
2079680822,3,-0.445233,-0.585301,-0.317985,0.598393
2079680832,3,-0.445229,-0.585373,-0.317691,0.598481
2079680842,3,-0.445256,-0.585438,-0.317355,0.598576
2079680852,3,-0.445249,-0.585501,-0.31705,0.598682
2079680862,3,-0.445222,-0.585547,-0.316756,0.598812
2079680872,3,-0.445163,-0.585616,-0.316497,0.598925
2079680882,3,-0.445069,-0.585712,-0.316273,0.599019
2079680893,3,-0.444917,-0.585827,-0.316105,0.599109
2079680903,3,-0.444743,-0.585963,-0.315965,0.599178
2079680913,3,-0.444544,-0.586138,-0.31585,0.599216
2079680923,3,-0.444333,-0.586346,-0.315755,0.599219
2079680933,3,-0.444109,-0.586568,-0.315674,0.59921
2079680943,3,-0.443875,-0.586809,-0.315616,0.599179
2079680953,3,-0.443619,-0.58705,-0.315577,0.599152
2079680963,3,-0.44335,-0.587276,-0.315552,0.599144
2079680973,3,-0.443098,-0.587493,-0.315506,0.599141
2079680983,3,-0.442854,-0.587687,-0.315437,0.599168
2079680993,3,-0.442629,-0.587882,-0.315345,0.599191
2079681003,3,-0.442465,-0.58809,-0.315204,0.599183
2079681013,3,-0.442349,-0.588279,-0.315018,0.59918
2079681023,3,-0.442261,-0.588447,-0.314805,0.599193
2079681034,3,-0.442243,-0.588585,-0.314529,0.599215
2079681044,3,-0.442267,-0.588704,-0.31421,0.599248
2079681054,3,-0.442343,-0.588796,-0.31385,0.59929
2079681064,3,-0.442477,-0.588878,-0.313454,0.599317
2079681074,3,-0.442694,-0.588967,-0.31301,0.599302
2079681084,3,-0.442972,-0.589081,-0.312531,0.599234
2079681094,3,-0.443341,-0.589196,-0.312022,0.599113
2079681104,3,-0.443754,-0.589322,-0.311514,0.598949
2079681114,3,-0.444233,-0.58942,-0.311011,0.598759
2079681124,3,-0.444738,-0.58948,-0.310551,0.598563
2079681134,3,-0.445247,-0.589506,-0.310159,0.598362
2079681144,3,-0.445746,-0.589483,-0.309874,0.598161
2079681154,3,-0.446221,-0.589421,-0.309714,0.597951
2079681165,3,-0.446655,-0.589291,-0.309699,0.597762
2079681175,3,-0.447078,-0.58913,-0.309798,0.597554
2079681185,3,-0.44746,-0.588939,-0.310035,0.597333
2079681195,3,-0.447833,-0.588712,-0.310392,0.597092
2079681205,3,-0.44814,-0.588439,-0.310882,0.596876
2079681215,3,-0.44839,-0.58813,-0.311505,0.596667
2079681225,3,-0.448583,-0.587774,-0.312259,0.59648
2079681235,3,-0.448688,-0.587365,-0.313154,0.596334
2079681245,3,-0.448749,-0.586926,-0.31414,0.596202
2079681255,3,-0.448751,-0.586461,-0.315216,0.59609
2079681265,3,-0.448729,-0.58598,-0.316336,0.595986
2079681275,3,-0.448683,-0.585495,-0.317484,0.595886
2079681285,3,-0.448595,-0.58503,-0.318666,0.595779
2079681296,3,-0.448498,-0.584564,-0.319842,0.59568
2079681306,3,-0.448418,-0.58412,-0.320975,0.595566
2079681316,3,-0.448379,-0.583683,-0.322031,0.595454
2079681326,3,-0.448346,-0.583273,-0.323056,0.595325
2079681336,3,-0.448315,-0.582887,-0.324034,0.595194
2079681346,3,-0.448302,-0.582523,-0.324944,0.595064
2079681356,3,-0.448305,-0.582189,-0.325791,0.594926
2079681366,3,-0.448334,-0.58187,-0.326548,0.594802
2079681376,3,-0.448406,-0.581569,-0.327192,0.594687
2079681386,3,-0.448532,-0.581265,-0.327713,0.594603
2079681396,3,-0.448705,-0.580971,-0.328121,0.594535
2079681406,3,-0.44893,-0.580669,-0.328411,0.5945
2079681416,3,-0.449209,-0.580375,-0.328582,0.594481
2079681427,3,-0.449519,-0.580042,-0.32866,0.594528
2079681437,3,-0.449833,-0.579667,-0.328676,0.594648
2079681447,3,-0.450144,-0.579241,-0.328649,0.594844
2079681457,3,-0.450407,-0.578794,-0.328624,0.595093
2079681467,3,-0.450643,-0.578299,-0.328595,0.595411
2079681477,3,-0.450833,-0.577802,-0.328581,0.595757
2079681487,3,-0.450999,-0.577306,-0.32857,0.596119
2079681497,3,-0.451168,-0.576824,-0.32854,0.596473
2079681507,3,-0.451351,-0.576411,-0.328475,0.59677
2079681517,3,-0.45153,-0.576077,-0.328404,0.596997
2079681527,3,-0.451696,-0.575791,-0.328342,0.597181
2079681537,3,-0.451844,-0.575548,-0.328277,0.597339
2079681547,3,-0.451964,-0.575344,-0.328228,0.597472
2079681557,3,-0.452078,-0.575185,-0.328164,0.597573
2079681568,3,-0.4522,-0.575095,-0.328074,0.597618
2079681578,3,-0.452341,-0.575037,-0.327941,0.597639
2079681588,3,-0.45253,-0.575044,-0.327737,0.597602
2079681598,3,-0.452763,-0.575085,-0.327468,0.597533
2079681608,3,-0.453013,-0.575185,-0.327169,0.597411
2079681618,3,-0.453308,-0.575298,-0.326807,0.597277
2079681628,3,-0.453618,-0.575409,-0.326431,0.59714
2079681638,3,-0.453929,-0.575525,-0.32603,0.597012
2079681648,3,-0.454233,-0.575649,-0.325621,0.596883
2079681658,3,-0.454529,-0.575759,-0.325223,0.596769
2079681668,3,-0.454833,-0.575845,-0.324804,0.596682
2079681678,3,-0.455139,-0.575903,-0.324364,0.596632
2079681688,3,-0.45546,-0.575933,-0.323902,0.59661
2079681699,3,-0.455793,-0.575942,-0.323434,0.596601
2079681709,3,-0.456144,-0.575941,-0.322938,0.596602
2079681719,3,-0.456507,-0.575944,-0.322452,0.596584
2079681729,3,-0.456861,-0.575941,-0.321996,0.596563
2079681739,3,-0.457203,-0.575927,-0.321584,0.596536
2079681749,3,-0.45753,-0.575908,-0.321231,0.596494
2079681759,3,-0.457829,-0.575891,-0.32094,0.596438
2079681769,3,-0.458104,-0.575871,-0.320714,0.596368
2079681779,3,-0.458358,-0.575863,-0.320549,0.596268
2079681789,3,-0.458597,-0.575854,-0.320449,0.596147
2079681799,3,-0.458826,-0.575854,-0.32039,0.596003
2079681809,3,-0.459032,-0.575852,-0.320386,0.595849
2079681819,3,-0.459237,-0.575848,-0.320413,0.595679
2079681830,3,-0.459427,-0.575867,-0.32048,0.595479
2079681840,3,-0.459601,-0.575899,-0.320582,0.595258
2079681850,3,-0.459777,-0.575944,-0.320696,0.595018
2079681860,3,-0.459949,-0.576002,-0.320817,0.594763
2079681870,3,-0.460114,-0.576039,-0.32097,0.594517
2079681880,3,-0.460271,-0.576077,-0.321144,0.594265
2079681890,3,-0.460387,-0.576097,-0.321377,0.59403
2079681900,3,-0.460483,-0.576104,-0.32166,0.593795
2079681910,3,-0.460547,-0.576096,-0.322,0.593569
2079681920,3,-0.460565,-0.576057,-0.322406,0.593373
2079681930,3,-0.460573,-0.575975,-0.322848,0.593206
2079681940,3,-0.460539,-0.575865,-0.323352,0.593065
2079681950,3,-0.460496,-0.575695,-0.323869,0.59298
2079681960,3,-0.460473,-0.575461,-0.324387,0.592942
2079681971,3,-0.460468,-0.575172,-0.324897,0.592947
2079681981,3,-0.460505,-0.574847,-0.325378,0.59297
2079681991,3,-0.460585,-0.574496,-0.325825,0.593001
2079682001,3,-0.460689,-0.574162,-0.32626,0.593006
2079682011,3,-0.460829,-0.573826,-0.326678,0.592992
2079682021,3,-0.460995,-0.573502,-0.327088,0.592951
2079682031,3,-0.461184,-0.573192,-0.327507,0.592872
2079682041,3,-0.46139,-0.57288,-0.327907,0.592793
2079682051,3,-0.461604,-0.572571,-0.328298,0.592708
2079682061,3,-0.461829,-0.572263,-0.32868,0.592618
2079682071,3,-0.462055,-0.571953,-0.329056,0.592533
2079682081,3,-0.46229,-0.571637,-0.32941,0.592458
2079682091,3,-0.462516,-0.57131,-0.329784,0.592388
2079682102,3,-0.462744,-0.570966,-0.330166,0.592329
2079682112,3,-0.46295,-0.570606,-0.330581,0.592284
2079682122,3,-0.463124,-0.570242,-0.331068,0.592227
2079682132,3,-0.463337,-0.569969,-0.331596,0.592027
2079682142,3,-0.463557,-0.569762,-0.332181,0.591727
2079682152,3,-0.463803,-0.569617,-0.332792,0.59133
2079682162,3,-0.464084,-0.569545,-0.333425,0.590821
2079682172,3,-0.464367,-0.569541,-0.334111,0.590215
2079682182,3,-0.464628,-0.569613,-0.334852,0.58952
2079682192,3,-0.464841,-0.569745,-0.335644,0.588774
2079682202,3,-0.464982,-0.569904,-0.336507,0.588016
2079682212,3,-0.465089,-0.570061,-0.337366,0.587286
2079682222,3,-0.465144,-0.57018,-0.338221,0.586635
2079682233,3,-0.465184,-0.570254,-0.339027,0.586065
2079682243,3,-0.465207,-0.570295,-0.339765,0.58558
2079682253,3,-0.465252,-0.570315,-0.340402,0.585154
2079682263,3,-0.465312,-0.570303,-0.340933,0.584809
2079682273,3,-0.465434,-0.570273,-0.341327,0.584512
2079682283,3,-0.465575,-0.570212,-0.341616,0.584289
2079682293,3,-0.465719,-0.57013,-0.341832,0.584129
2079682303,3,-0.465864,-0.570032,-0.341971,0.584027
2079682313,3,-0.465976,-0.569927,-0.342065,0.583985
2079682323,3,-0.466051,-0.569826,-0.342127,0.583988
2079682333,3,-0.466041,-0.569718,-0.342206,0.584055
2079682343,3,-0.465954,-0.569605,-0.342282,0.58419
2079682353,3,-0.465785,-0.569496,-0.342353,0.58439
2079682364,3,-0.465523,-0.569419,-0.342431,0.584628
2079682374,3,-0.465193,-0.569343,-0.342491,0.58493
2079682384,3,-0.464786,-0.569307,-0.34253,0.585264
2079682394,3,-0.46435,-0.569293,-0.342513,0.585635
2079682404,3,-0.463898,-0.569317,-0.342447,0.586008
2079682414,3,-0.46344,-0.569396,-0.3423,0.586379
2079682424,3,-0.463005,-0.569527,-0.342082,0.586722
2079682434,3,-0.462598,-0.569739,-0.341799,0.587003
2079682444,3,-0.462247,-0.570024,-0.341415,0.587226
2079682454,3,-0.461942,-0.570349,-0.340958,0.587416
2079682464,3,-0.461685,-0.570686,-0.340441,0.587591
2079682474,3,-0.461472,-0.570999,-0.339857,0.587792
2079682484,3,-0.46132,-0.571288,-0.339203,0.588008
2079682494,3,-0.461225,-0.571557,-0.338479,0.588238
2079682505,3,-0.461156,-0.571789,-0.337735,0.588495
2079682515,3,-0.46111,-0.57199,-0.33698,0.588768
2079682525,3,-0.461113,-0.572162,-0.336194,0.589048
2079682535,3,-0.461131,-0.572306,-0.335417,0.589337
2079682545,3,-0.461196,-0.572411,-0.334631,0.589631
2079682555,3,-0.461273,-0.572514,-0.333872,0.5899
2079682565,3,-0.461348,-0.572595,-0.333151,0.59017
2079682575,3,-0.461396,-0.572679,-0.332508,0.590414
2079682585,3,-0.461409,-0.572745,-0.331961,0.590648
2079682595,3,-0.461381,-0.572798,-0.331513,0.59087
2079682605,3,-0.461291,-0.572854,-0.331168,0.59108
2079682615,3,-0.461149,-0.572896,-0.330927,0.591284
2079682625,3,-0.460948,-0.572942,-0.330798,0.591469
2079682636,3,-0.460736,-0.572999,-0.330715,0.591626
2079682646,3,-0.460545,-0.573086,-0.33065,0.591726
2079682656,3,-0.460396,-0.573213,-0.330586,0.591755
2079682666,3,-0.460317,-0.573399,-0.330486,0.591691
2079682676,3,-0.460309,-0.57362,-0.330347,0.591561
2079682686,3,-0.460391,-0.573908,-0.330153,0.591326
2079682696,3,-0.460498,-0.574234,-0.329975,0.591026
2079682706,3,-0.46061,-0.574551,-0.329823,0.590716
2079682716,3,-0.460741,-0.574862,-0.329679,0.590391
2079682726,3,-0.460829,-0.575155,-0.329604,0.590079
2079682736,3,-0.460899,-0.575447,-0.329576,0.589755
2079682746,3,-0.46093,-0.575711,-0.329597,0.589461
2079682756,3,-0.460964,-0.575947,-0.329643,0.589178
2079682767,3,-0.461009,-0.576156,-0.329673,0.588922
2079682777,3,-0.46104,-0.576352,-0.329727,0.588676
2079682787,3,-0.461082,-0.576496,-0.329775,0.588475
2079682797,3,-0.461126,-0.576605,-0.32983,0.588303
2079682807,3,-0.461187,-0.57669,-0.329864,0.588152
2079682817,3,-0.461253,-0.576732,-0.329892,0.588044
2079682827,3,-0.46137,-0.576741,-0.329876,0.587952
2079682837,3,-0.461536,-0.576728,-0.329825,0.587864
2079682847,3,-0.461752,-0.576688,-0.329726,0.587788
2079682857,3,-0.462019,-0.576628,-0.329619,0.587697
2079682867,3,-0.462341,-0.576568,-0.329492,0.587574
2079682877,3,-0.462708,-0.576496,-0.329379,0.587419
2079682887,3,-0.463133,-0.576418,-0.329275,0.587219
2079682898,3,-0.46358,-0.576337,-0.329223,0.586975
2079682908,3,-0.46408,-0.576264,-0.329205,0.586661
2079682918,3,-0.46462,-0.576176,-0.32924,0.586301
2079682928,3,-0.465165,-0.576075,-0.329355,0.585903
2079682938,3,-0.465737,-0.575939,-0.329522,0.585488
2079682948,3,-0.466334,-0.575736,-0.329735,0.585093
2079682958,3,-0.466967,-0.575454,-0.329986,0.584724
2079682968,3,-0.467637,-0.575087,-0.330265,0.584392
2079682978,3,-0.468334,-0.574662,-0.330592,0.584066
2079682988,3,-0.469061,-0.574148,-0.330943,0.58379
2079682998,3,-0.469794,-0.5736,-0.331328,0.583521
2079683008,3,-0.470533,-0.573016,-0.331762,0.583253
2079683018,3,-0.471254,-0.572418,-0.332256,0.582976
2079683028,3,-0.471957,-0.571788,-0.332799,0.582717
2079683039,3,-0.472613,-0.571143,-0.333414,0.582465
2079683049,3,-0.473198,-0.570471,-0.334113,0.582248
2079683059,3,-0.473709,-0.569761,-0.334895,0.582079
2079683069,3,-0.474149,-0.569036,-0.335736,0.581945
2079683079,3,-0.474529,-0.568288,-0.336614,0.581858
2079683089,3,-0.474863,-0.567553,-0.337511,0.581784
2079683099,3,-0.475175,-0.56683,-0.338408,0.581713
2079683109,3,-0.475469,-0.566147,-0.339306,0.581615
2079683119,3,-0.475747,-0.565481,-0.340214,0.581505
2079683129,3,-0.475988,-0.564845,-0.341139,0.581384
2079683139,3,-0.476178,-0.564229,-0.342094,0.581266
2079683149,3,-0.476341,-0.563624,-0.343062,0.581149
2079683159,3,-0.47647,-0.56302,-0.344043,0.581048
2079683170,3,-0.476573,-0.562408,-0.345019,0.580978
2079683180,3,-0.476657,-0.56176,-0.345984,0.580962
2079683190,3,-0.476727,-0.561067,-0.346907,0.581024
2079683200,3,-0.476799,-0.560368,-0.347784,0.581115
2079683210,3,-0.476906,-0.559631,-0.348576,0.581264
2079683220,3,-0.477044,-0.55889,-0.349297,0.58143
2079683230,3,-0.477165,-0.558154,-0.350007,0.581611
2079683240,3,-0.477293,-0.557439,-0.35067,0.581791
2079683250,3,-0.477405,-0.556739,-0.351315,0.581981
2079683260,3,-0.477503,-0.556023,-0.351938,0.58221
2079683270,3,-0.477602,-0.555288,-0.35251,0.582483
2079683280,3,-0.477685,-0.55454,-0.353046,0.582803
2079683290,3,-0.477744,-0.553754,-0.353534,0.583206
2079683301,3,-0.477762,-0.552939,-0.354004,0.583679
2079683311,3,-0.477748,-0.552117,-0.354444,0.584201
2079683321,3,-0.477728,-0.551308,-0.35482,0.584754
2079683331,3,-0.477719,-0.55055,-0.355123,0.585291
2079683341,3,-0.477705,-0.549861,-0.355372,0.585798
2079683351,3,-0.477697,-0.549281,-0.35558,0.586223
2079683361,3,-0.477667,-0.548805,-0.355753,0.586587
2079683371,3,-0.477613,-0.548404,-0.355908,0.586912
2079683381,3,-0.477533,-0.548087,-0.356032,0.587199
2079683391,3,-0.477454,-0.547836,-0.35609,0.587461
2079683401,3,-0.47738,-0.547656,-0.356077,0.587698
2079683411,3,-0.477332,-0.547539,-0.355983,0.587902
2079683421,3,-0.477312,-0.547458,-0.355808,0.5881
2079683432,3,-0.477319,-0.547432,-0.355546,0.588278
2079683442,3,-0.477348,-0.547426,-0.355223,0.588454
2079683452,3,-0.477402,-0.547428,-0.354841,0.588638
2079683462,3,-0.477469,-0.547421,-0.354437,0.588835
2079683472,3,-0.477563,-0.547421,-0.353986,0.58903
2079683482,3,-0.477689,-0.547401,-0.353491,0.589243
2079683492,3,-0.477873,-0.547391,-0.352932,0.589438
2079683502,3,-0.478096,-0.547429,-0.352341,0.589576
2079683512,3,-0.478395,-0.547521,-0.351692,0.589635
2079683522,3,-0.478713,-0.547665,-0.351038,0.589634
2079683532,3,-0.47905,-0.547853,-0.35038,0.589576
2079683542,3,-0.479406,-0.548069,-0.349733,0.589471
2079683552,3,-0.479769,-0.548322,-0.349115,0.589305
2079683562,3,-0.480128,-0.548613,-0.348549,0.589078
2079683573,3,-0.480474,-0.548959,-0.348024,0.588784
2079683583,3,-0.480804,-0.549374,-0.347553,0.588406
2079683593,3,-0.481149,-0.549829,-0.347084,0.587975
2079683603,3,-0.481511,-0.550341,-0.346625,0.587471
2079683613,3,-0.481881,-0.550905,-0.34617,0.586906
2079683623,3,-0.482255,-0.551525,-0.34572,0.586282
2079683633,3,-0.482621,-0.552162,-0.345278,0.585641
2079683643,3,-0.48297,-0.552811,-0.344857,0.584989
2079683653,3,-0.483302,-0.553454,-0.344449,0.584346
2079683663,3,-0.483587,-0.554058,-0.34408,0.583756
2079683673,3,-0.483835,-0.55464,-0.34374,0.583197
2079683683,3,-0.484024,-0.555191,-0.343437,0.582695
2079683693,3,-0.484137,-0.555735,-0.343203,0.582219
2079683704,3,-0.484223,-0.55628,-0.34299,0.581753
2079683714,3,-0.484214,-0.556807,-0.342858,0.581334
2079683724,3,-0.4842,-0.557338,-0.342713,0.580922
2079683734,3,-0.484125,-0.557881,-0.342618,0.580519
2079683744,3,-0.484035,-0.558421,-0.342534,0.580124
2079683754,3,-0.483912,-0.558952,-0.342468,0.579754
2079683764,3,-0.483752,-0.559488,-0.342427,0.579395
2079683774,3,-0.483564,-0.559993,-0.342407,0.579076
2079683784,3,-0.483302,-0.560499,-0.342448,0.578781
2079683794,3,-0.482962,-0.56097,-0.342532,0.578559
2079683804,3,-0.482544,-0.561406,-0.342664,0.578407
2079683814,3,-0.482047,-0.561815,-0.342832,0.578325
2079683824,3,-0.481476,-0.562226,-0.343042,0.578276
2079683835,3,-0.48087,-0.562627,-0.343244,0.578271
2079683845,3,-0.480235,-0.563012,-0.343419,0.578319
2079683855,3,-0.479596,-0.563395,-0.343547,0.578401
2079683865,3,-0.478964,-0.563784,-0.343604,0.578512
2079683875,3,-0.478383,-0.564189,-0.343539,0.578636
2079683885,3,-0.477824,-0.564607,-0.34338,0.578784
2079683895,3,-0.477296,-0.565039,-0.34312,0.578953
2079683905,3,-0.476795,-0.565451,-0.342766,0.579173
2079683915,3,-0.476304,-0.565876,-0.342325,0.579423
2079683925,3,-0.475839,-0.566283,-0.341787,0.579724
2079683935,3,-0.47539,-0.566683,-0.341182,0.580058
2079683945,3,-0.474921,-0.567046,-0.340539,0.580465
2079683955,3,-0.474427,-0.567398,-0.339886,0.580907
2079683965,3,-0.473906,-0.567711,-0.339229,0.581411
2079683976,3,-0.473351,-0.567968,-0.338569,0.581996
2079683986,3,-0.472735,-0.568186,-0.337952,0.582643
2079683996,3,-0.472073,-0.56837,-0.337358,0.583344
2079684006,3,-0.471371,-0.568528,-0.3368,0.58408
2079684016,3,-0.470629,-0.568663,-0.336262,0.584857
2079684026,3,-0.469858,-0.568786,-0.335754,0.585648
2079684036,3,-0.469069,-0.56891,-0.335234,0.586458
2079684046,3,-0.468278,-0.569039,-0.334708,0.587264
2079684056,3,-0.467479,-0.569212,-0.334168,0.58804
2079684066,3,-0.46669,-0.569442,-0.333608,0.588761
2079684076,3,-0.465927,-0.569717,-0.333005,0.58944
2079684086,3,-0.465201,-0.570014,-0.332344,0.590099
2079684096,3,-0.464531,-0.570332,-0.331607,0.590735
2079684107,3,-0.46393,-0.570665,-0.33077,0.591354
2079684117,3,-0.463391,-0.571018,-0.329881,0.591933
2079684127,3,-0.462897,-0.571401,-0.328947,0.592468
2079684137,3,-0.462429,-0.571765,-0.328007,0.593004
2079684147,3,-0.462014,-0.572115,-0.327036,0.593526
2079684157,3,-0.461641,-0.57243,-0.326052,0.594054
2079684167,3,-0.461298,-0.572694,-0.325073,0.594602
2079684177,3,-0.460981,-0.572915,-0.324118,0.595157
2079684187,3,-0.460678,-0.573097,-0.323215,0.595706
2079684197,3,-0.460403,-0.57322,-0.322359,0.596264
2079684207,3,-0.460151,-0.573317,-0.321568,0.596793
2079684217,3,-0.459941,-0.57338,-0.320821,0.597296
2079684227,3,-0.459802,-0.573427,-0.320113,0.597736
2079684238,3,-0.459719,-0.57348,-0.319465,0.598097
2079684248,3,-0.459713,-0.573538,-0.318856,0.59837
2079684258,3,-0.459813,-0.573609,-0.318289,0.598528
2079684268,3,-0.459981,-0.573689,-0.31782,0.59857
2079684278,3,-0.460189,-0.573764,-0.317472,0.598524
2079684288,3,-0.460417,-0.573833,-0.317284,0.598382
2079684298,3,-0.460662,-0.573882,-0.317248,0.598165
2079684308,3,-0.460919,-0.57388,-0.31737,0.597905
2079684318,3,-0.461155,-0.573846,-0.317676,0.597592
2079684328,3,-0.461368,-0.573785,-0.318159,0.59723
2079684338,3,-0.461572,-0.573688,-0.318798,0.596824
2079684348,3,-0.461782,-0.573573,-0.319543,0.596374
2079684358,3,-0.461993,-0.573431,-0.320381,0.595898
2079684369,3,-0.462241,-0.573301,-0.321277,0.595347
2079684379,3,-0.462506,-0.57318,-0.322204,0.594756
2079684389,3,-0.462832,-0.573077,-0.323124,0.594103
2079684399,3,-0.46318,-0.573006,-0.324022,0.593411
2079684409,3,-0.463577,-0.572929,-0.324881,0.592704
2079684419,3,-0.464002,-0.572877,-0.325703,0.591972
2079684429,3,-0.464465,-0.572808,-0.326462,0.591257
2079684439,3,-0.464935,-0.572695,-0.327169,0.590605
2079684449,3,-0.465404,-0.572525,-0.327835,0.590031
2079684459,3,-0.465855,-0.572308,-0.328481,0.589526
2079684469,3,-0.466287,-0.572059,-0.32909,0.589087
2079684479,3,-0.466699,-0.571788,-0.329689,0.588689
2079684489,3,-0.467099,-0.571509,-0.330263,0.588321
2079684499,3,-0.467477,-0.571208,-0.330817,0.588001
2079684510,3,-0.467818,-0.570909,-0.331376,0.587706
2079684520,3,-0.468124,-0.570602,-0.331949,0.587437
2079684530,3,-0.468384,-0.570312,-0.332548,0.587171
2079684540,3,-0.468596,-0.570056,-0.333181,0.586893
2079684550,3,-0.468786,-0.569835,-0.333811,0.586598
2079684560,3,-0.468913,-0.56964,-0.33449,0.586298
2079684570,3,-0.468999,-0.569462,-0.335189,0.586003
2079684580,3,-0.469051,-0.569286,-0.335886,0.585733
2079684590,3,-0.469082,-0.569135,-0.336598,0.585446
2079684600,3,-0.469071,-0.568987,-0.337324,0.585181
2079684610,3,-0.46903,-0.568836,-0.338052,0.58494
2079684620,3,-0.468932,-0.568674,-0.338822,0.584731
2079684630,3,-0.468798,-0.568477,-0.339609,0.584573
2079684641,3,-0.468594,-0.568231,-0.340456,0.584484
2079684651,3,-0.468338,-0.567918,-0.341336,0.58448
2079684661,3,-0.468041,-0.567549,-0.342242,0.584546
2079684671,3,-0.46773,-0.567135,-0.343162,0.584658
2079684681,3,-0.467337,-0.566679,-0.344154,0.584831
2079684691,3,-0.466937,-0.566191,-0.345146,0.585038
2079684701,3,-0.466537,-0.565659,-0.34612,0.585297
2079684711,3,-0.466166,-0.565122,-0.347056,0.585557
2079684721,3,-0.465848,-0.564607,-0.347931,0.585787
2079684731,3,-0.465578,-0.56412,-0.348743,0.585988
2079684741,3,-0.46535,-0.563663,-0.349491,0.586163
2079684751,3,-0.465201,-0.563253,-0.350135,0.586291
2079684761,3,-0.465067,-0.562871,-0.350737,0.586404
2079684772,3,-0.465,-0.562523,-0.351241,0.58649
2079684782,3,-0.464988,-0.562215,-0.351659,0.586545
2079684792,3,-0.465046,-0.561956,-0.351966,0.586562
2079684802,3,-0.46517,-0.561746,-0.352184,0.586535
2079684812,3,-0.465327,-0.561571,-0.352319,0.586497
2079684822,3,-0.465463,-0.561412,-0.352427,0.586476
2079684832,3,-0.465594,-0.561285,-0.352491,0.586455
2079684842,3,-0.465737,-0.561146,-0.352503,0.586467
2079684852,3,-0.465849,-0.560995,-0.352493,0.58653
2079684862,3,-0.465937,-0.560857,-0.352446,0.58662
2079684872,3,-0.466027,-0.56076,-0.352341,0.586703
2079684882,3,-0.466111,-0.56071,-0.352184,0.586779
2079684892,3,-0.466205,-0.560699,-0.351954,0.586853
2079684903,3,-0.46631,-0.56073,-0.351659,0.586917
2079684913,3,-0.466443,-0.560786,-0.351278,0.586985
2079684923,3,-0.466613,-0.560854,-0.350809,0.587066
2079684933,3,-0.466812,-0.560948,-0.350267,0.587142
2079684943,3,-0.467043,-0.561043,-0.349658,0.587231
2079684953,3,-0.467329,-0.561155,-0.348967,0.587307
2079684963,3,-0.467663,-0.561282,-0.34822,0.587363
2079684973,3,-0.468059,-0.561438,-0.347384,0.587393
2079684983,3,-0.468519,-0.561625,-0.346481,0.587381
2079684993,3,-0.469045,-0.561849,-0.345524,0.58731
2079685003,3,-0.469629,-0.562106,-0.344519,0.587188
2079685013,3,-0.470274,-0.562402,-0.343456,0.587012
2079685023,3,-0.470968,-0.562734,-0.342375,0.586767
2079685033,3,-0.471693,-0.563089,-0.341297,0.586473
2079685044,3,-0.472412,-0.56344,-0.340254,0.586163
2079685054,3,-0.473108,-0.563763,-0.339265,0.585864
2079685064,3,-0.473769,-0.564064,-0.338352,0.585569
2079685074,3,-0.474372,-0.564324,-0.337528,0.585305
2079685084,3,-0.47493,-0.564553,-0.336797,0.585053
2079685094,3,-0.475424,-0.564759,-0.336153,0.584824
2079685104,3,-0.475872,-0.564963,-0.335594,0.584583
2079685114,3,-0.476309,-0.56517,-0.335079,0.584322
2079685124,3,-0.476689,-0.565382,-0.33465,0.584054
2079685134,3,-0.477026,-0.565595,-0.334285,0.58378
2079685144,3,-0.47735,-0.565806,-0.33397,0.583492
2079685154,3,-0.477653,-0.566036,-0.333695,0.583178
2079685164,3,-0.477952,-0.566266,-0.333441,0.582855
2079685175,3,-0.478265,-0.566484,-0.33319,0.58253
2079685185,3,-0.478552,-0.566692,-0.332982,0.58221
2079685195,3,-0.478821,-0.566862,-0.332804,0.581926
2079685205,3,-0.479098,-0.567007,-0.332651,0.581644
2079685215,3,-0.479382,-0.567106,-0.332503,0.581397
2079685225,3,-0.479692,-0.567162,-0.332356,0.581172
2079685235,3,-0.47999,-0.567155,-0.332255,0.58099
2079685245,3,-0.480277,-0.567091,-0.332189,0.580853
2079685255,3,-0.480553,-0.566981,-0.332167,0.580746
2079685265,3,-0.480798,-0.566785,-0.332198,0.580715
2079685275,3,-0.48101,-0.56654,-0.332304,0.580719
2079685285,3,-0.481172,-0.566257,-0.332503,0.580747
2079685295,3,-0.481321,-0.565946,-0.332737,0.580792
2079685306,3,-0.481431,-0.565611,-0.333046,0.58085
2079685316,3,-0.481493,-0.56527,-0.333436,0.580907
2079685326,3,-0.4815,-0.564911,-0.333903,0.580983
2079685336,3,-0.481464,-0.564529,-0.334431,0.581079
2079685346,3,-0.48135,-0.564168,-0.335049,0.581169
2079685356,3,-0.48118,-0.563782,-0.335741,0.581285
2079685366,3,-0.480943,-0.563375,-0.336498,0.581437
2079685376,3,-0.480662,-0.562965,-0.337294,0.581606
2079685386,3,-0.480359,-0.562524,-0.338116,0.581806
2079685396,3,-0.480031,-0.562055,-0.338941,0.582049
2079685406,3,-0.479701,-0.56155,-0.339763,0.58233
2079685416,3,-0.479386,-0.561019,-0.340556,0.582638
2079685426,3,-0.479086,-0.560466,-0.341316,0.582972
2079685436,3,-0.478837,-0.559902,-0.342019,0.583306
2079685447,3,-0.478637,-0.559343,-0.342666,0.583627
2079685457,3,-0.478494,-0.558763,-0.343238,0.583963
2079685467,3,-0.478377,-0.558166,-0.343784,0.58431
2079685477,3,-0.478292,-0.557545,-0.344277,0.584681
2079685487,3,-0.478211,-0.556946,-0.34479,0.585015
2079685497,3,-0.478128,-0.55634,-0.345316,0.58535
2079685507,3,-0.478034,-0.555753,-0.34586,0.585663
2079685517,3,-0.477919,-0.555197,-0.346435,0.585944
2079685527,3,-0.477791,-0.554665,-0.347029,0.586201
2079685537,3,-0.477649,-0.554157,-0.347657,0.586426
2079685547,3,-0.477502,-0.553679,-0.34829,0.586621
2079685557,3,-0.47734,-0.553225,-0.348932,0.586798
2079685567,3,-0.477163,-0.552811,-0.349581,0.586947
2079685578,3,-0.476988,-0.552402,-0.350218,0.587095
2079685588,3,-0.476812,-0.552019,-0.350846,0.587223
2079685598,3,-0.476626,-0.551649,-0.351453,0.587359
2079685608,3,-0.476451,-0.551313,-0.352018,0.587478
2079685618,3,-0.476295,-0.551014,-0.352538,0.587573
2079685628,3,-0.47618,-0.550746,-0.352983,0.587651
2079685638,3,-0.476068,-0.550533,-0.353393,0.587694
2079685648,3,-0.475964,-0.550408,-0.353756,0.587676
2079685658,3,-0.475884,-0.550349,-0.354054,0.587618
2079685668,3,-0.475815,-0.550337,-0.354303,0.587534
2079685678,3,-0.47575,-0.550403,-0.354505,0.587404
2079685688,3,-0.475719,-0.550526,-0.354635,0.587235
2079685698,3,-0.475729,-0.550674,-0.354681,0.58706
2079685709,3,-0.475777,-0.550868,-0.354646,0.586861
2079685719,3,-0.475851,-0.551125,-0.354542,0.586622
2079685729,3,-0.475966,-0.55143,-0.354366,0.586348
2079685739,3,-0.476069,-0.551734,-0.354155,0.586107
2079685749,3,-0.476176,-0.552037,-0.353917,0.585878
2079685759,3,-0.476278,-0.55232,-0.353651,0.585688
2079685769,3,-0.476367,-0.552625,-0.353374,0.585495
2079685779,3,-0.476452,-0.552939,-0.353074,0.585311
2079685789,3,-0.476533,-0.553294,-0.352757,0.585101
2079685799,3,-0.47663,-0.553701,-0.352417,0.584841
2079685809,3,-0.476731,-0.554117,-0.352071,0.584573
2079685819,3,-0.476833,-0.554573,-0.351716,0.584271
2079685829,3,-0.476948,-0.555077,-0.351358,0.583914
2079685840,3,-0.477065,-0.555608,-0.351002,0.583527
2079685850,3,-0.477232,-0.556165,-0.350598,0.583103
2079685860,3,-0.477403,-0.556762,-0.350202,0.58263
2079685870,3,-0.477608,-0.557391,-0.34979,0.58211
2079685880,3,-0.477832,-0.557986,-0.349376,0.581603
2079685890,3,-0.478055,-0.558555,-0.348987,0.581108
2079685900,3,-0.478286,-0.559084,-0.34861,0.580635
2079685910,3,-0.478506,-0.559555,-0.348281,0.580198
2079685920,3,-0.478707,-0.559988,-0.34799,0.579788
2079685930,3,-0.478896,-0.560372,-0.347739,0.579411
2079685940,3,-0.479076,-0.560708,-0.347529,0.579064
2079685950,3,-0.479247,-0.561021,-0.347351,0.578725
2079685960,3,-0.479439,-0.561302,-0.347193,0.578388
2079685970,3,-0.47962,-0.561565,-0.347063,0.578061
2079685981,3,-0.479819,-0.56182,-0.346929,0.577728
2079685991,3,-0.480023,-0.562075,-0.346802,0.577388
2079686001,3,-0.480261,-0.562316,-0.346665,0.577036
2079686011,3,-0.480487,-0.562534,-0.346542,0.57671
2079686021,3,-0.480697,-0.562728,-0.346446,0.576403
2079686031,3,-0.480899,-0.562897,-0.34635,0.576128
2079686041,3,-0.481103,-0.563024,-0.346248,0.575895
2079686051,3,-0.481273,-0.563092,-0.346166,0.575735
2079686061,3,-0.481425,-0.563092,-0.346092,0.575653
2079686071,3,-0.481537,-0.563055,-0.346037,0.575628
2079686081,3,-0.481658,-0.562981,-0.345968,0.575641
2079686091,3,-0.481722,-0.562874,-0.345937,0.57571
2079686101,3,-0.481735,-0.562731,-0.34595,0.575831
2079686112,3,-0.481713,-0.562554,-0.345982,0.576004
2079686122,3,-0.481642,-0.562351,-0.346054,0.576218
2079686132,3,-0.481527,-0.562126,-0.346148,0.576477
2079686142,3,-0.48137,-0.56188,-0.346273,0.576773
2079686152,3,-0.481165,-0.561628,-0.346428,0.577096
2079686162,3,-0.48095,-0.561366,-0.346581,0.577438
2079686172,3,-0.480735,-0.561104,-0.346715,0.577791
2079686182,3,-0.480507,-0.560853,-0.346853,0.578142
2079686192,3,-0.480272,-0.560587,-0.346971,0.578524
2079686202,3,-0.480035,-0.560301,-0.347098,0.578922
2079686212,3,-0.479804,-0.559993,-0.347207,0.579345
2079686222,3,-0.479601,-0.559659,-0.347282,0.579791
2079686232,3,-0.479408,-0.559303,-0.347338,0.580261
2079686243,3,-0.479273,-0.558941,-0.347322,0.58073
2079686253,3,-0.479179,-0.558592,-0.347277,0.58117
2079686263,3,-0.479111,-0.558249,-0.34721,0.581596
2079686273,3,-0.479046,-0.557894,-0.347155,0.582023
2079686283,3,-0.479005,-0.557565,-0.347088,0.582412
2079686293,3,-0.47897,-0.557243,-0.347019,0.58279
2079686303,3,-0.478924,-0.556916,-0.346982,0.583161
2079686313,3,-0.478868,-0.556576,-0.346969,0.583539
2079686323,3,-0.478765,-0.556228,-0.347024,0.583924
2079686333,3,-0.478631,-0.555872,-0.347125,0.584313
2079686343,3,-0.478444,-0.555492,-0.347279,0.584735
2079686353,3,-0.478228,-0.555125,-0.347462,0.585152
2079686363,3,-0.477984,-0.554739,-0.347673,0.585592
2079686374,3,-0.477736,-0.554373,-0.347867,0.586024
2079686384,3,-0.477503,-0.554006,-0.348029,0.586466
2079686394,3,-0.477277,-0.553665,-0.348165,0.586891
2079686404,3,-0.477037,-0.553352,-0.348273,0.587317
2079686414,3,-0.476823,-0.553065,-0.348336,0.587723
2079686424,3,-0.476622,-0.552841,-0.348335,0.588097
2079686434,3,-0.476442,-0.552692,-0.348274,0.58842
2079686444,3,-0.476313,-0.55265,-0.348124,0.588652
2079686454,3,-0.476228,-0.552733,-0.34789,0.588782
2079686464,3,-0.47621,-0.552925,-0.34755,0.588817
2079686474,3,-0.476251,-0.553243,-0.347115,0.588742
2079686484,3,-0.476361,-0.553668,-0.346589,0.588563
2079686494,3,-0.476497,-0.554166,-0.345993,0.588335
2079686504,3,-0.476648,-0.554716,-0.34535,0.588072
2079686515,3,-0.476815,-0.555292,-0.344667,0.587793
2079686525,3,-0.47695,-0.555866,-0.34398,0.587544
2079686535,3,-0.477062,-0.556424,-0.343293,0.587327
2079686545,3,-0.477144,-0.556979,-0.342616,0.587129
2079686555,3,-0.477182,-0.557516,-0.341973,0.586963
2079686565,3,-0.477184,-0.558041,-0.341364,0.586817
2079686575,3,-0.477179,-0.558554,-0.340782,0.586672
2079686585,3,-0.477161,-0.559086,-0.340212,0.58651
2079686595,3,-0.477128,-0.559636,-0.339683,0.586319
2079686605,3,-0.477075,-0.560172,-0.339192,0.586135
2079686615,3,-0.477002,-0.560717,-0.338747,0.58593
2079686625,3,-0.476939,-0.561265,-0.338323,0.585702
2079686635,3,-0.476879,-0.561791,-0.337914,0.585482
2079686646,3,-0.476856,-0.562301,-0.337496,0.585252
2079686656,3,-0.47687,-0.562833,-0.33708,0.584969
2079686666,3,-0.476944,-0.56336,-0.336634,0.584659
2079686676,3,-0.477074,-0.563888,-0.336165,0.584313
2079686686,3,-0.47726,-0.564453,-0.335665,0.583903
2079686696,3,-0.477494,-0.565035,-0.335166,0.583435
2079686706,3,-0.477749,-0.565632,-0.334699,0.582917
2079686716,3,-0.478011,-0.566242,-0.334284,0.582346
2079686726,3,-0.478272,-0.566827,-0.333932,0.581766
2079686736,3,-0.478492,-0.567393,-0.333689,0.581172
2079686746,3,-0.478659,-0.56793,-0.333546,0.580592
2079686756,3,-0.478772,-0.568432,-0.333517,0.580023
2079686766,3,-0.478805,-0.568856,-0.333612,0.579525
2079686777,3,-0.478767,-0.569188,-0.333801,0.579122
2079686787,3,-0.478638,-0.569406,-0.334107,0.578838
2079686797,3,-0.478419,-0.569512,-0.334509,0.578682
2079686807,3,-0.478119,-0.569477,-0.334996,0.578683
2079686817,3,-0.477751,-0.569322,-0.335546,0.578821
2079686827,3,-0.47735,-0.569075,-0.336143,0.579049
2079686837,3,-0.47694,-0.568749,-0.336762,0.579347
2079686847,3,-0.476555,-0.568372,-0.337366,0.579682
2079686857,3,-0.476193,-0.567984,-0.337973,0.580006
2079686867,3,-0.47587,-0.567594,-0.338571,0.580304
2079686877,3,-0.475562,-0.567185,-0.33919,0.580594
2079686887,3,-0.475271,-0.566758,-0.339825,0.580879
2079686897,3,-0.474996,-0.56629,-0.340469,0.581183
2079686908,3,-0.474735,-0.5658,-0.341113,0.581495
2079686918,3,-0.474507,-0.565264,-0.341735,0.581838
2079686928,3,-0.474284,-0.56471,-0.342344,0.582199
2079686938,3,-0.474074,-0.564121,-0.342925,0.582599
2079686948,3,-0.47391,-0.563489,-0.343432,0.583045
2079686958,3,-0.473836,-0.562843,-0.343815,0.583503
2079686968,3,-0.473824,-0.562206,-0.344118,0.583949
2079686978,3,-0.47389,-0.561568,-0.3443,0.584402
2079686988,3,-0.474035,-0.560972,-0.344402,0.584796
2079686998,3,-0.474216,-0.560407,-0.344443,0.585167
2079687008,3,-0.474416,-0.559882,-0.344469,0.585492
2079687018,3,-0.474593,-0.559358,-0.344516,0.585821
2079687028,3,-0.47472,-0.558848,-0.344617,0.586147
2079687038,3,-0.474797,-0.558324,-0.344769,0.586494
2079687049,3,-0.474797,-0.557777,-0.345012,0.586872
2079687059,3,-0.474756,-0.557232,-0.345296,0.587254
2079687069,3,-0.474677,-0.556718,-0.345612,0.58762
2079687079,3,-0.474594,-0.556227,-0.345914,0.587975
2079687089,3,-0.474481,-0.555804,-0.346231,0.588279
2079687099,3,-0.474361,-0.555415,-0.346521,0.588573
2079687109,3,-0.47425,-0.555074,-0.346773,0.588835
2079687119,3,-0.474144,-0.55481,-0.346974,0.58905
2079687129,3,-0.474044,-0.5546,-0.347126,0.589239
2079687139,3,-0.473934,-0.554469,-0.347242,0.589383
2079687149,3,-0.473822,-0.554398,-0.347323,0.589492
2079687159,3,-0.473685,-0.554383,-0.347376,0.589584
2079687169,3,-0.473513,-0.554401,-0.347409,0.589686
2079687180,3,-0.473305,-0.554432,-0.347429,0.589812
2079687190,3,-0.473068,-0.554526,-0.347444,0.589906
2079687200,3,-0.472822,-0.554641,-0.347438,0.589998
2079687210,3,-0.472563,-0.554747,-0.3474,0.590129
2079687220,3,-0.47232,-0.554859,-0.347307,0.590272
2079687230,3,-0.472089,-0.554952,-0.347154,0.59046
2079687240,3,-0.471898,-0.555062,-0.346909,0.590653
2079687250,3,-0.471702,-0.555223,-0.346628,0.590823
2079687260,3,-0.471532,-0.555411,-0.346284,0.590984
2079687270,3,-0.471357,-0.555637,-0.345912,0.591129
2079687280,3,-0.471211,-0.555904,-0.345486,0.591244
2079687290,3,-0.471091,-0.556207,-0.345013,0.59133
2079687300,3,-0.47096,-0.556568,-0.344518,0.591383
2079687311,3,-0.470843,-0.557003,-0.34399,0.591375
2079687321,3,-0.470753,-0.557524,-0.343425,0.591283
2079687331,3,-0.47069,-0.558112,-0.342816,0.591133
2079687341,3,-0.470616,-0.558762,-0.342199,0.590934
2079687351,3,-0.47058,-0.559465,-0.341529,0.590685
2079687361,3,-0.470564,-0.560186,-0.34083,0.590419
2079687371,3,-0.470587,-0.560932,-0.340072,0.590129
2079687381,3,-0.470623,-0.561701,-0.33926,0.589836
2079687391,3,-0.470697,-0.562461,-0.338385,0.589556
2079687401,3,-0.470821,-0.56321,-0.337432,0.589288
2079687411,3,-0.470994,-0.563969,-0.336395,0.589016
2079687421,3,-0.471176,-0.564746,-0.335318,0.58874
2079687431,3,-0.471403,-0.565555,-0.33419,0.588424
2079687441,3,-0.47168,-0.566376,-0.333014,0.588079
2079687452,3,-0.471984,-0.567197,-0.33181,0.587723
2079687462,3,-0.472296,-0.568012,-0.330618,0.587358
2079687472,3,-0.472606,-0.568802,-0.329457,0.586996
2079687482,3,-0.472891,-0.569566,-0.328364,0.586638
2079687492,3,-0.473132,-0.570304,-0.32738,0.586276
2079687502,3,-0.473323,-0.570971,-0.326509,0.585958
2079687512,3,-0.47346,-0.571567,-0.325774,0.585676
2079687522,3,-0.473547,-0.572105,-0.325178,0.585411
2079687532,3,-0.473583,-0.572581,-0.324713,0.585175
2079687542,3,-0.473562,-0.573007,-0.324388,0.584955
2079687552,3,-0.473502,-0.573403,-0.324203,0.584718
2079687562,3,-0.473387,-0.573786,-0.324155,0.584462
2079687572,3,-0.473221,-0.574156,-0.324239,0.584187
2079687583,3,-0.47302,-0.574521,-0.32441,0.583895
2079687593,3,-0.472752,-0.574881,-0.324716,0.583588
2079687603,3,-0.472436,-0.575228,-0.325104,0.583286
2079687613,3,-0.472079,-0.575531,-0.325545,0.583029
2079687623,3,-0.471721,-0.575755,-0.325974,0.582859
2079687633,3,-0.471346,-0.575957,-0.326407,0.582721
2079687643,3,-0.470987,-0.576107,-0.326795,0.582645
2079687653,3,-0.470629,-0.576242,-0.327142,0.582606
2079687663,3,-0.470297,-0.576386,-0.327435,0.582567
2079687673,3,-0.469982,-0.576504,-0.327674,0.582569
2079687683,3,-0.469722,-0.576586,-0.327829,0.582612
2079687693,3,-0.469495,-0.576643,-0.327941,0.582675
2079687703,3,-0.469305,-0.576676,-0.328,0.582762
2079687714,3,-0.469148,-0.576669,-0.328061,0.582862
2079687724,3,-0.468995,-0.576616,-0.328133,0.582996
2079687734,3,-0.468849,-0.576516,-0.328248,0.583148
2079687744,3,-0.468718,-0.576337,-0.328402,0.583343
2079687754,3,-0.468577,-0.576121,-0.328621,0.583547
2079687764,3,-0.468458,-0.575837,-0.328878,0.583778
2079687774,3,-0.468376,-0.575502,-0.329178,0.584005
2079687784,3,-0.468303,-0.575121,-0.329545,0.584232
2079687794,3,-0.468249,-0.574698,-0.329989,0.58444
2079687804,3,-0.468188,-0.574241,-0.330527,0.584635
2079687814,3,-0.468117,-0.573736,-0.331165,0.584826
2079687824,3,-0.468028,-0.573205,-0.331899,0.585002
2079687834,3,-0.467907,-0.572627,-0.332751,0.585181
2079687845,3,-0.467759,-0.572026,-0.333712,0.58534
2079687855,3,-0.467592,-0.571386,-0.334769,0.585495
2079687865,3,-0.46742,-0.570744,-0.335896,0.585612
2079687875,3,-0.467275,-0.570087,-0.33704,0.585711
2079687885,3,-0.467174,-0.569408,-0.338187,0.585792
2079687895,3,-0.467112,-0.568719,-0.339328,0.585849
2079687905,3,-0.467121,-0.568016,-0.340427,0.585887
2079687915,3,-0.46719,-0.567294,-0.341492,0.585911
2079687925,3,-0.467329,-0.566551,-0.342501,0.585931
2079687935,3,-0.467499,-0.56579,-0.343487,0.585953
2079687945,3,-0.467696,-0.565015,-0.344455,0.585976
2079687955,3,-0.46794,-0.564215,-0.345382,0.586005
2079687965,3,-0.468203,-0.563425,-0.346297,0.586016
2079687975,3,-0.468494,-0.562637,-0.347189,0.586012
2079687986,3,-0.46878,-0.561854,-0.348098,0.585996
2079687996,3,-0.469063,-0.561086,-0.349021,0.585956
2079688006,3,-0.469366,-0.560294,-0.349924,0.585933
2079688016,3,-0.46968,-0.559468,-0.350814,0.585938
2079688026,3,-0.470033,-0.558631,-0.351678,0.585937
2079688036,3,-0.470408,-0.55778,-0.352507,0.585948
2079688046,3,-0.470809,-0.556929,-0.353305,0.585954
2079688056,3,-0.471246,-0.556061,-0.354058,0.585974
2079688066,3,-0.4717,-0.555171,-0.354791,0.586009
2079688076,3,-0.47218,-0.554275,-0.35549,0.586046
2079688086,3,-0.472705,-0.553377,-0.35614,0.586077
2079688096,3,-0.473277,-0.552467,-0.356717,0.586122
2079688106,3,-0.473899,-0.551581,-0.357235,0.586139
2079688117,3,-0.474541,-0.550714,-0.357718,0.58614
2079688127,3,-0.475198,-0.549889,-0.358152,0.586118
2079688137,3,-0.475868,-0.549121,-0.358528,0.586064
2079688147,3,-0.476514,-0.548421,-0.358904,0.585965
2079688157,3,-0.477127,-0.547778,-0.359256,0.585852
2079688167,3,-0.477733,-0.547212,-0.359564,0.585698
2079688177,3,-0.478311,-0.546681,-0.359824,0.585562
2079688187,3,-0.478901,-0.546189,-0.359993,0.585436
2079688197,3,-0.479462,-0.545758,-0.360098,0.585314
2079688207,3,-0.48,-0.545402,-0.360128,0.585187
2079688217,3,-0.480513,-0.545104,-0.360073,0.585076
2079688227,3,-0.481014,-0.544886,-0.35993,0.584956
2079688237,3,-0.481501,-0.544729,-0.35969,0.584849
2079688248,3,-0.48197,-0.544623,-0.359361,0.584764
2079688258,3,-0.482409,-0.544562,-0.358951,0.58471
2079688268,3,-0.482825,-0.544558,-0.358452,0.584676
2079688278,3,-0.483192,-0.544632,-0.357895,0.584646
2079688288,3,-0.483505,-0.544759,-0.357287,0.584641
2079688298,3,-0.483764,-0.544964,-0.35663,0.584636
2079688308,3,-0.483993,-0.545236,-0.3559,0.584639
2079688318,3,-0.484188,-0.545586,-0.355106,0.584633
2079688328,3,-0.484353,-0.546003,-0.354257,0.584622
2079688338,3,-0.484472,-0.546492,-0.353376,0.5846
2079688348,3,-0.484542,-0.547057,-0.352473,0.584559
2079688358,3,-0.484579,-0.547686,-0.351543,0.584499
2079688368,3,-0.48456,-0.548359,-0.350611,0.584444
2079688379,3,-0.484496,-0.549082,-0.349656,0.58439
2079688389,3,-0.484402,-0.549862,-0.348691,0.584311
2079688399,3,-0.484261,-0.550676,-0.347718,0.584241
2079688409,3,-0.484103,-0.551545,-0.346738,0.584134
2079688419,3,-0.483894,-0.552449,-0.345773,0.584026
2079688429,3,-0.48365,-0.553379,-0.344816,0.583913
2079688439,3,-0.483375,-0.554323,-0.343843,0.58382
2079688449,3,-0.483048,-0.555271,-0.342914,0.583735
2079688459,3,-0.482686,-0.556235,-0.341994,0.583657
2079688469,3,-0.482279,-0.557212,-0.341087,0.583592
2079688479,3,-0.481837,-0.558185,-0.340198,0.583547
2079688489,3,-0.48137,-0.559171,-0.33931,0.583504
2079688499,3,-0.480879,-0.560181,-0.338438,0.583447
2079688509,3,-0.480379,-0.561203,-0.337555,0.583388
2079688520,3,-0.479877,-0.562246,-0.336659,0.583315
2079688530,3,-0.479373,-0.563284,-0.33575,0.583252
2079688540,3,-0.47888,-0.564346,-0.334815,0.583168
2079688550,3,-0.478404,-0.5654,-0.333866,0.583082
2079688560,3,-0.47796,-0.566442,-0.332878,0.582999
2079688570,3,-0.47755,-0.567464,-0.331866,0.582918
2079688580,3,-0.477136,-0.568455,-0.330876,0.582855
2079688590,3,-0.476736,-0.569413,-0.329896,0.582802
2079688600,3,-0.476308,-0.570323,-0.32898,0.58278
2079688610,3,-0.475891,-0.571165,-0.328105,0.58279
2079688620,3,-0.475474,-0.571942,-0.327288,0.582827
2079688630,3,-0.475055,-0.572641,-0.326534,0.582906
2079688640,3,-0.474643,-0.573285,-0.325856,0.582987
2079688651,3,-0.474234,-0.573862,-0.325267,0.583081
2079688661,3,-0.473792,-0.574363,-0.324794,0.58321
2079688671,3,-0.473352,-0.574795,-0.324418,0.583352
2079688681,3,-0.472909,-0.575161,-0.324134,0.583508
2079688691,3,-0.472476,-0.575486,-0.323948,0.583643
2079688701,3,-0.472025,-0.57575,-0.323886,0.583781
2079688711,3,-0.471595,-0.575938,-0.323896,0.583938
2079688721,3,-0.471211,-0.576084,-0.323948,0.584075
2079688731,3,-0.470876,-0.576177,-0.324039,0.584203
2079688741,3,-0.470593,-0.576231,-0.324151,0.584315
2079688751,3,-0.470385,-0.576244,-0.324285,0.584395
2079688761,3,-0.470214,-0.576232,-0.324462,0.584447
2079688771,3,-0.470073,-0.576175,-0.324691,0.584489
2079688782,3,-0.469957,-0.576064,-0.324983,0.58453
2079688792,3,-0.469867,-0.575879,-0.325325,0.584594
2079688802,3,-0.469791,-0.575639,-0.325723,0.58467
2079688812,3,-0.469723,-0.575339,-0.326189,0.58476
2079688822,3,-0.469658,-0.574987,-0.326732,0.584855
2079688832,3,-0.4696,-0.574588,-0.327328,0.584961
2079688842,3,-0.469524,-0.574156,-0.328009,0.585064
2079688852,3,-0.46942,-0.573677,-0.328768,0.585191
2079688862,3,-0.469304,-0.573155,-0.329574,0.585342
2079688872,3,-0.469182,-0.572623,-0.33044,0.585473
2079688882,3,-0.46905,-0.572069,-0.331351,0.585605
2079688892,3,-0.468898,-0.571495,-0.3323,0.58575
2079688902,3,-0.468748,-0.570906,-0.333246,0.585906
2079688913,3,-0.468598,-0.570304,-0.334203,0.586068
2079688923,3,-0.468457,-0.569699,-0.33515,0.586228
2079688933,3,-0.468319,-0.569077,-0.336106,0.586396
2079688943,3,-0.468205,-0.568448,-0.337029,0.586567
2079688953,3,-0.468105,-0.567832,-0.337927,0.586726
2079688963,3,-0.468002,-0.56721,-0.338828,0.586891
2079688973,3,-0.46793,-0.566594,-0.339682,0.58705
2079688983,3,-0.467854,-0.565974,-0.340528,0.587218
2079688993,3,-0.467807,-0.565375,-0.341327,0.587369
2079689003,3,-0.467792,-0.564778,-0.342071,0.587522
2079689013,3,-0.467809,-0.564207,-0.342737,0.587669
2079689023,3,-0.467866,-0.563672,-0.343343,0.587782
2079689033,3,-0.46795,-0.563158,-0.343891,0.587889
2079689043,3,-0.468043,-0.562684,-0.344394,0.587974
2079689054,3,-0.468139,-0.562254,-0.344867,0.588032
2079689064,3,-0.468255,-0.561849,-0.345291,0.588077
2079689074,3,-0.468372,-0.561482,-0.345677,0.588108
2079689084,3,-0.468513,-0.56111,-0.346008,0.588157
2079689094,3,-0.468652,-0.560758,-0.346318,0.588199
2079689104,3,-0.468783,-0.560402,-0.34661,0.588261
2079689114,3,-0.468913,-0.560043,-0.346879,0.588341
2079689124,3,-0.469026,-0.559674,-0.347143,0.588447
2079689134,3,-0.469151,-0.559312,-0.347361,0.588563
2079689144,3,-0.469315,-0.558964,-0.347514,0.588672
2079689154,3,-0.469546,-0.558631,-0.347584,0.588764
2079689164,3,-0.469835,-0.558361,-0.347565,0.588799
2079689174,3,-0.470195,-0.558122,-0.347465,0.588797
2079689185,3,-0.470628,-0.557935,-0.347284,0.588736
2079689195,3,-0.471104,-0.557752,-0.347053,0.588665
2079689205,3,-0.471596,-0.557601,-0.34679,0.588569
2079689215,3,-0.472108,-0.557445,-0.346495,0.58848
2079689225,3,-0.472638,-0.557299,-0.34619,0.588372
2079689235,3,-0.473207,-0.557171,-0.345837,0.588243
2079689245,3,-0.473786,-0.557066,-0.345471,0.588092
2079689255,3,-0.474378,-0.556998,-0.34509,0.587902
2079689265,3,-0.474962,-0.556941,-0.344722,0.587702
2079689275,3,-0.475534,-0.556909,-0.344355,0.587484
2079689285,3,-0.476112,-0.556898,-0.343983,0.587244
2079689295,3,-0.476678,-0.55691,-0.343607,0.586994
2079689305,3,-0.477235,-0.556942,-0.343228,0.586733
2079689316,3,-0.477776,-0.557023,-0.342854,0.586434
2079689326,3,-0.478309,-0.557116,-0.34248,0.586129
2079689336,3,-0.47882,-0.557222,-0.342113,0.585826
2079689346,3,-0.479268,-0.557324,-0.341798,0.585546
2079689356,3,-0.479704,-0.557445,-0.341494,0.585251
2079689366,3,-0.480094,-0.557584,-0.341216,0.584961
2079689376,3,-0.480462,-0.557745,-0.340952,0.584659
2079689386,3,-0.48081,-0.557931,-0.340715,0.584334
2079689396,3,-0.481115,-0.558148,-0.340514,0.583992
2079689406,3,-0.481394,-0.558373,-0.340323,0.583659
2079689416,3,-0.481633,-0.558599,-0.340183,0.583328
2079689426,3,-0.481862,-0.558824,-0.340058,0.582995
2079689436,3,-0.48204,-0.55903,-0.339968,0.582702
2079689446,3,-0.482196,-0.559204,-0.3399,0.582447
2079689457,3,-0.482313,-0.559344,-0.339862,0.582237
2079689467,3,-0.482354,-0.559461,-0.339891,0.582074
2079689477,3,-0.482346,-0.559559,-0.339966,0.581943
2079689487,3,-0.482285,-0.559661,-0.340079,0.581829
2079689497,3,-0.482191,-0.559749,-0.340228,0.581735
2079689507,3,-0.482044,-0.559864,-0.340409,0.58164
2079689517,3,-0.481872,-0.560016,-0.340595,0.581528
2079689527,3,-0.481663,-0.560201,-0.340816,0.581393
2079689537,3,-0.48141,-0.560416,-0.34106,0.581253
2079689547,3,-0.481109,-0.560639,-0.34133,0.581128
2079689557,3,-0.480753,-0.56087,-0.341635,0.58102
2079689567,3,-0.48038,-0.561074,-0.341924,0.580962
2079689577,3,-0.479985,-0.561248,-0.342197,0.580959
2079689588,3,-0.479597,-0.561384,-0.342431,0.581011
2079689598,3,-0.479187,-0.56152,-0.342649,0.581089
2079689608,3,-0.478784,-0.561603,-0.34284,0.581229
2079689618,3,-0.478385,-0.561652,-0.342993,0.58142
2079689628,3,-0.477993,-0.561667,-0.343104,0.581662
2079689638,3,-0.477613,-0.561651,-0.343178,0.581945
2079689648,3,-0.477237,-0.56159,-0.343227,0.582285
2079689658,3,-0.476838,-0.561519,-0.34328,0.582648
2079689668,3,-0.476415,-0.561435,-0.34335,0.583034
2079689678,3,-0.475949,-0.561333,-0.343449,0.583454
2079689688,3,-0.475473,-0.561225,-0.343553,0.583885
2079689698,3,-0.474976,-0.561136,-0.343682,0.584298
2079689708,3,-0.474481,-0.561046,-0.343787,0.584725
2079689719,3,-0.473968,-0.560959,-0.343915,0.585149
2079689729,3,-0.473491,-0.560904,-0.343995,0.585541
2079689739,3,-0.473041,-0.560876,-0.344044,0.585903
2079689749,3,-0.472627,-0.560845,-0.344058,0.586258
2079689759,3,-0.47225,-0.56085,-0.344023,0.586578
2079689769,3,-0.471923,-0.560877,-0.343945,0.586861
2079689779,3,-0.471604,-0.560938,-0.343856,0.587111
2079689789,3,-0.471314,-0.560987,-0.343741,0.587365
2079689799,3,-0.471037,-0.561033,-0.343611,0.587619
2079689809,3,-0.470774,-0.561073,-0.343471,0.587873
2079689819,3,-0.470535,-0.561123,-0.343308,0.588112
2079689829,3,-0.470304,-0.561176,-0.343138,0.588345
2079689839,3,-0.470102,-0.561247,-0.342948,0.58855
2079689850,3,-0.469926,-0.56133,-0.342734,0.588736
2079689860,3,-0.469775,-0.56144,-0.342513,0.588879
2079689870,3,-0.469654,-0.561588,-0.342275,0.588973
2079689880,3,-0.46954,-0.561773,-0.34205,0.589019
2079689890,3,-0.469444,-0.561983,-0.341825,0.589025
2079689900,3,-0.469368,-0.562202,-0.341615,0.588999
2079689910,3,-0.469311,-0.562414,-0.341415,0.588958
2079689920,3,-0.469268,-0.562615,-0.341228,0.588909
2079689930,3,-0.469244,-0.562792,-0.341054,0.58886
2079689940,3,-0.469216,-0.562945,-0.340919,0.588814
2079689950,3,-0.469215,-0.56308,-0.34079,0.58876
2079689960,3,-0.46923,-0.563199,-0.340675,0.588701
2079689970,3,-0.469256,-0.563334,-0.34059,0.588601
2079689980,3,-0.469313,-0.563475,-0.340515,0.588463
2079689991,3,-0.469407,-0.563631,-0.340425,0.588291
2079690001,3,-0.469536,-0.5638,-0.340341,0.588074
2079690011,3,-0.469701,-0.56398,-0.340271,0.58781
2079690021,3,-0.469889,-0.564194,-0.340201,0.587496
2079690031,3,-0.470079,-0.564445,-0.340169,0.58712
2079690041,3,-0.470296,-0.564704,-0.340172,0.586696
2079690051,3,-0.470509,-0.564936,-0.340195,0.586288
2079690061,3,-0.470713,-0.565128,-0.340253,0.585906
2079690071,3,-0.470904,-0.565322,-0.340338,0.585515
2079690081,3,-0.471109,-0.565493,-0.340428,0.585134
2079690091,3,-0.471299,-0.565648,-0.34054,0.584765
2079690101,3,-0.471517,-0.565761,-0.340629,0.584429
2079690111,3,-0.471753,-0.565878,-0.340688,0.58409
2079690122,3,-0.472019,-0.565974,-0.340718,0.583764
2079690132,3,-0.472323,-0.566074,-0.340706,0.583429
2079690142,3,-0.472644,-0.566185,-0.340668,0.583083
2079690152,3,-0.472994,-0.566291,-0.340608,0.582731
2079690162,3,-0.473324,-0.566402,-0.340556,0.582385
2079690172,3,-0.473628,-0.566492,-0.34053,0.582066
2079690182,3,-0.47391,-0.566564,-0.340523,0.58177
2079690192,3,-0.474158,-0.566619,-0.340544,0.581502
2079690202,3,-0.474398,-0.566638,-0.340567,0.581275
2079690212,3,-0.474612,-0.566651,-0.340609,0.581062
2079690222,3,-0.474804,-0.566645,-0.340651,0.580887
2079690232,3,-0.474964,-0.566628,-0.340718,0.580733
2079690242,3,-0.475095,-0.566602,-0.340794,0.580607
2079690253,3,-0.475207,-0.566569,-0.34086,0.580509
2079690263,3,-0.475314,-0.566515,-0.340914,0.580442
2079690273,3,-0.475414,-0.566443,-0.34095,0.58041
2079690283,3,-0.475489,-0.566374,-0.34098,0.580398
2079690293,3,-0.475549,-0.566299,-0.341004,0.580408
2079690303,3,-0.475584,-0.566219,-0.341019,0.580448
2079690313,3,-0.4756,-0.566154,-0.34103,0.580492
2079690323,3,-0.475596,-0.566105,-0.341026,0.580545
2079690333,3,-0.475576,-0.566067,-0.341005,0.580611
2079690343,3,-0.475522,-0.56604,-0.34097,0.580702
2079690353,3,-0.475442,-0.566009,-0.340919,0.580829
2079690363,3,-0.475343,-0.565991,-0.340839,0.580973
2079690373,3,-0.475205,-0.56599,-0.34075,0.581139
2079690384,3,-0.475062,-0.566013,-0.340624,0.581308
2079690394,3,-0.474887,-0.566048,-0.340463,0.581511
2079690404,3,-0.474702,-0.566092,-0.34027,0.581732
2079690414,3,-0.474497,-0.566141,-0.34005,0.581981
2079690424,3,-0.474309,-0.566197,-0.339774,0.58224
2079690434,3,-0.474117,-0.566258,-0.339476,0.582511
2079690444,3,-0.473945,-0.566306,-0.339136,0.582803
2079690454,3,-0.473781,-0.566325,-0.338775,0.583127
2079690464,3,-0.473608,-0.566338,-0.338418,0.583463
2079690474,3,-0.473426,-0.566308,-0.338077,0.583837
2079690484,3,-0.473245,-0.566236,-0.337761,0.584235
2079690494,3,-0.473071,-0.566137,-0.337459,0.584647
2079690504,3,-0.472906,-0.566026,-0.337185,0.585046
2079690514,3,-0.472787,-0.565917,-0.336907,0.585408
2079690525,3,-0.472694,-0.565798,-0.336646,0.585747
2079690535,3,-0.47265,-0.56568,-0.336399,0.586039
2079690545,3,-0.472636,-0.565533,-0.336186,0.586314
2079690555,3,-0.47264,-0.56538,-0.336016,0.586556
2079690565,3,-0.472654,-0.565205,-0.335893,0.586784
2079690575,3,-0.472698,-0.56502,-0.335806,0.586976
2079690585,3,-0.47273,-0.564811,-0.335789,0.587162
2079690595,3,-0.472767,-0.564588,-0.335821,0.587329
2079690605,3,-0.472828,-0.564367,-0.335884,0.587455
2079690615,3,-0.472903,-0.56414,-0.33598,0.587557
2079690625,3,-0.473,-0.563928,-0.336109,0.58761
2079690635,3,-0.473131,-0.563737,-0.336246,0.587609
2079690645,3,-0.473273,-0.563555,-0.336402,0.58758
2079690656,3,-0.473429,-0.563375,-0.336584,0.587523
2079690666,3,-0.47359,-0.563196,-0.336787,0.587448
2079690676,3,-0.473777,-0.563021,-0.336996,0.587345
2079690686,3,-0.473988,-0.562837,-0.33721,0.587228
2079690696,3,-0.474208,-0.562647,-0.337442,0.587099
2079690706,3,-0.474433,-0.562436,-0.337697,0.586973
2079690716,3,-0.474683,-0.562206,-0.337959,0.586841
2079690726,3,-0.474945,-0.561973,-0.33824,0.58669
2079690736,3,-0.475231,-0.561698,-0.338537,0.586551
2079690746,3,-0.475516,-0.561399,-0.338874,0.58641
2079690756,3,-0.475813,-0.561037,-0.339231,0.58631
2079690766,3,-0.476131,-0.560652,-0.339595,0.58621
2079690776,3,-0.476452,-0.560234,-0.339988,0.58612
2079690787,3,-0.476761,-0.559777,-0.340409,0.586062
2079690797,3,-0.477054,-0.559316,-0.340863,0.586
2079690807,3,-0.477376,-0.558865,-0.341294,0.585917
2079690817,3,-0.477674,-0.558435,-0.341754,0.585816
2079690827,3,-0.477956,-0.558023,-0.342211,0.585712
2079690837,3,-0.478225,-0.55765,-0.342677,0.585575
2079690847,3,-0.47846,-0.557308,-0.343137,0.585439
2079690857,3,-0.478678,-0.557016,-0.343587,0.585276
2079690867,3,-0.478839,-0.556793,-0.34404,0.585089
2079690877,3,-0.478963,-0.556629,-0.344473,0.584889
2079690887,3,-0.479043,-0.556539,-0.344901,0.584657
2079690897,3,-0.479047,-0.556503,-0.34533,0.584435
2079690907,3,-0.478982,-0.556509,-0.345743,0.584238
2079690918,3,-0.478864,-0.556523,-0.346124,0.584095
2079690928,3,-0.478681,-0.55657,-0.346452,0.584006
2079690938,3,-0.478455,-0.556625,-0.346742,0.583967
2079690948,3,-0.478168,-0.556689,-0.346975,0.584003
2079690958,3,-0.477819,-0.556763,-0.347168,0.584103
2079690968,3,-0.477452,-0.556855,-0.347279,0.584249
2079690978,3,-0.477062,-0.556978,-0.3473,0.584439
2079690988,3,-0.476664,-0.557131,-0.347239,0.584653
2079690998,3,-0.476282,-0.557372,-0.347073,0.584834
2079691008,3,-0.475908,-0.55766,-0.346831,0.585008
2079691018,3,-0.475523,-0.557997,-0.346541,0.58517
2079691028,3,-0.475137,-0.558365,-0.346203,0.585333
2079691038,3,-0.474742,-0.558759,-0.345843,0.585491
2079691048,3,-0.47434,-0.559159,-0.345462,0.58566
2079691059,3,-0.47395,-0.559577,-0.345066,0.585809
2079691069,3,-0.473554,-0.559991,-0.344676,0.585963
2079691079,3,-0.473156,-0.560397,-0.344274,0.586133
2079691089,3,-0.472781,-0.5608,-0.343887,0.586277
2079691099,3,-0.472413,-0.561189,-0.343504,0.586427
2079691109,3,-0.472047,-0.561567,-0.343144,0.58657
2079691119,3,-0.47168,-0.561946,-0.342825,0.586689
2079691129,3,-0.4713,-0.562311,-0.34256,0.586799
2079691139,3,-0.47092,-0.562674,-0.342342,0.586884
2079691149,3,-0.47053,-0.563019,-0.342191,0.586953
2079691159,3,-0.470103,-0.563358,-0.342127,0.587008
2079691169,3,-0.46967,-0.563692,-0.342127,0.587034
2079691179,3,-0.469225,-0.563996,-0.342203,0.587054
2079691190,3,-0.468772,-0.564307,-0.342347,0.587033
2079691200,3,-0.46834,-0.564591,-0.342522,0.587003
2079691210,3,-0.467939,-0.564889,-0.342723,0.586918
2079691220,3,-0.467566,-0.565163,-0.342957,0.586815
2079691230,3,-0.467259,-0.565406,-0.343164,0.586705
2079691240,3,-0.467014,-0.565622,-0.343366,0.586573
2079691250,3,-0.466834,-0.565797,-0.343551,0.586439
2079691260,3,-0.466725,-0.565912,-0.343711,0.586322
2079691270,3,-0.466688,-0.565971,-0.343854,0.586209
2079691280,3,-0.46669,-0.565988,-0.343982,0.586117
2079691290,3,-0.466774,-0.565936,-0.344065,0.586051
2079691300,3,-0.466926,-0.565843,-0.344127,0.585984
2079691310,3,-0.467138,-0.565692,-0.344152,0.585945
2079691321,3,-0.467418,-0.565517,-0.34414,0.585897
2079691331,3,-0.467745,-0.565327,-0.344107,0.58584
2079691341,3,-0.468139,-0.565122,-0.344016,0.585776
2079691351,3,-0.468568,-0.564908,-0.343914,0.5857
2079691361,3,-0.46902,-0.564701,-0.343793,0.585608
2079691371,3,-0.469466,-0.564499,-0.343687,0.585508
2079691381,3,-0.469895,-0.564299,-0.34358,0.585419
2079691391,3,-0.470326,-0.564091,-0.343469,0.585339
2079691401,3,-0.470706,-0.563887,-0.343389,0.585277
2079691411,3,-0.471051,-0.563679,-0.343314,0.585244
2079691421,3,-0.471352,-0.563473,-0.343248,0.585238
2079691431,3,-0.471595,-0.563275,-0.343185,0.585271
2079691441,3,-0.471794,-0.563101,-0.343127,0.585312
2079691452,3,-0.47197,-0.562947,-0.343041,0.585368
2079691462,3,-0.472097,-0.562829,-0.342952,0.585431
2079691472,3,-0.472205,-0.562756,-0.342821,0.585491
2079691482,3,-0.472271,-0.562742,-0.342658,0.585547
2079691492,3,-0.472331,-0.562769,-0.342431,0.585606
2079691502,3,-0.472376,-0.562844,-0.342139,0.585667
2079691512,3,-0.472425,-0.562954,-0.341774,0.585736
2079691522,3,-0.47249,-0.563094,-0.341336,0.585804
2079691532,3,-0.472563,-0.563275,-0.340814,0.585876
2079691542,3,-0.472668,-0.563483,-0.340201,0.585947
2079691552,3,-0.472783,-0.563717,-0.339536,0.586014
2079691562,3,-0.47292,-0.563969,-0.338818,0.586078
2079691572,3,-0.473068,-0.564245,-0.33806,0.58613
2079691582,3,-0.473194,-0.564515,-0.337301,0.586205
2079691593,3,-0.473314,-0.564772,-0.33653,0.586304
2079691603,3,-0.473418,-0.565028,-0.335768,0.586409
2079691613,3,-0.473482,-0.565264,-0.335057,0.586537
2079691623,3,-0.47351,-0.565476,-0.334393,0.586689
2079691633,3,-0.473516,-0.565673,-0.333763,0.586854
2079691643,3,-0.473491,-0.565875,-0.33317,0.587015
2079691653,3,-0.473442,-0.566082,-0.332629,0.587163
2079691663,3,-0.473362,-0.566334,-0.33214,0.587261
2079691673,3,-0.47324,-0.566584,-0.331716,0.587358
2079691683,3,-0.4731,-0.566856,-0.331344,0.587418
2079691693,3,-0.472922,-0.567142,-0.331047,0.587453
2079691703,3,-0.472708,-0.567422,-0.330814,0.587485
2079691713,3,-0.472449,-0.567669,-0.330648,0.587549
2079691724,3,-0.472165,-0.567903,-0.330534,0.587615
2079691734,3,-0.471844,-0.568101,-0.330468,0.587718
2079691744,3,-0.471536,-0.568267,-0.330422,0.587831
2079691754,3,-0.471254,-0.568423,-0.330356,0.587945
2079691764,3,-0.470974,-0.568547,-0.330288,0.588086
2079691774,3,-0.470719,-0.568664,-0.33022,0.588215
2079691784,3,-0.470496,-0.568775,-0.330133,0.588336
2079691794,3,-0.470307,-0.568897,-0.330012,0.588437
2079691804,3,-0.470146,-0.56899,-0.329887,0.588545
2079691814,3,-0.470017,-0.56907,-0.329749,0.588648
2079691824,3,-0.469917,-0.569141,-0.329593,0.588748
2079691834,3,-0.469836,-0.569199,-0.329444,0.588839
2079691844,3,-0.469792,-0.569256,-0.329285,0.588907
2079691855,3,-0.469755,-0.569282,-0.329156,0.588984
2079691865,3,-0.469738,-0.569278,-0.329049,0.589062
2079691875,3,-0.469702,-0.569233,-0.328998,0.589162
2079691885,3,-0.469667,-0.569166,-0.328987,0.589261
2079691895,3,-0.469622,-0.56908,-0.32902,0.589362
2079691905,3,-0.469569,-0.568993,-0.329094,0.589447
2079691915,3,-0.469511,-0.568888,-0.329217,0.589525
2079691925,3,-0.469444,-0.568786,-0.329371,0.58959
2079691935,3,-0.469381,-0.568701,-0.329547,0.589625
2079691945,3,-0.4693,-0.568612,-0.329754,0.58966
2079691955,3,-0.469204,-0.56853,-0.329979,0.58969
2079691965,3,-0.469119,-0.568457,-0.330194,0.589707
2079691975,3,-0.469029,-0.568395,-0.330424,0.589709
2079691985,3,-0.46894,-0.568368,-0.330642,0.589684
2079691996,3,-0.468852,-0.568365,-0.330857,0.589637
2079692006,3,-0.468739,-0.568386,-0.331079,0.58958
2079692016,3,-0.468622,-0.568428,-0.331314,0.589501
2079692026,3,-0.468509,-0.568478,-0.331547,0.589412
2079692036,3,-0.468365,-0.568548,-0.331805,0.589314
2079692046,3,-0.468218,-0.568603,-0.332047,0.589241
2079692056,3,-0.468064,-0.568638,-0.332286,0.589195
2079692066,3,-0.467916,-0.568664,-0.33252,0.589156
2079692076,3,-0.467773,-0.568668,-0.332738,0.589143
2079692086,3,-0.467636,-0.568655,-0.332951,0.589143
2079692096,3,-0.467537,-0.568641,-0.333133,0.589132
2079692106,3,-0.467458,-0.568646,-0.333305,0.589093
2079692116,3,-0.467431,-0.568659,-0.333449,0.58902
2079692127,3,-0.467445,-0.568671,-0.333583,0.588922
2079692137,3,-0.467488,-0.568655,-0.333726,0.588822
2079692147,3,-0.467562,-0.568616,-0.333892,0.588707
2079692157,3,-0.467644,-0.568532,-0.334093,0.588609
2079692167,3,-0.467725,-0.568421,-0.334355,0.588504
2079692177,3,-0.467823,-0.568288,-0.334656,0.588383
2079692187,3,-0.46794,-0.568136,-0.335006,0.588237
2079692197,3,-0.468053,-0.567965,-0.335402,0.588086
2079692207,3,-0.468166,-0.567799,-0.335846,0.587904
2079692217,3,-0.468297,-0.56761,-0.336328,0.587706
2079692227,3,-0.468429,-0.567415,-0.336851,0.58749
2079692237,3,-0.468544,-0.567211,-0.337428,0.587264
2079692247,3,-0.468644,-0.566999,-0.338043,0.587035
2079692258,3,-0.468718,-0.56677,-0.338686,0.586825
2079692268,3,-0.468778,-0.566521,-0.339359,0.586629
2079692278,3,-0.468825,-0.566257,-0.340049,0.586448
2079692288,3,-0.468875,-0.565999,-0.34071,0.586274
2079692298,3,-0.46895,-0.565731,-0.341346,0.586102
2079692308,3,-0.469037,-0.565474,-0.341923,0.585944
2079692318,3,-0.469147,-0.565233,-0.342455,0.585778
2079692328,3,-0.469255,-0.565012,-0.342952,0.585614
2079692338,3,-0.469362,-0.564825,-0.343404,0.585443
2079692348,3,-0.469471,-0.564611,-0.343809,0.585325
2079692358,3,-0.469548,-0.564417,-0.344186,0.585229
2079692368,3,-0.469635,-0.564263,-0.344496,0.585125
2079692378,3,-0.46974,-0.564114,-0.344721,0.585051
2079692389,3,-0.46985,-0.56399,-0.34487,0.584995
2079692399,3,-0.469967,-0.563883,-0.344952,0.584955
2079692409,3,-0.470087,-0.563799,-0.344963,0.584934
2079692419,3,-0.4702,-0.563717,-0.344917,0.584949
2079692429,3,-0.470318,-0.56364,-0.344825,0.584983
2079692439,3,-0.470419,-0.563556,-0.3447,0.585056
2079692449,3,-0.470519,-0.563481,-0.344535,0.585145
2079692459,3,-0.470574,-0.563405,-0.344351,0.585282
2079692469,3,-0.470634,-0.56333,-0.344134,0.585434
2079692479,3,-0.470689,-0.563269,-0.343882,0.585596
2079692489,3,-0.47075,-0.563231,-0.343603,0.585748
2079692499,3,-0.470793,-0.563212,-0.343317,0.585899
2079692509,3,-0.470828,-0.56321,-0.34301,0.586052
2079692519,3,-0.47086,-0.563222,-0.342697,0.586198
2079692530,3,-0.470887,-0.563248,-0.342364,0.586346
2079692540,3,-0.470922,-0.563317,-0.342015,0.586455
2079692550,3,-0.470984,-0.563405,-0.341636,0.586542
2079692560,3,-0.471056,-0.563521,-0.341238,0.586604
2079692570,3,-0.47113,-0.563632,-0.340813,0.586686
2079692580,3,-0.471218,-0.563787,-0.340361,0.586729
2079692590,3,-0.471319,-0.563954,-0.339879,0.586767
2079692600,3,-0.471416,-0.56414,-0.339381,0.586798
2079692610,3,-0.471505,-0.564327,-0.338867,0.586843
2079692620,3,-0.471566,-0.564529,-0.338368,0.586889
2079692630,3,-0.471614,-0.564715,-0.337876,0.586954
2079692640,3,-0.47163,-0.564912,-0.337406,0.587022
2079692650,3,-0.471613,-0.565106,-0.336969,0.5871
2079692661,3,-0.471591,-0.565322,-0.336548,0.587151
2079692671,3,-0.471556,-0.565566,-0.336156,0.587169
2079692681,3,-0.471512,-0.565813,-0.335797,0.587172
2079692691,3,-0.471473,-0.566059,-0.335454,0.587162
2079692701,3,-0.471434,-0.566306,-0.335131,0.58714
2079692711,3,-0.471397,-0.566517,-0.334846,0.587128
2079692721,3,-0.471365,-0.566698,-0.3346,0.587119
2079692731,3,-0.471319,-0.566839,-0.3344,0.587135
2079692741,3,-0.47129,-0.566955,-0.334226,0.587145
2079692751,3,-0.471284,-0.567032,-0.334081,0.587157
2079692761,3,-0.471297,-0.567088,-0.333951,0.587167
2079692771,3,-0.471337,-0.567109,-0.333866,0.587163
2079692781,3,-0.47139,-0.5671,-0.333821,0.587154
2079692792,3,-0.471435,-0.567084,-0.333846,0.58712
2079692802,3,-0.471486,-0.567052,-0.333921,0.587068
2079692812,3,-0.471528,-0.566996,-0.334069,0.587003
2079692822,3,-0.471558,-0.566941,-0.33428,0.586912
2079692832,3,-0.471561,-0.566877,-0.33457,0.586807
2079692842,3,-0.471543,-0.566839,-0.33493,0.586652
2079692852,3,-0.471505,-0.566801,-0.335352,0.586479
2079692862,3,-0.471455,-0.56678,-0.335812,0.586276
2079692872,3,-0.47141,-0.566751,-0.336273,0.586075
2079692882,3,-0.471357,-0.566715,-0.336756,0.585876
2079692892,3,-0.471297,-0.566668,-0.337257,0.585681
2079692902,3,-0.471238,-0.566573,-0.337743,0.58554
2079692912,3,-0.471188,-0.56645,-0.338208,0.585432
2079692923,3,-0.471145,-0.56632,-0.338669,0.585325
2079692933,3,-0.471104,-0.566163,-0.339118,0.585249
2079692943,3,-0.471041,-0.565986,-0.33957,0.585209
2079692953,3,-0.470951,-0.565785,-0.340044,0.585201
2079692963,3,-0.470868,-0.565561,-0.340504,0.585217
2079692973,3,-0.470785,-0.565356,-0.34095,0.585222
2079692983,3,-0.470681,-0.565147,-0.341404,0.585243
2079692993,3,-0.470548,-0.564918,-0.34187,0.585299
2079693003,3,-0.470422,-0.56467,-0.342314,0.585381
2079693013,3,-0.470298,-0.564422,-0.342731,0.585475
2079693023,3,-0.47021,-0.564176,-0.343088,0.585574
2079693033,3,-0.470146,-0.563921,-0.343403,0.585686
2079693043,3,-0.470112,-0.563685,-0.343653,0.585794
2079693053,3,-0.470123,-0.563438,-0.343827,0.58592
2079693064,3,-0.470165,-0.563194,-0.343945,0.586052
2079693074,3,-0.470215,-0.56295,-0.34403,0.586197
2079693084,3,-0.470309,-0.562719,-0.34405,0.586331
2079693094,3,-0.470436,-0.562519,-0.344012,0.586444
2079693104,3,-0.470599,-0.562346,-0.343913,0.586537
2079693114,3,-0.470753,-0.562199,-0.343796,0.586622
2079693124,3,-0.470916,-0.562076,-0.343646,0.586698
2079693134,3,-0.47108,-0.561978,-0.34347,0.586764
2079693144,3,-0.471239,-0.561897,-0.343278,0.586825
2079693154,3,-0.471379,-0.561823,-0.343077,0.586902
2079693164,3,-0.471518,-0.561753,-0.342849,0.58699
2079693174,3,-0.471632,-0.5617,-0.34263,0.587077
2079693184,3,-0.471738,-0.561667,-0.342395,0.58716
2079693195,3,-0.47186,-0.561657,-0.342128,0.587227
2079693205,3,-0.471988,-0.561649,-0.341848,0.587296
2079693215,3,-0.472125,-0.561638,-0.341549,0.587369
2079693225,3,-0.472283,-0.561647,-0.341238,0.587415
2079693235,3,-0.472458,-0.561652,-0.340918,0.587455
2079693245,3,-0.472626,-0.561653,-0.340611,0.587497
2079693255,3,-0.472811,-0.561627,-0.340313,0.587546
2079693265,3,-0.473005,-0.561577,-0.340016,0.587609
2079693275,3,-0.473187,-0.561513,-0.339761,0.587672
2079693285,3,-0.473377,-0.561456,-0.339539,0.587701
2079693295,3,-0.473553,-0.561408,-0.339352,0.587713
2079693305,3,-0.473758,-0.561375,-0.339166,0.587687
2079693315,3,-0.473959,-0.561364,-0.339008,0.587627
2079693326,3,-0.474158,-0.561399,-0.338888,0.587502
2079693336,3,-0.474365,-0.561454,-0.338791,0.587338
2079693346,3,-0.474572,-0.561565,-0.338724,0.587104
2079693356,3,-0.474755,-0.56168,-0.338697,0.586861
2079693366,3,-0.474907,-0.56179,-0.338736,0.58661
2079693376,3,-0.47503,-0.561895,-0.338813,0.586365
2079693386,3,-0.475113,-0.561991,-0.338939,0.586133
2079693396,3,-0.475162,-0.562091,-0.339101,0.585903
2079693406,3,-0.47519,-0.562192,-0.339275,0.585684
2079693416,3,-0.475175,-0.562298,-0.339492,0.585468
2079693426,3,-0.475124,-0.5624,-0.339726,0.585276
2079693436,3,-0.475026,-0.562504,-0.340011,0.58509
2079693446,3,-0.474899,-0.56261,-0.340293,0.584927
2079693457,3,-0.474722,-0.562725,-0.340599,0.584782
2079693467,3,-0.474555,-0.562856,-0.340888,0.584623
2079693477,3,-0.474366,-0.563016,-0.341171,0.584458
2079693487,3,-0.474166,-0.563176,-0.341424,0.584318
2079693497,3,-0.473955,-0.563318,-0.341676,0.584205
2079693507,3,-0.473724,-0.563477,-0.341908,0.584103
2079693517,3,-0.47352,-0.563639,-0.342093,0.584005
2079693527,3,-0.473322,-0.5638,-0.342244,0.58392
2079693537,3,-0.473126,-0.563984,-0.342361,0.583833
2079693547,3,-0.47294,-0.564135,-0.342455,0.583783
2079693557,3,-0.472731,-0.564247,-0.342538,0.583795
2079693567,3,-0.472527,-0.564324,-0.342595,0.583852
2079693577,3,-0.472297,-0.564365,-0.342638,0.583974
2079693587,3,-0.472046,-0.564396,-0.342686,0.584118
2079693598,3,-0.471776,-0.564404,-0.342731,0.584302
2079693608,3,-0.471498,-0.564409,-0.342735,0.584519
2079693618,3,-0.471245,-0.564423,-0.342682,0.584741
2079693628,3,-0.470993,-0.564448,-0.342604,0.584966
2079693638,3,-0.470743,-0.564499,-0.34248,0.58519
2079693648,3,-0.470512,-0.56461,-0.342294,0.585378
2079693658,3,-0.470293,-0.564735,-0.342074,0.585561
2079693668,3,-0.470089,-0.564895,-0.34178,0.585742
2079693678,3,-0.469888,-0.565099,-0.341441,0.585905
2079693688,3,-0.469659,-0.565313,-0.341079,0.586093
2079693698,3,-0.469418,-0.565541,-0.340674,0.586302
2079693708,3,-0.469139,-0.565776,-0.34026,0.586539
2079693718,3,-0.468831,-0.566001,-0.339813,0.586827
2079693729,3,-0.468479,-0.566208,-0.339349,0.587176
2079693739,3,-0.468089,-0.566434,-0.338884,0.587538
2079693749,3,-0.467688,-0.566659,-0.338392,0.587924
2079693759,3,-0.467282,-0.566888,-0.337855,0.588335
2079693769,3,-0.466894,-0.567124,-0.33728,0.588745
2079693779,3,-0.466525,-0.567382,-0.336654,0.589147
2079693789,3,-0.466188,-0.567668,-0.335998,0.589512
2079693799,3,-0.465914,-0.567991,-0.335276,0.589829
2079693809,3,-0.465655,-0.568313,-0.334553,0.590135
2079693819,3,-0.465434,-0.568626,-0.333808,0.590429
2079693829,3,-0.465208,-0.568924,-0.333101,0.590719
2079693839,3,-0.465009,-0.569205,-0.332414,0.590991
2079693849,3,-0.464846,-0.569472,-0.33175,0.591235
2079693860,3,-0.464716,-0.569727,-0.331104,0.591455
2079693870,3,-0.464635,-0.569978,-0.33048,0.591625
2079693880,3,-0.464582,-0.570249,-0.32991,0.591724
2079693890,3,-0.464574,-0.570508,-0.329388,0.591772
2079693900,3,-0.464597,-0.570753,-0.328932,0.591771
2079693910,3,-0.464662,-0.570973,-0.328526,0.591732
2079693920,3,-0.464757,-0.571182,-0.328197,0.591639
2079693930,3,-0.464889,-0.57137,-0.327936,0.591499
2079693940,3,-0.465092,-0.571551,-0.327698,0.591296
2079693950,3,-0.465315,-0.571719,-0.327544,0.591044
2079693960,3,-0.465563,-0.571847,-0.327439,0.590782
2079693970,3,-0.465863,-0.571934,-0.327373,0.590498
2079693980,3,-0.466173,-0.571998,-0.32738,0.590188
2079693991,3,-0.466512,-0.572036,-0.327423,0.589859
2079694001,3,-0.466897,-0.572053,-0.327491,0.5895
2079694011,3,-0.467314,-0.57206,-0.327586,0.589109
2079694021,3,-0.467748,-0.572065,-0.327717,0.588688
2079694031,3,-0.468192,-0.572057,-0.327883,0.58825
2079694041,3,-0.468653,-0.572015,-0.328071,0.587818
2079694051,3,-0.469113,-0.571959,-0.328299,0.587379
2079694061,3,-0.469562,-0.571859,-0.328561,0.586972
2079694071,3,-0.469981,-0.571735,-0.328887,0.586574
2079694081,3,-0.470363,-0.571567,-0.329265,0.586219
2079694091,3,-0.470718,-0.571375,-0.32969,0.585882
2079694101,3,-0.47104,-0.57115,-0.330156,0.58558
2079694111,3,-0.471332,-0.570903,-0.330662,0.585301
2079694121,3,-0.471593,-0.570662,-0.331188,0.585028
2079694132,3,-0.471848,-0.570406,-0.331722,0.58477
2079694142,3,-0.472065,-0.570155,-0.332269,0.584528
2079694152,3,-0.472279,-0.569919,-0.332805,0.58428
2079694162,3,-0.472464,-0.569685,-0.333342,0.584053
2079694172,3,-0.472619,-0.569459,-0.33388,0.58384
2079694182,3,-0.472752,-0.569237,-0.3344,0.583652
2079694192,3,-0.472847,-0.56903,-0.334917,0.583481
2079694202,3,-0.472878,-0.568822,-0.335445,0.583355
2079694212,3,-0.472864,-0.568593,-0.335979,0.583282
2079694222,3,-0.472827,-0.56837,-0.336465,0.58325
2079694232,3,-0.472768,-0.568142,-0.336921,0.583256
2079694242,3,-0.472665,-0.567931,-0.337354,0.583295
2079694252,3,-0.472547,-0.567716,-0.337717,0.583389
2079694263,3,-0.472419,-0.567481,-0.338046,0.583531
2079694273,3,-0.472269,-0.567227,-0.338321,0.58374
2079694283,3,-0.472138,-0.566965,-0.338529,0.58398
2079694293,3,-0.471996,-0.566696,-0.338705,0.584254
2079694303,3,-0.47187,-0.566425,-0.338817,0.584553
2079694313,3,-0.471723,-0.566166,-0.3389,0.584875
2079694323,3,-0.47159,-0.565879,-0.338955,0.585228
2079694333,3,-0.47144,-0.565578,-0.339006,0.58561
2079694343,3,-0.471274,-0.565244,-0.339056,0.586037
2079694353,3,-0.471096,-0.564913,-0.339113,0.586466
2079694363,3,-0.470913,-0.564586,-0.339165,0.586898
2079694373,3,-0.470726,-0.564263,-0.339222,0.587325
2079694383,3,-0.470557,-0.563943,-0.339281,0.587733
2079694394,3,-0.470399,-0.56363,-0.339339,0.588126
2079694404,3,-0.470272,-0.563335,-0.339383,0.588486
2079694414,3,-0.470167,-0.56305,-0.339424,0.588818
2079694424,3,-0.470073,-0.562776,-0.339465,0.589132
2079694434,3,-0.469994,-0.562514,-0.339534,0.589406
2079694444,3,-0.46993,-0.562255,-0.339591,0.58967
2079694454,3,-0.469875,-0.561985,-0.339662,0.589931
2079694464,3,-0.469849,-0.561722,-0.339708,0.590175
2079694474,3,-0.469815,-0.56148,-0.339771,0.590396
2079694484,3,-0.469796,-0.561254,-0.339844,0.590584
2079694494,3,-0.469773,-0.561046,-0.339947,0.59074
2079694504,3,-0.469746,-0.560846,-0.34005,0.590893
2079694514,3,-0.469711,-0.560665,-0.340176,0.59102
2079694524,3,-0.469706,-0.560522,-0.340278,0.591101
2079694535,3,-0.469684,-0.560411,-0.340386,0.591161
2079694545,3,-0.46973,-0.560343,-0.340444,0.591156
2079694555,3,-0.469784,-0.560303,-0.340484,0.591128
2079694565,3,-0.469869,-0.560263,-0.340501,0.591088
2079694575,3,-0.469974,-0.560237,-0.340506,0.591027
2079694585,3,-0.470098,-0.56023,-0.340486,0.590947
2079694595,3,-0.470243,-0.56022,-0.340457,0.590857
2079694605,3,-0.470405,-0.560251,-0.34042,0.590721
2079694615,3,-0.470598,-0.560274,-0.340357,0.590581
2079694625,3,-0.470776,-0.560295,-0.340313,0.590445
2079694635,3,-0.470942,-0.560336,-0.340284,0.59029
2079694645,3,-0.471096,-0.560398,-0.34028,0.59011
2079694655,3,-0.47123,-0.560468,-0.340306,0.589922
2079694666,3,-0.471341,-0.560573,-0.340362,0.589701
2079694676,3,-0.471383,-0.560695,-0.340475,0.589486
2079694686,3,-0.471405,-0.560843,-0.340619,0.589244
2079694696,3,-0.47142,-0.561008,-0.340748,0.589
2079694706,3,-0.471434,-0.561223,-0.340852,0.588725
2079694716,3,-0.471441,-0.561467,-0.340952,0.588428
2079694726,3,-0.47144,-0.561759,-0.341025,0.588108
2079694736,3,-0.47145,-0.56208,-0.341058,0.587774
2079694746,3,-0.471442,-0.562417,-0.341056,0.58746
2079694756,3,-0.47141,-0.562765,-0.341017,0.587175
2079694766,3,-0.471362,-0.563133,-0.340947,0.586901
2079694776,3,-0.471271,-0.563496,-0.340851,0.586681
2079694786,3,-0.471142,-0.563849,-0.340713,0.586526
2079694797,3,-0.47099,-0.564207,-0.340529,0.58641
2079694807,3,-0.470825,-0.564566,-0.340279,0.586342
2079694817,3,-0.470636,-0.564925,-0.339977,0.586323
2079694827,3,-0.470434,-0.565277,-0.339619,0.586354
2079694837,3,-0.470214,-0.565643,-0.339204,0.586417
2079694847,3,-0.470025,-0.566024,-0.338697,0.586495
2079694857,3,-0.469861,-0.566431,-0.338105,0.586575
2079694867,3,-0.469732,-0.566873,-0.337419,0.586647
2079694877,3,-0.469604,-0.567351,-0.336678,0.586712
2079694887,3,-0.469492,-0.567842,-0.335866,0.586792
2079694897,3,-0.469376,-0.568342,-0.335032,0.586877
2079694907,3,-0.469279,-0.568872,-0.334149,0.586945
2079694917,3,-0.469183,-0.569384,-0.33324,0.587042
2079694928,3,-0.469078,-0.569905,-0.332325,0.587139
2079694938,3,-0.468949,-0.570389,-0.331426,0.58728
2079694948,3,-0.468819,-0.570864,-0.330551,0.587416
2079694958,3,-0.468631,-0.571319,-0.329745,0.587577
2079694968,3,-0.468416,-0.571733,-0.328997,0.587765
2079694978,3,-0.468154,-0.572117,-0.328338,0.587968
2079694988,3,-0.467857,-0.57247,-0.327766,0.58818
2079694998,3,-0.467526,-0.572775,-0.327306,0.588402
2079695008,3,-0.467169,-0.573021,-0.326925,0.588658
2079695018,3,-0.466818,-0.573215,-0.326619,0.588917
2079695028,3,-0.466466,-0.573357,-0.326381,0.589191
2079695038,3,-0.466124,-0.573463,-0.326209,0.589453
2079695048,3,-0.465819,-0.573548,-0.326072,0.589686
2079695058,3,-0.465581,-0.573621,-0.325944,0.589875
2079695069,3,-0.46538,-0.573685,-0.325841,0.590028
2079695079,3,-0.465252,-0.573737,-0.325755,0.590126
2079695089,3,-0.465156,-0.573784,-0.325707,0.590182
2079695099,3,-0.465105,-0.573818,-0.325698,0.590195
2079695109,3,-0.465097,-0.57384,-0.325723,0.590165
2079695119,3,-0.465139,-0.573824,-0.325786,0.590114
2079695129,3,-0.465217,-0.573764,-0.325881,0.590057
2079695139,3,-0.465322,-0.573659,-0.32604,0.589988
2079695149,3,-0.465442,-0.573481,-0.326262,0.589945
2079695159,3,-0.465582,-0.573254,-0.326552,0.589894
2079695169,3,-0.465722,-0.572977,-0.326914,0.589852
2079695179,3,-0.465889,-0.572635,-0.327341,0.589816
2079695189,3,-0.466051,-0.572237,-0.327835,0.5898
2079695200,3,-0.466223,-0.571795,-0.328394,0.589781
2079695210,3,-0.466372,-0.571311,-0.32902,0.589783
2079695220,3,-0.466485,-0.570779,-0.329725,0.589816
2079695230,3,-0.466553,-0.570218,-0.330511,0.589864
2079695240,3,-0.466592,-0.569657,-0.331339,0.589911
2079695250,3,-0.466608,-0.569097,-0.332188,0.589962
2079695260,3,-0.466601,-0.568559,-0.333054,0.589997
2079695270,3,-0.466568,-0.568054,-0.333934,0.590013
2079695280,3,-0.466517,-0.567579,-0.334801,0.590018
2079695290,3,-0.466443,-0.567153,-0.335641,0.59001
2079695300,3,-0.466324,-0.566792,-0.336464,0.589982
2079695310,3,-0.466181,-0.566449,-0.337236,0.589984
2079695320,3,-0.466018,-0.566148,-0.337944,0.589997
2079695331,3,-0.465834,-0.565896,-0.33858,0.590019
2079695341,3,-0.465622,-0.565673,-0.339137,0.590079
2079695351,3,-0.465399,-0.565495,-0.339581,0.590171
2079695361,3,-0.465172,-0.565347,-0.339927,0.590293
2079695371,3,-0.464936,-0.565239,-0.340168,0.590443
2079695381,3,-0.464698,-0.565177,-0.340296,0.590616
2079695391,3,-0.464448,-0.565168,-0.340326,0.590804
2079695401,3,-0.464191,-0.565219,-0.340247,0.591003
2079695411,3,-0.463938,-0.565328,-0.340075,0.591196
2079695421,3,-0.463692,-0.565508,-0.339815,0.591366
2079695431,3,-0.463449,-0.565736,-0.339463,0.591541
2079695441,3,-0.463182,-0.566003,-0.339059,0.591727
2079695451,3,-0.462914,-0.566328,-0.338597,0.59189
2079695462,3,-0.462635,-0.566682,-0.338093,0.592057
2079695472,3,-0.462364,-0.56707,-0.337549,0.592208
2079695482,3,-0.462075,-0.567487,-0.336986,0.592354
2079695492,3,-0.461779,-0.56792,-0.336413,0.592496
2079695502,3,-0.461481,-0.568358,-0.33582,0.592644
2079695512,3,-0.461197,-0.568784,-0.335211,0.592801
2079695522,3,-0.46091,-0.56921,-0.3346,0.592961
2079695532,3,-0.46063,-0.569623,-0.333998,0.593121
2079695542,3,-0.460383,-0.570032,-0.33339,0.593263
2079695552,3,-0.46015,-0.570439,-0.332776,0.593396
2079695562,3,-0.459957,-0.57083,-0.332159,0.593516
2079695572,3,-0.459799,-0.571227,-0.33154,0.593603
2079695582,3,-0.459694,-0.571626,-0.330903,0.593655
2079695592,3,-0.459614,-0.57204,-0.330269,0.593672
2079695603,3,-0.459559,-0.57245,-0.329651,0.593662
2079695613,3,-0.459532,-0.572863,-0.329044,0.593621
2079695623,3,-0.45955,-0.573298,-0.328453,0.593514
2079695633,3,-0.459583,-0.573738,-0.327881,0.593381
2079695643,3,-0.459629,-0.574169,-0.327351,0.59322
2079695653,3,-0.459699,-0.574582,-0.326842,0.593047
2079695663,3,-0.459808,-0.574966,-0.326351,0.592861
2079695673,3,-0.459915,-0.575334,-0.325908,0.592664
2079695683,3,-0.460046,-0.575664,-0.325493,0.59247
2079695693,3,-0.460204,-0.575983,-0.32511,0.592247
2079695703,3,-0.460401,-0.576274,-0.324743,0.592013
2079695713,3,-0.460612,-0.57651,-0.32442,0.591796
2079695723,3,-0.460798,-0.576688,-0.324171,0.591615
2079695734,3,-0.461002,-0.576824,-0.323956,0.59144
2079695744,3,-0.461205,-0.576914,-0.323797,0.591281
2079695754,3,-0.461415,-0.576963,-0.323684,0.591132
2079695764,3,-0.461617,-0.576992,-0.323628,0.590976
2079695774,3,-0.461819,-0.576991,-0.323638,0.590814
2079695784,3,-0.462024,-0.576971,-0.323683,0.590648
2079695794,3,-0.462238,-0.576925,-0.323768,0.590479
2079695804,3,-0.462452,-0.576875,-0.323892,0.590293
2079695814,3,-0.462669,-0.576815,-0.324047,0.590096
2079695824,3,-0.462869,-0.576748,-0.324254,0.589892
2079695834,3,-0.463095,-0.57667,-0.324458,0.589678
2079695844,3,-0.46331,-0.576597,-0.3247,0.589447
2079695854,3,-0.46347,-0.5765,-0.325004,0.589249
2079695865,3,-0.463597,-0.576387,-0.325335,0.589077
2079695875,3,-0.463689,-0.57628,-0.325709,0.588902
2079695885,3,-0.463753,-0.576166,-0.3261,0.588747
2079695895,3,-0.463782,-0.576044,-0.32652,0.58861
2079695905,3,-0.463784,-0.575914,-0.326953,0.588496
2079695915,3,-0.463755,-0.575786,-0.327401,0.588395
2079695925,3,-0.463707,-0.575654,-0.327849,0.588312
2079695935,3,-0.463635,-0.575501,-0.3283,0.588267
2079695945,3,-0.463529,-0.575363,-0.328781,0.588217
2079695955,3,-0.463411,-0.575177,-0.329241,0.588234
2079695965,3,-0.463256,-0.574975,-0.329701,0.588297
2079695975,3,-0.463082,-0.574733,-0.330169,0.588408
2079695985,3,-0.462893,-0.574488,-0.330616,0.588544
2079695996,3,-0.46271,-0.574227,-0.331036,0.588707
2079696006,3,-0.46253,-0.573955,-0.331431,0.588891
2079696016,3,-0.462369,-0.573692,-0.331801,0.589067
2079696026,3,-0.462226,-0.573458,-0.332133,0.589219
2079696036,3,-0.46209,-0.573234,-0.332446,0.589366
2079696046,3,-0.461953,-0.572999,-0.332745,0.589534
2079696056,3,-0.461796,-0.572761,-0.333055,0.589714
2079696066,3,-0.461629,-0.572507,-0.333368,0.589914
2079696076,3,-0.461461,-0.572249,-0.333649,0.590136
2079696086,3,-0.461282,-0.572006,-0.333925,0.590356
2079696096,3,-0.461125,-0.57178,-0.334143,0.590574
2079696106,3,-0.460984,-0.571572,-0.33433,0.590779
2079696116,3,-0.460846,-0.57138,-0.3345,0.590978
2079696126,3,-0.460685,-0.571219,-0.33465,0.591173
2079696137,3,-0.460536,-0.571071,-0.334775,0.591362
2079696147,3,-0.460361,-0.570942,-0.334888,0.591558
2079696157,3,-0.460194,-0.570853,-0.334964,0.591731
2079696167,3,-0.460018,-0.57078,-0.335015,0.591909
2079696177,3,-0.459837,-0.570748,-0.335038,0.592068
2079696187,3,-0.459649,-0.570737,-0.335044,0.59222
2079696197,3,-0.459469,-0.57075,-0.335004,0.592371
2079696207,3,-0.459314,-0.570791,-0.334921,0.592498
2079696217,3,-0.459165,-0.570861,-0.334806,0.592611
2079696227,3,-0.459036,-0.570956,-0.334649,0.592708
2079696237,3,-0.45894,-0.571061,-0.334446,0.592796
2079696247,3,-0.458878,-0.571182,-0.334197,0.592868
2079696257,3,-0.458847,-0.571286,-0.333922,0.592947
2079696268,3,-0.458846,-0.571353,-0.33362,0.593053
2079696278,3,-0.458863,-0.57141,-0.333322,0.593152
2079696288,3,-0.458914,-0.571433,-0.333004,0.59327
2079696298,3,-0.459,-0.571436,-0.332676,0.593384
2079696308,3,-0.459113,-0.571429,-0.332345,0.59349
2079696318,3,-0.459239,-0.571405,-0.332028,0.593592
2079696328,3,-0.459395,-0.571371,-0.331732,0.593669
2079696338,3,-0.459575,-0.571351,-0.331437,0.593714
2079696348,3,-0.459808,-0.57132,-0.331131,0.593735
2079696358,3,-0.460049,-0.571319,-0.330859,0.593701
2079696368,3,-0.460306,-0.571343,-0.330594,0.593626
2079696378,3,-0.460574,-0.571379,-0.330354,0.593516
2079696388,3,-0.460849,-0.571417,-0.330135,0.593388
2079696399,3,-0.461136,-0.571474,-0.329928,0.593226
2079696409,3,-0.461393,-0.571542,-0.329762,0.593052
2079696419,3,-0.46168,-0.571608,-0.329583,0.592865
2079696429,3,-0.461952,-0.571694,-0.329418,0.592662
2079696439,3,-0.462224,-0.57177,-0.329242,0.592474
2079696449,3,-0.462499,-0.57188,-0.329057,0.592256
2079696459,3,-0.462785,-0.571994,-0.328826,0.592051
2079696469,3,-0.463064,-0.572122,-0.328573,0.59185
2079696479,3,-0.463329,-0.572281,-0.328288,0.591646
2079696489,3,-0.463594,-0.572452,-0.32797,0.59145
2079696499,3,-0.463835,-0.572627,-0.327639,0.591275
2079696509,3,-0.464061,-0.57282,-0.327269,0.591116
2079696519,3,-0.464247,-0.573024,-0.326897,0.590977
2079696530,3,-0.464393,-0.573241,-0.326523,0.590859
2079696540,3,-0.464501,-0.573469,-0.326149,0.59076
2079696550,3,-0.464568,-0.573704,-0.325793,0.590675
2079696560,3,-0.464596,-0.573942,-0.325446,0.590613
2079696570,3,-0.464575,-0.57415,-0.325133,0.590599
2079696580,3,-0.464514,-0.57434,-0.324844,0.590623
2079696590,3,-0.464405,-0.574535,-0.324591,0.590657
2079696600,3,-0.464252,-0.574746,-0.32436,0.590699
2079696610,3,-0.464087,-0.574982,-0.324154,0.590713
2079696620,3,-0.463898,-0.575193,-0.32396,0.590762
2079696630,3,-0.463712,-0.575414,-0.323757,0.590804
2079696640,3,-0.463501,-0.575631,-0.323585,0.590852
2079696650,3,-0.46327,-0.57587,-0.323439,0.59088
2079696660,3,-0.46302,-0.576112,-0.323325,0.590904
2079696671,3,-0.462721,-0.576365,-0.323285,0.590912
2079696681,3,-0.462384,-0.576593,-0.323297,0.590947
2079696691,3,-0.462005,-0.576798,-0.323384,0.590996
2079696701,3,-0.461572,-0.576977,-0.323544,0.591072
2079696711,3,-0.461111,-0.577135,-0.323755,0.591162
2079696721,3,-0.460632,-0.577287,-0.323994,0.591255
2079696731,3,-0.460142,-0.57744,-0.324253,0.591347
2079696741,3,-0.459653,-0.577556,-0.324515,0.59147
2079696751,3,-0.459185,-0.57768,-0.324754,0.591581
2079696761,3,-0.458748,-0.577775,-0.324963,0.591712
2079696771,3,-0.458343,-0.577884,-0.325146,0.591819
2079696781,3,-0.457988,-0.577982,-0.325276,0.591927
2079696791,3,-0.457659,-0.578075,-0.325384,0.592031
2079696802,3,-0.457373,-0.578132,-0.325456,0.592157
2079696812,3,-0.457117,-0.578165,-0.325519,0.592288
2079696822,3,-0.456871,-0.578157,-0.325591,0.592445
2079696832,3,-0.456622,-0.578111,-0.325685,0.592631
2079696842,3,-0.456384,-0.57802,-0.325797,0.592842
2079696852,3,-0.456157,-0.577855,-0.325924,0.593107
2079696862,3,-0.455942,-0.577639,-0.32605,0.593413
2079696872,3,-0.45577,-0.577366,-0.326176,0.593742
2079696882,3,-0.455653,-0.57705,-0.326292,0.594075
2079696892,3,-0.45558,-0.576715,-0.326405,0.594394
2079696902,3,-0.455575,-0.576387,-0.326487,0.594671
2079696912,3,-0.455631,-0.576021,-0.326573,0.594936
2079696922,3,-0.455731,-0.575642,-0.326647,0.595185
2079696933,3,-0.455858,-0.575242,-0.326739,0.595423
2079696943,3,-0.456022,-0.574876,-0.326829,0.595603
2079696953,3,-0.456212,-0.574513,-0.32693,0.595752
2079696963,3,-0.456431,-0.57417,-0.327039,0.595855
2079696973,3,-0.456657,-0.573854,-0.327167,0.595916
2079696983,3,-0.456905,-0.573584,-0.327282,0.595922
2079696993,3,-0.457159,-0.573346,-0.327408,0.595888
2079697003,3,-0.457367,-0.573122,-0.327563,0.595858
2079697013,3,-0.457545,-0.5729,-0.327724,0.595847
2079697023,3,-0.457703,-0.572699,-0.32788,0.595833
2079697033,3,-0.457855,-0.57252,-0.328007,0.595819
2079697043,3,-0.458013,-0.572348,-0.328097,0.595813
2079697053,3,-0.458166,-0.572218,-0.328151,0.59579
2079697063,3,-0.458324,-0.572097,-0.328174,0.595772
2079697074,3,-0.458478,-0.572003,-0.328167,0.595748
2079697084,3,-0.458639,-0.571912,-0.32811,0.595743
2079697094,3,-0.458801,-0.571849,-0.328042,0.595716
2079697104,3,-0.458948,-0.571791,-0.327964,0.595701
2079697114,3,-0.459115,-0.571741,-0.327862,0.595676
2079697124,3,-0.459278,-0.571683,-0.327759,0.595663
2079697134,3,-0.459431,-0.571613,-0.32768,0.595656
2079697144,3,-0.459577,-0.57154,-0.327605,0.595654
2079697154,3,-0.459716,-0.571471,-0.327563,0.595636
2079697164,3,-0.459865,-0.571389,-0.327537,0.595614
2079697174,3,-0.460062,-0.571324,-0.327479,0.595556
2079697184,3,-0.460299,-0.571265,-0.327418,0.595463
2079697194,3,-0.460579,-0.571216,-0.327333,0.59534
2079697205,3,-0.460894,-0.571197,-0.327258,0.595157
2079697215,3,-0.461238,-0.571206,-0.327187,0.59492
2079697225,3,-0.461592,-0.571222,-0.327132,0.594661
2079697235,3,-0.461937,-0.571254,-0.327121,0.594367
2079697245,3,-0.462237,-0.57131,-0.327168,0.594055
2079697255,3,-0.462515,-0.571399,-0.327258,0.593703
2079697265,3,-0.462768,-0.571511,-0.327387,0.593326
2079697275,3,-0.462981,-0.571641,-0.32755,0.592945
2079697285,3,-0.463142,-0.571793,-0.327748,0.592563
2079697295,3,-0.463253,-0.571938,-0.32798,0.592209
2079697305,3,-0.463297,-0.572097,-0.32825,0.591871
2079697315,3,-0.463323,-0.57226,-0.328503,0.591552
2079697325,3,-0.463302,-0.572436,-0.328778,0.591246
2079697336,3,-0.46326,-0.572613,-0.329031,0.590967
2079697346,3,-0.463208,-0.572773,-0.329258,0.590726
2079697356,3,-0.46312,-0.572915,-0.329494,0.590525
2079697366,3,-0.463021,-0.573039,-0.329715,0.590359
2079697376,3,-0.462928,-0.573148,-0.3299,0.590223
2079697386,3,-0.462824,-0.573211,-0.330069,0.590149
2079697396,3,-0.462741,-0.573253,-0.330194,0.590104
2079697406,3,-0.462664,-0.573283,-0.330305,0.590072
2079697416,3,-0.462585,-0.573309,-0.330398,0.590057
2079697426,3,-0.462519,-0.573327,-0.330454,0.59006
2079697436,3,-0.462478,-0.573358,-0.330484,0.590045
2079697446,3,-0.462426,-0.573382,-0.330514,0.590046
2079697456,3,-0.462398,-0.573391,-0.330511,0.590061
2079697467,3,-0.462373,-0.573394,-0.330504,0.590081
2079697477,3,-0.462334,-0.573395,-0.330491,0.590117
2079697487,3,-0.462293,-0.573401,-0.33047,0.590156
2079697497,3,-0.462244,-0.573429,-0.33046,0.590173
2079697507,3,-0.462178,-0.573451,-0.33045,0.590208
2079697517,3,-0.462082,-0.573478,-0.330457,0.590255
2079697527,3,-0.461959,-0.573506,-0.330483,0.590309
2079697537,3,-0.461813,-0.57352,-0.33052,0.590388
2079697547,3,-0.46166,-0.573524,-0.330557,0.590483
2079697557,3,-0.461495,-0.573508,-0.330592,0.590608
2079697567,3,-0.461306,-0.57347,-0.330636,0.590768
2079697577,3,-0.461085,-0.573424,-0.330697,0.590952
2079697587,3,-0.46086,-0.573354,-0.33076,0.591159
2079697597,3,-0.4606,-0.573266,-0.330854,0.591395
2079697608,3,-0.46035,-0.57315,-0.330953,0.591647
2079697618,3,-0.460124,-0.573011,-0.331027,0.591915
2079697628,3,-0.459943,-0.572839,-0.331077,0.592194
2079697638,3,-0.459801,-0.572639,-0.3311,0.592484
2079697648,3,-0.459719,-0.572445,-0.331088,0.592743
2079697658,3,-0.459697,-0.572225,-0.331042,0.592998
2079697668,3,-0.459739,-0.571967,-0.330968,0.593255
2079697678,3,-0.459868,-0.5717,-0.330844,0.593481
2079697688,3,-0.46006,-0.571426,-0.330696,0.593679
2079697698,3,-0.460291,-0.571157,-0.330553,0.593839
2079697708,3,-0.460556,-0.570893,-0.330417,0.593963
2079697718,3,-0.460842,-0.570625,-0.3303,0.594063
2079697728,3,-0.46112,-0.570302,-0.330233,0.594195
2079697739,3,-0.461373,-0.569954,-0.330213,0.594345
2079697749,3,-0.461609,-0.569586,-0.330237,0.594501
2079697759,3,-0.461817,-0.569228,-0.330283,0.594656
2079697769,3,-0.462029,-0.568908,-0.330354,0.594758
2079697779,3,-0.462214,-0.568642,-0.330463,0.594808
2079697789,3,-0.462357,-0.568409,-0.330601,0.594843
2079697799,3,-0.462457,-0.568225,-0.330762,0.594852
2079697809,3,-0.462528,-0.56808,-0.330914,0.59485
2079697819,3,-0.462567,-0.567957,-0.331075,0.594848
2079697829,3,-0.462582,-0.567849,-0.331215,0.594862
2079697839,3,-0.462569,-0.567763,-0.331326,0.594892
2079697849,3,-0.462552,-0.567712,-0.331386,0.594921
2079697859,3,-0.462552,-0.567707,-0.331358,0.594941
2079697870,3,-0.462564,-0.567758,-0.331239,0.594948
2079697880,3,-0.462635,-0.567882,-0.330997,0.59491
2079697890,3,-0.462737,-0.568058,-0.330671,0.594844
2079697900,3,-0.462865,-0.568306,-0.330258,0.594737
2079697910,3,-0.46301,-0.568584,-0.329782,0.594623
2079697920,3,-0.463151,-0.568892,-0.32929,0.594491
2079697930,3,-0.463277,-0.569201,-0.328793,0.594373
2079697940,3,-0.463363,-0.569496,-0.328322,0.594282
2079697950,3,-0.463419,-0.569773,-0.327887,0.594213
2079697960,3,-0.46345,-0.570038,-0.327495,0.594151
2079697970,3,-0.463466,-0.570273,-0.32713,0.594114
2079697980,3,-0.463469,-0.570493,-0.326834,0.594064
2079697990,3,-0.463464,-0.570706,-0.326575,0.594006
2079698001,3,-0.463469,-0.570926,-0.326346,0.593916
2079698011,3,-0.463479,-0.571146,-0.326164,0.593797
2079698021,3,-0.463512,-0.57138,-0.326002,0.593635
2079698031,3,-0.463579,-0.571622,-0.325861,0.593428
2079698041,3,-0.463676,-0.57189,-0.325752,0.593153
2079698051,3,-0.463785,-0.572177,-0.32569,0.592825
2079698061,3,-0.46386,-0.572474,-0.325722,0.592461
2079698071,3,-0.463937,-0.572768,-0.325811,0.592068
2079698081,3,-0.463988,-0.573013,-0.32597,0.591703
2079698091,3,-0.464025,-0.573219,-0.326195,0.591351
2079698101,3,-0.464036,-0.573382,-0.326481,0.591026
2079698111,3,-0.464015,-0.573495,-0.326839,0.590735
2079698121,3,-0.463988,-0.573562,-0.32722,0.59048
2079698131,3,-0.463954,-0.573586,-0.32763,0.590257
2079698142,3,-0.46393,-0.573562,-0.328052,0.590064
2079698152,3,-0.463942,-0.573525,-0.328441,0.589874
2079698162,3,-0.463962,-0.573444,-0.328827,0.589722
2079698172,3,-0.464011,-0.573367,-0.329157,0.589575
2079698182,3,-0.464085,-0.573268,-0.329462,0.589442
2079698192,3,-0.464145,-0.573169,-0.329776,0.589315
2079698202,3,-0.464179,-0.573046,-0.330107,0.589223
2079698212,3,-0.464228,-0.572901,-0.330421,0.58915
2079698222,3,-0.464255,-0.572733,-0.330748,0.589107
2079698232,3,-0.464303,-0.57253,-0.331065,0.589089
2079698242,3,-0.464343,-0.572306,-0.331383,0.589096
2079698252,3,-0.464384,-0.572052,-0.331697,0.589135
2079698262,3,-0.464404,-0.571782,-0.332029,0.589193
2079698273,3,-0.464442,-0.571483,-0.332358,0.589268
2079698283,3,-0.464496,-0.571149,-0.332679,0.589369
2079698293,3,-0.464553,-0.570782,-0.333009,0.589493
2079698303,3,-0.464619,-0.570408,-0.333331,0.589621
2079698313,3,-0.464707,-0.57003,-0.333638,0.589743
2079698323,3,-0.464807,-0.569638,-0.333947,0.589868
2079698333,3,-0.464921,-0.569232,-0.334246,0.590001
2079698343,3,-0.465043,-0.568822,-0.334535,0.590137
2079698353,3,-0.465182,-0.568411,-0.334817,0.590262
2079698363,3,-0.465323,-0.568011,-0.335098,0.590377
2079698373,3,-0.465468,-0.567634,-0.335388,0.59046
2079698383,3,-0.465604,-0.567269,-0.335687,0.590534
2079698393,3,-0.465731,-0.566912,-0.335977,0.590612
2079698404,3,-0.465852,-0.566559,-0.336269,0.590689
2079698414,3,-0.465977,-0.566245,-0.33655,0.590732
2079698424,3,-0.466107,-0.565967,-0.336806,0.590749
2079698434,3,-0.466257,-0.56572,-0.337023,0.590744
2079698444,3,-0.466443,-0.565501,-0.337191,0.590711
2079698454,3,-0.466628,-0.565314,-0.33735,0.590653
2079698464,3,-0.466834,-0.565155,-0.337476,0.590571
2079698474,3,-0.467031,-0.565018,-0.337615,0.590467
2079698484,3,-0.467231,-0.564883,-0.337745,0.590364
2079698494,3,-0.46742,-0.564744,-0.337868,0.590276
2079698504,3,-0.467609,-0.564609,-0.338004,0.590178
2079698514,3,-0.467774,-0.56447,-0.338145,0.590099
2079698524,3,-0.467935,-0.564333,-0.338287,0.590021
2079698535,3,-0.468068,-0.564184,-0.338446,0.589967
2079698545,3,-0.468178,-0.56402,-0.33863,0.589931
2079698555,3,-0.468255,-0.563881,-0.338833,0.589886
2079698565,3,-0.468302,-0.563754,-0.339063,0.589838
2079698575,3,-0.468331,-0.563608,-0.339297,0.589821
2079698585,3,-0.46833,-0.563483,-0.33955,0.589796
2079698595,3,-0.468307,-0.563373,-0.339818,0.589764
2079698605,3,-0.468275,-0.563267,-0.340082,0.589738
2079698615,3,-0.46825,-0.563157,-0.340326,0.589722
2079698625,3,-0.46821,-0.563083,-0.340567,0.589686
2079698635,3,-0.468152,-0.563025,-0.340802,0.589651
2079698645,3,-0.468096,-0.56299,-0.340995,0.589617
2079698655,3,-0.468052,-0.562996,-0.341148,0.589559
2079698665,3,-0.46804,-0.563056,-0.341232,0.589462
2079698676,3,-0.468034,-0.563155,-0.341269,0.589351
2079698686,3,-0.468073,-0.563318,-0.341216,0.589195
2079698696,3,-0.46811,-0.563546,-0.341109,0.58901
2079698706,3,-0.468142,-0.563794,-0.340969,0.588828
2079698716,3,-0.468138,-0.564054,-0.340816,0.588671
2079698726,3,-0.468124,-0.564317,-0.340614,0.588546
2079698736,3,-0.46811,-0.564577,-0.340367,0.588451
2079698746,3,-0.468097,-0.564844,-0.340074,0.588374
2079698756,3,-0.468079,-0.565102,-0.339749,0.588329
2079698766,3,-0.46805,-0.565351,-0.339406,0.588311
2079698776,3,-0.468015,-0.565599,-0.339038,0.588312
2079698786,3,-0.467994,-0.565839,-0.338642,0.588326
2079698796,3,-0.467937,-0.566083,-0.338271,0.588351
2079698807,3,-0.467845,-0.566313,-0.337912,0.588408
2079698817,3,-0.46776,-0.566593,-0.33754,0.588419
2079698827,3,-0.467666,-0.566873,-0.337178,0.588433
2079698837,3,-0.467568,-0.567178,-0.336809,0.588428
2079698847,3,-0.467458,-0.567465,-0.33645,0.588444
2079698857,3,-0.467337,-0.567761,-0.336115,0.588446
2079698867,3,-0.467215,-0.568072,-0.335769,0.58844
2079698877,3,-0.467104,-0.568369,-0.335422,0.588439
2079698887,3,-0.466984,-0.56866,-0.335103,0.588435
2079698897,3,-0.466867,-0.568942,-0.334785,0.588436
2079698907,3,-0.466756,-0.569162,-0.334468,0.588493
2079698917,3,-0.466684,-0.569363,-0.334132,0.588545
2079698927,3,-0.466641,-0.569551,-0.333767,0.588605
2079698938,3,-0.466637,-0.569739,-0.333385,0.588642
2079698948,3,-0.466658,-0.56993,-0.332985,0.588668
2079698958,3,-0.466678,-0.570124,-0.332597,0.588683
2079698968,3,-0.466729,-0.570297,-0.332194,0.588702
2079698978,3,-0.466792,-0.570459,-0.331788,0.588724
2079698988,3,-0.466873,-0.570623,-0.33139,0.588726
2079698998,3,-0.46697,-0.570779,-0.331007,0.588712
2079699008,3,-0.467091,-0.570926,-0.33063,0.588686
2079699018,3,-0.46721,-0.571068,-0.330298,0.588641
2079699028,3,-0.467317,-0.571177,-0.330007,0.588613
2079699038,3,-0.467397,-0.57123,-0.329792,0.588618
2079699048,3,-0.467491,-0.571225,-0.329619,0.588645
2079699058,3,-0.467588,-0.571165,-0.329501,0.588693
2079699069,3,-0.467668,-0.571059,-0.329429,0.588772
2079699079,3,-0.46774,-0.570902,-0.329422,0.588871
2079699089,3,-0.467795,-0.570704,-0.329475,0.58899
2079699099,3,-0.467851,-0.570472,-0.329564,0.589121
2079699109,3,-0.467875,-0.570217,-0.329723,0.58926
2079699119,3,-0.4679,-0.569962,-0.329918,0.589377
2079699129,3,-0.467928,-0.569717,-0.330138,0.589468
2079699139,3,-0.467939,-0.569493,-0.330384,0.589538
2079699149,3,-0.467928,-0.569289,-0.33066,0.589588
2079699159,3,-0.467893,-0.569093,-0.330978,0.589627
2079699169,3,-0.467827,-0.56889,-0.331315,0.589687
2079699179,3,-0.467746,-0.568684,-0.331656,0.589759
2079699189,3,-0.467636,-0.568449,-0.332,0.589879
2079699199,3,-0.467532,-0.568208,-0.332295,0.590026
2079699210,3,-0.467437,-0.567947,-0.332552,0.590208
2079699220,3,-0.467331,-0.567698,-0.332761,0.590414
2079699230,3,-0.467266,-0.567452,-0.332903,0.590622
2079699240,3,-0.467226,-0.567217,-0.332965,0.590844
2079699250,3,-0.467224,-0.567006,-0.33294,0.591063
2079699260,3,-0.467259,-0.566819,-0.332838,0.591271
2079699270,3,-0.467346,-0.566648,-0.33266,0.591467
2079699280,3,-0.467456,-0.566521,-0.332424,0.591635
2079699290,3,-0.467594,-0.566431,-0.332143,0.591769
2079699300,3,-0.467756,-0.566376,-0.331826,0.591872
2079699310,3,-0.467891,-0.566353,-0.331537,0.591949
2079699320,3,-0.468018,-0.566345,-0.33126,0.592011
2079699330,3,-0.468113,-0.566329,-0.331021,0.592086
2079699341,3,-0.468137,-0.566286,-0.330853,0.592201
2079699351,3,-0.468115,-0.566209,-0.330736,0.592358
2079699361,3,-0.468053,-0.566106,-0.330674,0.592539
2079699371,3,-0.467973,-0.566009,-0.330652,0.592707
2079699381,3,-0.46788,-0.565923,-0.33065,0.592865
2079699391,3,-0.467786,-0.565846,-0.330664,0.593004
2079699401,3,-0.467695,-0.565778,-0.330688,0.593127
2079699411,3,-0.467586,-0.565757,-0.330739,0.593205
2079699421,3,-0.467479,-0.565782,-0.330792,0.593236
2079699431,3,-0.46736,-0.565847,-0.330872,0.593224
2079699441,3,-0.467207,-0.56596,-0.330979,0.593176
2079699451,3,-0.467035,-0.56609,-0.331114,0.593112
2079699461,3,-0.466828,-0.566273,-0.331264,0.593017
2079699472,3,-0.466603,-0.566494,-0.331426,0.592892
2079699482,3,-0.466362,-0.566739,-0.331575,0.592764
2079699492,3,-0.466083,-0.567004,-0.331738,0.59264
2079699502,3,-0.465803,-0.567305,-0.331879,0.592491
2079699512,3,-0.465532,-0.567616,-0.331983,0.59235
2079699522,3,-0.465267,-0.567963,-0.33206,0.592182
2079699532,3,-0.465005,-0.568303,-0.332103,0.592036
2079699542,3,-0.464773,-0.568638,-0.332107,0.591896
2079699552,3,-0.46457,-0.568988,-0.332066,0.591741
2079699562,3,-0.464394,-0.569305,-0.331994,0.591615
2079699572,3,-0.464232,-0.569609,-0.331921,0.59149
2079699582,3,-0.464074,-0.569906,-0.331839,0.591375
2079699592,3,-0.463919,-0.570174,-0.331773,0.591274
2079699602,3,-0.463746,-0.570426,-0.331747,0.591181
2079699613,3,-0.463568,-0.570669,-0.331732,0.591095
2079699623,3,-0.463386,-0.57089,-0.331738,0.591021
2079699633,3,-0.463224,-0.571109,-0.331756,0.590927
2079699643,3,-0.463037,-0.571319,-0.331824,0.590832
2079699653,3,-0.462828,-0.571525,-0.331936,0.590733
2079699663,3,-0.46261,-0.571718,-0.332083,0.590635
2079699673,3,-0.462352,-0.571889,-0.332283,0.590559
2079699683,3,-0.462087,-0.572025,-0.332521,0.590501
2079699693,3,-0.46181,-0.572122,-0.332783,0.590476
2079699703,3,-0.461545,-0.57221,-0.333039,0.590454
2079699713,3,-0.461296,-0.572283,-0.333269,0.590447
2079699723,3,-0.461074,-0.572314,-0.33347,0.590477
2079699733,3,-0.460884,-0.57236,-0.333631,0.59049
2079699744,3,-0.460734,-0.572408,-0.333736,0.590501
2079699754,3,-0.460615,-0.572428,-0.333787,0.590546
2079699764,3,-0.460516,-0.572445,-0.333781,0.59061
2079699774,3,-0.460454,-0.572465,-0.333705,0.590682
2079699784,3,-0.460428,-0.57251,-0.333558,0.590742
2079699794,3,-0.460424,-0.57257,-0.333362,0.590798
2079699804,3,-0.460423,-0.572641,-0.333112,0.59087
2079699814,3,-0.460458,-0.572718,-0.332789,0.59095
2079699824,3,-0.460495,-0.572801,-0.332437,0.59104
2079699834,3,-0.460528,-0.572853,-0.332056,0.591177
2079699844,3,-0.460588,-0.572887,-0.331621,0.591342
2079699854,3,-0.460657,-0.572864,-0.331149,0.591575
2079699864,3,-0.460754,-0.572813,-0.330611,0.591849
2079699875,3,-0.460861,-0.572734,-0.330041,0.59216
2079699885,3,-0.460972,-0.572619,-0.329463,0.592507
2079699895,3,-0.461082,-0.572468,-0.328849,0.592908
2079699905,3,-0.461192,-0.572318,-0.328223,0.593315
2079699915,3,-0.461292,-0.572171,-0.327594,0.593726
2079699925,3,-0.461361,-0.572037,-0.326987,0.594136
2079699935,3,-0.461416,-0.571928,-0.326389,0.594527
2079699945,3,-0.461453,-0.571854,-0.325818,0.594883
2079699955,3,-0.461474,-0.571819,-0.325271,0.5952
2079699965,3,-0.461472,-0.571815,-0.324755,0.595486
2079699975,3,-0.461449,-0.571832,-0.324279,0.595746
2079699985,3,-0.461406,-0.571881,-0.323828,0.595978
2079699995,3,-0.461331,-0.57195,-0.323421,0.596191
2079700006,3,-0.461227,-0.572012,-0.323059,0.596408
2079700016,3,-0.46109,-0.572062,-0.322744,0.596637
2079700026,3,-0.460952,-0.572136,-0.322444,0.596835
2079700036,3,-0.460798,-0.572217,-0.322167,0.597025
2079700046,3,-0.460658,-0.572305,-0.321894,0.597197
2079700056,3,-0.460509,-0.572428,-0.321634,0.597333
2079700066,3,-0.460377,-0.572595,-0.321358,0.597424
2079700076,3,-0.46027,-0.572806,-0.321075,0.597456
2079700086,3,-0.460159,-0.573054,-0.320818,0.597441
2079700096,3,-0.460045,-0.573331,-0.3206,0.597381
2079700106,3,-0.459951,-0.573636,-0.320377,0.59728
2079700116,3,-0.45985,-0.573963,-0.320188,0.597145
2079700126,3,-0.459745,-0.574301,-0.32003,0.596986
2079700136,3,-0.459644,-0.574645,-0.319904,0.596799
2079700147,3,-0.45953,-0.574998,-0.319825,0.59659
2079700157,3,-0.459429,-0.575318,-0.319782,0.596382
2079700167,3,-0.459299,-0.575613,-0.31981,0.596183
2079700177,3,-0.459157,-0.575861,-0.319904,0.596002
2079700187,3,-0.459022,-0.576063,-0.320047,0.595835
2079700197,3,-0.458885,-0.576218,-0.320239,0.595687
2079700207,3,-0.458765,-0.576352,-0.320478,0.595521
2079700217,3,-0.458651,-0.576458,-0.320757,0.595356
2079700227,3,-0.45855,-0.576563,-0.321072,0.595163
2079700237,3,-0.458456,-0.576666,-0.321433,0.594941
2079700247,3,-0.458355,-0.576757,-0.321839,0.59471
2079700257,3,-0.458265,-0.576859,-0.322288,0.594437
2079700267,3,-0.458161,-0.576973,-0.322785,0.594137
2079700278,3,-0.458033,-0.57714,-0.32335,0.593766
2079700288,3,-0.457888,-0.577301,-0.323953,0.593392
2079700298,3,-0.457697,-0.577464,-0.324622,0.593015
2079700308,3,-0.457466,-0.577617,-0.325336,0.592653
2079700318,3,-0.457181,-0.577757,-0.326105,0.592315
2079700328,3,-0.456895,-0.577864,-0.326871,0.592007
2079700338,3,-0.456596,-0.577972,-0.327624,0.591717
2079700348,3,-0.456297,-0.578057,-0.328353,0.59146
2079700358,3,-0.456014,-0.578122,-0.329037,0.591236
2079700368,3,-0.455747,-0.578145,-0.329657,0.591074
2079700378,3,-0.455518,-0.578123,-0.33019,0.590973
2079700388,3,-0.455332,-0.578085,-0.330637,0.590904
2079700398,3,-0.455181,-0.578011,-0.330991,0.590895
2079700409,3,-0.455082,-0.577909,-0.331253,0.590924
2079700419,3,-0.455003,-0.577763,-0.331443,0.591021
2079700429,3,-0.454942,-0.577579,-0.331586,0.591168
2079700439,3,-0.454898,-0.577347,-0.331678,0.591376
2079700449,3,-0.454884,-0.577094,-0.331715,0.591613
2079700459,3,-0.45491,-0.576819,-0.331689,0.591876
2079700469,3,-0.454984,-0.576518,-0.331602,0.592161
2079700479,3,-0.455086,-0.576226,-0.331475,0.592439
2079700489,3,-0.455261,-0.57593,-0.331276,0.592703
2079700499,3,-0.455474,-0.575636,-0.331051,0.59295
2079700509,3,-0.455727,-0.575334,-0.330793,0.593193
2079700519,3,-0.456012,-0.575009,-0.330522,0.593441
2079700529,3,-0.456311,-0.574681,-0.330258,0.593675
2079700540,3,-0.456616,-0.574328,-0.329994,0.593928
2079700550,3,-0.456926,-0.573959,-0.329752,0.594181
2079700560,3,-0.457235,-0.57359,-0.329538,0.594419
2079700570,3,-0.457523,-0.573229,-0.329357,0.594645
2079700580,3,-0.457785,-0.572892,-0.329209,0.594851
2079700590,3,-0.458029,-0.572582,-0.329111,0.595016
2079700600,3,-0.458259,-0.572282,-0.329013,0.59518
2079700610,3,-0.458459,-0.572012,-0.328957,0.595317
2079700620,3,-0.458612,-0.571779,-0.328928,0.59544
2079700630,3,-0.458752,-0.571557,-0.328898,0.595561
2079700640,3,-0.458872,-0.571341,-0.32889,0.59568
2079700650,3,-0.458971,-0.571157,-0.328883,0.595785
2079700660,3,-0.45905,-0.570977,-0.328874,0.595901
2079700670,3,-0.459134,-0.570796,-0.328835,0.596032
2079700681,3,-0.459231,-0.570635,-0.32877,0.596147
2079700691,3,-0.459323,-0.570469,-0.328679,0.596285
2079700701,3,-0.459441,-0.570321,-0.328552,0.596405
2079700711,3,-0.459592,-0.57018,-0.328388,0.596514
2079700721,3,-0.459776,-0.570059,-0.328187,0.596599
2079700731,3,-0.459996,-0.569942,-0.327939,0.596678
2079700741,3,-0.460232,-0.569833,-0.327679,0.596741
2079700751,3,-0.460486,-0.569735,-0.327413,0.596786
2079700761,3,-0.460728,-0.569631,-0.327167,0.596833
2079700771,3,-0.460964,-0.569541,-0.326957,0.596853
2079700781,3,-0.461205,-0.569479,-0.326773,0.596826
2079700791,3,-0.461452,-0.569443,-0.326615,0.596755
2079700801,3,-0.461677,-0.569416,-0.326496,0.596673
2079700812,3,-0.461887,-0.569402,-0.326424,0.596563
2079700822,3,-0.462047,-0.569422,-0.326438,0.596412
2079700832,3,-0.462167,-0.569476,-0.326513,0.596226
2079700842,3,-0.462215,-0.56955,-0.326681,0.596028
2079700852,3,-0.462203,-0.569646,-0.326915,0.595816
2079700862,3,-0.462163,-0.569777,-0.327186,0.595573
2079700872,3,-0.462072,-0.569964,-0.327495,0.595295
2079700882,3,-0.461958,-0.570181,-0.327799,0.595007
2079700892,3,-0.461798,-0.570438,-0.328119,0.59471
2079700902,3,-0.461618,-0.570723,-0.328424,0.594407
2079700912,3,-0.461434,-0.57103,-0.328701,0.594102
2079700922,3,-0.461229,-0.57136,-0.328952,0.593805
2079700932,3,-0.460996,-0.571685,-0.329175,0.59355
2079700943,3,-0.460741,-0.571986,-0.329375,0.593346
2079700953,3,-0.460471,-0.572289,-0.329561,0.593161
2079700963,3,-0.460216,-0.572576,-0.329692,0.593008
2079700973,3,-0.459983,-0.572845,-0.329758,0.592893
2079700983,3,-0.459749,-0.573096,-0.329802,0.592807
2079700993,3,-0.459572,-0.573342,-0.329763,0.592728
2079701003,3,-0.459416,-0.573599,-0.329684,0.592645
2079701013,3,-0.459312,-0.573834,-0.329527,0.592586
2079701023,3,-0.459234,-0.574053,-0.329316,0.59255
2079701033,3,-0.459164,-0.574242,-0.329094,0.592545
2079701043,3,-0.459116,-0.574425,-0.328837,0.592548
2079701053,3,-0.459095,-0.574593,-0.328531,0.592571
2079701063,3,-0.459092,-0.574745,-0.328202,0.592609
2079701074,3,-0.459104,-0.574895,-0.327846,0.59265
2079701084,3,-0.459135,-0.575043,-0.327485,0.592682
2079701094,3,-0.459179,-0.575201,-0.327116,0.592699
2079701104,3,-0.459176,-0.575361,-0.326813,0.592713
2079701114,3,-0.459165,-0.575494,-0.326519,0.592754
2079701124,3,-0.4591,-0.575583,-0.326296,0.59284
2079701134,3,-0.459004,-0.575662,-0.326093,0.592951
2079701144,3,-0.45888,-0.575751,-0.32591,0.59306
2079701154,3,-0.458722,-0.575847,-0.325748,0.593179
2079701164,3,-0.458529,-0.57597,-0.325593,0.593293
2079701174,3,-0.458292,-0.576142,-0.325452,0.593387
2079701184,3,-0.458035,-0.576341,-0.325304,0.593473
2079701194,3,-0.457742,-0.576563,-0.325153,0.593566
2079701204,3,-0.457427,-0.576812,-0.32499,0.593657
2079701215,3,-0.457079,-0.577092,-0.324814,0.593749
2079701225,3,-0.45672,-0.577373,-0.324606,0.593866
2079701235,3,-0.456361,-0.577662,-0.324361,0.593995
2079701245,3,-0.456026,-0.577945,-0.324049,0.594147
2079701255,3,-0.455713,-0.57821,-0.323685,0.594327
2079701265,3,-0.455453,-0.578466,-0.323266,0.594506
2079701275,3,-0.455237,-0.578677,-0.322784,0.594727
2079701285,3,-0.455059,-0.578849,-0.322269,0.594976
2079701295,3,-0.454934,-0.57896,-0.321723,0.595259
2079701305,3,-0.454834,-0.579016,-0.321178,0.595575
2079701315,3,-0.454772,-0.579037,-0.320624,0.5959
2079701325,3,-0.454747,-0.579038,-0.320079,0.596211
2079701335,3,-0.454764,-0.579024,-0.319543,0.5965
2079701346,3,-0.454792,-0.579002,-0.31905,0.596763
2079701356,3,-0.454848,-0.579001,-0.318589,0.596968
2079701366,3,-0.454925,-0.579028,-0.318169,0.597106
2079701376,3,-0.454995,-0.579092,-0.317814,0.597181
2079701386,3,-0.455063,-0.579192,-0.317523,0.597186
2079701396,3,-0.455112,-0.579324,-0.317291,0.597144
2079701406,3,-0.455139,-0.579482,-0.317134,0.597054
2079701416,3,-0.455147,-0.57968,-0.31702,0.596916
2079701426,3,-0.455098,-0.579887,-0.316985,0.596771
2079701436,3,-0.455005,-0.580124,-0.316996,0.596606
2079701446,3,-0.454886,-0.580365,-0.317021,0.596448
2079701456,3,-0.454709,-0.580593,-0.317098,0.596321
2079701466,3,-0.454514,-0.580821,-0.31716,0.596214
2079701477,3,-0.454282,-0.581047,-0.317222,0.596138
2079701487,3,-0.454007,-0.581273,-0.317298,0.596087
2079701497,3,-0.453706,-0.581485,-0.317368,0.596071
2079701507,3,-0.453361,-0.581706,-0.317458,0.596071
2079701517,3,-0.452973,-0.581913,-0.317578,0.5961
2079701527,3,-0.452536,-0.582096,-0.317729,0.596172
2079701537,3,-0.452063,-0.582256,-0.317901,0.596283
2079701547,3,-0.451561,-0.582413,-0.318087,0.596412
2079701557,3,-0.451057,-0.582543,-0.318266,0.59657
2079701567,3,-0.450539,-0.582668,-0.318464,0.596734
2079701577,3,-0.450033,-0.582789,-0.318651,0.596898
2079701587,3,-0.449565,-0.582926,-0.318807,0.597033
2079701597,3,-0.449158,-0.583075,-0.318899,0.597145
2079701607,3,-0.448822,-0.583234,-0.318953,0.597213
2079701618,3,-0.448557,-0.5834,-0.318964,0.597244
2079701628,3,-0.448369,-0.583543,-0.318921,0.597269
2079701638,3,-0.448267,-0.583657,-0.318838,0.597279
2079701648,3,-0.448248,-0.583762,-0.318723,0.597252
2079701658,3,-0.44829,-0.583844,-0.318598,0.597206
2079701668,3,-0.448389,-0.583911,-0.318485,0.597127
2079701678,3,-0.448524,-0.58395,-0.318406,0.59703
2079701688,3,-0.448669,-0.583971,-0.318387,0.59691
2079701698,3,-0.448827,-0.583969,-0.318448,0.596761
2079701708,3,-0.448981,-0.583938,-0.318576,0.596607
2079701718,3,-0.449143,-0.58389,-0.318777,0.596424
2079701728,3,-0.449287,-0.583844,-0.319055,0.596212
2079701738,3,-0.449399,-0.583792,-0.319421,0.595983
2079701749,3,-0.449481,-0.583705,-0.319876,0.595762
2079701759,3,-0.449517,-0.58357,-0.320415,0.595578
2079701769,3,-0.449518,-0.583392,-0.321018,0.595427
2079701779,3,-0.449517,-0.583162,-0.321646,0.595315
2079701789,3,-0.449523,-0.582886,-0.322285,0.595234
2079701799,3,-0.449549,-0.582584,-0.322907,0.595172
2079701809,3,-0.449615,-0.582235,-0.323497,0.595145
2079701819,3,-0.449725,-0.581829,-0.324019,0.595174
2079701829,3,-0.449908,-0.58139,-0.324462,0.595223
2079701839,3,-0.450158,-0.580909,-0.324817,0.59531
2079701849,3,-0.450488,-0.580406,-0.325077,0.59541
2079701859,3,-0.450889,-0.579883,-0.325251,0.59552
2079701869,3,-0.451371,-0.579371,-0.325351,0.595599
2079701880,3,-0.451903,-0.578862,-0.32539,0.59567
2079701890,3,-0.452499,-0.578339,-0.325358,0.595742
2079701900,3,-0.453137,-0.577816,-0.32529,0.595802
2079701910,3,-0.453811,-0.577285,-0.325197,0.595854
2079701920,3,-0.454501,-0.57675,-0.325115,0.595891
2079701930,3,-0.455198,-0.576226,-0.325041,0.595907
2079701940,3,-0.455891,-0.575704,-0.324987,0.595911
2079701950,3,-0.456567,-0.575188,-0.324971,0.5959
2079701960,3,-0.457218,-0.574694,-0.325005,0.59586
2079701970,3,-0.457799,-0.574206,-0.325129,0.595816
2079701980,3,-0.458327,-0.573745,-0.325321,0.595749
2079701990,3,-0.458813,-0.573297,-0.325567,0.595672
2079702000,3,-0.459236,-0.572853,-0.325885,0.5956
2079702011,3,-0.459583,-0.572428,-0.32627,0.595529
2079702021,3,-0.459861,-0.571991,-0.326709,0.595495
2079702031,3,-0.460081,-0.571588,-0.327182,0.595452
2079702041,3,-0.460261,-0.571201,-0.327673,0.595414
2079702051,3,-0.460402,-0.570814,-0.328177,0.595398
2079702061,3,-0.460497,-0.570439,-0.328688,0.595403
2079702071,3,-0.460576,-0.570078,-0.329181,0.595414
2079702081,3,-0.460653,-0.569707,-0.329634,0.595459
2079702091,3,-0.460756,-0.569339,-0.330021,0.595518
2079702101,3,-0.46088,-0.56899,-0.330339,0.59558
2079702111,3,-0.461032,-0.568651,-0.330587,0.595648
2079702121,3,-0.461231,-0.568335,-0.330735,0.595713
2079702131,3,-0.461467,-0.568081,-0.330816,0.595728
2079702141,3,-0.461737,-0.567896,-0.330821,0.595692
2079702152,3,-0.462048,-0.567752,-0.330759,0.595622
2079702162,3,-0.462364,-0.567667,-0.330644,0.595522
2079702172,3,-0.462714,-0.567623,-0.330476,0.595385
2079702182,3,-0.463051,-0.567627,-0.330297,0.595219
2079702192,3,-0.463352,-0.567649,-0.330128,0.595057
2079702202,3,-0.463621,-0.567705,-0.329989,0.594872
2079702212,3,-0.463847,-0.567775,-0.329889,0.594684
2079702222,3,-0.464057,-0.567867,-0.329781,0.594492
2079702232,3,-0.464253,-0.567975,-0.329677,0.594293
2079702242,3,-0.464448,-0.568109,-0.329558,0.594079
2079702252,3,-0.464626,-0.56826,-0.329429,0.593866
2079702262,3,-0.464755,-0.568421,-0.329328,0.593668
2079702272,3,-0.464836,-0.56861,-0.329253,0.593465
2079702283,3,-0.464887,-0.568807,-0.329184,0.593274
2079702293,3,-0.46489,-0.569007,-0.32912,0.593116
2079702303,3,-0.464869,-0.569221,-0.329039,0.592972
2079702313,3,-0.464837,-0.569479,-0.328946,0.592801
2079702323,3,-0.464791,-0.569747,-0.328854,0.59263
2079702333,3,-0.464713,-0.570031,-0.328764,0.592469
2079702343,3,-0.464626,-0.570299,-0.328674,0.592328
2079702353,3,-0.464493,-0.570529,-0.328603,0.592251
2079702363,3,-0.46433,-0.570716,-0.328549,0.592229
2079702373,3,-0.464172,-0.570878,-0.328477,0.592236
2079702383,3,-0.464032,-0.571007,-0.328373,0.592279
2079702393,3,-0.463911,-0.57112,-0.328236,0.59234
2079702403,3,-0.463853,-0.571217,-0.328043,0.592399
2079702414,3,-0.463873,-0.571296,-0.327772,0.592458
2079702424,3,-0.463967,-0.571373,-0.327432,0.592498
2079702434,3,-0.464141,-0.571434,-0.327036,0.592521
2079702444,3,-0.4644,-0.571485,-0.326589,0.592517
2079702454,3,-0.464714,-0.571511,-0.326126,0.5925
2079702464,3,-0.465078,-0.571515,-0.325657,0.592469
2079702474,3,-0.465437,-0.571491,-0.325239,0.59244
2079702484,3,-0.465781,-0.571464,-0.324885,0.592389
2079702494,3,-0.466114,-0.571418,-0.324587,0.592334
2079702504,3,-0.466404,-0.571375,-0.324383,0.59226
2079702514,3,-0.466644,-0.571338,-0.324266,0.592171
2079702524,3,-0.466832,-0.571307,-0.324249,0.592062
2079702534,3,-0.466938,-0.571301,-0.324355,0.591926
2079702545,3,-0.466961,-0.5713,-0.324563,0.591794
2079702555,3,-0.466907,-0.571283,-0.324856,0.591693
2079702565,3,-0.466781,-0.571259,-0.325219,0.591616
2079702575,3,-0.466586,-0.571226,-0.325636,0.591572
2079702585,3,-0.46636,-0.57119,-0.32606,0.591553
2079702595,3,-0.466083,-0.571148,-0.326496,0.591571
2079702605,3,-0.465792,-0.571094,-0.326906,0.591626
2079702615,3,-0.465466,-0.571027,-0.327288,0.591735
2079702625,3,-0.465122,-0.570935,-0.327636,0.591902
2079702635,3,-0.464767,-0.570859,-0.32793,0.592091
2079702645,3,-0.464395,-0.570784,-0.328163,0.592326
2079702655,3,-0.464019,-0.570734,-0.328331,0.592575
2079702665,3,-0.463685,-0.570689,-0.328395,0.592845
2079702675,3,-0.463376,-0.570682,-0.328371,0.593107
2079702686,3,-0.463092,-0.570704,-0.328266,0.593365
2079702696,3,-0.462807,-0.570738,-0.328117,0.593637
2079702706,3,-0.462542,-0.570753,-0.327913,0.593942
2079702716,3,-0.462277,-0.570735,-0.327681,0.594293
2079702726,3,-0.46203,-0.570697,-0.327415,0.594668
2079702736,3,-0.461823,-0.570655,-0.327094,0.595046
2079702746,3,-0.461652,-0.570622,-0.326736,0.595407
2079702756,3,-0.461518,-0.57061,-0.326364,0.595727
2079702766,3,-0.461424,-0.570606,-0.325978,0.596015
2079702776,3,-0.461331,-0.570613,-0.325627,0.596272
2079702786,3,-0.46125,-0.570632,-0.325303,0.596493
2079702796,3,-0.461152,-0.570651,-0.325029,0.5967
2079702806,3,-0.461024,-0.570694,-0.324835,0.596863
2079702817,3,-0.460859,-0.570756,-0.324727,0.59699
2079702827,3,-0.460676,-0.570817,-0.32467,0.597105
2079702837,3,-0.460481,-0.570879,-0.324669,0.597196
2079702847,3,-0.460277,-0.57097,-0.324711,0.597242
2079702857,3,-0.460075,-0.571088,-0.324792,0.597241
2079702867,3,-0.459869,-0.571222,-0.324878,0.597225
2079702877,3,-0.459676,-0.571336,-0.324962,0.597219
2079702887,3,-0.459429,-0.571449,-0.325093,0.59723
2079702897,3,-0.459183,-0.57155,-0.325197,0.597266
2079702907,3,-0.458924,-0.571624,-0.325295,0.597341
2079702917,3,-0.458674,-0.571708,-0.325331,0.597433
2079702927,3,-0.458439,-0.571807,-0.325328,0.59752
2079702937,3,-0.458239,-0.571959,-0.325249,0.597571
2079702948,3,-0.458097,-0.572139,-0.325071,0.597605
2079702958,3,-0.457974,-0.572354,-0.324834,0.597623
2079702968,3,-0.457854,-0.572612,-0.324572,0.597609
2079702978,3,-0.45773,-0.572863,-0.324296,0.597613
2079702988,3,-0.457605,-0.573106,-0.323995,0.597639
2079702998,3,-0.457455,-0.573351,-0.323708,0.597675
2079703008,3,-0.457311,-0.573581,-0.323406,0.597727
2079703018,3,-0.45719,-0.573804,-0.323068,0.597789
2079703028,3,-0.457064,-0.574031,-0.322743,0.597843
2079703038,3,-0.456934,-0.574268,-0.322421,0.597888
2079703048,3,-0.456785,-0.574541,-0.322115,0.597906
2079703058,3,-0.456641,-0.574833,-0.321815,0.597896
2079703068,3,-0.456496,-0.575169,-0.321531,0.597836
2079703078,3,-0.456343,-0.575542,-0.321243,0.597749
2079703089,3,-0.456178,-0.575947,-0.320966,0.597633
2079703099,3,-0.456014,-0.576401,-0.320684,0.597472
2079703109,3,-0.455832,-0.576892,-0.320412,0.597283
2079703119,3,-0.455626,-0.57741,-0.320144,0.597083
2079703129,3,-0.45543,-0.577946,-0.319863,0.596865
2079703139,3,-0.45524,-0.578507,-0.319546,0.596636
2079703149,3,-0.455063,-0.579087,-0.319202,0.596393
2079703159,3,-0.45491,-0.579664,-0.318813,0.596157
2079703169,3,-0.454776,-0.580231,-0.31839,0.595933
2079703179,3,-0.454651,-0.580793,-0.317939,0.595723
2079703189,3,-0.454555,-0.581332,-0.317449,0.595531
2079703199,3,-0.454437,-0.58184,-0.316979,0.595375
2079703209,3,-0.454326,-0.582307,-0.316505,0.595256
2079703220,3,-0.454203,-0.582721,-0.316049,0.595187
2079703230,3,-0.454087,-0.583099,-0.315621,0.595132
2079703240,3,-0.454001,-0.583443,-0.315202,0.595082
2079703250,3,-0.453929,-0.583739,-0.314823,0.595048
2079703260,3,-0.453881,-0.584001,-0.314473,0.595012
2079703270,3,-0.453846,-0.584216,-0.314196,0.594975
2079703280,3,-0.453835,-0.584415,-0.313979,0.594902
2079703290,3,-0.453842,-0.584588,-0.313831,0.594804
2079703300,3,-0.453839,-0.584725,-0.313796,0.594691
2079703310,3,-0.453865,-0.58483,-0.313836,0.594547
2079703320,3,-0.453893,-0.584883,-0.31397,0.594403
2079703330,3,-0.453939,-0.584934,-0.314178,0.594207
2079703340,3,-0.454029,-0.584926,-0.314427,0.594013
2079703351,3,-0.454132,-0.584924,-0.314745,0.593769
2079703361,3,-0.454248,-0.58492,-0.315106,0.593493
2079703371,3,-0.454379,-0.584873,-0.315517,0.593221
2079703381,3,-0.454512,-0.584791,-0.31596,0.592964
2079703391,3,-0.454662,-0.584684,-0.316426,0.592705
2079703401,3,-0.454826,-0.584564,-0.316934,0.592427
2079703411,3,-0.45499,-0.584404,-0.31746,0.592177
2079703421,3,-0.455152,-0.584228,-0.318018,0.591927
2079703431,3,-0.45533,-0.583999,-0.318602,0.591702
2079703441,3,-0.455473,-0.583708,-0.319242,0.591533
2079703451,3,-0.455587,-0.583372,-0.319939,0.591401
2079703461,3,-0.455668,-0.582953,-0.320694,0.591343
2079703471,3,-0.455721,-0.582462,-0.321499,0.591348
2079703482,3,-0.455741,-0.581927,-0.322355,0.591393
2079703492,3,-0.455738,-0.581325,-0.323241,0.591504
2079703502,3,-0.455734,-0.580685,-0.324141,0.591644
2079703512,3,-0.455729,-0.580031,-0.325058,0.591786
2079703522,3,-0.455745,-0.579356,-0.325961,0.591938
2079703532,3,-0.455766,-0.578698,-0.326854,0.592073
2079703542,3,-0.455809,-0.578063,-0.327703,0.592191
2079703552,3,-0.455852,-0.577453,-0.328535,0.592292
2079703562,3,-0.455924,-0.57687,-0.329307,0.592376
2079703572,3,-0.456019,-0.576311,-0.330017,0.592452
2079703582,3,-0.456121,-0.575779,-0.330662,0.592531
2079703592,3,-0.456252,-0.575288,-0.331236,0.592586
2079703602,3,-0.456379,-0.57484,-0.331766,0.592627
2079703612,3,-0.456502,-0.5744,-0.332224,0.592702
2079703623,3,-0.456607,-0.573969,-0.332645,0.592803
2079703633,3,-0.456677,-0.573542,-0.333015,0.592955
2079703643,3,-0.456729,-0.573138,-0.333327,0.59313
2079703653,3,-0.456754,-0.572746,-0.333582,0.593346
2079703663,3,-0.456756,-0.572372,-0.333782,0.593592
2079703673,3,-0.45675,-0.572024,-0.333911,0.593859
2079703683,3,-0.456717,-0.571704,-0.333995,0.594146
2079703693,3,-0.456694,-0.571411,-0.334012,0.594436
2079703703,3,-0.456671,-0.571169,-0.333963,0.594713
2079703713,3,-0.456662,-0.570955,-0.333842,0.594994
2079703723,3,-0.456659,-0.570779,-0.333674,0.595259
2079703733,3,-0.456677,-0.57063,-0.333455,0.59551
2079703743,3,-0.456726,-0.57052,-0.333176,0.595735
2079703754,3,-0.456798,-0.570436,-0.332858,0.595938
2079703764,3,-0.456892,-0.570368,-0.332502,0.596129
2079703774,3,-0.457016,-0.570311,-0.332096,0.596315
2079703784,3,-0.457164,-0.570267,-0.331668,0.596481
2079703794,3,-0.457347,-0.570233,-0.331199,0.596635
2079703804,3,-0.457578,-0.570214,-0.33069,0.596759
2079703814,3,-0.457849,-0.570209,-0.330152,0.596853
2079703824,3,-0.458146,-0.570228,-0.329601,0.596912
2079703834,3,-0.458479,-0.570268,-0.329017,0.59694
2079703844,3,-0.458833,-0.570342,-0.328426,0.596923
2079703854,3,-0.459184,-0.570446,-0.327861,0.596864
2079703864,3,-0.459528,-0.57057,-0.327316,0.59678
2079703874,3,-0.459873,-0.570703,-0.326792,0.596674
2079703885,3,-0.460186,-0.570859,-0.326323,0.59654
2079703895,3,-0.460468,-0.571044,-0.325901,0.596377
2079703905,3,-0.460714,-0.571252,-0.325542,0.596183
2079703915,3,-0.460914,-0.571449,-0.32523,0.59601
2079703925,3,-0.461074,-0.571665,-0.324979,0.595816
2079703935,3,-0.461208,-0.571875,-0.324745,0.595638
2079703945,3,-0.461338,-0.572068,-0.324531,0.595468
2079703955,3,-0.461482,-0.572273,-0.324304,0.595284
2079703965,3,-0.461629,-0.572491,-0.324079,0.595083
2079703975,3,-0.461783,-0.572705,-0.323839,0.594888
2079703985,3,-0.46196,-0.572933,-0.323597,0.594663
2079703995,3,-0.462166,-0.573168,-0.323316,0.594429
2079704005,3,-0.46239,-0.573391,-0.323028,0.594196
2079704016,3,-0.462626,-0.573606,-0.322734,0.593964
2079704026,3,-0.462872,-0.573809,-0.322445,0.593733
2079704036,3,-0.463107,-0.573988,-0.322165,0.59353
2079704046,3,-0.463342,-0.574139,-0.321896,0.593346
2079704056,3,-0.463542,-0.574271,-0.321672,0.593184
2079704066,3,-0.463726,-0.574406,-0.321472,0.593017
2079704076,3,-0.463905,-0.57451,-0.3213,0.59287
2079704086,3,-0.464067,-0.574633,-0.321158,0.592701
2079704096,3,-0.464207,-0.574753,-0.321055,0.59253
2079704106,3,-0.464312,-0.574876,-0.320995,0.592362
2079704116,3,-0.464388,-0.574966,-0.320989,0.592218
2079704126,3,-0.464425,-0.575053,-0.321032,0.592081
2079704136,3,-0.464398,-0.575136,-0.321142,0.591962
2079704146,3,-0.464343,-0.575233,-0.321298,0.591827
2079704157,3,-0.464214,-0.575325,-0.321513,0.591721
2079704167,3,-0.464041,-0.575418,-0.321762,0.591632
2079704177,3,-0.463846,-0.575524,-0.322023,0.591539
2079704187,3,-0.463594,-0.575648,-0.322309,0.59146
2079704197,3,-0.463295,-0.575798,-0.322627,0.591375
2079704207,3,-0.462968,-0.575928,-0.322952,0.591328
2079704217,3,-0.462621,-0.576055,-0.323256,0.591309
2079704227,3,-0.462217,-0.576172,-0.323569,0.59134
2079704237,3,-0.461821,-0.57625,-0.323835,0.591428
2079704247,3,-0.461415,-0.576306,-0.324074,0.591559
2079704257,3,-0.46101,-0.576353,-0.324269,0.591722
2079704267,3,-0.460629,-0.576391,-0.324409,0.591906
2079704277,3,-0.460267,-0.576406,-0.324498,0.592124
2079704288,3,-0.459934,-0.576398,-0.324532,0.592371
2079704298,3,-0.45961,-0.576386,-0.324549,0.592625
2079704308,3,-0.459298,-0.576372,-0.32454,0.592885
2079704318,3,-0.459005,-0.576339,-0.324513,0.593158
2079704328,3,-0.458737,-0.57631,-0.324468,0.593419
2079704338,3,-0.458484,-0.576283,-0.324423,0.593665
2079704348,3,-0.458238,-0.576269,-0.324389,0.593888
2079704358,3,-0.458005,-0.576272,-0.324366,0.594077
2079704368,3,-0.457792,-0.576262,-0.324359,0.594254
2079704378,3,-0.457566,-0.576244,-0.324396,0.594426
2079704388,3,-0.457322,-0.576202,-0.324481,0.594607
2079704398,3,-0.457109,-0.576132,-0.324581,0.594785
2079704408,3,-0.456907,-0.576047,-0.324688,0.594964
2079704419,3,-0.456739,-0.575943,-0.324801,0.595131
2079704429,3,-0.45661,-0.575822,-0.324911,0.595287
2079704439,3,-0.456519,-0.575685,-0.325012,0.595434
2079704449,3,-0.456469,-0.575531,-0.325101,0.595573
2079704459,3,-0.456453,-0.575373,-0.325167,0.595702
2079704469,3,-0.456463,-0.575217,-0.325212,0.595821
2079704479,3,-0.456469,-0.575048,-0.325272,0.595946
2079704489,3,-0.456487,-0.574869,-0.325321,0.596079
2079704499,3,-0.456527,-0.574707,-0.325346,0.59619
2079704509,3,-0.456614,-0.574567,-0.325321,0.596272
2079704519,3,-0.456712,-0.574424,-0.32528,0.596358
2079704529,3,-0.45684,-0.574289,-0.325198,0.596434
2079704539,3,-0.45699,-0.574167,-0.325089,0.596496
2079704550,3,-0.457185,-0.574045,-0.324924,0.596554
2079704560,3,-0.457444,-0.57393,-0.324708,0.596584
2079704570,3,-0.457742,-0.573835,-0.324451,0.596586
2079704580,3,-0.458081,-0.573766,-0.324166,0.596547
2079704590,3,-0.458464,-0.573689,-0.32386,0.596494
2079704600,3,-0.458884,-0.573605,-0.323528,0.596432
2079704610,3,-0.459333,-0.573523,-0.323187,0.59635
2079704620,3,-0.45979,-0.573424,-0.322865,0.596268
2079704630,3,-0.460269,-0.57332,-0.322547,0.59617
2079704640,3,-0.460754,-0.573231,-0.322262,0.596035
2079704650,3,-0.461235,-0.573154,-0.322034,0.59586
2079704660,3,-0.461685,-0.573081,-0.321884,0.595663
2079704670,3,-0.462087,-0.573031,-0.321828,0.595429
2079704680,3,-0.462434,-0.572977,-0.321864,0.595192
2079704691,3,-0.462708,-0.572945,-0.322021,0.594925
2079704701,3,-0.462939,-0.572919,-0.322267,0.594637
2079704711,3,-0.463092,-0.572903,-0.322624,0.59434
2079704721,3,-0.463184,-0.572861,-0.32306,0.594072
2079704731,3,-0.463224,-0.572802,-0.32356,0.593825
2079704741,3,-0.463241,-0.572726,-0.324068,0.593609
2079704751,3,-0.46324,-0.572654,-0.324588,0.593394
2079704761,3,-0.463222,-0.57259,-0.325104,0.593187
2079704771,3,-0.463192,-0.572519,-0.325588,0.593013
2079704781,3,-0.463151,-0.572467,-0.326045,0.592845
2079704791,3,-0.463122,-0.572446,-0.326445,0.592668
2079704801,3,-0.463097,-0.572431,-0.326788,0.592514
2079704811,3,-0.46309,-0.572468,-0.32708,0.592321
2079704822,3,-0.463083,-0.572511,-0.327319,0.592154
2079704832,3,-0.463074,-0.572586,-0.327519,0.591977
2079704842,3,-0.463067,-0.572647,-0.327694,0.591828
2079704852,3,-0.46303,-0.572715,-0.327859,0.591699
2079704862,3,-0.462963,-0.572758,-0.328018,0.591621
2079704872,3,-0.462889,-0.57279,-0.328159,0.59157
2079704882,3,-0.462803,-0.572805,-0.328289,0.591551
2079704892,3,-0.462708,-0.572825,-0.328405,0.591541
2079704902,3,-0.462596,-0.572821,-0.32852,0.591569
2079704912,3,-0.462499,-0.572816,-0.328614,0.591597
2079704922,3,-0.462353,-0.572814,-0.32874,0.591643
2079704932,3,-0.46219,-0.572791,-0.328873,0.591719
2079704942,3,-0.461977,-0.572761,-0.329045,0.591819
2079704953,3,-0.461713,-0.572747,-0.329246,0.591926
2079704963,3,-0.461413,-0.572732,-0.32947,0.59205
2079704973,3,-0.46108,-0.572749,-0.329718,0.592156
2079704983,3,-0.460708,-0.572796,-0.329979,0.592254
2079704993,3,-0.460328,-0.572868,-0.330223,0.592344
2079705003,3,-0.45994,-0.572958,-0.330458,0.592427
2079705013,3,-0.459549,-0.573055,-0.33066,0.592524
2079705023,3,-0.459149,-0.57315,-0.330839,0.592642
2079705033,3,-0.458774,-0.573246,-0.330942,0.592782
2079705043,3,-0.458439,-0.573321,-0.330966,0.592956
2079705053,3,-0.45815,-0.573385,-0.330919,0.593143
2079705063,3,-0.457953,-0.573438,-0.330737,0.593346
2079705073,3,-0.457821,-0.573498,-0.330471,0.593538
2079705083,3,-0.457748,-0.57355,-0.330116,0.593742
2079705094,3,-0.457755,-0.573595,-0.329668,0.593941
2079705104,3,-0.457813,-0.573632,-0.329176,0.594134
2079705114,3,-0.457919,-0.573674,-0.328641,0.594307
2079705124,3,-0.458057,-0.573719,-0.328087,0.594464
2079705134,3,-0.458237,-0.573747,-0.327523,0.59461
2079705144,3,-0.458427,-0.573742,-0.326987,0.594762
2079705154,3,-0.458616,-0.573714,-0.326486,0.594919
2079705164,3,-0.458821,-0.57367,-0.326012,0.595063
2079705174,3,-0.459044,-0.573619,-0.325564,0.595186
2079705184,3,-0.459309,-0.573573,-0.325121,0.595267
2079705194,3,-0.459603,-0.573561,-0.324692,0.595287
2079705204,3,-0.459912,-0.573566,-0.324302,0.595255
2079705214,3,-0.460207,-0.573586,-0.323965,0.595192
2079705225,3,-0.460517,-0.57361,-0.323651,0.5951
2079705235,3,-0.460808,-0.573653,-0.323393,0.594973
2079705245,3,-0.461089,-0.573716,-0.323178,0.594811
2079705255,3,-0.461364,-0.573819,-0.322995,0.594598
2079705265,3,-0.461612,-0.573952,-0.322863,0.59435
2079705275,3,-0.461822,-0.57412,-0.322774,0.594072
2079705285,3,-0.461993,-0.574291,-0.32273,0.593798
2079705295,3,-0.462131,-0.574454,-0.322718,0.59354
2079705305,3,-0.462229,-0.5746,-0.322741,0.593309
2079705315,3,-0.462314,-0.574755,-0.322768,0.593078
2079705325,3,-0.462375,-0.574884,-0.322811,0.592881
2079705335,3,-0.462435,-0.575007,-0.322847,0.592696
2079705345,3,-0.462496,-0.575125,-0.322884,0.592514
2079705356,3,-0.462532,-0.575213,-0.322926,0.592378
2079705366,3,-0.462579,-0.575278,-0.322971,0.592253
2079705376,3,-0.462653,-0.575347,-0.322987,0.59212
2079705386,3,-0.462762,-0.575422,-0.322976,0.591967
2079705396,3,-0.462901,-0.575493,-0.32295,0.591804
2079705406,3,-0.463058,-0.575558,-0.322913,0.591639
2079705416,3,-0.463217,-0.575581,-0.322894,0.591502
2079705426,3,-0.463345,-0.575557,-0.322926,0.591407
2079705436,3,-0.463451,-0.575486,-0.322986,0.591361
2079705446,3,-0.463534,-0.575392,-0.323071,0.59134
2079705456,3,-0.463577,-0.575265,-0.323199,0.59136
2079705466,3,-0.463574,-0.575141,-0.32337,0.59139
2079705476,3,-0.463539,-0.575016,-0.323569,0.59143
2079705487,3,-0.463444,-0.574909,-0.323817,0.591473
2079705497,3,-0.463299,-0.574818,-0.324103,0.591518
2079705507,3,-0.463096,-0.574753,-0.324432,0.59156
2079705517,3,-0.462829,-0.57468,-0.324798,0.591639
2079705527,3,-0.462476,-0.574619,-0.325203,0.591751
2079705537,3,-0.462057,-0.574555,-0.325627,0.591908
2079705547,3,-0.46156,-0.574479,-0.326071,0.592125
2079705557,3,-0.461,-0.574391,-0.326502,0.592408
2079705567,3,-0.460414,-0.574325,-0.326887,0.592717
2079705577,3,-0.459808,-0.57428,-0.3272,0.593057
2079705587,3,-0.459194,-0.574292,-0.327443,0.593388
2079705597,3,-0.458588,-0.57434,-0.327605,0.59372
2079705607,3,-0.457994,-0.574428,-0.327671,0.594057
2079705617,3,-0.457426,-0.574539,-0.327621,0.594415
2079705628,3,-0.456857,-0.574633,-0.327502,0.594827
2079705638,3,-0.456319,-0.57474,-0.327277,0.595261
2079705648,3,-0.455779,-0.574829,-0.32699,0.595746
2079705658,3,-0.455258,-0.574917,-0.326625,0.596259
2079705668,3,-0.454784,-0.574991,-0.326167,0.5968
2079705678,3,-0.454336,-0.575056,-0.325633,0.59737
2079705688,3,-0.453976,-0.575128,-0.324989,0.597924
2079705698,3,-0.453666,-0.575192,-0.324281,0.598482
2079705708,3,-0.453421,-0.575262,-0.32351,0.599018
2079705718,3,-0.45322,-0.575332,-0.322708,0.599535
2079705728,3,-0.453071,-0.575394,-0.32188,0.600033
2079705738,3,-0.452959,-0.575465,-0.321046,0.600496
2079705748,3,-0.452886,-0.575524,-0.320213,0.60094
2079705759,3,-0.452851,-0.575591,-0.319395,0.601337
2079705769,3,-0.452829,-0.575675,-0.31862,0.601685
2079705779,3,-0.45283,-0.575767,-0.317868,0.601993
2079705789,3,-0.452852,-0.575861,-0.317158,0.602261
2079705799,3,-0.45287,-0.575962,-0.316506,0.602493
2079705809,3,-0.452896,-0.576073,-0.315913,0.602679
2079705819,3,-0.452928,-0.576196,-0.315371,0.602822
2079705829,3,-0.452954,-0.576332,-0.314885,0.602926
2079705839,3,-0.452968,-0.576482,-0.314459,0.602995
2079705849,3,-0.452974,-0.576633,-0.314076,0.603045
2079705859,3,-0.452967,-0.576796,-0.313747,0.603065
2079705869,3,-0.452949,-0.576971,-0.313434,0.603075
2079705879,3,-0.452932,-0.577174,-0.313146,0.603042
2079705890,3,-0.452904,-0.577408,-0.312878,0.602979
2079705900,3,-0.452883,-0.577664,-0.312592,0.602898
2079705910,3,-0.452896,-0.577958,-0.312268,0.602774
2079705920,3,-0.452931,-0.578283,-0.311914,0.60262
2079705930,3,-0.452991,-0.578624,-0.311533,0.602444
2079705940,3,-0.453067,-0.579003,-0.311113,0.60224
2079705950,3,-0.453176,-0.579396,-0.310658,0.602015
2079705960,3,-0.453304,-0.579806,-0.310177,0.601772
2079705970,3,-0.453437,-0.580214,-0.309684,0.601532
2079705980,3,-0.453604,-0.580593,-0.309169,0.601305
2079705990,3,-0.453755,-0.580944,-0.308668,0.601109
2079706000,3,-0.453923,-0.581281,-0.308147,0.600924
2079706010,3,-0.454109,-0.581595,-0.307638,0.600741
2079706021,3,-0.454313,-0.581896,-0.307138,0.600551
2079706031,3,-0.454529,-0.582195,-0.306642,0.600351
2079706041,3,-0.454755,-0.582498,-0.306166,0.600128
2079706051,3,-0.454995,-0.582793,-0.305714,0.599891
2079706061,3,-0.455234,-0.583088,-0.305313,0.599627
2079706071,3,-0.455412,-0.583376,-0.305014,0.599364
2079706081,3,-0.455561,-0.583667,-0.304805,0.599073
2079706091,3,-0.455649,-0.583936,-0.304689,0.598803
2079706101,3,-0.455684,-0.5842,-0.304663,0.598533
2079706111,3,-0.455653,-0.584464,-0.304733,0.598263
2079706121,3,-0.455554,-0.584717,-0.304894,0.598008
2079706131,3,-0.455405,-0.584992,-0.305122,0.597737
2079706141,3,-0.455226,-0.585261,-0.305381,0.597477
2079706151,3,-0.455025,-0.585511,-0.305657,0.597244
2079706162,3,-0.454804,-0.585758,-0.305942,0.597025
2079706172,3,-0.454585,-0.586008,-0.306207,0.59681
2079706182,3,-0.454349,-0.586255,-0.306495,0.5966
2079706192,3,-0.454091,-0.586482,-0.306763,0.596436
2079706202,3,-0.453816,-0.5867,-0.307036,0.59629
2079706212,3,-0.453542,-0.586879,-0.3073,0.596187
2079706222,3,-0.453224,-0.587042,-0.307579,0.596124
2079706232,3,-0.452888,-0.587168,-0.307861,0.596109
2079706242,3,-0.452537,-0.587274,-0.308159,0.596117
2079706252,3,-0.452168,-0.587328,-0.308473,0.596182
2079706262,3,-0.451772,-0.587332,-0.308819,0.596299
2079706272,3,-0.451336,-0.587261,-0.30921,0.596495
2079706282,3,-0.450928,-0.587154,-0.309598,0.596709
2079706293,3,-0.450548,-0.587006,-0.309975,0.596946
2079706303,3,-0.450231,-0.586817,-0.310303,0.5972
2079706313,3,-0.44997,-0.58662,-0.310621,0.597425
2079706323,3,-0.449777,-0.586427,-0.31091,0.597609
2079706333,3,-0.449654,-0.586223,-0.311191,0.597756
2079706343,3,-0.449595,-0.586016,-0.31147,0.597857
2079706353,3,-0.449575,-0.585797,-0.311784,0.597925
2079706363,3,-0.449596,-0.585542,-0.312134,0.597976
2079706373,3,-0.449644,-0.58527,-0.312513,0.598008
2079706383,3,-0.449689,-0.584981,-0.312974,0.598016
2079706393,3,-0.449736,-0.58464,-0.313499,0.598038
2079706403,3,-0.449771,-0.58427,-0.314095,0.59806
2079706413,3,-0.449799,-0.583888,-0.314761,0.598063
2079706424,3,-0.449824,-0.583494,-0.315496,0.598042
2079706434,3,-0.449853,-0.583076,-0.316268,0.598019
2079706444,3,-0.449876,-0.58262,-0.317079,0.598017
2079706454,3,-0.44991,-0.582138,-0.31792,0.598014
2079706464,3,-0.449949,-0.581635,-0.318781,0.598017
2079706474,3,-0.450046,-0.581128,-0.319613,0.597992
2079706484,3,-0.450166,-0.580615,-0.32044,0.597957
2079706494,3,-0.450341,-0.580087,-0.321237,0.597911
2079706504,3,-0.450562,-0.579529,-0.321996,0.597877
2079706514,3,-0.450816,-0.578942,-0.322738,0.597854
2079706524,3,-0.451088,-0.578357,-0.323459,0.597826
2079706534,3,-0.451391,-0.577756,-0.324155,0.597801
2079706544,3,-0.451737,-0.577149,-0.324824,0.597763
2079706554,3,-0.452109,-0.576547,-0.325467,0.597713
2079706565,3,-0.45251,-0.575953,-0.326087,0.597644
2079706575,3,-0.452928,-0.575382,-0.326696,0.597545
2079706585,3,-0.453381,-0.574815,-0.327267,0.597435
2079706595,3,-0.453822,-0.574291,-0.327835,0.597292
2079706605,3,-0.454289,-0.573753,-0.32836,0.597165
2079706615,3,-0.454758,-0.573224,-0.328854,0.597046
2079706625,3,-0.455231,-0.572703,-0.329318,0.59693
2079706635,3,-0.455704,-0.57219,-0.329732,0.596832
2079706645,3,-0.456188,-0.571708,-0.330118,0.59671
2079706655,3,-0.456655,-0.571289,-0.330476,0.596556
2079706665,3,-0.45714,-0.570916,-0.330769,0.596379
2079706675,3,-0.457591,-0.570595,-0.331024,0.596199
2079706685,3,-0.458012,-0.570334,-0.331247,0.596001
2079706696,3,-0.458396,-0.570123,-0.331439,0.595801
2079706706,3,-0.458745,-0.570002,-0.331582,0.595568
2079706716,3,-0.459066,-0.569923,-0.331674,0.595347
2079706726,3,-0.45934,-0.569893,-0.331726,0.595133
2079706736,3,-0.459585,-0.569915,-0.331739,0.594917
2079706746,3,-0.459775,-0.569992,-0.331706,0.594714
2079706756,3,-0.459929,-0.570099,-0.331634,0.594533
2079706766,3,-0.460033,-0.570223,-0.33154,0.594385
2079706776,3,-0.460112,-0.570369,-0.331388,0.59427
2079706786,3,-0.460173,-0.570534,-0.331193,0.594172
2079706796,3,-0.460219,-0.570717,-0.33094,0.594103
2079706806,3,-0.460256,-0.57093,-0.330635,0.594039
2079706816,3,-0.460302,-0.571165,-0.330265,0.593983
2079706827,3,-0.460325,-0.5714,-0.329872,0.593958
2079706837,3,-0.460316,-0.571652,-0.329458,0.593952
2079706847,3,-0.460295,-0.571903,-0.329031,0.593963
2079706857,3,-0.460253,-0.572179,-0.328582,0.593979
2079706867,3,-0.460221,-0.572472,-0.328107,0.593983
2079706877,3,-0.460196,-0.572808,-0.327618,0.593949
2079706887,3,-0.460204,-0.57319,-0.3271,0.593859
2079706897,3,-0.46022,-0.573586,-0.326576,0.593754
2079706907,3,-0.460237,-0.573987,-0.326063,0.593634
2079706917,3,-0.460243,-0.574385,-0.325579,0.593511
2079706927,3,-0.46023,-0.574757,-0.32512,0.593413
2079706937,3,-0.460231,-0.575123,-0.324664,0.593307
2079706947,3,-0.460249,-0.575456,-0.32422,0.593213
2079706958,3,-0.460294,-0.575801,-0.323755,0.593097
2079706968,3,-0.46036,-0.576124,-0.32329,0.592985
2079706978,3,-0.460447,-0.576446,-0.322821,0.59286
2079706988,3,-0.460547,-0.576769,-0.322376,0.59271
2079706998,3,-0.460658,-0.577074,-0.321941,0.592564
2079707008,3,-0.460765,-0.577361,-0.321535,0.592421
2079707018,3,-0.460874,-0.577616,-0.321174,0.592283
2079707028,3,-0.460968,-0.577822,-0.320862,0.59218
2079707038,3,-0.461063,-0.577992,-0.320579,0.592092
2079707048,3,-0.461157,-0.578104,-0.320337,0.592041
2079707058,3,-0.461273,-0.578175,-0.320118,0.592
2079707068,3,-0.46142,-0.578185,-0.319916,0.591985
2079707078,3,-0.461565,-0.578155,-0.319756,0.591987
2079707088,3,-0.461729,-0.578069,-0.319622,0.592015
2079707099,3,-0.4619,-0.577942,-0.319532,0.592054
2079707109,3,-0.462047,-0.577757,-0.319502,0.592137
2079707119,3,-0.462199,-0.577548,-0.319508,0.592219
2079707129,3,-0.462347,-0.577306,-0.31955,0.592316
2079707139,3,-0.462516,-0.577051,-0.319603,0.592405
2079707149,3,-0.462699,-0.576786,-0.319665,0.592487
2079707159,3,-0.462892,-0.576519,-0.319745,0.592553
2079707169,3,-0.463088,-0.576257,-0.31984,0.592602
2079707179,3,-0.463294,-0.575973,-0.31994,0.592664
2079707189,3,-0.463471,-0.575685,-0.320064,0.592738
2079707199,3,-0.463625,-0.575391,-0.320201,0.59283
2079707209,3,-0.463747,-0.575096,-0.320372,0.592927
2079707219,3,-0.463839,-0.574768,-0.320567,0.593069
2079707230,3,-0.463885,-0.574466,-0.320771,0.593214
2079707240,3,-0.463893,-0.574183,-0.32098,0.593369
2079707250,3,-0.463883,-0.57393,-0.321173,0.593518
2079707260,3,-0.463857,-0.573704,-0.321336,0.593667
2079707270,3,-0.463796,-0.573523,-0.321495,0.593805
2079707280,3,-0.463712,-0.573367,-0.321631,0.593947
2079707290,3,-0.46359,-0.573231,-0.321767,0.594099
2079707300,3,-0.463431,-0.573119,-0.321896,0.594262
2079707310,3,-0.463228,-0.573007,-0.322026,0.594458
2079707320,3,-0.462973,-0.572896,-0.322174,0.594683
2079707330,3,-0.462697,-0.572784,-0.322293,0.594941
2079707340,3,-0.462408,-0.572686,-0.322402,0.595202
2079707350,3,-0.462066,-0.572599,-0.322529,0.595481
2079707361,3,-0.461733,-0.572526,-0.322634,0.595754
2079707371,3,-0.461378,-0.572468,-0.322711,0.596042
2079707381,3,-0.461011,-0.572416,-0.322785,0.596336
2079707391,3,-0.46063,-0.572389,-0.322853,0.59662
2079707401,3,-0.460258,-0.572404,-0.322899,0.596867
2079707411,3,-0.459879,-0.572439,-0.32295,0.597099
2079707421,3,-0.45952,-0.572513,-0.322969,0.597293
2079707431,3,-0.459165,-0.572605,-0.322987,0.597469
2079707441,3,-0.458814,-0.572713,-0.323003,0.597626
2079707451,3,-0.458468,-0.572863,-0.323014,0.597741
2079707461,3,-0.458147,-0.573025,-0.323005,0.597837
2079707471,3,-0.457823,-0.573203,-0.323012,0.59791
2079707481,3,-0.457526,-0.573401,-0.323,0.597955
2079707492,3,-0.457256,-0.573593,-0.322973,0.597992
2079707502,3,-0.457007,-0.573788,-0.322938,0.598014
2079707512,3,-0.45676,-0.573987,-0.322891,0.598038
2079707522,3,-0.456552,-0.57421,-0.322792,0.598036
2079707532,3,-0.45638,-0.574431,-0.322653,0.598029
2079707542,3,-0.45624,-0.574695,-0.322487,0.597973
2079707552,3,-0.45613,-0.57495,-0.322284,0.59792
2079707562,3,-0.45602,-0.575201,-0.322071,0.597878
2079707572,3,-0.455937,-0.575461,-0.321844,0.597813
2079707582,3,-0.455893,-0.575725,-0.321581,0.597734
2079707592,3,-0.455875,-0.576002,-0.321296,0.597634
2079707602,3,-0.455879,-0.576271,-0.321005,0.597528
2079707612,3,-0.455912,-0.576502,-0.320699,0.597444
2079707622,3,-0.455926,-0.576728,-0.320421,0.597365
2079707633,3,-0.455957,-0.576929,-0.320162,0.597287
2079707643,3,-0.455995,-0.577074,-0.319931,0.597241
2079707653,3,-0.45603,-0.577165,-0.319733,0.597233
2079707663,3,-0.456078,-0.577189,-0.319572,0.597258
2079707673,3,-0.456158,-0.577182,-0.319419,0.597286
2079707683,3,-0.456298,-0.577127,-0.319245,0.597325
2079707693,3,-0.456494,-0.577065,-0.319059,0.597334
2079707703,3,-0.456758,-0.576989,-0.318856,0.597315
2079707713,3,-0.457084,-0.576924,-0.318635,0.597246
2079707723,3,-0.457464,-0.576839,-0.318418,0.597153
2079707733,3,-0.457894,-0.576756,-0.3182,0.59702
2079707743,3,-0.458368,-0.576664,-0.317994,0.596855
2079707753,3,-0.458837,-0.576559,-0.317829,0.596684
2079707764,3,-0.459305,-0.576439,-0.317701,0.596507
2079707774,3,-0.45974,-0.576308,-0.317628,0.596337
2079707784,3,-0.460132,-0.576163,-0.317613,0.596183
2079707794,3,-0.460522,-0.576012,-0.31761,0.59603
2079707804,3,-0.460913,-0.575859,-0.317611,0.595876
2079707814,3,-0.461296,-0.575727,-0.317612,0.595705
2079707824,3,-0.461675,-0.575614,-0.317597,0.595529
2079707834,3,-0.462045,-0.575533,-0.317565,0.595337
2079707844,3,-0.462362,-0.575443,-0.317576,0.595173
2079707854,3,-0.462623,-0.575356,-0.317604,0.595039
2079707864,3,-0.462797,-0.575261,-0.317685,0.594953
2079707874,3,-0.46289,-0.575167,-0.3178,0.594909
2079707884,3,-0.462907,-0.57509,-0.317952,0.594889
2079707895,3,-0.462871,-0.575044,-0.318137,0.594863
2079707905,3,-0.462758,-0.575002,-0.318351,0.594876
2079707915,3,-0.462578,-0.574971,-0.318592,0.594918
2079707925,3,-0.462342,-0.574973,-0.318847,0.594963
2079707935,3,-0.462061,-0.574992,-0.31908,0.595038
2079707945,3,-0.461751,-0.575038,-0.319308,0.595111
2079707955,3,-0.461416,-0.575125,-0.319502,0.595183
2079707965,3,-0.461067,-0.575223,-0.319659,0.595276
2079707975,3,-0.460705,-0.575344,-0.319797,0.595363
2079707985,3,-0.460336,-0.57549,-0.319892,0.595457
2079707995,3,-0.459958,-0.575626,-0.319954,0.595585
2079708005,3,-0.459575,-0.575773,-0.319984,0.595722
2079708015,3,-0.459197,-0.575937,-0.31997,0.595862
2079708026,3,-0.458837,-0.576121,-0.319924,0.595986
2079708036,3,-0.458462,-0.576319,-0.31988,0.596107
2079708046,3,-0.458081,-0.576522,-0.319834,0.596229
2079708056,3,-0.45766,-0.576698,-0.319806,0.596397
2079708066,3,-0.457235,-0.576865,-0.319783,0.596573
2079708076,3,-0.456778,-0.577003,-0.319787,0.596788
2079708086,3,-0.456317,-0.577118,-0.319781,0.597032
2079708096,3,-0.455863,-0.577216,-0.319754,0.597299
2079708106,3,-0.455462,-0.5773,-0.319689,0.597559
2079708116,3,-0.455079,-0.577394,-0.319611,0.597802
2079708126,3,-0.454722,-0.577464,-0.31952,0.598054
2079708136,3,-0.454385,-0.577493,-0.319449,0.59832
2079708146,3,-0.454087,-0.577481,-0.319376,0.598596
2079708156,3,-0.453811,-0.57741,-0.319344,0.598892
2079708167,3,-0.45356,-0.577276,-0.31935,0.599208
2079708177,3,-0.453305,-0.577055,-0.31943,0.599571
2079708187,3,-0.453069,-0.576762,-0.319561,0.599961
2079708197,3,-0.452869,-0.576398,-0.31975,0.600361
2079708207,3,-0.452698,-0.575998,-0.32,0.60074
2079708217,3,-0.452573,-0.575594,-0.320318,0.601053
2079708227,3,-0.452505,-0.57523,-0.320683,0.601257
2079708237,3,-0.452505,-0.574928,-0.321111,0.601318
2079708247,3,-0.452574,-0.574681,-0.321597,0.601242
2079708257,3,-0.452694,-0.5745,-0.322152,0.601028
2079708267,3,-0.452864,-0.574366,-0.322773,0.600694
2079708277,3,-0.453063,-0.574264,-0.323456,0.600275
2079708287,3,-0.453296,-0.574185,-0.324201,0.599772
2079708298,3,-0.453568,-0.574123,-0.324975,0.599207
2079708308,3,-0.453886,-0.574063,-0.325765,0.598593
2079708318,3,-0.454253,-0.574017,-0.326549,0.597932
2079708328,3,-0.454681,-0.573973,-0.327287,0.597244
2079708338,3,-0.455147,-0.573906,-0.327973,0.596577
2079708348,3,-0.455673,-0.573794,-0.328573,0.595953
2079708358,3,-0.456187,-0.573638,-0.329134,0.595401
2079708368,3,-0.456668,-0.573449,-0.329649,0.594929
2079708378,3,-0.457118,-0.57321,-0.330114,0.594555
2079708388,3,-0.457566,-0.572913,-0.330508,0.594278
2079708398,3,-0.457992,-0.572571,-0.330829,0.594101
2079708408,3,-0.458372,-0.572196,-0.33108,0.59403
2079708418,3,-0.458718,-0.571792,-0.331256,0.594054
2079708429,3,-0.459052,-0.571406,-0.331327,0.594127
2079708439,3,-0.459373,-0.571054,-0.331317,0.594223
2079708449,3,-0.459686,-0.570744,-0.331195,0.594347
2079708459,3,-0.459999,-0.57048,-0.330965,0.594486
2079708469,3,-0.460299,-0.570294,-0.33066,0.594602
2079708479,3,-0.460587,-0.570178,-0.330285,0.594699
2079708489,3,-0.460892,-0.570117,-0.329808,0.594786
2079708499,3,-0.461186,-0.570106,-0.32927,0.594867
2079708509,3,-0.461491,-0.570144,-0.328643,0.59494
2079708519,3,-0.461821,-0.570253,-0.327943,0.594965
2079708529,3,-0.462183,-0.570422,-0.327164,0.594952
2079708539,3,-0.462568,-0.570661,-0.326316,0.594889
2079708549,3,-0.462978,-0.570944,-0.32541,0.594795
2079708559,3,-0.463377,-0.571243,-0.324499,0.594695
2079708570,3,-0.463756,-0.571529,-0.323591,0.59462
2079708580,3,-0.464078,-0.571789,-0.322721,0.594591
2079708590,3,-0.464352,-0.572027,-0.321913,0.594587
2079708600,3,-0.464568,-0.572238,-0.321164,0.59462
2079708610,3,-0.464748,-0.572417,-0.32045,0.594691
2079708620,3,-0.464874,-0.572588,-0.319788,0.594785
2079708630,3,-0.464947,-0.57277,-0.319193,0.594872
2079708640,3,-0.464983,-0.572961,-0.318643,0.594954
2079708650,3,-0.465018,-0.573173,-0.318101,0.595013
2079708660,3,-0.465052,-0.573418,-0.317557,0.595041
2079708670,3,-0.4651,-0.573727,-0.31701,0.594998
2079708680,3,-0.465173,-0.57409,-0.316459,0.594884
2079708690,3,-0.465278,-0.574504,-0.315903,0.594698
2079708701,3,-0.465386,-0.574925,-0.315375,0.594487
2079708711,3,-0.465503,-0.575344,-0.314878,0.594252
2079708721,3,-0.465617,-0.575729,-0.314436,0.594024
2079708731,3,-0.465734,-0.576073,-0.314022,0.593817
2079708741,3,-0.465859,-0.576358,-0.313643,0.593644
2079708751,3,-0.465973,-0.576554,-0.31333,0.59353
2079708761,3,-0.466105,-0.576694,-0.313051,0.593437
2079708771,3,-0.466239,-0.576775,-0.312823,0.593373
2079708781,3,-0.466398,-0.576795,-0.312625,0.593333
2079708791,3,-0.466574,-0.576754,-0.312468,0.593317
2079708801,3,-0.466794,-0.576676,-0.312343,0.593285
2079708811,3,-0.467021,-0.576543,-0.312286,0.593267
2079708821,3,-0.467249,-0.576365,-0.312295,0.593255
2079708832,3,-0.46747,-0.576152,-0.312378,0.593245
2079708842,3,-0.467668,-0.575922,-0.312565,0.593213
2079708852,3,-0.467788,-0.575666,-0.312874,0.593204
2079708862,3,-0.467778,-0.57541,-0.313337,0.593216
2079708872,3,-0.467615,-0.575153,-0.313964,0.593262
2079708882,3,-0.467275,-0.574929,-0.314741,0.593335
2079708892,3,-0.466781,-0.574743,-0.315611,0.593443
2079708902,3,-0.466161,-0.574649,-0.316548,0.593522
2079708912,3,-0.465468,-0.574669,-0.317487,0.593544
2079708922,3,-0.464707,-0.574788,-0.318389,0.593542
2079708932,3,-0.463898,-0.574963,-0.319206,0.593567
2079708942,3,-0.463038,-0.575277,-0.319933,0.593542
2079708952,3,-0.46213,-0.57568,-0.320562,0.59352
2079708963,3,-0.46115,-0.576146,-0.321099,0.59354
2079708973,3,-0.460048,-0.576647,-0.321571,0.593654
2079708983,3,-0.45883,-0.577169,-0.321987,0.593863
2079708993,3,-0.457476,-0.577706,-0.322346,0.594191
2079709003,3,-0.456057,-0.578273,-0.322571,0.594608
2079709013,3,-0.454568,-0.578874,-0.322691,0.595098
2079709023,3,-0.453047,-0.579527,-0.322666,0.595636
2079709033,3,-0.45152,-0.580243,-0.322499,0.596188
2079709043,3,-0.449951,-0.581041,-0.322253,0.59673
2079709053,3,-0.448319,-0.581914,-0.321954,0.597269
2079709063,3,-0.44663,-0.582839,-0.32163,0.597807
2079709073,3,-0.444907,-0.583744,-0.321274,0.598399
2079709083,3,-0.44319,-0.58463,-0.320857,0.599032
2079709093,3,-0.441465,-0.5855,-0.320389,0.599707
2079709104,3,-0.439752,-0.586393,-0.319898,0.600354
2079709114,3,-0.438084,-0.5873,-0.319387,0.600958
2079709124,3,-0.436465,-0.588251,-0.318861,0.601486
2079709134,3,-0.434919,-0.58922,-0.31833,0.601938
2079709144,3,-0.433438,-0.590209,-0.31782,0.602307
2079709154,3,-0.432049,-0.591228,-0.317322,0.602567
2079709164,3,-0.43076,-0.59226,-0.316863,0.602719
2079709174,3,-0.429562,-0.59329,-0.316456,0.602774
2079709184,3,-0.428411,-0.594307,-0.316121,0.602767
2079709194,3,-0.427336,-0.595297,-0.315863,0.602689
2079709204,3,-0.426329,-0.596237,-0.315683,0.602568
2079709214,3,-0.425416,-0.597112,-0.315565,0.602407
2079709224,3,-0.424614,-0.597947,-0.315471,0.602195
2079709235,3,-0.423903,-0.598712,-0.315421,0.601962
2079709245,3,-0.423293,-0.599415,-0.315388,0.601709
2079709255,3,-0.422788,-0.600013,-0.315379,0.601472
2079709265,3,-0.42237,-0.600531,-0.315386,0.601245
2079709275,3,-0.422068,-0.600972,-0.31538,0.601021
2079709285,3,-0.42189,-0.601321,-0.315329,0.600823
2079709295,3,-0.421837,-0.601595,-0.315229,0.600638
2079709305,3,-0.421909,-0.601787,-0.315081,0.600472
2079709315,3,-0.422109,-0.601901,-0.314883,0.600322
2079709325,3,-0.422417,-0.601946,-0.314634,0.600191
2079709335,3,-0.422819,-0.601911,-0.31436,0.600085
2079709345,3,-0.423277,-0.60178,-0.314072,0.600045
2079709355,3,-0.423793,-0.601567,-0.313774,0.600051
2079709366,3,-0.424331,-0.601262,-0.313485,0.600127
2079709376,3,-0.424917,-0.60088,-0.31317,0.60026
2079709386,3,-0.425526,-0.600403,-0.312841,0.600477
2079709396,3,-0.426148,-0.599842,-0.312497,0.600775
2079709406,3,-0.426798,-0.599194,-0.312133,0.60115
2079709416,3,-0.42745,-0.598512,-0.311782,0.601548
2079709426,3,-0.428138,-0.597796,-0.31141,0.601963
2079709436,3,-0.428856,-0.597082,-0.311023,0.60236
2079709446,3,-0.429623,-0.596381,-0.310613,0.602721
2079709456,3,-0.430435,-0.59569,-0.310185,0.603044
2079709466,3,-0.431276,-0.595024,-0.309763,0.603318
2079709476,3,-0.432135,-0.594392,-0.309355,0.603536
2079709486,3,-0.433017,-0.593778,-0.308974,0.603703
2079709497,3,-0.43391,-0.593171,-0.308635,0.603832
2079709507,3,-0.434814,-0.592604,-0.308332,0.603893
2079709517,3,-0.435729,-0.59207,-0.308082,0.603885
2079709527,3,-0.436646,-0.59159,-0.307886,0.603793
2079709537,3,-0.437566,-0.591165,-0.307749,0.603612
2079709547,3,-0.438507,-0.590798,-0.307649,0.60334
2079709557,3,-0.439464,-0.590464,-0.307588,0.603002
2079709567,3,-0.440426,-0.590146,-0.307562,0.602624
2079709577,3,-0.441395,-0.589806,-0.307569,0.602245
2079709587,3,-0.442336,-0.589412,-0.307638,0.601905
2079709597,3,-0.443253,-0.588956,-0.307735,0.601627
2079709607,3,-0.444142,-0.588437,-0.307866,0.601412
2079709617,3,-0.444975,-0.587863,-0.308057,0.60126
2079709627,3,-0.445781,-0.587234,-0.308259,0.601174
2079709638,3,-0.446554,-0.586568,-0.308468,0.601143
2079709648,3,-0.447285,-0.585886,-0.308704,0.601144
2079709658,3,-0.447954,-0.585197,-0.30895,0.60119
2079709668,3,-0.44856,-0.584524,-0.309218,0.601256
2079709678,3,-0.449075,-0.583893,-0.30954,0.601318
2079709688,3,-0.449496,-0.5833,-0.309894,0.601397
2079709698,3,-0.449775,-0.582767,-0.310317,0.601487
2079709708,3,-0.449934,-0.58226,-0.310769,0.601626
2079709718,3,-0.449995,-0.581804,-0.311227,0.601784
2079709728,3,-0.44994,-0.581392,-0.31169,0.601984
2079709738,3,-0.449806,-0.581035,-0.312113,0.60221
2079709748,3,-0.449634,-0.580761,-0.312466,0.60242
2079709758,3,-0.44944,-0.580576,-0.312722,0.60261
2079709769,3,-0.449234,-0.580506,-0.312887,0.602745
2079709779,3,-0.44903,-0.580536,-0.312945,0.602838
2079709789,3,-0.448828,-0.58066,-0.312894,0.602895
2079709799,3,-0.448602,-0.580854,-0.312781,0.602934
2079709809,3,-0.448378,-0.581115,-0.312601,0.602943
2079709819,3,-0.448141,-0.581445,-0.312364,0.602924
2079709829,3,-0.447894,-0.581826,-0.3121,0.602878
2079709839,3,-0.447626,-0.582192,-0.311838,0.602859
2079709849,3,-0.447318,-0.582554,-0.31159,0.602866
2079709859,3,-0.447,-0.58289,-0.311357,0.602898
2079709869,3,-0.446698,-0.5832,-0.311117,0.602945
2079709879,3,-0.446409,-0.583471,-0.310887,0.603016
2079709889,3,-0.446111,-0.583714,-0.310695,0.603101
2079709900,3,-0.44578,-0.583927,-0.310564,0.603206
2079709910,3,-0.445434,-0.584083,-0.310506,0.60334
2079709920,3,-0.445052,-0.584224,-0.310522,0.603477
2079709930,3,-0.444652,-0.584317,-0.310602,0.603642
2079709940,3,-0.444228,-0.584368,-0.310738,0.603834
2079709950,3,-0.443799,-0.584425,-0.310941,0.603991
2079709960,3,-0.44335,-0.584493,-0.311204,0.604118
2079709970,3,-0.442913,-0.584596,-0.311506,0.604184
2079709980,3,-0.442498,-0.58472,-0.311831,0.6042
2079709990,3,-0.442118,-0.584874,-0.312163,0.604158
2079710000,3,-0.441728,-0.585032,-0.312519,0.604106
2079710010,3,-0.441346,-0.585203,-0.312885,0.604029
2079710020,3,-0.440993,-0.585404,-0.313246,0.603906
2079710030,3,-0.440698,-0.585612,-0.31356,0.603757
2079710041,3,-0.440459,-0.585819,-0.313832,0.603589
2079710051,3,-0.440302,-0.586042,-0.314034,0.603382
2079710061,3,-0.440227,-0.586296,-0.314158,0.603125
2079710071,3,-0.440225,-0.586573,-0.31424,0.602815
2079710081,3,-0.440275,-0.586838,-0.314294,0.602492
2079710091,3,-0.440367,-0.587092,-0.314336,0.602155
2079710101,3,-0.440479,-0.587278,-0.314402,0.601857
2079710111,3,-0.440616,-0.587432,-0.314488,0.601562
2079710121,3,-0.440784,-0.587514,-0.314581,0.60131
2079710131,3,-0.440988,-0.587515,-0.314687,0.601103
2079710141,3,-0.441255,-0.587478,-0.314782,0.600894
2079710151,3,-0.44158,-0.587392,-0.314878,0.600689
2079710161,3,-0.441957,-0.587281,-0.314982,0.600466
2079710172,3,-0.44237,-0.58712,-0.315091,0.600262
2079710182,3,-0.442798,-0.58693,-0.31523,0.600059
2079710192,3,-0.44326,-0.586708,-0.315366,0.599864
2079710202,3,-0.443721,-0.586464,-0.315547,0.599667
2079710212,3,-0.44417,-0.586211,-0.315752,0.599474
2079710222,3,-0.44461,-0.585947,-0.31597,0.59929
2079710232,3,-0.445023,-0.58571,-0.316211,0.599089
2079710242,3,-0.445439,-0.585472,-0.316433,0.598894
2079710252,3,-0.445865,-0.585251,-0.31664,0.598684
2079710262,3,-0.446265,-0.585025,-0.31682,0.598512
2079710272,3,-0.446645,-0.584799,-0.316977,0.598366
2079710282,3,-0.447009,-0.584587,-0.317091,0.598241
2079710292,3,-0.447324,-0.584385,-0.317191,0.598149
2079710303,3,-0.447637,-0.58418,-0.317229,0.598096
2079710313,3,-0.447913,-0.583979,-0.317212,0.598094
2079710323,3,-0.448167,-0.5838,-0.317149,0.598112
2079710333,3,-0.448369,-0.583634,-0.317053,0.598174
2079710343,3,-0.44855,-0.583473,-0.316921,0.598265
2079710353,3,-0.448693,-0.583347,-0.316768,0.598362
2079710363,3,-0.4488,-0.583259,-0.316583,0.598466
2079710373,3,-0.448859,-0.583192,-0.316383,0.598593
2079710383,3,-0.448918,-0.583136,-0.316151,0.598725
2079710393,3,-0.448944,-0.583079,-0.315913,0.598887
2079710403,3,-0.448937,-0.583006,-0.315671,0.599091
2079710413,3,-0.448905,-0.582917,-0.315419,0.599334
2079710423,3,-0.448846,-0.582806,-0.315192,0.599606
2079710434,3,-0.44879,-0.582684,-0.314941,0.599898
2079710444,3,-0.448712,-0.582565,-0.314712,0.600191
2079710454,3,-0.448617,-0.58245,-0.314485,0.600493
2079710464,3,-0.448537,-0.582348,-0.314252,0.600774
2079710474,3,-0.448443,-0.582268,-0.314036,0.601035
2079710484,3,-0.448343,-0.582223,-0.313835,0.601257
2079710494,3,-0.448218,-0.582197,-0.313664,0.601465
2079710504,3,-0.448092,-0.582224,-0.313506,0.601615
2079710514,3,-0.447935,-0.582266,-0.313393,0.601751
2079710524,3,-0.447768,-0.58236,-0.31331,0.601827
2079710534,3,-0.447556,-0.582481,-0.313271,0.601887
2079710544,3,-0.447329,-0.582625,-0.31325,0.601928
2079710554,3,-0.447064,-0.582745,-0.313271,0.601998
2079710564,3,-0.446753,-0.582866,-0.313332,0.602079
2079710575,3,-0.446428,-0.582971,-0.313405,0.602181
2079710585,3,-0.446103,-0.583078,-0.313479,0.60228
2079710595,3,-0.445782,-0.583152,-0.313548,0.602411
2079710605,3,-0.445457,-0.583193,-0.313642,0.602562
2079710615,3,-0.445143,-0.583216,-0.313716,0.602733
2079710625,3,-0.444845,-0.58323,-0.313799,0.602896
2079710635,3,-0.444562,-0.583247,-0.313886,0.603044
2079710645,3,-0.444298,-0.583239,-0.313974,0.6032
2079710655,3,-0.444045,-0.583227,-0.31408,0.603342
2079710665,3,-0.443823,-0.583233,-0.31419,0.603442
2079710675,3,-0.443635,-0.583249,-0.314299,0.603509
2079710685,3,-0.443505,-0.583281,-0.314385,0.603528
2079710695,3,-0.443411,-0.583345,-0.314459,0.603497
2079710706,3,-0.443378,-0.583403,-0.314497,0.603446
2079710716,3,-0.443381,-0.583471,-0.314521,0.603365
2079710726,3,-0.44342,-0.58352,-0.314531,0.603284
2079710736,3,-0.443498,-0.583576,-0.314528,0.603174
2079710746,3,-0.443619,-0.583634,-0.314486,0.603051
2079710756,3,-0.443784,-0.583673,-0.314426,0.602923
2079710766,3,-0.444001,-0.583702,-0.314329,0.602785
2079710776,3,-0.444254,-0.58372,-0.314218,0.60264
2079710786,3,-0.444498,-0.583726,-0.314148,0.602491
2079710796,3,-0.444727,-0.583726,-0.314099,0.602347
2079710806,3,-0.444931,-0.583731,-0.314111,0.602185
2079710816,3,-0.445098,-0.583716,-0.314176,0.602043
2079710826,3,-0.445244,-0.583702,-0.314264,0.601902
2079710837,3,-0.445383,-0.583681,-0.314369,0.601765
2079710847,3,-0.44552,-0.583634,-0.314491,0.601645
2079710857,3,-0.445681,-0.583593,-0.31458,0.601519
2079710867,3,-0.445868,-0.583543,-0.314651,0.601392
2079710877,3,-0.446074,-0.583462,-0.314718,0.601283
2079710887,3,-0.446288,-0.583369,-0.314786,0.601178
2079710897,3,-0.446532,-0.583258,-0.314828,0.601083
2079710907,3,-0.446791,-0.583149,-0.314888,0.600965
2079710917,3,-0.447058,-0.583046,-0.314959,0.600829
2079710927,3,-0.447347,-0.582961,-0.315048,0.600649
2079710937,3,-0.44765,-0.582912,-0.315159,0.600414
2079710947,3,-0.447963,-0.582896,-0.315284,0.600129
2079710957,3,-0.4483,-0.58288,-0.315436,0.599814
2079710968,3,-0.44865,-0.58288,-0.315615,0.599457
2079710978,3,-0.449016,-0.582862,-0.315813,0.599096
2079710988,3,-0.449371,-0.582843,-0.316038,0.598731
2079710998,3,-0.44972,-0.582789,-0.316283,0.598392
2079711008,3,-0.450054,-0.582666,-0.316551,0.598118
2079711018,3,-0.450381,-0.582539,-0.316803,0.597862
2079711028,3,-0.450679,-0.582376,-0.31707,0.597654
2079711038,3,-0.450971,-0.582197,-0.317323,0.597474
2079711048,3,-0.451244,-0.58204,-0.317574,0.597289
2079711058,3,-0.451512,-0.581876,-0.317823,0.597113
2079711068,3,-0.451765,-0.581721,-0.31806,0.596947
2079711078,3,-0.452006,-0.581589,-0.318292,0.596769
2079711088,3,-0.452205,-0.581468,-0.318561,0.596592
2079711098,3,-0.452368,-0.581337,-0.31884,0.596447
2079711109,3,-0.452478,-0.581192,-0.319158,0.596336
2079711119,3,-0.452555,-0.581038,-0.319473,0.596258
2079711129,3,-0.452601,-0.580881,-0.31979,0.596207
2079711139,3,-0.452655,-0.580742,-0.320077,0.596146
2079711149,3,-0.452697,-0.580633,-0.320335,0.596082
2079711159,3,-0.452749,-0.580576,-0.320558,0.595979
2079711169,3,-0.452806,-0.580568,-0.320746,0.595842
2079711179,3,-0.452875,-0.580546,-0.320893,0.595732
2079711189,3,-0.452931,-0.580518,-0.32103,0.595643
2079711199,3,-0.452987,-0.580457,-0.321148,0.595596
2079711209,3,-0.453009,-0.580361,-0.321287,0.595598
2079711219,3,-0.452992,-0.580221,-0.321453,0.595658
2079711229,3,-0.452942,-0.580046,-0.321655,0.595757
2079711240,3,-0.452879,-0.579828,-0.321868,0.595903
2079711250,3,-0.452808,-0.579574,-0.322081,0.596088
2079711260,3,-0.452717,-0.579295,-0.322312,0.596303
2079711270,3,-0.452624,-0.578999,-0.322536,0.59654
2079711280,3,-0.452528,-0.578691,-0.322767,0.596787
2079711290,3,-0.452449,-0.578361,-0.322961,0.597061
2079711300,3,-0.452381,-0.578042,-0.323132,0.597329
2079711310,3,-0.452339,-0.577727,-0.323263,0.597595
2079711320,3,-0.452313,-0.577447,-0.323372,0.597826
2079711330,3,-0.452297,-0.5772,-0.323454,0.598033
2079711340,3,-0.452306,-0.57701,-0.323493,0.598189
2079711350,3,-0.452302,-0.576845,-0.323537,0.598327
2079711360,3,-0.452337,-0.576717,-0.323525,0.598431
2079711371,3,-0.452358,-0.576608,-0.323508,0.598528
2079711381,3,-0.452377,-0.576531,-0.323468,0.59861
2079711391,3,-0.452397,-0.576485,-0.323392,0.598679
2079711401,3,-0.45242,-0.576439,-0.323279,0.598768
2079711411,3,-0.452429,-0.576381,-0.323125,0.5989
2079711421,3,-0.452434,-0.576305,-0.322931,0.599074
2079711431,3,-0.452425,-0.576224,-0.322701,0.599282
2079711441,3,-0.452426,-0.576139,-0.3224,0.599526
2079711451,3,-0.452406,-0.576037,-0.322069,0.599816
2079711461,3,-0.4524,-0.575957,-0.321698,0.600097
2079711471,3,-0.452385,-0.575912,-0.321284,0.600374
2079711481,3,-0.452367,-0.575882,-0.320863,0.60064
2079711491,3,-0.452342,-0.575869,-0.320438,0.600899
2079711502,3,-0.452286,-0.575883,-0.320044,0.601138
2079711512,3,-0.452203,-0.575924,-0.319673,0.601358
2079711522,3,-0.452119,-0.57599,-0.319311,0.60155
2079711532,3,-0.452014,-0.576075,-0.318991,0.601717
2079711542,3,-0.451905,-0.576183,-0.318678,0.601863
2079711552,3,-0.451805,-0.5763,-0.318371,0.601987
2079711562,3,-0.451705,-0.57641,-0.318075,0.602113
2079711572,3,-0.451605,-0.576544,-0.317786,0.602213
2079711582,3,-0.451527,-0.576691,-0.317489,0.602286
2079711592,3,-0.451466,-0.576858,-0.317184,0.602334
2079711602,3,-0.451426,-0.577054,-0.316889,0.602332
2079711612,3,-0.451398,-0.577256,-0.316606,0.602308
2079711622,3,-0.451337,-0.577486,-0.316369,0.602257
2079711632,3,-0.451245,-0.577745,-0.316202,0.602166
2079711643,3,-0.451135,-0.578012,-0.316083,0.602054
2079711653,3,-0.45102,-0.57832,-0.316019,0.601877
2079711663,3,-0.4509,-0.578668,-0.316005,0.60164
2079711673,3,-0.450802,-0.579017,-0.316004,0.601378
2079711683,3,-0.450732,-0.579386,-0.316019,0.601068
2079711693,3,-0.450679,-0.579775,-0.316061,0.600711
2079711703,3,-0.450667,-0.580155,-0.316098,0.600333
2079711713,3,-0.450693,-0.580522,-0.316142,0.599936
2079711723,3,-0.450746,-0.580851,-0.316205,0.599544
2079711733,3,-0.450833,-0.581173,-0.316272,0.599131
2079711743,3,-0.450949,-0.581482,-0.316337,0.598708
2079711753,3,-0.451083,-0.581762,-0.31644,0.598281
2079711763,3,-0.451202,-0.581999,-0.316593,0.59788
2079711774,3,-0.451307,-0.582193,-0.316778,0.597514
2079711784,3,-0.451447,-0.582362,-0.316959,0.597147
2079711794,3,-0.451612,-0.58251,-0.317144,0.59678
2079711804,3,-0.451775,-0.582612,-0.317344,0.596451
2079711814,3,-0.451916,-0.582681,-0.317576,0.596153
2079711824,3,-0.452037,-0.582711,-0.31783,0.595897
2079711834,3,-0.452189,-0.582751,-0.318066,0.595616
2079711844,3,-0.452356,-0.582773,-0.318278,0.595354
2079711854,3,-0.452533,-0.582804,-0.318469,0.595088
2079711864,3,-0.452716,-0.582862,-0.318646,0.594796
2079711874,3,-0.452894,-0.582937,-0.318827,0.594491
2079711884,3,-0.453053,-0.583029,-0.319005,0.594183
2079711894,3,-0.45321,-0.583135,-0.319167,0.593873
2079711905,3,-0.453364,-0.583273,-0.319312,0.593542
2079711915,3,-0.453494,-0.58341,-0.319457,0.59323
2079711925,3,-0.453557,-0.583531,-0.319634,0.592967
2079711935,3,-0.453553,-0.583609,-0.319862,0.59277
2079711945,3,-0.453517,-0.583674,-0.32009,0.592611
2079711955,3,-0.453474,-0.583711,-0.320297,0.592495
2079711965,3,-0.45342,-0.583721,-0.320489,0.592423
2079711975,3,-0.45335,-0.583699,-0.320675,0.592397
2079711985,3,-0.453274,-0.583649,-0.320848,0.592412
2079711995,3,-0.453187,-0.583563,-0.321009,0.592475
2079712005,3,-0.453103,-0.583475,-0.32116,0.592544
2079712015,3,-0.453016,-0.583352,-0.321298,0.592657
2079712025,3,-0.452938,-0.583217,-0.321431,0.592778
2079712035,3,-0.452854,-0.583038,-0.32156,0.592949
2079712046,3,-0.452777,-0.582834,-0.321694,0.593134
2079712056,3,-0.45271,-0.582602,-0.321814,0.593349
2079712066,3,-0.452645,-0.582322,-0.321937,0.593606
2079712076,3,-0.452577,-0.582006,-0.322073,0.593893
2079712086,3,-0.452559,-0.581653,-0.322177,0.594197
2079712096,3,-0.452549,-0.581294,-0.322288,0.594496
2079712106,3,-0.452562,-0.58092,-0.322389,0.594797
2079712116,3,-0.452594,-0.580541,-0.322488,0.595088
2079712126,3,-0.45262,-0.580149,-0.322614,0.595383
2079712136,3,-0.452662,-0.579756,-0.322749,0.59566
2079712146,3,-0.452714,-0.579353,-0.32289,0.595936
2079712156,3,-0.452791,-0.578945,-0.323029,0.596199
2079712166,3,-0.45289,-0.578553,-0.323163,0.596431
2079712177,3,-0.452991,-0.578191,-0.323319,0.596621
2079712187,3,-0.453081,-0.577828,-0.3235,0.596806
2079712197,3,-0.453168,-0.577474,-0.323708,0.59697
2079712207,3,-0.453244,-0.577136,-0.323949,0.597109
2079712217,3,-0.453308,-0.576807,-0.324197,0.597244
2079712227,3,-0.453359,-0.576463,-0.324454,0.597397
2079712237,3,-0.453396,-0.576102,-0.32472,0.597573
2079712247,3,-0.453447,-0.575725,-0.324954,0.59777
2079712257,3,-0.453525,-0.575378,-0.325173,0.597926
2079712267,3,-0.453625,-0.575038,-0.325361,0.598074
2079712277,3,-0.453736,-0.574717,-0.325551,0.598197
2079712287,3,-0.453837,-0.574428,-0.325755,0.598286
2079712297,3,-0.45395,-0.574156,-0.325961,0.598349
2079712308,3,-0.454078,-0.57391,-0.326151,0.598384
2079712318,3,-0.454214,-0.573673,-0.326347,0.598401
2079712328,3,-0.45434,-0.573436,-0.326562,0.598415
2079712338,3,-0.454463,-0.573192,-0.326778,0.598439
2079712348,3,-0.454575,-0.572961,-0.327011,0.598447
2079712358,3,-0.454696,-0.572745,-0.32724,0.598437
2079712368,3,-0.454822,-0.572523,-0.327465,0.59843
2079712378,3,-0.454967,-0.572296,-0.327652,0.598435
2079712388,3,-0.455137,-0.572106,-0.327801,0.598406
2079712398,3,-0.455334,-0.57194,-0.32791,0.598356
2079712408,3,-0.455553,-0.57184,-0.327965,0.598254
2079712418,3,-0.455788,-0.571806,-0.32799,0.598093
2079712428,3,-0.456021,-0.571837,-0.327991,0.597886
2079712439,3,-0.456254,-0.571919,-0.32797,0.597641
2079712449,3,-0.456451,-0.572043,-0.327952,0.597382
2079712459,3,-0.45662,-0.572224,-0.327923,0.597095
2079712469,3,-0.456759,-0.572438,-0.327879,0.596808
2079712479,3,-0.456895,-0.572658,-0.327799,0.596537
2079712489,3,-0.456986,-0.572898,-0.327712,0.596284
2079712499,3,-0.457046,-0.573145,-0.327608,0.596057
2079712509,3,-0.457085,-0.573411,-0.327462,0.595853
2079712519,3,-0.457111,-0.573666,-0.327259,0.595698
2079712529,3,-0.457128,-0.573945,-0.327014,0.595552
2079712539,3,-0.45716,-0.574256,-0.326683,0.595408
2079712549,3,-0.457201,-0.574619,-0.326313,0.59523
2079712559,3,-0.457247,-0.575024,-0.32589,0.595034
2079712569,3,-0.457252,-0.575482,-0.32548,0.594812
2079712580,3,-0.457249,-0.57594,-0.325036,0.594615
2079712590,3,-0.457222,-0.576415,-0.324606,0.59441
2079712600,3,-0.457159,-0.576866,-0.324185,0.59425
2079712610,3,-0.457057,-0.577291,-0.323782,0.594136
2079712620,3,-0.456933,-0.577666,-0.323407,0.59407
2079712630,3,-0.456767,-0.578024,-0.323058,0.594041
2079712640,3,-0.45659,-0.57834,-0.322711,0.594057
2079712650,3,-0.456389,-0.578598,-0.322381,0.59414
2079712660,3,-0.456162,-0.578806,-0.322085,0.594272
2079712670,3,-0.45594,-0.579002,-0.321779,0.594417
2079712680,3,-0.455708,-0.579162,-0.32148,0.594601
2079712690,3,-0.455488,-0.57933,-0.321166,0.594776
2079712700,3,-0.455308,-0.579497,-0.320822,0.594936
2079712711,3,-0.455126,-0.579677,-0.320491,0.595078
2079712721,3,-0.454964,-0.579878,-0.320148,0.595192
2079712731,3,-0.454802,-0.58009,-0.319829,0.59528
2079712741,3,-0.454659,-0.580324,-0.319514,0.59533
2079712751,3,-0.454525,-0.580565,-0.319202,0.595365
2079712761,3,-0.454395,-0.58082,-0.318916,0.595369
2079712771,3,-0.454264,-0.581059,-0.318659,0.595373
2079712781,3,-0.454124,-0.581277,-0.318417,0.595396
2079712791,3,-0.454004,-0.581478,-0.318171,0.595424
2079712801,3,-0.453902,-0.581691,-0.317925,0.595424
2079712811,3,-0.453833,-0.581881,-0.317668,0.595428
2079712821,3,-0.453784,-0.582067,-0.317404,0.595425
2079712831,3,-0.453756,-0.582256,-0.317144,0.5954
2079712842,3,-0.453709,-0.582442,-0.316941,0.595362
2079712852,3,-0.453664,-0.582592,-0.316753,0.595349
2079712862,3,-0.453603,-0.582704,-0.316637,0.595349
2079712872,3,-0.453502,-0.582744,-0.316589,0.595412
2079712882,3,-0.45337,-0.582719,-0.316614,0.595524
2079712892,3,-0.453201,-0.582602,-0.31672,0.595711
2079712902,3,-0.453011,-0.582435,-0.316886,0.59593
2079712912,3,-0.452838,-0.582213,-0.317076,0.596177
2079712922,3,-0.452667,-0.581945,-0.317302,0.596447
2079712932,3,-0.452537,-0.581651,-0.317523,0.596716
2079712942,3,-0.452426,-0.581336,-0.31775,0.596986
2079712952,3,-0.452337,-0.581036,-0.317987,0.597219
2079712962,3,-0.452276,-0.580744,-0.318231,0.59742
2079712973,3,-0.452254,-0.580459,-0.318471,0.597585
2079712983,3,-0.452243,-0.58018,-0.318716,0.597734
2079712993,3,-0.452236,-0.579911,-0.318969,0.597866
2079713003,3,-0.452252,-0.579644,-0.319223,0.597976
2079713013,3,-0.452289,-0.579406,-0.319474,0.598045
2079713023,3,-0.452347,-0.579203,-0.319707,0.598073
2079713033,3,-0.452438,-0.579009,-0.319903,0.598087
2079713043,3,-0.452559,-0.578827,-0.320069,0.598083
2079713053,3,-0.452679,-0.578634,-0.320217,0.5981
2079713063,3,-0.452779,-0.578446,-0.320367,0.598126
2079713073,3,-0.452891,-0.57825,-0.320473,0.598175
2079713083,3,-0.452995,-0.57808,-0.320548,0.59822
2079713093,3,-0.453097,-0.577931,-0.320586,0.598266
2079713103,3,-0.453187,-0.577797,-0.320578,0.598331
2079713114,3,-0.453246,-0.577681,-0.320551,0.598413
2079713124,3,-0.453261,-0.577574,-0.320519,0.598522
2079713134,3,-0.453244,-0.5775,-0.320452,0.598643
2079713144,3,-0.453185,-0.577438,-0.320393,0.598778
2079713154,3,-0.453076,-0.577394,-0.320321,0.598942
2079713164,3,-0.452932,-0.577374,-0.320245,0.599111
2079713174,3,-0.452752,-0.577385,-0.32016,0.599281
2079713184,3,-0.452559,-0.577414,-0.320049,0.599458
2079713194,3,-0.45235,-0.577492,-0.319931,0.599604
2079713204,3,-0.452111,-0.577588,-0.319812,0.599755
2079713214,3,-0.451872,-0.577696,-0.319677,0.599904
2079713224,3,-0.451617,-0.577823,-0.319529,0.600052
2079713234,3,-0.451379,-0.577962,-0.319359,0.600188
2079713245,3,-0.451144,-0.578128,-0.319184,0.600297
2079713255,3,-0.450926,-0.578307,-0.318994,0.600389
2079713265,3,-0.45072,-0.578496,-0.318803,0.600464
2079713275,3,-0.450539,-0.578707,-0.318594,0.600508
2079713285,3,-0.450391,-0.578943,-0.318366,0.600512
2079713295,3,-0.450283,-0.579189,-0.318114,0.600489
2079713305,3,-0.450208,-0.579435,-0.317861,0.600442
2079713315,3,-0.450157,-0.579725,-0.317598,0.60034
2079713325,3,-0.450148,-0.580028,-0.317323,0.600199
2079713335,3,-0.450147,-0.580361,-0.317054,0.60002
2079713345,3,-0.450171,-0.580708,-0.31678,0.599811
2079713355,3,-0.450194,-0.581082,-0.316531,0.599563
2079713365,3,-0.450237,-0.581431,-0.316282,0.599324
2079713376,3,-0.450296,-0.581796,-0.316032,0.599057
2079713386,3,-0.450356,-0.582142,-0.315824,0.598785
2079713396,3,-0.450425,-0.582513,-0.315628,0.598475
2079713406,3,-0.450494,-0.582894,-0.315462,0.59814
2079713416,3,-0.450572,-0.583241,-0.315333,0.597812
2079713426,3,-0.450667,-0.583577,-0.315233,0.597464
2079713436,3,-0.450742,-0.583872,-0.315197,0.597138
2079713446,3,-0.450789,-0.584118,-0.315229,0.596845
2079713456,3,-0.450817,-0.584293,-0.315332,0.596599
2079713466,3,-0.450829,-0.584412,-0.315501,0.596383
2079713476,3,-0.450841,-0.584479,-0.31571,0.596198
2079713486,3,-0.450863,-0.584494,-0.315967,0.59603
2079713496,3,-0.450926,-0.58446,-0.316221,0.595881
2079713507,3,-0.451046,-0.584412,-0.316468,0.595707
2079713517,3,-0.451212,-0.584342,-0.316722,0.595514
2079713527,3,-0.45141,-0.584266,-0.316999,0.595291
2079713537,3,-0.451657,-0.584177,-0.317276,0.595043
2079713547,3,-0.451937,-0.584083,-0.317562,0.594771
2079713557,3,-0.452249,-0.583974,-0.317871,0.594476
2079713567,3,-0.452566,-0.58383,-0.318211,0.594194
2079713577,3,-0.452892,-0.583627,-0.318585,0.593945
2079713587,3,-0.453228,-0.583397,-0.318971,0.593707
2079713597,3,-0.453597,-0.583122,-0.319346,0.593493
2079713607,3,-0.453991,-0.582801,-0.319717,0.593308
2079713617,3,-0.454407,-0.58246,-0.32007,0.593134
2079713627,3,-0.454854,-0.582107,-0.32039,0.592966
2079713637,3,-0.455319,-0.581759,-0.320685,0.59279
2079713648,3,-0.455793,-0.581428,-0.320978,0.592592
2079713658,3,-0.456262,-0.581114,-0.321259,0.592387
2079713668,3,-0.456704,-0.580809,-0.321556,0.592184
2079713678,3,-0.457066,-0.580502,-0.321903,0.592018
2079713688,3,-0.45739,-0.580196,-0.322276,0.591864
2079713698,3,-0.457648,-0.579905,-0.322689,0.591725
2079713708,3,-0.457825,-0.579585,-0.323153,0.591648
2079713718,3,-0.45793,-0.579248,-0.323656,0.591622
2079713728,3,-0.457958,-0.578876,-0.324187,0.591674
2079713738,3,-0.457948,-0.578475,-0.324713,0.591785
2079713748,3,-0.457909,-0.578045,-0.325225,0.591954
2079713758,3,-0.457861,-0.577574,-0.325714,0.592183
2079713768,3,-0.457804,-0.577095,-0.32617,0.592443
2079713779,3,-0.457745,-0.57659,-0.326584,0.592751
2079713789,3,-0.457703,-0.576088,-0.326939,0.593076
2079713799,3,-0.457671,-0.575615,-0.327234,0.593398
2079713809,3,-0.45769,-0.575169,-0.327451,0.593696
2079713819,3,-0.457741,-0.57478,-0.327594,0.593954
2079713829,3,-0.457837,-0.574439,-0.327678,0.594163
2079713839,3,-0.457962,-0.574201,-0.327715,0.594277
2079713849,3,-0.458117,-0.574001,-0.327708,0.594354
2079713859,3,-0.458288,-0.573882,-0.327678,0.594354
2079713869,3,-0.458445,-0.573781,-0.32765,0.594345
2079713879,3,-0.458587,-0.573738,-0.327629,0.59429
2079713889,3,-0.458719,-0.573715,-0.327609,0.594222
2079713899,3,-0.45886,-0.573677,-0.327569,0.594171
2079713910,3,-0.458985,-0.573639,-0.327534,0.594131
2079713920,3,-0.459125,-0.573614,-0.327485,0.594073
2079713930,3,-0.459254,-0.573582,-0.327434,0.594033
2079713940,3,-0.45936,-0.573524,-0.327399,0.594026
2079713950,3,-0.459416,-0.573452,-0.327404,0.594049
2079713960,3,-0.459462,-0.573357,-0.327418,0.594097
2079713970,3,-0.459479,-0.573238,-0.327468,0.594171
2079713980,3,-0.459447,-0.573094,-0.327564,0.594283
2079713990,3,-0.459404,-0.572943,-0.327695,0.594389
2079714000,3,-0.45934,-0.572774,-0.327853,0.594514
2079714010,3,-0.459283,-0.572599,-0.328028,0.594629
2079714020,3,-0.459247,-0.572438,-0.328201,0.594717
2079714030,3,-0.459227,-0.572273,-0.328378,0.594793
2079714040,3,-0.459261,-0.572109,-0.328535,0.594839
2079714051,3,-0.459317,-0.571965,-0.328687,0.59485
2079714061,3,-0.45939,-0.5718,-0.328826,0.594875
2079714071,3,-0.45949,-0.57164,-0.328946,0.594886
2079714081,3,-0.45961,-0.571501,-0.329056,0.594866
2079714091,3,-0.459785,-0.571376,-0.329131,0.59481
2079714101,3,-0.459996,-0.571272,-0.329157,0.594732
2079714111,3,-0.460232,-0.571206,-0.329171,0.594605
2079714121,3,-0.460516,-0.571177,-0.32914,0.59443
2079714131,3,-0.460781,-0.571197,-0.329115,0.594219
2079714141,3,-0.461056,-0.571238,-0.329088,0.593981
2079714151,3,-0.461317,-0.571318,-0.329063,0.593716
2079714161,3,-0.461562,-0.571415,-0.329033,0.593448
2079714171,3,-0.46179,-0.571532,-0.329012,0.59317
2079714182,3,-0.461999,-0.571643,-0.329003,0.592906
2079714192,3,-0.462201,-0.571774,-0.328988,0.59263
2079714202,3,-0.462399,-0.5719,-0.32897,0.592363
2079714212,3,-0.462593,-0.572041,-0.328949,0.592088
2079714222,3,-0.462799,-0.572162,-0.32891,0.591832
2079714232,3,-0.463029,-0.572265,-0.328862,0.591578
2079714242,3,-0.463237,-0.572342,-0.328825,0.591362
2079714252,3,-0.463427,-0.57239,-0.328814,0.591172
2079714262,3,-0.463601,-0.572403,-0.328821,0.591019
2079714272,3,-0.463736,-0.572385,-0.328871,0.590903
2079714282,3,-0.463849,-0.572296,-0.328938,0.590863
2079714292,3,-0.463932,-0.572202,-0.329046,0.590829
2079714302,3,-0.463998,-0.57209,-0.329167,0.590819
2079714313,3,-0.464064,-0.571982,-0.329282,0.590807
2079714323,3,-0.464145,-0.571884,-0.329392,0.590777
2079714333,3,-0.464223,-0.571815,-0.329485,0.59073
2079714343,3,-0.464314,-0.571788,-0.329564,0.590641
2079714353,3,-0.464427,-0.5718,-0.329616,0.590512
2079714363,3,-0.464532,-0.571855,-0.329647,0.590358
2079714373,3,-0.464625,-0.571932,-0.329664,0.590201
2079714383,3,-0.464696,-0.572041,-0.329668,0.590038
2079714393,3,-0.464748,-0.572163,-0.329669,0.589878
2079714403,3,-0.464755,-0.572286,-0.329667,0.589754
2079714413,3,-0.46474,-0.572406,-0.329647,0.589661
2079714423,3,-0.464694,-0.572532,-0.32961,0.589594
2079714433,3,-0.464628,-0.572672,-0.329552,0.589543
2079714444,3,-0.464521,-0.572809,-0.329486,0.589531
2079714454,3,-0.464387,-0.572921,-0.329417,0.589567
2079714464,3,-0.464226,-0.573014,-0.329336,0.589648
2079714474,3,-0.464048,-0.573094,-0.329238,0.589765
2079714484,3,-0.463866,-0.573133,-0.32913,0.589931
2079714494,3,-0.463673,-0.573152,-0.329021,0.590124
2079714504,3,-0.463487,-0.573136,-0.328908,0.590349
2079714514,3,-0.463324,-0.573099,-0.328787,0.59058
2079714524,3,-0.463152,-0.573032,-0.328686,0.590837
2079714534,3,-0.462999,-0.572943,-0.32859,0.591096
2079714544,3,-0.462884,-0.572822,-0.328492,0.591358
2079714554,3,-0.462802,-0.572688,-0.328402,0.591602
2079714564,3,-0.462744,-0.572539,-0.328351,0.591819
2079714574,3,-0.462723,-0.572396,-0.328321,0.591991
2079714585,3,-0.462724,-0.572243,-0.328326,0.592136
2079714595,3,-0.462761,-0.572083,-0.328353,0.592247
2079714605,3,-0.462851,-0.571921,-0.328382,0.592317
2079714615,3,-0.462961,-0.571762,-0.328447,0.592348
2079714625,3,-0.463092,-0.571606,-0.328548,0.592341
2079714635,3,-0.463237,-0.571474,-0.328661,0.592291
2079714645,3,-0.463367,-0.571336,-0.328844,0.592222
2079714655,3,-0.463485,-0.571204,-0.329068,0.592132
2079714665,3,-0.463595,-0.57106,-0.329323,0.592043
2079714675,3,-0.463657,-0.570916,-0.329637,0.591958
2079714685,3,-0.463696,-0.57076,-0.329989,0.591882
2079714695,3,-0.463734,-0.570606,-0.330333,0.59181
2079714705,3,-0.463745,-0.570456,-0.330704,0.591738
2079714716,3,-0.463756,-0.57031,-0.331054,0.591674
2079714726,3,-0.463772,-0.570156,-0.33138,0.591628
2079714736,3,-0.463791,-0.570016,-0.33168,0.59158
2079714746,3,-0.463835,-0.569888,-0.33194,0.591522
2079714756,3,-0.463921,-0.569771,-0.332158,0.591446
2079714766,3,-0.464027,-0.569669,-0.332335,0.591361
2079714776,3,-0.464195,-0.569591,-0.332443,0.591244
2079714786,3,-0.464398,-0.569518,-0.332518,0.591112
2079714796,3,-0.464623,-0.569444,-0.332557,0.590985
2079714806,3,-0.464885,-0.569376,-0.332572,0.590836
2079714816,3,-0.465147,-0.569315,-0.332595,0.590675
2079714826,3,-0.465401,-0.569239,-0.332623,0.590533
2079714836,3,-0.465669,-0.569157,-0.332632,0.590395
2079714847,3,-0.465916,-0.569065,-0.332657,0.590275
2079714857,3,-0.466133,-0.56898,-0.332706,0.590157
2079714867,3,-0.466334,-0.568905,-0.332749,0.590047
2079714877,3,-0.466531,-0.568851,-0.332775,0.589929
2079714887,3,-0.466688,-0.568802,-0.332806,0.589835
2079714897,3,-0.466811,-0.568783,-0.332857,0.589727
2079714907,3,-0.466903,-0.568804,-0.332908,0.589605
2079714917,3,-0.466973,-0.568855,-0.332948,0.589478
2079714927,3,-0.467006,-0.568935,-0.332983,0.589354
2079714937,3,-0.467018,-0.569062,-0.332989,0.589219
2079714947,3,-0.466977,-0.569206,-0.332994,0.58911
2079714957,3,-0.466911,-0.569385,-0.33297,0.589002
2079714967,3,-0.466797,-0.569585,-0.332934,0.58892
2079714978,3,-0.46666,-0.569789,-0.332863,0.588872
2079714988,3,-0.466528,-0.569983,-0.332733,0.588862
2079714998,3,-0.466388,-0.570213,-0.332554,0.588851
2079715008,3,-0.46626,-0.570431,-0.332318,0.588875
2079715018,3,-0.466119,-0.570659,-0.332045,0.588919
2079715028,3,-0.465998,-0.570874,-0.331717,0.588991
2079715038,3,-0.465895,-0.571075,-0.331345,0.589087
2079715048,3,-0.46579,-0.571261,-0.330951,0.589212
2079715058,3,-0.465696,-0.571414,-0.330538,0.589368
2079715068,3,-0.465614,-0.571549,-0.330114,0.589541
2079715078,3,-0.46554,-0.571677,-0.329683,0.589717
2079715088,3,-0.465506,-0.571786,-0.329238,0.589887
2079715098,3,-0.465502,-0.571896,-0.328788,0.590033
2079715108,3,-0.465504,-0.571969,-0.328357,0.590201
2079715119,3,-0.465515,-0.572021,-0.327957,0.590364
2079715129,3,-0.465532,-0.572043,-0.327595,0.59053
2079715139,3,-0.465552,-0.572038,-0.32726,0.590706
2079715149,3,-0.465593,-0.572024,-0.326956,0.590856
2079715159,3,-0.465621,-0.571971,-0.3267,0.591025
2079715169,3,-0.465624,-0.571894,-0.326514,0.591201
2079715179,3,-0.465596,-0.571801,-0.326395,0.591378
2079715189,3,-0.465558,-0.571688,-0.326324,0.591557
2079715199,3,-0.465488,-0.57158,-0.326306,0.591726
2079715209,3,-0.465417,-0.571481,-0.32631,0.591875
2079715219,3,-0.465339,-0.571407,-0.326348,0.591987
2079715229,3,-0.465261,-0.571346,-0.326393,0.592082
2079715239,3,-0.465191,-0.571291,-0.326437,0.592166
2079715250,3,-0.465101,-0.571242,-0.326512,0.592243
2079715260,3,-0.46501,-0.571178,-0.326576,0.59234
2079715270,3,-0.464915,-0.571113,-0.326641,0.592442
2079715280,3,-0.46482,-0.571072,-0.326693,0.592528
2079715290,3,-0.464722,-0.571009,-0.326742,0.592638
2079715300,3,-0.464653,-0.570957,-0.326749,0.592738
2079715310,3,-0.464605,-0.570898,-0.326735,0.592841
2079715320,3,-0.464566,-0.570811,-0.326695,0.592977
2079715330,3,-0.464562,-0.570716,-0.326634,0.593105
2079715340,3,-0.464567,-0.570618,-0.326573,0.59323
2079715350,3,-0.464569,-0.570514,-0.326532,0.59335
2079715360,3,-0.464545,-0.570409,-0.326536,0.593468
2079715370,3,-0.464511,-0.570275,-0.326584,0.593596
2079715381,3,-0.464469,-0.570138,-0.326671,0.593713
2079715391,3,-0.464423,-0.569998,-0.326782,0.593822
2079715401,3,-0.464373,-0.56985,-0.32694,0.593917
2079715411,3,-0.464336,-0.569702,-0.327112,0.593992
2079715421,3,-0.464295,-0.569542,-0.327319,0.594065
2079715431,3,-0.464248,-0.569357,-0.327561,0.594145
2079715441,3,-0.464214,-0.569153,-0.327815,0.594227
2079715451,3,-0.464205,-0.568945,-0.328063,0.594296
2079715461,3,-0.464203,-0.568763,-0.328309,0.594336
2079715471,3,-0.464239,-0.568614,-0.328529,0.594329
2079715481,3,-0.464295,-0.568489,-0.32874,0.594289
2079715491,3,-0.464379,-0.568386,-0.328939,0.59421
2079715501,3,-0.464456,-0.568337,-0.329142,0.594085
2079715512,3,-0.464542,-0.568319,-0.32933,0.59393
2079715522,3,-0.464632,-0.568326,-0.329498,0.59376
2079715532,3,-0.464714,-0.568353,-0.329656,0.593583
2079715542,3,-0.464766,-0.568433,-0.329827,0.593371
2079715552,3,-0.464814,-0.568543,-0.329984,0.59314
2079715562,3,-0.464842,-0.568663,-0.330125,0.592924
2079715572,3,-0.464823,-0.568786,-0.33029,0.59273
2079715582,3,-0.464774,-0.568954,-0.33046,0.592512
2079715592,3,-0.464698,-0.569127,-0.330614,0.59232
2079715602,3,-0.464604,-0.569313,-0.33076,0.592133
2079715612,3,-0.464488,-0.5695,-0.330904,0.591964
2079715622,3,-0.464345,-0.569702,-0.331047,0.591802
2079715632,3,-0.464186,-0.56991,-0.331173,0.591657
2079715642,3,-0.464006,-0.570102,-0.3313,0.591541
2079715653,3,-0.463811,-0.570275,-0.331436,0.591451
2079715663,3,-0.463618,-0.570445,-0.331549,0.591375
2079715673,3,-0.463437,-0.570616,-0.331636,0.591303
2079715683,3,-0.463262,-0.570785,-0.331713,0.591234
2079715693,3,-0.463104,-0.570942,-0.33178,0.591168
2079715703,3,-0.462979,-0.571094,-0.331812,0.591102
2079715713,3,-0.462882,-0.571247,-0.331822,0.591023
2079715723,3,-0.462805,-0.571407,-0.331811,0.590935
2079715733,3,-0.462737,-0.571575,-0.331786,0.590841
2079715743,3,-0.462707,-0.571759,-0.331729,0.590718
2079715753,3,-0.462735,-0.571971,-0.331615,0.590555
2079715763,3,-0.462781,-0.572209,-0.331485,0.590361
2079715773,3,-0.462843,-0.572432,-0.331342,0.590177
2079715784,3,-0.4629,-0.572651,-0.331194,0.590002
2079715794,3,-0.462939,-0.57286,-0.331059,0.589844
2079715804,3,-0.462984,-0.573046,-0.330909,0.589713
2079715814,3,-0.463033,-0.573225,-0.330742,0.589594
2079715824,3,-0.463081,-0.573393,-0.330564,0.589493
2079715834,3,-0.46313,-0.573554,-0.330365,0.58941
2079715844,3,-0.463171,-0.573697,-0.330164,0.589351
2079715854,3,-0.463228,-0.573861,-0.329948,0.589267
2079715864,3,-0.463285,-0.57403,-0.329707,0.589193
2079715874,3,-0.463363,-0.574193,-0.329429,0.589129
2079715884,3,-0.463439,-0.574354,-0.329135,0.589075
2079715894,3,-0.463493,-0.574504,-0.328847,0.589048
2079715904,3,-0.463537,-0.574658,-0.328564,0.589021
2079715915,3,-0.463558,-0.574797,-0.328301,0.589016
2079715925,3,-0.46355,-0.574934,-0.328062,0.58902
2079715935,3,-0.463513,-0.575065,-0.327859,0.589035
2079715945,3,-0.463432,-0.57518,-0.327701,0.589074
2079715955,3,-0.463305,-0.575257,-0.327605,0.589153
2079715965,3,-0.463161,-0.575328,-0.327542,0.589232
2079715975,3,-0.463009,-0.575369,-0.327508,0.58933
2079715985,3,-0.462873,-0.575396,-0.327467,0.589434
2079715995,3,-0.462777,-0.575407,-0.327406,0.589532
2079716005,3,-0.462695,-0.575412,-0.327356,0.589619
2079716015,3,-0.462642,-0.575384,-0.327299,0.58972
2079716025,3,-0.462562,-0.575339,-0.327294,0.589829
2079716035,3,-0.462488,-0.575263,-0.327296,0.58996
2079716046,3,-0.462427,-0.575171,-0.327311,0.590089
2079716056,3,-0.462365,-0.575068,-0.327344,0.59022
2079716066,3,-0.462326,-0.574956,-0.327383,0.590338
2079716076,3,-0.462311,-0.574846,-0.327418,0.590437
2079716086,3,-0.4623,-0.574744,-0.327472,0.590516
2079716096,3,-0.462313,-0.574645,-0.327525,0.590572
2079716106,3,-0.462325,-0.574553,-0.327599,0.590611
2079716116,3,-0.462377,-0.574474,-0.327648,0.59062
2079716126,3,-0.462455,-0.574421,-0.32769,0.590587
2079716136,3,-0.462557,-0.574403,-0.327716,0.59051
2079716146,3,-0.46268,-0.574386,-0.327738,0.590418
2079716156,3,-0.462805,-0.574363,-0.327778,0.59032
2079716166,3,-0.462902,-0.574318,-0.32785,0.590248
2079716176,3,-0.463,-0.574233,-0.327943,0.590202
2079716187,3,-0.463092,-0.574096,-0.328061,0.590198
2079716197,3,-0.463182,-0.573914,-0.328207,0.590223
2079716207,3,-0.463241,-0.573688,-0.32841,0.590284
2079716217,3,-0.463307,-0.573424,-0.328638,0.590362
2079716227,3,-0.463391,-0.573132,-0.328883,0.590443
2079716237,3,-0.463472,-0.572819,-0.32918,0.590517
2079716247,3,-0.463547,-0.572481,-0.32951,0.590603
2079716257,3,-0.463616,-0.572146,-0.329867,0.590674
2079716267,3,-0.463706,-0.571791,-0.330231,0.590744
2079716277,3,-0.463803,-0.571428,-0.330606,0.590808
2079716287,3,-0.463929,-0.57108,-0.330961,0.590848
2079716297,3,-0.464076,-0.570743,-0.331304,0.590866
2079716307,3,-0.464248,-0.570438,-0.33163,0.590841
2079716318,3,-0.464426,-0.570169,-0.33194,0.590787
2079716328,3,-0.464602,-0.569919,-0.332258,0.590712
2079716338,3,-0.464757,-0.569705,-0.332576,0.590616
2079716348,3,-0.464906,-0.569494,-0.332869,0.590538
2079716358,3,-0.465037,-0.569318,-0.333141,0.590451
2079716368,3,-0.465142,-0.569177,-0.333403,0.590356
2079716378,3,-0.465223,-0.569073,-0.33365,0.590254
2079716388,3,-0.465283,-0.569007,-0.333876,0.590142
2079716398,3,-0.46534,-0.568981,-0.334056,0.590021
2079716408,3,-0.465402,-0.568988,-0.334187,0.589891
2079716418,3,-0.465435,-0.569029,-0.334309,0.589756
2079716428,3,-0.465467,-0.569095,-0.334406,0.589612
2079716438,3,-0.46547,-0.569196,-0.334512,0.589453
2079716449,3,-0.465467,-0.569264,-0.334615,0.58933
2079716459,3,-0.465421,-0.569297,-0.334736,0.589265
2079716469,3,-0.465343,-0.569263,-0.334894,0.589271
2079716479,3,-0.465249,-0.56918,-0.335064,0.589328
2079716489,3,-0.465174,-0.569074,-0.335227,0.589398
2079716499,3,-0.46514,-0.568959,-0.335369,0.589453
2079716509,3,-0.465175,-0.568858,-0.335466,0.589468
2079716519,3,-0.465273,-0.568776,-0.335531,0.589434
2079716529,3,-0.465434,-0.568734,-0.335553,0.589335
2079716539,3,-0.465675,-0.568731,-0.335543,0.589152
2079716549,3,-0.465947,-0.568743,-0.335544,0.588925
2079716559,3,-0.466244,-0.568778,-0.335557,0.588649
2079716569,3,-0.466553,-0.568793,-0.335592,0.588369
2079716579,3,-0.466872,-0.5688,-0.335647,0.588078
2079716590,3,-0.4672,-0.568811,-0.335727,0.587761
2079716600,3,-0.467541,-0.568831,-0.335824,0.587415
2079716610,3,-0.467888,-0.568842,-0.335952,0.587055
2079716620,3,-0.468227,-0.56884,-0.336108,0.586697
2079716630,3,-0.468552,-0.568853,-0.336287,0.586323
2079716640,3,-0.468886,-0.568856,-0.336475,0.585945
2079716650,3,-0.469192,-0.568845,-0.336693,0.585586
2079716660,3,-0.469487,-0.568827,-0.336914,0.58524
2079716670,3,-0.469775,-0.568794,-0.337139,0.584911
2079716680,3,-0.470049,-0.568775,-0.337363,0.584579
2079716690,3,-0.470303,-0.568769,-0.337607,0.58424
2079716700,3,-0.470545,-0.568769,-0.337831,0.583917
2079716710,3,-0.470758,-0.568785,-0.338075,0.583588
2079716721,3,-0.470936,-0.568771,-0.338335,0.583306
2079716731,3,-0.471047,-0.568737,-0.338633,0.583077
2079716741,3,-0.471103,-0.56868,-0.338948,0.582905
2079716751,3,-0.471128,-0.568574,-0.339268,0.582801
2079716761,3,-0.471124,-0.568449,-0.339568,0.582752
2079716771,3,-0.471098,-0.56831,-0.339845,0.582747
2079716781,3,-0.471059,-0.568159,-0.340085,0.582785
2079716791,3,-0.471039,-0.568016,-0.34026,0.582839
2079716801,3,-0.47103,-0.567869,-0.340375,0.582922
2079716811,3,-0.471026,-0.567749,-0.340428,0.583011
2079716821,3,-0.470998,-0.567625,-0.340455,0.583139
2079716831,3,-0.470953,-0.567517,-0.340444,0.583287
2079716841,3,-0.470887,-0.567414,-0.340409,0.583461
2079716852,3,-0.470801,-0.567327,-0.340349,0.58365
2079716862,3,-0.47067,-0.567246,-0.340294,0.583866
2079716872,3,-0.470532,-0.56721,-0.340216,0.584058
2079716882,3,-0.470389,-0.567193,-0.340112,0.58425
2079716892,3,-0.470256,-0.567221,-0.339972,0.584411
2079716902,3,-0.470123,-0.567258,-0.33981,0.584576
2079716912,3,-0.47,-0.567301,-0.33961,0.58475
2079716922,3,-0.469882,-0.567338,-0.339394,0.584935
2079716932,3,-0.469775,-0.567345,-0.339155,0.585152
2079716942,3,-0.469672,-0.567327,-0.338888,0.585407
2079716952,3,-0.469563,-0.567297,-0.338614,0.585682
2079716962,3,-0.469467,-0.567238,-0.338334,0.585979
2079716972,3,-0.469381,-0.567168,-0.338038,0.586286
2079716983,3,-0.469304,-0.567099,-0.337735,0.586589
2079716993,3,-0.469225,-0.567022,-0.337444,0.586892
2079717003,3,-0.469141,-0.566947,-0.337159,0.587197
2079717013,3,-0.46906,-0.566863,-0.336868,0.587509
2079717023,3,-0.468977,-0.566768,-0.33658,0.587832
2079717033,3,-0.468868,-0.566644,-0.336333,0.588181
2079717043,3,-0.46874,-0.566501,-0.336094,0.588557
2079717053,3,-0.468598,-0.566333,-0.335872,0.588958
2079717063,3,-0.468466,-0.566182,-0.335639,0.589341
2079717073,3,-0.468358,-0.566033,-0.335388,0.589713
2079717083,3,-0.468254,-0.565905,-0.335138,0.59006
2079717093,3,-0.468158,-0.565798,-0.334874,0.590388
2079717103,3,-0.468071,-0.565719,-0.334608,0.590684
2079717113,3,-0.46799,-0.565671,-0.334325,0.590954
2079717124,3,-0.467937,-0.565644,-0.334035,0.591186
2079717134,3,-0.467874,-0.565662,-0.333756,0.591376
2079717144,3,-0.467836,-0.5657,-0.333454,0.591541
2079717154,3,-0.467804,-0.565757,-0.333161,0.591675
2079717164,3,-0.467783,-0.565832,-0.332866,0.591787
2079717174,3,-0.467771,-0.565912,-0.332556,0.591894
2079717184,3,-0.467765,-0.565999,-0.332238,0.591994
2079717194,3,-0.467799,-0.566089,-0.331904,0.592068
2079717204,3,-0.467887,-0.566171,-0.331517,0.592137
2079717214,3,-0.46799,-0.566254,-0.331124,0.592197
2079717224,3,-0.468114,-0.566345,-0.330725,0.592235
2079717234,3,-0.46824,-0.566431,-0.330334,0.592271
2079717244,3,-0.468387,-0.566549,-0.329941,0.592261
2079717255,3,-0.468522,-0.566665,-0.32959,0.592238
2079717265,3,-0.46865,-0.566792,-0.32928,0.592188
2079717275,3,-0.468775,-0.566922,-0.328992,0.592125
2079717285,3,-0.468897,-0.567053,-0.328741,0.592043
2079717295,3,-0.469001,-0.567187,-0.328543,0.591941
2079717305,3,-0.469103,-0.56733,-0.328376,0.591816
2079717315,3,-0.4692,-0.56747,-0.328244,0.591678
2079717325,3,-0.469266,-0.567595,-0.328161,0.591551
2079717335,3,-0.469325,-0.567702,-0.328118,0.591426
2079717345,3,-0.469379,-0.567791,-0.328106,0.591305
2079717355,3,-0.469444,-0.567855,-0.328093,0.591199
2079717365,3,-0.469474,-0.567931,-0.328136,0.591079
2079717375,3,-0.469495,-0.568002,-0.328193,0.590961
2079717386,3,-0.469493,-0.568084,-0.328275,0.590839
2079717396,3,-0.469479,-0.568203,-0.328385,0.590674
2079717406,3,-0.469422,-0.56835,-0.328549,0.590487
2079717416,3,-0.469344,-0.56853,-0.328742,0.590269
2079717426,3,-0.469214,-0.568766,-0.328984,0.59001
2079717436,3,-0.469078,-0.569042,-0.329251,0.589702
2079717446,3,-0.468912,-0.569336,-0.329549,0.589384
2079717456,3,-0.46875,-0.569641,-0.329858,0.589046
2079717466,3,-0.468563,-0.569956,-0.330185,0.588707
2079717476,3,-0.468325,-0.570271,-0.33055,0.588386
2079717486,3,-0.468094,-0.570557,-0.330898,0.588096
2079717496,3,-0.467864,-0.570829,-0.331235,0.587826
2079717506,3,-0.467624,-0.571076,-0.331585,0.587579
2079717517,3,-0.467387,-0.5713,-0.331932,0.587354
2079717527,3,-0.467172,-0.57152,-0.332247,0.587133
2079717537,3,-0.466977,-0.571731,-0.332549,0.586912
2079717547,3,-0.466758,-0.571908,-0.332878,0.586727
2079717557,3,-0.466521,-0.572067,-0.333226,0.586563
2079717567,3,-0.466272,-0.572185,-0.333596,0.586436
2079717577,3,-0.466031,-0.572279,-0.333969,0.586323
2079717587,3,-0.465771,-0.572334,-0.334366,0.58625
2079717597,3,-0.465495,-0.572346,-0.334773,0.586225
2079717607,3,-0.465219,-0.572324,-0.335179,0.586233
2079717617,3,-0.464957,-0.572281,-0.335555,0.586268
2079717627,3,-0.464733,-0.572228,-0.335892,0.586305
2079717637,3,-0.464525,-0.57218,-0.336208,0.586336
2079717647,3,-0.464358,-0.572118,-0.336491,0.586366
2079717658,3,-0.464212,-0.572084,-0.33675,0.586366
2079717668,3,-0.464096,-0.572077,-0.336967,0.586339
2079717678,3,-0.463996,-0.572091,-0.337165,0.586291
2079717688,3,-0.463922,-0.5721,-0.337328,0.586247
2079717698,3,-0.463852,-0.572109,-0.337458,0.58622
2079717708,3,-0.463794,-0.572105,-0.337558,0.586211
2079717718,3,-0.463708,-0.5721,-0.337665,0.586223
2079717728,3,-0.46362,-0.572073,-0.337742,0.586274
2079717738,3,-0.463543,-0.572025,-0.33779,0.586354
2079717748,3,-0.46347,-0.571907,-0.337789,0.586527
2079717758,3,-0.463394,-0.571764,-0.337759,0.586745
2079717768,3,-0.463334,-0.571588,-0.337679,0.58701
2079717778,3,-0.4633,-0.571384,-0.337551,0.587308
2079717789,3,-0.463306,-0.571175,-0.337361,0.587616
2079717799,3,-0.463342,-0.570962,-0.337121,0.587933
2079717809,3,-0.463413,-0.570748,-0.336849,0.58824
2079717819,3,-0.463472,-0.570531,-0.336595,0.588549
2079717829,3,-0.463535,-0.570301,-0.336346,0.588865
2079717839,3,-0.463588,-0.570059,-0.33613,0.589181
2079717849,3,-0.463636,-0.569779,-0.335943,0.58952
2079717859,3,-0.463665,-0.569478,-0.335786,0.589877
2079717869,3,-0.463727,-0.569144,-0.335619,0.590246
2079717879,3,-0.463789,-0.568798,-0.33547,0.590616
2079717889,3,-0.463879,-0.568425,-0.3353,0.591
2079717899,3,-0.464011,-0.56806,-0.335096,0.591364
2079717909,3,-0.464203,-0.567744,-0.334845,0.591657
2079717920,3,-0.464437,-0.56746,-0.334561,0.591908
2079717930,3,-0.46469,-0.567226,-0.334261,0.592102
2079717940,3,-0.464967,-0.567052,-0.333944,0.592231
2079717950,3,-0.465249,-0.566941,-0.333629,0.592293
2079717960,3,-0.465564,-0.566874,-0.333287,0.592302
2079717970,3,-0.465855,-0.566855,-0.332963,0.592274
2079717980,3,-0.466098,-0.566856,-0.332697,0.592231
2079717990,3,-0.466315,-0.566882,-0.332453,0.592172
2079718000,3,-0.466516,-0.566936,-0.332237,0.592083
2079718010,3,-0.466685,-0.567002,-0.332039,0.591999
2079718020,3,-0.466839,-0.567073,-0.331857,0.591911
2079718030,3,-0.466985,-0.567148,-0.331686,0.59182
2079718040,3,-0.467133,-0.56725,-0.331499,0.59171
2079718051,3,-0.46726,-0.567356,-0.331326,0.591606
2079718061,3,-0.467384,-0.567477,-0.331148,0.59149
2079718071,3,-0.467496,-0.567606,-0.330974,0.591376
2079718081,3,-0.467593,-0.567733,-0.330814,0.591266
2079718091,3,-0.467669,-0.567892,-0.330672,0.591132
2079718101,3,-0.46774,-0.568067,-0.330532,0.590988
2079718111,3,-0.467815,-0.568293,-0.330403,0.590782
2079718121,3,-0.467887,-0.568535,-0.330295,0.590552
2079718131,3,-0.467947,-0.568792,-0.330198,0.590312
2079718141,3,-0.468019,-0.569058,-0.3301,0.590054
2079718151,3,-0.468102,-0.56933,-0.330005,0.589779
2079718161,3,-0.46818,-0.569597,-0.329921,0.589505
2079718171,3,-0.468241,-0.569849,-0.329868,0.589243
2079718181,3,-0.468308,-0.570074,-0.329816,0.589001
2079718192,3,-0.468365,-0.570295,-0.329786,0.588759
2079718202,3,-0.468426,-0.570509,-0.329762,0.588517
2079718212,3,-0.468516,-0.570744,-0.329722,0.58824
2079718222,3,-0.468627,-0.570974,-0.329677,0.587953
2079718232,3,-0.468747,-0.571249,-0.329646,0.587607
2079718242,3,-0.468878,-0.571534,-0.32961,0.587246
2079718252,3,-0.46898,-0.571796,-0.329621,0.586903
2079718262,3,-0.469057,-0.572029,-0.329666,0.586588
2079718272,3,-0.469117,-0.572258,-0.329755,0.586268
2079718282,3,-0.469125,-0.572445,-0.329893,0.586001
2079718292,3,-0.469114,-0.572609,-0.330043,0.585765
2079718302,3,-0.469071,-0.572758,-0.330224,0.585551
2079718312,3,-0.469022,-0.572893,-0.330418,0.585349
2079718323,3,-0.468961,-0.573028,-0.330608,0.585159
2079718333,3,-0.4689,-0.573148,-0.330788,0.584989
2079718343,3,-0.468831,-0.573248,-0.330956,0.584851
2079718353,3,-0.46876,-0.573316,-0.331116,0.584751
2079718363,3,-0.468685,-0.573382,-0.331261,0.584663
2079718373,3,-0.468624,-0.573402,-0.331384,0.584624
2079718383,3,-0.46856,-0.573399,-0.331503,0.584611
2079718393,3,-0.468509,-0.573348,-0.331591,0.584651
2079718403,3,-0.468461,-0.573244,-0.331667,0.584749
2079718413,3,-0.468408,-0.573086,-0.331738,0.584905
2079718423,3,-0.468356,-0.572859,-0.331794,0.585137
2079718433,3,-0.468322,-0.572575,-0.331839,0.585417
2079718443,3,-0.46829,-0.572256,-0.331873,0.585735
2079718454,3,-0.468282,-0.571918,-0.331893,0.58606
2079718464,3,-0.46828,-0.571576,-0.3319,0.586392
2079718474,3,-0.468281,-0.571249,-0.331906,0.586707
2079718484,3,-0.468276,-0.570937,-0.331927,0.587001
2079718494,3,-0.468251,-0.57063,-0.331975,0.587292
2079718504,3,-0.468223,-0.570319,-0.332041,0.587579
2079718514,3,-0.468172,-0.570016,-0.332129,0.587864
2079718524,3,-0.468097,-0.569732,-0.332235,0.58814
2079718534,3,-0.468024,-0.569456,-0.332335,0.588409
2079718544,3,-0.467943,-0.569179,-0.332441,0.588682
2079718554,3,-0.467858,-0.568906,-0.332542,0.588955
2079718564,3,-0.467742,-0.568631,-0.332666,0.589244
2079718574,3,-0.4676,-0.568353,-0.332803,0.589547
2079718585,3,-0.467436,-0.568059,-0.33294,0.589883
2079718595,3,-0.467266,-0.567764,-0.333066,0.590229
2079718605,3,-0.467078,-0.567453,-0.333188,0.590609
2079718615,3,-0.466893,-0.567168,-0.333279,0.590978
2079718625,3,-0.466718,-0.566885,-0.333337,0.591354
2079718635,3,-0.466556,-0.566637,-0.333361,0.591706
2079718645,3,-0.46639,-0.566432,-0.333385,0.59202
2079718655,3,-0.466205,-0.566263,-0.333408,0.592314
2079718665,3,-0.466024,-0.56612,-0.333425,0.592584
2079718675,3,-0.465836,-0.566012,-0.333441,0.592826
2079718685,3,-0.465654,-0.56592,-0.333463,0.593045
2079718695,3,-0.465465,-0.565827,-0.33348,0.593272
2079718705,3,-0.465302,-0.565739,-0.333471,0.593488
2079718715,3,-0.465152,-0.565661,-0.333465,0.593684
2079718726,3,-0.465022,-0.5656,-0.333437,0.593859
2079718736,3,-0.464934,-0.565534,-0.333378,0.594024
2079718746,3,-0.464882,-0.565512,-0.333302,0.594129
2079718756,3,-0.464853,-0.56552,-0.333195,0.594204
2079718766,3,-0.464864,-0.565567,-0.333073,0.594219
2079718776,3,-0.464868,-0.565662,-0.332966,0.594186
2079718786,3,-0.464874,-0.565809,-0.332854,0.594103
2079718796,3,-0.46489,-0.566003,-0.332748,0.593966
2079718806,3,-0.464889,-0.566233,-0.332664,0.593794
2079718816,3,-0.464866,-0.566529,-0.332609,0.593561
2079718826,3,-0.464831,-0.566857,-0.332562,0.593301
2079718836,3,-0.46477,-0.567208,-0.332529,0.593032
2079718846,3,-0.464699,-0.567593,-0.332495,0.592739
2079718857,3,-0.464644,-0.568005,-0.33243,0.592423
2079718867,3,-0.464585,-0.568425,-0.332364,0.592103
2079718877,3,-0.464529,-0.568886,-0.332287,0.591747
2079718887,3,-0.464483,-0.569356,-0.33219,0.591386
2079718897,3,-0.464449,-0.569823,-0.332072,0.591029
2079718907,3,-0.464426,-0.570287,-0.331941,0.590673
2079718917,3,-0.464413,-0.570741,-0.331813,0.590317
2079718927,3,-0.464413,-0.571191,-0.331688,0.589952
2079718937,3,-0.464424,-0.571594,-0.331572,0.589618
2079718947,3,-0.464447,-0.57198,-0.331473,0.589281
2079718957,3,-0.464495,-0.57229,-0.331383,0.588992
2079718967,3,-0.464556,-0.572552,-0.331318,0.588727
2079718977,3,-0.464663,-0.572764,-0.331243,0.588477
2079718988,3,-0.464822,-0.572916,-0.331165,0.588247
2079718998,3,-0.46503,-0.573025,-0.331078,0.588027
2079719008,3,-0.465289,-0.573094,-0.330996,0.587801
2079719018,3,-0.465595,-0.573122,-0.33092,0.587573
2079719028,3,-0.465943,-0.573131,-0.330861,0.587321
2079719038,3,-0.466337,-0.573144,-0.330824,0.587017
2079719048,3,-0.466747,-0.573144,-0.330813,0.586698
2079719058,3,-0.467145,-0.573149,-0.330855,0.586353
2079719068,3,-0.467544,-0.573116,-0.330948,0.586015
2079719078,3,-0.467917,-0.573046,-0.331099,0.585699
2079719088,3,-0.468238,-0.572964,-0.331305,0.585406
2079719098,3,-0.468534,-0.57286,-0.331553,0.585132
2079719108,3,-0.468805,-0.572721,-0.331823,0.584897
2079719119,3,-0.469064,-0.572552,-0.332094,0.584701
2079719129,3,-0.469305,-0.572358,-0.332344,0.584555
2079719139,3,-0.469536,-0.572141,-0.332573,0.584452
2079719149,3,-0.46976,-0.571908,-0.332754,0.584397
2079719159,3,-0.469987,-0.571669,-0.332875,0.58438
2079719169,3,-0.470233,-0.571431,-0.332919,0.584389
2079719179,3,-0.470471,-0.571229,-0.332917,0.584396
2079719189,3,-0.470689,-0.571057,-0.332872,0.584415
2079719199,3,-0.470905,-0.570893,-0.332782,0.584452
2079719209,3,-0.47108,-0.570731,-0.332676,0.584529
2079719219,3,-0.471244,-0.57058,-0.332545,0.584619
2079719229,3,-0.471401,-0.570428,-0.332398,0.584725
2079719239,3,-0.47155,-0.570251,-0.332234,0.58487
2079719249,3,-0.471704,-0.570069,-0.332045,0.585031
2079719260,3,-0.471861,-0.569812,-0.331838,0.585272
2079719270,3,-0.472025,-0.569525,-0.331624,0.58554
2079719280,3,-0.472186,-0.569189,-0.331405,0.585861
2079719290,3,-0.472357,-0.568826,-0.331194,0.586195
2079719300,3,-0.472537,-0.568459,-0.330972,0.58653
2079719310,3,-0.472721,-0.568094,-0.330747,0.586863
2079719320,3,-0.472917,-0.567743,-0.330542,0.58716
2079719330,3,-0.473088,-0.567428,-0.330373,0.587422
2079719340,3,-0.473235,-0.567163,-0.330246,0.587631
2079719350,3,-0.473365,-0.56691,-0.330164,0.587816
2079719360,3,-0.473464,-0.566681,-0.330128,0.587978
2079719370,3,-0.473512,-0.566474,-0.330159,0.588121
2079719380,3,-0.473511,-0.566254,-0.330227,0.588296
2079719391,3,-0.473456,-0.566037,-0.330348,0.588481
2079719401,3,-0.473368,-0.565813,-0.330461,0.588704
2079719411,3,-0.473219,-0.565607,-0.330596,0.588946
2079719421,3,-0.472971,-0.565415,-0.330767,0.589233
2079719431,3,-0.472691,-0.565255,-0.330898,0.589538
2079719441,3,-0.472374,-0.565139,-0.330988,0.589852
2079719451,3,-0.472006,-0.565077,-0.331053,0.59017
2079719461,3,-0.471605,-0.565072,-0.331065,0.590488
2079719471,3,-0.471186,-0.565115,-0.33101,0.590813
2079719481,3,-0.470719,-0.565216,-0.33092,0.591138
2079719491,3,-0.470221,-0.56537,-0.330785,0.591463
2079719501,3,-0.469693,-0.56556,-0.33061,0.591799
2079719511,3,-0.469144,-0.565782,-0.330384,0.592148
2079719522,3,-0.468594,-0.566017,-0.330097,0.592518
2079719532,3,-0.468035,-0.566293,-0.329751,0.59289
2079719542,3,-0.46747,-0.566588,-0.329338,0.593282
2079719552,3,-0.466899,-0.566903,-0.328852,0.593701
2079719562,3,-0.466355,-0.567218,-0.328269,0.59415
2079719572,3,-0.465814,-0.567539,-0.327611,0.594631
2079719582,3,-0.465282,-0.567858,-0.326874,0.595148
2079719592,3,-0.464756,-0.568214,-0.326065,0.595663
2079719602,3,-0.464264,-0.568596,-0.325158,0.596177
2079719612,3,-0.463799,-0.569057,-0.324166,0.59664
2079719622,3,-0.463362,-0.569583,-0.323076,0.597068
2079719632,3,-0.462923,-0.570185,-0.321926,0.597456
2079719642,3,-0.462469,-0.570861,-0.320712,0.597814
2079719652,3,-0.462001,-0.571612,-0.319424,0.598149
2079719663,3,-0.46149,-0.572433,-0.318115,0.598455
2079719673,3,-0.460893,-0.573313,-0.31679,0.598775
2079719683,3,-0.460245,-0.574236,-0.315437,0.599103
2079719693,3,-0.459512,-0.575198,-0.314072,0.59946
2079719703,3,-0.458713,-0.576191,-0.312687,0.599843
2079719713,3,-0.457883,-0.577205,-0.311254,0.600248
2079719723,3,-0.457045,-0.578265,-0.309742,0.600647
2079719733,3,-0.456245,-0.579304,-0.308135,0.601081
2079719743,3,-0.455423,-0.580343,-0.306494,0.601541
2079719753,3,-0.454504,-0.581444,-0.304894,0.601986
2079719763,3,-0.453544,-0.582575,-0.303293,0.602425
2079719773,3,-0.452534,-0.58373,-0.301687,0.602872
2079719783,3,-0.451465,-0.584871,-0.300088,0.603366
2079719794,3,-0.450345,-0.58595,-0.298452,0.603967
2079719804,3,-0.449131,-0.586998,-0.296776,0.60468
2079719814,3,-0.447746,-0.588144,-0.295111,0.605408
2079719824,3,-0.446208,-0.589374,-0.293396,0.60618
2079719834,3,-0.444554,-0.590917,-0.291674,0.606723
2079719844,3,-0.442787,-0.592704,-0.289963,0.607093
2079719854,3,-0.440873,-0.594594,-0.288288,0.607435
2079719864,3,-0.438827,-0.596483,-0.286602,0.607862
2079719874,3,-0.436656,-0.598384,-0.284875,0.608369
2079719884,3,-0.43431,-0.600267,-0.283145,0.609
2079719894,3,-0.431752,-0.602134,-0.281435,0.609768
2079719904,3,-0.428944,-0.60399,-0.279787,0.610672
2079719914,3,-0.425922,-0.605814,-0.278162,0.611722
2079719925,3,-0.422736,-0.607609,-0.276498,0.612905
2079719935,3,-0.419419,-0.60932,-0.274759,0.614266
2079719945,3,-0.416008,-0.611003,-0.27293,0.615728
2079719955,3,-0.412592,-0.61265,-0.270912,0.617278
2079719965,3,-0.409214,-0.614281,-0.268699,0.618872
2079719975,3,-0.405875,-0.615887,-0.266303,0.620507
2079719985,3,-0.40259,-0.617476,-0.263759,0.622153
2079719995,3,-0.399352,-0.619042,-0.26109,0.623807
2079720005,3,-0.396153,-0.620572,-0.258352,0.625464
2079720015,3,-0.393013,-0.622049,-0.255579,0.627116
2079720025,3,-0.389928,-0.623437,-0.252791,0.62879
2079720035,3,-0.38689,-0.624756,-0.250027,0.630461
2079720045,3,-0.383905,-0.625984,-0.247331,0.632128
2079720056,3,-0.38099,-0.627178,-0.244734,0.633718
2079720066,3,-0.378163,-0.628338,-0.242228,0.635222
2079720076,3,-0.375482,-0.629513,-0.239798,0.63657
2079720086,3,-0.372962,-0.630725,-0.237466,0.637725
2079720096,3,-0.370577,-0.632016,-0.235252,0.638657
2079720106,3,-0.368325,-0.633418,-0.233185,0.639328
2079720116,3,-0.366228,-0.634937,-0.231275,0.639721
2079720126,3,-0.364263,-0.636531,-0.229535,0.639886
2079720136,3,-0.362449,-0.638172,-0.227967,0.639841
2079720146,3,-0.360769,-0.639836,-0.226588,0.639619
2079720156,3,-0.359224,-0.641499,-0.225411,0.639238
2079720166,3,-0.357823,-0.643151,-0.224418,0.638713
2079720176,3,-0.356562,-0.644794,-0.223614,0.638044
2079720186,3,-0.35545,-0.646389,-0.223001,0.637264
2079720197,3,-0.354464,-0.647928,-0.222554,0.636407
2079720207,3,-0.353577,-0.649229,-0.222303,0.635661
2079720217,3,-0.352847,-0.650385,-0.222194,0.634923
2079720227,3,-0.35228,-0.651394,-0.222197,0.634201
2079720237,3,-0.351898,-0.652265,-0.222282,0.633488
2079720247,3,-0.351685,-0.653009,-0.222437,0.632785
2079720257,3,-0.351631,-0.653632,-0.222644,0.632099
2079720267,3,-0.351736,-0.654153,-0.222886,0.631415
2079720277,3,-0.351955,-0.654581,-0.223168,0.63075
2079720287,3,-0.352294,-0.654927,-0.223448,0.630103
2079720297,3,-0.352756,-0.65523,-0.223658,0.629454
2079720307,3,-0.353348,-0.655529,-0.223718,0.628788
2079720317,3,-0.354053,-0.655897,-0.223616,0.628044
2079720328,3,-0.354859,-0.656403,-0.2233,0.627172
2079720338,3,-0.355752,-0.657093,-0.222765,0.626133
2079720348,3,-0.356724,-0.657965,-0.222015,0.62493
2079720358,3,-0.357732,-0.658991,-0.221069,0.623607
2079720368,3,-0.35875,-0.660143,-0.219968,0.622191
2079720378,3,-0.359718,-0.66135,-0.21878,0.620768
2079720388,3,-0.360623,-0.662552,-0.217576,0.619383
2079720398,3,-0.361427,-0.663686,-0.216419,0.618104
2079720408,3,-0.362083,-0.664691,-0.215354,0.617011
2079720418,3,-0.362586,-0.665514,-0.21442,0.616153
2079720428,3,-0.362839,-0.666022,-0.213745,0.61569
2079720438,3,-0.362905,-0.666281,-0.213285,0.61553
2079720448,3,-0.362868,-0.66628,-0.212982,0.615658
2079720459,3,-0.362804,-0.66606,-0.212779,0.616004
2079720469,3,-0.362715,-0.665647,-0.212697,0.61653
2079720479,3,-0.362641,-0.665011,-0.212706,0.617257
2079720489,3,-0.362579,-0.664197,-0.212827,0.618127
2079720499,3,-0.362576,-0.663259,-0.213013,0.619071
2079720509,3,-0.362693,-0.662209,-0.213215,0.620056
2079720519,3,-0.362951,-0.661091,-0.213386,0.62104
2079720529,3,-0.363382,-0.659885,-0.213506,0.622028
2079720539,3,-0.363993,-0.658629,-0.213544,0.622988
2079720549,3,-0.364783,-0.657366,-0.213495,0.623876
2079720559,3,-0.365732,-0.656097,-0.213352,0.624705
2079720569,3,-0.366758,-0.654875,-0.213165,0.625449
2079720579,3,-0.36784,-0.653735,-0.212909,0.626093
2079720590,3,-0.369072,-0.652705,-0.212438,0.626602
2079720600,3,-0.370276,-0.651776,-0.211934,0.62703
2079720610,3,-0.371414,-0.651021,-0.211414,0.627316
2079720620,3,-0.37247,-0.650432,-0.210846,0.627492
2079720630,3,-0.374014,-0.650473,-0.209622,0.626941
2079720640,3,-0.375469,-0.650751,-0.208274,0.626232
2079720650,3,-0.376745,-0.651232,-0.206869,0.625431
2079720660,3,-0.377746,-0.65185,-0.205509,0.624631
2079720670,3,-0.378429,-0.652522,-0.204254,0.623927
2079720680,3,-0.378769,-0.65318,-0.203089,0.623413
2079720690,3,-0.378739,-0.653712,-0.202034,0.623215
2079720700,3,-0.378295,-0.654071,-0.201097,0.623412
2079720710,3,-0.377436,-0.654203,-0.200313,0.624046
2079720720,3,-0.376163,-0.654118,-0.199704,0.625097
2079720731,3,-0.3745,-0.653862,-0.19928,0.626498
2079720741,3,-0.372374,-0.653403,-0.199134,0.628288
2079720751,3,-0.369955,-0.65283,-0.19911,0.630317
2079720761,3,-0.367286,-0.652259,-0.199245,0.632422
2079720771,3,-0.364398,-0.651817,-0.199566,0.634444
2079720781,3,-0.361279,-0.651568,-0.200141,0.636301
2079720791,3,-0.357961,-0.65149,-0.200994,0.637985
2079720801,3,-0.354034,-0.651731,-0.20264,0.639407
2079720811,3,-0.349822,-0.651936,-0.204666,0.64087
2079720821,3,-0.345356,-0.652031,-0.207014,0.642439
2079720831,3,-0.340661,-0.651958,-0.209606,0.644177
2079720841,3,-0.335758,-0.651683,-0.212394,0.646114
2079720851,3,-0.331298,-0.651584,-0.214802,0.647718
2079720862,3,-0.326727,-0.65127,-0.217353,0.649503
2079720872,3,-0.321956,-0.650656,-0.220151,0.651554
2079720882,3,-0.317033,-0.649742,-0.223144,0.653858
2079720892,3,-0.311372,-0.648038,-0.226857,0.656984
2079720902,3,-0.305759,-0.646129,-0.230567,0.660202
2079720912,3,-0.300266,-0.644102,-0.234225,0.663408
2079720922,3,-0.294973,-0.642041,-0.23778,0.666508
2079720932,3,-0.289943,-0.640003,-0.241211,0.669436
2079720942,3,-0.285195,-0.638032,-0.244504,0.672158
2079720952,3,-0.280756,-0.636163,-0.247648,0.674642
2079720962,3,-0.276641,-0.634426,-0.25064,0.676869
2079720972,3,-0.272842,-0.632826,-0.253499,0.678841
2079720982,3,-0.269358,-0.631343,-0.256262,0.680573
2079720993,3,-0.266155,-0.629984,-0.258953,0.682073
2079721003,3,-0.263237,-0.628745,-0.261563,0.683352
2079721013,3,-0.260608,-0.627636,-0.264085,0.684408
2079721023,3,-0.258302,-0.62668,-0.266479,0.68523
2079721033,3,-0.256335,-0.625953,-0.268703,0.685764
2079721043,3,-0.254784,-0.625517,-0.270696,0.685955
2079721053,3,-0.253674,-0.625434,-0.272431,0.685756
2079721063,3,-0.252988,-0.62574,-0.273893,0.685148
2079721073,3,-0.252695,-0.626394,-0.275109,0.68417
2079721083,3,-0.254085,-0.627649,-0.274853,0.682606
2079721093,3,-0.255759,-0.629276,-0.274327,0.680692
2079721103,3,-0.257535,-0.631047,-0.273613,0.678668
2079721113,3,-0.25932,-0.632769,-0.272714,0.676743
2079721124,3,-0.261137,-0.634313,-0.271539,0.675069
2079721134,3,-0.263033,-0.635638,-0.269993,0.673706
2079721144,3,-0.265045,-0.636731,-0.268033,0.672667
2079721154,3,-0.267305,-0.637714,-0.265526,0.671835
2079721164,3,-0.269824,-0.638711,-0.262469,0.671083
2079721174,3,-0.272637,-0.639794,-0.258834,0.670325
2079721184,3,-0.275193,-0.640864,-0.255138,0.669676
2079721194,3,-0.278026,-0.64199,-0.250863,0.669041
2079721204,3,-0.281019,-0.643065,-0.246117,0.668521
2079721214,3,-0.284066,-0.644003,-0.241053,0.668175
2079721224,3,-0.287077,-0.644807,-0.235776,0.667996
2079721234,3,-0.290082,-0.645579,-0.230291,0.667866
2079721244,3,-0.293187,-0.646523,-0.224533,0.667557
2079721254,3,-0.296517,-0.647862,-0.218426,0.666814
2079721265,3,-0.300117,-0.649795,-0.211925,0.665419
2079721275,3,-0.304051,-0.651579,-0.204897,0.664088
2079721285,3,-0.308149,-0.653976,-0.19756,0.662064
2079721295,3,-0.312309,-0.657076,-0.18999,0.659254
2079721305,3,-0.316523,-0.660931,-0.182203,0.655579
2079721315,3,-0.320755,-0.665455,-0.174246,0.651094
2079721325,3,-0.324842,-0.670398,-0.166291,0.646057
2079721335,3,-0.328635,-0.675479,-0.158524,0.640778
2079721345,3,-0.331953,-0.680377,-0.151153,0.635646
2079721355,3,-0.334747,-0.685008,-0.144267,0.630788
2079721365,3,-0.337031,-0.689392,-0.137856,0.626213
2079721375,3,-0.338747,-0.693853,-0.132086,0.621587
2079721385,3,-0.340007,-0.698121,-0.126785,0.617209
2079721396,3,-0.340771,-0.702128,-0.122034,0.613186
2079721406,3,-0.340979,-0.705774,-0.117897,0.609685
2079721416,3,-0.341034,-0.709065,-0.113968,0.606575
2079721426,3,-0.340443,-0.711782,-0.110814,0.604304
2079721436,3,-0.339187,-0.713852,-0.108475,0.602992
2079721446,3,-0.337243,-0.715318,-0.106991,0.60261
2079721456,3,-0.334649,-0.716171,-0.106306,0.603164
2079721466,3,-0.331462,-0.716335,-0.106313,0.604725
2079721476,3,-0.327917,-0.716279,-0.10683,0.606631
2079721486,3,-0.324248,-0.716109,-0.10755,0.608673
2079721496,3,-0.320597,-0.715986,-0.108328,0.610611
2079721506,3,-0.317068,-0.715976,-0.109063,0.612332
2079721516,3,-0.313739,-0.716091,-0.109677,0.613801
2079721527,3,-0.310675,-0.716293,-0.110114,0.615044
2079721537,3,-0.307893,-0.716534,-0.110325,0.616123
2079721547,3,-0.305378,-0.716765,-0.11031,0.617108
2079721557,3,-0.303094,-0.716982,-0.110072,0.618024
2079721567,3,-0.301022,-0.717186,-0.109657,0.618873
2079721577,3,-0.299119,-0.717392,-0.10908,0.619659
2079721587,3,-0.297351,-0.717583,-0.10839,0.620409
2079721597,3,-0.295686,-0.717752,-0.107637,0.621139
2079721607,3,-0.294095,-0.717922,-0.106851,0.621834
2079721617,3,-0.292591,-0.718082,-0.106042,0.622497
2079721627,3,-0.291184,-0.718246,-0.105232,0.623104
2079721637,3,-0.289898,-0.718485,-0.104382,0.623571
2079721647,3,-0.2888,-0.718849,-0.103455,0.623816
2079721658,3,-0.287932,-0.719396,-0.102391,0.623763
2079721668,3,-0.287342,-0.720149,-0.101137,0.62337
2079721678,3,-0.286169,-0.720254,-0.100474,0.623895
2079721688,3,-0.285293,-0.720611,-0.099613,0.624021
2079721698,3,-0.284737,-0.721178,-0.098525,0.623794
2079721708,3,-0.28454,-0.721899,-0.09719,0.623258
2079721718,3,-0.284716,-0.722668,-0.09557,0.622537
2079721728,3,-0.285218,-0.723313,-0.093724,0.621838
2079721738,3,-0.285936,-0.723633,-0.091759,0.62143
2079721748,3,-0.28688,-0.723583,-0.08969,0.621355
2079721758,3,-0.28805,-0.723183,-0.087529,0.621587
2079721768,3,-0.289441,-0.722453,-0.085325,0.622096
2079721778,3,-0.291754,-0.721523,-0.082308,0.622501
2079721788,3,-0.294236,-0.720276,-0.079383,0.623157
2079721799,3,-0.296799,-0.718702,-0.076682,0.624096
2079721809,3,-0.299372,-0.716762,-0.07433,0.625381
2079721819,3,-0.301857,-0.714437,-0.072452,0.627066
2079721829,3,-0.304214,-0.711731,-0.071111,0.629153
2079721839,3,-0.306386,-0.708708,-0.070368,0.631591
2079721849,3,-0.308371,-0.705438,-0.070245,0.634294
2079721859,3,-0.310138,-0.702005,-0.070748,0.637179
2079721869,3,-0.311686,-0.698479,-0.071851,0.640167
2079721879,3,-0.313017,-0.694903,-0.073535,0.643212
2079721889,3,-0.314119,-0.691321,-0.07576,0.646269
2079721899,3,-0.315021,-0.68776,-0.078488,0.649297
2079721909,3,-0.31574,-0.684273,-0.081629,0.652238
2079721919,3,-0.316327,-0.680935,-0.085104,0.654996
2079721930,3,-0.31611,-0.677647,-0.089497,0.657919
2079721940,3,-0.315788,-0.674599,-0.09403,0.660568
2079721950,3,-0.316303,-0.672258,-0.097772,0.662163
2079721960,3,-0.316818,-0.670338,-0.101497,0.663303
2079721970,3,-0.317292,-0.6688,-0.105244,0.664044
2079721980,3,-0.317693,-0.667574,-0.109067,0.664469
2079721990,3,-0.317967,-0.666598,-0.113024,0.664656
2079722000,3,-0.318072,-0.665813,-0.117166,0.664675
2079722010,3,-0.318004,-0.665137,-0.121559,0.664596
2079722020,3,-0.317758,-0.664527,-0.126224,0.664454
2079722030,3,-0.317314,-0.664244,-0.131322,0.663962
2079722040,3,-0.316746,-0.663974,-0.136722,0.663412
2079722050,3,-0.316072,-0.663714,-0.142461,0.662786
2079722061,3,-0.31538,-0.663453,-0.148486,0.662054
2079722071,3,-0.314687,-0.662634,-0.154711,0.661778
2079722081,3,-0.313966,-0.66161,-0.161327,0.661566
2079722091,3,-0.313194,-0.66029,-0.168385,0.661492
2079722101,3,-0.312435,-0.658659,-0.175859,0.661532
2079722111,3,-0.311784,-0.656755,-0.183646,0.661616
2079722121,3,-0.311323,-0.654595,-0.191653,0.661703
2079722131,3,-0.31113,-0.652219,-0.199798,0.66173
2079722141,3,-0.311236,-0.649686,-0.208055,0.661628
2079722151,3,-0.311705,-0.647586,-0.216428,0.660779
2079722161,3,-0.312575,-0.645372,-0.224805,0.659737
2079722171,3,-0.313851,-0.643112,-0.233181,0.658429
2079722181,3,-0.315486,-0.640871,-0.241629,0.656786
2079722192,3,-0.317439,-0.638657,-0.250215,0.654783
2079722202,3,-0.31968,-0.63654,-0.258965,0.652348
2079722212,3,-0.322223,-0.634438,-0.267901,0.649529
2079722222,3,-0.325174,-0.632422,-0.276944,0.646223
2079722232,3,-0.328151,-0.630121,-0.286483,0.642799
2079722242,3,-0.331461,-0.627698,-0.296271,0.639024
2079722252,3,-0.335073,-0.625004,-0.306326,0.635026
2079722262,3,-0.338957,-0.621917,-0.316624,0.630932
2079722272,3,-0.343045,-0.618305,-0.327143,0.626893
2079722282,3,-0.347246,-0.614073,-0.337861,0.623043
2079722292,3,-0.351524,-0.609189,-0.348735,0.619437
2079722302,3,-0.355884,-0.603652,-0.359645,0.61612
2079722312,3,-0.360321,-0.597505,-0.370537,0.613071
2079722322,3,-0.364801,-0.590828,-0.381481,0.610175
2079722333,3,-0.369251,-0.583648,-0.392613,0.60734
2079722343,3,-0.373597,-0.575975,-0.403954,0.604563
2079722353,3,-0.377836,-0.567876,-0.415404,0.601826
2079722363,3,-0.381986,-0.559432,-0.426892,0.599069
2079722373,3,-0.38599,-0.550718,-0.438387,0.596269
2079722383,3,-0.389795,-0.54186,-0.449837,0.593374
2079722393,3,-0.393365,-0.532975,-0.461187,0.590344
2079722403,3,-0.396697,-0.5242,-0.47237,0.587121
2079722413,3,-0.399828,-0.515662,-0.483261,0.583684
2079722423,3,-0.402713,-0.507396,-0.493749,0.580157
2079722433,3,-0.405345,-0.499446,-0.503746,0.576617
2079722443,3,-0.407728,-0.491875,-0.513178,0.573118
2079722453,3,-0.409851,-0.484807,-0.522024,0.569626
2079722464,3,-0.41176,-0.478276,-0.530246,0.566165
2079722474,3,-0.413509,-0.472299,-0.537832,0.562742
2079722484,3,-0.415834,-0.46767,-0.544241,0.558719
2079722494,3,-0.418206,-0.463465,-0.550086,0.554713
2079722504,3,-0.420754,-0.45991,-0.555387,0.550447
2079722514,3,-0.423423,-0.456708,-0.560374,0.545994
2079722524,3,-0.426392,-0.453831,-0.56506,0.541233
2079722534,3,-0.42946,-0.451126,-0.56974,0.536139
2079722544,3,-0.432624,-0.448898,-0.574354,0.530512
2079722554,3,-0.435846,-0.446802,-0.578919,0.52465
2079722564,3,-0.439046,-0.445117,-0.583406,0.518407
2079722574,3,-0.442255,-0.4438,-0.587679,0.511941
2079722584,3,-0.44554,-0.442726,-0.591626,0.505435
2079722595,3,-0.448797,-0.441884,-0.595333,0.498896
2079722605,3,-0.451428,-0.440348,-0.599318,0.493074
2079722615,3,-0.454027,-0.438949,-0.603046,0.487357
2079722625,3,-0.456526,-0.437614,-0.606502,0.481904
2079722635,3,-0.458899,-0.436298,-0.609718,0.476757
2079722645,3,-0.461109,-0.434955,-0.612806,0.471869
2079722655,3,-0.46323,-0.433605,-0.615815,0.467092
2079722665,3,-0.465183,-0.432115,-0.618876,0.462463
2079722675,3,-0.467024,-0.430446,-0.622006,0.457942
2079722685,3,-0.468671,-0.428519,-0.625337,0.453509
2079722695,3,-0.470176,-0.426316,-0.628874,0.449116
2079722705,3,-0.47143,-0.423787,-0.632713,0.444782
2079722715,3,-0.4725,-0.421032,-0.636798,0.440412
2079722726,3,-0.473286,-0.41806,-0.641147,0.436067
2079722736,3,-0.473825,-0.415024,-0.645674,0.431681
2079722746,3,-0.474059,-0.41199,-0.65039,0.427227
2079722756,3,-0.474007,-0.409044,-0.655189,0.42276
2079722766,3,-0.473674,-0.406311,-0.660007,0.41825
2079722776,3,-0.473042,-0.40386,-0.664747,0.413809
2079722786,3,-0.472166,-0.401809,-0.66929,0.40946
2079722796,3,-0.470973,-0.400129,-0.673623,0.405354
2079722806,3,-0.469566,-0.398847,-0.677679,0.401471
2079722816,3,-0.467914,-0.397953,-0.68148,0.397835
2079722826,3,-0.466057,-0.397413,-0.685009,0.39448
2079722836,3,-0.463992,-0.397221,-0.688278,0.391405
2079722846,3,-0.461789,-0.397393,-0.691264,0.388563
2079722856,3,-0.459476,-0.397913,-0.693972,0.385938
2079722867,3,-0.457093,-0.39875,-0.696403,0.383518
2079722877,3,-0.454653,-0.399841,-0.698592,0.381294
2079722887,3,-0.452188,-0.401099,-0.700579,0.379253
2079722897,3,-0.449719,-0.402459,-0.702407,0.377362
2079722907,3,-0.447296,-0.403906,-0.704095,0.375547
2079722917,3,-0.444958,-0.40537,-0.705654,0.373816
2079722927,3,-0.442764,-0.406855,-0.707088,0.372094
2079722937,3,-0.440751,-0.408339,-0.708389,0.37038
2079722947,3,-0.438638,-0.40926,-0.709943,0.368892
2079722957,3,-0.436699,-0.409473,-0.711667,0.367633
2079722967,3,-0.434454,-0.408295,-0.714032,0.367017
2079722977,3,-0.431814,-0.405472,-0.717082,0.367316
2079722987,3,-0.42925,-0.401481,-0.720364,0.368282
2079722998,3,-0.426931,-0.397026,-0.723558,0.369542
2079723008,3,-0.424915,-0.392561,-0.726487,0.370887
2079723018,3,-0.423148,-0.388203,-0.72917,0.372228
2079723028,3,-0.421553,-0.38397,-0.73169,0.373481
2079723038,3,-0.419984,-0.379792,-0.734162,0.374668
2079723048,3,-0.418198,-0.375583,-0.736729,0.375867
2079723058,3,-0.416703,-0.370416,-0.739217,0.377767
2079723068,3,-0.414846,-0.364836,-0.741943,0.379889
2079723078,3,-0.412506,-0.358892,-0.74497,0.382169
2079723088,3,-0.409723,-0.352626,-0.748275,0.384531
2079723098,3,-0.406756,-0.346276,-0.751703,0.38676
2079723108,3,-0.403722,-0.33972,-0.755257,0.388824
2079723118,3,-0.400629,-0.332911,-0.75899,0.390639
2079723129,3,-0.397536,-0.32572,-0.762898,0.392244
2079723139,3,-0.394098,-0.317923,-0.767192,0.393734
2079723149,3,-0.390359,-0.3098,-0.771776,0.394972
2079723159,3,-0.386197,-0.301408,-0.77672,0.395864
2079723169,3,-0.381819,-0.293134,-0.781842,0.396243
2079723179,3,-0.376847,-0.28526,-0.787327,0.395887
2079723189,3,-0.371594,-0.277277,-0.793023,0.395156
2079723199,3,-0.36592,-0.269002,-0.798935,0.394261
2079723209,3,-0.359678,-0.260647,-0.805082,0.39311
2079723219,3,-0.352749,-0.252478,-0.811456,0.391613
2079723229,3,-0.345707,-0.244282,-0.817813,0.389862
2079723239,3,-0.338428,-0.23603,-0.824219,0.387837
2079723249,3,-0.331259,-0.227411,-0.830527,0.385715
2079723260,3,-0.324275,-0.218595,-0.836702,0.383393
2079723270,3,-0.316827,-0.209554,-0.842898,0.381089
2079723280,3,-0.308249,-0.199653,-0.84938,0.379042
2079723290,3,-0.300137,-0.18975,-0.855493,0.376885
2079723300,3,-0.292764,-0.180339,-0.861136,0.374447
2079723310,3,-0.285177,-0.171137,-0.86669,0.371796
2079723320,3,-0.277132,-0.161819,-0.872217,0.369119
2079723330,3,-0.269396,-0.152435,-0.877415,0.366513
2079723340,3,-0.262823,-0.141145,-0.882083,0.364596
2079723350,3,-0.256404,-0.129368,-0.886499,0.362819
2079723360,3,-0.250394,-0.117205,-0.890614,0.361069
2079723370,3,-0.244985,-0.104746,-0.894403,0.359239
2079723380,3,-0.239449,-0.092936,-0.898052,0.357112
2079723390,3,-0.234425,-0.081034,-0.901391,0.354925
2079723401,3,-0.22989,-0.069164,-0.904437,0.352645
2079723411,3,-0.225494,-0.057458,-0.907268,0.350306
2079723421,3,-0.220876,-0.045945,-0.909947,0.34799
2079723431,3,-0.216185,-0.034846,-0.912443,0.345682
2079723441,3,-0.210438,-0.02368,-0.91496,0.343514
2079723451,3,-0.203793,-0.012816,-0.917478,0.341375
2079723461,3,-0.19643,-0.002254,-0.919953,0.339257
2079723471,3,-0.188075,0.007307,-0.922456,0.337117
2079723481,3,-0.179494,0.016188,-0.924806,0.335041
2079723491,3,-0.170965,0.024424,-0.926962,0.333039
2079723501,3,-0.16232,0.032129,-0.928941,0.331191
2079723511,3,-0.152863,0.0388,-0.930857,0.329594
2079723521,3,-0.146686,0.044665,-0.931714,0.329235
2079723532,3,-0.141728,0.048238,-0.931965,0.330192
2079723542,3,-0.135519,0.049106,-0.932292,0.331743
2079723552,3,-0.130315,0.051909,-0.932186,0.333694
2079723562,3,-0.125122,0.05494,-0.932009,0.335685
2079723572,3,-0.11951,0.056895,-0.931913,0.337663
2079723582,3,-0.114474,0.058974,-0.931679,0.339691
2079723592,3,-0.110136,0.061136,-0.931304,0.341766
2079723602,3,-0.106524,0.063414,-0.930821,0.343805
2079723612,3,-0.103496,0.065729,-0.930266,0.345793
2079723622,3,-0.101611,0.06841,-0.929589,0.347647
2079723632,3,-0.100332,0.070885,-0.928895,0.349372
2079723642,3,-0.098529,0.073543,-0.928235,0.351088
2079723652,3,-0.097149,0.076545,-0.927542,0.352659
2079723663,3,-0.095788,0.080229,-0.926802,0.354154
2079723673,3,-0.094463,0.084474,-0.925987,0.35565
2079723683,3,-0.093413,0.089052,-0.925081,0.357166
2079723693,3,-0.092837,0.093786,-0.9241,0.358641
2079723703,3,-0.092688,0.09897,-0.92305,0.359988
2079723713,3,-0.093558,0.103868,-0.921985,0.361109
2079723723,3,-0.094864,0.108824,-0.920877,0.362135
2079723733,3,-0.096409,0.113786,-0.919747,0.363074
2079723743,3,-0.097727,0.119061,-0.918563,0.364025
2079723753,3,-0.098943,0.124462,-0.917345,0.36496
2079723763,3,-0.099943,0.129915,-0.916094,0.365929
2079723773,3,-0.10077,0.135389,-0.914789,0.36698
2079723783,3,-0.101355,0.141014,-0.913395,0.368172
2079723794,3,-0.10162,0.146881,-0.911879,0.369561
2079723804,3,-0.101474,0.152898,-0.910222,0.37124
2079723814,3,-0.101046,0.158951,-0.908414,0.373238
2079723824,3,-0.100582,0.165054,-0.906417,0.375562
2079723834,3,-0.10019,0.171242,-0.904224,0.378175
2079723844,3,-0.099891,0.17765,-0.90184,0.38098
2079723854,3,-0.099779,0.184248,-0.899306,0.383855
2079723864,3,-0.099855,0.190987,-0.896651,0.386741
2079723874,3,-0.100173,0.197917,-0.893863,0.389616
2079723884,3,-0.100673,0.205097,-0.890921,0.392502
2079723894,3,-0.101319,0.212576,-0.88783,0.395352
2079723904,3,-0.102049,0.220137,-0.884669,0.398101
2079723914,3,-0.102111,0.227996,-0.881399,0.400906
2079723924,3,-0.102023,0.236485,-0.877842,0.403803
2079723935,3,-0.101763,0.244895,-0.874136,0.406886
2079723945,3,-0.101185,0.252646,-0.870447,0.410186
2079723955,3,-0.10039,0.259719,-0.866831,0.413607
2079723965,3,-0.099579,0.266337,-0.863272,0.417023
2079723975,3,-0.098854,0.272546,-0.859815,0.420314
2079723985,3,-0.098313,0.278256,-0.856516,0.423423
2079723995,3,-0.097792,0.283811,-0.853365,0.426209
2079724005,3,-0.097425,0.289279,-0.850374,0.428589
2079724015,3,-0.097283,0.294723,-0.847488,0.430623
2079724025,3,-0.097569,0.300211,-0.844639,0.432362
2079724035,3,-0.098427,0.305649,-0.841804,0.433885
2079724045,3,-0.100056,0.310841,-0.839035,0.435185
2079724055,3,-0.1023,0.315859,-0.836293,0.436326
2079724066,3,-0.10526,0.320713,-0.833574,0.437282
2079724076,3,-0.10878,0.325441,-0.830841,0.438128
2079724086,3,-0.112704,0.329909,-0.828132,0.438923
2079724096,3,-0.116784,0.333999,-0.825517,0.439688
2079724106,3,-0.120883,0.337531,-0.823083,0.440447
2079724116,3,-0.124829,0.340484,-0.820811,0.441312
2079724126,3,-0.128631,0.342779,-0.818727,0.442314
2079724136,3,-0.132266,0.344566,-0.8168,0.443414
2079724146,3,-0.135517,0.345922,-0.815039,0.444616
2079724156,3,-0.138363,0.346634,-0.813561,0.44589
2079724166,3,-0.140763,0.346585,-0.812453,0.447196
2079724176,3,-0.142764,0.34591,-0.811718,0.448417
2079724186,3,-0.144408,0.344679,-0.811417,0.449382
2079724197,3,-0.145536,0.342982,-0.811568,0.450043
2079724207,3,-0.146214,0.340774,-0.812178,0.4504
2079724217,3,-0.146294,0.338251,-0.813127,0.450562
2079724227,3,-0.146079,0.33526,-0.814423,0.450528
2079724237,3,-0.145635,0.332031,-0.815931,0.450334
2079724247,3,-0.145087,0.32864,-0.81759,0.44999
2079724257,3,-0.144542,0.325057,-0.819382,0.449507
2079724267,3,-0.144054,0.321169,-0.821316,0.44893
2079724277,3,-0.14371,0.316922,-0.823395,0.448248
2079724287,3,-0.143524,0.312205,-0.825629,0.447508
2079724297,3,-0.143558,0.306893,-0.827988,0.446814
2079724307,3,-0.144066,0.300907,-0.830441,0.446168
2079724317,3,-0.144964,0.294579,-0.832897,0.445521
2079724328,3,-0.146259,0.287887,-0.835434,0.444723
2079724338,3,-0.147214,0.281214,-0.837994,0.443859
2079724348,3,-0.147727,0.274692,-0.840631,0.442785
2079724358,3,-0.147856,0.26814,-0.8435,0.441299
2079724368,3,-0.147511,0.261488,-0.846747,0.439184
2079724378,3,-0.146531,0.254702,-0.850439,0.436358
2079724388,3,-0.145019,0.248005,-0.854504,0.432765
2079724398,3,-0.142914,0.241266,-0.858931,0.428489
2079724408,3,-0.140297,0.234089,-0.863697,0.423729
2079724418,3,-0.137341,0.226175,-0.868781,0.41857
2079724428,3,-0.133614,0.217201,-0.874208,0.413195
2079724438,3,-0.129984,0.207103,-0.879876,0.407466
2079724448,3,-0.126602,0.196211,-0.885642,0.401385
2079724458,3,-0.123771,0.184772,-0.891307,0.395108
2079724469,3,-0.121633,0.172989,-0.896696,0.388864
2079724479,3,-0.120363,0.160932,-0.90171,0.382794
2079724489,3,-0.120104,0.148662,-0.906295,0.376964
2079724499,3,-0.120777,0.13627,-0.910442,0.371399
2079724509,3,-0.12055,0.123903,-0.914249,0.366419
2079724519,3,-0.121993,0.11151,-0.91758,0.361565
2079724529,3,-0.123531,0.099014,-0.920453,0.357352
2079724539,3,-0.125061,0.086481,-0.922829,0.353929
2079724549,3,-0.124392,0.072813,-0.925029,0.35149
2079724559,3,-0.123443,0.059462,-0.92674,0.349824
2079724569,3,-0.122333,0.04668,-0.927976,0.348876
2079724579,3,-0.121397,0.034965,-0.928771,0.348458
2079724589,3,-0.120973,0.024151,-0.929245,0.34826
2079724600,3,-0.1208,0.014173,-0.929575,0.347989
2079724610,3,-0.120276,0.004481,-0.929946,0.347438
2079724620,3,-0.119458,-0.004702,-0.930356,0.346618
2079724630,3,-0.118263,-0.012364,-0.930823,0.345583
2079724640,3,-0.117839,-0.018856,-0.93129,0.344175
2079724650,3,-0.117849,-0.023995,-0.931846,0.34234
2079724660,3,-0.118255,-0.027586,-0.932559,0.339981
2079724670,3,-0.118817,-0.030029,-0.933492,0.337006
2079724680,3,-0.119356,-0.031604,-0.934638,0.333476
2079724690,3,-0.120038,-0.032608,-0.935908,0.329548
2079724700,3,-0.120914,-0.033307,-0.937226,0.325386
2079724710,3,-0.121959,-0.033989,-0.938541,0.321108
2079724720,3,-0.122882,-0.034418,-0.939832,0.316906
2079724731,3,-0.1237,-0.03483,-0.941068,0.312849
2079724741,3,-0.124189,-0.03563,-0.942274,0.30891
2079724751,3,-0.124458,-0.036063,-0.943417,0.305242
2079724761,3,-0.123561,-0.038266,-0.944645,0.301516
2079724771,3,-0.122033,-0.041314,-0.945933,0.297674
2079724781,3,-0.119895,-0.044146,-0.947317,0.293711
2079724791,3,-0.116854,-0.048754,-0.948842,0.28925
2079724801,3,-0.113372,-0.053975,-0.950438,0.284428
2079724811,3,-0.110245,-0.05934,-0.951991,0.279349
2079724821,3,-0.10759,-0.065124,-0.953447,0.27408
2079724831,3,-0.105266,-0.071256,-0.954843,0.268542
2079724841,3,-0.103315,-0.077321,-0.956183,0.262793
2079724851,3,-0.102211,-0.082611,-0.957495,0.25677
2079724862,3,-0.102053,-0.087132,-0.958824,0.250296
2079724872,3,-0.1026,-0.091126,-0.960188,0.243326
2079724882,3,-0.103731,-0.094235,-0.961622,0.235884
2079724892,3,-0.103463,-0.095983,-0.963355,0.228096
2079724902,3,-0.103323,-0.096511,-0.965175,0.220102
2079724912,3,-0.103746,-0.094678,-0.967171,0.211783
2079724922,3,-0.104598,-0.090345,-0.969334,0.203191
2079724932,3,-0.105421,-0.084103,-0.971577,0.194551
2079724942,3,-0.105791,-0.07631,-0.973795,0.186301
2079724952,3,-0.105866,-0.067315,-0.975902,0.178534
2079724962,3,-0.10613,-0.057447,-0.977839,0.171074
2079724972,3,-0.105996,-0.046803,-0.979688,0.163659
2079724982,3,-0.105442,-0.035961,-0.981388,0.156412
2079724992,3,-0.103332,-0.02594,-0.983016,0.149426
2079725003,3,-0.099638,-0.017306,-0.984596,0.142628
2079725013,3,-0.094938,-0.010432,-0.986108,0.135899
2079725023,3,-0.089831,-0.005108,-0.987543,0.129078
2079725033,3,-0.084673,-8.45E-4,-0.988897,0.122112
2079725043,3,-0.079554,0.002166,-0.990175,0.114971
2079725053,3,-0.074867,0.00415,-0.991349,0.107718
2079725063,3,-0.070914,0.005358,-0.992398,0.100436
2079725073,3,-0.068006,0.005945,-0.993301,0.093229
2079725083,3,-0.065908,0.006248,-0.99408,0.086143
2079725093,3,-0.064925,0.00621,-0.994722,0.079202
2079725103,3,-0.064774,0.005621,-0.995254,0.072392
2079725113,3,-0.065097,0.004691,-0.9957,0.065726
2079725123,3,-0.065605,0.003227,-0.996084,0.059176
2079725134,3,-0.066121,9.61E-4,-0.996419,0.052689
2079725144,3,-0.068887,-0.001314,-0.996555,0.046158
2079725154,3,-0.072803,-0.00379,-0.996556,0.03949
2079725164,3,-0.078094,-0.006301,-0.996394,0.032556
2079725174,3,-0.084699,-0.008824,-0.996045,0.025343
2079725184,3,-0.091522,-0.011117,-0.99558,0.017856
2079725194,3,-0.099116,-0.012876,-0.994942,0.009974
2079725204,3,-0.107708,-0.013974,-0.994083,0.001558
2079725214,3,0.116887,0.014484,0.993011,0.00749
2079725224,3,0.126163,0.014501,0.991753,0.017235
2079725234,3,0.135608,0.014968,0.990265,0.02759
2079725244,3,0.144246,0.014741,0.988688,0.038354
2079725254,3,0.151921,0.013982,0.987063,0.049297
2079725265,3,0.158491,0.012686,0.985435,0.060298
2079725275,3,0.163917,0.010866,0.983835,0.07128
2079725285,3,0.168235,0.008597,0.982281,0.082131
2079725295,3,0.171463,0.005904,0.980787,0.092854
2079725305,3,0.173644,0.002888,0.979359,0.103415
2079725315,3,0.174888,-4.4E-4,0.977985,0.11383
2079725325,3,0.175191,-0.004326,0.976716,0.123751
2079725335,3,0.174722,-0.008591,0.97553,0.133187
2079725345,3,0.17343,-0.012999,0.97441,0.142395
2079725355,3,0.171261,-0.01737,0.973362,0.151438
2079725365,3,0.168733,-0.021221,0.972308,0.160294
2079725375,3,0.165487,-0.024851,0.97132,0.168918
2079725385,3,0.161998,-0.02831,0.970304,0.17738
2079725396,3,0.159079,-0.031524,0.969122,0.185744
2079725406,3,0.157211,-0.034426,0.967672,0.19419
2079725416,3,0.156201,-0.03664,0.965951,0.202969
2079725426,3,0.156353,-0.038212,0.963888,0.212163
2079725436,3,0.157601,-0.039059,0.961499,0.221708
2079725446,3,0.159795,-0.039171,0.958809,0.231549
2079725456,3,0.162387,-0.038858,0.955921,0.241526
2079725466,3,0.165665,-0.037864,0.952805,0.251559
2079725476,3,0.169493,-0.036398,0.949495,0.261545
2079725486,3,0.173739,-0.034376,0.946015,0.271456
2079725496,3,0.178238,-0.031582,0.942392,0.281301
2079725506,3,0.182644,-0.027835,0.938707,0.291022
2079725516,3,0.187062,-0.023293,0.935,0.300397
2079725526,3,0.19164,-0.018351,0.931328,0.309135
2079725537,3,0.196481,-0.013305,0.927727,0.317078
2079725547,3,0.201395,-0.0084,0.92424,0.324266
2079725557,3,0.205883,-0.003631,0.920881,0.331023
2079725567,3,0.209917,0.001524,0.917533,0.337735
2079725577,3,0.213299,0.006805,0.91419,0.344546
2079725587,3,0.215801,0.011927,0.91078,0.351805
2079725597,3,0.217561,0.016705,0.907232,0.359605
2079725607,3,0.218622,0.021205,0.903743,0.367425
2079725617,3,0.218983,0.026673,0.90041,0.37496
2079725627,3,0.218625,0.0327,0.89735,0.381962
2079725637,3,0.217688,0.038276,0.894658,0.388244
2079725647,3,0.216203,0.043189,0.892318,0.3939
2079725657,3,0.214092,0.047183,0.890319,0.399085
2079725668,3,0.211584,0.050777,0.88855,0.403895
2079725678,3,0.208627,0.053651,0.887018,0.408404
2079725688,3,0.204729,0.056628,0.885506,0.413228
2079725698,3,0.199281,0.061373,0.884048,0.418304
2079725708,3,0.193491,0.066835,0.882617,0.423178
2079725718,3,0.18734,0.072974,0.881117,0.42803
2079725728,3,0.180761,0.079358,0.879533,0.432952
2079725738,3,0.173885,0.085235,0.877912,0.437913
2079725748,3,0.167152,0.090231,0.876218,0.442898
2079725758,3,0.160833,0.094336,0.874417,0.447914
2079725768,3,0.15511,0.09779,0.872456,0.452987
2079725778,3,0.149901,0.10078,0.870326,0.458153
2079725788,3,0.144956,0.103845,0.867974,0.46349
2079725799,3,0.140052,0.107037,0.865435,0.468988
2079725809,3,0.135301,0.110424,0.86273,0.474548
2079725819,3,0.131009,0.113483,0.859959,0.480029
2079725829,3,0.12716,0.116066,0.857106,0.485516
2079725839,3,0.123589,0.11794,0.854164,0.491139
2079725849,3,0.120398,0.119239,0.851025,0.497033
2079725859,3,0.117644,0.119942,0.847642,0.503265
2079725869,3,0.115176,0.119718,0.844,0.509966
2079725879,3,0.113223,0.118685,0.840093,0.517046
2079725889,3,0.1116,0.117567,0.835836,0.5245
2079725899,3,0.11038,0.116525,0.831307,0.532133
2079725909,3,0.109698,0.11556,0.826579,0.539794
2079725919,3,0.111017,0.114131,0.821634,0.547326
2079725930,3,0.112057,0.112566,0.816514,0.555046
2079725940,3,0.113915,0.111135,0.811267,0.562598
2079725950,3,0.117253,0.1089,0.806045,0.569809
2079725960,3,0.121195,0.106086,0.800788,0.576883
2079725970,3,0.125789,0.102685,0.795421,0.583898
2079725980,3,0.131,0.098804,0.78991,0.590862
2079725990,3,0.136805,0.094608,0.78425,0.597732
2079726000,3,0.143175,0.090262,0.778435,0.604476
2079726010,3,0.150036,0.085791,0.772514,0.611024
2079726020,3,0.157338,0.081153,0.766512,0.617346
2079726030,3,0.165077,0.076374,0.760416,0.623444
2079726040,3,0.173258,0.071453,0.754219,0.629308
2079726050,3,0.181449,0.066714,0.74789,0.635047
2079726060,3,0.190214,0.061964,0.741432,0.640513
2079726071,3,0.199512,0.057235,0.734864,0.645672
2079726081,3,0.20927,0.052631,0.728267,0.650432
2079726091,3,0.217332,0.048332,0.722167,0.654908
2079726101,3,0.222491,0.045436,0.71698,0.659069
2079726111,3,0.223909,0.044411,0.713043,0.662918
2079726121,3,0.222125,0.04508,0.710229,0.666484
2079726131,3,0.22128,0.04776,0.707551,0.669421
2079726141,3,0.218398,0.05082,0.705366,0.672441
2079726151,3,0.21426,0.053934,0.703368,0.675615
2079726161,3,0.209586,0.057043,0.701357,0.678908
2079726171,3,0.204748,0.060022,0.69924,0.682303
2079726181,3,0.200155,0.062842,0.696956,0.68574
2079726191,3,0.196354,0.065526,0.694445,0.689127
2079726202,3,0.193613,0.06805,0.691684,0.692427
2079726212,3,0.191966,0.070541,0.688645,0.695658
2079726222,3,0.191421,0.073052,0.685322,0.698823
2079726232,3,0.191713,0.075659,0.6818,0.701904
2079726242,3,0.192657,0.078221,0.678205,0.704841
2079726252,3,0.1941,0.080781,0.67458,0.70763
2079726262,3,0.195763,0.083498,0.671004,0.710252
2079726272,3,0.197241,0.08652,0.66756,0.712721
2079726282,3,0.198305,0.089789,0.664351,0.715017
2079726292,3,0.198899,0.093274,0.66142,0.71712
2079726302,3,0.19875,0.096881,0.658809,0.719084
2079726312,3,0.197823,0.100288,0.65654,0.720945
2079726322,3,0.196225,0.103241,0.654555,0.722768
2079726333,3,0.1942,0.105642,0.652733,0.724613
2079726343,3,0.191997,0.107436,0.650977,0.726514
2079726353,3,0.189726,0.108622,0.649212,0.728511
2079726363,3,0.187628,0.109296,0.647382,0.730578
2079726373,3,0.185788,0.109667,0.645454,0.732696
2079726383,3,0.184311,0.109923,0.643447,0.734793
2079726393,3,0.183239,0.110142,0.641438,0.736782
2079726403,3,0.182554,0.110366,0.639528,0.738577
2079726413,3,0.182077,0.110614,0.637799,0.740151
2079726423,3,0.181789,0.110937,0.636302,0.741461
2079726433,3,0.181557,0.111362,0.635053,0.742523
2079726443,3,0.181154,0.11192,0.634026,0.743415
2079726453,3,0.180678,0.112609,0.633174,0.744153
2079726464,3,0.180204,0.113367,0.632498,0.744728
2079726474,3,0.179851,0.114093,0.631992,0.745132
2079726484,3,0.179614,0.1147,0.63165,0.745386
2079726494,3,0.179457,0.115172,0.631401,0.745561
2079726504,3,0.179382,0.115547,0.631194,0.745697
2079726514,3,0.179387,0.115899,0.630988,0.745815
2079726524,3,0.179458,0.116332,0.630748,0.745934
2079726534,3,0.179519,0.116924,0.630459,0.746071
2079726544,3,0.179581,0.11771,0.630116,0.746222
2079726554,3,0.17959,0.118651,0.629749,0.746381
2079726564,3,0.179605,0.119715,0.629375,0.746522
2079726574,3,0.179682,0.12083,0.628994,0.746645
2079726584,3,0.179793,0.121967,0.628622,0.746747
2079726594,3,0.179919,0.123076,0.62826,0.74684
2079726605,3,0.180036,0.124042,0.627938,0.746922
2079726615,3,0.180139,0.124854,0.627649,0.747005
2079726625,3,0.180271,0.125426,0.627408,0.74708
2079726635,3,0.180509,0.125763,0.62721,0.747132
2079726645,3,0.180807,0.125925,0.627071,0.74715
2079726655,3,0.18116,0.125927,0.627009,0.747115
2079726665,3,0.181529,0.125811,0.626998,0.747054
2079726675,3,0.181864,0.125708,0.627011,0.746979
2079726685,3,0.182135,0.125667,0.627027,0.746907
2079726695,3,0.182328,0.12562,0.627062,0.746839
2079726705,3,0.182531,0.125615,0.627077,0.746777
2079726715,3,0.182758,0.125578,0.627085,0.746721
2079726725,3,0.182965,0.125473,0.627096,0.746679
2079726736,3,0.183204,0.125276,0.627101,0.74665
2079726746,3,0.183393,0.125044,0.627096,0.746646
2079726756,3,0.183561,0.124772,0.627085,0.746659
2079726766,3,0.183683,0.124514,0.627073,0.746683
2079726776,3,0.183751,0.124313,0.627044,0.746724
2079726786,3,0.183788,0.124185,0.627005,0.746768
2079726796,3,0.183832,0.124153,0.626952,0.746808
2079726806,3,0.183945,0.124205,0.626896,0.746818
2079726816,3,0.184164,0.12432,0.626844,0.746788
2079726826,3,0.184541,0.124448,0.626806,0.746706
2079726836,3,0.185062,0.124592,0.626765,0.746588
2079726846,3,0.185683,0.124774,0.626724,0.746437
2079726856,3,0.186412,0.124996,0.626684,0.746252
2079726867,3,0.187135,0.125275,0.626633,0.746067
2079726877,3,0.187853,0.125636,0.626592,0.74586
2079726887,3,0.188556,0.126065,0.626576,0.745624
2079726897,3,0.189205,0.126497,0.626632,0.74534
2079726907,3,0.189779,0.126943,0.626754,0.745015
2079726917,3,0.190297,0.127466,0.626847,0.744715
2079726927,3,0.190764,0.127944,0.626859,0.744504
2079726937,3,0.191136,0.128258,0.626781,0.74442
2079726947,3,0.191453,0.12841,0.626643,0.744429
2079726957,3,0.19176,0.12837,0.626497,0.744479
2079726967,3,0.192086,0.128143,0.626376,0.744536
2079726977,3,0.192412,0.127763,0.626318,0.744566
2079726987,3,0.192725,0.127277,0.626346,0.744545
2079726998,3,0.192939,0.126781,0.626481,0.74446
2079727008,3,0.192996,0.126335,0.626699,0.744338
2079727018,3,0.192757,0.126029,0.626928,0.744258
2079727028,3,0.19226,0.125871,0.627079,0.744287
2079727038,3,0.191493,0.125715,0.627122,0.744475
2079727048,3,0.190628,0.125517,0.627024,0.744813
2079727058,3,0.18978,0.125209,0.626817,0.745255
2079727068,3,0.189015,0.124794,0.626518,0.74577
2079727159,3,0.189277,0.124822,0.626564,0.74566
2079727169,3,0.189895,0.12493,0.626717,0.745357
2079727179,3,0.190526,0.125103,0.6269,0.745013
2079727189,3,0.191178,0.12531,0.6271,0.744643
2079727199,3,0.191826,0.125544,0.627303,0.744265
2079727209,3,0.192443,0.125781,0.627509,0.743892
2079727219,3,0.193028,0.125997,0.627689,0.743552
2079727229,3,0.193549,0.126195,0.627839,0.743256
2079727239,3,0.194008,0.126364,0.627965,0.743002
