stk3a5x_als,sensortek,2026-06-11_19-12-34.865_Active 10 Pro
imuTimestamp,accuracy(more=better),ambient_brightness[lux]
2084886513,3,15111.0
2084886513,3,15111.0
2084886575,3,15076.0
2084886585,3,15076.0
2084886595,3,15076.0
2084886605,3,15076.0
2084886615,3,15076.0
2084886625,3,15211.0
2084886635,3,15211.0
2084886645,3,15211.0
2084886655,3,15211.0
2084886665,3,15211.0
2084886675,3,15282.0
2084886685,3,15282.0
2084886695,3,15282.0
2084886705,3,15282.0
2084886715,3,15282.0
2084886725,3,15387.0
2084886735,3,15387.0
2084886745,3,15387.0
2084886755,3,15387.0
2084886765,3,15387.0
2084886775,3,15772.0
2084886785,3,15772.0
2084886795,3,15772.0
2084886805,3,15772.0
2084886815,3,15772.0
2084886825,3,15772.0
2084886835,3,16728.0
2084886845,3,16728.0
2084886855,3,16728.0
2084886865,3,16728.0
2084886875,3,16728.0
2084886885,3,17658.0
2084886895,3,17658.0
2084886905,3,17658.0
2084886915,3,17658.0
2084886925,3,17658.0
2084886935,3,17956.0
2084886945,3,17956.0
2084886955,3,17956.0
2084886965,3,17956.0
2084886975,3,17956.0
2084886985,3,17578.0
2084886995,3,17578.0
2084887005,3,17578.0
2084887015,3,17578.0
2084887025,3,17578.0
2084887035,3,16472.0
2084887045,3,16472.0
2084887055,3,16472.0
2084887065,3,16472.0
2084887075,3,16472.0
2084887085,3,14309.0
2084887095,3,14309.0
2084887105,3,14309.0
2084887115,3,14309.0
2084887125,3,14309.0
2084887135,3,14309.0
2084887145,3,11223.0
2084887155,3,11223.0
2084887165,3,11223.0
2084887175,3,11223.0
2084887185,3,11223.0
2084887195,3,8142.0
2084887205,3,8142.0
2084887215,3,8142.0
2084887225,3,8142.0
2084887235,3,8142.0
2084887245,3,5524.0
2084887255,3,5524.0
2084887265,3,5524.0
2084887275,3,5524.0
2084887285,3,5524.0
2084887295,3,3529.0
2084887305,3,3529.0
2084887315,3,3529.0
2084887325,3,3529.0
2084887335,3,3529.0
2084887345,3,2493.0
2084887355,3,2493.0
2084887365,3,2493.0
2084887375,3,2493.0
2084887385,3,2493.0
2084887395,3,3663.0
2084887405,3,3663.0
2084887415,3,3663.0
2084887425,3,3663.0
2084887435,3,3663.0
2084887445,3,4587.0
2084887455,3,4587.0
2084887465,3,4587.0
2084887475,3,4587.0
2084887485,3,4587.0
2084887495,3,4587.0
2084887505,3,4816.0
2084887515,3,4816.0
2084887525,3,4816.0
2084887535,3,4816.0
2084887545,3,4816.0
2084887555,3,4653.0
2084887565,3,4653.0
2084887575,3,4653.0
2084887585,3,4653.0
2084887595,3,4653.0
2084887605,3,4018.0
2084887615,3,4018.0
2084887625,3,4018.0
2084887635,3,4018.0
2084887645,3,4018.0
2084887655,3,3428.0
2084887665,3,3428.0
2084887675,3,3428.0
2084887685,3,3428.0
2084887695,3,3428.0
2084887705,3,2952.0
2084887715,3,2952.0
2084887725,3,2952.0
2084887735,3,2952.0
2084887745,3,2952.0
2084887755,3,2535.0
2084887765,3,2535.0
2084887775,3,2535.0
2084887785,3,2535.0
2084887795,3,2535.0
2084887805,3,2158.0
2084887815,3,2158.0
2084887825,3,2158.0
2084887835,3,2158.0
2084887845,3,2158.0
2084887855,3,2158.0
2084887865,3,2020.0
2084887875,3,2020.0
2084887885,3,2020.0
2084887895,3,2020.0
2084887905,3,2020.0
2084887915,3,1985.0
2084887925,3,1985.0
2084887935,3,1985.0
2084887945,3,1985.0
2084887955,3,1985.0
2084887965,3,1988.0
2084887975,3,1988.0
2084887985,3,1988.0
2084887995,3,1988.0
2084888005,3,1988.0
2084888015,3,2039.0
2084888025,3,2039.0
2084888035,3,2039.0
2084888045,3,2039.0
2084888055,3,2039.0
2084888065,3,2293.0
2084888075,3,2293.0
2084888085,3,2293.0
2084888095,3,2293.0
2084888105,3,2293.0
2084888115,3,2293.0
2084888125,3,2606.0
2084888135,3,2606.0
2084888145,3,2606.0
2084888155,3,2606.0
2084888165,3,2606.0
2084888175,3,2672.0
2084888185,3,2672.0
2084888195,3,2672.0
2084888205,3,2672.0
2084888215,3,2672.0
2084888225,3,2406.0
2084888235,3,2406.0
2084888245,3,2406.0
2084888255,3,2406.0
2084888265,3,2406.0
2084888275,3,1750.0
2084888285,3,1750.0
2084888295,3,1750.0
2084888305,3,1750.0
2084888315,3,1750.0
2084888325,3,756.0
2084888335,3,756.0
2084888345,3,756.0
2084888355,3,756.0
2084888365,3,756.0
2084888375,3,331.0
2084888385,3,82.0
2084888395,3,82.0
2084888405,3,82.0
2084888415,3,82.0
2084888425,3,82.0
2084888435,3,259.0
2084888445,3,259.0
2084888455,3,259.0
2084888465,3,259.0
2084888475,3,259.0
2084888485,3,240.0
2084888495,3,240.0
2084888505,3,240.0
2084888515,3,240.0
2084888525,3,240.0
2084888535,3,234.0
2084888545,3,234.0
2084888555,3,234.0
2084888565,3,234.0
2084888575,3,234.0
2084888585,3,224.0
2084888595,3,224.0
2084888605,3,224.0
2084888615,3,224.0
2084888625,3,224.0
2084888635,3,215.0
2084888645,3,215.0
2084888655,3,215.0
2084888665,3,215.0
2084888675,3,215.0
2084888685,3,215.0
2084888695,3,211.0
2084888705,3,211.0
2084888715,3,211.0
2084888725,3,211.0
2084888735,3,211.0
2084888745,3,214.0
2084888755,3,214.0
2084888765,3,214.0
2084888775,3,214.0
2084888785,3,214.0
2084888795,3,215.0
2084888805,3,215.0
2084888815,3,215.0
2084888825,3,215.0
2084888835,3,215.0
2084888845,3,218.0
2084888855,3,218.0
2084888865,3,218.0
2084888875,3,218.0
2084888885,3,218.0
2084888895,3,219.0
2084888905,3,219.0
2084888915,3,219.0
2084888925,3,219.0
2084888935,3,219.0
2084888945,3,241.0
2084888955,3,241.0
2084888965,3,241.0
2084888975,3,241.0
2084888985,3,241.0
2084888995,3,274.0
2084889005,3,274.0
2084889015,3,274.0
2084889025,3,274.0
2084889035,3,274.0
2084889045,3,274.0
2084889055,3,307.0
2084889065,3,307.0
2084889075,3,307.0
2084889085,3,307.0
2084889095,3,307.0
2084889105,3,354.0
2084889115,3,354.0
2084889125,3,354.0
2084889135,3,354.0
2084889145,3,354.0
2084889155,3,394.0
2084889165,3,394.0
2084889175,3,394.0
2084889185,3,394.0
2084889195,3,394.0
2084889205,3,460.0
2084889215,3,460.0
2084889225,3,460.0
2084889235,3,460.0
2084889245,3,460.0
2084889255,3,564.0
2084889265,3,564.0
2084889275,3,564.0
2084889285,3,564.0
2084889295,3,564.0
2084889305,3,734.0
2084889315,3,734.0
2084889325,3,734.0
2084889335,3,734.0
2084889345,3,734.0
2084889355,3,734.0
2084889365,3,805.0
2084889375,3,805.0
2084889385,3,805.0
2084889395,3,805.0
2084889405,3,805.0
2084889415,3,582.0
2084889425,3,582.0
2084889435,3,582.0
2084889445,3,582.0
2084889455,3,582.0
2084889465,3,546.0
2084889475,3,546.0
2084889485,3,546.0
2084889495,3,546.0
2084889505,3,546.0
2084889515,3,757.0
2084889525,3,757.0
2084889535,3,757.0
2084889545,3,757.0
2084889555,3,757.0
2084889565,3,1200.0
2084889575,3,1200.0
2084889585,3,1200.0
2084889595,3,1200.0
2084889605,3,1200.0
2084889615,3,1578.0
2084889625,3,1578.0
2084889635,3,1578.0
2084889645,3,1578.0
2084889655,3,1578.0
2084889665,3,1578.0
2084889675,3,1.0
2084889685,3,1.0
2084889695,3,1.0
2084889705,3,1.0
2084889715,3,1.0
2084889725,3,6.0
2084889735,3,6.0
2084889745,3,6.0
2084889755,3,6.0
2084889765,3,6.0
2084889775,3,15.0
2084889785,3,15.0
2084889795,3,15.0
2084889805,3,15.0
2084889815,3,15.0
2084889825,3,17.0
2084889835,3,17.0
2084889845,3,17.0
2084889855,3,17.0
2084889865,3,17.0
2084889875,3,5.0
2084889885,3,5.0
2084889895,3,5.0
2084889905,3,5.0
2084889915,3,5.0
2084889925,3,2.0
2084889935,3,2.0
2084889945,3,2.0
2084889955,3,2.0
2084889965,3,2.0
2084889975,3,2.0
2084889985,3,2.0
2084889995,3,2.0
2084890005,3,2.0
2084890015,3,2.0
2084890025,3,2.0
2084890035,3,2.0
2084890045,3,2.0
2084890055,3,2.0
2084890065,3,2.0
2084890075,3,2.0
2084890085,3,1.0
2084890095,3,1.0
2084890105,3,1.0
2084890115,3,1.0
2084890125,3,1.0
2084890135,3,1.0
2084890145,3,1.0
2084890155,3,1.0
2084890165,3,1.0
2084890175,3,1.0
2084890185,3,1.0
2084890195,3,1.0
2084890205,3,1.0
2084890215,3,1.0
2084890225,3,1.0
2084890235,3,1.0
2084890245,3,1.0
2084890255,3,1.0
2084890265,3,1.0
2084890275,3,1.0
2084890285,3,1.0
2084890295,3,1.0
2084890305,3,1.0
2084890315,3,1.0
2084890325,3,1.0
2084890335,3,1.0
2084890345,3,1.0
2084890355,3,1.0
2084890365,3,1.0
2084890375,3,1.0
2084890385,3,1.0
2084890395,3,1.0
2084890405,3,1.0
2084890415,3,1.0
2084890425,3,1.0
2084890435,3,1.0
2084890445,3,1.0
2084890455,3,1.0
2084890465,3,1.0
2084890475,3,1.0
2084890485,3,1.0
2084890495,3,1.0
2084890505,3,1.0
2084890515,3,1.0
2084890525,3,1.0
2084890535,3,1.0
2084890545,3,1.0
2084890555,3,1.0
2084890565,3,1.0
2084890575,3,1.0
2084890585,3,1.0
2084890595,3,1.0
2084890605,3,1.0
2084890615,3,1.0
2084890625,3,1.0
2084890635,3,1.0
2084890645,3,1.0
2084890655,3,1.0
2084890665,3,1.0
2084890675,3,1.0
2084890685,3,1.0
2084890695,3,1.0
2084890705,3,1.0
2084890715,3,1.0
2084890725,3,1.0
2084890735,3,1.0
2084890745,3,1.0
2084890755,3,1.0
2084890765,3,1.0
2084890775,3,1.0
2084890785,3,1.0
2084890795,3,1.0
2084890805,3,1.0
2084890815,3,1.0
2084890825,3,1.0
2084890835,3,1.0
2084890845,3,1.0
2084890855,3,1.0
2084890865,3,1.0
2084890875,3,1.0
2084890885,3,1.0
2084890895,3,1.0
2084890905,3,1.0
2084890915,3,1.0
2084890925,3,1.0
2084890935,3,1.0
2084890945,3,1.0
2084890955,3,1.0
2084890965,3,1.0
2084890975,3,1.0
2084890985,3,1.0
2084890995,3,1.0
2084891005,3,1.0
2084891015,3,1.0
2084891025,3,1.0
2084891035,3,1.0
2084891045,3,1.0
2084891055,3,1.0
2084891065,3,1.0
2084891075,3,1.0
2084891085,3,1.0
2084891095,3,1.0
2084891105,3,1.0
2084891115,3,1.0
2084891125,3,1.0
2084891135,3,1.0
2084891145,3,1.0
2084891155,3,1.0
2084891165,3,1.0
2084891175,3,1.0
2084891185,3,1.0
2084891195,3,1.0
2084891205,3,1.0
2084891215,3,1.0
2084891225,3,1.0
2084891235,3,1.0
2084891245,3,1.0
2084891255,3,1.0
2084891265,3,1.0
2084891275,3,1.0
2084891285,3,1.0
2084891295,3,1.0
2084891305,3,1.0
2084891315,3,1.0
2084891325,3,1.0
2084891335,3,1.0
2084891345,3,1.0
2084891355,3,1.0
2084891365,3,1.0
2084891375,3,1.0
2084891385,3,1.0
2084891395,3,1.0
2084891405,3,1.0
2084891415,3,1.0
2084891425,3,1.0
2084891435,3,1.0
2084891445,3,1.0
2084891455,3,1.0
2084891465,3,1.0
2084891475,3,1.0
2084891485,3,1.0
2084891495,3,1.0
2084891505,3,1.0
2084891515,3,1.0
2084891525,3,1.0
2084891535,3,1.0
2084891545,3,1.0
2084891555,3,1.0
2084891565,3,1.0
2084891575,3,1.0
2084891585,3,1.0
2084891595,3,1.0
2084891605,3,1.0
2084891615,3,1.0
2084891625,3,1.0
2084891635,3,1.0
2084891645,3,1.0
2084891655,3,1.0
2084891665,3,1.0
2084891675,3,1.0
2084891685,3,0.0
2084891695,3,0.0
2084891705,3,0.0
2084891715,3,0.0
2084891725,3,0.0
2084891735,3,0.0
2084891745,3,0.0
2084891755,3,0.0
2084891765,3,0.0
2084891775,3,0.0
2084891785,3,0.0
2084891795,3,0.0
2084891805,3,0.0
2084891815,3,0.0
2084891825,3,0.0
2084891835,3,0.0
2084891845,3,0.0
2084891855,3,0.0
2084891865,3,0.0
2084891875,3,0.0
2084891885,3,0.0
2084891895,3,0.0
2084891905,3,0.0
2084891915,3,0.0
2084891925,3,0.0
2084891935,3,0.0
2084891945,3,0.0
2084891955,3,0.0
2084891965,3,0.0
2084891975,3,0.0
2084891985,3,0.0
2084891995,3,0.0
2084892005,3,0.0
2084892015,3,0.0
2084892025,3,0.0
2084892035,3,0.0
2084892045,3,0.0
2084892055,3,0.0
2084892065,3,0.0
2084892075,3,0.0
2084892085,3,0.0
2084892095,3,0.0
2084892105,3,0.0
2084892115,3,0.0
2084892125,3,0.0
2084892135,3,0.0
2084892145,3,1.0
2084892155,3,1.0
2084892165,3,1.0
2084892175,3,1.0
2084892185,3,1.0
2084892195,3,1.0
2084892205,3,1.0
2084892215,3,1.0
2084892225,3,1.0
2084892235,3,1.0
2084892245,3,1.0
2084892255,3,1.0
2084892265,3,1.0
2084892275,3,1.0
2084892285,3,1.0
2084892295,3,1.0
2084892305,3,0.0
2084892315,3,0.0
2084892325,3,0.0
2084892335,3,0.0
2084892345,3,0.0
2084892355,3,0.0
2084892365,3,0.0
2084892375,3,0.0
2084892385,3,0.0
2084892395,3,0.0
2084892405,3,0.0
2084892415,3,0.0
2084892425,3,0.0
2084892435,3,0.0
2084892445,3,0.0
2084892455,3,0.0
2084892465,3,0.0
2084892475,3,0.0
2084892485,3,0.0
2084892495,3,0.0
2084892505,3,0.0
2084892515,3,0.0
2084892525,3,0.0
2084892535,3,0.0
2084892545,3,0.0
2084892555,3,0.0
2084892565,3,0.0
2084892575,3,0.0
2084892585,3,0.0
2084892595,3,0.0
2084892605,3,0.0
2084892615,3,0.0
2084892625,3,0.0
2084892635,3,0.0
2084892645,3,0.0
2084892655,3,0.0
2084892665,3,0.0
2084892675,3,0.0
2084892685,3,0.0
2084892695,3,0.0
2084892705,3,0.0
2084892715,3,0.0
2084892725,3,0.0
2084892735,3,0.0
2084892745,3,0.0
2084892755,3,0.0
2084892765,3,0.0
2084892775,3,0.0
2084892785,3,0.0
2084892795,3,0.0
2084892805,3,0.0
2084892815,3,0.0
2084892825,3,0.0
2084892835,3,0.0
2084892845,3,0.0
2084892855,3,0.0
2084892865,3,0.0
2084892875,3,0.0
2084892885,3,0.0
2084892895,3,0.0
2084892905,3,0.0
2084892915,3,0.0
2084892925,3,0.0
2084892935,3,0.0
2084892945,3,0.0
2084892955,3,0.0
2084892965,3,0.0
2084892975,3,0.0
2084892985,3,0.0
2084892995,3,0.0
2084893005,3,0.0
2084893015,3,0.0
2084893025,3,0.0
2084893035,3,0.0
2084893045,3,0.0
2084893055,3,0.0
2084893065,3,0.0
2084893075,3,0.0
2084893085,3,0.0
2084893095,3,0.0
2084893105,3,0.0
2084893115,3,0.0
2084893125,3,0.0
2084893135,3,0.0
2084893145,3,0.0
2084893155,3,0.0
2084893165,3,0.0
2084893175,3,0.0
2084893185,3,0.0
2084893195,3,0.0
2084893205,3,0.0
2084893215,3,0.0
2084893225,3,0.0
2084893235,3,0.0
2084893245,3,0.0
2084893255,3,0.0
2084893265,3,0.0
2084893275,3,0.0
2084893285,3,0.0
2084893295,3,0.0
2084893305,3,0.0
2084893315,3,0.0
2084893325,3,0.0
2084893335,3,0.0
2084893345,3,0.0
2084893355,3,0.0
2084893365,3,0.0
2084893375,3,0.0
2084893385,3,0.0
2084893395,3,0.0
2084893405,3,0.0
2084893415,3,0.0
2084893425,3,0.0
2084893435,3,0.0
2084893445,3,0.0
2084893455,3,0.0
2084893465,3,0.0
2084893475,3,0.0
2084893485,3,0.0
2084893495,3,0.0
2084893505,3,0.0
2084893515,3,0.0
2084893525,3,0.0
2084893535,3,0.0
2084893545,3,0.0
2084893555,3,0.0
2084893565,3,0.0
2084893575,3,0.0
2084893585,3,0.0
2084893595,3,0.0
2084893605,3,0.0
2084893615,3,0.0
2084893625,3,0.0
2084893635,3,0.0
2084893645,3,0.0
2084893655,3,0.0
2084893665,3,0.0
2084893675,3,0.0
2084893685,3,0.0
2084893695,3,0.0
2084893705,3,0.0
2084893715,3,0.0
2084893725,3,0.0
2084893735,3,0.0
2084893745,3,0.0
2084893755,3,0.0
2084893765,3,0.0
2084893775,3,0.0
2084893785,3,0.0
2084893795,3,0.0
2084893805,3,0.0
2084893815,3,0.0
2084893825,3,0.0
2084893835,3,0.0
2084893845,3,0.0
2084893855,3,0.0
2084893865,3,0.0
2084893875,3,0.0
2084893885,3,0.0
2084893895,3,0.0
2084893905,3,0.0
2084893915,3,0.0
2084893925,3,0.0
2084893935,3,0.0
2084893945,3,0.0
2084893955,3,0.0
2084893965,3,0.0
2084893975,3,0.0
2084893985,3,0.0
2084893995,3,0.0
2084894005,3,0.0
2084894015,3,0.0
2084894025,3,0.0
2084894035,3,0.0
2084894045,3,0.0
2084894055,3,0.0
2084894065,3,0.0
2084894075,3,0.0
2084894085,3,0.0
2084894095,3,0.0
2084894105,3,0.0
2084894115,3,0.0
2084894125,3,0.0
2084894135,3,0.0
2084894145,3,0.0
2084894155,3,0.0
2084894165,3,0.0
2084894175,3,0.0
2084894185,3,0.0
2084894195,3,0.0
2084894205,3,0.0
2084894215,3,0.0
2084894225,3,0.0
2084894235,3,0.0
2084894245,3,0.0
2084894255,3,0.0
2084894265,3,0.0
2084894275,3,0.0
2084894285,3,0.0
2084894295,3,0.0
2084894305,3,0.0
2084894315,3,0.0
2084894325,3,0.0
2084894335,3,0.0
2084894345,3,0.0
2084894355,3,0.0
2084894365,3,0.0
2084894375,3,0.0
2084894385,3,0.0
2084894395,3,0.0
2084894405,3,0.0
2084894415,3,0.0
2084894425,3,0.0
2084894435,3,0.0
2084894445,3,0.0
2084894455,3,0.0
2084894465,3,0.0
2084894475,3,0.0
2084894485,3,0.0
2084894495,3,0.0
2084894505,3,0.0
2084894515,3,0.0
2084894525,3,0.0
2084894535,3,0.0
2084894545,3,0.0
2084894555,3,0.0
2084894565,3,0.0
2084894575,3,0.0
2084894585,3,0.0
2084894595,3,0.0
2084894605,3,0.0
2084894615,3,0.0
2084894625,3,0.0
2084894635,3,0.0
2084894645,3,0.0
2084894655,3,0.0
2084894665,3,0.0
2084894675,3,0.0
2084894685,3,0.0
2084894695,3,0.0
2084894705,3,0.0
2084894715,3,0.0
2084894725,3,0.0
2084894735,3,0.0
2084894745,3,0.0
2084894755,3,0.0
2084894765,3,0.0
2084894775,3,0.0
2084894785,3,0.0
2084894795,3,0.0
2084894805,3,0.0
2084894815,3,0.0
2084894825,3,0.0
2084894835,3,0.0
2084894845,3,0.0
2084894855,3,0.0
2084894865,3,0.0
2084894875,3,0.0
2084894885,3,0.0
2084894895,3,0.0
2084894905,3,0.0
2084894915,3,0.0
2084894925,3,0.0
2084894935,3,0.0
2084894945,3,0.0
2084894955,3,0.0
2084894965,3,0.0
2084894975,3,0.0
2084894985,3,0.0
2084894995,3,0.0
2084895005,3,0.0
2084895015,3,0.0
2084895025,3,0.0
2084895035,3,0.0
2084895045,3,0.0
2084895055,3,0.0
2084895065,3,0.0
2084895075,3,0.0
2084895085,3,0.0
2084895095,3,0.0
2084895105,3,0.0
2084895115,3,0.0
2084895125,3,0.0
2084895135,3,0.0
2084895145,3,0.0
2084895155,3,0.0
2084895165,3,0.0
2084895175,3,0.0
2084895185,3,0.0
2084895195,3,0.0
2084895205,3,0.0
2084895215,3,0.0
2084895225,3,0.0
2084895235,3,0.0
2084895245,3,0.0
2084895255,3,0.0
2084895265,3,0.0
2084895275,3,0.0
2084895285,3,0.0
2084895295,3,0.0
2084895305,3,0.0
2084895315,3,0.0
2084895325,3,0.0
2084895335,3,0.0
2084895345,3,0.0
2084895355,3,0.0
2084895365,3,0.0
2084895375,3,0.0
2084895385,3,0.0
2084895395,3,0.0
2084895405,3,0.0
2084895415,3,0.0
2084895425,3,0.0
2084895435,3,0.0
2084895445,3,0.0
2084895455,3,0.0
2084895465,3,0.0
2084895475,3,0.0
2084895485,3,0.0
2084895495,3,0.0
2084895505,3,0.0
2084895515,3,0.0
2084895525,3,0.0
2084895535,3,0.0
2084895545,3,0.0
2084895555,3,0.0
2084895565,3,0.0
2084895575,3,0.0
2084895585,3,0.0
2084895595,3,0.0
2084895605,3,0.0
2084895615,3,0.0
2084895625,3,0.0
2084895635,3,0.0
2084895645,3,0.0
2084895655,3,0.0
2084895665,3,0.0
2084895675,3,0.0
2084895685,3,0.0
2084895695,3,0.0
2084895705,3,0.0
2084895715,3,0.0
2084895725,3,0.0
2084895735,3,0.0
2084895745,3,0.0
2084895755,3,0.0
2084895765,3,0.0
2084895775,3,0.0
2084895785,3,0.0
2084895795,3,0.0
2084895805,3,0.0
2084895815,3,0.0
2084895825,3,0.0
2084895835,3,0.0
2084895845,3,0.0
2084895855,3,0.0
2084895865,3,0.0
2084895875,3,0.0
2084895885,3,0.0
2084895895,3,0.0
2084895905,3,0.0
2084895915,3,0.0
2084895925,3,0.0
2084895935,3,0.0
2084895945,3,0.0
2084895955,3,0.0
2084895965,3,0.0
2084895975,3,0.0
2084895985,3,0.0
2084895995,3,0.0
2084896005,3,0.0
2084896015,3,0.0
2084896025,3,0.0
2084896035,3,0.0
2084896045,3,0.0
2084896055,3,0.0
2084896065,3,0.0
2084896075,3,0.0
2084896085,3,0.0
2084896095,3,0.0
2084896105,3,0.0
2084896115,3,0.0
2084896125,3,0.0
2084896135,3,0.0
2084896145,3,0.0
2084896155,3,0.0
2084896165,3,0.0
2084896175,3,0.0
2084896185,3,0.0
2084896195,3,0.0
2084896205,3,0.0
2084896215,3,0.0
2084896225,3,0.0
2084896235,3,0.0
2084896245,3,0.0
2084896255,3,0.0
2084896265,3,0.0
2084896275,3,0.0
2084896285,3,0.0
2084896295,3,0.0
2084896305,3,0.0
2084896315,3,0.0
2084896325,3,0.0
2084896335,3,0.0
2084896345,3,0.0
2084896355,3,0.0
2084896365,3,0.0
2084896375,3,0.0
2084896385,3,0.0
2084896395,3,0.0
2084896405,3,0.0
2084896415,3,0.0
2084896425,3,0.0
2084896435,3,0.0
2084896445,3,0.0
2084896455,3,0.0
2084896465,3,0.0
2084896475,3,0.0
2084896485,3,0.0
2084896495,3,0.0
2084896505,3,0.0
2084896515,3,0.0
2084896525,3,0.0
2084896535,3,0.0
2084896545,3,0.0
2084896555,3,0.0
2084896565,3,0.0
2084896575,3,0.0
2084896585,3,0.0
2084896595,3,0.0
2084896605,3,0.0
2084896615,3,0.0
2084896625,3,0.0
2084896635,3,0.0
2084896645,3,0.0
2084896655,3,0.0
2084896665,3,0.0
2084896675,3,0.0
2084896685,3,0.0
2084896695,3,0.0
2084896705,3,0.0
2084896715,3,0.0
2084896725,3,0.0
2084896735,3,0.0
2084896745,3,0.0
2084896755,3,0.0
2084896765,3,0.0
2084896775,3,0.0
2084896785,3,0.0
2084896795,3,0.0
2084896805,3,0.0
2084896815,3,0.0
2084896825,3,0.0
2084896835,3,0.0
2084896845,3,0.0
2084896855,3,0.0
2084896865,3,0.0
2084896875,3,0.0
2084896885,3,0.0
2084896895,3,0.0
2084896905,3,0.0
2084896915,3,0.0
2084896925,3,0.0
2084896935,3,0.0
2084896945,3,0.0
2084896955,3,0.0
2084896965,3,0.0
2084896975,3,0.0
2084896985,3,0.0
2084896995,3,0.0
2084897005,3,0.0
2084897015,3,0.0
2084897025,3,0.0
2084897035,3,0.0
2084897045,3,0.0
2084897055,3,0.0
2084897065,3,0.0
2084897075,3,0.0
2084897085,3,0.0
2084897095,3,0.0
2084897105,3,0.0
2084897115,3,0.0
2084897125,3,0.0
2084897135,3,0.0
2084897145,3,0.0
2084897155,3,0.0
2084897165,3,0.0
2084897175,3,0.0
2084897185,3,0.0
2084897195,3,0.0
2084897205,3,0.0
2084897215,3,0.0
2084897225,3,0.0
2084897235,3,0.0
2084897245,3,0.0
2084897255,3,0.0
2084897265,3,0.0
2084897275,3,0.0
2084897285,3,0.0
2084897295,3,0.0
2084897305,3,0.0
2084897315,3,0.0
2084897325,3,0.0
2084897335,3,0.0
2084897345,3,0.0
2084897355,3,0.0
2084897365,3,0.0
2084897375,3,0.0
2084897385,3,0.0
2084897395,3,0.0
2084897405,3,0.0
2084897415,3,0.0
2084897425,3,0.0
2084897435,3,0.0
2084897445,3,0.0
2084897455,3,0.0
2084897465,3,0.0
2084897475,3,0.0
2084897485,3,0.0
2084897495,3,0.0
2084897505,3,0.0
2084897515,3,0.0
2084897525,3,0.0
2084897535,3,0.0
2084897545,3,0.0
2084897555,3,0.0
2084897565,3,0.0
2084897575,3,0.0
2084897585,3,0.0
2084897595,3,0.0
2084897605,3,0.0
2084897615,3,0.0
2084897625,3,0.0
2084897635,3,0.0
2084897645,3,0.0
2084897655,3,0.0
2084897665,3,0.0
2084897675,3,0.0
2084897685,3,0.0
2084897695,3,0.0
2084897705,3,0.0
2084897715,3,0.0
2084897725,3,0.0
2084897735,3,0.0
2084897745,3,0.0
2084897755,3,0.0
2084897765,3,0.0
2084897775,3,0.0
2084897785,3,0.0
2084897795,3,0.0
2084897805,3,0.0
2084897815,3,0.0
2084897825,3,0.0
2084897835,3,0.0
2084897845,3,0.0
2084897855,3,0.0
2084897865,3,0.0
2084897875,3,0.0
2084897885,3,0.0
2084897895,3,0.0
2084897905,3,0.0
2084897915,3,0.0
2084897925,3,0.0
2084897935,3,0.0
2084897945,3,0.0
2084897955,3,0.0
2084897965,3,0.0
2084897975,3,0.0
2084897985,3,0.0
2084897995,3,0.0
2084898005,3,0.0
2084898015,3,0.0
2084898025,3,0.0
2084898035,3,0.0
2084898045,3,0.0
2084898055,3,0.0
2084898065,3,0.0
2084898075,3,0.0
2084898085,3,0.0
2084898095,3,0.0
2084898105,3,0.0
2084898115,3,0.0
2084898125,3,0.0
2084898135,3,0.0
2084898145,3,0.0
2084898155,3,0.0
2084898165,3,0.0
2084898175,3,0.0
2084898185,3,0.0
2084898195,3,0.0
2084898205,3,0.0
2084898215,3,0.0
2084898225,3,0.0
2084898235,3,0.0
2084898245,3,0.0
2084898255,3,0.0
2084898265,3,0.0
2084898275,3,0.0
2084898285,3,0.0
2084898295,3,0.0
2084898305,3,0.0
2084898315,3,0.0
2084898325,3,0.0
2084898335,3,0.0
2084898345,3,0.0
2084898355,3,0.0
2084898365,3,0.0
2084898375,3,0.0
2084898385,3,0.0
2084898395,3,0.0
2084898405,3,0.0
2084898415,3,0.0
2084898425,3,0.0
2084898435,3,0.0
2084898445,3,0.0
2084898455,3,0.0
2084898465,3,0.0
2084898475,3,0.0
2084898485,3,0.0
2084898495,3,0.0
2084898505,3,0.0
2084898515,3,0.0
2084898525,3,0.0
2084898535,3,0.0
2084898545,3,0.0
2084898555,3,0.0
2084898565,3,0.0
2084898575,3,0.0
2084898585,3,0.0
2084898595,3,0.0
2084898605,3,0.0
2084898615,3,0.0
2084898625,3,0.0
2084898635,3,0.0
2084898645,3,0.0
2084898655,3,0.0
2084898665,3,0.0
2084898675,3,0.0
2084898685,3,0.0
2084898695,3,0.0
2084898705,3,0.0
2084898715,3,0.0
2084898725,3,0.0
2084898735,3,0.0
2084898745,3,0.0
2084898755,3,0.0
2084898765,3,0.0
2084898775,3,0.0
2084898785,3,0.0
2084898795,3,0.0
2084898805,3,0.0
2084898815,3,0.0
2084898825,3,0.0
2084898835,3,0.0
2084898845,3,0.0
2084898855,3,0.0
2084898865,3,0.0
2084898875,3,0.0
2084898885,3,0.0
2084898895,3,0.0
2084898905,3,0.0
2084898915,3,0.0
2084898925,3,0.0
2084898935,3,0.0
2084898945,3,0.0
2084898955,3,0.0
2084898965,3,0.0
2084898975,3,0.0
2084898985,3,0.0
2084898995,3,0.0
2084899005,3,0.0
2084899015,3,0.0
2084899025,3,0.0
2084899035,3,0.0
2084899045,3,0.0
2084899055,3,0.0
2084899065,3,0.0
2084899075,3,0.0
2084899085,3,0.0
2084899095,3,0.0
2084899105,3,0.0
2084899115,3,0.0
2084899125,3,0.0
2084899135,3,0.0
2084899145,3,0.0
2084899155,3,0.0
2084899165,3,0.0
2084899175,3,0.0
2084899185,3,0.0
2084899195,3,0.0
2084899205,3,0.0
2084899215,3,0.0
2084899225,3,0.0
2084899235,3,0.0
2084899245,3,0.0
2084899255,3,0.0
2084899265,3,0.0
2084899275,3,0.0
2084899285,3,0.0
2084899295,3,0.0
2084899305,3,0.0
2084899315,3,0.0
2084899325,3,0.0
2084899335,3,0.0
2084899345,3,0.0
2084899355,3,0.0
2084899365,3,0.0
2084899375,3,0.0
2084899385,3,0.0
2084899395,3,0.0
2084899405,3,0.0
2084899415,3,0.0
2084899425,3,0.0
2084899435,3,0.0
2084899445,3,0.0
2084899455,3,0.0
2084899465,3,0.0
2084899475,3,0.0
2084899485,3,0.0
2084899495,3,0.0
2084899505,3,0.0
2084899515,3,0.0
2084899525,3,0.0
2084899535,3,0.0
2084899545,3,0.0
2084899555,3,0.0
2084899565,3,0.0
2084899575,3,0.0
2084899585,3,0.0
2084899595,3,0.0
2084899605,3,0.0
2084899615,3,0.0
2084899625,3,0.0
2084899635,3,0.0
2084899645,3,0.0
2084899655,3,0.0
2084899665,3,0.0
2084899675,3,0.0
2084899685,3,0.0
2084899695,3,0.0
2084899705,3,0.0
2084899715,3,0.0
2084899725,3,0.0
2084899735,3,0.0
2084899745,3,0.0
2084899755,3,0.0
2084899765,3,0.0
2084899775,3,0.0
2084899785,3,0.0
2084899795,3,0.0
2084899805,3,0.0
2084899815,3,0.0
2084899825,3,0.0
2084899835,3,0.0
2084899845,3,0.0
2084899855,3,0.0
2084899865,3,0.0
2084899875,3,0.0
2084899885,3,0.0
2084899895,3,0.0
2084899905,3,0.0
2084899915,3,0.0
2084899925,3,0.0
2084899935,3,0.0
2084899945,3,0.0
2084899955,3,0.0
2084899965,3,0.0
2084899975,3,0.0
2084899985,3,0.0
2084899995,3,0.0
2084900005,3,0.0
2084900015,3,0.0
2084900025,3,0.0
2084900035,3,0.0
2084900045,3,0.0
2084900055,3,0.0
2084900065,3,0.0
2084900075,3,0.0
2084900085,3,0.0
2084900095,3,0.0
2084900105,3,0.0
2084900115,3,0.0
2084900125,3,0.0
2084900135,3,0.0
2084900145,3,0.0
2084900155,3,0.0
2084900165,3,0.0
2084900175,3,0.0
2084900185,3,0.0
2084900195,3,0.0
2084900205,3,0.0
2084900215,3,0.0
2084900225,3,0.0
2084900235,3,0.0
2084900245,3,0.0
2084900255,3,0.0
2084900265,3,0.0
2084900275,3,0.0
2084900285,3,0.0
2084900295,3,0.0
2084900305,3,0.0
2084900315,3,0.0
2084900325,3,0.0
2084900335,3,0.0
2084900345,3,0.0
2084900355,3,0.0
2084900365,3,0.0
2084900375,3,0.0
2084900385,3,0.0
2084900395,3,0.0
2084900405,3,0.0
2084900415,3,0.0
2084900425,3,0.0
2084900435,3,0.0
2084900445,3,0.0
2084900455,3,0.0
2084900465,3,0.0
2084900475,3,0.0
2084900485,3,0.0
2084900495,3,0.0
2084900505,3,0.0
2084900515,3,0.0
2084900525,3,0.0
2084900535,3,0.0
2084900545,3,0.0
2084900555,3,0.0
2084900565,3,0.0
2084900575,3,0.0
2084900585,3,0.0
2084900595,3,0.0
2084900605,3,0.0
2084900615,3,0.0
2084900625,3,0.0
2084900635,3,0.0
2084900645,3,0.0
2084900655,3,0.0
2084900665,3,0.0
2084900675,3,0.0
2084900685,3,0.0
2084900695,3,0.0
2084900705,3,0.0
2084900715,3,0.0
2084900725,3,0.0
2084900735,3,0.0
2084900745,3,0.0
2084900755,3,0.0
2084900765,3,0.0
2084900775,3,0.0
2084900785,3,0.0
2084900795,3,0.0
2084900805,3,0.0
2084900815,3,0.0
2084900825,3,0.0
2084900835,3,0.0
2084900845,3,0.0
2084900855,3,0.0
2084900865,3,0.0
2084900875,3,0.0
2084900885,3,0.0
2084900895,3,0.0
2084900905,3,0.0
2084900915,3,0.0
2084900925,3,0.0
2084900935,3,0.0
2084900945,3,0.0
2084900955,3,0.0
2084900965,3,0.0
2084900975,3,0.0
2084900985,3,0.0
2084900995,3,0.0
2084901005,3,0.0
2084901015,3,0.0
2084901025,3,0.0
2084901035,3,0.0
2084901045,3,0.0
2084901055,3,0.0
2084901065,3,0.0
2084901075,3,0.0
2084901085,3,0.0
2084901095,3,0.0
2084901105,3,0.0
2084901115,3,0.0
2084901125,3,0.0
2084901135,3,0.0
2084901145,3,0.0
2084901155,3,0.0
2084901165,3,0.0
2084901175,3,0.0
2084901185,3,0.0
2084901195,3,0.0
2084901205,3,0.0
2084901215,3,0.0
2084901225,3,0.0
2084901235,3,0.0
2084901245,3,0.0
2084901255,3,0.0
2084901265,3,0.0
2084901275,3,0.0
2084901285,3,0.0
2084901295,3,0.0
2084901305,3,0.0
2084901315,3,0.0
2084901325,3,0.0
2084901335,3,0.0
2084901345,3,0.0
2084901355,3,0.0
2084901365,3,0.0
2084901375,3,0.0
2084901385,3,0.0
2084901395,3,0.0
2084901405,3,0.0
2084901415,3,0.0
2084901425,3,0.0
2084901435,3,0.0
2084901445,3,0.0
2084901455,3,0.0
2084901465,3,0.0
2084901475,3,0.0
2084901485,3,0.0
2084901495,3,0.0
2084901505,3,0.0
2084901515,3,0.0
2084901525,3,0.0
2084901535,3,0.0
2084901545,3,0.0
2084901555,3,0.0
2084901565,3,0.0
2084901575,3,0.0
2084901585,3,0.0
2084901595,3,0.0
2084901605,3,0.0
2084901615,3,0.0
2084901625,3,0.0
2084901635,3,0.0
2084901645,3,0.0
2084901655,3,0.0
2084901665,3,0.0
2084901675,3,0.0
2084901685,3,0.0
2084901695,3,0.0
2084901705,3,0.0
2084901715,3,0.0
2084901725,3,0.0
2084901735,3,0.0
2084901745,3,0.0
2084901755,3,0.0
2084901765,3,0.0
2084901775,3,0.0
2084901785,3,0.0
2084901795,3,0.0
2084901805,3,0.0
2084901815,3,0.0
2084901825,3,0.0
2084901835,3,0.0
2084901845,3,0.0
2084901855,3,0.0
2084901865,3,0.0
2084901875,3,0.0
2084901885,3,0.0
2084901895,3,0.0
2084901905,3,0.0
2084901915,3,0.0
2084901925,3,0.0
2084901935,3,0.0
2084901945,3,0.0
2084901955,3,0.0
2084901965,3,0.0
2084901975,3,0.0
2084901985,3,0.0
2084901995,3,0.0
2084902005,3,0.0
2084902015,3,0.0
2084902025,3,0.0
2084902035,3,0.0
2084902045,3,0.0
2084902055,3,0.0
2084902065,3,0.0
2084902075,3,0.0
2084902085,3,0.0
2084902095,3,0.0
2084902105,3,0.0
2084902115,3,0.0
2084902125,3,0.0
2084902135,3,0.0
2084902145,3,0.0
2084902155,3,0.0
2084902165,3,0.0
2084902175,3,0.0
2084902185,3,0.0
2084902195,3,0.0
2084902205,3,0.0
2084902215,3,0.0
2084902225,3,0.0
2084902235,3,0.0
2084902245,3,0.0
2084902255,3,0.0
2084902265,3,0.0
2084902275,3,0.0
2084902285,3,0.0
2084902295,3,0.0
2084902305,3,0.0
2084902315,3,0.0
2084902325,3,0.0
2084902335,3,0.0
2084902345,3,0.0
2084902355,3,0.0
2084902365,3,0.0
2084902375,3,0.0
2084902385,3,0.0
2084902395,3,0.0
2084902405,3,0.0
2084902415,3,0.0
2084902425,3,0.0
2084902435,3,0.0
2084902445,3,0.0
2084902455,3,0.0
2084902465,3,0.0
2084902475,3,0.0
2084902485,3,0.0
2084902495,3,0.0
2084902505,3,0.0
2084902515,3,0.0
2084902525,3,0.0
2084902535,3,0.0
2084902545,3,0.0
2084902555,3,0.0
2084902565,3,0.0
2084902575,3,0.0
2084902585,3,0.0
2084902595,3,0.0
2084902605,3,0.0
2084902615,3,0.0
2084902625,3,0.0
2084902635,3,0.0
2084902645,3,0.0
2084902655,3,0.0
2084902665,3,0.0
2084902675,3,0.0
2084902685,3,0.0
2084902695,3,0.0
2084902705,3,0.0
2084902715,3,0.0
2084902725,3,0.0
2084902735,3,0.0
2084902745,3,0.0
2084902755,3,0.0
2084902765,3,0.0
2084902775,3,0.0
2084902785,3,0.0
2084902795,3,0.0
2084902805,3,0.0
2084902815,3,0.0
2084902825,3,0.0
2084902835,3,0.0
2084902845,3,0.0
2084902855,3,0.0
2084902865,3,0.0
2084902875,3,0.0
2084902885,3,0.0
2084902895,3,0.0
2084902905,3,0.0
2084902915,3,0.0
2084902925,3,0.0
2084902935,3,0.0
2084902945,3,0.0
2084902955,3,0.0
2084902965,3,0.0
2084902975,3,0.0
2084902985,3,0.0
2084902995,3,0.0
2084903005,3,0.0
2084903015,3,0.0
2084903025,3,0.0
2084903035,3,0.0
2084903045,3,0.0
2084903055,3,0.0
2084903065,3,0.0
2084903075,3,0.0
2084903085,3,0.0
2084903095,3,0.0
2084903105,3,0.0
2084903115,3,0.0
2084903125,3,0.0
2084903135,3,0.0
2084903145,3,0.0
2084903155,3,0.0
2084903165,3,0.0
2084903175,3,0.0
2084903185,3,0.0
2084903195,3,0.0
2084903205,3,0.0
2084903215,3,0.0
2084903225,3,0.0
2084903235,3,0.0
2084903245,3,0.0
2084903255,3,0.0
2084903265,3,0.0
2084903275,3,0.0
2084903285,3,0.0
2084903295,3,0.0
2084903305,3,0.0
2084903315,3,0.0
2084903325,3,0.0
2084903335,3,0.0
2084903345,3,0.0
2084903355,3,0.0
2084903365,3,0.0
2084903375,3,0.0
2084903385,3,0.0
2084903395,3,0.0
2084903405,3,0.0
2084903415,3,0.0
2084903425,3,0.0
2084903435,3,0.0
2084903445,3,0.0
2084903455,3,0.0
2084903465,3,0.0
2084903475,3,0.0
2084903485,3,0.0
2084903495,3,0.0
2084903505,3,0.0
2084903515,3,0.0
2084903525,3,0.0
2084903535,3,0.0
2084903545,3,0.0
2084903555,3,0.0
2084903565,3,0.0
2084903575,3,0.0
2084903585,3,0.0
2084903595,3,0.0
2084903605,3,0.0
2084903615,3,0.0
2084903625,3,0.0
2084903635,3,0.0
2084903645,3,0.0
2084903655,3,0.0
2084903665,3,0.0
2084903675,3,0.0
2084903685,3,0.0
2084903695,3,0.0
2084903705,3,0.0
2084903715,3,0.0
2084903725,3,0.0
2084903735,3,0.0
2084903745,3,0.0
2084903755,3,0.0
2084903765,3,0.0
2084903775,3,0.0
2084903785,3,0.0
2084903795,3,0.0
2084903805,3,0.0
2084903815,3,0.0
2084903825,3,0.0
2084903835,3,0.0
2084903845,3,0.0
2084903855,3,0.0
2084903865,3,0.0
2084903875,3,0.0
2084903885,3,0.0
2084903895,3,0.0
2084903905,3,0.0
2084903915,3,0.0
2084903925,3,0.0
2084903935,3,0.0
2084903945,3,0.0
2084903955,3,0.0
2084903965,3,0.0
2084903975,3,0.0
2084903985,3,0.0
2084903995,3,0.0
2084904005,3,0.0
2084904015,3,0.0
2084904025,3,0.0
2084904035,3,0.0
2084904045,3,0.0
2084904055,3,0.0
2084904065,3,0.0
2084904075,3,0.0
2084904085,3,0.0
2084904095,3,0.0
2084904105,3,0.0
2084904115,3,0.0
2084904125,3,0.0
2084904135,3,0.0
2084904145,3,0.0
2084904155,3,0.0
2084904165,3,0.0
2084904175,3,0.0
2084904185,3,0.0
2084904195,3,0.0
2084904205,3,0.0
2084904215,3,0.0
2084904225,3,0.0
2084904235,3,0.0
2084904245,3,0.0
2084904255,3,0.0
2084904265,3,0.0
2084904275,3,0.0
2084904285,3,0.0
2084904295,3,0.0
2084904305,3,0.0
2084904315,3,0.0
2084904325,3,0.0
2084904335,3,0.0
2084904345,3,0.0
2084904355,3,0.0
2084904365,3,0.0
2084904375,3,0.0
2084904385,3,0.0
2084904395,3,0.0
2084904405,3,0.0
2084904415,3,0.0
2084904425,3,0.0
2084904435,3,0.0
2084904445,3,0.0
2084904455,3,0.0
2084904465,3,0.0
2084904475,3,0.0
2084904485,3,0.0
2084904495,3,0.0
2084904505,3,0.0
2084904515,3,0.0
2084904525,3,0.0
2084904535,3,0.0
2084904545,3,0.0
2084904555,3,0.0
2084904565,3,0.0
2084904575,3,0.0
2084904585,3,0.0
2084904595,3,0.0
2084904605,3,0.0
2084904615,3,0.0
2084904625,3,0.0
2084904635,3,0.0
2084904645,3,0.0
2084904655,3,0.0
2084904665,3,0.0
2084904675,3,0.0
2084904685,3,0.0
2084904695,3,0.0
2084904705,3,0.0
2084904715,3,0.0
2084904725,3,0.0
2084904735,3,0.0
2084904745,3,0.0
2084904755,3,0.0
2084904765,3,0.0
2084904775,3,0.0
2084904785,3,0.0
2084904795,3,0.0
2084904805,3,0.0
2084904815,3,0.0
2084904825,3,0.0
2084904835,3,0.0
2084904845,3,0.0
2084904855,3,0.0
2084904865,3,0.0
2084904875,3,0.0
2084904885,3,0.0
2084904895,3,0.0
2084904905,3,0.0
2084904915,3,0.0
2084904925,3,0.0
2084904935,3,0.0
2084904945,3,0.0
2084904955,3,0.0
2084904965,3,0.0
2084904975,3,0.0
2084904985,3,0.0
2084904995,3,0.0
2084905005,3,0.0
2084905015,3,0.0
2084905025,3,0.0
2084905035,3,0.0
2084905045,3,0.0
2084905055,3,0.0
2084905065,3,0.0
2084905075,3,0.0
2084905085,3,0.0
2084905095,3,0.0
2084905105,3,0.0
2084905115,3,0.0
2084905125,3,0.0
2084905135,3,0.0
2084905145,3,0.0
2084905155,3,0.0
2084905165,3,0.0
2084905175,3,0.0
2084905185,3,0.0
2084905195,3,0.0
2084905205,3,0.0
2084905215,3,0.0
2084905225,3,0.0
2084905235,3,0.0
2084905245,3,0.0
2084905255,3,0.0
2084905265,3,0.0
2084905275,3,0.0
2084905285,3,0.0
2084905295,3,0.0
2084905305,3,0.0
2084905315,3,0.0
2084905325,3,0.0
2084905335,3,0.0
2084905345,3,0.0
2084905355,3,0.0
2084905365,3,0.0
2084905375,3,0.0
2084905385,3,0.0
2084905395,3,0.0
2084905405,3,0.0
2084905415,3,0.0
2084905425,3,0.0
2084905435,3,0.0
2084905445,3,0.0
2084905455,3,0.0
2084905465,3,0.0
2084905475,3,0.0
2084905485,3,0.0
2084905495,3,0.0
2084905505,3,0.0
2084905515,3,0.0
2084905525,3,0.0
2084905535,3,0.0
2084905545,3,0.0
2084905555,3,0.0
2084905565,3,0.0
2084905575,3,0.0
2084905585,3,0.0
2084905595,3,0.0
2084905605,3,0.0
2084905615,3,0.0
2084905625,3,0.0
2084905635,3,0.0
2084905645,3,0.0
2084905655,3,0.0
2084905665,3,0.0
2084905675,3,0.0
2084905685,3,0.0
2084905695,3,0.0
2084905705,3,0.0
2084905715,3,0.0
2084905725,3,0.0
2084905735,3,0.0
2084905745,3,0.0
2084905755,3,0.0
2084905765,3,0.0
2084905775,3,0.0
2084905785,3,0.0
2084905795,3,0.0
2084905805,3,0.0
2084905815,3,0.0
2084905825,3,0.0
2084905835,3,0.0
2084905845,3,0.0
2084905855,3,0.0
2084905865,3,0.0
2084905875,3,0.0
2084905885,3,0.0
2084905895,3,0.0
2084905905,3,0.0
2084905915,3,0.0
2084905925,3,0.0
2084905935,3,0.0
2084905945,3,0.0
2084905955,3,0.0
2084905965,3,0.0
2084905975,3,0.0
2084905985,3,0.0
2084905995,3,0.0
2084906005,3,0.0
2084906015,3,0.0
2084906025,3,0.0
2084906035,3,0.0
2084906045,3,0.0
2084906055,3,0.0
2084906065,3,0.0
2084906075,3,0.0
2084906085,3,0.0
2084906095,3,0.0
2084906105,3,0.0
2084906115,3,0.0
2084906125,3,0.0
2084906135,3,0.0
2084906145,3,0.0
2084906155,3,0.0
2084906165,3,0.0
2084906175,3,0.0
2084906185,3,0.0
2084906195,3,0.0
2084906205,3,0.0
2084906215,3,0.0
2084906225,3,0.0
2084906235,3,0.0
2084906245,3,0.0
2084906255,3,0.0
2084906265,3,0.0
2084906275,3,0.0
2084906285,3,0.0
2084906295,3,0.0
2084906305,3,0.0
2084906315,3,0.0
2084906325,3,0.0
2084906335,3,0.0
2084906345,3,0.0
2084906355,3,0.0
2084906365,3,0.0
2084906375,3,0.0
2084906385,3,0.0
2084906395,3,0.0
2084906405,3,0.0
2084906415,3,0.0
2084906425,3,0.0
2084906435,3,0.0
2084906445,3,0.0
2084906455,3,0.0
2084906465,3,0.0
2084906475,3,0.0
2084906485,3,0.0
2084906495,3,0.0
2084906505,3,0.0
2084906515,3,0.0
2084906525,3,0.0
2084906535,3,0.0
2084906545,3,0.0
2084906555,3,0.0
2084906565,3,0.0
2084906575,3,0.0
2084906585,3,0.0
2084906595,3,0.0
2084906605,3,0.0
2084906615,3,0.0
2084906625,3,0.0
2084906635,3,0.0
2084906645,3,0.0
2084906655,3,0.0
2084906665,3,0.0
2084906675,3,0.0
2084906685,3,0.0
2084906695,3,0.0
2084906705,3,0.0
2084906715,3,0.0
2084906725,3,0.0
2084906735,3,0.0
2084906745,3,0.0
2084906755,3,0.0
2084906765,3,0.0
2084906775,3,0.0
2084906785,3,0.0
2084906795,3,0.0
2084906805,3,0.0
2084906815,3,0.0
2084906825,3,0.0
2084906835,3,0.0
2084906845,3,0.0
2084906855,3,0.0
2084906865,3,0.0
2084906875,3,0.0
2084906885,3,0.0
2084906895,3,0.0
2084906905,3,0.0
2084906915,3,0.0
2084906925,3,0.0
2084906935,3,0.0
2084906945,3,0.0
2084906955,3,0.0
2084906965,3,0.0
2084906975,3,0.0
2084906985,3,0.0
2084906995,3,0.0
2084907005,3,0.0
2084907015,3,0.0
2084907025,3,0.0
2084907035,3,0.0
2084907045,3,0.0
2084907055,3,0.0
2084907065,3,0.0
2084907075,3,0.0
2084907085,3,0.0
2084907095,3,0.0
2084907105,3,0.0
2084907115,3,0.0
2084907125,3,0.0
2084907135,3,0.0
2084907145,3,0.0
2084907155,3,0.0
2084907165,3,0.0
2084907175,3,0.0
2084907185,3,0.0
2084907195,3,0.0
2084907205,3,0.0
2084907215,3,0.0
2084907225,3,0.0
2084907235,3,0.0
2084907245,3,0.0
2084907255,3,0.0
2084907265,3,0.0
2084907275,3,0.0
2084907285,3,0.0
2084907295,3,0.0
2084907305,3,0.0
2084907315,3,0.0
2084907325,3,0.0
2084907335,3,0.0
2084907345,3,0.0
2084907355,3,0.0
2084907365,3,0.0
2084907375,3,0.0
2084907385,3,0.0
2084907395,3,0.0
2084907405,3,0.0
2084907415,3,0.0
2084907425,3,0.0
2084907435,3,0.0
2084907445,3,0.0
2084907455,3,0.0
2084907465,3,0.0
2084907475,3,0.0
2084907485,3,0.0
2084907495,3,0.0
2084907505,3,0.0
2084907515,3,0.0
2084907525,3,0.0
2084907535,3,0.0
2084907545,3,0.0
2084907555,3,0.0
2084907565,3,0.0
2084907575,3,0.0
2084907585,3,0.0
2084907595,3,0.0
2084907605,3,0.0
2084907615,3,0.0
2084907625,3,0.0
2084907635,3,0.0
2084907645,3,0.0
2084907655,3,0.0
2084907665,3,0.0
2084907675,3,0.0
2084907685,3,0.0
2084907695,3,0.0
2084907705,3,0.0
2084907715,3,0.0
2084907725,3,0.0
2084907735,3,0.0
2084907745,3,0.0
2084907755,3,0.0
2084907765,3,0.0
2084907775,3,0.0
2084907785,3,0.0
2084907795,3,0.0
2084907805,3,0.0
2084907815,3,0.0
2084907825,3,0.0
2084907835,3,0.0
2084907845,3,0.0
2084907855,3,0.0
2084907865,3,0.0
2084907875,3,0.0
2084907885,3,0.0
2084907895,3,0.0
2084907905,3,0.0
2084907915,3,0.0
2084907925,3,0.0
2084907935,3,0.0
2084907945,3,0.0
2084907955,3,0.0
2084907965,3,0.0
2084907975,3,0.0
2084907985,3,0.0
2084907995,3,0.0
2084908005,3,0.0
2084908015,3,0.0
2084908025,3,0.0
2084908035,3,0.0
2084908045,3,0.0
2084908055,3,0.0
2084908065,3,0.0
2084908075,3,0.0
2084908085,3,0.0
2084908095,3,0.0
2084908105,3,0.0
2084908115,3,0.0
2084908125,3,0.0
2084908135,3,0.0
2084908145,3,0.0
2084908155,3,0.0
2084908165,3,0.0
2084908175,3,0.0
2084908185,3,0.0
2084908195,3,0.0
2084908205,3,0.0
2084908215,3,0.0
2084908225,3,0.0
2084908235,3,0.0
2084908245,3,0.0
2084908255,3,0.0
2084908265,3,0.0
2084908275,3,0.0
2084908285,3,0.0
2084908295,3,0.0
2084908305,3,0.0
2084908315,3,0.0
2084908325,3,0.0
2084908335,3,0.0
2084908345,3,0.0
2084908355,3,0.0
2084908365,3,0.0
2084908375,3,0.0
2084908385,3,0.0
2084908395,3,0.0
2084908405,3,0.0
2084908415,3,0.0
2084908425,3,0.0
2084908435,3,0.0
2084908445,3,0.0
2084908455,3,0.0
2084908465,3,0.0
2084908475,3,0.0
2084908485,3,0.0
2084908495,3,0.0
2084908505,3,0.0
2084908515,3,0.0
2084908525,3,0.0
2084908535,3,0.0
2084908545,3,0.0
2084908555,3,0.0
2084908565,3,0.0
2084908575,3,0.0
2084908585,3,0.0
2084908595,3,0.0
2084908605,3,0.0
2084908615,3,0.0
2084908625,3,0.0
2084908635,3,0.0
2084908645,3,0.0
2084908655,3,0.0
2084908665,3,0.0
2084908675,3,0.0
2084908685,3,0.0
2084908695,3,0.0
2084908705,3,0.0
2084908715,3,0.0
2084908725,3,0.0
2084908735,3,0.0
2084908745,3,0.0
2084908755,3,0.0
2084908765,3,0.0
2084908775,3,0.0
2084908785,3,0.0
2084908795,3,0.0
2084908805,3,0.0
2084908815,3,0.0
2084908825,3,0.0
2084908835,3,0.0
2084908845,3,0.0
2084908855,3,0.0
2084908865,3,0.0
2084908875,3,0.0
2084908885,3,0.0
2084908895,3,0.0
2084908905,3,0.0
2084908915,3,0.0
2084908925,3,0.0
2084908935,3,0.0
2084908945,3,0.0
2084908955,3,0.0
2084908965,3,0.0
2084908975,3,0.0
2084908985,3,0.0
2084908995,3,0.0
2084909005,3,0.0
2084909015,3,0.0
2084909025,3,0.0
2084909035,3,0.0
2084909045,3,0.0
2084909055,3,0.0
2084909065,3,0.0
2084909075,3,0.0
2084909085,3,0.0
2084909095,3,0.0
2084909105,3,0.0
2084909115,3,0.0
2084909125,3,0.0
2084909135,3,0.0
2084909145,3,0.0
2084909155,3,0.0
2084909165,3,0.0
2084909175,3,0.0
2084909185,3,0.0
2084909195,3,0.0
2084909205,3,0.0
2084909215,3,0.0
2084909225,3,0.0
2084909235,3,0.0
2084909245,3,0.0
2084909255,3,0.0
2084909265,3,0.0
2084909275,3,0.0
2084909285,3,0.0
2084909295,3,0.0
2084909305,3,0.0
2084909315,3,0.0
2084909325,3,0.0
2084909335,3,0.0
2084909345,3,0.0
2084909355,3,0.0
2084909365,3,0.0
2084909375,3,0.0
2084909385,3,0.0
2084909395,3,0.0
2084909405,3,0.0
2084909415,3,0.0
2084909425,3,0.0
2084909435,3,0.0
2084909445,3,0.0
2084909455,3,0.0
2084909465,3,0.0
2084909475,3,0.0
2084909485,3,0.0
2084909495,3,0.0
2084909505,3,0.0
2084909515,3,0.0
2084909525,3,0.0
2084909535,3,0.0
2084909545,3,0.0
2084909555,3,0.0
2084909565,3,0.0
2084909575,3,0.0
2084909585,3,0.0
2084909595,3,0.0
2084909605,3,0.0
2084909615,3,0.0
2084909625,3,0.0
2084909635,3,0.0
2084909645,3,0.0
2084909655,3,0.0
2084909665,3,0.0
2084909675,3,0.0
2084909685,3,0.0
2084909695,3,0.0
2084909705,3,0.0
2084909715,3,0.0
2084909725,3,0.0
2084909735,3,0.0
2084909745,3,0.0
2084909755,3,0.0
2084909765,3,0.0
2084909775,3,0.0
2084909785,3,0.0
2084909795,3,0.0
2084909805,3,0.0
2084909815,3,0.0
2084909825,3,0.0
2084909835,3,0.0
2084909845,3,0.0
2084909855,3,0.0
2084909865,3,0.0
2084909875,3,0.0
2084909885,3,0.0
2084909895,3,0.0
2084909905,3,0.0
2084909915,3,0.0
2084909925,3,0.0
2084909935,3,0.0
2084909945,3,0.0
2084909955,3,0.0
2084909965,3,0.0
2084909975,3,0.0
2084909985,3,0.0
2084909995,3,0.0
2084910005,3,0.0
2084910015,3,0.0
2084910025,3,0.0
2084910035,3,0.0
2084910045,3,0.0
2084910055,3,0.0
2084910065,3,0.0
2084910075,3,0.0
2084910085,3,0.0
2084910095,3,0.0
2084910105,3,0.0
2084910115,3,0.0
2084910125,3,0.0
2084910135,3,0.0
2084910145,3,0.0
2084910155,3,0.0
2084910165,3,0.0
2084910175,3,0.0
2084910185,3,0.0
2084910195,3,0.0
2084910205,3,0.0
2084910215,3,0.0
2084910225,3,0.0
2084910235,3,0.0
2084910245,3,0.0
2084910255,3,0.0
2084910265,3,0.0
2084910275,3,0.0
2084910285,3,0.0
2084910295,3,0.0
2084910305,3,0.0
2084910315,3,0.0
2084910325,3,0.0
2084910335,3,0.0
2084910345,3,0.0
2084910355,3,0.0
2084910365,3,0.0
2084910375,3,0.0
2084910385,3,0.0
2084910395,3,0.0
2084910405,3,0.0
2084910415,3,0.0
2084910425,3,0.0
2084910435,3,0.0
2084910445,3,0.0
2084910455,3,0.0
2084910465,3,0.0
2084910475,3,0.0
2084910485,3,0.0
2084910495,3,0.0
2084910505,3,0.0
2084910515,3,0.0
2084910525,3,0.0
2084910535,3,0.0
2084910545,3,0.0
2084910555,3,0.0
2084910565,3,0.0
2084910575,3,0.0
2084910585,3,0.0
2084910595,3,0.0
2084910605,3,0.0
2084910615,3,0.0
2084910625,3,0.0
2084910635,3,0.0
2084910645,3,0.0
2084910655,3,0.0
2084910665,3,0.0
2084910675,3,0.0
2084910685,3,0.0
2084910695,3,0.0
2084910705,3,0.0
2084910715,3,0.0
2084910725,3,0.0
2084910735,3,0.0
2084910745,3,0.0
2084910755,3,0.0
2084910765,3,0.0
2084910775,3,0.0
2084910785,3,0.0
2084910795,3,0.0
2084910805,3,0.0
2084910815,3,0.0
2084910825,3,0.0
2084910835,3,0.0
2084910845,3,0.0
2084910855,3,0.0
2084910865,3,0.0
2084910875,3,0.0
2084910885,3,0.0
2084910895,3,0.0
2084910905,3,0.0
2084910915,3,0.0
2084910925,3,0.0
2084910935,3,0.0
2084910945,3,0.0
2084910955,3,0.0
2084910965,3,0.0
2084910975,3,0.0
2084910985,3,0.0
2084910995,3,0.0
2084911005,3,0.0
2084911015,3,0.0
2084911025,3,0.0
2084911035,3,0.0
2084911045,3,0.0
2084911055,3,0.0
2084911065,3,0.0
2084911075,3,0.0
2084911085,3,0.0
2084911095,3,0.0
2084911105,3,0.0
2084911115,3,0.0
2084911125,3,0.0
2084911135,3,0.0
2084911145,3,0.0
2084911155,3,0.0
2084911165,3,0.0
2084911175,3,0.0
2084911185,3,0.0
2084911195,3,0.0
2084911205,3,0.0
2084911215,3,0.0
2084911225,3,0.0
2084911235,3,0.0
2084911245,3,0.0
2084911255,3,0.0
2084911265,3,0.0
2084911275,3,0.0
2084911285,3,0.0
2084911295,3,0.0
2084911305,3,0.0
2084911315,3,0.0
2084911325,3,0.0
2084911335,3,0.0
2084911345,3,0.0
2084911355,3,0.0
2084911365,3,0.0
2084911375,3,0.0
2084911385,3,0.0
2084911395,3,0.0
2084911405,3,0.0
2084911415,3,0.0
2084911425,3,0.0
2084911435,3,0.0
2084911445,3,0.0
2084911455,3,0.0
2084911465,3,0.0
2084911475,3,0.0
2084911485,3,0.0
2084911495,3,0.0
2084911505,3,0.0
2084911515,3,0.0
2084911525,3,0.0
2084911535,3,0.0
2084911545,3,0.0
2084911555,3,0.0
2084911565,3,0.0
2084911575,3,0.0
2084911585,3,0.0
2084911595,3,0.0
2084911605,3,0.0
2084911615,3,0.0
2084911625,3,0.0
2084911635,3,0.0
2084911645,3,0.0
2084911655,3,0.0
2084911665,3,0.0
2084911675,3,0.0
2084911685,3,0.0
2084911695,3,0.0
2084911705,3,0.0
2084911715,3,0.0
2084911725,3,0.0
2084911735,3,0.0
2084911745,3,0.0
2084911755,3,0.0
2084911765,3,0.0
2084911775,3,0.0
2084911785,3,0.0
2084911795,3,0.0
2084911805,3,0.0
2084911815,3,0.0
2084911825,3,0.0
2084911835,3,0.0
2084911845,3,0.0
2084911855,3,0.0
2084911865,3,0.0
2084911875,3,0.0
2084911885,3,0.0
2084911895,3,0.0
2084911905,3,0.0
2084911915,3,0.0
2084911925,3,0.0
2084911935,3,0.0
2084911945,3,0.0
2084911955,3,0.0
2084911965,3,0.0
2084911975,3,0.0
2084911985,3,0.0
2084911995,3,0.0
2084912005,3,0.0
2084912015,3,0.0
2084912025,3,0.0
2084912035,3,0.0
2084912045,3,0.0
2084912055,3,0.0
2084912065,3,0.0
2084912075,3,0.0
2084912085,3,0.0
2084912095,3,0.0
2084912105,3,0.0
2084912115,3,0.0
2084912125,3,0.0
2084912135,3,0.0
2084912145,3,0.0
2084912155,3,0.0
2084912165,3,0.0
2084912175,3,0.0
2084912185,3,0.0
2084912195,3,0.0
2084912205,3,0.0
2084912215,3,0.0
2084912225,3,0.0
2084912235,3,0.0
2084912245,3,0.0
2084912255,3,0.0
2084912265,3,0.0
2084912275,3,0.0
2084912285,3,0.0
2084912295,3,0.0
2084912305,3,0.0
2084912315,3,0.0
2084912325,3,0.0
2084912335,3,0.0
2084912345,3,0.0
2084912355,3,0.0
2084912365,3,0.0
2084912375,3,0.0
2084912385,3,0.0
2084912395,3,0.0
2084912405,3,0.0
2084912415,3,0.0
2084912425,3,0.0
2084912435,3,0.0
2084912445,3,0.0
2084912455,3,0.0
2084912465,3,0.0
2084912475,3,0.0
2084912485,3,0.0
2084912495,3,0.0
2084912505,3,0.0
2084912515,3,0.0
2084912525,3,0.0
2084912535,3,0.0
2084912545,3,0.0
2084912555,3,0.0
2084912565,3,0.0
2084912575,3,0.0
2084912585,3,0.0
2084912595,3,0.0
2084912605,3,0.0
2084912615,3,0.0
2084912625,3,0.0
2084912635,3,0.0
2084912645,3,0.0
2084912655,3,0.0
2084912665,3,0.0
2084912675,3,0.0
2084912685,3,0.0
2084912695,3,0.0
2084912705,3,0.0
2084912715,3,0.0
2084912725,3,0.0
2084912735,3,0.0
2084912745,3,0.0
2084912755,3,0.0
2084912765,3,0.0
2084912775,3,0.0
2084912785,3,0.0
2084912795,3,0.0
2084912805,3,0.0
2084912815,3,0.0
2084912825,3,0.0
2084912835,3,0.0
2084912845,3,0.0
2084912855,3,0.0
2084912865,3,0.0
2084912875,3,0.0
2084912885,3,0.0
2084912895,3,0.0
2084912905,3,0.0
2084912915,3,0.0
2084912925,3,0.0
2084912935,3,0.0
2084912945,3,0.0
2084912955,3,0.0
2084912965,3,0.0
2084912975,3,0.0
2084912985,3,0.0
2084912995,3,0.0
2084913005,3,0.0
2084913015,3,0.0
2084913025,3,0.0
2084913035,3,0.0
2084913045,3,0.0
2084913055,3,0.0
2084913065,3,0.0
2084913075,3,0.0
2084913085,3,0.0
2084913095,3,0.0
2084913105,3,0.0
2084913115,3,0.0
2084913125,3,0.0
2084913135,3,0.0
2084913145,3,0.0
2084913155,3,0.0
2084913165,3,0.0
2084913175,3,0.0
2084913185,3,0.0
2084913195,3,0.0
2084913205,3,0.0
2084913215,3,0.0
2084913225,3,0.0
2084913235,3,0.0
2084913245,3,0.0
2084913255,3,0.0
2084913265,3,0.0
2084913275,3,0.0
2084913285,3,0.0
2084913295,3,0.0
2084913305,3,0.0
2084913315,3,0.0
2084913325,3,0.0
2084913335,3,0.0
2084913345,3,0.0
2084913355,3,0.0
2084913365,3,0.0
2084913375,3,0.0
2084913385,3,0.0
2084913395,3,0.0
2084913405,3,0.0
2084913415,3,0.0
2084913425,3,0.0
2084913435,3,0.0
2084913445,3,0.0
2084913455,3,0.0
2084913465,3,0.0
2084913475,3,0.0
2084913485,3,0.0
2084913495,3,0.0
2084913505,3,0.0
2084913515,3,0.0
2084913525,3,0.0
2084913535,3,0.0
2084913545,3,0.0
2084913555,3,0.0
2084913565,3,0.0
2084913575,3,0.0
2084913585,3,0.0
2084913595,3,0.0
2084913605,3,0.0
2084913615,3,0.0
2084913625,3,0.0
2084913635,3,0.0
2084913645,3,0.0
2084913655,3,0.0
2084913665,3,0.0
2084913675,3,0.0
2084913685,3,0.0
2084913695,3,0.0
2084913705,3,0.0
2084913715,3,0.0
2084913725,3,0.0
2084913735,3,0.0
2084913745,3,0.0
2084913755,3,0.0
2084913765,3,0.0
2084913775,3,0.0
2084913785,3,0.0
2084913795,3,0.0
2084913805,3,0.0
2084913815,3,0.0
2084913825,3,0.0
2084913835,3,0.0
2084913845,3,0.0
2084913855,3,0.0
2084913865,3,0.0
2084913875,3,0.0
2084913885,3,0.0
2084913895,3,0.0
2084913905,3,0.0
2084913915,3,0.0
2084913925,3,0.0
2084913935,3,0.0
2084913945,3,0.0
2084913955,3,0.0
2084913965,3,0.0
2084913975,3,0.0
2084913985,3,0.0
2084913995,3,0.0
2084914005,3,0.0
2084914015,3,0.0
2084914025,3,0.0
2084914035,3,0.0
2084914045,3,0.0
2084914055,3,0.0
2084914065,3,0.0
2084914075,3,0.0
2084914085,3,0.0
2084914095,3,0.0
2084914105,3,0.0
2084914115,3,0.0
2084914125,3,0.0
2084914135,3,0.0
2084914145,3,0.0
2084914155,3,0.0
2084914165,3,0.0
2084914175,3,0.0
2084914185,3,0.0
2084914195,3,0.0
2084914205,3,0.0
2084914215,3,0.0
2084914225,3,0.0
2084914235,3,0.0
2084914245,3,0.0
2084914255,3,0.0
2084914265,3,0.0
2084914275,3,0.0
2084914285,3,0.0
2084914295,3,0.0
2084914305,3,0.0
2084914315,3,0.0
2084914325,3,0.0
2084914335,3,0.0
2084914345,3,0.0
2084914355,3,0.0
2084914365,3,0.0
2084914375,3,0.0
2084914385,3,0.0
2084914395,3,0.0
2084914405,3,0.0
2084914415,3,0.0
2084914425,3,0.0
2084914435,3,0.0
2084914445,3,0.0
2084914455,3,0.0
2084914465,3,0.0
2084914475,3,0.0
2084914485,3,0.0
2084914495,3,0.0
2084914505,3,0.0
2084914515,3,0.0
2084914525,3,0.0
2084914535,3,0.0
2084914545,3,0.0
2084914555,3,0.0
2084914565,3,0.0
2084914575,3,0.0
2084914585,3,0.0
2084914595,3,0.0
2084914605,3,0.0
2084914615,3,0.0
2084914625,3,0.0
2084914635,3,0.0
2084914645,3,0.0
2084914655,3,0.0
2084914665,3,0.0
2084914675,3,0.0
2084914685,3,0.0
2084914695,3,0.0
2084914705,3,0.0
2084914715,3,0.0
2084914725,3,0.0
2084914735,3,0.0
2084914745,3,0.0
2084914755,3,0.0
2084914765,3,0.0
2084914775,3,0.0
2084914785,3,0.0
2084914795,3,0.0
2084914805,3,0.0
2084914815,3,0.0
2084914825,3,0.0
2084914835,3,0.0
2084914845,3,0.0
2084914855,3,0.0
2084914865,3,0.0
2084914875,3,0.0
2084914885,3,0.0
2084914895,3,0.0
2084914905,3,0.0
2084914915,3,0.0
2084914925,3,0.0
2084914935,3,0.0
2084914945,3,0.0
2084914955,3,0.0
2084914965,3,0.0
2084914975,3,0.0
2084914985,3,0.0
2084914995,3,0.0
2084915005,3,0.0
2084915015,3,0.0
2084915025,3,0.0
2084915035,3,0.0
2084915045,3,0.0
2084915055,3,0.0
2084915065,3,0.0
2084915075,3,0.0
2084915085,3,0.0
2084915095,3,0.0
2084915105,3,0.0
2084915115,3,0.0
2084915125,3,0.0
2084915135,3,0.0
2084915145,3,0.0
2084915155,3,0.0
2084915165,3,0.0
2084915175,3,0.0
2084915185,3,0.0
2084915195,3,0.0
2084915205,3,0.0
2084915215,3,0.0
2084915225,3,0.0
2084915235,3,0.0
2084915245,3,0.0
2084915255,3,0.0
2084915265,3,0.0
2084915275,3,0.0
2084915285,3,0.0
2084915295,3,0.0
2084915305,3,0.0
2084915315,3,0.0
2084915325,3,0.0
2084915335,3,0.0
2084915345,3,0.0
2084915355,3,0.0
2084915365,3,0.0
2084915375,3,0.0
2084915385,3,0.0
2084915395,3,0.0
2084915405,3,0.0
2084915415,3,0.0
2084915425,3,0.0
2084915435,3,0.0
2084915445,3,0.0
2084915455,3,0.0
2084915465,3,0.0
2084915475,3,0.0
2084915485,3,0.0
2084915495,3,0.0
2084915505,3,0.0
2084915515,3,0.0
2084915525,3,0.0
2084915535,3,0.0
2084915545,3,0.0
2084915555,3,0.0
2084915565,3,0.0
2084915575,3,0.0
2084915585,3,0.0
2084915595,3,0.0
2084915605,3,0.0
2084915615,3,0.0
2084915625,3,0.0
2084915635,3,0.0
2084915645,3,0.0
2084915655,3,0.0
2084915665,3,0.0
2084915675,3,0.0
2084915685,3,0.0
2084915695,3,0.0
2084915705,3,0.0
2084915715,3,0.0
2084915725,3,0.0
2084915735,3,0.0
2084915745,3,0.0
2084915755,3,0.0
2084915765,3,0.0
2084915775,3,0.0
2084915785,3,0.0
2084915795,3,0.0
2084915805,3,0.0
2084915815,3,0.0
2084915825,3,0.0
2084915835,3,0.0
2084915845,3,0.0
2084915855,3,0.0
2084915865,3,0.0
2084915875,3,0.0
2084915885,3,0.0
2084915895,3,0.0
2084915905,3,0.0
2084915915,3,0.0
2084915925,3,0.0
2084915935,3,0.0
2084915945,3,0.0
2084915955,3,0.0
2084915965,3,0.0
2084915975,3,0.0
2084915985,3,0.0
2084915995,3,0.0
2084916005,3,0.0
2084916015,3,0.0
2084916025,3,0.0
2084916035,3,0.0
2084916045,3,0.0
2084916055,3,0.0
2084916065,3,0.0
2084916075,3,0.0
2084916085,3,0.0
2084916095,3,0.0
2084916105,3,0.0
2084916115,3,0.0
2084916125,3,0.0
2084916135,3,0.0
2084916145,3,0.0
2084916155,3,0.0
2084916165,3,0.0
2084916175,3,0.0
2084916185,3,0.0
2084916195,3,0.0
2084916205,3,0.0
2084916215,3,0.0
2084916225,3,0.0
2084916235,3,0.0
2084916245,3,0.0
2084916255,3,0.0
2084916265,3,0.0
2084916275,3,0.0
2084916285,3,0.0
2084916295,3,0.0
2084916305,3,0.0
2084916315,3,0.0
2084916325,3,0.0
2084916335,3,0.0
2084916345,3,0.0
2084916355,3,0.0
2084916365,3,0.0
2084916375,3,0.0
2084916385,3,0.0
2084916395,3,0.0
2084916405,3,0.0
2084916415,3,0.0
2084916425,3,0.0
2084916435,3,0.0
2084916445,3,0.0
2084916455,3,0.0
2084916465,3,0.0
2084916475,3,0.0
2084916485,3,0.0
2084916495,3,0.0
2084916505,3,0.0
2084916515,3,0.0
2084916525,3,0.0
2084916535,3,0.0
2084916545,3,0.0
2084916555,3,0.0
2084916565,3,0.0
2084916575,3,0.0
2084916585,3,0.0
2084916595,3,0.0
2084916605,3,0.0
2084916615,3,0.0
2084916625,3,0.0
2084916635,3,0.0
2084916645,3,0.0
2084916655,3,0.0
2084916665,3,0.0
2084916675,3,0.0
2084916685,3,0.0
2084916695,3,0.0
2084916705,3,0.0
2084916715,3,0.0
2084916725,3,0.0
2084916735,3,0.0
2084916745,3,0.0
2084916755,3,0.0
2084916765,3,0.0
2084916775,3,0.0
2084916785,3,0.0
2084916795,3,0.0
2084916805,3,0.0
2084916815,3,0.0
2084916825,3,0.0
2084916835,3,0.0
2084916845,3,0.0
2084916855,3,0.0
2084916865,3,0.0
2084916875,3,0.0
2084916885,3,0.0
2084916895,3,0.0
2084916905,3,0.0
2084916915,3,0.0
2084916925,3,0.0
2084916935,3,0.0
2084916945,3,0.0
2084916955,3,0.0
2084916965,3,0.0
2084916975,3,0.0
2084916985,3,0.0
2084916995,3,0.0
2084917005,3,0.0
2084917015,3,0.0
2084917025,3,0.0
2084917035,3,0.0
2084917045,3,0.0
2084917055,3,0.0
2084917065,3,0.0
2084917075,3,0.0
2084917085,3,0.0
2084917095,3,0.0
2084917105,3,0.0
2084917115,3,0.0
2084917125,3,0.0
2084917135,3,0.0
2084917145,3,0.0
2084917155,3,0.0
2084917165,3,0.0
2084917175,3,0.0
2084917185,3,0.0
2084917195,3,0.0
2084917205,3,0.0
2084917215,3,0.0
2084917225,3,0.0
2084917235,3,0.0
2084917245,3,0.0
2084917255,3,0.0
2084917265,3,0.0
2084917275,3,0.0
2084917285,3,0.0
2084917295,3,0.0
2084917305,3,0.0
2084917315,3,0.0
2084917325,3,0.0
2084917335,3,0.0
2084917345,3,0.0
2084917355,3,0.0
2084917365,3,0.0
2084917375,3,0.0
2084917385,3,0.0
2084917395,3,0.0
2084917405,3,0.0
2084917415,3,0.0
2084917425,3,0.0
2084917435,3,0.0
2084917445,3,0.0
2084917455,3,0.0
2084917465,3,0.0
2084917475,3,0.0
2084917485,3,0.0
2084917495,3,0.0
2084917505,3,0.0
2084917515,3,0.0
2084917525,3,0.0
2084917535,3,0.0
2084917545,3,0.0
2084917555,3,0.0
2084917565,3,0.0
2084917575,3,0.0
2084917585,3,0.0
2084917595,3,0.0
2084917605,3,0.0
2084917615,3,0.0
2084917625,3,0.0
2084917635,3,0.0
2084917645,3,0.0
2084917655,3,0.0
2084917665,3,0.0
2084917675,3,0.0
2084917685,3,0.0
2084917695,3,0.0
2084917705,3,0.0
2084917715,3,0.0
2084917725,3,0.0
2084917735,3,0.0
2084917745,3,0.0
2084917755,3,0.0
2084917765,3,0.0
2084917775,3,0.0
2084917785,3,0.0
2084917795,3,0.0
2084917805,3,0.0
2084917815,3,0.0
2084917825,3,0.0
2084917835,3,0.0
2084917845,3,0.0
2084917855,3,0.0
2084917865,3,0.0
2084917875,3,0.0
2084917885,3,0.0
2084917895,3,0.0
2084917905,3,0.0
2084917915,3,0.0
2084917925,3,0.0
2084917935,3,0.0
2084917945,3,0.0
2084917955,3,0.0
2084917965,3,0.0
2084917975,3,0.0
2084917985,3,0.0
2084917995,3,0.0
2084918005,3,0.0
2084918015,3,0.0
2084918025,3,0.0
2084918035,3,0.0
2084918045,3,0.0
2084918055,3,0.0
2084918065,3,0.0
2084918075,3,0.0
2084918085,3,0.0
2084918095,3,0.0
2084918105,3,0.0
2084918115,3,0.0
2084918125,3,0.0
2084918135,3,0.0
2084918145,3,0.0
2084918155,3,0.0
2084918165,3,0.0
2084918175,3,0.0
2084918185,3,0.0
2084918195,3,0.0
2084918205,3,0.0
2084918215,3,0.0
2084918225,3,0.0
2084918235,3,0.0
2084918245,3,0.0
2084918255,3,0.0
2084918265,3,0.0
2084918275,3,0.0
2084918285,3,0.0
2084918295,3,0.0
2084918305,3,0.0
2084918315,3,0.0
2084918325,3,0.0
2084918335,3,0.0
2084918345,3,0.0
2084918355,3,0.0
2084918365,3,0.0
2084918375,3,0.0
2084918385,3,0.0
2084918395,3,0.0
2084918405,3,0.0
2084918415,3,0.0
2084918425,3,0.0
2084918435,3,0.0
2084918445,3,0.0
2084918455,3,0.0
2084918465,3,0.0
2084918475,3,0.0
2084918485,3,0.0
2084918495,3,0.0
2084918505,3,0.0
2084918515,3,0.0
2084918525,3,0.0
2084918535,3,0.0
2084918545,3,0.0
2084918555,3,0.0
2084918565,3,0.0
2084918575,3,0.0
2084918585,3,0.0
2084918595,3,0.0
2084918605,3,0.0
2084918615,3,0.0
2084918625,3,0.0
2084918635,3,0.0
2084918645,3,0.0
2084918655,3,0.0
2084918665,3,0.0
2084918675,3,0.0
2084918685,3,0.0
2084918695,3,0.0
2084918705,3,0.0
2084918715,3,0.0
2084918725,3,0.0
2084918735,3,0.0
2084918745,3,0.0
2084918755,3,0.0
2084918765,3,0.0
2084918775,3,0.0
2084918785,3,0.0
2084918795,3,0.0
2084918805,3,0.0
2084918815,3,0.0
2084918825,3,0.0
2084918835,3,0.0
2084918845,3,0.0
2084918855,3,0.0
2084918865,3,0.0
2084918875,3,0.0
2084918885,3,0.0
2084918895,3,0.0
2084918905,3,0.0
2084918915,3,0.0
2084918925,3,0.0
2084918935,3,0.0
2084918945,3,0.0
2084918955,3,0.0
2084918965,3,0.0
2084918975,3,0.0
2084918985,3,0.0
2084918995,3,0.0
2084919005,3,0.0
2084919015,3,0.0
2084919025,3,0.0
2084919035,3,0.0
2084919045,3,0.0
2084919055,3,0.0
2084919065,3,0.0
2084919075,3,0.0
2084919085,3,0.0
2084919095,3,0.0
2084919105,3,0.0
2084919115,3,0.0
2084919125,3,0.0
2084919135,3,0.0
2084919145,3,0.0
2084919155,3,0.0
2084919165,3,0.0
2084919175,3,0.0
2084919185,3,0.0
2084919195,3,0.0
2084919205,3,0.0
2084919215,3,0.0
2084919225,3,0.0
2084919235,3,0.0
2084919245,3,0.0
2084919255,3,0.0
2084919265,3,0.0
2084919275,3,0.0
2084919285,3,0.0
2084919295,3,0.0
2084919305,3,0.0
2084919315,3,0.0
2084919325,3,0.0
2084919335,3,0.0
2084919345,3,0.0
2084919355,3,0.0
2084919365,3,0.0
2084919375,3,0.0
2084919385,3,0.0
2084919395,3,0.0
2084919405,3,0.0
2084919415,3,0.0
2084919425,3,0.0
2084919435,3,0.0
2084919445,3,0.0
2084919455,3,0.0
2084919465,3,0.0
2084919475,3,0.0
2084919485,3,0.0
2084919495,3,0.0
2084919505,3,0.0
2084919515,3,0.0
2084919525,3,0.0
2084919535,3,0.0
2084919545,3,0.0
2084919555,3,0.0
2084919565,3,0.0
2084919575,3,0.0
2084919585,3,0.0
2084919595,3,0.0
2084919605,3,0.0
2084919615,3,0.0
2084919625,3,0.0
2084919635,3,0.0
2084919645,3,0.0
2084919655,3,0.0
2084919665,3,0.0
2084919675,3,0.0
2084919685,3,0.0
2084919695,3,0.0
2084919705,3,0.0
2084919715,3,0.0
2084919725,3,0.0
2084919735,3,0.0
2084919745,3,0.0
2084919755,3,0.0
2084919765,3,0.0
2084919775,3,0.0
2084919785,3,0.0
2084919795,3,0.0
2084919805,3,0.0
2084919815,3,0.0
2084919825,3,0.0
2084919835,3,0.0
2084919845,3,0.0
2084919855,3,0.0
2084919865,3,0.0
2084919875,3,0.0
2084919885,3,0.0
2084919895,3,0.0
2084919905,3,0.0
2084919915,3,0.0
2084919925,3,0.0
2084919935,3,0.0
2084919945,3,0.0
2084919955,3,0.0
2084919965,3,0.0
2084919975,3,0.0
2084919985,3,0.0
2084919995,3,0.0
2084920005,3,0.0
2084920015,3,0.0
2084920025,3,0.0
2084920035,3,0.0
2084920045,3,0.0
2084920055,3,0.0
2084920065,3,0.0
2084920075,3,0.0
2084920085,3,0.0
2084920095,3,0.0
2084920105,3,0.0
2084920115,3,0.0
2084920125,3,0.0
2084920135,3,0.0
2084920145,3,0.0
2084920155,3,0.0
2084920165,3,0.0
2084920175,3,0.0
2084920185,3,0.0
2084920195,3,0.0
2084920205,3,0.0
2084920215,3,0.0
2084920225,3,0.0
2084920235,3,0.0
2084920245,3,0.0
2084920255,3,0.0
2084920265,3,0.0
2084920275,3,0.0
2084920285,3,0.0
2084920295,3,0.0
2084920305,3,0.0
2084920315,3,0.0
2084920325,3,0.0
2084920335,3,0.0
2084920345,3,0.0
2084920355,3,0.0
2084920365,3,0.0
2084920375,3,0.0
2084920385,3,0.0
2084920395,3,0.0
2084920405,3,0.0
2084920415,3,0.0
2084920425,3,0.0
2084920435,3,0.0
2084920445,3,0.0
2084920455,3,0.0
2084920465,3,0.0
2084920475,3,0.0
2084920485,3,0.0
2084920495,3,0.0
2084920505,3,0.0
2084920515,3,0.0
2084920525,3,0.0
2084920535,3,0.0
2084920545,3,0.0
2084920555,3,0.0
2084920565,3,0.0
2084920575,3,0.0
2084920585,3,0.0
2084920595,3,0.0
2084920605,3,0.0
2084920615,3,0.0
2084920625,3,0.0
2084920635,3,0.0
2084920645,3,0.0
2084920655,3,0.0
2084920665,3,0.0
2084920675,3,0.0
2084920685,3,0.0
2084920695,3,0.0
2084920705,3,0.0
2084920715,3,0.0
2084920725,3,0.0
2084920735,3,0.0
2084920745,3,0.0
2084920755,3,0.0
2084920765,3,0.0
2084920775,3,0.0
2084920785,3,0.0
2084920795,3,0.0
2084920805,3,0.0
2084920815,3,0.0
2084920825,3,0.0
2084920835,3,0.0
2084920845,3,0.0
2084920855,3,0.0
2084920865,3,0.0
2084920875,3,0.0
2084920885,3,0.0
2084920895,3,0.0
2084920905,3,0.0
2084920915,3,0.0
2084920925,3,0.0
2084920935,3,0.0
2084920945,3,0.0
2084920955,3,0.0
2084920965,3,0.0
2084920975,3,0.0
2084920985,3,0.0
2084920995,3,0.0
2084921005,3,0.0
2084921015,3,0.0
2084921025,3,0.0
2084921035,3,0.0
2084921045,3,0.0
2084921055,3,0.0
2084921065,3,0.0
2084921075,3,0.0
2084921085,3,0.0
2084921095,3,0.0
2084921105,3,0.0
2084921115,3,0.0
2084921125,3,0.0
2084921135,3,0.0
2084921145,3,0.0
2084921155,3,0.0
2084921165,3,0.0
2084921175,3,0.0
2084921185,3,0.0
2084921195,3,0.0
2084921205,3,0.0
2084921215,3,0.0
2084921225,3,0.0
2084921235,3,0.0
2084921245,3,0.0
2084921255,3,0.0
2084921265,3,0.0
2084921275,3,0.0
2084921285,3,0.0
2084921295,3,0.0
2084921305,3,0.0
2084921315,3,0.0
2084921325,3,0.0
2084921335,3,0.0
2084921345,3,0.0
2084921355,3,0.0
2084921365,3,0.0
2084921375,3,0.0
2084921385,3,0.0
2084921395,3,0.0
2084921405,3,0.0
2084921415,3,0.0
2084921425,3,0.0
2084921435,3,0.0
2084921445,3,0.0
2084921455,3,0.0
2084921465,3,0.0
2084921475,3,0.0
2084921485,3,0.0
2084921495,3,0.0
2084921505,3,0.0
2084921515,3,0.0
2084921525,3,0.0
2084921535,3,0.0
2084921545,3,0.0
2084921555,3,0.0
2084921565,3,0.0
2084921575,3,0.0
2084921585,3,0.0
2084921595,3,0.0
2084921605,3,0.0
2084921615,3,0.0
2084921625,3,0.0
2084921635,3,0.0
2084921645,3,0.0
2084921655,3,0.0
2084921665,3,0.0
2084921675,3,0.0
2084921685,3,0.0
2084921695,3,0.0
2084921705,3,0.0
2084921715,3,0.0
2084921725,3,0.0
2084921735,3,0.0
2084921745,3,0.0
2084921755,3,0.0
2084921765,3,0.0
2084921775,3,0.0
2084921785,3,0.0
2084921795,3,0.0
2084921805,3,0.0
2084921815,3,0.0
2084921825,3,0.0
2084921835,3,0.0
2084921845,3,0.0
2084921855,3,0.0
2084921865,3,0.0
2084921875,3,0.0
2084921885,3,0.0
2084921895,3,0.0
2084921905,3,0.0
2084921915,3,0.0
2084921925,3,0.0
2084921935,3,0.0
2084921945,3,0.0
2084921955,3,0.0
2084921965,3,0.0
2084921975,3,0.0
2084921985,3,0.0
2084921995,3,0.0
2084922005,3,0.0
2084922015,3,0.0
2084922025,3,0.0
2084922035,3,0.0
2084922045,3,0.0
2084922055,3,0.0
2084922065,3,0.0
2084922075,3,0.0
2084922085,3,0.0
2084922095,3,0.0
2084922105,3,0.0
2084922115,3,0.0
2084922125,3,0.0
2084922135,3,0.0
2084922145,3,0.0
2084922155,3,0.0
2084922165,3,0.0
2084922175,3,0.0
2084922185,3,0.0
2084922195,3,0.0
2084922205,3,0.0
2084922215,3,0.0
2084922225,3,0.0
2084922235,3,0.0
2084922245,3,0.0
2084922255,3,0.0
2084922265,3,0.0
2084922275,3,0.0
2084922285,3,0.0
2084922295,3,0.0
2084922305,3,0.0
2084922315,3,0.0
2084922325,3,0.0
2084922335,3,0.0
2084922345,3,0.0
2084922355,3,0.0
2084922365,3,0.0
2084922375,3,0.0
2084922385,3,0.0
2084922395,3,0.0
2084922405,3,0.0
2084922415,3,0.0
2084922425,3,0.0
2084922435,3,0.0
2084922445,3,0.0
2084922455,3,0.0
2084922465,3,0.0
2084922475,3,0.0
2084922485,3,0.0
2084922495,3,0.0
2084922505,3,0.0
2084922515,3,0.0
2084922525,3,0.0
2084922535,3,0.0
2084922545,3,0.0
2084922555,3,0.0
2084922565,3,0.0
2084922575,3,0.0
2084922585,3,0.0
2084922595,3,0.0
2084922605,3,0.0
2084922615,3,0.0
2084922625,3,0.0
2084922635,3,0.0
2084922645,3,0.0
2084922655,3,0.0
2084922665,3,0.0
2084922675,3,0.0
2084922685,3,0.0
2084922695,3,0.0
2084922705,3,0.0
2084922715,3,0.0
2084922725,3,0.0
2084922735,3,0.0
2084922745,3,0.0
2084922755,3,0.0
2084922765,3,0.0
2084922775,3,0.0
2084922785,3,0.0
2084922795,3,0.0
2084922805,3,0.0
2084922815,3,0.0
2084922825,3,0.0
2084922835,3,0.0
2084922845,3,0.0
2084922855,3,0.0
2084922865,3,0.0
2084922875,3,0.0
2084922885,3,0.0
2084922895,3,0.0
2084922905,3,0.0
2084922915,3,0.0
2084922925,3,0.0
2084922935,3,0.0
2084922945,3,0.0
2084922955,3,0.0
2084922965,3,0.0
2084922975,3,0.0
2084922985,3,0.0
2084922995,3,0.0
2084923005,3,0.0
2084923015,3,0.0
2084923025,3,0.0
2084923035,3,0.0
2084923045,3,0.0
2084923055,3,0.0
2084923065,3,0.0
2084923075,3,0.0
2084923085,3,0.0
2084923095,3,0.0
2084923105,3,0.0
2084923115,3,0.0
2084923125,3,0.0
2084923135,3,0.0
2084923145,3,0.0
2084923155,3,0.0
2084923165,3,0.0
2084923175,3,0.0
2084923185,3,0.0
2084923195,3,0.0
2084923205,3,0.0
2084923215,3,0.0
2084923225,3,0.0
2084923235,3,0.0
2084923245,3,0.0
2084923255,3,0.0
2084923265,3,0.0
2084923275,3,0.0
2084923285,3,0.0
2084923295,3,0.0
2084923305,3,0.0
2084923315,3,0.0
2084923325,3,0.0
2084923335,3,0.0
2084923345,3,0.0
2084923355,3,0.0
2084923365,3,0.0
2084923375,3,0.0
2084923385,3,0.0
2084923395,3,0.0
2084923405,3,0.0
2084923415,3,0.0
2084923425,3,0.0
2084923435,3,0.0
2084923445,3,0.0
2084923455,3,0.0
2084923465,3,0.0
2084923475,3,0.0
2084923485,3,0.0
2084923495,3,0.0
2084923505,3,0.0
2084923515,3,0.0
2084923525,3,0.0
2084923535,3,0.0
2084923545,3,0.0
2084923555,3,0.0
2084923565,3,0.0
2084923575,3,0.0
2084923585,3,0.0
2084923595,3,0.0
2084923605,3,0.0
2084923615,3,0.0
2084923625,3,0.0
2084923635,3,0.0
2084923645,3,0.0
2084923655,3,0.0
2084923665,3,0.0
2084923675,3,0.0
2084923685,3,0.0
2084923695,3,0.0
2084923705,3,0.0
2084923715,3,0.0
2084923725,3,0.0
2084923735,3,0.0
2084923745,3,0.0
2084923755,3,0.0
2084923765,3,0.0
2084923775,3,0.0
2084923785,3,0.0
2084923795,3,0.0
2084923805,3,0.0
2084923815,3,0.0
2084923825,3,0.0
2084923835,3,0.0
2084923845,3,0.0
2084923855,3,0.0
2084923865,3,0.0
2084923875,3,0.0
2084923885,3,0.0
2084923895,3,0.0
2084923905,3,0.0
2084923915,3,0.0
2084923925,3,0.0
2084923935,3,0.0
2084923945,3,0.0
2084923955,3,0.0
2084923965,3,0.0
2084923975,3,0.0
2084923985,3,0.0
2084923995,3,0.0
2084924005,3,0.0
2084924015,3,0.0
2084924025,3,0.0
2084924035,3,0.0
2084924045,3,0.0
2084924055,3,0.0
2084924065,3,0.0
2084924075,3,0.0
2084924085,3,0.0
2084924095,3,0.0
2084924105,3,0.0
2084924115,3,0.0
2084924125,3,0.0
2084924135,3,0.0
2084924145,3,0.0
2084924155,3,0.0
2084924165,3,0.0
2084924175,3,0.0
2084924185,3,0.0
2084924195,3,0.0
2084924205,3,0.0
2084924215,3,0.0
2084924225,3,0.0
2084924235,3,0.0
2084924245,3,0.0
2084924255,3,0.0
2084924265,3,0.0
2084924275,3,0.0
2084924285,3,0.0
2084924295,3,0.0
2084924305,3,0.0
2084924315,3,0.0
2084924325,3,0.0
2084924335,3,0.0
2084924345,3,0.0
2084924355,3,0.0
2084924365,3,0.0
2084924375,3,0.0
2084924385,3,0.0
2084924395,3,0.0
2084924405,3,0.0
2084924415,3,0.0
2084924425,3,0.0
2084924435,3,0.0
2084924445,3,0.0
2084924455,3,0.0
2084924465,3,0.0
2084924475,3,0.0
2084924485,3,0.0
2084924495,3,0.0
2084924505,3,0.0
2084924515,3,0.0
2084924525,3,0.0
2084924535,3,0.0
2084924545,3,0.0
2084924555,3,0.0
2084924565,3,0.0
2084924575,3,0.0
2084924585,3,0.0
2084924595,3,0.0
2084924605,3,0.0
2084924615,3,0.0
2084924625,3,0.0
2084924635,3,0.0
2084924645,3,0.0
2084924655,3,0.0
2084924665,3,0.0
2084924675,3,0.0
2084924685,3,0.0
2084924695,3,0.0
2084924705,3,0.0
2084924715,3,0.0
2084924725,3,0.0
2084924735,3,0.0
2084924745,3,0.0
2084924755,3,0.0
2084924765,3,0.0
2084924775,3,0.0
2084924785,3,0.0
2084924795,3,0.0
2084924805,3,0.0
2084924815,3,0.0
2084924825,3,0.0
2084924835,3,0.0
2084924845,3,0.0
2084924855,3,0.0
2084924865,3,0.0
2084924875,3,0.0
2084924885,3,0.0
2084924895,3,0.0
2084924905,3,0.0
2084924915,3,0.0
2084924925,3,0.0
2084924935,3,0.0
2084924945,3,0.0
2084924955,3,0.0
2084924965,3,0.0
2084924975,3,0.0
2084924985,3,0.0
2084924995,3,0.0
2084925005,3,0.0
2084925015,3,0.0
2084925025,3,0.0
2084925035,3,0.0
2084925045,3,0.0
2084925055,3,0.0
2084925065,3,0.0
2084925075,3,0.0
2084925085,3,0.0
2084925095,3,0.0
2084925105,3,0.0
2084925115,3,0.0
2084925125,3,0.0
2084925135,3,0.0
2084925145,3,0.0
2084925155,3,0.0
2084925165,3,0.0
2084925175,3,0.0
2084925185,3,0.0
2084925195,3,0.0
2084925205,3,0.0
2084925215,3,0.0
2084925225,3,0.0
2084925235,3,0.0
2084925245,3,0.0
2084925255,3,0.0
2084925265,3,0.0
2084925275,3,0.0
2084925285,3,0.0
2084925295,3,0.0
2084925305,3,0.0
2084925315,3,0.0
2084925325,3,0.0
2084925335,3,0.0
2084925345,3,0.0
2084925355,3,0.0
2084925365,3,0.0
2084925375,3,0.0
2084925385,3,0.0
2084925395,3,0.0
2084925405,3,0.0
2084925415,3,0.0
2084925425,3,0.0
2084925435,3,0.0
2084925445,3,0.0
2084925455,3,0.0
2084925465,3,0.0
2084925475,3,0.0
2084925485,3,0.0
2084925495,3,0.0
2084925505,3,0.0
2084925515,3,0.0
2084925525,3,0.0
2084925535,3,0.0
2084925545,3,0.0
2084925555,3,0.0
2084925565,3,0.0
2084925575,3,0.0
2084925585,3,0.0
2084925595,3,0.0
2084925605,3,0.0
2084925615,3,0.0
2084925625,3,0.0
2084925635,3,0.0
2084925645,3,0.0
2084925655,3,0.0
2084925665,3,0.0
2084925675,3,0.0
2084925685,3,0.0
2084925695,3,0.0
2084925705,3,0.0
2084925715,3,0.0
2084925725,3,0.0
2084925735,3,0.0
2084925745,3,0.0
2084925755,3,0.0
2084925765,3,0.0
2084925775,3,0.0
2084925785,3,0.0
2084925795,3,0.0
2084925805,3,0.0
2084925815,3,0.0
2084925825,3,0.0
2084925835,3,0.0
2084925845,3,0.0
2084925855,3,0.0
2084925865,3,0.0
2084925875,3,0.0
2084925885,3,0.0
2084925895,3,0.0
2084925905,3,0.0
2084925915,3,0.0
2084925925,3,0.0
2084925935,3,0.0
2084925945,3,0.0
2084925955,3,0.0
2084925965,3,0.0
2084925975,3,0.0
2084925985,3,0.0
2084925995,3,0.0
2084926005,3,0.0
2084926015,3,0.0
2084926025,3,0.0
2084926035,3,0.0
2084926045,3,0.0
2084926055,3,0.0
2084926065,3,0.0
2084926075,3,0.0
2084926085,3,0.0
2084926095,3,0.0
2084926105,3,0.0
2084926115,3,0.0
2084926125,3,0.0
2084926135,3,0.0
2084926145,3,0.0
2084926155,3,0.0
2084926165,3,0.0
2084926175,3,0.0
2084926185,3,0.0
2084926195,3,0.0
2084926205,3,0.0
2084926215,3,0.0
2084926225,3,0.0
2084926235,3,0.0
2084926245,3,0.0
2084926255,3,0.0
2084926265,3,0.0
2084926275,3,0.0
2084926285,3,0.0
2084926295,3,0.0
2084926305,3,0.0
2084926315,3,0.0
2084926325,3,0.0
2084926335,3,0.0
2084926345,3,0.0
2084926355,3,0.0
2084926365,3,0.0
2084926375,3,0.0
2084926385,3,0.0
2084926395,3,0.0
2084926405,3,0.0
2084926415,3,0.0
2084926425,3,0.0
2084926435,3,0.0
2084926445,3,0.0
2084926455,3,0.0
2084926465,3,0.0
2084926475,3,0.0
2084926485,3,0.0
2084926495,3,0.0
2084926505,3,0.0
2084926515,3,0.0
2084926525,3,0.0
2084926535,3,0.0
2084926545,3,0.0
2084926555,3,0.0
2084926565,3,0.0
2084926575,3,0.0
2084926585,3,0.0
2084926595,3,0.0
2084926605,3,0.0
2084926615,3,0.0
2084926625,3,0.0
2084926635,3,0.0
2084926645,3,0.0
2084926655,3,0.0
2084926665,3,0.0
2084926675,3,0.0
2084926685,3,0.0
2084926695,3,0.0
2084926705,3,0.0
2084926715,3,0.0
2084926725,3,0.0
2084926735,3,0.0
2084926745,3,0.0
2084926755,3,0.0
2084926765,3,0.0
2084926775,3,0.0
2084926785,3,0.0
2084926795,3,0.0
2084926805,3,0.0
2084926815,3,0.0
2084926825,3,0.0
2084926835,3,0.0
2084926845,3,0.0
2084926855,3,0.0
2084926865,3,0.0
2084926875,3,0.0
2084926885,3,0.0
2084926895,3,0.0
2084926905,3,0.0
2084926915,3,0.0
2084926925,3,0.0
2084926935,3,0.0
2084926945,3,0.0
2084926955,3,0.0
2084926965,3,0.0
2084926975,3,0.0
2084926985,3,0.0
2084926995,3,0.0
2084927005,3,0.0
2084927015,3,0.0
2084927025,3,0.0
2084927035,3,0.0
2084927045,3,0.0
2084927055,3,0.0
2084927065,3,0.0
2084927075,3,0.0
2084927085,3,0.0
2084927095,3,0.0
2084927105,3,0.0
2084927115,3,0.0
2084927125,3,0.0
2084927135,3,0.0
2084927145,3,0.0
2084927155,3,0.0
2084927165,3,0.0
2084927175,3,0.0
2084927185,3,0.0
2084927195,3,0.0
2084927205,3,0.0
2084927215,3,0.0
2084927225,3,0.0
2084927235,3,0.0
2084927245,3,0.0
2084927255,3,0.0
2084927265,3,0.0
2084927275,3,0.0
2084927285,3,0.0
2084927295,3,0.0
2084927305,3,0.0
2084927315,3,0.0
2084927325,3,0.0
2084927335,3,0.0
2084927345,3,0.0
2084927355,3,0.0
2084927365,3,0.0
2084927375,3,0.0
2084927385,3,0.0
2084927395,3,0.0
2084927405,3,0.0
2084927415,3,0.0
2084927425,3,0.0
2084927435,3,0.0
2084927445,3,0.0
2084927455,3,0.0
2084927465,3,0.0
2084927475,3,0.0
2084927485,3,0.0
2084927495,3,0.0
2084927505,3,0.0
2084927515,3,0.0
2084927525,3,0.0
2084927535,3,0.0
2084927545,3,0.0
2084927555,3,0.0
2084927565,3,0.0
2084927575,3,0.0
2084927585,3,0.0
2084927595,3,0.0
2084927605,3,0.0
2084927615,3,0.0
2084927625,3,0.0
2084927635,3,0.0
2084927645,3,0.0
2084927655,3,0.0
2084927665,3,0.0
2084927675,3,0.0
2084927685,3,0.0
2084927695,3,0.0
2084927705,3,0.0
2084927715,3,0.0
2084927725,3,0.0
2084927735,3,0.0
2084927745,3,0.0
2084927755,3,0.0
2084927765,3,0.0
2084927775,3,0.0
2084927785,3,0.0
2084927795,3,0.0
2084927805,3,0.0
2084927815,3,0.0
2084927825,3,0.0
2084927835,3,0.0
2084927845,3,0.0
2084927855,3,0.0
2084927865,3,0.0
2084927875,3,0.0
2084927885,3,0.0
2084927895,3,0.0
2084927905,3,0.0
2084927915,3,0.0
2084927925,3,0.0
2084927935,3,0.0
2084927945,3,0.0
2084927955,3,0.0
2084927965,3,0.0
2084927975,3,0.0
2084927985,3,0.0
2084927995,3,0.0
2084928005,3,0.0
2084928015,3,0.0
2084928025,3,0.0
2084928035,3,0.0
2084928045,3,0.0
2084928055,3,0.0
2084928065,3,0.0
2084928075,3,0.0
2084928085,3,0.0
2084928095,3,0.0
2084928105,3,0.0
2084928115,3,0.0
2084928125,3,0.0
2084928135,3,0.0
2084928145,3,0.0
2084928155,3,0.0
2084928165,3,0.0
2084928175,3,0.0
2084928185,3,0.0
2084928195,3,0.0
2084928205,3,0.0
2084928215,3,0.0
2084928225,3,0.0
2084928235,3,0.0
2084928245,3,0.0
2084928255,3,0.0
2084928265,3,0.0
2084928275,3,0.0
2084928285,3,0.0
2084928295,3,0.0
2084928305,3,0.0
2084928315,3,0.0
2084928325,3,0.0
2084928335,3,0.0
2084928345,3,0.0
2084928355,3,0.0
2084928365,3,0.0
2084928375,3,0.0
2084928385,3,0.0
2084928395,3,0.0
2084928405,3,0.0
2084928415,3,0.0
2084928425,3,0.0
2084928435,3,0.0
2084928445,3,0.0
2084928455,3,0.0
2084928465,3,0.0
2084928475,3,0.0
2084928485,3,0.0
2084928495,3,0.0
2084928505,3,0.0
2084928515,3,0.0
2084928525,3,0.0
2084928535,3,0.0
2084928545,3,0.0
2084928555,3,0.0
2084928565,3,0.0
2084928575,3,0.0
2084928585,3,0.0
2084928595,3,0.0
2084928605,3,0.0
2084928615,3,0.0
2084928625,3,0.0
2084928635,3,0.0
2084928645,3,0.0
2084928655,3,0.0
2084928665,3,0.0
2084928675,3,0.0
2084928685,3,0.0
2084928695,3,0.0
2084928705,3,0.0
2084928715,3,0.0
2084928725,3,0.0
2084928735,3,0.0
2084928745,3,0.0
2084928755,3,0.0
2084928765,3,0.0
2084928775,3,0.0
2084928785,3,0.0
2084928795,3,0.0
2084928805,3,0.0
2084928815,3,0.0
2084928825,3,0.0
2084928835,3,0.0
2084928845,3,0.0
2084928855,3,0.0
2084928865,3,0.0
2084928875,3,0.0
2084928885,3,0.0
2084928895,3,0.0
2084928905,3,0.0
2084928915,3,0.0
2084928925,3,0.0
2084928935,3,0.0
2084928945,3,0.0
2084928955,3,0.0
2084928965,3,0.0
2084928975,3,0.0
2084928985,3,0.0
2084928995,3,0.0
2084929005,3,0.0
2084929015,3,0.0
2084929025,3,0.0
2084929035,3,0.0
2084929045,3,0.0
2084929055,3,0.0
2084929065,3,0.0
2084929075,3,0.0
2084929085,3,0.0
2084929095,3,0.0
2084929105,3,0.0
2084929115,3,0.0
2084929125,3,0.0
2084929135,3,0.0
2084929145,3,0.0
2084929155,3,0.0
2084929165,3,0.0
2084929175,3,0.0
2084929185,3,0.0
2084929195,3,0.0
2084929205,3,0.0
2084929215,3,0.0
2084929225,3,0.0
2084929235,3,0.0
2084929245,3,0.0
2084929255,3,0.0
2084929265,3,0.0
2084929275,3,0.0
2084929285,3,0.0
2084929295,3,0.0
2084929305,3,0.0
2084929315,3,0.0
2084929325,3,0.0
2084929335,3,0.0
2084929345,3,0.0
2084929355,3,0.0
2084929365,3,0.0
2084929375,3,0.0
2084929385,3,0.0
2084929395,3,0.0
2084929405,3,0.0
2084929415,3,0.0
2084929425,3,0.0
2084929435,3,0.0
2084929445,3,0.0
2084929455,3,0.0
2084929465,3,0.0
2084929475,3,0.0
2084929485,3,0.0
2084929495,3,0.0
2084929505,3,0.0
2084929515,3,0.0
2084929525,3,0.0
2084929535,3,0.0
2084929545,3,0.0
2084929555,3,0.0
2084929565,3,0.0
2084929575,3,0.0
2084929585,3,0.0
2084929595,3,0.0
2084929605,3,0.0
2084929615,3,0.0
2084929625,3,0.0
2084929635,3,0.0
2084929645,3,0.0
2084929655,3,0.0
2084929665,3,0.0
2084929675,3,0.0
2084929685,3,0.0
2084929695,3,0.0
2084929705,3,0.0
2084929715,3,0.0
2084929725,3,0.0
2084929735,3,0.0
2084929745,3,0.0
2084929755,3,0.0
2084929765,3,0.0
2084929775,3,0.0
2084929785,3,0.0
2084929795,3,0.0
2084929805,3,0.0
2084929815,3,0.0
2084929825,3,0.0
2084929835,3,0.0
2084929845,3,0.0
2084929855,3,0.0
2084929865,3,0.0
2084929875,3,0.0
2084929885,3,0.0
2084929895,3,0.0
2084929905,3,0.0
2084929915,3,0.0
2084929925,3,0.0
2084929935,3,0.0
2084929945,3,0.0
2084929955,3,0.0
2084929965,3,0.0
2084929975,3,0.0
2084929985,3,0.0
2084929995,3,0.0
2084930005,3,0.0
2084930015,3,0.0
2084930025,3,0.0
2084930035,3,0.0
2084930045,3,0.0
2084930055,3,0.0
2084930065,3,0.0
2084930075,3,0.0
2084930085,3,0.0
2084930095,3,0.0
2084930105,3,0.0
2084930115,3,0.0
2084930125,3,0.0
2084930135,3,0.0
2084930145,3,0.0
2084930155,3,0.0
2084930165,3,0.0
2084930175,3,0.0
2084930185,3,0.0
2084930195,3,0.0
2084930205,3,0.0
2084930215,3,0.0
2084930225,3,0.0
2084930235,3,0.0
2084930245,3,0.0
2084930255,3,0.0
2084930265,3,0.0
2084930275,3,0.0
2084930285,3,0.0
2084930295,3,0.0
2084930305,3,0.0
2084930315,3,0.0
2084930325,3,0.0
2084930335,3,0.0
2084930345,3,0.0
2084930355,3,0.0
2084930365,3,0.0
2084930375,3,0.0
2084930385,3,0.0
2084930395,3,0.0
2084930405,3,0.0
2084930415,3,0.0
2084930425,3,0.0
2084930435,3,0.0
2084930445,3,0.0
2084930455,3,0.0
2084930465,3,0.0
2084930475,3,0.0
2084930485,3,0.0
2084930495,3,0.0
2084930505,3,0.0
2084930515,3,0.0
2084930525,3,0.0
2084930535,3,0.0
2084930545,3,0.0
2084930555,3,0.0
2084930565,3,0.0
2084930575,3,0.0
2084930585,3,0.0
2084930595,3,0.0
2084930605,3,0.0
2084930615,3,0.0
2084930625,3,0.0
2084930635,3,0.0
2084930645,3,0.0
2084930655,3,0.0
2084930665,3,0.0
2084930675,3,0.0
2084930685,3,0.0
2084930695,3,0.0
2084930705,3,0.0
2084930715,3,0.0
2084930725,3,0.0
2084930735,3,0.0
2084930745,3,0.0
2084930755,3,0.0
2084930765,3,0.0
2084930775,3,0.0
2084930785,3,0.0
2084930795,3,0.0
2084930805,3,0.0
2084930815,3,0.0
2084930825,3,0.0
2084930835,3,0.0
2084930845,3,0.0
2084930855,3,0.0
2084930865,3,0.0
2084930875,3,0.0
2084930885,3,0.0
2084930895,3,0.0
2084930905,3,0.0
2084930915,3,0.0
2084930925,3,0.0
2084930935,3,0.0
2084930945,3,0.0
2084930955,3,0.0
2084930965,3,0.0
2084930975,3,0.0
2084930985,3,0.0
2084930995,3,0.0
2084931005,3,0.0
2084931015,3,0.0
2084931025,3,0.0
2084931035,3,0.0
2084931045,3,0.0
2084931055,3,0.0
2084931065,3,0.0
2084931075,3,0.0
2084931085,3,0.0
2084931095,3,0.0
2084931105,3,0.0
2084931115,3,0.0
2084931125,3,0.0
2084931135,3,0.0
2084931145,3,0.0
2084931155,3,0.0
2084931165,3,0.0
2084931175,3,0.0
2084931185,3,0.0
2084931195,3,0.0
2084931205,3,0.0
2084931215,3,0.0
2084931225,3,0.0
2084931235,3,0.0
2084931245,3,0.0
2084931255,3,0.0
2084931265,3,0.0
2084931275,3,0.0
2084931285,3,0.0
2084931295,3,0.0
2084931305,3,0.0
2084931315,3,0.0
2084931325,3,0.0
2084931335,3,0.0
2084931345,3,0.0
2084931355,3,0.0
2084931365,3,0.0
2084931375,3,0.0
2084931385,3,0.0
2084931395,3,0.0
2084931405,3,0.0
2084931415,3,0.0
2084931425,3,0.0
2084931435,3,0.0
2084931445,3,0.0
2084931455,3,0.0
2084931465,3,0.0
2084931475,3,0.0
2084931485,3,0.0
2084931495,3,0.0
2084931505,3,0.0
2084931515,3,0.0
2084931525,3,0.0
2084931535,3,0.0
2084931545,3,0.0
2084931555,3,0.0
2084931565,3,0.0
2084931575,3,0.0
2084931585,3,0.0
2084931595,3,0.0
2084931605,3,0.0
2084931615,3,0.0
2084931625,3,0.0
2084931635,3,0.0
2084931645,3,0.0
2084931655,3,0.0
2084931665,3,0.0
2084931675,3,0.0
2084931685,3,0.0
2084931695,3,0.0
2084931705,3,0.0
2084931715,3,0.0
2084931725,3,0.0
2084931735,3,0.0
2084931745,3,0.0
2084931755,3,0.0
2084931765,3,0.0
2084931775,3,0.0
2084931785,3,0.0
2084931795,3,0.0
2084931805,3,0.0
2084931815,3,0.0
2084931825,3,0.0
2084931835,3,0.0
2084931845,3,0.0
2084931855,3,0.0
2084931865,3,0.0
2084931875,3,0.0
2084931885,3,0.0
2084931895,3,0.0
2084931905,3,0.0
2084931915,3,0.0
2084931925,3,0.0
2084931935,3,0.0
2084931945,3,0.0
2084931955,3,0.0
2084931965,3,0.0
2084931975,3,0.0
2084931985,3,0.0
2084931995,3,0.0
2084932005,3,0.0
2084932015,3,0.0
2084932025,3,0.0
2084932035,3,0.0
2084932045,3,0.0
2084932055,3,0.0
2084932065,3,0.0
2084932075,3,0.0
2084932085,3,0.0
2084932095,3,0.0
2084932105,3,0.0
2084932115,3,0.0
2084932125,3,0.0
2084932135,3,0.0
2084932145,3,0.0
2084932155,3,0.0
2084932165,3,0.0
2084932175,3,0.0
2084932185,3,0.0
2084932195,3,0.0
2084932205,3,0.0
2084932215,3,0.0
2084932225,3,0.0
2084932235,3,0.0
2084932245,3,0.0
2084932255,3,0.0
2084932265,3,0.0
2084932275,3,0.0
2084932285,3,0.0
2084932295,3,0.0
2084932305,3,0.0
2084932315,3,0.0
2084932325,3,0.0
2084932335,3,0.0
2084932345,3,0.0
2084932355,3,0.0
2084932365,3,0.0
2084932375,3,0.0
2084932385,3,0.0
2084932395,3,0.0
2084932405,3,0.0
2084932415,3,0.0
2084932425,3,0.0
2084932435,3,0.0
2084932445,3,0.0
2084932455,3,0.0
2084932465,3,0.0
2084932475,3,0.0
2084932485,3,0.0
2084932495,3,0.0
2084932505,3,0.0
2084932515,3,0.0
2084932525,3,0.0
2084932535,3,0.0
2084932545,3,0.0
2084932555,3,0.0
2084932565,3,0.0
2084932575,3,0.0
2084932585,3,0.0
2084932595,3,0.0
2084932605,3,0.0
2084932615,3,0.0
2084932625,3,0.0
2084932635,3,0.0
2084932645,3,0.0
2084932655,3,0.0
2084932665,3,0.0
2084932675,3,0.0
2084932685,3,0.0
2084932695,3,0.0
2084932705,3,0.0
2084932715,3,0.0
2084932725,3,0.0
2084932735,3,0.0
2084932745,3,0.0
2084932755,3,0.0
2084932765,3,0.0
2084932775,3,0.0
2084932785,3,0.0
2084932795,3,0.0
2084932805,3,0.0
2084932815,3,0.0
2084932825,3,0.0
2084932835,3,0.0
2084932845,3,0.0
2084932855,3,0.0
2084932865,3,0.0
2084932875,3,0.0
2084932885,3,0.0
2084932895,3,0.0
2084932905,3,0.0
2084932915,3,0.0
2084932925,3,0.0
2084932935,3,0.0
2084932945,3,0.0
2084932955,3,0.0
2084932965,3,0.0
2084932975,3,0.0
2084932985,3,0.0
2084932995,3,0.0
2084933005,3,0.0
2084933015,3,0.0
2084933025,3,0.0
2084933035,3,0.0
2084933045,3,0.0
2084933055,3,0.0
2084933065,3,0.0
2084933075,3,0.0
2084933085,3,0.0
2084933095,3,0.0
2084933105,3,0.0
2084933115,3,0.0
2084933125,3,0.0
2084933135,3,0.0
2084933145,3,0.0
2084933155,3,0.0
2084933165,3,0.0
2084933175,3,0.0
2084933185,3,0.0
2084933195,3,0.0
2084933205,3,0.0
2084933215,3,0.0
2084933225,3,0.0
2084933235,3,0.0
2084933245,3,0.0
2084933255,3,0.0
2084933265,3,0.0
2084933275,3,0.0
2084933285,3,0.0
2084933295,3,0.0
2084933305,3,0.0
2084933315,3,0.0
2084933325,3,0.0
2084933335,3,0.0
2084933345,3,0.0
2084933355,3,0.0
2084933365,3,0.0
2084933375,3,0.0
2084933385,3,0.0
2084933395,3,0.0
2084933405,3,0.0
2084933415,3,0.0
2084933425,3,0.0
2084933435,3,0.0
2084933445,3,0.0
2084933455,3,0.0
2084933465,3,0.0
2084933475,3,0.0
2084933485,3,0.0
2084933495,3,0.0
2084933505,3,0.0
2084933515,3,0.0
2084933525,3,0.0
2084933535,3,0.0
2084933545,3,0.0
2084933555,3,0.0
2084933565,3,0.0
2084933575,3,0.0
2084933585,3,0.0
2084933595,3,0.0
2084933605,3,0.0
2084933615,3,0.0
2084933625,3,0.0
2084933635,3,0.0
2084933645,3,0.0
2084933655,3,0.0
2084933665,3,0.0
2084933675,3,0.0
2084933685,3,0.0
2084933695,3,0.0
2084933705,3,0.0
2084933715,3,0.0
2084933725,3,0.0
2084933735,3,0.0
2084933745,3,0.0
2084933755,3,0.0
2084933765,3,0.0
2084933775,3,0.0
2084933785,3,0.0
2084933795,3,0.0
2084933805,3,0.0
2084933815,3,0.0
2084933825,3,0.0
2084933835,3,0.0
2084933845,3,0.0
2084933855,3,0.0
2084933865,3,0.0
2084933875,3,0.0
2084933885,3,0.0
2084933895,3,0.0
2084933905,3,0.0
2084933915,3,0.0
2084933925,3,0.0
2084933935,3,0.0
2084933945,3,0.0
2084933955,3,0.0
2084933965,3,0.0
2084933975,3,0.0
2084933985,3,0.0
2084933995,3,0.0
2084934005,3,0.0
2084934015,3,0.0
2084934025,3,0.0
2084934035,3,0.0
2084934045,3,0.0
2084934055,3,0.0
2084934065,3,0.0
2084934075,3,0.0
2084934085,3,0.0
2084934095,3,0.0
2084934105,3,0.0
2084934115,3,0.0
2084934125,3,0.0
2084934135,3,0.0
2084934145,3,0.0
2084934155,3,0.0
2084934165,3,0.0
2084934175,3,0.0
2084934185,3,0.0
2084934195,3,0.0
2084934205,3,0.0
2084934215,3,0.0
2084934225,3,0.0
2084934235,3,0.0
2084934245,3,0.0
2084934255,3,0.0
2084934265,3,0.0
2084934275,3,0.0
2084934285,3,0.0
2084934295,3,0.0
2084934305,3,0.0
2084934315,3,0.0
2084934325,3,0.0
2084934335,3,0.0
2084934345,3,0.0
2084934355,3,0.0
2084934365,3,0.0
2084934375,3,0.0
2084934385,3,0.0
2084934395,3,0.0
2084934405,3,0.0
2084934415,3,0.0
2084934425,3,0.0
2084934435,3,0.0
2084934445,3,0.0
2084934455,3,0.0
2084934465,3,0.0
2084934475,3,0.0
2084934485,3,0.0
2084934495,3,0.0
2084934505,3,0.0
2084934515,3,0.0
2084934525,3,0.0
2084934535,3,0.0
2084934545,3,0.0
2084934555,3,0.0
2084934565,3,0.0
2084934575,3,0.0
2084934585,3,0.0
2084934595,3,0.0
2084934605,3,0.0
2084934615,3,0.0
2084934625,3,0.0
2084934635,3,0.0
2084934645,3,0.0
2084934655,3,0.0
2084934665,3,0.0
2084934675,3,0.0
2084934685,3,0.0
2084934695,3,0.0
2084934705,3,0.0
2084934715,3,0.0
2084934725,3,0.0
2084934735,3,0.0
2084934745,3,0.0
2084934755,3,0.0
2084934765,3,0.0
2084934775,3,0.0
2084934785,3,0.0
2084934795,3,0.0
2084934805,3,0.0
2084934815,3,0.0
2084934825,3,0.0
2084934835,3,0.0
2084934845,3,0.0
2084934855,3,0.0
2084934865,3,0.0
2084934875,3,0.0
2084934885,3,0.0
2084934895,3,0.0
2084934905,3,0.0
2084934915,3,0.0
2084934925,3,0.0
2084934935,3,0.0
2084934945,3,0.0
2084934955,3,0.0
2084934965,3,0.0
2084934975,3,0.0
2084934985,3,0.0
2084934995,3,0.0
2084935005,3,0.0
2084935015,3,0.0
2084935025,3,0.0
2084935035,3,0.0
2084935045,3,0.0
2084935055,3,0.0
2084935065,3,0.0
2084935075,3,0.0
2084935085,3,0.0
2084935095,3,0.0
2084935105,3,0.0
2084935115,3,0.0
2084935125,3,0.0
2084935135,3,0.0
2084935145,3,0.0
2084935155,3,0.0
2084935165,3,0.0
2084935175,3,0.0
2084935185,3,0.0
2084935195,3,0.0
2084935205,3,0.0
2084935215,3,0.0
2084935225,3,0.0
2084935235,3,0.0
2084935245,3,0.0
2084935255,3,0.0
2084935265,3,0.0
2084935275,3,0.0
2084935285,3,0.0
2084935295,3,0.0
2084935305,3,0.0
2084935315,3,0.0
2084935325,3,0.0
2084935335,3,0.0
2084935345,3,0.0
2084935355,3,0.0
2084935365,3,0.0
2084935375,3,0.0
2084935385,3,0.0
2084935395,3,0.0
2084935405,3,0.0
2084935415,3,0.0
2084935425,3,0.0
2084935435,3,0.0
2084935445,3,0.0
2084935455,3,0.0
2084935465,3,0.0
2084935475,3,0.0
2084935485,3,0.0
2084935495,3,0.0
2084935505,3,0.0
2084935515,3,0.0
2084935525,3,0.0
2084935535,3,0.0
2084935545,3,0.0
2084935555,3,0.0
2084935565,3,0.0
2084935575,3,0.0
2084935585,3,0.0
2084935595,3,0.0
2084935605,3,0.0
2084935615,3,0.0
2084935625,3,0.0
2084935635,3,0.0
2084935645,3,0.0
2084935655,3,0.0
2084935665,3,0.0
2084935675,3,0.0
2084935685,3,0.0
2084935695,3,0.0
2084935705,3,0.0
2084935715,3,0.0
2084935725,3,0.0
2084935735,3,0.0
2084935745,3,0.0
2084935755,3,0.0
2084935765,3,0.0
2084935775,3,0.0
2084935785,3,0.0
2084935795,3,0.0
2084935805,3,0.0
2084935815,3,0.0
2084935825,3,0.0
2084935835,3,0.0
2084935845,3,0.0
2084935855,3,0.0
2084935865,3,0.0
2084935875,3,0.0
2084935885,3,0.0
2084935895,3,0.0
2084935905,3,0.0
2084935915,3,0.0
2084935925,3,0.0
2084935935,3,0.0
2084935945,3,0.0
2084935955,3,0.0
2084935965,3,0.0
2084935975,3,0.0
2084935985,3,0.0
2084935995,3,0.0
2084936005,3,0.0
2084936015,3,0.0
2084936025,3,0.0
2084936035,3,0.0
2084936045,3,0.0
2084936055,3,0.0
2084936065,3,0.0
2084936075,3,0.0
2084936085,3,0.0
2084936095,3,0.0
2084936105,3,0.0
2084936115,3,0.0
2084936125,3,0.0
2084936135,3,0.0
2084936145,3,0.0
2084936155,3,0.0
2084936165,3,0.0
2084936175,3,0.0
2084936185,3,0.0
2084936195,3,0.0
2084936205,3,0.0
2084936215,3,0.0
2084936225,3,0.0
2084936235,3,0.0
2084936245,3,0.0
2084936255,3,0.0
2084936265,3,0.0
2084936275,3,0.0
2084936285,3,0.0
2084936295,3,0.0
2084936305,3,0.0
2084936315,3,0.0
2084936325,3,0.0
2084936335,3,0.0
2084936345,3,0.0
2084936355,3,0.0
2084936365,3,0.0
2084936375,3,0.0
2084936385,3,0.0
2084936395,3,0.0
2084936405,3,0.0
2084936415,3,0.0
2084936425,3,0.0
2084936435,3,0.0
2084936445,3,0.0
2084936455,3,0.0
2084936465,3,0.0
2084936475,3,0.0
2084936485,3,0.0
2084936495,3,0.0
2084936505,3,0.0
2084936515,3,0.0
2084936525,3,0.0
2084936535,3,0.0
2084936545,3,0.0
2084936555,3,0.0
2084936565,3,0.0
2084936575,3,0.0
2084936585,3,0.0
2084936595,3,0.0
2084936605,3,0.0
2084936615,3,0.0
2084936625,3,0.0
2084936635,3,0.0
2084936645,3,0.0
2084936655,3,0.0
2084936665,3,0.0
2084936675,3,0.0
2084936685,3,0.0
2084936695,3,0.0
2084936705,3,0.0
2084936715,3,0.0
2084936725,3,0.0
2084936735,3,0.0
2084936745,3,0.0
2084936755,3,0.0
2084936765,3,0.0
2084936775,3,0.0
2084936785,3,0.0
2084936795,3,0.0
2084936805,3,0.0
2084936815,3,0.0
2084936825,3,0.0
2084936835,3,0.0
2084936845,3,0.0
2084936855,3,0.0
2084936865,3,0.0
2084936875,3,0.0
2084936885,3,0.0
2084936895,3,0.0
2084936905,3,0.0
2084936915,3,0.0
2084936925,3,0.0
2084936935,3,0.0
2084936945,3,0.0
2084936955,3,0.0
2084936965,3,0.0
2084936975,3,0.0
2084936985,3,0.0
2084936995,3,0.0
2084937005,3,0.0
2084937015,3,0.0
2084937025,3,0.0
2084937035,3,0.0
2084937045,3,0.0
2084937055,3,0.0
2084937065,3,0.0
2084937075,3,0.0
2084937085,3,0.0
2084937095,3,0.0
2084937105,3,0.0
2084937115,3,0.0
2084937125,3,0.0
2084937135,3,0.0
2084937145,3,0.0
2084937155,3,0.0
2084937165,3,0.0
2084937175,3,0.0
2084937185,3,0.0
2084937195,3,0.0
2084937205,3,0.0
2084937215,3,0.0
2084937225,3,0.0
2084937235,3,0.0
2084937245,3,0.0
2084937255,3,0.0
2084937265,3,0.0
2084937275,3,0.0
2084937285,3,0.0
2084937295,3,0.0
2084937305,3,0.0
2084937315,3,0.0
2084937325,3,0.0
2084937335,3,0.0
2084937345,3,0.0
2084937355,3,0.0
2084937365,3,0.0
2084937375,3,0.0
2084937385,3,0.0
2084937395,3,0.0
2084937405,3,0.0
2084937415,3,0.0
2084937425,3,0.0
2084937435,3,0.0
2084937445,3,0.0
2084937455,3,0.0
2084937465,3,0.0
2084937475,3,0.0
2084937485,3,0.0
2084937495,3,0.0
2084937505,3,0.0
2084937515,3,0.0
2084937525,3,0.0
2084937535,3,0.0
2084937545,3,0.0
2084937555,3,0.0
2084937565,3,0.0
2084937575,3,0.0
2084937585,3,0.0
2084937595,3,0.0
2084937605,3,0.0
2084937615,3,0.0
2084937625,3,0.0
2084937635,3,0.0
2084937645,3,0.0
2084937655,3,0.0
2084937665,3,0.0
2084937675,3,0.0
2084937685,3,0.0
2084937695,3,0.0
2084937705,3,0.0
2084937715,3,0.0
2084937725,3,0.0
2084937735,3,0.0
2084937745,3,0.0
2084937755,3,0.0
2084937765,3,0.0
2084937775,3,0.0
2084937785,3,0.0
2084937795,3,0.0
2084937805,3,0.0
2084937815,3,0.0
2084937825,3,0.0
2084937835,3,0.0
2084937845,3,0.0
2084937855,3,0.0
2084937865,3,0.0
2084937875,3,0.0
2084937885,3,0.0
2084937895,3,0.0
2084937905,3,0.0
2084937915,3,0.0
2084937925,3,0.0
2084937935,3,0.0
2084937945,3,0.0
2084937955,3,0.0
2084937965,3,0.0
2084937975,3,0.0
2084937985,3,0.0
2084937995,3,0.0
2084938005,3,0.0
2084938015,3,0.0
2084938025,3,0.0
2084938035,3,0.0
2084938045,3,0.0
2084938055,3,0.0
2084938065,3,0.0
2084938075,3,0.0
2084938085,3,0.0
2084938095,3,0.0
2084938105,3,0.0
2084938115,3,0.0
2084938125,3,0.0
2084938135,3,0.0
2084938145,3,0.0
2084938155,3,0.0
2084938165,3,0.0
2084938175,3,0.0
2084938185,3,0.0
2084938195,3,0.0
2084938205,3,0.0
2084938215,3,0.0
2084938225,3,0.0
2084938235,3,0.0
2084938245,3,0.0
2084938255,3,0.0
2084938265,3,0.0
2084938275,3,0.0
2084938285,3,0.0
2084938295,3,0.0
2084938305,3,0.0
2084938315,3,0.0
2084938325,3,0.0
2084938335,3,0.0
2084938345,3,0.0
2084938355,3,0.0
2084938365,3,0.0
2084938375,3,0.0
2084938385,3,0.0
2084938395,3,0.0
2084938405,3,0.0
2084938415,3,0.0
2084938425,3,0.0
2084938435,3,0.0
2084938445,3,0.0
2084938455,3,0.0
2084938465,3,0.0
2084938475,3,0.0
2084938485,3,0.0
2084938495,3,0.0
2084938505,3,0.0
2084938515,3,0.0
2084938525,3,0.0
2084938535,3,0.0
2084938545,3,0.0
2084938555,3,0.0
2084938565,3,0.0
2084938575,3,0.0
2084938585,3,0.0
2084938595,3,0.0
2084938605,3,0.0
2084938615,3,0.0
2084938625,3,0.0
2084938635,3,0.0
2084938645,3,0.0
2084938655,3,0.0
2084938665,3,0.0
2084938675,3,0.0
2084938685,3,0.0
2084938695,3,0.0
2084938705,3,0.0
2084938715,3,0.0
2084938725,3,0.0
2084938735,3,0.0
2084938745,3,0.0
2084938755,3,0.0
2084938765,3,0.0
2084938775,3,0.0
2084938785,3,0.0
2084938795,3,0.0
2084938805,3,0.0
2084938815,3,0.0
2084938825,3,0.0
2084938835,3,0.0
2084938845,3,0.0
2084938855,3,0.0
2084938865,3,0.0
2084938875,3,0.0
2084938885,3,0.0
2084938895,3,0.0
2084938905,3,0.0
2084938915,3,0.0
2084938925,3,0.0
2084938935,3,0.0
2084938945,3,0.0
2084938955,3,0.0
2084938965,3,0.0
2084938975,3,0.0
2084938985,3,0.0
2084938995,3,0.0
2084939005,3,0.0
2084939015,3,0.0
2084939025,3,0.0
2084939035,3,0.0
2084939045,3,0.0
2084939055,3,0.0
2084939065,3,0.0
2084939075,3,0.0
2084939085,3,0.0
2084939095,3,0.0
2084939105,3,0.0
2084939115,3,0.0
2084939125,3,0.0
2084939135,3,0.0
2084939145,3,0.0
2084939155,3,0.0
2084939165,3,0.0
2084939175,3,0.0
2084939185,3,0.0
2084939195,3,0.0
2084939205,3,0.0
2084939215,3,0.0
2084939225,3,0.0
2084939235,3,0.0
2084939245,3,0.0
2084939255,3,0.0
2084939265,3,0.0
2084939275,3,0.0
2084939285,3,0.0
2084939295,3,0.0
2084939305,3,0.0
2084939315,3,0.0
2084939325,3,0.0
2084939335,3,0.0
2084939345,3,0.0
2084939355,3,0.0
2084939365,3,0.0
2084939375,3,0.0
2084939385,3,0.0
2084939395,3,0.0
2084939405,3,0.0
2084939415,3,0.0
2084939425,3,0.0
2084939435,3,0.0
2084939445,3,0.0
2084939455,3,0.0
2084939465,3,0.0
2084939475,3,0.0
2084939485,3,0.0
2084939495,3,0.0
2084939505,3,0.0
2084939515,3,0.0
2084939525,3,0.0
2084939535,3,0.0
2084939545,3,0.0
2084939555,3,0.0
2084939565,3,0.0
2084939575,3,0.0
2084939585,3,0.0
2084939595,3,0.0
2084939605,3,0.0
2084939615,3,0.0
2084939625,3,0.0
2084939635,3,0.0
2084939645,3,0.0
2084939655,3,0.0
2084939665,3,0.0
2084939675,3,0.0
2084939685,3,0.0
2084939695,3,0.0
2084939705,3,0.0
2084939715,3,0.0
2084939725,3,0.0
2084939735,3,0.0
2084939745,3,0.0
2084939755,3,0.0
2084939765,3,0.0
2084939775,3,0.0
2084939785,3,0.0
2084939795,3,0.0
2084939805,3,0.0
2084939815,3,0.0
2084939825,3,0.0
2084939835,3,0.0
2084939845,3,0.0
2084939855,3,0.0
2084939865,3,0.0
2084939875,3,0.0
2084939885,3,0.0
2084939895,3,0.0
2084939905,3,0.0
2084939915,3,0.0
2084939925,3,0.0
2084939935,3,0.0
2084939945,3,0.0
2084939955,3,0.0
2084939965,3,0.0
2084939975,3,0.0
2084939985,3,0.0
2084939995,3,0.0
2084940005,3,0.0
2084940015,3,0.0
2084940025,3,0.0
2084940035,3,0.0
2084940045,3,0.0
2084940055,3,0.0
2084940065,3,0.0
2084940075,3,0.0
2084940085,3,0.0
2084940095,3,0.0
2084940105,3,0.0
2084940115,3,0.0
2084940125,3,0.0
2084940135,3,0.0
2084940145,3,0.0
2084940155,3,0.0
2084940165,3,0.0
2084940175,3,0.0
2084940185,3,0.0
2084940195,3,0.0
2084940205,3,0.0
2084940215,3,0.0
2084940225,3,0.0
2084940235,3,0.0
2084940245,3,0.0
2084940255,3,0.0
2084940265,3,0.0
2084940275,3,0.0
2084940285,3,0.0
2084940295,3,0.0
2084940305,3,0.0
2084940315,3,0.0
2084940325,3,0.0
2084940335,3,0.0
2084940345,3,0.0
2084940355,3,0.0
2084940365,3,0.0
2084940375,3,0.0
2084940385,3,0.0
2084940395,3,0.0
2084940405,3,0.0
2084940415,3,0.0
2084940425,3,0.0
2084940435,3,0.0
2084940445,3,0.0
2084940455,3,0.0
2084940465,3,0.0
2084940475,3,0.0
2084940485,3,0.0
2084940495,3,0.0
2084940505,3,0.0
2084940515,3,0.0
2084940525,3,0.0
2084940535,3,0.0
2084940545,3,0.0
2084940555,3,0.0
2084940565,3,0.0
2084940575,3,0.0
2084940585,3,0.0
2084940595,3,0.0
2084940605,3,0.0
2084940615,3,0.0
2084940625,3,0.0
2084940635,3,0.0
2084940645,3,0.0
2084940655,3,0.0
2084940665,3,0.0
2084940675,3,0.0
2084940685,3,0.0
2084940695,3,0.0
2084940705,3,0.0
2084940715,3,0.0
2084940725,3,0.0
2084940735,3,0.0
2084940745,3,0.0
2084940755,3,0.0
2084940765,3,0.0
2084940775,3,0.0
2084940785,3,0.0
2084940795,3,0.0
2084940805,3,0.0
2084940815,3,0.0
2084940825,3,0.0
2084940835,3,0.0
2084940845,3,0.0
2084940855,3,0.0
2084940865,3,0.0
2084940875,3,0.0
2084940885,3,0.0
2084940895,3,0.0
2084940905,3,0.0
2084940915,3,0.0
2084940925,3,0.0
2084940935,3,0.0
2084940945,3,0.0
2084940955,3,0.0
2084940965,3,0.0
2084940975,3,0.0
2084940985,3,0.0
2084940995,3,0.0
2084941005,3,0.0
2084941015,3,0.0
2084941025,3,0.0
2084941035,3,0.0
2084941045,3,0.0
2084941055,3,0.0
2084941065,3,0.0
2084941075,3,0.0
2084941085,3,0.0
2084941095,3,0.0
2084941105,3,0.0
2084941115,3,0.0
2084941125,3,0.0
2084941135,3,0.0
2084941145,3,0.0
2084941155,3,0.0
2084941165,3,0.0
2084941175,3,0.0
2084941185,3,0.0
2084941195,3,0.0
2084941205,3,0.0
2084941215,3,0.0
2084941225,3,0.0
2084941235,3,0.0
2084941245,3,0.0
2084941255,3,0.0
2084941265,3,0.0
2084941275,3,0.0
2084941285,3,0.0
2084941295,3,0.0
2084941305,3,0.0
2084941315,3,0.0
2084941325,3,0.0
2084941335,3,0.0
2084941345,3,0.0
2084941355,3,0.0
2084941365,3,0.0
2084941375,3,0.0
2084941385,3,0.0
2084941395,3,0.0
2084941405,3,0.0
2084941415,3,0.0
2084941425,3,0.0
2084941435,3,0.0
2084941445,3,0.0
2084941455,3,0.0
2084941465,3,0.0
2084941475,3,0.0
2084941485,3,0.0
2084941495,3,0.0
2084941505,3,0.0
2084941515,3,0.0
2084941525,3,0.0
2084941535,3,0.0
2084941545,3,0.0
2084941555,3,0.0
2084941565,3,0.0
2084941575,3,0.0
2084941585,3,0.0
2084941595,3,0.0
2084941605,3,0.0
2084941615,3,0.0
2084941625,3,0.0
2084941635,3,0.0
2084941645,3,0.0
2084941655,3,0.0
2084941665,3,0.0
2084941675,3,0.0
2084941685,3,0.0
2084941695,3,0.0
2084941705,3,0.0
2084941715,3,0.0
2084941725,3,0.0
2084941735,3,0.0
2084941745,3,0.0
2084941755,3,0.0
2084941765,3,0.0
2084941775,3,0.0
2084941785,3,0.0
2084941795,3,0.0
2084941805,3,0.0
2084941815,3,0.0
2084941825,3,0.0
2084941835,3,0.0
2084941845,3,0.0
2084941855,3,0.0
2084941865,3,0.0
2084941875,3,0.0
2084941885,3,0.0
2084941895,3,0.0
2084941905,3,0.0
2084941915,3,0.0
2084941925,3,0.0
2084941935,3,0.0
2084941945,3,0.0
2084941955,3,0.0
2084941965,3,0.0
2084941975,3,0.0
2084941985,3,0.0
2084941995,3,0.0
2084942005,3,0.0
2084942015,3,0.0
2084942025,3,0.0
2084942035,3,0.0
2084942045,3,0.0
2084942055,3,0.0
2084942065,3,0.0
2084942075,3,0.0
2084942085,3,0.0
2084942095,3,0.0
2084942105,3,0.0
2084942115,3,0.0
2084942125,3,0.0
2084942135,3,0.0
2084942145,3,0.0
2084942155,3,0.0
2084942165,3,0.0
2084942175,3,0.0
2084942185,3,0.0
2084942195,3,0.0
2084942205,3,0.0
2084942215,3,0.0
2084942225,3,0.0
2084942235,3,0.0
2084942245,3,0.0
2084942255,3,0.0
2084942265,3,0.0
2084942275,3,0.0
2084942285,3,0.0
2084942295,3,0.0
2084942305,3,0.0
2084942315,3,0.0
2084942325,3,0.0
2084942335,3,0.0
2084942345,3,0.0
2084942355,3,0.0
2084942365,3,0.0
2084942375,3,0.0
2084942385,3,0.0
2084942395,3,0.0
2084942405,3,0.0
2084942415,3,0.0
2084942425,3,0.0
2084942435,3,0.0
2084942445,3,0.0
2084942455,3,0.0
2084942465,3,0.0
2084942475,3,0.0
2084942485,3,0.0
2084942495,3,0.0
2084942505,3,0.0
2084942515,3,0.0
2084942525,3,0.0
2084942535,3,0.0
2084942545,3,0.0
2084942555,3,0.0
2084942565,3,0.0
2084942575,3,0.0
2084942585,3,0.0
2084942595,3,0.0
2084942605,3,0.0
2084942615,3,0.0
2084942625,3,0.0
2084942635,3,0.0
2084942645,3,0.0
2084942655,3,0.0
2084942665,3,0.0
2084942675,3,0.0
2084942685,3,0.0
2084942695,3,0.0
2084942705,3,0.0
2084942715,3,0.0
2084942725,3,0.0
2084942735,3,0.0
2084942745,3,0.0
2084942755,3,0.0
2084942765,3,0.0
2084942775,3,0.0
2084942785,3,0.0
2084942795,3,0.0
2084942805,3,0.0
2084942815,3,0.0
2084942825,3,0.0
2084942835,3,0.0
2084942845,3,0.0
2084942855,3,0.0
2084942865,3,0.0
2084942875,3,0.0
2084942885,3,0.0
2084942895,3,0.0
2084942905,3,0.0
2084942915,3,0.0
2084942925,3,0.0
2084942935,3,0.0
2084942945,3,0.0
2084942955,3,0.0
2084942965,3,0.0
2084942975,3,0.0
2084942985,3,0.0
2084942995,3,0.0
2084943005,3,0.0
2084943015,3,0.0
2084943025,3,0.0
2084943035,3,0.0
2084943045,3,0.0
2084943055,3,0.0
2084943065,3,0.0
2084943075,3,0.0
2084943085,3,0.0
2084943095,3,0.0
2084943105,3,0.0
2084943115,3,0.0
2084943125,3,0.0
2084943135,3,0.0
2084943145,3,0.0
2084943155,3,0.0
2084943165,3,0.0
2084943175,3,0.0
2084943185,3,0.0
2084943195,3,0.0
2084943205,3,0.0
2084943215,3,0.0
2084943225,3,0.0
2084943235,3,0.0
2084943245,3,0.0
2084943255,3,0.0
2084943265,3,0.0
2084943275,3,0.0
2084943285,3,0.0
2084943295,3,0.0
2084943305,3,0.0
2084943315,3,0.0
2084943325,3,0.0
2084943335,3,0.0
2084943345,3,0.0
2084943355,3,0.0
2084943365,3,0.0
2084943375,3,0.0
2084943385,3,0.0
2084943395,3,0.0
2084943405,3,0.0
2084943415,3,0.0
2084943425,3,0.0
2084943435,3,0.0
2084943445,3,0.0
2084943455,3,0.0
2084943465,3,0.0
2084943475,3,0.0
2084943485,3,0.0
2084943495,3,0.0
2084943505,3,0.0
2084943515,3,0.0
2084943525,3,0.0
2084943535,3,0.0
2084943545,3,0.0
2084943555,3,0.0
2084943565,3,0.0
2084943575,3,0.0
2084943585,3,0.0
2084943595,3,0.0
2084943605,3,0.0
2084943615,3,0.0
2084943625,3,0.0
2084943635,3,0.0
2084943645,3,0.0
2084943655,3,0.0
2084943665,3,0.0
2084943675,3,0.0
2084943685,3,0.0
2084943695,3,0.0
2084943705,3,0.0
2084943715,3,0.0
2084943725,3,0.0
2084943735,3,0.0
2084943745,3,0.0
2084943755,3,0.0
2084943765,3,0.0
2084943775,3,0.0
2084943785,3,0.0
2084943795,3,0.0
2084943805,3,0.0
2084943815,3,0.0
2084943825,3,0.0
2084943835,3,0.0
2084943845,3,0.0
2084943855,3,0.0
2084943865,3,0.0
2084943875,3,0.0
2084943885,3,0.0
2084943895,3,0.0
2084943905,3,0.0
2084943915,3,0.0
2084943925,3,0.0
2084943935,3,0.0
2084943945,3,0.0
2084943955,3,0.0
2084943965,3,0.0
2084943975,3,0.0
2084943985,3,0.0
2084943995,3,0.0
2084944005,3,0.0
2084944015,3,0.0
2084944025,3,0.0
2084944035,3,0.0
2084944045,3,0.0
2084944055,3,0.0
2084944065,3,0.0
2084944075,3,0.0
2084944085,3,0.0
2084944095,3,0.0
2084944105,3,0.0
2084944115,3,0.0
2084944125,3,0.0
2084944135,3,0.0
2084944145,3,0.0
2084944155,3,0.0
2084944165,3,0.0
2084944175,3,0.0
2084944185,3,0.0
2084944195,3,0.0
2084944205,3,0.0
2084944215,3,0.0
2084944225,3,0.0
2084944235,3,0.0
2084944245,3,0.0
2084944255,3,0.0
2084944265,3,0.0
2084944275,3,0.0
2084944285,3,0.0
2084944295,3,0.0
2084944305,3,0.0
2084944315,3,0.0
2084944325,3,0.0
2084944335,3,0.0
2084944345,3,0.0
2084944355,3,0.0
2084944365,3,0.0
2084944375,3,0.0
2084944385,3,0.0
2084944395,3,0.0
2084944405,3,0.0
2084944415,3,0.0
2084944425,3,0.0
2084944435,3,0.0
2084944445,3,0.0
2084944455,3,0.0
2084944465,3,0.0
2084944475,3,0.0
2084944485,3,0.0
2084944495,3,0.0
2084944505,3,0.0
2084944515,3,0.0
2084944525,3,0.0
2084944535,3,0.0
2084944545,3,0.0
2084944555,3,0.0
2084944565,3,0.0
2084944575,3,0.0
2084944585,3,0.0
2084944595,3,0.0
2084944605,3,0.0
2084944615,3,0.0
2084944625,3,0.0
2084944635,3,0.0
2084944645,3,0.0
2084944655,3,0.0
2084944665,3,0.0
2084944675,3,0.0
2084944685,3,0.0
2084944695,3,0.0
2084944705,3,0.0
2084944715,3,0.0
2084944725,3,0.0
2084944735,3,0.0
2084944745,3,0.0
2084944755,3,0.0
2084944765,3,0.0
2084944775,3,0.0
2084944785,3,0.0
2084944795,3,0.0
2084944805,3,0.0
2084944815,3,0.0
2084944825,3,0.0
2084944835,3,0.0
2084944845,3,0.0
2084944855,3,0.0
2084944865,3,0.0
2084944875,3,0.0
2084944885,3,0.0
2084944895,3,0.0
2084944905,3,0.0
2084944915,3,0.0
2084944925,3,0.0
2084944935,3,0.0
2084944945,3,0.0
2084944955,3,0.0
2084944965,3,0.0
2084944975,3,0.0
2084944985,3,0.0
2084944995,3,0.0
2084945005,3,0.0
2084945015,3,0.0
2084945025,3,0.0
2084945035,3,0.0
2084945045,3,0.0
2084945055,3,0.0
2084945065,3,0.0
2084945075,3,0.0
2084945085,3,0.0
2084945095,3,0.0
2084945105,3,0.0
2084945115,3,0.0
2084945125,3,0.0
2084945135,3,0.0
2084945145,3,0.0
2084945155,3,0.0
2084945165,3,0.0
2084945175,3,0.0
2084945185,3,0.0
2084945195,3,0.0
2084945205,3,0.0
2084945215,3,0.0
2084945225,3,0.0
2084945235,3,0.0
2084945245,3,0.0
2084945255,3,0.0
2084945265,3,0.0
2084945275,3,0.0
2084945285,3,0.0
2084945295,3,0.0
2084945305,3,0.0
2084945315,3,0.0
2084945325,3,0.0
2084945335,3,0.0
2084945345,3,0.0
2084945355,3,0.0
2084945365,3,0.0
2084945375,3,0.0
2084945385,3,0.0
2084945395,3,0.0
2084945405,3,0.0
2084945415,3,0.0
2084945425,3,0.0
2084945435,3,0.0
2084945445,3,0.0
2084945455,3,0.0
2084945465,3,0.0
2084945475,3,0.0
2084945485,3,0.0
2084945495,3,0.0
2084945505,3,0.0
2084945515,3,0.0
2084945525,3,0.0
2084945535,3,0.0
2084945545,3,0.0
2084945555,3,0.0
2084945565,3,0.0
2084945575,3,0.0
2084945585,3,0.0
2084945595,3,0.0
2084945605,3,0.0
2084945615,3,0.0
2084945625,3,0.0
2084945635,3,0.0
2084945645,3,0.0
2084945655,3,0.0
2084945665,3,0.0
2084945675,3,0.0
2084945685,3,0.0
2084945695,3,0.0
2084945705,3,0.0
2084945715,3,0.0
2084945725,3,0.0
2084945735,3,0.0
2084945745,3,0.0
2084945755,3,0.0
2084945765,3,0.0
2084945775,3,0.0
2084945785,3,0.0
2084945795,3,0.0
2084945805,3,0.0
2084945815,3,0.0
2084945825,3,0.0
2084945835,3,0.0
2084945845,3,0.0
2084945855,3,0.0
2084945865,3,0.0
2084945875,3,0.0
2084945885,3,0.0
2084945895,3,0.0
2084945905,3,0.0
2084945915,3,0.0
2084945925,3,0.0
2084945935,3,0.0
2084945945,3,0.0
2084945955,3,0.0
2084945965,3,0.0
2084945975,3,0.0
2084945985,3,0.0
2084945995,3,0.0
2084946005,3,0.0
2084946015,3,0.0
2084946025,3,0.0
2084946035,3,0.0
2084946045,3,0.0
2084946055,3,0.0
2084946065,3,0.0
2084946075,3,0.0
2084946085,3,0.0
2084946095,3,0.0
2084946105,3,0.0
2084946115,3,0.0
2084946125,3,0.0
2084946135,3,0.0
2084946145,3,0.0
2084946155,3,0.0
2084946165,3,0.0
2084946175,3,0.0
2084946185,3,0.0
2084946195,3,0.0
2084946205,3,0.0
2084946215,3,0.0
2084946225,3,0.0
2084946235,3,0.0
2084946245,3,0.0
2084946255,3,0.0
2084946265,3,0.0
2084946275,3,0.0
2084946285,3,0.0
2084946295,3,0.0
2084946305,3,0.0
2084946315,3,0.0
2084946325,3,0.0
2084946335,3,0.0
2084946345,3,0.0
2084946355,3,0.0
2084946365,3,0.0
2084946375,3,0.0
2084946385,3,0.0
2084946395,3,0.0
2084946405,3,0.0
2084946415,3,0.0
2084946425,3,0.0
2084946435,3,0.0
2084946445,3,0.0
2084946455,3,0.0
2084946465,3,0.0
2084946475,3,0.0
2084946485,3,0.0
2084946495,3,0.0
2084946505,3,0.0
2084946515,3,0.0
2084946525,3,0.0
2084946535,3,0.0
2084946545,3,0.0
2084946555,3,0.0
2084946565,3,0.0
2084946575,3,0.0
2084946585,3,0.0
2084946595,3,0.0
2084946605,3,0.0
2084946615,3,0.0
2084946625,3,0.0
2084946635,3,0.0
2084946645,3,0.0
2084946655,3,0.0
2084946665,3,0.0
2084946675,3,0.0
2084946685,3,0.0
2084946695,3,0.0
2084946705,3,0.0
2084946715,3,0.0
2084946725,3,0.0
2084946735,3,0.0
2084946745,3,0.0
2084946755,3,0.0
2084946765,3,0.0
2084946775,3,0.0
2084946785,3,0.0
2084946795,3,0.0
2084946805,3,0.0
2084946815,3,0.0
2084946825,3,0.0
2084946835,3,0.0
2084946845,3,0.0
2084946855,3,0.0
2084946865,3,0.0
2084946875,3,0.0
2084946885,3,0.0
2084946895,3,0.0
2084946905,3,0.0
2084946915,3,0.0
2084946925,3,0.0
2084946935,3,0.0
2084946945,3,0.0
2084946955,3,0.0
2084946965,3,0.0
2084946975,3,0.0
2084946985,3,0.0
2084946995,3,0.0
2084947005,3,0.0
2084947015,3,0.0
2084947025,3,0.0
2084947035,3,0.0
2084947045,3,0.0
2084947055,3,0.0
2084947065,3,0.0
2084947075,3,0.0
2084947085,3,0.0
2084947095,3,0.0
2084947105,3,0.0
2084947115,3,0.0
2084947125,3,0.0
2084947135,3,0.0
2084947145,3,0.0
2084947155,3,0.0
2084947165,3,0.0
2084947175,3,0.0
2084947185,3,0.0
2084947195,3,0.0
2084947205,3,0.0
2084947215,3,0.0
2084947225,3,0.0
2084947235,3,0.0
2084947245,3,0.0
2084947255,3,0.0
2084947265,3,0.0
2084947275,3,0.0
2084947285,3,0.0
2084947295,3,0.0
2084947305,3,0.0
2084947315,3,0.0
2084947325,3,0.0
2084947335,3,0.0
2084947345,3,0.0
2084947355,3,0.0
2084947365,3,0.0
2084947375,3,0.0
2084947385,3,0.0
2084947395,3,0.0
2084947405,3,0.0
2084947415,3,0.0
2084947425,3,0.0
2084947435,3,0.0
2084947445,3,0.0
2084947455,3,0.0
2084947465,3,0.0
2084947475,3,0.0
2084947485,3,0.0
2084947495,3,0.0
2084947505,3,0.0
2084947515,3,0.0
2084947525,3,0.0
2084947535,3,0.0
2084947545,3,0.0
2084947555,3,0.0
2084947565,3,0.0
2084947575,3,0.0
2084947585,3,0.0
2084947595,3,0.0
2084947605,3,0.0
2084947615,3,0.0
2084947625,3,0.0
2084947635,3,0.0
2084947645,3,0.0
2084947655,3,0.0
2084947665,3,0.0
2084947675,3,0.0
2084947685,3,0.0
2084947695,3,0.0
2084947705,3,0.0
2084947715,3,0.0
2084947725,3,0.0
2084947735,3,0.0
2084947745,3,0.0
2084947755,3,0.0
2084947765,3,0.0
2084947775,3,0.0
2084947785,3,0.0
2084947795,3,0.0
2084947805,3,0.0
2084947815,3,0.0
2084947825,3,0.0
2084947835,3,0.0
2084947845,3,0.0
2084947855,3,0.0
2084947865,3,0.0
2084947875,3,0.0
2084947885,3,0.0
2084947895,3,0.0
2084947905,3,0.0
2084947915,3,0.0
2084947925,3,0.0
2084947935,3,0.0
2084947945,3,0.0
2084947955,3,0.0
2084947965,3,0.0
2084947975,3,0.0
2084947985,3,0.0
2084947995,3,0.0
2084948005,3,0.0
2084948015,3,0.0
2084948025,3,0.0
2084948035,3,0.0
2084948045,3,0.0
2084948055,3,0.0
2084948065,3,0.0
2084948075,3,0.0
2084948085,3,0.0
2084948095,3,0.0
2084948105,3,0.0
2084948115,3,0.0
2084948125,3,0.0
2084948135,3,0.0
2084948145,3,0.0
2084948155,3,0.0
2084948165,3,0.0
2084948175,3,0.0
2084948185,3,0.0
2084948195,3,0.0
2084948205,3,0.0
2084948215,3,0.0
2084948225,3,0.0
2084948235,3,0.0
2084948245,3,0.0
2084948255,3,0.0
2084948265,3,0.0
2084948275,3,0.0
2084948285,3,0.0
2084948295,3,0.0
2084948305,3,0.0
2084948315,3,0.0
2084948325,3,0.0
2084948335,3,0.0
2084948345,3,0.0
2084948355,3,0.0
2084948365,3,0.0
2084948375,3,0.0
2084948385,3,0.0
2084948395,3,0.0
2084948405,3,0.0
2084948415,3,0.0
2084948425,3,0.0
2084948435,3,0.0
2084948445,3,0.0
2084948455,3,0.0
2084948465,3,0.0
2084948475,3,0.0
2084948485,3,0.0
2084948495,3,0.0
2084948505,3,0.0
2084948515,3,0.0
2084948525,3,0.0
2084948535,3,0.0
2084948545,3,0.0
2084948555,3,0.0
2084948565,3,0.0
2084948575,3,0.0
2084948585,3,0.0
2084948595,3,0.0
2084948605,3,0.0
2084948615,3,0.0
2084948625,3,0.0
2084948635,3,0.0
2084948645,3,0.0
2084948655,3,0.0
2084948665,3,0.0
2084948675,3,0.0
2084948685,3,0.0
2084948695,3,0.0
2084948705,3,0.0
2084948715,3,0.0
2084948725,3,0.0
2084948735,3,0.0
2084948745,3,0.0
2084948755,3,0.0
2084948765,3,0.0
2084948775,3,0.0
2084948785,3,0.0
2084948795,3,0.0
2084948805,3,0.0
2084948815,3,0.0
2084948825,3,0.0
2084948835,3,0.0
2084948845,3,0.0
2084948855,3,0.0
2084948865,3,0.0
2084948875,3,0.0
2084948885,3,0.0
2084948895,3,0.0
2084948905,3,0.0
2084948915,3,0.0
2084948925,3,0.0
2084948935,3,0.0
2084948945,3,0.0
2084948955,3,0.0
2084948965,3,0.0
2084948975,3,0.0
2084948985,3,0.0
2084948995,3,0.0
2084949005,3,0.0
2084949015,3,0.0
2084949025,3,0.0
2084949035,3,0.0
2084949045,3,0.0
2084949055,3,0.0
2084949065,3,0.0
2084949075,3,0.0
2084949085,3,0.0
2084949095,3,0.0
2084949105,3,0.0
2084949115,3,0.0
2084949125,3,0.0
2084949135,3,0.0
2084949145,3,0.0
2084949155,3,0.0
2084949165,3,0.0
2084949175,3,0.0
2084949185,3,0.0
2084949195,3,0.0
2084949205,3,0.0
2084949215,3,0.0
2084949225,3,0.0
2084949235,3,0.0
2084949245,3,0.0
2084949255,3,0.0
2084949265,3,0.0
2084949275,3,0.0
2084949285,3,0.0
2084949295,3,0.0
2084949305,3,0.0
2084949315,3,0.0
2084949325,3,0.0
2084949335,3,0.0
2084949345,3,0.0
2084949355,3,0.0
2084949365,3,0.0
2084949375,3,0.0
2084949385,3,0.0
2084949395,3,0.0
2084949405,3,0.0
2084949415,3,0.0
2084949425,3,0.0
2084949435,3,0.0
2084949445,3,0.0
2084949455,3,0.0
2084949465,3,0.0
2084949475,3,0.0
2084949485,3,0.0
2084949495,3,0.0
2084949505,3,0.0
2084949515,3,0.0
2084949525,3,0.0
2084949535,3,0.0
2084949545,3,0.0
2084949555,3,0.0
2084949565,3,0.0
2084949575,3,0.0
2084949585,3,0.0
2084949595,3,0.0
2084949605,3,0.0
2084949615,3,0.0
2084949625,3,0.0
2084949635,3,0.0
2084949645,3,0.0
2084949655,3,0.0
2084949665,3,0.0
2084949675,3,0.0
2084949685,3,0.0
2084949695,3,0.0
2084949705,3,0.0
2084949715,3,0.0
2084949725,3,0.0
2084949735,3,0.0
2084949745,3,0.0
2084949755,3,0.0
2084949765,3,0.0
2084949775,3,0.0
2084949785,3,0.0
2084949795,3,0.0
2084949805,3,0.0
2084949815,3,0.0
2084949825,3,0.0
2084949835,3,0.0
2084949845,3,0.0
2084949855,3,0.0
2084949865,3,0.0
2084949875,3,0.0
2084949885,3,0.0
2084949895,3,0.0
2084949905,3,0.0
2084949915,3,0.0
2084949925,3,0.0
2084949935,3,0.0
2084949945,3,0.0
2084949955,3,0.0
2084949965,3,0.0
2084949975,3,0.0
2084949985,3,0.0
2084949995,3,0.0
2084950005,3,0.0
2084950015,3,0.0
2084950025,3,0.0
2084950035,3,0.0
2084950045,3,0.0
2084950055,3,0.0
2084950065,3,0.0
2084950075,3,0.0
2084950085,3,0.0
2084950095,3,0.0
2084950105,3,0.0
2084950115,3,0.0
2084950125,3,0.0
2084950135,3,0.0
2084950145,3,0.0
2084950155,3,0.0
2084950165,3,0.0
2084950175,3,0.0
2084950185,3,0.0
2084950195,3,0.0
2084950205,3,0.0
2084950215,3,0.0
2084950225,3,0.0
2084950235,3,0.0
2084950245,3,0.0
2084950255,3,0.0
2084950265,3,0.0
2084950275,3,0.0
2084950285,3,0.0
2084950295,3,0.0
2084950305,3,0.0
2084950315,3,0.0
2084950325,3,0.0
2084950335,3,0.0
2084950345,3,0.0
2084950355,3,0.0
2084950365,3,0.0
2084950375,3,0.0
2084950385,3,0.0
2084950395,3,0.0
2084950405,3,0.0
2084950415,3,0.0
2084950425,3,0.0
2084950435,3,0.0
2084950445,3,0.0
2084950455,3,0.0
2084950465,3,0.0
2084950475,3,0.0
2084950485,3,0.0
2084950495,3,0.0
2084950505,3,0.0
2084950515,3,0.0
2084950525,3,0.0
2084950535,3,0.0
2084950545,3,0.0
2084950555,3,0.0
2084950565,3,0.0
2084950575,3,0.0
2084950585,3,0.0
2084950595,3,0.0
2084950605,3,0.0
2084950615,3,0.0
2084950625,3,0.0
2084950635,3,0.0
2084950645,3,0.0
2084950655,3,0.0
2084950665,3,0.0
2084950675,3,0.0
2084950685,3,0.0
2084950695,3,0.0
2084950705,3,0.0
2084950715,3,0.0
2084950725,3,0.0
2084950735,3,0.0
2084950745,3,0.0
2084950755,3,0.0
2084950765,3,0.0
2084950775,3,0.0
2084950785,3,0.0
2084950795,3,0.0
2084950805,3,0.0
2084950815,3,0.0
2084950825,3,0.0
2084950835,3,0.0
2084950845,3,0.0
2084950855,3,0.0
2084950865,3,0.0
2084950875,3,0.0
2084950885,3,0.0
2084950895,3,0.0
2084950905,3,0.0
2084950915,3,0.0
2084950925,3,0.0
2084950935,3,0.0
2084950945,3,0.0
2084950955,3,0.0
2084950965,3,0.0
2084950975,3,0.0
2084950985,3,0.0
2084950995,3,0.0
2084951005,3,0.0
2084951015,3,0.0
2084951025,3,0.0
2084951035,3,0.0
2084951045,3,0.0
2084951055,3,0.0
2084951065,3,0.0
2084951075,3,0.0
2084951085,3,0.0
2084951095,3,0.0
2084951105,3,0.0
2084951115,3,0.0
2084951125,3,0.0
2084951135,3,0.0
2084951145,3,0.0
2084951155,3,0.0
2084951165,3,0.0
2084951175,3,0.0
2084951185,3,0.0
2084951195,3,0.0
2084951205,3,0.0
2084951215,3,0.0
2084951225,3,0.0
2084951235,3,0.0
2084951245,3,0.0
2084951255,3,0.0
2084951265,3,0.0
2084951275,3,0.0
2084951285,3,0.0
2084951295,3,0.0
2084951305,3,0.0
2084951315,3,0.0
2084951325,3,0.0
2084951335,3,0.0
2084951345,3,0.0
2084951355,3,0.0
2084951365,3,0.0
2084951375,3,0.0
2084951385,3,0.0
2084951395,3,0.0
2084951405,3,0.0
2084951415,3,0.0
2084951425,3,0.0
2084951435,3,0.0
2084951445,3,0.0
2084951455,3,0.0
2084951465,3,0.0
2084951475,3,0.0
2084951485,3,0.0
2084951495,3,0.0
2084951505,3,0.0
2084951515,3,0.0
2084951525,3,0.0
2084951535,3,0.0
2084951545,3,0.0
2084951555,3,0.0
2084951565,3,0.0
2084951575,3,0.0
2084951585,3,0.0
2084951595,3,0.0
2084951605,3,0.0
2084951615,3,0.0
2084951625,3,0.0
2084951635,3,0.0
2084951645,3,0.0
2084951655,3,0.0
2084951665,3,0.0
2084951675,3,0.0
2084951685,3,0.0
2084951695,3,0.0
2084951705,3,0.0
2084951715,3,0.0
2084951725,3,0.0
2084951735,3,0.0
2084951745,3,0.0
2084951755,3,0.0
2084951765,3,0.0
2084951775,3,0.0
2084951785,3,0.0
2084951795,3,0.0
2084951805,3,0.0
2084951815,3,0.0
2084951825,3,0.0
2084951835,3,0.0
2084951845,3,0.0
2084951855,3,0.0
2084951865,3,0.0
2084951875,3,0.0
2084951885,3,0.0
2084951895,3,0.0
2084951905,3,0.0
2084951915,3,0.0
2084951925,3,0.0
2084951935,3,0.0
2084951945,3,0.0
2084951955,3,0.0
2084951965,3,0.0
2084951975,3,0.0
2084951985,3,0.0
2084951995,3,0.0
2084952005,3,0.0
2084952015,3,0.0
2084952025,3,0.0
2084952035,3,0.0
2084952045,3,0.0
2084952055,3,0.0
2084952065,3,0.0
2084952075,3,0.0
2084952085,3,0.0
2084952095,3,0.0
2084952105,3,0.0
2084952115,3,0.0
2084952125,3,0.0
2084952135,3,0.0
2084952145,3,0.0
2084952155,3,0.0
2084952165,3,0.0
2084952175,3,0.0
2084952185,3,0.0
2084952195,3,0.0
2084952205,3,0.0
2084952215,3,0.0
2084952225,3,0.0
2084952235,3,0.0
2084952245,3,0.0
2084952255,3,0.0
2084952265,3,0.0
2084952275,3,0.0
2084952285,3,0.0
2084952295,3,0.0
2084952305,3,0.0
2084952315,3,0.0
2084952325,3,0.0
2084952335,3,0.0
2084952345,3,0.0
2084952355,3,0.0
2084952365,3,0.0
2084952375,3,0.0
2084952385,3,0.0
2084952395,3,0.0
2084952405,3,0.0
2084952415,3,0.0
2084952425,3,0.0
2084952435,3,0.0
2084952445,3,0.0
2084952455,3,0.0
2084952465,3,0.0
2084952475,3,0.0
2084952485,3,0.0
2084952495,3,0.0
2084952505,3,0.0
2084952515,3,0.0
2084952525,3,0.0
2084952535,3,0.0
2084952545,3,0.0
2084952555,3,0.0
2084952565,3,0.0
2084952575,3,0.0
2084952585,3,0.0
2084952595,3,0.0
2084952605,3,0.0
2084952615,3,0.0
2084952625,3,0.0
2084952635,3,0.0
2084952645,3,0.0
2084952655,3,0.0
2084952665,3,0.0
2084952675,3,0.0
2084952685,3,0.0
2084952695,3,0.0
2084952705,3,0.0
2084952715,3,0.0
2084952725,3,0.0
2084952735,3,0.0
2084952745,3,0.0
2084952755,3,0.0
2084952765,3,0.0
2084952775,3,0.0
2084952785,3,0.0
2084952795,3,0.0
2084952805,3,0.0
2084952815,3,0.0
2084952825,3,0.0
2084952835,3,0.0
2084952845,3,0.0
2084952855,3,0.0
2084952865,3,0.0
2084952875,3,0.0
2084952885,3,0.0
2084952895,3,0.0
2084952905,3,0.0
2084952915,3,0.0
2084952925,3,0.0
2084952935,3,0.0
2084952945,3,0.0
2084952955,3,0.0
2084952965,3,0.0
2084952975,3,0.0
2084952985,3,0.0
2084952995,3,0.0
2084953005,3,0.0
2084953015,3,0.0
2084953025,3,0.0
2084953035,3,0.0
2084953045,3,0.0
2084953055,3,0.0
2084953065,3,0.0
2084953075,3,0.0
2084953085,3,0.0
2084953095,3,0.0
2084953105,3,0.0
2084953115,3,0.0
2084953125,3,0.0
2084953135,3,0.0
2084953145,3,0.0
2084953155,3,0.0
2084953165,3,0.0
2084953175,3,0.0
2084953185,3,0.0
2084953195,3,0.0
2084953205,3,0.0
2084953215,3,0.0
2084953225,3,0.0
2084953235,3,0.0
2084953245,3,0.0
2084953255,3,0.0
2084953265,3,0.0
2084953275,3,0.0
2084953285,3,0.0
2084953295,3,0.0
2084953305,3,0.0
2084953315,3,0.0
2084953325,3,0.0
2084953335,3,0.0
2084953345,3,0.0
2084953355,3,0.0
2084953365,3,0.0
2084953375,3,0.0
2084953385,3,0.0
2084953395,3,0.0
2084953405,3,0.0
2084953415,3,0.0
2084953425,3,0.0
2084953435,3,0.0
2084953445,3,0.0
2084953455,3,0.0
2084953465,3,0.0
2084953475,3,0.0
2084953485,3,0.0
2084953495,3,0.0
2084953505,3,0.0
2084953515,3,0.0
2084953525,3,0.0
2084953535,3,0.0
2084953545,3,0.0
2084953555,3,0.0
2084953565,3,0.0
2084953575,3,0.0
2084953585,3,0.0
2084953595,3,0.0
2084953605,3,0.0
2084953615,3,0.0
2084953625,3,0.0
2084953635,3,0.0
2084953645,3,0.0
2084953655,3,0.0
2084953665,3,0.0
2084953675,3,0.0
2084953685,3,0.0
2084953695,3,0.0
2084953705,3,0.0
2084953715,3,0.0
2084953725,3,0.0
2084953735,3,0.0
2084953745,3,0.0
2084953755,3,0.0
2084953765,3,0.0
2084953775,3,0.0
2084953785,3,0.0
2084953795,3,0.0
2084953805,3,0.0
2084953815,3,0.0
2084953825,3,0.0
2084953835,3,0.0
2084953845,3,0.0
2084953855,3,0.0
2084953865,3,0.0
2084953875,3,0.0
2084953885,3,0.0
2084953895,3,0.0
2084953905,3,0.0
2084953915,3,0.0
2084953925,3,0.0
2084953935,3,0.0
2084953945,3,0.0
2084953955,3,0.0
2084953965,3,0.0
2084953975,3,0.0
2084953985,3,0.0
2084953995,3,0.0
2084954005,3,0.0
2084954015,3,0.0
2084954025,3,0.0
2084954035,3,0.0
2084954045,3,0.0
2084954055,3,0.0
2084954065,3,0.0
2084954075,3,0.0
2084954085,3,0.0
2084954095,3,0.0
2084954105,3,0.0
2084954115,3,0.0
2084954125,3,0.0
2084954135,3,0.0
2084954145,3,0.0
2084954155,3,0.0
2084954165,3,0.0
2084954175,3,0.0
2084954185,3,0.0
2084954195,3,0.0
2084954205,3,0.0
2084954215,3,0.0
2084954225,3,0.0
2084954235,3,0.0
2084954245,3,0.0
2084954255,3,0.0
2084954265,3,0.0
2084954275,3,0.0
2084954285,3,0.0
2084954295,3,0.0
2084954305,3,0.0
2084954315,3,0.0
2084954325,3,0.0
2084954335,3,0.0
2084954345,3,0.0
2084954355,3,0.0
2084954365,3,0.0
2084954375,3,0.0
2084954385,3,0.0
2084954395,3,0.0
2084954405,3,0.0
2084954415,3,0.0
2084954425,3,0.0
2084954435,3,0.0
2084954445,3,0.0
2084954455,3,0.0
2084954465,3,0.0
2084954475,3,0.0
2084954485,3,0.0
2084954495,3,0.0
2084954505,3,0.0
2084954515,3,0.0
2084954525,3,0.0
2084954535,3,0.0
2084954545,3,0.0
2084954555,3,0.0
2084954565,3,0.0
2084954575,3,0.0
2084954585,3,0.0
2084954595,3,0.0
2084954605,3,0.0
2084954615,3,0.0
2084954625,3,0.0
2084954635,3,0.0
2084954645,3,0.0
2084954655,3,0.0
2084954665,3,0.0
2084954675,3,0.0
2084954685,3,0.0
2084954695,3,0.0
2084954705,3,0.0
2084954715,3,0.0
2084954725,3,0.0
2084954735,3,0.0
2084954745,3,0.0
2084954755,3,0.0
2084954765,3,0.0
2084954775,3,0.0
2084954785,3,0.0
2084954795,3,0.0
2084954805,3,0.0
2084954815,3,0.0
2084954825,3,0.0
2084954835,3,0.0
2084954845,3,0.0
2084954855,3,0.0
2084954865,3,0.0
2084954875,3,0.0
2084954885,3,0.0
2084954895,3,0.0
2084954905,3,0.0
2084954915,3,0.0
2084954925,3,0.0
2084954935,3,0.0
2084954945,3,0.0
2084954955,3,0.0
2084954965,3,0.0
2084954975,3,0.0
2084954985,3,0.0
2084954995,3,0.0
2084955005,3,0.0
2084955015,3,0.0
2084955025,3,0.0
2084955035,3,0.0
2084955045,3,0.0
2084955055,3,0.0
2084955065,3,0.0
2084955075,3,0.0
2084955085,3,0.0
2084955095,3,0.0
2084955105,3,0.0
2084955115,3,0.0
2084955125,3,0.0
2084955135,3,0.0
2084955145,3,0.0
2084955155,3,0.0
2084955165,3,0.0
2084955175,3,0.0
2084955185,3,0.0
2084955195,3,0.0
2084955205,3,0.0
2084955215,3,0.0
2084955225,3,0.0
2084955235,3,0.0
2084955245,3,0.0
2084955255,3,0.0
2084955265,3,0.0
2084955275,3,0.0
2084955285,3,0.0
2084955295,3,0.0
2084955305,3,0.0
2084955315,3,0.0
2084955325,3,0.0
2084955335,3,0.0
2084955345,3,0.0
2084955355,3,0.0
2084955365,3,0.0
2084955375,3,0.0
2084955385,3,0.0
2084955395,3,0.0
2084955405,3,0.0
2084955415,3,0.0
2084955425,3,0.0
2084955435,3,0.0
2084955445,3,0.0
2084955455,3,0.0
2084955465,3,0.0
2084955475,3,0.0
2084955485,3,0.0
2084955495,3,0.0
2084955505,3,0.0
2084955515,3,0.0
2084955525,3,0.0
2084955535,3,0.0
2084955545,3,0.0
2084955555,3,0.0
2084955565,3,0.0
2084955575,3,0.0
2084955585,3,0.0
2084955595,3,0.0
2084955605,3,0.0
2084955615,3,0.0
2084955625,3,0.0
2084955635,3,0.0
2084955645,3,0.0
2084955655,3,0.0
2084955665,3,0.0
2084955675,3,0.0
2084955685,3,0.0
2084955695,3,0.0
2084955705,3,0.0
2084955715,3,0.0
2084955725,3,0.0
2084955735,3,0.0
2084955745,3,0.0
2084955755,3,0.0
2084955765,3,0.0
2084955775,3,0.0
2084955785,3,0.0
2084955795,3,0.0
2084955805,3,0.0
2084955815,3,0.0
2084955825,3,0.0
2084955835,3,0.0
2084955845,3,0.0
2084955855,3,0.0
2084955865,3,0.0
2084955875,3,0.0
2084955885,3,0.0
2084955895,3,0.0
2084955905,3,0.0
2084955915,3,0.0
2084955925,3,0.0
2084955935,3,0.0
2084955945,3,0.0
2084955955,3,0.0
2084955965,3,0.0
2084955975,3,0.0
2084955985,3,0.0
2084955995,3,0.0
2084956005,3,0.0
2084956015,3,0.0
2084956025,3,0.0
2084956035,3,0.0
2084956045,3,0.0
2084956055,3,0.0
2084956065,3,0.0
2084956075,3,0.0
2084956085,3,0.0
2084956095,3,0.0
2084956105,3,0.0
2084956115,3,0.0
2084956125,3,0.0
2084956135,3,0.0
2084956145,3,0.0
2084956155,3,0.0
2084956165,3,0.0
2084956175,3,0.0
2084956185,3,0.0
2084956195,3,0.0
2084956205,3,0.0
2084956215,3,0.0
2084956225,3,0.0
2084956235,3,0.0
2084956245,3,0.0
2084956255,3,0.0
2084956265,3,0.0
2084956275,3,0.0
2084956285,3,0.0
2084956295,3,0.0
2084956305,3,0.0
2084956315,3,0.0
2084956325,3,0.0
2084956335,3,0.0
2084956345,3,0.0
2084956355,3,0.0
2084956365,3,0.0
2084956375,3,0.0
2084956385,3,0.0
2084956395,3,0.0
2084956405,3,0.0
2084956415,3,0.0
2084956425,3,0.0
2084956435,3,0.0
2084956445,3,0.0
2084956455,3,0.0
2084956465,3,0.0
2084956475,3,0.0
2084956485,3,0.0
2084956495,3,0.0
2084956505,3,0.0
2084956515,3,0.0
2084956525,3,0.0
2084956535,3,0.0
2084956545,3,0.0
2084956555,3,0.0
2084956565,3,0.0
2084956575,3,0.0
2084956585,3,0.0
2084956595,3,0.0
2084956605,3,0.0
2084956615,3,0.0
2084956625,3,0.0
2084956635,3,0.0
2084956645,3,0.0
2084956655,3,0.0
2084956665,3,0.0
2084956675,3,0.0
2084956685,3,0.0
2084956695,3,0.0
2084956705,3,0.0
2084956715,3,0.0
2084956725,3,0.0
2084956735,3,0.0
2084956745,3,0.0
2084956755,3,0.0
2084956765,3,0.0
2084956775,3,0.0
2084956785,3,0.0
2084956795,3,0.0
2084956805,3,0.0
2084956815,3,0.0
2084956825,3,0.0
2084956835,3,0.0
2084956845,3,0.0
2084956855,3,0.0
2084956865,3,0.0
2084956875,3,0.0
2084956885,3,0.0
2084956895,3,0.0
2084956905,3,0.0
2084956915,3,0.0
2084956925,3,0.0
2084956935,3,0.0
2084956945,3,0.0
2084956955,3,0.0
2084956965,3,0.0
2084956975,3,0.0
2084956985,3,0.0
2084956995,3,0.0
2084957005,3,0.0
2084957015,3,0.0
2084957025,3,0.0
2084957035,3,0.0
2084957045,3,0.0
2084957055,3,0.0
2084957065,3,0.0
2084957075,3,0.0
2084957085,3,0.0
2084957095,3,0.0
2084957105,3,0.0
2084957115,3,0.0
2084957125,3,0.0
2084957135,3,0.0
2084957145,3,0.0
2084957155,3,0.0
2084957165,3,0.0
2084957175,3,0.0
2084957185,3,0.0
2084957195,3,0.0
2084957205,3,0.0
2084957215,3,0.0
2084957225,3,0.0
2084957235,3,0.0
2084957245,3,0.0
2084957255,3,0.0
2084957265,3,0.0
2084957275,3,0.0
2084957285,3,0.0
2084957295,3,0.0
2084957305,3,0.0
2084957315,3,0.0
2084957325,3,0.0
2084957335,3,0.0
2084957345,3,0.0
2084957355,3,0.0
2084957365,3,0.0
2084957375,3,0.0
2084957385,3,0.0
2084957395,3,0.0
2084957405,3,0.0
2084957415,3,0.0
2084957425,3,0.0
2084957435,3,0.0
2084957445,3,0.0
2084957455,3,0.0
2084957465,3,0.0
2084957475,3,0.0
2084957485,3,0.0
2084957495,3,0.0
2084957505,3,0.0
2084957515,3,0.0
2084957525,3,0.0
2084957535,3,0.0
2084957545,3,0.0
2084957555,3,0.0
2084957565,3,0.0
2084957575,3,0.0
2084957585,3,0.0
2084957595,3,0.0
2084957605,3,0.0
2084957615,3,0.0
2084957625,3,0.0
2084957635,3,0.0
2084957645,3,0.0
2084957655,3,0.0
2084957665,3,0.0
2084957675,3,0.0
2084957685,3,0.0
2084957695,3,0.0
2084957705,3,0.0
2084957715,3,0.0
2084957725,3,0.0
2084957735,3,0.0
2084957745,3,0.0
2084957755,3,0.0
2084957765,3,0.0
2084957775,3,0.0
2084957785,3,0.0
2084957795,3,0.0
2084957805,3,0.0
2084957815,3,0.0
2084957825,3,0.0
2084957835,3,0.0
2084957845,3,0.0
2084957855,3,0.0
2084957865,3,0.0
2084957875,3,0.0
2084957885,3,0.0
2084957895,3,0.0
2084957905,3,0.0
2084957915,3,0.0
2084957925,3,0.0
2084957935,3,0.0
2084957945,3,0.0
2084957955,3,0.0
2084957965,3,0.0
2084957975,3,0.0
2084957985,3,0.0
2084957995,3,0.0
2084958005,3,0.0
2084958015,3,0.0
2084958025,3,0.0
2084958035,3,0.0
2084958045,3,0.0
2084958055,3,0.0
2084958065,3,0.0
2084958075,3,0.0
2084958085,3,0.0
2084958095,3,0.0
2084958105,3,0.0
2084958115,3,0.0
2084958125,3,0.0
2084958135,3,0.0
2084958145,3,0.0
2084958155,3,0.0
2084958165,3,0.0
2084958175,3,0.0
2084958185,3,0.0
2084958195,3,0.0
2084958205,3,0.0
2084958215,3,0.0
2084958225,3,0.0
2084958235,3,0.0
2084958245,3,0.0
2084958255,3,0.0
2084958265,3,0.0
2084958275,3,0.0
2084958285,3,0.0
2084958295,3,0.0
2084958305,3,0.0
2084958315,3,0.0
2084958325,3,0.0
2084958335,3,0.0
2084958345,3,0.0
2084958355,3,0.0
2084958365,3,0.0
2084958375,3,0.0
2084958385,3,0.0
2084958395,3,0.0
2084958405,3,0.0
2084958415,3,0.0
2084958425,3,0.0
2084958435,3,0.0
2084958445,3,0.0
2084958455,3,0.0
2084958465,3,0.0
2084958475,3,0.0
2084958485,3,0.0
2084958495,3,0.0
2084958505,3,0.0
2084958515,3,0.0
2084958525,3,0.0
2084958535,3,0.0
2084958545,3,0.0
2084958555,3,0.0
2084958565,3,0.0
2084958575,3,0.0
2084958585,3,0.0
2084958595,3,0.0
2084958605,3,0.0
2084958615,3,0.0
2084958625,3,0.0
2084958635,3,0.0
2084958645,3,0.0
2084958655,3,0.0
2084958665,3,0.0
2084958675,3,0.0
2084958685,3,0.0
2084958695,3,0.0
2084958705,3,0.0
2084958715,3,0.0
2084958725,3,0.0
2084958735,3,0.0
2084958745,3,0.0
2084958755,3,0.0
2084958765,3,0.0
2084958775,3,0.0
2084958785,3,0.0
2084958795,3,0.0
2084958805,3,0.0
2084958815,3,0.0
2084958825,3,0.0
2084958835,3,0.0
2084958845,3,0.0
2084958855,3,0.0
2084958865,3,0.0
2084958875,3,0.0
2084958885,3,0.0
2084958895,3,0.0
2084958905,3,0.0
2084958915,3,0.0
2084958925,3,0.0
2084958935,3,0.0
2084958945,3,0.0
2084958955,3,0.0
2084958965,3,0.0
2084958975,3,0.0
2084958985,3,0.0
2084958995,3,0.0
2084959005,3,0.0
2084959015,3,0.0
2084959025,3,0.0
2084959035,3,0.0
2084959045,3,0.0
2084959055,3,0.0
2084959065,3,0.0
2084959075,3,0.0
2084959085,3,0.0
2084959095,3,0.0
2084959105,3,0.0
2084959115,3,0.0
2084959125,3,0.0
2084959135,3,0.0
2084959145,3,0.0
2084959155,3,0.0
2084959165,3,0.0
2084959175,3,0.0
2084959185,3,0.0
2084959195,3,0.0
2084959205,3,0.0
2084959215,3,0.0
2084959225,3,0.0
2084959235,3,0.0
2084959245,3,0.0
2084959255,3,0.0
2084959265,3,0.0
2084959275,3,0.0
2084959285,3,0.0
2084959295,3,0.0
2084959305,3,0.0
2084959315,3,0.0
2084959325,3,0.0
2084959335,3,0.0
2084959345,3,0.0
2084959355,3,0.0
2084959365,3,0.0
2084959375,3,0.0
2084959385,3,0.0
2084959395,3,0.0
2084959405,3,0.0
2084959415,3,0.0
2084959425,3,0.0
2084959435,3,0.0
2084959445,3,0.0
2084959455,3,0.0
2084959465,3,0.0
2084959475,3,0.0
2084959485,3,0.0
2084959495,3,0.0
2084959505,3,0.0
2084959515,3,0.0
2084959525,3,0.0
2084959535,3,0.0
2084959545,3,0.0
2084959555,3,0.0
2084959565,3,0.0
2084959575,3,0.0
2084959585,3,0.0
2084959595,3,0.0
2084959605,3,0.0
2084959615,3,0.0
2084959625,3,0.0
2084959635,3,0.0
2084959645,3,0.0
2084959655,3,0.0
2084959665,3,0.0
2084959675,3,0.0
2084959685,3,0.0
2084959695,3,0.0
2084959705,3,0.0
2084959715,3,0.0
2084959725,3,0.0
2084959735,3,0.0
2084959745,3,0.0
2084959755,3,0.0
2084959765,3,0.0
2084959775,3,0.0
2084959785,3,0.0
2084959795,3,0.0
2084959805,3,0.0
2084959815,3,0.0
2084959825,3,0.0
2084959835,3,0.0
2084959845,3,0.0
2084959855,3,0.0
2084959865,3,0.0
2084959875,3,0.0
2084959885,3,0.0
2084959895,3,0.0
2084959905,3,0.0
2084959915,3,0.0
2084959925,3,0.0
2084959935,3,0.0
2084959945,3,0.0
2084959955,3,0.0
2084959965,3,0.0
2084959975,3,0.0
2084959985,3,0.0
2084959995,3,0.0
2084960005,3,0.0
2084960015,3,0.0
2084960025,3,0.0
2084960035,3,0.0
2084960045,3,0.0
2084960055,3,0.0
2084960065,3,0.0
2084960075,3,0.0
2084960085,3,0.0
2084960095,3,0.0
2084960105,3,0.0
2084960115,3,0.0
2084960125,3,0.0
2084960135,3,0.0
2084960145,3,0.0
2084960155,3,0.0
2084960165,3,0.0
2084960175,3,0.0
2084960185,3,0.0
2084960195,3,0.0
2084960205,3,0.0
2084960215,3,0.0
2084960225,3,0.0
2084960235,3,0.0
2084960245,3,0.0
2084960255,3,0.0
2084960265,3,0.0
2084960275,3,0.0
2084960285,3,0.0
2084960295,3,0.0
2084960305,3,0.0
2084960315,3,0.0
2084960325,3,0.0
2084960335,3,0.0
2084960345,3,0.0
2084960355,3,0.0
2084960365,3,0.0
2084960375,3,0.0
2084960385,3,0.0
2084960395,3,0.0
2084960405,3,0.0
2084960415,3,0.0
2084960425,3,0.0
2084960435,3,0.0
2084960445,3,0.0
2084960455,3,0.0
2084960465,3,0.0
2084960475,3,0.0
2084960485,3,0.0
2084960495,3,0.0
2084960505,3,0.0
2084960515,3,0.0
2084960525,3,0.0
2084960535,3,0.0
2084960545,3,0.0
2084960555,3,0.0
2084960565,3,0.0
2084960575,3,0.0
2084960585,3,0.0
2084960595,3,0.0
2084960605,3,0.0
2084960615,3,0.0
2084960625,3,0.0
2084960635,3,0.0
2084960645,3,0.0
2084960655,3,0.0
2084960665,3,0.0
2084960675,3,0.0
2084960685,3,0.0
2084960695,3,0.0
2084960705,3,0.0
2084960715,3,0.0
2084960725,3,0.0
2084960735,3,0.0
2084960745,3,0.0
2084960755,3,0.0
2084960765,3,0.0
2084960775,3,0.0
2084960785,3,0.0
2084960795,3,0.0
2084960805,3,0.0
2084960815,3,0.0
2084960825,3,0.0
2084960835,3,0.0
2084960845,3,0.0
2084960855,3,0.0
2084960865,3,0.0
2084960875,3,0.0
2084960885,3,0.0
2084960895,3,0.0
2084960905,3,0.0
2084960915,3,0.0
2084960925,3,0.0
2084960935,3,0.0
2084960945,3,0.0
2084960955,3,0.0
2084960965,3,0.0
2084960975,3,0.0
2084960985,3,0.0
2084960995,3,0.0
2084961005,3,0.0
2084961015,3,0.0
2084961025,3,0.0
2084961035,3,0.0
2084961045,3,0.0
2084961055,3,0.0
2084961065,3,0.0
2084961075,3,0.0
2084961085,3,0.0
2084961095,3,0.0
2084961105,3,0.0
2084961115,3,0.0
2084961125,3,0.0
2084961135,3,0.0
2084961145,3,0.0
2084961155,3,0.0
2084961165,3,0.0
2084961175,3,0.0
2084961185,3,0.0
2084961195,3,0.0
2084961205,3,0.0
2084961215,3,0.0
2084961225,3,0.0
2084961235,3,0.0
2084961245,3,0.0
2084961255,3,0.0
2084961265,3,0.0
2084961275,3,0.0
2084961285,3,0.0
2084961295,3,0.0
2084961305,3,0.0
2084961315,3,0.0
2084961325,3,0.0
2084961335,3,0.0
2084961345,3,0.0
2084961355,3,0.0
2084961365,3,0.0
2084961375,3,0.0
2084961385,3,0.0
2084961395,3,0.0
2084961405,3,0.0
2084961415,3,0.0
2084961425,3,0.0
2084961435,3,0.0
2084961445,3,0.0
2084961455,3,0.0
2084961465,3,0.0
2084961475,3,0.0
2084961485,3,0.0
2084961495,3,0.0
2084961505,3,0.0
2084961515,3,0.0
2084961525,3,0.0
2084961535,3,0.0
2084961545,3,0.0
2084961555,3,0.0
2084961565,3,0.0
2084961575,3,0.0
2084961585,3,0.0
2084961595,3,0.0
2084961605,3,0.0
2084961615,3,0.0
2084961625,3,0.0
2084961635,3,0.0
2084961645,3,0.0
2084961655,3,0.0
2084961665,3,0.0
2084961675,3,0.0
2084961685,3,0.0
2084961695,3,0.0
2084961705,3,0.0
2084961715,3,0.0
2084961725,3,0.0
2084961735,3,0.0
2084961745,3,0.0
2084961755,3,0.0
2084961765,3,0.0
2084961775,3,0.0
2084961785,3,0.0
2084961795,3,0.0
2084961805,3,0.0
2084961815,3,0.0
2084961825,3,0.0
2084961835,3,0.0
2084961845,3,0.0
2084961855,3,0.0
2084961865,3,0.0
2084961875,3,0.0
2084961885,3,0.0
2084961895,3,0.0
2084961905,3,0.0
2084961915,3,0.0
2084961925,3,0.0
2084961935,3,0.0
2084961945,3,0.0
2084961955,3,0.0
2084961965,3,0.0
2084961975,3,0.0
2084961985,3,0.0
2084961995,3,0.0
2084962005,3,0.0
2084962015,3,0.0
2084962025,3,0.0
2084962035,3,0.0
2084962045,3,0.0
2084962055,3,0.0
2084962065,3,0.0
2084962075,3,0.0
2084962085,3,0.0
2084962095,3,0.0
2084962105,3,0.0
2084962115,3,0.0
2084962125,3,0.0
2084962135,3,0.0
2084962145,3,0.0
2084962155,3,0.0
2084962165,3,0.0
2084962175,3,0.0
2084962185,3,0.0
2084962195,3,0.0
2084962205,3,0.0
2084962215,3,0.0
2084962225,3,0.0
2084962235,3,0.0
2084962245,3,0.0
2084962255,3,0.0
2084962265,3,0.0
2084962275,3,0.0
2084962285,3,0.0
2084962295,3,0.0
2084962305,3,0.0
2084962315,3,0.0
2084962325,3,0.0
2084962335,3,0.0
2084962345,3,0.0
2084962355,3,0.0
2084962365,3,0.0
2084962375,3,0.0
2084962385,3,0.0
2084962395,3,0.0
2084962405,3,0.0
2084962415,3,0.0
2084962425,3,0.0
2084962435,3,0.0
2084962445,3,0.0
2084962455,3,0.0
2084962465,3,0.0
2084962475,3,0.0
2084962485,3,0.0
2084962495,3,0.0
2084962505,3,0.0
2084962515,3,0.0
2084962525,3,0.0
2084962535,3,0.0
2084962545,3,0.0
2084962555,3,0.0
2084962565,3,0.0
2084962575,3,0.0
2084962585,3,0.0
2084962595,3,0.0
2084962605,3,0.0
2084962615,3,0.0
2084962625,3,0.0
2084962635,3,0.0
2084962645,3,0.0
2084962655,3,0.0
2084962665,3,0.0
2084962675,3,0.0
2084962685,3,0.0
2084962695,3,0.0
2084962705,3,0.0
2084962715,3,0.0
2084962725,3,0.0
2084962735,3,0.0
2084962745,3,0.0
2084962755,3,0.0
2084962765,3,0.0
2084962775,3,0.0
2084962785,3,0.0
2084962795,3,0.0
2084962805,3,0.0
2084962815,3,0.0
2084962825,3,0.0
2084962835,3,0.0
2084962845,3,0.0
2084962855,3,0.0
2084962865,3,0.0
2084962875,3,0.0
2084962885,3,0.0
2084962895,3,0.0
2084962905,3,0.0
2084962915,3,0.0
2084962925,3,0.0
2084962935,3,0.0
2084962945,3,0.0
2084962955,3,0.0
2084962965,3,0.0
2084962975,3,0.0
2084962985,3,0.0
2084962995,3,0.0
2084963005,3,0.0
2084963015,3,0.0
2084963025,3,0.0
2084963035,3,0.0
2084963045,3,0.0
2084963055,3,0.0
2084963065,3,0.0
2084963075,3,0.0
2084963085,3,0.0
2084963095,3,0.0
2084963105,3,0.0
2084963115,3,0.0
2084963125,3,0.0
2084963135,3,0.0
2084963145,3,0.0
2084963155,3,0.0
2084963165,3,0.0
2084963175,3,0.0
2084963185,3,0.0
2084963195,3,0.0
2084963205,3,0.0
2084963215,3,0.0
2084963225,3,0.0
2084963235,3,0.0
2084963245,3,0.0
2084963255,3,0.0
2084963265,3,0.0
2084963275,3,0.0
2084963285,3,0.0
2084963295,3,0.0
2084963305,3,0.0
2084963315,3,0.0
2084963325,3,0.0
2084963335,3,0.0
2084963345,3,0.0
2084963355,3,0.0
2084963365,3,0.0
2084963375,3,0.0
2084963385,3,0.0
2084963395,3,0.0
2084963405,3,0.0
2084963415,3,0.0
2084963425,3,0.0
2084963435,3,0.0
2084963445,3,0.0
2084963455,3,0.0
2084963465,3,0.0
2084963475,3,0.0
2084963485,3,0.0
2084963495,3,0.0
2084963505,3,0.0
2084963515,3,0.0
2084963525,3,0.0
2084963535,3,0.0
2084963545,3,0.0
2084963555,3,0.0
2084963565,3,0.0
2084963575,3,0.0
2084963585,3,0.0
2084963595,3,0.0
2084963605,3,0.0
2084963615,3,0.0
2084963625,3,0.0
2084963635,3,0.0
2084963645,3,0.0
2084963655,3,0.0
2084963665,3,0.0
2084963675,3,0.0
2084963685,3,0.0
2084963695,3,0.0
2084963705,3,0.0
2084963715,3,0.0
2084963725,3,0.0
2084963735,3,0.0
2084963745,3,0.0
2084963755,3,0.0
2084963765,3,0.0
2084963775,3,0.0
2084963785,3,0.0
2084963795,3,0.0
2084963805,3,0.0
2084963815,3,0.0
2084963825,3,0.0
2084963835,3,0.0
2084963845,3,0.0
2084963855,3,0.0
2084963865,3,0.0
2084963875,3,0.0
2084963885,3,0.0
2084963895,3,0.0
2084963905,3,0.0
2084963915,3,0.0
2084963925,3,0.0
2084963935,3,0.0
2084963945,3,0.0
2084963955,3,0.0
2084963965,3,0.0
2084963975,3,0.0
2084963985,3,0.0
2084963995,3,0.0
2084964005,3,0.0
2084964015,3,0.0
2084964025,3,0.0
2084964035,3,0.0
2084964045,3,0.0
2084964055,3,0.0
2084964065,3,0.0
2084964075,3,0.0
2084964085,3,0.0
2084964095,3,0.0
2084964105,3,0.0
2084964115,3,0.0
2084964125,3,0.0
2084964135,3,0.0
2084964145,3,0.0
2084964155,3,0.0
2084964165,3,0.0
2084964175,3,0.0
2084964185,3,0.0
2084964195,3,0.0
2084964205,3,0.0
2084964215,3,0.0
2084964225,3,0.0
2084964235,3,0.0
2084964245,3,0.0
2084964255,3,0.0
2084964265,3,0.0
2084964275,3,0.0
2084964285,3,0.0
2084964295,3,0.0
2084964305,3,0.0
2084964315,3,0.0
2084964325,3,0.0
2084964335,3,0.0
2084964345,3,0.0
2084964355,3,0.0
2084964365,3,0.0
2084964375,3,0.0
2084964385,3,0.0
2084964395,3,0.0
2084964405,3,0.0
2084964415,3,0.0
2084964425,3,0.0
2084964435,3,0.0
2084964445,3,0.0
2084964455,3,0.0
2084964465,3,0.0
2084964475,3,0.0
2084964485,3,0.0
2084964495,3,0.0
2084964505,3,0.0
2084964515,3,0.0
2084964525,3,0.0
2084964535,3,0.0
2084964545,3,0.0
2084964555,3,0.0
2084964565,3,0.0
2084964575,3,0.0
2084964585,3,0.0
2084964595,3,0.0
2084964605,3,0.0
2084964615,3,0.0
2084964625,3,0.0
2084964635,3,0.0
2084964645,3,0.0
2084964655,3,0.0
2084964665,3,0.0
2084964675,3,0.0
2084964685,3,0.0
2084964695,3,0.0
2084964705,3,0.0
2084964715,3,0.0
2084964725,3,0.0
2084964735,3,0.0
2084964745,3,0.0
2084964755,3,0.0
2084964765,3,0.0
2084964775,3,0.0
2084964785,3,0.0
2084964795,3,0.0
2084964805,3,0.0
2084964815,3,0.0
2084964825,3,0.0
2084964835,3,0.0
2084964845,3,0.0
2084964855,3,0.0
2084964865,3,0.0
2084964875,3,0.0
2084964885,3,0.0
2084964895,3,0.0
2084964905,3,0.0
2084964915,3,0.0
2084964925,3,0.0
2084964935,3,0.0
2084964945,3,0.0
2084964955,3,0.0
2084964965,3,0.0
2084964975,3,0.0
2084964985,3,0.0
2084964995,3,0.0
2084965005,3,0.0
2084965015,3,0.0
2084965025,3,0.0
2084965035,3,0.0
2084965045,3,0.0
2084965055,3,0.0
2084965065,3,0.0
2084965075,3,0.0
2084965085,3,0.0
2084965095,3,0.0
2084965105,3,0.0
2084965115,3,0.0
2084965125,3,0.0
2084965135,3,0.0
2084965145,3,0.0
2084965155,3,0.0
2084965165,3,0.0
2084965175,3,0.0
2084965185,3,0.0
2084965195,3,0.0
2084965205,3,0.0
2084965215,3,0.0
2084965225,3,0.0
2084965235,3,0.0
2084965245,3,0.0
2084965255,3,0.0
2084965265,3,0.0
2084965275,3,0.0
2084965285,3,0.0
2084965295,3,0.0
2084965305,3,0.0
2084965315,3,0.0
2084965325,3,0.0
2084965335,3,0.0
2084965345,3,0.0
2084965355,3,0.0
2084965365,3,0.0
2084965375,3,0.0
2084965385,3,0.0
2084965395,3,0.0
2084965405,3,0.0
2084965415,3,0.0
2084965425,3,0.0
2084965435,3,0.0
2084965445,3,0.0
2084965455,3,0.0
2084965465,3,0.0
2084965475,3,0.0
2084965485,3,0.0
2084965495,3,0.0
2084965505,3,0.0
2084965515,3,0.0
2084965525,3,0.0
2084965535,3,0.0
2084965545,3,0.0
2084965555,3,0.0
2084965565,3,0.0
2084965575,3,0.0
2084965585,3,0.0
2084965595,3,0.0
2084965605,3,0.0
2084965615,3,0.0
2084965625,3,0.0
2084965635,3,0.0
2084965645,3,0.0
2084965655,3,0.0
2084965665,3,0.0
2084965675,3,0.0
2084965685,3,0.0
2084965695,3,0.0
2084965705,3,0.0
2084965715,3,0.0
2084965725,3,0.0
2084965735,3,0.0
2084965745,3,0.0
2084965755,3,0.0
2084965765,3,0.0
2084965775,3,0.0
2084965785,3,0.0
2084965795,3,0.0
2084965805,3,0.0
2084965815,3,0.0
2084965825,3,0.0
2084965835,3,0.0
2084965845,3,0.0
2084965855,3,0.0
2084965865,3,0.0
2084965875,3,0.0
2084965885,3,0.0
2084965895,3,0.0
2084965905,3,0.0
2084965915,3,0.0
2084965925,3,0.0
2084965935,3,0.0
2084965945,3,0.0
2084965955,3,0.0
2084965965,3,0.0
2084965975,3,0.0
2084965985,3,0.0
2084965995,3,0.0
2084966005,3,0.0
2084966015,3,0.0
2084966025,3,0.0
2084966035,3,0.0
2084966045,3,0.0
2084966055,3,0.0
2084966065,3,0.0
2084966075,3,0.0
2084966085,3,0.0
2084966095,3,0.0
2084966105,3,0.0
2084966115,3,0.0
2084966125,3,0.0
2084966135,3,0.0
2084966145,3,0.0
2084966155,3,0.0
2084966165,3,0.0
2084966175,3,0.0
2084966185,3,0.0
2084966195,3,0.0
2084966205,3,0.0
2084966215,3,0.0
2084966225,3,0.0
2084966235,3,0.0
2084966245,3,0.0
2084966255,3,0.0
2084966265,3,0.0
2084966275,3,0.0
2084966285,3,0.0
2084966295,3,0.0
2084966305,3,0.0
2084966315,3,0.0
2084966325,3,0.0
2084966335,3,0.0
2084966345,3,0.0
2084966355,3,0.0
2084966365,3,0.0
2084966375,3,0.0
2084966385,3,0.0
2084966395,3,0.0
2084966405,3,0.0
2084966415,3,0.0
2084966425,3,0.0
2084966435,3,0.0
2084966445,3,0.0
2084966455,3,0.0
2084966465,3,0.0
2084966475,3,0.0
2084966485,3,0.0
2084966495,3,0.0
2084966505,3,0.0
2084966515,3,0.0
2084966525,3,0.0
2084966535,3,0.0
2084966545,3,0.0
2084966555,3,0.0
2084966565,3,0.0
2084966575,3,0.0
2084966585,3,0.0
2084966595,3,0.0
2084966605,3,0.0
2084966615,3,0.0
2084966625,3,0.0
2084966635,3,0.0
2084966645,3,0.0
2084966655,3,0.0
2084966665,3,0.0
2084966675,3,0.0
2084966685,3,0.0
2084966695,3,0.0
2084966705,3,0.0
2084966715,3,0.0
2084966725,3,0.0
2084966735,3,0.0
2084966745,3,0.0
2084966755,3,0.0
2084966765,3,0.0
2084966775,3,0.0
2084966785,3,0.0
2084966795,3,0.0
2084966805,3,0.0
2084966815,3,0.0
2084966825,3,0.0
2084966835,3,0.0
2084966845,3,0.0
2084966855,3,0.0
2084966865,3,0.0
2084966875,3,0.0
2084966885,3,0.0
2084966895,3,0.0
2084966905,3,0.0
2084966915,3,0.0
2084966925,3,0.0
2084966935,3,0.0
2084966945,3,0.0
2084966955,3,0.0
2084966965,3,0.0
2084966975,3,0.0
2084966985,3,0.0
2084966995,3,0.0
2084967005,3,0.0
2084967015,3,0.0
2084967025,3,0.0
2084967035,3,0.0
2084967045,3,0.0
2084967055,3,0.0
2084967065,3,0.0
2084967075,3,0.0
2084967085,3,0.0
2084967095,3,0.0
2084967105,3,0.0
2084967115,3,0.0
2084967125,3,0.0
2084967135,3,0.0
2084967145,3,0.0
2084967155,3,0.0
2084967165,3,0.0
2084967175,3,0.0
2084967185,3,0.0
2084967195,3,0.0
2084967205,3,0.0
2084967215,3,0.0
2084967225,3,0.0
2084967235,3,0.0
2084967245,3,0.0
2084967255,3,0.0
2084967265,3,0.0
2084967275,3,0.0
2084967285,3,0.0
2084967295,3,0.0
2084967305,3,0.0
2084967315,3,0.0
2084967325,3,0.0
2084967335,3,0.0
2084967345,3,0.0
2084967355,3,0.0
2084967365,3,0.0
2084967375,3,0.0
2084967385,3,0.0
2084967395,3,0.0
2084967405,3,0.0
2084967415,3,0.0
2084967425,3,0.0
2084967435,3,0.0
2084967445,3,0.0
2084967455,3,0.0
2084967465,3,0.0
2084967475,3,0.0
2084967485,3,0.0
2084967495,3,0.0
2084967505,3,0.0
2084967515,3,0.0
2084967525,3,0.0
2084967535,3,0.0
2084967545,3,0.0
2084967555,3,0.0
2084967565,3,0.0
2084967575,3,0.0
2084967585,3,0.0
2084967595,3,0.0
2084967605,3,0.0
2084967615,3,0.0
2084967625,3,0.0
2084967635,3,0.0
2084967645,3,0.0
2084967655,3,0.0
2084967665,3,0.0
2084967675,3,0.0
2084967685,3,0.0
2084967695,3,0.0
2084967705,3,0.0
2084967715,3,0.0
2084967725,3,0.0
2084967735,3,0.0
2084967745,3,0.0
2084967755,3,0.0
2084967765,3,0.0
2084967775,3,0.0
2084967785,3,0.0
2084967795,3,0.0
2084967805,3,0.0
2084967815,3,0.0
2084967825,3,0.0
2084967835,3,0.0
2084967845,3,0.0
2084967855,3,0.0
2084967865,3,0.0
2084967875,3,0.0
2084967885,3,0.0
2084967895,3,0.0
2084967905,3,0.0
2084967915,3,0.0
2084967925,3,0.0
2084967935,3,0.0
2084967945,3,0.0
2084967955,3,0.0
2084967965,3,0.0
2084967975,3,0.0
2084967985,3,0.0
2084967995,3,0.0
2084968005,3,0.0
2084968015,3,0.0
2084968025,3,0.0
2084968035,3,0.0
2084968045,3,0.0
2084968055,3,0.0
2084968065,3,0.0
2084968075,3,0.0
2084968085,3,0.0
2084968095,3,0.0
2084968105,3,0.0
2084968115,3,0.0
2084968125,3,0.0
2084968135,3,0.0
2084968145,3,0.0
2084968155,3,0.0
2084968165,3,0.0
2084968175,3,0.0
2084968185,3,0.0
2084968195,3,0.0
2084968205,3,0.0
2084968215,3,0.0
2084968225,3,0.0
2084968235,3,0.0
2084968245,3,0.0
2084968255,3,0.0
2084968265,3,0.0
2084968275,3,0.0
2084968285,3,0.0
2084968295,3,0.0
2084968305,3,0.0
2084968315,3,0.0
2084968325,3,0.0
2084968335,3,0.0
2084968345,3,0.0
2084968355,3,0.0
2084968365,3,0.0
2084968375,3,0.0
2084968385,3,0.0
2084968395,3,0.0
2084968405,3,0.0
2084968415,3,0.0
2084968425,3,0.0
2084968435,3,0.0
2084968445,3,0.0
2084968455,3,0.0
2084968465,3,0.0
2084968475,3,0.0
2084968485,3,0.0
2084968495,3,0.0
2084968505,3,0.0
2084968515,3,0.0
2084968525,3,0.0
2084968535,3,0.0
2084968545,3,0.0
2084968555,3,0.0
2084968565,3,0.0
2084968575,3,0.0
2084968585,3,0.0
2084968595,3,0.0
2084968605,3,0.0
2084968615,3,0.0
2084968625,3,0.0
2084968635,3,0.0
2084968645,3,0.0
2084968655,3,0.0
2084968665,3,0.0
2084968675,3,0.0
2084968685,3,0.0
2084968695,3,0.0
2084968705,3,0.0
2084968715,3,0.0
2084968725,3,0.0
2084968735,3,0.0
2084968745,3,0.0
2084968755,3,0.0
2084968765,3,0.0
2084968775,3,0.0
2084968785,3,0.0
2084968795,3,0.0
2084968805,3,0.0
2084968815,3,0.0
2084968825,3,0.0
2084968835,3,0.0
2084968845,3,0.0
2084968855,3,0.0
2084968865,3,0.0
2084968875,3,0.0
2084968885,3,0.0
2084968895,3,0.0
2084968905,3,0.0
2084968915,3,0.0
2084968925,3,0.0
2084968935,3,0.0
2084968945,3,0.0
2084968955,3,0.0
2084968965,3,0.0
2084968975,3,0.0
2084968985,3,0.0
2084968995,3,0.0
2084969005,3,0.0
2084969015,3,0.0
2084969025,3,0.0
2084969035,3,0.0
2084969045,3,0.0
2084969055,3,0.0
2084969065,3,0.0
2084969075,3,0.0
2084969085,3,0.0
2084969095,3,0.0
2084969105,3,0.0
2084969115,3,0.0
2084969125,3,0.0
2084969135,3,0.0
2084969145,3,0.0
2084969155,3,0.0
2084969165,3,0.0
2084969175,3,0.0
2084969185,3,0.0
2084969195,3,0.0
2084969205,3,0.0
2084969215,3,0.0
2084969225,3,0.0
2084969235,3,0.0
2084969245,3,0.0
2084969255,3,0.0
2084969265,3,0.0
2084969275,3,0.0
2084969285,3,0.0
2084969295,3,0.0
2084969305,3,0.0
2084969315,3,0.0
2084969325,3,0.0
2084969335,3,0.0
2084969345,3,0.0
2084969355,3,0.0
2084969365,3,0.0
2084969375,3,0.0
2084969385,3,0.0
2084969395,3,0.0
2084969405,3,0.0
2084969415,3,0.0
2084969425,3,0.0
2084969435,3,0.0
2084969445,3,0.0
2084969455,3,0.0
2084969465,3,0.0
2084969475,3,0.0
2084969485,3,0.0
2084969495,3,0.0
2084969505,3,0.0
2084969515,3,0.0
2084969525,3,0.0
2084969535,3,0.0
2084969545,3,0.0
2084969555,3,0.0
2084969565,3,0.0
2084969575,3,0.0
2084969585,3,0.0
2084969595,3,0.0
2084969605,3,0.0
2084969615,3,0.0
2084969625,3,0.0
2084969635,3,0.0
2084969645,3,0.0
2084969655,3,0.0
2084969665,3,0.0
2084969675,3,0.0
2084969685,3,0.0
2084969695,3,0.0
2084969705,3,0.0
2084969715,3,0.0
2084969725,3,0.0
2084969735,3,0.0
2084969745,3,0.0
2084969755,3,0.0
2084969765,3,0.0
2084969775,3,0.0
2084969785,3,0.0
2084969795,3,0.0
2084969805,3,0.0
2084969815,3,0.0
2084969825,3,0.0
2084969835,3,0.0
2084969845,3,0.0
2084969855,3,0.0
2084969865,3,0.0
2084969875,3,0.0
2084969885,3,0.0
2084969895,3,0.0
2084969905,3,0.0
2084969915,3,0.0
2084969925,3,0.0
2084969935,3,0.0
2084969945,3,0.0
2084969955,3,0.0
2084969965,3,0.0
2084969975,3,0.0
2084969985,3,0.0
2084969995,3,0.0
2084970005,3,0.0
2084970015,3,0.0
2084970025,3,0.0
2084970035,3,0.0
2084970045,3,0.0
2084970055,3,0.0
2084970065,3,0.0
2084970075,3,0.0
2084970085,3,0.0
2084970095,3,0.0
2084970105,3,0.0
2084970115,3,0.0
2084970125,3,0.0
2084970135,3,0.0
2084970145,3,0.0
2084970155,3,0.0
2084970165,3,0.0
2084970175,3,0.0
2084970185,3,0.0
2084970195,3,0.0
2084970205,3,0.0
2084970215,3,0.0
2084970225,3,0.0
2084970235,3,0.0
2084970245,3,0.0
2084970255,3,0.0
2084970265,3,0.0
2084970275,3,0.0
2084970285,3,0.0
2084970295,3,0.0
2084970305,3,0.0
2084970315,3,0.0
2084970325,3,0.0
2084970335,3,0.0
2084970345,3,0.0
2084970355,3,0.0
2084970365,3,0.0
2084970375,3,0.0
2084970385,3,0.0
2084970395,3,0.0
2084970405,3,0.0
2084970415,3,0.0
2084970425,3,0.0
2084970435,3,0.0
2084970445,3,0.0
2084970455,3,0.0
2084970465,3,0.0
2084970475,3,0.0
2084970485,3,0.0
2084970495,3,0.0
2084970505,3,0.0
2084970515,3,0.0
2084970525,3,0.0
2084970535,3,0.0
2084970545,3,0.0
2084970555,3,0.0
2084970565,3,0.0
2084970575,3,0.0
2084970585,3,0.0
2084970595,3,0.0
2084970605,3,0.0
2084970615,3,0.0
2084970625,3,0.0
2084970635,3,0.0
2084970645,3,0.0
2084970655,3,0.0
2084970665,3,0.0
2084970675,3,0.0
2084970685,3,0.0
2084970695,3,0.0
2084970705,3,0.0
2084970715,3,0.0
2084970725,3,0.0
2084970735,3,0.0
2084970745,3,0.0
2084970755,3,0.0
2084970765,3,0.0
2084970775,3,0.0
2084970785,3,0.0
2084970795,3,0.0
2084970805,3,0.0
2084970815,3,0.0
2084970825,3,0.0
2084970835,3,0.0
2084970845,3,0.0
2084970855,3,0.0
2084970865,3,0.0
2084970875,3,0.0
2084970885,3,0.0
2084970895,3,0.0
2084970905,3,0.0
2084970915,3,0.0
2084970925,3,0.0
2084970935,3,0.0
2084970945,3,0.0
2084970955,3,0.0
2084970965,3,0.0
2084970975,3,0.0
2084970985,3,0.0
2084970995,3,0.0
2084971005,3,0.0
2084971015,3,0.0
2084971025,3,0.0
2084971035,3,0.0
2084971045,3,0.0
2084971055,3,0.0
2084971065,3,0.0
2084971075,3,0.0
2084971085,3,0.0
2084971095,3,0.0
2084971105,3,0.0
2084971115,3,0.0
2084971125,3,0.0
2084971135,3,0.0
2084971145,3,0.0
2084971155,3,0.0
2084971165,3,0.0
2084971175,3,0.0
2084971185,3,0.0
2084971195,3,0.0
2084971205,3,0.0
2084971215,3,0.0
2084971225,3,0.0
2084971235,3,0.0
2084971245,3,0.0
2084971255,3,0.0
2084971265,3,0.0
2084971275,3,0.0
2084971285,3,0.0
2084971295,3,0.0
2084971305,3,0.0
2084971315,3,0.0
2084971325,3,0.0
2084971335,3,0.0
2084971345,3,0.0
2084971355,3,0.0
2084971365,3,0.0
2084971375,3,0.0
2084971385,3,0.0
2084971395,3,0.0
2084971405,3,0.0
2084971415,3,0.0
2084971425,3,0.0
2084971435,3,0.0
2084971445,3,0.0
2084971455,3,0.0
2084971465,3,0.0
2084971475,3,0.0
2084971485,3,0.0
2084971495,3,0.0
2084971505,3,0.0
2084971515,3,0.0
2084971525,3,0.0
2084971535,3,0.0
2084971545,3,0.0
2084971555,3,0.0
2084971565,3,0.0
2084971575,3,0.0
2084971585,3,0.0
2084971595,3,0.0
2084971605,3,0.0
2084971615,3,0.0
2084971625,3,0.0
2084971635,3,0.0
2084971645,3,0.0
2084971655,3,0.0
2084971665,3,0.0
2084971675,3,0.0
2084971685,3,0.0
2084971695,3,0.0
2084971705,3,0.0
2084971715,3,0.0
2084971725,3,0.0
2084971735,3,0.0
2084971745,3,0.0
2084971755,3,0.0
2084971765,3,0.0
2084971775,3,0.0
2084971785,3,0.0
2084971795,3,0.0
2084971805,3,0.0
2084971815,3,0.0
2084971825,3,0.0
2084971835,3,0.0
2084971845,3,0.0
2084971855,3,0.0
2084971865,3,0.0
2084971875,3,0.0
2084971885,3,0.0
2084971895,3,0.0
2084971905,3,0.0
2084971915,3,0.0
2084971925,3,0.0
2084971935,3,0.0
2084971945,3,0.0
2084971955,3,0.0
2084971965,3,0.0
2084971975,3,0.0
2084971985,3,0.0
2084971995,3,0.0
2084972005,3,0.0
2084972015,3,0.0
2084972025,3,0.0
2084972035,3,0.0
2084972045,3,0.0
2084972055,3,0.0
2084972065,3,0.0
2084972075,3,0.0
2084972085,3,0.0
2084972095,3,0.0
2084972105,3,0.0
2084972115,3,0.0
2084972125,3,0.0
2084972135,3,0.0
2084972145,3,0.0
2084972155,3,0.0
2084972165,3,0.0
2084972175,3,0.0
2084972185,3,0.0
2084972195,3,0.0
2084972205,3,0.0
2084972215,3,0.0
2084972225,3,0.0
2084972235,3,0.0
2084972245,3,0.0
2084972255,3,0.0
2084972265,3,0.0
2084972275,3,0.0
2084972285,3,0.0
2084972295,3,0.0
2084972305,3,0.0
2084972315,3,0.0
2084972325,3,0.0
2084972335,3,0.0
2084972345,3,0.0
2084972355,3,0.0
2084972365,3,0.0
2084972375,3,0.0
2084972385,3,0.0
2084972395,3,0.0
2084972405,3,0.0
2084972415,3,0.0
2084972425,3,0.0
2084972435,3,0.0
2084972445,3,0.0
2084972455,3,0.0
2084972465,3,0.0
2084972475,3,0.0
2084972485,3,0.0
2084972495,3,0.0
2084972505,3,0.0
2084972515,3,0.0
2084972525,3,0.0
2084972535,3,0.0
2084972545,3,0.0
2084972555,3,0.0
2084972565,3,0.0
2084972575,3,0.0
2084972585,3,0.0
2084972595,3,0.0
2084972605,3,0.0
2084972615,3,0.0
2084972625,3,0.0
2084972635,3,0.0
2084972645,3,0.0
2084972655,3,0.0
2084972665,3,0.0
2084972675,3,0.0
2084972685,3,0.0
2084972695,3,0.0
2084972705,3,0.0
2084972715,3,0.0
2084972725,3,0.0
2084972735,3,0.0
2084972745,3,0.0
2084972755,3,0.0
2084972765,3,0.0
2084972775,3,0.0
2084972785,3,0.0
2084972795,3,0.0
2084972805,3,0.0
2084972815,3,0.0
2084972825,3,0.0
2084972835,3,0.0
2084972845,3,0.0
2084972855,3,0.0
2084972865,3,0.0
2084972875,3,0.0
2084972885,3,0.0
2084972895,3,0.0
2084972905,3,0.0
2084972915,3,0.0
2084972925,3,0.0
2084972935,3,0.0
2084972945,3,0.0
2084972955,3,0.0
2084972965,3,0.0
2084972975,3,0.0
2084972985,3,0.0
2084972995,3,0.0
2084973005,3,0.0
2084973015,3,0.0
2084973025,3,0.0
2084973035,3,0.0
2084973045,3,0.0
2084973055,3,0.0
2084973065,3,0.0
2084973075,3,0.0
2084973085,3,0.0
2084973095,3,0.0
2084973105,3,0.0
2084973115,3,0.0
2084973125,3,0.0
2084973135,3,0.0
2084973145,3,0.0
2084973155,3,0.0
2084973165,3,0.0
2084973175,3,0.0
2084973185,3,0.0
2084973195,3,0.0
2084973205,3,0.0
2084973215,3,0.0
2084973225,3,0.0
2084973235,3,0.0
2084973245,3,0.0
2084973255,3,0.0
2084973265,3,0.0
2084973275,3,0.0
2084973285,3,0.0
2084973295,3,0.0
2084973305,3,0.0
2084973315,3,0.0
2084973325,3,0.0
2084973335,3,0.0
2084973345,3,0.0
2084973355,3,0.0
2084973365,3,0.0
2084973375,3,0.0
2084973385,3,0.0
2084973395,3,0.0
2084973405,3,0.0
2084973415,3,0.0
2084973425,3,0.0
2084973435,3,0.0
2084973445,3,0.0
2084973455,3,0.0
2084973465,3,0.0
2084973475,3,0.0
2084973485,3,0.0
2084973495,3,0.0
2084973505,3,0.0
2084973515,3,0.0
2084973525,3,0.0
2084973535,3,0.0
2084973545,3,0.0
2084973555,3,0.0
2084973565,3,0.0
2084973575,3,0.0
2084973585,3,0.0
2084973595,3,0.0
2084973605,3,0.0
2084973615,3,0.0
2084973625,3,0.0
2084973635,3,0.0
2084973645,3,0.0
2084973655,3,0.0
2084973665,3,0.0
2084973675,3,0.0
2084973685,3,0.0
2084973695,3,0.0
2084973705,3,0.0
2084973715,3,0.0
2084973725,3,0.0
2084973735,3,0.0
2084973745,3,0.0
2084973755,3,0.0
2084973765,3,0.0
2084973775,3,0.0
2084973785,3,0.0
2084973795,3,0.0
2084973805,3,0.0
2084973815,3,0.0
2084973825,3,0.0
2084973835,3,0.0
2084973845,3,0.0
2084973855,3,0.0
2084973865,3,0.0
2084973875,3,0.0
2084973885,3,0.0
2084973895,3,0.0
2084973905,3,0.0
2084973915,3,0.0
2084973925,3,0.0
2084973935,3,0.0
2084973945,3,0.0
2084973955,3,0.0
2084973965,3,0.0
2084973975,3,0.0
2084973985,3,0.0
2084973995,3,0.0
2084974005,3,0.0
2084974015,3,0.0
2084974025,3,0.0
2084974035,3,0.0
2084974045,3,0.0
2084974055,3,0.0
2084974065,3,0.0
2084974075,3,0.0
2084974085,3,0.0
2084974095,3,0.0
2084974105,3,0.0
2084974115,3,0.0
2084974125,3,0.0
2084974135,3,0.0
2084974145,3,0.0
2084974155,3,0.0
2084974165,3,0.0
2084974175,3,0.0
2084974185,3,0.0
2084974195,3,0.0
2084974205,3,0.0
2084974215,3,0.0
2084974225,3,0.0
2084974235,3,0.0
2084974245,3,0.0
2084974255,3,0.0
2084974265,3,0.0
2084974275,3,0.0
2084974285,3,0.0
2084974295,3,0.0
2084974305,3,0.0
2084974315,3,0.0
2084974325,3,0.0
2084974335,3,0.0
2084974345,3,0.0
2084974355,3,0.0
2084974365,3,0.0
2084974375,3,0.0
2084974385,3,0.0
2084974395,3,0.0
2084974405,3,0.0
2084974415,3,0.0
2084974425,3,0.0
2084974435,3,0.0
2084974445,3,0.0
2084974455,3,0.0
2084974465,3,0.0
2084974475,3,0.0
2084974485,3,0.0
2084974495,3,0.0
2084974505,3,0.0
2084974515,3,0.0
2084974525,3,0.0
2084974535,3,0.0
2084974545,3,0.0
2084974555,3,0.0
2084974565,3,0.0
2084974575,3,0.0
2084974585,3,0.0
2084974595,3,0.0
2084974605,3,0.0
2084974615,3,0.0
2084974625,3,0.0
2084974635,3,0.0
2084974645,3,0.0
2084974655,3,0.0
2084974665,3,0.0
2084974675,3,0.0
2084974685,3,0.0
2084974695,3,0.0
2084974705,3,0.0
2084974715,3,0.0
2084974725,3,0.0
2084974735,3,0.0
2084974745,3,0.0
2084974755,3,0.0
2084974765,3,0.0
2084974775,3,0.0
2084974785,3,0.0
2084974795,3,0.0
2084974805,3,0.0
2084974815,3,0.0
2084974825,3,0.0
2084974835,3,0.0
2084974845,3,0.0
2084974855,3,0.0
2084974865,3,0.0
2084974875,3,0.0
2084974885,3,0.0
2084974895,3,0.0
2084974905,3,0.0
2084974915,3,0.0
2084974925,3,0.0
2084974935,3,0.0
2084974945,3,0.0
2084974955,3,0.0
2084974965,3,0.0
2084974975,3,0.0
2084974985,3,0.0
2084974995,3,0.0
2084975005,3,0.0
2084975015,3,0.0
2084975025,3,0.0
2084975035,3,0.0
2084975045,3,0.0
2084975055,3,0.0
2084975065,3,0.0
2084975075,3,0.0
2084975085,3,0.0
2084975095,3,0.0
2084975105,3,0.0
2084975115,3,0.0
2084975125,3,0.0
2084975135,3,0.0
2084975145,3,0.0
2084975155,3,0.0
2084975165,3,0.0
2084975175,3,0.0
2084975185,3,0.0
2084975195,3,0.0
2084975205,3,0.0
2084975215,3,0.0
2084975225,3,0.0
2084975235,3,0.0
2084975245,3,0.0
2084975255,3,0.0
2084975265,3,0.0
2084975275,3,0.0
2084975285,3,0.0
2084975295,3,0.0
2084975305,3,0.0
2084975315,3,0.0
2084975325,3,0.0
2084975335,3,0.0
2084975345,3,0.0
2084975355,3,0.0
2084975365,3,0.0
2084975375,3,0.0
2084975385,3,0.0
2084975395,3,0.0
2084975405,3,0.0
2084975415,3,0.0
2084975425,3,0.0
2084975435,3,0.0
2084975445,3,0.0
2084975455,3,0.0
2084975465,3,0.0
2084975475,3,0.0
2084975485,3,0.0
2084975495,3,0.0
2084975505,3,0.0
2084975515,3,0.0
2084975525,3,0.0
2084975535,3,0.0
2084975545,3,0.0
2084975555,3,0.0
2084975565,3,0.0
2084975575,3,0.0
2084975585,3,0.0
2084975595,3,0.0
2084975605,3,0.0
2084975615,3,0.0
2084975625,3,0.0
2084975635,3,0.0
2084975645,3,0.0
2084975655,3,0.0
2084975665,3,0.0
2084975675,3,0.0
2084975685,3,0.0
2084975695,3,0.0
2084975705,3,0.0
2084975715,3,0.0
2084975725,3,0.0
2084975735,3,0.0
2084975745,3,0.0
2084975755,3,0.0
2084975765,3,0.0
2084975775,3,0.0
2084975785,3,0.0
2084975795,3,0.0
2084975805,3,0.0
2084975815,3,0.0
2084975825,3,0.0
2084975835,3,0.0
2084975845,3,0.0
2084975855,3,0.0
2084975865,3,0.0
2084975875,3,0.0
2084975885,3,0.0
2084975895,3,0.0
2084975905,3,0.0
2084975915,3,0.0
2084975925,3,0.0
2084975935,3,0.0
2084975945,3,0.0
2084975955,3,0.0
2084975965,3,0.0
2084975975,3,0.0
2084975985,3,0.0
2084975995,3,0.0
2084976005,3,0.0
2084976015,3,0.0
2084976025,3,0.0
2084976035,3,0.0
2084976045,3,0.0
2084976055,3,0.0
2084976065,3,0.0
2084976075,3,0.0
2084976085,3,0.0
2084976095,3,0.0
2084976105,3,0.0
2084976115,3,0.0
2084976125,3,0.0
2084976135,3,0.0
2084976145,3,0.0
2084976155,3,0.0
2084976165,3,0.0
2084976175,3,0.0
2084976185,3,0.0
2084976195,3,0.0
2084976205,3,0.0
2084976215,3,0.0
2084976225,3,0.0
2084976235,3,0.0
2084976245,3,0.0
2084976255,3,0.0
2084976265,3,0.0
2084976275,3,0.0
2084976285,3,0.0
2084976295,3,0.0
2084976305,3,0.0
2084976315,3,0.0
2084976325,3,0.0
2084976335,3,0.0
2084976345,3,0.0
2084976355,3,0.0
2084976365,3,0.0
2084976375,3,0.0
2084976385,3,0.0
2084976395,3,0.0
2084976405,3,0.0
2084976415,3,0.0
2084976425,3,0.0
2084976435,3,0.0
2084976445,3,0.0
2084976455,3,0.0
2084976465,3,0.0
2084976475,3,0.0
2084976485,3,0.0
2084976495,3,0.0
2084976505,3,0.0
2084976515,3,0.0
2084976525,3,0.0
2084976535,3,0.0
2084976545,3,0.0
2084976555,3,0.0
2084976565,3,0.0
2084976575,3,0.0
2084976585,3,0.0
2084976595,3,0.0
2084976605,3,0.0
2084976615,3,0.0
2084976625,3,0.0
2084976635,3,0.0
2084976645,3,0.0
2084976655,3,0.0
2084976665,3,0.0
2084976675,3,0.0
2084976685,3,0.0
2084976695,3,0.0
2084976705,3,0.0
2084976715,3,0.0
2084976725,3,0.0
2084976735,3,0.0
2084976745,3,0.0
2084976755,3,0.0
2084976765,3,0.0
2084976775,3,0.0
2084976785,3,0.0
2084976795,3,0.0
2084976805,3,0.0
2084976815,3,0.0
2084976825,3,0.0
2084976835,3,0.0
2084976845,3,0.0
2084976855,3,0.0
2084976865,3,0.0
2084976875,3,0.0
2084976885,3,0.0
2084976895,3,0.0
2084976905,3,0.0
2084976915,3,0.0
2084976925,3,0.0
2084976935,3,0.0
2084976945,3,0.0
2084976955,3,0.0
2084976965,3,0.0
2084976975,3,0.0
2084976985,3,0.0
2084976995,3,0.0
2084977005,3,0.0
2084977015,3,0.0
2084977025,3,0.0
2084977035,3,0.0
2084977045,3,0.0
2084977055,3,0.0
2084977065,3,0.0
2084977075,3,0.0
2084977085,3,0.0
2084977095,3,0.0
2084977105,3,0.0
2084977115,3,0.0
2084977125,3,0.0
2084977135,3,0.0
2084977145,3,0.0
2084977155,3,0.0
2084977165,3,0.0
2084977175,3,0.0
2084977185,3,0.0
2084977195,3,0.0
2084977205,3,0.0
2084977215,3,0.0
2084977225,3,0.0
2084977235,3,0.0
2084977245,3,0.0
2084977255,3,0.0
2084977265,3,0.0
2084977275,3,0.0
2084977285,3,0.0
2084977295,3,0.0
2084977305,3,0.0
2084977315,3,0.0
2084977325,3,0.0
2084977335,3,0.0
2084977345,3,0.0
2084977355,3,0.0
2084977365,3,0.0
2084977375,3,0.0
2084977385,3,0.0
2084977395,3,0.0
2084977405,3,0.0
2084977415,3,0.0
2084977425,3,0.0
2084977435,3,0.0
2084977445,3,0.0
2084977455,3,0.0
2084977465,3,0.0
2084977475,3,0.0
2084977485,3,0.0
2084977495,3,0.0
2084977505,3,0.0
2084977515,3,0.0
2084977525,3,0.0
2084977535,3,0.0
2084977545,3,0.0
2084977555,3,0.0
2084977565,3,0.0
2084977575,3,0.0
2084977585,3,0.0
2084977595,3,0.0
2084977605,3,0.0
2084977615,3,0.0
2084977625,3,0.0
2084977635,3,0.0
2084977645,3,0.0
2084977655,3,0.0
2084977665,3,0.0
2084977675,3,0.0
2084977685,3,0.0
2084977695,3,0.0
2084977705,3,0.0
2084977715,3,0.0
2084977725,3,0.0
2084977735,3,0.0
2084977745,3,0.0
2084977755,3,0.0
2084977765,3,0.0
2084977775,3,0.0
2084977785,3,0.0
2084977795,3,0.0
2084977805,3,0.0
2084977815,3,0.0
2084977825,3,0.0
2084977835,3,0.0
2084977845,3,0.0
2084977855,3,0.0
2084977865,3,0.0
2084977875,3,0.0
2084977885,3,0.0
2084977895,3,0.0
2084977905,3,0.0
2084977915,3,0.0
2084977925,3,0.0
2084977935,3,0.0
2084977945,3,0.0
2084977955,3,0.0
2084977965,3,0.0
2084977975,3,0.0
2084977985,3,0.0
2084977995,3,0.0
2084978005,3,0.0
2084978015,3,0.0
2084978025,3,0.0
2084978035,3,0.0
2084978045,3,0.0
2084978055,3,0.0
2084978065,3,0.0
2084978075,3,0.0
2084978085,3,0.0
2084978095,3,0.0
2084978105,3,0.0
2084978115,3,0.0
2084978125,3,0.0
2084978135,3,0.0
2084978145,3,0.0
2084978155,3,0.0
2084978165,3,0.0
2084978175,3,0.0
2084978185,3,0.0
2084978195,3,0.0
2084978205,3,0.0
2084978215,3,0.0
2084978225,3,0.0
2084978235,3,0.0
2084978245,3,0.0
2084978255,3,0.0
2084978265,3,0.0
2084978275,3,0.0
2084978285,3,0.0
2084978295,3,0.0
2084978305,3,0.0
2084978315,3,0.0
2084978325,3,0.0
2084978335,3,0.0
2084978345,3,0.0
2084978355,3,0.0
2084978365,3,0.0
2084978375,3,0.0
2084978385,3,0.0
2084978395,3,0.0
2084978405,3,0.0
2084978415,3,0.0
2084978425,3,0.0
2084978435,3,0.0
2084978445,3,0.0
2084978455,3,0.0
2084978465,3,0.0
2084978475,3,0.0
2084978485,3,0.0
2084978495,3,0.0
2084978505,3,0.0
2084978515,3,0.0
2084978525,3,0.0
2084978535,3,0.0
2084978545,3,0.0
2084978555,3,0.0
2084978565,3,0.0
2084978575,3,0.0
2084978585,3,0.0
2084978595,3,0.0
2084978605,3,0.0
2084978615,3,0.0
2084978625,3,0.0
2084978635,3,0.0
2084978645,3,0.0
2084978655,3,0.0
2084978665,3,0.0
2084978675,3,0.0
2084978685,3,0.0
2084978695,3,0.0
2084978705,3,0.0
2084978715,3,0.0
2084978725,3,0.0
2084978735,3,0.0
2084978745,3,0.0
2084978755,3,0.0
2084978765,3,0.0
2084978775,3,0.0
2084978785,3,0.0
2084978795,3,0.0
2084978805,3,0.0
2084978815,3,0.0
2084978825,3,0.0
2084978835,3,0.0
2084978845,3,0.0
2084978855,3,0.0
2084978865,3,0.0
2084978875,3,0.0
2084978885,3,0.0
2084978895,3,0.0
2084978905,3,0.0
2084978915,3,0.0
2084978925,3,0.0
2084978935,3,0.0
2084978945,3,0.0
2084978955,3,0.0
2084978965,3,0.0
2084978975,3,0.0
2084978985,3,0.0
2084978995,3,0.0
2084979005,3,0.0
2084979015,3,0.0
2084979025,3,0.0
2084979035,3,0.0
2084979045,3,0.0
2084979055,3,0.0
2084979065,3,0.0
2084979075,3,0.0
2084979085,3,0.0
2084979095,3,0.0
2084979105,3,0.0
2084979115,3,0.0
2084979125,3,0.0
2084979135,3,0.0
2084979145,3,0.0
2084979155,3,0.0
2084979165,3,0.0
2084979175,3,0.0
2084979185,3,0.0
2084979195,3,0.0
2084979205,3,0.0
2084979215,3,0.0
2084979225,3,0.0
2084979235,3,0.0
2084979245,3,0.0
2084979255,3,0.0
2084979265,3,0.0
2084979275,3,0.0
2084979285,3,0.0
2084979295,3,0.0
2084979305,3,0.0
2084979315,3,0.0
2084979325,3,0.0
2084979335,3,0.0
2084979345,3,0.0
2084979355,3,0.0
2084979365,3,0.0
2084979375,3,0.0
2084979385,3,0.0
2084979395,3,0.0
2084979405,3,0.0
2084979415,3,0.0
2084979425,3,0.0
2084979435,3,0.0
2084979445,3,0.0
2084979455,3,0.0
2084979465,3,0.0
2084979475,3,0.0
2084979485,3,0.0
2084979495,3,0.0
2084979505,3,0.0
2084979515,3,0.0
2084979525,3,0.0
2084979535,3,0.0
2084979545,3,0.0
2084979555,3,0.0
2084979565,3,0.0
2084979575,3,0.0
2084979585,3,0.0
2084979595,3,0.0
2084979605,3,0.0
2084979615,3,0.0
2084979625,3,0.0
2084979635,3,0.0
2084979645,3,0.0
2084979655,3,0.0
2084979665,3,0.0
2084979675,3,0.0
2084979685,3,0.0
2084979695,3,0.0
2084979705,3,0.0
2084979715,3,0.0
2084979725,3,0.0
2084979735,3,0.0
2084979745,3,0.0
2084979755,3,0.0
2084979765,3,0.0
2084979775,3,0.0
2084979785,3,0.0
2084979795,3,0.0
2084979805,3,0.0
2084979815,3,0.0
2084979825,3,0.0
2084979835,3,0.0
2084979845,3,0.0
2084979855,3,0.0
2084979865,3,0.0
2084979875,3,0.0
2084979885,3,0.0
2084979895,3,0.0
2084979905,3,0.0
2084979915,3,0.0
2084979925,3,0.0
2084979935,3,0.0
2084979945,3,0.0
2084979955,3,0.0
2084979965,3,0.0
2084979975,3,0.0
2084979985,3,0.0
2084979995,3,0.0
2084980005,3,0.0
2084980015,3,0.0
2084980025,3,0.0
2084980035,3,0.0
2084980045,3,0.0
2084980055,3,0.0
2084980065,3,0.0
2084980075,3,0.0
2084980085,3,0.0
2084980095,3,0.0
2084980105,3,0.0
2084980115,3,0.0
2084980125,3,0.0
2084980135,3,0.0
2084980145,3,0.0
2084980155,3,0.0
2084980165,3,0.0
2084980175,3,0.0
2084980185,3,0.0
2084980195,3,0.0
2084980205,3,0.0
2084980215,3,0.0
2084980225,3,0.0
2084980235,3,0.0
2084980245,3,0.0
2084980255,3,0.0
2084980265,3,0.0
2084980275,3,0.0
2084980285,3,0.0
2084980295,3,0.0
2084980305,3,0.0
2084980315,3,0.0
2084980325,3,0.0
2084980335,3,0.0
2084980345,3,0.0
2084980355,3,0.0
2084980365,3,0.0
2084980375,3,0.0
2084980385,3,0.0
2084980395,3,0.0
2084980405,3,0.0
2084980415,3,0.0
2084980425,3,0.0
2084980435,3,0.0
2084980445,3,0.0
2084980455,3,0.0
2084980465,3,0.0
2084980475,3,0.0
2084980485,3,0.0
2084980495,3,0.0
2084980505,3,0.0
2084980515,3,0.0
2084980525,3,0.0
2084980535,3,0.0
2084980545,3,0.0
2084980555,3,0.0
2084980565,3,0.0
2084980575,3,0.0
2084980585,3,0.0
2084980595,3,0.0
2084980605,3,0.0
2084980615,3,0.0
2084980625,3,0.0
2084980635,3,0.0
2084980645,3,0.0
2084980655,3,0.0
2084980665,3,0.0
2084980675,3,0.0
2084980685,3,0.0
2084980695,3,0.0
2084980705,3,0.0
2084980715,3,0.0
2084980725,3,0.0
2084980735,3,0.0
2084980745,3,0.0
2084980755,3,0.0
2084980765,3,0.0
2084980775,3,0.0
2084980785,3,0.0
2084980795,3,0.0
2084980805,3,0.0
2084980815,3,0.0
2084980825,3,0.0
2084980835,3,0.0
2084980845,3,0.0
2084980855,3,0.0
2084980865,3,0.0
2084980875,3,0.0
2084980885,3,0.0
2084980895,3,0.0
2084980905,3,0.0
2084980915,3,0.0
2084980925,3,0.0
2084980935,3,0.0
2084980945,3,0.0
2084980955,3,0.0
2084980965,3,0.0
2084980975,3,0.0
2084980985,3,0.0
2084980995,3,0.0
2084981005,3,0.0
2084981015,3,0.0
2084981025,3,0.0
2084981035,3,0.0
2084981045,3,0.0
2084981055,3,0.0
2084981065,3,0.0
2084981075,3,0.0
2084981085,3,0.0
2084981095,3,0.0
2084981105,3,0.0
2084981115,3,0.0
2084981125,3,0.0
2084981135,3,0.0
2084981145,3,0.0
2084981155,3,0.0
2084981165,3,0.0
2084981175,3,0.0
2084981185,3,0.0
2084981195,3,0.0
2084981205,3,0.0
2084981215,3,0.0
2084981225,3,0.0
2084981235,3,0.0
2084981245,3,0.0
2084981255,3,0.0
2084981265,3,0.0
2084981275,3,0.0
2084981285,3,0.0
2084981295,3,0.0
2084981305,3,0.0
2084981315,3,0.0
2084981325,3,0.0
2084981335,3,0.0
2084981345,3,0.0
2084981355,3,0.0
2084981365,3,0.0
2084981375,3,0.0
2084981385,3,0.0
2084981395,3,0.0
2084981405,3,0.0
2084981415,3,0.0
2084981425,3,0.0
2084981435,3,0.0
2084981445,3,0.0
2084981455,3,0.0
2084981465,3,0.0
2084981475,3,0.0
2084981485,3,0.0
2084981495,3,0.0
2084981505,3,0.0
2084981515,3,0.0
2084981525,3,0.0
2084981535,3,0.0
2084981545,3,0.0
2084981555,3,0.0
2084981565,3,0.0
2084981575,3,0.0
2084981585,3,0.0
2084981595,3,0.0
2084981605,3,0.0
2084981615,3,0.0
2084981625,3,0.0
2084981635,3,0.0
2084981645,3,0.0
2084981655,3,0.0
2084981665,3,0.0
2084981675,3,0.0
2084981685,3,0.0
2084981695,3,0.0
2084981705,3,0.0
2084981715,3,0.0
2084981725,3,0.0
2084981735,3,0.0
2084981745,3,0.0
2084981755,3,0.0
2084981765,3,0.0
2084981775,3,0.0
2084981785,3,0.0
2084981795,3,0.0
2084981805,3,0.0
2084981815,3,0.0
2084981825,3,0.0
2084981835,3,0.0
2084981845,3,0.0
2084981855,3,0.0
2084981865,3,0.0
2084981875,3,0.0
2084981885,3,0.0
2084981895,3,0.0
2084981905,3,0.0
2084981915,3,0.0
2084981925,3,0.0
2084981935,3,0.0
2084981945,3,0.0
2084981955,3,0.0
2084981965,3,0.0
2084981975,3,0.0
2084981985,3,0.0
2084981995,3,0.0
2084982005,3,0.0
2084982015,3,0.0
2084982025,3,0.0
2084982035,3,0.0
2084982045,3,0.0
2084982055,3,0.0
2084982065,3,0.0
2084982075,3,0.0
2084982085,3,0.0
2084982095,3,0.0
2084982105,3,0.0
2084982115,3,0.0
2084982125,3,0.0
2084982135,3,0.0
2084982145,3,0.0
2084982155,3,0.0
2084982165,3,0.0
2084982175,3,0.0
2084982185,3,0.0
2084982195,3,0.0
2084982205,3,0.0
2084982215,3,0.0
2084982225,3,0.0
2084982235,3,0.0
2084982245,3,0.0
2084982255,3,0.0
2084982265,3,0.0
2084982275,3,0.0
2084982285,3,0.0
2084982295,3,0.0
2084982305,3,0.0
2084982315,3,0.0
2084982325,3,0.0
2084982335,3,0.0
2084982345,3,0.0
2084982355,3,0.0
2084982365,3,0.0
2084982375,3,0.0
2084982385,3,0.0
2084982395,3,0.0
2084982405,3,0.0
2084982415,3,0.0
2084982425,3,0.0
2084982435,3,0.0
2084982445,3,0.0
2084982455,3,0.0
2084982465,3,0.0
2084982475,3,0.0
2084982485,3,0.0
2084982495,3,0.0
2084982505,3,0.0
2084982515,3,0.0
2084982525,3,0.0
2084982535,3,0.0
2084982545,3,0.0
2084982555,3,0.0
2084982565,3,0.0
2084982575,3,0.0
2084982585,3,0.0
2084982595,3,0.0
2084982605,3,0.0
2084982615,3,0.0
2084982625,3,0.0
2084982635,3,0.0
2084982645,3,0.0
2084982655,3,0.0
2084982665,3,0.0
2084982675,3,0.0
2084982685,3,0.0
2084982695,3,0.0
2084982705,3,0.0
2084982715,3,0.0
2084982725,3,0.0
2084982735,3,0.0
2084982745,3,0.0
2084982755,3,0.0
2084982765,3,0.0
2084982775,3,0.0
2084982785,3,0.0
2084982795,3,0.0
2084982805,3,0.0
2084982815,3,0.0
2084982825,3,0.0
2084982835,3,0.0
2084982845,3,0.0
2084982855,3,0.0
2084982865,3,0.0
2084982875,3,0.0
2084982885,3,0.0
2084982895,3,0.0
2084982905,3,0.0
2084982915,3,0.0
2084982925,3,0.0
2084982935,3,0.0
2084982945,3,0.0
2084982955,3,0.0
2084982965,3,0.0
2084982975,3,0.0
2084982985,3,0.0
2084982995,3,0.0
2084983005,3,0.0
2084983015,3,0.0
2084983025,3,0.0
2084983035,3,0.0
2084983045,3,0.0
2084983055,3,0.0
2084983065,3,0.0
2084983075,3,0.0
2084983085,3,0.0
2084983095,3,0.0
2084983105,3,0.0
2084983115,3,0.0
2084983125,3,0.0
2084983135,3,0.0
2084983145,3,0.0
2084983155,3,0.0
2084983165,3,0.0
2084983175,3,0.0
2084983185,3,0.0
2084983195,3,0.0
2084983205,3,0.0
2084983215,3,0.0
2084983225,3,0.0
2084983235,3,0.0
2084983245,3,0.0
2084983255,3,0.0
2084983265,3,0.0
2084983275,3,0.0
2084983285,3,0.0
2084983295,3,0.0
2084983305,3,0.0
2084983315,3,0.0
2084983325,3,0.0
2084983335,3,0.0
2084983345,3,0.0
2084983355,3,0.0
2084983365,3,0.0
2084983375,3,0.0
2084983385,3,0.0
2084983395,3,0.0
2084983405,3,0.0
2084983415,3,0.0
2084983425,3,0.0
2084983435,3,0.0
2084983445,3,0.0
2084983455,3,0.0
2084983465,3,0.0
2084983475,3,0.0
2084983485,3,0.0
2084983495,3,0.0
2084983505,3,0.0
2084983515,3,0.0
2084983525,3,0.0
2084983535,3,0.0
2084983545,3,0.0
2084983555,3,0.0
2084983565,3,0.0
2084983575,3,0.0
2084983585,3,0.0
2084983595,3,0.0
2084983605,3,0.0
2084983615,3,0.0
2084983625,3,0.0
2084983635,3,0.0
2084983645,3,0.0
2084983655,3,0.0
2084983665,3,0.0
2084983675,3,0.0
2084983685,3,0.0
2084983695,3,0.0
2084983705,3,0.0
2084983715,3,0.0
2084983725,3,0.0
2084983735,3,0.0
2084983745,3,0.0
2084983755,3,0.0
2084983765,3,0.0
2084983775,3,0.0
2084983785,3,0.0
2084983795,3,0.0
2084983805,3,0.0
2084983815,3,0.0
2084983825,3,0.0
2084983835,3,0.0
2084983845,3,0.0
2084983855,3,0.0
2084983865,3,0.0
2084983875,3,0.0
2084983885,3,0.0
2084983895,3,0.0
2084983905,3,0.0
2084983915,3,0.0
2084983925,3,0.0
2084983935,3,0.0
2084983945,3,0.0
2084983955,3,0.0
2084983965,3,0.0
2084983975,3,0.0
2084983985,3,0.0
2084983995,3,0.0
2084984005,3,0.0
2084984015,3,0.0
2084984025,3,0.0
2084984035,3,0.0
2084984045,3,0.0
2084984055,3,0.0
2084984065,3,0.0
2084984075,3,0.0
2084984085,3,0.0
2084984095,3,0.0
2084984105,3,0.0
2084984115,3,0.0
2084984125,3,0.0
2084984135,3,0.0
2084984145,3,0.0
2084984155,3,0.0
2084984165,3,0.0
2084984175,3,0.0
2084984185,3,0.0
2084984195,3,0.0
2084984205,3,0.0
2084984215,3,0.0
2084984225,3,0.0
2084984235,3,0.0
2084984245,3,0.0
2084984255,3,0.0
2084984265,3,0.0
2084984275,3,0.0
2084984285,3,0.0
2084984295,3,0.0
2084984305,3,0.0
2084984315,3,0.0
2084984325,3,0.0
2084984335,3,0.0
2084984345,3,0.0
2084984355,3,0.0
2084984365,3,0.0
2084984375,3,0.0
2084984385,3,0.0
2084984395,3,0.0
2084984405,3,0.0
2084984415,3,0.0
2084984425,3,0.0
2084984435,3,0.0
2084984445,3,0.0
2084984455,3,0.0
2084984465,3,0.0
2084984475,3,0.0
2084984485,3,0.0
2084984495,3,0.0
2084984505,3,0.0
2084984515,3,0.0
2084984525,3,0.0
2084984535,3,0.0
2084984545,3,0.0
2084984555,3,0.0
2084984565,3,0.0
2084984575,3,0.0
2084984585,3,0.0
2084984595,3,0.0
2084984605,3,0.0
2084984615,3,0.0
2084984625,3,0.0
2084984635,3,0.0
2084984645,3,0.0
2084984655,3,0.0
2084984665,3,0.0
2084984675,3,0.0
2084984685,3,0.0
2084984695,3,0.0
2084984705,3,0.0
2084984715,3,0.0
2084984725,3,0.0
2084984735,3,0.0
2084984745,3,0.0
2084984755,3,0.0
2084984765,3,0.0
2084984775,3,0.0
2084984785,3,0.0
2084984795,3,0.0
2084984805,3,0.0
2084984815,3,0.0
2084984825,3,0.0
2084984835,3,0.0
2084984845,3,0.0
2084984855,3,0.0
2084984865,3,0.0
2084984875,3,0.0
2084984885,3,0.0
2084984895,3,0.0
2084984905,3,0.0
2084984915,3,0.0
2084984925,3,0.0
2084984935,3,0.0
2084984945,3,0.0
2084984955,3,0.0
2084984965,3,0.0
2084984975,3,0.0
2084984985,3,0.0
2084984995,3,0.0
2084985005,3,0.0
2084985015,3,0.0
2084985025,3,0.0
2084985035,3,0.0
2084985045,3,0.0
2084985055,3,0.0
2084985065,3,0.0
2084985075,3,0.0
2084985085,3,0.0
2084985095,3,0.0
2084985105,3,0.0
2084985115,3,0.0
2084985125,3,0.0
2084985135,3,0.0
2084985145,3,0.0
2084985155,3,0.0
2084985165,3,0.0
2084985175,3,0.0
2084985185,3,0.0
2084985195,3,0.0
2084985205,3,0.0
2084985215,3,0.0
2084985225,3,0.0
2084985235,3,0.0
2084985245,3,0.0
2084985255,3,0.0
2084985265,3,0.0
2084985275,3,0.0
2084985285,3,0.0
2084985295,3,0.0
2084985305,3,0.0
2084985315,3,0.0
2084985325,3,0.0
2084985335,3,0.0
2084985345,3,0.0
2084985355,3,0.0
2084985365,3,0.0
2084985375,3,0.0
2084985385,3,0.0
2084985395,3,0.0
2084985405,3,0.0
2084985415,3,0.0
2084985425,3,0.0
2084985435,3,0.0
2084985445,3,0.0
2084985455,3,0.0
2084985465,3,0.0
2084985475,3,0.0
2084985485,3,0.0
2084985495,3,0.0
2084985505,3,0.0
2084985515,3,0.0
2084985525,3,0.0
2084985535,3,0.0
2084985545,3,0.0
2084985555,3,0.0
2084985565,3,0.0
2084985575,3,0.0
2084985585,3,0.0
2084985595,3,0.0
2084985605,3,0.0
2084985615,3,0.0
2084985625,3,0.0
2084985635,3,0.0
2084985645,3,0.0
2084985655,3,0.0
2084985665,3,0.0
2084985675,3,0.0
2084985685,3,0.0
2084985695,3,0.0
2084985705,3,0.0
2084985715,3,0.0
2084985725,3,0.0
2084985735,3,0.0
2084985745,3,0.0
2084985755,3,0.0
2084985765,3,0.0
2084985775,3,0.0
2084985785,3,0.0
2084985795,3,0.0
2084985805,3,0.0
2084985815,3,0.0
2084985825,3,0.0
2084985835,3,0.0
2084985845,3,0.0
2084985855,3,0.0
2084985865,3,0.0
2084985875,3,0.0
2084985885,3,0.0
2084985895,3,0.0
2084985905,3,0.0
2084985915,3,0.0
2084985925,3,0.0
2084985935,3,0.0
2084985945,3,0.0
2084985955,3,0.0
2084985965,3,0.0
2084985975,3,0.0
2084985985,3,0.0
2084985995,3,0.0
2084986005,3,0.0
2084986015,3,0.0
2084986025,3,0.0
2084986035,3,0.0
2084986045,3,0.0
2084986055,3,0.0
2084986065,3,0.0
2084986075,3,0.0
2084986085,3,0.0
2084986095,3,0.0
2084986105,3,0.0
2084986115,3,0.0
2084986125,3,0.0
2084986135,3,0.0
2084986145,3,0.0
2084986155,3,0.0
2084986165,3,0.0
2084986175,3,0.0
2084986185,3,0.0
2084986195,3,0.0
2084986205,3,0.0
2084986215,3,0.0
2084986225,3,0.0
2084986235,3,0.0
2084986245,3,0.0
2084986255,3,0.0
2084986265,3,0.0
2084986275,3,0.0
2084986285,3,0.0
2084986295,3,0.0
2084986305,3,0.0
2084986315,3,0.0
2084986325,3,0.0
2084986335,3,0.0
2084986345,3,0.0
2084986355,3,0.0
2084986365,3,0.0
2084986375,3,0.0
2084986385,3,0.0
2084986395,3,0.0
2084986405,3,0.0
2084986415,3,0.0
2084986425,3,0.0
2084986435,3,0.0
2084986445,3,0.0
2084986455,3,0.0
2084986465,3,0.0
2084986475,3,0.0
2084986485,3,0.0
2084986495,3,0.0
2084986505,3,0.0
2084986515,3,0.0
2084986525,3,0.0
2084986535,3,0.0
2084986545,3,0.0
2084986555,3,0.0
2084986565,3,0.0
2084986575,3,0.0
2084986585,3,0.0
2084986595,3,0.0
2084986605,3,0.0
2084986615,3,0.0
2084986625,3,0.0
2084986635,3,0.0
2084986645,3,0.0
2084986655,3,0.0
2084986665,3,0.0
2084986675,3,0.0
2084986685,3,0.0
2084986695,3,0.0
2084986705,3,0.0
2084986715,3,0.0
2084986725,3,0.0
2084986735,3,0.0
2084986745,3,0.0
2084986755,3,0.0
2084986765,3,0.0
2084986775,3,0.0
2084986785,3,0.0
2084986795,3,0.0
2084986805,3,0.0
2084986815,3,0.0
2084986825,3,0.0
2084986835,3,0.0
2084986845,3,0.0
2084986855,3,0.0
2084986865,3,0.0
2084986875,3,0.0
2084986885,3,0.0
2084986895,3,0.0
2084986905,3,0.0
2084986915,3,0.0
2084986925,3,0.0
2084986935,3,0.0
2084986945,3,0.0
2084986955,3,0.0
2084986965,3,0.0
2084986975,3,0.0
2084986985,3,0.0
2084986995,3,0.0
2084987005,3,0.0
2084987015,3,0.0
2084987025,3,0.0
2084987035,3,0.0
2084987045,3,0.0
2084987055,3,0.0
2084987065,3,0.0
2084987075,3,0.0
2084987085,3,0.0
2084987095,3,0.0
2084987105,3,0.0
2084987115,3,0.0
2084987125,3,0.0
2084987135,3,0.0
2084987145,3,0.0
2084987155,3,0.0
2084987165,3,0.0
2084987175,3,0.0
2084987185,3,0.0
2084987195,3,0.0
2084987205,3,0.0
2084987215,3,0.0
2084987225,3,0.0
2084987235,3,0.0
2084987245,3,0.0
2084987255,3,0.0
2084987265,3,0.0
2084987275,3,0.0
2084987285,3,0.0
2084987295,3,0.0
2084987305,3,0.0
2084987315,3,0.0
2084987325,3,0.0
2084987335,3,0.0
2084987345,3,0.0
2084987355,3,0.0
2084987365,3,0.0
2084987375,3,0.0
2084987385,3,0.0
2084987395,3,0.0
2084987405,3,0.0
2084987415,3,0.0
2084987425,3,0.0
2084987435,3,0.0
2084987445,3,0.0
2084987455,3,0.0
2084987465,3,0.0
2084987475,3,0.0
2084987485,3,0.0
2084987495,3,0.0
2084987505,3,0.0
2084987515,3,0.0
2084987525,3,0.0
2084987535,3,0.0
2084987545,3,0.0
2084987555,3,0.0
2084987565,3,0.0
2084987575,3,0.0
2084987585,3,0.0
2084987595,3,0.0
2084987605,3,0.0
2084987615,3,0.0
2084987625,3,0.0
2084987635,3,0.0
2084987645,3,0.0
2084987655,3,0.0
2084987665,3,0.0
2084987675,3,0.0
2084987685,3,0.0
2084987695,3,0.0
2084987705,3,0.0
2084987715,3,0.0
2084987725,3,0.0
2084987735,3,0.0
2084987745,3,0.0
2084987755,3,0.0
2084987765,3,0.0
2084987775,3,0.0
2084987785,3,0.0
2084987795,3,0.0
2084987805,3,0.0
2084987815,3,0.0
2084987825,3,0.0
2084987835,3,0.0
2084987845,3,0.0
2084987855,3,0.0
2084987865,3,0.0
2084987875,3,0.0
2084987885,3,0.0
2084987895,3,0.0
2084987905,3,0.0
2084987915,3,0.0
2084987925,3,0.0
2084987935,3,0.0
2084987945,3,0.0
2084987955,3,0.0
2084987965,3,0.0
2084987975,3,0.0
2084987985,3,0.0
2084987995,3,0.0
2084988005,3,0.0
2084988015,3,0.0
2084988025,3,0.0
2084988035,3,0.0
2084988045,3,0.0
2084988055,3,0.0
2084988065,3,0.0
2084988075,3,0.0
2084988085,3,0.0
2084988095,3,0.0
2084988105,3,0.0
2084988115,3,0.0
2084988125,3,0.0
2084988135,3,0.0
2084988145,3,0.0
2084988155,3,0.0
2084988165,3,0.0
2084988175,3,0.0
2084988185,3,0.0
2084988195,3,0.0
2084988205,3,0.0
2084988215,3,0.0
2084988225,3,0.0
2084988235,3,0.0
2084988245,3,0.0
2084988255,3,0.0
2084988265,3,0.0
2084988275,3,0.0
2084988285,3,0.0
2084988295,3,0.0
2084988305,3,0.0
2084988315,3,0.0
2084988325,3,0.0
2084988335,3,0.0
2084988345,3,0.0
2084988355,3,0.0
2084988365,3,0.0
2084988375,3,0.0
2084988385,3,0.0
2084988395,3,0.0
2084988405,3,0.0
2084988415,3,0.0
2084988425,3,0.0
2084988435,3,0.0
2084988445,3,0.0
2084988455,3,0.0
2084988465,3,0.0
2084988475,3,0.0
2084988485,3,0.0
2084988495,3,0.0
2084988505,3,0.0
2084988515,3,0.0
2084988525,3,0.0
2084988535,3,0.0
2084988545,3,0.0
2084988555,3,0.0
2084988565,3,0.0
2084988575,3,0.0
2084988585,3,0.0
2084988595,3,0.0
2084988605,3,0.0
2084988615,3,0.0
2084988625,3,0.0
2084988635,3,0.0
2084988645,3,0.0
2084988655,3,0.0
2084988665,3,0.0
2084988675,3,0.0
2084988685,3,0.0
2084988695,3,0.0
2084988705,3,0.0
2084988715,3,0.0
2084988725,3,0.0
2084988735,3,0.0
2084988745,3,0.0
2084988755,3,0.0
2084988765,3,0.0
2084988775,3,0.0
2084988785,3,0.0
2084988795,3,0.0
2084988805,3,0.0
2084988815,3,0.0
2084988825,3,0.0
2084988835,3,0.0
2084988845,3,0.0
2084988855,3,0.0
2084988865,3,0.0
2084988875,3,0.0
2084988885,3,0.0
2084988895,3,0.0
2084988905,3,0.0
2084988915,3,0.0
2084988925,3,0.0
2084988935,3,0.0
2084988945,3,0.0
2084988955,3,0.0
2084988965,3,0.0
2084988975,3,0.0
2084988985,3,0.0
2084988995,3,0.0
2084989005,3,0.0
2084989015,3,0.0
2084989025,3,0.0
2084989035,3,0.0
2084989045,3,0.0
2084989055,3,0.0
2084989065,3,0.0
2084989075,3,0.0
2084989085,3,0.0
2084989095,3,0.0
2084989105,3,0.0
2084989115,3,0.0
2084989125,3,0.0
2084989135,3,0.0
2084989145,3,0.0
2084989155,3,0.0
2084989165,3,0.0
2084989175,3,0.0
2084989185,3,0.0
2084989195,3,0.0
2084989205,3,0.0
2084989215,3,0.0
2084989225,3,0.0
2084989235,3,0.0
2084989245,3,0.0
2084989255,3,0.0
2084989265,3,0.0
2084989275,3,0.0
2084989285,3,0.0
2084989295,3,0.0
2084989305,3,0.0
2084989315,3,0.0
2084989325,3,0.0
2084989335,3,0.0
2084989345,3,0.0
2084989355,3,0.0
2084989365,3,0.0
2084989375,3,0.0
2084989385,3,0.0
2084989395,3,0.0
2084989405,3,0.0
2084989415,3,0.0
2084989425,3,0.0
2084989435,3,0.0
2084989445,3,0.0
2084989455,3,0.0
2084989465,3,0.0
2084989475,3,0.0
2084989485,3,0.0
2084989495,3,0.0
2084989505,3,0.0
2084989515,3,0.0
2084989525,3,0.0
2084989535,3,0.0
2084989545,3,0.0
2084989555,3,0.0
2084989565,3,0.0
2084989575,3,0.0
2084989585,3,0.0
2084989595,3,0.0
2084989605,3,0.0
2084989615,3,0.0
2084989625,3,0.0
2084989635,3,0.0
2084989645,3,0.0
2084989655,3,0.0
2084989665,3,0.0
2084989675,3,0.0
2084989685,3,0.0
2084989695,3,0.0
2084989705,3,0.0
2084989715,3,0.0
2084989725,3,0.0
2084989735,3,0.0
2084989745,3,0.0
2084989755,3,0.0
2084989765,3,0.0
2084989775,3,0.0
2084989785,3,0.0
2084989795,3,0.0
2084989805,3,0.0
2084989815,3,0.0
2084989825,3,0.0
2084989835,3,0.0
2084989845,3,0.0
2084989855,3,0.0
2084989865,3,0.0
2084989875,3,0.0
2084989885,3,0.0
2084989895,3,0.0
2084989905,3,0.0
2084989915,3,0.0
2084989925,3,0.0
2084989935,3,0.0
2084989945,3,0.0
2084989955,3,0.0
2084989965,3,0.0
2084989975,3,0.0
2084989985,3,0.0
2084989995,3,0.0
2084990005,3,0.0
2084990015,3,0.0
2084990025,3,0.0
2084990035,3,0.0
2084990045,3,0.0
2084990055,3,0.0
2084990065,3,0.0
2084990075,3,0.0
2084990085,3,0.0
2084990095,3,0.0
2084990105,3,0.0
2084990115,3,0.0
2084990125,3,0.0
2084990135,3,0.0
2084990145,3,0.0
2084990155,3,0.0
2084990165,3,0.0
2084990175,3,0.0
2084990185,3,0.0
2084990195,3,0.0
2084990205,3,0.0
2084990215,3,0.0
2084990225,3,0.0
2084990235,3,0.0
2084990245,3,0.0
2084990255,3,0.0
2084990265,3,0.0
2084990275,3,0.0
2084990285,3,0.0
2084990295,3,0.0
2084990305,3,0.0
2084990315,3,0.0
2084990325,3,0.0
2084990335,3,0.0
2084990345,3,0.0
2084990355,3,0.0
2084990365,3,0.0
2084990375,3,0.0
2084990385,3,0.0
2084990395,3,0.0
2084990405,3,0.0
2084990415,3,0.0
2084990425,3,0.0
2084990435,3,0.0
2084990445,3,0.0
2084990455,3,0.0
2084990465,3,0.0
2084990475,3,0.0
2084990485,3,0.0
2084990495,3,0.0
2084990505,3,0.0
2084990515,3,0.0
2084990525,3,0.0
2084990535,3,0.0
2084990545,3,0.0
2084990555,3,0.0
2084990565,3,0.0
2084990575,3,0.0
2084990585,3,0.0
2084990595,3,0.0
2084990605,3,0.0
2084990615,3,0.0
2084990625,3,0.0
2084990635,3,0.0
2084990645,3,0.0
2084990655,3,0.0
2084990665,3,0.0
2084990675,3,0.0
2084990685,3,0.0
2084990695,3,0.0
2084990705,3,0.0
2084990715,3,0.0
2084990725,3,0.0
2084990735,3,0.0
2084990745,3,0.0
2084990755,3,0.0
2084990765,3,0.0
2084990775,3,0.0
2084990785,3,0.0
2084990795,3,0.0
2084990805,3,0.0
2084990815,3,0.0
2084990825,3,0.0
2084990835,3,0.0
2084990845,3,0.0
2084990855,3,0.0
2084990865,3,0.0
2084990875,3,0.0
2084990885,3,0.0
2084990895,3,0.0
2084990905,3,0.0
2084990915,3,0.0
2084990925,3,0.0
2084990935,3,0.0
2084990945,3,0.0
2084990955,3,0.0
2084990965,3,0.0
2084990975,3,0.0
2084990985,3,0.0
2084990995,3,0.0
2084991005,3,0.0
2084991015,3,0.0
2084991025,3,0.0
2084991035,3,0.0
2084991045,3,0.0
2084991055,3,0.0
2084991065,3,0.0
2084991075,3,0.0
2084991085,3,0.0
2084991095,3,0.0
2084991105,3,0.0
2084991115,3,0.0
2084991125,3,0.0
2084991135,3,0.0
2084991145,3,0.0
2084991155,3,0.0
2084991165,3,0.0
2084991175,3,0.0
2084991185,3,0.0
2084991195,3,0.0
2084991205,3,0.0
2084991215,3,0.0
2084991225,3,0.0
2084991235,3,0.0
2084991245,3,0.0
2084991255,3,0.0
2084991265,3,0.0
2084991275,3,0.0
2084991285,3,0.0
2084991295,3,0.0
2084991305,3,0.0
2084991315,3,0.0
2084991325,3,0.0
2084991335,3,0.0
2084991345,3,0.0
2084991355,3,0.0
2084991365,3,0.0
2084991375,3,0.0
2084991385,3,0.0
2084991395,3,0.0
2084991405,3,0.0
2084991415,3,0.0
2084991425,3,0.0
2084991435,3,0.0
2084991445,3,0.0
2084991455,3,0.0
2084991465,3,0.0
2084991475,3,0.0
2084991485,3,0.0
2084991495,3,0.0
2084991505,3,0.0
2084991515,3,0.0
2084991525,3,0.0
2084991535,3,0.0
2084991545,3,0.0
2084991555,3,0.0
2084991565,3,0.0
2084991575,3,0.0
2084991585,3,0.0
2084991595,3,0.0
2084991605,3,0.0
2084991615,3,0.0
2084991625,3,0.0
2084991635,3,0.0
2084991645,3,0.0
2084991655,3,0.0
2084991665,3,0.0
2084991675,3,0.0
2084991685,3,0.0
2084991695,3,0.0
2084991705,3,0.0
2084991715,3,0.0
2084991725,3,0.0
2084991735,3,0.0
2084991745,3,0.0
2084991755,3,0.0
2084991765,3,0.0
2084991775,3,0.0
2084991785,3,0.0
2084991795,3,0.0
2084991805,3,0.0
2084991815,3,0.0
2084991825,3,0.0
2084991835,3,0.0
2084991845,3,0.0
2084991855,3,0.0
2084991865,3,0.0
2084991875,3,0.0
2084991885,3,0.0
2084991895,3,0.0
2084991905,3,0.0
2084991915,3,0.0
2084991925,3,0.0
2084991935,3,0.0
2084991945,3,0.0
2084991955,3,0.0
2084991965,3,0.0
2084991975,3,0.0
2084991985,3,0.0
2084991995,3,0.0
2084992005,3,0.0
2084992015,3,0.0
2084992025,3,0.0
2084992035,3,0.0
2084992045,3,0.0
2084992055,3,0.0
2084992065,3,0.0
2084992075,3,0.0
2084992085,3,0.0
2084992095,3,0.0
2084992105,3,0.0
2084992115,3,0.0
2084992125,3,0.0
2084992135,3,0.0
2084992145,3,0.0
2084992155,3,0.0
2084992165,3,0.0
2084992175,3,0.0
2084992185,3,0.0
2084992195,3,0.0
2084992205,3,0.0
2084992215,3,0.0
2084992225,3,0.0
2084992235,3,0.0
2084992245,3,0.0
2084992255,3,0.0
2084992265,3,0.0
2084992275,3,0.0
2084992285,3,0.0
2084992295,3,0.0
2084992305,3,0.0
2084992315,3,0.0
2084992325,3,0.0
2084992335,3,0.0
2084992345,3,0.0
2084992355,3,0.0
2084992365,3,0.0
2084992375,3,0.0
2084992385,3,0.0
2084992395,3,0.0
2084992405,3,0.0
2084992415,3,0.0
2084992425,3,0.0
2084992435,3,0.0
2084992445,3,0.0
2084992455,3,0.0
2084992465,3,0.0
2084992475,3,0.0
2084992485,3,0.0
2084992495,3,0.0
2084992505,3,0.0
2084992515,3,0.0
2084992525,3,0.0
2084992535,3,0.0
2084992545,3,0.0
2084992555,3,0.0
2084992565,3,0.0
2084992575,3,0.0
2084992585,3,0.0
2084992595,3,0.0
2084992605,3,0.0
2084992615,3,0.0
2084992625,3,0.0
2084992635,3,0.0
2084992645,3,0.0
2084992655,3,0.0
2084992665,3,0.0
2084992675,3,0.0
2084992685,3,0.0
2084992695,3,0.0
2084992705,3,0.0
2084992715,3,0.0
2084992725,3,0.0
2084992735,3,0.0
2084992745,3,0.0
2084992755,3,0.0
2084992765,3,0.0
2084992775,3,0.0
2084992785,3,0.0
2084992795,3,0.0
2084992805,3,0.0
2084992815,3,0.0
2084992825,3,0.0
2084992835,3,0.0
2084992845,3,0.0
2084992855,3,0.0
2084992865,3,0.0
2084992875,3,0.0
2084992885,3,0.0
2084992895,3,0.0
2084992905,3,0.0
2084992915,3,0.0
2084992925,3,0.0
2084992935,3,0.0
2084992945,3,0.0
2084992955,3,0.0
2084992965,3,0.0
2084992975,3,0.0
2084992985,3,0.0
2084992995,3,0.0
2084993005,3,0.0
2084993015,3,0.0
2084993025,3,0.0
2084993035,3,0.0
2084993045,3,0.0
2084993055,3,0.0
2084993065,3,0.0
2084993075,3,0.0
2084993085,3,0.0
2084993095,3,0.0
2084993105,3,0.0
2084993115,3,0.0
2084993125,3,0.0
2084993135,3,0.0
2084993145,3,0.0
2084993155,3,0.0
2084993165,3,0.0
2084993175,3,0.0
2084993185,3,0.0
2084993195,3,0.0
2084993205,3,0.0
2084993215,3,0.0
2084993225,3,0.0
2084993235,3,0.0
2084993245,3,0.0
2084993255,3,0.0
2084993265,3,0.0
2084993275,3,0.0
2084993285,3,0.0
2084993295,3,0.0
2084993305,3,0.0
2084993315,3,0.0
2084993325,3,0.0
2084993335,3,0.0
2084993345,3,0.0
2084993355,3,0.0
2084993365,3,0.0
2084993375,3,0.0
2084993385,3,0.0
2084993395,3,0.0
2084993405,3,0.0
2084993415,3,0.0
2084993425,3,0.0
2084993435,3,0.0
2084993445,3,0.0
2084993455,3,0.0
2084993465,3,0.0
2084993475,3,0.0
2084993485,3,0.0
2084993495,3,0.0
2084993505,3,0.0
2084993515,3,0.0
2084993525,3,0.0
2084993535,3,0.0
2084993545,3,0.0
2084993555,3,0.0
2084993565,3,0.0
2084993575,3,0.0
2084993585,3,0.0
2084993595,3,0.0
2084993605,3,0.0
2084993615,3,0.0
2084993625,3,0.0
2084993635,3,0.0
2084993645,3,0.0
2084993655,3,0.0
2084993665,3,0.0
2084993675,3,0.0
2084993685,3,0.0
2084993695,3,0.0
2084993705,3,0.0
2084993715,3,0.0
2084993725,3,0.0
2084993735,3,0.0
2084993745,3,0.0
2084993755,3,0.0
2084993765,3,0.0
2084993775,3,0.0
2084993785,3,0.0
2084993795,3,0.0
2084993805,3,0.0
2084993815,3,0.0
2084993825,3,0.0
2084993835,3,0.0
2084993845,3,0.0
2084993855,3,0.0
2084993865,3,0.0
2084993875,3,0.0
2084993885,3,0.0
2084993895,3,0.0
2084993905,3,0.0
2084993915,3,0.0
2084993925,3,0.0
2084993935,3,0.0
2084993945,3,0.0
2084993955,3,0.0
2084993965,3,0.0
2084993975,3,0.0
2084993985,3,0.0
2084993995,3,0.0
2084994005,3,0.0
2084994015,3,0.0
2084994025,3,0.0
2084994035,3,0.0
2084994045,3,0.0
2084994055,3,0.0
2084994065,3,0.0
2084994075,3,0.0
2084994085,3,0.0
2084994095,3,0.0
2084994105,3,0.0
2084994115,3,0.0
2084994125,3,0.0
2084994135,3,0.0
2084994145,3,0.0
2084994155,3,0.0
2084994165,3,0.0
2084994175,3,0.0
2084994185,3,0.0
2084994195,3,0.0
2084994205,3,0.0
2084994215,3,0.0
2084994225,3,0.0
2084994235,3,0.0
2084994245,3,0.0
2084994255,3,0.0
2084994265,3,0.0
2084994275,3,0.0
2084994285,3,0.0
2084994295,3,0.0
2084994305,3,0.0
2084994315,3,0.0
2084994325,3,0.0
2084994335,3,0.0
2084994345,3,0.0
2084994355,3,0.0
2084994365,3,0.0
2084994375,3,0.0
2084994385,3,0.0
2084994395,3,0.0
2084994405,3,0.0
2084994415,3,0.0
2084994425,3,0.0
2084994435,3,0.0
2084994445,3,0.0
2084994455,3,0.0
2084994465,3,0.0
2084994475,3,0.0
2084994485,3,0.0
2084994495,3,0.0
2084994505,3,0.0
2084994515,3,0.0
2084994525,3,0.0
2084994535,3,0.0
2084994545,3,0.0
2084994555,3,0.0
2084994565,3,0.0
2084994575,3,0.0
2084994585,3,0.0
2084994595,3,0.0
2084994605,3,0.0
2084994615,3,0.0
2084994625,3,0.0
2084994635,3,0.0
2084994645,3,0.0
2084994655,3,0.0
2084994665,3,0.0
2084994675,3,0.0
2084994685,3,0.0
2084994695,3,0.0
2084994705,3,0.0
2084994715,3,0.0
2084994725,3,0.0
2084994735,3,0.0
2084994745,3,0.0
2084994755,3,0.0
2084994765,3,0.0
2084994775,3,0.0
2084994785,3,0.0
2084994795,3,0.0
2084994805,3,0.0
2084994815,3,0.0
2084994825,3,0.0
2084994835,3,0.0
2084994845,3,0.0
2084994855,3,0.0
2084994865,3,0.0
2084994875,3,0.0
2084994885,3,0.0
2084994895,3,0.0
2084994905,3,0.0
2084994915,3,0.0
2084994925,3,0.0
2084994935,3,0.0
2084994945,3,0.0
2084994955,3,0.0
2084994965,3,0.0
2084994975,3,0.0
2084994985,3,0.0
2084994995,3,0.0
2084995005,3,0.0
2084995015,3,0.0
2084995025,3,0.0
2084995035,3,0.0
2084995045,3,0.0
2084995055,3,0.0
2084995065,3,0.0
2084995075,3,0.0
2084995085,3,0.0
2084995095,3,0.0
2084995105,3,0.0
2084995115,3,0.0
2084995125,3,0.0
2084995135,3,0.0
2084995145,3,0.0
2084995155,3,0.0
2084995165,3,0.0
2084995175,3,0.0
2084995185,3,0.0
2084995195,3,0.0
2084995205,3,0.0
2084995215,3,0.0
2084995225,3,0.0
2084995235,3,0.0
2084995245,3,0.0
2084995255,3,0.0
2084995265,3,0.0
2084995275,3,0.0
2084995285,3,0.0
2084995295,3,0.0
2084995305,3,0.0
2084995315,3,0.0
2084995325,3,0.0
2084995335,3,0.0
2084995345,3,0.0
2084995355,3,0.0
2084995365,3,0.0
2084995375,3,0.0
2084995385,3,0.0
2084995395,3,0.0
2084995405,3,0.0
2084995415,3,0.0
2084995425,3,0.0
2084995435,3,0.0
2084995445,3,0.0
2084995455,3,0.0
2084995465,3,0.0
2084995475,3,0.0
2084995485,3,0.0
2084995495,3,0.0
2084995505,3,0.0
2084995515,3,0.0
2084995525,3,0.0
2084995535,3,0.0
2084995545,3,0.0
2084995555,3,0.0
2084995565,3,0.0
2084995575,3,0.0
2084995585,3,0.0
2084995595,3,0.0
2084995605,3,0.0
2084995615,3,0.0
2084995625,3,0.0
2084995635,3,0.0
2084995645,3,0.0
2084995655,3,0.0
2084995665,3,0.0
2084995675,3,0.0
2084995685,3,0.0
2084995695,3,0.0
2084995705,3,0.0
2084995715,3,0.0
2084995725,3,0.0
2084995735,3,0.0
2084995745,3,0.0
2084995755,3,0.0
2084995765,3,0.0
2084995775,3,0.0
2084995785,3,0.0
2084995795,3,0.0
2084995805,3,0.0
2084995815,3,0.0
2084995825,3,0.0
2084995835,3,0.0
2084995845,3,0.0
2084995855,3,0.0
2084995865,3,0.0
2084995875,3,0.0
2084995885,3,0.0
2084995895,3,0.0
2084995905,3,0.0
2084995915,3,0.0
2084995925,3,0.0
2084995935,3,0.0
2084995945,3,0.0
2084995955,3,0.0
2084995965,3,0.0
2084995975,3,0.0
2084995985,3,0.0
2084995995,3,0.0
2084996005,3,0.0
2084996015,3,0.0
2084996025,3,0.0
2084996035,3,0.0
2084996045,3,0.0
2084996055,3,0.0
2084996065,3,0.0
2084996075,3,0.0
2084996085,3,0.0
2084996095,3,0.0
2084996105,3,0.0
2084996115,3,0.0
2084996125,3,0.0
2084996135,3,0.0
2084996145,3,0.0
2084996155,3,0.0
2084996165,3,0.0
2084996175,3,0.0
2084996185,3,0.0
2084996195,3,0.0
2084996205,3,0.0
2084996215,3,0.0
2084996225,3,0.0
2084996235,3,0.0
2084996245,3,0.0
2084996255,3,0.0
2084996265,3,0.0
2084996275,3,0.0
2084996285,3,0.0
2084996295,3,0.0
2084996305,3,0.0
2084996315,3,0.0
2084996325,3,0.0
2084996335,3,0.0
2084996345,3,0.0
2084996355,3,0.0
2084996365,3,0.0
2084996375,3,0.0
2084996385,3,0.0
2084996395,3,0.0
2084996405,3,0.0
2084996415,3,0.0
2084996425,3,0.0
2084996435,3,0.0
2084996445,3,0.0
2084996455,3,0.0
2084996465,3,0.0
2084996475,3,0.0
2084996485,3,0.0
2084996495,3,0.0
2084996505,3,0.0
2084996515,3,0.0
2084996525,3,0.0
2084996535,3,0.0
2084996545,3,0.0
2084996555,3,0.0
2084996565,3,0.0
2084996575,3,0.0
2084996585,3,0.0
2084996595,3,0.0
2084996605,3,0.0
2084996615,3,0.0
2084996625,3,0.0
2084996635,3,0.0
2084996645,3,0.0
2084996655,3,0.0
2084996665,3,0.0
2084996675,3,0.0
2084996685,3,0.0
2084996695,3,0.0
2084996705,3,0.0
2084996715,3,0.0
2084996725,3,0.0
2084996735,3,0.0
2084996745,3,0.0
2084996755,3,0.0
2084996765,3,0.0
2084996775,3,0.0
2084996785,3,0.0
2084996795,3,0.0
2084996805,3,0.0
2084996815,3,0.0
2084996825,3,0.0
2084996835,3,0.0
2084996845,3,0.0
2084996855,3,0.0
2084996865,3,0.0
2084996875,3,0.0
2084996885,3,0.0
2084996895,3,0.0
2084996905,3,0.0
2084996915,3,0.0
2084996925,3,0.0
2084996935,3,0.0
2084996945,3,0.0
2084996955,3,0.0
2084996965,3,0.0
2084996975,3,0.0
2084996985,3,0.0
2084996995,3,0.0
2084997005,3,0.0
2084997015,3,0.0
2084997025,3,0.0
2084997035,3,0.0
2084997045,3,0.0
2084997055,3,0.0
2084997065,3,0.0
2084997075,3,0.0
2084997085,3,0.0
2084997095,3,0.0
2084997105,3,0.0
2084997115,3,0.0
2084997125,3,0.0
2084997135,3,0.0
2084997145,3,0.0
2084997155,3,0.0
2084997165,3,0.0
2084997175,3,0.0
2084997185,3,0.0
2084997195,3,0.0
2084997205,3,0.0
2084997215,3,0.0
2084997225,3,0.0
2084997235,3,0.0
2084997245,3,0.0
2084997255,3,0.0
2084997265,3,0.0
2084997275,3,0.0
2084997285,3,0.0
2084997295,3,0.0
2084997305,3,0.0
2084997315,3,0.0
2084997325,3,0.0
2084997335,3,0.0
2084997345,3,0.0
2084997355,3,0.0
2084997365,3,0.0
2084997375,3,0.0
2084997385,3,0.0
2084997395,3,0.0
2084997405,3,0.0
2084997415,3,0.0
2084997425,3,0.0
2084997435,3,0.0
2084997445,3,0.0
2084997455,3,0.0
2084997465,3,0.0
2084997475,3,0.0
2084997485,3,0.0
2084997495,3,0.0
2084997505,3,0.0
2084997515,3,0.0
2084997525,3,0.0
2084997535,3,0.0
2084997545,3,0.0
2084997555,3,0.0
2084997565,3,0.0
2084997575,3,0.0
2084997585,3,0.0
2084997595,3,0.0
2084997605,3,0.0
2084997615,3,0.0
2084997625,3,0.0
2084997635,3,0.0
2084997645,3,0.0
2084997655,3,0.0
2084997665,3,0.0
2084997675,3,0.0
2084997685,3,0.0
2084997695,3,0.0
2084997705,3,0.0
2084997715,3,0.0
2084997725,3,0.0
2084997735,3,0.0
2084997745,3,0.0
2084997755,3,0.0
2084997765,3,0.0
2084997775,3,0.0
2084997785,3,0.0
2084997795,3,0.0
2084997805,3,0.0
2084997815,3,0.0
2084997825,3,0.0
2084997835,3,0.0
2084997845,3,0.0
2084997855,3,0.0
2084997865,3,0.0
2084997875,3,0.0
2084997885,3,0.0
2084997895,3,0.0
2084997905,3,0.0
2084997915,3,0.0
2084997925,3,0.0
2084997935,3,0.0
2084997945,3,0.0
2084997955,3,0.0
2084997965,3,0.0
2084997975,3,0.0
2084997985,3,0.0
2084997995,3,0.0
2084998005,3,0.0
2084998015,3,0.0
2084998025,3,0.0
2084998035,3,0.0
2084998045,3,0.0
2084998055,3,0.0
2084998065,3,0.0
2084998075,3,0.0
2084998085,3,0.0
2084998095,3,0.0
2084998105,3,0.0
2084998115,3,0.0
2084998125,3,0.0
2084998135,3,0.0
2084998145,3,0.0
2084998155,3,0.0
2084998165,3,0.0
2084998175,3,0.0
2084998185,3,0.0
2084998195,3,0.0
2084998205,3,0.0
2084998215,3,0.0
2084998225,3,0.0
2084998235,3,0.0
2084998245,3,0.0
2084998255,3,0.0
2084998265,3,0.0
2084998275,3,0.0
2084998285,3,0.0
2084998295,3,0.0
2084998305,3,0.0
2084998315,3,0.0
2084998325,3,0.0
2084998335,3,0.0
2084998345,3,0.0
2084998355,3,0.0
2084998365,3,0.0
2084998375,3,0.0
2084998385,3,0.0
2084998395,3,0.0
2084998405,3,0.0
2084998415,3,0.0
2084998425,3,0.0
2084998435,3,0.0
2084998445,3,0.0
2084998455,3,0.0
2084998465,3,0.0
2084998475,3,0.0
2084998485,3,0.0
2084998495,3,0.0
2084998505,3,0.0
2084998515,3,0.0
2084998525,3,0.0
2084998535,3,0.0
2084998545,3,0.0
2084998555,3,0.0
2084998565,3,0.0
2084998575,3,0.0
2084998585,3,0.0
2084998595,3,0.0
2084998605,3,0.0
2084998615,3,0.0
2084998625,3,0.0
2084998635,3,0.0
2084998645,3,0.0
2084998655,3,0.0
2084998665,3,0.0
2084998675,3,0.0
2084998685,3,0.0
2084998695,3,0.0
2084998705,3,0.0
2084998715,3,0.0
2084998725,3,0.0
2084998735,3,0.0
2084998745,3,0.0
2084998755,3,0.0
2084998765,3,0.0
2084998775,3,0.0
2084998785,3,0.0
2084998795,3,0.0
2084998805,3,0.0
2084998815,3,0.0
2084998825,3,0.0
2084998835,3,0.0
2084998845,3,0.0
2084998855,3,0.0
2084998865,3,0.0
2084998875,3,0.0
2084998885,3,0.0
2084998895,3,0.0
2084998905,3,0.0
2084998915,3,0.0
2084998925,3,0.0
2084998935,3,0.0
2084998945,3,0.0
2084998955,3,0.0
2084998965,3,0.0
2084998975,3,0.0
2084998985,3,0.0
2084998995,3,0.0
2084999005,3,0.0
2084999015,3,0.0
2084999025,3,0.0
2084999035,3,0.0
2084999045,3,0.0
2084999055,3,0.0
2084999065,3,0.0
2084999075,3,0.0
2084999085,3,0.0
2084999095,3,0.0
2084999105,3,0.0
2084999115,3,0.0
2084999125,3,0.0
2084999135,3,0.0
2084999145,3,0.0
2084999155,3,0.0
2084999165,3,0.0
2084999175,3,0.0
2084999185,3,0.0
2084999195,3,0.0
2084999205,3,0.0
2084999215,3,0.0
2084999225,3,0.0
2084999235,3,0.0
2084999245,3,0.0
2084999255,3,0.0
2084999265,3,0.0
2084999275,3,0.0
2084999285,3,0.0
2084999295,3,0.0
2084999305,3,0.0
2084999315,3,0.0
2084999325,3,0.0
2084999335,3,0.0
2084999345,3,0.0
2084999355,3,0.0
2084999365,3,0.0
2084999375,3,0.0
2084999385,3,0.0
2084999395,3,0.0
2084999405,3,0.0
2084999415,3,0.0
2084999425,3,0.0
2084999435,3,0.0
2084999445,3,0.0
2084999455,3,0.0
2084999465,3,0.0
2084999475,3,0.0
2084999485,3,0.0
2084999495,3,0.0
2084999505,3,0.0
2084999515,3,0.0
2084999525,3,0.0
2084999535,3,0.0
2084999545,3,0.0
2084999555,3,0.0
2084999565,3,0.0
2084999575,3,0.0
2084999585,3,0.0
2084999595,3,0.0
2084999605,3,0.0
2084999615,3,0.0
2084999625,3,0.0
2084999635,3,0.0
2084999645,3,0.0
2084999655,3,0.0
2084999665,3,0.0
2084999675,3,0.0
2084999685,3,0.0
2084999695,3,0.0
2084999705,3,0.0
2084999715,3,0.0
2084999725,3,0.0
2084999735,3,0.0
2084999745,3,0.0
2084999755,3,0.0
2084999765,3,0.0
2084999775,3,0.0
2084999785,3,0.0
2084999795,3,0.0
2084999805,3,0.0
2084999815,3,0.0
2084999825,3,0.0
2084999835,3,0.0
2084999845,3,0.0
2084999855,3,0.0
2084999865,3,0.0
2084999875,3,0.0
2084999885,3,0.0
2084999895,3,0.0
2084999905,3,0.0
2084999915,3,0.0
2084999925,3,0.0
2084999935,3,0.0
2084999945,3,0.0
2084999955,3,0.0
2084999965,3,0.0
2084999975,3,0.0
2084999985,3,0.0
2084999995,3,0.0
2085000005,3,0.0
2085000015,3,0.0
2085000025,3,0.0
2085000035,3,0.0
2085000045,3,0.0
2085000055,3,0.0
2085000065,3,0.0
2085000075,3,0.0
2085000085,3,0.0
2085000095,3,0.0
2085000105,3,0.0
2085000115,3,0.0
2085000125,3,0.0
2085000135,3,0.0
2085000145,3,0.0
2085000155,3,0.0
2085000165,3,0.0
2085000175,3,0.0
2085000185,3,0.0
2085000195,3,0.0
2085000205,3,0.0
2085000215,3,0.0
2085000225,3,0.0
2085000235,3,0.0
2085000245,3,0.0
2085000255,3,0.0
2085000265,3,0.0
2085000275,3,0.0
2085000285,3,0.0
2085000295,3,0.0
2085000305,3,0.0
2085000315,3,0.0
2085000325,3,0.0
2085000335,3,0.0
2085000345,3,0.0
2085000355,3,0.0
2085000365,3,0.0
2085000375,3,0.0
2085000385,3,0.0
2085000395,3,0.0
2085000405,3,0.0
2085000415,3,0.0
2085000425,3,0.0
2085000435,3,0.0
2085000445,3,0.0
2085000455,3,0.0
2085000465,3,0.0
2085000475,3,0.0
2085000485,3,0.0
2085000495,3,0.0
2085000505,3,0.0
2085000515,3,0.0
2085000525,3,0.0
2085000535,3,0.0
2085000545,3,0.0
2085000555,3,0.0
2085000565,3,0.0
2085000575,3,0.0
2085000585,3,0.0
2085000595,3,0.0
2085000605,3,0.0
2085000615,3,0.0
2085000625,3,0.0
2085000635,3,0.0
2085000645,3,0.0
2085000655,3,0.0
2085000665,3,0.0
2085000675,3,0.0
2085000685,3,0.0
2085000695,3,0.0
2085000705,3,0.0
2085000715,3,0.0
2085000725,3,0.0
2085000735,3,0.0
2085000745,3,0.0
2085000755,3,0.0
2085000765,3,0.0
2085000775,3,0.0
2085000785,3,0.0
2085000795,3,0.0
2085000805,3,0.0
2085000815,3,0.0
2085000825,3,0.0
2085000835,3,0.0
2085000845,3,0.0
2085000855,3,0.0
2085000865,3,0.0
2085000875,3,0.0
2085000885,3,0.0
2085000895,3,0.0
2085000905,3,0.0
2085000915,3,0.0
2085000925,3,0.0
2085000935,3,0.0
2085000945,3,0.0
2085000955,3,0.0
2085000965,3,0.0
2085000975,3,0.0
2085000985,3,0.0
2085000995,3,0.0
2085001005,3,0.0
2085001015,3,0.0
2085001025,3,0.0
2085001035,3,0.0
2085001045,3,0.0
2085001055,3,0.0
2085001065,3,0.0
2085001075,3,0.0
2085001085,3,0.0
2085001095,3,0.0
2085001105,3,0.0
2085001115,3,0.0
2085001125,3,0.0
2085001135,3,0.0
2085001145,3,0.0
2085001155,3,0.0
2085001165,3,0.0
2085001175,3,0.0
2085001185,3,0.0
2085001195,3,0.0
2085001205,3,0.0
2085001215,3,0.0
2085001225,3,0.0
2085001235,3,0.0
2085001245,3,0.0
2085001255,3,0.0
2085001265,3,0.0
2085001275,3,0.0
2085001285,3,0.0
2085001295,3,0.0
2085001305,3,0.0
2085001315,3,0.0
2085001325,3,0.0
2085001335,3,0.0
2085001345,3,0.0
2085001355,3,0.0
2085001365,3,0.0
2085001375,3,0.0
2085001385,3,0.0
2085001395,3,0.0
2085001405,3,0.0
2085001415,3,0.0
2085001425,3,0.0
2085001435,3,0.0
2085001445,3,0.0
2085001455,3,0.0
2085001465,3,0.0
2085001475,3,0.0
2085001485,3,0.0
2085001495,3,0.0
2085001505,3,0.0
2085001515,3,0.0
2085001525,3,0.0
2085001535,3,0.0
2085001545,3,0.0
2085001555,3,0.0
2085001565,3,0.0
2085001575,3,0.0
2085001585,3,0.0
2085001595,3,0.0
2085001605,3,0.0
2085001615,3,0.0
2085001625,3,0.0
2085001635,3,0.0
2085001645,3,0.0
2085001655,3,0.0
2085001665,3,0.0
2085001675,3,0.0
2085001685,3,0.0
2085001695,3,0.0
2085001705,3,0.0
2085001715,3,0.0
2085001725,3,0.0
2085001735,3,0.0
2085001745,3,0.0
2085001755,3,0.0
2085001765,3,0.0
2085001775,3,0.0
2085001785,3,0.0
2085001795,3,0.0
2085001805,3,0.0
2085001815,3,0.0
2085001825,3,0.0
2085001835,3,0.0
2085001845,3,0.0
2085001855,3,0.0
2085001865,3,0.0
2085001875,3,0.0
2085001885,3,0.0
2085001895,3,0.0
2085001905,3,0.0
2085001915,3,0.0
2085001925,3,0.0
2085001935,3,0.0
2085001945,3,0.0
2085001955,3,0.0
2085001965,3,0.0
2085001975,3,0.0
2085001985,3,0.0
2085001995,3,0.0
2085002005,3,0.0
2085002015,3,0.0
2085002025,3,0.0
2085002035,3,0.0
2085002045,3,0.0
2085002055,3,0.0
2085002065,3,0.0
2085002075,3,0.0
2085002085,3,0.0
2085002095,3,0.0
2085002105,3,0.0
2085002115,3,0.0
2085002125,3,0.0
2085002135,3,0.0
2085002145,3,0.0
2085002155,3,0.0
2085002165,3,0.0
2085002175,3,0.0
2085002185,3,0.0
2085002195,3,0.0
2085002205,3,0.0
2085002215,3,0.0
2085002225,3,0.0
2085002235,3,0.0
2085002245,3,0.0
2085002255,3,0.0
2085002265,3,0.0
2085002275,3,0.0
2085002285,3,0.0
2085002295,3,0.0
2085002305,3,0.0
2085002315,3,0.0
2085002325,3,0.0
2085002335,3,0.0
2085002345,3,0.0
2085002355,3,0.0
2085002365,3,0.0
2085002375,3,0.0
2085002385,3,0.0
2085002395,3,0.0
2085002405,3,0.0
2085002415,3,0.0
2085002425,3,0.0
2085002435,3,0.0
2085002445,3,0.0
2085002455,3,0.0
2085002465,3,0.0
2085002475,3,0.0
2085002485,3,0.0
2085002495,3,0.0
2085002505,3,0.0
2085002515,3,0.0
2085002525,3,0.0
2085002535,3,0.0
2085002545,3,0.0
2085002555,3,0.0
2085002565,3,0.0
2085002575,3,0.0
2085002585,3,0.0
2085002595,3,0.0
2085002605,3,0.0
2085002615,3,0.0
2085002625,3,0.0
2085002635,3,0.0
2085002645,3,0.0
2085002655,3,0.0
2085002665,3,0.0
2085002675,3,0.0
2085002685,3,0.0
2085002695,3,0.0
2085002705,3,0.0
2085002715,3,0.0
2085002725,3,0.0
2085002735,3,0.0
2085002745,3,0.0
2085002755,3,0.0
2085002765,3,0.0
2085002775,3,0.0
2085002785,3,0.0
2085002795,3,0.0
2085002805,3,0.0
2085002815,3,0.0
2085002825,3,0.0
2085002835,3,0.0
2085002845,3,0.0
2085002855,3,0.0
2085002865,3,0.0
2085002875,3,0.0
2085002885,3,0.0
2085002895,3,0.0
2085002905,3,0.0
2085002915,3,0.0
2085002925,3,0.0
2085002935,3,0.0
2085002945,3,0.0
2085002955,3,0.0
2085002965,3,0.0
2085002975,3,0.0
2085002985,3,0.0
2085002995,3,0.0
2085003005,3,0.0
2085003015,3,0.0
2085003025,3,0.0
2085003035,3,0.0
2085003045,3,0.0
2085003055,3,0.0
2085003065,3,0.0
2085003075,3,0.0
2085003085,3,0.0
2085003095,3,0.0
2085003105,3,0.0
2085003115,3,0.0
2085003125,3,0.0
2085003135,3,0.0
2085003145,3,0.0
2085003155,3,0.0
2085003165,3,0.0
2085003175,3,0.0
2085003185,3,0.0
2085003195,3,0.0
2085003205,3,0.0
2085003215,3,0.0
2085003225,3,0.0
2085003235,3,0.0
2085003245,3,0.0
2085003255,3,0.0
2085003265,3,0.0
2085003275,3,0.0
2085003285,3,0.0
2085003295,3,0.0
2085003305,3,0.0
2085003315,3,0.0
2085003325,3,0.0
2085003335,3,0.0
2085003345,3,0.0
2085003355,3,0.0
2085003365,3,0.0
2085003375,3,0.0
2085003385,3,0.0
2085003395,3,0.0
2085003405,3,0.0
2085003415,3,0.0
2085003425,3,0.0
2085003435,3,0.0
2085003445,3,0.0
2085003455,3,0.0
2085003465,3,0.0
2085003475,3,0.0
2085003485,3,0.0
2085003495,3,0.0
2085003505,3,0.0
2085003515,3,0.0
2085003525,3,0.0
2085003535,3,0.0
2085003545,3,0.0
2085003555,3,0.0
2085003565,3,0.0
2085003575,3,0.0
2085003585,3,0.0
2085003595,3,0.0
2085003605,3,0.0
2085003615,3,0.0
2085003625,3,0.0
2085003635,3,0.0
2085003645,3,0.0
2085003655,3,0.0
2085003665,3,0.0
2085003675,3,0.0
2085003685,3,0.0
2085003695,3,0.0
2085003705,3,0.0
2085003715,3,0.0
2085003725,3,0.0
2085003735,3,0.0
2085003745,3,0.0
2085003755,3,0.0
2085003765,3,0.0
2085003775,3,0.0
2085003785,3,0.0
2085003795,3,0.0
2085003805,3,0.0
2085003815,3,0.0
2085003825,3,0.0
2085003835,3,0.0
2085003845,3,0.0
2085003855,3,0.0
2085003865,3,0.0
2085003875,3,0.0
2085003885,3,0.0
2085003895,3,0.0
2085003905,3,0.0
2085003915,3,0.0
2085003925,3,0.0
2085003935,3,0.0
2085003945,3,0.0
2085003955,3,0.0
2085003965,3,0.0
2085003975,3,0.0
2085003985,3,0.0
2085003995,3,0.0
2085004005,3,0.0
2085004015,3,0.0
2085004025,3,0.0
2085004035,3,0.0
2085004045,3,0.0
2085004055,3,0.0
2085004065,3,0.0
2085004075,3,0.0
2085004085,3,0.0
2085004095,3,0.0
2085004105,3,0.0
2085004115,3,0.0
2085004125,3,0.0
2085004135,3,0.0
2085004145,3,0.0
2085004155,3,0.0
2085004165,3,0.0
2085004175,3,0.0
2085004185,3,0.0
2085004195,3,0.0
2085004205,3,0.0
2085004215,3,0.0
2085004225,3,0.0
2085004235,3,0.0
2085004245,3,0.0
2085004255,3,0.0
2085004265,3,0.0
2085004275,3,0.0
2085004285,3,0.0
2085004295,3,0.0
2085004305,3,0.0
2085004315,3,0.0
2085004325,3,0.0
2085004335,3,0.0
2085004345,3,0.0
2085004355,3,0.0
2085004365,3,0.0
2085004375,3,0.0
2085004385,3,0.0
2085004395,3,0.0
2085004405,3,0.0
2085004415,3,0.0
2085004425,3,0.0
2085004435,3,0.0
2085004445,3,0.0
2085004455,3,0.0
2085004465,3,0.0
2085004475,3,0.0
2085004485,3,0.0
2085004495,3,0.0
2085004505,3,0.0
2085004515,3,0.0
2085004525,3,0.0
2085004535,3,0.0
2085004545,3,0.0
2085004555,3,0.0
2085004565,3,0.0
2085004575,3,0.0
2085004585,3,0.0
2085004595,3,0.0
2085004605,3,0.0
2085004615,3,0.0
2085004625,3,0.0
2085004635,3,0.0
2085004645,3,0.0
2085004655,3,0.0
2085004665,3,0.0
2085004675,3,0.0
2085004685,3,0.0
2085004695,3,0.0
2085004705,3,0.0
2085004715,3,0.0
2085004725,3,0.0
2085004735,3,0.0
2085004745,3,0.0
2085004755,3,0.0
2085004765,3,0.0
2085004775,3,0.0
2085004785,3,0.0
2085004795,3,0.0
2085004805,3,0.0
2085004815,3,0.0
2085004825,3,0.0
2085004835,3,0.0
2085004845,3,0.0
2085004855,3,0.0
2085004865,3,0.0
2085004875,3,0.0
2085004885,3,0.0
2085004895,3,0.0
2085004905,3,0.0
2085004915,3,0.0
2085004925,3,0.0
2085004935,3,0.0
2085004945,3,0.0
2085004955,3,0.0
2085004965,3,0.0
2085004975,3,0.0
2085004985,3,0.0
2085004995,3,0.0
2085005005,3,0.0
2085005015,3,0.0
2085005025,3,0.0
2085005035,3,0.0
2085005045,3,0.0
2085005055,3,0.0
2085005065,3,0.0
2085005075,3,0.0
2085005085,3,0.0
2085005095,3,0.0
2085005105,3,0.0
2085005115,3,0.0
2085005125,3,0.0
2085005135,3,0.0
2085005145,3,0.0
2085005155,3,0.0
2085005165,3,0.0
2085005175,3,0.0
2085005185,3,0.0
2085005195,3,0.0
2085005205,3,0.0
2085005215,3,0.0
2085005225,3,0.0
2085005235,3,0.0
2085005245,3,0.0
2085005255,3,0.0
2085005265,3,0.0
2085005275,3,0.0
2085005285,3,0.0
2085005295,3,0.0
2085005305,3,0.0
2085005315,3,0.0
2085005325,3,0.0
2085005335,3,0.0
2085005345,3,0.0
2085005355,3,0.0
2085005365,3,0.0
2085005375,3,0.0
2085005385,3,0.0
2085005395,3,0.0
2085005405,3,0.0
2085005415,3,0.0
2085005425,3,0.0
2085005435,3,0.0
2085005445,3,0.0
2085005455,3,0.0
2085005465,3,0.0
2085005475,3,0.0
2085005485,3,0.0
2085005495,3,0.0
2085005505,3,0.0
2085005515,3,0.0
2085005525,3,0.0
2085005535,3,0.0
2085005545,3,0.0
2085005555,3,0.0
2085005565,3,0.0
2085005575,3,0.0
2085005585,3,0.0
2085005595,3,0.0
2085005605,3,0.0
2085005615,3,0.0
2085005625,3,0.0
2085005635,3,0.0
2085005645,3,0.0
2085005655,3,0.0
2085005665,3,0.0
2085005675,3,0.0
2085005685,3,0.0
2085005695,3,0.0
2085005705,3,0.0
2085005715,3,0.0
2085005725,3,0.0
2085005735,3,0.0
2085005745,3,0.0
2085005755,3,0.0
2085005765,3,0.0
2085005775,3,0.0
2085005785,3,0.0
2085005795,3,0.0
2085005805,3,0.0
2085005815,3,0.0
2085005825,3,0.0
2085005835,3,0.0
2085005845,3,0.0
2085005855,3,0.0
2085005865,3,0.0
2085005875,3,0.0
2085005885,3,0.0
2085005895,3,0.0
2085005905,3,0.0
2085005915,3,0.0
2085005925,3,0.0
2085005935,3,0.0
2085005945,3,0.0
2085005955,3,0.0
2085005965,3,0.0
2085005975,3,0.0
2085005985,3,0.0
2085005995,3,0.0
2085006005,3,0.0
2085006015,3,0.0
2085006025,3,0.0
2085006035,3,0.0
2085006045,3,0.0
2085006055,3,0.0
2085006065,3,0.0
2085006075,3,0.0
2085006085,3,0.0
2085006095,3,0.0
2085006105,3,0.0
2085006115,3,0.0
2085006125,3,0.0
2085006135,3,0.0
2085006145,3,0.0
2085006155,3,0.0
2085006165,3,0.0
2085006175,3,0.0
2085006185,3,0.0
2085006195,3,0.0
2085006205,3,0.0
2085006215,3,0.0
2085006225,3,0.0
2085006235,3,0.0
2085006245,3,0.0
2085006255,3,0.0
2085006265,3,0.0
2085006275,3,0.0
2085006285,3,0.0
2085006295,3,0.0
2085006305,3,0.0
2085006315,3,0.0
2085006325,3,0.0
2085006335,3,0.0
2085006345,3,0.0
2085006355,3,0.0
2085006365,3,0.0
2085006375,3,0.0
2085006385,3,0.0
2085006395,3,0.0
2085006405,3,0.0
2085006415,3,0.0
2085006425,3,0.0
2085006435,3,0.0
2085006445,3,0.0
2085006455,3,0.0
2085006465,3,0.0
2085006475,3,0.0
2085006485,3,0.0
2085006495,3,0.0
2085006505,3,0.0
2085006515,3,0.0
2085006525,3,0.0
2085006535,3,0.0
2085006545,3,0.0
2085006555,3,0.0
2085006565,3,0.0
2085006575,3,0.0
2085006585,3,0.0
2085006595,3,0.0
2085006605,3,0.0
2085006615,3,0.0
2085006625,3,0.0
2085006635,3,0.0
2085006645,3,0.0
2085006655,3,0.0
2085006665,3,0.0
2085006675,3,0.0
2085006685,3,0.0
2085006695,3,0.0
2085006705,3,0.0
2085006715,3,0.0
2085006725,3,0.0
2085006735,3,0.0
2085006745,3,0.0
2085006755,3,0.0
2085006765,3,0.0
2085006775,3,0.0
2085006785,3,0.0
2085006795,3,0.0
2085006805,3,0.0
2085006815,3,0.0
2085006825,3,0.0
2085006835,3,0.0
2085006845,3,0.0
2085006855,3,0.0
2085006865,3,0.0
2085006875,3,0.0
2085006885,3,0.0
2085006895,3,0.0
2085006905,3,0.0
2085006915,3,0.0
2085006925,3,0.0
2085006935,3,0.0
2085006945,3,0.0
2085006955,3,0.0
2085006965,3,0.0
2085006975,3,0.0
2085006985,3,0.0
2085006995,3,0.0
2085007005,3,0.0
2085007015,3,0.0
2085007025,3,0.0
2085007035,3,0.0
2085007045,3,0.0
2085007055,3,0.0
2085007065,3,0.0
2085007075,3,0.0
2085007085,3,0.0
2085007095,3,0.0
2085007105,3,0.0
2085007115,3,0.0
2085007125,3,0.0
2085007135,3,0.0
2085007145,3,0.0
2085007155,3,0.0
2085007165,3,0.0
2085007175,3,0.0
2085007185,3,0.0
2085007195,3,0.0
2085007205,3,0.0
2085007215,3,0.0
2085007225,3,0.0
2085007235,3,0.0
2085007245,3,0.0
2085007255,3,0.0
2085007265,3,0.0
2085007275,3,0.0
2085007285,3,0.0
2085007295,3,0.0
2085007305,3,0.0
2085007315,3,0.0
2085007325,3,0.0
2085007335,3,0.0
2085007345,3,0.0
2085007355,3,0.0
2085007365,3,0.0
2085007375,3,0.0
2085007385,3,0.0
2085007395,3,0.0
2085007405,3,0.0
2085007415,3,0.0
2085007425,3,0.0
2085007435,3,0.0
2085007445,3,0.0
2085007455,3,0.0
2085007465,3,0.0
2085007475,3,0.0
2085007485,3,0.0
2085007495,3,0.0
2085007505,3,0.0
2085007515,3,0.0
2085007525,3,0.0
2085007535,3,0.0
2085007545,3,0.0
2085007555,3,0.0
2085007565,3,0.0
2085007575,3,0.0
2085007585,3,0.0
2085007595,3,0.0
2085007605,3,0.0
2085007615,3,0.0
2085007625,3,0.0
2085007635,3,0.0
2085007645,3,0.0
2085007655,3,0.0
2085007665,3,0.0
2085007675,3,0.0
2085007685,3,0.0
2085007695,3,0.0
2085007705,3,0.0
2085007715,3,0.0
2085007725,3,0.0
2085007735,3,0.0
2085007745,3,0.0
2085007755,3,0.0
2085007765,3,0.0
2085007775,3,0.0
2085007785,3,0.0
2085007795,3,0.0
2085007805,3,0.0
2085007815,3,0.0
2085007825,3,0.0
2085007835,3,0.0
2085007845,3,0.0
2085007855,3,0.0
2085007865,3,0.0
2085007875,3,0.0
2085007885,3,0.0
2085007895,3,0.0
2085007905,3,0.0
2085007915,3,0.0
2085007925,3,0.0
2085007935,3,0.0
2085007945,3,0.0
2085007955,3,0.0
2085007965,3,0.0
2085007975,3,0.0
2085007985,3,0.0
2085007995,3,0.0
2085008005,3,0.0
2085008015,3,0.0
2085008025,3,0.0
2085008035,3,0.0
2085008045,3,0.0
2085008055,3,0.0
2085008065,3,0.0
2085008075,3,0.0
2085008085,3,0.0
2085008095,3,0.0
2085008105,3,0.0
2085008115,3,0.0
2085008125,3,0.0
2085008135,3,0.0
2085008145,3,0.0
2085008155,3,0.0
2085008165,3,0.0
2085008175,3,0.0
2085008185,3,0.0
2085008195,3,0.0
2085008205,3,0.0
2085008215,3,0.0
2085008225,3,0.0
2085008235,3,0.0
2085008245,3,0.0
2085008255,3,0.0
2085008265,3,0.0
2085008275,3,0.0
2085008285,3,0.0
2085008295,3,0.0
2085008305,3,0.0
2085008315,3,0.0
2085008325,3,0.0
2085008335,3,0.0
2085008345,3,0.0
2085008355,3,0.0
2085008365,3,0.0
2085008375,3,0.0
2085008385,3,0.0
2085008395,3,0.0
2085008405,3,0.0
2085008415,3,0.0
2085008425,3,0.0
2085008435,3,0.0
2085008445,3,0.0
2085008455,3,0.0
2085008465,3,0.0
2085008475,3,0.0
2085008485,3,0.0
2085008495,3,0.0
2085008505,3,0.0
2085008515,3,0.0
2085008525,3,0.0
2085008535,3,0.0
2085008545,3,0.0
2085008555,3,0.0
2085008565,3,0.0
2085008575,3,0.0
2085008585,3,0.0
2085008595,3,0.0
2085008605,3,0.0
2085008615,3,0.0
2085008625,3,0.0
2085008635,3,0.0
2085008645,3,0.0
2085008655,3,0.0
2085008665,3,0.0
2085008675,3,0.0
2085008685,3,0.0
2085008695,3,0.0
2085008705,3,0.0
2085008715,3,0.0
2085008725,3,0.0
2085008735,3,0.0
2085008745,3,0.0
2085008755,3,0.0
2085008765,3,0.0
2085008775,3,0.0
2085008785,3,0.0
2085008795,3,0.0
2085008805,3,0.0
2085008815,3,0.0
2085008825,3,0.0
2085008835,3,0.0
2085008845,3,0.0
2085008855,3,0.0
2085008865,3,0.0
2085008875,3,0.0
2085008885,3,0.0
2085008895,3,0.0
2085008905,3,0.0
2085008915,3,0.0
2085008925,3,0.0
2085008935,3,0.0
2085008945,3,0.0
2085008955,3,0.0
2085008965,3,0.0
2085008975,3,0.0
2085008985,3,0.0
2085008995,3,0.0
2085009005,3,0.0
2085009015,3,0.0
2085009025,3,0.0
2085009035,3,0.0
2085009045,3,0.0
2085009055,3,0.0
2085009065,3,0.0
2085009075,3,0.0
2085009085,3,0.0
2085009095,3,0.0
2085009105,3,0.0
2085009115,3,0.0
2085009125,3,0.0
2085009135,3,0.0
2085009145,3,0.0
2085009155,3,0.0
2085009165,3,0.0
2085009175,3,0.0
2085009185,3,0.0
2085009195,3,0.0
2085009205,3,0.0
2085009215,3,0.0
2085009225,3,0.0
2085009235,3,0.0
2085009245,3,0.0
2085009255,3,0.0
2085009265,3,0.0
2085009275,3,0.0
2085009285,3,0.0
2085009295,3,0.0
2085009305,3,0.0
2085009315,3,0.0
2085009325,3,0.0
2085009335,3,0.0
2085009345,3,0.0
2085009355,3,0.0
2085009365,3,0.0
2085009375,3,0.0
2085009385,3,0.0
2085009395,3,0.0
2085009405,3,0.0
2085009415,3,0.0
2085009425,3,0.0
2085009435,3,0.0
2085009445,3,0.0
2085009455,3,0.0
2085009465,3,0.0
2085009475,3,0.0
2085009485,3,0.0
2085009495,3,0.0
2085009505,3,0.0
2085009515,3,0.0
2085009525,3,0.0
2085009535,3,0.0
2085009545,3,0.0
2085009555,3,0.0
2085009565,3,0.0
2085009575,3,0.0
2085009585,3,0.0
2085009595,3,0.0
2085009605,3,0.0
2085009615,3,0.0
2085009625,3,0.0
2085009635,3,0.0
2085009645,3,0.0
2085009655,3,0.0
2085009665,3,0.0
2085009675,3,0.0
2085009685,3,0.0
2085009695,3,0.0
2085009705,3,0.0
2085009715,3,0.0
2085009725,3,0.0
2085009735,3,0.0
2085009745,3,0.0
2085009755,3,0.0
2085009765,3,0.0
2085009775,3,0.0
2085009785,3,0.0
2085009795,3,0.0
2085009805,3,0.0
2085009815,3,0.0
2085009825,3,0.0
2085009835,3,0.0
2085009845,3,0.0
2085009855,3,0.0
2085009865,3,0.0
2085009875,3,0.0
2085009885,3,0.0
2085009895,3,0.0
2085009905,3,0.0
2085009915,3,0.0
2085009925,3,0.0
2085009935,3,0.0
2085009945,3,0.0
2085009955,3,0.0
2085009965,3,0.0
2085009975,3,0.0
2085009985,3,0.0
2085009995,3,0.0
2085010005,3,0.0
2085010015,3,0.0
2085010025,3,0.0
2085010035,3,0.0
2085010045,3,0.0
2085010055,3,0.0
2085010065,3,0.0
2085010075,3,0.0
2085010085,3,0.0
2085010095,3,0.0
2085010105,3,0.0
2085010115,3,0.0
2085010125,3,0.0
2085010135,3,0.0
2085010145,3,0.0
2085010155,3,0.0
2085010165,3,0.0
2085010175,3,0.0
2085010185,3,0.0
2085010195,3,0.0
2085010205,3,0.0
2085010215,3,0.0
2085010225,3,0.0
2085010235,3,0.0
2085010245,3,0.0
2085010255,3,0.0
2085010265,3,0.0
2085010275,3,0.0
2085010285,3,0.0
2085010295,3,0.0
2085010305,3,0.0
2085010315,3,0.0
2085010325,3,0.0
2085010335,3,0.0
2085010345,3,0.0
2085010355,3,0.0
2085010365,3,0.0
2085010375,3,0.0
2085010385,3,0.0
2085010395,3,0.0
2085010405,3,0.0
2085010415,3,0.0
2085010425,3,0.0
2085010435,3,0.0
2085010445,3,0.0
2085010455,3,0.0
2085010465,3,0.0
2085010475,3,0.0
2085010485,3,0.0
2085010495,3,0.0
2085010505,3,0.0
2085010515,3,0.0
2085010525,3,0.0
2085010535,3,0.0
2085010545,3,0.0
2085010555,3,0.0
2085010565,3,0.0
2085010575,3,0.0
2085010585,3,0.0
2085010595,3,0.0
2085010605,3,0.0
2085010615,3,0.0
2085010625,3,0.0
2085010635,3,0.0
2085010645,3,0.0
2085010655,3,0.0
2085010665,3,0.0
2085010675,3,0.0
2085010685,3,0.0
2085010695,3,0.0
2085010705,3,0.0
2085010715,3,0.0
2085010725,3,0.0
2085010735,3,0.0
2085010745,3,0.0
2085010755,3,0.0
2085010765,3,0.0
2085010775,3,0.0
2085010785,3,0.0
2085010795,3,0.0
2085010805,3,0.0
2085010815,3,0.0
2085010825,3,0.0
2085010835,3,0.0
2085010845,3,0.0
2085010855,3,0.0
2085010865,3,0.0
2085010875,3,0.0
2085010885,3,0.0
2085010895,3,0.0
2085010905,3,0.0
2085010915,3,0.0
2085010925,3,0.0
2085010935,3,0.0
2085010945,3,0.0
2085010955,3,0.0
2085010965,3,0.0
2085010975,3,0.0
2085010985,3,0.0
2085010995,3,0.0
2085011005,3,0.0
2085011015,3,0.0
2085011025,3,0.0
2085011035,3,0.0
2085011045,3,0.0
2085011055,3,0.0
2085011065,3,0.0
2085011075,3,0.0
2085011085,3,0.0
2085011095,3,0.0
2085011105,3,0.0
2085011115,3,0.0
2085011125,3,0.0
2085011135,3,0.0
2085011145,3,0.0
2085011155,3,0.0
2085011165,3,0.0
2085011175,3,0.0
2085011185,3,0.0
2085011195,3,0.0
2085011205,3,0.0
2085011215,3,0.0
2085011225,3,0.0
2085011235,3,0.0
2085011245,3,0.0
2085011255,3,0.0
2085011265,3,0.0
2085011275,3,0.0
2085011285,3,0.0
2085011295,3,0.0
2085011305,3,0.0
2085011315,3,0.0
2085011325,3,0.0
2085011335,3,0.0
2085011345,3,0.0
2085011355,3,0.0
2085011365,3,0.0
2085011375,3,0.0
2085011385,3,0.0
2085011395,3,0.0
2085011405,3,0.0
2085011415,3,0.0
2085011425,3,0.0
2085011435,3,0.0
2085011445,3,0.0
2085011455,3,0.0
2085011465,3,0.0
2085011475,3,0.0
2085011485,3,0.0
2085011495,3,0.0
2085011505,3,0.0
2085011515,3,0.0
2085011525,3,0.0
2085011535,3,0.0
2085011545,3,0.0
2085011555,3,0.0
2085011565,3,0.0
2085011575,3,0.0
2085011585,3,0.0
2085011595,3,0.0
2085011605,3,0.0
2085011615,3,0.0
2085011625,3,0.0
2085011635,3,0.0
2085011645,3,0.0
2085011655,3,0.0
2085011665,3,0.0
2085011675,3,0.0
2085011685,3,0.0
2085011695,3,0.0
2085011705,3,0.0
2085011715,3,0.0
2085011725,3,0.0
2085011735,3,0.0
2085011745,3,0.0
2085011755,3,0.0
2085011765,3,0.0
2085011775,3,0.0
2085011785,3,0.0
2085011795,3,0.0
2085011805,3,0.0
2085011815,3,0.0
2085011825,3,0.0
2085011835,3,0.0
2085011845,3,0.0
2085011855,3,0.0
2085011865,3,0.0
2085011875,3,0.0
2085011885,3,0.0
2085011895,3,0.0
2085011905,3,0.0
2085011915,3,0.0
2085011925,3,0.0
2085011935,3,0.0
2085011945,3,0.0
2085011955,3,0.0
2085011965,3,0.0
2085011975,3,0.0
2085011985,3,0.0
2085011995,3,0.0
2085012005,3,0.0
2085012015,3,0.0
2085012025,3,0.0
2085012035,3,0.0
2085012045,3,0.0
2085012055,3,0.0
2085012065,3,0.0
2085012075,3,0.0
2085012085,3,0.0
2085012095,3,0.0
2085012105,3,0.0
2085012115,3,0.0
2085012125,3,0.0
2085012135,3,0.0
2085012145,3,0.0
2085012155,3,0.0
2085012165,3,0.0
2085012175,3,0.0
2085012185,3,0.0
2085012195,3,0.0
2085012205,3,0.0
2085012215,3,0.0
2085012225,3,0.0
2085012235,3,0.0
2085012245,3,0.0
2085012255,3,0.0
2085012265,3,0.0
2085012275,3,0.0
2085012285,3,0.0
2085012295,3,0.0
2085012305,3,0.0
2085012315,3,0.0
2085012325,3,0.0
2085012335,3,0.0
2085012345,3,0.0
2085012355,3,0.0
2085012365,3,0.0
2085012375,3,0.0
2085012385,3,0.0
2085012395,3,0.0
2085012405,3,0.0
2085012415,3,0.0
2085012425,3,0.0
2085012435,3,0.0
2085012445,3,0.0
2085012455,3,0.0
2085012465,3,0.0
2085012475,3,0.0
2085012485,3,0.0
2085012495,3,0.0
2085012505,3,0.0
2085012515,3,0.0
2085012525,3,0.0
2085012535,3,0.0
2085012545,3,0.0
2085012555,3,0.0
2085012565,3,0.0
2085012575,3,0.0
2085012585,3,0.0
2085012595,3,0.0
2085012605,3,0.0
2085012615,3,0.0
2085012625,3,0.0
2085012635,3,0.0
2085012645,3,0.0
2085012655,3,0.0
2085012665,3,0.0
2085012675,3,0.0
2085012685,3,0.0
2085012695,3,0.0
2085012705,3,0.0
2085012715,3,0.0
2085012725,3,0.0
2085012735,3,0.0
2085012745,3,0.0
2085012755,3,0.0
2085012765,3,0.0
2085012775,3,0.0
2085012785,3,0.0
2085012795,3,0.0
2085012805,3,0.0
2085012815,3,0.0
2085012825,3,0.0
2085012835,3,0.0
2085012845,3,0.0
2085012855,3,0.0
2085012865,3,0.0
2085012875,3,0.0
2085012885,3,0.0
2085012895,3,0.0
2085012905,3,0.0
2085012915,3,0.0
2085012925,3,0.0
2085012935,3,0.0
2085012945,3,0.0
2085012955,3,0.0
2085012965,3,0.0
2085012975,3,0.0
2085012985,3,0.0
2085012995,3,0.0
2085013005,3,0.0
2085013015,3,0.0
2085013025,3,0.0
2085013035,3,0.0
2085013045,3,0.0
2085013055,3,0.0
2085013065,3,0.0
2085013075,3,0.0
2085013085,3,0.0
2085013095,3,0.0
2085013105,3,0.0
2085013115,3,0.0
2085013125,3,0.0
2085013135,3,0.0
2085013145,3,0.0
2085013155,3,0.0
2085013165,3,0.0
2085013175,3,0.0
2085013185,3,0.0
2085013195,3,0.0
2085013205,3,0.0
2085013215,3,0.0
2085013225,3,0.0
2085013235,3,0.0
2085013245,3,0.0
2085013255,3,0.0
2085013265,3,0.0
2085013275,3,0.0
2085013285,3,0.0
2085013295,3,0.0
2085013305,3,0.0
2085013315,3,0.0
2085013325,3,0.0
2085013335,3,0.0
2085013345,3,0.0
2085013355,3,0.0
2085013365,3,0.0
2085013375,3,0.0
2085013385,3,0.0
2085013395,3,0.0
2085013405,3,0.0
2085013415,3,0.0
2085013425,3,0.0
2085013435,3,0.0
2085013445,3,0.0
2085013455,3,0.0
2085013465,3,0.0
2085013475,3,0.0
2085013485,3,0.0
2085013495,3,0.0
2085013505,3,0.0
2085013515,3,0.0
2085013525,3,0.0
2085013535,3,0.0
2085013545,3,0.0
2085013555,3,0.0
2085013565,3,0.0
2085013575,3,0.0
2085013585,3,0.0
2085013595,3,0.0
2085013605,3,0.0
2085013615,3,0.0
2085013625,3,0.0
2085013635,3,0.0
2085013645,3,0.0
2085013655,3,0.0
2085013665,3,0.0
2085013675,3,0.0
2085013685,3,0.0
2085013695,3,0.0
2085013705,3,0.0
2085013715,3,0.0
2085013725,3,0.0
2085013735,3,0.0
2085013745,3,0.0
2085013755,3,0.0
2085013765,3,0.0
2085013775,3,0.0
2085013785,3,0.0
2085013795,3,0.0
2085013805,3,0.0
2085013815,3,0.0
2085013825,3,0.0
2085013835,3,0.0
2085013845,3,0.0
2085013855,3,0.0
2085013865,3,0.0
2085013875,3,0.0
2085013885,3,0.0
2085013895,3,0.0
2085013905,3,0.0
2085013915,3,0.0
2085013925,3,0.0
2085013935,3,0.0
2085013945,3,0.0
2085013955,3,0.0
2085013965,3,0.0
2085013975,3,0.0
2085013985,3,0.0
2085013995,3,0.0
2085014005,3,0.0
2085014015,3,0.0
2085014025,3,0.0
2085014035,3,0.0
2085014045,3,0.0
2085014055,3,0.0
2085014065,3,0.0
2085014075,3,0.0
2085014085,3,0.0
2085014095,3,0.0
2085014105,3,0.0
2085014115,3,0.0
2085014125,3,0.0
2085014135,3,0.0
2085014145,3,0.0
2085014155,3,0.0
2085014165,3,0.0
2085014175,3,0.0
2085014185,3,0.0
2085014195,3,0.0
2085014205,3,0.0
2085014215,3,0.0
2085014225,3,0.0
2085014235,3,0.0
2085014245,3,0.0
2085014255,3,0.0
2085014265,3,0.0
2085014275,3,0.0
2085014285,3,0.0
2085014295,3,0.0
2085014305,3,0.0
2085014315,3,0.0
2085014325,3,0.0
2085014335,3,0.0
2085014345,3,0.0
2085014355,3,0.0
2085014365,3,0.0
2085014375,3,0.0
2085014385,3,0.0
2085014395,3,0.0
2085014405,3,0.0
2085014415,3,0.0
2085014425,3,0.0
2085014435,3,0.0
2085014445,3,0.0
2085014455,3,0.0
2085014465,3,0.0
2085014475,3,0.0
2085014485,3,0.0
2085014495,3,0.0
2085014505,3,0.0
2085014515,3,0.0
2085014525,3,0.0
2085014535,3,0.0
2085014545,3,0.0
2085014555,3,0.0
2085014565,3,0.0
2085014575,3,0.0
2085014585,3,0.0
2085014595,3,0.0
2085014605,3,0.0
2085014615,3,0.0
2085014625,3,0.0
2085014635,3,0.0
2085014645,3,0.0
2085014655,3,0.0
2085014665,3,0.0
2085014675,3,0.0
2085014685,3,0.0
2085014695,3,0.0
2085014705,3,0.0
2085014715,3,0.0
2085014725,3,0.0
2085014735,3,0.0
2085014745,3,0.0
2085014755,3,0.0
2085014765,3,0.0
2085014775,3,0.0
2085014785,3,0.0
2085014795,3,0.0
2085014805,3,0.0
2085014815,3,0.0
2085014825,3,0.0
2085014835,3,0.0
2085014845,3,0.0
2085014855,3,0.0
2085014865,3,0.0
2085014875,3,0.0
2085014885,3,0.0
2085014895,3,0.0
2085014905,3,0.0
2085014915,3,0.0
2085014925,3,0.0
2085014935,3,0.0
2085014945,3,0.0
2085014955,3,0.0
2085014965,3,0.0
2085014975,3,0.0
2085014985,3,0.0
2085014995,3,0.0
2085015005,3,0.0
2085015015,3,0.0
2085015025,3,0.0
2085015035,3,0.0
2085015045,3,0.0
2085015055,3,0.0
2085015065,3,0.0
2085015075,3,0.0
2085015085,3,0.0
2085015095,3,0.0
2085015105,3,0.0
2085015115,3,0.0
2085015125,3,0.0
2085015135,3,0.0
2085015145,3,0.0
2085015155,3,0.0
2085015165,3,0.0
2085015175,3,0.0
2085015185,3,0.0
2085015195,3,0.0
2085015205,3,0.0
2085015215,3,0.0
2085015225,3,0.0
2085015235,3,0.0
2085015245,3,0.0
2085015255,3,0.0
2085015265,3,0.0
2085015275,3,0.0
2085015285,3,0.0
2085015295,3,0.0
2085015305,3,0.0
2085015315,3,0.0
2085015325,3,0.0
2085015335,3,0.0
2085015345,3,0.0
2085015355,3,0.0
2085015365,3,0.0
2085015375,3,0.0
2085015385,3,0.0
2085015395,3,0.0
2085015405,3,0.0
2085015415,3,0.0
2085015425,3,0.0
2085015435,3,0.0
2085015445,3,0.0
2085015455,3,0.0
2085015465,3,0.0
2085015475,3,0.0
2085015485,3,0.0
2085015495,3,0.0
2085015505,3,0.0
2085015515,3,0.0
2085015525,3,0.0
2085015535,3,0.0
2085015545,3,0.0
2085015555,3,0.0
2085015565,3,0.0
2085015575,3,0.0
2085015585,3,0.0
2085015595,3,0.0
2085015605,3,0.0
2085015615,3,0.0
2085015625,3,0.0
2085015635,3,0.0
2085015645,3,0.0
2085015655,3,0.0
2085015665,3,0.0
2085015675,3,0.0
2085015685,3,0.0
2085015695,3,0.0
2085015705,3,0.0
2085015715,3,0.0
2085015725,3,0.0
2085015735,3,0.0
2085015745,3,0.0
2085015755,3,0.0
2085015765,3,0.0
2085015775,3,0.0
2085015785,3,0.0
2085015795,3,0.0
2085015805,3,0.0
2085015815,3,0.0
2085015825,3,0.0
2085015835,3,0.0
2085015845,3,0.0
2085015855,3,0.0
2085015865,3,0.0
2085015875,3,0.0
2085015885,3,0.0
2085015895,3,0.0
2085015905,3,0.0
2085015915,3,0.0
2085015925,3,0.0
2085015935,3,0.0
2085015945,3,0.0
2085015955,3,0.0
2085015965,3,0.0
2085015975,3,0.0
2085015985,3,0.0
2085015995,3,0.0
2085016005,3,0.0
2085016015,3,0.0
2085016025,3,0.0
2085016035,3,0.0
2085016045,3,0.0
2085016055,3,0.0
2085016065,3,0.0
2085016075,3,0.0
2085016085,3,0.0
2085016095,3,0.0
2085016105,3,0.0
2085016115,3,0.0
2085016125,3,0.0
2085016135,3,0.0
2085016145,3,0.0
2085016155,3,0.0
2085016165,3,0.0
2085016175,3,0.0
2085016185,3,0.0
2085016195,3,0.0
2085016205,3,0.0
2085016215,3,0.0
2085016225,3,0.0
2085016235,3,0.0
2085016245,3,0.0
2085016255,3,0.0
2085016265,3,0.0
2085016275,3,0.0
2085016285,3,0.0
2085016295,3,0.0
2085016305,3,0.0
2085016315,3,0.0
2085016325,3,0.0
2085016335,3,0.0
2085016345,3,0.0
2085016355,3,0.0
2085016365,3,0.0
2085016375,3,0.0
2085016385,3,0.0
2085016395,3,0.0
2085016405,3,0.0
2085016415,3,0.0
2085016425,3,0.0
2085016435,3,0.0
2085016445,3,0.0
2085016455,3,0.0
2085016465,3,0.0
2085016475,3,0.0
2085016485,3,0.0
2085016495,3,0.0
2085016505,3,0.0
2085016515,3,0.0
2085016525,3,0.0
2085016535,3,0.0
2085016545,3,0.0
2085016555,3,0.0
2085016565,3,0.0
2085016575,3,0.0
2085016585,3,0.0
2085016595,3,0.0
2085016605,3,0.0
2085016615,3,0.0
2085016625,3,0.0
2085016635,3,0.0
2085016645,3,0.0
2085016655,3,0.0
2085016665,3,0.0
2085016675,3,0.0
2085016685,3,0.0
2085016695,3,0.0
2085016705,3,0.0
2085016715,3,0.0
2085016725,3,0.0
2085016735,3,0.0
2085016745,3,0.0
2085016755,3,0.0
2085016765,3,0.0
2085016775,3,0.0
2085016785,3,0.0
2085016795,3,0.0
2085016805,3,0.0
2085016815,3,0.0
2085016825,3,0.0
2085016835,3,0.0
2085016845,3,0.0
2085016855,3,0.0
2085016865,3,0.0
2085016875,3,0.0
2085016885,3,0.0
2085016895,3,0.0
2085016905,3,0.0
2085016915,3,0.0
2085016925,3,0.0
2085016935,3,0.0
2085016945,3,0.0
2085016955,3,0.0
2085016965,3,0.0
2085016975,3,0.0
2085016985,3,0.0
2085016995,3,0.0
2085017005,3,0.0
2085017015,3,0.0
2085017025,3,0.0
2085017035,3,0.0
2085017045,3,0.0
2085017055,3,0.0
2085017065,3,0.0
2085017075,3,0.0
2085017085,3,0.0
2085017095,3,0.0
2085017105,3,0.0
2085017115,3,0.0
2085017125,3,0.0
2085017135,3,0.0
2085017145,3,0.0
2085017155,3,0.0
2085017165,3,0.0
2085017175,3,0.0
2085017185,3,0.0
2085017195,3,0.0
2085017205,3,0.0
2085017215,3,0.0
2085017225,3,0.0
2085017235,3,0.0
2085017245,3,0.0
2085017255,3,0.0
2085017265,3,0.0
2085017275,3,0.0
2085017285,3,0.0
2085017295,3,0.0
2085017305,3,0.0
2085017315,3,0.0
2085017325,3,0.0
2085017335,3,0.0
2085017345,3,0.0
2085017355,3,0.0
2085017365,3,0.0
2085017375,3,0.0
2085017385,3,0.0
2085017395,3,0.0
2085017405,3,0.0
2085017415,3,0.0
2085017425,3,0.0
2085017435,3,0.0
2085017445,3,0.0
2085017455,3,0.0
2085017465,3,0.0
2085017475,3,0.0
2085017485,3,0.0
2085017495,3,0.0
2085017505,3,0.0
2085017515,3,0.0
2085017525,3,0.0
2085017535,3,0.0
2085017545,3,0.0
2085017555,3,0.0
2085017565,3,0.0
2085017575,3,0.0
2085017585,3,0.0
2085017595,3,0.0
2085017605,3,0.0
2085017615,3,0.0
2085017625,3,0.0
2085017635,3,0.0
2085017645,3,0.0
2085017655,3,0.0
2085017665,3,0.0
2085017675,3,0.0
2085017685,3,0.0
2085017695,3,0.0
2085017705,3,0.0
2085017715,3,0.0
2085017725,3,0.0
2085017735,3,0.0
2085017745,3,0.0
2085017755,3,0.0
2085017765,3,0.0
2085017775,3,0.0
2085017785,3,0.0
2085017795,3,0.0
2085017805,3,0.0
2085017815,3,0.0
2085017825,3,0.0
2085017835,3,0.0
2085017845,3,0.0
2085017855,3,0.0
2085017865,3,0.0
2085017875,3,0.0
2085017885,3,0.0
2085017895,3,0.0
2085017905,3,0.0
2085017915,3,0.0
2085017925,3,0.0
2085017935,3,0.0
2085017945,3,0.0
2085017955,3,0.0
2085017965,3,0.0
2085017975,3,0.0
2085017985,3,0.0
2085017995,3,0.0
2085018005,3,0.0
2085018015,3,0.0
2085018025,3,0.0
2085018035,3,0.0
2085018045,3,0.0
2085018055,3,0.0
2085018065,3,0.0
2085018075,3,0.0
2085018085,3,0.0
2085018095,3,0.0
2085018105,3,0.0
2085018115,3,0.0
2085018125,3,0.0
2085018135,3,0.0
2085018145,3,0.0
2085018155,3,0.0
2085018165,3,0.0
2085018175,3,0.0
2085018185,3,0.0
2085018195,3,0.0
2085018205,3,0.0
2085018215,3,0.0
2085018225,3,0.0
2085018235,3,0.0
2085018245,3,0.0
2085018255,3,0.0
2085018265,3,0.0
2085018275,3,0.0
2085018285,3,0.0
2085018295,3,0.0
2085018305,3,0.0
2085018315,3,0.0
2085018325,3,0.0
2085018335,3,0.0
2085018345,3,0.0
2085018355,3,0.0
2085018365,3,0.0
2085018375,3,0.0
2085018385,3,0.0
2085018395,3,0.0
2085018405,3,0.0
2085018415,3,0.0
2085018425,3,0.0
2085018435,3,0.0
2085018445,3,0.0
2085018455,3,0.0
2085018465,3,0.0
2085018475,3,0.0
2085018485,3,0.0
2085018495,3,0.0
2085018505,3,0.0
2085018515,3,0.0
2085018525,3,0.0
2085018535,3,0.0
2085018545,3,0.0
2085018555,3,0.0
2085018565,3,0.0
2085018575,3,0.0
2085018585,3,0.0
2085018595,3,0.0
2085018605,3,0.0
2085018615,3,0.0
2085018625,3,0.0
2085018635,3,0.0
2085018645,3,0.0
2085018655,3,0.0
2085018665,3,0.0
2085018675,3,0.0
2085018685,3,0.0
2085018695,3,0.0
2085018705,3,0.0
2085018715,3,0.0
2085018725,3,0.0
2085018735,3,0.0
2085018745,3,0.0
2085018755,3,0.0
2085018765,3,0.0
2085018775,3,0.0
2085018785,3,0.0
2085018795,3,0.0
2085018805,3,0.0
2085018815,3,0.0
2085018825,3,0.0
2085018835,3,0.0
2085018845,3,0.0
2085018855,3,0.0
2085018865,3,0.0
2085018875,3,0.0
2085018885,3,0.0
2085018895,3,0.0
2085018905,3,0.0
2085018915,3,0.0
2085018925,3,0.0
2085018935,3,0.0
2085018945,3,0.0
2085018955,3,0.0
2085018965,3,0.0
2085018975,3,0.0
2085018985,3,0.0
2085018995,3,0.0
2085019005,3,0.0
2085019015,3,0.0
2085019025,3,0.0
2085019035,3,0.0
2085019045,3,0.0
2085019055,3,0.0
2085019065,3,0.0
2085019075,3,0.0
2085019085,3,0.0
2085019095,3,0.0
2085019105,3,0.0
2085019115,3,0.0
2085019125,3,0.0
2085019135,3,0.0
2085019145,3,0.0
2085019155,3,0.0
2085019165,3,0.0
2085019175,3,0.0
2085019185,3,0.0
2085019195,3,0.0
2085019205,3,0.0
2085019215,3,0.0
2085019225,3,0.0
2085019235,3,0.0
2085019245,3,0.0
2085019255,3,0.0
2085019265,3,0.0
2085019275,3,0.0
2085019285,3,0.0
2085019295,3,0.0
2085019305,3,0.0
2085019315,3,0.0
2085019325,3,0.0
2085019335,3,0.0
2085019345,3,0.0
2085019355,3,0.0
2085019365,3,0.0
2085019375,3,0.0
2085019385,3,0.0
2085019395,3,0.0
2085019405,3,0.0
2085019415,3,0.0
2085019425,3,0.0
2085019435,3,0.0
2085019445,3,0.0
2085019455,3,0.0
2085019465,3,0.0
2085019475,3,0.0
2085019485,3,0.0
2085019495,3,0.0
2085019505,3,0.0
2085019515,3,0.0
2085019525,3,0.0
2085019535,3,0.0
2085019545,3,0.0
2085019555,3,0.0
2085019565,3,0.0
2085019575,3,0.0
2085019585,3,0.0
2085019595,3,0.0
2085019605,3,0.0
2085019615,3,0.0
2085019625,3,0.0
2085019635,3,0.0
2085019645,3,0.0
2085019655,3,0.0
2085019665,3,0.0
2085019675,3,0.0
2085019685,3,0.0
2085019695,3,0.0
2085019705,3,0.0
2085019715,3,0.0
2085019725,3,0.0
2085019735,3,0.0
2085019745,3,0.0
2085019755,3,0.0
2085019765,3,0.0
2085019775,3,0.0
2085019785,3,0.0
2085019795,3,0.0
2085019805,3,0.0
2085019815,3,0.0
2085019825,3,0.0
2085019835,3,0.0
2085019845,3,0.0
2085019855,3,0.0
2085019865,3,0.0
2085019875,3,0.0
2085019885,3,0.0
2085019895,3,0.0
2085019905,3,0.0
2085019915,3,0.0
2085019925,3,0.0
2085019935,3,0.0
2085019945,3,0.0
2085019955,3,0.0
2085019965,3,0.0
2085019975,3,0.0
2085019985,3,0.0
2085019995,3,0.0
2085020005,3,0.0
2085020015,3,0.0
2085020025,3,0.0
2085020035,3,0.0
2085020045,3,0.0
2085020055,3,0.0
2085020065,3,0.0
2085020075,3,0.0
2085020085,3,0.0
2085020095,3,0.0
2085020105,3,0.0
2085020115,3,0.0
2085020125,3,0.0
2085020135,3,0.0
2085020145,3,0.0
2085020155,3,0.0
2085020165,3,0.0
2085020175,3,0.0
2085020185,3,0.0
2085020195,3,0.0
2085020205,3,0.0
2085020215,3,0.0
2085020225,3,0.0
2085020235,3,0.0
2085020245,3,0.0
2085020255,3,0.0
2085020265,3,0.0
2085020275,3,0.0
2085020285,3,0.0
2085020295,3,0.0
2085020305,3,0.0
2085020315,3,0.0
2085020325,3,0.0
2085020335,3,0.0
2085020345,3,0.0
2085020355,3,0.0
2085020365,3,0.0
2085020375,3,0.0
2085020385,3,0.0
2085020395,3,0.0
2085020405,3,0.0
2085020415,3,0.0
2085020425,3,0.0
2085020435,3,0.0
2085020445,3,0.0
2085020455,3,0.0
2085020465,3,0.0
2085020475,3,0.0
2085020485,3,0.0
2085020495,3,0.0
2085020505,3,0.0
2085020515,3,0.0
2085020525,3,0.0
2085020535,3,0.0
2085020545,3,0.0
2085020555,3,0.0
2085020565,3,0.0
2085020575,3,0.0
2085020585,3,0.0
2085020595,3,0.0
2085020605,3,0.0
2085020615,3,0.0
2085020625,3,0.0
2085020635,3,0.0
2085020645,3,0.0
2085020655,3,0.0
2085020665,3,0.0
2085020675,3,0.0
2085020685,3,0.0
2085020695,3,0.0
2085020705,3,0.0
2085020715,3,0.0
2085020725,3,0.0
2085020735,3,0.0
2085020745,3,0.0
2085020755,3,0.0
2085020765,3,0.0
2085020775,3,0.0
2085020785,3,0.0
2085020795,3,0.0
2085020805,3,0.0
2085020815,3,0.0
2085020825,3,0.0
2085020835,3,0.0
2085020845,3,0.0
2085020855,3,0.0
2085020865,3,0.0
2085020875,3,0.0
2085020885,3,0.0
2085020895,3,0.0
2085020905,3,0.0
2085020915,3,0.0
2085020925,3,0.0
2085020935,3,0.0
2085020945,3,0.0
2085020955,3,0.0
2085020965,3,0.0
2085020975,3,0.0
2085020985,3,0.0
2085020995,3,0.0
2085021005,3,0.0
2085021015,3,0.0
2085021025,3,0.0
2085021035,3,0.0
2085021045,3,0.0
2085021055,3,0.0
2085021065,3,0.0
2085021075,3,0.0
2085021085,3,0.0
2085021095,3,0.0
2085021105,3,0.0
2085021115,3,0.0
2085021125,3,0.0
2085021135,3,0.0
2085021145,3,0.0
2085021155,3,0.0
2085021165,3,0.0
2085021175,3,0.0
2085021185,3,0.0
2085021195,3,0.0
2085021205,3,0.0
2085021215,3,0.0
2085021225,3,0.0
2085021235,3,0.0
2085021245,3,0.0
2085021255,3,0.0
2085021265,3,0.0
2085021275,3,0.0
2085021285,3,0.0
2085021295,3,0.0
2085021305,3,0.0
2085021315,3,0.0
2085021325,3,0.0
2085021335,3,0.0
2085021345,3,0.0
2085021355,3,0.0
2085021365,3,0.0
2085021375,3,0.0
2085021385,3,0.0
2085021395,3,0.0
2085021405,3,0.0
2085021415,3,0.0
2085021425,3,0.0
2085021435,3,0.0
2085021445,3,0.0
2085021455,3,0.0
2085021465,3,0.0
2085021475,3,0.0
2085021485,3,0.0
2085021495,3,0.0
2085021505,3,0.0
2085021515,3,0.0
2085021525,3,0.0
2085021535,3,0.0
2085021545,3,0.0
2085021555,3,0.0
2085021565,3,0.0
2085021575,3,0.0
2085021585,3,0.0
2085021595,3,0.0
2085021605,3,0.0
2085021615,3,0.0
2085021625,3,0.0
2085021635,3,0.0
2085021645,3,0.0
2085021655,3,0.0
2085021665,3,0.0
2085021675,3,0.0
2085021685,3,0.0
2085021695,3,0.0
2085021705,3,0.0
2085021715,3,0.0
2085021725,3,0.0
2085021735,3,0.0
2085021745,3,0.0
2085021755,3,0.0
2085021765,3,0.0
2085021775,3,0.0
2085021785,3,0.0
2085021795,3,0.0
2085021805,3,0.0
2085021815,3,0.0
2085021825,3,0.0
2085021835,3,0.0
2085021845,3,0.0
2085021855,3,0.0
2085021865,3,0.0
2085021875,3,0.0
2085021885,3,0.0
2085021895,3,0.0
2085021905,3,0.0
2085021915,3,0.0
2085021925,3,0.0
2085021935,3,0.0
2085021945,3,0.0
2085021955,3,0.0
2085021965,3,0.0
2085021975,3,0.0
2085021985,3,0.0
2085021995,3,0.0
2085022005,3,0.0
2085022015,3,0.0
2085022025,3,0.0
2085022035,3,0.0
2085022045,3,0.0
2085022055,3,0.0
2085022065,3,0.0
2085022075,3,0.0
2085022085,3,0.0
2085022095,3,0.0
2085022105,3,0.0
2085022115,3,0.0
2085022125,3,0.0
2085022135,3,0.0
2085022145,3,0.0
2085022155,3,0.0
2085022165,3,0.0
2085022175,3,0.0
2085022185,3,0.0
2085022195,3,0.0
2085022205,3,0.0
2085022215,3,0.0
2085022225,3,0.0
2085022235,3,0.0
2085022245,3,0.0
2085022255,3,0.0
2085022265,3,0.0
2085022275,3,0.0
2085022285,3,0.0
2085022295,3,0.0
2085022305,3,0.0
2085022315,3,0.0
2085022325,3,0.0
2085022335,3,0.0
2085022345,3,0.0
2085022355,3,0.0
2085022365,3,0.0
2085022375,3,0.0
2085022385,3,0.0
2085022395,3,0.0
2085022405,3,0.0
2085022415,3,0.0
2085022425,3,0.0
2085022435,3,0.0
2085022445,3,0.0
2085022455,3,0.0
2085022465,3,0.0
2085022475,3,0.0
2085022485,3,0.0
2085022495,3,0.0
2085022505,3,0.0
2085022515,3,0.0
2085022525,3,0.0
2085022535,3,0.0
2085022545,3,0.0
2085022555,3,0.0
2085022565,3,0.0
2085022575,3,0.0
2085022585,3,0.0
2085022595,3,0.0
2085022605,3,0.0
2085022615,3,0.0
2085022625,3,0.0
2085022635,3,0.0
2085022645,3,0.0
2085022655,3,0.0
2085022665,3,0.0
2085022675,3,0.0
2085022685,3,0.0
2085022695,3,0.0
2085022705,3,0.0
2085022715,3,0.0
2085022725,3,0.0
2085022735,3,0.0
2085022745,3,0.0
2085022755,3,0.0
2085022765,3,0.0
2085022775,3,0.0
2085022785,3,0.0
2085022795,3,0.0
2085022805,3,0.0
2085022815,3,0.0
2085022825,3,0.0
2085022835,3,0.0
2085022845,3,0.0
2085022855,3,0.0
2085022865,3,0.0
2085022875,3,0.0
2085022885,3,0.0
2085022895,3,0.0
2085022905,3,0.0
2085022915,3,0.0
2085022925,3,0.0
2085022935,3,0.0
2085022945,3,0.0
2085022955,3,0.0
2085022965,3,0.0
2085022975,3,0.0
2085022985,3,0.0
2085022995,3,0.0
2085023005,3,0.0
2085023015,3,0.0
2085023025,3,0.0
2085023035,3,0.0
2085023045,3,0.0
2085023055,3,0.0
2085023065,3,0.0
2085023075,3,0.0
2085023085,3,0.0
2085023095,3,0.0
2085023105,3,0.0
2085023115,3,0.0
2085023125,3,0.0
2085023135,3,0.0
2085023145,3,0.0
2085023155,3,0.0
2085023165,3,0.0
2085023175,3,0.0
2085023185,3,0.0
2085023195,3,0.0
2085023205,3,0.0
2085023215,3,0.0
2085023225,3,0.0
2085023235,3,0.0
2085023245,3,0.0
2085023255,3,0.0
2085023265,3,0.0
2085023275,3,0.0
2085023285,3,0.0
2085023295,3,0.0
2085023305,3,0.0
2085023315,3,0.0
2085023325,3,0.0
2085023335,3,0.0
2085023345,3,0.0
2085023355,3,0.0
2085023365,3,0.0
2085023375,3,0.0
2085023385,3,0.0
2085023395,3,0.0
2085023405,3,0.0
2085023415,3,0.0
2085023425,3,0.0
2085023435,3,0.0
2085023445,3,0.0
2085023455,3,0.0
2085023465,3,0.0
2085023475,3,0.0
2085023485,3,0.0
2085023495,3,0.0
2085023505,3,0.0
2085023515,3,0.0
2085023525,3,0.0
2085023535,3,0.0
2085023545,3,0.0
2085023555,3,0.0
2085023565,3,0.0
2085023575,3,0.0
2085023585,3,0.0
2085023595,3,0.0
2085023605,3,0.0
2085023615,3,0.0
2085023625,3,0.0
2085023635,3,0.0
2085023645,3,0.0
2085023655,3,0.0
2085023665,3,0.0
2085023675,3,0.0
2085023685,3,0.0
2085023695,3,0.0
2085023705,3,0.0
2085023715,3,0.0
2085023725,3,0.0
2085023735,3,0.0
2085023745,3,0.0
2085023755,3,0.0
2085023765,3,0.0
2085023775,3,0.0
2085023785,3,0.0
2085023795,3,0.0
2085023805,3,0.0
2085023815,3,0.0
2085023825,3,0.0
2085023835,3,0.0
2085023845,3,0.0
2085023855,3,0.0
2085023865,3,0.0
2085023875,3,0.0
2085023885,3,0.0
2085023895,3,0.0
2085023905,3,0.0
2085023915,3,0.0
2085023925,3,0.0
2085023935,3,0.0
2085023945,3,0.0
2085023955,3,0.0
2085023965,3,0.0
2085023975,3,0.0
2085023985,3,0.0
2085023995,3,0.0
2085024005,3,0.0
2085024015,3,0.0
2085024025,3,0.0
2085024035,3,0.0
2085024045,3,0.0
2085024055,3,0.0
2085024065,3,0.0
2085024075,3,0.0
2085024085,3,0.0
2085024095,3,0.0
2085024105,3,0.0
2085024115,3,0.0
2085024125,3,0.0
2085024135,3,0.0
2085024145,3,0.0
2085024155,3,0.0
2085024165,3,0.0
2085024175,3,0.0
2085024185,3,0.0
2085024195,3,0.0
2085024205,3,0.0
2085024215,3,0.0
2085024225,3,0.0
2085024235,3,0.0
2085024245,3,0.0
2085024255,3,0.0
2085024265,3,0.0
2085024275,3,0.0
2085024285,3,0.0
2085024295,3,0.0
2085024305,3,0.0
2085024315,3,0.0
2085024325,3,0.0
2085024335,3,0.0
2085024345,3,0.0
2085024355,3,0.0
2085024365,3,0.0
2085024375,3,0.0
2085024385,3,0.0
2085024395,3,0.0
2085024405,3,0.0
2085024415,3,0.0
2085024425,3,0.0
2085024435,3,0.0
2085024445,3,0.0
2085024455,3,0.0
2085024465,3,0.0
2085024475,3,0.0
2085024485,3,0.0
2085024495,3,0.0
2085024505,3,0.0
2085024515,3,0.0
2085024525,3,0.0
2085024535,3,0.0
2085024545,3,0.0
2085024555,3,0.0
2085024565,3,0.0
2085024575,3,0.0
2085024585,3,0.0
2085024595,3,0.0
2085024605,3,0.0
2085024615,3,0.0
2085024625,3,0.0
2085024635,3,0.0
2085024645,3,0.0
2085024655,3,0.0
2085024665,3,0.0
2085024675,3,0.0
2085024685,3,0.0
2085024695,3,0.0
2085024705,3,0.0
2085024715,3,0.0
2085024725,3,0.0
2085024735,3,0.0
2085024745,3,0.0
2085024755,3,0.0
2085024765,3,0.0
2085024775,3,0.0
2085024785,3,0.0
2085024795,3,0.0
2085024805,3,0.0
2085024815,3,0.0
2085024825,3,0.0
2085024835,3,0.0
2085024845,3,0.0
2085024855,3,0.0
2085024865,3,0.0
2085024875,3,0.0
2085024885,3,0.0
2085024895,3,0.0
2085024905,3,0.0
2085024915,3,0.0
2085024925,3,0.0
2085024935,3,0.0
2085024945,3,0.0
2085024955,3,0.0
2085024965,3,0.0
2085024975,3,0.0
2085024985,3,0.0
2085024995,3,0.0
2085025005,3,0.0
2085025015,3,0.0
2085025025,3,0.0
2085025035,3,0.0
2085025045,3,0.0
2085025055,3,0.0
2085025065,3,0.0
2085025075,3,0.0
2085025085,3,0.0
2085025095,3,0.0
2085025105,3,0.0
2085025115,3,0.0
2085025125,3,0.0
2085025135,3,0.0
2085025145,3,0.0
2085025155,3,0.0
2085025165,3,0.0
2085025175,3,0.0
2085025185,3,0.0
2085025195,3,0.0
2085025205,3,0.0
2085025215,3,0.0
2085025225,3,0.0
2085025235,3,0.0
2085025245,3,0.0
2085025255,3,0.0
2085025265,3,0.0
2085025275,3,0.0
2085025285,3,0.0
2085025295,3,0.0
2085025305,3,0.0
2085025315,3,0.0
2085025325,3,0.0
2085025335,3,0.0
2085025345,3,0.0
2085025355,3,0.0
2085025365,3,0.0
2085025375,3,0.0
2085025385,3,0.0
2085025395,3,0.0
2085025405,3,0.0
2085025415,3,0.0
2085025425,3,0.0
2085025435,3,0.0
2085025445,3,0.0
2085025455,3,0.0
2085025465,3,0.0
2085025475,3,0.0
2085025485,3,0.0
2085025495,3,0.0
2085025505,3,0.0
2085025515,3,0.0
2085025525,3,0.0
2085025535,3,0.0
2085025545,3,0.0
2085025555,3,0.0
2085025565,3,0.0
2085025575,3,0.0
2085025585,3,0.0
2085025595,3,0.0
2085025605,3,0.0
2085025615,3,0.0
2085025625,3,0.0
2085025635,3,0.0
2085025645,3,0.0
2085025655,3,0.0
2085025665,3,0.0
2085025675,3,0.0
2085025685,3,0.0
2085025695,3,0.0
2085025705,3,0.0
2085025715,3,0.0
2085025725,3,0.0
2085025735,3,0.0
2085025745,3,0.0
2085025755,3,0.0
2085025765,3,0.0
2085025775,3,0.0
2085025785,3,0.0
2085025795,3,0.0
2085025805,3,0.0
2085025815,3,0.0
2085025825,3,0.0
2085025835,3,0.0
2085025845,3,0.0
2085025855,3,0.0
2085025865,3,0.0
2085025875,3,0.0
2085025885,3,0.0
2085025895,3,0.0
2085025905,3,0.0
2085025915,3,0.0
2085025925,3,0.0
2085025935,3,0.0
2085025945,3,0.0
2085025955,3,0.0
2085025965,3,0.0
2085025975,3,0.0
2085025985,3,0.0
2085025995,3,0.0
2085026005,3,0.0
2085026015,3,0.0
2085026025,3,0.0
2085026035,3,0.0
2085026045,3,0.0
2085026055,3,0.0
2085026065,3,0.0
2085026075,3,0.0
2085026085,3,0.0
2085026095,3,0.0
2085026105,3,0.0
2085026115,3,0.0
2085026125,3,0.0
2085026135,3,0.0
2085026145,3,0.0
2085026155,3,0.0
2085026165,3,0.0
2085026175,3,0.0
2085026185,3,0.0
2085026195,3,0.0
2085026205,3,0.0
2085026215,3,0.0
2085026225,3,0.0
2085026235,3,0.0
2085026245,3,0.0
2085026255,3,0.0
2085026265,3,0.0
2085026275,3,0.0
2085026285,3,0.0
2085026295,3,0.0
2085026305,3,0.0
2085026315,3,0.0
2085026325,3,0.0
2085026335,3,0.0
2085026345,3,0.0
2085026355,3,0.0
2085026365,3,0.0
2085026375,3,0.0
2085026385,3,0.0
2085026395,3,0.0
2085026405,3,0.0
2085026415,3,0.0
2085026425,3,0.0
2085026435,3,0.0
2085026445,3,0.0
2085026455,3,0.0
2085026465,3,0.0
2085026475,3,0.0
2085026485,3,0.0
2085026495,3,0.0
2085026505,3,0.0
2085026515,3,0.0
2085026525,3,0.0
2085026535,3,0.0
2085026545,3,0.0
2085026555,3,0.0
2085026565,3,0.0
2085026575,3,0.0
2085026585,3,0.0
2085026595,3,0.0
2085026605,3,0.0
2085026615,3,0.0
2085026625,3,0.0
2085026635,3,0.0
2085026645,3,0.0
2085026655,3,0.0
2085026665,3,0.0
2085026675,3,0.0
2085026685,3,0.0
2085026695,3,0.0
2085026705,3,0.0
2085026715,3,0.0
2085026725,3,0.0
2085026735,3,0.0
2085026745,3,0.0
2085026755,3,0.0
2085026765,3,0.0
2085026775,3,0.0
2085026785,3,0.0
2085026795,3,0.0
2085026805,3,0.0
2085026815,3,0.0
2085026825,3,0.0
2085026835,3,0.0
2085026845,3,0.0
2085026855,3,0.0
2085026865,3,0.0
2085026875,3,0.0
2085026885,3,0.0
2085026895,3,0.0
2085026905,3,0.0
2085026915,3,0.0
2085026925,3,0.0
2085026935,3,0.0
2085026945,3,0.0
2085026955,3,0.0
2085026965,3,0.0
2085026975,3,0.0
2085026985,3,0.0
2085026995,3,0.0
2085027005,3,0.0
2085027015,3,0.0
2085027025,3,0.0
2085027035,3,0.0
2085027045,3,0.0
2085027055,3,0.0
2085027065,3,0.0
2085027075,3,0.0
2085027085,3,0.0
2085027095,3,0.0
2085027105,3,0.0
2085027115,3,0.0
2085027125,3,0.0
2085027135,3,0.0
2085027145,3,0.0
2085027155,3,0.0
2085027165,3,0.0
2085027175,3,0.0
2085027185,3,0.0
2085027195,3,0.0
2085027205,3,0.0
2085027215,3,0.0
2085027225,3,0.0
2085027235,3,0.0
2085027245,3,0.0
2085027255,3,0.0
2085027265,3,0.0
2085027275,3,0.0
2085027285,3,0.0
2085027295,3,0.0
2085027305,3,0.0
2085027315,3,0.0
2085027325,3,0.0
2085027335,3,0.0
2085027345,3,0.0
2085027355,3,0.0
2085027365,3,0.0
2085027375,3,0.0
2085027385,3,0.0
2085027395,3,0.0
2085027405,3,0.0
2085027415,3,0.0
2085027425,3,0.0
2085027435,3,0.0
2085027445,3,0.0
2085027455,3,0.0
2085027465,3,0.0
2085027475,3,0.0
2085027485,3,0.0
2085027495,3,0.0
2085027505,3,0.0
2085027515,3,0.0
2085027525,3,0.0
2085027535,3,0.0
2085027545,3,0.0
2085027555,3,0.0
2085027565,3,0.0
2085027575,3,0.0
2085027585,3,0.0
2085027595,3,0.0
2085027605,3,0.0
2085027615,3,0.0
2085027625,3,0.0
2085027635,3,0.0
2085027645,3,0.0
2085027655,3,0.0
2085027665,3,0.0
2085027675,3,0.0
2085027685,3,0.0
2085027695,3,0.0
2085027705,3,0.0
2085027715,3,0.0
2085027725,3,0.0
2085027735,3,0.0
2085027745,3,0.0
2085027755,3,0.0
2085027765,3,0.0
2085027775,3,0.0
2085027785,3,0.0
2085027795,3,0.0
2085027805,3,0.0
2085027815,3,0.0
2085027825,3,0.0
2085027835,3,0.0
2085027845,3,0.0
2085027855,3,0.0
2085027865,3,0.0
2085027875,3,0.0
2085027885,3,0.0
2085027895,3,0.0
2085027905,3,0.0
2085027915,3,0.0
2085027925,3,0.0
2085027935,3,0.0
2085027945,3,0.0
2085027955,3,0.0
2085027965,3,0.0
2085027975,3,0.0
2085027985,3,0.0
2085027995,3,0.0
2085028005,3,0.0
2085028015,3,0.0
2085028025,3,0.0
2085028035,3,0.0
2085028045,3,0.0
2085028055,3,0.0
2085028065,3,0.0
2085028075,3,0.0
2085028085,3,0.0
2085028095,3,0.0
2085028105,3,0.0
2085028115,3,0.0
2085028125,3,0.0
2085028135,3,0.0
2085028145,3,0.0
2085028155,3,0.0
2085028165,3,0.0
2085028175,3,0.0
2085028185,3,0.0
2085028195,3,0.0
2085028205,3,0.0
2085028215,3,0.0
2085028225,3,0.0
2085028235,3,0.0
2085028245,3,0.0
2085028255,3,0.0
2085028265,3,0.0
2085028275,3,0.0
2085028285,3,0.0
2085028295,3,0.0
2085028305,3,0.0
2085028315,3,0.0
2085028325,3,0.0
2085028335,3,0.0
2085028345,3,0.0
2085028355,3,0.0
2085028365,3,0.0
2085028375,3,0.0
2085028385,3,0.0
2085028395,3,0.0
2085028405,3,0.0
2085028415,3,0.0
2085028425,3,0.0
2085028435,3,0.0
2085028445,3,0.0
2085028455,3,0.0
2085028465,3,0.0
2085028475,3,0.0
2085028485,3,0.0
2085028495,3,0.0
2085028505,3,0.0
2085028515,3,0.0
2085028525,3,0.0
2085028535,3,0.0
2085028545,3,0.0
2085028555,3,0.0
2085028565,3,0.0
2085028575,3,0.0
2085028585,3,0.0
2085028595,3,0.0
2085028605,3,0.0
2085028615,3,0.0
2085028625,3,0.0
2085028635,3,0.0
2085028645,3,0.0
2085028655,3,0.0
2085028665,3,0.0
2085028675,3,0.0
2085028685,3,0.0
2085028695,3,0.0
2085028705,3,0.0
2085028715,3,0.0
2085028725,3,0.0
2085028735,3,0.0
2085028745,3,0.0
2085028755,3,0.0
2085028765,3,0.0
2085028775,3,0.0
2085028785,3,0.0
2085028795,3,0.0
2085028805,3,0.0
2085028815,3,0.0
2085028825,3,0.0
2085028835,3,0.0
2085028845,3,0.0
2085028855,3,0.0
2085028865,3,0.0
2085028875,3,0.0
2085028885,3,0.0
2085028895,3,0.0
2085028905,3,0.0
2085028915,3,0.0
2085028925,3,0.0
2085028935,3,0.0
2085028945,3,0.0
2085028955,3,0.0
2085028965,3,0.0
2085028975,3,0.0
2085028985,3,0.0
2085028995,3,0.0
2085029005,3,0.0
2085029015,3,0.0
2085029025,3,0.0
2085029035,3,0.0
2085029045,3,0.0
2085029055,3,0.0
2085029065,3,0.0
2085029075,3,0.0
2085029085,3,0.0
2085029095,3,0.0
2085029105,3,0.0
2085029115,3,0.0
2085029125,3,0.0
2085029135,3,0.0
2085029145,3,0.0
2085029155,3,0.0
2085029165,3,0.0
2085029175,3,0.0
2085029185,3,0.0
2085029195,3,0.0
2085029205,3,0.0
2085029215,3,0.0
2085029225,3,0.0
2085029235,3,0.0
2085029245,3,0.0
2085029255,3,0.0
2085029265,3,0.0
2085029275,3,0.0
2085029285,3,0.0
2085029295,3,0.0
2085029305,3,0.0
2085029315,3,0.0
2085029325,3,0.0
2085029335,3,0.0
2085029345,3,0.0
2085029355,3,0.0
2085029365,3,0.0
2085029375,3,0.0
2085029385,3,0.0
2085029395,3,0.0
2085029405,3,0.0
2085029415,3,0.0
2085029425,3,0.0
2085029435,3,0.0
2085029445,3,0.0
2085029455,3,0.0
2085029465,3,0.0
2085029475,3,0.0
2085029485,3,0.0
2085029495,3,0.0
2085029505,3,0.0
2085029515,3,0.0
2085029525,3,0.0
2085029535,3,0.0
2085029545,3,0.0
2085029555,3,0.0
2085029565,3,0.0
2085029575,3,0.0
2085029585,3,0.0
2085029595,3,0.0
2085029605,3,0.0
2085029615,3,0.0
2085029625,3,0.0
2085029635,3,0.0
2085029645,3,0.0
2085029655,3,0.0
2085029665,3,0.0
2085029675,3,0.0
2085029685,3,0.0
2085029695,3,0.0
2085029705,3,0.0
2085029715,3,0.0
2085029725,3,0.0
2085029735,3,0.0
2085029745,3,0.0
2085029755,3,0.0
2085029765,3,0.0
2085029775,3,0.0
2085029785,3,0.0
2085029795,3,0.0
2085029805,3,0.0
2085029815,3,0.0
2085029825,3,0.0
2085029835,3,0.0
2085029845,3,0.0
2085029855,3,0.0
2085029865,3,0.0
2085029875,3,0.0
2085029885,3,0.0
2085029895,3,0.0
2085029905,3,0.0
2085029915,3,0.0
2085029925,3,0.0
2085029935,3,0.0
2085029945,3,0.0
2085029955,3,0.0
2085029965,3,0.0
2085029975,3,0.0
2085029985,3,0.0
2085029995,3,0.0
2085030005,3,0.0
2085030015,3,0.0
2085030025,3,0.0
2085030035,3,0.0
2085030045,3,0.0
2085030055,3,0.0
2085030065,3,0.0
2085030075,3,0.0
2085030085,3,0.0
2085030095,3,0.0
2085030105,3,0.0
2085030115,3,0.0
2085030125,3,0.0
2085030135,3,0.0
2085030145,3,0.0
2085030155,3,0.0
2085030165,3,0.0
2085030175,3,0.0
2085030185,3,0.0
2085030195,3,0.0
2085030205,3,0.0
2085030215,3,0.0
2085030225,3,0.0
2085030235,3,0.0
2085030245,3,0.0
2085030255,3,0.0
2085030265,3,0.0
2085030275,3,0.0
2085030285,3,0.0
2085030295,3,0.0
2085030305,3,0.0
2085030315,3,0.0
2085030325,3,0.0
2085030335,3,0.0
2085030345,3,0.0
2085030355,3,0.0
2085030365,3,0.0
2085030375,3,0.0
2085030385,3,0.0
2085030395,3,0.0
2085030405,3,0.0
2085030415,3,0.0
2085030425,3,0.0
2085030435,3,0.0
2085030445,3,0.0
2085030455,3,0.0
2085030465,3,0.0
2085030475,3,0.0
2085030485,3,0.0
2085030495,3,0.0
2085030505,3,0.0
2085030515,3,0.0
2085030525,3,0.0
2085030535,3,0.0
2085030545,3,0.0
2085030555,3,0.0
2085030565,3,0.0
2085030575,3,0.0
2085030585,3,0.0
2085030595,3,0.0
2085030605,3,0.0
2085030615,3,0.0
2085030625,3,0.0
2085030635,3,0.0
2085030645,3,0.0
2085030655,3,0.0
2085030665,3,0.0
2085030675,3,0.0
2085030685,3,0.0
2085030695,3,0.0
2085030705,3,0.0
2085030715,3,0.0
2085030725,3,0.0
2085030735,3,0.0
2085030745,3,0.0
2085030755,3,0.0
2085030765,3,0.0
2085030775,3,0.0
2085030785,3,0.0
2085030795,3,0.0
2085030805,3,0.0
2085030815,3,0.0
2085030825,3,0.0
2085030835,3,0.0
2085030845,3,0.0
2085030855,3,0.0
2085030865,3,0.0
2085030875,3,0.0
2085030885,3,0.0
2085030895,3,0.0
2085030905,3,0.0
2085030915,3,0.0
2085030925,3,0.0
2085030935,3,0.0
2085030945,3,0.0
2085030955,3,0.0
2085030965,3,0.0
2085030975,3,0.0
2085030985,3,0.0
2085030995,3,0.0
2085031005,3,0.0
2085031015,3,0.0
2085031025,3,0.0
2085031035,3,0.0
2085031045,3,0.0
2085031055,3,0.0
2085031065,3,0.0
2085031075,3,0.0
2085031085,3,0.0
2085031095,3,0.0
2085031105,3,0.0
2085031115,3,0.0
2085031125,3,0.0
2085031135,3,0.0
2085031145,3,0.0
2085031155,3,0.0
2085031165,3,0.0
2085031175,3,0.0
2085031185,3,0.0
2085031195,3,0.0
2085031205,3,0.0
2085031215,3,0.0
2085031225,3,0.0
2085031235,3,0.0
2085031245,3,0.0
2085031255,3,0.0
2085031265,3,0.0
2085031275,3,0.0
2085031285,3,0.0
2085031295,3,0.0
2085031305,3,0.0
2085031315,3,0.0
2085031325,3,0.0
2085031335,3,0.0
2085031345,3,0.0
2085031355,3,0.0
2085031365,3,0.0
2085031375,3,0.0
2085031385,3,0.0
2085031395,3,0.0
2085031405,3,0.0
2085031415,3,0.0
2085031425,3,0.0
2085031435,3,0.0
2085031445,3,0.0
2085031455,3,0.0
2085031465,3,0.0
2085031475,3,0.0
2085031485,3,0.0
2085031495,3,0.0
2085031505,3,0.0
2085031515,3,0.0
2085031525,3,0.0
2085031535,3,0.0
2085031545,3,0.0
2085031555,3,0.0
2085031565,3,0.0
2085031575,3,0.0
2085031585,3,0.0
2085031595,3,0.0
2085031605,3,0.0
2085031615,3,0.0
2085031625,3,0.0
2085031635,3,0.0
2085031645,3,0.0
2085031655,3,0.0
2085031665,3,0.0
2085031675,3,0.0
2085031685,3,0.0
2085031695,3,0.0
2085031705,3,0.0
2085031715,3,0.0
2085031725,3,0.0
2085031735,3,0.0
2085031745,3,0.0
2085031755,3,0.0
2085031765,3,0.0
2085031775,3,0.0
2085031785,3,0.0
2085031795,3,0.0
2085031805,3,0.0
2085031815,3,0.0
2085031825,3,0.0
2085031835,3,0.0
2085031845,3,0.0
2085031855,3,0.0
2085031865,3,0.0
2085031875,3,0.0
2085031885,3,0.0
2085031895,3,0.0
2085031905,3,0.0
2085031915,3,0.0
2085031925,3,0.0
2085031935,3,0.0
2085031945,3,0.0
2085031955,3,0.0
2085031965,3,0.0
2085031975,3,0.0
2085031985,3,0.0
2085031995,3,0.0
2085032005,3,0.0
2085032015,3,0.0
2085032025,3,0.0
2085032035,3,0.0
2085032045,3,0.0
2085032055,3,0.0
2085032065,3,0.0
2085032075,3,0.0
2085032085,3,0.0
2085032095,3,0.0
2085032105,3,0.0
2085032115,3,0.0
2085032125,3,0.0
2085032135,3,0.0
2085032145,3,0.0
2085032155,3,0.0
2085032165,3,0.0
2085032175,3,0.0
2085032185,3,0.0
2085032195,3,0.0
2085032205,3,0.0
2085032215,3,0.0
2085032225,3,0.0
2085032235,3,0.0
2085032245,3,0.0
2085032255,3,0.0
2085032265,3,0.0
2085032275,3,0.0
2085032285,3,0.0
2085032295,3,0.0
2085032305,3,0.0
2085032315,3,0.0
2085032325,3,0.0
2085032335,3,0.0
2085032345,3,0.0
2085032355,3,0.0
2085032365,3,0.0
2085032375,3,0.0
2085032385,3,0.0
2085032395,3,0.0
2085032405,3,0.0
2085032415,3,0.0
2085032425,3,0.0
2085032435,3,0.0
2085032445,3,0.0
2085032455,3,0.0
2085032465,3,0.0
2085032475,3,0.0
2085032485,3,0.0
2085032495,3,0.0
2085032505,3,0.0
2085032515,3,0.0
2085032525,3,0.0
2085032535,3,0.0
2085032545,3,0.0
2085032555,3,0.0
2085032565,3,0.0
2085032575,3,0.0
2085032585,3,0.0
2085032595,3,0.0
2085032605,3,0.0
2085032615,3,0.0
2085032625,3,0.0
2085032635,3,0.0
2085032645,3,0.0
2085032655,3,0.0
2085032665,3,0.0
2085032675,3,0.0
2085032685,3,0.0
2085032695,3,0.0
2085032705,3,0.0
2085032715,3,0.0
2085032725,3,0.0
2085032735,3,0.0
2085032745,3,0.0
2085032755,3,0.0
2085032765,3,0.0
2085032775,3,0.0
2085032785,3,0.0
2085032795,3,0.0
2085032805,3,0.0
2085032815,3,0.0
2085032825,3,0.0
2085032835,3,0.0
2085032845,3,0.0
2085032855,3,0.0
2085032865,3,0.0
2085032875,3,0.0
2085032885,3,0.0
2085032895,3,0.0
2085032905,3,0.0
2085032915,3,0.0
2085032925,3,0.0
2085032935,3,0.0
2085032945,3,0.0
2085032955,3,0.0
2085032965,3,0.0
2085032975,3,0.0
2085032985,3,0.0
2085032995,3,0.0
2085033005,3,0.0
2085033015,3,0.0
2085033025,3,0.0
2085033035,3,0.0
2085033045,3,0.0
2085033055,3,0.0
2085033065,3,0.0
2085033075,3,0.0
2085033085,3,0.0
2085033095,3,0.0
2085033105,3,0.0
2085033115,3,0.0
2085033125,3,0.0
2085033135,3,0.0
2085033145,3,0.0
2085033155,3,0.0
2085033165,3,0.0
2085033175,3,0.0
2085033185,3,0.0
2085033195,3,0.0
2085033205,3,0.0
2085033215,3,0.0
2085033225,3,0.0
2085033235,3,0.0
2085033245,3,0.0
2085033255,3,0.0
2085033265,3,0.0
2085033275,3,0.0
2085033285,3,0.0
2085033295,3,0.0
2085033305,3,0.0
2085033315,3,0.0
2085033325,3,0.0
2085033335,3,0.0
2085033345,3,0.0
2085033355,3,0.0
2085033365,3,0.0
2085033375,3,0.0
2085033385,3,0.0
2085033395,3,0.0
2085033405,3,0.0
2085033415,3,0.0
2085033425,3,0.0
2085033435,3,0.0
2085033445,3,0.0
2085033455,3,0.0
2085033465,3,0.0
2085033475,3,0.0
2085033485,3,0.0
2085033495,3,0.0
2085033505,3,0.0
2085033515,3,0.0
2085033525,3,0.0
2085033535,3,0.0
2085033545,3,0.0
2085033555,3,0.0
2085033565,3,0.0
2085033575,3,0.0
2085033585,3,0.0
2085033595,3,0.0
2085033605,3,0.0
2085033615,3,0.0
2085033625,3,0.0
2085033635,3,0.0
2085033645,3,0.0
2085033655,3,0.0
2085033665,3,0.0
2085033675,3,0.0
2085033685,3,0.0
2085033695,3,0.0
2085033705,3,0.0
2085033715,3,0.0
2085033725,3,0.0
2085033735,3,0.0
2085033745,3,0.0
2085033755,3,0.0
2085033765,3,0.0
2085033775,3,0.0
2085033785,3,0.0
2085033795,3,0.0
2085033805,3,0.0
2085033815,3,0.0
2085033825,3,0.0
2085033835,3,0.0
2085033845,3,0.0
2085033855,3,0.0
2085033865,3,0.0
2085033875,3,0.0
2085033885,3,0.0
2085033895,3,0.0
2085033905,3,0.0
2085033915,3,0.0
2085033925,3,0.0
2085033935,3,0.0
2085033945,3,0.0
2085033955,3,0.0
2085033965,3,0.0
2085033975,3,0.0
2085033985,3,0.0
2085033995,3,0.0
2085034005,3,0.0
2085034015,3,0.0
2085034025,3,0.0
2085034035,3,0.0
2085034045,3,0.0
2085034055,3,0.0
2085034065,3,0.0
2085034075,3,0.0
2085034085,3,0.0
2085034095,3,0.0
2085034105,3,0.0
2085034115,3,0.0
2085034125,3,0.0
2085034135,3,0.0
2085034145,3,0.0
2085034155,3,0.0
2085034165,3,0.0
2085034175,3,0.0
2085034185,3,0.0
2085034195,3,0.0
2085034205,3,0.0
2085034215,3,0.0
2085034225,3,0.0
2085034235,3,0.0
2085034245,3,0.0
2085034255,3,0.0
2085034265,3,0.0
2085034275,3,0.0
2085034285,3,0.0
2085034295,3,0.0
2085034305,3,0.0
2085034315,3,0.0
2085034325,3,0.0
2085034335,3,0.0
2085034345,3,0.0
2085034355,3,0.0
2085034365,3,0.0
2085034375,3,0.0
2085034385,3,0.0
2085034395,3,0.0
2085034405,3,0.0
2085034415,3,0.0
2085034425,3,0.0
2085034435,3,0.0
2085034445,3,0.0
2085034455,3,0.0
2085034465,3,0.0
2085034475,3,0.0
2085034485,3,0.0
2085034495,3,0.0
2085034505,3,0.0
2085034515,3,0.0
2085034525,3,0.0
2085034535,3,0.0
2085034545,3,0.0
2085034555,3,0.0
2085034565,3,0.0
2085034575,3,0.0
2085034585,3,0.0
2085034595,3,0.0
2085034605,3,0.0
2085034615,3,0.0
2085034625,3,0.0
2085034635,3,0.0
2085034645,3,0.0
2085034655,3,0.0
2085034665,3,0.0
2085034675,3,0.0
2085034685,3,0.0
2085034695,3,0.0
2085034705,3,0.0
2085034715,3,0.0
2085034725,3,0.0
2085034735,3,0.0
2085034745,3,0.0
2085034755,3,0.0
2085034765,3,0.0
2085034775,3,0.0
2085034785,3,0.0
2085034795,3,0.0
2085034805,3,0.0
2085034815,3,0.0
2085034825,3,0.0
2085034835,3,0.0
2085034845,3,0.0
2085034855,3,0.0
2085034865,3,0.0
2085034875,3,0.0
2085034885,3,0.0
2085034895,3,0.0
2085034905,3,0.0
2085034915,3,0.0
2085034925,3,0.0
2085034935,3,0.0
2085034945,3,0.0
2085034955,3,0.0
2085034965,3,0.0
2085034975,3,0.0
2085034985,3,0.0
2085034995,3,0.0
2085035005,3,0.0
2085035015,3,0.0
2085035025,3,0.0
2085035035,3,0.0
2085035045,3,0.0
2085035055,3,0.0
2085035065,3,0.0
2085035075,3,0.0
2085035085,3,0.0
2085035095,3,0.0
2085035105,3,0.0
2085035115,3,0.0
2085035125,3,0.0
2085035135,3,0.0
2085035145,3,0.0
2085035155,3,0.0
2085035165,3,0.0
2085035175,3,0.0
2085035185,3,0.0
2085035195,3,0.0
2085035205,3,0.0
2085035215,3,0.0
2085035225,3,0.0
2085035235,3,0.0
2085035245,3,0.0
2085035255,3,0.0
2085035265,3,0.0
2085035275,3,0.0
2085035285,3,0.0
2085035295,3,0.0
2085035305,3,0.0
2085035315,3,0.0
2085035325,3,0.0
2085035335,3,0.0
2085035345,3,0.0
2085035355,3,0.0
2085035365,3,0.0
2085035375,3,0.0
2085035385,3,0.0
2085035395,3,0.0
2085035405,3,0.0
2085035415,3,0.0
2085035425,3,0.0
2085035435,3,0.0
2085035445,3,0.0
2085035455,3,0.0
2085035465,3,0.0
2085035475,3,0.0
2085035485,3,0.0
2085035495,3,0.0
2085035505,3,0.0
2085035515,3,0.0
2085035525,3,0.0
2085035535,3,0.0
2085035545,3,0.0
2085035555,3,0.0
2085035565,3,0.0
2085035575,3,0.0
2085035585,3,0.0
2085035595,3,0.0
2085035605,3,0.0
2085035615,3,0.0
2085035625,3,0.0
2085035635,3,0.0
2085035645,3,0.0
2085035655,3,0.0
2085035665,3,0.0
2085035675,3,0.0
2085035685,3,0.0
2085035695,3,0.0
2085035705,3,0.0
2085035715,3,0.0
2085035725,3,0.0
2085035735,3,0.0
2085035745,3,0.0
2085035755,3,0.0
2085035765,3,0.0
2085035775,3,0.0
2085035785,3,0.0
2085035795,3,0.0
2085035805,3,0.0
2085035815,3,0.0
2085035825,3,0.0
2085035835,3,0.0
2085035845,3,0.0
2085035855,3,0.0
2085035865,3,0.0
2085035875,3,0.0
2085035885,3,0.0
2085035895,3,0.0
2085035905,3,0.0
2085035915,3,0.0
2085035925,3,0.0
2085035935,3,0.0
2085035945,3,0.0
2085035955,3,0.0
2085035965,3,0.0
2085035975,3,0.0
2085035985,3,0.0
2085035995,3,0.0
2085036005,3,0.0
2085036015,3,0.0
2085036025,3,0.0
2085036035,3,0.0
2085036045,3,0.0
2085036055,3,0.0
2085036065,3,0.0
2085036075,3,0.0
2085036085,3,0.0
2085036095,3,0.0
2085036105,3,0.0
2085036115,3,0.0
2085036125,3,0.0
2085036135,3,0.0
2085036145,3,0.0
2085036155,3,0.0
2085036165,3,0.0
2085036175,3,0.0
2085036185,3,0.0
2085036195,3,0.0
2085036205,3,0.0
2085036215,3,0.0
2085036225,3,0.0
2085036235,3,0.0
2085036245,3,0.0
2085036255,3,0.0
2085036265,3,0.0
2085036275,3,0.0
2085036285,3,0.0
2085036295,3,0.0
2085036305,3,0.0
2085036315,3,0.0
2085036325,3,0.0
2085036335,3,0.0
2085036345,3,0.0
2085036355,3,0.0
2085036365,3,0.0
2085036375,3,0.0
2085036385,3,0.0
2085036395,3,0.0
2085036405,3,0.0
2085036415,3,0.0
2085036425,3,0.0
2085036435,3,0.0
2085036445,3,0.0
2085036455,3,0.0
2085036465,3,0.0
2085036475,3,0.0
2085036485,3,0.0
2085036495,3,0.0
2085036505,3,0.0
2085036515,3,0.0
2085036525,3,0.0
2085036535,3,0.0
2085036545,3,0.0
2085036555,3,0.0
2085036565,3,0.0
2085036575,3,0.0
2085036585,3,0.0
2085036595,3,0.0
2085036605,3,0.0
2085036615,3,0.0
2085036625,3,0.0
2085036635,3,0.0
2085036645,3,0.0
2085036655,3,0.0
2085036665,3,0.0
2085036675,3,0.0
2085036685,3,0.0
2085036695,3,0.0
2085036705,3,0.0
2085036715,3,0.0
2085036725,3,0.0
2085036735,3,0.0
2085036745,3,0.0
2085036755,3,0.0
2085036765,3,0.0
2085036775,3,0.0
2085036785,3,0.0
2085036795,3,0.0
2085036805,3,0.0
2085036815,3,0.0
2085036825,3,0.0
2085036835,3,0.0
2085036845,3,0.0
2085036855,3,0.0
2085036865,3,0.0
2085036875,3,0.0
2085036885,3,0.0
2085036895,3,0.0
2085036905,3,0.0
2085036915,3,0.0
2085036925,3,0.0
2085036935,3,0.0
2085036945,3,0.0
2085036955,3,0.0
2085036965,3,0.0
2085036975,3,0.0
2085036985,3,0.0
2085036995,3,0.0
2085037005,3,0.0
2085037015,3,0.0
2085037025,3,0.0
2085037035,3,0.0
2085037045,3,0.0
2085037055,3,0.0
2085037065,3,0.0
2085037075,3,0.0
2085037085,3,0.0
2085037095,3,0.0
2085037105,3,0.0
2085037115,3,0.0
2085037125,3,0.0
2085037135,3,0.0
2085037145,3,0.0
2085037155,3,0.0
2085037165,3,0.0
2085037175,3,0.0
2085037185,3,0.0
2085037195,3,0.0
2085037205,3,0.0
2085037215,3,0.0
2085037225,3,0.0
2085037235,3,0.0
2085037245,3,0.0
2085037255,3,0.0
2085037265,3,0.0
2085037275,3,0.0
2085037285,3,0.0
2085037295,3,0.0
2085037305,3,0.0
2085037315,3,0.0
2085037325,3,0.0
2085037335,3,0.0
2085037345,3,0.0
2085037355,3,0.0
2085037365,3,0.0
2085037375,3,0.0
2085037385,3,0.0
2085037395,3,0.0
2085037405,3,0.0
2085037415,3,0.0
2085037425,3,0.0
2085037435,3,0.0
2085037445,3,0.0
2085037455,3,0.0
2085037465,3,0.0
2085037475,3,0.0
2085037485,3,0.0
2085037495,3,0.0
2085037505,3,0.0
2085037515,3,0.0
2085037525,3,0.0
2085037535,3,0.0
2085037545,3,0.0
2085037555,3,0.0
2085037565,3,0.0
2085037575,3,0.0
2085037585,3,0.0
2085037595,3,0.0
2085037605,3,0.0
2085037615,3,0.0
2085037625,3,0.0
2085037635,3,0.0
2085037645,3,0.0
2085037655,3,0.0
2085037665,3,0.0
2085037675,3,0.0
2085037685,3,0.0
2085037695,3,0.0
2085037705,3,0.0
2085037715,3,0.0
2085037725,3,0.0
2085037735,3,0.0
2085037745,3,0.0
2085037755,3,0.0
2085037765,3,0.0
2085037775,3,0.0
2085037785,3,0.0
2085037795,3,0.0
2085037805,3,0.0
2085037815,3,0.0
2085037825,3,0.0
2085037835,3,0.0
2085037845,3,0.0
2085037855,3,0.0
2085037865,3,0.0
2085037875,3,0.0
2085037885,3,0.0
2085037895,3,0.0
2085037905,3,0.0
2085037915,3,0.0
2085037925,3,0.0
2085037935,3,0.0
2085037945,3,0.0
2085037955,3,0.0
2085037965,3,0.0
2085037975,3,0.0
2085037985,3,0.0
2085037995,3,0.0
2085038005,3,0.0
2085038015,3,0.0
2085038025,3,0.0
2085038035,3,0.0
2085038045,3,0.0
2085038055,3,0.0
2085038065,3,0.0
2085038075,3,0.0
2085038085,3,0.0
2085038095,3,0.0
2085038105,3,0.0
2085038115,3,0.0
2085038125,3,0.0
2085038135,3,0.0
2085038145,3,0.0
2085038155,3,0.0
2085038165,3,0.0
2085038175,3,0.0
2085038185,3,0.0
2085038195,3,0.0
2085038205,3,0.0
2085038215,3,0.0
2085038225,3,0.0
2085038235,3,0.0
2085038245,3,0.0
2085038255,3,0.0
2085038265,3,0.0
2085038275,3,0.0
2085038285,3,0.0
2085038295,3,0.0
2085038305,3,0.0
2085038315,3,0.0
2085038325,3,0.0
2085038335,3,0.0
2085038345,3,0.0
2085038355,3,0.0
2085038365,3,0.0
2085038375,3,0.0
2085038385,3,0.0
2085038395,3,0.0
2085038405,3,0.0
2085038415,3,0.0
2085038425,3,0.0
2085038435,3,0.0
2085038445,3,0.0
2085038455,3,0.0
2085038465,3,0.0
2085038475,3,0.0
2085038485,3,0.0
2085038495,3,0.0
2085038505,3,0.0
2085038515,3,0.0
2085038525,3,0.0
2085038535,3,0.0
2085038545,3,0.0
2085038555,3,0.0
2085038565,3,0.0
2085038575,3,0.0
2085038585,3,0.0
2085038595,3,0.0
2085038605,3,0.0
2085038615,3,0.0
2085038625,3,0.0
2085038635,3,0.0
2085038645,3,0.0
2085038655,3,0.0
2085038665,3,0.0
2085038675,3,0.0
2085038685,3,0.0
2085038695,3,0.0
2085038705,3,0.0
2085038715,3,0.0
2085038725,3,0.0
2085038735,3,0.0
2085038745,3,0.0
2085038755,3,0.0
2085038765,3,0.0
2085038775,3,0.0
2085038785,3,0.0
2085038795,3,0.0
2085038805,3,0.0
2085038815,3,0.0
2085038825,3,0.0
2085038835,3,0.0
2085038845,3,0.0
2085038855,3,0.0
2085038865,3,0.0
2085038875,3,0.0
2085038885,3,0.0
2085038895,3,0.0
2085038905,3,0.0
2085038915,3,0.0
2085038925,3,0.0
2085038935,3,0.0
2085038945,3,0.0
2085038955,3,0.0
2085038965,3,0.0
2085038975,3,0.0
2085038985,3,0.0
2085038995,3,0.0
2085039005,3,0.0
2085039015,3,0.0
2085039025,3,0.0
2085039035,3,0.0
2085039045,3,0.0
2085039055,3,0.0
2085039065,3,0.0
2085039075,3,0.0
2085039085,3,0.0
2085039095,3,0.0
2085039105,3,0.0
2085039115,3,0.0
2085039125,3,0.0
2085039135,3,0.0
2085039145,3,0.0
2085039155,3,0.0
2085039165,3,0.0
2085039175,3,0.0
2085039185,3,0.0
2085039195,3,0.0
2085039205,3,0.0
2085039215,3,0.0
2085039225,3,0.0
2085039235,3,0.0
2085039245,3,0.0
2085039255,3,0.0
2085039265,3,0.0
2085039275,3,0.0
2085039285,3,0.0
2085039295,3,0.0
2085039305,3,0.0
2085039315,3,0.0
2085039325,3,0.0
2085039335,3,0.0
2085039345,3,0.0
2085039355,3,0.0
2085039365,3,0.0
2085039375,3,0.0
2085039385,3,0.0
2085039395,3,0.0
2085039405,3,0.0
2085039415,3,0.0
2085039425,3,0.0
2085039435,3,0.0
2085039445,3,0.0
2085039455,3,0.0
2085039465,3,0.0
2085039475,3,0.0
2085039485,3,0.0
2085039495,3,0.0
2085039505,3,0.0
2085039515,3,0.0
2085039525,3,0.0
2085039535,3,0.0
2085039545,3,0.0
2085039555,3,0.0
2085039565,3,0.0
2085039575,3,0.0
2085039585,3,0.0
2085039595,3,0.0
2085039605,3,0.0
2085039615,3,0.0
2085039625,3,0.0
2085039635,3,0.0
2085039645,3,0.0
2085039655,3,0.0
2085039665,3,0.0
2085039675,3,0.0
2085039685,3,0.0
2085039695,3,0.0
2085039705,3,0.0
2085039715,3,0.0
2085039725,3,0.0
2085039735,3,0.0
2085039745,3,0.0
2085039755,3,0.0
2085039765,3,0.0
2085039775,3,0.0
2085039785,3,0.0
2085039795,3,0.0
2085039805,3,0.0
2085039815,3,0.0
2085039825,3,0.0
2085039835,3,0.0
2085039845,3,0.0
2085039855,3,0.0
2085039865,3,0.0
2085039875,3,0.0
2085039885,3,0.0
2085039895,3,0.0
2085039905,3,0.0
2085039915,3,0.0
2085039925,3,0.0
2085039935,3,0.0
2085039945,3,0.0
2085039955,3,0.0
2085039965,3,0.0
2085039975,3,0.0
2085039985,3,0.0
2085039995,3,0.0
2085040005,3,0.0
2085040015,3,0.0
2085040025,3,0.0
2085040035,3,0.0
2085040045,3,0.0
2085040055,3,0.0
2085040065,3,0.0
2085040075,3,0.0
2085040085,3,0.0
2085040095,3,0.0
2085040105,3,0.0
2085040115,3,0.0
2085040125,3,0.0
2085040135,3,0.0
2085040145,3,0.0
2085040155,3,0.0
2085040165,3,0.0
2085040175,3,0.0
2085040185,3,0.0
2085040195,3,0.0
2085040205,3,0.0
2085040215,3,0.0
2085040225,3,0.0
2085040235,3,0.0
2085040245,3,0.0
2085040255,3,0.0
2085040265,3,0.0
2085040275,3,0.0
2085040285,3,0.0
2085040295,3,0.0
2085040305,3,0.0
2085040315,3,0.0
2085040325,3,0.0
2085040335,3,0.0
2085040345,3,0.0
2085040355,3,0.0
2085040365,3,0.0
2085040375,3,0.0
2085040385,3,0.0
2085040395,3,0.0
2085040405,3,0.0
2085040415,3,0.0
2085040425,3,0.0
2085040435,3,0.0
2085040445,3,0.0
2085040455,3,0.0
2085040465,3,0.0
2085040475,3,0.0
2085040485,3,0.0
2085040495,3,0.0
2085040505,3,0.0
2085040515,3,0.0
2085040525,3,0.0
2085040535,3,0.0
2085040545,3,0.0
2085040555,3,0.0
2085040565,3,0.0
2085040575,3,0.0
2085040585,3,0.0
2085040595,3,0.0
2085040605,3,0.0
2085040615,3,0.0
2085040625,3,0.0
2085040635,3,0.0
2085040645,3,0.0
2085040655,3,0.0
2085040665,3,0.0
2085040675,3,0.0
2085040685,3,0.0
2085040695,3,0.0
2085040705,3,0.0
2085040715,3,0.0
2085040725,3,0.0
2085040735,3,0.0
2085040745,3,0.0
2085040755,3,0.0
2085040765,3,0.0
2085040775,3,0.0
2085040785,3,0.0
2085040795,3,0.0
2085040805,3,0.0
2085040815,3,0.0
2085040825,3,0.0
2085040835,3,0.0
2085040845,3,0.0
2085040855,3,0.0
2085040865,3,0.0
2085040875,3,0.0
2085040885,3,0.0
2085040895,3,0.0
2085040905,3,0.0
2085040915,3,0.0
2085040925,3,0.0
2085040935,3,0.0
2085040945,3,0.0
2085040955,3,0.0
2085040965,3,0.0
2085040975,3,0.0
2085040985,3,0.0
2085040995,3,0.0
2085041005,3,0.0
2085041015,3,0.0
2085041025,3,0.0
2085041035,3,0.0
2085041045,3,0.0
2085041055,3,0.0
2085041065,3,0.0
2085041075,3,0.0
2085041085,3,0.0
2085041095,3,0.0
2085041105,3,0.0
2085041115,3,0.0
2085041125,3,0.0
2085041135,3,0.0
2085041145,3,0.0
2085041155,3,0.0
2085041165,3,0.0
2085041175,3,0.0
2085041185,3,0.0
2085041195,3,0.0
2085041205,3,0.0
2085041215,3,0.0
2085041225,3,0.0
2085041235,3,0.0
2085041245,3,0.0
2085041255,3,0.0
2085041265,3,0.0
2085041275,3,0.0
2085041285,3,0.0
2085041295,3,0.0
2085041305,3,0.0
2085041315,3,0.0
2085041325,3,0.0
2085041335,3,0.0
2085041345,3,0.0
2085041355,3,0.0
2085041365,3,0.0
2085041375,3,0.0
2085041385,3,0.0
2085041395,3,0.0
2085041405,3,0.0
2085041415,3,0.0
2085041425,3,0.0
2085041435,3,0.0
2085041445,3,0.0
2085041455,3,0.0
2085041465,3,0.0
2085041475,3,0.0
2085041485,3,0.0
2085041495,3,0.0
2085041505,3,0.0
2085041515,3,0.0
2085041525,3,0.0
2085041535,3,0.0
2085041545,3,0.0
2085041555,3,0.0
2085041565,3,0.0
2085041575,3,0.0
2085041585,3,0.0
2085041595,3,0.0
2085041605,3,0.0
2085041615,3,0.0
2085041625,3,0.0
2085041635,3,0.0
2085041645,3,0.0
2085041655,3,0.0
2085041665,3,0.0
2085041675,3,0.0
2085041685,3,0.0
2085041695,3,0.0
2085041705,3,0.0
2085041715,3,0.0
2085041725,3,0.0
2085041735,3,0.0
2085041745,3,0.0
2085041755,3,0.0
2085041765,3,0.0
2085041775,3,0.0
2085041785,3,0.0
2085041795,3,0.0
2085041805,3,0.0
2085041815,3,0.0
2085041825,3,0.0
2085041835,3,0.0
2085041845,3,0.0
2085041855,3,0.0
2085041865,3,0.0
2085041875,3,0.0
2085041885,3,0.0
2085041895,3,0.0
2085041905,3,0.0
2085041915,3,0.0
2085041925,3,0.0
2085041935,3,0.0
2085041945,3,0.0
2085041955,3,0.0
2085041965,3,0.0
2085041975,3,0.0
2085041985,3,0.0
2085041995,3,0.0
2085042005,3,0.0
2085042015,3,0.0
2085042025,3,0.0
2085042035,3,0.0
2085042045,3,0.0
2085042055,3,0.0
2085042065,3,0.0
2085042075,3,0.0
2085042085,3,0.0
2085042095,3,0.0
2085042105,3,0.0
2085042115,3,0.0
2085042125,3,0.0
2085042135,3,0.0
2085042145,3,0.0
2085042155,3,0.0
2085042165,3,0.0
2085042175,3,0.0
2085042185,3,0.0
2085042195,3,0.0
2085042205,3,0.0
2085042215,3,0.0
2085042225,3,0.0
2085042235,3,0.0
2085042245,3,0.0
2085042255,3,0.0
2085042265,3,0.0
2085042275,3,0.0
2085042285,3,0.0
2085042295,3,0.0
2085042305,3,0.0
2085042315,3,0.0
2085042325,3,0.0
2085042335,3,0.0
2085042345,3,0.0
2085042355,3,0.0
2085042365,3,0.0
2085042375,3,0.0
2085042385,3,0.0
2085042395,3,0.0
2085042405,3,0.0
2085042415,3,0.0
2085042425,3,0.0
2085042435,3,0.0
2085042445,3,0.0
2085042455,3,0.0
2085042465,3,0.0
2085042475,3,0.0
2085042485,3,0.0
2085042495,3,0.0
2085042505,3,0.0
2085042515,3,0.0
2085042525,3,0.0
2085042535,3,0.0
2085042545,3,0.0
2085042555,3,0.0
2085042565,3,0.0
2085042575,3,0.0
2085042585,3,0.0
2085042595,3,0.0
2085042605,3,0.0
2085042615,3,0.0
2085042625,3,0.0
2085042635,3,0.0
2085042645,3,0.0
2085042655,3,0.0
2085042665,3,0.0
2085042675,3,0.0
2085042685,3,0.0
2085042695,3,0.0
2085042705,3,0.0
2085042715,3,0.0
2085042725,3,0.0
2085042735,3,0.0
2085042745,3,0.0
2085042755,3,0.0
2085042765,3,0.0
2085042775,3,0.0
2085042785,3,0.0
2085042795,3,0.0
2085042805,3,0.0
2085042815,3,0.0
2085042825,3,0.0
2085042835,3,0.0
2085042845,3,0.0
2085042855,3,0.0
2085042865,3,0.0
2085042875,3,0.0
2085042885,3,0.0
2085042895,3,0.0
2085042905,3,0.0
2085042915,3,0.0
2085042925,3,0.0
2085042935,3,0.0
2085042945,3,0.0
2085042955,3,0.0
2085042965,3,0.0
2085042975,3,0.0
2085042985,3,0.0
2085042995,3,0.0
2085043005,3,0.0
2085043015,3,0.0
2085043025,3,0.0
2085043035,3,0.0
2085043045,3,0.0
2085043055,3,0.0
2085043065,3,0.0
2085043075,3,0.0
2085043085,3,0.0
2085043095,3,0.0
2085043105,3,0.0
2085043115,3,0.0
2085043125,3,0.0
2085043135,3,0.0
2085043145,3,0.0
2085043155,3,0.0
2085043165,3,0.0
2085043175,3,0.0
2085043185,3,0.0
2085043195,3,0.0
2085043205,3,0.0
2085043215,3,0.0
2085043225,3,0.0
2085043235,3,0.0
2085043245,3,0.0
2085043255,3,0.0
2085043265,3,0.0
2085043275,3,0.0
2085043285,3,0.0
2085043295,3,0.0
2085043305,3,0.0
2085043315,3,0.0
2085043325,3,0.0
2085043335,3,0.0
2085043345,3,0.0
2085043355,3,0.0
2085043365,3,0.0
2085043375,3,0.0
2085043385,3,0.0
2085043395,3,0.0
2085043405,3,0.0
2085043415,3,0.0
2085043425,3,0.0
2085043435,3,0.0
2085043445,3,0.0
2085043455,3,0.0
2085043465,3,0.0
2085043475,3,0.0
2085043485,3,0.0
2085043495,3,0.0
2085043505,3,0.0
2085043515,3,0.0
2085043525,3,0.0
2085043535,3,0.0
2085043545,3,0.0
2085043555,3,0.0
2085043565,3,0.0
2085043575,3,0.0
2085043585,3,0.0
2085043595,3,0.0
2085043605,3,0.0
2085043615,3,0.0
2085043625,3,0.0
2085043635,3,0.0
2085043645,3,0.0
2085043655,3,0.0
2085043665,3,0.0
2085043675,3,0.0
2085043685,3,0.0
2085043695,3,0.0
2085043705,3,0.0
2085043715,3,0.0
2085043725,3,0.0
2085043735,3,0.0
2085043745,3,0.0
2085043755,3,0.0
2085043765,3,0.0
2085043775,3,0.0
2085043785,3,0.0
2085043795,3,0.0
2085043805,3,0.0
2085043815,3,0.0
2085043825,3,0.0
2085043835,3,0.0
2085043845,3,0.0
2085043855,3,0.0
2085043865,3,0.0
2085043875,3,0.0
2085043885,3,0.0
2085043895,3,0.0
2085043905,3,0.0
2085043915,3,0.0
2085043925,3,0.0
2085043935,3,0.0
2085043945,3,0.0
2085043955,3,0.0
2085043965,3,0.0
2085043975,3,0.0
2085043985,3,0.0
2085043995,3,0.0
2085044005,3,0.0
2085044015,3,0.0
2085044025,3,0.0
2085044035,3,0.0
2085044045,3,0.0
2085044055,3,0.0
2085044065,3,0.0
2085044075,3,0.0
2085044085,3,0.0
2085044095,3,0.0
2085044105,3,0.0
2085044115,3,0.0
2085044125,3,0.0
2085044135,3,0.0
2085044145,3,0.0
2085044155,3,0.0
2085044165,3,0.0
2085044175,3,0.0
2085044185,3,0.0
2085044195,3,0.0
2085044205,3,0.0
2085044215,3,0.0
2085044225,3,0.0
2085044235,3,0.0
2085044245,3,0.0
2085044255,3,0.0
2085044265,3,0.0
2085044275,3,0.0
2085044285,3,0.0
2085044295,3,0.0
2085044305,3,0.0
2085044315,3,0.0
2085044325,3,0.0
2085044335,3,0.0
2085044345,3,1.0
2085044355,3,1.0
2085044365,3,1.0
2085044375,3,1.0
2085044385,3,1.0
2085044395,3,2.0
2085044405,3,2.0
2085044415,3,2.0
2085044425,3,2.0
2085044435,3,2.0
2085044445,3,2.0
2085044455,3,2.0
2085044465,3,2.0
2085044475,3,2.0
2085044485,3,2.0
2085044495,3,5.0
2085044505,3,5.0
2085044515,3,5.0
2085044525,3,5.0
2085044535,3,5.0
2085044545,3,13.0
2085044555,3,13.0
2085044565,3,13.0
2085044575,3,13.0
2085044585,3,13.0
2085044595,3,13.0
2085044605,3,19.0
2085044615,3,19.0
2085044625,3,19.0
2085044635,3,19.0
2085044645,3,19.0
2085044655,3,17.0
2085044665,3,17.0
2085044675,3,17.0
2085044685,3,17.0
2085044695,3,17.0
2085044705,3,39.0
2085044715,3,39.0
2085044725,3,39.0
2085044735,3,39.0
2085044745,3,39.0
2085044755,3,43.0
2085044765,3,43.0
2085044775,3,43.0
2085044785,3,43.0
2085044795,3,43.0
2085044805,3,49.0
2085044815,3,49.0
2085044825,3,49.0
2085044835,3,49.0
2085044845,3,49.0
2085044855,3,49.0
2085044865,3,120.0
2085044875,3,120.0
2085044885,3,120.0
2085044895,3,120.0
2085044905,3,120.0
2085044915,3,460.0
2085044925,3,460.0
2085044935,3,460.0
2085044945,3,460.0
2085044955,3,460.0
2085044965,3,509.0
2085044975,3,509.0
2085044985,3,509.0
2085044995,3,509.0
2085045005,3,509.0
2085045015,3,517.0
2085045025,3,517.0
2085045035,3,517.0
2085045045,3,517.0
2085045055,3,517.0
2085045065,3,520.0
2085045075,3,520.0
2085045085,3,520.0
2085045095,3,520.0
2085045105,3,520.0
2085045115,3,504.0
2085045125,3,504.0
2085045135,3,504.0
2085045145,3,504.0
2085045155,3,504.0
2085045165,3,757.0
2085045175,3,757.0
2085045185,3,757.0
2085045195,3,757.0
2085045205,3,757.0
2085045215,3,757.0
2085045225,3,1978.0
2085045235,3,1978.0
2085045245,3,1978.0
2085045255,3,1978.0
2085045265,3,1978.0
2085045275,3,3394.0
2085045285,3,3394.0
2085045295,3,3394.0
2085045305,3,3394.0
2085045315,3,3394.0
2085045325,3,5439.0
2085045335,3,5439.0
2085045345,3,5439.0
2085045355,3,5439.0
2085045365,3,5439.0
2085045375,3,5956.0
2085045385,3,5956.0
2085045395,3,5956.0
2085045405,3,5956.0
2085045415,3,5956.0
2085045425,3,5659.0
2085045435,3,5659.0
2085045445,3,5659.0
2085045455,3,5659.0
2085045465,3,5659.0
2085045475,3,4768.0
2085045485,3,4768.0
2085045495,3,4768.0
2085045505,3,4768.0
2085045515,3,4768.0
2085045525,3,4768.0
2085045535,3,3965.0
2085045545,3,3965.0
2085045555,3,3965.0
2085045565,3,3965.0
2085045575,3,3965.0
2085045585,3,4040.0
2085045595,3,4040.0
2085045605,3,4040.0
2085045615,3,4040.0
2085045625,3,4040.0
2085045635,3,4324.0
2085045645,3,4324.0
2085045655,3,4324.0
2085045665,3,4324.0
2085045675,3,4324.0
2085045685,3,3868.0
2085045695,3,3868.0
2085045705,3,3868.0
2085045715,3,3868.0
2085045725,3,3868.0
2085045735,3,3462.0
2085045745,3,3462.0
2085045755,3,3462.0
2085045765,3,3462.0
2085045775,3,3462.0
2085045785,3,3643.0
2085045795,3,3643.0
2085045805,3,3643.0
2085045815,3,3643.0
2085045825,3,3643.0
2085045835,3,3643.0
2085045845,3,4372.0
2085045855,3,4372.0
2085045865,3,4372.0
2085045875,3,4372.0
2085045885,3,4372.0
2085045895,3,5336.0
2085045905,3,5336.0
2085045915,3,5336.0
2085045925,3,5336.0
2085045935,3,5336.0
2085045945,3,5982.0
2085045955,3,5982.0
2085045965,3,5982.0
2085045975,3,5982.0
2085045985,3,5982.0
2085045995,3,6047.0
2085046005,3,6047.0
2085046015,3,6047.0
2085046025,3,6047.0
2085046035,3,6047.0
2085046045,3,5714.0
2085046055,3,5714.0
2085046065,3,5714.0
2085046075,3,5714.0
2085046085,3,5714.0
2085046095,3,5205.0
2085046105,3,5205.0
2085046115,3,5205.0
2085046125,3,5205.0
2085046135,3,5205.0
2085046145,3,4669.0
2085046155,3,4669.0
2085046165,3,4669.0
2085046175,3,4669.0
2085046185,3,4669.0
2085046195,3,4669.0
2085046205,3,4366.0
2085046215,3,4366.0
2085046225,3,4366.0
2085046235,3,4366.0
2085046245,3,4366.0
2085046255,3,4199.0
2085046265,3,4199.0
2085046275,3,4199.0
2085046285,3,4199.0
2085046295,3,4199.0
2085046305,3,4088.0
2085046315,3,4088.0
2085046325,3,4088.0
2085046335,3,4088.0
2085046345,3,4088.0
2085046355,3,4025.0
2085046365,3,4025.0
2085046375,3,4025.0
2085046385,3,4025.0
2085046395,3,4025.0
2085046405,3,3913.0
2085046415,3,3913.0
2085046425,3,3913.0
2085046435,3,3913.0
2085046445,3,3913.0
2085046455,3,3821.0
2085046465,3,3821.0
2085046475,3,3821.0
2085046485,3,3821.0
2085046495,3,3821.0
2085046505,3,3821.0
2085046515,3,3888.0
2085046525,3,3888.0
2085046535,3,3888.0
2085046545,3,3888.0
2085046555,3,3888.0
2085046565,3,4082.0
2085046575,3,4082.0
2085046585,3,4082.0
2085046595,3,4082.0
2085046605,3,4082.0
2085046615,3,4356.0
2085046625,3,4356.0
2085046635,3,4356.0
2085046645,3,4356.0
2085046655,3,4356.0
2085046665,3,4624.0
2085046675,3,4624.0
2085046685,3,4624.0
2085046695,3,4624.0
2085046705,3,4624.0
2085046715,3,4808.0
2085046725,3,4808.0
2085046735,3,4808.0
2085046745,3,4808.0
2085046755,3,4808.0
2085046765,3,4891.0
2085046775,3,4891.0
2085046785,3,4891.0
2085046795,3,4891.0
2085046805,3,4891.0
2085046815,3,4891.0
2085046825,3,4907.0
2085046835,3,4907.0
2085046845,3,4907.0
2085046855,3,4907.0
2085046865,3,4907.0
2085046875,3,4899.0
2085046885,3,4899.0
2085046895,3,4899.0
2085046905,3,4899.0
2085046915,3,4899.0
2085046925,3,4847.0
2085046935,3,4847.0
2085046945,3,4847.0
2085046955,3,4847.0
2085046965,3,4847.0
2085046975,3,4635.0
2085046985,3,4635.0
2085046995,3,4635.0
2085047005,3,4635.0
2085047015,3,4635.0
2085047025,3,4546.0
2085047035,3,4546.0
2085047045,3,4546.0
2085047055,3,4546.0
2085047065,3,4546.0
2085047075,3,4648.0
2085047085,3,4648.0
2085047095,3,4648.0
2085047105,3,4648.0
2085047115,3,4648.0
2085047125,3,4648.0
2085047135,3,4749.0
2085047145,3,4749.0
2085047155,3,4749.0
